timestamp;(0,34);(14,17);(25,24);(8,13);(8,22);(14,10);(14,11);(28,27);(28,29);(28,30);(2,3);(2,32);(5,4);(9,12);(23,15);(23,19);(23,20);(18,21);(6,7);(2,16);(25,26);(33,1);(33,31);(34,9);(9,18);(18,2);(2,5);(5,23);(23,25);(25,28);(28,14);(14,8);(8,6);(6,33);(33,34);(25,25.1);(8,8.1);(14,14.1);(28,28.1);(2,2.1);(5,5.1);(9,9.1);(23,23.1);(18,18.1);(6,6.1);(33,33.1);(34,34.1)
1763508705.7356849;0.00;0.00;0.00;0.00;0.00;0.00;0.00;0.00;0.00;0.00;0.00;32.33;0.00;0.00;0.00;0.00;0.00;0.00;0.00;0.00;0.00;0.00;0.00;0.00;230.00;80.00;0.00;0.00;0.00;0.00;0.00;0.00;0.00;0.00;0.00;0.00;0.00;0.00;0.00;112.33;0.00;0.00;0.00;310.00;0.00;0.00;0.00
1763508705.736223;0.00;0.00;0.00;0.00;0.00;0.00;0.00;0.00;0.00;0.00;0.00;32.33;0.00;0.00;0.00;0.00;0.00;0.00;0.00;0.00;0.00;0.00;0.00;0.00;230.00;80.00;0.00;0.00;0.00;0.00;0.00;0.00;0.00;0.00;0.00;0.00;0.00;0.00;0.00;112.33;0.00;0.00;0.00;310.00;0.00;0.00;0.00
1763508705.7623012;0.00;0.00;0.00;0.00;0.00;0.00;0.00;0.00;0.00;0.00;0.00;112.33;0.00;0.00;0.00;0.00;0.00;0.00;0.00;0.00;0.00;0.00;0.00;0.00;230.00;80.00;80.00;80.00;80.00;80.00;80.00;150.00;150.00;150.00;150.00;0.00;0.00;230.00;0.00;112.33;0.00;0.00;0.00;310.00;0.00;0.00;150.00
1763508705.763036;0.00;0.00;0.00;0.00;0.00;0.00;0.00;0.00;0.00;0.00;0.00;112.33;0.00;0.00;0.00;0.00;0.00;0.00;0.00;0.00;0.00;0.00;0.00;0.00;230.00;80.00;80.00;80.00;80.00;80.00;80.00;150.00;150.00;150.00;150.00;0.00;0.00;230.00;0.00;112.33;0.00;0.00;0.00;310.00;0.00;0.00;150.00
1763508705.7871606;0.00;0.00;0.00;0.00;0.00;0.00;0.00;0.00;0.00;0.00;0.00;257.00;0.00;0.00;0.00;0.00;0.00;0.00;0.00;0.00;0.00;0.00;0.00;384.67;614.67;294.67;310.00;80.00;80.00;80.00;80.00;150.00;150.00;150.00;460.00;0.00;0.00;230.00;0.00;112.33;0.00;0.00;0.00;780.00;0.00;310.00;524.67
1763508705.7879238;0.00;0.00;0.00;0.00;0.00;0.00;0.00;0.00;0.00;0.00;0.00;257.00;0.00;0.00;0.00;0.00;0.00;0.00;0.00;0.00;0.00;0.00;0.00;384.67;614.67;294.67;310.00;80.00;80.00;80.00;80.00;150.00;150.00;150.00;460.00;0.00;0.00;230.00;0.00;112.33;0.00;0.00;0.00;780.00;0.00;310.00;524.67
1763508705.8123407;0.00;0.00;0.00;0.00;0.00;0.00;0.00;0.00;0.00;0.00;0.00;401.67;0.00;0.00;0.00;0.00;0.00;0.00;0.00;0.00;0.00;0.00;0.00;544.67;1004.67;534.67;534.67;80.00;80.00;80.00;80.00;150.00;150.00;150.00;460.00;0.00;0.00;230.00;0.00;432.33;224.67;0.00;0.00;930.00;0.00;310.00;684.67
1763508705.8127708;0.00;0.00;0.00;0.00;0.00;0.00;0.00;0.00;0.00;0.00;0.00;401.67;0.00;0.00;0.00;0.00;0.00;0.00;0.00;0.00;0.00;0.00;0.00;544.67;1004.67;534.67;534.67;80.00;80.00;80.00;80.00;150.00;150.00;150.00;460.00;0.00;0.00;230.00;0.00;432.33;224.67;0.00;0.00;930.00;0.00;310.00;684.67
1763508705.8362107;0.00;0.00;0.00;0.00;0.00;0.00;0.00;0.00;0.00;0.00;0.00;481.67;0.00;0.00;0.00;0.00;0.00;0.00;0.00;0.00;0.00;0.00;0.00;544.67;1004.67;534.67;614.67;160.00;160.00;160.00;160.00;230.00;300.00;150.00;460.00;0.00;230.00;230.00;0.00;432.33;384.67;0.00;0.00;930.00;0.00;310.00;684.67
1763508705.8369696;0.00;0.00;0.00;0.00;0.00;0.00;0.00;0.00;0.00;0.00;0.00;481.67;0.00;0.00;0.00;0.00;0.00;0.00;0.00;0.00;0.00;0.00;0.00;544.67;1004.67;534.67;614.67;160.00;160.00;160.00;160.00;230.00;300.00;150.00;460.00;0.00;230.00;230.00;0.00;432.33;384.67;0.00;0.00;930.00;0.00;310.00;684.67
1763508705.858429;0.00;0.00;0.00;0.00;0.00;0.00;0.00;0.00;0.00;0.00;0.00;721.67;0.00;0.00;0.00;0.00;0.00;0.00;0.00;0.00;0.00;0.00;0.00;544.67;1004.67;534.67;854.67;390.00;390.00;390.00;160.00;230.00;300.00;150.00;460.00;0.00;230.00;230.00;230.00;432.33;694.67;0.00;0.00;930.00;0.00;310.00;684.67
1763508705.8588793;0.00;0.00;0.00;0.00;0.00;0.00;0.00;0.00;0.00;0.00;0.00;721.67;0.00;0.00;0.00;0.00;0.00;0.00;0.00;0.00;0.00;0.00;0.00;544.67;1004.67;534.67;854.67;390.00;390.00;390.00;160.00;230.00;300.00;150.00;460.00;0.00;230.00;230.00;230.00;432.33;694.67;0.00;0.00;930.00;0.00;310.00;684.67
1763508730.7307756;0.00;0.00;0.00;0.00;0.00;0.00;0.00;0.00;80.00;0.00;0.00;721.67;0.00;0.00;0.00;0.00;0.00;0.00;0.00;0.00;0.00;0.00;0.00;544.67;1004.67;534.67;934.67;470.00;470.00;470.00;160.00;230.00;300.00;150.00;460.00;0.00;230.00;230.00;230.00;582.33;694.67;0.00;0.00;930.00;0.00;310.00;684.67
1763508730.7315514;0.00;0.00;0.00;0.00;0.00;0.00;0.00;0.00;80.00;0.00;0.00;721.67;0.00;0.00;0.00;0.00;0.00;0.00;0.00;0.00;0.00;0.00;0.00;544.67;1004.67;534.67;934.67;470.00;470.00;470.00;160.00;230.00;300.00;150.00;460.00;0.00;230.00;230.00;230.00;582.33;694.67;0.00;0.00;930.00;0.00;310.00;684.67
1763508730.7633505;0.00;0.00;0.00;0.00;0.00;0.00;0.00;0.00;320.00;0.00;0.00;721.67;0.00;0.00;0.00;0.00;0.00;0.00;0.00;0.00;0.00;0.00;0.00;544.67;1004.67;534.67;1014.67;550.00;550.00;550.00;320.00;390.00;460.00;310.00;610.00;0.00;230.00;230.00;230.00;732.33;694.67;0.00;0.00;930.00;0.00;310.00;834.67
1763508730.764118;0.00;0.00;0.00;0.00;0.00;0.00;0.00;0.00;320.00;0.00;0.00;721.67;0.00;0.00;0.00;0.00;0.00;0.00;0.00;0.00;0.00;0.00;0.00;544.67;1004.67;534.67;1014.67;550.00;550.00;550.00;320.00;390.00;460.00;310.00;610.00;0.00;230.00;230.00;230.00;732.33;694.67;0.00;0.00;930.00;0.00;310.00;834.67
1763508730.790156;0.00;0.00;0.00;0.00;0.00;0.00;0.00;0.00;860.00;0.00;0.00;721.67;0.00;0.00;0.00;0.00;0.00;0.00;0.00;0.00;0.00;0.00;0.00;544.67;1004.67;534.67;1014.67;550.00;550.00;780.00;630.00;390.00;460.00;310.00;610.00;230.00;230.00;540.00;230.00;732.33;694.67;0.00;0.00;930.00;0.00;310.00;834.67
1763508730.7909303;0.00;0.00;0.00;0.00;0.00;0.00;0.00;0.00;860.00;0.00;0.00;721.67;0.00;0.00;0.00;0.00;0.00;0.00;0.00;0.00;0.00;0.00;0.00;544.67;1004.67;534.67;1014.67;550.00;550.00;780.00;630.00;390.00;460.00;310.00;610.00;230.00;230.00;540.00;230.00;732.33;694.67;0.00;0.00;930.00;0.00;310.00;834.67
1763508730.8201344;0.00;0.00;0.00;0.00;0.00;0.00;0.00;0.00;1100.00;0.00;0.00;721.67;0.00;0.00;0.00;0.00;0.00;0.00;0.00;0.00;0.00;0.00;0.00;544.67;1004.67;534.67;1164.67;700.00;630.00;860.00;790.00;550.00;620.00;460.00;760.00;230.00;230.00;540.00;230.00;882.33;694.67;0.00;0.00;930.00;310.00;310.00;984.67
1763508730.8208992;0.00;0.00;0.00;0.00;0.00;0.00;0.00;0.00;1100.00;0.00;0.00;721.67;0.00;0.00;0.00;0.00;0.00;0.00;0.00;0.00;0.00;0.00;0.00;544.67;1004.67;534.67;1164.67;700.00;630.00;860.00;790.00;550.00;620.00;460.00;760.00;230.00;230.00;540.00;230.00;882.33;694.67;0.00;0.00;930.00;310.00;310.00;984.67
1763508730.8498673;0.00;0.00;0.00;0.00;0.00;0.00;0.00;0.00;1340.00;0.00;0.00;721.67;0.00;0.00;0.00;0.00;0.00;0.00;0.00;0.00;0.00;0.00;0.00;854.67;1004.67;684.67;1314.67;850.00;780.00;940.00;950.00;710.00;780.00;620.00;920.00;460.00;230.00;540.00;230.00;882.33;694.67;310.00;0.00;1080.00;310.00;310.00;1134.67
1763508730.8506372;0.00;0.00;0.00;0.00;0.00;0.00;0.00;0.00;1340.00;0.00;0.00;721.67;0.00;0.00;0.00;0.00;0.00;0.00;0.00;0.00;0.00;0.00;0.00;854.67;1004.67;684.67;1314.67;850.00;780.00;940.00;950.00;710.00;780.00;620.00;920.00;460.00;230.00;540.00;230.00;882.33;694.67;310.00;0.00;1080.00;310.00;310.00;1134.67
1763508730.8830247;0.00;0.00;0.00;0.00;0.00;0.00;0.00;0.00;1580.00;0.00;0.00;721.67;0.00;0.00;0.00;0.00;0.00;0.00;0.00;0.00;0.00;0.00;0.00;854.67;1004.67;684.67;1394.67;1090.00;1020.00;1180.00;950.00;710.00;780.00;620.00;920.00;460.00;230.00;540.00;230.00;1032.33;854.67;310.00;0.00;1080.00;310.00;310.00;1134.67
1763508730.883802;0.00;0.00;0.00;0.00;0.00;0.00;0.00;0.00;1580.00;0.00;0.00;721.67;0.00;0.00;0.00;0.00;0.00;0.00;0.00;0.00;0.00;0.00;0.00;854.67;1004.67;684.67;1394.67;1090.00;1020.00;1180.00;950.00;710.00;780.00;620.00;920.00;460.00;230.00;540.00;230.00;1032.33;854.67;310.00;0.00;1080.00;310.00;310.00;1134.67
1763508748.7463186;0.00;0.00;0.00;0.00;0.00;0.00;0.00;0.00;1580.00;0.00;0.00;721.67;0.00;0.00;0.00;0.00;0.00;0.00;0.00;0.00;0.00;240.00;0.00;934.67;1154.67;684.67;1394.67;1090.00;1020.00;1180.00;950.00;1020.00;1090.00;930.00;1000.00;460.00;230.00;850.00;230.00;1032.33;854.67;310.00;0.00;1230.00;310.00;460.00;1134.67
1763508748.7471313;0.00;0.00;0.00;0.00;0.00;0.00;0.00;0.00;1580.00;0.00;0.00;721.67;0.00;0.00;0.00;0.00;0.00;0.00;0.00;0.00;0.00;240.00;0.00;934.67;1154.67;684.67;1394.67;1090.00;1020.00;1180.00;950.00;1020.00;1090.00;930.00;1000.00;460.00;230.00;850.00;230.00;1032.33;854.67;310.00;0.00;1230.00;310.00;460.00;1134.67
1763508748.779549;0.00;0.00;0.00;0.00;0.00;0.00;0.00;0.00;1580.00;0.00;0.00;721.67;0.00;0.00;0.00;0.00;0.00;0.00;0.00;0.00;0.00;320.00;0.00;1014.67;1304.67;684.67;1394.67;1090.00;1020.00;1180.00;950.00;1020.00;1090.00;930.00;1080.00;460.00;230.00;850.00;230.00;1032.33;854.67;310.00;0.00;1380.00;310.00;460.00;1134.67
1763508748.7803597;0.00;0.00;0.00;0.00;0.00;0.00;0.00;0.00;1580.00;0.00;0.00;721.67;0.00;0.00;0.00;0.00;0.00;0.00;0.00;0.00;0.00;320.00;0.00;1014.67;1304.67;684.67;1394.67;1090.00;1020.00;1180.00;950.00;1020.00;1090.00;930.00;1080.00;460.00;230.00;850.00;230.00;1032.33;854.67;310.00;0.00;1380.00;310.00;460.00;1134.67
1763508748.811619;0.00;0.00;0.00;0.00;0.00;0.00;0.00;0.00;1580.00;0.00;0.00;721.67;0.00;0.00;0.00;0.00;0.00;0.00;0.00;0.00;0.00;400.00;0.00;1094.67;1454.67;684.67;1394.67;1090.00;1020.00;1180.00;950.00;1020.00;1090.00;930.00;1160.00;460.00;230.00;850.00;230.00;1032.33;854.67;310.00;0.00;1530.00;310.00;460.00;1134.67
1763508748.8124468;0.00;0.00;0.00;0.00;0.00;0.00;0.00;0.00;1580.00;0.00;0.00;721.67;0.00;0.00;0.00;0.00;0.00;0.00;0.00;0.00;0.00;400.00;0.00;1094.67;1454.67;684.67;1394.67;1090.00;1020.00;1180.00;950.00;1020.00;1090.00;930.00;1160.00;460.00;230.00;850.00;230.00;1032.33;854.67;310.00;0.00;1530.00;310.00;460.00;1134.67
1763508748.8454359;0.00;0.00;0.00;0.00;0.00;0.00;0.00;0.00;1580.00;0.00;0.00;721.67;0.00;0.00;0.00;0.00;0.00;0.00;0.00;0.00;0.00;640.00;0.00;1334.67;1754.67;684.67;1394.67;1090.00;1020.00;1180.00;950.00;1020.00;1090.00;930.00;1400.00;460.00;230.00;850.00;230.00;1032.33;854.67;310.00;0.00;1830.00;310.00;460.00;1134.67
1763508748.8462553;0.00;0.00;0.00;0.00;0.00;0.00;0.00;0.00;1580.00;0.00;0.00;721.67;0.00;0.00;0.00;0.00;0.00;0.00;0.00;0.00;0.00;640.00;0.00;1334.67;1754.67;684.67;1394.67;1090.00;1020.00;1180.00;950.00;1020.00;1090.00;930.00;1400.00;460.00;230.00;850.00;230.00;1032.33;854.67;310.00;0.00;1830.00;310.00;460.00;1134.67
1763508748.877525;0.00;0.00;0.00;0.00;0.00;0.00;0.00;0.00;1580.00;0.00;0.00;721.67;0.00;0.00;0.00;0.00;0.00;0.00;0.00;0.00;0.00;880.00;0.00;1334.67;1754.67;684.67;1394.67;1240.00;1170.00;1410.00;1180.00;1260.00;1330.00;1170.00;1400.00;610.00;230.00;1160.00;230.00;1032.33;1004.67;310.00;0.00;1830.00;310.00;460.00;1134.67
1763508748.8783295;0.00;0.00;0.00;0.00;0.00;0.00;0.00;0.00;1580.00;0.00;0.00;721.67;0.00;0.00;0.00;0.00;0.00;0.00;0.00;0.00;0.00;880.00;0.00;1334.67;1754.67;684.67;1394.67;1240.00;1170.00;1410.00;1180.00;1260.00;1330.00;1170.00;1400.00;610.00;230.00;1160.00;230.00;1032.33;1004.67;310.00;0.00;1830.00;310.00;460.00;1134.67
1763508748.9148464;0.00;0.00;0.00;0.00;0.00;0.00;0.00;0.00;1580.00;0.00;0.00;721.67;0.00;0.00;0.00;0.00;0.00;0.00;0.00;0.00;0.00;960.00;0.00;1414.67;1834.67;764.67;1394.67;1240.00;1170.00;1410.00;1180.00;1260.00;1330.00;1170.00;1480.00;610.00;230.00;1160.00;230.00;1182.33;1004.67;310.00;0.00;1830.00;310.00;460.00;1134.67
1763508748.915663;0.00;0.00;0.00;0.00;0.00;0.00;0.00;0.00;1580.00;0.00;0.00;721.67;0.00;0.00;0.00;0.00;0.00;0.00;0.00;0.00;0.00;960.00;0.00;1414.67;1834.67;764.67;1394.67;1240.00;1170.00;1410.00;1180.00;1260.00;1330.00;1170.00;1480.00;610.00;230.00;1160.00;230.00;1182.33;1004.67;310.00;0.00;1830.00;310.00;460.00;1134.67
1763508777.750076;0.00;0.00;0.00;0.00;0.00;0.00;0.00;0.00;1580.00;80.00;0.00;721.67;0.00;0.00;0.00;0.00;0.00;0.00;0.00;0.00;0.00;960.00;0.00;1414.67;1834.67;764.67;1394.67;1390.00;1250.00;1490.00;1180.00;1260.00;1330.00;1170.00;1480.00;610.00;230.00;1160.00;230.00;1182.33;1154.67;310.00;0.00;1830.00;310.00;460.00;1134.67
1763508777.750592;0.00;0.00;0.00;0.00;0.00;0.00;0.00;0.00;1580.00;80.00;0.00;721.67;0.00;0.00;0.00;0.00;0.00;0.00;0.00;0.00;0.00;960.00;0.00;1414.67;1834.67;764.67;1394.67;1390.00;1250.00;1490.00;1180.00;1260.00;1330.00;1170.00;1480.00;610.00;230.00;1160.00;230.00;1182.33;1154.67;310.00;0.00;1830.00;310.00;460.00;1134.67
1763508777.7709653;0.00;0.00;0.00;0.00;0.00;0.00;0.00;0.00;1580.00;470.00;0.00;721.67;0.00;0.00;0.00;0.00;0.00;0.00;0.00;0.00;0.00;960.00;0.00;1414.67;1834.67;764.67;1394.67;1390.00;1250.00;1720.00;1340.00;1420.00;1490.00;1320.00;1630.00;610.00;230.00;1160.00;230.00;1182.33;1154.67;310.00;0.00;1830.00;310.00;460.00;1284.67
1763508777.7715046;0.00;0.00;0.00;0.00;0.00;0.00;0.00;0.00;1580.00;470.00;0.00;721.67;0.00;0.00;0.00;0.00;0.00;0.00;0.00;0.00;0.00;960.00;0.00;1414.67;1834.67;764.67;1394.67;1390.00;1250.00;1720.00;1340.00;1420.00;1490.00;1320.00;1630.00;610.00;230.00;1160.00;230.00;1182.33;1154.67;310.00;0.00;1830.00;310.00;460.00;1284.67
1763508777.7921371;0.00;0.00;0.00;0.00;0.00;0.00;0.00;0.00;1580.00;700.00;0.00;721.67;0.00;0.00;0.00;0.00;0.00;0.00;0.00;0.00;0.00;960.00;0.00;1414.67;1834.67;764.67;1394.67;1390.00;1250.00;1720.00;1570.00;1420.00;1490.00;1320.00;1630.00;610.00;230.00;1160.00;230.00;1182.33;1154.67;310.00;0.00;1830.00;310.00;460.00;1284.67
1763508777.7926397;0.00;0.00;0.00;0.00;0.00;0.00;0.00;0.00;1580.00;700.00;0.00;721.67;0.00;0.00;0.00;0.00;0.00;0.00;0.00;0.00;0.00;960.00;0.00;1414.67;1834.67;764.67;1394.67;1390.00;1250.00;1720.00;1570.00;1420.00;1490.00;1320.00;1630.00;610.00;230.00;1160.00;230.00;1182.33;1154.67;310.00;0.00;1830.00;310.00;460.00;1284.67
1763508777.8124666;0.00;0.00;0.00;0.00;0.00;0.00;0.00;0.00;1580.00;940.00;0.00;721.67;0.00;0.00;0.00;0.00;0.00;0.00;0.00;0.00;0.00;960.00;0.00;1414.67;1834.67;764.67;1704.67;1550.00;1410.00;1880.00;1800.00;1420.00;1490.00;1320.00;1630.00;610.00;230.00;1160.00;380.00;1492.33;1304.67;310.00;0.00;1830.00;310.00;460.00;1284.67
1763508777.812971;0.00;0.00;0.00;0.00;0.00;0.00;0.00;0.00;1580.00;940.00;0.00;721.67;0.00;0.00;0.00;0.00;0.00;0.00;0.00;0.00;0.00;960.00;0.00;1414.67;1834.67;764.67;1704.67;1550.00;1410.00;1880.00;1800.00;1420.00;1490.00;1320.00;1630.00;610.00;230.00;1160.00;380.00;1492.33;1304.67;310.00;0.00;1830.00;310.00;460.00;1284.67
1763508777.8324268;0.00;0.00;0.00;0.00;0.00;0.00;0.00;0.00;1580.00;1180.00;0.00;721.67;0.00;0.00;0.00;0.00;0.00;0.00;0.00;0.00;0.00;960.00;0.00;1414.67;1834.67;764.67;1704.67;1700.00;1490.00;1960.00;1960.00;1580.00;1650.00;1470.00;1780.00;610.00;230.00;1160.00;380.00;1492.33;1454.67;310.00;0.00;1830.00;310.00;460.00;1434.67
1763508777.8329422;0.00;0.00;0.00;0.00;0.00;0.00;0.00;0.00;1580.00;1180.00;0.00;721.67;0.00;0.00;0.00;0.00;0.00;0.00;0.00;0.00;0.00;960.00;0.00;1414.67;1834.67;764.67;1704.67;1700.00;1490.00;1960.00;1960.00;1580.00;1650.00;1470.00;1780.00;610.00;230.00;1160.00;380.00;1492.33;1454.67;310.00;0.00;1830.00;310.00;460.00;1434.67
1763508777.8530488;0.00;0.00;0.00;0.00;0.00;0.00;0.00;0.00;1580.00;1410.00;0.00;721.67;0.00;0.00;0.00;0.00;0.00;0.00;0.00;0.00;0.00;960.00;0.00;1414.67;1834.67;764.67;1704.67;1700.00;1490.00;1960.00;2190.00;1580.00;1650.00;1470.00;1780.00;610.00;230.00;1160.00;380.00;1492.33;1454.67;310.00;0.00;1830.00;310.00;460.00;1434.67
1763508777.8535714;0.00;0.00;0.00;0.00;0.00;0.00;0.00;0.00;1580.00;1410.00;0.00;721.67;0.00;0.00;0.00;0.00;0.00;0.00;0.00;0.00;0.00;960.00;0.00;1414.67;1834.67;764.67;1704.67;1700.00;1490.00;1960.00;2190.00;1580.00;1650.00;1470.00;1780.00;610.00;230.00;1160.00;380.00;1492.33;1454.67;310.00;0.00;1830.00;310.00;460.00;1434.67
1763508783.2250102;0.00;0.00;0.00;0.00;0.00;0.00;0.00;390.00;1500.00;1410.00;0.00;721.67;0.00;0.00;0.00;0.00;0.00;0.00;0.00;0.00;0.00;960.00;0.00;1414.67;1834.67;764.67;1784.67;1780.00;1570.00;2040.00;2190.00;1580.00;1650.00;1470.00;1780.00;610.00;230.00;1160.00;380.00;1502.33;1454.67;310.00;0.00;1830.00;310.00;460.00;1434.67
1763508783.2258554;0.00;0.00;0.00;0.00;0.00;0.00;0.00;390.00;1500.00;1410.00;0.00;721.67;0.00;0.00;0.00;0.00;0.00;0.00;0.00;0.00;0.00;960.00;0.00;1414.67;1834.67;764.67;1784.67;1780.00;1570.00;2040.00;2190.00;1580.00;1650.00;1470.00;1780.00;610.00;230.00;1160.00;380.00;1502.33;1454.67;310.00;0.00;1830.00;310.00;460.00;1434.67
1763508788.2327378;0.00;0.00;0.00;0.00;0.00;0.00;0.00;390.00;1500.00;1410.00;0.00;497.00;0.00;0.00;0.00;0.00;0.00;97.00;0.00;0.00;0.00;960.00;0.00;1254.67;1444.67;621.67;1870.00;1700.00;1490.00;1960.00;2110.00;1430.00;1500.00;1320.00;1630.00;610.00;230.00;930.00;380.00;1669.33;1380.00;310.00;0.00;1680.00;310.00;460.00;1124.67
1763508788.2335932;0.00;0.00;0.00;0.00;0.00;0.00;0.00;390.00;1500.00;1410.00;0.00;497.00;0.00;0.00;0.00;0.00;0.00;97.00;0.00;0.00;0.00;960.00;0.00;1254.67;1444.67;621.67;1870.00;1700.00;1490.00;1960.00;2110.00;1430.00;1500.00;1320.00;1630.00;610.00;230.00;930.00;380.00;1669.33;1380.00;310.00;0.00;1680.00;310.00;460.00;1124.67
1763508788.2520916;0.00;0.00;0.00;0.00;0.00;0.00;0.00;390.00;1500.00;1410.00;0.00;497.00;0.00;0.00;0.00;0.00;0.00;129.33;0.00;0.00;0.00;960.00;0.00;1254.67;1444.67;654.00;2052.33;1700.00;1490.00;1960.00;2110.00;1430.00;1500.00;1320.00;1630.00;610.00;230.00;930.00;380.00;1819.33;1492.33;310.00;0.00;1680.00;310.00;460.00;1124.67
1763508788.2525811;0.00;0.00;0.00;0.00;0.00;0.00;0.00;390.00;1500.00;1410.00;0.00;497.00;0.00;0.00;0.00;0.00;0.00;129.33;0.00;0.00;0.00;960.00;0.00;1254.67;1444.67;654.00;2052.33;1700.00;1490.00;1960.00;2110.00;1430.00;1500.00;1320.00;1630.00;610.00;230.00;930.00;380.00;1819.33;1492.33;310.00;0.00;1680.00;310.00;460.00;1124.67
1763508793.2386682;0.00;0.00;0.00;0.00;0.00;0.00;0.00;684.67;720.00;1410.00;0.00;177.00;0.00;0.00;0.00;0.00;0.00;129.33;0.00;0.00;0.00;960.00;0.00;1254.67;1444.67;804.00;1812.33;1214.67;1004.67;1244.67;1720.00;1350.00;1350.00;1320.00;1630.00;380.00;0.00;620.00;380.00;1669.33;1087.00;310.00;0.00;1830.00;310.00;460.00;1124.67
1763508793.2395012;0.00;0.00;0.00;0.00;0.00;0.00;0.00;684.67;720.00;1410.00;0.00;177.00;0.00;0.00;0.00;0.00;0.00;129.33;0.00;0.00;0.00;960.00;0.00;1254.67;1444.67;804.00;1812.33;1214.67;1004.67;1244.67;1720.00;1350.00;1350.00;1320.00;1630.00;380.00;0.00;620.00;380.00;1669.33;1087.00;310.00;0.00;1830.00;310.00;460.00;1124.67
1763508793.3893943;0.00;0.00;0.00;0.00;0.00;0.00;0.00;914.67;720.00;1410.00;0.00;177.00;0.00;0.00;0.00;0.00;0.00;129.33;0.00;0.00;0.00;960.00;0.00;1254.67;1444.67;804.00;1812.33;1214.67;1004.67;1244.67;1720.00;1350.00;1350.00;1320.00;1630.00;380.00;0.00;620.00;380.00;1669.33;1087.00;310.00;0.00;1830.00;310.00;460.00;1124.67
1763508793.3907046;0.00;0.00;0.00;0.00;0.00;0.00;0.00;914.67;720.00;1410.00;0.00;177.00;0.00;0.00;0.00;0.00;0.00;129.33;0.00;0.00;0.00;960.00;0.00;1254.67;1444.67;804.00;1812.33;1214.67;1004.67;1244.67;1720.00;1350.00;1350.00;1320.00;1630.00;380.00;0.00;620.00;380.00;1669.33;1087.00;310.00;0.00;1830.00;310.00;460.00;1124.67
1763508793.4218369;0.00;0.00;0.00;0.00;0.00;0.00;0.00;914.67;720.00;1410.00;0.00;177.00;0.00;0.00;0.00;0.00;0.00;226.33;0.00;0.00;0.00;960.00;0.00;1479.34;1659.34;836.33;1844.66;1214.67;1004.67;1244.67;1720.00;1350.00;1350.00;1320.00;1630.00;380.00;0.00;620.00;380.00;1669.33;1349.33;620.00;0.00;1980.00;310.00;460.00;1349.34
1763508793.4226592;0.00;0.00;0.00;0.00;0.00;0.00;0.00;914.67;720.00;1410.00;0.00;177.00;0.00;0.00;0.00;0.00;0.00;226.33;0.00;0.00;0.00;960.00;0.00;1479.34;1659.34;836.33;1844.66;1214.67;1004.67;1244.67;1720.00;1350.00;1350.00;1320.00;1630.00;380.00;0.00;620.00;380.00;1669.33;1349.33;620.00;0.00;1980.00;310.00;460.00;1349.34
1763508793.453185;0.00;0.00;0.00;0.00;0.00;0.00;0.00;914.67;720.00;1410.00;0.00;177.00;0.00;0.00;0.00;0.00;0.00;258.66;0.00;0.00;0.00;960.00;0.00;1479.34;1659.34;868.66;1876.99;1364.67;1004.67;1244.67;1720.00;1350.00;1350.00;1320.00;1630.00;380.00;0.00;620.00;380.00;1669.33;1461.66;620.00;150.00;1980.00;310.00;460.00;1349.34
1763508793.454011;0.00;0.00;0.00;0.00;0.00;0.00;0.00;914.67;720.00;1410.00;0.00;177.00;0.00;0.00;0.00;0.00;0.00;258.66;0.00;0.00;0.00;960.00;0.00;1479.34;1659.34;868.66;1876.99;1364.67;1004.67;1244.67;1720.00;1350.00;1350.00;1320.00;1630.00;380.00;0.00;620.00;380.00;1669.33;1461.66;620.00;150.00;1980.00;310.00;460.00;1349.34
1763508798.2321775;0.00;0.00;0.00;0.00;0.00;0.00;0.00;914.67;720.00;1410.00;0.00;144.67;0.00;0.00;0.00;0.00;0.00;450.99;0.00;0.00;0.00;960.00;0.00;1639.34;1589.34;980.99;2106.99;1364.67;1004.67;1244.67;1720.00;1350.00;1350.00;1320.00;1630.00;380.00;0.00;620.00;380.00;1819.33;1461.66;620.00;150.00;1830.00;310.00;460.00;1499.34
1763508798.2326813;0.00;0.00;0.00;0.00;0.00;0.00;0.00;914.67;720.00;1410.00;0.00;144.67;0.00;0.00;0.00;0.00;0.00;450.99;0.00;0.00;0.00;960.00;0.00;1639.34;1589.34;980.99;2106.99;1364.67;1004.67;1244.67;1720.00;1350.00;1350.00;1320.00;1630.00;380.00;0.00;620.00;380.00;1819.33;1461.66;620.00;150.00;1830.00;310.00;460.00;1499.34
1763508799.7649264;0.00;0.00;0.00;0.00;0.00;0.00;0.00;914.67;720.00;1410.00;0.00;144.67;0.00;0.00;0.00;0.00;0.00;450.99;0.00;0.00;0.00;992.33;0.00;1869.34;1589.34;980.99;2106.99;1364.67;1004.67;1244.67;1720.00;1350.00;1350.00;1320.00;1710.00;380.00;0.00;620.00;380.00;1819.33;1461.66;620.00;150.00;1830.00;310.00;572.33;1809.34
1763508799.7654052;0.00;0.00;0.00;0.00;0.00;0.00;0.00;914.67;720.00;1410.00;0.00;144.67;0.00;0.00;0.00;0.00;0.00;450.99;0.00;0.00;0.00;992.33;0.00;1869.34;1589.34;980.99;2106.99;1364.67;1004.67;1244.67;1720.00;1350.00;1350.00;1320.00;1710.00;380.00;0.00;620.00;380.00;1819.33;1461.66;620.00;150.00;1830.00;310.00;572.33;1809.34
1763508799.800811;0.00;0.00;0.00;0.00;0.00;0.00;0.00;914.67;720.00;1410.00;0.00;144.67;0.00;0.00;0.00;0.00;0.00;450.99;0.00;0.00;0.00;1232.33;0.00;2259.34;1739.34;980.99;2106.99;1364.67;1004.67;1244.67;1720.00;1350.00;1350.00;1320.00;1950.00;380.00;0.00;620.00;380.00;1819.33;1461.66;930.00;150.00;1980.00;310.00;572.33;1959.34
1763508799.8016305;0.00;0.00;0.00;0.00;0.00;0.00;0.00;914.67;720.00;1410.00;0.00;144.67;0.00;0.00;0.00;0.00;0.00;450.99;0.00;0.00;0.00;1232.33;0.00;2259.34;1739.34;980.99;2106.99;1364.67;1004.67;1244.67;1720.00;1350.00;1350.00;1320.00;1950.00;380.00;0.00;620.00;380.00;1819.33;1461.66;930.00;150.00;1980.00;310.00;572.33;1959.34
1763508799.8299096;0.00;0.00;0.00;0.00;0.00;0.00;0.00;914.67;720.00;1410.00;0.00;144.67;0.00;0.00;0.00;0.00;0.00;450.99;0.00;0.00;0.00;1472.33;0.00;2259.34;1739.34;980.99;2256.99;1524.67;1164.67;1404.67;1880.00;1510.00;1740.00;1710.00;1950.00;380.00;230.00;620.00;380.00;1969.33;1771.66;930.00;150.00;1980.00;310.00;722.33;1959.34
1763508799.8304203;0.00;0.00;0.00;0.00;0.00;0.00;0.00;914.67;720.00;1410.00;0.00;144.67;0.00;0.00;0.00;0.00;0.00;450.99;0.00;0.00;0.00;1472.33;0.00;2259.34;1739.34;980.99;2256.99;1524.67;1164.67;1404.67;1880.00;1510.00;1740.00;1710.00;1950.00;380.00;230.00;620.00;380.00;1969.33;1771.66;930.00;150.00;1980.00;310.00;722.33;1959.34
1763508799.8681903;0.00;0.00;0.00;0.00;0.00;0.00;0.00;914.67;720.00;1410.00;0.00;144.67;0.00;0.00;0.00;0.00;0.00;450.99;0.00;0.00;0.00;1702.33;0.00;2259.34;1739.34;980.99;2256.99;1524.67;1164.67;1404.67;1880.00;1510.00;1820.00;1790.00;2100.00;380.00;310.00;620.00;380.00;1969.33;1771.66;930.00;150.00;1980.00;310.00;722.33;2109.34
1763508799.8690405;0.00;0.00;0.00;0.00;0.00;0.00;0.00;914.67;720.00;1410.00;0.00;144.67;0.00;0.00;0.00;0.00;0.00;450.99;0.00;0.00;0.00;1702.33;0.00;2259.34;1739.34;980.99;2256.99;1524.67;1164.67;1404.67;1880.00;1510.00;1820.00;1790.00;2100.00;380.00;310.00;620.00;380.00;1969.33;1771.66;930.00;150.00;1980.00;310.00;722.33;2109.34
1763508799.9066076;0.00;0.00;0.00;0.00;0.00;0.00;0.00;914.67;720.00;1410.00;0.00;144.67;0.00;0.00;0.00;0.00;0.00;450.99;0.00;0.00;0.00;1932.33;0.00;2259.34;1739.34;980.99;2256.99;1524.67;1164.67;1404.67;1880.00;1510.00;2050.00;2020.00;2100.00;380.00;540.00;620.00;380.00;1969.33;1771.66;930.00;150.00;1980.00;310.00;722.33;2109.34
1763508799.9074624;0.00;0.00;0.00;0.00;0.00;0.00;0.00;914.67;720.00;1410.00;0.00;144.67;0.00;0.00;0.00;0.00;0.00;450.99;0.00;0.00;0.00;1932.33;0.00;2259.34;1739.34;980.99;2256.99;1524.67;1164.67;1404.67;1880.00;1510.00;2050.00;2020.00;2100.00;380.00;540.00;620.00;380.00;1969.33;1771.66;930.00;150.00;1980.00;310.00;722.33;2109.34
1763508799.9475975;0.00;0.00;0.00;0.00;0.00;0.00;0.00;914.67;720.00;1410.00;0.00;144.67;0.00;0.00;0.00;0.00;0.00;450.99;0.00;0.00;0.00;1932.33;0.00;2259.34;1739.34;980.99;2256.99;1524.67;1164.67;1404.67;1880.00;1510.00;2050.00;2020.00;2100.00;380.00;540.00;620.00;380.00;1969.33;1771.66;930.00;150.00;1980.00;310.00;722.33;2109.34
1763508799.9481082;0.00;0.00;0.00;0.00;0.00;0.00;0.00;914.67;720.00;1410.00;0.00;144.67;0.00;0.00;0.00;0.00;0.00;450.99;0.00;0.00;0.00;1932.33;0.00;2259.34;1739.34;980.99;2256.99;1524.67;1164.67;1404.67;1880.00;1510.00;2050.00;2020.00;2100.00;380.00;540.00;620.00;380.00;1969.33;1771.66;930.00;150.00;1980.00;310.00;722.33;2109.34
1763508821.7776794;0.00;0.00;0.00;0.00;0.00;0.00;0.00;914.67;720.00;1410.00;0.00;144.67;0.00;502.33;0.00;0.00;0.00;450.99;0.00;0.00;0.00;1932.33;0.00;2841.67;1819.34;1060.99;2336.99;1754.67;1394.67;1404.67;1880.00;1510.00;2050.00;2020.00;2100.00;380.00;540.00;620.00;380.00;1969.33;1921.66;930.00;150.00;1980.00;310.00;722.33;2259.34
1763508821.7785354;0.00;0.00;0.00;0.00;0.00;0.00;0.00;914.67;720.00;1410.00;0.00;144.67;0.00;502.33;0.00;0.00;0.00;450.99;0.00;0.00;0.00;1932.33;0.00;2841.67;1819.34;1060.99;2336.99;1754.67;1394.67;1404.67;1880.00;1510.00;2050.00;2020.00;2100.00;380.00;540.00;620.00;380.00;1969.33;1921.66;930.00;150.00;1980.00;310.00;722.33;2259.34
1763508821.8055162;0.00;0.00;0.00;0.00;0.00;0.00;0.00;914.67;720.00;1410.00;0.00;144.67;0.00;732.33;0.00;0.00;0.00;450.99;0.00;0.00;0.00;1932.33;0.00;3071.67;1819.34;1060.99;2336.99;1754.67;1394.67;1404.67;1880.00;1740.00;2280.00;2250.00;2330.00;380.00;540.00;850.00;380.00;1969.33;1921.66;930.00;150.00;1980.00;310.00;722.33;2259.34
1763508821.8060253;0.00;0.00;0.00;0.00;0.00;0.00;0.00;914.67;720.00;1410.00;0.00;144.67;0.00;732.33;0.00;0.00;0.00;450.99;0.00;0.00;0.00;1932.33;0.00;3071.67;1819.34;1060.99;2336.99;1754.67;1394.67;1404.67;1880.00;1740.00;2280.00;2250.00;2330.00;380.00;540.00;850.00;380.00;1969.33;1921.66;930.00;150.00;1980.00;310.00;722.33;2259.34
1763508821.8490274;0.00;0.00;0.00;0.00;0.00;0.00;0.00;914.67;720.00;1410.00;0.00;144.67;0.00;1224.66;0.00;0.00;0.00;450.99;0.00;0.00;0.00;1932.33;0.00;3451.67;1931.67;1173.32;2449.32;1754.67;1394.67;1404.67;1880.00;1970.00;2510.00;2480.00;2560.00;380.00;540.00;1080.00;380.00;1969.33;2033.99;930.00;150.00;1980.00;310.00;722.33;2409.34
1763508821.849859;0.00;0.00;0.00;0.00;0.00;0.00;0.00;914.67;720.00;1410.00;0.00;144.67;0.00;1224.66;0.00;0.00;0.00;450.99;0.00;0.00;0.00;1932.33;0.00;3451.67;1931.67;1173.32;2449.32;1754.67;1394.67;1404.67;1880.00;1970.00;2510.00;2480.00;2560.00;380.00;540.00;1080.00;380.00;1969.33;2033.99;930.00;150.00;1980.00;310.00;722.33;2409.34
1763508821.889932;0.00;0.00;0.00;0.00;0.00;0.00;0.00;914.67;720.00;1410.00;0.00;144.67;0.00;1556.99;0.00;0.00;0.00;450.99;0.00;0.00;0.00;1932.33;0.00;3751.67;1964.00;1205.65;2481.65;1834.67;1474.67;1484.67;1960.00;2120.00;2660.00;2630.00;2860.00;380.00;540.00;1080.00;380.00;1969.33;2146.32;930.00;150.00;1980.00;310.00;872.33;2409.34
1763508821.890796;0.00;0.00;0.00;0.00;0.00;0.00;0.00;914.67;720.00;1410.00;0.00;144.67;0.00;1556.99;0.00;0.00;0.00;450.99;0.00;0.00;0.00;1932.33;0.00;3751.67;1964.00;1205.65;2481.65;1834.67;1474.67;1484.67;1960.00;2120.00;2660.00;2630.00;2860.00;380.00;540.00;1080.00;380.00;1969.33;2146.32;930.00;150.00;1980.00;310.00;872.33;2409.34
1763508821.9309235;0.00;0.00;0.00;0.00;0.00;0.00;0.00;914.67;720.00;1410.00;0.00;144.67;0.00;1851.66;0.00;0.00;0.00;450.99;0.00;0.00;0.00;1932.33;0.00;4141.67;2188.67;1430.32;2706.32;1834.67;1474.67;1484.67;1960.00;2350.00;3200.00;3170.00;3400.00;380.00;540.00;1310.00;380.00;1969.33;2146.32;930.00;150.00;1980.00;310.00;872.33;2559.34
1763508821.9318342;0.00;0.00;0.00;0.00;0.00;0.00;0.00;914.67;720.00;1410.00;0.00;144.67;0.00;1851.66;0.00;0.00;0.00;450.99;0.00;0.00;0.00;1932.33;0.00;4141.67;2188.67;1430.32;2706.32;1834.67;1474.67;1484.67;1960.00;2350.00;3200.00;3170.00;3400.00;380.00;540.00;1310.00;380.00;1969.33;2146.32;930.00;150.00;1980.00;310.00;872.33;2559.34
1763508821.975946;0.00;0.00;0.00;0.00;0.00;0.00;0.00;914.67;720.00;1410.00;0.00;144.67;0.00;1948.66;0.00;0.00;0.00;450.99;0.00;0.00;0.00;1932.33;0.00;4404.00;2578.67;1510.32;2786.32;1914.67;1554.67;1564.67;2040.00;2500.00;3350.00;3320.00;3662.33;380.00;540.00;1540.00;380.00;1969.33;2146.32;930.00;150.00;2280.00;310.00;872.33;2559.34
1763508821.9767935;0.00;0.00;0.00;0.00;0.00;0.00;0.00;914.67;720.00;1410.00;0.00;144.67;0.00;1948.66;0.00;0.00;0.00;450.99;0.00;0.00;0.00;1932.33;0.00;4404.00;2578.67;1510.32;2786.32;1914.67;1554.67;1564.67;2040.00;2500.00;3350.00;3320.00;3662.33;380.00;540.00;1540.00;380.00;1969.33;2146.32;930.00;150.00;2280.00;310.00;872.33;2559.34
1763508823.2692928;0.00;0.00;0.00;0.00;0.00;0.00;0.00;994.67;720.00;1090.00;0.00;0.00;0.00;1948.66;0.00;0.00;0.00;450.99;0.00;0.00;0.00;1932.33;0.00;4019.33;2194.00;1295.65;2246.32;1684.67;1394.67;1404.67;1810.00;2500.00;3350.00;3320.00;3352.33;380.00;540.00;1540.00;230.00;1659.33;1996.32;930.00;150.00;1810.00;310.00;562.33;2184.67
1763508823.2702246;0.00;0.00;0.00;0.00;0.00;0.00;0.00;994.67;720.00;1090.00;0.00;0.00;0.00;1948.66;0.00;0.00;0.00;450.99;0.00;0.00;0.00;1932.33;0.00;4019.33;2194.00;1295.65;2246.32;1684.67;1394.67;1404.67;1810.00;2500.00;3350.00;3320.00;3352.33;380.00;540.00;1540.00;230.00;1659.33;1996.32;930.00;150.00;1810.00;310.00;562.33;2184.67
1763508823.3078952;0.00;0.00;0.00;0.00;0.00;0.00;0.00;1224.67;720.00;1090.00;0.00;0.00;0.00;1948.66;0.00;0.00;0.00;450.99;0.00;0.00;0.00;1932.33;0.00;4019.33;2194.00;1295.65;2246.32;1684.67;1394.67;1404.67;1810.00;2500.00;3350.00;3320.00;3352.33;380.00;540.00;1540.00;230.00;1659.33;1996.32;930.00;150.00;1810.00;310.00;562.33;2184.67
1763508823.3087776;0.00;0.00;0.00;0.00;0.00;0.00;0.00;1224.67;720.00;1090.00;0.00;0.00;0.00;1948.66;0.00;0.00;0.00;450.99;0.00;0.00;0.00;1932.33;0.00;4019.33;2194.00;1295.65;2246.32;1684.67;1394.67;1404.67;1810.00;2500.00;3350.00;3320.00;3352.33;380.00;540.00;1540.00;230.00;1659.33;1996.32;930.00;150.00;1810.00;310.00;562.33;2184.67
1763508823.345929;0.00;0.00;0.00;0.00;0.00;0.00;0.00;1224.67;720.00;1090.00;0.00;0.00;0.00;1948.66;0.00;0.00;0.00;450.99;0.00;557.00;0.00;1932.33;0.00;4051.66;2226.33;1647.98;2396.32;1834.67;1544.67;1554.67;1960.00;2580.00;3430.00;3400.00;3544.66;380.00;540.00;1540.00;230.00;2034.00;1996.32;930.00;150.00;2130.00;310.00;674.66;2344.67
1763508823.3467858;0.00;0.00;0.00;0.00;0.00;0.00;0.00;1224.67;720.00;1090.00;0.00;0.00;0.00;1948.66;0.00;0.00;0.00;450.99;0.00;557.00;0.00;1932.33;0.00;4051.66;2226.33;1647.98;2396.32;1834.67;1544.67;1554.67;1960.00;2580.00;3430.00;3400.00;3544.66;380.00;540.00;1540.00;230.00;2034.00;1996.32;930.00;150.00;2130.00;310.00;674.66;2344.67
1763508832.8001108;0.00;0.00;0.00;0.00;0.00;0.00;0.00;1224.67;1110.00;1090.00;0.00;0.00;0.00;1948.66;0.00;0.00;0.00;450.99;0.00;557.00;0.00;1932.33;0.00;4051.66;2226.33;1647.98;2556.32;1994.67;1704.67;1714.67;1960.00;2580.00;3430.00;3400.00;3544.66;380.00;540.00;1540.00;230.00;2184.00;1996.32;930.00;150.00;2130.00;310.00;674.66;2344.67
1763508832.8013954;0.00;0.00;0.00;0.00;0.00;0.00;0.00;1224.67;1110.00;1090.00;0.00;0.00;0.00;1948.66;0.00;0.00;0.00;450.99;0.00;557.00;0.00;1932.33;0.00;4051.66;2226.33;1647.98;2556.32;1994.67;1704.67;1714.67;1960.00;2580.00;3430.00;3400.00;3544.66;380.00;540.00;1540.00;230.00;2184.00;1996.32;930.00;150.00;2130.00;310.00;674.66;2344.67
1763508832.8451183;0.00;0.00;0.00;0.00;0.00;0.00;0.00;1224.67;1350.00;1090.00;0.00;0.00;0.00;1948.66;0.00;0.00;0.00;450.99;0.00;557.00;0.00;1932.33;0.00;4051.66;2226.33;1647.98;2556.32;2144.67;1854.67;1874.67;2110.00;2730.00;3430.00;3400.00;3544.66;690.00;540.00;1540.00;230.00;2184.00;2146.32;930.00;150.00;2130.00;310.00;674.66;2344.67
1763508832.846181;0.00;0.00;0.00;0.00;0.00;0.00;0.00;1224.67;1350.00;1090.00;0.00;0.00;0.00;1948.66;0.00;0.00;0.00;450.99;0.00;557.00;0.00;1932.33;0.00;4051.66;2226.33;1647.98;2556.32;2144.67;1854.67;1874.67;2110.00;2730.00;3430.00;3400.00;3544.66;690.00;540.00;1540.00;230.00;2184.00;2146.32;930.00;150.00;2130.00;310.00;674.66;2344.67
1763508832.8911777;0.00;0.00;0.00;0.00;0.00;0.00;0.00;1224.67;1580.00;1090.00;0.00;0.00;0.00;1948.66;0.00;0.00;0.00;450.99;0.00;557.00;0.00;1932.33;0.00;4051.66;2226.33;1647.98;2556.32;2144.67;1854.67;1874.67;2110.00;2730.00;3430.00;3400.00;3544.66;690.00;540.00;1540.00;230.00;2184.00;2146.32;930.00;150.00;2130.00;310.00;674.66;2344.67
1763508832.8924813;0.00;0.00;0.00;0.00;0.00;0.00;0.00;1224.67;1580.00;1090.00;0.00;0.00;0.00;1948.66;0.00;0.00;0.00;450.99;0.00;557.00;0.00;1932.33;0.00;4051.66;2226.33;1647.98;2556.32;2144.67;1854.67;1874.67;2110.00;2730.00;3430.00;3400.00;3544.66;690.00;540.00;1540.00;230.00;2184.00;2146.32;930.00;150.00;2130.00;310.00;674.66;2344.67
1763508832.9359884;0.00;0.00;0.00;0.00;0.00;0.00;0.00;1224.67;1762.33;1090.00;0.00;0.00;0.00;1948.66;0.00;0.00;0.00;450.99;0.00;557.00;0.00;1932.33;0.00;4051.66;2226.33;1647.98;2556.32;2144.67;1854.67;1874.67;2292.33;2912.33;3542.33;3512.33;3544.66;690.00;540.00;1540.00;230.00;2184.00;2146.32;930.00;150.00;2130.00;310.00;786.99;2344.67
1763508832.9368882;0.00;0.00;0.00;0.00;0.00;0.00;0.00;1224.67;1762.33;1090.00;0.00;0.00;0.00;1948.66;0.00;0.00;0.00;450.99;0.00;557.00;0.00;1932.33;0.00;4051.66;2226.33;1647.98;2556.32;2144.67;1854.67;1874.67;2292.33;2912.33;3542.33;3512.33;3544.66;690.00;540.00;1540.00;230.00;2184.00;2146.32;930.00;150.00;2130.00;310.00;786.99;2344.67
1763508832.990532;0.00;0.00;0.00;0.00;0.00;0.00;0.00;1224.67;1762.33;1090.00;0.00;0.00;0.00;1948.66;0.00;0.00;0.00;450.99;0.00;557.00;0.00;1932.33;0.00;4051.66;2226.33;1647.98;2556.32;2144.67;1854.67;1874.67;2292.33;2912.33;3542.33;3512.33;3544.66;690.00;540.00;1540.00;230.00;2184.00;2146.32;930.00;150.00;2130.00;310.00;786.99;2344.67
1763508832.9914572;0.00;0.00;0.00;0.00;0.00;0.00;0.00;1224.67;1762.33;1090.00;0.00;0.00;0.00;1948.66;0.00;0.00;0.00;450.99;0.00;557.00;0.00;1932.33;0.00;4051.66;2226.33;1647.98;2556.32;2144.67;1854.67;1874.67;2292.33;2912.33;3542.33;3512.33;3544.66;690.00;540.00;1540.00;230.00;2184.00;2146.32;930.00;150.00;2130.00;310.00;786.99;2344.67
1763508833.0265994;0.00;0.00;0.00;0.00;0.00;0.00;0.00;1224.67;1762.33;1090.00;0.00;0.00;0.00;1948.66;0.00;0.00;0.00;450.99;0.00;557.00;0.00;1932.33;0.00;4051.66;2226.33;1647.98;2556.32;2144.67;1854.67;1874.67;2292.33;2912.33;3542.33;3512.33;3544.66;690.00;540.00;1540.00;230.00;2184.00;2146.32;930.00;150.00;2130.00;310.00;786.99;2344.67
1763508833.0271513;0.00;0.00;0.00;0.00;0.00;0.00;0.00;1224.67;1762.33;1090.00;0.00;0.00;0.00;1948.66;0.00;0.00;0.00;450.99;0.00;557.00;0.00;1932.33;0.00;4051.66;2226.33;1647.98;2556.32;2144.67;1854.67;1874.67;2292.33;2912.33;3542.33;3512.33;3544.66;690.00;540.00;1540.00;230.00;2184.00;2146.32;930.00;150.00;2130.00;310.00;786.99;2344.67
1763508833.2814734;0.00;0.00;0.00;0.00;0.00;0.00;0.00;1224.67;1762.33;1090.00;0.00;0.00;0.00;1216.33;0.00;390.00;0.00;450.99;0.00;557.00;0.00;1932.33;0.00;3239.33;2146.33;1567.98;2476.32;2374.67;1854.67;1874.67;2292.33;2682.33;3312.33;3282.33;3314.66;690.00;540.00;1310.00;230.00;2184.00;2146.32;930.00;150.00;2130.00;310.00;786.99;2194.67
1763508833.2823727;0.00;0.00;0.00;0.00;0.00;0.00;0.00;1224.67;1762.33;1090.00;0.00;0.00;0.00;1216.33;0.00;390.00;0.00;450.99;0.00;557.00;0.00;1932.33;0.00;3239.33;2146.33;1567.98;2476.32;2374.67;1854.67;1874.67;2292.33;2682.33;3312.33;3282.33;3314.66;690.00;540.00;1310.00;230.00;2184.00;2146.32;930.00;150.00;2130.00;310.00;786.99;2194.67
1763508833.3856778;0.00;0.00;0.00;0.00;0.00;0.00;0.00;1224.67;1762.33;1090.00;0.00;0.00;0.00;1216.33;0.00;630.00;0.00;450.99;0.00;557.00;0.00;1932.33;0.00;3239.33;2146.33;1567.98;2786.32;2684.67;2084.67;1874.67;2292.33;2682.33;3312.33;3282.33;3314.66;690.00;540.00;1310.00;230.00;2484.00;2146.32;930.00;150.00;2130.00;310.00;786.99;2194.67
1763508833.3861995;0.00;0.00;0.00;0.00;0.00;0.00;0.00;1224.67;1762.33;1090.00;0.00;0.00;0.00;1216.33;0.00;630.00;0.00;450.99;0.00;557.00;0.00;1932.33;0.00;3239.33;2146.33;1567.98;2786.32;2684.67;2084.67;1874.67;2292.33;2682.33;3312.33;3282.33;3314.66;690.00;540.00;1310.00;230.00;2484.00;2146.32;930.00;150.00;2130.00;310.00;786.99;2194.67
1763508848.8026636;0.00;0.00;0.00;0.00;0.00;0.00;0.00;390.00;1042.33;1090.00;0.00;0.00;0.00;1216.33;0.00;630.00;0.00;0.00;0.00;0.00;0.00;1932.33;0.00;2512.33;1739.33;529.33;1149.33;1860.00;1480.00;1340.00;1662.33;2122.33;2752.33;2732.33;2662.33;460.00;540.00;1310.00;0.00;900.00;1284.66;310.00;0.00;1200.00;0.00;674.66;1210.00
1763508848.8035383;0.00;0.00;0.00;0.00;0.00;0.00;0.00;390.00;1042.33;1090.00;0.00;0.00;0.00;1216.33;0.00;630.00;0.00;0.00;0.00;0.00;0.00;1932.33;0.00;2512.33;1739.33;529.33;1149.33;1860.00;1480.00;1340.00;1662.33;2122.33;2752.33;2732.33;2662.33;460.00;540.00;1310.00;0.00;900.00;1284.66;310.00;0.00;1200.00;0.00;674.66;1210.00
1763508848.8498197;0.00;0.00;0.00;0.00;0.00;0.00;0.00;470.00;1042.33;1090.00;0.00;0.00;0.00;1216.33;0.00;630.00;0.00;0.00;0.00;0.00;0.00;1932.33;0.00;2512.33;1739.33;529.33;1299.33;2010.00;1560.00;1420.00;1662.33;2122.33;2752.33;2732.33;2662.33;460.00;540.00;1310.00;0.00;1050.00;1284.66;310.00;0.00;1200.00;0.00;674.66;1210.00
1763508848.850691;0.00;0.00;0.00;0.00;0.00;0.00;0.00;470.00;1042.33;1090.00;0.00;0.00;0.00;1216.33;0.00;630.00;0.00;0.00;0.00;0.00;0.00;1932.33;0.00;2512.33;1739.33;529.33;1299.33;2010.00;1560.00;1420.00;1662.33;2122.33;2752.33;2732.33;2662.33;460.00;540.00;1310.00;0.00;1050.00;1284.66;310.00;0.00;1200.00;0.00;674.66;1210.00
1763508848.89036;0.00;0.00;0.00;0.00;0.00;0.00;0.00;710.00;1042.33;1090.00;0.00;0.00;0.00;1216.33;0.00;630.00;0.00;0.00;0.00;0.00;0.00;1932.33;0.00;2512.33;1739.33;529.33;1529.33;2250.00;1800.00;1660.00;1662.33;2122.33;2752.33;2732.33;2662.33;460.00;540.00;1310.00;0.00;1350.00;1594.66;310.00;0.00;1200.00;0.00;674.66;1210.00
1763508848.891247;0.00;0.00;0.00;0.00;0.00;0.00;0.00;710.00;1042.33;1090.00;0.00;0.00;0.00;1216.33;0.00;630.00;0.00;0.00;0.00;0.00;0.00;1932.33;0.00;2512.33;1739.33;529.33;1529.33;2250.00;1800.00;1660.00;1662.33;2122.33;2752.33;2732.33;2662.33;460.00;540.00;1310.00;0.00;1350.00;1594.66;310.00;0.00;1200.00;0.00;674.66;1210.00
1763508848.93214;0.00;0.00;0.00;0.00;0.00;0.00;0.00;1100.00;1042.33;1090.00;0.00;0.00;0.00;1216.33;0.00;630.00;0.00;0.00;0.00;0.00;0.00;1932.33;0.00;2512.33;1739.33;529.33;1679.33;2400.00;1880.00;1740.00;1972.33;2122.33;2752.33;2732.33;2662.33;460.00;540.00;1620.00;0.00;1500.00;1594.66;310.00;0.00;1200.00;0.00;674.66;1210.00
1763508848.9330113;0.00;0.00;0.00;0.00;0.00;0.00;0.00;1100.00;1042.33;1090.00;0.00;0.00;0.00;1216.33;0.00;630.00;0.00;0.00;0.00;0.00;0.00;1932.33;0.00;2512.33;1739.33;529.33;1679.33;2400.00;1880.00;1740.00;1972.33;2122.33;2752.33;2732.33;2662.33;460.00;540.00;1620.00;0.00;1500.00;1594.66;310.00;0.00;1200.00;0.00;674.66;1210.00
1763508848.9761443;0.00;0.00;0.00;0.00;0.00;0.00;0.00;1340.00;1042.33;1090.00;0.00;0.00;0.00;1216.33;0.00;630.00;0.00;0.00;0.00;0.00;0.00;1932.33;0.00;2512.33;1739.33;529.33;1839.33;2710.00;2190.00;1980.00;1972.33;2122.33;2752.33;2732.33;2662.33;690.00;540.00;1620.00;0.00;1660.00;1744.66;310.00;0.00;1200.00;0.00;674.66;1210.00
1763508848.9770288;0.00;0.00;0.00;0.00;0.00;0.00;0.00;1340.00;1042.33;1090.00;0.00;0.00;0.00;1216.33;0.00;630.00;0.00;0.00;0.00;0.00;0.00;1932.33;0.00;2512.33;1739.33;529.33;1839.33;2710.00;2190.00;1980.00;1972.33;2122.33;2752.33;2732.33;2662.33;690.00;540.00;1620.00;0.00;1660.00;1744.66;310.00;0.00;1200.00;0.00;674.66;1210.00
1763508849.02302;0.00;0.00;0.00;0.00;0.00;0.00;0.00;1730.00;1042.33;1090.00;0.00;0.00;0.00;1216.33;0.00;630.00;0.00;0.00;0.00;0.00;0.00;1932.33;0.00;2512.33;1739.33;529.33;1839.33;2860.00;2270.00;2060.00;2282.33;2122.33;2752.33;2732.33;2662.33;690.00;540.00;1930.00;0.00;1660.00;1894.66;310.00;0.00;1200.00;0.00;674.66;1210.00
1763508849.0239103;0.00;0.00;0.00;0.00;0.00;0.00;0.00;1730.00;1042.33;1090.00;0.00;0.00;0.00;1216.33;0.00;630.00;0.00;0.00;0.00;0.00;0.00;1932.33;0.00;2512.33;1739.33;529.33;1839.33;2860.00;2270.00;2060.00;2282.33;2122.33;2752.33;2732.33;2662.33;690.00;540.00;1930.00;0.00;1660.00;1894.66;310.00;0.00;1200.00;0.00;674.66;1210.00
1763508853.3065853;0.00;0.00;0.00;0.00;0.00;0.00;0.00;1730.00;1042.33;620.00;0.00;0.00;0.00;391.67;0.00;870.00;0.00;0.00;0.00;0.00;0.00;1932.33;0.00;1832.33;1594.67;534.67;1844.67;2940.00;2110.00;1900.00;1812.33;1582.33;2212.33;2202.33;1982.33;690.00;540.00;1700.00;0.00;1660.00;1980.00;310.00;0.00;1350.00;0.00;524.66;910.00
1763508853.3074641;0.00;0.00;0.00;0.00;0.00;0.00;0.00;1730.00;1042.33;620.00;0.00;0.00;0.00;391.67;0.00;870.00;0.00;0.00;0.00;0.00;0.00;1932.33;0.00;1832.33;1594.67;534.67;1844.67;2940.00;2110.00;1900.00;1812.33;1582.33;2212.33;2202.33;1982.33;690.00;540.00;1700.00;0.00;1660.00;1980.00;310.00;0.00;1350.00;0.00;524.66;910.00
1763508853.3445563;0.00;0.00;0.00;0.00;0.00;0.00;0.00;1730.00;1042.33;620.00;0.00;0.00;0.00;391.67;0.00;967.00;0.00;0.00;0.00;0.00;0.00;1932.33;0.00;1832.33;1594.67;694.67;2069.34;3267.00;2110.00;1900.00;1812.33;1582.33;2212.33;2202.33;1982.33;690.00;540.00;1700.00;0.00;2044.67;2242.33;310.00;0.00;1510.00;0.00;524.66;910.00
1763508853.3454137;0.00;0.00;0.00;0.00;0.00;0.00;0.00;1730.00;1042.33;620.00;0.00;0.00;0.00;391.67;0.00;967.00;0.00;0.00;0.00;0.00;0.00;1932.33;0.00;1832.33;1594.67;694.67;2069.34;3267.00;2110.00;1900.00;1812.33;1582.33;2212.33;2202.33;1982.33;690.00;540.00;1700.00;0.00;2044.67;2242.33;310.00;0.00;1510.00;0.00;524.66;910.00
1763508853.388044;0.00;0.00;0.00;0.00;0.00;0.00;0.00;1730.00;1042.33;620.00;0.00;0.00;0.00;391.67;0.00;967.00;0.00;0.00;0.00;0.00;0.00;1932.33;0.00;1832.33;1594.67;694.67;2069.34;3267.00;2110.00;1900.00;1812.33;1582.33;2212.33;2202.33;1982.33;690.00;540.00;1700.00;0.00;2044.67;2242.33;310.00;0.00;1510.00;0.00;524.66;910.00
1763508853.388927;0.00;0.00;0.00;0.00;0.00;0.00;0.00;1730.00;1042.33;620.00;0.00;0.00;0.00;391.67;0.00;967.00;0.00;0.00;0.00;0.00;0.00;1932.33;0.00;1832.33;1594.67;694.67;2069.34;3267.00;2110.00;1900.00;1812.33;1582.33;2212.33;2202.33;1982.33;690.00;540.00;1700.00;0.00;2044.67;2242.33;310.00;0.00;1510.00;0.00;524.66;910.00
1763508853.431682;0.00;0.00;0.00;0.00;0.00;0.00;0.00;1730.00;1042.33;620.00;0.00;0.00;0.00;391.67;0.00;967.00;0.00;0.00;0.00;0.00;0.00;1932.33;0.00;1832.33;1594.67;694.67;2069.34;3267.00;2110.00;1900.00;1812.33;1582.33;2212.33;2202.33;1982.33;690.00;540.00;1700.00;0.00;2044.67;2242.33;310.00;0.00;1510.00;0.00;524.66;910.00
1763508853.4325597;0.00;0.00;0.00;0.00;0.00;0.00;0.00;1730.00;1042.33;620.00;0.00;0.00;0.00;391.67;0.00;967.00;0.00;0.00;0.00;0.00;0.00;1932.33;0.00;1832.33;1594.67;694.67;2069.34;3267.00;2110.00;1900.00;1812.33;1582.33;2212.33;2202.33;1982.33;690.00;540.00;1700.00;0.00;2044.67;2242.33;310.00;0.00;1510.00;0.00;524.66;910.00
1763508868.3108518;0.00;0.00;0.00;0.00;0.00;0.00;0.00;1730.00;1042.33;620.00;0.00;0.00;0.00;97.00;0.00;1197.00;0.00;0.00;0.00;0.00;0.00;1932.33;0.00;1442.33;1370.00;470.00;2004.67;3497.00;2110.00;1900.00;1812.33;1352.33;1672.33;1662.33;1442.33;690.00;540.00;1470.00;0.00;2204.67;2542.33;310.00;0.00;1510.00;0.00;524.66;760.00
1763508868.311356;0.00;0.00;0.00;0.00;0.00;0.00;0.00;1730.00;1042.33;620.00;0.00;0.00;0.00;97.00;0.00;1197.00;0.00;0.00;0.00;0.00;0.00;1932.33;0.00;1442.33;1370.00;470.00;2004.67;3497.00;2110.00;1900.00;1812.33;1352.33;1672.33;1662.33;1442.33;690.00;540.00;1470.00;0.00;2204.67;2542.33;310.00;0.00;1510.00;0.00;524.66;760.00
1763508868.8116934;0.00;0.00;0.00;0.00;0.00;0.00;0.00;1730.00;1042.33;620.00;97.00;0.00;0.00;97.00;0.00;1197.00;0.00;0.00;0.00;0.00;0.00;1932.33;0.00;1682.33;1610.00;614.67;2004.67;3497.00;2110.00;1900.00;1812.33;1582.33;1902.33;1742.33;1522.33;690.00;540.00;1470.00;0.00;2317.00;2542.33;310.00;0.00;1734.67;0.00;524.66;920.00
1763508868.8122127;0.00;0.00;0.00;0.00;0.00;0.00;0.00;1730.00;1042.33;620.00;97.00;0.00;0.00;97.00;0.00;1197.00;0.00;0.00;0.00;0.00;0.00;1932.33;0.00;1682.33;1610.00;614.67;2004.67;3497.00;2110.00;1900.00;1812.33;1582.33;1902.33;1742.33;1522.33;690.00;540.00;1470.00;0.00;2317.00;2542.33;310.00;0.00;1734.67;0.00;524.66;920.00
1763508868.8453128;0.00;0.00;0.00;0.00;0.00;0.00;0.00;1730.00;1042.33;620.00;289.33;0.00;0.00;97.00;0.00;1197.00;0.00;0.00;0.00;0.00;0.00;1932.33;0.00;1682.33;1610.00;764.67;2544.67;4037.00;2340.00;2130.00;1812.33;1582.33;1902.33;1742.33;1522.33;690.00;540.00;1470.00;230.00;2429.33;2542.33;310.00;310.00;1884.67;0.00;524.66;920.00
1763508868.8458357;0.00;0.00;0.00;0.00;0.00;0.00;0.00;1730.00;1042.33;620.00;289.33;0.00;0.00;97.00;0.00;1197.00;0.00;0.00;0.00;0.00;0.00;1932.33;0.00;1682.33;1610.00;764.67;2544.67;4037.00;2340.00;2130.00;1812.33;1582.33;1902.33;1742.33;1522.33;690.00;540.00;1470.00;230.00;2429.33;2542.33;310.00;310.00;1884.67;0.00;524.66;920.00
1763508868.8834991;0.00;0.00;0.00;0.00;0.00;0.00;0.00;1730.00;1042.33;620.00;1101.66;0.00;0.00;97.00;0.00;1197.00;0.00;0.00;0.00;0.00;0.00;1932.33;0.00;1682.33;1610.00;914.67;3207.00;4379.33;2570.00;2360.00;1812.33;1582.33;1902.33;1742.33;1522.33;690.00;540.00;1470.00;460.00;2429.33;2542.33;310.00;422.33;2034.67;0.00;524.66;920.00
1763508868.8840196;0.00;0.00;0.00;0.00;0.00;0.00;0.00;1730.00;1042.33;620.00;1101.66;0.00;0.00;97.00;0.00;1197.00;0.00;0.00;0.00;0.00;0.00;1932.33;0.00;1682.33;1610.00;914.67;3207.00;4379.33;2570.00;2360.00;1812.33;1582.33;1902.33;1742.33;1522.33;690.00;540.00;1470.00;460.00;2429.33;2542.33;310.00;422.33;2034.67;0.00;524.66;920.00
1763508868.9209404;0.00;0.00;0.00;0.00;0.00;0.00;0.00;1730.00;1042.33;620.00;1518.66;0.00;0.00;97.00;0.00;1197.00;0.00;0.00;0.00;0.00;0.00;1932.33;0.00;1912.33;1802.33;1331.67;3207.00;4379.33;2720.00;2510.00;1892.33;1662.33;1982.33;1822.33;1602.33;690.00;540.00;1470.00;690.00;2429.33;2542.33;422.33;572.33;2034.67;0.00;524.66;1070.00
1763508868.921459;0.00;0.00;0.00;0.00;0.00;0.00;0.00;1730.00;1042.33;620.00;1518.66;0.00;0.00;97.00;0.00;1197.00;0.00;0.00;0.00;0.00;0.00;1932.33;0.00;1912.33;1802.33;1331.67;3207.00;4379.33;2720.00;2510.00;1892.33;1662.33;1982.33;1822.33;1602.33;690.00;540.00;1470.00;690.00;2429.33;2542.33;422.33;572.33;2034.67;0.00;524.66;1070.00
1763508868.9479654;0.00;0.00;0.00;0.00;0.00;0.00;0.00;1730.00;1042.33;620.00;1925.66;0.00;0.00;97.00;0.00;1197.00;0.00;0.00;0.00;0.00;0.00;1932.33;0.00;1992.33;1834.66;1364.00;3581.67;4529.33;2870.00;2660.00;1972.33;1742.33;2062.33;1902.33;1682.33;690.00;540.00;1470.00;920.00;2429.33;2542.33;422.33;572.33;2034.67;0.00;684.66;1070.00
1763508868.9484925;0.00;0.00;0.00;0.00;0.00;0.00;0.00;1730.00;1042.33;620.00;1925.66;0.00;0.00;97.00;0.00;1197.00;0.00;0.00;0.00;0.00;0.00;1932.33;0.00;1992.33;1834.66;1364.00;3581.67;4529.33;2870.00;2660.00;1972.33;1742.33;2062.33;1902.33;1682.33;690.00;540.00;1470.00;920.00;2429.33;2542.33;422.33;572.33;2034.67;0.00;684.66;1070.00
1763508868.991973;0.00;0.00;0.00;0.00;0.00;0.00;0.00;1730.00;1042.33;620.00;1957.99;0.00;0.00;97.00;0.00;1197.00;0.00;0.00;0.00;0.00;0.00;1932.33;0.00;2334.66;1866.99;1396.33;3581.67;4529.33;2870.00;2660.00;2202.33;1972.33;2292.33;2132.33;1912.33;690.00;540.00;1470.00;920.00;2429.33;2542.33;732.33;572.33;2034.67;0.00;684.66;1070.00
1763508868.9928586;0.00;0.00;0.00;0.00;0.00;0.00;0.00;1730.00;1042.33;620.00;1957.99;0.00;0.00;97.00;0.00;1197.00;0.00;0.00;0.00;0.00;0.00;1932.33;0.00;2334.66;1866.99;1396.33;3581.67;4529.33;2870.00;2660.00;2202.33;1972.33;2292.33;2132.33;1912.33;690.00;540.00;1470.00;920.00;2429.33;2542.33;732.33;572.33;2034.67;0.00;684.66;1070.00
1763508888.3437142;0.00;0.00;0.00;0.00;0.00;0.00;0.00;1650.00;812.33;620.00;1957.99;0.00;0.00;97.00;0.00;1197.00;0.00;0.00;0.00;0.00;0.00;972.33;0.00;1774.66;1036.99;1316.33;3581.67;4299.33;2640.00;2350.00;1972.33;1422.33;1742.33;1582.33;1352.33;540.00;540.00;850.00;920.00;2279.33;2242.33;732.33;572.33;1284.67;0.00;534.66;1070.00
1763508888.3446207;0.00;0.00;0.00;0.00;0.00;0.00;0.00;1650.00;812.33;620.00;1957.99;0.00;0.00;97.00;0.00;1197.00;0.00;0.00;0.00;0.00;0.00;972.33;0.00;1774.66;1036.99;1316.33;3581.67;4299.33;2640.00;2350.00;1972.33;1422.33;1742.33;1582.33;1352.33;540.00;540.00;850.00;920.00;2279.33;2242.33;732.33;572.33;1284.67;0.00;534.66;1070.00
1763508888.501949;0.00;0.00;0.00;0.00;0.00;0.00;0.00;1650.00;812.33;620.00;1957.99;0.00;0.00;97.00;0.00;1197.00;0.00;0.00;0.00;0.00;230.00;972.33;0.00;1774.66;1036.99;1316.33;3581.67;4299.33;2640.00;2580.00;2202.33;1422.33;1742.33;1582.33;1352.33;540.00;540.00;850.00;920.00;2279.33;2242.33;732.33;572.33;1284.67;0.00;534.66;1070.00
1763508888.5024645;0.00;0.00;0.00;0.00;0.00;0.00;0.00;1650.00;812.33;620.00;1957.99;0.00;0.00;97.00;0.00;1197.00;0.00;0.00;0.00;0.00;230.00;972.33;0.00;1774.66;1036.99;1316.33;3581.67;4299.33;2640.00;2580.00;2202.33;1422.33;1742.33;1582.33;1352.33;540.00;540.00;850.00;920.00;2279.33;2242.33;732.33;572.33;1284.67;0.00;534.66;1070.00
1763508891.8272164;0.00;0.00;0.00;0.00;0.00;0.00;0.00;1420.00;812.33;0.00;1957.99;0.00;0.00;97.00;32.33;1197.00;0.00;0.00;0.00;0.00;0.00;972.33;0.00;1774.66;1036.99;1316.33;3694.00;4331.66;2640.00;2120.00;1582.33;1262.33;1582.33;1432.33;1202.33;540.00;540.00;850.00;920.00;2279.33;2392.33;732.33;572.33;1284.67;0.00;534.66;920.00
1763508891.8281114;0.00;0.00;0.00;0.00;0.00;0.00;0.00;1420.00;812.33;0.00;1957.99;0.00;0.00;97.00;32.33;1197.00;0.00;0.00;0.00;0.00;0.00;972.33;0.00;1774.66;1036.99;1316.33;3694.00;4331.66;2640.00;2120.00;1582.33;1262.33;1582.33;1432.33;1202.33;540.00;540.00;850.00;920.00;2279.33;2392.33;732.33;572.33;1284.67;0.00;534.66;920.00
1763508891.8690557;0.00;0.00;0.00;0.00;0.00;0.00;0.00;1420.00;812.33;0.00;1957.99;0.00;0.00;97.00;272.33;1197.00;0.00;0.00;0.00;0.00;0.00;972.33;0.00;1774.66;1036.99;1316.33;3844.00;4411.66;2800.00;2280.00;1742.33;1422.33;1742.33;1582.33;1352.33;540.00;540.00;850.00;920.00;2429.33;2392.33;732.33;572.33;1284.67;0.00;534.66;1070.00
1763508891.8699107;0.00;0.00;0.00;0.00;0.00;0.00;0.00;1420.00;812.33;0.00;1957.99;0.00;0.00;97.00;272.33;1197.00;0.00;0.00;0.00;0.00;0.00;972.33;0.00;1774.66;1036.99;1316.33;3844.00;4411.66;2800.00;2280.00;1742.33;1422.33;1742.33;1582.33;1352.33;540.00;540.00;850.00;920.00;2429.33;2392.33;732.33;572.33;1284.67;0.00;534.66;1070.00
1763508891.9133568;0.00;0.00;0.00;0.00;0.00;0.00;0.00;1420.00;812.33;0.00;1957.99;0.00;0.00;97.00;352.33;1197.00;0.00;0.00;0.00;0.00;0.00;972.33;0.00;1774.66;1036.99;1466.33;3924.00;4491.66;2800.00;2280.00;1742.33;1422.33;1742.33;1582.33;1352.33;540.00;540.00;850.00;920.00;2429.33;2392.33;732.33;572.33;1434.67;0.00;534.66;1070.00
1763508891.9142203;0.00;0.00;0.00;0.00;0.00;0.00;0.00;1420.00;812.33;0.00;1957.99;0.00;0.00;97.00;352.33;1197.00;0.00;0.00;0.00;0.00;0.00;972.33;0.00;1774.66;1036.99;1466.33;3924.00;4491.66;2800.00;2280.00;1742.33;1422.33;1742.33;1582.33;1352.33;540.00;540.00;850.00;920.00;2429.33;2392.33;732.33;572.33;1434.67;0.00;534.66;1070.00
1763508891.9568367;0.00;0.00;0.00;0.00;0.00;0.00;0.00;1420.00;812.33;0.00;1957.99;0.00;0.00;97.00;592.33;1197.00;0.00;0.00;0.00;0.00;0.00;972.33;0.00;1774.66;1036.99;1466.33;4004.00;4571.66;2960.00;2440.00;1902.33;1422.33;1742.33;1582.33;1352.33;540.00;540.00;1010.00;920.00;2579.33;2392.33;732.33;572.33;1434.67;0.00;534.66;1070.00
1763508891.9577088;0.00;0.00;0.00;0.00;0.00;0.00;0.00;1420.00;812.33;0.00;1957.99;0.00;0.00;97.00;592.33;1197.00;0.00;0.00;0.00;0.00;0.00;972.33;0.00;1774.66;1036.99;1466.33;4004.00;4571.66;2960.00;2440.00;1902.33;1422.33;1742.33;1582.33;1352.33;540.00;540.00;1010.00;920.00;2579.33;2392.33;732.33;572.33;1434.67;0.00;534.66;1070.00
1763508892.0054586;0.00;0.00;0.00;0.00;0.00;0.00;0.00;1420.00;812.33;0.00;1957.99;0.00;0.00;97.00;672.33;1197.00;0.00;0.00;0.00;0.00;0.00;972.33;0.00;1774.66;1036.99;1616.33;4084.00;4651.66;2960.00;2440.00;1902.33;1422.33;1742.33;1582.33;1352.33;540.00;540.00;1010.00;920.00;2579.33;2392.33;732.33;572.33;1434.67;0.00;534.66;1070.00
1763508892.0063221;0.00;0.00;0.00;0.00;0.00;0.00;0.00;1420.00;812.33;0.00;1957.99;0.00;0.00;97.00;672.33;1197.00;0.00;0.00;0.00;0.00;0.00;972.33;0.00;1774.66;1036.99;1616.33;4084.00;4651.66;2960.00;2440.00;1902.33;1422.33;1742.33;1582.33;1352.33;540.00;540.00;1010.00;920.00;2579.33;2392.33;732.33;572.33;1434.67;0.00;534.66;1070.00
1763508892.0530934;0.00;0.00;0.00;0.00;0.00;0.00;0.00;1420.00;812.33;0.00;1957.99;0.00;0.00;97.00;1062.33;1197.00;0.00;0.00;0.00;0.00;0.00;972.33;0.00;1774.66;1036.99;1616.33;4164.00;4731.66;2960.00;2440.00;1902.33;1422.33;1742.33;1582.33;1352.33;540.00;540.00;1010.00;920.00;2729.33;2392.33;732.33;882.33;1434.67;0.00;534.66;1070.00
1763508892.0539768;0.00;0.00;0.00;0.00;0.00;0.00;0.00;1420.00;812.33;0.00;1957.99;0.00;0.00;97.00;1062.33;1197.00;0.00;0.00;0.00;0.00;0.00;972.33;0.00;1774.66;1036.99;1616.33;4164.00;4731.66;2960.00;2440.00;1902.33;1422.33;1742.33;1582.33;1352.33;540.00;540.00;1010.00;920.00;2729.33;2392.33;732.33;882.33;1434.67;0.00;534.66;1070.00
1763508893.3317847;0.00;0.00;0.00;0.00;0.00;0.00;0.00;1420.00;812.33;0.00;1957.99;0.00;0.00;97.00;1062.33;967.00;0.00;192.33;0.00;0.00;0.00;972.33;0.00;2404.66;1389.32;1766.33;4154.00;4501.66;2960.00;2440.00;1902.33;1422.33;1742.33;1582.33;1352.33;540.00;540.00;1010.00;920.00;2569.33;2242.33;844.66;882.33;1434.67;0.00;534.66;1220.00
1763508893.3323007;0.00;0.00;0.00;0.00;0.00;0.00;0.00;1420.00;812.33;0.00;1957.99;0.00;0.00;97.00;1062.33;967.00;0.00;192.33;0.00;0.00;0.00;972.33;0.00;2404.66;1389.32;1766.33;4154.00;4501.66;2960.00;2440.00;1902.33;1422.33;1742.33;1582.33;1352.33;540.00;540.00;1010.00;920.00;2569.33;2242.33;844.66;882.33;1434.67;0.00;534.66;1220.00
1763508903.3573651;0.00;0.00;0.00;0.00;0.00;0.00;0.00;1420.00;572.33;540.00;1957.99;0.00;0.00;97.00;1062.33;967.00;0.00;192.33;0.00;0.00;0.00;972.33;0.00;2404.66;1389.32;1766.33;4154.00;4351.66;2810.00;2280.00;1982.33;1272.33;1742.33;1582.33;1352.33;230.00;540.00;1010.00;920.00;2569.33;2092.33;844.66;882.33;1434.67;0.00;534.66;1220.00
1763508903.3582358;0.00;0.00;0.00;0.00;0.00;0.00;0.00;1420.00;572.33;540.00;1957.99;0.00;0.00;97.00;1062.33;967.00;0.00;192.33;0.00;0.00;0.00;972.33;0.00;2404.66;1389.32;1766.33;4154.00;4351.66;2810.00;2280.00;1982.33;1272.33;1742.33;1582.33;1352.33;230.00;540.00;1010.00;920.00;2569.33;2092.33;844.66;882.33;1434.67;0.00;534.66;1220.00
1763508909.8393676;0.00;0.00;0.00;0.00;0.00;0.00;0.00;1420.00;572.33;540.00;1957.99;0.00;0.00;97.00;1062.33;967.00;0.00;609.33;0.00;0.00;0.00;0.00;0.00;2319.33;1496.32;1926.33;4314.00;4191.66;2650.00;2120.00;1822.33;1112.33;1042.33;882.33;1107.00;230.00;0.00;1010.00;920.00;2569.33;2092.33;646.99;882.33;1284.67;0.00;272.33;920.00
1763508909.8402424;0.00;0.00;0.00;0.00;0.00;0.00;0.00;1420.00;572.33;540.00;1957.99;0.00;0.00;97.00;1062.33;967.00;0.00;609.33;0.00;0.00;0.00;0.00;0.00;2319.33;1496.32;1926.33;4314.00;4191.66;2650.00;2120.00;1822.33;1112.33;1042.33;882.33;1107.00;230.00;0.00;1010.00;920.00;2569.33;2092.33;646.99;882.33;1284.67;0.00;272.33;920.00
1763508909.8858242;0.00;0.00;0.00;0.00;0.00;0.00;0.00;1420.00;572.33;540.00;1957.99;0.00;0.00;97.00;1062.33;967.00;0.00;1016.33;0.00;0.00;0.00;0.00;0.00;2806.33;2053.32;1926.33;4314.00;4191.66;2650.00;2120.00;1822.33;1112.33;1042.33;882.33;1219.33;230.00;0.00;1010.00;920.00;2569.33;2092.33;1126.99;882.33;1434.67;0.00;384.66;1070.00
1763508909.8866854;0.00;0.00;0.00;0.00;0.00;0.00;0.00;1420.00;572.33;540.00;1957.99;0.00;0.00;97.00;1062.33;967.00;0.00;1016.33;0.00;0.00;0.00;0.00;0.00;2806.33;2053.32;1926.33;4314.00;4191.66;2650.00;2120.00;1822.33;1112.33;1042.33;882.33;1219.33;230.00;0.00;1010.00;920.00;2569.33;2092.33;1126.99;882.33;1434.67;0.00;384.66;1070.00
1763508909.9280856;0.00;0.00;0.00;0.00;0.00;0.00;0.00;1420.00;572.33;540.00;1957.99;0.00;0.00;97.00;1062.33;967.00;0.00;1256.33;0.00;0.00;0.00;0.00;0.00;2956.33;2133.32;2086.33;4474.00;4501.66;2650.00;2120.00;1822.33;1112.33;1042.33;882.33;1219.33;230.00;0.00;1010.00;920.00;2569.33;2242.33;1126.99;1192.33;1434.67;0.00;384.66;1220.00
1763508909.928926;0.00;0.00;0.00;0.00;0.00;0.00;0.00;1420.00;572.33;540.00;1957.99;0.00;0.00;97.00;1062.33;967.00;0.00;1256.33;0.00;0.00;0.00;0.00;0.00;2956.33;2133.32;2086.33;4474.00;4501.66;2650.00;2120.00;1822.33;1112.33;1042.33;882.33;1219.33;230.00;0.00;1010.00;920.00;2569.33;2242.33;1126.99;1192.33;1434.67;0.00;384.66;1220.00
1763508909.9734354;0.00;0.00;0.00;0.00;0.00;0.00;0.00;1420.00;572.33;540.00;1957.99;0.00;0.00;97.00;1062.33;967.00;0.00;1353.33;0.00;0.00;0.00;0.00;0.00;3378.66;2230.32;2086.33;4474.00;4501.66;2650.00;2120.00;1822.33;1112.33;1352.33;1042.33;1491.66;230.00;310.00;1010.00;920.00;2569.33;2242.33;1511.66;1192.33;1434.67;320.00;496.99;1370.00
1763508909.9743223;0.00;0.00;0.00;0.00;0.00;0.00;0.00;1420.00;572.33;540.00;1957.99;0.00;0.00;97.00;1062.33;967.00;0.00;1353.33;0.00;0.00;0.00;0.00;0.00;3378.66;2230.32;2086.33;4474.00;4501.66;2650.00;2120.00;1822.33;1112.33;1352.33;1042.33;1491.66;230.00;310.00;1010.00;920.00;2569.33;2242.33;1511.66;1192.33;1434.67;320.00;496.99;1370.00
1763508910.0156767;0.00;0.00;0.00;0.00;0.00;0.00;0.00;1420.00;572.33;540.00;1957.99;0.00;0.00;97.00;1062.33;967.00;0.00;1743.33;0.00;0.00;0.00;0.00;0.00;3538.66;2620.32;2086.33;4474.00;4501.66;2650.00;2120.00;1822.33;1112.33;1352.33;1042.33;1801.66;230.00;310.00;1010.00;920.00;2569.33;2242.33;1511.66;1192.33;1434.67;320.00;496.99;1520.00
1763508910.0165405;0.00;0.00;0.00;0.00;0.00;0.00;0.00;1420.00;572.33;540.00;1957.99;0.00;0.00;97.00;1062.33;967.00;0.00;1743.33;0.00;0.00;0.00;0.00;0.00;3538.66;2620.32;2086.33;4474.00;4501.66;2650.00;2120.00;1822.33;1112.33;1352.33;1042.33;1801.66;230.00;310.00;1010.00;920.00;2569.33;2242.33;1511.66;1192.33;1434.67;320.00;496.99;1520.00
1763508910.0660844;0.00;0.00;0.00;0.00;0.00;0.00;0.00;1420.00;572.33;540.00;1957.99;0.00;0.00;97.00;1062.33;967.00;0.00;1935.66;0.00;0.00;0.00;0.00;0.00;3618.66;2812.65;2086.33;4474.00;4501.66;2650.00;2120.00;1822.33;1112.33;1582.33;1272.33;2031.66;230.00;540.00;1010.00;920.00;2569.33;2242.33;1773.99;1192.33;1434.67;320.00;496.99;1670.00
1763508910.066974;0.00;0.00;0.00;0.00;0.00;0.00;0.00;1420.00;572.33;540.00;1957.99;0.00;0.00;97.00;1062.33;967.00;0.00;1935.66;0.00;0.00;0.00;0.00;0.00;3618.66;2812.65;2086.33;4474.00;4501.66;2650.00;2120.00;1822.33;1112.33;1582.33;1272.33;2031.66;230.00;540.00;1010.00;920.00;2569.33;2242.33;1773.99;1192.33;1434.67;320.00;496.99;1670.00
1763508923.3722084;0.00;0.00;0.00;0.00;0.00;0.00;0.00;1420.00;572.33;540.00;1957.99;0.00;0.00;97.00;1062.33;727.00;240.00;1935.66;0.00;0.00;0.00;0.00;0.00;3618.66;2812.65;2086.33;4164.00;4271.66;2580.00;2280.00;1982.33;1272.33;1742.33;1432.33;2181.66;230.00;540.00;1010.00;920.00;2269.33;2392.33;1773.99;1192.33;1434.67;320.00;496.99;1820.00
1763508923.3730886;0.00;0.00;0.00;0.00;0.00;0.00;0.00;1420.00;572.33;540.00;1957.99;0.00;0.00;97.00;1062.33;727.00;240.00;1935.66;0.00;0.00;0.00;0.00;0.00;3618.66;2812.65;2086.33;4164.00;4271.66;2580.00;2280.00;1982.33;1272.33;1742.33;1432.33;2181.66;230.00;540.00;1010.00;920.00;2269.33;2392.33;1773.99;1192.33;1434.67;320.00;496.99;1820.00
1763508924.8547232;0.00;0.00;0.00;0.00;0.00;0.00;0.00;1420.00;572.33;540.00;1957.99;0.00;0.00;97.00;1292.33;727.00;240.00;1935.66;0.00;0.00;0.00;0.00;0.00;3618.66;2812.65;2086.33;4164.00;4271.66;2810.00;2510.00;2142.33;1272.33;1742.33;1432.33;2181.66;230.00;540.00;1170.00;920.00;2269.33;2392.33;1773.99;1192.33;1434.67;320.00;496.99;1820.00
1763508924.8556054;0.00;0.00;0.00;0.00;0.00;0.00;0.00;1420.00;572.33;540.00;1957.99;0.00;0.00;97.00;1292.33;727.00;240.00;1935.66;0.00;0.00;0.00;0.00;0.00;3618.66;2812.65;2086.33;4164.00;4271.66;2810.00;2510.00;2142.33;1272.33;1742.33;1432.33;2181.66;230.00;540.00;1170.00;920.00;2269.33;2392.33;1773.99;1192.33;1434.67;320.00;496.99;1820.00
1763508924.8848224;0.00;0.00;0.00;0.00;0.00;0.00;0.00;1420.00;572.33;540.00;1957.99;0.00;0.00;97.00;1682.33;727.00;240.00;1935.66;0.00;0.00;0.00;0.00;0.00;3618.66;2812.65;2086.33;4324.00;4431.66;3040.00;2740.00;2142.33;1272.33;1742.33;1432.33;2181.66;230.00;540.00;1170.00;920.00;2419.33;2392.33;1773.99;1192.33;1434.67;320.00;496.99;1820.00
1763508924.8853338;0.00;0.00;0.00;0.00;0.00;0.00;0.00;1420.00;572.33;540.00;1957.99;0.00;0.00;97.00;1682.33;727.00;240.00;1935.66;0.00;0.00;0.00;0.00;0.00;3618.66;2812.65;2086.33;4324.00;4431.66;3040.00;2740.00;2142.33;1272.33;1742.33;1432.33;2181.66;230.00;540.00;1170.00;920.00;2419.33;2392.33;1773.99;1192.33;1434.67;320.00;496.99;1820.00
1763508925.0160346;0.00;0.00;0.00;0.00;0.00;0.00;0.00;1420.00;572.33;540.00;1957.99;0.00;0.00;97.00;1682.33;727.00;240.00;1935.66;0.00;0.00;0.00;0.00;0.00;3618.66;2812.65;2086.33;4324.00;4431.66;3040.00;2740.00;2142.33;1272.33;1742.33;1432.33;2181.66;230.00;540.00;1170.00;920.00;2419.33;2392.33;1773.99;1192.33;1434.67;320.00;496.99;1820.00
1763508925.0166068;0.00;0.00;0.00;0.00;0.00;0.00;0.00;1420.00;572.33;540.00;1957.99;0.00;0.00;97.00;1682.33;727.00;240.00;1935.66;0.00;0.00;0.00;0.00;0.00;3618.66;2812.65;2086.33;4324.00;4431.66;3040.00;2740.00;2142.33;1272.33;1742.33;1432.33;2181.66;230.00;540.00;1170.00;920.00;2419.33;2392.33;1773.99;1192.33;1434.67;320.00;496.99;1820.00
1763508925.0440826;0.00;0.00;0.00;0.00;0.00;0.00;0.00;1420.00;572.33;540.00;1957.99;0.00;0.00;97.00;1912.33;727.00;240.00;1935.66;0.00;0.00;0.00;0.00;0.00;3618.66;2812.65;2086.33;4324.00;4431.66;3270.00;2970.00;2142.33;1272.33;1742.33;1432.33;2181.66;230.00;540.00;1170.00;920.00;2419.33;2392.33;1773.99;1192.33;1434.67;320.00;496.99;1820.00
1763508925.0445929;0.00;0.00;0.00;0.00;0.00;0.00;0.00;1420.00;572.33;540.00;1957.99;0.00;0.00;97.00;1912.33;727.00;240.00;1935.66;0.00;0.00;0.00;0.00;0.00;3618.66;2812.65;2086.33;4324.00;4431.66;3270.00;2970.00;2142.33;1272.33;1742.33;1432.33;2181.66;230.00;540.00;1170.00;920.00;2419.33;2392.33;1773.99;1192.33;1434.67;320.00;496.99;1820.00
1763508925.0758436;0.00;0.00;0.00;0.00;0.00;0.00;0.00;1420.00;572.33;540.00;1957.99;0.00;0.00;97.00;1912.33;727.00;240.00;1935.66;0.00;0.00;0.00;0.00;0.00;3618.66;2812.65;2086.33;4324.00;4431.66;3270.00;2970.00;2142.33;1272.33;1742.33;1432.33;2181.66;230.00;540.00;1170.00;920.00;2419.33;2392.33;1773.99;1192.33;1434.67;320.00;496.99;1820.00
1763508925.0763845;0.00;0.00;0.00;0.00;0.00;0.00;0.00;1420.00;572.33;540.00;1957.99;0.00;0.00;97.00;1912.33;727.00;240.00;1935.66;0.00;0.00;0.00;0.00;0.00;3618.66;2812.65;2086.33;4324.00;4431.66;3270.00;2970.00;2142.33;1272.33;1742.33;1432.33;2181.66;230.00;540.00;1170.00;920.00;2419.33;2392.33;1773.99;1192.33;1434.67;320.00;496.99;1820.00
1763508925.1157696;0.00;0.00;0.00;0.00;0.00;0.00;0.00;1420.00;572.33;540.00;1957.99;0.00;0.00;97.00;1992.33;727.00;240.00;1935.66;0.00;0.00;0.00;0.00;0.00;3618.66;2812.65;2086.33;4324.00;4431.66;3350.00;3050.00;2292.33;1422.33;1892.33;1582.33;2181.66;230.00;540.00;1170.00;920.00;2419.33;2392.33;1773.99;1192.33;1434.67;320.00;496.99;1820.00
1763508925.11669;0.00;0.00;0.00;0.00;0.00;0.00;0.00;1420.00;572.33;540.00;1957.99;0.00;0.00;97.00;1992.33;727.00;240.00;1935.66;0.00;0.00;0.00;0.00;0.00;3618.66;2812.65;2086.33;4324.00;4431.66;3350.00;3050.00;2292.33;1422.33;1892.33;1582.33;2181.66;230.00;540.00;1170.00;920.00;2419.33;2392.33;1773.99;1192.33;1434.67;320.00;496.99;1820.00
1763508928.3809378;0.00;0.00;0.00;0.00;0.00;0.00;0.00;1420.00;572.33;540.00;1957.99;0.00;0.00;97.00;1992.33;487.00;630.00;1935.66;0.00;0.00;0.00;0.00;0.00;3618.66;2812.65;1936.33;4324.00;4201.66;3660.00;3050.00;2292.33;1422.33;1892.33;1582.33;2181.66;540.00;540.00;1170.00;920.00;2569.33;1932.33;1773.99;1192.33;1284.67;320.00;496.99;1820.00
1763508928.3818684;0.00;0.00;0.00;0.00;0.00;0.00;0.00;1420.00;572.33;540.00;1957.99;0.00;0.00;97.00;1992.33;487.00;630.00;1935.66;0.00;0.00;0.00;0.00;0.00;3618.66;2812.65;1936.33;4324.00;4201.66;3660.00;3050.00;2292.33;1422.33;1892.33;1582.33;2181.66;540.00;540.00;1170.00;920.00;2569.33;1932.33;1773.99;1192.33;1284.67;320.00;496.99;1820.00
1763508933.3662093;0.00;0.00;0.00;0.00;0.00;0.00;0.00;1180.00;572.33;540.00;1957.99;0.00;0.00;97.00;1992.33;487.00;630.00;1935.66;0.00;0.00;240.00;0.00;0.00;3618.66;2812.65;1936.33;4244.00;4121.66;3580.00;2890.00;2372.33;1502.33;2042.33;1582.33;2181.66;540.00;540.00;1170.00;920.00;2419.33;1932.33;1773.99;1192.33;1284.67;470.00;496.99;1820.00
1763508933.3667345;0.00;0.00;0.00;0.00;0.00;0.00;0.00;1180.00;572.33;540.00;1957.99;0.00;0.00;97.00;1992.33;487.00;630.00;1935.66;0.00;0.00;240.00;0.00;0.00;3618.66;2812.65;1936.33;4244.00;4121.66;3580.00;2890.00;2372.33;1502.33;2042.33;1582.33;2181.66;540.00;540.00;1170.00;920.00;2419.33;1932.33;1773.99;1192.33;1284.67;470.00;496.99;1820.00
1763508938.3894706;0.00;0.00;0.00;0.00;0.00;0.00;0.00;790.00;182.33;540.00;1957.99;0.00;0.00;97.00;1992.33;487.00;630.00;1935.66;0.00;0.00;630.00;0.00;0.00;3618.66;2812.65;1936.33;3934.00;3811.66;3340.00;3040.00;2222.33;1662.33;2202.33;1732.33;2331.66;540.00;540.00;860.00;920.00;2119.33;1932.33;1773.99;1192.33;1284.67;470.00;496.99;1970.00
1763508938.390377;0.00;0.00;0.00;0.00;0.00;0.00;0.00;790.00;182.33;540.00;1957.99;0.00;0.00;97.00;1992.33;487.00;630.00;1935.66;0.00;0.00;630.00;0.00;0.00;3618.66;2812.65;1936.33;3934.00;3811.66;3340.00;3040.00;2222.33;1662.33;2202.33;1732.33;2331.66;540.00;540.00;860.00;920.00;2119.33;1932.33;1773.99;1192.33;1284.67;470.00;496.99;1970.00
1763508938.4332552;0.00;0.00;0.00;0.00;0.00;0.00;0.00;1020.00;182.33;540.00;1957.99;0.00;0.00;97.00;1992.33;487.00;630.00;1935.66;0.00;0.00;630.00;0.00;0.00;3618.66;2812.65;1936.33;3934.00;3811.66;3340.00;3040.00;2452.33;1662.33;2202.33;1732.33;2331.66;540.00;540.00;860.00;920.00;2119.33;1932.33;1773.99;1192.33;1284.67;470.00;496.99;1970.00
1763508938.4341445;0.00;0.00;0.00;0.00;0.00;0.00;0.00;1020.00;182.33;540.00;1957.99;0.00;0.00;97.00;1992.33;487.00;630.00;1935.66;0.00;0.00;630.00;0.00;0.00;3618.66;2812.65;1936.33;3934.00;3811.66;3340.00;3040.00;2452.33;1662.33;2202.33;1732.33;2331.66;540.00;540.00;860.00;920.00;2119.33;1932.33;1773.99;1192.33;1284.67;470.00;496.99;1970.00
1763508943.3935993;0.00;0.00;0.00;0.00;0.00;0.00;0.00;1560.00;0.00;540.00;1957.99;0.00;0.00;0.00;1992.33;0.00;0.00;1743.33;0.00;0.00;630.00;0.00;0.00;2726.33;2070.32;1546.33;3329.33;2784.66;2560.00;2800.00;2570.00;1480.00;2090.00;1310.00;1919.33;230.00;540.00;860.00;920.00;1584.66;1220.00;1661.66;1192.33;824.67;470.00;384.66;1670.00
1763508943.3945081;0.00;0.00;0.00;0.00;0.00;0.00;0.00;1560.00;0.00;540.00;1957.99;0.00;0.00;0.00;1992.33;0.00;0.00;1743.33;0.00;0.00;630.00;0.00;0.00;2726.33;2070.32;1546.33;3329.33;2784.66;2560.00;2800.00;2570.00;1480.00;2090.00;1310.00;1919.33;230.00;540.00;860.00;920.00;1584.66;1220.00;1661.66;1192.33;824.67;470.00;384.66;1670.00
1763508945.8823574;0.00;0.00;0.00;0.00;0.00;0.00;0.00;1560.00;0.00;540.00;1957.99;407.00;0.00;0.00;1992.33;0.00;0.00;1743.33;0.00;0.00;630.00;0.00;0.00;2876.33;2150.32;1946.33;3479.33;2784.66;2560.00;2800.00;2570.00;1480.00;2090.00;1310.00;1919.33;230.00;540.00;860.00;920.00;1921.66;1220.00;1661.66;1192.33;1144.67;470.00;384.66;1820.00
1763508945.8865104;0.00;0.00;0.00;0.00;0.00;0.00;0.00;1560.00;0.00;540.00;1957.99;407.00;0.00;0.00;1992.33;0.00;0.00;1743.33;0.00;0.00;630.00;0.00;0.00;2876.33;2150.32;1946.33;3479.33;2784.66;2560.00;2800.00;2570.00;1480.00;2090.00;1310.00;1919.33;230.00;540.00;860.00;920.00;1921.66;1220.00;1661.66;1192.33;1144.67;470.00;384.66;1820.00
1763508945.9318595;0.00;0.00;0.00;0.00;0.00;0.00;0.00;1560.00;0.00;540.00;1957.99;814.00;0.00;0.00;1992.33;0.00;0.00;1743.33;0.00;0.00;630.00;0.00;0.00;2876.33;2150.32;1946.33;4029.33;2784.66;2560.00;2800.00;2570.00;1480.00;2090.00;1310.00;1919.33;230.00;540.00;860.00;920.00;2558.66;1540.00;1661.66;1192.33;1144.67;470.00;384.66;1820.00
1763508945.9327204;0.00;0.00;0.00;0.00;0.00;0.00;0.00;1560.00;0.00;540.00;1957.99;814.00;0.00;0.00;1992.33;0.00;0.00;1743.33;0.00;0.00;630.00;0.00;0.00;2876.33;2150.32;1946.33;4029.33;2784.66;2560.00;2800.00;2570.00;1480.00;2090.00;1310.00;1919.33;230.00;540.00;860.00;920.00;2558.66;1540.00;1661.66;1192.33;1144.67;470.00;384.66;1820.00
1763508945.983582;0.00;0.00;0.00;0.00;0.00;0.00;0.00;1560.00;0.00;540.00;1957.99;1231.00;0.00;0.00;1992.33;0.00;0.00;1743.33;0.00;0.00;630.00;0.00;0.00;2876.33;2150.32;1946.33;4494.00;2944.66;2720.00;2960.00;2720.00;1630.00;2240.00;1460.00;1919.33;230.00;540.00;860.00;1230.00;2670.99;1914.67;1661.66;1192.33;1144.67;470.00;534.66;1820.00
1763508945.9844487;0.00;0.00;0.00;0.00;0.00;0.00;0.00;1560.00;0.00;540.00;1957.99;1231.00;0.00;0.00;1992.33;0.00;0.00;1743.33;0.00;0.00;630.00;0.00;0.00;2876.33;2150.32;1946.33;4494.00;2944.66;2720.00;2960.00;2720.00;1630.00;2240.00;1460.00;1919.33;230.00;540.00;860.00;1230.00;2670.99;1914.67;1661.66;1192.33;1144.67;470.00;534.66;1820.00
1763508946.02862;0.00;0.00;0.00;0.00;0.00;0.00;0.00;1560.00;0.00;540.00;1957.99;1328.00;0.00;0.00;1992.33;0.00;0.00;1743.33;0.00;0.00;630.00;0.00;0.00;3101.00;2374.99;2273.33;4574.00;2944.66;2720.00;2960.00;2720.00;1630.00;2240.00;1460.00;2144.00;230.00;540.00;860.00;1230.00;2820.99;2064.67;1661.66;1192.33;1257.00;470.00;534.66;1820.00
1763508946.029485;0.00;0.00;0.00;0.00;0.00;0.00;0.00;1560.00;0.00;540.00;1957.99;1328.00;0.00;0.00;1992.33;0.00;0.00;1743.33;0.00;0.00;630.00;0.00;0.00;3101.00;2374.99;2273.33;4574.00;2944.66;2720.00;2960.00;2720.00;1630.00;2240.00;1460.00;2144.00;230.00;540.00;860.00;1230.00;2820.99;2064.67;1661.66;1192.33;1257.00;470.00;534.66;1820.00
1763508946.080114;0.00;0.00;0.00;0.00;0.00;0.00;0.00;1560.00;0.00;540.00;1957.99;1745.00;0.00;0.00;1992.33;0.00;0.00;1743.33;0.00;0.00;630.00;0.00;0.00;3571.00;2614.99;2513.33;4798.67;3169.33;2720.00;2960.00;2720.00;1630.00;2240.00;1460.00;2454.00;230.00;540.00;860.00;1230.00;2820.99;2064.67;1661.66;1192.33;1257.00;470.00;534.66;2120.00
1763508946.0809636;0.00;0.00;0.00;0.00;0.00;0.00;0.00;1560.00;0.00;540.00;1957.99;1745.00;0.00;0.00;1992.33;0.00;0.00;1743.33;0.00;0.00;630.00;0.00;0.00;3571.00;2614.99;2513.33;4798.67;3169.33;2720.00;2960.00;2720.00;1630.00;2240.00;1460.00;2454.00;230.00;540.00;860.00;1230.00;2820.99;2064.67;1661.66;1192.33;1257.00;470.00;534.66;2120.00
1763508946.1177702;0.00;0.00;0.00;0.00;0.00;0.00;0.00;1560.00;0.00;540.00;1957.99;1937.33;0.00;0.00;1992.33;0.00;0.00;1743.33;0.00;0.00;630.00;0.00;0.00;3881.00;2924.99;2823.33;4878.67;3479.33;3030.00;3270.00;3030.00;1940.00;2550.00;1770.00;2764.00;230.00;540.00;860.00;1230.00;2970.99;2214.67;1661.66;1192.33;1257.00;470.00;534.66;2120.00
1763508946.118274;0.00;0.00;0.00;0.00;0.00;0.00;0.00;1560.00;0.00;540.00;1957.99;1937.33;0.00;0.00;1992.33;0.00;0.00;1743.33;0.00;0.00;630.00;0.00;0.00;3881.00;2924.99;2823.33;4878.67;3479.33;3030.00;3270.00;3030.00;1940.00;2550.00;1770.00;2764.00;230.00;540.00;860.00;1230.00;2970.99;2214.67;1661.66;1192.33;1257.00;470.00;534.66;2120.00
1763508948.5655816;0.00;0.00;0.00;0.00;0.00;0.00;0.00;850.00;0.00;540.00;1326.33;1937.33;0.00;0.00;1880.00;0.00;32.33;1326.33;0.00;0.00;630.00;0.00;0.00;2924.00;2603.33;2298.67;3301.67;2169.33;2180.00;2490.00;2410.00;1630.00;2240.00;1460.00;2229.33;0.00;540.00;550.00;770.00;2548.66;1567.00;1239.33;882.33;1107.00;470.00;374.66;1810.00
1763508948.5665038;0.00;0.00;0.00;0.00;0.00;0.00;0.00;850.00;0.00;540.00;1326.33;1937.33;0.00;0.00;1880.00;0.00;32.33;1326.33;0.00;0.00;630.00;0.00;0.00;2924.00;2603.33;2298.67;3301.67;2169.33;2180.00;2490.00;2410.00;1630.00;2240.00;1460.00;2229.33;0.00;540.00;550.00;770.00;2548.66;1567.00;1239.33;882.33;1107.00;470.00;374.66;1810.00
1763508948.6094787;0.00;390.00;0.00;0.00;0.00;0.00;0.00;850.00;0.00;540.00;1326.33;1937.33;0.00;0.00;1880.00;0.00;32.33;1326.33;0.00;0.00;630.00;0.00;0.00;2924.00;2603.33;2298.67;3301.67;2169.33;2180.00;2490.00;2410.00;2020.00;2400.00;1620.00;2379.33;0.00;540.00;550.00;770.00;2548.66;1567.00;1239.33;882.33;1107.00;470.00;684.66;1960.00
1763508948.610391;0.00;390.00;0.00;0.00;0.00;0.00;0.00;850.00;0.00;540.00;1326.33;1937.33;0.00;0.00;1880.00;0.00;32.33;1326.33;0.00;0.00;630.00;0.00;0.00;2924.00;2603.33;2298.67;3301.67;2169.33;2180.00;2490.00;2410.00;2020.00;2400.00;1620.00;2379.33;0.00;540.00;550.00;770.00;2548.66;1567.00;1239.33;882.33;1107.00;470.00;684.66;1960.00
1763508948.6534019;0.00;390.00;0.00;0.00;0.00;0.00;0.00;850.00;0.00;540.00;1326.33;1937.33;0.00;0.00;1880.00;230.00;32.33;1326.33;0.00;0.00;630.00;0.00;0.00;2924.00;2603.33;2298.67;3301.67;2169.33;2180.00;2490.00;2410.00;2020.00;2400.00;1620.00;2379.33;0.00;540.00;550.00;770.00;2548.66;1567.00;1239.33;882.33;1107.00;470.00;684.66;1960.00
1763508948.6542962;0.00;390.00;0.00;0.00;0.00;0.00;0.00;850.00;0.00;540.00;1326.33;1937.33;0.00;0.00;1880.00;230.00;32.33;1326.33;0.00;0.00;630.00;0.00;0.00;2924.00;2603.33;2298.67;3301.67;2169.33;2180.00;2490.00;2410.00;2020.00;2400.00;1620.00;2379.33;0.00;540.00;550.00;770.00;2548.66;1567.00;1239.33;882.33;1107.00;470.00;684.66;1960.00
1763508948.6980739;0.00;390.00;0.00;0.00;0.00;0.00;0.00;850.00;0.00;540.00;1326.33;1937.33;0.00;0.00;1880.00;230.00;32.33;1733.33;0.00;0.00;630.00;0.00;0.00;2924.00;2603.33;2705.67;3381.67;2399.33;2410.00;2490.00;2410.00;2020.00;2400.00;1620.00;2379.33;230.00;540.00;550.00;770.00;3035.66;1717.00;1239.33;882.33;1107.00;470.00;684.66;1960.00
1763508948.6989844;0.00;390.00;0.00;0.00;0.00;0.00;0.00;850.00;0.00;540.00;1326.33;1937.33;0.00;0.00;1880.00;230.00;32.33;1733.33;0.00;0.00;630.00;0.00;0.00;2924.00;2603.33;2705.67;3381.67;2399.33;2410.00;2490.00;2410.00;2020.00;2400.00;1620.00;2379.33;230.00;540.00;550.00;770.00;3035.66;1717.00;1239.33;882.33;1107.00;470.00;684.66;1960.00
1763508948.7439709;0.00;390.00;0.00;0.00;0.00;0.00;0.00;850.00;0.00;540.00;1326.33;1937.33;0.00;0.00;1880.00;230.00;32.33;1830.33;0.00;0.00;630.00;0.00;0.00;3148.67;2828.00;2888.00;3574.00;2629.33;2640.00;2490.00;2410.00;2020.00;2400.00;1620.00;2379.33;460.00;540.00;550.00;770.00;3185.66;1979.33;1559.33;882.33;1107.00;470.00;684.66;2184.67
1763508948.744842;0.00;390.00;0.00;0.00;0.00;0.00;0.00;850.00;0.00;540.00;1326.33;1937.33;0.00;0.00;1880.00;230.00;32.33;1830.33;0.00;0.00;630.00;0.00;0.00;3148.67;2828.00;2888.00;3574.00;2629.33;2640.00;2490.00;2410.00;2020.00;2400.00;1620.00;2379.33;460.00;540.00;550.00;770.00;3185.66;1979.33;1559.33;882.33;1107.00;470.00;684.66;2184.67
1763508948.7747123;0.00;390.00;0.00;0.00;0.00;0.00;0.00;850.00;0.00;540.00;1326.33;1937.33;0.00;0.00;1880.00;230.00;32.33;1927.33;0.00;0.00;630.00;0.00;0.00;3148.67;2978.00;3295.00;4028.67;3084.00;2870.00;2490.00;2410.00;2020.00;2400.00;1620.00;2379.33;690.00;540.00;550.00;770.00;3297.99;1979.33;1709.33;1267.00;1257.00;470.00;684.66;2184.67
1763508948.775329;0.00;390.00;0.00;0.00;0.00;0.00;0.00;850.00;0.00;540.00;1326.33;1937.33;0.00;0.00;1880.00;230.00;32.33;1927.33;0.00;0.00;630.00;0.00;0.00;3148.67;2978.00;3295.00;4028.67;3084.00;2870.00;2490.00;2410.00;2020.00;2400.00;1620.00;2379.33;690.00;540.00;550.00;770.00;3297.99;1979.33;1709.33;1267.00;1257.00;470.00;684.66;2184.67
1763508948.8046124;0.00;390.00;0.00;0.00;0.00;0.00;0.00;850.00;0.00;540.00;1326.33;1937.33;0.00;0.00;1880.00;230.00;32.33;1927.33;0.00;0.00;1170.00;0.00;0.00;3148.67;2978.00;3295.00;4028.67;3084.00;2870.00;3030.00;2950.00;2250.00;2400.00;1620.00;2379.33;690.00;540.00;860.00;770.00;3297.99;1979.33;1709.33;1267.00;1257.00;470.00;684.66;2184.67
1763508948.8051782;0.00;390.00;0.00;0.00;0.00;0.00;0.00;850.00;0.00;540.00;1326.33;1937.33;0.00;0.00;1880.00;230.00;32.33;1927.33;0.00;0.00;1170.00;0.00;0.00;3148.67;2978.00;3295.00;4028.67;3084.00;2870.00;3030.00;2950.00;2250.00;2400.00;1620.00;2379.33;690.00;540.00;860.00;770.00;3297.99;1979.33;1709.33;1267.00;1257.00;470.00;684.66;2184.67
1763508948.8342686;0.00;390.00;0.00;0.00;0.00;0.00;0.00;850.00;0.00;540.00;1326.33;1937.33;0.00;0.00;1880.00;230.00;32.33;1927.33;0.00;0.00;1710.00;0.00;0.00;3148.67;2978.00;3295.00;4028.67;3084.00;2870.00;3260.00;2950.00;2250.00;2400.00;1620.00;2379.33;1000.00;540.00;860.00;770.00;3297.99;1979.33;1709.33;1267.00;1257.00;470.00;684.66;2184.67
1763508948.834816;0.00;390.00;0.00;0.00;0.00;0.00;0.00;850.00;0.00;540.00;1326.33;1937.33;0.00;0.00;1880.00;230.00;32.33;1927.33;0.00;0.00;1710.00;0.00;0.00;3148.67;2978.00;3295.00;4028.67;3084.00;2870.00;3260.00;2950.00;2250.00;2400.00;1620.00;2379.33;1000.00;540.00;860.00;770.00;3297.99;1979.33;1709.33;1267.00;1257.00;470.00;684.66;2184.67
1763508948.8697307;0.00;390.00;0.00;0.00;0.00;0.00;0.00;850.00;0.00;540.00;1326.33;1937.33;0.00;0.00;1880.00;230.00;32.33;1927.33;0.00;0.00;1710.00;0.00;0.00;3148.67;2978.00;3295.00;4028.67;3084.00;2870.00;3260.00;2950.00;2250.00;2400.00;1620.00;2379.33;1000.00;540.00;860.00;770.00;3297.99;1979.33;1709.33;1267.00;1257.00;470.00;684.66;2184.67
1763508948.8704116;0.00;390.00;0.00;0.00;0.00;0.00;0.00;850.00;0.00;540.00;1326.33;1937.33;0.00;0.00;1880.00;230.00;32.33;1927.33;0.00;0.00;1710.00;0.00;0.00;3148.67;2978.00;3295.00;4028.67;3084.00;2870.00;3260.00;2950.00;2250.00;2400.00;1620.00;2379.33;1000.00;540.00;860.00;770.00;3297.99;1979.33;1709.33;1267.00;1257.00;470.00;684.66;2184.67
1763508953.4267366;0.00;390.00;0.00;0.00;0.00;0.00;0.00;770.00;0.00;0.00;1326.33;1937.33;0.00;0.00;1640.00;230.00;112.33;1687.33;0.00;0.00;1710.00;0.00;0.00;2998.67;2898.00;3135.00;3648.67;2624.00;2630.00;3020.00;2560.00;2090.00;2240.00;1470.00;2229.33;1000.00;540.00;860.00;770.00;3147.99;1829.33;1709.33;957.00;1257.00;470.00;684.66;1884.67
1763508953.4276278;0.00;390.00;0.00;0.00;0.00;0.00;0.00;770.00;0.00;0.00;1326.33;1937.33;0.00;0.00;1640.00;230.00;112.33;1687.33;0.00;0.00;1710.00;0.00;0.00;2998.67;2898.00;3135.00;3648.67;2624.00;2630.00;3020.00;2560.00;2090.00;2240.00;1470.00;2229.33;1000.00;540.00;860.00;770.00;3147.99;1829.33;1709.33;957.00;1257.00;470.00;684.66;1884.67
1763508953.4613495;0.00;390.00;0.00;0.00;0.00;0.00;0.00;770.00;0.00;0.00;1326.33;1937.33;0.00;0.00;1640.00;230.00;352.33;1687.33;0.00;0.00;1710.00;0.00;0.00;2998.67;2898.00;3135.00;3808.67;2934.00;2630.00;3020.00;2560.00;2090.00;2240.00;1470.00;2229.33;1000.00;540.00;860.00;770.00;3297.99;1979.33;1709.33;957.00;1257.00;470.00;684.66;1884.67
1763508953.4618664;0.00;390.00;0.00;0.00;0.00;0.00;0.00;770.00;0.00;0.00;1326.33;1937.33;0.00;0.00;1640.00;230.00;352.33;1687.33;0.00;0.00;1710.00;0.00;0.00;2998.67;2898.00;3135.00;3808.67;2934.00;2630.00;3020.00;2560.00;2090.00;2240.00;1470.00;2229.33;1000.00;540.00;860.00;770.00;3297.99;1979.33;1709.33;957.00;1257.00;470.00;684.66;1884.67
1763508953.507838;0.00;390.00;0.00;0.00;0.00;0.00;0.00;770.00;0.00;0.00;1326.33;1937.33;0.00;0.00;1640.00;230.00;352.33;1687.33;0.00;0.00;1950.00;0.00;0.00;3148.67;2898.00;3135.00;3958.67;3014.00;2710.00;3180.00;2710.00;2240.00;2390.00;1620.00;2379.33;1000.00;540.00;860.00;770.00;3447.99;1979.33;1709.33;957.00;1257.00;470.00;684.66;1884.67
1763508953.5087423;0.00;390.00;0.00;0.00;0.00;0.00;0.00;770.00;0.00;0.00;1326.33;1937.33;0.00;0.00;1640.00;230.00;352.33;1687.33;0.00;0.00;1950.00;0.00;0.00;3148.67;2898.00;3135.00;3958.67;3014.00;2710.00;3180.00;2710.00;2240.00;2390.00;1620.00;2379.33;1000.00;540.00;860.00;770.00;3447.99;1979.33;1709.33;957.00;1257.00;470.00;684.66;1884.67
1763508953.560573;0.00;390.00;0.00;0.00;0.00;0.00;0.00;770.00;0.00;0.00;1326.33;1937.33;0.00;0.00;1640.00;230.00;352.33;1687.33;0.00;0.00;1950.00;0.00;0.00;3148.67;2898.00;3135.00;3958.67;3014.00;2710.00;3180.00;2710.00;2240.00;2390.00;1620.00;2379.33;1000.00;540.00;860.00;770.00;3447.99;1979.33;1709.33;957.00;1257.00;470.00;684.66;1884.67
1763508953.5614784;0.00;390.00;0.00;0.00;0.00;0.00;0.00;770.00;0.00;0.00;1326.33;1937.33;0.00;0.00;1640.00;230.00;352.33;1687.33;0.00;0.00;1950.00;0.00;0.00;3148.67;2898.00;3135.00;3958.67;3014.00;2710.00;3180.00;2710.00;2240.00;2390.00;1620.00;2379.33;1000.00;540.00;860.00;770.00;3447.99;1979.33;1709.33;957.00;1257.00;470.00;684.66;1884.67
1763508958.584171;0.00;390.00;0.00;0.00;0.00;0.00;0.00;770.00;0.00;0.00;1326.33;1937.33;0.00;380.00;1010.00;230.00;352.33;1687.33;0.00;0.00;1950.00;0.00;0.00;3378.67;3048.00;3285.00;3798.67;2854.00;2550.00;3020.00;2550.00;2470.00;2620.00;1850.00;2609.33;1000.00;540.00;700.00;770.00;3297.99;1979.33;1709.33;647.00;1257.00;470.00;684.66;1884.67
1763508958.5850718;0.00;390.00;0.00;0.00;0.00;0.00;0.00;770.00;0.00;0.00;1326.33;1937.33;0.00;380.00;1010.00;230.00;352.33;1687.33;0.00;0.00;1950.00;0.00;0.00;3378.67;3048.00;3285.00;3798.67;2854.00;2550.00;3020.00;2550.00;2470.00;2620.00;1850.00;2609.33;1000.00;540.00;700.00;770.00;3297.99;1979.33;1709.33;647.00;1257.00;470.00;684.66;1884.67
1763508958.6298716;0.00;390.00;0.00;0.00;0.00;0.00;0.00;770.00;0.00;0.00;1326.33;1937.33;0.00;380.00;1010.00;230.00;892.33;1687.33;0.00;0.00;1950.00;0.00;0.00;3378.67;3048.00;3285.00;3798.67;2854.00;2550.00;3020.00;2550.00;2470.00;2620.00;1850.00;2609.33;1000.00;540.00;700.00;770.00;3297.99;1979.33;1709.33;647.00;1257.00;470.00;684.66;1884.67
1763508958.6307588;0.00;390.00;0.00;0.00;0.00;0.00;0.00;770.00;0.00;0.00;1326.33;1937.33;0.00;380.00;1010.00;230.00;892.33;1687.33;0.00;0.00;1950.00;0.00;0.00;3378.67;3048.00;3285.00;3798.67;2854.00;2550.00;3020.00;2550.00;2470.00;2620.00;1850.00;2609.33;1000.00;540.00;700.00;770.00;3297.99;1979.33;1709.33;647.00;1257.00;470.00;684.66;1884.67
1763508963.449817;0.00;390.00;0.00;0.00;0.00;0.00;0.00;770.00;0.00;0.00;1229.33;1937.33;0.00;380.00;1010.00;230.00;892.33;1687.33;0.00;0.00;1950.00;0.00;0.00;3138.67;2808.00;3140.33;3798.67;2854.00;2550.00;3020.00;2550.00;2240.00;2390.00;1770.00;2529.33;1000.00;540.00;700.00;770.00;3185.66;1979.33;1709.33;647.00;1032.33;470.00;684.66;1724.67
1763508963.4507427;0.00;390.00;0.00;0.00;0.00;0.00;0.00;770.00;0.00;0.00;1229.33;1937.33;0.00;380.00;1010.00;230.00;892.33;1687.33;0.00;0.00;1950.00;0.00;0.00;3138.67;2808.00;3140.33;3798.67;2854.00;2550.00;3020.00;2550.00;2240.00;2390.00;1770.00;2529.33;1000.00;540.00;700.00;770.00;3185.66;1979.33;1709.33;647.00;1032.33;470.00;684.66;1724.67
1763508967.8660266;0.00;390.00;0.00;0.00;0.00;0.00;0.00;0.00;0.00;230.00;1229.33;1937.33;0.00;380.00;1010.00;230.00;892.33;1687.33;0.00;0.00;1950.00;0.00;0.00;3138.67;2808.00;3140.33;3798.67;2854.00;2550.00;3020.00;2010.00;1930.00;2080.00;1770.00;2529.33;1000.00;540.00;700.00;770.00;3185.66;1979.33;1709.33;647.00;1032.33;470.00;684.66;1724.67
1763508967.8665414;0.00;390.00;0.00;0.00;0.00;0.00;0.00;0.00;0.00;230.00;1229.33;1937.33;0.00;380.00;1010.00;230.00;892.33;1687.33;0.00;0.00;1950.00;0.00;0.00;3138.67;2808.00;3140.33;3798.67;2854.00;2550.00;3020.00;2010.00;1930.00;2080.00;1770.00;2529.33;1000.00;540.00;700.00;770.00;3185.66;1979.33;1709.33;647.00;1032.33;470.00;684.66;1724.67
1763508967.916203;0.00;390.00;0.00;0.00;0.00;0.00;0.00;0.00;0.00;460.00;1229.33;1937.33;0.00;380.00;1010.00;230.00;892.33;1687.33;0.00;0.00;1950.00;0.00;0.00;3138.67;2808.00;3140.33;3798.67;2854.00;2550.00;3020.00;2240.00;1930.00;2080.00;1770.00;2529.33;1000.00;540.00;930.00;770.00;3185.66;1979.33;1709.33;647.00;1032.33;470.00;684.66;1724.67
1763508967.917102;0.00;390.00;0.00;0.00;0.00;0.00;0.00;0.00;0.00;460.00;1229.33;1937.33;0.00;380.00;1010.00;230.00;892.33;1687.33;0.00;0.00;1950.00;0.00;0.00;3138.67;2808.00;3140.33;3798.67;2854.00;2550.00;3020.00;2240.00;1930.00;2080.00;1770.00;2529.33;1000.00;540.00;930.00;770.00;3185.66;1979.33;1709.33;647.00;1032.33;470.00;684.66;1724.67
1763508967.967364;0.00;390.00;0.00;0.00;0.00;0.00;0.00;0.00;0.00;642.33;1229.33;1937.33;0.00;380.00;1010.00;230.00;892.33;1687.33;0.00;0.00;1950.00;0.00;0.00;3138.67;2808.00;3140.33;3798.67;2854.00;2550.00;3020.00;2422.33;2042.33;2192.33;1882.33;2641.66;1000.00;540.00;1160.00;770.00;3185.66;1979.33;1709.33;647.00;1032.33;470.00;684.66;1837.00
1763508967.968395;0.00;390.00;0.00;0.00;0.00;0.00;0.00;0.00;0.00;642.33;1229.33;1937.33;0.00;380.00;1010.00;230.00;892.33;1687.33;0.00;0.00;1950.00;0.00;0.00;3138.67;2808.00;3140.33;3798.67;2854.00;2550.00;3020.00;2422.33;2042.33;2192.33;1882.33;2641.66;1000.00;540.00;1160.00;770.00;3185.66;1979.33;1709.33;647.00;1032.33;470.00;684.66;1837.00
1763508968.0006812;0.00;390.00;0.00;0.00;0.00;0.00;0.00;0.00;0.00;1182.33;1229.33;1937.33;0.00;380.00;1010.00;230.00;892.33;1687.33;0.00;0.00;1950.00;0.00;0.00;3138.67;2808.00;3140.33;3798.67;2854.00;2550.00;3020.00;2962.33;2042.33;2192.33;1882.33;2641.66;1000.00;540.00;1470.00;770.00;3185.66;1979.33;1709.33;647.00;1032.33;470.00;684.66;1837.00
1763508968.0012143;0.00;390.00;0.00;0.00;0.00;0.00;0.00;0.00;0.00;1182.33;1229.33;1937.33;0.00;380.00;1010.00;230.00;892.33;1687.33;0.00;0.00;1950.00;0.00;0.00;3138.67;2808.00;3140.33;3798.67;2854.00;2550.00;3020.00;2962.33;2042.33;2192.33;1882.33;2641.66;1000.00;540.00;1470.00;770.00;3185.66;1979.33;1709.33;647.00;1032.33;470.00;684.66;1837.00
1763508968.0311852;0.00;390.00;0.00;0.00;0.00;0.00;0.00;0.00;0.00;1722.33;1229.33;1937.33;0.00;380.00;1010.00;230.00;892.33;1687.33;0.00;0.00;1950.00;0.00;0.00;3138.67;2808.00;3140.33;3798.67;2854.00;2550.00;3020.00;3502.33;2042.33;2192.33;1882.33;2641.66;1000.00;540.00;2010.00;770.00;3185.66;1979.33;1709.33;647.00;1032.33;470.00;684.66;1837.00
1763508968.031717;0.00;390.00;0.00;0.00;0.00;0.00;0.00;0.00;0.00;1722.33;1229.33;1937.33;0.00;380.00;1010.00;230.00;892.33;1687.33;0.00;0.00;1950.00;0.00;0.00;3138.67;2808.00;3140.33;3798.67;2854.00;2550.00;3020.00;3502.33;2042.33;2192.33;1882.33;2641.66;1000.00;540.00;2010.00;770.00;3185.66;1979.33;1709.33;647.00;1032.33;470.00;684.66;1837.00
1763508968.0664144;0.00;390.00;0.00;0.00;0.00;0.00;0.00;0.00;0.00;1722.33;1229.33;1937.33;0.00;380.00;1010.00;230.00;892.33;1687.33;0.00;0.00;1950.00;0.00;0.00;3138.67;2808.00;3140.33;3798.67;2854.00;2550.00;3020.00;3502.33;2042.33;2192.33;1882.33;2641.66;1000.00;540.00;2010.00;770.00;3185.66;1979.33;1709.33;647.00;1032.33;470.00;684.66;1837.00
1763508968.066992;0.00;390.00;0.00;0.00;0.00;0.00;0.00;0.00;0.00;1722.33;1229.33;1937.33;0.00;380.00;1010.00;230.00;892.33;1687.33;0.00;0.00;1950.00;0.00;0.00;3138.67;2808.00;3140.33;3798.67;2854.00;2550.00;3020.00;3502.33;2042.33;2192.33;1882.33;2641.66;1000.00;540.00;2010.00;770.00;3185.66;1979.33;1709.33;647.00;1032.33;470.00;684.66;1837.00
1763508968.452636;0.00;390.00;0.00;0.00;0.00;0.00;0.00;0.00;0.00;1722.33;812.33;1937.33;0.00;380.00;1010.00;0.00;892.33;1944.33;0.00;0.00;1950.00;0.00;0.00;2908.67;2615.67;3075.66;3878.67;3084.00;2400.00;2870.00;3422.33;1962.33;2112.33;1802.33;2561.66;1000.00;540.00;2010.00;540.00;3297.99;2129.33;1597.00;497.00;1257.00;470.00;684.66;1687.00
1763508968.4535415;0.00;390.00;0.00;0.00;0.00;0.00;0.00;0.00;0.00;1722.33;812.33;1937.33;0.00;380.00;1010.00;0.00;892.33;1944.33;0.00;0.00;1950.00;0.00;0.00;2908.67;2615.67;3075.66;3878.67;3084.00;2400.00;2870.00;3422.33;1962.33;2112.33;1802.33;2561.66;1000.00;540.00;2010.00;540.00;3297.99;2129.33;1597.00;497.00;1257.00;470.00;684.66;1687.00
1763508968.5056033;0.00;390.00;0.00;0.00;0.00;0.00;0.00;0.00;0.00;1722.33;812.33;1937.33;0.00;380.00;1010.00;0.00;892.33;1944.33;0.00;0.00;1950.00;0.00;0.00;2908.67;2615.67;3075.66;3878.67;3084.00;2400.00;2870.00;3422.33;1962.33;2112.33;1802.33;2561.66;1000.00;540.00;2010.00;540.00;3297.99;2129.33;1597.00;497.00;1257.00;470.00;684.66;1687.00
1763508968.5065117;0.00;390.00;0.00;0.00;0.00;0.00;0.00;0.00;0.00;1722.33;812.33;1937.33;0.00;380.00;1010.00;0.00;892.33;1944.33;0.00;0.00;1950.00;0.00;0.00;2908.67;2615.67;3075.66;3878.67;3084.00;2400.00;2870.00;3422.33;1962.33;2112.33;1802.33;2561.66;1000.00;540.00;2010.00;540.00;3297.99;2129.33;1597.00;497.00;1257.00;470.00;684.66;1687.00
1763508973.4514015;0.00;390.00;540.00;0.00;0.00;0.00;0.00;0.00;0.00;1722.33;812.33;1937.33;0.00;380.00;1010.00;0.00;892.33;1944.33;0.00;0.00;1410.00;0.00;0.00;2908.67;2615.67;3075.66;3878.67;3084.00;2400.00;2870.00;3422.33;1962.33;2112.33;1802.33;2561.66;1000.00;540.00;2010.00;540.00;3297.99;2129.33;1597.00;497.00;1257.00;470.00;684.66;1687.00
1763508973.4519198;0.00;390.00;540.00;0.00;0.00;0.00;0.00;0.00;0.00;1722.33;812.33;1937.33;0.00;380.00;1010.00;0.00;892.33;1944.33;0.00;0.00;1410.00;0.00;0.00;2908.67;2615.67;3075.66;3878.67;3084.00;2400.00;2870.00;3422.33;1962.33;2112.33;1802.33;2561.66;1000.00;540.00;2010.00;540.00;3297.99;2129.33;1597.00;497.00;1257.00;470.00;684.66;1687.00
1763508987.041214;0.00;390.00;0.00;230.00;0.00;0.00;0.00;0.00;0.00;1722.33;0.00;1937.33;0.00;380.00;1010.00;0.00;892.33;1343.33;0.00;0.00;0.00;0.00;0.00;2534.00;2241.00;1929.33;2189.34;1587.00;1240.00;1240.00;2722.33;1572.33;1652.33;1502.33;2261.66;0.00;540.00;1700.00;310.00;2248.66;1407.00;1127.00;0.00;957.00;320.00;684.66;1312.33
1763508987.0420973;0.00;390.00;0.00;230.00;0.00;0.00;0.00;0.00;0.00;1722.33;0.00;1937.33;0.00;380.00;1010.00;0.00;892.33;1343.33;0.00;0.00;0.00;0.00;0.00;2534.00;2241.00;1929.33;2189.34;1587.00;1240.00;1240.00;2722.33;1572.33;1652.33;1502.33;2261.66;0.00;540.00;1700.00;310.00;2248.66;1407.00;1127.00;0.00;957.00;320.00;684.66;1312.33
1763508987.088784;0.00;390.00;0.00;460.00;0.00;0.00;0.00;0.00;0.00;1722.33;0.00;1937.33;0.00;380.00;1010.00;0.00;892.33;1343.33;0.00;0.00;0.00;0.00;0.00;2534.00;2241.00;1929.33;2189.34;1587.00;1240.00;1240.00;2722.33;1802.33;1652.33;1502.33;2261.66;0.00;540.00;1700.00;310.00;2248.66;1407.00;1127.00;0.00;957.00;320.00;684.66;1312.33
1763508987.0896716;0.00;390.00;0.00;460.00;0.00;0.00;0.00;0.00;0.00;1722.33;0.00;1937.33;0.00;380.00;1010.00;0.00;892.33;1343.33;0.00;0.00;0.00;0.00;0.00;2534.00;2241.00;1929.33;2189.34;1587.00;1240.00;1240.00;2722.33;1802.33;1652.33;1502.33;2261.66;0.00;540.00;1700.00;310.00;2248.66;1407.00;1127.00;0.00;957.00;320.00;684.66;1312.33
1763508987.1367962;0.00;390.00;0.00;850.00;0.00;0.00;0.00;0.00;0.00;1722.33;0.00;1937.33;0.00;380.00;1010.00;0.00;892.33;1343.33;0.00;0.00;0.00;0.00;0.00;2534.00;2241.00;1929.33;2189.34;1587.00;1240.00;1240.00;2722.33;2032.33;1812.33;1652.33;2411.66;0.00;540.00;1700.00;310.00;2248.66;1407.00;1127.00;0.00;957.00;320.00;684.66;1462.33
1763508987.1376925;0.00;390.00;0.00;850.00;0.00;0.00;0.00;0.00;0.00;1722.33;0.00;1937.33;0.00;380.00;1010.00;0.00;892.33;1343.33;0.00;0.00;0.00;0.00;0.00;2534.00;2241.00;1929.33;2189.34;1587.00;1240.00;1240.00;2722.33;2032.33;1812.33;1652.33;2411.66;0.00;540.00;1700.00;310.00;2248.66;1407.00;1127.00;0.00;957.00;320.00;684.66;1462.33
1763508987.1713943;0.00;390.00;0.00;1080.00;0.00;0.00;0.00;0.00;0.00;1722.33;0.00;1937.33;0.00;380.00;1010.00;0.00;892.33;1343.33;0.00;0.00;0.00;0.00;0.00;2534.00;2241.00;1929.33;2189.34;1587.00;1240.00;1240.00;2722.33;2262.33;1812.33;1652.33;2411.66;0.00;540.00;1700.00;310.00;2248.66;1407.00;1127.00;0.00;957.00;320.00;684.66;1462.33
1763508987.1719387;0.00;390.00;0.00;1080.00;0.00;0.00;0.00;0.00;0.00;1722.33;0.00;1937.33;0.00;380.00;1010.00;0.00;892.33;1343.33;0.00;0.00;0.00;0.00;0.00;2534.00;2241.00;1929.33;2189.34;1587.00;1240.00;1240.00;2722.33;2262.33;1812.33;1652.33;2411.66;0.00;540.00;1700.00;310.00;2248.66;1407.00;1127.00;0.00;957.00;320.00;684.66;1462.33
1763508987.2167926;0.00;390.00;0.00;1310.00;0.00;0.00;0.00;0.00;0.00;1722.33;0.00;1937.33;0.00;380.00;1010.00;0.00;892.33;1343.33;0.00;0.00;0.00;0.00;0.00;2534.00;2241.00;1929.33;2189.34;1587.00;1240.00;1240.00;2722.33;2492.33;1812.33;1652.33;2411.66;0.00;540.00;1700.00;310.00;2248.66;1407.00;1127.00;0.00;957.00;320.00;684.66;1462.33
1763508987.217692;0.00;390.00;0.00;1310.00;0.00;0.00;0.00;0.00;0.00;1722.33;0.00;1937.33;0.00;380.00;1010.00;0.00;892.33;1343.33;0.00;0.00;0.00;0.00;0.00;2534.00;2241.00;1929.33;2189.34;1587.00;1240.00;1240.00;2722.33;2492.33;1812.33;1652.33;2411.66;0.00;540.00;1700.00;310.00;2248.66;1407.00;1127.00;0.00;957.00;320.00;684.66;1462.33
1763508987.2645369;0.00;390.00;0.00;1540.00;0.00;0.00;0.00;0.00;0.00;1722.33;0.00;1937.33;0.00;380.00;1010.00;0.00;892.33;1343.33;0.00;0.00;0.00;0.00;0.00;2534.00;2241.00;1929.33;2189.34;1587.00;1240.00;1240.00;2722.33;2722.33;1812.33;1652.33;2411.66;0.00;540.00;1700.00;310.00;2248.66;1407.00;1127.00;0.00;957.00;320.00;684.66;1462.33
1763508987.2654412;0.00;390.00;0.00;1540.00;0.00;0.00;0.00;0.00;0.00;1722.33;0.00;1937.33;0.00;380.00;1010.00;0.00;892.33;1343.33;0.00;0.00;0.00;0.00;0.00;2534.00;2241.00;1929.33;2189.34;1587.00;1240.00;1240.00;2722.33;2722.33;1812.33;1652.33;2411.66;0.00;540.00;1700.00;310.00;2248.66;1407.00;1127.00;0.00;957.00;320.00;684.66;1462.33
1763509007.8979604;0.00;390.00;0.00;1540.00;0.00;0.00;0.00;0.00;0.00;1722.33;0.00;1937.33;0.00;380.00;1010.00;0.00;892.33;1343.33;0.00;247.00;0.00;0.00;0.00;2534.00;2241.00;1929.33;2634.01;2127.00;1470.00;1470.00;2722.33;2722.33;1812.33;1652.33;2411.66;0.00;540.00;1700.00;540.00;2510.99;1631.67;1127.00;0.00;957.00;320.00;684.66;1462.33
1763509007.8988585;0.00;390.00;0.00;1540.00;0.00;0.00;0.00;0.00;0.00;1722.33;0.00;1937.33;0.00;380.00;1010.00;0.00;892.33;1343.33;0.00;247.00;0.00;0.00;0.00;2534.00;2241.00;1929.33;2634.01;2127.00;1470.00;1470.00;2722.33;2722.33;1812.33;1652.33;2411.66;0.00;540.00;1700.00;540.00;2510.99;1631.67;1127.00;0.00;957.00;320.00;684.66;1462.33
1763509007.9479997;0.00;390.00;0.00;1540.00;0.00;0.00;0.00;0.00;0.00;1722.33;0.00;1937.33;0.00;380.00;1010.00;0.00;892.33;1343.33;0.00;804.00;0.00;0.00;0.00;2534.00;2241.00;1929.33;3184.01;2127.00;1470.00;1470.00;2722.33;2722.33;1812.33;1652.33;2411.66;0.00;540.00;1700.00;540.00;2997.99;1631.67;1127.00;0.00;957.00;320.00;684.66;1462.33
1763509007.9489102;0.00;390.00;0.00;1540.00;0.00;0.00;0.00;0.00;0.00;1722.33;0.00;1937.33;0.00;380.00;1010.00;0.00;892.33;1343.33;0.00;804.00;0.00;0.00;0.00;2534.00;2241.00;1929.33;3184.01;2127.00;1470.00;1470.00;2722.33;2722.33;1812.33;1652.33;2411.66;0.00;540.00;1700.00;540.00;2997.99;1631.67;1127.00;0.00;957.00;320.00;684.66;1462.33
1763509007.9980845;0.00;390.00;0.00;1540.00;0.00;0.00;0.00;0.00;0.00;1722.33;0.00;1937.33;0.00;380.00;1010.00;0.00;892.33;1343.33;0.00;996.33;0.00;0.00;0.00;2806.33;2513.33;2201.66;3264.01;2127.00;1470.00;1470.00;2722.33;2722.33;1812.33;1652.33;2523.99;0.00;540.00;1700.00;540.00;2997.99;1781.67;1127.00;0.00;957.00;320.00;684.66;1772.33
1763509007.998991;0.00;390.00;0.00;1540.00;0.00;0.00;0.00;0.00;0.00;1722.33;0.00;1937.33;0.00;380.00;1010.00;0.00;892.33;1343.33;0.00;996.33;0.00;0.00;0.00;2806.33;2513.33;2201.66;3264.01;2127.00;1470.00;1470.00;2722.33;2722.33;1812.33;1652.33;2523.99;0.00;540.00;1700.00;540.00;2997.99;1781.67;1127.00;0.00;957.00;320.00;684.66;1772.33
1763509008.0470984;0.00;390.00;0.00;1540.00;0.00;0.00;0.00;0.00;0.00;1722.33;0.00;1937.33;0.00;380.00;1010.00;0.00;892.33;1343.33;0.00;1236.33;0.00;0.00;0.00;2806.33;2513.33;2201.66;3504.01;2287.00;1630.00;1780.00;3032.33;2722.33;1812.33;1652.33;2523.99;150.00;540.00;2010.00;540.00;2997.99;1931.67;1127.00;0.00;957.00;320.00;684.66;1772.33
1763509008.0480392;0.00;390.00;0.00;1540.00;0.00;0.00;0.00;0.00;0.00;1722.33;0.00;1937.33;0.00;380.00;1010.00;0.00;892.33;1343.33;0.00;1236.33;0.00;0.00;0.00;2806.33;2513.33;2201.66;3504.01;2287.00;1630.00;1780.00;3032.33;2722.33;1812.33;1652.33;2523.99;150.00;540.00;2010.00;540.00;2997.99;1931.67;1127.00;0.00;957.00;320.00;684.66;1772.33
1763509008.1008031;0.00;390.00;0.00;1540.00;0.00;0.00;0.00;0.00;0.00;1722.33;0.00;1937.33;0.00;380.00;1010.00;0.00;892.33;1343.33;0.00;1813.33;0.00;0.00;0.00;2806.33;2513.33;2201.66;3968.68;2287.00;1630.00;1780.00;3032.33;2722.33;1812.33;1652.33;2523.99;150.00;540.00;2010.00;540.00;2997.99;2081.67;1127.00;0.00;957.00;320.00;684.66;1772.33
1763509008.1017203;0.00;390.00;0.00;1540.00;0.00;0.00;0.00;0.00;0.00;1722.33;0.00;1937.33;0.00;380.00;1010.00;0.00;892.33;1343.33;0.00;1813.33;0.00;0.00;0.00;2806.33;2513.33;2201.66;3968.68;2287.00;1630.00;1780.00;3032.33;2722.33;1812.33;1652.33;2523.99;150.00;540.00;2010.00;540.00;2997.99;2081.67;1127.00;0.00;957.00;320.00;684.66;1772.33
1763509008.1548262;0.00;390.00;0.00;1540.00;0.00;0.00;0.00;0.00;0.00;1722.33;0.00;1937.33;0.00;380.00;1010.00;0.00;892.33;1343.33;0.00;1910.33;0.00;0.00;0.00;2806.33;2983.33;2671.66;4535.68;2821.67;1940.00;1780.00;3032.33;2722.33;1812.33;1652.33;2523.99;150.00;540.00;2010.00;540.00;2997.99;2231.67;1597.00;224.67;957.00;320.00;684.66;1772.33
1763509008.1557355;0.00;390.00;0.00;1540.00;0.00;0.00;0.00;0.00;0.00;1722.33;0.00;1937.33;0.00;380.00;1010.00;0.00;892.33;1343.33;0.00;1910.33;0.00;0.00;0.00;2806.33;2983.33;2671.66;4535.68;2821.67;1940.00;1780.00;3032.33;2722.33;1812.33;1652.33;2523.99;150.00;540.00;2010.00;540.00;2997.99;2231.67;1597.00;224.67;957.00;320.00;684.66;1772.33
1763509021.8905017;0.00;390.00;0.00;1540.00;0.00;0.00;0.00;0.00;0.00;1722.33;0.00;1937.33;0.00;380.00;1010.00;0.00;892.33;1343.33;0.00;1910.33;230.00;0.00;0.00;2806.33;2983.33;2671.66;4535.68;2821.67;1940.00;1780.00;3032.33;2722.33;1812.33;1652.33;2523.99;380.00;540.00;2010.00;540.00;2997.99;2231.67;1597.00;224.67;957.00;320.00;684.66;1772.33
1763509021.891038;0.00;390.00;0.00;1540.00;0.00;0.00;0.00;0.00;0.00;1722.33;0.00;1937.33;0.00;380.00;1010.00;0.00;892.33;1343.33;0.00;1910.33;230.00;0.00;0.00;2806.33;2983.33;2671.66;4535.68;2821.67;1940.00;1780.00;3032.33;2722.33;1812.33;1652.33;2523.99;380.00;540.00;2010.00;540.00;2997.99;2231.67;1597.00;224.67;957.00;320.00;684.66;1772.33
1763509021.921078;0.00;390.00;0.00;1540.00;0.00;0.00;0.00;0.00;0.00;1722.33;0.00;1937.33;0.00;380.00;1010.00;0.00;892.33;1343.33;0.00;1910.33;620.00;0.00;0.00;2806.33;2983.33;2671.66;4695.68;2981.67;2100.00;1780.00;3032.33;2722.33;1812.33;1652.33;2523.99;380.00;540.00;2010.00;540.00;3147.99;2231.67;1597.00;224.67;957.00;320.00;684.66;1772.33
1763509021.9216056;0.00;390.00;0.00;1540.00;0.00;0.00;0.00;0.00;0.00;1722.33;0.00;1937.33;0.00;380.00;1010.00;0.00;892.33;1343.33;0.00;1910.33;620.00;0.00;0.00;2806.33;2983.33;2671.66;4695.68;2981.67;2100.00;1780.00;3032.33;2722.33;1812.33;1652.33;2523.99;380.00;540.00;2010.00;540.00;3147.99;2231.67;1597.00;224.67;957.00;320.00;684.66;1772.33
1763509022.0521677;0.00;390.00;0.00;1540.00;0.00;0.00;0.00;0.00;0.00;1722.33;0.00;1937.33;0.00;380.00;1010.00;0.00;892.33;1343.33;0.00;1910.33;1160.00;0.00;0.00;2806.33;2983.33;2671.66;4695.68;2981.67;2100.00;2090.00;3342.33;2722.33;1812.33;1652.33;2523.99;610.00;540.00;2320.00;540.00;3147.99;2231.67;1597.00;224.67;957.00;320.00;684.66;1772.33
1763509022.0530834;0.00;390.00;0.00;1540.00;0.00;0.00;0.00;0.00;0.00;1722.33;0.00;1937.33;0.00;380.00;1010.00;0.00;892.33;1343.33;0.00;1910.33;1160.00;0.00;0.00;2806.33;2983.33;2671.66;4695.68;2981.67;2100.00;2090.00;3342.33;2722.33;1812.33;1652.33;2523.99;610.00;540.00;2320.00;540.00;3147.99;2231.67;1597.00;224.67;957.00;320.00;684.66;1772.33
1763509022.1017854;0.00;390.00;0.00;1540.00;0.00;0.00;0.00;0.00;0.00;1722.33;0.00;1937.33;0.00;380.00;1010.00;0.00;892.33;1343.33;0.00;1910.33;1550.00;0.00;0.00;2806.33;2983.33;2671.66;4695.68;3141.67;2260.00;2090.00;3342.33;2722.33;1812.33;1652.33;2523.99;840.00;540.00;2320.00;540.00;3147.99;2381.67;1597.00;224.67;957.00;320.00;684.66;1772.33
1763509022.102318;0.00;390.00;0.00;1540.00;0.00;0.00;0.00;0.00;0.00;1722.33;0.00;1937.33;0.00;380.00;1010.00;0.00;892.33;1343.33;0.00;1910.33;1550.00;0.00;0.00;2806.33;2983.33;2671.66;4695.68;3141.67;2260.00;2090.00;3342.33;2722.33;1812.33;1652.33;2523.99;840.00;540.00;2320.00;540.00;3147.99;2381.67;1597.00;224.67;957.00;320.00;684.66;1772.33
1763509022.147896;0.00;390.00;0.00;1540.00;0.00;0.00;0.00;0.00;0.00;1722.33;0.00;1937.33;0.00;380.00;1010.00;0.00;892.33;1343.33;0.00;1910.33;1780.00;0.00;0.00;2806.33;2983.33;2671.66;4695.68;3141.67;2260.00;2320.00;3342.33;2722.33;1812.33;1652.33;2523.99;840.00;540.00;2320.00;540.00;3147.99;2381.67;1597.00;224.67;957.00;320.00;684.66;1772.33
1763509022.1484284;0.00;390.00;0.00;1540.00;0.00;0.00;0.00;0.00;0.00;1722.33;0.00;1937.33;0.00;380.00;1010.00;0.00;892.33;1343.33;0.00;1910.33;1780.00;0.00;0.00;2806.33;2983.33;2671.66;4695.68;3141.67;2260.00;2320.00;3342.33;2722.33;1812.33;1652.33;2523.99;840.00;540.00;2320.00;540.00;3147.99;2381.67;1597.00;224.67;957.00;320.00;684.66;1772.33
1763509022.1790483;0.00;390.00;0.00;1540.00;0.00;0.00;0.00;0.00;0.00;1722.33;0.00;1937.33;0.00;380.00;1010.00;0.00;892.33;1343.33;0.00;1910.33;1860.00;0.00;0.00;2806.33;2983.33;2821.66;4845.68;3291.67;2410.00;2320.00;3342.33;2722.33;1812.33;1652.33;2523.99;840.00;540.00;2320.00;540.00;3147.99;2381.67;1597.00;224.67;1107.00;320.00;684.66;1772.33
1763509022.1796167;0.00;390.00;0.00;1540.00;0.00;0.00;0.00;0.00;0.00;1722.33;0.00;1937.33;0.00;380.00;1010.00;0.00;892.33;1343.33;0.00;1910.33;1860.00;0.00;0.00;2806.33;2983.33;2821.66;4845.68;3291.67;2410.00;2320.00;3342.33;2722.33;1812.33;1652.33;2523.99;840.00;540.00;2320.00;540.00;3147.99;2381.67;1597.00;224.67;1107.00;320.00;684.66;1772.33
1763509023.4907503;0.00;390.00;0.00;1540.00;0.00;0.00;0.00;540.00;0.00;1310.00;0.00;1937.33;0.00;380.00;1010.00;0.00;860.00;1343.33;0.00;1910.33;1860.00;0.00;0.00;2806.33;2983.33;2821.66;4765.68;3259.34;2410.00;2320.00;3470.00;2840.00;1700.00;1540.00;2411.66;840.00;540.00;2170.00;540.00;2997.99;2269.34;1597.00;224.67;1107.00;320.00;684.66;1660.00
1763509023.491329;0.00;390.00;0.00;1540.00;0.00;0.00;0.00;540.00;0.00;1310.00;0.00;1937.33;0.00;380.00;1010.00;0.00;860.00;1343.33;0.00;1910.33;1860.00;0.00;0.00;2806.33;2983.33;2821.66;4765.68;3259.34;2410.00;2320.00;3470.00;2840.00;1700.00;1540.00;2411.66;840.00;540.00;2170.00;540.00;2997.99;2269.34;1597.00;224.67;1107.00;320.00;684.66;1660.00
1763509023.5320642;0.00;390.00;0.00;1540.00;0.00;0.00;0.00;780.00;0.00;1310.00;0.00;1937.33;0.00;380.00;1010.00;0.00;860.00;1343.33;0.00;1910.33;1860.00;0.00;0.00;2806.33;2983.33;2821.66;4765.68;3259.34;2410.00;2320.00;3710.00;3080.00;2010.00;1840.00;2711.66;840.00;540.00;2170.00;540.00;2997.99;2269.34;1597.00;224.67;1107.00;320.00;684.66;1960.00
1763509023.532603;0.00;390.00;0.00;1540.00;0.00;0.00;0.00;780.00;0.00;1310.00;0.00;1937.33;0.00;380.00;1010.00;0.00;860.00;1343.33;0.00;1910.33;1860.00;0.00;0.00;2806.33;2983.33;2821.66;4765.68;3259.34;2410.00;2320.00;3710.00;3080.00;2010.00;1840.00;2711.66;840.00;540.00;2170.00;540.00;2997.99;2269.34;1597.00;224.67;1107.00;320.00;684.66;1960.00
1763509023.5695887;0.00;620.00;0.00;1540.00;0.00;0.00;0.00;780.00;0.00;1310.00;0.00;1937.33;0.00;380.00;1010.00;0.00;860.00;1343.33;0.00;1910.33;1860.00;0.00;0.00;2806.33;2983.33;2821.66;4765.68;3259.34;2410.00;2320.00;3710.00;3310.00;2010.00;1840.00;2711.66;840.00;540.00;2170.00;540.00;2997.99;2269.34;1597.00;224.67;1107.00;320.00;684.66;1960.00
1763509023.5701501;0.00;620.00;0.00;1540.00;0.00;0.00;0.00;780.00;0.00;1310.00;0.00;1937.33;0.00;380.00;1010.00;0.00;860.00;1343.33;0.00;1910.33;1860.00;0.00;0.00;2806.33;2983.33;2821.66;4765.68;3259.34;2410.00;2320.00;3710.00;3310.00;2010.00;1840.00;2711.66;840.00;540.00;2170.00;540.00;2997.99;2269.34;1597.00;224.67;1107.00;320.00;684.66;1960.00
1763509028.5089867;0.00;230.00;0.00;1540.00;0.00;0.00;0.00;780.00;0.00;1310.00;0.00;1937.33;0.00;0.00;930.00;32.33;80.00;989.33;0.00;1910.33;1860.00;0.00;0.00;2154.00;2736.33;2169.33;4525.68;2671.67;2410.00;2320.00;3710.00;2690.00;1310.00;1290.00;2059.33;840.00;230.00;2170.00;540.00;2735.66;2081.67;1212.33;224.67;732.33;0.00;262.33;1660.00
1763509028.5095232;0.00;230.00;0.00;1540.00;0.00;0.00;0.00;780.00;0.00;1310.00;0.00;1937.33;0.00;0.00;930.00;32.33;80.00;989.33;0.00;1910.33;1860.00;0.00;0.00;2154.00;2736.33;2169.33;4525.68;2671.67;2410.00;2320.00;3710.00;2690.00;1310.00;1290.00;2059.33;840.00;230.00;2170.00;540.00;2735.66;2081.67;1212.33;224.67;732.33;0.00;262.33;1660.00
1763509033.5133727;0.00;0.00;0.00;1540.00;0.00;0.00;0.00;780.00;0.00;1310.00;0.00;1937.33;0.00;0.00;700.00;32.33;0.00;0.00;0.00;1910.33;1860.00;0.00;0.00;1427.00;1597.00;2319.33;4445.68;2591.67;2180.00;2090.00;3550.00;2460.00;1080.00;1060.00;1407.00;840.00;0.00;2010.00;540.00;2435.66;2081.67;470.00;224.67;732.33;0.00;150.00;1210.00
1763509033.513905;0.00;0.00;0.00;1540.00;0.00;0.00;0.00;780.00;0.00;1310.00;0.00;1937.33;0.00;0.00;700.00;32.33;0.00;0.00;0.00;1910.33;1860.00;0.00;0.00;1427.00;1597.00;2319.33;4445.68;2591.67;2180.00;2090.00;3550.00;2460.00;1080.00;1060.00;1407.00;840.00;0.00;2010.00;540.00;2435.66;2081.67;470.00;224.67;732.33;0.00;150.00;1210.00
1763509034.9023488;0.00;0.00;32.33;1540.00;0.00;0.00;0.00;780.00;0.00;1310.00;0.00;1937.33;0.00;0.00;700.00;32.33;0.00;0.00;0.00;1910.33;1860.00;0.00;0.00;1427.00;1597.00;2319.33;4478.01;2624.00;2212.33;2090.00;3550.00;2460.00;1080.00;1060.00;1407.00;840.00;0.00;2010.00;540.00;2697.99;2081.67;470.00;224.67;732.33;0.00;150.00;1210.00
1763509034.902933;0.00;0.00;32.33;1540.00;0.00;0.00;0.00;780.00;0.00;1310.00;0.00;1937.33;0.00;0.00;700.00;32.33;0.00;0.00;0.00;1910.33;1860.00;0.00;0.00;1427.00;1597.00;2319.33;4478.01;2624.00;2212.33;2090.00;3550.00;2460.00;1080.00;1060.00;1407.00;840.00;0.00;2010.00;540.00;2697.99;2081.67;470.00;224.67;732.33;0.00;150.00;1210.00
1763509034.9369783;0.00;0.00;272.33;1540.00;0.00;0.00;0.00;780.00;0.00;1310.00;0.00;1937.33;0.00;0.00;700.00;32.33;0.00;0.00;0.00;1910.33;1860.00;0.00;0.00;1427.00;1597.00;2319.33;4628.01;2774.00;2292.33;2250.00;3710.00;2620.00;1240.00;1220.00;1557.00;840.00;0.00;2010.00;540.00;2847.99;2081.67;470.00;224.67;732.33;0.00;460.00;1360.00
1763509034.9375198;0.00;0.00;272.33;1540.00;0.00;0.00;0.00;780.00;0.00;1310.00;0.00;1937.33;0.00;0.00;700.00;32.33;0.00;0.00;0.00;1910.33;1860.00;0.00;0.00;1427.00;1597.00;2319.33;4628.01;2774.00;2292.33;2250.00;3710.00;2620.00;1240.00;1220.00;1557.00;840.00;0.00;2010.00;540.00;2847.99;2081.67;470.00;224.67;732.33;0.00;460.00;1360.00
1763509035.1468923;0.00;0.00;512.33;1540.00;0.00;0.00;0.00;780.00;0.00;1310.00;0.00;1937.33;0.00;0.00;700.00;32.33;0.00;0.00;0.00;1910.33;1860.00;0.00;0.00;1427.00;1597.00;2319.33;4708.01;3004.00;2532.33;2250.00;3710.00;2620.00;1240.00;1220.00;1557.00;840.00;0.00;2010.00;540.00;2997.99;2231.67;470.00;534.67;732.33;0.00;460.00;1360.00
1763509035.1478071;0.00;0.00;512.33;1540.00;0.00;0.00;0.00;780.00;0.00;1310.00;0.00;1937.33;0.00;0.00;700.00;32.33;0.00;0.00;0.00;1910.33;1860.00;0.00;0.00;1427.00;1597.00;2319.33;4708.01;3004.00;2532.33;2250.00;3710.00;2620.00;1240.00;1220.00;1557.00;840.00;0.00;2010.00;540.00;2997.99;2231.67;470.00;534.67;732.33;0.00;460.00;1360.00
1763509035.2066479;0.00;0.00;592.33;1540.00;0.00;0.00;0.00;780.00;0.00;1310.00;0.00;1937.33;0.00;0.00;700.00;32.33;0.00;0.00;0.00;1910.33;1860.00;0.00;0.00;1427.00;1597.00;2319.33;4788.01;3084.00;2612.33;2250.00;3710.00;2620.00;1240.00;1220.00;1557.00;840.00;0.00;2010.00;540.00;3147.99;2231.67;470.00;534.67;732.33;0.00;460.00;1360.00
1763509035.207577;0.00;0.00;592.33;1540.00;0.00;0.00;0.00;780.00;0.00;1310.00;0.00;1937.33;0.00;0.00;700.00;32.33;0.00;0.00;0.00;1910.33;1860.00;0.00;0.00;1427.00;1597.00;2319.33;4788.01;3084.00;2612.33;2250.00;3710.00;2620.00;1240.00;1220.00;1557.00;840.00;0.00;2010.00;540.00;3147.99;2231.67;470.00;534.67;732.33;0.00;460.00;1360.00
1763509035.2631404;0.00;0.00;832.33;1540.00;0.00;0.00;0.00;780.00;0.00;1310.00;0.00;1937.33;0.00;0.00;700.00;32.33;0.00;0.00;0.00;1910.33;1860.00;0.00;0.00;1577.00;1747.00;2469.33;4868.01;3164.00;2692.33;2410.00;3870.00;2780.00;1400.00;1380.00;1717.00;840.00;0.00;2010.00;540.00;3147.99;2231.67;470.00;534.67;732.33;0.00;460.00;1670.00
1763509035.2640474;0.00;0.00;832.33;1540.00;0.00;0.00;0.00;780.00;0.00;1310.00;0.00;1937.33;0.00;0.00;700.00;32.33;0.00;0.00;0.00;1910.33;1860.00;0.00;0.00;1577.00;1747.00;2469.33;4868.01;3164.00;2692.33;2410.00;3870.00;2780.00;1400.00;1380.00;1717.00;840.00;0.00;2010.00;540.00;3147.99;2231.67;470.00;534.67;732.33;0.00;460.00;1670.00
1763509035.3206332;0.00;0.00;1072.33;1540.00;0.00;0.00;0.00;780.00;0.00;1310.00;0.00;1937.33;0.00;0.00;700.00;32.33;0.00;0.00;0.00;1910.33;1860.00;0.00;0.00;1887.00;2057.00;2779.33;4868.01;3164.00;2692.33;2650.00;4110.00;3090.00;1710.00;1690.00;2027.00;840.00;0.00;2010.00;540.00;3147.99;2231.67;470.00;534.67;732.33;0.00;460.00;1820.00
1763509035.3215344;0.00;0.00;1072.33;1540.00;0.00;0.00;0.00;780.00;0.00;1310.00;0.00;1937.33;0.00;0.00;700.00;32.33;0.00;0.00;0.00;1910.33;1860.00;0.00;0.00;1887.00;2057.00;2779.33;4868.01;3164.00;2692.33;2650.00;4110.00;3090.00;1710.00;1690.00;2027.00;840.00;0.00;2010.00;540.00;3147.99;2231.67;470.00;534.67;732.33;0.00;460.00;1820.00
1763509038.5473719;0.00;0.00;1072.33;1080.00;0.00;0.00;80.00;780.00;0.00;1080.00;0.00;599.33;0.00;0.00;0.00;0.00;0.00;0.00;0.00;1910.33;1860.00;0.00;0.00;1422.33;1592.33;2062.33;3308.67;2587.00;1992.33;1950.00;3350.00;2410.00;1490.00;1470.00;1572.33;840.00;0.00;1780.00;230.00;2098.66;1274.67;470.00;534.67;470.00;0.00;310.00;1670.00
1763509038.5483165;0.00;0.00;1072.33;1080.00;0.00;0.00;80.00;780.00;0.00;1080.00;0.00;599.33;0.00;0.00;0.00;0.00;0.00;0.00;0.00;1910.33;1860.00;0.00;0.00;1422.33;1592.33;2062.33;3308.67;2587.00;1992.33;1950.00;3350.00;2410.00;1490.00;1470.00;1572.33;840.00;0.00;1780.00;230.00;2098.66;1274.67;470.00;534.67;470.00;0.00;310.00;1670.00
1763509038.5764298;0.00;0.00;1072.33;1080.00;0.00;0.00;320.00;780.00;0.00;1080.00;0.00;599.33;0.00;0.00;0.00;0.00;0.00;0.00;0.00;1910.33;1860.00;0.00;0.00;1572.33;1742.33;2212.33;3388.67;2667.00;2072.33;2030.00;3430.00;2570.00;1650.00;1620.00;1722.33;840.00;0.00;1780.00;230.00;2098.66;1274.67;470.00;534.67;470.00;0.00;310.00;1970.00
1763509038.576979;0.00;0.00;1072.33;1080.00;0.00;0.00;320.00;780.00;0.00;1080.00;0.00;599.33;0.00;0.00;0.00;0.00;0.00;0.00;0.00;1910.33;1860.00;0.00;0.00;1572.33;1742.33;2212.33;3388.67;2667.00;2072.33;2030.00;3430.00;2570.00;1650.00;1620.00;1722.33;840.00;0.00;1780.00;230.00;2098.66;1274.67;470.00;534.67;470.00;0.00;310.00;1970.00
1763509038.6048615;0.00;0.00;1072.33;1080.00;0.00;0.00;320.00;1170.00;0.00;1080.00;0.00;599.33;0.00;0.00;0.00;0.00;0.00;0.00;0.00;1910.33;1860.00;0.00;0.00;1572.33;1742.33;2212.33;3388.67;2667.00;2302.33;2260.00;3590.00;2730.00;1810.00;1770.00;1872.33;840.00;0.00;1780.00;230.00;2098.66;1274.67;470.00;534.67;470.00;310.00;310.00;2120.00
1763509038.6053965;0.00;0.00;1072.33;1080.00;0.00;0.00;320.00;1170.00;0.00;1080.00;0.00;599.33;0.00;0.00;0.00;0.00;0.00;0.00;0.00;1910.33;1860.00;0.00;0.00;1572.33;1742.33;2212.33;3388.67;2667.00;2302.33;2260.00;3590.00;2730.00;1810.00;1770.00;1872.33;840.00;0.00;1780.00;230.00;2098.66;1274.67;470.00;534.67;470.00;310.00;310.00;2120.00
1763509038.63241;0.00;0.00;1072.33;1080.00;0.00;0.00;320.00;1170.00;0.00;1080.00;0.00;599.33;0.00;0.00;0.00;0.00;0.00;97.00;0.00;1910.33;1860.00;0.00;0.00;1572.33;1742.33;2357.00;3928.67;2897.00;2532.33;2260.00;3590.00;2730.00;1810.00;1770.00;1872.33;840.00;0.00;1780.00;230.00;2633.33;1584.67;470.00;534.67;582.33;310.00;310.00;2120.00
1763509038.6329262;0.00;0.00;1072.33;1080.00;0.00;0.00;320.00;1170.00;0.00;1080.00;0.00;599.33;0.00;0.00;0.00;0.00;0.00;97.00;0.00;1910.33;1860.00;0.00;0.00;1572.33;1742.33;2357.00;3928.67;2897.00;2532.33;2260.00;3590.00;2730.00;1810.00;1770.00;1872.33;840.00;0.00;1780.00;230.00;2633.33;1584.67;470.00;534.67;582.33;310.00;310.00;2120.00
1763509038.6601264;0.00;0.00;1072.33;1080.00;0.00;0.00;320.00;1170.00;0.00;1080.00;0.00;599.33;0.00;0.00;0.00;0.00;0.00;354.00;0.00;1910.33;1860.00;0.00;0.00;1812.33;1982.33;2581.67;4153.34;2897.00;2532.33;2260.00;3590.00;2730.00;2040.00;2000.00;2412.33;840.00;230.00;1780.00;230.00;2633.33;1584.67;470.00;534.67;694.66;310.00;310.00;2420.00
1763509038.660639;0.00;0.00;1072.33;1080.00;0.00;0.00;320.00;1170.00;0.00;1080.00;0.00;599.33;0.00;0.00;0.00;0.00;0.00;354.00;0.00;1910.33;1860.00;0.00;0.00;1812.33;1982.33;2581.67;4153.34;2897.00;2532.33;2260.00;3590.00;2730.00;2040.00;2000.00;2412.33;840.00;230.00;1780.00;230.00;2633.33;1584.67;470.00;534.67;694.66;310.00;310.00;2420.00
1763509038.7077432;0.00;0.00;1072.33;1080.00;0.00;0.00;320.00;1170.00;0.00;1080.00;0.00;599.33;0.00;0.00;0.00;0.00;0.00;498.67;0.00;1910.33;1860.00;0.00;0.00;2052.33;2222.33;2581.67;4153.34;2897.00;2532.33;2260.00;3590.00;2730.00;2270.00;2230.00;2962.33;840.00;460.00;1780.00;230.00;2633.33;1584.67;470.00;534.67;694.66;310.00;310.00;2720.00
1763509038.7086878;0.00;0.00;1072.33;1080.00;0.00;0.00;320.00;1170.00;0.00;1080.00;0.00;599.33;0.00;0.00;0.00;0.00;0.00;498.67;0.00;1910.33;1860.00;0.00;0.00;2052.33;2222.33;2581.67;4153.34;2897.00;2532.33;2260.00;3590.00;2730.00;2270.00;2230.00;2962.33;840.00;460.00;1780.00;230.00;2633.33;1584.67;470.00;534.67;694.66;310.00;310.00;2720.00
1763509038.7570896;0.00;0.00;1072.33;1080.00;0.00;0.00;320.00;1170.00;0.00;1080.00;0.00;599.33;0.00;0.00;0.00;0.00;0.00;595.67;0.00;1910.33;1860.00;0.00;0.00;2132.33;2517.00;2581.67;4153.34;2897.00;2532.33;2260.00;3590.00;2730.00;2500.00;2460.00;3192.33;840.00;690.00;1780.00;230.00;2633.33;1584.67;780.00;534.67;956.99;310.00;310.00;2870.00
1763509038.7580109;0.00;0.00;1072.33;1080.00;0.00;0.00;320.00;1170.00;0.00;1080.00;0.00;599.33;0.00;0.00;0.00;0.00;0.00;595.67;0.00;1910.33;1860.00;0.00;0.00;2132.33;2517.00;2581.67;4153.34;2897.00;2532.33;2260.00;3590.00;2730.00;2500.00;2460.00;3192.33;840.00;690.00;1780.00;230.00;2633.33;1584.67;780.00;534.67;956.99;310.00;310.00;2870.00
1763509043.5336878;0.00;0.00;1072.33;460.00;0.00;0.00;400.00;1170.00;0.00;1080.00;0.00;192.33;0.00;0.00;0.00;0.00;0.00;595.67;0.00;1910.33;1860.00;0.00;0.00;2062.33;2587.00;2181.67;4003.34;2897.00;2532.33;2260.00;3590.00;2350.00;2420.00;2390.00;3122.33;840.00;690.00;1780.00;230.00;2296.33;1584.67;780.00;534.67;786.99;310.00;310.00;2570.00
1763509043.5342205;0.00;0.00;1072.33;460.00;0.00;0.00;400.00;1170.00;0.00;1080.00;0.00;192.33;0.00;0.00;0.00;0.00;0.00;595.67;0.00;1910.33;1860.00;0.00;0.00;2062.33;2587.00;2181.67;4003.34;2897.00;2532.33;2260.00;3590.00;2350.00;2420.00;2390.00;3122.33;840.00;690.00;1780.00;230.00;2296.33;1584.67;780.00;534.67;786.99;310.00;310.00;2570.00
1763509043.6463685;0.00;0.00;1072.33;460.00;0.00;0.00;640.00;1170.00;0.00;1080.00;0.00;192.33;0.00;0.00;0.00;0.00;0.00;595.67;0.00;1910.33;1860.00;0.00;0.00;2062.33;2587.00;2331.67;4083.34;2977.00;2612.33;2340.00;3670.00;2510.00;2580.00;2540.00;3272.33;840.00;690.00;1780.00;230.00;2296.33;1584.67;780.00;534.67;936.99;310.00;310.00;2720.00
1763509043.6469011;0.00;0.00;1072.33;460.00;0.00;0.00;640.00;1170.00;0.00;1080.00;0.00;192.33;0.00;0.00;0.00;0.00;0.00;595.67;0.00;1910.33;1860.00;0.00;0.00;2062.33;2587.00;2331.67;4083.34;2977.00;2612.33;2340.00;3670.00;2510.00;2580.00;2540.00;3272.33;840.00;690.00;1780.00;230.00;2296.33;1584.67;780.00;534.67;936.99;310.00;310.00;2720.00
1763509043.674044;0.00;0.00;1072.33;460.00;0.00;0.00;640.00;1170.00;0.00;1080.00;0.00;192.33;0.00;0.00;0.00;0.00;0.00;692.67;0.00;1910.33;1860.00;0.00;0.00;2062.33;2817.00;2828.67;4243.34;2977.00;2612.33;2340.00;3670.00;2510.00;2580.00;2540.00;3272.33;840.00;690.00;1780.00;230.00;2633.33;1734.67;780.00;534.67;1406.99;310.00;310.00;2720.00
1763509043.674575;0.00;0.00;1072.33;460.00;0.00;0.00;640.00;1170.00;0.00;1080.00;0.00;192.33;0.00;0.00;0.00;0.00;0.00;692.67;0.00;1910.33;1860.00;0.00;0.00;2062.33;2817.00;2828.67;4243.34;2977.00;2612.33;2340.00;3670.00;2510.00;2580.00;2540.00;3272.33;840.00;690.00;1780.00;230.00;2633.33;1734.67;780.00;534.67;1406.99;310.00;310.00;2720.00
1763509048.5430741;0.00;0.00;1072.33;230.00;0.00;0.00;720.00;1170.00;0.00;1080.00;0.00;192.33;0.00;0.00;0.00;0.00;0.00;692.67;0.00;1910.33;1860.00;0.00;0.00;2062.33;2817.00;2828.67;4323.34;3057.00;2692.33;2420.00;3750.00;2280.00;2580.00;2540.00;3272.33;840.00;690.00;1780.00;230.00;2783.33;1734.67;780.00;534.67;1406.99;310.00;310.00;2720.00
1763509048.5435996;0.00;0.00;1072.33;230.00;0.00;0.00;720.00;1170.00;0.00;1080.00;0.00;192.33;0.00;0.00;0.00;0.00;0.00;692.67;0.00;1910.33;1860.00;0.00;0.00;2062.33;2817.00;2828.67;4323.34;3057.00;2692.33;2420.00;3750.00;2280.00;2580.00;2540.00;3272.33;840.00;690.00;1780.00;230.00;2783.33;1734.67;780.00;534.67;1406.99;310.00;310.00;2720.00
1763509053.5711439;0.00;0.00;1072.33;230.00;0.00;0.00;720.00;1170.00;0.00;1080.00;0.00;0.00;0.00;0.00;0.00;0.00;0.00;789.67;0.00;1910.33;1860.00;0.00;0.00;2277.00;2651.67;2631.00;4403.34;2747.00;2382.33;2110.00;3440.00;1970.00;2270.00;2230.00;3187.00;840.00;690.00;1780.00;230.00;2745.66;1584.67;780.00;534.67;1406.99;310.00;310.00;3020.00
1763509053.572027;0.00;0.00;1072.33;230.00;0.00;0.00;720.00;1170.00;0.00;1080.00;0.00;0.00;0.00;0.00;0.00;0.00;0.00;789.67;0.00;1910.33;1860.00;0.00;0.00;2277.00;2651.67;2631.00;4403.34;2747.00;2382.33;2110.00;3440.00;1970.00;2270.00;2230.00;3187.00;840.00;690.00;1780.00;230.00;2745.66;1584.67;780.00;534.67;1406.99;310.00;310.00;3020.00
1763509061.9191113;0.00;0.00;1072.33;230.00;0.00;0.00;720.00;1170.00;0.00;1080.00;0.00;0.00;0.00;0.00;0.00;0.00;0.00;789.67;0.00;1910.33;1860.00;0.00;230.00;2277.00;2651.67;2631.00;4403.34;2747.00;2382.33;2110.00;3670.00;2200.00;2500.00;2460.00;3187.00;840.00;690.00;1780.00;230.00;2745.66;1584.67;780.00;534.67;1406.99;470.00;310.00;3020.00
1763509061.9196663;0.00;0.00;1072.33;230.00;0.00;0.00;720.00;1170.00;0.00;1080.00;0.00;0.00;0.00;0.00;0.00;0.00;0.00;789.67;0.00;1910.33;1860.00;0.00;230.00;2277.00;2651.67;2631.00;4403.34;2747.00;2382.33;2110.00;3670.00;2200.00;2500.00;2460.00;3187.00;840.00;690.00;1780.00;230.00;2745.66;1584.67;780.00;534.67;1406.99;470.00;310.00;3020.00
1763509061.971474;0.00;0.00;1072.33;230.00;0.00;0.00;720.00;1170.00;0.00;1080.00;0.00;0.00;0.00;0.00;0.00;0.00;0.00;789.67;0.00;1910.33;1860.00;0.00;620.00;2277.00;2651.67;2631.00;4403.34;2747.00;2382.33;2110.00;3670.00;2200.00;2730.00;2690.00;3337.00;840.00;690.00;1780.00;230.00;2745.66;1584.67;780.00;534.67;1406.99;470.00;310.00;3170.00
1763509061.9723973;0.00;0.00;1072.33;230.00;0.00;0.00;720.00;1170.00;0.00;1080.00;0.00;0.00;0.00;0.00;0.00;0.00;0.00;789.67;0.00;1910.33;1860.00;0.00;620.00;2277.00;2651.67;2631.00;4403.34;2747.00;2382.33;2110.00;3670.00;2200.00;2730.00;2690.00;3337.00;840.00;690.00;1780.00;230.00;2745.66;1584.67;780.00;534.67;1406.99;470.00;310.00;3170.00
1763509062.0278788;0.00;0.00;1072.33;230.00;0.00;0.00;720.00;1170.00;0.00;1080.00;0.00;0.00;0.00;0.00;0.00;0.00;0.00;789.67;0.00;1910.33;1860.00;0.00;1010.00;2277.00;2651.67;2631.00;4553.34;2827.00;2462.33;2190.00;3750.00;2280.00;3120.00;3080.00;3337.00;840.00;1000.00;1780.00;230.00;2895.66;1584.67;780.00;534.67;1406.99;470.00;310.00;3170.00
1763509062.0287833;0.00;0.00;1072.33;230.00;0.00;0.00;720.00;1170.00;0.00;1080.00;0.00;0.00;0.00;0.00;0.00;0.00;0.00;789.67;0.00;1910.33;1860.00;0.00;1010.00;2277.00;2651.67;2631.00;4553.34;2827.00;2462.33;2190.00;3750.00;2280.00;3120.00;3080.00;3337.00;840.00;1000.00;1780.00;230.00;2895.66;1584.67;780.00;534.67;1406.99;470.00;310.00;3170.00
1763509062.084549;0.00;0.00;1072.33;230.00;0.00;0.00;720.00;1170.00;0.00;1080.00;0.00;0.00;0.00;0.00;0.00;0.00;0.00;789.67;0.00;1910.33;1860.00;0.00;1400.00;2437.00;2811.67;2781.00;4553.34;2827.00;2462.33;2190.00;3980.00;2510.00;3350.00;3310.00;3497.00;840.00;1000.00;1780.00;230.00;3045.66;1584.67;780.00;534.67;1406.99;470.00;310.00;3170.00
1763509062.0854607;0.00;0.00;1072.33;230.00;0.00;0.00;720.00;1170.00;0.00;1080.00;0.00;0.00;0.00;0.00;0.00;0.00;0.00;789.67;0.00;1910.33;1860.00;0.00;1400.00;2437.00;2811.67;2781.00;4553.34;2827.00;2462.33;2190.00;3980.00;2510.00;3350.00;3310.00;3497.00;840.00;1000.00;1780.00;230.00;3045.66;1584.67;780.00;534.67;1406.99;470.00;310.00;3170.00
1763509062.126798;0.00;0.00;1072.33;230.00;0.00;0.00;720.00;1170.00;0.00;1080.00;0.00;0.00;0.00;0.00;0.00;0.00;0.00;789.67;0.00;1910.33;1860.00;0.00;1790.00;2597.00;2971.67;2931.00;4553.34;2827.00;2462.33;2190.00;4210.00;2740.00;3580.00;3540.00;3657.00;840.00;1000.00;1780.00;230.00;3195.66;1584.67;780.00;534.67;1406.99;470.00;310.00;3170.00
1763509062.1273258;0.00;0.00;1072.33;230.00;0.00;0.00;720.00;1170.00;0.00;1080.00;0.00;0.00;0.00;0.00;0.00;0.00;0.00;789.67;0.00;1910.33;1860.00;0.00;1790.00;2597.00;2971.67;2931.00;4553.34;2827.00;2462.33;2190.00;4210.00;2740.00;3580.00;3540.00;3657.00;840.00;1000.00;1780.00;230.00;3195.66;1584.67;780.00;534.67;1406.99;470.00;310.00;3170.00
1763509062.166234;0.00;0.00;1072.33;230.00;0.00;0.00;720.00;1170.00;0.00;1080.00;0.00;0.00;0.00;0.00;0.00;0.00;0.00;789.67;0.00;1910.33;1860.00;0.00;1822.33;2629.33;3051.67;3011.00;4783.34;2827.00;2462.33;2190.00;4210.00;2740.00;3580.00;3540.00;3689.33;840.00;1000.00;1780.00;230.00;3345.66;1584.67;892.33;534.67;1406.99;470.00;310.00;3170.00
1763509062.1667695;0.00;0.00;1072.33;230.00;0.00;0.00;720.00;1170.00;0.00;1080.00;0.00;0.00;0.00;0.00;0.00;0.00;0.00;789.67;0.00;1910.33;1860.00;0.00;1822.33;2629.33;3051.67;3011.00;4783.34;2827.00;2462.33;2190.00;4210.00;2740.00;3580.00;3540.00;3689.33;840.00;1000.00;1780.00;230.00;3345.66;1584.67;892.33;534.67;1406.99;470.00;310.00;3170.00
1763509068.5769498;0.00;0.00;1072.33;0.00;0.00;0.00;800.00;630.00;0.00;1080.00;0.00;0.00;0.00;0.00;0.00;0.00;0.00;789.67;0.00;1910.33;1860.00;0.00;1822.33;2629.33;3051.67;3161.00;4863.34;2907.00;2542.33;2270.00;3750.00;2280.00;3580.00;3540.00;3689.33;840.00;1000.00;1470.00;230.00;3345.66;1584.67;892.33;534.67;1556.99;470.00;310.00;3170.00
1763509068.5774987;0.00;0.00;1072.33;0.00;0.00;0.00;800.00;630.00;0.00;1080.00;0.00;0.00;0.00;0.00;0.00;0.00;0.00;789.67;0.00;1910.33;1860.00;0.00;1822.33;2629.33;3051.67;3161.00;4863.34;2907.00;2542.33;2270.00;3750.00;2280.00;3580.00;3540.00;3689.33;840.00;1000.00;1470.00;230.00;3345.66;1584.67;892.33;534.67;1556.99;470.00;310.00;3170.00
1763509068.7984512;0.00;0.00;1072.33;0.00;0.00;0.00;800.00;630.00;0.00;1080.00;0.00;0.00;0.00;0.00;0.00;0.00;0.00;789.67;0.00;1910.33;1860.00;0.00;1822.33;2629.33;3051.67;3161.00;4863.34;2907.00;2542.33;2270.00;3750.00;2280.00;3580.00;3540.00;3689.33;840.00;1000.00;1470.00;230.00;3345.66;1584.67;892.33;534.67;1556.99;470.00;310.00;3170.00
1763509068.7994156;0.00;0.00;1072.33;0.00;0.00;0.00;800.00;630.00;0.00;1080.00;0.00;0.00;0.00;0.00;0.00;0.00;0.00;789.67;0.00;1910.33;1860.00;0.00;1822.33;2629.33;3051.67;3161.00;4863.34;2907.00;2542.33;2270.00;3750.00;2280.00;3580.00;3540.00;3689.33;840.00;1000.00;1470.00;230.00;3345.66;1584.67;892.33;534.67;1556.99;470.00;310.00;3170.00
1763509073.5806465;0.00;0.00;1072.33;0.00;0.00;0.00;800.00;390.00;0.00;1080.00;0.00;0.00;0.00;0.00;0.00;0.00;0.00;789.67;0.00;1910.33;1860.00;0.00;1822.33;2629.33;3051.67;3161.00;4863.34;2907.00;2542.33;2270.00;3510.00;2040.00;3270.00;3240.00;3389.33;840.00;1000.00;1470.00;230.00;3345.66;1584.67;892.33;534.67;1556.99;470.00;310.00;2870.00
1763509073.5811927;0.00;0.00;1072.33;0.00;0.00;0.00;800.00;390.00;0.00;1080.00;0.00;0.00;0.00;0.00;0.00;0.00;0.00;789.67;0.00;1910.33;1860.00;0.00;1822.33;2629.33;3051.67;3161.00;4863.34;2907.00;2542.33;2270.00;3510.00;2040.00;3270.00;3240.00;3389.33;840.00;1000.00;1470.00;230.00;3345.66;1584.67;892.33;534.67;1556.99;470.00;310.00;2870.00
1763509086.9365106;0.00;0.00;1072.33;0.00;0.00;0.00;800.00;390.00;0.00;1470.00;0.00;0.00;0.00;0.00;0.00;0.00;0.00;0.00;0.00;1910.33;1860.00;0.00;1822.33;1544.66;1902.33;2492.33;4088.67;2837.00;2472.33;2430.00;3510.00;2040.00;2580.00;2550.00;1844.66;840.00;310.00;1470.00;230.00;2361.66;1274.67;582.33;534.67;910.00;470.00;310.00;1820.00
1763509086.9374294;0.00;0.00;1072.33;0.00;0.00;0.00;800.00;390.00;0.00;1470.00;0.00;0.00;0.00;0.00;0.00;0.00;0.00;0.00;0.00;1910.33;1860.00;0.00;1822.33;1544.66;1902.33;2492.33;4088.67;2837.00;2472.33;2430.00;3510.00;2040.00;2580.00;2550.00;1844.66;840.00;310.00;1470.00;230.00;2361.66;1274.67;582.33;534.67;910.00;470.00;310.00;1820.00
1763509086.969198;0.00;0.00;1072.33;0.00;0.00;0.00;800.00;390.00;0.00;1550.00;0.00;0.00;0.00;0.00;0.00;0.00;0.00;0.00;0.00;1910.33;1860.00;0.00;1822.33;1544.66;1902.33;2492.33;4088.67;2837.00;2472.33;2430.00;3590.00;2120.00;2730.00;2700.00;1994.66;840.00;310.00;1470.00;230.00;2361.66;1274.67;582.33;534.67;910.00;470.00;310.00;1970.00
1763509086.9697256;0.00;0.00;1072.33;0.00;0.00;0.00;800.00;390.00;0.00;1550.00;0.00;0.00;0.00;0.00;0.00;0.00;0.00;0.00;0.00;1910.33;1860.00;0.00;1822.33;1544.66;1902.33;2492.33;4088.67;2837.00;2472.33;2430.00;3590.00;2120.00;2730.00;2700.00;1994.66;840.00;310.00;1470.00;230.00;2361.66;1274.67;582.33;534.67;910.00;470.00;310.00;1970.00
1763509087.0246267;0.00;0.00;1072.33;0.00;0.00;0.00;800.00;390.00;0.00;1780.00;0.00;0.00;0.00;0.00;0.00;0.00;0.00;0.00;0.00;1910.33;1860.00;0.00;1822.33;1544.66;1902.33;2492.33;4088.67;2837.00;2472.33;2430.00;3820.00;2350.00;2730.00;2700.00;1994.66;840.00;310.00;1470.00;230.00;2361.66;1274.67;582.33;534.67;910.00;470.00;310.00;1970.00
1763509087.0255492;0.00;0.00;1072.33;0.00;0.00;0.00;800.00;390.00;0.00;1780.00;0.00;0.00;0.00;0.00;0.00;0.00;0.00;0.00;0.00;1910.33;1860.00;0.00;1822.33;1544.66;1902.33;2492.33;4088.67;2837.00;2472.33;2430.00;3820.00;2350.00;2730.00;2700.00;1994.66;840.00;310.00;1470.00;230.00;2361.66;1274.67;582.33;534.67;910.00;470.00;310.00;1970.00
1763509087.079887;0.00;0.00;1072.33;0.00;0.00;0.00;800.00;390.00;0.00;1860.00;0.00;0.00;0.00;0.00;0.00;0.00;0.00;0.00;0.00;1910.33;1860.00;0.00;1822.33;1544.66;1902.33;2642.33;4238.67;2987.00;2622.33;2580.00;3820.00;2350.00;2730.00;2700.00;1994.66;840.00;310.00;1470.00;230.00;2361.66;1274.67;582.33;534.67;1060.00;470.00;310.00;1970.00
1763509087.0808036;0.00;0.00;1072.33;0.00;0.00;0.00;800.00;390.00;0.00;1860.00;0.00;0.00;0.00;0.00;0.00;0.00;0.00;0.00;0.00;1910.33;1860.00;0.00;1822.33;1544.66;1902.33;2642.33;4238.67;2987.00;2622.33;2580.00;3820.00;2350.00;2730.00;2700.00;1994.66;840.00;310.00;1470.00;230.00;2361.66;1274.67;582.33;534.67;1060.00;470.00;310.00;1970.00
1763509087.1357203;0.00;0.00;1072.33;0.00;0.00;0.00;800.00;390.00;0.00;1940.00;0.00;0.00;0.00;0.00;0.00;0.00;0.00;0.00;0.00;1910.33;1860.00;0.00;1822.33;1694.66;2052.33;2642.33;4238.67;2987.00;2622.33;2580.00;3900.00;2500.00;2880.00;2850.00;2144.66;840.00;310.00;1470.00;230.00;2361.66;1274.67;582.33;534.67;1210.00;470.00;310.00;1970.00
1763509087.1366482;0.00;0.00;1072.33;0.00;0.00;0.00;800.00;390.00;0.00;1940.00;0.00;0.00;0.00;0.00;0.00;0.00;0.00;0.00;0.00;1910.33;1860.00;0.00;1822.33;1694.66;2052.33;2642.33;4238.67;2987.00;2622.33;2580.00;3900.00;2500.00;2880.00;2850.00;2144.66;840.00;310.00;1470.00;230.00;2361.66;1274.67;582.33;534.67;1210.00;470.00;310.00;1970.00
1763509087.211596;0.00;0.00;1072.33;0.00;0.00;0.00;800.00;390.00;0.00;1940.00;0.00;0.00;0.00;0.00;0.00;0.00;0.00;0.00;0.00;1910.33;1860.00;0.00;1822.33;1694.66;2052.33;2642.33;4238.67;2987.00;2622.33;2580.00;3900.00;2500.00;2880.00;2850.00;2144.66;840.00;310.00;1470.00;230.00;2361.66;1274.67;582.33;534.67;1210.00;470.00;310.00;1970.00
1763509087.2125368;0.00;0.00;1072.33;0.00;0.00;0.00;800.00;390.00;0.00;1940.00;0.00;0.00;0.00;0.00;0.00;0.00;0.00;0.00;0.00;1910.33;1860.00;0.00;1822.33;1694.66;2052.33;2642.33;4238.67;2987.00;2622.33;2580.00;3900.00;2500.00;2880.00;2850.00;2144.66;840.00;310.00;1470.00;230.00;2361.66;1274.67;582.33;534.67;1210.00;470.00;310.00;1970.00
1763509088.6186528;0.00;230.00;1072.33;0.00;0.00;0.00;720.00;390.00;0.00;1400.00;0.00;0.00;0.00;0.00;0.00;0.00;0.00;0.00;0.00;1910.33;1860.00;0.00;1822.33;1694.66;2052.33;2492.33;4158.67;2907.00;2542.33;2500.00;3280.00;2500.00;2880.00;2850.00;2144.66;840.00;310.00;1160.00;230.00;2361.66;1274.67;582.33;534.67;1060.00;470.00;310.00;1970.00
1763509088.619562;0.00;230.00;1072.33;0.00;0.00;0.00;720.00;390.00;0.00;1400.00;0.00;0.00;0.00;0.00;0.00;0.00;0.00;0.00;0.00;1910.33;1860.00;0.00;1822.33;1694.66;2052.33;2492.33;4158.67;2907.00;2542.33;2500.00;3280.00;2500.00;2880.00;2850.00;2144.66;840.00;310.00;1160.00;230.00;2361.66;1274.67;582.33;534.67;1060.00;470.00;310.00;1970.00
1763509088.6760447;0.00;230.00;1072.33;0.00;0.00;0.00;720.00;390.00;0.00;1400.00;0.00;0.00;0.00;0.00;0.00;0.00;0.00;0.00;0.00;1910.33;1860.00;0.00;1822.33;1694.66;2052.33;2492.33;4158.67;2907.00;2542.33;2500.00;3280.00;2500.00;2880.00;2850.00;2144.66;840.00;310.00;1160.00;230.00;2361.66;1274.67;582.33;534.67;1060.00;470.00;310.00;1970.00
1763509088.6769767;0.00;230.00;1072.33;0.00;0.00;0.00;720.00;390.00;0.00;1400.00;0.00;0.00;0.00;0.00;0.00;0.00;0.00;0.00;0.00;1910.33;1860.00;0.00;1822.33;1694.66;2052.33;2492.33;4158.67;2907.00;2542.33;2500.00;3280.00;2500.00;2880.00;2850.00;2144.66;840.00;310.00;1160.00;230.00;2361.66;1274.67;582.33;534.67;1060.00;470.00;310.00;1970.00
1763509108.7362056;0.00;0.00;1312.33;0.00;0.00;0.00;0.00;0.00;0.00;860.00;0.00;0.00;0.00;0.00;0.00;0.00;0.00;0.00;0.00;1910.33;1320.00;0.00;1822.33;1234.66;1752.33;2342.33;3998.67;2907.00;2312.33;1720.00;2030.00;1860.00;2240.00;2240.00;1534.66;610.00;310.00;310.00;230.00;2211.66;1434.67;582.33;534.67;910.00;160.00;310.00;1220.00
1763509108.737093;0.00;0.00;1312.33;0.00;0.00;0.00;0.00;0.00;0.00;860.00;0.00;0.00;0.00;0.00;0.00;0.00;0.00;0.00;0.00;1910.33;1320.00;0.00;1822.33;1234.66;1752.33;2342.33;3998.67;2907.00;2312.33;1720.00;2030.00;1860.00;2240.00;2240.00;1534.66;610.00;310.00;310.00;230.00;2211.66;1434.67;582.33;534.67;910.00;160.00;310.00;1220.00
1763509113.7182758;0.00;0.00;1552.33;0.00;0.00;0.00;0.00;0.00;0.00;860.00;0.00;0.00;0.00;0.00;0.00;0.00;0.00;0.00;0.00;1910.33;1090.00;0.00;1822.33;1234.66;1752.33;2342.33;4158.67;3217.00;2552.33;1720.00;2030.00;1860.00;2240.00;2240.00;1534.66;380.00;310.00;310.00;230.00;2361.66;1584.67;582.33;534.67;910.00;160.00;310.00;1220.00
1763509113.718822;0.00;0.00;1552.33;0.00;0.00;0.00;0.00;0.00;0.00;860.00;0.00;0.00;0.00;0.00;0.00;0.00;0.00;0.00;0.00;1910.33;1090.00;0.00;1822.33;1234.66;1752.33;2342.33;4158.67;3217.00;2552.33;1720.00;2030.00;1860.00;2240.00;2240.00;1534.66;380.00;310.00;310.00;230.00;2361.66;1584.67;582.33;534.67;910.00;160.00;310.00;1220.00
1763509114.9579804;0.00;0.00;1552.33;0.00;0.00;0.00;0.00;0.00;0.00;860.00;0.00;0.00;0.00;257.00;0.00;0.00;0.00;0.00;0.00;1910.33;1090.00;0.00;1822.33;1299.33;2014.66;2342.33;4158.67;3217.00;2552.33;1720.00;2030.00;1860.00;2240.00;2550.00;2069.33;380.00;310.00;310.00;230.00;2361.66;1584.67;582.33;534.67;1172.33;470.00;534.67;1370.00
1763509114.958885;0.00;0.00;1552.33;0.00;0.00;0.00;0.00;0.00;0.00;860.00;0.00;0.00;0.00;257.00;0.00;0.00;0.00;0.00;0.00;1910.33;1090.00;0.00;1822.33;1299.33;2014.66;2342.33;4158.67;3217.00;2552.33;1720.00;2030.00;1860.00;2240.00;2550.00;2069.33;380.00;310.00;310.00;230.00;2361.66;1584.67;582.33;534.67;1172.33;470.00;534.67;1370.00
1763509115.0182893;0.00;0.00;1552.33;0.00;0.00;0.00;0.00;0.00;0.00;860.00;0.00;0.00;0.00;449.33;0.00;0.00;0.00;0.00;0.00;1910.33;1090.00;0.00;1822.33;1449.33;2286.99;2614.66;4468.67;3217.00;2552.33;1720.00;2030.00;1860.00;2240.00;2550.00;2069.33;380.00;310.00;310.00;230.00;2943.99;1894.67;582.33;534.67;1172.33;470.00;534.67;1520.00
1763509115.019237;0.00;0.00;1552.33;0.00;0.00;0.00;0.00;0.00;0.00;860.00;0.00;0.00;0.00;449.33;0.00;0.00;0.00;0.00;0.00;1910.33;1090.00;0.00;1822.33;1449.33;2286.99;2614.66;4468.67;3217.00;2552.33;1720.00;2030.00;1860.00;2240.00;2550.00;2069.33;380.00;310.00;310.00;230.00;2943.99;1894.67;582.33;534.67;1172.33;470.00;534.67;1520.00
1763509115.076737;0.00;0.00;1552.33;0.00;0.00;0.00;0.00;0.00;0.00;860.00;0.00;0.00;0.00;641.66;0.00;0.00;0.00;0.00;0.00;1910.33;1090.00;0.00;1822.33;1919.33;2286.99;2614.66;4468.67;3217.00;2552.33;1720.00;2030.00;1860.00;2240.00;2550.00;2069.33;380.00;310.00;310.00;230.00;2943.99;1894.67;694.66;534.67;1172.33;470.00;534.67;1820.00
1763509115.0776465;0.00;0.00;1552.33;0.00;0.00;0.00;0.00;0.00;0.00;860.00;0.00;0.00;0.00;641.66;0.00;0.00;0.00;0.00;0.00;1910.33;1090.00;0.00;1822.33;1919.33;2286.99;2614.66;4468.67;3217.00;2552.33;1720.00;2030.00;1860.00;2240.00;2550.00;2069.33;380.00;310.00;310.00;230.00;2943.99;1894.67;694.66;534.67;1172.33;470.00;534.67;1820.00
1763509115.1350195;0.00;0.00;1552.33;0.00;0.00;0.00;0.00;0.00;0.00;860.00;0.00;0.00;0.00;881.66;0.00;0.00;0.00;0.00;0.00;1910.33;1090.00;0.00;1822.33;2219.33;2286.99;2614.66;4468.67;3217.00;2552.33;1720.00;2030.00;1860.00;2240.00;2550.00;2069.33;380.00;310.00;310.00;230.00;2943.99;1894.67;1004.66;534.67;1172.33;470.00;534.67;2120.00
1763509115.13593;0.00;0.00;1552.33;0.00;0.00;0.00;0.00;0.00;0.00;860.00;0.00;0.00;0.00;881.66;0.00;0.00;0.00;0.00;0.00;1910.33;1090.00;0.00;1822.33;2219.33;2286.99;2614.66;4468.67;3217.00;2552.33;1720.00;2030.00;1860.00;2240.00;2550.00;2069.33;380.00;310.00;310.00;230.00;2943.99;1894.67;1004.66;534.67;1172.33;470.00;534.67;2120.00
1763509115.1983876;0.00;0.00;1552.33;0.00;0.00;0.00;0.00;0.00;0.00;860.00;0.00;0.00;0.00;1233.99;0.00;0.00;0.00;0.00;0.00;1910.33;1090.00;0.00;1822.33;2299.33;2559.32;2774.66;4628.67;3527.00;2552.33;1720.00;2030.00;1940.00;2320.00;2630.00;2149.33;380.00;310.00;390.00;230.00;2943.99;2044.67;1324.66;844.67;1284.66;470.00;534.67;2120.00
1763509115.1992955;0.00;0.00;1552.33;0.00;0.00;0.00;0.00;0.00;0.00;860.00;0.00;0.00;0.00;1233.99;0.00;0.00;0.00;0.00;0.00;1910.33;1090.00;0.00;1822.33;2299.33;2559.32;2774.66;4628.67;3527.00;2552.33;1720.00;2030.00;1940.00;2320.00;2630.00;2149.33;380.00;310.00;390.00;230.00;2943.99;2044.67;1324.66;844.67;1284.66;470.00;534.67;2120.00
1763509115.25941;0.00;0.00;1552.33;0.00;0.00;0.00;0.00;0.00;0.00;860.00;0.00;0.00;0.00;1783.99;0.00;0.00;0.00;0.00;0.00;1910.33;1090.00;0.00;1822.33;2769.33;2639.32;2854.66;4708.67;3607.00;2632.33;1800.00;2110.00;2090.00;2470.00;2630.00;2469.33;380.00;310.00;620.00;230.00;2943.99;2044.67;1324.66;1004.67;1284.66;620.00;534.67;2270.00
1763509115.2603536;0.00;0.00;1552.33;0.00;0.00;0.00;0.00;0.00;0.00;860.00;0.00;0.00;0.00;1783.99;0.00;0.00;0.00;0.00;0.00;1910.33;1090.00;0.00;1822.33;2769.33;2639.32;2854.66;4708.67;3607.00;2632.33;1800.00;2110.00;2090.00;2470.00;2630.00;2469.33;380.00;310.00;620.00;230.00;2943.99;2044.67;1324.66;1004.67;1284.66;620.00;534.67;2270.00
1763509118.7533066;0.00;0.00;1792.33;0.00;0.00;0.00;0.00;0.00;0.00;860.00;0.00;0.00;0.00;1783.99;0.00;0.00;0.00;0.00;0.00;0.00;470.00;0.00;1822.33;2497.00;1896.99;2112.33;2672.33;2522.33;2012.33;1030.00;1800.00;2090.00;2470.00;2630.00;2357.00;0.00;310.00;310.00;0.00;2504.66;1070.00;854.66;780.00;1284.66;620.00;534.67;1960.00
1763509118.7542303;0.00;0.00;1792.33;0.00;0.00;0.00;0.00;0.00;0.00;860.00;0.00;0.00;0.00;1783.99;0.00;0.00;0.00;0.00;0.00;0.00;470.00;0.00;1822.33;2497.00;1896.99;2112.33;2672.33;2522.33;2012.33;1030.00;1800.00;2090.00;2470.00;2630.00;2357.00;0.00;310.00;310.00;0.00;2504.66;1070.00;854.66;780.00;1284.66;620.00;534.67;1960.00
1763509118.9636633;0.00;0.00;1792.33;0.00;0.00;0.00;0.00;0.00;0.00;860.00;0.00;0.00;0.00;1783.99;0.00;0.00;0.00;0.00;0.00;0.00;470.00;0.00;1822.33;2497.00;1896.99;2112.33;2672.33;2522.33;2012.33;1030.00;1800.00;2090.00;2470.00;2630.00;2357.00;0.00;310.00;310.00;0.00;2504.66;1070.00;854.66;780.00;1284.66;620.00;534.67;1960.00
1763509118.9645963;0.00;0.00;1792.33;0.00;0.00;0.00;0.00;0.00;0.00;860.00;0.00;0.00;0.00;1783.99;0.00;0.00;0.00;0.00;0.00;0.00;470.00;0.00;1822.33;2497.00;1896.99;2112.33;2672.33;2522.33;2012.33;1030.00;1800.00;2090.00;2470.00;2630.00;2357.00;0.00;310.00;310.00;0.00;2504.66;1070.00;854.66;780.00;1284.66;620.00;534.67;1960.00
1763509123.7676003;0.00;0.00;1792.33;0.00;0.00;0.00;0.00;0.00;0.00;860.00;0.00;0.00;0.00;1783.99;0.00;0.00;0.00;0.00;0.00;0.00;80.00;0.00;1822.33;2497.00;1896.99;2112.33;2512.33;2362.33;1852.33;1030.00;1800.00;2090.00;2470.00;2630.00;2357.00;0.00;310.00;310.00;0.00;2354.66;1070.00;854.66;780.00;1284.66;620.00;534.67;1960.00
1763509123.7685356;0.00;0.00;1792.33;0.00;0.00;0.00;0.00;0.00;0.00;860.00;0.00;0.00;0.00;1783.99;0.00;0.00;0.00;0.00;0.00;0.00;80.00;0.00;1822.33;2497.00;1896.99;2112.33;2512.33;2362.33;1852.33;1030.00;1800.00;2090.00;2470.00;2630.00;2357.00;0.00;310.00;310.00;0.00;2354.66;1070.00;854.66;780.00;1284.66;620.00;534.67;1960.00
1763509128.9677312;0.00;0.00;1792.33;0.00;0.00;0.00;0.00;0.00;0.00;860.00;0.00;0.00;0.00;1880.99;0.00;0.00;0.00;0.00;0.00;0.00;80.00;0.00;1822.33;3031.67;2399.32;2144.66;2592.33;2362.33;1852.33;1030.00;1800.00;2090.00;2470.00;2630.00;2357.00;0.00;310.00;310.00;0.00;2514.66;1220.00;854.66;780.00;1434.66;620.00;534.67;2184.67
1763509128.9686415;0.00;0.00;1792.33;0.00;0.00;0.00;0.00;0.00;0.00;860.00;0.00;0.00;0.00;1880.99;0.00;0.00;0.00;0.00;0.00;0.00;80.00;0.00;1822.33;3031.67;2399.32;2144.66;2592.33;2362.33;1852.33;1030.00;1800.00;2090.00;2470.00;2630.00;2357.00;0.00;310.00;310.00;0.00;2514.66;1220.00;854.66;780.00;1434.66;620.00;534.67;2184.67
1763509129.0240092;0.00;0.00;1792.33;0.00;0.00;0.00;0.00;0.00;0.00;860.00;0.00;0.00;0.00;1977.99;0.00;0.00;0.00;0.00;0.00;0.00;80.00;0.00;1822.33;3031.67;3116.32;2861.66;3309.33;2362.33;1852.33;1030.00;1800.00;2090.00;2470.00;2630.00;2357.00;0.00;310.00;310.00;0.00;2514.66;1557.00;1004.66;780.00;1434.66;620.00;534.67;2184.67
1763509129.0249097;0.00;0.00;1792.33;0.00;0.00;0.00;0.00;0.00;0.00;860.00;0.00;0.00;0.00;1977.99;0.00;0.00;0.00;0.00;0.00;0.00;80.00;0.00;1822.33;3031.67;3116.32;2861.66;3309.33;2362.33;1852.33;1030.00;1800.00;2090.00;2470.00;2630.00;2357.00;0.00;310.00;310.00;0.00;2514.66;1557.00;1004.66;780.00;1434.66;620.00;534.67;2184.67
1763509129.0912454;0.00;0.00;1792.33;0.00;0.00;0.00;0.00;0.00;0.00;860.00;0.00;0.00;0.00;1977.99;0.00;0.00;0.00;0.00;0.00;0.00;80.00;0.00;1822.33;3031.67;3116.32;2861.66;3309.33;2362.33;1852.33;1030.00;1800.00;2090.00;2470.00;2630.00;2357.00;0.00;310.00;310.00;0.00;2514.66;1557.00;1004.66;780.00;1434.66;620.00;534.67;2184.67
1763509129.092148;0.00;0.00;1792.33;0.00;0.00;0.00;0.00;0.00;0.00;860.00;0.00;0.00;0.00;1977.99;0.00;0.00;0.00;0.00;0.00;0.00;80.00;0.00;1822.33;3031.67;3116.32;2861.66;3309.33;2362.33;1852.33;1030.00;1800.00;2090.00;2470.00;2630.00;2357.00;0.00;310.00;310.00;0.00;2514.66;1557.00;1004.66;780.00;1434.66;620.00;534.67;2184.67
1763509129.158343;0.00;0.00;1792.33;0.00;0.00;0.00;0.00;0.00;0.00;860.00;0.00;0.00;0.00;1977.99;0.00;0.00;0.00;0.00;0.00;0.00;80.00;0.00;1822.33;3031.67;3116.32;2861.66;3309.33;2362.33;1852.33;1030.00;1800.00;2090.00;2470.00;2630.00;2357.00;0.00;310.00;310.00;0.00;2514.66;1557.00;1004.66;780.00;1434.66;620.00;534.67;2184.67
1763509129.1592534;0.00;0.00;1792.33;0.00;0.00;0.00;0.00;0.00;0.00;860.00;0.00;0.00;0.00;1977.99;0.00;0.00;0.00;0.00;0.00;0.00;80.00;0.00;1822.33;3031.67;3116.32;2861.66;3309.33;2362.33;1852.33;1030.00;1800.00;2090.00;2470.00;2630.00;2357.00;0.00;310.00;310.00;0.00;2514.66;1557.00;1004.66;780.00;1434.66;620.00;534.67;2184.67
1763509129.221995;0.00;0.00;1792.33;0.00;0.00;0.00;0.00;0.00;0.00;860.00;0.00;0.00;0.00;1977.99;0.00;0.00;0.00;0.00;0.00;0.00;80.00;0.00;1822.33;3031.67;3116.32;2861.66;3309.33;2362.33;1852.33;1030.00;1800.00;2090.00;2470.00;2630.00;2357.00;0.00;310.00;310.00;0.00;2514.66;1557.00;1004.66;780.00;1434.66;620.00;534.67;2184.67
1763509129.222923;0.00;0.00;1792.33;0.00;0.00;0.00;0.00;0.00;0.00;860.00;0.00;0.00;0.00;1977.99;0.00;0.00;0.00;0.00;0.00;0.00;80.00;0.00;1822.33;3031.67;3116.32;2861.66;3309.33;2362.33;1852.33;1030.00;1800.00;2090.00;2470.00;2630.00;2357.00;0.00;310.00;310.00;0.00;2514.66;1557.00;1004.66;780.00;1434.66;620.00;534.67;2184.67
1763509129.290681;0.00;0.00;1792.33;0.00;0.00;0.00;0.00;0.00;0.00;860.00;0.00;0.00;0.00;1977.99;0.00;0.00;0.00;0.00;0.00;0.00;80.00;0.00;1822.33;3031.67;3116.32;2861.66;3309.33;2362.33;1852.33;1030.00;1800.00;2090.00;2470.00;2630.00;2357.00;0.00;310.00;310.00;0.00;2514.66;1557.00;1004.66;780.00;1434.66;620.00;534.67;2184.67
1763509129.2916028;0.00;0.00;1792.33;0.00;0.00;0.00;0.00;0.00;0.00;860.00;0.00;0.00;0.00;1977.99;0.00;0.00;0.00;0.00;0.00;0.00;80.00;0.00;1822.33;3031.67;3116.32;2861.66;3309.33;2362.33;1852.33;1030.00;1800.00;2090.00;2470.00;2630.00;2357.00;0.00;310.00;310.00;0.00;2514.66;1557.00;1004.66;780.00;1434.66;620.00;534.67;2184.67
1763509133.873226;0.00;0.00;1552.33;0.00;0.00;0.00;0.00;0.00;0.00;700.00;0.00;0.00;0.00;1785.66;0.00;390.00;0.00;0.00;0.00;0.00;80.00;0.00;1822.33;2101.67;2656.32;2701.66;3469.33;2522.33;2082.33;790.00;1400.00;1550.00;1860.00;2020.00;1747.00;230.00;310.00;310.00;0.00;2514.66;1557.00;892.33;780.00;1434.66;620.00;534.67;1584.67
1763509133.8737578;0.00;0.00;1552.33;0.00;0.00;0.00;0.00;0.00;0.00;700.00;0.00;0.00;0.00;1785.66;0.00;390.00;0.00;0.00;0.00;0.00;80.00;0.00;1822.33;2101.67;2656.32;2701.66;3469.33;2522.33;2082.33;790.00;1400.00;1550.00;1860.00;2020.00;1747.00;230.00;310.00;310.00;0.00;2514.66;1557.00;892.33;780.00;1434.66;620.00;534.67;1584.67
1763509133.9250271;0.00;0.00;1552.33;0.00;0.00;0.00;0.00;540.00;0.00;700.00;0.00;0.00;0.00;1785.66;0.00;390.00;0.00;0.00;0.00;0.00;80.00;0.00;1822.33;2101.67;2656.32;2701.66;3469.33;2522.33;2082.33;790.00;1400.00;1550.00;1860.00;2020.00;1747.00;230.00;310.00;310.00;310.00;2514.66;1557.00;892.33;780.00;1434.66;620.00;534.67;1584.67
1763509133.925917;0.00;0.00;1552.33;0.00;0.00;0.00;0.00;540.00;0.00;700.00;0.00;0.00;0.00;1785.66;0.00;390.00;0.00;0.00;0.00;0.00;80.00;0.00;1822.33;2101.67;2656.32;2701.66;3469.33;2522.33;2082.33;790.00;1400.00;1550.00;1860.00;2020.00;1747.00;230.00;310.00;310.00;310.00;2514.66;1557.00;892.33;780.00;1434.66;620.00;534.67;1584.67
1763509133.9779253;0.00;0.00;1552.33;0.00;0.00;0.00;0.00;770.00;0.00;700.00;0.00;0.00;0.00;1785.66;0.00;390.00;0.00;0.00;0.00;0.00;80.00;0.00;1822.33;2101.67;2656.32;2701.66;3469.33;2522.33;2082.33;790.00;1630.00;1780.00;1860.00;2020.00;1747.00;230.00;310.00;310.00;310.00;2514.66;1557.00;892.33;780.00;1434.66;620.00;534.67;1584.67
1763509133.9788265;0.00;0.00;1552.33;0.00;0.00;0.00;0.00;770.00;0.00;700.00;0.00;0.00;0.00;1785.66;0.00;390.00;0.00;0.00;0.00;0.00;80.00;0.00;1822.33;2101.67;2656.32;2701.66;3469.33;2522.33;2082.33;790.00;1630.00;1780.00;1860.00;2020.00;1747.00;230.00;310.00;310.00;310.00;2514.66;1557.00;892.33;780.00;1434.66;620.00;534.67;1584.67
1763509134.0340333;0.00;390.00;1552.33;0.00;0.00;0.00;0.00;770.00;0.00;700.00;0.00;0.00;0.00;1785.66;0.00;390.00;0.00;0.00;0.00;0.00;80.00;0.00;1822.33;2101.67;2656.32;2701.66;3469.33;2522.33;2082.33;790.00;1630.00;2170.00;2020.00;2180.00;1897.00;230.00;540.00;310.00;310.00;2514.66;1557.00;892.33;780.00;1434.66;620.00;534.67;1734.67
1763509134.0349734;0.00;390.00;1552.33;0.00;0.00;0.00;0.00;770.00;0.00;700.00;0.00;0.00;0.00;1785.66;0.00;390.00;0.00;0.00;0.00;0.00;80.00;0.00;1822.33;2101.67;2656.32;2701.66;3469.33;2522.33;2082.33;790.00;1630.00;2170.00;2020.00;2180.00;1897.00;230.00;540.00;310.00;310.00;2514.66;1557.00;892.33;780.00;1434.66;620.00;534.67;1734.67
1763509138.79149;0.00;390.00;592.33;0.00;390.00;0.00;0.00;770.00;0.00;700.00;0.00;0.00;0.00;1785.66;0.00;390.00;0.00;0.00;0.00;0.00;0.00;0.00;1822.33;2411.67;2656.32;2401.66;2689.33;1282.33;972.33;790.00;1630.00;2400.00;2180.00;2340.00;2057.00;230.00;540.00;310.00;310.00;1904.66;1097.00;1202.33;470.00;1134.66;620.00;534.67;1884.67
1763509138.7923858;0.00;390.00;592.33;0.00;390.00;0.00;0.00;770.00;0.00;700.00;0.00;0.00;0.00;1785.66;0.00;390.00;0.00;0.00;0.00;0.00;0.00;0.00;1822.33;2411.67;2656.32;2401.66;2689.33;1282.33;972.33;790.00;1630.00;2400.00;2180.00;2340.00;2057.00;230.00;540.00;310.00;310.00;1904.66;1097.00;1202.33;470.00;1134.66;620.00;534.67;1884.67
1763509142.9823358;0.00;390.00;592.33;0.00;390.00;0.00;0.00;770.00;0.00;700.00;0.00;257.00;0.00;1785.66;0.00;390.00;0.00;0.00;0.00;0.00;0.00;0.00;1822.33;2411.67;2656.32;2401.66;3009.33;1282.33;972.33;790.00;1630.00;2400.00;2180.00;2340.00;2057.00;230.00;540.00;310.00;310.00;2391.66;1417.00;1202.33;470.00;1134.66;620.00;534.67;1884.67
1763509142.9832487;0.00;390.00;592.33;0.00;390.00;0.00;0.00;770.00;0.00;700.00;0.00;257.00;0.00;1785.66;0.00;390.00;0.00;0.00;0.00;0.00;0.00;0.00;1822.33;2411.67;2656.32;2401.66;3009.33;1282.33;972.33;790.00;1630.00;2400.00;2180.00;2340.00;2057.00;230.00;540.00;310.00;310.00;2391.66;1417.00;1202.33;470.00;1134.66;620.00;534.67;1884.67
1763509143.0378354;0.00;390.00;592.33;0.00;390.00;0.00;0.00;770.00;0.00;700.00;0.00;497.00;0.00;1785.66;0.00;390.00;0.00;0.00;0.00;0.00;0.00;0.00;1822.33;2411.67;2656.32;2551.66;3009.33;1282.33;972.33;790.00;1630.00;2400.00;2180.00;2340.00;2057.00;230.00;540.00;310.00;310.00;2541.66;1417.00;1202.33;470.00;1284.66;620.00;534.67;1884.67
1763509143.0387347;0.00;390.00;592.33;0.00;390.00;0.00;0.00;770.00;0.00;700.00;0.00;497.00;0.00;1785.66;0.00;390.00;0.00;0.00;0.00;0.00;0.00;0.00;1822.33;2411.67;2656.32;2551.66;3009.33;1282.33;972.33;790.00;1630.00;2400.00;2180.00;2340.00;2057.00;230.00;540.00;310.00;310.00;2541.66;1417.00;1202.33;470.00;1284.66;620.00;534.67;1884.67
1763509143.1006246;0.00;390.00;592.33;0.00;390.00;0.00;0.00;770.00;0.00;700.00;0.00;737.00;0.00;1785.66;0.00;390.00;0.00;0.00;0.00;0.00;0.00;0.00;1822.33;2411.67;2656.32;2551.66;3009.33;1282.33;972.33;790.00;1630.00;2400.00;2180.00;2340.00;2057.00;230.00;540.00;310.00;310.00;2841.66;1417.00;1202.33;470.00;1284.66;620.00;534.67;1884.67
1763509143.101535;0.00;390.00;592.33;0.00;390.00;0.00;0.00;770.00;0.00;700.00;0.00;737.00;0.00;1785.66;0.00;390.00;0.00;0.00;0.00;0.00;0.00;0.00;1822.33;2411.67;2656.32;2551.66;3009.33;1282.33;972.33;790.00;1630.00;2400.00;2180.00;2340.00;2057.00;230.00;540.00;310.00;310.00;2841.66;1417.00;1202.33;470.00;1284.66;620.00;534.67;1884.67
1763509143.1615536;0.00;390.00;592.33;0.00;390.00;0.00;0.00;770.00;0.00;700.00;0.00;1089.33;0.00;1785.66;0.00;390.00;0.00;0.00;0.00;0.00;0.00;0.00;1822.33;2411.67;2656.32;2551.66;3121.66;1282.33;972.33;790.00;1630.00;2400.00;2180.00;2340.00;2057.00;230.00;540.00;310.00;310.00;3141.66;1529.33;1202.33;470.00;1284.66;620.00;534.67;1884.67
1763509143.16245;0.00;390.00;592.33;0.00;390.00;0.00;0.00;770.00;0.00;700.00;0.00;1089.33;0.00;1785.66;0.00;390.00;0.00;0.00;0.00;0.00;0.00;0.00;1822.33;2411.67;2656.32;2551.66;3121.66;1282.33;972.33;790.00;1630.00;2400.00;2180.00;2340.00;2057.00;230.00;540.00;310.00;310.00;3141.66;1529.33;1202.33;470.00;1284.66;620.00;534.67;1884.67
1763509143.221515;0.00;390.00;592.33;0.00;390.00;0.00;0.00;770.00;0.00;700.00;0.00;1329.33;0.00;1785.66;0.00;390.00;0.00;0.00;0.00;0.00;0.00;0.00;1822.33;2411.67;2656.32;2551.66;3121.66;1282.33;972.33;790.00;1630.00;2400.00;2180.00;2340.00;2057.00;230.00;540.00;310.00;310.00;3441.66;1529.33;1202.33;470.00;1284.66;620.00;534.67;1884.67
1763509143.222418;0.00;390.00;592.33;0.00;390.00;0.00;0.00;770.00;0.00;700.00;0.00;1329.33;0.00;1785.66;0.00;390.00;0.00;0.00;0.00;0.00;0.00;0.00;1822.33;2411.67;2656.32;2551.66;3121.66;1282.33;972.33;790.00;1630.00;2400.00;2180.00;2340.00;2057.00;230.00;540.00;310.00;310.00;3441.66;1529.33;1202.33;470.00;1284.66;620.00;534.67;1884.67
1763509143.4465075;0.00;390.00;592.33;0.00;390.00;0.00;0.00;770.00;0.00;700.00;0.00;1681.66;0.00;1785.66;0.00;390.00;0.00;0.00;0.00;0.00;0.00;0.00;1822.33;2411.67;2656.32;2551.66;3393.99;1592.33;1282.33;790.00;1630.00;2400.00;2180.00;2340.00;2057.00;540.00;540.00;310.00;310.00;3591.66;1679.33;1202.33;470.00;1284.66;620.00;534.67;1884.67
1763509143.447415;0.00;390.00;592.33;0.00;390.00;0.00;0.00;770.00;0.00;700.00;0.00;1681.66;0.00;1785.66;0.00;390.00;0.00;0.00;0.00;0.00;0.00;0.00;1822.33;2411.67;2656.32;2551.66;3393.99;1592.33;1282.33;790.00;1630.00;2400.00;2180.00;2340.00;2057.00;540.00;540.00;310.00;310.00;3591.66;1679.33;1202.33;470.00;1284.66;620.00;534.67;1884.67
1763509143.809059;0.00;390.00;352.33;0.00;0.00;0.00;0.00;770.00;0.00;620.00;0.00;1681.66;0.00;995.66;0.00;780.00;0.00;0.00;0.00;0.00;0.00;0.00;1822.33;1181.67;2426.32;2171.66;3083.99;1282.33;1362.33;790.00;1550.00;2020.00;1870.00;2180.00;1577.00;540.00;540.00;80.00;540.00;3591.66;1679.33;582.33;310.00;1134.66;470.00;534.67;1134.67
1763509143.809959;0.00;390.00;352.33;0.00;0.00;0.00;0.00;770.00;0.00;620.00;0.00;1681.66;0.00;995.66;0.00;780.00;0.00;0.00;0.00;0.00;0.00;0.00;1822.33;1181.67;2426.32;2171.66;3083.99;1282.33;1362.33;790.00;1550.00;2020.00;1870.00;2180.00;1577.00;540.00;540.00;80.00;540.00;3591.66;1679.33;582.33;310.00;1134.66;470.00;534.67;1134.67
1763509143.8617554;0.00;390.00;352.33;0.00;0.00;0.00;0.00;770.00;0.00;620.00;0.00;1681.66;0.00;995.66;0.00;780.00;0.00;352.33;0.00;0.00;0.00;0.00;1822.33;1341.67;2816.32;2283.99;3196.32;1282.33;1362.33;790.00;1550.00;2020.00;1870.00;2180.00;1887.00;540.00;540.00;80.00;540.00;3591.66;1679.33;582.33;310.00;1284.66;470.00;534.67;1284.67
1763509143.8626742;0.00;390.00;352.33;0.00;0.00;0.00;0.00;770.00;0.00;620.00;0.00;1681.66;0.00;995.66;0.00;780.00;0.00;352.33;0.00;0.00;0.00;0.00;1822.33;1341.67;2816.32;2283.99;3196.32;1282.33;1362.33;790.00;1550.00;2020.00;1870.00;2180.00;1887.00;540.00;540.00;80.00;540.00;3591.66;1679.33;582.33;310.00;1284.66;470.00;534.67;1284.67
1763509143.9158194;0.00;390.00;352.33;0.00;0.00;0.00;0.00;1160.00;0.00;620.00;0.00;1681.66;0.00;995.66;0.00;780.00;0.00;352.33;0.00;0.00;0.00;0.00;1822.33;1341.67;2816.32;2283.99;3346.32;1432.33;1752.33;1180.00;1550.00;2020.00;1870.00;2180.00;1887.00;540.00;540.00;80.00;540.00;3741.66;1679.33;582.33;620.00;1284.66;470.00;534.67;1284.67
1763509143.9167373;0.00;390.00;352.33;0.00;0.00;0.00;0.00;1160.00;0.00;620.00;0.00;1681.66;0.00;995.66;0.00;780.00;0.00;352.33;0.00;0.00;0.00;0.00;1822.33;1341.67;2816.32;2283.99;3346.32;1432.33;1752.33;1180.00;1550.00;2020.00;1870.00;2180.00;1887.00;540.00;540.00;80.00;540.00;3741.66;1679.33;582.33;620.00;1284.66;470.00;534.67;1284.67
1763509143.973542;0.00;620.00;352.33;0.00;0.00;0.00;0.00;1160.00;0.00;620.00;0.00;1681.66;0.00;995.66;0.00;780.00;0.00;352.33;0.00;0.00;0.00;0.00;1822.33;1341.67;2816.32;2283.99;3346.32;1432.33;1752.33;1180.00;1550.00;2020.00;1870.00;2180.00;1887.00;540.00;540.00;80.00;540.00;3741.66;1679.33;582.33;620.00;1284.66;470.00;534.67;1284.67
1763509143.9744792;0.00;620.00;352.33;0.00;0.00;0.00;0.00;1160.00;0.00;620.00;0.00;1681.66;0.00;995.66;0.00;780.00;0.00;352.33;0.00;0.00;0.00;0.00;1822.33;1341.67;2816.32;2283.99;3346.32;1432.33;1752.33;1180.00;1550.00;2020.00;1870.00;2180.00;1887.00;540.00;540.00;80.00;540.00;3741.66;1679.33;582.33;620.00;1284.66;470.00;534.67;1284.67
1763509144.030341;0.00;620.00;352.33;0.00;0.00;0.00;390.00;1160.00;0.00;620.00;0.00;1681.66;0.00;995.66;0.00;780.00;0.00;352.33;0.00;0.00;0.00;0.00;1822.33;1341.67;2816.32;2283.99;3346.32;1432.33;1752.33;1180.00;1550.00;2170.00;2020.00;2330.00;1887.00;540.00;540.00;390.00;540.00;3741.66;1679.33;582.33;620.00;1284.66;470.00;684.67;1284.67
1763509144.0312607;0.00;620.00;352.33;0.00;0.00;0.00;390.00;1160.00;0.00;620.00;0.00;1681.66;0.00;995.66;0.00;780.00;0.00;352.33;0.00;0.00;0.00;0.00;1822.33;1341.67;2816.32;2283.99;3346.32;1432.33;1752.33;1180.00;1550.00;2170.00;2020.00;2330.00;1887.00;540.00;540.00;390.00;540.00;3741.66;1679.33;582.33;620.00;1284.66;470.00;684.67;1284.67
1763509148.817957;0.00;620.00;352.33;0.00;0.00;0.00;390.00;1160.00;0.00;620.00;0.00;1681.66;0.00;898.66;0.00;1010.00;0.00;352.33;0.00;0.00;0.00;0.00;1822.33;807.00;2313.99;2251.66;3266.32;1432.33;1982.33;1410.00;1780.00;2170.00;2020.00;2330.00;1887.00;540.00;540.00;390.00;540.00;3581.66;1529.33;582.33;620.00;1134.66;470.00;684.67;1060.00
1763509148.8188715;0.00;620.00;352.33;0.00;0.00;0.00;390.00;1160.00;0.00;620.00;0.00;1681.66;0.00;898.66;0.00;1010.00;0.00;352.33;0.00;0.00;0.00;0.00;1822.33;807.00;2313.99;2251.66;3266.32;1432.33;1982.33;1410.00;1780.00;2170.00;2020.00;2330.00;1887.00;540.00;540.00;390.00;540.00;3581.66;1529.33;582.33;620.00;1134.66;470.00;684.67;1060.00
1763509149.966781;0.00;620.00;352.33;0.00;0.00;0.00;930.00;1160.00;0.00;620.00;0.00;1681.66;0.00;898.66;0.00;1010.00;0.00;352.33;0.00;0.00;0.00;0.00;1822.33;807.00;2313.99;2251.66;3266.32;1432.33;1982.33;1640.00;2010.00;2480.00;2330.00;2330.00;1887.00;540.00;540.00;390.00;540.00;3581.66;1529.33;582.33;620.00;1134.66;470.00;684.67;1060.00
1763509149.967374;0.00;620.00;352.33;0.00;0.00;0.00;930.00;1160.00;0.00;620.00;0.00;1681.66;0.00;898.66;0.00;1010.00;0.00;352.33;0.00;0.00;0.00;0.00;1822.33;807.00;2313.99;2251.66;3266.32;1432.33;1982.33;1640.00;2010.00;2480.00;2330.00;2330.00;1887.00;540.00;540.00;390.00;540.00;3581.66;1529.33;582.33;620.00;1134.66;470.00;684.67;1060.00
1763509150.0048482;0.00;620.00;352.33;0.00;0.00;0.00;1170.00;1160.00;0.00;620.00;0.00;1681.66;0.00;898.66;0.00;1010.00;0.00;352.33;0.00;0.00;0.00;0.00;1822.33;807.00;2313.99;2251.66;3416.32;1582.33;2132.33;1720.00;2090.00;2640.00;2490.00;2480.00;2037.00;540.00;540.00;390.00;540.00;3731.66;1529.33;582.33;620.00;1134.66;470.00;684.67;1210.00
1763509150.0054011;0.00;620.00;352.33;0.00;0.00;0.00;1170.00;1160.00;0.00;620.00;0.00;1681.66;0.00;898.66;0.00;1010.00;0.00;352.33;0.00;0.00;0.00;0.00;1822.33;807.00;2313.99;2251.66;3416.32;1582.33;2132.33;1720.00;2090.00;2640.00;2490.00;2480.00;2037.00;540.00;540.00;390.00;540.00;3731.66;1529.33;582.33;620.00;1134.66;470.00;684.67;1210.00
1763509150.12735;0.00;620.00;352.33;0.00;0.00;0.00;1560.00;1160.00;0.00;620.00;0.00;1681.66;0.00;898.66;0.00;1010.00;0.00;352.33;0.00;0.00;0.00;0.00;1822.33;967.00;2463.99;2401.66;3416.32;1582.33;2132.33;1950.00;2320.00;2800.00;2650.00;2640.00;2197.00;540.00;540.00;390.00;540.00;3881.66;1529.33;892.33;620.00;1134.66;470.00;684.67;1210.00
1763509150.127919;0.00;620.00;352.33;0.00;0.00;0.00;1560.00;1160.00;0.00;620.00;0.00;1681.66;0.00;898.66;0.00;1010.00;0.00;352.33;0.00;0.00;0.00;0.00;1822.33;967.00;2463.99;2401.66;3416.32;1582.33;2132.33;1950.00;2320.00;2800.00;2650.00;2640.00;2197.00;540.00;540.00;390.00;540.00;3881.66;1529.33;892.33;620.00;1134.66;470.00;684.67;1210.00
1763509150.1767807;0.00;620.00;352.33;0.00;0.00;0.00;1950.00;1160.00;0.00;620.00;0.00;1681.66;0.00;898.66;0.00;1010.00;0.00;352.33;0.00;0.00;0.00;0.00;1822.33;1117.00;2613.99;2401.66;3416.32;1582.33;2132.33;2180.00;2550.00;2950.00;2800.00;2790.00;2347.00;540.00;540.00;700.00;540.00;3881.66;1529.33;892.33;620.00;1284.66;470.00;684.67;1210.00
1763509150.1774378;0.00;620.00;352.33;0.00;0.00;0.00;1950.00;1160.00;0.00;620.00;0.00;1681.66;0.00;898.66;0.00;1010.00;0.00;352.33;0.00;0.00;0.00;0.00;1822.33;1117.00;2613.99;2401.66;3416.32;1582.33;2132.33;2180.00;2550.00;2950.00;2800.00;2790.00;2347.00;540.00;540.00;700.00;540.00;3881.66;1529.33;892.33;620.00;1284.66;470.00;684.67;1210.00
1763509150.223883;0.00;620.00;352.33;0.00;0.00;0.00;1950.00;1160.00;0.00;620.00;0.00;1681.66;0.00;898.66;0.00;1010.00;0.00;352.33;0.00;0.00;0.00;0.00;1822.33;1117.00;2613.99;2401.66;3416.32;1582.33;2132.33;2180.00;2550.00;2950.00;2800.00;2790.00;2347.00;540.00;540.00;700.00;540.00;3881.66;1529.33;892.33;620.00;1284.66;470.00;684.67;1210.00
1763509150.2244272;0.00;620.00;352.33;0.00;0.00;0.00;1950.00;1160.00;0.00;620.00;0.00;1681.66;0.00;898.66;0.00;1010.00;0.00;352.33;0.00;0.00;0.00;0.00;1822.33;1117.00;2613.99;2401.66;3416.32;1582.33;2132.33;2180.00;2550.00;2950.00;2800.00;2790.00;2347.00;540.00;540.00;700.00;540.00;3881.66;1529.33;892.33;620.00;1284.66;470.00;684.67;1210.00
1763509150.2944636;0.00;620.00;352.33;0.00;0.00;0.00;1950.00;1160.00;0.00;620.00;0.00;1681.66;0.00;898.66;0.00;1010.00;0.00;352.33;0.00;0.00;0.00;0.00;1822.33;1117.00;2613.99;2401.66;3416.32;1582.33;2132.33;2180.00;2550.00;2950.00;2800.00;2790.00;2347.00;540.00;540.00;700.00;540.00;3881.66;1529.33;892.33;620.00;1284.66;470.00;684.67;1210.00
1763509150.295413;0.00;620.00;352.33;0.00;0.00;0.00;1950.00;1160.00;0.00;620.00;0.00;1681.66;0.00;898.66;0.00;1010.00;0.00;352.33;0.00;0.00;0.00;0.00;1822.33;1117.00;2613.99;2401.66;3416.32;1582.33;2132.33;2180.00;2550.00;2950.00;2800.00;2790.00;2347.00;540.00;540.00;700.00;540.00;3881.66;1529.33;892.33;620.00;1284.66;470.00;684.67;1210.00
1763509153.8275301;0.00;620.00;320.00;0.00;0.00;0.00;1950.00;1160.00;0.00;620.00;0.00;1681.66;0.00;801.66;0.00;1250.00;0.00;352.33;0.00;0.00;0.00;0.00;1822.33;1117.00;1896.99;1684.66;3126.99;1790.00;2100.00;2180.00;2550.00;2950.00;2800.00;2790.00;2347.00;540.00;540.00;700.00;540.00;3619.33;1662.33;742.33;620.00;1284.66;470.00;684.67;1210.00
1763509153.8284638;0.00;620.00;320.00;0.00;0.00;0.00;1950.00;1160.00;0.00;620.00;0.00;1681.66;0.00;801.66;0.00;1250.00;0.00;352.33;0.00;0.00;0.00;0.00;1822.33;1117.00;1896.99;1684.66;3126.99;1790.00;2100.00;2180.00;2550.00;2950.00;2800.00;2790.00;2347.00;540.00;540.00;700.00;540.00;3619.33;1662.33;742.33;620.00;1284.66;470.00;684.67;1210.00
1763509153.8777826;0.00;1010.00;320.00;0.00;0.00;0.00;1950.00;1160.00;0.00;620.00;0.00;1681.66;0.00;801.66;0.00;1250.00;0.00;352.33;0.00;0.00;0.00;0.00;1822.33;1117.00;1896.99;1684.66;3126.99;1790.00;2100.00;2180.00;2550.00;3110.00;2960.00;2950.00;2507.00;540.00;540.00;700.00;540.00;3619.33;1662.33;742.33;620.00;1284.66;470.00;684.67;1360.00
1763509153.878326;0.00;1010.00;320.00;0.00;0.00;0.00;1950.00;1160.00;0.00;620.00;0.00;1681.66;0.00;801.66;0.00;1250.00;0.00;352.33;0.00;0.00;0.00;0.00;1822.33;1117.00;1896.99;1684.66;3126.99;1790.00;2100.00;2180.00;2550.00;3110.00;2960.00;2950.00;2507.00;540.00;540.00;700.00;540.00;3619.33;1662.33;742.33;620.00;1284.66;470.00;684.67;1360.00
1763509167.9776528;0.00;0.00;0.00;0.00;0.00;0.00;1560.00;1160.00;0.00;620.00;0.00;1681.66;240.00;801.66;0.00;1250.00;0.00;352.33;0.00;0.00;0.00;0.00;1822.33;1117.00;1896.99;1684.66;2976.99;1870.00;1940.00;2020.00;2390.00;2250.00;2330.00;2320.00;2047.00;540.00;310.00;390.00;540.00;3469.33;1812.33;742.33;930.00;1284.66;470.00;224.67;910.00
1763509167.978212;0.00;0.00;0.00;0.00;0.00;0.00;1560.00;1160.00;0.00;620.00;0.00;1681.66;240.00;801.66;0.00;1250.00;0.00;352.33;0.00;0.00;0.00;0.00;1822.33;1117.00;1896.99;1684.66;2976.99;1870.00;1940.00;2020.00;2390.00;2250.00;2330.00;2320.00;2047.00;540.00;310.00;390.00;540.00;3469.33;1812.33;742.33;930.00;1284.66;470.00;224.67;910.00
1763509168.0208826;0.00;0.00;0.00;0.00;0.00;0.00;1560.00;1160.00;0.00;620.00;0.00;1681.66;582.33;801.66;0.00;1250.00;0.00;352.33;0.00;0.00;0.00;0.00;1822.33;1117.00;1896.99;1684.66;3136.99;2260.00;2100.00;2180.00;2550.00;2410.00;2490.00;2480.00;2197.00;540.00;310.00;390.00;540.00;3629.33;1924.66;742.33;930.00;1284.66;470.00;534.67;1060.00
1763509168.0214784;0.00;0.00;0.00;0.00;0.00;0.00;1560.00;1160.00;0.00;620.00;0.00;1681.66;582.33;801.66;0.00;1250.00;0.00;352.33;0.00;0.00;0.00;0.00;1822.33;1117.00;1896.99;1684.66;3136.99;2260.00;2100.00;2180.00;2550.00;2410.00;2490.00;2480.00;2197.00;540.00;310.00;390.00;540.00;3629.33;1924.66;742.33;930.00;1284.66;470.00;534.67;1060.00
1763509168.0772989;0.00;0.00;0.00;0.00;0.00;0.00;1560.00;1160.00;0.00;620.00;0.00;1681.66;972.33;801.66;0.00;1250.00;0.00;352.33;0.00;0.00;0.00;0.00;1822.33;1117.00;1896.99;1684.66;3136.99;2800.00;2100.00;2180.00;2550.00;2410.00;2490.00;2480.00;2197.00;540.00;310.00;390.00;540.00;3629.33;2074.66;742.33;930.00;1284.66;470.00;534.67;1060.00
1763509168.0778785;0.00;0.00;0.00;0.00;0.00;0.00;1560.00;1160.00;0.00;620.00;0.00;1681.66;972.33;801.66;0.00;1250.00;0.00;352.33;0.00;0.00;0.00;0.00;1822.33;1117.00;1896.99;1684.66;3136.99;2800.00;2100.00;2180.00;2550.00;2410.00;2490.00;2480.00;2197.00;540.00;310.00;390.00;540.00;3629.33;2074.66;742.33;930.00;1284.66;470.00;534.67;1060.00
1763509168.2016313;0.00;0.00;0.00;0.00;0.00;0.00;1560.00;1160.00;0.00;620.00;0.00;1681.66;1314.66;801.66;0.00;1250.00;0.00;352.33;0.00;0.00;0.00;0.00;1822.33;1117.00;1896.99;1684.66;3249.32;3030.00;2100.00;2180.00;2550.00;2410.00;2490.00;2480.00;2197.00;540.00;310.00;390.00;540.00;3629.33;2224.66;742.33;930.00;1284.66;470.00;534.67;1060.00
1763509168.2021737;0.00;0.00;0.00;0.00;0.00;0.00;1560.00;1160.00;0.00;620.00;0.00;1681.66;1314.66;801.66;0.00;1250.00;0.00;352.33;0.00;0.00;0.00;0.00;1822.33;1117.00;1896.99;1684.66;3249.32;3030.00;2100.00;2180.00;2550.00;2410.00;2490.00;2480.00;2197.00;540.00;310.00;390.00;540.00;3629.33;2224.66;742.33;930.00;1284.66;470.00;534.67;1060.00
1763509168.2387595;0.00;0.00;0.00;0.00;0.00;0.00;1560.00;1160.00;0.00;620.00;0.00;1681.66;1346.99;801.66;0.00;1250.00;0.00;352.33;0.00;0.00;0.00;0.00;1822.33;1117.00;1896.99;1684.66;3361.65;3110.00;2100.00;2180.00;2550.00;2410.00;2490.00;2480.00;2197.00;540.00;310.00;390.00;540.00;3741.66;2224.66;742.33;1080.00;1284.66;470.00;534.67;1060.00
1763509168.2393138;0.00;0.00;0.00;0.00;0.00;0.00;1560.00;1160.00;0.00;620.00;0.00;1681.66;1346.99;801.66;0.00;1250.00;0.00;352.33;0.00;0.00;0.00;0.00;1822.33;1117.00;1896.99;1684.66;3361.65;3110.00;2100.00;2180.00;2550.00;2410.00;2490.00;2480.00;2197.00;540.00;310.00;390.00;540.00;3741.66;2224.66;742.33;1080.00;1284.66;470.00;534.67;1060.00
1763509168.279144;0.00;0.00;0.00;0.00;0.00;0.00;1560.00;1160.00;0.00;620.00;0.00;1681.66;1576.99;801.66;0.00;1250.00;0.00;352.33;0.00;0.00;0.00;0.00;1822.33;1197.00;1976.99;1764.66;3441.65;3260.00;2100.00;2180.00;2550.00;2410.00;2570.00;2560.00;2277.00;540.00;390.00;390.00;540.00;3741.66;2224.66;742.33;1080.00;1284.66;470.00;534.67;1060.00
1763509168.27969;0.00;0.00;0.00;0.00;0.00;0.00;1560.00;1160.00;0.00;620.00;0.00;1681.66;1576.99;801.66;0.00;1250.00;0.00;352.33;0.00;0.00;0.00;0.00;1822.33;1197.00;1976.99;1764.66;3441.65;3260.00;2100.00;2180.00;2550.00;2410.00;2570.00;2560.00;2277.00;540.00;390.00;390.00;540.00;3741.66;2224.66;742.33;1080.00;1284.66;470.00;534.67;1060.00
1763509168.8592653;0.00;0.00;0.00;0.00;0.00;0.00;1560.00;1160.00;0.00;0.00;0.00;1681.66;1576.99;801.66;0.00;1250.00;0.00;352.33;0.00;0.00;540.00;0.00;1592.33;1197.00;1976.99;1454.66;3131.65;3100.00;2250.00;2250.00;2320.00;1950.00;2340.00;2330.00;2277.00;540.00;390.00;390.00;540.00;3741.66;2074.66;742.33;1080.00;974.66;310.00;534.67;1060.00
1763509168.860378;0.00;0.00;0.00;0.00;0.00;0.00;1560.00;1160.00;0.00;0.00;0.00;1681.66;1576.99;801.66;0.00;1250.00;0.00;352.33;0.00;0.00;540.00;0.00;1592.33;1197.00;1976.99;1454.66;3131.65;3100.00;2250.00;2250.00;2320.00;1950.00;2340.00;2330.00;2277.00;540.00;390.00;390.00;540.00;3741.66;2074.66;742.33;1080.00;974.66;310.00;534.67;1060.00
1763509168.9211168;0.00;0.00;0.00;0.00;0.00;0.00;1560.00;1160.00;0.00;0.00;0.00;1681.66;1576.99;801.66;0.00;1250.00;0.00;352.33;0.00;0.00;1080.00;0.00;1592.33;1197.00;1976.99;1454.66;3131.65;3100.00;2250.00;2480.00;2550.00;1950.00;2340.00;2330.00;2277.00;850.00;390.00;390.00;540.00;3741.66;2074.66;742.33;1080.00;974.66;310.00;534.67;1060.00
1763509168.9226515;0.00;0.00;0.00;0.00;0.00;0.00;1560.00;1160.00;0.00;0.00;0.00;1681.66;1576.99;801.66;0.00;1250.00;0.00;352.33;0.00;0.00;1080.00;0.00;1592.33;1197.00;1976.99;1454.66;3131.65;3100.00;2250.00;2480.00;2550.00;1950.00;2340.00;2330.00;2277.00;850.00;390.00;390.00;540.00;3741.66;2074.66;742.33;1080.00;974.66;310.00;534.67;1060.00
1763509168.9840636;0.00;0.00;0.00;0.00;0.00;0.00;1560.00;1160.00;0.00;0.00;0.00;1681.66;1576.99;801.66;0.00;1250.00;0.00;352.33;0.00;0.00;1080.00;230.00;1592.33;1197.00;1976.99;1454.66;3131.65;3100.00;2250.00;2480.00;2550.00;2180.00;2570.00;2560.00;2277.00;850.00;390.00;390.00;540.00;3741.66;2074.66;742.33;1080.00;974.66;310.00;534.67;1060.00
1763509168.985918;0.00;0.00;0.00;0.00;0.00;0.00;1560.00;1160.00;0.00;0.00;0.00;1681.66;1576.99;801.66;0.00;1250.00;0.00;352.33;0.00;0.00;1080.00;230.00;1592.33;1197.00;1976.99;1454.66;3131.65;3100.00;2250.00;2480.00;2550.00;2180.00;2570.00;2560.00;2277.00;850.00;390.00;390.00;540.00;3741.66;2074.66;742.33;1080.00;974.66;310.00;534.67;1060.00
1763509173.863693;0.00;0.00;0.00;0.00;0.00;0.00;1560.00;1160.00;0.00;0.00;0.00;1681.66;1576.99;801.66;0.00;860.00;230.00;352.33;0.00;0.00;1080.00;230.00;1592.33;1197.00;1976.99;1454.66;3131.65;3100.00;2090.00;2320.00;2390.00;2020.00;2410.00;2400.00;2117.00;850.00;390.00;390.00;540.00;3741.66;2074.66;742.33;1080.00;974.66;310.00;534.67;900.00
1763509173.8646069;0.00;0.00;0.00;0.00;0.00;0.00;1560.00;1160.00;0.00;0.00;0.00;1681.66;1576.99;801.66;0.00;860.00;230.00;352.33;0.00;0.00;1080.00;230.00;1592.33;1197.00;1976.99;1454.66;3131.65;3100.00;2090.00;2320.00;2390.00;2020.00;2410.00;2400.00;2117.00;850.00;390.00;390.00;540.00;3741.66;2074.66;742.33;1080.00;974.66;310.00;534.67;900.00
1763509178.872596;0.00;0.00;0.00;0.00;0.00;0.00;1560.00;620.00;0.00;0.00;0.00;1681.66;1576.99;801.66;0.00;860.00;230.00;352.33;0.00;0.00;1320.00;230.00;1592.33;1197.00;1976.99;1454.66;3281.65;3410.00;2400.00;2550.00;2390.00;2020.00;2410.00;2400.00;2117.00;850.00;390.00;390.00;230.00;3891.66;2224.66;742.33;1080.00;974.66;310.00;534.67;900.00
1763509178.8735561;0.00;0.00;0.00;0.00;0.00;0.00;1560.00;620.00;0.00;0.00;0.00;1681.66;1576.99;801.66;0.00;860.00;230.00;352.33;0.00;0.00;1320.00;230.00;1592.33;1197.00;1976.99;1454.66;3281.65;3410.00;2400.00;2550.00;2390.00;2020.00;2410.00;2400.00;2117.00;850.00;390.00;390.00;230.00;3891.66;2224.66;742.33;1080.00;974.66;310.00;534.67;900.00
1763509183.1611042;0.00;0.00;0.00;0.00;0.00;0.00;1560.00;620.00;0.00;0.00;247.00;1681.66;1576.99;801.66;0.00;860.00;230.00;352.33;0.00;0.00;1320.00;230.00;1592.33;1357.00;2136.99;1631.66;3511.65;3640.00;2630.00;2550.00;2390.00;2020.00;2410.00;2400.00;2117.00;850.00;390.00;390.00;230.00;3891.66;2224.66;742.33;1080.00;1311.66;310.00;534.67;1370.00
1763509183.162022;0.00;0.00;0.00;0.00;0.00;0.00;1560.00;620.00;0.00;0.00;247.00;1681.66;1576.99;801.66;0.00;860.00;230.00;352.33;0.00;0.00;1320.00;230.00;1592.33;1357.00;2136.99;1631.66;3511.65;3640.00;2630.00;2550.00;2390.00;2020.00;2410.00;2400.00;2117.00;850.00;390.00;390.00;230.00;3891.66;2224.66;742.33;1080.00;1311.66;310.00;534.67;1370.00
1763509183.2196507;0.00;0.00;0.00;0.00;0.00;0.00;1560.00;620.00;0.00;0.00;599.33;1681.66;1576.99;801.66;0.00;860.00;230.00;352.33;0.00;0.00;1320.00;230.00;1592.33;1517.00;2296.99;1791.66;3703.98;3870.00;2860.00;2550.00;2390.00;2020.00;2410.00;2400.00;2427.00;850.00;390.00;390.00;230.00;3891.66;2374.66;742.33;1080.00;1311.66;310.00;534.67;1520.00
1763509183.2201731;0.00;0.00;0.00;0.00;0.00;0.00;1560.00;620.00;0.00;0.00;599.33;1681.66;1576.99;801.66;0.00;860.00;230.00;352.33;0.00;0.00;1320.00;230.00;1592.33;1517.00;2296.99;1791.66;3703.98;3870.00;2860.00;2550.00;2390.00;2020.00;2410.00;2400.00;2427.00;850.00;390.00;390.00;230.00;3891.66;2374.66;742.33;1080.00;1311.66;310.00;534.67;1520.00
1763509183.26559;0.00;0.00;0.00;0.00;0.00;0.00;1560.00;620.00;0.00;0.00;1006.33;1681.66;1576.99;801.66;0.00;860.00;230.00;352.33;0.00;0.00;1320.00;230.00;1592.33;1677.00;2361.66;1856.33;4046.31;4212.33;3090.00;2550.00;2390.00;2020.00;2410.00;2400.00;2427.00;850.00;390.00;390.00;230.00;3891.66;2374.66;1062.33;1192.33;1311.66;310.00;534.67;1670.00
1763509183.2661464;0.00;0.00;0.00;0.00;0.00;0.00;1560.00;620.00;0.00;0.00;1006.33;1681.66;1576.99;801.66;0.00;860.00;230.00;352.33;0.00;0.00;1320.00;230.00;1592.33;1677.00;2361.66;1856.33;4046.31;4212.33;3090.00;2550.00;2390.00;2020.00;2410.00;2400.00;2427.00;850.00;390.00;390.00;230.00;3891.66;2374.66;1062.33;1192.33;1311.66;310.00;534.67;1670.00
1763509183.323265;0.00;0.00;0.00;0.00;0.00;0.00;1560.00;620.00;0.00;0.00;1413.33;1681.66;1576.99;801.66;0.00;860.00;230.00;352.33;0.00;0.00;1320.00;230.00;1592.33;1709.33;2393.99;1888.66;4270.98;4212.33;3090.00;2550.00;2390.00;2020.00;2640.00;2630.00;2507.00;850.00;390.00;390.00;230.00;4041.66;2374.66;1062.33;1192.33;1311.66;310.00;684.67;1830.00
1763509183.3238258;0.00;0.00;0.00;0.00;0.00;0.00;1560.00;620.00;0.00;0.00;1413.33;1681.66;1576.99;801.66;0.00;860.00;230.00;352.33;0.00;0.00;1320.00;230.00;1592.33;1709.33;2393.99;1888.66;4270.98;4212.33;3090.00;2550.00;2390.00;2020.00;2640.00;2630.00;2507.00;850.00;390.00;390.00;230.00;4041.66;2374.66;1062.33;1192.33;1311.66;310.00;684.67;1830.00
1763509183.3920825;0.00;0.00;0.00;0.00;0.00;0.00;1560.00;620.00;0.00;0.00;1605.66;1681.66;1576.99;801.66;0.00;860.00;230.00;352.33;0.00;0.00;1320.00;230.00;1592.33;1741.66;2426.32;1920.99;4430.98;4212.33;3090.00;2550.00;2390.00;2020.00;2870.00;2860.00;2737.00;850.00;390.00;390.00;230.00;4041.66;2524.66;1062.33;1192.33;1311.66;310.00;684.67;1980.00
1763509183.393017;0.00;0.00;0.00;0.00;0.00;0.00;1560.00;620.00;0.00;0.00;1605.66;1681.66;1576.99;801.66;0.00;860.00;230.00;352.33;0.00;0.00;1320.00;230.00;1592.33;1741.66;2426.32;1920.99;4430.98;4212.33;3090.00;2550.00;2390.00;2020.00;2870.00;2860.00;2737.00;850.00;390.00;390.00;230.00;4041.66;2524.66;1062.33;1192.33;1311.66;310.00;684.67;1980.00
1763509183.461139;0.00;0.00;0.00;0.00;0.00;0.00;1560.00;620.00;0.00;0.00;1845.66;1681.66;1576.99;801.66;0.00;860.00;230.00;352.33;0.00;0.00;1320.00;230.00;1592.33;1891.66;2426.32;1920.99;4820.98;4292.33;3170.00;2630.00;2470.00;2100.00;3020.00;3010.00;2887.00;850.00;390.00;390.00;230.00;4191.66;2524.66;1212.33;1192.33;1311.66;310.00;684.67;1980.00
1763509183.462075;0.00;0.00;0.00;0.00;0.00;0.00;1560.00;620.00;0.00;0.00;1845.66;1681.66;1576.99;801.66;0.00;860.00;230.00;352.33;0.00;0.00;1320.00;230.00;1592.33;1891.66;2426.32;1920.99;4820.98;4292.33;3170.00;2630.00;2470.00;2100.00;3020.00;3010.00;2887.00;850.00;390.00;390.00;230.00;4191.66;2524.66;1212.33;1192.33;1311.66;310.00;684.67;1980.00
1763509183.884347;0.00;0.00;0.00;0.00;0.00;0.00;1560.00;390.00;0.00;0.00;1845.66;1681.66;1576.99;801.66;0.00;620.00;310.00;352.33;0.00;0.00;1320.00;230.00;1592.33;1891.66;2426.32;1920.99;4510.98;4132.33;3170.00;2630.00;2240.00;1870.00;3020.00;3010.00;2887.00;850.00;390.00;390.00;230.00;4341.66;2054.66;1212.33;1192.33;1311.66;310.00;684.67;1980.00
1763509183.8852963;0.00;0.00;0.00;0.00;0.00;0.00;1560.00;390.00;0.00;0.00;1845.66;1681.66;1576.99;801.66;0.00;620.00;310.00;352.33;0.00;0.00;1320.00;230.00;1592.33;1891.66;2426.32;1920.99;4510.98;4132.33;3170.00;2630.00;2240.00;1870.00;3020.00;3010.00;2887.00;850.00;390.00;390.00;230.00;4341.66;2054.66;1212.33;1192.33;1311.66;310.00;684.67;1980.00
1763509183.9398172;0.00;0.00;0.00;0.00;0.00;0.00;1560.00;390.00;0.00;0.00;1845.66;1681.66;1576.99;801.66;0.00;620.00;310.00;352.33;0.00;0.00;1550.00;230.00;1592.33;1891.66;2426.32;1920.99;4510.98;4132.33;3170.00;2860.00;2470.00;2100.00;3020.00;3010.00;2887.00;850.00;390.00;390.00;230.00;4341.66;2054.66;1212.33;1192.33;1311.66;310.00;684.67;1980.00
1763509183.9403892;0.00;0.00;0.00;0.00;0.00;0.00;1560.00;390.00;0.00;0.00;1845.66;1681.66;1576.99;801.66;0.00;620.00;310.00;352.33;0.00;0.00;1550.00;230.00;1592.33;1891.66;2426.32;1920.99;4510.98;4132.33;3170.00;2860.00;2470.00;2100.00;3020.00;3010.00;2887.00;850.00;390.00;390.00;230.00;4341.66;2054.66;1212.33;1192.33;1311.66;310.00;684.67;1980.00
1763509193.9695098;0.00;0.00;0.00;0.00;0.00;0.00;1560.00;390.00;0.00;0.00;1845.66;1681.66;1576.99;801.66;0.00;230.00;774.67;352.33;0.00;0.00;1550.00;0.00;0.00;1539.33;2026.32;1390.99;4280.98;4357.00;2860.00;2780.00;1930.00;1330.00;1710.00;1700.00;2384.67;620.00;80.00;390.00;230.00;4041.66;2279.33;1100.00;1192.33;1161.66;310.00;684.67;1830.00
1763509193.9700608;0.00;0.00;0.00;0.00;0.00;0.00;1560.00;390.00;0.00;0.00;1845.66;1681.66;1576.99;801.66;0.00;230.00;774.67;352.33;0.00;0.00;1550.00;0.00;0.00;1539.33;2026.32;1390.99;4280.98;4357.00;2860.00;2780.00;1930.00;1330.00;1710.00;1700.00;2384.67;620.00;80.00;390.00;230.00;4041.66;2279.33;1100.00;1192.33;1161.66;310.00;684.67;1830.00
1763509203.9127347;0.00;0.00;0.00;0.00;0.00;390.00;1560.00;390.00;0.00;0.00;1845.66;1681.66;1576.99;449.33;0.00;230.00;774.67;352.33;0.00;0.00;1550.00;0.00;0.00;1459.33;1753.99;1230.99;4120.98;4047.00;2860.00;2780.00;1930.00;1410.00;1790.00;1770.00;2454.67;620.00;80.00;540.00;230.00;4041.66;2129.33;780.00;882.33;1049.33;310.00;684.67;1980.00
1763509203.9136512;0.00;0.00;0.00;0.00;0.00;390.00;1560.00;390.00;0.00;0.00;1845.66;1681.66;1576.99;449.33;0.00;230.00;774.67;352.33;0.00;0.00;1550.00;0.00;0.00;1459.33;1753.99;1230.99;4120.98;4047.00;2860.00;2780.00;1930.00;1410.00;1790.00;1770.00;2454.67;620.00;80.00;540.00;230.00;4041.66;2129.33;780.00;882.33;1049.33;310.00;684.67;1980.00
1763509208.8946593;0.00;0.00;0.00;0.00;0.00;390.00;1560.00;0.00;0.00;0.00;1845.66;1441.66;1576.99;0.00;0.00;230.00;774.67;449.33;0.00;0.00;0.00;0.00;0.00;1394.66;1299.33;1285.66;3820.98;3587.00;1850.00;1470.00;1240.00;1180.00;1790.00;1460.00;1920.00;310.00;80.00;540.00;230.00;3196.33;1979.33;780.00;572.33;1097.00;0.00;460.00;1830.00
1763509208.8952098;0.00;0.00;0.00;0.00;0.00;390.00;1560.00;0.00;0.00;0.00;1845.66;1441.66;1576.99;0.00;0.00;230.00;774.67;449.33;0.00;0.00;0.00;0.00;0.00;1394.66;1299.33;1285.66;3820.98;3587.00;1850.00;1470.00;1240.00;1180.00;1790.00;1460.00;1920.00;310.00;80.00;540.00;230.00;3196.33;1979.33;780.00;572.33;1097.00;0.00;460.00;1830.00
1763509208.9277163;0.00;0.00;0.00;0.00;0.00;780.00;1560.00;0.00;0.00;0.00;1845.66;1441.66;1576.99;0.00;0.00;230.00;774.67;449.33;0.00;0.00;0.00;0.00;0.00;1394.66;1299.33;1285.66;3820.98;3587.00;1850.00;1470.00;1240.00;1340.00;1950.00;1610.00;2070.00;310.00;80.00;770.00;230.00;3196.33;1979.33;780.00;572.33;1097.00;310.00;460.00;1980.00
1763509208.9284098;0.00;0.00;0.00;0.00;0.00;780.00;1560.00;0.00;0.00;0.00;1845.66;1441.66;1576.99;0.00;0.00;230.00;774.67;449.33;0.00;0.00;0.00;0.00;0.00;1394.66;1299.33;1285.66;3820.98;3587.00;1850.00;1470.00;1240.00;1340.00;1950.00;1610.00;2070.00;310.00;80.00;770.00;230.00;3196.33;1979.33;780.00;572.33;1097.00;310.00;460.00;1980.00
1763509208.9620996;0.00;0.00;0.00;0.00;0.00;1170.00;1560.00;0.00;0.00;0.00;1845.66;1441.66;1576.99;0.00;0.00;230.00;774.67;449.33;0.00;0.00;0.00;0.00;0.00;1554.66;1459.33;1285.66;3820.98;3587.00;1850.00;1470.00;1240.00;1500.00;2110.00;1770.00;2230.00;310.00;80.00;1000.00;230.00;3196.33;1979.33;780.00;572.33;1247.00;310.00;460.00;1980.00
1763509208.9626238;0.00;0.00;0.00;0.00;0.00;1170.00;1560.00;0.00;0.00;0.00;1845.66;1441.66;1576.99;0.00;0.00;230.00;774.67;449.33;0.00;0.00;0.00;0.00;0.00;1554.66;1459.33;1285.66;3820.98;3587.00;1850.00;1470.00;1240.00;1500.00;2110.00;1770.00;2230.00;310.00;80.00;1000.00;230.00;3196.33;1979.33;780.00;572.33;1247.00;310.00;460.00;1980.00
1763509212.0206997;0.00;0.00;0.00;0.00;0.00;1170.00;1560.00;0.00;0.00;0.00;1845.66;1441.66;1576.99;0.00;0.00;230.00;774.67;449.33;390.00;0.00;0.00;0.00;0.00;1554.66;1459.33;1285.66;3820.98;3587.00;1850.00;1470.00;1470.00;1730.00;2340.00;1930.00;2390.00;310.00;80.00;1000.00;230.00;3196.33;1979.33;780.00;572.33;1247.00;310.00;460.00;2130.00
1763509212.021628;0.00;0.00;0.00;0.00;0.00;1170.00;1560.00;0.00;0.00;0.00;1845.66;1441.66;1576.99;0.00;0.00;230.00;774.67;449.33;390.00;0.00;0.00;0.00;0.00;1554.66;1459.33;1285.66;3820.98;3587.00;1850.00;1470.00;1470.00;1730.00;2340.00;1930.00;2390.00;310.00;80.00;1000.00;230.00;3196.33;1979.33;780.00;572.33;1247.00;310.00;460.00;2130.00
1763509212.088611;0.00;0.00;0.00;0.00;0.00;1170.00;1560.00;0.00;0.00;0.00;1845.66;1441.66;1576.99;0.00;0.00;230.00;774.67;449.33;630.00;0.00;0.00;0.00;0.00;1714.66;1609.33;1285.66;3820.98;3737.00;1930.00;1550.00;1550.00;1810.00;2420.00;2090.00;2550.00;310.00;80.00;1000.00;230.00;3196.33;2129.33;1090.00;572.33;1397.00;310.00;460.00;2130.00
1763509212.0895483;0.00;0.00;0.00;0.00;0.00;1170.00;1560.00;0.00;0.00;0.00;1845.66;1441.66;1576.99;0.00;0.00;230.00;774.67;449.33;630.00;0.00;0.00;0.00;0.00;1714.66;1609.33;1285.66;3820.98;3737.00;1930.00;1550.00;1550.00;1810.00;2420.00;2090.00;2550.00;310.00;80.00;1000.00;230.00;3196.33;2129.33;1090.00;572.33;1397.00;310.00;460.00;2130.00
1763509212.1509278;0.00;0.00;0.00;0.00;0.00;1170.00;1560.00;0.00;0.00;0.00;1845.66;1441.66;1576.99;0.00;0.00;230.00;774.67;449.33;860.00;0.00;0.00;0.00;0.00;1714.66;1609.33;1285.66;3820.98;3737.00;1930.00;1550.00;1550.00;2040.00;2650.00;2250.00;2550.00;310.00;80.00;1000.00;230.00;3196.33;2129.33;1090.00;572.33;1397.00;310.00;620.00;2130.00
1763509212.1518278;0.00;0.00;0.00;0.00;0.00;1170.00;1560.00;0.00;0.00;0.00;1845.66;1441.66;1576.99;0.00;0.00;230.00;774.67;449.33;860.00;0.00;0.00;0.00;0.00;1714.66;1609.33;1285.66;3820.98;3737.00;1930.00;1550.00;1550.00;2040.00;2650.00;2250.00;2550.00;310.00;80.00;1000.00;230.00;3196.33;2129.33;1090.00;572.33;1397.00;310.00;620.00;2130.00
1763509212.219802;0.00;0.00;0.00;0.00;0.00;1170.00;1560.00;0.00;0.00;0.00;1845.66;1441.66;1576.99;0.00;0.00;230.00;774.67;449.33;1090.00;0.00;0.00;0.00;0.00;1714.66;1609.33;1285.66;3820.98;3737.00;1930.00;1550.00;1780.00;2270.00;2880.00;2250.00;2550.00;310.00;80.00;1000.00;230.00;3196.33;2129.33;1090.00;572.33;1397.00;310.00;620.00;2130.00
1763509212.2207572;0.00;0.00;0.00;0.00;0.00;1170.00;1560.00;0.00;0.00;0.00;1845.66;1441.66;1576.99;0.00;0.00;230.00;774.67;449.33;1090.00;0.00;0.00;0.00;0.00;1714.66;1609.33;1285.66;3820.98;3737.00;1930.00;1550.00;1780.00;2270.00;2880.00;2250.00;2550.00;310.00;80.00;1000.00;230.00;3196.33;2129.33;1090.00;572.33;1397.00;310.00;620.00;2130.00
1763509212.4434814;0.00;0.00;0.00;0.00;0.00;1170.00;1560.00;0.00;0.00;0.00;1845.66;1441.66;1576.99;0.00;0.00;230.00;774.67;449.33;1480.00;0.00;0.00;0.00;0.00;1714.66;1609.33;1285.66;3970.98;3887.00;2010.00;1630.00;1860.00;2660.00;3270.00;2250.00;2550.00;310.00;80.00;1310.00;230.00;3346.33;2129.33;1090.00;572.33;1397.00;310.00;620.00;2130.00
1763509212.444398;0.00;0.00;0.00;0.00;0.00;1170.00;1560.00;0.00;0.00;0.00;1845.66;1441.66;1576.99;0.00;0.00;230.00;774.67;449.33;1480.00;0.00;0.00;0.00;0.00;1714.66;1609.33;1285.66;3970.98;3887.00;2010.00;1630.00;1860.00;2660.00;3270.00;2250.00;2550.00;310.00;80.00;1310.00;230.00;3346.33;2129.33;1090.00;572.33;1397.00;310.00;620.00;2130.00
1763509212.5128608;0.00;0.00;0.00;0.00;0.00;1170.00;1560.00;0.00;0.00;0.00;1845.66;1441.66;1576.99;0.00;0.00;230.00;774.67;449.33;1710.00;0.00;0.00;0.00;0.00;1714.66;1609.33;1285.66;3970.98;3887.00;2010.00;1630.00;1860.00;2660.00;3500.00;2250.00;2550.00;310.00;80.00;1310.00;230.00;3346.33;2129.33;1090.00;572.33;1397.00;310.00;620.00;2130.00
1763509212.5137832;0.00;0.00;0.00;0.00;0.00;1170.00;1560.00;0.00;0.00;0.00;1845.66;1441.66;1576.99;0.00;0.00;230.00;774.67;449.33;1710.00;0.00;0.00;0.00;0.00;1714.66;1609.33;1285.66;3970.98;3887.00;2010.00;1630.00;1860.00;2660.00;3500.00;2250.00;2550.00;310.00;80.00;1310.00;230.00;3346.33;2129.33;1090.00;572.33;1397.00;310.00;620.00;2130.00
1763509213.918276;0.00;0.00;0.00;0.00;0.00;1170.00;1560.00;0.00;0.00;0.00;1845.66;737.00;1576.99;0.00;0.00;230.00;774.67;1016.33;1710.00;0.00;0.00;0.00;0.00;1976.99;1801.66;1660.33;3586.32;3577.00;1700.00;1630.00;1860.00;2660.00;3500.00;2250.00;2550.00;0.00;80.00;1310.00;230.00;3046.33;1867.00;1090.00;572.33;1397.00;310.00;620.00;2280.00
1763509213.9191954;0.00;0.00;0.00;0.00;0.00;1170.00;1560.00;0.00;0.00;0.00;1845.66;737.00;1576.99;0.00;0.00;230.00;774.67;1016.33;1710.00;0.00;0.00;0.00;0.00;1976.99;1801.66;1660.33;3586.32;3577.00;1700.00;1630.00;1860.00;2660.00;3500.00;2250.00;2550.00;0.00;80.00;1310.00;230.00;3046.33;1867.00;1090.00;572.33;1397.00;310.00;620.00;2280.00
1763509213.9572098;0.00;0.00;0.00;0.00;0.00;1170.00;1560.00;0.00;0.00;0.00;1845.66;737.00;1576.99;0.00;0.00;230.00;774.67;1423.33;1710.00;0.00;0.00;0.00;0.00;1976.99;1801.66;1917.33;3843.32;3977.00;1930.00;1630.00;1860.00;2660.00;3500.00;2250.00;2550.00;0.00;80.00;1310.00;230.00;3046.33;1979.33;1090.00;892.33;1547.00;310.00;620.00;2280.00
1763509213.9577885;0.00;0.00;0.00;0.00;0.00;1170.00;1560.00;0.00;0.00;0.00;1845.66;737.00;1576.99;0.00;0.00;230.00;774.67;1423.33;1710.00;0.00;0.00;0.00;0.00;1976.99;1801.66;1917.33;3843.32;3977.00;1930.00;1630.00;1860.00;2660.00;3500.00;2250.00;2550.00;0.00;80.00;1310.00;230.00;3046.33;1979.33;1090.00;892.33;1547.00;310.00;620.00;2280.00
1763509218.9277227;0.00;0.00;0.00;540.00;0.00;1170.00;1170.00;0.00;0.00;0.00;1845.66;480.00;1576.99;0.00;0.00;230.00;774.67;1423.33;1710.00;0.00;0.00;0.00;0.00;1826.99;1651.66;1917.33;3523.32;3977.00;1930.00;1400.00;1630.00;2820.00;3350.00;2100.00;2400.00;0.00;80.00;1000.00;230.00;2559.33;1659.33;1090.00;892.33;1397.00;310.00;620.00;2280.00
1763509218.928281;0.00;0.00;0.00;540.00;0.00;1170.00;1170.00;0.00;0.00;0.00;1845.66;480.00;1576.99;0.00;0.00;230.00;774.67;1423.33;1710.00;0.00;0.00;0.00;0.00;1826.99;1651.66;1917.33;3523.32;3977.00;1930.00;1400.00;1630.00;2820.00;3350.00;2100.00;2400.00;0.00;80.00;1000.00;230.00;2559.33;1659.33;1090.00;892.33;1397.00;310.00;620.00;2280.00
1763509218.9626331;0.00;0.00;0.00;540.00;0.00;1170.00;1170.00;0.00;0.00;0.00;1845.66;480.00;1576.99;0.00;0.00;230.00;774.67;1878.00;1710.00;0.00;0.00;0.00;0.00;1976.99;1731.66;2452.00;3993.32;3977.00;1930.00;1400.00;1630.00;2820.00;3350.00;2100.00;2400.00;0.00;80.00;1000.00;230.00;2944.00;1979.33;1090.00;892.33;1397.00;310.00;620.00;2430.00
1763509218.9631734;0.00;0.00;0.00;540.00;0.00;1170.00;1170.00;0.00;0.00;0.00;1845.66;480.00;1576.99;0.00;0.00;230.00;774.67;1878.00;1710.00;0.00;0.00;0.00;0.00;1976.99;1731.66;2452.00;3993.32;3977.00;1930.00;1400.00;1630.00;2820.00;3350.00;2100.00;2400.00;0.00;80.00;1000.00;230.00;2944.00;1979.33;1090.00;892.33;1397.00;310.00;620.00;2430.00
1763509223.956696;0.00;240.00;0.00;540.00;0.00;1170.00;1170.00;0.00;0.00;0.00;1845.66;480.00;1576.99;0.00;0.00;230.00;310.00;1878.00;1710.00;0.00;0.00;0.00;0.00;1976.99;1731.66;2452.00;3833.32;3592.33;2010.00;1480.00;1710.00;2980.00;3510.00;2260.00;2550.00;0.00;80.00;1000.00;230.00;2794.00;1754.66;1090.00;892.33;1397.00;310.00;620.00;2580.00
1763509223.9576163;0.00;240.00;0.00;540.00;0.00;1170.00;1170.00;0.00;0.00;0.00;1845.66;480.00;1576.99;0.00;0.00;230.00;310.00;1878.00;1710.00;0.00;0.00;0.00;0.00;1976.99;1731.66;2452.00;3833.32;3592.33;2010.00;1480.00;1710.00;2980.00;3510.00;2260.00;2550.00;0.00;80.00;1000.00;230.00;2794.00;1754.66;1090.00;892.33;1397.00;310.00;620.00;2580.00
1763509228.9674382;0.00;240.00;0.00;540.00;0.00;1170.00;1170.00;0.00;0.00;0.00;1845.66;887.00;1234.66;0.00;0.00;230.00;230.00;1878.00;1710.00;0.00;0.00;0.00;0.00;1976.99;1731.66;2602.00;3827.99;3347.00;1850.00;1320.00;1550.00;2820.00;3350.00;2100.00;2400.00;0.00;80.00;1000.00;230.00;2596.33;1792.33;1090.00;1117.00;1547.00;310.00;310.00;2430.00
1763509228.9684274;0.00;240.00;0.00;540.00;0.00;1170.00;1170.00;0.00;0.00;0.00;1845.66;887.00;1234.66;0.00;0.00;230.00;230.00;1878.00;1710.00;0.00;0.00;0.00;0.00;1976.99;1731.66;2602.00;3827.99;3347.00;1850.00;1320.00;1550.00;2820.00;3350.00;2100.00;2400.00;0.00;80.00;1000.00;230.00;2596.33;1792.33;1090.00;1117.00;1547.00;310.00;310.00;2430.00
1763509229.1805034;0.00;470.00;0.00;540.00;0.00;1170.00;1170.00;0.00;0.00;0.00;1845.66;887.00;1234.66;0.00;0.00;230.00;230.00;1878.00;1710.00;0.00;0.00;0.00;0.00;1976.99;1731.66;2602.00;3827.99;3347.00;1850.00;1320.00;1550.00;2820.00;3350.00;2100.00;2400.00;0.00;80.00;1000.00;230.00;2596.33;1792.33;1090.00;1117.00;1547.00;310.00;310.00;2430.00
1763509229.1814501;0.00;470.00;0.00;540.00;0.00;1170.00;1170.00;0.00;0.00;0.00;1845.66;887.00;1234.66;0.00;0.00;230.00;230.00;1878.00;1710.00;0.00;0.00;0.00;0.00;1976.99;1731.66;2602.00;3827.99;3347.00;1850.00;1320.00;1550.00;2820.00;3350.00;2100.00;2400.00;0.00;80.00;1000.00;230.00;2596.33;1792.33;1090.00;1117.00;1547.00;310.00;310.00;2430.00
1763509233.0277562;0.00;230.00;0.00;540.00;0.00;0.00;1170.00;0.00;0.00;0.00;1845.66;1069.33;1234.66;0.00;0.00;230.00;0.00;1525.67;1710.00;0.00;0.00;0.00;0.00;1656.99;1181.66;2489.67;3597.99;3267.00;1540.00;1010.00;1470.00;2180.00;2710.00;1480.00;1480.00;0.00;80.00;310.00;0.00;2596.33;2054.66;1090.00;1117.00;1247.00;0.00;310.00;1830.00
1763509233.0286663;0.00;230.00;0.00;540.00;0.00;0.00;1170.00;0.00;0.00;0.00;1845.66;1069.33;1234.66;0.00;0.00;230.00;0.00;1525.67;1710.00;0.00;0.00;0.00;0.00;1656.99;1181.66;2489.67;3597.99;3267.00;1540.00;1010.00;1470.00;2180.00;2710.00;1480.00;1480.00;0.00;80.00;310.00;0.00;2596.33;2054.66;1090.00;1117.00;1247.00;0.00;310.00;1830.00
1763509233.096966;0.00;230.00;0.00;540.00;0.00;0.00;1170.00;0.00;0.00;0.00;1845.66;1326.33;1234.66;0.00;0.00;230.00;0.00;1525.67;1710.00;0.00;0.00;0.00;0.00;1806.99;1341.66;2649.67;3790.32;3379.33;1540.00;1010.00;1470.00;2180.00;2710.00;1480.00;1480.00;0.00;80.00;310.00;0.00;2596.33;2204.66;1090.00;1229.33;1247.00;0.00;310.00;1980.00
1763509233.0979042;0.00;230.00;0.00;540.00;0.00;0.00;1170.00;0.00;0.00;0.00;1845.66;1326.33;1234.66;0.00;0.00;230.00;0.00;1525.67;1710.00;0.00;0.00;0.00;0.00;1806.99;1341.66;2649.67;3790.32;3379.33;1540.00;1010.00;1470.00;2180.00;2710.00;1480.00;1480.00;0.00;80.00;310.00;0.00;2596.33;2204.66;1090.00;1229.33;1247.00;0.00;310.00;1980.00
1763509233.1593277;0.00;230.00;0.00;540.00;0.00;0.00;1170.00;0.00;0.00;0.00;1845.66;1621.00;1234.66;0.00;0.00;230.00;0.00;1525.67;1710.00;0.00;0.00;0.00;0.00;1966.99;1501.66;2714.34;4020.32;3609.33;1770.00;1240.00;1700.00;2180.00;2710.00;1800.00;1790.00;0.00;80.00;540.00;0.00;2596.33;2204.66;1090.00;1229.33;1247.00;0.00;620.00;2130.00
1763509233.1602821;0.00;230.00;0.00;540.00;0.00;0.00;1170.00;0.00;0.00;0.00;1845.66;1621.00;1234.66;0.00;0.00;230.00;0.00;1525.67;1710.00;0.00;0.00;0.00;0.00;1966.99;1501.66;2714.34;4020.32;3609.33;1770.00;1240.00;1700.00;2180.00;2710.00;1800.00;1790.00;0.00;80.00;540.00;0.00;2596.33;2204.66;1090.00;1229.33;1247.00;0.00;620.00;2130.00
1763509233.2116828;0.00;230.00;0.00;540.00;0.00;0.00;1170.00;0.00;0.00;0.00;1845.66;1868.00;1234.66;0.00;0.00;230.00;0.00;1525.67;1710.00;0.00;0.00;0.00;0.00;1966.99;1726.33;2939.01;4362.65;3999.33;2470.00;1620.00;2080.00;2330.00;2860.00;1950.00;1940.00;0.00;80.00;770.00;0.00;2596.33;2204.66;1090.00;1229.33;1247.00;0.00;620.00;2280.00
1763509233.2122235;0.00;230.00;0.00;540.00;0.00;0.00;1170.00;0.00;0.00;0.00;1845.66;1868.00;1234.66;0.00;0.00;230.00;0.00;1525.67;1710.00;0.00;0.00;0.00;0.00;1966.99;1726.33;2939.01;4362.65;3999.33;2470.00;1620.00;2080.00;2330.00;2860.00;1950.00;1940.00;0.00;80.00;770.00;0.00;2596.33;2204.66;1090.00;1229.33;1247.00;0.00;620.00;2280.00
1763509233.2613597;0.00;230.00;0.00;540.00;0.00;0.00;1170.00;0.00;0.00;0.00;1845.66;1965.00;1234.66;0.00;0.00;230.00;0.00;1525.67;1710.00;0.00;0.00;0.00;0.00;2116.99;2346.33;3409.01;4817.32;3999.33;2470.00;1620.00;2080.00;2330.00;2860.00;1950.00;1940.00;0.00;80.00;770.00;0.00;2596.33;2204.66;1090.00;1229.33;1397.00;0.00;620.00;2430.00
1763509233.26231;0.00;230.00;0.00;540.00;0.00;0.00;1170.00;0.00;0.00;0.00;1845.66;1965.00;1234.66;0.00;0.00;230.00;0.00;1525.67;1710.00;0.00;0.00;0.00;0.00;2116.99;2346.33;3409.01;4817.32;3999.33;2470.00;1620.00;2080.00;2330.00;2860.00;1950.00;1940.00;0.00;80.00;770.00;0.00;2596.33;2204.66;1090.00;1229.33;1397.00;0.00;620.00;2430.00
1763509233.3284616;0.00;230.00;0.00;540.00;0.00;0.00;1170.00;0.00;0.00;0.00;1845.66;1997.33;1234.66;0.00;0.00;230.00;0.00;1525.67;1710.00;0.00;0.00;0.00;0.00;2116.99;2576.33;3489.01;4929.65;3999.33;2470.00;1620.00;2080.00;2330.00;2860.00;1950.00;1940.00;0.00;80.00;770.00;0.00;2596.33;2204.66;1090.00;1229.33;1547.00;0.00;620.00;2430.00
1763509233.329408;0.00;230.00;0.00;540.00;0.00;0.00;1170.00;0.00;0.00;0.00;1845.66;1997.33;1234.66;0.00;0.00;230.00;0.00;1525.67;1710.00;0.00;0.00;0.00;0.00;2116.99;2576.33;3489.01;4929.65;3999.33;2470.00;1620.00;2080.00;2330.00;2860.00;1950.00;1940.00;0.00;80.00;770.00;0.00;2596.33;2204.66;1090.00;1229.33;1547.00;0.00;620.00;2430.00
1763509233.9583197;0.00;230.00;0.00;540.00;0.00;0.00;780.00;0.00;0.00;0.00;1845.66;1854.33;844.66;0.00;0.00;0.00;0.00;1525.67;1710.00;0.00;0.00;0.00;0.00;1956.99;2641.00;3253.68;4961.98;3539.33;2320.00;1470.00;1770.00;2320.00;2850.00;1940.00;1780.00;230.00;80.00;770.00;160.00;2296.33;2054.66;1314.67;1229.33;1547.00;0.00;770.00;2430.00
1763509233.9588907;0.00;230.00;0.00;540.00;0.00;0.00;780.00;0.00;0.00;0.00;1845.66;1854.33;844.66;0.00;0.00;0.00;0.00;1525.67;1710.00;0.00;0.00;0.00;0.00;1956.99;2641.00;3253.68;4961.98;3539.33;2320.00;1470.00;1770.00;2320.00;2850.00;1940.00;1780.00;230.00;80.00;770.00;160.00;2296.33;2054.66;1314.67;1229.33;1547.00;0.00;770.00;2430.00
1763509234.0819626;0.00;230.00;0.00;540.00;0.00;540.00;780.00;0.00;0.00;0.00;1845.66;1854.33;844.66;0.00;0.00;0.00;0.00;1525.67;1710.00;0.00;0.00;0.00;0.00;1956.99;2641.00;3253.68;4961.98;3539.33;2320.00;1470.00;1770.00;2320.00;2850.00;1940.00;1780.00;230.00;80.00;1080.00;160.00;2296.33;2054.66;1314.67;1229.33;1547.00;0.00;770.00;2430.00
1763509234.0825055;0.00;230.00;0.00;540.00;0.00;540.00;780.00;0.00;0.00;0.00;1845.66;1854.33;844.66;0.00;0.00;0.00;0.00;1525.67;1710.00;0.00;0.00;0.00;0.00;1956.99;2641.00;3253.68;4961.98;3539.33;2320.00;1470.00;1770.00;2320.00;2850.00;1940.00;1780.00;230.00;80.00;1080.00;160.00;2296.33;2054.66;1314.67;1229.33;1547.00;0.00;770.00;2430.00
1763509234.1176167;0.00;230.00;0.00;540.00;0.00;540.00;780.00;0.00;0.00;0.00;1845.66;1854.33;1384.66;0.00;0.00;0.00;0.00;1525.67;1710.00;0.00;0.00;0.00;0.00;1956.99;2641.00;3253.68;4961.98;4079.33;2860.00;1700.00;1770.00;2320.00;2850.00;1940.00;1780.00;540.00;80.00;1080.00;390.00;2296.33;2054.66;1314.67;1229.33;1547.00;0.00;770.00;2430.00
1763509234.1181648;0.00;230.00;0.00;540.00;0.00;540.00;780.00;0.00;0.00;0.00;1845.66;1854.33;1384.66;0.00;0.00;0.00;0.00;1525.67;1710.00;0.00;0.00;0.00;0.00;1956.99;2641.00;3253.68;4961.98;4079.33;2860.00;1700.00;1770.00;2320.00;2850.00;1940.00;1780.00;540.00;80.00;1080.00;390.00;2296.33;2054.66;1314.67;1229.33;1547.00;0.00;770.00;2430.00
1763509234.1540887;0.00;230.00;0.00;540.00;0.00;540.00;780.00;0.00;0.00;0.00;1845.66;1854.33;1384.66;0.00;0.00;0.00;0.00;1878.00;1710.00;0.00;0.00;0.00;0.00;2116.99;2801.00;3596.01;4994.31;4111.66;2892.33;1732.33;2080.00;2630.00;3160.00;2100.00;1940.00;540.00;80.00;1080.00;502.33;2296.33;2054.66;1314.67;1229.33;1697.00;150.00;770.00;2430.00
1763509234.1546218;0.00;230.00;0.00;540.00;0.00;540.00;780.00;0.00;0.00;0.00;1845.66;1854.33;1384.66;0.00;0.00;0.00;0.00;1878.00;1710.00;0.00;0.00;0.00;0.00;2116.99;2801.00;3596.01;4994.31;4111.66;2892.33;1732.33;2080.00;2630.00;3160.00;2100.00;1940.00;540.00;80.00;1080.00;502.33;2296.33;2054.66;1314.67;1229.33;1697.00;150.00;770.00;2430.00
1763509250.0465991;0.00;230.00;0.00;540.00;0.00;540.00;780.00;0.00;0.00;0.00;1845.66;1854.33;1384.66;0.00;390.00;0.00;0.00;1878.00;1710.00;0.00;0.00;0.00;0.00;2426.99;3111.00;3596.01;4994.31;4111.66;3282.33;2122.33;2240.00;2790.00;3320.00;2260.00;2100.00;540.00;80.00;1080.00;502.33;2296.33;2054.66;1314.67;1229.33;1697.00;150.00;770.00;2580.00
1763509250.04753;0.00;230.00;0.00;540.00;0.00;540.00;780.00;0.00;0.00;0.00;1845.66;1854.33;1384.66;0.00;390.00;0.00;0.00;1878.00;1710.00;0.00;0.00;0.00;0.00;2426.99;3111.00;3596.01;4994.31;4111.66;3282.33;2122.33;2240.00;2790.00;3320.00;2260.00;2100.00;540.00;80.00;1080.00;502.33;2296.33;2054.66;1314.67;1229.33;1697.00;150.00;770.00;2580.00
1763509250.1194527;0.00;230.00;0.00;540.00;0.00;540.00;780.00;0.00;0.00;0.00;1845.66;1854.33;1384.66;0.00;620.00;0.00;0.00;1878.00;1710.00;0.00;0.00;0.00;0.00;2426.99;3111.00;3596.01;4994.31;4111.66;3512.33;2352.33;2240.00;2790.00;3320.00;2260.00;2100.00;540.00;80.00;1080.00;502.33;2296.33;2054.66;1314.67;1229.33;1697.00;150.00;770.00;2580.00
1763509250.1203868;0.00;230.00;0.00;540.00;0.00;540.00;780.00;0.00;0.00;0.00;1845.66;1854.33;1384.66;0.00;620.00;0.00;0.00;1878.00;1710.00;0.00;0.00;0.00;0.00;2426.99;3111.00;3596.01;4994.31;4111.66;3512.33;2352.33;2240.00;2790.00;3320.00;2260.00;2100.00;540.00;80.00;1080.00;502.33;2296.33;2054.66;1314.67;1229.33;1697.00;150.00;770.00;2580.00
1763509250.1742728;0.00;230.00;0.00;540.00;0.00;540.00;780.00;0.00;0.00;0.00;1845.66;1854.33;1384.66;0.00;1074.67;0.00;0.00;1878.00;1710.00;0.00;0.00;0.00;0.00;2426.99;3111.00;3596.01;4994.31;4111.66;3742.33;2582.33;2240.00;2790.00;3320.00;2260.00;2100.00;540.00;80.00;1080.00;502.33;2296.33;2054.66;1314.67;1229.33;1697.00;150.00;770.00;2580.00
1763509250.174842;0.00;230.00;0.00;540.00;0.00;540.00;780.00;0.00;0.00;0.00;1845.66;1854.33;1384.66;0.00;1074.67;0.00;0.00;1878.00;1710.00;0.00;0.00;0.00;0.00;2426.99;3111.00;3596.01;4994.31;4111.66;3742.33;2582.33;2240.00;2790.00;3320.00;2260.00;2100.00;540.00;80.00;1080.00;502.33;2296.33;2054.66;1314.67;1229.33;1697.00;150.00;770.00;2580.00
1763509250.221069;0.00;230.00;0.00;540.00;0.00;540.00;780.00;0.00;0.00;0.00;1845.66;1854.33;1384.66;0.00;1304.67;0.00;0.00;1878.00;1710.00;0.00;0.00;0.00;0.00;2426.99;3111.00;3596.01;4994.31;4111.66;3972.33;2812.33;2240.00;2790.00;3320.00;2260.00;2100.00;540.00;80.00;1080.00;502.33;2296.33;2054.66;1314.67;1229.33;1697.00;150.00;770.00;2580.00
1763509250.2216425;0.00;230.00;0.00;540.00;0.00;540.00;780.00;0.00;0.00;0.00;1845.66;1854.33;1384.66;0.00;1304.67;0.00;0.00;1878.00;1710.00;0.00;0.00;0.00;0.00;2426.99;3111.00;3596.01;4994.31;4111.66;3972.33;2812.33;2240.00;2790.00;3320.00;2260.00;2100.00;540.00;80.00;1080.00;502.33;2296.33;2054.66;1314.67;1229.33;1697.00;150.00;770.00;2580.00
1763509250.2740912;0.00;230.00;0.00;540.00;0.00;540.00;780.00;0.00;0.00;0.00;1845.66;1854.33;1384.66;0.00;1384.67;0.00;0.00;1878.00;1710.00;0.00;0.00;0.00;0.00;2426.99;3111.00;3596.01;4994.31;4111.66;4052.33;2892.33;2390.00;2940.00;3470.00;2410.00;2100.00;540.00;80.00;1080.00;502.33;2296.33;2054.66;1314.67;1229.33;1697.00;150.00;920.00;2580.00
1763509250.2746384;0.00;230.00;0.00;540.00;0.00;540.00;780.00;0.00;0.00;0.00;1845.66;1854.33;1384.66;0.00;1384.67;0.00;0.00;1878.00;1710.00;0.00;0.00;0.00;0.00;2426.99;3111.00;3596.01;4994.31;4111.66;4052.33;2892.33;2390.00;2940.00;3470.00;2410.00;2100.00;540.00;80.00;1080.00;502.33;2296.33;2054.66;1314.67;1229.33;1697.00;150.00;920.00;2580.00
1763509250.399945;0.00;230.00;0.00;540.00;0.00;540.00;780.00;0.00;0.00;0.00;1845.66;1854.33;1384.66;0.00;1614.67;0.00;0.00;1878.00;1710.00;0.00;0.00;0.00;0.00;2426.99;3111.00;3596.01;4994.31;4111.66;4282.33;3122.33;2390.00;2940.00;3470.00;2410.00;2100.00;540.00;80.00;1080.00;502.33;2296.33;2054.66;1314.67;1229.33;1697.00;150.00;920.00;2580.00
1763509250.400532;0.00;230.00;0.00;540.00;0.00;540.00;780.00;0.00;0.00;0.00;1845.66;1854.33;1384.66;0.00;1614.67;0.00;0.00;1878.00;1710.00;0.00;0.00;0.00;0.00;2426.99;3111.00;3596.01;4994.31;4111.66;4282.33;3122.33;2390.00;2940.00;3470.00;2410.00;2100.00;540.00;80.00;1080.00;502.33;2296.33;2054.66;1314.67;1229.33;1697.00;150.00;920.00;2580.00
1763509254.0152166;0.00;0.00;0.00;0.00;0.00;0.00;0.00;0.00;0.00;0.00;1493.33;1854.33;882.33;0.00;1614.67;0.00;0.00;1718.00;1710.00;0.00;0.00;0.00;0.00;2026.99;2711.00;3356.01;4817.32;3469.33;3870.00;2780.00;1770.00;1850.00;2610.00;2020.00;1400.00;540.00;0.00;770.00;390.00;2146.33;1754.66;1314.67;1079.33;1697.00;0.00;920.00;2280.00
1763509254.0161557;0.00;0.00;0.00;0.00;0.00;0.00;0.00;0.00;0.00;0.00;1493.33;1854.33;882.33;0.00;1614.67;0.00;0.00;1718.00;1710.00;0.00;0.00;0.00;0.00;2026.99;2711.00;3356.01;4817.32;3469.33;3870.00;2780.00;1770.00;1850.00;2610.00;2020.00;1400.00;540.00;0.00;770.00;390.00;2146.33;1754.66;1314.67;1079.33;1697.00;0.00;920.00;2280.00
1763509254.0727723;0.00;0.00;0.00;0.00;0.00;0.00;0.00;0.00;0.00;0.00;1493.33;1854.33;882.33;0.00;1614.67;0.00;0.00;1718.00;1710.00;0.00;0.00;0.00;0.00;2026.99;2711.00;3356.01;4817.32;3469.33;3870.00;2780.00;1770.00;1850.00;2610.00;2020.00;1400.00;540.00;0.00;770.00;390.00;2146.33;1754.66;1314.67;1079.33;1697.00;0.00;920.00;2280.00
1763509254.0733962;0.00;0.00;0.00;0.00;0.00;0.00;0.00;0.00;0.00;0.00;1493.33;1854.33;882.33;0.00;1614.67;0.00;0.00;1718.00;1710.00;0.00;0.00;0.00;0.00;2026.99;2711.00;3356.01;4817.32;3469.33;3870.00;2780.00;1770.00;1850.00;2610.00;2020.00;1400.00;540.00;0.00;770.00;390.00;2146.33;1754.66;1314.67;1079.33;1697.00;0.00;920.00;2280.00
1763509254.1317341;0.00;0.00;0.00;0.00;0.00;0.00;0.00;0.00;0.00;0.00;1493.33;1999.00;882.33;0.00;1614.67;0.00;0.00;1718.00;1710.00;0.00;0.00;0.00;0.00;2346.99;3031.00;3516.01;4897.32;3939.33;4340.00;3250.00;2240.00;2320.00;3080.00;2490.00;1870.00;540.00;0.00;770.00;390.00;2146.33;1754.66;1314.67;1079.33;1847.00;0.00;920.00;2430.00
1763509254.132644;0.00;0.00;0.00;0.00;0.00;0.00;0.00;0.00;0.00;0.00;1493.33;1999.00;882.33;0.00;1614.67;0.00;0.00;1718.00;1710.00;0.00;0.00;0.00;0.00;2346.99;3031.00;3516.01;4897.32;3939.33;4340.00;3250.00;2240.00;2320.00;3080.00;2490.00;1870.00;540.00;0.00;770.00;390.00;2146.33;1754.66;1314.67;1079.33;1847.00;0.00;920.00;2430.00
1763509254.2042124;0.00;0.00;0.00;0.00;0.00;0.00;0.00;0.00;0.00;0.00;1493.33;1999.00;882.33;0.00;1614.67;0.00;0.00;1718.00;1710.00;0.00;0.00;0.00;0.00;2346.99;3031.00;3516.01;4897.32;3939.33;4340.00;3250.00;2240.00;2320.00;3080.00;2490.00;1870.00;540.00;0.00;770.00;390.00;2146.33;1754.66;1314.67;1079.33;1847.00;0.00;920.00;2430.00
1763509254.2054412;0.00;0.00;0.00;0.00;0.00;0.00;0.00;0.00;0.00;0.00;1493.33;1999.00;882.33;0.00;1614.67;0.00;0.00;1718.00;1710.00;0.00;0.00;0.00;0.00;2346.99;3031.00;3516.01;4897.32;3939.33;4340.00;3250.00;2240.00;2320.00;3080.00;2490.00;1870.00;540.00;0.00;770.00;390.00;2146.33;1754.66;1314.67;1079.33;1847.00;0.00;920.00;2430.00
1763509259.0276566;0.00;0.00;0.00;0.00;0.00;0.00;0.00;0.00;0.00;0.00;1246.33;1999.00;882.33;0.00;1614.67;0.00;0.00;1815.00;1710.00;0.00;0.00;0.00;0.00;2346.99;3031.00;3419.01;4667.32;3709.33;4110.00;3250.00;2240.00;2320.00;3080.00;2490.00;1870.00;540.00;0.00;770.00;390.00;2296.33;1754.66;1314.67;1079.33;1847.00;0.00;920.00;2430.00
1763509259.0286045;0.00;0.00;0.00;0.00;0.00;0.00;0.00;0.00;0.00;0.00;1246.33;1999.00;882.33;0.00;1614.67;0.00;0.00;1815.00;1710.00;0.00;0.00;0.00;0.00;2346.99;3031.00;3419.01;4667.32;3709.33;4110.00;3250.00;2240.00;2320.00;3080.00;2490.00;1870.00;540.00;0.00;770.00;390.00;2296.33;1754.66;1314.67;1079.33;1847.00;0.00;920.00;2430.00
1763509264.038496;0.00;0.00;0.00;0.00;0.00;0.00;0.00;0.00;0.00;0.00;814.00;1999.00;882.33;0.00;1614.67;0.00;0.00;1912.00;1710.00;0.00;0.00;0.00;0.00;2346.99;3031.00;3451.35;4181.99;4014.00;4190.00;3330.00;2320.00;2400.00;3090.00;2490.00;1822.33;540.00;230.00;770.00;390.00;2146.33;1604.66;1314.67;1304.00;1847.00;310.00;920.00;2430.00
1763509264.0394351;0.00;0.00;0.00;0.00;0.00;0.00;0.00;0.00;0.00;0.00;814.00;1999.00;882.33;0.00;1614.67;0.00;0.00;1912.00;1710.00;0.00;0.00;0.00;0.00;2346.99;3031.00;3451.35;4181.99;4014.00;4190.00;3330.00;2320.00;2400.00;3090.00;2490.00;1822.33;540.00;230.00;770.00;390.00;2146.33;1604.66;1314.67;1304.00;1847.00;310.00;920.00;2430.00
1763509264.1696618;0.00;0.00;0.00;0.00;0.00;0.00;0.00;0.00;0.00;0.00;814.00;1999.00;882.33;0.00;1614.67;0.00;0.00;1912.00;1710.00;0.00;0.00;0.00;0.00;2346.99;3031.00;3451.35;4181.99;4014.00;4190.00;3330.00;2320.00;2400.00;3090.00;2490.00;1822.33;540.00;230.00;770.00;390.00;2146.33;1604.66;1314.67;1304.00;1847.00;310.00;920.00;2430.00
1763509264.1703625;0.00;0.00;0.00;0.00;0.00;0.00;0.00;0.00;0.00;0.00;814.00;1999.00;882.33;0.00;1614.67;0.00;0.00;1912.00;1710.00;0.00;0.00;0.00;0.00;2346.99;3031.00;3451.35;4181.99;4014.00;4190.00;3330.00;2320.00;2400.00;3090.00;2490.00;1822.33;540.00;230.00;770.00;390.00;2146.33;1604.66;1314.67;1304.00;1847.00;310.00;920.00;2430.00
1763509274.0777953;0.00;0.00;0.00;0.00;0.00;0.00;0.00;0.00;0.00;0.00;814.00;1999.00;540.00;0.00;1614.67;0.00;0.00;1912.00;1710.00;0.00;0.00;0.00;0.00;2346.99;3031.00;3451.35;4069.66;3784.00;4190.00;3330.00;2320.00;2400.00;3090.00;2490.00;1822.33;540.00;230.00;770.00;390.00;2146.33;1454.66;1314.67;1304.00;1847.00;310.00;920.00;2430.00
1763509274.078763;0.00;0.00;0.00;0.00;0.00;0.00;0.00;0.00;0.00;0.00;814.00;1999.00;540.00;0.00;1614.67;0.00;0.00;1912.00;1710.00;0.00;0.00;0.00;0.00;2346.99;3031.00;3451.35;4069.66;3784.00;4190.00;3330.00;2320.00;2400.00;3090.00;2490.00;1822.33;540.00;230.00;770.00;390.00;2146.33;1454.66;1314.67;1304.00;1847.00;310.00;920.00;2430.00
1763509277.0538723;0.00;0.00;0.00;0.00;0.00;0.00;0.00;0.00;0.00;0.00;814.00;1759.00;0.00;0.00;1614.67;192.33;0.00;386.33;1710.00;0.00;0.00;0.00;0.00;1784.66;2678.67;1958.01;3422.66;3036.33;3420.00;3100.00;2320.00;2400.00;3090.00;2490.00;1822.33;230.00;230.00;770.00;160.00;1434.66;974.66;1314.67;984.00;1387.00;310.00;920.00;1980.00
1763509277.0547957;0.00;0.00;0.00;0.00;0.00;0.00;0.00;0.00;0.00;0.00;814.00;1759.00;0.00;0.00;1614.67;192.33;0.00;386.33;1710.00;0.00;0.00;0.00;0.00;1784.66;2678.67;1958.01;3422.66;3036.33;3420.00;3100.00;2320.00;2400.00;3090.00;2490.00;1822.33;230.00;230.00;770.00;160.00;1434.66;974.66;1314.67;984.00;1387.00;310.00;920.00;1980.00
1763509277.117412;0.00;0.00;0.00;0.00;0.00;0.00;0.00;0.00;0.00;0.00;814.00;1759.00;0.00;0.00;1614.67;289.33;0.00;386.33;1710.00;0.00;0.00;0.00;0.00;1784.66;2678.67;2108.01;3822.66;3133.33;3420.00;3100.00;2320.00;2400.00;3090.00;2490.00;1822.33;230.00;230.00;770.00;160.00;1914.66;1471.66;1314.67;984.00;1537.00;310.00;920.00;1980.00
1763509277.1183155;0.00;0.00;0.00;0.00;0.00;0.00;0.00;0.00;0.00;0.00;814.00;1759.00;0.00;0.00;1614.67;289.33;0.00;386.33;1710.00;0.00;0.00;0.00;0.00;1784.66;2678.67;2108.01;3822.66;3133.33;3420.00;3100.00;2320.00;2400.00;3090.00;2490.00;1822.33;230.00;230.00;770.00;160.00;1914.66;1471.66;1314.67;984.00;1537.00;310.00;920.00;1980.00
1763509277.182687;0.00;0.00;0.00;0.00;0.00;0.00;0.00;0.00;0.00;0.00;814.00;1759.00;0.00;0.00;1614.67;529.33;0.00;386.33;1710.00;0.00;0.00;0.00;0.00;1784.66;2678.67;2108.01;4062.66;3373.33;3420.00;3100.00;2320.00;2400.00;3090.00;2490.00;1822.33;230.00;230.00;770.00;160.00;2214.66;1471.66;1314.67;984.00;1537.00;310.00;920.00;1980.00
1763509277.183247;0.00;0.00;0.00;0.00;0.00;0.00;0.00;0.00;0.00;0.00;814.00;1759.00;0.00;0.00;1614.67;529.33;0.00;386.33;1710.00;0.00;0.00;0.00;0.00;1784.66;2678.67;2108.01;4062.66;3373.33;3420.00;3100.00;2320.00;2400.00;3090.00;2490.00;1822.33;230.00;230.00;770.00;160.00;2214.66;1471.66;1314.67;984.00;1537.00;310.00;920.00;1980.00
1763509277.221773;0.00;0.00;0.00;0.00;0.00;0.00;0.00;0.00;0.00;0.00;814.00;1759.00;0.00;0.00;1614.67;609.33;0.00;386.33;1710.00;0.00;0.00;0.00;0.00;1784.66;2678.67;2108.01;4142.66;3453.33;3420.00;3100.00;2320.00;2400.00;3090.00;2490.00;1822.33;230.00;230.00;770.00;160.00;2364.66;1471.66;1314.67;984.00;1537.00;310.00;920.00;1980.00
1763509277.2223303;0.00;0.00;0.00;0.00;0.00;0.00;0.00;0.00;0.00;0.00;814.00;1759.00;0.00;0.00;1614.67;609.33;0.00;386.33;1710.00;0.00;0.00;0.00;0.00;1784.66;2678.67;2108.01;4142.66;3453.33;3420.00;3100.00;2320.00;2400.00;3090.00;2490.00;1822.33;230.00;230.00;770.00;160.00;2364.66;1471.66;1314.67;984.00;1537.00;310.00;920.00;1980.00
1763509277.26077;0.00;0.00;0.00;0.00;0.00;0.00;0.00;0.00;0.00;0.00;814.00;1759.00;0.00;0.00;1614.67;1064.00;0.00;386.33;1710.00;0.00;0.00;0.00;0.00;1784.66;2678.67;2108.01;4222.66;3908.00;3420.00;3100.00;2320.00;2400.00;3090.00;2490.00;1822.33;230.00;230.00;770.00;160.00;2514.66;1846.33;1314.67;984.00;1537.00;310.00;920.00;1980.00
1763509277.2613082;0.00;0.00;0.00;0.00;0.00;0.00;0.00;0.00;0.00;0.00;814.00;1759.00;0.00;0.00;1614.67;1064.00;0.00;386.33;1710.00;0.00;0.00;0.00;0.00;1784.66;2678.67;2108.01;4222.66;3908.00;3420.00;3100.00;2320.00;2400.00;3090.00;2490.00;1822.33;230.00;230.00;770.00;160.00;2514.66;1846.33;1314.67;984.00;1537.00;310.00;920.00;1980.00
1763509277.3891413;0.00;0.00;0.00;0.00;0.00;0.00;0.00;0.00;0.00;0.00;814.00;1759.00;0.00;0.00;1614.67;1294.00;0.00;386.33;1710.00;0.00;0.00;0.00;0.00;1784.66;2678.67;2108.01;4222.66;3908.00;3420.00;3100.00;2320.00;2400.00;3090.00;2490.00;1822.33;230.00;230.00;770.00;160.00;2514.66;1846.33;1314.67;984.00;1537.00;310.00;920.00;1980.00
1763509277.3897126;0.00;0.00;0.00;0.00;0.00;0.00;0.00;0.00;0.00;0.00;814.00;1759.00;0.00;0.00;1614.67;1294.00;0.00;386.33;1710.00;0.00;0.00;0.00;0.00;1784.66;2678.67;2108.01;4222.66;3908.00;3420.00;3100.00;2320.00;2400.00;3090.00;2490.00;1822.33;230.00;230.00;770.00;160.00;2514.66;1846.33;1314.67;984.00;1537.00;310.00;920.00;1980.00
1763509284.037739;0.00;0.00;0.00;0.00;0.00;0.00;0.00;0.00;0.00;0.00;407.00;1759.00;0.00;0.00;1614.67;1294.00;0.00;803.33;1710.00;0.00;0.00;0.00;0.00;1902.33;2726.34;2460.35;3997.99;3908.00;3420.00;3100.00;2320.00;2400.00;2860.00;2260.00;1742.33;230.00;230.00;770.00;160.00;2514.66;1846.33;1314.67;984.00;1649.33;310.00;770.00;1970.00
1763509284.0382802;0.00;0.00;0.00;0.00;0.00;0.00;0.00;0.00;0.00;0.00;407.00;1759.00;0.00;0.00;1614.67;1294.00;0.00;803.33;1710.00;0.00;0.00;0.00;0.00;1902.33;2726.34;2460.35;3997.99;3908.00;3420.00;3100.00;2320.00;2400.00;2860.00;2260.00;1742.33;230.00;230.00;770.00;160.00;2514.66;1846.33;1314.67;984.00;1649.33;310.00;770.00;1970.00
1763509299.0850756;0.00;0.00;0.00;0.00;0.00;0.00;0.00;0.00;0.00;0.00;0.00;1110.33;0.00;0.00;1224.67;1534.00;0.00;0.00;1480.00;0.00;0.00;0.00;0.00;620.00;1544.67;1299.34;2783.99;2326.33;2090.00;1770.00;1150.00;1230.00;1460.00;1100.00;780.00;0.00;0.00;770.00;0.00;1840.00;1846.33;310.00;112.33;750.00;0.00;620.00;750.00
1763509299.0859919;0.00;0.00;0.00;0.00;0.00;0.00;0.00;0.00;0.00;0.00;0.00;1110.33;0.00;0.00;1224.67;1534.00;0.00;0.00;1480.00;0.00;0.00;0.00;0.00;620.00;1544.67;1299.34;2783.99;2326.33;2090.00;1770.00;1150.00;1230.00;1460.00;1100.00;780.00;0.00;0.00;770.00;0.00;1840.00;1846.33;310.00;112.33;750.00;0.00;620.00;750.00
1763509299.142811;0.00;0.00;0.00;0.00;0.00;540.00;0.00;0.00;0.00;0.00;0.00;1110.33;0.00;0.00;1224.67;1534.00;0.00;0.00;1480.00;0.00;0.00;0.00;0.00;620.00;1544.67;1299.34;2783.99;2326.33;2090.00;1770.00;1150.00;1460.00;1460.00;1100.00;780.00;0.00;230.00;770.00;0.00;1840.00;1846.33;310.00;112.33;750.00;0.00;620.00;750.00
1763509299.1437173;0.00;0.00;0.00;0.00;0.00;540.00;0.00;0.00;0.00;0.00;0.00;1110.33;0.00;0.00;1224.67;1534.00;0.00;0.00;1480.00;0.00;0.00;0.00;0.00;620.00;1544.67;1299.34;2783.99;2326.33;2090.00;1770.00;1150.00;1460.00;1460.00;1100.00;780.00;0.00;230.00;770.00;0.00;1840.00;1846.33;310.00;112.33;750.00;0.00;620.00;750.00
1763509302.050802;0.00;0.00;0.00;0.00;0.00;540.00;0.00;0.00;0.00;0.00;0.00;1110.33;0.00;0.00;1224.67;1534.00;0.00;0.00;1480.00;0.00;390.00;0.00;0.00;620.00;1544.67;1299.34;2783.99;2326.33;2090.00;1930.00;1310.00;1620.00;1620.00;1250.00;930.00;230.00;230.00;770.00;0.00;1840.00;1846.33;310.00;112.33;750.00;0.00;620.00;900.00
1763509302.0517185;0.00;0.00;0.00;0.00;0.00;540.00;0.00;0.00;0.00;0.00;0.00;1110.33;0.00;0.00;1224.67;1534.00;0.00;0.00;1480.00;0.00;390.00;0.00;0.00;620.00;1544.67;1299.34;2783.99;2326.33;2090.00;1930.00;1310.00;1620.00;1620.00;1250.00;930.00;230.00;230.00;770.00;0.00;1840.00;1846.33;310.00;112.33;750.00;0.00;620.00;900.00
1763509302.103988;0.00;0.00;0.00;0.00;0.00;540.00;0.00;0.00;0.00;0.00;0.00;1110.33;0.00;0.00;1224.67;1534.00;0.00;0.00;1480.00;0.00;630.00;0.00;0.00;620.00;1544.67;1299.34;2933.99;2486.33;2250.00;2010.00;1390.00;1700.00;1770.00;1400.00;1080.00;230.00;230.00;770.00;0.00;1990.00;1846.33;310.00;112.33;750.00;0.00;620.00;1050.00
1763509302.1045382;0.00;0.00;0.00;0.00;0.00;540.00;0.00;0.00;0.00;0.00;0.00;1110.33;0.00;0.00;1224.67;1534.00;0.00;0.00;1480.00;0.00;630.00;0.00;0.00;620.00;1544.67;1299.34;2933.99;2486.33;2250.00;2010.00;1390.00;1700.00;1770.00;1400.00;1080.00;230.00;230.00;770.00;0.00;1990.00;1846.33;310.00;112.33;750.00;0.00;620.00;1050.00
1763509302.1445675;0.00;0.00;0.00;0.00;0.00;540.00;0.00;0.00;0.00;0.00;0.00;1110.33;0.00;0.00;1224.67;1534.00;0.00;0.00;1480.00;0.00;860.00;0.00;0.00;620.00;1544.67;1299.34;2933.99;2486.33;2250.00;2010.00;1390.00;1700.00;1770.00;1400.00;1080.00;460.00;230.00;770.00;0.00;1990.00;1846.33;310.00;112.33;750.00;0.00;620.00;1050.00
1763509302.145129;0.00;0.00;0.00;0.00;0.00;540.00;0.00;0.00;0.00;0.00;0.00;1110.33;0.00;0.00;1224.67;1534.00;0.00;0.00;1480.00;0.00;860.00;0.00;0.00;620.00;1544.67;1299.34;2933.99;2486.33;2250.00;2010.00;1390.00;1700.00;1770.00;1400.00;1080.00;460.00;230.00;770.00;0.00;1990.00;1846.33;310.00;112.33;750.00;0.00;620.00;1050.00
1763509302.185147;0.00;0.00;0.00;0.00;0.00;540.00;0.00;0.00;0.00;0.00;0.00;1110.33;0.00;0.00;1224.67;1534.00;0.00;0.00;1480.00;0.00;1090.00;0.00;0.00;620.00;1544.67;1299.34;2933.99;2486.33;2250.00;2010.00;1390.00;1700.00;1770.00;1400.00;1080.00;690.00;230.00;770.00;0.00;1990.00;1846.33;310.00;112.33;750.00;0.00;620.00;1050.00
1763509302.1856716;0.00;0.00;0.00;0.00;0.00;540.00;0.00;0.00;0.00;0.00;0.00;1110.33;0.00;0.00;1224.67;1534.00;0.00;0.00;1480.00;0.00;1090.00;0.00;0.00;620.00;1544.67;1299.34;2933.99;2486.33;2250.00;2010.00;1390.00;1700.00;1770.00;1400.00;1080.00;690.00;230.00;770.00;0.00;1990.00;1846.33;310.00;112.33;750.00;0.00;620.00;1050.00
1763509302.3101923;0.00;0.00;0.00;0.00;0.00;540.00;0.00;0.00;0.00;0.00;0.00;1110.33;0.00;0.00;1224.67;1534.00;0.00;0.00;1480.00;0.00;1480.00;0.00;0.00;620.00;1544.67;1299.34;2933.99;2486.33;2250.00;2400.00;1550.00;1860.00;1930.00;1550.00;1230.00;690.00;230.00;770.00;0.00;1990.00;1846.33;310.00;112.33;750.00;310.00;620.00;1200.00
1763509302.3107376;0.00;0.00;0.00;0.00;0.00;540.00;0.00;0.00;0.00;0.00;0.00;1110.33;0.00;0.00;1224.67;1534.00;0.00;0.00;1480.00;0.00;1480.00;0.00;0.00;620.00;1544.67;1299.34;2933.99;2486.33;2250.00;2400.00;1550.00;1860.00;1930.00;1550.00;1230.00;690.00;230.00;770.00;0.00;1990.00;1846.33;310.00;112.33;750.00;310.00;620.00;1200.00
1763509302.374026;0.00;0.00;0.00;0.00;0.00;540.00;0.00;0.00;0.00;0.00;0.00;1110.33;0.00;0.00;1224.67;1534.00;0.00;0.00;1480.00;0.00;1870.00;0.00;0.00;620.00;1544.67;1299.34;2933.99;2486.33;2560.00;2550.00;1700.00;2010.00;2080.00;1700.00;1380.00;920.00;230.00;770.00;0.00;1990.00;1846.33;310.00;422.33;750.00;310.00;620.00;1350.00
1763509302.3749545;0.00;0.00;0.00;0.00;0.00;540.00;0.00;0.00;0.00;0.00;0.00;1110.33;0.00;0.00;1224.67;1534.00;0.00;0.00;1480.00;0.00;1870.00;0.00;0.00;620.00;1544.67;1299.34;2933.99;2486.33;2560.00;2550.00;1700.00;2010.00;2080.00;1700.00;1380.00;920.00;230.00;770.00;0.00;1990.00;1846.33;310.00;422.33;750.00;310.00;620.00;1350.00
1763509304.1119087;0.00;0.00;0.00;0.00;0.00;540.00;0.00;0.00;0.00;0.00;0.00;1013.33;0.00;0.00;994.67;1566.33;0.00;0.00;390.00;0.00;1870.00;0.00;0.00;460.00;854.67;909.34;2511.65;2368.66;2250.00;2240.00;1390.00;1470.00;1310.00;1220.00;1060.00;920.00;230.00;770.00;0.00;2102.33;1696.33;0.00;422.33;450.00;310.00;460.00;1200.00
1763509304.1128287;0.00;0.00;0.00;0.00;0.00;540.00;0.00;0.00;0.00;0.00;0.00;1013.33;0.00;0.00;994.67;1566.33;0.00;0.00;390.00;0.00;1870.00;0.00;0.00;460.00;854.67;909.34;2511.65;2368.66;2250.00;2240.00;1390.00;1470.00;1310.00;1220.00;1060.00;920.00;230.00;770.00;0.00;2102.33;1696.33;0.00;422.33;450.00;310.00;460.00;1200.00
1763509304.1692371;0.00;0.00;0.00;0.00;0.00;540.00;0.00;0.00;0.00;0.00;0.00;1013.33;0.00;0.00;994.67;1566.33;0.00;97.00;390.00;0.00;1870.00;0.00;0.00;844.67;1239.34;989.34;2741.65;2368.66;2250.00;2240.00;1390.00;1470.00;1310.00;1220.00;1060.00;920.00;230.00;770.00;0.00;2252.33;1696.33;0.00;422.33;1032.33;310.00;460.00;1584.67
1763509304.1701431;0.00;0.00;0.00;0.00;0.00;540.00;0.00;0.00;0.00;0.00;0.00;1013.33;0.00;0.00;994.67;1566.33;0.00;97.00;390.00;0.00;1870.00;0.00;0.00;844.67;1239.34;989.34;2741.65;2368.66;2250.00;2240.00;1390.00;1470.00;1310.00;1220.00;1060.00;920.00;230.00;770.00;0.00;2252.33;1696.33;0.00;422.33;1032.33;310.00;460.00;1584.67
1763509304.2306073;0.00;0.00;0.00;0.00;0.00;1080.00;0.00;0.00;0.00;0.00;0.00;1013.33;0.00;0.00;994.67;1566.33;0.00;97.00;390.00;0.00;1870.00;0.00;0.00;844.67;1239.34;989.34;2741.65;2368.66;2250.00;2240.00;1390.00;1700.00;1310.00;1220.00;1060.00;920.00;460.00;1080.00;0.00;2252.33;1696.33;0.00;422.33;1032.33;310.00;460.00;1584.67
1763509304.2315848;0.00;0.00;0.00;0.00;0.00;1080.00;0.00;0.00;0.00;0.00;0.00;1013.33;0.00;0.00;994.67;1566.33;0.00;97.00;390.00;0.00;1870.00;0.00;0.00;844.67;1239.34;989.34;2741.65;2368.66;2250.00;2240.00;1390.00;1700.00;1310.00;1220.00;1060.00;920.00;460.00;1080.00;0.00;2252.33;1696.33;0.00;422.33;1032.33;310.00;460.00;1584.67
1763509304.2931592;0.00;0.00;0.00;0.00;0.00;1470.00;0.00;0.00;0.00;0.00;0.00;1013.33;0.00;0.00;994.67;1566.33;0.00;97.00;390.00;0.00;1870.00;0.00;0.00;844.67;1239.34;989.34;2741.65;2368.66;2250.00;2240.00;1390.00;1860.00;1470.00;1370.00;1210.00;920.00;460.00;1080.00;0.00;2252.33;1696.33;0.00;422.33;1032.33;310.00;460.00;1734.67
1763509304.2940857;0.00;0.00;0.00;0.00;0.00;1470.00;0.00;0.00;0.00;0.00;0.00;1013.33;0.00;0.00;994.67;1566.33;0.00;97.00;390.00;0.00;1870.00;0.00;0.00;844.67;1239.34;989.34;2741.65;2368.66;2250.00;2240.00;1390.00;1860.00;1470.00;1370.00;1210.00;920.00;460.00;1080.00;0.00;2252.33;1696.33;0.00;422.33;1032.33;310.00;460.00;1734.67
1763509304.355492;0.00;0.00;0.00;0.00;0.00;1860.00;0.00;0.00;0.00;0.00;0.00;1013.33;0.00;0.00;994.67;1566.33;0.00;97.00;390.00;0.00;1870.00;0.00;0.00;994.67;1239.34;989.34;2741.65;2368.66;2250.00;2240.00;1390.00;2250.00;1620.00;1520.00;1360.00;920.00;1000.00;1080.00;0.00;2252.33;1696.33;150.00;422.33;1032.33;310.00;460.00;1734.67
1763509304.3564928;0.00;0.00;0.00;0.00;0.00;1860.00;0.00;0.00;0.00;0.00;0.00;1013.33;0.00;0.00;994.67;1566.33;0.00;97.00;390.00;0.00;1870.00;0.00;0.00;994.67;1239.34;989.34;2741.65;2368.66;2250.00;2240.00;1390.00;2250.00;1620.00;1520.00;1360.00;920.00;1000.00;1080.00;0.00;2252.33;1696.33;150.00;422.33;1032.33;310.00;460.00;1734.67
1763509304.4149437;0.00;0.00;0.00;0.00;0.00;1940.00;0.00;0.00;0.00;0.00;0.00;1013.33;0.00;0.00;994.67;1566.33;0.00;97.00;390.00;0.00;1870.00;0.00;0.00;994.67;1239.34;989.34;2741.65;2368.66;2250.00;2240.00;1390.00;2330.00;1770.00;1670.00;1510.00;920.00;1230.00;1080.00;0.00;2252.33;1696.33;150.00;422.33;1032.33;310.00;460.00;1734.67
1763509304.4158714;0.00;0.00;0.00;0.00;0.00;1940.00;0.00;0.00;0.00;0.00;0.00;1013.33;0.00;0.00;994.67;1566.33;0.00;97.00;390.00;0.00;1870.00;0.00;0.00;994.67;1239.34;989.34;2741.65;2368.66;2250.00;2240.00;1390.00;2330.00;1770.00;1670.00;1510.00;920.00;1230.00;1080.00;0.00;2252.33;1696.33;150.00;422.33;1032.33;310.00;460.00;1734.67
1763509319.2842739;0.00;0.00;0.00;0.00;0.00;1940.00;0.00;0.00;0.00;0.00;0.00;1013.33;0.00;247.00;764.67;1566.33;0.00;97.00;390.00;0.00;1870.00;0.00;0.00;1337.00;1464.01;989.34;2741.65;2368.66;2020.00;2010.00;1390.00;2560.00;2000.00;1900.00;1740.00;920.00;1230.00;1080.00;0.00;2252.33;1696.33;470.00;422.33;1257.00;310.00;460.00;1997.00
1763509319.28522;0.00;0.00;0.00;0.00;0.00;1940.00;0.00;0.00;0.00;0.00;0.00;1013.33;0.00;247.00;764.67;1566.33;0.00;97.00;390.00;0.00;1870.00;0.00;0.00;1337.00;1464.01;989.34;2741.65;2368.66;2020.00;2010.00;1390.00;2560.00;2000.00;1900.00;1740.00;920.00;1230.00;1080.00;0.00;2252.33;1696.33;470.00;422.33;1257.00;310.00;460.00;1997.00
1763509320.0678518;0.00;0.00;0.00;0.00;0.00;1940.00;0.00;0.00;390.00;0.00;0.00;1013.33;0.00;247.00;764.67;1566.33;0.00;97.00;390.00;0.00;1870.00;0.00;0.00;1337.00;1464.01;989.34;2901.65;2528.66;2180.00;2170.00;1390.00;2560.00;2000.00;1900.00;1740.00;920.00;1230.00;1080.00;230.00;2402.33;1696.33;470.00;422.33;1257.00;310.00;460.00;1997.00
1763509320.0687776;0.00;0.00;0.00;0.00;0.00;1940.00;0.00;0.00;390.00;0.00;0.00;1013.33;0.00;247.00;764.67;1566.33;0.00;97.00;390.00;0.00;1870.00;0.00;0.00;1337.00;1464.01;989.34;2901.65;2528.66;2180.00;2170.00;1390.00;2560.00;2000.00;1900.00;1740.00;920.00;1230.00;1080.00;230.00;2402.33;1696.33;470.00;422.33;1257.00;310.00;460.00;1997.00
1763509320.139104;0.00;0.00;0.00;0.00;0.00;1940.00;0.00;0.00;930.00;0.00;0.00;1013.33;0.00;247.00;764.67;1566.33;0.00;97.00;390.00;0.00;1870.00;0.00;0.00;1337.00;1464.01;989.34;2901.65;2528.66;2180.00;2170.00;1700.00;2560.00;2000.00;1900.00;1740.00;920.00;1230.00;1390.00;460.00;2402.33;1696.33;470.00;422.33;1257.00;310.00;460.00;1997.00
1763509320.1400669;0.00;0.00;0.00;0.00;0.00;1940.00;0.00;0.00;930.00;0.00;0.00;1013.33;0.00;247.00;764.67;1566.33;0.00;97.00;390.00;0.00;1870.00;0.00;0.00;1337.00;1464.01;989.34;2901.65;2528.66;2180.00;2170.00;1700.00;2560.00;2000.00;1900.00;1740.00;920.00;1230.00;1390.00;460.00;2402.33;1696.33;470.00;422.33;1257.00;310.00;460.00;1997.00
1763509320.2031794;0.00;0.00;0.00;0.00;0.00;1940.00;0.00;0.00;1160.00;0.00;0.00;1013.33;0.00;247.00;764.67;1566.33;0.00;97.00;390.00;0.00;1870.00;0.00;0.00;1337.00;1464.01;989.34;2901.65;2528.66;2180.00;2170.00;1700.00;2560.00;2000.00;1900.00;1740.00;920.00;1230.00;1390.00;690.00;2402.33;1696.33;470.00;422.33;1257.00;310.00;460.00;1997.00
1763509320.204102;0.00;0.00;0.00;0.00;0.00;1940.00;0.00;0.00;1160.00;0.00;0.00;1013.33;0.00;247.00;764.67;1566.33;0.00;97.00;390.00;0.00;1870.00;0.00;0.00;1337.00;1464.01;989.34;2901.65;2528.66;2180.00;2170.00;1700.00;2560.00;2000.00;1900.00;1740.00;920.00;1230.00;1390.00;690.00;2402.33;1696.33;470.00;422.33;1257.00;310.00;460.00;1997.00
1763509320.270561;0.00;0.00;0.00;0.00;0.00;1940.00;0.00;0.00;1550.00;0.00;0.00;1013.33;0.00;247.00;764.67;1566.33;0.00;97.00;390.00;0.00;1870.00;0.00;0.00;1337.00;1464.01;1149.34;3061.65;2688.66;2340.00;2330.00;1700.00;2560.00;2000.00;1900.00;1740.00;920.00;1230.00;1390.00;920.00;2402.33;1696.33;470.00;422.33;1407.00;310.00;460.00;1997.00
1763509320.2715056;0.00;0.00;0.00;0.00;0.00;1940.00;0.00;0.00;1550.00;0.00;0.00;1013.33;0.00;247.00;764.67;1566.33;0.00;97.00;390.00;0.00;1870.00;0.00;0.00;1337.00;1464.01;1149.34;3061.65;2688.66;2340.00;2330.00;1700.00;2560.00;2000.00;1900.00;1740.00;920.00;1230.00;1390.00;920.00;2402.33;1696.33;470.00;422.33;1407.00;310.00;460.00;1997.00
1763509320.3157108;0.00;0.00;0.00;0.00;0.00;1940.00;0.00;0.00;1940.00;0.00;0.00;1013.33;0.00;247.00;764.67;1566.33;0.00;97.00;390.00;0.00;1870.00;0.00;0.00;1487.00;1614.01;1149.34;3061.65;2688.66;2340.00;2330.00;1860.00;2710.00;2150.00;2050.00;1890.00;920.00;1230.00;1700.00;920.00;2402.33;1696.33;470.00;422.33;1557.00;310.00;460.00;1997.00
1763509320.3162763;0.00;0.00;0.00;0.00;0.00;1940.00;0.00;0.00;1940.00;0.00;0.00;1013.33;0.00;247.00;764.67;1566.33;0.00;97.00;390.00;0.00;1870.00;0.00;0.00;1487.00;1614.01;1149.34;3061.65;2688.66;2340.00;2330.00;1860.00;2710.00;2150.00;2050.00;1890.00;920.00;1230.00;1700.00;920.00;2402.33;1696.33;470.00;422.33;1557.00;310.00;460.00;1997.00
1763509320.3758824;0.00;0.00;0.00;0.00;0.00;1940.00;0.00;0.00;1940.00;0.00;0.00;1013.33;0.00;247.00;764.67;1566.33;0.00;97.00;390.00;0.00;1870.00;0.00;0.00;1487.00;1614.01;1149.34;3061.65;2688.66;2340.00;2330.00;1860.00;2710.00;2150.00;2050.00;1890.00;920.00;1230.00;1700.00;920.00;2402.33;1696.33;470.00;422.33;1557.00;310.00;460.00;1997.00
1763509320.3764417;0.00;0.00;0.00;0.00;0.00;1940.00;0.00;0.00;1940.00;0.00;0.00;1013.33;0.00;247.00;764.67;1566.33;0.00;97.00;390.00;0.00;1870.00;0.00;0.00;1487.00;1614.01;1149.34;3061.65;2688.66;2340.00;2330.00;1860.00;2710.00;2150.00;2050.00;1890.00;920.00;1230.00;1700.00;920.00;2402.33;1696.33;470.00;422.33;1557.00;310.00;460.00;1997.00
1763509329.2067475;0.00;0.00;0.00;0.00;0.00;1940.00;0.00;0.00;1940.00;0.00;0.00;718.66;0.00;247.00;764.67;1566.33;0.00;97.00;390.00;557.00;1870.00;0.00;0.00;1407.00;1534.01;1164.67;2981.65;2608.66;2260.00;2250.00;1780.00;2790.00;2230.00;1810.00;1660.00;920.00;1230.00;1470.00;920.00;2664.66;1696.33;470.00;422.33;1557.00;310.00;150.00;1847.00
1763509329.207304;0.00;0.00;0.00;0.00;0.00;1940.00;0.00;0.00;1940.00;0.00;0.00;718.66;0.00;247.00;764.67;1566.33;0.00;97.00;390.00;557.00;1870.00;0.00;0.00;1407.00;1534.01;1164.67;2981.65;2608.66;2260.00;2250.00;1780.00;2790.00;2230.00;1810.00;1660.00;920.00;1230.00;1470.00;920.00;2664.66;1696.33;470.00;422.33;1557.00;310.00;150.00;1847.00
1763509337.072011;0.00;0.00;0.00;0.00;0.00;0.00;0.00;0.00;1940.00;0.00;0.00;718.66;0.00;247.00;764.67;1566.33;0.00;97.00;0.00;964.00;1870.00;0.00;0.00;1514.00;1631.01;1261.67;2991.65;2618.66;2340.00;2330.00;1860.00;1470.00;1620.00;1600.00;1450.00;920.00;80.00;850.00;920.00;2664.66;1696.33;480.00;742.33;1557.00;310.00;150.00;1697.00
1763509337.0729136;0.00;0.00;0.00;0.00;0.00;0.00;0.00;0.00;1940.00;0.00;0.00;718.66;0.00;247.00;764.67;1566.33;0.00;97.00;0.00;964.00;1870.00;0.00;0.00;1514.00;1631.01;1261.67;2991.65;2618.66;2340.00;2330.00;1860.00;1470.00;1620.00;1600.00;1450.00;920.00;80.00;850.00;920.00;2664.66;1696.33;480.00;742.33;1557.00;310.00;150.00;1697.00
1763509337.1416516;0.00;0.00;0.00;0.00;0.00;0.00;0.00;0.00;1940.00;0.00;0.00;718.66;0.00;247.00;764.67;1566.33;0.00;97.00;0.00;1428.67;1870.00;0.00;0.00;1514.00;1631.01;1261.67;3446.32;2848.66;2340.00;2330.00;1860.00;1470.00;1620.00;1600.00;1450.00;920.00;80.00;850.00;920.00;2964.66;1696.33;480.00;742.33;1557.00;310.00;150.00;1697.00
1763509337.1425982;0.00;0.00;0.00;0.00;0.00;0.00;0.00;0.00;1940.00;0.00;0.00;718.66;0.00;247.00;764.67;1566.33;0.00;97.00;0.00;1428.67;1870.00;0.00;0.00;1514.00;1631.01;1261.67;3446.32;2848.66;2340.00;2330.00;1860.00;1470.00;1620.00;1600.00;1450.00;920.00;80.00;850.00;920.00;2964.66;1696.33;480.00;742.33;1557.00;310.00;150.00;1697.00
1763509337.214331;0.00;0.00;0.00;0.00;0.00;0.00;0.00;0.00;1940.00;0.00;0.00;718.66;0.00;247.00;764.67;1566.33;0.00;97.00;0.00;1525.67;1870.00;0.00;0.00;1761.00;1878.01;1358.67;3446.32;2848.66;2340.00;2330.00;1860.00;1700.00;1850.00;1830.00;1990.00;920.00;80.00;850.00;920.00;2964.66;1696.33;480.00;742.33;1557.00;310.00;460.00;1847.00
1763509337.215303;0.00;0.00;0.00;0.00;0.00;0.00;0.00;0.00;1940.00;0.00;0.00;718.66;0.00;247.00;764.67;1566.33;0.00;97.00;0.00;1525.67;1870.00;0.00;0.00;1761.00;1878.01;1358.67;3446.32;2848.66;2340.00;2330.00;1860.00;1700.00;1850.00;1830.00;1990.00;920.00;80.00;850.00;920.00;2964.66;1696.33;480.00;742.33;1557.00;310.00;460.00;1847.00
1763509337.2877843;0.00;0.00;0.00;0.00;0.00;0.00;0.00;0.00;1940.00;0.00;0.00;718.66;0.00;247.00;764.67;1566.33;0.00;97.00;0.00;1878.00;1870.00;0.00;0.00;1761.00;2188.01;1518.67;3638.65;3190.99;2340.00;2330.00;1860.00;1700.00;1850.00;1830.00;1990.00;920.00;80.00;850.00;920.00;2964.66;1846.33;800.00;742.33;1707.00;310.00;460.00;1847.00
1763509337.28871;0.00;0.00;0.00;0.00;0.00;0.00;0.00;0.00;1940.00;0.00;0.00;718.66;0.00;247.00;764.67;1566.33;0.00;97.00;0.00;1878.00;1870.00;0.00;0.00;1761.00;2188.01;1518.67;3638.65;3190.99;2340.00;2330.00;1860.00;1700.00;1850.00;1830.00;1990.00;920.00;80.00;850.00;920.00;2964.66;1846.33;800.00;742.33;1707.00;310.00;460.00;1847.00
1763509337.355475;0.00;0.00;0.00;0.00;0.00;0.00;0.00;0.00;1940.00;0.00;0.00;718.66;0.00;247.00;764.67;1566.33;0.00;97.00;0.00;1910.33;1870.00;0.00;0.00;1761.00;2188.01;1668.67;3820.98;3420.99;2570.00;2330.00;1860.00;1700.00;1850.00;1830.00;1990.00;920.00;80.00;850.00;920.00;2964.66;1846.33;800.00;742.33;1857.00;310.00;460.00;1847.00
1763509337.3563936;0.00;0.00;0.00;0.00;0.00;0.00;0.00;0.00;1940.00;0.00;0.00;718.66;0.00;247.00;764.67;1566.33;0.00;97.00;0.00;1910.33;1870.00;0.00;0.00;1761.00;2188.01;1668.67;3820.98;3420.99;2570.00;2330.00;1860.00;1700.00;1850.00;1830.00;1990.00;920.00;80.00;850.00;920.00;2964.66;1846.33;800.00;742.33;1857.00;310.00;460.00;1847.00
1763509337.43043;0.00;0.00;0.00;0.00;0.00;0.00;0.00;0.00;1940.00;0.00;0.00;718.66;0.00;247.00;764.67;1566.33;0.00;97.00;0.00;1910.33;1870.00;0.00;0.00;1761.00;2188.01;1668.67;3820.98;3420.99;2570.00;2330.00;1860.00;1700.00;1850.00;1830.00;1990.00;920.00;80.00;850.00;920.00;2964.66;1846.33;800.00;742.33;1857.00;310.00;460.00;1847.00
1763509337.4314117;0.00;0.00;0.00;0.00;0.00;0.00;0.00;0.00;1940.00;0.00;0.00;718.66;0.00;247.00;764.67;1566.33;0.00;97.00;0.00;1910.33;1870.00;0.00;0.00;1761.00;2188.01;1668.67;3820.98;3420.99;2570.00;2330.00;1860.00;1700.00;1850.00;1830.00;1990.00;920.00;80.00;850.00;920.00;2964.66;1846.33;800.00;742.33;1857.00;310.00;460.00;1847.00
1763509359.0749881;0.00;0.00;0.00;0.00;0.00;0.00;0.00;0.00;1940.00;0.00;0.00;0.00;0.00;0.00;0.00;1294.00;0.00;0.00;390.00;1353.33;1870.00;0.00;0.00;654.00;804.00;814.00;2799.33;2656.33;1340.00;1420.00;1340.00;1480.00;1630.00;1220.00;1530.00;920.00;80.00;850.00;920.00;2440.00;1284.00;480.00;940.00;750.00;310.00;310.00;750.00
1763509359.0759268;0.00;0.00;0.00;0.00;0.00;0.00;0.00;0.00;1940.00;0.00;0.00;0.00;0.00;0.00;0.00;1294.00;0.00;0.00;390.00;1353.33;1870.00;0.00;0.00;654.00;804.00;814.00;2799.33;2656.33;1340.00;1420.00;1340.00;1480.00;1630.00;1220.00;1530.00;920.00;80.00;850.00;920.00;2440.00;1284.00;480.00;940.00;750.00;310.00;310.00;750.00
1763509359.3013132;0.00;0.00;0.00;0.00;0.00;0.00;0.00;0.00;1940.00;0.00;0.00;0.00;0.00;0.00;0.00;1294.00;0.00;0.00;620.00;1353.33;1870.00;0.00;0.00;654.00;804.00;814.00;2799.33;2656.33;1340.00;1420.00;1340.00;1710.00;1860.00;1220.00;1530.00;920.00;80.00;1080.00;920.00;2440.00;1284.00;480.00;940.00;750.00;310.00;310.00;750.00
1763509359.3022997;0.00;0.00;0.00;0.00;0.00;0.00;0.00;0.00;1940.00;0.00;0.00;0.00;0.00;0.00;0.00;1294.00;0.00;0.00;620.00;1353.33;1870.00;0.00;0.00;654.00;804.00;814.00;2799.33;2656.33;1340.00;1420.00;1340.00;1710.00;1860.00;1220.00;1530.00;920.00;80.00;1080.00;920.00;2440.00;1284.00;480.00;940.00;750.00;310.00;310.00;750.00
1763509359.3591802;0.00;0.00;0.00;0.00;0.00;0.00;0.00;0.00;1940.00;0.00;0.00;0.00;0.00;0.00;0.00;1294.00;0.00;0.00;1010.00;1353.33;1870.00;0.00;0.00;654.00;804.00;814.00;2799.33;2656.33;1340.00;1420.00;1340.00;1940.00;2090.00;1380.00;1690.00;920.00;80.00;1310.00;920.00;2440.00;1284.00;480.00;940.00;750.00;470.00;310.00;910.00
1763509359.3601465;0.00;0.00;0.00;0.00;0.00;0.00;0.00;0.00;1940.00;0.00;0.00;0.00;0.00;0.00;0.00;1294.00;0.00;0.00;1010.00;1353.33;1870.00;0.00;0.00;654.00;804.00;814.00;2799.33;2656.33;1340.00;1420.00;1340.00;1940.00;2090.00;1380.00;1690.00;920.00;80.00;1310.00;920.00;2440.00;1284.00;480.00;940.00;750.00;470.00;310.00;910.00
1763509359.409656;0.00;0.00;0.00;0.00;0.00;0.00;0.00;0.00;1940.00;0.00;0.00;0.00;0.00;0.00;0.00;1294.00;0.00;0.00;1400.00;1353.33;1870.00;0.00;0.00;654.00;804.00;814.00;2799.33;2656.33;1340.00;1420.00;1340.00;2170.00;2320.00;1540.00;1840.00;920.00;80.00;1540.00;920.00;2440.00;1284.00;480.00;940.00;750.00;470.00;310.00;1060.00
1763509359.4103959;0.00;0.00;0.00;0.00;0.00;0.00;0.00;0.00;1940.00;0.00;0.00;0.00;0.00;0.00;0.00;1294.00;0.00;0.00;1400.00;1353.33;1870.00;0.00;0.00;654.00;804.00;814.00;2799.33;2656.33;1340.00;1420.00;1340.00;2170.00;2320.00;1540.00;1840.00;920.00;80.00;1540.00;920.00;2440.00;1284.00;480.00;940.00;750.00;470.00;310.00;1060.00
1763509359.4791443;0.00;0.00;0.00;0.00;0.00;0.00;0.00;0.00;1940.00;0.00;0.00;0.00;0.00;0.00;0.00;1294.00;0.00;0.00;1640.00;1353.33;1870.00;0.00;0.00;894.00;1114.00;964.00;2799.33;2656.33;1340.00;1420.00;1340.00;2170.00;2320.00;1780.00;2080.00;920.00;80.00;1540.00;920.00;2590.00;1284.00;480.00;940.00;1210.00;470.00;310.00;1060.00
1763509359.4800634;0.00;0.00;0.00;0.00;0.00;0.00;0.00;0.00;1940.00;0.00;0.00;0.00;0.00;0.00;0.00;1294.00;0.00;0.00;1640.00;1353.33;1870.00;0.00;0.00;894.00;1114.00;964.00;2799.33;2656.33;1340.00;1420.00;1340.00;2170.00;2320.00;1780.00;2080.00;920.00;80.00;1540.00;920.00;2590.00;1284.00;480.00;940.00;1210.00;470.00;310.00;1060.00
1763509359.5653164;0.00;0.00;0.00;0.00;0.00;0.00;0.00;0.00;1940.00;0.00;0.00;0.00;0.00;0.00;0.00;1294.00;0.00;0.00;1640.00;1353.33;1870.00;0.00;0.00;894.00;1114.00;964.00;2799.33;2656.33;1340.00;1420.00;1340.00;2170.00;2320.00;1780.00;2080.00;920.00;80.00;1540.00;920.00;2590.00;1284.00;480.00;940.00;1210.00;470.00;310.00;1060.00
1763509359.566306;0.00;0.00;0.00;0.00;0.00;0.00;0.00;0.00;1940.00;0.00;0.00;0.00;0.00;0.00;0.00;1294.00;0.00;0.00;1640.00;1353.33;1870.00;0.00;0.00;894.00;1114.00;964.00;2799.33;2656.33;1340.00;1420.00;1340.00;2170.00;2320.00;1780.00;2080.00;920.00;80.00;1540.00;920.00;2590.00;1284.00;480.00;940.00;1210.00;470.00;310.00;1060.00
1763509369.642713;0.00;0.00;0.00;0.00;0.00;0.00;0.00;0.00;1940.00;0.00;0.00;0.00;0.00;0.00;0.00;1101.67;80.00;0.00;1640.00;1353.33;1870.00;0.00;0.00;894.00;1114.00;1114.00;2489.33;2544.00;1340.00;1420.00;1340.00;2170.00;2320.00;1780.00;2080.00;920.00;80.00;1540.00;920.00;2130.00;1021.67;480.00;940.00;1360.00;470.00;310.00;1060.00
1763509369.6436255;0.00;0.00;0.00;0.00;0.00;0.00;0.00;0.00;1940.00;0.00;0.00;0.00;0.00;0.00;0.00;1101.67;80.00;0.00;1640.00;1353.33;1870.00;0.00;0.00;894.00;1114.00;1114.00;2489.33;2544.00;1340.00;1420.00;1340.00;2170.00;2320.00;1780.00;2080.00;920.00;80.00;1540.00;920.00;2130.00;1021.67;480.00;940.00;1360.00;470.00;310.00;1060.00
1763509374.6560676;0.00;0.00;0.00;0.00;0.00;0.00;0.00;390.00;1550.00;0.00;0.00;0.00;0.00;0.00;0.00;1101.67;80.00;0.00;1640.00;1353.33;1870.00;0.00;0.00;894.00;1114.00;1114.00;2479.33;2544.00;1340.00;1650.00;1340.00;2170.00;2320.00;1780.00;2080.00;920.00;80.00;1540.00;690.00;2130.00;1331.67;480.00;940.00;1360.00;470.00;310.00;1060.00
1763509374.656979;0.00;0.00;0.00;0.00;0.00;0.00;0.00;390.00;1550.00;0.00;0.00;0.00;0.00;0.00;0.00;1101.67;80.00;0.00;1640.00;1353.33;1870.00;0.00;0.00;894.00;1114.00;1114.00;2479.33;2544.00;1340.00;1650.00;1340.00;2170.00;2320.00;1780.00;2080.00;920.00;80.00;1540.00;690.00;2130.00;1331.67;480.00;940.00;1360.00;470.00;310.00;1060.00
1763509378.17646;0.00;0.00;0.00;0.00;0.00;0.00;0.00;390.00;1550.00;0.00;0.00;0.00;0.00;0.00;0.00;1101.67;80.00;0.00;1880.00;1353.33;1870.00;0.00;0.00;1274.00;1264.00;1264.00;2479.33;2544.00;1340.00;1650.00;1340.00;2170.00;2320.00;2010.00;2310.00;920.00;80.00;1540.00;690.00;2280.00;1331.67;480.00;940.00;1360.00;470.00;310.00;1210.00
1763509378.1769986;0.00;0.00;0.00;0.00;0.00;0.00;0.00;390.00;1550.00;0.00;0.00;0.00;0.00;0.00;0.00;1101.67;80.00;0.00;1880.00;1353.33;1870.00;0.00;0.00;1274.00;1264.00;1264.00;2479.33;2544.00;1340.00;1650.00;1340.00;2170.00;2320.00;2010.00;2310.00;920.00;80.00;1540.00;690.00;2280.00;1331.67;480.00;940.00;1360.00;470.00;310.00;1210.00
1763509378.247533;0.00;0.00;0.00;0.00;0.00;0.00;0.00;390.00;1550.00;0.00;0.00;0.00;0.00;0.00;0.00;1101.67;80.00;0.00;1960.00;1353.33;1870.00;0.00;0.00;1274.00;1264.00;1264.00;2479.33;2544.00;1340.00;1650.00;1340.00;2400.00;2550.00;2160.00;2460.00;920.00;80.00;1540.00;690.00;2280.00;1331.67;480.00;940.00;1360.00;470.00;310.00;1360.00
1763509378.2480898;0.00;0.00;0.00;0.00;0.00;0.00;0.00;390.00;1550.00;0.00;0.00;0.00;0.00;0.00;0.00;1101.67;80.00;0.00;1960.00;1353.33;1870.00;0.00;0.00;1274.00;1264.00;1264.00;2479.33;2544.00;1340.00;1650.00;1340.00;2400.00;2550.00;2160.00;2460.00;920.00;80.00;1540.00;690.00;2280.00;1331.67;480.00;940.00;1360.00;470.00;310.00;1360.00
1763509378.3297257;0.00;0.00;0.00;0.00;0.00;0.00;0.00;390.00;1550.00;0.00;0.00;0.00;0.00;0.00;0.00;1101.67;80.00;0.00;1960.00;1353.33;1870.00;0.00;0.00;1274.00;1264.00;1264.00;2479.33;2544.00;1340.00;1650.00;1340.00;2400.00;2550.00;2160.00;2460.00;920.00;80.00;1540.00;690.00;2280.00;1331.67;480.00;940.00;1360.00;470.00;310.00;1360.00
1763509378.3307357;0.00;0.00;0.00;0.00;0.00;0.00;0.00;390.00;1550.00;0.00;0.00;0.00;0.00;0.00;0.00;1101.67;80.00;0.00;1960.00;1353.33;1870.00;0.00;0.00;1274.00;1264.00;1264.00;2479.33;2544.00;1340.00;1650.00;1340.00;2400.00;2550.00;2160.00;2460.00;920.00;80.00;1540.00;690.00;2280.00;1331.67;480.00;940.00;1360.00;470.00;310.00;1360.00
1763509378.428146;0.00;0.00;0.00;0.00;0.00;0.00;0.00;390.00;1550.00;0.00;0.00;0.00;0.00;0.00;0.00;1101.67;80.00;0.00;1960.00;1353.33;1870.00;0.00;0.00;1274.00;1264.00;1264.00;2479.33;2544.00;1340.00;1650.00;1340.00;2400.00;2550.00;2160.00;2460.00;920.00;80.00;1540.00;690.00;2280.00;1331.67;480.00;940.00;1360.00;470.00;310.00;1360.00
1763509378.4291027;0.00;0.00;0.00;0.00;0.00;0.00;0.00;390.00;1550.00;0.00;0.00;0.00;0.00;0.00;0.00;1101.67;80.00;0.00;1960.00;1353.33;1870.00;0.00;0.00;1274.00;1264.00;1264.00;2479.33;2544.00;1340.00;1650.00;1340.00;2400.00;2550.00;2160.00;2460.00;920.00;80.00;1540.00;690.00;2280.00;1331.67;480.00;940.00;1360.00;470.00;310.00;1360.00
1763509378.5103967;0.00;0.00;0.00;0.00;0.00;0.00;0.00;390.00;1550.00;0.00;0.00;0.00;0.00;0.00;0.00;1101.67;80.00;0.00;1960.00;1353.33;1870.00;0.00;0.00;1274.00;1264.00;1264.00;2479.33;2544.00;1340.00;1650.00;1340.00;2400.00;2550.00;2160.00;2460.00;920.00;80.00;1540.00;690.00;2280.00;1331.67;480.00;940.00;1360.00;470.00;310.00;1360.00
1763509378.511317;0.00;0.00;0.00;0.00;0.00;0.00;0.00;390.00;1550.00;0.00;0.00;0.00;0.00;0.00;0.00;1101.67;80.00;0.00;1960.00;1353.33;1870.00;0.00;0.00;1274.00;1264.00;1264.00;2479.33;2544.00;1340.00;1650.00;1340.00;2400.00;2550.00;2160.00;2460.00;920.00;80.00;1540.00;690.00;2280.00;1331.67;480.00;940.00;1360.00;470.00;310.00;1360.00
1763509378.5676982;0.00;0.00;0.00;0.00;0.00;0.00;0.00;390.00;1550.00;0.00;0.00;0.00;0.00;0.00;0.00;1101.67;80.00;0.00;1960.00;1353.33;1870.00;0.00;0.00;1274.00;1264.00;1264.00;2479.33;2544.00;1340.00;1650.00;1340.00;2400.00;2550.00;2160.00;2460.00;920.00;80.00;1540.00;690.00;2280.00;1331.67;480.00;940.00;1360.00;470.00;310.00;1360.00
1763509378.5682664;0.00;0.00;0.00;0.00;0.00;0.00;0.00;390.00;1550.00;0.00;0.00;0.00;0.00;0.00;0.00;1101.67;80.00;0.00;1960.00;1353.33;1870.00;0.00;0.00;1274.00;1264.00;1264.00;2479.33;2544.00;1340.00;1650.00;1340.00;2400.00;2550.00;2160.00;2460.00;920.00;80.00;1540.00;690.00;2280.00;1331.67;480.00;940.00;1360.00;470.00;310.00;1360.00
1763509379.8498096;0.00;0.00;0.00;0.00;0.00;0.00;0.00;630.00;1320.00;0.00;0.00;0.00;0.00;0.00;0.00;0.00;80.00;0.00;1960.00;1353.33;1480.00;0.00;0.00;1274.00;1414.00;1264.00;1919.33;1912.33;1580.00;1730.00;1180.00;2240.00;2390.00;2010.00;2310.00;690.00;80.00;1540.00;460.00;1350.00;460.00;630.00;940.00;1210.00;470.00;310.00;1210.00
1763509379.850754;0.00;0.00;0.00;0.00;0.00;0.00;0.00;630.00;1320.00;0.00;0.00;0.00;0.00;0.00;0.00;0.00;80.00;0.00;1960.00;1353.33;1480.00;0.00;0.00;1274.00;1414.00;1264.00;1919.33;1912.33;1580.00;1730.00;1180.00;2240.00;2390.00;2010.00;2310.00;690.00;80.00;1540.00;460.00;1350.00;460.00;630.00;940.00;1210.00;470.00;310.00;1210.00
1763509379.8953452;0.00;0.00;390.00;0.00;0.00;0.00;0.00;630.00;1320.00;0.00;0.00;0.00;0.00;0.00;0.00;0.00;80.00;0.00;1960.00;1353.33;1480.00;0.00;0.00;1274.00;1414.00;1264.00;2069.33;1992.33;1660.00;2040.00;1490.00;2550.00;2390.00;2010.00;2310.00;690.00;390.00;1540.00;460.00;1500.00;460.00;630.00;940.00;1210.00;470.00;310.00;1210.00
1763509379.8958933;0.00;0.00;390.00;0.00;0.00;0.00;0.00;630.00;1320.00;0.00;0.00;0.00;0.00;0.00;0.00;0.00;80.00;0.00;1960.00;1353.33;1480.00;0.00;0.00;1274.00;1414.00;1264.00;2069.33;1992.33;1660.00;2040.00;1490.00;2550.00;2390.00;2010.00;2310.00;690.00;390.00;1540.00;460.00;1500.00;460.00;630.00;940.00;1210.00;470.00;310.00;1210.00
1763509379.9583554;0.00;0.00;390.00;0.00;0.00;0.00;0.00;630.00;1320.00;0.00;0.00;0.00;0.00;0.00;390.00;0.00;80.00;0.00;1960.00;1353.33;1480.00;0.00;0.00;1274.00;1414.00;1414.00;2219.33;2152.33;1660.00;2040.00;1490.00;2550.00;2390.00;2010.00;2310.00;690.00;390.00;1540.00;460.00;1500.00;770.00;630.00;940.00;1360.00;470.00;310.00;1210.00
1763509379.959303;0.00;0.00;390.00;0.00;0.00;0.00;0.00;630.00;1320.00;0.00;0.00;0.00;0.00;0.00;390.00;0.00;80.00;0.00;1960.00;1353.33;1480.00;0.00;0.00;1274.00;1414.00;1414.00;2219.33;2152.33;1660.00;2040.00;1490.00;2550.00;2390.00;2010.00;2310.00;690.00;390.00;1540.00;460.00;1500.00;770.00;630.00;940.00;1360.00;470.00;310.00;1210.00
1763509380.0036592;0.00;0.00;390.00;0.00;0.00;0.00;0.00;630.00;1320.00;0.00;0.00;0.00;0.00;0.00;470.00;0.00;80.00;0.00;1960.00;1353.33;1480.00;0.00;0.00;1274.00;1414.00;1414.00;2369.33;2302.33;1660.00;2040.00;1490.00;2550.00;2390.00;2010.00;2310.00;690.00;390.00;1540.00;460.00;1650.00;770.00;630.00;940.00;1360.00;470.00;310.00;1210.00
1763509380.0041993;0.00;0.00;390.00;0.00;0.00;0.00;0.00;630.00;1320.00;0.00;0.00;0.00;0.00;0.00;470.00;0.00;80.00;0.00;1960.00;1353.33;1480.00;0.00;0.00;1274.00;1414.00;1414.00;2369.33;2302.33;1660.00;2040.00;1490.00;2550.00;2390.00;2010.00;2310.00;690.00;390.00;1540.00;460.00;1650.00;770.00;630.00;940.00;1360.00;470.00;310.00;1210.00
1763509380.066974;0.00;0.00;390.00;0.00;0.00;0.00;0.00;630.00;1320.00;0.00;0.00;0.00;0.00;0.00;470.00;0.00;112.33;0.00;1960.00;1353.33;1480.00;0.00;0.00;1274.00;1414.00;1414.00;2449.33;2334.66;1660.00;2040.00;1490.00;2550.00;2390.00;2010.00;2310.00;690.00;390.00;1540.00;460.00;1800.00;882.33;630.00;940.00;1360.00;470.00;310.00;1210.00
1763509380.0679445;0.00;0.00;390.00;0.00;0.00;0.00;0.00;630.00;1320.00;0.00;0.00;0.00;0.00;0.00;470.00;0.00;112.33;0.00;1960.00;1353.33;1480.00;0.00;0.00;1274.00;1414.00;1414.00;2449.33;2334.66;1660.00;2040.00;1490.00;2550.00;2390.00;2010.00;2310.00;690.00;390.00;1540.00;460.00;1800.00;882.33;630.00;940.00;1360.00;470.00;310.00;1210.00
1763509380.13147;0.00;0.00;390.00;0.00;0.00;0.00;0.00;630.00;1320.00;0.00;0.00;0.00;0.00;0.00;502.33;0.00;112.33;0.00;1960.00;1353.33;1480.00;0.00;0.00;1274.00;1414.00;1564.00;2599.33;2366.99;1660.00;2040.00;1490.00;2550.00;2390.00;2010.00;2310.00;690.00;390.00;1540.00;460.00;1800.00;994.66;630.00;940.00;1510.00;470.00;310.00;1210.00
1763509380.1324227;0.00;0.00;390.00;0.00;0.00;0.00;0.00;630.00;1320.00;0.00;0.00;0.00;0.00;0.00;502.33;0.00;112.33;0.00;1960.00;1353.33;1480.00;0.00;0.00;1274.00;1414.00;1564.00;2599.33;2366.99;1660.00;2040.00;1490.00;2550.00;2390.00;2010.00;2310.00;690.00;390.00;1540.00;460.00;1800.00;994.66;630.00;940.00;1510.00;470.00;310.00;1210.00
1763509380.3510695;0.00;0.00;390.00;0.00;0.00;0.00;0.00;630.00;1320.00;0.00;0.00;0.00;0.00;0.00;502.33;0.00;352.33;0.00;1960.00;1353.33;1480.00;0.00;0.00;1274.00;1414.00;1714.00;2839.33;2606.99;1660.00;2040.00;1490.00;2550.00;2390.00;2010.00;2310.00;690.00;390.00;1540.00;460.00;2260.00;994.66;630.00;940.00;1660.00;470.00;310.00;1210.00
1763509380.3519897;0.00;0.00;390.00;0.00;0.00;0.00;0.00;630.00;1320.00;0.00;0.00;0.00;0.00;0.00;502.33;0.00;352.33;0.00;1960.00;1353.33;1480.00;0.00;0.00;1274.00;1414.00;1714.00;2839.33;2606.99;1660.00;2040.00;1490.00;2550.00;2390.00;2010.00;2310.00;690.00;390.00;1540.00;460.00;2260.00;994.66;630.00;940.00;1660.00;470.00;310.00;1210.00
1763509389.8625777;0.00;0.00;620.00;0.00;0.00;0.00;0.00;630.00;1320.00;0.00;0.00;0.00;0.00;0.00;502.33;0.00;352.33;0.00;1960.00;1353.33;1240.00;0.00;0.00;1274.00;1414.00;1714.00;2689.33;2446.99;1500.00;2190.00;1640.00;2700.00;2240.00;1860.00;2160.00;690.00;390.00;1540.00;460.00;2110.00;994.66;630.00;940.00;1660.00;470.00;310.00;1060.00
1763509389.8635051;0.00;0.00;620.00;0.00;0.00;0.00;0.00;630.00;1320.00;0.00;0.00;0.00;0.00;0.00;502.33;0.00;352.33;0.00;1960.00;1353.33;1240.00;0.00;0.00;1274.00;1414.00;1714.00;2689.33;2446.99;1500.00;2190.00;1640.00;2700.00;2240.00;1860.00;2160.00;690.00;390.00;1540.00;460.00;2110.00;994.66;630.00;940.00;1660.00;470.00;310.00;1060.00
1763509396.1241324;0.00;0.00;620.00;0.00;0.00;0.00;0.00;630.00;1320.00;0.00;0.00;0.00;0.00;0.00;502.33;0.00;352.33;0.00;1960.00;1760.33;1240.00;0.00;0.00;1274.00;1414.00;1714.00;2769.33;2526.99;1580.00;2270.00;1640.00;2700.00;2240.00;1860.00;2160.00;690.00;390.00;1540.00;610.00;2597.00;994.66;630.00;940.00;1660.00;470.00;310.00;1060.00
1763509396.1253355;0.00;0.00;620.00;0.00;0.00;0.00;0.00;630.00;1320.00;0.00;0.00;0.00;0.00;0.00;502.33;0.00;352.33;0.00;1960.00;1760.33;1240.00;0.00;0.00;1274.00;1414.00;1714.00;2769.33;2526.99;1580.00;2270.00;1640.00;2700.00;2240.00;1860.00;2160.00;690.00;390.00;1540.00;610.00;2597.00;994.66;630.00;940.00;1660.00;470.00;310.00;1060.00
1763509396.2149954;0.00;0.00;620.00;0.00;0.00;0.00;0.00;630.00;1320.00;0.00;0.00;0.00;0.00;0.00;502.33;0.00;352.33;0.00;1960.00;1942.66;1240.00;0.00;0.00;1354.00;1494.00;1896.33;2769.33;2526.99;1580.00;2420.00;1790.00;2780.00;2320.00;1940.00;2240.00;840.00;390.00;1540.00;610.00;2597.00;994.66;630.00;940.00;1922.33;470.00;310.00;1220.00
1763509396.2162025;0.00;0.00;620.00;0.00;0.00;0.00;0.00;630.00;1320.00;0.00;0.00;0.00;0.00;0.00;502.33;0.00;352.33;0.00;1960.00;1942.66;1240.00;0.00;0.00;1354.00;1494.00;1896.33;2769.33;2526.99;1580.00;2420.00;1790.00;2780.00;2320.00;1940.00;2240.00;840.00;390.00;1540.00;610.00;2597.00;994.66;630.00;940.00;1922.33;470.00;310.00;1220.00
1763509396.318443;0.00;0.00;620.00;0.00;0.00;0.00;0.00;630.00;1320.00;0.00;0.00;0.00;0.00;0.00;502.33;0.00;352.33;0.00;1960.00;1974.99;1240.00;0.00;0.00;1584.00;1724.00;1976.33;2769.33;2526.99;1580.00;2420.00;1790.00;2780.00;2550.00;2170.00;2470.00;840.00;390.00;1540.00;610.00;2709.33;994.66;630.00;940.00;2072.33;470.00;310.00;1220.00
1763509396.3193972;0.00;0.00;620.00;0.00;0.00;0.00;0.00;630.00;1320.00;0.00;0.00;0.00;0.00;0.00;502.33;0.00;352.33;0.00;1960.00;1974.99;1240.00;0.00;0.00;1584.00;1724.00;1976.33;2769.33;2526.99;1580.00;2420.00;1790.00;2780.00;2550.00;2170.00;2470.00;840.00;390.00;1540.00;610.00;2709.33;994.66;630.00;940.00;2072.33;470.00;310.00;1220.00
1763509396.4032748;0.00;0.00;620.00;0.00;0.00;0.00;0.00;630.00;1320.00;0.00;0.00;0.00;0.00;0.00;502.33;0.00;352.33;0.00;1960.00;1974.99;1240.00;0.00;0.00;1584.00;1724.00;1976.33;2769.33;2526.99;1580.00;2420.00;1790.00;2780.00;2550.00;2170.00;2470.00;840.00;390.00;1540.00;610.00;2709.33;994.66;630.00;940.00;2072.33;470.00;310.00;1220.00
1763509396.4042332;0.00;0.00;620.00;0.00;0.00;0.00;0.00;630.00;1320.00;0.00;0.00;0.00;0.00;0.00;502.33;0.00;352.33;0.00;1960.00;1974.99;1240.00;0.00;0.00;1584.00;1724.00;1976.33;2769.33;2526.99;1580.00;2420.00;1790.00;2780.00;2550.00;2170.00;2470.00;840.00;390.00;1540.00;610.00;2709.33;994.66;630.00;940.00;2072.33;470.00;310.00;1220.00
1763509396.490733;0.00;0.00;620.00;0.00;0.00;0.00;0.00;630.00;1320.00;0.00;0.00;0.00;0.00;0.00;502.33;0.00;352.33;0.00;1960.00;1974.99;1240.00;0.00;0.00;1584.00;1724.00;1976.33;2769.33;2526.99;1580.00;2420.00;1790.00;2780.00;2550.00;2170.00;2470.00;840.00;390.00;1540.00;610.00;2709.33;994.66;630.00;940.00;2072.33;470.00;310.00;1220.00
1763509396.4917119;0.00;0.00;620.00;0.00;0.00;0.00;0.00;630.00;1320.00;0.00;0.00;0.00;0.00;0.00;502.33;0.00;352.33;0.00;1960.00;1974.99;1240.00;0.00;0.00;1584.00;1724.00;1976.33;2769.33;2526.99;1580.00;2420.00;1790.00;2780.00;2550.00;2170.00;2470.00;840.00;390.00;1540.00;610.00;2709.33;994.66;630.00;940.00;2072.33;470.00;310.00;1220.00
1763509396.7397208;0.00;0.00;620.00;0.00;0.00;0.00;0.00;630.00;1320.00;0.00;0.00;0.00;0.00;0.00;502.33;0.00;352.33;0.00;1960.00;1974.99;1240.00;0.00;0.00;1584.00;1724.00;1976.33;2769.33;2526.99;1580.00;2420.00;1790.00;2780.00;2550.00;2170.00;2470.00;840.00;390.00;1540.00;610.00;2709.33;994.66;630.00;940.00;2072.33;470.00;310.00;1220.00
1763509396.7407079;0.00;0.00;620.00;0.00;0.00;0.00;0.00;630.00;1320.00;0.00;0.00;0.00;0.00;0.00;502.33;0.00;352.33;0.00;1960.00;1974.99;1240.00;0.00;0.00;1584.00;1724.00;1976.33;2769.33;2526.99;1580.00;2420.00;1790.00;2780.00;2550.00;2170.00;2470.00;840.00;390.00;1540.00;610.00;2709.33;994.66;630.00;940.00;2072.33;470.00;310.00;1220.00
1763509399.8943787;0.00;0.00;620.00;0.00;0.00;0.00;0.00;630.00;780.00;540.00;0.00;0.00;0.00;0.00;0.00;0.00;272.33;0.00;1960.00;1974.99;230.00;0.00;0.00;1584.00;1724.00;1526.33;2239.33;2104.66;1500.00;2110.00;1480.00;2470.00;2240.00;1870.00;2170.00;380.00;390.00;1540.00;380.00;2559.33;572.33;630.00;630.00;1622.33;160.00;310.00;920.00
1763509399.8952982;0.00;0.00;620.00;0.00;0.00;0.00;0.00;630.00;780.00;540.00;0.00;0.00;0.00;0.00;0.00;0.00;272.33;0.00;1960.00;1974.99;230.00;0.00;0.00;1584.00;1724.00;1526.33;2239.33;2104.66;1500.00;2110.00;1480.00;2470.00;2240.00;1870.00;2170.00;380.00;390.00;1540.00;380.00;2559.33;572.33;630.00;630.00;1622.33;160.00;310.00;920.00
1763509399.959727;0.00;0.00;1010.00;0.00;0.00;0.00;0.00;630.00;780.00;540.00;0.00;0.00;0.00;0.00;0.00;0.00;272.33;0.00;1960.00;1974.99;230.00;0.00;0.00;1584.00;1724.00;1526.33;2239.33;2184.66;1580.00;2420.00;1790.00;2470.00;2240.00;1870.00;2170.00;380.00;390.00;1850.00;380.00;2559.33;722.33;630.00;630.00;1622.33;160.00;310.00;920.00
1763509399.960649;0.00;0.00;1010.00;0.00;0.00;0.00;0.00;630.00;780.00;540.00;0.00;0.00;0.00;0.00;0.00;0.00;272.33;0.00;1960.00;1974.99;230.00;0.00;0.00;1584.00;1724.00;1526.33;2239.33;2184.66;1580.00;2420.00;1790.00;2470.00;2240.00;1870.00;2170.00;380.00;390.00;1850.00;380.00;2559.33;722.33;630.00;630.00;1622.33;160.00;310.00;920.00
1763509400.0253813;0.00;0.00;1400.00;0.00;0.00;0.00;0.00;630.00;780.00;540.00;0.00;0.00;0.00;0.00;0.00;0.00;272.33;0.00;1960.00;1974.99;230.00;0.00;0.00;1584.00;1724.00;1526.33;2239.33;2344.66;1740.00;2650.00;1790.00;2470.00;2240.00;1870.00;2170.00;380.00;390.00;1850.00;380.00;2559.33;882.33;630.00;630.00;1622.33;160.00;310.00;920.00
1763509400.0263157;0.00;0.00;1400.00;0.00;0.00;0.00;0.00;630.00;780.00;540.00;0.00;0.00;0.00;0.00;0.00;0.00;272.33;0.00;1960.00;1974.99;230.00;0.00;0.00;1584.00;1724.00;1526.33;2239.33;2344.66;1740.00;2650.00;1790.00;2470.00;2240.00;1870.00;2170.00;380.00;390.00;1850.00;380.00;2559.33;882.33;630.00;630.00;1622.33;160.00;310.00;920.00
1763509400.0918498;0.00;0.00;1640.00;0.00;0.00;0.00;0.00;630.00;780.00;540.00;0.00;0.00;0.00;0.00;0.00;0.00;272.33;0.00;1960.00;1974.99;230.00;0.00;0.00;1584.00;1724.00;1526.33;2239.33;2574.66;1980.00;2650.00;1790.00;2470.00;2240.00;1870.00;2170.00;380.00;390.00;1850.00;380.00;2559.33;1182.33;630.00;630.00;1622.33;160.00;310.00;920.00
1763509400.0928006;0.00;0.00;1640.00;0.00;0.00;0.00;0.00;630.00;780.00;540.00;0.00;0.00;0.00;0.00;0.00;0.00;272.33;0.00;1960.00;1974.99;230.00;0.00;0.00;1584.00;1724.00;1526.33;2239.33;2574.66;1980.00;2650.00;1790.00;2470.00;2240.00;1870.00;2170.00;380.00;390.00;1850.00;380.00;2559.33;1182.33;630.00;630.00;1622.33;160.00;310.00;920.00
1763509400.1579669;0.00;80.00;1640.00;0.00;0.00;0.00;0.00;630.00;780.00;540.00;0.00;0.00;0.00;0.00;0.00;0.00;272.33;0.00;1960.00;1974.99;230.00;0.00;0.00;1584.00;1724.00;1526.33;2239.33;2724.66;2130.00;2730.00;1870.00;2470.00;2240.00;1870.00;2170.00;380.00;390.00;1850.00;380.00;2559.33;1332.33;630.00;630.00;1622.33;160.00;310.00;920.00
1763509400.1589205;0.00;80.00;1640.00;0.00;0.00;0.00;0.00;630.00;780.00;540.00;0.00;0.00;0.00;0.00;0.00;0.00;272.33;0.00;1960.00;1974.99;230.00;0.00;0.00;1584.00;1724.00;1526.33;2239.33;2724.66;2130.00;2730.00;1870.00;2470.00;2240.00;1870.00;2170.00;380.00;390.00;1850.00;380.00;2559.33;1332.33;630.00;630.00;1622.33;160.00;310.00;920.00
1763509400.2879856;0.00;470.00;1640.00;0.00;0.00;0.00;0.00;630.00;780.00;540.00;0.00;0.00;0.00;0.00;0.00;0.00;272.33;0.00;1960.00;1974.99;230.00;0.00;0.00;1734.00;1874.00;1526.33;2239.33;2724.66;2130.00;2730.00;1870.00;2860.00;2400.00;2020.00;2320.00;380.00;390.00;1850.00;380.00;2559.33;1332.33;630.00;630.00;1772.33;470.00;310.00;920.00
1763509400.288547;0.00;470.00;1640.00;0.00;0.00;0.00;0.00;630.00;780.00;540.00;0.00;0.00;0.00;0.00;0.00;0.00;272.33;0.00;1960.00;1974.99;230.00;0.00;0.00;1734.00;1874.00;1526.33;2239.33;2724.66;2130.00;2730.00;1870.00;2860.00;2400.00;2020.00;2320.00;380.00;390.00;1850.00;380.00;2559.33;1332.33;630.00;630.00;1772.33;470.00;310.00;920.00
1763509400.3279119;0.00;860.00;1640.00;0.00;0.00;0.00;0.00;630.00;780.00;540.00;0.00;0.00;0.00;0.00;0.00;0.00;272.33;0.00;1960.00;1974.99;230.00;0.00;0.00;1734.00;1874.00;1526.33;2239.33;2724.66;2130.00;2730.00;1870.00;3250.00;2560.00;2180.00;2470.00;380.00;390.00;1850.00;380.00;2559.33;1332.33;630.00;630.00;1772.33;470.00;310.00;1070.00
1763509400.328483;0.00;860.00;1640.00;0.00;0.00;0.00;0.00;630.00;780.00;540.00;0.00;0.00;0.00;0.00;0.00;0.00;272.33;0.00;1960.00;1974.99;230.00;0.00;0.00;1734.00;1874.00;1526.33;2239.33;2724.66;2130.00;2730.00;1870.00;3250.00;2560.00;2180.00;2470.00;380.00;390.00;1850.00;380.00;2559.33;1332.33;630.00;630.00;1772.33;470.00;310.00;1070.00
1763509400.3681421;0.00;1400.00;1640.00;0.00;0.00;0.00;0.00;630.00;780.00;540.00;0.00;0.00;0.00;0.00;0.00;0.00;272.33;0.00;1960.00;1974.99;230.00;0.00;0.00;1734.00;1874.00;1526.33;2239.33;2724.66;2130.00;2730.00;1870.00;3480.00;2560.00;2180.00;2470.00;380.00;390.00;2160.00;380.00;2559.33;1332.33;630.00;630.00;1772.33;470.00;310.00;1070.00
1763509400.3687043;0.00;1400.00;1640.00;0.00;0.00;0.00;0.00;630.00;780.00;540.00;0.00;0.00;0.00;0.00;0.00;0.00;272.33;0.00;1960.00;1974.99;230.00;0.00;0.00;1734.00;1874.00;1526.33;2239.33;2724.66;2130.00;2730.00;1870.00;3480.00;2560.00;2180.00;2470.00;380.00;390.00;2160.00;380.00;2559.33;1332.33;630.00;630.00;1772.33;470.00;310.00;1070.00
1763509404.905526;0.00;1790.00;1640.00;0.00;0.00;0.00;0.00;630.00;780.00;540.00;0.00;0.00;0.00;0.00;0.00;0.00;240.00;0.00;1960.00;1974.99;230.00;0.00;0.00;1884.00;1874.00;1526.33;2159.33;2692.33;2130.00;2730.00;1870.00;3870.00;2720.00;2330.00;2620.00;380.00;390.00;2160.00;380.00;2409.33;1220.00;780.00;630.00;1772.33;470.00;310.00;1070.00
1763509404.906491;0.00;1790.00;1640.00;0.00;0.00;0.00;0.00;630.00;780.00;540.00;0.00;0.00;0.00;0.00;0.00;0.00;240.00;0.00;1960.00;1974.99;230.00;0.00;0.00;1884.00;1874.00;1526.33;2159.33;2692.33;2130.00;2730.00;1870.00;3870.00;2720.00;2330.00;2620.00;380.00;390.00;2160.00;380.00;2409.33;1220.00;780.00;630.00;1772.33;470.00;310.00;1070.00
1763509414.9025218;0.00;1790.00;1250.00;0.00;0.00;0.00;0.00;630.00;390.00;780.00;0.00;0.00;0.00;0.00;0.00;0.00;240.00;0.00;1960.00;1974.99;230.00;0.00;0.00;1884.00;1874.00;1366.33;1999.33;2762.33;2130.00;2500.00;1560.00;3560.00;2720.00;2330.00;2620.00;380.00;80.00;2160.00;150.00;2259.33;1380.00;780.00;630.00;1622.33;470.00;310.00;1070.00
1763509414.9030838;0.00;1790.00;1250.00;0.00;0.00;0.00;0.00;630.00;390.00;780.00;0.00;0.00;0.00;0.00;0.00;0.00;240.00;0.00;1960.00;1974.99;230.00;0.00;0.00;1884.00;1874.00;1366.33;1999.33;2762.33;2130.00;2500.00;1560.00;3560.00;2720.00;2330.00;2620.00;380.00;80.00;2160.00;150.00;2259.33;1380.00;780.00;630.00;1622.33;470.00;310.00;1070.00
1763509414.9517386;0.00;1790.00;1250.00;0.00;0.00;0.00;0.00;630.00;390.00;780.00;0.00;0.00;0.00;0.00;0.00;0.00;240.00;0.00;1960.00;1974.99;230.00;0.00;0.00;1884.00;1874.00;1366.33;1999.33;2762.33;2130.00;2500.00;1560.00;3560.00;2720.00;2330.00;2620.00;380.00;80.00;2160.00;150.00;2259.33;1380.00;780.00;630.00;1622.33;470.00;310.00;1070.00
1763509414.9523098;0.00;1790.00;1250.00;0.00;0.00;0.00;0.00;630.00;390.00;780.00;0.00;0.00;0.00;0.00;0.00;0.00;240.00;0.00;1960.00;1974.99;230.00;0.00;0.00;1884.00;1874.00;1366.33;1999.33;2762.33;2130.00;2500.00;1560.00;3560.00;2720.00;2330.00;2620.00;380.00;80.00;2160.00;150.00;2259.33;1380.00;780.00;630.00;1622.33;470.00;310.00;1070.00
1763509423.2674692;0.00;0.00;1250.00;0.00;0.00;0.00;0.00;630.00;390.00;780.00;0.00;0.00;240.00;0.00;0.00;0.00;0.00;0.00;1960.00;1974.99;230.00;0.00;0.00;1584.00;1724.00;1216.33;1999.33;2372.33;1980.00;2420.00;1480.00;2160.00;2240.00;1870.00;2170.00;380.00;80.00;1850.00;150.00;2109.33;1230.00;630.00;630.00;1322.33;160.00;310.00;920.00
1763509423.2684057;0.00;0.00;1250.00;0.00;0.00;0.00;0.00;630.00;390.00;780.00;0.00;0.00;240.00;0.00;0.00;0.00;0.00;0.00;1960.00;1974.99;230.00;0.00;0.00;1584.00;1724.00;1216.33;1999.33;2372.33;1980.00;2420.00;1480.00;2160.00;2240.00;1870.00;2170.00;380.00;80.00;1850.00;150.00;2109.33;1230.00;630.00;630.00;1322.33;160.00;310.00;920.00
1763509423.3414323;0.00;0.00;1250.00;0.00;0.00;0.00;0.00;630.00;390.00;780.00;0.00;0.00;807.00;0.00;0.00;0.00;0.00;0.00;1960.00;1974.99;230.00;0.00;0.00;1744.00;1884.00;1376.33;2239.33;2437.00;2044.67;2484.67;1544.67;2224.67;2304.67;1934.67;2330.00;380.00;80.00;1850.00;150.00;2259.33;1492.33;630.00;630.00;1322.33;160.00;534.67;920.00
1763509423.3423817;0.00;0.00;1250.00;0.00;0.00;0.00;0.00;630.00;390.00;780.00;0.00;0.00;807.00;0.00;0.00;0.00;0.00;0.00;1960.00;1974.99;230.00;0.00;0.00;1744.00;1884.00;1376.33;2239.33;2437.00;2044.67;2484.67;1544.67;2224.67;2304.67;1934.67;2330.00;380.00;80.00;1850.00;150.00;2259.33;1492.33;630.00;630.00;1322.33;160.00;534.67;920.00
1763509423.4235687;0.00;0.00;1250.00;0.00;0.00;0.00;0.00;630.00;390.00;780.00;0.00;0.00;1357.00;0.00;0.00;0.00;0.00;0.00;1960.00;1974.99;230.00;0.00;0.00;1744.00;1884.00;1376.33;2469.33;2757.00;2364.67;2484.67;1544.67;2224.67;2304.67;1934.67;2330.00;380.00;80.00;1850.00;150.00;2559.33;1492.33;630.00;630.00;1322.33;160.00;534.67;920.00
1763509423.424528;0.00;0.00;1250.00;0.00;0.00;0.00;0.00;630.00;390.00;780.00;0.00;0.00;1357.00;0.00;0.00;0.00;0.00;0.00;1960.00;1974.99;230.00;0.00;0.00;1744.00;1884.00;1376.33;2469.33;2757.00;2364.67;2484.67;1544.67;2224.67;2304.67;1934.67;2330.00;380.00;80.00;1850.00;150.00;2559.33;1492.33;630.00;630.00;1322.33;160.00;534.67;920.00
1763509423.5000803;0.00;0.00;1250.00;0.00;0.00;0.00;0.00;630.00;390.00;780.00;0.00;0.00;1821.67;0.00;0.00;0.00;0.00;0.00;1960.00;1974.99;230.00;0.00;0.00;1744.00;1884.00;1376.33;2709.33;2757.00;2364.67;2484.67;1544.67;2224.67;2304.67;1934.67;2330.00;380.00;80.00;1850.00;150.00;2859.33;1492.33;630.00;630.00;1322.33;160.00;534.67;920.00
1763509423.5010335;0.00;0.00;1250.00;0.00;0.00;0.00;0.00;630.00;390.00;780.00;0.00;0.00;1821.67;0.00;0.00;0.00;0.00;0.00;1960.00;1974.99;230.00;0.00;0.00;1744.00;1884.00;1376.33;2709.33;2757.00;2364.67;2484.67;1544.67;2224.67;2304.67;1934.67;2330.00;380.00;80.00;1850.00;150.00;2859.33;1492.33;630.00;630.00;1322.33;160.00;534.67;920.00
1763509423.572729;0.00;0.00;1250.00;0.00;0.00;0.00;0.00;630.00;390.00;780.00;0.00;0.00;1901.67;0.00;0.00;0.00;0.00;0.00;1960.00;1974.99;230.00;0.00;0.00;1894.00;2034.00;1526.33;2789.33;2917.00;2364.67;2484.67;1544.67;2224.67;2304.67;1934.67;2330.00;380.00;80.00;1850.00;150.00;2859.33;1492.33;630.00;790.00;1322.33;160.00;534.67;920.00
1763509423.573683;0.00;0.00;1250.00;0.00;0.00;0.00;0.00;630.00;390.00;780.00;0.00;0.00;1901.67;0.00;0.00;0.00;0.00;0.00;1960.00;1974.99;230.00;0.00;0.00;1894.00;2034.00;1526.33;2789.33;2917.00;2364.67;2484.67;1544.67;2224.67;2304.67;1934.67;2330.00;380.00;80.00;1850.00;150.00;2859.33;1492.33;630.00;790.00;1322.33;160.00;534.67;920.00
1763509423.6641815;0.00;0.00;1250.00;0.00;0.00;0.00;0.00;630.00;390.00;780.00;0.00;0.00;1901.67;0.00;0.00;0.00;0.00;0.00;1960.00;1974.99;230.00;0.00;0.00;1894.00;2034.00;1526.33;2789.33;2917.00;2364.67;2484.67;1544.67;2224.67;2304.67;1934.67;2330.00;380.00;80.00;1850.00;150.00;2859.33;1492.33;630.00;790.00;1322.33;160.00;534.67;920.00
1763509423.6651857;0.00;0.00;1250.00;0.00;0.00;0.00;0.00;630.00;390.00;780.00;0.00;0.00;1901.67;0.00;0.00;0.00;0.00;0.00;1960.00;1974.99;230.00;0.00;0.00;1894.00;2034.00;1526.33;2789.33;2917.00;2364.67;2484.67;1544.67;2224.67;2304.67;1934.67;2330.00;380.00;80.00;1850.00;150.00;2859.33;1492.33;630.00;790.00;1322.33;160.00;534.67;920.00
1763509441.3222294;0.00;0.00;0.00;0.00;0.00;0.00;0.00;0.00;0.00;0.00;0.00;0.00;1901.67;0.00;0.00;0.00;0.00;0.00;1960.00;1974.99;0.00;0.00;0.00;1744.00;1734.00;1376.33;2249.33;1737.00;1014.67;614.67;534.67;1844.67;2154.67;1784.67;2180.00;150.00;80.00;920.00;150.00;2559.33;412.33;480.00;790.00;1172.33;160.00;534.67;920.00
1763509441.3235106;0.00;0.00;0.00;0.00;0.00;0.00;0.00;0.00;0.00;0.00;0.00;0.00;1901.67;0.00;0.00;0.00;0.00;0.00;1960.00;1974.99;0.00;0.00;0.00;1744.00;1734.00;1376.33;2249.33;1737.00;1014.67;614.67;534.67;1844.67;2154.67;1784.67;2180.00;150.00;80.00;920.00;150.00;2559.33;412.33;480.00;790.00;1172.33;160.00;534.67;920.00
1763509441.4034212;0.00;0.00;0.00;0.00;0.00;0.00;0.00;0.00;0.00;0.00;0.00;0.00;1998.67;0.00;0.00;0.00;0.00;0.00;1960.00;1974.99;0.00;0.00;0.00;1744.00;2044.00;1846.33;2719.33;1967.00;1244.67;844.67;534.67;1844.67;2154.67;1784.67;2180.00;150.00;80.00;920.00;380.00;2559.33;749.33;790.00;790.00;1472.33;160.00;534.67;920.00
1763509441.404333;0.00;0.00;0.00;0.00;0.00;0.00;0.00;0.00;0.00;0.00;0.00;0.00;1998.67;0.00;0.00;0.00;0.00;0.00;1960.00;1974.99;0.00;0.00;0.00;1744.00;2044.00;1846.33;2719.33;1967.00;1244.67;844.67;534.67;1844.67;2154.67;1784.67;2180.00;150.00;80.00;920.00;380.00;2559.33;749.33;790.00;790.00;1472.33;160.00;534.67;920.00
1763509441.4850957;0.00;0.00;0.00;0.00;0.00;0.00;0.00;0.00;0.00;0.00;0.00;0.00;1998.67;0.00;0.00;0.00;0.00;0.00;1960.00;1974.99;0.00;0.00;0.00;1744.00;2044.00;1846.33;2719.33;1967.00;1244.67;844.67;534.67;1844.67;2154.67;1784.67;2180.00;150.00;80.00;920.00;380.00;2559.33;749.33;790.00;790.00;1472.33;160.00;534.67;920.00
1763509441.48599;0.00;0.00;0.00;0.00;0.00;0.00;0.00;0.00;0.00;0.00;0.00;0.00;1998.67;0.00;0.00;0.00;0.00;0.00;1960.00;1974.99;0.00;0.00;0.00;1744.00;2044.00;1846.33;2719.33;1967.00;1244.67;844.67;534.67;1844.67;2154.67;1784.67;2180.00;150.00;80.00;920.00;380.00;2559.33;749.33;790.00;790.00;1472.33;160.00;534.67;920.00
1763509441.5763075;0.00;0.00;0.00;0.00;0.00;0.00;0.00;0.00;0.00;0.00;0.00;0.00;1998.67;0.00;0.00;0.00;0.00;0.00;1960.00;1974.99;0.00;0.00;0.00;1744.00;2044.00;1846.33;2719.33;1967.00;1244.67;844.67;534.67;1844.67;2154.67;1784.67;2180.00;150.00;80.00;920.00;380.00;2559.33;749.33;790.00;790.00;1472.33;160.00;534.67;920.00
1763509441.5772748;0.00;0.00;0.00;0.00;0.00;0.00;0.00;0.00;0.00;0.00;0.00;0.00;1998.67;0.00;0.00;0.00;0.00;0.00;1960.00;1974.99;0.00;0.00;0.00;1744.00;2044.00;1846.33;2719.33;1967.00;1244.67;844.67;534.67;1844.67;2154.67;1784.67;2180.00;150.00;80.00;920.00;380.00;2559.33;749.33;790.00;790.00;1472.33;160.00;534.67;920.00
1763509441.658293;0.00;0.00;0.00;0.00;0.00;0.00;0.00;0.00;0.00;0.00;0.00;0.00;1998.67;0.00;0.00;0.00;0.00;0.00;1960.00;1974.99;0.00;0.00;0.00;1744.00;2044.00;1846.33;2719.33;1967.00;1244.67;844.67;534.67;1844.67;2154.67;1784.67;2180.00;150.00;80.00;920.00;380.00;2559.33;749.33;790.00;790.00;1472.33;160.00;534.67;920.00
1763509441.659246;0.00;0.00;0.00;0.00;0.00;0.00;0.00;0.00;0.00;0.00;0.00;0.00;1998.67;0.00;0.00;0.00;0.00;0.00;1960.00;1974.99;0.00;0.00;0.00;1744.00;2044.00;1846.33;2719.33;1967.00;1244.67;844.67;534.67;1844.67;2154.67;1784.67;2180.00;150.00;80.00;920.00;380.00;2559.33;749.33;790.00;790.00;1472.33;160.00;534.67;920.00
1763509441.8325648;0.00;0.00;0.00;0.00;0.00;0.00;0.00;0.00;0.00;0.00;0.00;0.00;1998.67;0.00;0.00;0.00;0.00;0.00;1960.00;1974.99;0.00;0.00;0.00;1744.00;2044.00;1846.33;2719.33;1967.00;1244.67;844.67;534.67;1844.67;2154.67;1784.67;2180.00;150.00;80.00;920.00;380.00;2559.33;749.33;790.00;790.00;1472.33;160.00;534.67;920.00
1763509441.8331287;0.00;0.00;0.00;0.00;0.00;0.00;0.00;0.00;0.00;0.00;0.00;0.00;1998.67;0.00;0.00;0.00;0.00;0.00;1960.00;1974.99;0.00;0.00;0.00;1744.00;2044.00;1846.33;2719.33;1967.00;1244.67;844.67;534.67;1844.67;2154.67;1784.67;2180.00;150.00;80.00;920.00;380.00;2559.33;749.33;790.00;790.00;1472.33;160.00;534.67;920.00
1763509452.1347148;0.00;0.00;0.00;0.00;0.00;0.00;0.00;0.00;0.00;0.00;0.00;0.00;1998.67;0.00;0.00;0.00;0.00;0.00;1960.00;963.99;0.00;0.00;0.00;1240.00;1390.00;1342.33;1842.33;1004.67;854.67;684.67;374.67;1454.67;1684.67;1314.67;1400.00;150.00;0.00;920.00;380.00;2409.33;711.66;310.00;470.00;1172.33;160.00;224.67;770.00
1763509452.135623;0.00;0.00;0.00;0.00;0.00;0.00;0.00;0.00;0.00;0.00;0.00;0.00;1998.67;0.00;0.00;0.00;0.00;0.00;1960.00;963.99;0.00;0.00;0.00;1240.00;1390.00;1342.33;1842.33;1004.67;854.67;684.67;374.67;1454.67;1684.67;1314.67;1400.00;150.00;0.00;920.00;380.00;2409.33;711.66;310.00;470.00;1172.33;160.00;224.67;770.00
1763509452.2067575;0.00;0.00;0.00;0.00;0.00;0.00;0.00;0.00;0.00;0.00;0.00;0.00;1998.67;0.00;0.00;0.00;0.00;0.00;1960.00;1306.32;0.00;0.00;0.00;1240.00;1390.00;1342.33;2184.66;1234.67;854.67;684.67;374.67;1454.67;1684.67;1314.67;1400.00;150.00;0.00;920.00;380.00;2409.33;983.99;310.00;470.00;1172.33;160.00;224.67;770.00
1763509452.207343;0.00;0.00;0.00;0.00;0.00;0.00;0.00;0.00;0.00;0.00;0.00;0.00;1998.67;0.00;0.00;0.00;0.00;0.00;1960.00;1306.32;0.00;0.00;0.00;1240.00;1390.00;1342.33;2184.66;1234.67;854.67;684.67;374.67;1454.67;1684.67;1314.67;1400.00;150.00;0.00;920.00;380.00;2409.33;983.99;310.00;470.00;1172.33;160.00;224.67;770.00
1763509452.2615123;0.00;0.00;0.00;0.00;0.00;0.00;0.00;0.00;0.00;0.00;0.00;0.00;1998.67;0.00;0.00;0.00;0.00;0.00;1960.00;1760.99;0.00;0.00;0.00;1240.00;1390.00;1342.33;2409.33;1234.67;854.67;684.67;374.67;1454.67;1684.67;1314.67;1400.00;150.00;0.00;920.00;380.00;2709.33;1208.66;310.00;470.00;1172.33;160.00;224.67;770.00
1763509452.2620504;0.00;0.00;0.00;0.00;0.00;0.00;0.00;0.00;0.00;0.00;0.00;0.00;1998.67;0.00;0.00;0.00;0.00;0.00;1960.00;1760.99;0.00;0.00;0.00;1240.00;1390.00;1342.33;2409.33;1234.67;854.67;684.67;374.67;1454.67;1684.67;1314.67;1400.00;150.00;0.00;920.00;380.00;2709.33;1208.66;310.00;470.00;1172.33;160.00;224.67;770.00
1763509452.332882;0.00;0.00;0.00;0.00;0.00;0.00;0.00;0.00;0.00;0.00;0.00;0.00;1998.67;0.00;0.00;0.00;0.00;0.00;1960.00;1857.99;0.00;0.00;0.00;1240.00;1390.00;1342.33;2506.33;1299.34;1014.67;844.67;534.67;1614.67;1844.67;1474.67;1560.00;150.00;0.00;920.00;380.00;2709.33;1470.99;310.00;694.67;1172.33;160.00;224.67;920.00
1763509452.3337715;0.00;0.00;0.00;0.00;0.00;0.00;0.00;0.00;0.00;0.00;0.00;0.00;1998.67;0.00;0.00;0.00;0.00;0.00;1960.00;1857.99;0.00;0.00;0.00;1240.00;1390.00;1342.33;2506.33;1299.34;1014.67;844.67;534.67;1614.67;1844.67;1474.67;1560.00;150.00;0.00;920.00;380.00;2709.33;1470.99;310.00;694.67;1172.33;160.00;224.67;920.00
1763509452.4037611;0.00;0.00;0.00;0.00;0.00;0.00;0.00;0.00;0.00;0.00;0.00;0.00;1998.67;0.00;0.00;0.00;0.00;0.00;1960.00;1954.99;0.00;0.00;0.00;1694.67;1844.67;1439.33;2506.33;1299.34;1014.67;844.67;534.67;1614.67;2074.67;1704.67;2014.67;150.00;230.00;920.00;380.00;2709.33;1470.99;790.00;694.67;1284.66;160.00;449.34;1070.00
1763509452.4046657;0.00;0.00;0.00;0.00;0.00;0.00;0.00;0.00;0.00;0.00;0.00;0.00;1998.67;0.00;0.00;0.00;0.00;0.00;1960.00;1954.99;0.00;0.00;0.00;1694.67;1844.67;1439.33;2506.33;1299.34;1014.67;844.67;534.67;1614.67;2074.67;1704.67;2014.67;150.00;230.00;920.00;380.00;2709.33;1470.99;790.00;694.67;1284.66;160.00;449.34;1070.00
1763509452.4880855;0.00;0.00;0.00;0.00;0.00;0.00;0.00;0.00;0.00;0.00;0.00;0.00;1998.67;0.00;0.00;0.00;0.00;0.00;1960.00;1954.99;0.00;0.00;0.00;1694.67;1844.67;1439.33;2506.33;1299.34;1014.67;844.67;534.67;1614.67;2074.67;1704.67;2014.67;150.00;230.00;920.00;380.00;2709.33;1470.99;790.00;694.67;1284.66;160.00;449.34;1070.00
1763509452.489001;0.00;0.00;0.00;0.00;0.00;0.00;0.00;0.00;0.00;0.00;0.00;0.00;1998.67;0.00;0.00;0.00;0.00;0.00;1960.00;1954.99;0.00;0.00;0.00;1694.67;1844.67;1439.33;2506.33;1299.34;1014.67;844.67;534.67;1614.67;2074.67;1704.67;2014.67;150.00;230.00;920.00;380.00;2709.33;1470.99;790.00;694.67;1284.66;160.00;449.34;1070.00
1763509465.1268313;0.00;0.00;0.00;0.00;0.00;80.00;0.00;0.00;0.00;0.00;0.00;0.00;1998.67;0.00;0.00;0.00;0.00;0.00;1090.00;1954.99;0.00;0.00;0.00;1074.67;1384.67;1139.33;2356.33;1299.34;1004.67;764.67;454.67;1224.67;1684.67;1234.67;1544.67;380.00;230.00;690.00;380.00;2259.33;1620.99;790.00;384.67;824.66;160.00;449.34;920.00
1763509465.1277456;0.00;0.00;0.00;0.00;0.00;80.00;0.00;0.00;0.00;0.00;0.00;0.00;1998.67;0.00;0.00;0.00;0.00;0.00;1090.00;1954.99;0.00;0.00;0.00;1074.67;1384.67;1139.33;2356.33;1299.34;1004.67;764.67;454.67;1224.67;1684.67;1234.67;1544.67;380.00;230.00;690.00;380.00;2259.33;1620.99;790.00;384.67;824.66;160.00;449.34;920.00
1763509465.1920516;0.00;0.00;0.00;0.00;0.00;310.00;0.00;0.00;0.00;0.00;0.00;0.00;1998.67;0.00;0.00;0.00;0.00;0.00;1090.00;1954.99;0.00;0.00;0.00;1074.67;1384.67;1139.33;2356.33;1299.34;1004.67;764.67;454.67;1224.67;1684.67;1234.67;1544.67;380.00;230.00;690.00;380.00;2259.33;1620.99;790.00;384.67;824.66;160.00;449.34;920.00
1763509465.192966;0.00;0.00;0.00;0.00;0.00;310.00;0.00;0.00;0.00;0.00;0.00;0.00;1998.67;0.00;0.00;0.00;0.00;0.00;1090.00;1954.99;0.00;0.00;0.00;1074.67;1384.67;1139.33;2356.33;1299.34;1004.67;764.67;454.67;1224.67;1684.67;1234.67;1544.67;380.00;230.00;690.00;380.00;2259.33;1620.99;790.00;384.67;824.66;160.00;449.34;920.00
1763509465.2568448;0.00;0.00;0.00;0.00;0.00;540.00;0.00;0.00;0.00;0.00;0.00;0.00;1998.67;0.00;0.00;0.00;0.00;0.00;1090.00;1954.99;0.00;0.00;0.00;1074.67;1384.67;1139.33;2356.33;1299.34;1234.67;994.67;684.67;1224.67;1684.67;1234.67;1544.67;380.00;230.00;690.00;380.00;2259.33;1620.99;790.00;384.67;824.66;160.00;449.34;920.00
1763509465.2574356;0.00;0.00;0.00;0.00;0.00;540.00;0.00;0.00;0.00;0.00;0.00;0.00;1998.67;0.00;0.00;0.00;0.00;0.00;1090.00;1954.99;0.00;0.00;0.00;1074.67;1384.67;1139.33;2356.33;1299.34;1234.67;994.67;684.67;1224.67;1684.67;1234.67;1544.67;380.00;230.00;690.00;380.00;2259.33;1620.99;790.00;384.67;824.66;160.00;449.34;920.00
1763509469.9897184;0.00;0.00;0.00;0.00;0.00;770.00;0.00;0.00;0.00;0.00;0.00;0.00;1998.67;0.00;0.00;0.00;0.00;0.00;0.00;1954.99;0.00;0.00;0.00;1074.67;1384.67;1139.33;2356.33;1299.34;1234.67;994.67;684.67;304.67;764.67;764.67;1084.67;380.00;230.00;230.00;380.00;2259.33;1620.99;790.00;384.67;824.66;0.00;449.34;460.00
1763509469.9906406;0.00;0.00;0.00;0.00;0.00;770.00;0.00;0.00;0.00;0.00;0.00;0.00;1998.67;0.00;0.00;0.00;0.00;0.00;0.00;1954.99;0.00;0.00;0.00;1074.67;1384.67;1139.33;2356.33;1299.34;1234.67;994.67;684.67;304.67;764.67;764.67;1084.67;380.00;230.00;230.00;380.00;2259.33;1620.99;790.00;384.67;824.66;0.00;449.34;460.00
1763509470.058214;0.00;0.00;0.00;0.00;0.00;850.00;0.00;0.00;0.00;0.00;0.00;0.00;1998.67;0.00;0.00;0.00;0.00;0.00;0.00;1954.99;0.00;0.00;0.00;1304.67;1384.67;1139.33;2356.33;1299.34;1234.67;994.67;684.67;384.67;844.67;844.67;1164.67;380.00;230.00;230.00;380.00;2259.33;1620.99;790.00;384.67;824.66;0.00;449.34;610.00
1763509470.059129;0.00;0.00;0.00;0.00;0.00;850.00;0.00;0.00;0.00;0.00;0.00;0.00;1998.67;0.00;0.00;0.00;0.00;0.00;0.00;1954.99;0.00;0.00;0.00;1304.67;1384.67;1139.33;2356.33;1299.34;1234.67;994.67;684.67;384.67;844.67;844.67;1164.67;380.00;230.00;230.00;380.00;2259.33;1620.99;790.00;384.67;824.66;0.00;449.34;610.00
1763509470.1259382;0.00;0.00;0.00;0.00;0.00;1090.00;0.00;0.00;0.00;0.00;0.00;0.00;1998.67;0.00;0.00;0.00;0.00;0.00;0.00;1954.99;0.00;0.00;0.00;1304.67;1384.67;1139.33;2356.33;1299.34;1234.67;1144.67;834.67;544.67;1004.67;994.67;1314.67;530.00;230.00;230.00;380.00;2259.33;1620.99;790.00;384.67;824.66;0.00;449.34;760.00
1763509470.1268332;0.00;0.00;0.00;0.00;0.00;1090.00;0.00;0.00;0.00;0.00;0.00;0.00;1998.67;0.00;0.00;0.00;0.00;0.00;0.00;1954.99;0.00;0.00;0.00;1304.67;1384.67;1139.33;2356.33;1299.34;1234.67;1144.67;834.67;544.67;1004.67;994.67;1314.67;530.00;230.00;230.00;380.00;2259.33;1620.99;790.00;384.67;824.66;0.00;449.34;760.00
1763509470.258089;0.00;0.00;0.00;0.00;0.00;1320.00;0.00;0.00;0.00;0.00;0.00;0.00;1998.67;0.00;0.00;0.00;0.00;0.00;0.00;1954.99;0.00;0.00;0.00;1304.67;1384.67;1139.33;2356.33;1299.34;1234.67;1144.67;834.67;544.67;1004.67;994.67;1314.67;530.00;230.00;230.00;380.00;2259.33;1620.99;790.00;384.67;824.66;0.00;449.34;760.00
1763509470.2586508;0.00;0.00;0.00;0.00;0.00;1320.00;0.00;0.00;0.00;0.00;0.00;0.00;1998.67;0.00;0.00;0.00;0.00;0.00;0.00;1954.99;0.00;0.00;0.00;1304.67;1384.67;1139.33;2356.33;1299.34;1234.67;1144.67;834.67;544.67;1004.67;994.67;1314.67;530.00;230.00;230.00;380.00;2259.33;1620.99;790.00;384.67;824.66;0.00;449.34;760.00
1763509476.1893306;0.00;0.00;0.00;0.00;0.00;1320.00;0.00;0.00;0.00;0.00;0.00;0.00;1998.67;0.00;0.00;0.00;0.00;0.00;0.00;1954.99;0.00;0.00;0.00;1304.67;1384.67;1139.33;2356.33;1299.34;1234.67;1144.67;834.67;544.67;1004.67;994.67;1314.67;530.00;230.00;230.00;380.00;2259.33;1620.99;790.00;384.67;824.66;0.00;449.34;760.00
1763509476.1901093;0.00;0.00;0.00;0.00;0.00;1320.00;0.00;0.00;0.00;0.00;0.00;0.00;1998.67;0.00;0.00;0.00;0.00;0.00;0.00;1954.99;0.00;0.00;0.00;1304.67;1384.67;1139.33;2356.33;1299.34;1234.67;1144.67;834.67;544.67;1004.67;994.67;1314.67;530.00;230.00;230.00;380.00;2259.33;1620.99;790.00;384.67;824.66;0.00;449.34;760.00
1763509476.2684522;0.00;0.00;0.00;0.00;0.00;1320.00;0.00;0.00;0.00;0.00;0.00;0.00;1998.67;0.00;0.00;0.00;0.00;0.00;0.00;1954.99;0.00;0.00;0.00;1304.67;1384.67;1139.33;2356.33;1299.34;1234.67;1144.67;834.67;544.67;1004.67;994.67;1314.67;530.00;230.00;230.00;380.00;2259.33;1620.99;790.00;384.67;824.66;0.00;449.34;760.00
1763509476.2691865;0.00;0.00;0.00;0.00;0.00;1320.00;0.00;0.00;0.00;0.00;0.00;0.00;1998.67;0.00;0.00;0.00;0.00;0.00;0.00;1954.99;0.00;0.00;0.00;1304.67;1384.67;1139.33;2356.33;1299.34;1234.67;1144.67;834.67;544.67;1004.67;994.67;1314.67;530.00;230.00;230.00;380.00;2259.33;1620.99;790.00;384.67;824.66;0.00;449.34;760.00
1763509476.348959;0.00;0.00;0.00;0.00;0.00;1320.00;0.00;0.00;0.00;0.00;0.00;0.00;1998.67;0.00;0.00;0.00;0.00;0.00;0.00;1954.99;0.00;0.00;0.00;1304.67;1384.67;1139.33;2356.33;1299.34;1234.67;1144.67;834.67;544.67;1004.67;994.67;1314.67;530.00;230.00;230.00;380.00;2259.33;1620.99;790.00;384.67;824.66;0.00;449.34;760.00
1763509476.349696;0.00;0.00;0.00;0.00;0.00;1320.00;0.00;0.00;0.00;0.00;0.00;0.00;1998.67;0.00;0.00;0.00;0.00;0.00;0.00;1954.99;0.00;0.00;0.00;1304.67;1384.67;1139.33;2356.33;1299.34;1234.67;1144.67;834.67;544.67;1004.67;994.67;1314.67;530.00;230.00;230.00;380.00;2259.33;1620.99;790.00;384.67;824.66;0.00;449.34;760.00
1763509476.4149804;0.00;0.00;0.00;0.00;0.00;1320.00;0.00;0.00;0.00;0.00;0.00;0.00;1998.67;0.00;0.00;0.00;0.00;0.00;0.00;1954.99;0.00;0.00;0.00;1304.67;1384.67;1139.33;2356.33;1299.34;1234.67;1144.67;834.67;544.67;1004.67;994.67;1314.67;530.00;230.00;230.00;380.00;2259.33;1620.99;790.00;384.67;824.66;0.00;449.34;760.00
1763509476.415505;0.00;0.00;0.00;0.00;0.00;1320.00;0.00;0.00;0.00;0.00;0.00;0.00;1998.67;0.00;0.00;0.00;0.00;0.00;0.00;1954.99;0.00;0.00;0.00;1304.67;1384.67;1139.33;2356.33;1299.34;1234.67;1144.67;834.67;544.67;1004.67;994.67;1314.67;530.00;230.00;230.00;380.00;2259.33;1620.99;790.00;384.67;824.66;0.00;449.34;760.00
1763509476.5479486;0.00;0.00;0.00;0.00;0.00;1320.00;0.00;0.00;0.00;0.00;0.00;0.00;1998.67;0.00;0.00;0.00;0.00;0.00;0.00;1954.99;0.00;0.00;0.00;1304.67;1384.67;1139.33;2356.33;1299.34;1234.67;1144.67;834.67;544.67;1004.67;994.67;1314.67;530.00;230.00;230.00;380.00;2259.33;1620.99;790.00;384.67;824.66;0.00;449.34;760.00
1763509476.548471;0.00;0.00;0.00;0.00;0.00;1320.00;0.00;0.00;0.00;0.00;0.00;0.00;1998.67;0.00;0.00;0.00;0.00;0.00;0.00;1954.99;0.00;0.00;0.00;1304.67;1384.67;1139.33;2356.33;1299.34;1234.67;1144.67;834.67;544.67;1004.67;994.67;1314.67;530.00;230.00;230.00;380.00;2259.33;1620.99;790.00;384.67;824.66;0.00;449.34;760.00
1763509476.5954847;0.00;0.00;0.00;0.00;0.00;1320.00;0.00;0.00;0.00;0.00;0.00;0.00;1998.67;0.00;0.00;0.00;0.00;0.00;0.00;1954.99;0.00;0.00;0.00;1304.67;1384.67;1139.33;2356.33;1299.34;1234.67;1144.67;834.67;544.67;1004.67;994.67;1314.67;530.00;230.00;230.00;380.00;2259.33;1620.99;790.00;384.67;824.66;0.00;449.34;760.00
1763509476.5960312;0.00;0.00;0.00;0.00;0.00;1320.00;0.00;0.00;0.00;0.00;0.00;0.00;1998.67;0.00;0.00;0.00;0.00;0.00;0.00;1954.99;0.00;0.00;0.00;1304.67;1384.67;1139.33;2356.33;1299.34;1234.67;1144.67;834.67;544.67;1004.67;994.67;1314.67;530.00;230.00;230.00;380.00;2259.33;1620.99;790.00;384.67;824.66;0.00;449.34;760.00
1763509479.9977121;0.00;0.00;0.00;0.00;0.00;1320.00;0.00;0.00;0.00;0.00;0.00;32.33;1758.67;0.00;0.00;0.00;0.00;0.00;0.00;1954.99;0.00;0.00;0.00;1304.67;1384.67;1139.33;2346.33;1299.34;1234.67;1144.67;834.67;544.67;1004.67;994.67;1314.67;530.00;230.00;230.00;380.00;2211.66;1620.99;790.00;384.67;824.66;0.00;449.34;760.00
1763509479.9986315;0.00;0.00;0.00;0.00;0.00;1320.00;0.00;0.00;0.00;0.00;0.00;32.33;1758.67;0.00;0.00;0.00;0.00;0.00;0.00;1954.99;0.00;0.00;0.00;1304.67;1384.67;1139.33;2346.33;1299.34;1234.67;1144.67;834.67;544.67;1004.67;994.67;1314.67;530.00;230.00;230.00;380.00;2211.66;1620.99;790.00;384.67;824.66;0.00;449.34;760.00
1763509495.021173;0.00;0.00;0.00;0.00;0.00;0.00;0.00;0.00;0.00;0.00;0.00;272.33;544.67;0.00;0.00;0.00;0.00;0.00;0.00;1954.99;0.00;0.00;0.00;1074.67;1074.67;669.33;1486.33;614.67;320.00;470.00;460.00;240.00;700.00;700.00;1234.67;150.00;230.00;150.00;150.00;1761.66;871.66;480.00;384.67;524.66;0.00;534.67;610.00
1763509495.022093;0.00;0.00;0.00;0.00;0.00;0.00;0.00;0.00;0.00;0.00;0.00;272.33;544.67;0.00;0.00;0.00;0.00;0.00;0.00;1954.99;0.00;0.00;0.00;1074.67;1074.67;669.33;1486.33;614.67;320.00;470.00;460.00;240.00;700.00;700.00;1234.67;150.00;230.00;150.00;150.00;1761.66;871.66;480.00;384.67;524.66;0.00;534.67;610.00
1763509495.0864813;0.00;0.00;0.00;0.00;0.00;0.00;0.00;0.00;0.00;0.00;0.00;512.33;544.67;0.00;0.00;0.00;0.00;0.00;0.00;1954.99;0.00;0.00;0.00;1234.67;1234.67;829.33;1566.33;694.67;470.00;620.00;610.00;390.00;850.00;850.00;1234.67;150.00;230.00;150.00;150.00;1761.66;871.66;480.00;384.67;524.66;0.00;684.67;770.00
1763509495.0873606;0.00;0.00;0.00;0.00;0.00;0.00;0.00;0.00;0.00;0.00;0.00;512.33;544.67;0.00;0.00;0.00;0.00;0.00;0.00;1954.99;0.00;0.00;0.00;1234.67;1234.67;829.33;1566.33;694.67;470.00;620.00;610.00;390.00;850.00;850.00;1234.67;150.00;230.00;150.00;150.00;1761.66;871.66;480.00;384.67;524.66;0.00;684.67;770.00
1763509495.1511693;0.00;0.00;0.00;0.00;0.00;0.00;0.00;0.00;0.00;0.00;0.00;1052.33;544.67;0.00;0.00;0.00;0.00;0.00;0.00;1954.99;0.00;0.00;0.00;1234.67;1234.67;1139.33;1796.33;924.67;700.00;850.00;610.00;390.00;850.00;850.00;1234.67;150.00;230.00;150.00;380.00;1761.66;871.66;480.00;384.67;834.66;0.00;684.67;770.00
1763509495.1520624;0.00;0.00;0.00;0.00;0.00;0.00;0.00;0.00;0.00;0.00;0.00;1052.33;544.67;0.00;0.00;0.00;0.00;0.00;0.00;1954.99;0.00;0.00;0.00;1234.67;1234.67;1139.33;1796.33;924.67;700.00;850.00;610.00;390.00;850.00;850.00;1234.67;150.00;230.00;150.00;380.00;1761.66;871.66;480.00;384.67;834.66;0.00;684.67;770.00
1763509499.3177636;0.00;0.00;0.00;0.00;0.00;0.00;0.00;0.00;0.00;0.00;0.00;1052.33;934.67;0.00;0.00;0.00;0.00;0.00;0.00;1954.99;0.00;0.00;0.00;1234.67;1234.67;1139.33;1796.33;1314.67;1090.00;1010.00;760.00;540.00;1000.00;1000.00;1234.67;380.00;230.00;150.00;690.00;1761.66;871.66;480.00;384.67;834.66;0.00;834.67;770.00
1763509499.3186755;0.00;0.00;0.00;0.00;0.00;0.00;0.00;0.00;0.00;0.00;0.00;1052.33;934.67;0.00;0.00;0.00;0.00;0.00;0.00;1954.99;0.00;0.00;0.00;1234.67;1234.67;1139.33;1796.33;1314.67;1090.00;1010.00;760.00;540.00;1000.00;1000.00;1234.67;380.00;230.00;150.00;690.00;1761.66;871.66;480.00;384.67;834.66;0.00;834.67;770.00
1763509499.3921666;0.00;0.00;0.00;0.00;0.00;0.00;0.00;0.00;0.00;0.00;0.00;1052.33;1389.34;0.00;0.00;0.00;0.00;0.00;0.00;1954.99;0.00;0.00;0.00;1234.67;1234.67;1139.33;1796.33;1544.67;1320.00;1010.00;760.00;540.00;1000.00;1000.00;1234.67;610.00;230.00;150.00;690.00;1761.66;1096.33;480.00;384.67;834.66;0.00;834.67;770.00
1763509499.3930821;0.00;0.00;0.00;0.00;0.00;0.00;0.00;0.00;0.00;0.00;0.00;1052.33;1389.34;0.00;0.00;0.00;0.00;0.00;0.00;1954.99;0.00;0.00;0.00;1234.67;1234.67;1139.33;1796.33;1544.67;1320.00;1010.00;760.00;540.00;1000.00;1000.00;1234.67;610.00;230.00;150.00;690.00;1761.66;1096.33;480.00;384.67;834.66;0.00;834.67;770.00
1763509499.468803;0.00;0.00;0.00;0.00;0.00;0.00;0.00;0.00;0.00;0.00;0.00;1052.33;1534.01;0.00;0.00;0.00;0.00;0.00;0.00;1954.99;0.00;0.00;0.00;1234.67;1544.67;1299.33;1861.00;1624.67;1400.00;1090.00;840.00;690.00;1150.00;1150.00;1234.67;610.00;230.00;380.00;690.00;1986.33;1096.33;790.00;384.67;984.66;0.00;984.67;770.00
1763509499.4697225;0.00;0.00;0.00;0.00;0.00;0.00;0.00;0.00;0.00;0.00;0.00;1052.33;1534.01;0.00;0.00;0.00;0.00;0.00;0.00;1954.99;0.00;0.00;0.00;1234.67;1544.67;1299.33;1861.00;1624.67;1400.00;1090.00;840.00;690.00;1150.00;1150.00;1234.67;610.00;230.00;380.00;690.00;1986.33;1096.33;790.00;384.67;984.66;0.00;984.67;770.00
1763509499.5417633;0.00;0.00;0.00;0.00;0.00;0.00;0.00;0.00;0.00;0.00;0.00;1052.33;1951.01;0.00;0.00;0.00;0.00;0.00;0.00;1954.99;0.00;0.00;0.00;1234.67;1544.67;1299.33;1861.00;2024.67;1480.00;1170.00;920.00;840.00;1300.00;1300.00;1234.67;610.00;230.00;610.00;690.00;1986.33;1433.33;790.00;704.67;984.66;0.00;1134.67;770.00
1763509499.5427017;0.00;0.00;0.00;0.00;0.00;0.00;0.00;0.00;0.00;0.00;0.00;1052.33;1951.01;0.00;0.00;0.00;0.00;0.00;0.00;1954.99;0.00;0.00;0.00;1234.67;1544.67;1299.33;1861.00;2024.67;1480.00;1170.00;920.00;840.00;1300.00;1300.00;1234.67;610.00;230.00;610.00;690.00;1986.33;1433.33;790.00;704.67;984.66;0.00;1134.67;770.00
1763509499.6393201;0.00;0.00;0.00;0.00;0.00;0.00;0.00;0.00;0.00;0.00;0.00;1052.33;1951.01;0.00;0.00;0.00;0.00;0.00;0.00;1954.99;0.00;0.00;0.00;1234.67;1544.67;1299.33;1861.00;2024.67;1480.00;1170.00;920.00;840.00;1300.00;1300.00;1234.67;610.00;230.00;610.00;690.00;1986.33;1433.33;790.00;704.67;984.66;0.00;1134.67;770.00
1763509499.6402977;0.00;0.00;0.00;0.00;0.00;0.00;0.00;0.00;0.00;0.00;0.00;1052.33;1951.01;0.00;0.00;0.00;0.00;0.00;0.00;1954.99;0.00;0.00;0.00;1234.67;1544.67;1299.33;1861.00;2024.67;1480.00;1170.00;920.00;840.00;1300.00;1300.00;1234.67;610.00;230.00;610.00;690.00;1986.33;1433.33;790.00;704.67;984.66;0.00;1134.67;770.00
1763509499.8948307;0.00;0.00;0.00;0.00;0.00;0.00;0.00;0.00;0.00;0.00;0.00;1052.33;1951.01;0.00;0.00;0.00;0.00;0.00;0.00;1954.99;0.00;0.00;0.00;1234.67;1544.67;1299.33;1861.00;2024.67;1480.00;1170.00;920.00;840.00;1300.00;1300.00;1234.67;610.00;230.00;610.00;690.00;1986.33;1433.33;790.00;704.67;984.66;0.00;1134.67;770.00
1763509499.8957784;0.00;0.00;0.00;0.00;0.00;0.00;0.00;0.00;0.00;0.00;0.00;1052.33;1951.01;0.00;0.00;0.00;0.00;0.00;0.00;1954.99;0.00;0.00;0.00;1234.67;1544.67;1299.33;1861.00;2024.67;1480.00;1170.00;920.00;840.00;1300.00;1300.00;1234.67;610.00;230.00;610.00;690.00;1986.33;1433.33;790.00;704.67;984.66;0.00;1134.67;770.00
1763509520.0493603;0.00;0.00;0.00;0.00;0.00;0.00;0.00;0.00;0.00;0.00;0.00;1132.33;1871.01;0.00;0.00;0.00;0.00;0.00;0.00;1954.99;0.00;0.00;0.00;1084.67;1394.67;1149.33;1861.00;1864.67;1480.00;1170.00;920.00;840.00;1300.00;1300.00;1234.67;610.00;230.00;610.00;690.00;1986.33;1583.33;790.00;544.67;984.66;0.00;1134.67;770.00
1763509520.0502794;0.00;0.00;0.00;0.00;0.00;0.00;0.00;0.00;0.00;0.00;0.00;1132.33;1871.01;0.00;0.00;0.00;0.00;0.00;0.00;1954.99;0.00;0.00;0.00;1084.67;1394.67;1149.33;1861.00;1864.67;1480.00;1170.00;920.00;840.00;1300.00;1300.00;1234.67;610.00;230.00;610.00;690.00;1986.33;1583.33;790.00;544.67;984.66;0.00;1134.67;770.00
1763509524.1717834;0.00;0.00;0.00;0.00;0.00;0.00;0.00;0.00;0.00;0.00;182.33;1132.33;1871.01;0.00;0.00;0.00;0.00;0.00;0.00;1954.99;0.00;0.00;0.00;1197.00;1577.00;1331.66;1861.00;1864.67;1480.00;1170.00;920.00;840.00;1300.00;1300.00;1234.67;610.00;230.00;610.00;690.00;2286.33;1583.33;790.00;544.67;984.66;0.00;1134.67;770.00
1763509524.1727185;0.00;0.00;0.00;0.00;0.00;0.00;0.00;0.00;0.00;0.00;182.33;1132.33;1871.01;0.00;0.00;0.00;0.00;0.00;0.00;1954.99;0.00;0.00;0.00;1197.00;1577.00;1331.66;1861.00;1864.67;1480.00;1170.00;920.00;840.00;1300.00;1300.00;1234.67;610.00;230.00;610.00;690.00;2286.33;1583.33;790.00;544.67;984.66;0.00;1134.67;770.00
1763509524.2503905;0.00;0.00;0.00;0.00;0.00;0.00;0.00;0.00;0.00;0.00;422.33;1132.33;1871.01;0.00;0.00;0.00;0.00;0.00;0.00;1954.99;0.00;0.00;0.00;1347.00;1657.00;1411.66;2021.00;2024.67;1480.00;1170.00;920.00;840.00;1300.00;1300.00;1234.67;610.00;230.00;610.00;690.00;2286.33;1583.33;790.00;704.67;984.66;0.00;1134.67;920.00
1763509524.2513201;0.00;0.00;0.00;0.00;0.00;0.00;0.00;0.00;0.00;0.00;422.33;1132.33;1871.01;0.00;0.00;0.00;0.00;0.00;0.00;1954.99;0.00;0.00;0.00;1347.00;1657.00;1411.66;2021.00;2024.67;1480.00;1170.00;920.00;840.00;1300.00;1300.00;1234.67;610.00;230.00;610.00;690.00;2286.33;1583.33;790.00;704.67;984.66;0.00;1134.67;920.00
1763509524.328122;0.00;0.00;0.00;0.00;0.00;0.00;0.00;0.00;0.00;0.00;652.33;1132.33;1871.01;0.00;0.00;0.00;0.00;0.00;0.00;1954.99;0.00;0.00;0.00;1497.00;1737.00;1491.66;2181.00;2024.67;1480.00;1170.00;920.00;840.00;1300.00;1300.00;1234.67;610.00;230.00;610.00;690.00;2436.33;1583.33;790.00;704.67;984.66;0.00;1134.67;1070.00
1763509524.3290763;0.00;0.00;0.00;0.00;0.00;0.00;0.00;0.00;0.00;0.00;652.33;1132.33;1871.01;0.00;0.00;0.00;0.00;0.00;0.00;1954.99;0.00;0.00;0.00;1497.00;1737.00;1491.66;2181.00;2024.67;1480.00;1170.00;920.00;840.00;1300.00;1300.00;1234.67;610.00;230.00;610.00;690.00;2436.33;1583.33;790.00;704.67;984.66;0.00;1134.67;1070.00
1763509524.4052331;0.00;0.00;0.00;0.00;0.00;0.00;0.00;0.00;0.00;0.00;1154.66;1132.33;1871.01;0.00;0.00;0.00;0.00;0.00;0.00;1954.99;0.00;0.00;0.00;1497.00;1737.00;1491.66;2673.33;2367.00;1710.00;1400.00;1150.00;840.00;1300.00;1300.00;1234.67;610.00;230.00;610.00;690.00;2436.33;1733.33;790.00;817.00;984.66;0.00;1134.67;1070.00
1763509524.406164;0.00;0.00;0.00;0.00;0.00;0.00;0.00;0.00;0.00;0.00;1154.66;1132.33;1871.01;0.00;0.00;0.00;0.00;0.00;0.00;1954.99;0.00;0.00;0.00;1497.00;1737.00;1491.66;2673.33;2367.00;1710.00;1400.00;1150.00;840.00;1300.00;1300.00;1234.67;610.00;230.00;610.00;690.00;2436.33;1733.33;790.00;817.00;984.66;0.00;1134.67;1070.00
1763509524.479731;0.00;0.00;0.00;0.00;0.00;0.00;0.00;0.00;0.00;0.00;1299.33;1132.33;1871.01;0.00;0.00;0.00;0.00;0.00;0.00;1954.99;0.00;0.00;0.00;1497.00;2117.00;1721.66;2983.33;2367.00;1710.00;1400.00;1150.00;840.00;1300.00;1300.00;1234.67;610.00;230.00;610.00;690.00;2436.33;1733.33;790.00;817.00;1134.66;0.00;1134.67;1070.00
1763509524.4802673;0.00;0.00;0.00;0.00;0.00;0.00;0.00;0.00;0.00;0.00;1299.33;1132.33;1871.01;0.00;0.00;0.00;0.00;0.00;0.00;1954.99;0.00;0.00;0.00;1497.00;2117.00;1721.66;2983.33;2367.00;1710.00;1400.00;1150.00;840.00;1300.00;1300.00;1234.67;610.00;230.00;610.00;690.00;2436.33;1733.33;790.00;817.00;1134.66;0.00;1134.67;1070.00
1763509524.7286315;0.00;0.00;0.00;0.00;0.00;0.00;0.00;0.00;0.00;0.00;1849.33;1132.33;1871.01;0.00;0.00;0.00;0.00;0.00;0.00;1954.99;0.00;0.00;0.00;1647.00;2197.00;1801.66;2983.33;2367.00;1710.00;1400.00;1150.00;840.00;1300.00;1300.00;1234.67;610.00;230.00;610.00;690.00;2586.33;1733.33;790.00;817.00;1134.66;0.00;1134.67;1220.00
1763509524.7295492;0.00;0.00;0.00;0.00;0.00;0.00;0.00;0.00;0.00;0.00;1849.33;1132.33;1871.01;0.00;0.00;0.00;0.00;0.00;0.00;1954.99;0.00;0.00;0.00;1647.00;2197.00;1801.66;2983.33;2367.00;1710.00;1400.00;1150.00;840.00;1300.00;1300.00;1234.67;610.00;230.00;610.00;690.00;2586.33;1733.33;790.00;817.00;1134.66;0.00;1134.67;1220.00
1763509525.065975;0.00;0.00;0.00;0.00;0.00;0.00;0.00;0.00;0.00;0.00;1849.33;1597.00;1406.34;0.00;0.00;0.00;0.00;0.00;0.00;1954.99;0.00;0.00;0.00;1647.00;2197.00;1951.66;3048.00;2597.00;1710.00;1400.00;1150.00;840.00;1300.00;1300.00;1234.67;610.00;230.00;610.00;690.00;2286.33;1883.33;790.00;817.00;1284.66;0.00;1134.67;1220.00
1763509525.0669055;0.00;0.00;0.00;0.00;0.00;0.00;0.00;0.00;0.00;0.00;1849.33;1597.00;1406.34;0.00;0.00;0.00;0.00;0.00;0.00;1954.99;0.00;0.00;0.00;1647.00;2197.00;1951.66;3048.00;2597.00;1710.00;1400.00;1150.00;840.00;1300.00;1300.00;1234.67;610.00;230.00;610.00;690.00;2286.33;1883.33;790.00;817.00;1284.66;0.00;1134.67;1220.00
1763509535.0766206;0.00;0.00;0.00;0.00;0.00;0.00;0.00;0.00;0.00;0.00;1849.33;1057.00;1406.34;0.00;0.00;0.00;0.00;97.00;0.00;1333.33;0.00;0.00;0.00;1337.00;1887.00;1786.33;2738.00;2287.00;1400.00;940.00;1000.00;760.00;990.00;990.00;924.67;460.00;230.00;610.00;310.00;2324.00;1883.33;790.00;817.00;872.33;0.00;1134.67;1060.00
1763509535.077551;0.00;0.00;0.00;0.00;0.00;0.00;0.00;0.00;0.00;0.00;1849.33;1057.00;1406.34;0.00;0.00;0.00;0.00;97.00;0.00;1333.33;0.00;0.00;0.00;1337.00;1887.00;1786.33;2738.00;2287.00;1400.00;940.00;1000.00;760.00;990.00;990.00;924.67;460.00;230.00;610.00;310.00;2324.00;1883.33;790.00;817.00;872.33;0.00;1134.67;1060.00
1763509543.1822686;0.00;80.00;0.00;0.00;0.00;0.00;0.00;0.00;0.00;0.00;1849.33;240.00;1406.34;0.00;0.00;0.00;0.00;0.00;0.00;1333.33;0.00;0.00;0.00;1177.00;1727.00;1069.33;2273.33;2057.00;1330.00;870.00;930.00;610.00;840.00;840.00;924.67;460.00;230.00;610.00;310.00;1424.67;1733.33;790.00;817.00;412.33;0.00;984.67;900.00
1763509543.1832101;0.00;80.00;0.00;0.00;0.00;0.00;0.00;0.00;0.00;0.00;1849.33;240.00;1406.34;0.00;0.00;0.00;0.00;0.00;0.00;1333.33;0.00;0.00;0.00;1177.00;1727.00;1069.33;2273.33;2057.00;1330.00;870.00;930.00;610.00;840.00;840.00;924.67;460.00;230.00;610.00;310.00;1424.67;1733.33;790.00;817.00;412.33;0.00;984.67;900.00
1763509543.2581437;0.00;320.00;0.00;0.00;0.00;0.00;0.00;0.00;0.00;0.00;1849.33;240.00;1406.34;0.00;0.00;0.00;0.00;0.00;0.00;1333.33;0.00;0.00;0.00;1177.00;1727.00;1069.33;2353.33;2137.00;1410.00;950.00;1010.00;770.00;1000.00;1000.00;1084.67;460.00;230.00;610.00;310.00;1574.67;1733.33;790.00;817.00;412.33;0.00;984.67;1060.00
1763509543.259073;0.00;320.00;0.00;0.00;0.00;0.00;0.00;0.00;0.00;0.00;1849.33;240.00;1406.34;0.00;0.00;0.00;0.00;0.00;0.00;1333.33;0.00;0.00;0.00;1177.00;1727.00;1069.33;2353.33;2137.00;1410.00;950.00;1010.00;770.00;1000.00;1000.00;1084.67;460.00;230.00;610.00;310.00;1574.67;1733.33;790.00;817.00;412.33;0.00;984.67;1060.00
1763509543.3328521;0.00;560.00;0.00;0.00;0.00;0.00;0.00;0.00;0.00;0.00;1849.33;240.00;1406.34;0.00;0.00;0.00;0.00;0.00;0.00;1333.33;0.00;0.00;0.00;1177.00;1727.00;1069.33;2433.33;2217.00;1490.00;1030.00;1090.00;930.00;1160.00;1160.00;1234.67;460.00;230.00;610.00;310.00;1724.67;1733.33;790.00;817.00;412.33;0.00;984.67;1210.00
1763509543.333767;0.00;560.00;0.00;0.00;0.00;0.00;0.00;0.00;0.00;0.00;1849.33;240.00;1406.34;0.00;0.00;0.00;0.00;0.00;0.00;1333.33;0.00;0.00;0.00;1177.00;1727.00;1069.33;2433.33;2217.00;1490.00;1030.00;1090.00;930.00;1160.00;1160.00;1234.67;460.00;230.00;610.00;310.00;1724.67;1733.33;790.00;817.00;412.33;0.00;984.67;1210.00
1763509543.5094118;0.00;800.00;0.00;0.00;0.00;0.00;0.00;0.00;0.00;0.00;1849.33;240.00;1406.34;0.00;0.00;0.00;0.00;0.00;0.00;1333.33;0.00;0.00;0.00;1177.00;1727.00;1069.33;2513.33;2297.00;1570.00;1110.00;1170.00;1090.00;1320.00;1310.00;1384.67;460.00;230.00;610.00;310.00;1874.67;1733.33;790.00;817.00;412.33;310.00;984.67;1360.00
1763509543.5103352;0.00;800.00;0.00;0.00;0.00;0.00;0.00;0.00;0.00;0.00;1849.33;240.00;1406.34;0.00;0.00;0.00;0.00;0.00;0.00;1333.33;0.00;0.00;0.00;1177.00;1727.00;1069.33;2513.33;2297.00;1570.00;1110.00;1170.00;1090.00;1320.00;1310.00;1384.67;460.00;230.00;610.00;310.00;1874.67;1733.33;790.00;817.00;412.33;310.00;984.67;1360.00
1763509543.5892484;0.00;1030.00;0.00;0.00;0.00;0.00;0.00;0.00;0.00;0.00;1849.33;240.00;1406.34;0.00;0.00;0.00;0.00;0.00;0.00;1333.33;0.00;0.00;0.00;1177.00;1727.00;1069.33;2513.33;2297.00;1570.00;1110.00;1170.00;1090.00;1320.00;1310.00;1384.67;460.00;230.00;610.00;310.00;1874.67;1733.33;790.00;817.00;412.33;310.00;984.67;1360.00
1763509543.590197;0.00;1030.00;0.00;0.00;0.00;0.00;0.00;0.00;0.00;0.00;1849.33;240.00;1406.34;0.00;0.00;0.00;0.00;0.00;0.00;1333.33;0.00;0.00;0.00;1177.00;1727.00;1069.33;2513.33;2297.00;1570.00;1110.00;1170.00;1090.00;1320.00;1310.00;1384.67;460.00;230.00;610.00;310.00;1874.67;1733.33;790.00;817.00;412.33;310.00;984.67;1360.00
1763509543.6709917;0.00;1570.00;0.00;0.00;0.00;0.00;0.00;0.00;0.00;0.00;1849.33;240.00;1406.34;0.00;0.00;0.00;0.00;0.00;0.00;1333.33;0.00;0.00;0.00;1177.00;1727.00;1069.33;2513.33;2297.00;1570.00;1110.00;1710.00;1090.00;1320.00;1310.00;1384.67;460.00;230.00;610.00;850.00;1874.67;1733.33;790.00;817.00;412.33;310.00;984.67;1360.00
1763509543.6719613;0.00;1570.00;0.00;0.00;0.00;0.00;0.00;0.00;0.00;0.00;1849.33;240.00;1406.34;0.00;0.00;0.00;0.00;0.00;0.00;1333.33;0.00;0.00;0.00;1177.00;1727.00;1069.33;2513.33;2297.00;1570.00;1110.00;1710.00;1090.00;1320.00;1310.00;1384.67;460.00;230.00;610.00;850.00;1874.67;1733.33;790.00;817.00;412.33;310.00;984.67;1360.00
1763509545.0855427;0.00;1570.00;0.00;0.00;0.00;0.00;0.00;0.00;0.00;0.00;1849.33;0.00;1406.34;0.00;0.00;0.00;0.00;417.00;0.00;1333.33;0.00;0.00;0.00;1241.67;1791.67;1091.66;2513.33;2217.00;1490.00;1030.00;1560.00;1090.00;1320.00;1310.00;1074.67;460.00;230.00;460.00;850.00;2137.00;1883.33;790.00;817.00;722.33;310.00;674.67;1434.67
1763509545.086475;0.00;1570.00;0.00;0.00;0.00;0.00;0.00;0.00;0.00;0.00;1849.33;0.00;1406.34;0.00;0.00;0.00;0.00;417.00;0.00;1333.33;0.00;0.00;0.00;1241.67;1791.67;1091.66;2513.33;2217.00;1490.00;1030.00;1560.00;1090.00;1320.00;1310.00;1074.67;460.00;230.00;460.00;850.00;2137.00;1883.33;790.00;817.00;722.33;310.00;674.67;1434.67
1763509550.0969546;0.00;1570.00;0.00;0.00;0.00;0.00;0.00;0.00;0.00;0.00;1849.33;257.00;989.34;0.00;0.00;0.00;0.00;417.00;0.00;1333.33;0.00;0.00;0.00;1241.67;1791.67;1203.99;2743.33;2047.00;1410.00;950.00;1480.00;940.00;1170.00;1160.00;1074.67;460.00;230.00;230.00;850.00;2511.67;1706.33;790.00;497.00;834.66;310.00;524.67;1434.67
1763509550.0978906;0.00;1570.00;0.00;0.00;0.00;0.00;0.00;0.00;0.00;0.00;1849.33;257.00;989.34;0.00;0.00;0.00;0.00;417.00;0.00;1333.33;0.00;0.00;0.00;1241.67;1791.67;1203.99;2743.33;2047.00;1410.00;950.00;1480.00;940.00;1170.00;1160.00;1074.67;460.00;230.00;230.00;850.00;2511.67;1706.33;790.00;497.00;834.66;310.00;524.67;1434.67
1763509555.1053932;0.00;1570.00;0.00;0.00;0.00;0.00;0.00;0.00;0.00;0.00;1849.33;289.33;534.67;0.00;0.00;0.00;0.00;417.00;0.00;1333.33;0.00;0.00;0.00;1241.67;1791.67;1203.99;2823.33;2047.00;1180.00;950.00;1480.00;940.00;1170.00;1160.00;1074.67;230.00;230.00;230.00;850.00;2624.00;1631.66;790.00;497.00;834.66;310.00;524.67;1434.67
1763509555.1063185;0.00;1570.00;0.00;0.00;0.00;0.00;0.00;0.00;0.00;0.00;1849.33;289.33;534.67;0.00;0.00;0.00;0.00;417.00;0.00;1333.33;0.00;0.00;0.00;1241.67;1791.67;1203.99;2823.33;2047.00;1180.00;950.00;1480.00;940.00;1170.00;1160.00;1074.67;230.00;230.00;230.00;850.00;2624.00;1631.66;790.00;497.00;834.66;310.00;524.67;1434.67
1763509560.2697515;0.00;1570.00;0.00;0.00;0.00;0.00;0.00;0.00;0.00;0.00;1849.33;546.33;0.00;0.00;0.00;0.00;0.00;0.00;0.00;1333.33;0.00;0.00;0.00;1167.00;1337.00;1101.66;2790.99;1577.00;710.00;710.00;1250.00;640.00;870.00;860.00;1074.67;0.00;230.00;0.00;540.00;2361.67;1593.99;480.00;497.00;534.66;310.00;224.67;1360.00
1763509560.2706606;0.00;1570.00;0.00;0.00;0.00;0.00;0.00;0.00;0.00;0.00;1849.33;546.33;0.00;0.00;0.00;0.00;0.00;0.00;0.00;1333.33;0.00;0.00;0.00;1167.00;1337.00;1101.66;2790.99;1577.00;710.00;710.00;1250.00;640.00;870.00;860.00;1074.67;0.00;230.00;0.00;540.00;2361.67;1593.99;480.00;497.00;534.66;310.00;224.67;1360.00
1763509560.3389635;0.00;1570.00;0.00;0.00;0.00;0.00;0.00;0.00;0.00;0.00;1849.33;786.33;0.00;0.00;0.00;0.00;0.00;0.00;0.00;1333.33;0.00;0.00;0.00;1327.00;1497.00;1261.66;2870.99;1577.00;710.00;710.00;1250.00;640.00;870.00;860.00;1384.67;0.00;230.00;0.00;540.00;2361.67;1743.99;480.00;497.00;534.66;310.00;534.67;1510.00
1763509560.3398778;0.00;1570.00;0.00;0.00;0.00;0.00;0.00;0.00;0.00;0.00;1849.33;786.33;0.00;0.00;0.00;0.00;0.00;0.00;0.00;1333.33;0.00;0.00;0.00;1327.00;1497.00;1261.66;2870.99;1577.00;710.00;710.00;1250.00;640.00;870.00;860.00;1384.67;0.00;230.00;0.00;540.00;2361.67;1743.99;480.00;497.00;534.66;310.00;534.67;1510.00
1763509560.4155262;0.00;1570.00;0.00;0.00;0.00;0.00;0.00;0.00;0.00;0.00;1849.33;786.33;0.00;0.00;0.00;0.00;390.00;0.00;0.00;1333.33;0.00;0.00;0.00;1327.00;1497.00;1261.66;2870.99;1577.00;1100.00;1100.00;1640.00;800.00;1030.00;1010.00;1534.67;0.00;230.00;230.00;540.00;2361.67;1743.99;480.00;497.00;534.66;310.00;534.67;1660.00
1763509560.4164636;0.00;1570.00;0.00;0.00;0.00;0.00;0.00;0.00;0.00;0.00;1849.33;786.33;0.00;0.00;0.00;0.00;390.00;0.00;0.00;1333.33;0.00;0.00;0.00;1327.00;1497.00;1261.66;2870.99;1577.00;1100.00;1100.00;1640.00;800.00;1030.00;1010.00;1534.67;0.00;230.00;230.00;540.00;2361.67;1743.99;480.00;497.00;534.66;310.00;534.67;1660.00
1763509560.4921691;0.00;1570.00;0.00;0.00;0.00;0.00;0.00;0.00;0.00;0.00;1849.33;786.33;0.00;0.00;0.00;0.00;780.00;0.00;0.00;1333.33;0.00;0.00;0.00;1327.00;1497.00;1261.66;2870.99;1727.00;1330.00;1330.00;1870.00;800.00;1030.00;1010.00;1534.67;0.00;230.00;230.00;540.00;2361.67;1743.99;480.00;807.00;534.66;310.00;534.67;1660.00
1763509560.4930925;0.00;1570.00;0.00;0.00;0.00;0.00;0.00;0.00;0.00;0.00;1849.33;786.33;0.00;0.00;0.00;0.00;780.00;0.00;0.00;1333.33;0.00;0.00;0.00;1327.00;1497.00;1261.66;2870.99;1727.00;1330.00;1330.00;1870.00;800.00;1030.00;1010.00;1534.67;0.00;230.00;230.00;540.00;2361.67;1743.99;480.00;807.00;534.66;310.00;534.67;1660.00
1763509560.5697348;0.00;1570.00;0.00;0.00;0.00;0.00;0.00;0.00;0.00;0.00;1849.33;786.33;0.00;0.00;0.00;0.00;860.00;0.00;0.00;1333.33;0.00;0.00;0.00;1327.00;1497.00;1261.66;2870.99;1727.00;1410.00;1410.00;1950.00;950.00;1180.00;1160.00;1684.67;0.00;230.00;460.00;540.00;2361.67;1743.99;480.00;807.00;534.66;310.00;534.67;1810.00
1763509560.5706646;0.00;1570.00;0.00;0.00;0.00;0.00;0.00;0.00;0.00;0.00;1849.33;786.33;0.00;0.00;0.00;0.00;860.00;0.00;0.00;1333.33;0.00;0.00;0.00;1327.00;1497.00;1261.66;2870.99;1727.00;1410.00;1410.00;1950.00;950.00;1180.00;1160.00;1684.67;0.00;230.00;460.00;540.00;2361.67;1743.99;480.00;807.00;534.66;310.00;534.67;1810.00
1763509560.6484303;0.00;1570.00;0.00;0.00;0.00;0.00;0.00;0.00;0.00;0.00;1849.33;786.33;0.00;0.00;0.00;0.00;1250.00;0.00;0.00;1333.33;0.00;0.00;0.00;1327.00;1497.00;1261.66;2870.99;1727.00;1800.00;1800.00;2340.00;1100.00;1330.00;1310.00;1834.67;0.00;230.00;770.00;540.00;2361.67;1743.99;480.00;807.00;534.66;310.00;534.67;1960.00
1763509560.6493585;0.00;1570.00;0.00;0.00;0.00;0.00;0.00;0.00;0.00;0.00;1849.33;786.33;0.00;0.00;0.00;0.00;1250.00;0.00;0.00;1333.33;0.00;0.00;0.00;1327.00;1497.00;1261.66;2870.99;1727.00;1800.00;1800.00;2340.00;1100.00;1330.00;1310.00;1834.67;0.00;230.00;770.00;540.00;2361.67;1743.99;480.00;807.00;534.66;310.00;534.67;1960.00
1763509560.8252006;0.00;1570.00;0.00;0.00;0.00;0.00;0.00;0.00;0.00;0.00;1849.33;786.33;0.00;0.00;0.00;0.00;1330.00;0.00;0.00;1333.33;0.00;0.00;0.00;1327.00;1497.00;1261.66;2870.99;1727.00;1880.00;1880.00;2420.00;1250.00;1480.00;1460.00;1984.67;0.00;230.00;1000.00;540.00;2361.67;1743.99;480.00;807.00;534.66;310.00;534.67;2110.00
1763509560.8261244;0.00;1570.00;0.00;0.00;0.00;0.00;0.00;0.00;0.00;0.00;1849.33;786.33;0.00;0.00;0.00;0.00;1330.00;0.00;0.00;1333.33;0.00;0.00;0.00;1327.00;1497.00;1261.66;2870.99;1727.00;1880.00;1880.00;2420.00;1250.00;1480.00;1460.00;1984.67;0.00;230.00;1000.00;540.00;2361.67;1743.99;480.00;807.00;534.66;310.00;534.67;2110.00
1763509560.9072356;0.00;1570.00;0.00;0.00;0.00;0.00;0.00;0.00;0.00;0.00;1849.33;786.33;0.00;0.00;0.00;0.00;1832.33;0.00;0.00;1333.33;0.00;0.00;0.00;1327.00;1497.00;1261.66;3020.99;1999.33;2110.00;2110.00;2650.00;1250.00;1480.00;1460.00;1984.67;0.00;230.00;1230.00;540.00;2511.67;1856.32;480.00;807.00;534.66;310.00;534.67;2110.00
1763509560.9081442;0.00;1570.00;0.00;0.00;0.00;0.00;0.00;0.00;0.00;0.00;1849.33;786.33;0.00;0.00;0.00;0.00;1832.33;0.00;0.00;1333.33;0.00;0.00;0.00;1327.00;1497.00;1261.66;3020.99;1999.33;2110.00;2110.00;2650.00;1250.00;1480.00;1460.00;1984.67;0.00;230.00;1230.00;540.00;2511.67;1856.32;480.00;807.00;534.66;310.00;534.67;2110.00
1763509581.3396587;0.00;1570.00;0.00;0.00;0.00;240.00;0.00;0.00;0.00;0.00;1849.33;786.33;0.00;0.00;0.00;0.00;1832.33;0.00;0.00;0.00;0.00;0.00;0.00;872.33;1042.33;1164.66;2324.66;1784.66;2030.00;2030.00;2570.00;1250.00;1250.00;1230.00;1520.00;0.00;0.00;1230.00;540.00;2061.67;984.66;0.00;582.33;422.33;310.00;310.00;1960.00
1763509581.3408966;0.00;1570.00;0.00;0.00;0.00;240.00;0.00;0.00;0.00;0.00;1849.33;786.33;0.00;0.00;0.00;0.00;1832.33;0.00;0.00;0.00;0.00;0.00;0.00;872.33;1042.33;1164.66;2324.66;1784.66;2030.00;2030.00;2570.00;1250.00;1250.00;1230.00;1520.00;0.00;0.00;1230.00;540.00;2061.67;984.66;0.00;582.33;422.33;310.00;310.00;1960.00
1763509581.4371421;0.00;1570.00;0.00;0.00;0.00;320.00;0.00;0.00;0.00;0.00;1849.33;786.33;0.00;0.00;0.00;0.00;1832.33;0.00;0.00;0.00;0.00;0.00;0.00;872.33;1042.33;1164.66;2474.66;1934.66;2180.00;2110.00;2650.00;1250.00;1250.00;1230.00;1520.00;230.00;0.00;1230.00;540.00;2061.67;984.66;0.00;582.33;422.33;310.00;310.00;1960.00
1763509581.4385033;0.00;1570.00;0.00;0.00;0.00;320.00;0.00;0.00;0.00;0.00;1849.33;786.33;0.00;0.00;0.00;0.00;1832.33;0.00;0.00;0.00;0.00;0.00;0.00;872.33;1042.33;1164.66;2474.66;1934.66;2180.00;2110.00;2650.00;1250.00;1250.00;1230.00;1520.00;230.00;0.00;1230.00;540.00;2061.67;984.66;0.00;582.33;422.33;310.00;310.00;1960.00
1763509581.4929786;0.00;1570.00;0.00;0.00;0.00;560.00;0.00;0.00;0.00;0.00;1849.33;786.33;0.00;0.00;0.00;0.00;1832.33;0.00;0.00;0.00;0.00;0.00;0.00;1032.33;1202.33;1164.66;2474.66;1934.66;2180.00;2110.00;2650.00;1490.00;1560.00;1540.00;1830.00;230.00;230.00;1230.00;540.00;2061.67;984.66;0.00;582.33;572.33;310.00;310.00;2110.00
1763509581.493523;0.00;1570.00;0.00;0.00;0.00;560.00;0.00;0.00;0.00;0.00;1849.33;786.33;0.00;0.00;0.00;0.00;1832.33;0.00;0.00;0.00;0.00;0.00;0.00;1032.33;1202.33;1164.66;2474.66;1934.66;2180.00;2110.00;2650.00;1490.00;1560.00;1540.00;1830.00;230.00;230.00;1230.00;540.00;2061.67;984.66;0.00;582.33;572.33;310.00;310.00;2110.00
1763509581.5630014;0.00;1570.00;0.00;0.00;0.00;1100.00;0.00;0.00;0.00;0.00;1849.33;786.33;0.00;0.00;0.00;0.00;1832.33;0.00;0.00;0.00;0.00;0.00;0.00;1032.33;1202.33;1164.66;2474.66;1934.66;2180.00;2110.00;2650.00;1720.00;1560.00;1540.00;1830.00;230.00;460.00;1540.00;540.00;2061.67;984.66;0.00;582.33;572.33;310.00;310.00;2110.00
1763509581.5639288;0.00;1570.00;0.00;0.00;0.00;1100.00;0.00;0.00;0.00;0.00;1849.33;786.33;0.00;0.00;0.00;0.00;1832.33;0.00;0.00;0.00;0.00;0.00;0.00;1032.33;1202.33;1164.66;2474.66;1934.66;2180.00;2110.00;2650.00;1720.00;1560.00;1540.00;1830.00;230.00;460.00;1540.00;540.00;2061.67;984.66;0.00;582.33;572.33;310.00;310.00;2110.00
1763509581.6930642;0.00;1570.00;0.00;0.00;0.00;1340.00;0.00;0.00;0.00;0.00;1849.33;786.33;0.00;0.00;0.00;0.00;1832.33;0.00;0.00;0.00;0.00;0.00;0.00;1032.33;1202.33;1164.66;2554.66;2014.66;2260.00;2190.00;2730.00;1880.00;1710.00;1690.00;1830.00;230.00;770.00;1540.00;540.00;2211.67;984.66;0.00;582.33;572.33;310.00;460.00;2110.00
1763509581.6935937;0.00;1570.00;0.00;0.00;0.00;1340.00;0.00;0.00;0.00;0.00;1849.33;786.33;0.00;0.00;0.00;0.00;1832.33;0.00;0.00;0.00;0.00;0.00;0.00;1032.33;1202.33;1164.66;2554.66;2014.66;2260.00;2190.00;2730.00;1880.00;1710.00;1690.00;1830.00;230.00;770.00;1540.00;540.00;2211.67;984.66;0.00;582.33;572.33;310.00;460.00;2110.00
1763509581.7694054;0.00;1570.00;0.00;0.00;0.00;1570.00;0.00;0.00;0.00;0.00;1849.33;786.33;0.00;0.00;0.00;0.00;1832.33;0.00;0.00;0.00;0.00;0.00;0.00;1032.33;1202.33;1164.66;2554.66;2014.66;2260.00;2190.00;2730.00;2110.00;1710.00;1690.00;1830.00;230.00;1000.00;1540.00;540.00;2211.67;984.66;0.00;582.33;572.33;310.00;460.00;2110.00
1763509581.7699728;0.00;1570.00;0.00;0.00;0.00;1570.00;0.00;0.00;0.00;0.00;1849.33;786.33;0.00;0.00;0.00;0.00;1832.33;0.00;0.00;0.00;0.00;0.00;0.00;1032.33;1202.33;1164.66;2554.66;2014.66;2260.00;2190.00;2730.00;2110.00;1710.00;1690.00;1830.00;230.00;1000.00;1540.00;540.00;2211.67;984.66;0.00;582.33;572.33;310.00;460.00;2110.00
1763509585.12278;0.00;1570.00;0.00;0.00;0.00;1570.00;0.00;0.00;0.00;0.00;1619.33;0.00;0.00;0.00;0.00;0.00;1832.33;97.00;0.00;0.00;0.00;0.00;0.00;572.33;882.33;812.33;2122.33;1554.66;2260.00;2190.00;2730.00;2110.00;1710.00;1690.00;1520.00;230.00;1000.00;1540.00;540.00;1820.00;412.33;0.00;582.33;637.00;310.00;150.00;1660.00
1763509585.1233346;0.00;1570.00;0.00;0.00;0.00;1570.00;0.00;0.00;0.00;0.00;1619.33;0.00;0.00;0.00;0.00;0.00;1832.33;97.00;0.00;0.00;0.00;0.00;0.00;572.33;882.33;812.33;2122.33;1554.66;2260.00;2190.00;2730.00;2110.00;1710.00;1690.00;1520.00;230.00;1000.00;1540.00;540.00;1820.00;412.33;0.00;582.33;637.00;310.00;150.00;1660.00
1763509605.1609468;0.00;1030.00;240.00;0.00;0.00;1570.00;0.00;0.00;0.00;0.00;1619.33;0.00;0.00;0.00;0.00;0.00;1832.33;97.00;0.00;0.00;0.00;0.00;0.00;572.33;882.33;812.33;2422.33;1794.66;2500.00;2190.00;2190.00;2110.00;1710.00;1690.00;1520.00;230.00;1000.00;1540.00;0.00;2120.00;722.33;0.00;582.33;637.00;310.00;150.00;1660.00
1763509605.1618805;0.00;1030.00;240.00;0.00;0.00;1570.00;0.00;0.00;0.00;0.00;1619.33;0.00;0.00;0.00;0.00;0.00;1832.33;97.00;0.00;0.00;0.00;0.00;0.00;572.33;882.33;812.33;2422.33;1794.66;2500.00;2190.00;2190.00;2110.00;1710.00;1690.00;1520.00;230.00;1000.00;1540.00;0.00;2120.00;722.33;0.00;582.33;637.00;310.00;150.00;1660.00
1763509605.3228252;0.00;1030.00;240.00;0.00;0.00;1570.00;0.00;0.00;0.00;80.00;1619.33;0.00;0.00;0.00;0.00;0.00;1832.33;97.00;0.00;0.00;0.00;0.00;0.00;572.33;882.33;812.33;2572.33;1944.66;2580.00;2270.00;2190.00;2110.00;1710.00;1690.00;1520.00;230.00;1000.00;1540.00;0.00;2270.00;722.33;0.00;582.33;637.00;310.00;150.00;1660.00
1763509605.3237514;0.00;1030.00;240.00;0.00;0.00;1570.00;0.00;0.00;0.00;80.00;1619.33;0.00;0.00;0.00;0.00;0.00;1832.33;97.00;0.00;0.00;0.00;0.00;0.00;572.33;882.33;812.33;2572.33;1944.66;2580.00;2270.00;2190.00;2110.00;1710.00;1690.00;1520.00;230.00;1000.00;1540.00;0.00;2270.00;722.33;0.00;582.33;637.00;310.00;150.00;1660.00
1763509605.3984041;0.00;1030.00;240.00;0.00;0.00;1570.00;0.00;0.00;0.00;320.00;1619.33;0.00;0.00;0.00;0.00;0.00;1832.33;97.00;0.00;0.00;0.00;0.00;0.00;572.33;882.33;812.33;2572.33;1944.66;2580.00;2270.00;2430.00;2350.00;2020.00;2000.00;1820.00;230.00;1000.00;1540.00;0.00;2270.00;722.33;0.00;582.33;637.00;310.00;460.00;1960.00
1763509605.399318;0.00;1030.00;240.00;0.00;0.00;1570.00;0.00;0.00;0.00;320.00;1619.33;0.00;0.00;0.00;0.00;0.00;1832.33;97.00;0.00;0.00;0.00;0.00;0.00;572.33;882.33;812.33;2572.33;1944.66;2580.00;2270.00;2430.00;2350.00;2020.00;2000.00;1820.00;230.00;1000.00;1540.00;0.00;2270.00;722.33;0.00;582.33;637.00;310.00;460.00;1960.00
1763509605.6230571;0.00;1030.00;240.00;0.00;0.00;1570.00;0.00;0.00;0.00;710.00;1619.33;0.00;0.00;0.00;0.00;0.00;1832.33;97.00;0.00;0.00;0.00;0.00;0.00;572.33;882.33;812.33;2722.33;2104.66;2740.00;2430.00;2430.00;2350.00;2020.00;2000.00;1820.00;230.00;1000.00;1540.00;230.00;2420.00;1032.33;0.00;582.33;637.00;310.00;460.00;1960.00
1763509605.623978;0.00;1030.00;240.00;0.00;0.00;1570.00;0.00;0.00;0.00;710.00;1619.33;0.00;0.00;0.00;0.00;0.00;1832.33;97.00;0.00;0.00;0.00;0.00;0.00;572.33;882.33;812.33;2722.33;2104.66;2740.00;2430.00;2430.00;2350.00;2020.00;2000.00;1820.00;230.00;1000.00;1540.00;230.00;2420.00;1032.33;0.00;582.33;637.00;310.00;460.00;1960.00
1763509605.7034543;0.00;1030.00;240.00;0.00;0.00;1570.00;0.00;0.00;0.00;940.00;1619.33;0.00;0.00;0.00;0.00;0.00;1832.33;97.00;0.00;0.00;0.00;0.00;0.00;572.33;882.33;812.33;2722.33;2104.66;2740.00;2430.00;2430.00;2350.00;2020.00;2000.00;1820.00;230.00;1000.00;1540.00;460.00;2420.00;1032.33;0.00;582.33;637.00;310.00;460.00;1960.00
1763509605.7043853;0.00;1030.00;240.00;0.00;0.00;1570.00;0.00;0.00;0.00;940.00;1619.33;0.00;0.00;0.00;0.00;0.00;1832.33;97.00;0.00;0.00;0.00;0.00;0.00;572.33;882.33;812.33;2722.33;2104.66;2740.00;2430.00;2430.00;2350.00;2020.00;2000.00;1820.00;230.00;1000.00;1540.00;460.00;2420.00;1032.33;0.00;582.33;637.00;310.00;460.00;1960.00
1763509605.7816417;0.00;1030.00;240.00;0.00;0.00;1570.00;0.00;0.00;0.00;1170.00;1619.33;0.00;0.00;0.00;0.00;0.00;1832.33;97.00;0.00;0.00;0.00;0.00;0.00;572.33;882.33;812.33;2722.33;2104.66;2740.00;2430.00;2430.00;2350.00;2020.00;2000.00;1820.00;230.00;1000.00;1540.00;690.00;2420.00;1032.33;0.00;582.33;637.00;310.00;460.00;1960.00
1763509605.7826114;0.00;1030.00;240.00;0.00;0.00;1570.00;0.00;0.00;0.00;1170.00;1619.33;0.00;0.00;0.00;0.00;0.00;1832.33;97.00;0.00;0.00;0.00;0.00;0.00;572.33;882.33;812.33;2722.33;2104.66;2740.00;2430.00;2430.00;2350.00;2020.00;2000.00;1820.00;230.00;1000.00;1540.00;690.00;2420.00;1032.33;0.00;582.33;637.00;310.00;460.00;1960.00
1763509605.8595452;0.00;1030.00;240.00;0.00;0.00;1570.00;0.00;0.00;0.00;1250.00;1619.33;0.00;0.00;0.00;0.00;0.00;1832.33;97.00;0.00;0.00;0.00;0.00;0.00;572.33;882.33;812.33;2722.33;2254.66;2820.00;2510.00;2430.00;2350.00;2020.00;2000.00;1820.00;230.00;1000.00;1540.00;690.00;2420.00;1182.33;0.00;582.33;637.00;310.00;460.00;1960.00
1763509605.8604777;0.00;1030.00;240.00;0.00;0.00;1570.00;0.00;0.00;0.00;1250.00;1619.33;0.00;0.00;0.00;0.00;0.00;1832.33;97.00;0.00;0.00;0.00;0.00;0.00;572.33;882.33;812.33;2722.33;2254.66;2820.00;2510.00;2430.00;2350.00;2020.00;2000.00;1820.00;230.00;1000.00;1540.00;690.00;2420.00;1182.33;0.00;582.33;637.00;310.00;460.00;1960.00
1763509610.1774073;0.00;1180.00;240.00;0.00;0.00;1570.00;0.00;0.00;0.00;1250.00;1052.33;0.00;0.00;0.00;0.00;0.00;1362.33;97.00;0.00;0.00;0.00;0.00;0.00;310.00;240.00;320.00;2172.33;2014.66;2270.00;1960.00;2110.00;2050.00;1720.00;1700.00;1520.00;230.00;1000.00;1000.00;690.00;1970.00;1182.33;0.00;422.33;487.00;310.00;460.00;1500.00
1763509610.1779573;0.00;1180.00;240.00;0.00;0.00;1570.00;0.00;0.00;0.00;1250.00;1052.33;0.00;0.00;0.00;0.00;0.00;1362.33;97.00;0.00;0.00;0.00;0.00;0.00;310.00;240.00;320.00;2172.33;2014.66;2270.00;1960.00;2110.00;2050.00;1720.00;1700.00;1520.00;230.00;1000.00;1000.00;690.00;1970.00;1182.33;0.00;422.33;487.00;310.00;460.00;1500.00
1763509610.2207112;0.00;1180.00;240.00;0.00;0.00;1570.00;0.00;0.00;0.00;1250.00;1052.33;0.00;0.00;0.00;0.00;390.00;1362.33;97.00;0.00;0.00;0.00;0.00;0.00;310.00;240.00;320.00;2332.33;2174.66;2270.00;1960.00;2110.00;2050.00;1720.00;1700.00;1520.00;230.00;1000.00;1000.00;690.00;2130.00;1182.33;0.00;422.33;487.00;310.00;460.00;1500.00
1763509610.2212663;0.00;1180.00;240.00;0.00;0.00;1570.00;0.00;0.00;0.00;1250.00;1052.33;0.00;0.00;0.00;0.00;390.00;1362.33;97.00;0.00;0.00;0.00;0.00;0.00;310.00;240.00;320.00;2332.33;2174.66;2270.00;1960.00;2110.00;2050.00;1720.00;1700.00;1520.00;230.00;1000.00;1000.00;690.00;2130.00;1182.33;0.00;422.33;487.00;310.00;460.00;1500.00
1763509610.348854;0.00;1180.00;272.33;0.00;0.00;1570.00;0.00;0.00;0.00;1250.00;1052.33;0.00;0.00;0.00;0.00;390.00;1362.33;97.00;0.00;0.00;0.00;0.00;0.00;310.00;470.00;400.00;2412.33;2206.99;2302.33;1960.00;2110.00;2050.00;1720.00;1700.00;1520.00;230.00;1000.00;1000.00;690.00;2290.00;1294.66;0.00;422.33;637.00;310.00;460.00;1500.00
1763509610.349415;0.00;1180.00;272.33;0.00;0.00;1570.00;0.00;0.00;0.00;1250.00;1052.33;0.00;0.00;0.00;0.00;390.00;1362.33;97.00;0.00;0.00;0.00;0.00;0.00;310.00;470.00;400.00;2412.33;2206.99;2302.33;1960.00;2110.00;2050.00;1720.00;1700.00;1520.00;230.00;1000.00;1000.00;690.00;2290.00;1294.66;0.00;422.33;637.00;310.00;460.00;1500.00
1763509610.418688;0.00;1180.00;272.33;0.00;0.00;1570.00;0.00;0.00;0.00;1250.00;1052.33;0.00;0.00;0.00;0.00;390.00;1362.33;194.00;0.00;0.00;0.00;0.00;0.00;374.67;534.67;432.33;2492.33;2366.99;2302.33;1960.00;2110.00;2050.00;1720.00;1700.00;1830.00;230.00;1000.00;1000.00;690.00;2402.33;1444.66;0.00;422.33;637.00;310.00;460.00;1874.67
1763509610.4196498;0.00;1180.00;272.33;0.00;0.00;1570.00;0.00;0.00;0.00;1250.00;1052.33;0.00;0.00;0.00;0.00;390.00;1362.33;194.00;0.00;0.00;0.00;0.00;0.00;374.67;534.67;432.33;2492.33;2366.99;2302.33;1960.00;2110.00;2050.00;1720.00;1700.00;1830.00;230.00;1000.00;1000.00;690.00;2402.33;1444.66;0.00;422.33;637.00;310.00;460.00;1874.67
1763509610.490744;0.00;1180.00;272.33;0.00;0.00;1570.00;0.00;0.00;0.00;1250.00;1052.33;0.00;0.00;0.00;0.00;390.00;1362.33;451.00;0.00;0.00;0.00;0.00;0.00;374.67;534.67;689.33;2797.00;2366.99;2302.33;1960.00;2110.00;2050.00;1720.00;1700.00;1830.00;230.00;1000.00;1000.00;690.00;2514.66;1979.33;0.00;422.33;637.00;310.00;460.00;1874.67
1763509610.4916916;0.00;1180.00;272.33;0.00;0.00;1570.00;0.00;0.00;0.00;1250.00;1052.33;0.00;0.00;0.00;0.00;390.00;1362.33;451.00;0.00;0.00;0.00;0.00;0.00;374.67;534.67;689.33;2797.00;2366.99;2302.33;1960.00;2110.00;2050.00;1720.00;1700.00;1830.00;230.00;1000.00;1000.00;690.00;2514.66;1979.33;0.00;422.33;637.00;310.00;460.00;1874.67
1763509610.564766;0.00;1180.00;272.33;0.00;0.00;1570.00;0.00;0.00;0.00;1250.00;1052.33;0.00;0.00;0.00;0.00;390.00;1362.33;633.33;0.00;0.00;0.00;0.00;0.00;454.67;567.00;689.33;2797.00;2446.99;2382.33;2040.00;2190.00;2130.00;1800.00;1780.00;1910.00;230.00;1000.00;1000.00;690.00;2514.66;2129.33;112.33;422.33;787.00;310.00;620.00;1874.67
1763509610.5657313;0.00;1180.00;272.33;0.00;0.00;1570.00;0.00;0.00;0.00;1250.00;1052.33;0.00;0.00;0.00;0.00;390.00;1362.33;633.33;0.00;0.00;0.00;0.00;0.00;454.67;567.00;689.33;2797.00;2446.99;2382.33;2040.00;2190.00;2130.00;1800.00;1780.00;1910.00;230.00;1000.00;1000.00;690.00;2514.66;2129.33;112.33;422.33;787.00;310.00;620.00;1874.67
1763509620.2123628;0.00;1180.00;272.33;0.00;0.00;1570.00;0.00;0.00;0.00;1250.00;502.33;0.00;0.00;0.00;0.00;390.00;1362.33;730.33;0.00;0.00;0.00;0.00;0.00;567.00;839.33;759.33;2797.00;2446.99;2382.33;2040.00;2190.00;2130.00;1800.00;1892.33;2022.33;230.00;1000.00;1000.00;690.00;2514.66;2129.33;432.33;422.33;787.00;470.00;620.00;1874.67
1763509620.2133281;0.00;1180.00;272.33;0.00;0.00;1570.00;0.00;0.00;0.00;1250.00;502.33;0.00;0.00;0.00;0.00;390.00;1362.33;730.33;0.00;0.00;0.00;0.00;0.00;567.00;839.33;759.33;2797.00;2446.99;2382.33;2040.00;2190.00;2130.00;1800.00;1892.33;2022.33;230.00;1000.00;1000.00;690.00;2514.66;2129.33;432.33;422.33;787.00;470.00;620.00;1874.67
1763509624.3978016;0.00;1180.00;272.33;0.00;0.00;1570.00;0.00;0.00;0.00;1250.00;502.33;0.00;0.00;0.00;0.00;390.00;1362.33;730.33;0.00;0.00;390.00;0.00;0.00;567.00;839.33;759.33;2797.00;2596.99;2542.33;2270.00;2190.00;2130.00;1800.00;1892.33;2022.33;230.00;1000.00;1000.00;690.00;2514.66;2279.33;432.33;422.33;787.00;470.00;620.00;1874.67
1763509624.398377;0.00;1180.00;272.33;0.00;0.00;1570.00;0.00;0.00;0.00;1250.00;502.33;0.00;0.00;0.00;0.00;390.00;1362.33;730.33;0.00;0.00;390.00;0.00;0.00;567.00;839.33;759.33;2797.00;2596.99;2542.33;2270.00;2190.00;2130.00;1800.00;1892.33;2022.33;230.00;1000.00;1000.00;690.00;2514.66;2279.33;432.33;422.33;787.00;470.00;620.00;1874.67
1763509624.4781282;0.00;1180.00;272.33;0.00;0.00;1570.00;0.00;0.00;0.00;1250.00;502.33;0.00;0.00;0.00;0.00;390.00;1362.33;730.33;0.00;0.00;780.00;0.00;0.00;567.00;839.33;759.33;3107.00;2906.99;2852.33;2650.00;2340.00;2130.00;1800.00;1892.33;2022.33;230.00;1000.00;1000.00;690.00;2514.66;2279.33;432.33;422.33;787.00;470.00;620.00;1874.67
1763509624.479084;0.00;1180.00;272.33;0.00;0.00;1570.00;0.00;0.00;0.00;1250.00;502.33;0.00;0.00;0.00;0.00;390.00;1362.33;730.33;0.00;0.00;780.00;0.00;0.00;567.00;839.33;759.33;3107.00;2906.99;2852.33;2650.00;2340.00;2130.00;1800.00;1892.33;2022.33;230.00;1000.00;1000.00;690.00;2514.66;2279.33;432.33;422.33;787.00;470.00;620.00;1874.67
1763509624.5594213;0.00;1180.00;272.33;0.00;0.00;1570.00;0.00;0.00;0.00;1250.00;502.33;0.00;0.00;0.00;0.00;390.00;1362.33;730.33;0.00;0.00;860.00;0.00;0.00;567.00;839.33;759.33;3107.00;2906.99;2852.33;2730.00;2420.00;2210.00;1950.00;2042.33;2172.33;230.00;1000.00;1000.00;690.00;2514.66;2279.33;432.33;422.33;787.00;470.00;620.00;2024.67
1763509624.5604444;0.00;1180.00;272.33;0.00;0.00;1570.00;0.00;0.00;0.00;1250.00;502.33;0.00;0.00;0.00;0.00;390.00;1362.33;730.33;0.00;0.00;860.00;0.00;0.00;567.00;839.33;759.33;3107.00;2906.99;2852.33;2730.00;2420.00;2210.00;1950.00;2042.33;2172.33;230.00;1000.00;1000.00;690.00;2514.66;2279.33;432.33;422.33;787.00;470.00;620.00;2024.67
1763509624.627559;0.00;1180.00;272.33;0.00;0.00;1570.00;0.00;0.00;0.00;1250.00;502.33;0.00;0.00;0.00;0.00;390.00;1362.33;730.33;0.00;0.00;1090.00;0.00;0.00;567.00;839.33;759.33;3107.00;2906.99;2852.33;2960.00;2650.00;2440.00;1950.00;2042.33;2172.33;230.00;1000.00;1000.00;690.00;2514.66;2279.33;432.33;422.33;787.00;470.00;620.00;2024.67
1763509624.6281319;0.00;1180.00;272.33;0.00;0.00;1570.00;0.00;0.00;0.00;1250.00;502.33;0.00;0.00;0.00;0.00;390.00;1362.33;730.33;0.00;0.00;1090.00;0.00;0.00;567.00;839.33;759.33;3107.00;2906.99;2852.33;2960.00;2650.00;2440.00;1950.00;2042.33;2172.33;230.00;1000.00;1000.00;690.00;2514.66;2279.33;432.33;422.33;787.00;470.00;620.00;2024.67
1763509624.7087429;0.00;1180.00;272.33;0.00;0.00;1570.00;0.00;0.00;0.00;1250.00;502.33;0.00;0.00;0.00;0.00;390.00;1362.33;730.33;0.00;0.00;1480.00;0.00;0.00;567.00;839.33;909.33;3267.00;3066.99;3012.33;3190.00;2650.00;2440.00;1950.00;2042.33;2172.33;230.00;1000.00;1000.00;690.00;2514.66;2279.33;432.33;422.33;937.00;470.00;620.00;2024.67
1763509624.7096791;0.00;1180.00;272.33;0.00;0.00;1570.00;0.00;0.00;0.00;1250.00;502.33;0.00;0.00;0.00;0.00;390.00;1362.33;730.33;0.00;0.00;1480.00;0.00;0.00;567.00;839.33;909.33;3267.00;3066.99;3012.33;3190.00;2650.00;2440.00;1950.00;2042.33;2172.33;230.00;1000.00;1000.00;690.00;2514.66;2279.33;432.33;422.33;937.00;470.00;620.00;2024.67
1763509624.7913322;0.00;1180.00;272.33;0.00;0.00;1570.00;0.00;0.00;0.00;1250.00;502.33;0.00;0.00;0.00;0.00;390.00;1362.33;730.33;0.00;0.00;1870.00;0.00;0.00;567.00;839.33;909.33;3267.00;3066.99;3322.33;3570.00;2800.00;2590.00;2100.00;2192.33;2322.33;230.00;1000.00;1000.00;690.00;2514.66;2279.33;432.33;732.33;937.00;470.00;620.00;2174.67
1763509624.7922997;0.00;1180.00;272.33;0.00;0.00;1570.00;0.00;0.00;0.00;1250.00;502.33;0.00;0.00;0.00;0.00;390.00;1362.33;730.33;0.00;0.00;1870.00;0.00;0.00;567.00;839.33;909.33;3267.00;3066.99;3322.33;3570.00;2800.00;2590.00;2100.00;2192.33;2322.33;230.00;1000.00;1000.00;690.00;2514.66;2279.33;432.33;732.33;937.00;470.00;620.00;2174.67
1763509625.3666558;0.00;940.00;272.33;0.00;0.00;1570.00;390.00;0.00;0.00;1250.00;502.33;0.00;0.00;0.00;0.00;390.00;1362.33;730.33;0.00;0.00;1870.00;0.00;0.00;567.00;839.33;909.33;3187.00;2986.99;3242.33;3490.00;2950.00;2590.00;2100.00;2192.33;2322.33;230.00;1000.00;1000.00;690.00;2364.66;2279.33;432.33;732.33;937.00;470.00;620.00;2174.67
1763509625.367237;0.00;940.00;272.33;0.00;0.00;1570.00;390.00;0.00;0.00;1250.00;502.33;0.00;0.00;0.00;0.00;390.00;1362.33;730.33;0.00;0.00;1870.00;0.00;0.00;567.00;839.33;909.33;3187.00;2986.99;3242.33;3490.00;2950.00;2590.00;2100.00;2192.33;2322.33;230.00;1000.00;1000.00;690.00;2364.66;2279.33;432.33;732.33;937.00;470.00;620.00;2174.67
1763509630.2219512;0.00;860.00;272.33;0.00;0.00;1570.00;780.00;0.00;0.00;1250.00;0.00;0.00;0.00;0.00;0.00;390.00;1362.33;0.00;0.00;0.00;1870.00;0.00;0.00;160.00;390.00;230.00;1850.00;2324.66;2852.33;3100.00;2560.00;2670.00;2180.00;2160.00;1980.00;230.00;1000.00;1000.00;690.00;1520.00;1144.66;0.00;620.00;450.00;310.00;460.00;1810.00
1763509630.2225256;0.00;860.00;272.33;0.00;0.00;1570.00;780.00;0.00;0.00;1250.00;0.00;0.00;0.00;0.00;0.00;390.00;1362.33;0.00;0.00;0.00;1870.00;0.00;0.00;160.00;390.00;230.00;1850.00;2324.66;2852.33;3100.00;2560.00;2670.00;2180.00;2160.00;1980.00;230.00;1000.00;1000.00;690.00;1520.00;1144.66;0.00;620.00;450.00;310.00;460.00;1810.00
1763509635.2531464;0.00;860.00;32.33;0.00;0.00;1570.00;780.00;0.00;0.00;1250.00;0.00;0.00;0.00;0.00;0.00;390.00;1362.33;0.00;0.00;0.00;1902.33;0.00;0.00;160.00;540.00;380.00;1860.00;2116.99;2644.66;3100.00;2560.00;2670.00;2180.00;2160.00;1980.00;230.00;1000.00;1000.00;690.00;1380.00;946.99;0.00;620.00;450.00;310.00;460.00;1810.00
1763509635.2541;0.00;860.00;32.33;0.00;0.00;1570.00;780.00;0.00;0.00;1250.00;0.00;0.00;0.00;0.00;0.00;390.00;1362.33;0.00;0.00;0.00;1902.33;0.00;0.00;160.00;540.00;380.00;1860.00;2116.99;2644.66;3100.00;2560.00;2670.00;2180.00;2160.00;1980.00;230.00;1000.00;1000.00;690.00;1380.00;946.99;0.00;620.00;450.00;310.00;460.00;1810.00
1763509641.368623;0.00;860.00;32.33;0.00;0.00;1570.00;780.00;0.00;0.00;1640.00;0.00;0.00;0.00;0.00;0.00;390.00;1362.33;0.00;0.00;0.00;1902.33;0.00;0.00;160.00;690.00;530.00;2020.00;2276.99;2804.66;3490.00;2560.00;2670.00;2180.00;2160.00;1980.00;230.00;1000.00;1000.00;690.00;1690.00;946.99;150.00;620.00;450.00;310.00;460.00;1810.00
1763509641.3698382;0.00;860.00;32.33;0.00;0.00;1570.00;780.00;0.00;0.00;1640.00;0.00;0.00;0.00;0.00;0.00;390.00;1362.33;0.00;0.00;0.00;1902.33;0.00;0.00;160.00;690.00;530.00;2020.00;2276.99;2804.66;3490.00;2560.00;2670.00;2180.00;2160.00;1980.00;230.00;1000.00;1000.00;690.00;1690.00;946.99;150.00;620.00;450.00;310.00;460.00;1810.00
1763509641.4708407;0.00;860.00;32.33;0.00;0.00;1570.00;780.00;0.00;0.00;1880.00;0.00;0.00;0.00;0.00;0.00;390.00;1362.33;0.00;0.00;0.00;1902.33;0.00;0.00;390.00;690.00;680.00;2170.00;2436.99;2964.66;3650.00;2640.00;2750.00;2260.00;2240.00;2060.00;230.00;1000.00;1000.00;690.00;1690.00;1256.99;150.00;620.00;600.00;310.00;460.00;1960.00
1763509641.4720502;0.00;860.00;32.33;0.00;0.00;1570.00;780.00;0.00;0.00;1880.00;0.00;0.00;0.00;0.00;0.00;390.00;1362.33;0.00;0.00;0.00;1902.33;0.00;0.00;390.00;690.00;680.00;2170.00;2436.99;2964.66;3650.00;2640.00;2750.00;2260.00;2240.00;2060.00;230.00;1000.00;1000.00;690.00;1690.00;1256.99;150.00;620.00;600.00;310.00;460.00;1960.00
1763509641.7273061;0.00;860.00;32.33;0.00;0.00;1570.00;780.00;0.00;0.00;1880.00;0.00;0.00;0.00;0.00;0.00;390.00;1362.33;0.00;0.00;0.00;1902.33;0.00;0.00;390.00;690.00;680.00;2170.00;2436.99;2964.66;3650.00;2640.00;2750.00;2260.00;2240.00;2060.00;230.00;1000.00;1000.00;690.00;1690.00;1256.99;150.00;620.00;600.00;310.00;460.00;1960.00
1763509641.7283092;0.00;860.00;32.33;0.00;0.00;1570.00;780.00;0.00;0.00;1880.00;0.00;0.00;0.00;0.00;0.00;390.00;1362.33;0.00;0.00;0.00;1902.33;0.00;0.00;390.00;690.00;680.00;2170.00;2436.99;2964.66;3650.00;2640.00;2750.00;2260.00;2240.00;2060.00;230.00;1000.00;1000.00;690.00;1690.00;1256.99;150.00;620.00;600.00;310.00;460.00;1960.00
1763509641.8053992;0.00;860.00;32.33;0.00;0.00;1570.00;780.00;0.00;0.00;1960.00;0.00;0.00;0.00;0.00;0.00;390.00;1362.33;0.00;0.00;0.00;1902.33;0.00;0.00;540.00;840.00;830.00;2320.00;2516.99;3044.66;3730.00;2640.00;2750.00;2260.00;2240.00;2060.00;230.00;1000.00;1000.00;690.00;1690.00;1256.99;150.00;620.00;600.00;310.00;460.00;1960.00
1763509641.8059626;0.00;860.00;32.33;0.00;0.00;1570.00;780.00;0.00;0.00;1960.00;0.00;0.00;0.00;0.00;0.00;390.00;1362.33;0.00;0.00;0.00;1902.33;0.00;0.00;540.00;840.00;830.00;2320.00;2516.99;3044.66;3730.00;2640.00;2750.00;2260.00;2240.00;2060.00;230.00;1000.00;1000.00;690.00;1690.00;1256.99;150.00;620.00;600.00;310.00;460.00;1960.00
1763509641.8838146;0.00;860.00;32.33;0.00;0.00;1570.00;780.00;0.00;0.00;1960.00;0.00;0.00;0.00;0.00;0.00;390.00;1362.33;0.00;0.00;0.00;1902.33;0.00;0.00;540.00;840.00;830.00;2320.00;2516.99;3044.66;3730.00;2640.00;2750.00;2260.00;2240.00;2060.00;230.00;1000.00;1000.00;690.00;1690.00;1256.99;150.00;620.00;600.00;310.00;460.00;1960.00
1763509641.8847723;0.00;860.00;32.33;0.00;0.00;1570.00;780.00;0.00;0.00;1960.00;0.00;0.00;0.00;0.00;0.00;390.00;1362.33;0.00;0.00;0.00;1902.33;0.00;0.00;540.00;840.00;830.00;2320.00;2516.99;3044.66;3730.00;2640.00;2750.00;2260.00;2240.00;2060.00;230.00;1000.00;1000.00;690.00;1690.00;1256.99;150.00;620.00;600.00;310.00;460.00;1960.00
1763509641.9840899;0.00;860.00;32.33;0.00;0.00;1570.00;780.00;0.00;0.00;1960.00;0.00;0.00;0.00;0.00;0.00;390.00;1362.33;0.00;0.00;0.00;1902.33;0.00;0.00;540.00;840.00;830.00;2320.00;2516.99;3044.66;3730.00;2640.00;2750.00;2260.00;2240.00;2060.00;230.00;1000.00;1000.00;690.00;1690.00;1256.99;150.00;620.00;600.00;310.00;460.00;1960.00
1763509641.9850698;0.00;860.00;32.33;0.00;0.00;1570.00;780.00;0.00;0.00;1960.00;0.00;0.00;0.00;0.00;0.00;390.00;1362.33;0.00;0.00;0.00;1902.33;0.00;0.00;540.00;840.00;830.00;2320.00;2516.99;3044.66;3730.00;2640.00;2750.00;2260.00;2240.00;2060.00;230.00;1000.00;1000.00;690.00;1690.00;1256.99;150.00;620.00;600.00;310.00;460.00;1960.00
1763509645.28629;0.00;860.00;0.00;0.00;0.00;1570.00;390.00;540.00;0.00;1340.00;0.00;0.00;0.00;0.00;0.00;390.00;1362.33;0.00;0.00;0.00;1902.33;0.00;0.00;540.00;610.00;750.00;2090.00;2324.66;2852.33;3570.00;2950.00;2820.00;2100.00;2090.00;1910.00;230.00;1000.00;1310.00;230.00;1380.00;834.66;150.00;620.00;450.00;0.00;460.00;1810.00
1763509645.2872694;0.00;860.00;0.00;0.00;0.00;1570.00;390.00;540.00;0.00;1340.00;0.00;0.00;0.00;0.00;0.00;390.00;1362.33;0.00;0.00;0.00;1902.33;0.00;0.00;540.00;610.00;750.00;2090.00;2324.66;2852.33;3570.00;2950.00;2820.00;2100.00;2090.00;1910.00;230.00;1000.00;1310.00;230.00;1380.00;834.66;150.00;620.00;450.00;0.00;460.00;1810.00
1763509645.5292716;0.00;860.00;0.00;0.00;0.00;1570.00;390.00;540.00;390.00;1340.00;0.00;0.00;0.00;0.00;0.00;390.00;1362.33;0.00;0.00;0.00;1902.33;0.00;0.00;540.00;610.00;750.00;2090.00;2474.66;3002.33;3650.00;3260.00;2820.00;2100.00;2090.00;1910.00;230.00;1000.00;1620.00;230.00;1380.00;984.66;150.00;620.00;450.00;0.00;460.00;1810.00
1763509645.5302403;0.00;860.00;0.00;0.00;0.00;1570.00;390.00;540.00;390.00;1340.00;0.00;0.00;0.00;0.00;0.00;390.00;1362.33;0.00;0.00;0.00;1902.33;0.00;0.00;540.00;610.00;750.00;2090.00;2474.66;3002.33;3650.00;3260.00;2820.00;2100.00;2090.00;1910.00;230.00;1000.00;1620.00;230.00;1380.00;984.66;150.00;620.00;450.00;0.00;460.00;1810.00
1763509645.603949;0.00;860.00;0.00;0.00;240.00;1570.00;390.00;540.00;390.00;1340.00;0.00;0.00;0.00;0.00;0.00;390.00;1362.33;0.00;0.00;0.00;1902.33;0.00;0.00;770.00;610.00;750.00;2090.00;2474.66;3002.33;3650.00;3260.00;2820.00;2340.00;2320.00;2140.00;230.00;1000.00;1620.00;230.00;1380.00;984.66;150.00;620.00;450.00;310.00;460.00;2110.00
1763509645.604895;0.00;860.00;0.00;0.00;240.00;1570.00;390.00;540.00;390.00;1340.00;0.00;0.00;0.00;0.00;0.00;390.00;1362.33;0.00;0.00;0.00;1902.33;0.00;0.00;770.00;610.00;750.00;2090.00;2474.66;3002.33;3650.00;3260.00;2820.00;2340.00;2320.00;2140.00;230.00;1000.00;1620.00;230.00;1380.00;984.66;150.00;620.00;450.00;310.00;460.00;2110.00
1763509645.6797328;0.00;940.00;0.00;0.00;240.00;1570.00;390.00;540.00;390.00;1340.00;0.00;0.00;0.00;0.00;0.00;390.00;1362.33;0.00;0.00;0.00;1902.33;0.00;0.00;770.00;610.00;750.00;2170.00;2554.66;3082.33;3730.00;3340.00;2820.00;2340.00;2320.00;2140.00;230.00;1000.00;1620.00;230.00;1530.00;984.66;150.00;620.00;450.00;310.00;460.00;2110.00
1763509645.6806948;0.00;940.00;0.00;0.00;240.00;1570.00;390.00;540.00;390.00;1340.00;0.00;0.00;0.00;0.00;0.00;390.00;1362.33;0.00;0.00;0.00;1902.33;0.00;0.00;770.00;610.00;750.00;2170.00;2554.66;3082.33;3730.00;3340.00;2820.00;2340.00;2320.00;2140.00;230.00;1000.00;1620.00;230.00;1530.00;984.66;150.00;620.00;450.00;310.00;460.00;2110.00
1763509650.2596354;0.00;1330.00;0.00;0.00;240.00;1570.00;390.00;540.00;390.00;1340.00;0.00;0.00;0.00;0.00;0.00;390.00;860.00;0.00;0.00;0.00;1902.33;0.00;0.00;930.00;770.00;750.00;2020.00;2282.33;2852.33;3500.00;3340.00;2980.00;2500.00;2480.00;2300.00;230.00;1000.00;1390.00;230.00;1380.00;872.33;150.00;620.00;600.00;310.00;460.00;2110.00
1763509650.2602353;0.00;1330.00;0.00;0.00;240.00;1570.00;390.00;540.00;390.00;1340.00;0.00;0.00;0.00;0.00;0.00;390.00;860.00;0.00;0.00;0.00;1902.33;0.00;0.00;930.00;770.00;750.00;2020.00;2282.33;2852.33;3500.00;3340.00;2980.00;2500.00;2480.00;2300.00;230.00;1000.00;1390.00;230.00;1380.00;872.33;150.00;620.00;600.00;310.00;460.00;2110.00
1763509655.3040442;0.00;1020.00;0.00;0.00;0.00;1570.00;0.00;540.00;390.00;1340.00;0.00;0.00;0.00;0.00;0.00;390.00;780.00;0.00;0.00;0.00;1870.00;0.00;0.00;850.00;770.00;600.00;1550.00;2090.00;2580.00;3260.00;3100.00;2820.00;2100.00;2090.00;1770.00;230.00;1000.00;1160.00;230.00;920.00;760.00;150.00;620.00;750.00;0.00;610.00;1350.00
1763509655.3049607;0.00;1020.00;0.00;0.00;0.00;1570.00;0.00;540.00;390.00;1340.00;0.00;0.00;0.00;0.00;0.00;390.00;780.00;0.00;0.00;0.00;1870.00;0.00;0.00;850.00;770.00;600.00;1550.00;2090.00;2580.00;3260.00;3100.00;2820.00;2100.00;2090.00;1770.00;230.00;1000.00;1160.00;230.00;920.00;760.00;150.00;620.00;750.00;0.00;610.00;1350.00
1763509658.5220637;0.00;1020.00;0.00;0.00;0.00;1570.00;390.00;540.00;390.00;1340.00;0.00;0.00;0.00;0.00;0.00;390.00;780.00;0.00;0.00;0.00;1870.00;0.00;0.00;850.00;770.00;750.00;1630.00;2170.00;2660.00;3340.00;3180.00;3130.00;2100.00;2090.00;1770.00;230.00;1310.00;1160.00;230.00;920.00;760.00;150.00;620.00;900.00;0.00;610.00;1350.00
1763509658.5230188;0.00;1020.00;0.00;0.00;0.00;1570.00;390.00;540.00;390.00;1340.00;0.00;0.00;0.00;0.00;0.00;390.00;780.00;0.00;0.00;0.00;1870.00;0.00;0.00;850.00;770.00;750.00;1630.00;2170.00;2660.00;3340.00;3180.00;3130.00;2100.00;2090.00;1770.00;230.00;1310.00;1160.00;230.00;920.00;760.00;150.00;620.00;900.00;0.00;610.00;1350.00
1763509658.6083777;0.00;1020.00;0.00;0.00;0.00;1570.00;620.00;540.00;390.00;1340.00;0.00;0.00;0.00;0.00;0.00;390.00;780.00;0.00;0.00;0.00;1870.00;0.00;0.00;850.00;770.00;750.00;1630.00;2170.00;2660.00;3340.00;3180.00;3130.00;2100.00;2090.00;1770.00;230.00;1310.00;1160.00;230.00;920.00;760.00;150.00;620.00;900.00;0.00;610.00;1350.00
1763509658.6093912;0.00;1020.00;0.00;0.00;0.00;1570.00;620.00;540.00;390.00;1340.00;0.00;0.00;0.00;0.00;0.00;390.00;780.00;0.00;0.00;0.00;1870.00;0.00;0.00;850.00;770.00;750.00;1630.00;2170.00;2660.00;3340.00;3180.00;3130.00;2100.00;2090.00;1770.00;230.00;1310.00;1160.00;230.00;920.00;760.00;150.00;620.00;900.00;0.00;610.00;1350.00
1763509658.681151;0.00;1020.00;0.00;0.00;0.00;1570.00;860.00;540.00;390.00;1340.00;0.00;0.00;0.00;0.00;0.00;390.00;780.00;0.00;0.00;0.00;1870.00;0.00;0.00;1010.00;930.00;900.00;1710.00;2250.00;2740.00;3420.00;3260.00;3290.00;2260.00;2250.00;1930.00;230.00;1310.00;1160.00;230.00;1220.00;760.00;150.00;620.00;1210.00;0.00;610.00;1350.00
1763509658.6818647;0.00;1020.00;0.00;0.00;0.00;1570.00;860.00;540.00;390.00;1340.00;0.00;0.00;0.00;0.00;0.00;390.00;780.00;0.00;0.00;0.00;1870.00;0.00;0.00;1010.00;930.00;900.00;1710.00;2250.00;2740.00;3420.00;3260.00;3290.00;2260.00;2250.00;1930.00;230.00;1310.00;1160.00;230.00;1220.00;760.00;150.00;620.00;1210.00;0.00;610.00;1350.00
1763509658.729765;0.00;1020.00;0.00;0.00;0.00;1570.00;1100.00;540.00;390.00;1340.00;0.00;0.00;0.00;0.00;0.00;390.00;780.00;0.00;0.00;0.00;1870.00;0.00;0.00;1160.00;1080.00;900.00;1790.00;2330.00;2820.00;3500.00;3340.00;3450.00;2420.00;2410.00;2090.00;230.00;1310.00;1160.00;230.00;1370.00;760.00;150.00;620.00;1360.00;0.00;610.00;1660.00
1763509658.730342;0.00;1020.00;0.00;0.00;0.00;1570.00;1100.00;540.00;390.00;1340.00;0.00;0.00;0.00;0.00;0.00;390.00;780.00;0.00;0.00;0.00;1870.00;0.00;0.00;1160.00;1080.00;900.00;1790.00;2330.00;2820.00;3500.00;3340.00;3450.00;2420.00;2410.00;2090.00;230.00;1310.00;1160.00;230.00;1370.00;760.00;150.00;620.00;1360.00;0.00;610.00;1660.00
1763509658.7782707;0.00;1020.00;0.00;0.00;0.00;1570.00;1330.00;540.00;390.00;1340.00;0.00;0.00;0.00;0.00;0.00;390.00;780.00;0.00;0.00;0.00;1870.00;0.00;0.00;1160.00;1080.00;900.00;1790.00;2330.00;2820.00;3500.00;3340.00;3450.00;2420.00;2410.00;2090.00;230.00;1310.00;1160.00;230.00;1370.00;760.00;150.00;620.00;1360.00;0.00;610.00;1660.00
1763509658.7788398;0.00;1020.00;0.00;0.00;0.00;1570.00;1330.00;540.00;390.00;1340.00;0.00;0.00;0.00;0.00;0.00;390.00;780.00;0.00;0.00;0.00;1870.00;0.00;0.00;1160.00;1080.00;900.00;1790.00;2330.00;2820.00;3500.00;3340.00;3450.00;2420.00;2410.00;2090.00;230.00;1310.00;1160.00;230.00;1370.00;760.00;150.00;620.00;1360.00;0.00;610.00;1660.00
1763509658.831294;0.00;1020.00;0.00;0.00;0.00;1570.00;1870.00;540.00;390.00;1340.00;0.00;0.00;0.00;0.00;0.00;390.00;780.00;0.00;0.00;0.00;1870.00;0.00;0.00;1160.00;1080.00;900.00;1790.00;2330.00;2820.00;3500.00;3340.00;3450.00;2420.00;2410.00;2090.00;230.00;1310.00;1470.00;230.00;1370.00;760.00;150.00;620.00;1360.00;0.00;610.00;1660.00
1763509658.831887;0.00;1020.00;0.00;0.00;0.00;1570.00;1870.00;540.00;390.00;1340.00;0.00;0.00;0.00;0.00;0.00;390.00;780.00;0.00;0.00;0.00;1870.00;0.00;0.00;1160.00;1080.00;900.00;1790.00;2330.00;2820.00;3500.00;3340.00;3450.00;2420.00;2410.00;2090.00;230.00;1310.00;1470.00;230.00;1370.00;760.00;150.00;620.00;1360.00;0.00;610.00;1660.00
1763509660.4858236;0.00;1020.00;0.00;0.00;0.00;1490.00;1870.00;1080.00;390.00;1110.00;0.00;0.00;0.00;0.00;0.00;390.00;780.00;0.00;0.00;0.00;1870.00;0.00;0.00;1160.00;1080.00;900.00;1640.00;2180.00;2670.00;3650.00;3570.00;3450.00;2420.00;2410.00;2090.00;230.00;1310.00;1780.00;0.00;1370.00;760.00;150.00;620.00;1360.00;0.00;610.00;1660.00
1763509660.486826;0.00;1020.00;0.00;0.00;0.00;1490.00;1870.00;1080.00;390.00;1110.00;0.00;0.00;0.00;0.00;0.00;390.00;780.00;0.00;0.00;0.00;1870.00;0.00;0.00;1160.00;1080.00;900.00;1640.00;2180.00;2670.00;3650.00;3570.00;3450.00;2420.00;2410.00;2090.00;230.00;1310.00;1780.00;0.00;1370.00;760.00;150.00;620.00;1360.00;0.00;610.00;1660.00
1763509660.5811286;0.00;1020.00;0.00;0.00;0.00;1490.00;1870.00;1080.00;390.00;1110.00;0.00;0.00;0.00;0.00;0.00;390.00;780.00;0.00;0.00;0.00;1870.00;0.00;0.00;1160.00;1080.00;900.00;1640.00;2180.00;2670.00;3650.00;3570.00;3450.00;2420.00;2410.00;2090.00;230.00;1310.00;1780.00;0.00;1370.00;760.00;150.00;620.00;1360.00;0.00;610.00;1660.00
1763509660.5821242;0.00;1020.00;0.00;0.00;0.00;1490.00;1870.00;1080.00;390.00;1110.00;0.00;0.00;0.00;0.00;0.00;390.00;780.00;0.00;0.00;0.00;1870.00;0.00;0.00;1160.00;1080.00;900.00;1640.00;2180.00;2670.00;3650.00;3570.00;3450.00;2420.00;2410.00;2090.00;230.00;1310.00;1780.00;0.00;1370.00;760.00;150.00;620.00;1360.00;0.00;610.00;1660.00
1763509672.3691263;0.00;1020.00;0.00;0.00;0.00;1490.00;1870.00;1080.00;390.00;1110.00;0.00;0.00;0.00;0.00;0.00;390.00;780.00;97.00;0.00;0.00;1870.00;0.00;0.00;1160.00;1080.00;1092.33;2030.00;2180.00;2670.00;3650.00;3570.00;3450.00;2420.00;2410.00;2090.00;230.00;1310.00;1780.00;0.00;1632.33;920.00;150.00;620.00;1584.67;0.00;610.00;1660.00
1763509672.3700662;0.00;1020.00;0.00;0.00;0.00;1490.00;1870.00;1080.00;390.00;1110.00;0.00;0.00;0.00;0.00;0.00;390.00;780.00;97.00;0.00;0.00;1870.00;0.00;0.00;1160.00;1080.00;1092.33;2030.00;2180.00;2670.00;3650.00;3570.00;3450.00;2420.00;2410.00;2090.00;230.00;1310.00;1780.00;0.00;1632.33;920.00;150.00;620.00;1584.67;0.00;610.00;1660.00
1763509672.447334;0.00;1020.00;0.00;0.00;0.00;1490.00;1870.00;1080.00;390.00;1110.00;0.00;0.00;0.00;0.00;0.00;390.00;780.00;194.00;0.00;0.00;1870.00;0.00;0.00;1320.00;1144.67;1124.66;2260.00;2180.00;2670.00;3650.00;3570.00;3600.00;2570.00;2570.00;2250.00;230.00;1310.00;1780.00;0.00;1894.66;920.00;150.00;620.00;1584.67;310.00;610.00;1660.00
1763509672.4478662;0.00;1020.00;0.00;0.00;0.00;1490.00;1870.00;1080.00;390.00;1110.00;0.00;0.00;0.00;0.00;0.00;390.00;780.00;194.00;0.00;0.00;1870.00;0.00;0.00;1320.00;1144.67;1124.66;2260.00;2180.00;2670.00;3650.00;3570.00;3600.00;2570.00;2570.00;2250.00;230.00;1310.00;1780.00;0.00;1894.66;920.00;150.00;620.00;1584.67;310.00;610.00;1660.00
1763509672.5097835;0.00;1020.00;0.00;0.00;0.00;1490.00;1870.00;1080.00;390.00;1110.00;0.00;0.00;0.00;0.00;0.00;390.00;780.00;611.00;0.00;0.00;1870.00;0.00;0.00;1480.00;1304.67;1381.66;2564.67;2180.00;2670.00;3650.00;3570.00;3600.00;2570.00;2570.00;2560.00;230.00;1310.00;1780.00;0.00;2006.99;1294.67;150.00;620.00;1584.67;310.00;610.00;1810.00
1763509672.5103767;0.00;1020.00;0.00;0.00;0.00;1490.00;1870.00;1080.00;390.00;1110.00;0.00;0.00;0.00;0.00;0.00;390.00;780.00;611.00;0.00;0.00;1870.00;0.00;0.00;1480.00;1304.67;1381.66;2564.67;2180.00;2670.00;3650.00;3570.00;3600.00;2570.00;2570.00;2560.00;230.00;1310.00;1780.00;0.00;2006.99;1294.67;150.00;620.00;1584.67;310.00;610.00;1810.00
1763509672.6609633;0.00;1020.00;0.00;0.00;0.00;1490.00;1870.00;1080.00;390.00;1110.00;0.00;0.00;0.00;0.00;0.00;390.00;780.00;803.33;0.00;0.00;1870.00;0.00;0.00;1640.00;1534.67;1653.99;2874.67;2500.00;2670.00;3650.00;3570.00;3600.00;2570.00;2570.00;2560.00;230.00;1310.00;1780.00;0.00;2269.32;1294.67;150.00;940.00;1734.67;310.00;610.00;1970.00
1763509672.6615467;0.00;1020.00;0.00;0.00;0.00;1490.00;1870.00;1080.00;390.00;1110.00;0.00;0.00;0.00;0.00;0.00;390.00;780.00;803.33;0.00;0.00;1870.00;0.00;0.00;1640.00;1534.67;1653.99;2874.67;2500.00;2670.00;3650.00;3570.00;3600.00;2570.00;2570.00;2560.00;230.00;1310.00;1780.00;0.00;2269.32;1294.67;150.00;940.00;1734.67;310.00;610.00;1970.00
1763509672.744889;0.00;1020.00;0.00;0.00;0.00;1490.00;1870.00;1080.00;390.00;1110.00;0.00;0.00;0.00;0.00;0.00;390.00;780.00;1210.33;0.00;0.00;1870.00;0.00;0.00;1790.00;1614.67;2140.99;3099.34;2724.67;2670.00;3650.00;3570.00;3600.00;2570.00;2570.00;2560.00;230.00;1310.00;1780.00;0.00;2419.32;1294.67;310.00;1164.67;1734.67;310.00;610.00;2120.00
1763509672.7459176;0.00;1020.00;0.00;0.00;0.00;1490.00;1870.00;1080.00;390.00;1110.00;0.00;0.00;0.00;0.00;0.00;390.00;780.00;1210.33;0.00;0.00;1870.00;0.00;0.00;1790.00;1614.67;2140.99;3099.34;2724.67;2670.00;3650.00;3570.00;3600.00;2570.00;2570.00;2560.00;230.00;1310.00;1780.00;0.00;2419.32;1294.67;310.00;1164.67;1734.67;310.00;610.00;2120.00
1763509672.799983;0.00;1020.00;0.00;0.00;0.00;1490.00;1870.00;1080.00;390.00;1110.00;0.00;0.00;0.00;0.00;0.00;390.00;780.00;1665.00;0.00;0.00;1870.00;0.00;0.00;1790.00;1844.67;2515.66;3249.34;2874.67;2670.00;3650.00;3570.00;3600.00;2570.00;2570.00;2560.00;230.00;1310.00;1780.00;0.00;2419.32;1294.67;310.00;1314.67;1884.67;310.00;610.00;2120.00
1763509672.8005638;0.00;1020.00;0.00;0.00;0.00;1490.00;1870.00;1080.00;390.00;1110.00;0.00;0.00;0.00;0.00;0.00;390.00;780.00;1665.00;0.00;0.00;1870.00;0.00;0.00;1790.00;1844.67;2515.66;3249.34;2874.67;2670.00;3650.00;3570.00;3600.00;2570.00;2570.00;2560.00;230.00;1310.00;1780.00;0.00;2419.32;1294.67;310.00;1314.67;1884.67;310.00;610.00;2120.00
