No.,time,timestamp,number_of_sfc,cpu_utilization,bandwidth_utilization,cache_utilization,latency,duration,success,arrival_time,depart_time,sfc_id
1,None,1695135798.3843212,4,0.006388888888888888,0.0009238095238095237,0.020833333333333332,1,0.1880335807800293,1,1695135798.1952877,1695135798.3843212,sfc_cache_p1_1
2,None,1695135798.6171198,4,0.019166666666666665,0.0027714285714285714,0.020833333333333332,1,0.18729162216186523,1,1695135798.1952877,1695135798.6171198,sfc_unique_p1_1
3,None,1695135798.8631332,4,0.025555555555555554,0.0036952380952380947,0.041666666666666664,1,0.1980133056640625,1,1695135798.1952877,1695135798.8631332,sfc_cache_p2_1
4,None,1695135799.1011174,4,0.03833333333333333,0.005542857142857143,0.041666666666666664,1,0.19147753715515137,1,1695135798.1952877,1695135799.1011174,sfc_unique_p2_1
5,None,1695135799.350278,4,0.044722222222222226,0.006466666666666666,0.0625,1,0.19463157653808594,1,1695135798.1952877,1695135799.350278,sfc_cache_p3_1
6,None,1695135799.5960886,4,0.0575,0.008314285714285715,0.0625,1,0.19130277633666992,1,1695135798.1952877,1695135799.5960886,sfc_unique_p3_1
7,None,1695135799.781104,4,0.06388888888888888,0.009238095238095238,0.08333333333333333,1,0.13650989532470703,1,1695135798.1952877,1695135799.781104,sfc_cache_p4_1
8,None,1695135799.9381232,4,0.07666666666666666,0.011085714285714286,0.08333333333333333,1,0.11951017379760742,1,1695135798.1952877,1695135799.9381232,sfc_unique_p4_1
9,None,1695135819.3986125,4,0.08305555555555555,0.01658095238095238,0.10416666666666667,3,0.17248177528381348,1,1695135819.2251303,1695135819.3986125,sfc_cache_p1_2
10,None,1695135819.6505203,4,0.09583333333333334,0.027571428571428573,0.10416666666666667,3,0.1910238265991211,1,1695135819.2251303,1695135819.6505203,sfc_unique_p1_2
11,None,1695135819.9139645,4,0.10222222222222221,0.028495238095238098,0.125,3,0.1999375820159912,1,1695135819.2251303,1695135819.9139645,sfc_cache_p2_2
12,None,1695135820.1539783,4,0.115,0.039485714285714284,0.125,3,0.17401385307312012,1,1695135819.2251303,1695135820.1539783,sfc_unique_p2_2
13,None,1695135820.4075167,4,0.12138888888888888,0.04040952380952381,0.14583333333333334,3,0.1900312900543213,1,1695135819.2251303,1695135820.4075167,sfc_cache_p3_2
14,None,1695135820.676214,4,0.13416666666666666,0.05140000000000001,0.14583333333333334,3,0.19863533973693848,1,1695135819.2251303,1695135820.676214,sfc_unique_p3_2
15,None,1695135820.8832958,4,0.14055555555555554,0.05232380952380953,0.16666666666666666,3,0.13255620002746582,1,1695135819.2251303,1695135820.8832958,sfc_cache_p4_2
16,None,1695135821.0614533,4,0.15333333333333332,0.06331428571428571,0.16666666666666666,3,0.12250638008117676,1,1695135819.2251303,1695135821.0614533,sfc_unique_p4_2
17,None,1695135834.4474783,4,0.1597222222222222,0.07566666666666667,0.1875,6,0.18001341819763184,1,1695135834.2514653,1695135834.4474783,sfc_cache_p1_3
18,None,1695135834.7009845,4,0.1725,0.09122857142857142,0.1875,4,0.17496180534362793,1,1695135834.2514653,1695135834.7009845,sfc_unique_p1_3
19,None,1695135834.977066,4,0.17888888888888888,0.09215238095238096,0.20833333333333334,2,0.17101240158081055,1,1695135834.2514653,1695135834.977066,sfc_cache_p2_3
20,None,1695135835.2369235,4,0.19166666666666668,0.09857142857142857,0.20833333333333334,2,0.17435121536254883,1,1695135834.2514653,1695135835.2369235,sfc_unique_p2_3
21,None,1695135835.494939,4,0.19805555555555557,0.0994952380952381,0.22916666666666666,2,0.17050838470458984,1,1695135834.2514653,1695135835.494939,sfc_cache_p3_3
22,None,1695135835.7588592,4,0.21083333333333334,0.10591428571428572,0.22916666666666666,2,0.1774146556854248,1,1695135834.2514653,1695135835.7588592,sfc_unique_p3_3
23,None,1695135835.9814656,4,0.21722222222222223,0.10683809523809525,0.25,2,0.12402892112731934,1,1695135834.2514653,1695135835.9814656,sfc_cache_p4_3
24,None,1695135836.1635365,4,0.23,0.11325714285714286,0.25,2,0.10654473304748535,1,1695135834.2514653,1695135836.1635365,sfc_unique_p4_3
25,None,1695135837.967544,4,0.21083333333333334,0.10591428571428572,0.22916666666666666,None,0.12348008155822754,0,1695135837.844064,1695135837.967544,sfc_cache_p3_3
26,None,1695135838.144171,4,0.22361111111111115,0.11233333333333334,0.22916666666666666,2,0.11457109451293945,1,1695135837.9195433,1695135838.144171,sfc_unique_p3_3
27,None,1695135851.0777202,4,0.22361111111111115,0.11233333333333334,0.22916666666666666,2,0.12068367004394531,1,1695135850.9570365,1695135851.0777202,sfc_unique_p3_3
28,None,1695135853.4487808,4,0.23,0.11325714285714288,0.25,1,0.16752290725708008,1,1695135853.2812579,1695135853.4487808,sfc_cache_p1_4
29,None,1695135853.7277467,4,0.24277777777777781,0.11510476190476192,0.25,1,0.17901396751403809,1,1695135853.2812579,1695135853.7277467,sfc_unique_p1_4
30,None,1695135854.0031197,4,0.24916666666666668,0.11602857142857144,0.2708333333333333,1,0.17234444618225098,1,1695135853.2812579,1695135854.0031197,sfc_cache_p2_4
31,None,1695135854.2805495,4,0.2619444444444445,0.11787619047619048,0.2708333333333333,1,0.17104554176330566,1,1695135853.2812579,1695135854.2805495,sfc_unique_p2_4
32,None,1695135854.5711746,4,0.2683333333333333,0.1188,0.2916666666666667,1,0.18009376525878906,1,1695135853.2812579,1695135854.5711746,sfc_cache_p3_4
33,None,1695135854.8692045,4,0.28111111111111114,0.12064761904761906,0.2916666666666667,1,0.18552327156066895,1,1695135853.2812579,1695135854.8692045,sfc_unique_p3_4
34,None,1695135855.0952656,4,0.2875,0.12157142857142857,0.3125,1,0.11304712295532227,1,1695135853.2812579,1695135855.0952656,sfc_cache_p4_4
35,None,1695135855.281283,4,0.3002777777777778,0.12341904761904762,0.3125,1,0.11051082611083984,1,1695135853.2812579,1695135855.281283,sfc_unique_p4_4
36,None,1695135857.172014,4,0.28111111111111114,0.11150476190476191,0.2916666666666667,None,0.1275928020477295,0,1695135857.0434604,1695135857.172014,sfc_cache_p1_2
37,None,1695135857.3585413,4,0.2938888888888889,0.11792380952380954,0.2916666666666667,2,0.11701679229736328,1,1695135857.096507,1695135857.3585413,sfc_unique_p1_2
38,None,1695135868.3061004,4,0.27472222222222226,0.10600952380952382,0.2708333333333333,None,0.128187894821167,0,1695135868.1769125,1695135868.3061004,sfc_cache_p2_2
39,None,1695135868.4871287,4,0.2875,0.11242857142857143,0.2708333333333333,2,0.1160283088684082,1,1695135868.236458,1695135868.4871287,sfc_unique_p2_2
40,None,1695135870.472843,4,0.2938888888888889,0.11335238095238095,0.2916666666666667,1,0.16701436042785645,1,1695135870.3058286,1695135870.472843,sfc_cache_p1_5
41,None,1695135870.7539477,4,0.30666666666666664,0.1152,0.2916666666666667,1,0.1665658950805664,1,1695135870.3058286,1695135870.7539477,sfc_unique_p1_5
42,None,1695135871.048972,4,0.31305555555555553,0.11612380952380953,0.3125,1,0.1815340518951416,1,1695135870.3058286,1695135871.048972,sfc_cache_p2_5
43,None,1695135871.355493,4,0.3258333333333333,0.11797142857142857,0.3125,1,0.18601369857788086,1,1695135870.3058286,1695135871.355493,sfc_unique_p2_5
44,None,1695135871.6510136,4,0.3322222222222222,0.12346666666666668,0.3333333333333333,3,0.17701339721679688,1,1695135870.3058286,1695135871.6510136,sfc_cache_p3_5
45,None,1695135871.9391236,4,0.345,0.12716190476190478,0.3333333333333333,2,0.16709399223327637,1,1695135870.3058286,1695135871.9391236,sfc_unique_p3_5
46,None,1695135872.1570022,4,0.3513888888888889,0.12900952380952382,0.3541666666666667,2,0.09958052635192871,1,1695135870.3058286,1695135872.1570022,sfc_cache_p4_5
47,None,1695135872.3485987,4,0.3513888888888889,0.12900952380952382,0.3541666666666667,None,0.10104656219482422,0,1695135870.3058286,1695135872.3485987,sfc_unique_p4_5
48,None,1695135886.473738,4,0.35777777777777775,0.13907619047619046,0.375,5,0.14861273765563965,1,1695135886.3241243,1695135886.473738,sfc_cache_p1_6
49,None,1695135886.756764,4,0.3705555555555556,0.15406666666666669,0.375,4,0.15651798248291016,1,1695135886.3241243,1695135886.756764,sfc_unique_p1_6
50,None,1695135887.0692987,4,0.3769444444444444,0.15499047619047618,0.3958333333333333,5,0.1760265827178955,1,1695135886.3241243,1695135887.0692987,sfc_cache_p2_6
51,None,1695135887.3653033,4,0.38972222222222225,0.16140952380952384,0.3958333333333333,4,0.15550684928894043,1,1695135886.3241243,1695135887.3653033,sfc_unique_p2_6
52,None,1695135887.745451,4,0.3705555555555556,0.14949523809523813,0.375,None,0.19762778282165527,0,1695135887.513823,1695135887.745451,sfc_cache_p4_2
53,None,1695135888.0694945,4,0.38333333333333336,0.15591428571428573,0.375,2,0.17302918434143066,1,1695135887.5959542,1695135888.0694945,sfc_unique_p4_2
54,None,1695135888.3741796,4,0.38972222222222225,0.15683809523809525,0.3958333333333333,4,0.158538818359375,1,1695135886.3241243,1695135888.3741796,sfc_cache_p3_6
55,None,1695135888.6656384,4,0.4025,0.16325714285714285,0.3958333333333333,4,0.15293598175048828,1,1695135886.3241243,1695135888.6656384,sfc_unique_p3_6
56,None,1695135888.954179,4,0.4088888888888889,0.16418095238095237,0.4166666666666667,4,0.14352655410766602,1,1695135886.3241243,1695135888.954179,sfc_cache_p4_6
57,None,1695135889.2074676,4,0.4216666666666667,0.1706,0.4166666666666667,4,0.1382441520690918,1,1695135886.3241243,1695135889.2074676,sfc_unique_p4_6
58,None,1695135889.783932,4,0.38333333333333336,0.15134285714285714,0.375,None,0.26691675186157227,0,1695135889.5160155,1695135889.783932,sfc_cache_p4_1
59,None,1695135890.0959947,4,0.39611111111111114,0.15776190476190477,0.375,2,0.16701364517211914,1,1695135889.7669303,1695135890.0959947,sfc_unique_p3_2
60,None,1695135890.4123144,4,0.39611111111111114,0.15776190476190477,0.375,None,0.17152142524719238,0,1695135889.6859167,1695135890.4123144,sfc_cache_p3_2
61,None,1695135890.7773561,4,0.3897222222222223,0.15683809523809525,0.3541666666666667,1,0.16401410102844238,1,1695135890.584835,1695135890.7773561,sfc_unique_p2_1
62,None,1695135891.085501,4,0.3897222222222223,0.15683809523809525,0.3541666666666667,None,0.16605663299560547,0,1695135890.5508223,1695135891.085501,sfc_cache_p2_1
63,None,1695135891.3410573,4,0.4025,0.1586857142857143,0.3541666666666667,1,0.13152432441711426,1,1695135889.607031,1695135891.3410573,sfc_unique_p4_1
64,None,1695135907.5169437,4,0.3833333333333333,0.15591428571428573,0.3333333333333333,1,0.16819214820861816,1,1695135907.3487515,1695135907.5169437,sfc_cache_p1_7
65,None,1695135907.8535008,4,0.3705555555555555,0.15406666666666669,0.3333333333333333,1,0.1680154800415039,1,1695135907.3487515,1695135907.8535008,sfc_unique_p1_7
66,None,1695135908.2010844,4,0.37694444444444436,0.1549904761904762,0.3541666666666667,1,0.153031587600708,1,1695135907.3487515,1695135908.2010844,sfc_cache_p2_7
67,None,1695135908.4843917,4,0.37694444444444436,0.1549904761904762,0.3541666666666667,None,0.14429426193237305,0,1695135907.3487515,1695135908.4843917,sfc_unique_p2_7
68,None,1695135908.800537,4,0.37694444444444436,0.1549904761904762,0.3541666666666667,None,0.1571187973022461,0,1695135907.3487515,1695135908.800537,sfc_cache_p3_7
69,None,1695135909.1245973,4,0.37694444444444436,0.1549904761904762,0.3541666666666667,None,0.15752124786376953,0,1695135907.3487515,1695135909.1245973,sfc_unique_p3_7
70,None,1695135909.3876247,4,0.37694444444444436,0.1549904761904762,0.3541666666666667,None,0.11451983451843262,0,1695135907.3487515,1695135909.3876247,sfc_cache_p4_7
71,None,1695135909.587947,4,0.37694444444444436,0.1549904761904762,0.3541666666666667,None,0.09417295455932617,0,1695135907.3487515,1695135909.587947,sfc_unique_p4_7
72,None,1695135917.990572,4,0.345,0.1458,0.3333333333333333,None,0.11754727363586426,0,1695135917.8730247,1695135917.990572,sfc_cache_p1_6
73,None,1695135918.1620023,4,0.345,0.1458,0.3333333333333333,None,0.08939337730407715,0,1695135917.9395573,1695135918.1620023,sfc_unique_p1_6
74,None,1695135921.9975204,4,0.3258333333333333,0.1316,0.3125,None,0.10651755332946777,0,1695135921.891003,1695135921.9975204,sfc_cache_p2_6
75,None,1695135922.16909,4,0.3258333333333333,0.1316,0.3125,None,0.09054112434387207,0,1695135921.9490144,1695135922.16909,sfc_unique_p2_6
76,None,1695135926.0252805,4,0.3258333333333333,0.12702857142857146,0.3125,1,0.09552383422851562,1,1695135925.9287565,1695135926.0252805,sfc_unique_p1_2
77,None,1695135929.526729,4,0.3322222222222223,0.13480952380952382,0.3333333333333333,4,0.15704846382141113,1,1695135929.3696806,1695135929.526729,sfc_cache_p1_8
78,None,1695135929.8168697,4,0.345,0.14522857142857146,0.3333333333333333,3,0.1561262607574463,1,1695135929.3696806,1695135929.8168697,sfc_unique_p1_8
79,None,1695135930.113394,4,0.351388888888889,0.14615238095238098,0.3541666666666667,4,0.1600172519683838,1,1695135929.3696806,1695135930.113394,sfc_cache_p2_8
80,None,1695135930.4460747,4,0.345,0.14065714285714287,0.3333333333333333,3,0.16764330863952637,1,1695135929.3696806,1695135930.4460747,sfc_unique_p2_8
81,None,1695135930.7461486,4,0.3577777777777778,0.14250476190476194,0.3333333333333333,1,0.15453481674194336,1,1695135930.377058,1695135930.7461486,sfc_unique_p4_6
82,None,1695135931.0511088,4,0.3577777777777778,0.14250476190476194,0.3333333333333333,None,0.14701294898986816,0,1695135930.2784314,1695135931.0511088,sfc_cache_p4_6
83,None,1695135931.3346472,4,0.3641666666666667,0.14342857142857143,0.3541666666666667,3,0.14703059196472168,1,1695135929.3696806,1695135931.3346472,sfc_cache_p3_8
84,None,1695135931.5846741,4,0.37694444444444447,0.1452761904761905,0.3541666666666667,3,0.12050652503967285,1,1695135929.3696806,1695135931.5846741,sfc_unique_p3_8
85,None,1695135931.810773,4,0.38333333333333336,0.1462,0.375,3,0.11408066749572754,1,1695135929.3696806,1695135931.810773,sfc_cache_p4_8
86,None,1695135931.990785,4,0.3961111111111111,0.1480476190476191,0.375,3,0.08550572395324707,1,1695135929.3696806,1695135931.990785,sfc_unique_p4_8
87,None,1695135936.149551,4,0.39611111111111114,0.14804761904761907,0.375,2,0.08601808547973633,1,1695135936.062533,1695135936.149551,sfc_unique_p2_2
88,None,1695135940.1988955,4,0.37694444444444447,0.14527619047619048,0.3541666666666667,None,0.10929632186889648,0,1695135940.0895991,1695135940.1988955,sfc_cache_p2_4
89,None,1695135940.3691225,4,0.3897222222222223,0.14712380952380955,0.3541666666666667,1,0.08618998527526855,1,1695135940.148108,1695135940.3691225,sfc_unique_p2_4
90,None,1695135944.2283251,4,0.38972222222222225,0.14255238095238093,0.3541666666666667,1,0.09252285957336426,1,1695135944.1358023,1695135944.2283251,sfc_unique_p4_2
91,None,1695135946.5587213,4,0.39611111111111114,0.14897142857142856,0.375,4,0.15854263305664062,1,1695135946.4001787,1695135946.5587213,sfc_cache_p1_9
92,None,1695135946.855682,4,0.4088888888888889,0.1618095238095238,0.375,4,0.15013742446899414,1,1695135946.4001787,1695135946.855682,sfc_unique_p1_9
93,None,1695135947.1839654,4,0.41527777777777786,0.16365714285714286,0.3958333333333333,2,0.17376160621643066,1,1695135946.4001787,1695135947.1839654,sfc_cache_p2_9
94,None,1695135947.487014,4,0.4280555555555555,0.16735238095238095,0.3958333333333333,2,0.15552091598510742,1,1695135946.4001787,1695135947.487014,sfc_unique_p2_9
95,None,1695135947.8027859,4,0.43444444444444447,0.1692,0.4166666666666667,2,0.15403103828430176,1,1695135946.4001787,1695135947.8027859,sfc_cache_p3_9
96,None,1695135948.0933757,4,0.43444444444444447,0.1692,0.4166666666666667,None,0.1355438232421875,0,1695135946.4001787,1695135948.0933757,sfc_unique_p3_9
97,None,1695135948.4717202,4,0.40888888888888897,0.14357142857142857,0.4166666666666667,4,0.18373632431030273,1,1695135946.4001787,1695135948.4717202,sfc_cache_p4_9
98,None,1695135948.744259,4,0.4216666666666667,0.15183809523809524,0.4166666666666667,3,0.12950611114501953,1,1695135946.4001787,1695135948.744259,sfc_unique_p4_9
99,None,1695135948.946284,4,0.43444444444444447,0.1536857142857143,0.4166666666666667,1,0.09801220893859863,1,1695135948.286984,1695135948.946284,sfc_unique_p2_4
100,None,1695135958.3909552,4,0.3130555555555556,0.09556190476190475,0.3541666666666667,None,0.12418556213378906,0,1695135958.2667696,1695135958.3909552,sfc_cache_p3_6
101,None,1695135958.5730321,4,0.3258333333333333,0.10655238095238095,0.3541666666666667,3,0.10755205154418945,1,1695135958.32528,1695135958.5730321,sfc_unique_p3_6
102,None,1695135960.4301238,4,0.3066666666666667,0.10378095238095239,0.3333333333333333,None,0.13141489028930664,0,1695135960.2977087,1695135960.4301238,sfc_cache_p1_4
103,None,1695135960.6117063,4,0.3194444444444445,0.10562857142857143,0.3333333333333333,1,0.10707497596740723,1,1695135960.3746157,1695135960.6117063,sfc_unique_p1_4
104,None,1695135967.602122,4,0.3258333333333333,0.11112380952380953,0.3541666666666667,3,0.18218684196472168,1,1695135967.4199352,1695135967.602122,sfc_cache_p1_10
105,None,1695135967.906215,4,0.33861111111111114,0.12211428571428572,0.3541666666666667,3,0.17555880546569824,1,1695135967.4199352,1695135967.906215,sfc_unique_p1_10
106,None,1695135968.2168224,4,0.345,0.12532380952380953,0.375,4,0.18202829360961914,1,1695135967.4199352,1695135968.2168224,sfc_cache_p2_10
107,None,1695135968.5392702,4,0.3577777777777778,0.12717142857142857,0.375,1,0.17643284797668457,1,1695135967.4199352,1695135968.5392702,sfc_unique_p2_10
108,None,1695135968.845299,4,0.36416666666666675,0.12809523809523812,0.3958333333333333,4,0.16701316833496094,1,1695135967.4199352,1695135968.845299,sfc_cache_p3_10
109,None,1695135969.1692302,4,0.37694444444444447,0.12994285714285714,0.3958333333333333,1,0.1834244728088379,1,1695135967.4199352,1695135969.1692302,sfc_unique_p3_10
110,None,1695135969.4797912,4,0.38333333333333336,0.13315238095238097,0.4166666666666667,5,0.16601252555847168,1,1695135967.4199352,1695135969.4797912,sfc_cache_p4_10
111,None,1695135969.7100754,4,0.39611111111111114,0.1414190476190476,0.4166666666666667,3,0.12750816345214844,1,1695135967.4199352,1695135969.7100754,sfc_unique_p4_10
112,None,1695135969.9615967,4,0.37694444444444447,0.1295047619047619,0.3958333333333333,None,0.13251018524169922,0,1695135969.8290865,1695135969.9615967,sfc_cache_p1_10
113,None,1695135970.15751,4,0.3897222222222223,0.14506666666666668,0.3958333333333333,4,0.11456632614135742,1,1695135969.8830864,1695135970.15751,sfc_unique_p1_10
114,None,1695135973.5916677,4,0.3705555555555556,0.1422952380952381,0.375,None,0.12269425392150879,0,1695135973.4689734,1695135973.5916677,sfc_cache_p3_10
115,None,1695135973.7787182,4,0.38333333333333336,0.14871428571428572,0.375,2,0.10453963279724121,1,1695135973.5265543,1695135973.7787182,sfc_unique_p3_10
116,None,1695135977.6393564,4,0.3641666666666667,0.14594285714285715,0.3541666666666667,None,0.12253355979919434,0,1695135977.514823,1695135977.6393564,sfc_cache_p2_5
117,None,1695135977.8246286,4,0.3769444444444445,0.14779047619047617,0.3541666666666667,1,0.10305666923522949,1,1695135977.5598361,1695135977.8246286,sfc_unique_p2_5
118,None,1695135978.6602833,4,0.3769444444444445,0.1432190476190476,0.3541666666666667,3,0.1230309009552002,1,1695135978.5372524,1695135978.6602833,sfc_unique_p1_10
119,None,1695135979.669504,4,0.3577777777777778,0.13402857142857144,0.3333333333333333,None,0.1330280303955078,0,1695135979.535476,1695135979.669504,sfc_cache_p3_5
120,None,1695135979.8932195,4,0.3386111111111111,0.13125714285714285,0.3125,1,0.1275184154510498,1,1695135979.6109834,1695135979.8932195,sfc_unique_p3_5
121,None,1695135980.598092,4,0.3386111111111111,0.13033333333333333,0.3125,1,0.15752196311950684,1,1695135980.4395704,1695135980.598092,sfc_cache_p1_11
122,None,1695135981.0069914,4,0.3194444444444444,0.13127619047619046,0.2916666666666667,4,0.2575528621673584,1,1695135980.4395704,1695135981.0069914,sfc_unique_p1_11
123,None,1695135981.295052,4,0.33222222222222225,0.1331238095238095,0.2916666666666667,1,0.16254019737243652,1,1695135980.8219488,1695135981.295052,sfc_unique_p3_10
124,None,1695135981.6180863,4,0.33222222222222225,0.1331238095238095,0.2916666666666667,None,0.19501781463623047,0,1695135980.6265998,1695135981.6180863,sfc_cache_p4_5
125,None,1695135981.9406242,4,0.3258333333333333,0.1322,0.3125,1,0.201524019241333,1,1695135980.4395704,1695135981.9406242,sfc_cache_p2_11
126,None,1695135982.2424936,4,0.33861111111111114,0.13589523809523812,0.3125,2,0.17134833335876465,1,1695135980.4395704,1695135982.2424936,sfc_unique_p2_11
127,None,1695135982.540563,4,0.345,0.14367619047619049,0.3333333333333333,4,0.16903257369995117,1,1695135980.4395704,1695135982.540563,sfc_cache_p3_11
128,None,1695135982.8314974,4,0.3577777777777778,0.15923809523809526,0.3333333333333333,4,0.16791677474975586,1,1695135980.4395704,1695135982.8314974,sfc_unique_p3_11
129,None,1695135983.1840348,4,0.345,0.15139047619047621,0.3333333333333333,3,0.2110130786895752,1,1695135980.4395704,1695135983.1840348,sfc_cache_p4_11
130,None,1695135983.4032996,4,0.35777777777777775,0.15323809523809526,0.3333333333333333,1,0.11453390121459961,1,1695135980.4395704,1695135983.4032996,sfc_unique_p4_11
131,None,1695135983.5868351,4,0.3705555555555555,0.15937142857142858,0.3333333333333333,2,0.10102534294128418,1,1695135983.1275191,1695135983.5868351,sfc_unique_p1_11
132,None,1695135983.7758796,4,0.3705555555555555,0.15937142857142858,0.3333333333333333,None,0.1060187816619873,0,1695135983.049529,1695135983.7758796,sfc_cache_p1_11
133,None,1695135984.8015814,4,0.35138888888888886,0.1566,0.3125,None,0.12224245071411133,0,1695135984.679339,1695135984.8015814,sfc_cache_p3_8
134,None,1695135984.981159,4,0.3641666666666667,0.1721619047619048,0.3125,4,0.10056447982788086,1,1695135984.7383568,1695135984.981159,sfc_unique_p3_8
135,None,1695135987.825077,4,0.3258333333333333,0.16890476190476195,0.2708333333333333,None,0.1244051456451416,0,1695135987.700672,1695135987.825077,sfc_cache_p1_5
136,None,1695135988.0479336,4,0.3258333333333333,0.16433333333333336,0.2708333333333333,3,0.10109853744506836,1,1695135987.9328353,1695135988.0479336,sfc_unique_p3_8
137,None,1695135988.2267745,4,0.33861111111111114,0.1798952380952381,0.2708333333333333,4,0.10482287406921387,1,1695135987.8582995,1695135988.2267745,sfc_unique_p1_7
138,None,1695135988.4011328,4,0.33861111111111114,0.1798952380952381,0.2708333333333333,None,0.09834480285644531,0,1695135987.842299,1695135988.4011328,sfc_cache_p1_7
139,None,1695135988.5796642,4,0.3513888888888889,0.19088571428571427,0.2708333333333333,3,0.10001420974731445,1,1695135987.7601798,1695135988.5796642,sfc_unique_p1_5
140,None,1695135990.8295012,4,0.34500000000000003,0.18903809523809523,0.25,None,0.09601759910583496,0,1695135990.7334836,1695135990.8295012,sfc_cache_p3_9
141,None,1695135991.84137,4,0.34500000000000003,0.18475238095238095,0.25,1,0.10002803802490234,1,1695135991.740342,1695135991.84137,sfc_unique_p1_11
142,None,1695135992.8572314,4,0.30027777777777775,0.16914285714285715,0.22916666666666666,None,0.1075139045715332,0,1695135992.7487178,1695135992.8572314,sfc_cache_p4_8
143,None,1695135993.0230749,4,0.3130555555555556,0.2013809523809524,0.22916666666666666,3,0.09351348876953125,1,1695135992.825719,1695135993.0230749,sfc_unique_p4_8
144,None,1695135996.8717356,4,0.3002777777777778,0.16457142857142856,0.22916666666666666,1,0.10501360893249512,1,1695135996.766722,1695135996.8717356,sfc_unique_p1_7
145,None,1695135998.6365278,4,0.30666666666666664,0.16549523809523808,0.25,1,0.17964577674865723,1,1695135998.456882,1695135998.6365278,sfc_cache_p1_12
146,None,1695135998.919514,4,0.3194444444444445,0.16734285714285715,0.25,1,0.16452407836914062,1,1695135998.456882,1695135998.919514,sfc_unique_p1_12
147,None,1695135999.2167828,4,0.3258333333333333,0.16826666666666665,0.2708333333333333,1,0.18054437637329102,1,1695135998.456882,1695135999.2167828,sfc_cache_p2_12
148,None,1695135999.5153205,4,0.33861111111111114,0.17011428571428572,0.2708333333333333,1,0.17250704765319824,1,1695135998.456882,1695135999.5153205,sfc_unique_p2_12
149,None,1695135999.8495903,4,0.345,0.17103809523809524,0.2916666666666667,1,0.2075207233428955,1,1695135998.456882,1695135999.8495903,sfc_cache_p3_12
150,None,1695136000.1552572,4,0.3577777777777778,0.17473333333333335,0.2916666666666667,2,0.18126678466796875,1,1695135998.456882,1695136000.1552572,sfc_unique_p3_12
151,None,1695136000.444849,4,0.3641666666666667,0.17750476190476192,0.3125,3,0.16057252883911133,1,1695135998.456882,1695136000.444849,sfc_cache_p4_12
152,None,1695136000.6789823,4,0.37694444444444447,0.18304761904761907,0.3125,3,0.1215658187866211,1,1695135998.456882,1695136000.6789823,sfc_unique_p4_12
153,None,1695136000.9680083,4,0.3641666666666667,0.1802761904761905,0.2708333333333333,None,0.11250638961791992,0,1695136000.855502,1695136000.9680083,sfc_cache_p2_7
154,None,1695136001.1930223,4,0.3641666666666667,0.17570476190476192,0.2708333333333333,2,0.10550665855407715,1,1695136001.0675156,1695136001.1930223,sfc_unique_p4_9
155,None,1695136001.3760705,4,0.3641666666666667,0.17570476190476192,0.2708333333333333,None,0.10403585433959961,0,1695136001.0060084,1695136001.3760705,sfc_cache_p4_9
156,None,1695136008.0010183,4,0.3641666666666667,0.18027619047619048,0.2708333333333333,4,0.09850692749023438,1,1695136007.9025114,1695136008.0010183,sfc_unique_p3_6
157,None,1695136010.0417979,4,0.34500000000000003,0.1610190476190476,0.25,None,0.12201857566833496,0,1695136009.918779,1695136010.0417979,sfc_cache_p1_9
158,None,1695136010.2199073,4,0.3577777777777778,0.16743809523809525,0.25,2,0.10253047943115234,1,1695136009.9792879,1695136010.2199073,sfc_unique_p1_9
159,None,1695136012.0314293,4,0.3577777777777778,0.1628666666666667,0.25,3,0.10350561141967773,1,1695136011.9269235,1695136012.0314293,sfc_unique_p3_6
160,None,1695136015.6481876,4,0.33861111111111114,0.15323809523809523,0.2708333333333333,2,0.1621854305267334,1,1695136015.4860022,1695136015.6481876,sfc_cache_p1_13
161,None,1695136015.9432716,4,0.351388888888889,0.15965714285714286,0.2708333333333333,2,0.16154170036315918,1,1695136015.4860022,1695136015.9432716,sfc_unique_p1_13
162,None,1695136016.245793,4,0.3577777777777778,0.16058095238095238,0.2916666666666667,2,0.17201447486877441,1,1695136015.4860022,1695136016.245793,sfc_cache_p2_13
163,None,1695136016.5418315,4,0.37055555555555564,0.16242857142857142,0.2916666666666667,1,0.15801763534545898,1,1695136015.4860022,1695136016.5418315,sfc_unique_p2_13
164,None,1695136016.8318663,4,0.37694444444444447,0.16335238095238094,0.3125,2,0.15501880645751953,1,1695136015.4860022,1695136016.8318663,sfc_cache_p3_13
165,None,1695136017.1369276,4,0.38972222222222225,0.1652,0.3125,1,0.15703272819519043,1,1695136015.4860022,1695136017.1369276,sfc_unique_p3_13
166,None,1695136017.4254985,4,0.39611111111111114,0.16840952380952381,0.3333333333333333,3,0.14954042434692383,1,1695136015.4860022,1695136017.4254985,sfc_cache_p4_13
167,None,1695136017.6795478,4,0.4088888888888889,0.18854285714285715,0.3333333333333333,5,0.13302135467529297,1,1695136015.4860022,1695136017.6795478,sfc_unique_p4_13
168,None,1695136023.1553745,4,0.37694444444444447,0.18392380952380952,0.3125,None,0.11002063751220703,0,1695136023.045354,1695136023.1553745,sfc_cache_p2_10
169,None,1695136023.3266857,4,0.3897222222222223,0.18577142857142856,0.3125,1,0.08680248260498047,1,1695136023.103864,1695136023.3266857,sfc_unique_p2_10
170,None,1695136027.224538,4,0.37055555555555564,0.18022857142857143,0.2916666666666667,None,0.12801575660705566,0,1695136027.0965223,1695136027.224538,sfc_cache_p2_9
171,None,1695136027.3955505,4,0.3833333333333334,0.18207619047619047,0.2916666666666667,1,0.08750677108764648,1,1695136027.1530304,1695136027.3955505,sfc_unique_p2_9
172,None,1695136029.2284648,4,0.36416666666666675,0.16374285714285713,0.2708333333333333,None,0.11701345443725586,0,1695136029.1114514,1695136029.2284648,sfc_cache_p4_10
173,None,1695136029.4094784,4,0.37694444444444447,0.1793047619047619,0.2708333333333333,4,0.10050654411315918,1,1695136029.1879582,1695136029.4094784,sfc_unique_p4_10
174,None,1695136034.291883,4,0.3577777777777778,0.17196190476190476,0.25,None,0.11501240730285645,0,1695136034.1768706,1695136034.291883,sfc_cache_p4_11
175,None,1695136034.4634001,4,0.37055555555555564,0.1738095238095238,0.25,1,0.09301137924194336,1,1695136034.2373776,1695136034.4634001,sfc_unique_p4_11
176,None,1695136038.3250544,4,0.31305555555555564,0.15006666666666665,0.1875,5,0.11182975769042969,1,1695136038.2122247,1695136038.3250544,sfc_unique_p3_8
177,None,1695136038.53458,4,0.3130555555555556,0.15250476190476192,0.1875,2,0.10301637649536133,1,1695136038.4125614,1695136038.53458,sfc_unique_p2_11
178,None,1695136038.708216,4,0.3130555555555556,0.15250476190476192,0.1875,None,0.10151815414428711,0,1695136038.3695612,1695136038.708216,sfc_cache_p2_11
179,None,1695136039.6966355,4,0.30666666666666664,0.13329523809523813,0.20833333333333334,1,0.18562960624694824,1,1695136039.5110059,1695136039.6966355,sfc_cache_p1_14
180,None,1695136040.0172567,4,0.3194444444444445,0.13514285714285718,0.20833333333333334,1,0.19438719749450684,1,1695136039.5110059,1695136040.0172567,sfc_unique_p1_14
181,None,1695136040.32789,4,0.3258333333333333,0.1360666666666667,0.22916666666666666,1,0.1900179386138916,1,1695136039.5110059,1695136040.32789,sfc_cache_p2_14
182,None,1695136040.6414208,4,0.33861111111111114,0.13791428571428574,0.22916666666666666,1,0.18651199340820312,1,1695136039.5110059,1695136040.6414208,sfc_unique_p2_14
183,None,1695136040.9677186,4,0.34500000000000003,0.1388380952380953,0.25,1,0.19652318954467773,1,1695136039.5110059,1695136040.9677186,sfc_cache_p3_14
184,None,1695136041.2887683,4,0.3577777777777778,0.1406857142857143,0.25,1,0.19199919700622559,1,1695136039.5110059,1695136041.2887683,sfc_unique_p3_14
185,None,1695136041.553372,4,0.3641666666666667,0.14160952380952385,0.2708333333333333,1,0.14258360862731934,1,1695136039.5110059,1695136041.553372,sfc_cache_p4_14
186,None,1695136041.773927,4,0.37694444444444447,0.1434571428571429,0.2708333333333333,1,0.1265242099761963,1,1695136039.5110059,1695136041.773927,sfc_unique_p4_14
187,None,1695136043.4306757,4,0.35777777777777775,0.13883809523809526,0.25,None,0.12504935264587402,0,1695136043.3056264,1695136043.4306757,sfc_cache_p3_12
188,None,1695136043.613652,4,0.37055555555555564,0.14525714285714286,0.25,2,0.10996150970458984,1,1695136043.3646455,1695136043.613652,sfc_unique_p3_12
189,None,1695136044.4368055,4,0.351388888888889,0.12191428571428571,0.22916666666666666,None,0.12308073043823242,0,1695136044.3137248,1695136044.4368055,sfc_cache_p3_11
190,None,1695136044.610322,4,0.3641666666666667,0.12376190476190477,0.22916666666666666,2,0.10201120376586914,1,1695136044.374282,1695136044.610322,sfc_unique_p3_11
191,None,1695136063.7165418,4,0.34500000000000003,0.11641904761904763,0.25,1,0.18256330490112305,1,1695136063.5339785,1695136063.7165418,sfc_cache_p1_15
192,None,1695136064.023824,4,0.3577777777777778,0.11826666666666666,0.25,1,0.1852436065673828,1,1695136063.5339785,1695136064.023824,sfc_unique_p1_15
193,None,1695136064.3335063,4,0.3641666666666667,0.1191904761904762,0.2708333333333333,1,0.18666505813598633,1,1695136063.5339785,1695136064.3335063,sfc_cache_p2_15
194,None,1695136064.63722,4,0.37694444444444447,0.1256095238095238,0.2708333333333333,2,0.173508882522583,1,1695136063.5339785,1695136064.63722,sfc_unique_p2_15
195,None,1695136064.937551,4,0.3705555555555556,0.12376190476190477,0.2916666666666667,2,0.1803126335144043,1,1695136063.5339785,1695136064.937551,sfc_cache_p3_15
196,None,1695136065.2550628,4,0.38333333333333336,0.1256095238095238,0.2916666666666667,1,0.17953872680664062,1,1695136063.5339785,1695136065.2550628,sfc_unique_p3_15
197,None,1695136065.5204713,4,0.3897222222222223,0.12745714285714288,0.3125,2,0.13736510276794434,1,1695136063.5339785,1695136065.5204713,sfc_cache_p4_15
198,None,1695136065.7374861,4,0.4025,0.12930476190476195,0.3125,1,0.1175076961517334,1,1695136063.5339785,1695136065.7374861,sfc_unique_p4_15
199,None,1695136067.6553314,4,0.38333333333333336,0.12653333333333336,0.2916666666666667,None,0.11653518676757812,0,1695136067.5387962,1695136067.6553314,sfc_cache_p1_14
200,None,1695136067.8293898,4,0.39611111111111114,0.13295238095238096,0.2916666666666667,2,0.0995490550994873,1,1695136067.5973196,1695136067.8293898,sfc_unique_p1_14
201,None,1695136069.6632655,4,0.39611111111111114,0.13752380952380955,0.2916666666666667,4,0.11001229286193848,1,1695136069.5532532,1695136069.6632655,sfc_unique_p1_10
202,None,1695136069.8770857,4,0.37694444444444447,0.13475238095238096,0.2708333333333333,None,0.11530351638793945,0,1695136069.7617822,1695136069.8770857,sfc_cache_p3_14
203,None,1695136070.0471199,4,0.3897222222222223,0.1411714285714286,0.2708333333333333,2,0.09502196311950684,1,1695136069.8207982,1695136070.0471199,sfc_unique_p3_14
204,None,1695136070.6700613,4,0.3897222222222223,0.1454571428571429,0.2708333333333333,2,0.09966611862182617,1,1695136070.5693953,1695136070.6700613,sfc_unique_p3_10
205,None,1695136070.8714566,4,0.38333333333333336,0.14910476190476193,0.25,2,0.09186816215515137,1,1695136070.7795885,1695136070.8714566,sfc_unique_p4_14
206,None,1695136071.040366,4,0.38333333333333336,0.14910476190476193,0.25,None,0.09240174293518066,0,1695136070.746573,1695136071.040366,sfc_cache_p4_14
207,None,1695136072.691255,4,0.3833333333333334,0.14453333333333337,0.25,1,0.09739375114440918,1,1695136072.5928614,1695136072.691255,sfc_unique_p1_14
208,None,1695136073.7077124,4,0.3641666666666667,0.14176190476190478,0.22916666666666666,None,0.10501432418823242,0,1695136073.602698,1695136073.7077124,sfc_cache_p2_14
209,None,1695136073.8712466,4,0.3769444444444446,0.14360952380952383,0.22916666666666666,1,0.08701395988464355,1,1695136073.6617117,1695136073.8712466,sfc_unique_p2_14
210,None,1695136081.7787352,4,0.30666666666666675,0.12916190476190478,0.20833333333333334,None,0.11350584030151367,0,1695136081.6652293,1695136081.7787352,sfc_cache_p2_12
211,None,1695136081.9532707,4,0.31944444444444453,0.13100952380952383,0.20833333333333334,1,0.09301328659057617,1,1695136081.7252293,1695136081.9532707,sfc_unique_p2_12
212,None,1695136083.7907567,4,0.31944444444444453,0.13100952380952383,0.20833333333333334,2,0.09933304786682129,1,1695136083.6914237,1695136083.7907567,sfc_unique_p2_10
213,None,1695136084.804086,4,0.3194444444444445,0.13100952380952383,0.20833333333333334,4,0.10869240760803223,1,1695136084.6943936,1695136084.804086,sfc_unique_p4_10
214,None,1695136089.7183506,4,0.3258333333333333,0.13193333333333337,0.22916666666666666,1,0.1590430736541748,1,1695136089.5583072,1695136089.7183506,sfc_cache_p1_16
215,None,1695136090.0232208,4,0.33861111111111114,0.1337809523809524,0.22916666666666666,1,0.18554925918579102,1,1695136089.5583072,1695136090.0232208,sfc_unique_p1_16
216,None,1695136090.3241177,4,0.345,0.13470476190476194,0.25,1,0.15983796119689941,1,1695136089.5583072,1695136090.3241177,sfc_cache_p2_16
217,None,1695136090.61777,4,0.3577777777777778,0.13655238095238098,0.25,1,0.1660318374633789,1,1695136089.5583072,1695136090.61777,sfc_unique_p2_16
218,None,1695136090.9785779,4,0.3577777777777778,0.13655238095238098,0.25,2,0.16627764701843262,1,1695136090.7873003,1695136090.9785779,sfc_unique_p3_10
219,None,1695136091.303685,4,0.36416666666666675,0.1374761904761905,0.2708333333333333,1,0.18057823181152344,1,1695136089.5583072,1695136091.303685,sfc_cache_p3_16
220,None,1695136091.624251,4,0.3769444444444446,0.13932380952380954,0.2708333333333333,1,0.1745443344116211,1,1695136089.5583072,1695136091.624251,sfc_unique_p3_16
221,None,1695136091.8722987,4,0.3833333333333334,0.1411714285714286,0.2916666666666667,2,0.13703465461730957,1,1695136089.5583072,1695136091.8722987,sfc_cache_p4_16
222,None,1695136092.1030467,4,0.39611111111111125,0.14486666666666667,0.2916666666666667,2,0.11001253128051758,1,1695136089.5583072,1695136092.1030467,sfc_unique_p4_16
223,None,1695136101.9710286,4,0.345,0.10760952380952382,0.2916666666666667,3,0.11301207542419434,1,1695136101.857016,1695136101.9710286,sfc_unique_p3_12
224,None,1695136106.7594063,4,0.351388888888889,0.11539047619047618,0.3125,4,0.17159152030944824,1,1695136106.5878148,1695136106.7594063,sfc_cache_p1_17
225,None,1695136107.066937,4,0.3641666666666667,0.13095238095238096,0.3125,4,0.17901325225830078,1,1695136106.5878148,1695136107.066937,sfc_unique_p1_17
226,None,1695136107.3781326,4,0.37055555555555564,0.13187619047619048,0.3333333333333333,4,0.1800520420074463,1,1695136106.5878148,1695136107.3781326,sfc_cache_p2_17
227,None,1695136107.668213,4,0.3833333333333334,0.13800952380952383,0.3333333333333333,2,0.15906453132629395,1,1695136106.5878148,1695136107.668213,sfc_unique_p2_17
228,None,1695136107.975923,4,0.3897222222222223,0.14121904761904763,0.3541666666666667,5,0.17101383209228516,1,1695136106.5878148,1695136107.975923,sfc_cache_p3_17
229,None,1695136108.2803526,4,0.4025,0.14306666666666668,0.3541666666666667,2,0.16690969467163086,1,1695136106.5878148,1695136108.2803526,sfc_unique_p3_17
230,None,1695136108.5953925,4,0.40888888888888897,0.1439904761904762,0.375,5,0.16751909255981445,1,1695136106.5878148,1695136108.5953925,sfc_cache_p4_17
231,None,1695136108.8393753,4,0.4216666666666667,0.14583809523809527,0.375,2,0.1250171661376953,1,1695136106.5878148,1695136108.8393753,sfc_unique_p4_17
232,None,1695136109.080483,4,0.4025,0.14306666666666668,0.3541666666666667,None,0.12701153755187988,0,1695136108.9524715,1695136109.080483,sfc_cache_p2_17
233,None,1695136109.2639294,4,0.41527777777777786,0.14491428571428575,0.3541666666666667,2,0.09944534301757812,1,1695136109.0199766,1695136109.2639294,sfc_unique_p2_17
234,None,1695136117.1228805,4,0.4152777777777778,0.1494857142857143,0.3541666666666667,2,0.09950780868530273,1,1695136117.022372,1695136117.1228805,sfc_unique_p1_14
235,None,1695136124.1634374,4,0.3577777777777778,0.13660000000000003,0.2916666666666667,2,0.09950923919677734,1,1695136124.0629287,1695136124.1634374,sfc_unique_p2_17
236,None,1695136128.220495,4,0.3194444444444445,0.0944857142857143,0.25,None,0.1200418472290039,0,1695136128.099453,1695136128.220495,sfc_cache_p1_17
237,None,1695136128.3940294,4,0.33222222222222225,0.11004761904761905,0.25,4,0.1045219898223877,1,1695136128.158455,1695136128.3940294,sfc_unique_p1_17
238,None,1695136130.2310007,4,0.3130555555555556,0.10727619047619047,0.22916666666666666,None,0.12434124946594238,0,1695136130.105494,1695136130.2310007,sfc_cache_p1_16
239,None,1695136130.4070292,4,0.32583333333333336,0.1136952380952381,0.22916666666666666,2,0.10852169990539551,1,1695136130.1654954,1695136130.4070292,sfc_unique_p1_16
240,None,1695136132.804328,4,0.3002777777777778,0.11457142857142857,0.22916666666666666,3,0.20056414604187012,1,1695136132.6037638,1695136132.804328,sfc_cache_p1_18
241,None,1695136133.1040182,4,0.31305555555555564,0.11641904761904762,0.22916666666666666,1,0.18317031860351562,1,1695136132.6037638,1695136133.1040182,sfc_unique_p1_18
242,None,1695136133.3870475,4,0.3194444444444445,0.11734285714285714,0.25,1,0.16852116584777832,1,1695136132.6037638,1695136133.3870475,sfc_cache_p2_18
243,None,1695136133.6847105,4,0.3322222222222223,0.1191904761904762,0.25,1,0.18114042282104492,1,1695136132.6037638,1695136133.6847105,sfc_unique_p2_18
244,None,1695136134.0432742,4,0.30666666666666664,0.10445714285714286,0.25,3,0.17151880264282227,1,1695136132.6037638,1695136134.0432742,sfc_cache_p3_18
245,None,1695136134.3677986,4,0.3066666666666667,0.10630476190476192,0.25,3,0.21003389358520508,1,1695136132.6037638,1695136134.3677986,sfc_unique_p3_18
246,None,1695136134.6345215,4,0.3194444444444445,0.10815238095238096,0.25,1,0.1547095775604248,1,1695136134.2372715,1695136134.6345215,sfc_unique_p3_14
247,None,1695136134.8250465,4,0.3258333333333333,0.11000000000000001,0.2708333333333333,2,0.09901309013366699,1,1695136132.6037638,1695136134.8250465,sfc_cache_p4_18
248,None,1695136134.9895923,4,0.33861111111111114,0.1136952380952381,0.2708333333333333,2,0.09550738334655762,1,1695136132.6037638,1695136134.9895923,sfc_unique_p4_18
249,None,1695136135.2758083,4,0.33861111111111114,0.10912380952380953,0.2708333333333333,1,0.09201169013977051,1,1695136135.1837966,1695136135.2758083,sfc_unique_p4_14
250,None,1695136139.3156676,4,0.3194444444444445,0.10358095238095238,0.25,None,0.10971593856811523,0,1695136139.2059517,1695136139.3156676,sfc_cache_p4_16
251,None,1695136139.4782124,4,0.33222222222222225,0.10542857142857143,0.25,1,0.09401941299438477,1,1695136139.263008,1695136139.4782124,sfc_unique_p4_16
252,None,1695136144.3558726,4,0.33222222222222225,0.10999999999999999,0.25,2,0.09635758399963379,1,1695136144.259515,1695136144.3558726,sfc_unique_p4_14
253,None,1695136148.3941324,4,0.33222222222222225,0.10542857142857143,0.25,1,0.09082531929016113,1,1695136148.3023427,1695136148.3941324,sfc_unique_p4_14
254,None,1695136156.7761703,4,0.33861111111111114,0.10635238095238096,0.2708333333333333,1,0.15305137634277344,1,1695136156.622119,1695136156.7761703,sfc_cache_p1_19
255,None,1695136157.0607626,4,0.3513888888888889,0.1082,0.2708333333333333,1,0.16406512260437012,1,1695136156.622119,1695136157.0607626,sfc_unique_p1_19
256,None,1695136157.3443084,4,0.35777777777777775,0.10912380952380951,0.2916666666666667,1,0.1600170135498047,1,1695136156.622119,1695136157.3443084,sfc_cache_p2_19
257,None,1695136157.6270242,4,0.37055555555555564,0.11097142857142857,0.2916666666666667,1,0.15964508056640625,1,1695136156.622119,1695136157.6270242,sfc_unique_p2_19
258,None,1695136157.8990574,4,0.37694444444444447,0.11189523809523809,0.3125,1,0.15152263641357422,1,1695136156.622119,1695136157.8990574,sfc_cache_p3_19
259,None,1695136158.1736848,4,0.3897222222222223,0.12600952380952382,0.3125,5,0.15054559707641602,1,1695136156.622119,1695136158.1736848,sfc_unique_p3_19
260,None,1695136158.4567695,4,0.39611111111111114,0.13106666666666666,0.3333333333333333,4,0.15105199813842773,1,1695136156.622119,1695136158.4567695,sfc_cache_p4_19
261,None,1695136158.683711,4,0.40888888888888886,0.13660952380952382,0.3333333333333333,5,0.11203145980834961,1,1695136156.622119,1695136158.683711,sfc_unique_p4_19
262,None,1695136161.5191624,4,0.40888888888888886,0.14118095238095243,0.3333333333333333,2,0.08966994285583496,1,1695136161.428492,1695136161.5191624,sfc_unique_p3_14
263,None,1695136174.649396,4,0.3386111111111111,0.12187619047619049,0.3125,None,0.1110231876373291,0,1695136174.537373,1695136174.649396,sfc_cache_p2_16
264,None,1695136174.8191712,4,0.3513888888888889,0.12557142857142858,0.3125,2,0.09515023231506348,1,1695136174.5968895,1695136174.8191712,sfc_unique_p2_16
265,None,1695136175.6633103,4,0.3322222222222222,0.1228,0.2916666666666667,None,0.10910844802856445,0,1695136175.5542018,1695136175.6633103,sfc_cache_p3_16
266,None,1695136175.8281865,4,0.345,0.1264952380952381,0.2916666666666667,2,0.09336972236633301,1,1695136175.6138036,1695136175.8281865,sfc_unique_p3_16
267,None,1695136176.7546377,4,0.32583333333333336,0.11915238095238097,0.2708333333333333,None,0.17853784561157227,0,1695136176.5760999,1695136176.7546377,sfc_cache_p2_15
268,None,1695136177.0542245,4,0.33861111111111114,0.1347142857142857,0.2708333333333333,4,0.1850571632385254,1,1695136176.636624,1695136177.0542245,sfc_unique_p2_15
269,None,1695136177.3360064,4,0.34500000000000003,0.13563809523809522,0.2916666666666667,1,0.1532602310180664,1,1695136176.6701307,1695136177.3360064,sfc_cache_p1_20
270,None,1695136177.637381,4,0.3577777777777778,0.1374857142857143,0.2916666666666667,1,0.16035699844360352,1,1695136176.6701307,1695136177.637381,sfc_unique_p1_20
271,None,1695136177.9279208,4,0.3641666666666667,0.1384095238095238,0.3125,1,0.16452479362487793,1,1695136176.6701307,1695136177.9279208,sfc_cache_p2_20
272,None,1695136178.224558,4,0.37694444444444447,0.14025714285714286,0.3125,1,0.16512632369995117,1,1695136176.6701307,1695136178.224558,sfc_unique_p2_20
273,None,1695136178.5222726,4,0.38333333333333336,0.14118095238095238,0.3333333333333333,1,0.16009879112243652,1,1695136176.6701307,1695136178.5222726,sfc_cache_p3_20
274,None,1695136178.7537954,4,0.39611111111111114,0.14302857142857142,0.3333333333333333,1,0.12350773811340332,1,1695136176.6701307,1695136178.7537954,sfc_unique_p3_20
275,None,1695136178.9878614,4,0.4025,0.14395238095238094,0.3541666666666667,1,0.13253307342529297,1,1695136176.6701307,1695136178.9878614,sfc_cache_p4_20
276,None,1695136179.1969466,4,0.4152777777777778,0.1458,0.3541666666666667,1,0.1040182113647461,1,1695136176.6701307,1695136179.1969466,sfc_unique_p4_20
277,None,1695136193.9025745,4,0.3258333333333333,0.11730476190476191,0.2708333333333333,None,0.11750006675720215,0,1695136193.7850745,1695136193.9025745,sfc_cache_p2_18
278,None,1695136194.0691652,4,0.3386111111111111,0.12099999999999997,0.2708333333333333,2,0.09857845306396484,1,1695136193.8375802,1695136194.0691652,sfc_unique_p2_18
279,None,1695136195.9218616,4,0.3194444444444445,0.11594285714285714,0.25,None,0.12252640724182129,0,1695136195.7993352,1695136195.9218616,sfc_cache_p1_18
280,None,1695136196.0923927,4,0.33222222222222225,0.11963809523809522,0.25,2,0.10151815414428711,1,1695136195.8603365,1695136196.0923927,sfc_unique_p1_18
281,None,1695136197.9515567,4,0.3130555555555556,0.10723809523809524,0.22916666666666666,None,0.12156963348388672,0,1695136197.828987,1695136197.9515567,sfc_cache_p3_18
282,None,1695136198.1275346,4,0.3258333333333333,0.11365714285714287,0.22916666666666666,2,0.10996484756469727,1,1695136197.8894954,1695136198.1275346,sfc_unique_p3_18
283,None,1695136200.9911716,4,0.30666666666666664,0.10811428571428573,0.20833333333333334,None,0.125014066696167,0,1695136200.8651576,1695136200.9911716,sfc_cache_p4_18
284,None,1695136201.181209,4,0.3194444444444445,0.11453333333333335,0.20833333333333334,2,0.12151956558227539,1,1695136200.9246643,1695136201.181209,sfc_unique_p4_18
285,None,1695136203.9020991,4,0.3258333333333333,0.11545714285714288,0.22916666666666666,1,0.17834949493408203,1,1695136203.722749,1695136203.9020991,sfc_cache_p1_21
286,None,1695136204.186654,4,0.33861111111111114,0.11730476190476191,0.22916666666666666,1,0.17604637145996094,1,1695136203.722749,1695136204.186654,sfc_unique_p1_21
287,None,1695136204.497389,4,0.3322222222222223,0.11180952380952383,0.25,1,0.1924130916595459,1,1695136203.722749,1695136204.497389,sfc_cache_p2_21
288,None,1695136204.8311694,4,0.34500000000000003,0.11365714285714287,0.25,1,0.19527339935302734,1,1695136203.722749,1695136204.8311694,sfc_unique_p2_21
289,None,1695136205.1357045,4,0.351388888888889,0.1145809523809524,0.2708333333333333,1,0.1870260238647461,1,1695136203.722749,1695136205.1357045,sfc_cache_p3_21
290,None,1695136205.4430838,4,0.3641666666666667,0.11273333333333335,0.2708333333333333,1,0.19102787971496582,1,1695136203.722749,1695136205.4430838,sfc_unique_p3_21
291,None,1695136205.7638645,4,0.3577777777777778,0.11365714285714289,0.2916666666666667,1,0.17775249481201172,1,1695136203.722749,1695136205.7638645,sfc_cache_p4_21
292,None,1695136205.9934087,4,0.37055555555555564,0.11550476190476193,0.2916666666666667,1,0.13454556465148926,1,1695136203.722749,1695136205.9934087,sfc_unique_p4_21
293,None,1695136217.176289,4,0.32583333333333336,0.09936190476190478,0.2708333333333333,None,0.11671304702758789,0,1695136217.059576,1695136217.176289,sfc_cache_p4_19
294,None,1695136217.3468072,4,0.33861111111111114,0.10120952380952382,0.2708333333333333,1,0.10401201248168945,1,1695136217.1155903,1695136217.3468072,sfc_unique_p4_19
295,None,1695136219.9103627,4,0.345,0.10213333333333334,0.2916666666666667,1,0.16866064071655273,1,1695136219.740701,1695136219.9103627,sfc_cache_p1_22
296,None,1695136220.2013052,4,0.3577777777777778,0.10398095238095238,0.2916666666666667,1,0.18005585670471191,1,1695136219.740701,1695136220.2013052,sfc_unique_p1_22
297,None,1695136220.494595,4,0.3641666666666667,0.10490476190476192,0.3125,1,0.1872730255126953,1,1695136219.740701,1695136220.494595,sfc_cache_p2_22
298,None,1695136220.7966228,4,0.37694444444444447,0.10675238095238096,0.3125,1,0.1865079402923584,1,1695136219.740701,1695136220.7966228,sfc_unique_p2_22
299,None,1695136221.1064942,4,0.38333333333333336,0.10996190476190477,0.3333333333333333,2,0.1888580322265625,1,1695136219.740701,1695136221.1064942,sfc_cache_p3_22
300,None,1695136221.4200437,4,0.39611111111111114,0.11180952380952382,0.3333333333333333,1,0.18602538108825684,1,1695136219.740701,1695136221.4200437,sfc_unique_p3_22
301,None,1695136221.686592,4,0.4025,0.11273333333333334,0.3541666666666667,2,0.14553380012512207,1,1695136219.740701,1695136221.686592,sfc_cache_p4_22
302,None,1695136221.8821099,4,0.4152777777777778,0.11458095238095238,0.3541666666666667,1,0.11001133918762207,1,1695136219.740701,1695136221.8821099,sfc_unique_p4_22
303,None,1695136227.3404408,4,0.4152777777777778,0.11458095238095238,0.3541666666666667,4,0.10609078407287598,1,1695136227.23435,1695136227.3404408,sfc_unique_p1_17
304,None,1695136238.4277751,4,0.3322222222222223,0.07542857142857143,0.2916666666666667,None,0.1242673397064209,0,1695136238.3035078,1695136238.4277751,sfc_cache_p2_20
305,None,1695136238.5986438,4,0.345,0.07727619047619048,0.2916666666666667,1,0.10986852645874023,1,1695136238.347525,1695136238.5986438,sfc_unique_p2_20
306,None,1695136247.94001,4,0.3002777777777778,0.06254285714285714,0.3125,3,0.17557406425476074,1,1695136247.764436,1695136247.94001,sfc_cache_p1_23
307,None,1695136248.2225883,4,0.3130555555555556,0.07353333333333334,0.3125,3,0.18207168579101562,1,1695136247.764436,1695136248.2225883,sfc_unique_p1_23
308,None,1695136248.5090177,4,0.3194444444444445,0.07445714285714286,0.3333333333333333,3,0.18741369247436523,1,1695136247.764436,1695136248.5090177,sfc_cache_p2_23
309,None,1695136248.80805,4,0.3322222222222223,0.08544761904761905,0.3333333333333333,3,0.18750905990600586,1,1695136247.764436,1695136248.80805,sfc_unique_p2_23
310,None,1695136249.1075737,4,0.33861111111111114,0.08637142857142857,0.3541666666666667,3,0.18850946426391602,1,1695136247.764436,1695136249.1075737,sfc_cache_p3_23
311,None,1695136249.4246454,4,0.351388888888889,0.09736190476190476,0.3541666666666667,3,0.20554900169372559,1,1695136247.764436,1695136249.4246454,sfc_unique_p3_23
312,None,1695136249.703226,4,0.3577777777777778,0.09828571428571428,0.375,3,0.16455078125,1,1695136247.764436,1695136249.703226,sfc_cache_p4_23
313,None,1695136249.9132743,4,0.37055555555555564,0.10927619047619047,0.375,3,0.11951756477355957,1,1695136247.764436,1695136249.9132743,sfc_unique_p4_23
314,None,1695136261.632717,4,0.35138888888888886,0.1065047619047619,0.3541666666666667,None,0.11803245544433594,0,1695136261.5146844,1695136261.632717,sfc_cache_p3_20
315,None,1695136261.8027496,4,0.3641666666666667,0.10835238095238095,0.3541666666666667,1,0.1040189266204834,1,1695136261.5751934,1695136261.8027496,sfc_unique_p3_20
316,None,1695136264.662307,4,0.345,0.10558095238095237,0.3333333333333333,None,0.11802959442138672,0,1695136264.5442774,1695136264.662307,sfc_cache_p1_19
317,None,1695136264.8290248,4,0.3577777777777778,0.112,0.3333333333333333,2,0.102508544921875,1,1695136264.6037874,1695136264.8290248,sfc_unique_p1_19
318,None,1695136266.6643717,4,0.33861111111111114,0.09696190476190476,0.3125,None,0.11152195930480957,0,1695136266.5528498,1695136266.6643717,sfc_cache_p3_19
319,None,1695136266.826401,4,0.35138888888888886,0.0988095238095238,0.3125,1,0.09950709342956543,1,1695136266.6123607,1695136266.826401,sfc_unique_p3_19
320,None,1695136270.686013,4,0.3194444444444445,0.09419047619047619,0.2916666666666667,None,0.10760164260864258,0,1695136270.5784113,1695136270.686013,sfc_cache_p2_19
321,None,1695136270.856861,4,0.33222222222222225,0.09603809523809524,0.2916666666666667,1,0.09550690650939941,1,1695136270.701014,1695136270.856861,sfc_unique_p2_20
322,None,1695136271.0133953,4,0.345,0.09788571428571428,0.2916666666666667,1,0.09501457214355469,1,1695136270.6395054,1695136271.0133953,sfc_unique_p2_19
323,None,1695136271.9556618,4,0.3513888888888889,0.09880952380952382,0.3125,1,0.1625382900238037,1,1695136271.7931235,1695136271.9556618,sfc_cache_p1_24
324,None,1695136272.2452347,4,0.3641666666666667,0.10065714285714286,0.3125,1,0.1755361557006836,1,1695136271.7931235,1695136272.2452347,sfc_unique_p1_24
325,None,1695136272.531392,4,0.3705555555555556,0.10158095238095238,0.3333333333333333,1,0.17302846908569336,1,1695136271.7931235,1695136272.531392,sfc_cache_p2_24
326,None,1695136272.8009682,4,0.38333333333333336,0.10342857142857143,0.3333333333333333,1,0.15706825256347656,1,1695136271.7931235,1695136272.8009682,sfc_unique_p2_24
327,None,1695136273.1004925,4,0.38972222222222225,0.10663809523809524,0.3541666666666667,2,0.17950749397277832,1,1695136271.7931235,1695136273.1004925,sfc_cache_p3_24
328,None,1695136273.3910735,4,0.4025,0.1084857142857143,0.3541666666666667,1,0.17505526542663574,1,1695136271.7931235,1695136273.3910735,sfc_unique_p3_24
329,None,1695136273.7146444,4,0.38972222222222225,0.10663809523809524,0.3541666666666667,2,0.1675431728363037,1,1695136271.7931235,1695136273.7146444,sfc_cache_p4_24
330,None,1695136273.9635663,4,0.4025,0.1084857142857143,0.3541666666666667,1,0.12903189659118652,1,1695136271.7931235,1695136273.9635663,sfc_unique_p4_24
331,None,1695136274.154089,4,0.4152777777777778,0.11033333333333335,0.3541666666666667,1,0.1005094051361084,1,1695136273.7551541,1695136274.154089,sfc_unique_p1_20
332,None,1695136274.3365998,4,0.4152777777777778,0.11033333333333335,0.3541666666666667,None,0.1039891242980957,0,1695136273.7391546,1695136274.3365998,sfc_cache_p1_20
333,None,1695136275.7819192,4,0.39611111111111114,0.10756190476190479,0.3333333333333333,None,0.11216592788696289,0,1695136275.6697533,1695136275.7819192,sfc_cache_p3_21
334,None,1695136275.9427009,4,0.4088888888888889,0.10940952380952383,0.3333333333333333,1,0.09550833702087402,1,1695136275.7289047,1695136275.9427009,sfc_unique_p3_21
335,None,1695136276.7960963,4,0.38972222222222225,0.10663809523809525,0.3125,None,0.11152172088623047,0,1695136276.6845746,1695136276.7960963,sfc_cache_p4_20
336,None,1695136276.9661107,4,0.4025,0.1084857142857143,0.3125,1,0.10150790214538574,1,1695136276.745084,1695136276.9661107,sfc_unique_p4_20
337,None,1695136277.8130352,4,0.38333333333333336,0.10571428571428573,0.2916666666666667,None,0.11105489730834961,0,1695136277.7019804,1695136277.8130352,sfc_cache_p1_21
338,None,1695136277.9727979,4,0.39611111111111114,0.10756190476190479,0.2916666666666667,1,0.09550738334655762,1,1695136277.7464883,1695136277.9727979,sfc_unique_p1_21
339,None,1695136286.88155,4,0.37694444444444447,0.10479047619047621,0.2708333333333333,None,0.11017251014709473,0,1695136286.7713776,1695136286.88155,sfc_cache_p2_21
340,None,1695136287.0405624,4,0.38972222222222225,0.10663809523809525,0.2708333333333333,1,0.09750604629516602,1,1695136286.82955,1695136287.0405624,sfc_unique_p2_21
341,None,1695136288.9945996,4,0.345,0.10474285714285715,0.2916666666666667,5,0.17163300514221191,1,1695136288.8219664,1695136288.9945996,sfc_cache_p1_25
342,None,1695136289.277582,4,0.3577777777777778,0.12030476190476191,0.2916666666666667,4,0.18052315711975098,1,1695136288.8219664,1695136289.277582,sfc_unique_p1_25
343,None,1695136289.5681565,4,0.3641666666666667,0.12122857142857142,0.3125,2,0.18355298042297363,1,1695136288.8219664,1695136289.5681565,sfc_cache_p2_25
344,None,1695136289.8527162,4,0.37694444444444447,0.12764761904761907,0.3125,2,0.1710340976715088,1,1695136288.8219664,1695136289.8527162,sfc_unique_p2_25
345,None,1695136290.1216993,4,0.38333333333333336,0.12857142857142856,0.3333333333333333,2,0.16347503662109375,1,1695136288.8219664,1695136290.1216993,sfc_cache_p3_25
346,None,1695136290.4077163,4,0.39611111111111114,0.1349904761904762,0.3333333333333333,2,0.17250919342041016,1,1695136288.8219664,1695136290.4077163,sfc_unique_p3_25
347,None,1695136290.6820297,4,0.4025,0.1359142857142857,0.3541666666666667,2,0.15579771995544434,1,1695136288.8219664,1695136290.6820297,sfc_cache_p4_25
348,None,1695136290.922599,4,0.4152777777777778,0.14233333333333334,0.3541666666666667,2,0.13755464553833008,1,1695136288.8219664,1695136290.922599,sfc_unique_p4_25
349,None,1695136293.0327132,4,0.3705555555555555,0.1312952380952381,0.3333333333333333,None,0.11452078819274902,0,1695136292.9181924,1695136293.0327132,sfc_cache_p3_25
350,None,1695136293.2000117,4,0.38333333333333336,0.1377142857142857,0.3333333333333333,2,0.10053610801696777,1,1695136292.975698,1695136293.2000117,sfc_unique_p3_25
351,None,1695136294.0442898,4,0.33861111111111114,0.13124761904761906,0.3125,None,0.1152348518371582,0,1695136293.9280546,1695136294.0442898,sfc_cache_p2_22
352,None,1695136294.2091186,4,0.35138888888888886,0.1330952380952381,0.3125,1,0.09999823570251465,1,1695136293.9890544,1695136294.2091186,sfc_unique_p2_22
353,None,1695136295.06713,4,0.3322222222222222,0.13032380952380954,0.2916666666666667,None,0.11397957801818848,0,1695136294.9531505,1695136295.06713,sfc_cache_p1_22
354,None,1695136295.2303443,4,0.345,0.13217142857142858,0.2916666666666667,1,0.09804749488830566,1,1695136295.029623,1695136295.2303443,sfc_unique_p1_22
355,None,1695136296.089406,4,0.3258333333333333,0.12025714285714285,0.2708333333333333,None,0.12001967430114746,0,1695136295.9693863,1695136296.089406,sfc_cache_p4_23
356,None,1695136296.262539,4,0.3386111111111111,0.1266761904761905,0.2708333333333333,2,0.11056351661682129,1,1695136296.0298967,1695136296.262539,sfc_unique_p4_23
357,None,1695136302.1542363,4,0.3194444444444444,0.11476190476190477,0.25,None,0.12001299858093262,0,1695136302.0332234,1695136302.1542363,sfc_cache_p3_23
358,None,1695136302.3243184,4,0.3322222222222223,0.1211809523809524,0.25,2,0.11729574203491211,1,1695136302.0932243,1695136302.3243184,sfc_unique_p3_23
359,None,1695136303.1702514,4,0.31305555555555564,0.11840952380952383,0.22916666666666666,None,0.11901307106018066,0,1695136303.0512383,1695136303.1702514,sfc_cache_p3_22
360,None,1695136303.3366694,4,0.3258333333333333,0.12025714285714285,0.22916666666666666,1,0.10607457160949707,1,1695136303.112239,1695136303.3366694,sfc_unique_p3_22
361,None,1695136307.2275162,4,0.2875,0.11242857142857143,0.1875,None,0.11652207374572754,0,1695136307.1099942,1695136307.2275162,sfc_cache_p4_21
362,None,1695136307.4281397,4,0.2875,0.10785714285714287,0.1875,1,0.11702513694763184,1,1695136307.2530222,1695136307.4281397,sfc_unique_p4_22
363,None,1695136307.6251538,4,0.3002777777777778,0.11427619047619049,0.1875,2,0.11650919914245605,1,1695136307.3751283,1695136307.6251538,sfc_unique_p3_25
364,None,1695136307.8465464,4,0.3002777777777778,0.11427619047619049,0.1875,None,0.14637064933776855,0,1695136307.2400215,1695136307.8465464,sfc_cache_p4_22
365,None,1695136308.102112,4,0.31305555555555564,0.12069523809523812,0.1875,2,0.16303730010986328,1,1695136307.155008,1695136308.102112,sfc_unique_p4_21
366,None,1695136308.3742514,4,0.3194444444444446,0.12161904761904765,0.20833333333333334,1,0.16912198066711426,1,1695136307.8465464,1695136308.3742514,sfc_cache_p1_26
367,None,1695136308.6547844,4,0.3322222222222223,0.12346666666666668,0.20833333333333334,1,0.18251967430114746,1,1695136307.8465464,1695136308.6547844,sfc_unique_p1_26
368,None,1695136308.940813,4,0.33861111111111125,0.12439047619047623,0.22916666666666666,1,0.1720139980316162,1,1695136307.8465464,1695136308.940813,sfc_cache_p2_26
369,None,1695136309.2198455,4,0.351388888888889,0.12623809523809526,0.22916666666666666,1,0.169525146484375,1,1695136307.8465464,1695136309.2198455,sfc_unique_p2_26
370,None,1695136309.494397,4,0.3577777777777779,0.12944761904761906,0.25,2,0.16753864288330078,1,1695136307.8465464,1695136309.494397,sfc_cache_p3_26
371,None,1695136309.7465682,4,0.37055555555555564,0.1312952380952381,0.25,1,0.15015697479248047,1,1695136307.8465464,1695136309.7465682,sfc_unique_p3_26
372,None,1695136309.9759963,4,0.37694444444444447,0.1367904761904762,0.2708333333333333,3,0.13302898406982422,1,1695136307.8465464,1695136309.9759963,sfc_cache_p4_26
373,None,1695136310.1840084,4,0.3897222222222223,0.13863809523809525,0.2708333333333333,1,0.11850619316101074,1,1695136307.8465464,1695136310.1840084,sfc_unique_p4_26
374,None,1695136337.0332403,4,0.293888888888889,0.12020952380952382,0.2916666666666667,1,0.17655563354492188,1,1695136336.8566847,1695136337.0332403,sfc_cache_p1_27
375,None,1695136337.302962,4,0.30666666666666664,0.12205714285714286,0.2916666666666667,1,0.17420125007629395,1,1695136336.8566847,1695136337.302962,sfc_unique_p1_27
376,None,1695136337.5669935,4,0.31305555555555564,0.1229809523809524,0.3125,1,0.16701555252075195,1,1695136336.8566847,1695136337.5669935,sfc_cache_p2_27
377,None,1695136337.8447104,4,0.3258333333333333,0.12482857142857143,0.3125,1,0.17542004585266113,1,1695136336.8566847,1695136337.8447104,sfc_unique_p2_27
378,None,1695136338.1187396,4,0.3322222222222223,0.12575238095238098,0.3333333333333333,1,0.17152094841003418,1,1695136336.8566847,1695136338.1187396,sfc_cache_p3_27
379,None,1695136338.4090755,4,0.345,0.1276,0.3333333333333333,1,0.18254566192626953,1,1695136336.8566847,1695136338.4090755,sfc_unique_p3_27
380,None,1695136338.6781862,4,0.35138888888888886,0.12852380952380954,0.3541666666666667,1,0.16058969497680664,1,1695136336.8566847,1695136338.6781862,sfc_cache_p4_27
381,None,1695136338.897604,4,0.3641666666666667,0.13037142857142858,0.3541666666666667,1,0.12250590324401855,1,1695136336.8566847,1695136338.897604,sfc_unique_p4_27
382,None,1695136346.6567116,4,0.345,0.10702857142857145,0.3333333333333333,None,0.12108945846557617,0,1695136346.5356221,1695136346.6567116,sfc_cache_p1_25
383,None,1695136346.828769,4,0.3577777777777778,0.1225904761904762,0.3333333333333333,4,0.10755133628845215,1,1695136346.594684,1695136346.828769,sfc_unique_p1_25
384,None,1695136347.6715689,4,0.33861111111111114,0.11524761904761906,0.3125,None,0.11921095848083496,0,1695136347.5513575,1695136347.6715689,sfc_cache_p2_25
385,None,1695136347.835314,4,0.3513888888888889,0.12166666666666669,0.3125,2,0.10123729705810547,1,1695136347.62655,1695136347.835314,sfc_unique_p2_25
386,None,1695136360.7991648,4,0.3513888888888889,0.12166666666666669,0.3125,2,0.10313177108764648,1,1695136360.6950328,1695136360.7991648,sfc_unique_p3_25
387,None,1695136363.844473,4,0.33222222222222225,0.10975238095238096,0.2916666666666667,None,0.11952042579650879,0,1695136363.723952,1695136363.844473,sfc_cache_p2_23
388,None,1695136364.0150414,4,0.34500000000000003,0.11617142857142858,0.2916666666666667,2,0.1080625057220459,1,1695136363.7854593,1695136364.0150414,sfc_unique_p2_23
389,None,1695136364.8478665,4,0.32583333333333336,0.09968571428571428,0.2708333333333333,None,0.1215200424194336,0,1695136364.7263465,1695136364.8478665,sfc_cache_p1_23
390,None,1695136365.0399013,4,0.3194444444444445,0.10561904761904763,0.25,4,0.10852789878845215,1,1695136364.9173725,1695136365.0399013,sfc_unique_p4_25
391,None,1695136365.2072742,4,0.3194444444444445,0.10561904761904763,0.25,None,0.11051797866821289,0,1695136364.9043722,1695136365.2072742,sfc_cache_p4_25
392,None,1695136365.371052,4,0.33222222222222225,0.11203809523809526,0.25,2,0.10699748992919922,1,1695136364.7858536,1695136365.371052,sfc_unique_p1_23
393,None,1695136369.0365086,4,0.33861111111111114,0.11296190476190478,0.2708333333333333,1,0.16152691841125488,1,1695136368.8739796,1695136369.0365086,sfc_cache_p1_28
394,None,1695136369.3168054,4,0.3513888888888889,0.11480952380952383,0.2708333333333333,1,0.17622065544128418,1,1695136368.8739796,1695136369.3168054,sfc_unique_p1_28
395,None,1695136369.5888548,4,0.3577777777777778,0.11665714285714288,0.2916666666666667,2,0.16103339195251465,1,1695136368.8739796,1695136369.5888548,sfc_cache_p2_28
396,None,1695136369.856393,4,0.37055555555555564,0.11850476190476192,0.2916666666666667,1,0.1660313606262207,1,1695136368.8739796,1695136369.856393,sfc_unique_p2_28
397,None,1695136370.1164079,4,0.3769444444444445,0.12035238095238095,0.3125,2,0.15050816535949707,1,1695136368.8739796,1695136370.1164079,sfc_cache_p3_28
398,None,1695136370.385468,4,0.3897222222222223,0.12404761904761903,0.3125,2,0.1605241298675537,1,1695136368.8739796,1695136370.385468,sfc_unique_p3_28
399,None,1695136370.642037,4,0.3961111111111112,0.1258952380952381,0.3333333333333333,2,0.14603400230407715,1,1695136368.8739796,1695136370.642037,sfc_cache_p4_28
400,None,1695136370.8691182,4,0.40888888888888897,0.1295904761904762,0.3333333333333333,2,0.13202357292175293,1,1695136368.8739796,1695136370.8691182,sfc_unique_p4_28
401,None,1695136376.0457335,4,0.3577777777777778,0.11762857142857143,0.3333333333333333,5,0.10164237022399902,1,1695136375.943128,1695136376.0457335,sfc_unique_p2_25
402,None,1695136376.220059,4,0.3577777777777778,0.1222,0.3333333333333333,5,0.09950995445251465,1,1695136376.120549,1695136376.220059,sfc_unique_p1_25
403,None,1695136381.0960698,4,0.33861111111111114,0.11942857142857143,0.3125,None,0.11302852630615234,0,1695136380.9820411,1695136381.0960698,sfc_cache_p4_24
404,None,1695136381.257605,4,0.3513888888888889,0.12127619047619045,0.3125,1,0.1030271053314209,1,1695136381.0426185,1695136381.257605,sfc_unique_p4_24
405,None,1695136386.0398014,4,0.35777777777777775,0.13134285714285715,0.3333333333333333,5,0.1635448932647705,1,1695136385.8752549,1695136386.0398014,sfc_cache_p1_29
406,None,1695136386.3143888,4,0.3705555555555556,0.1514761904761905,0.3333333333333333,5,0.1730518341064453,1,1695136385.8752549,1695136386.3143888,sfc_unique_p1_29
407,None,1695136386.587443,4,0.3769444444444444,0.1524,0.3541666666666667,5,0.17152833938598633,1,1695136385.8752549,1695136386.587443,sfc_cache_p2_29
408,None,1695136386.8609936,4,0.38972222222222225,0.16796190476190476,0.3541666666666667,4,0.1615297794342041,1,1695136385.8752549,1695136386.8609936,sfc_unique_p2_29
409,None,1695136387.154017,4,0.39611111111111114,0.16888571428571428,0.375,5,0.17551183700561523,1,1695136385.8752549,1695136387.154017,sfc_cache_p3_29
410,None,1695136387.4357474,4,0.4088888888888889,0.18444761904761905,0.375,4,0.1596972942352295,1,1695136385.8752549,1695136387.4357474,sfc_unique_p3_29
411,None,1695136387.711288,4,0.41527777777777775,0.18537142857142858,0.3958333333333333,5,0.15603113174438477,1,1695136385.8752549,1695136387.711288,sfc_cache_p4_29
412,None,1695136387.96428,4,0.42805555555555563,0.20093333333333335,0.3958333333333333,4,0.13840651512145996,1,1695136385.8752549,1695136387.96428,sfc_unique_p4_29
413,None,1695136388.2073593,4,0.42805555555555563,0.2055047619047619,0.3958333333333333,5,0.11503386497497559,1,1695136388.091326,1695136388.2073593,sfc_unique_p4_25
414,None,1695136390.1942947,4,0.39611111111111114,0.19402857142857147,0.375,None,0.11465835571289062,0,1695136390.0796363,1695136390.1942947,sfc_cache_p3_24
415,None,1695136390.3851223,4,0.4088888888888889,0.21416190476190478,0.375,5,0.10630178451538086,1,1695136390.209295,1695136390.3851223,sfc_unique_p3_25
416,None,1695136390.5466192,4,0.4216666666666667,0.21600952380952382,0.375,1,0.08901429176330566,1,1695136390.125667,1695136390.5466192,sfc_unique_p3_24
417,None,1695136391.20765,4,0.4025,0.21323809523809525,0.3541666666666667,None,0.11773538589477539,0,1695136391.0889142,1695136391.20765,sfc_cache_p1_24
418,None,1695136391.3691845,4,0.41527777777777786,0.21508571428571432,0.3541666666666667,1,0.08951854705810547,1,1695136391.1504629,1695136391.3691845,sfc_unique_p1_24
419,None,1695136395.2469406,4,0.39611111111111114,0.21002857142857145,0.3333333333333333,None,0.11552929878234863,0,1695136395.1314113,1695136395.2469406,sfc_cache_p3_26
420,None,1695136395.41099,4,0.4088888888888889,0.21372380952380954,0.3333333333333333,2,0.09352397918701172,1,1695136395.1919656,1695136395.41099,sfc_unique_p3_26
421,None,1695136396.0566132,4,0.4152777777777778,0.21464761904761906,0.3541666666666667,1,0.15554594993591309,1,1695136395.9005609,1695136396.0566132,sfc_cache_p1_30
422,None,1695136396.3269866,4,0.42805555555555563,0.2164952380952381,0.3541666666666667,1,0.144195556640625,1,1695136395.9005609,1695136396.3269866,sfc_unique_p1_30
423,None,1695136396.606545,4,0.43444444444444447,0.21834285714285714,0.375,2,0.16252732276916504,1,1695136395.9005609,1695136396.606545,sfc_cache_p2_30
424,None,1695136396.88908,4,0.4472222222222223,0.22203809523809526,0.375,2,0.15252184867858887,1,1695136395.9005609,1695136396.88908,sfc_unique_p2_30
425,None,1695136397.1791108,4,0.4472222222222222,0.1441809523809524,0.375,2,0.15301752090454102,1,1695136395.9005609,1695136397.1791108,sfc_cache_p3_30
426,None,1695136397.5026507,4,0.4472222222222223,0.2248095238095238,0.375,2,0.14001727104187012,1,1695136395.9005609,1695136397.5026507,sfc_unique_p3_30
427,None,1695136397.7657223,4,0.4600000000000001,0.23764761904761902,0.375,4,0.13956308364868164,1,1695136397.3166192,1695136397.7657223,sfc_unique_p1_26
428,None,1695136398.0132906,4,0.4600000000000001,0.23764761904761902,0.375,None,0.1205294132232666,0,1695136397.2271106,1695136398.0132906,sfc_cache_p1_26
429,None,1695136398.244856,4,0.46638888888888896,0.2445523809523809,0.3958333333333333,6,0.12753725051879883,1,1695136395.9005609,1695136398.244856,sfc_cache_p4_30
430,None,1695136398.4674304,4,0.4791666666666667,0.24824761904761902,0.3958333333333333,2,0.09901905059814453,1,1695136395.9005609,1695136398.4674304,sfc_unique_p4_30
431,None,1695136400.3344736,4,0.46,0.24547619047619046,0.375,None,0.10202383995056152,0,1695136400.2314496,1695136400.3344736,sfc_cache_p2_26
432,None,1695136400.49361,4,0.4727777777777778,0.24917142857142857,0.375,2,0.0785064697265625,1,1695136400.2924726,1695136400.49361,sfc_unique_p2_26
433,None,1695136408.3956904,4,0.4025,0.16586666666666666,0.3541666666666667,None,0.11150789260864258,0,1695136408.2841825,1695136408.3956904,sfc_cache_p1_27
434,None,1695136408.5772197,4,0.41527777777777775,0.1677142857142857,0.3541666666666667,1,0.10801172256469727,1,1695136408.3611832,1695136408.5772197,sfc_unique_p1_27
435,None,1695136409.4379244,4,0.3833333333333333,0.1585238095238095,0.3333333333333333,None,0.12301278114318848,0,1695136409.3149116,1695136409.4379244,sfc_cache_p4_26
436,None,1695136409.6264672,4,0.3961111111111111,0.16037142857142855,0.3333333333333333,1,0.11903619766235352,1,1695136409.3744187,1695136409.6264672,sfc_unique_p4_26
437,None,1695136410.09769,4,0.38333333333333336,0.1630952380952381,0.3333333333333333,3,0.17122840881347656,1,1695136409.9254625,1695136410.09769,sfc_cache_p1_31
438,None,1695136410.3926036,4,0.3769444444444444,0.1713142857142857,0.3125,3,0.17434406280517578,1,1695136409.9254625,1695136410.3926036,sfc_unique_p1_31
439,None,1695136410.7390883,4,0.38972222222222225,0.17316190476190474,0.3125,1,0.18042254447937012,1,1695136410.4641109,1695136410.7390883,sfc_unique_p3_27
440,None,1695136411.0798461,4,0.3641666666666667,0.16946666666666665,0.3125,None,0.16852307319641113,0,1695136410.4166038,1695136411.0798461,sfc_cache_p3_27
441,None,1695136411.3858786,4,0.3705555555555556,0.1703904761904762,0.3333333333333333,3,0.17952489852905273,1,1695136409.9254625,1695136411.3858786,sfc_cache_p2_31
442,None,1695136411.6929278,4,0.38333333333333336,0.18138095238095236,0.3333333333333333,3,0.1860339641571045,1,1695136409.9254625,1695136411.6929278,sfc_unique_p2_31
443,None,1695136411.9681602,4,0.38972222222222225,0.18230476190476191,0.3541666666666667,1,0.13852310180664062,1,1695136409.9254625,1695136411.9681602,sfc_cache_p3_31
444,None,1695136412.184697,4,0.4025,0.18415238095238096,0.3541666666666667,1,0.11504888534545898,1,1695136409.9254625,1695136412.184697,sfc_unique_p3_31
445,None,1695136412.3674412,4,0.4088888888888889,0.18507619047619048,0.375,1,0.09650516510009766,1,1695136409.9254625,1695136412.3674412,sfc_cache_p4_31
446,None,1695136412.5414777,4,0.42166666666666675,0.20063809523809525,0.375,4,0.09352898597717285,1,1695136409.9254625,1695136412.5414777,sfc_unique_p4_31
447,None,1695136415.5215876,4,0.3641666666666667,0.17763809523809523,0.3541666666666667,None,0.12152242660522461,0,1695136415.4000652,1695136415.5215876,sfc_cache_p2_27
448,None,1695136415.6965616,4,0.3769444444444445,0.17948571428571428,0.3541666666666667,1,0.09701967239379883,1,1695136415.4600685,1695136415.6965616,sfc_unique_p2_27
449,None,1695136417.5438325,4,0.34500000000000003,0.17486666666666667,0.3333333333333333,None,0.1140451431274414,0,1695136417.4287868,1695136417.5438325,sfc_cache_p4_27
450,None,1695136417.7123497,4,0.35777777777777786,0.1767142857142857,0.3333333333333333,1,0.09650611877441406,1,1695136417.4898028,1695136417.7123497,sfc_unique_p4_27
451,None,1695136420.5575376,4,0.35777777777777786,0.1767142857142857,0.3333333333333333,1,0.10003328323364258,1,1695136420.4565032,1695136420.5575376,sfc_unique_p1_27
452,None,1695136422.5684152,4,0.35777777777777775,0.1767142857142857,0.3333333333333333,1,0.10148739814758301,1,1695136422.4659278,1695136422.5684152,sfc_unique_p3_27
453,None,1695136426.1104198,4,0.3641666666666667,0.17763809523809523,0.3541666666666667,1,0.16492033004760742,1,1695136425.9444993,1695136426.1104198,sfc_cache_p1_32
454,None,1695136426.414026,4,0.3769444444444444,0.17948571428571428,0.3541666666666667,1,0.17403578758239746,1,1695136425.9444993,1695136426.414026,sfc_unique_p1_32
455,None,1695136426.7365825,4,0.3769444444444444,0.17948571428571425,0.3541666666666667,1,0.17102909088134766,1,1695136426.535041,1695136426.7365825,sfc_unique_p2_27
456,None,1695136427.0411198,4,0.38333333333333336,0.18133333333333332,0.375,2,0.1625075340270996,1,1695136425.9444993,1695136427.0411198,sfc_cache_p2_32
457,None,1695136427.3266706,4,0.3961111111111112,0.1850285714285714,0.375,2,0.1590423583984375,1,1695136425.9444993,1695136427.3266706,sfc_unique_p2_32
458,None,1695136427.639441,4,0.38972222222222225,0.18502857142857143,0.3958333333333333,2,0.1712629795074463,1,1695136425.9444993,1695136427.639441,sfc_cache_p3_32
459,None,1695136427.9474716,4,0.4025,0.18872380952380952,0.3958333333333333,2,0.1510157585144043,1,1695136425.9444993,1695136427.9474716,sfc_unique_p3_32
460,None,1695136428.2032971,4,0.41527777777777786,0.1924190476190476,0.3958333333333333,2,0.13355422019958496,1,1695136427.667442,1695136428.2032971,sfc_unique_p4_27
461,None,1695136428.418858,4,0.4216666666666667,0.1951904761904762,0.4166666666666667,3,0.10553169250488281,1,1695136425.9444993,1695136428.418858,sfc_cache_p4_32
462,None,1695136428.596747,4,0.4344444444444446,0.20073333333333332,0.4166666666666667,3,0.09582209587097168,1,1695136425.9444993,1695136428.596747,sfc_unique_p4_32
463,None,1695136448.1194816,4,0.44083333333333335,0.20165714285714287,0.4375,1,0.15402960777282715,1,1695136447.965452,1695136448.1194816,sfc_cache_p1_33
464,None,1695136448.4249675,4,0.45361111111111124,0.2035047619047619,0.4375,1,0.16193819046020508,1,1695136447.965452,1695136448.4249675,sfc_unique_p1_33
465,None,1695136448.7355452,4,0.46,0.1878,0.4583333333333333,2,0.16352128982543945,1,1695136447.965452,1695136448.7355452,sfc_cache_p2_33
466,None,1695136449.0993695,4,0.4472222222222223,0.20165714285714287,0.4583333333333333,1,0.16401314735412598,1,1695136447.965452,1695136449.0993695,sfc_unique_p2_33
467,None,1695136449.3982387,4,0.46,0.2035047619047619,0.4583333333333333,1,0.15436005592346191,1,1695136448.9053555,1695136449.3982387,sfc_unique_p4_27
468,None,1695136449.6827724,4,0.4727777777777779,0.20535238095238095,0.4583333333333333,1,0.1495213508605957,1,1695136448.8648498,1695136449.6827724,sfc_unique_p2_27
469,None,1695136449.9662602,4,0.4791666666666667,0.20719999999999997,0.4791666666666667,2,0.14154648780822754,1,1695136447.965452,1695136449.9662602,sfc_cache_p3_33
470,None,1695136450.2217786,4,0.49194444444444446,0.21089523809523808,0.4791666666666667,2,0.13950681686401367,1,1695136447.965452,1695136450.2217786,sfc_unique_p3_33
471,None,1695136450.4489214,4,0.49833333333333335,0.2150285714285714,0.5,3,0.11461997032165527,1,1695136447.965452,1695136450.4489214,sfc_cache_p4_33
472,None,1695136450.690481,4,0.5111111111111112,0.21872380952380951,0.5,2,0.11751985549926758,1,1695136447.965452,1695136450.690481,sfc_unique_p4_33
473,None,1695136452.3550272,4,0.5111111111111112,0.21872380952380954,0.5,1,0.09362125396728516,1,1695136452.261406,1695136452.3550272,sfc_unique_p1_27
474,None,1695136454.400379,4,0.4919444444444446,0.21502857142857143,0.4791666666666667,None,0.11357855796813965,0,1695136454.2868004,1695136454.400379,sfc_cache_p2_28
475,None,1695136454.586537,4,0.5047222222222223,0.22144761904761906,0.4791666666666667,2,0.09301519393920898,1,1695136454.3618615,1695136454.586537,sfc_unique_p2_28
476,None,1695136455.3967223,4,0.48555555555555563,0.2159047619047619,0.4583333333333333,1,0.09508323669433594,1,1695136455.301639,1695136455.3967223,sfc_unique_p3_27
477,None,1695136455.6156142,4,0.49833333333333335,0.2196,0.4583333333333333,2,0.09401392936706543,1,1695136455.4289877,1695136455.6156142,sfc_unique_p3_28
478,None,1695136455.801637,4,0.49833333333333335,0.2196,0.4583333333333333,None,0.09550642967224121,0,1695136455.4138997,1695136455.801637,sfc_cache_p3_28
479,None,1695136459.4536679,4,0.4791666666666667,0.21682857142857143,0.4375,None,0.11531400680541992,0,1695136459.3383539,1695136459.4536679,sfc_cache_p1_28
480,None,1695136459.6582422,4,0.4791666666666667,0.2214,0.4375,2,0.09250640869140625,1,1695136459.4136682,1695136459.6582422,sfc_unique_p1_28
481,None,1695136461.4547923,4,0.43444444444444447,0.21216190476190477,0.4166666666666667,None,0.11251473426818848,0,1695136461.3422775,1695136461.4547923,sfc_cache_p4_28
482,None,1695136461.6344364,4,0.4472222222222223,0.2185809523809524,0.4166666666666667,2,0.09410619735717773,1,1695136461.4167924,1695136461.6344364,sfc_unique_p4_28
483,None,1695136464.464305,4,0.4152777777777778,0.20024761904761904,0.3958333333333333,None,0.10602188110351562,0,1695136464.3572834,1695136464.464305,sfc_cache_p2_29
484,None,1695136464.6442902,4,0.4280555555555555,0.21123809523809522,0.3958333333333333,3,0.09697461128234863,1,1695136464.417305,1695136464.6442902,sfc_unique_p2_29
485,None,1695136465.1209009,4,0.43444444444444447,0.21216190476190475,0.4166666666666667,1,0.1370248794555664,1,1695136464.983876,1695136465.1209009,sfc_cache_p1_34
486,None,1695136465.4227312,4,0.4472222222222222,0.2140095238095238,0.4166666666666667,1,0.14132070541381836,1,1695136464.983876,1695136465.4227312,sfc_unique_p1_34
487,None,1695136465.7150776,4,0.45361111111111113,0.2149333333333333,0.4375,1,0.14888596534729004,1,1695136464.983876,1695136465.7150776,sfc_cache_p2_34
488,None,1695136466.0206587,4,0.46638888888888885,0.21678095238095238,0.4375,1,0.1480550765991211,1,1695136464.983876,1695136466.0206587,sfc_unique_p2_34
489,None,1695136466.3206387,4,0.4727777777777778,0.2177047619047619,0.4583333333333333,1,0.14801287651062012,1,1695136464.983876,1695136466.3206387,sfc_cache_p3_34
490,None,1695136466.626673,4,0.4855555555555555,0.21955238095238094,0.4583333333333333,1,0.1435260772705078,1,1695136464.983876,1695136466.626673,sfc_unique_p3_34
491,None,1695136466.9032083,4,0.49194444444444446,0.22047619047619046,0.4791666666666667,1,0.12652158737182617,1,1695136464.983876,1695136466.9032083,sfc_cache_p4_34
492,None,1695136467.1917186,4,0.5047222222222222,0.2223238095238095,0.4791666666666667,1,0.1444382667541504,1,1695136464.983876,1695136467.1917186,sfc_unique_p4_34
493,None,1695136467.627047,4,0.4855555555555555,0.20583809523809524,0.4583333333333333,None,0.17629504203796387,0,1695136467.449752,1695136467.627047,sfc_cache_p3_29
494,None,1695136467.882574,4,0.49833333333333335,0.21682857142857143,0.4583333333333333,3,0.1155097484588623,1,1695136467.538258,1695136467.882574,sfc_unique_p3_29
495,None,1695136468.5682957,4,0.4791666666666667,0.21405714285714286,0.4375,None,0.11051726341247559,0,1695136468.4567785,1695136468.5682957,sfc_cache_p3_31
496,None,1695136468.753233,4,0.49194444444444446,0.22047619047619046,0.4375,2,0.08850765228271484,1,1695136468.52979,1695136468.753233,sfc_unique_p3_31
497,None,1695136471.5782804,4,0.4727777777777778,0.20856190476190475,0.4166666666666667,None,0.11501526832580566,0,1695136471.4632652,1695136471.5782804,sfc_cache_p1_31
498,None,1695136471.7688088,4,0.48555555555555563,0.2241238095238095,0.4166666666666667,4,0.10051727294921875,1,1695136471.5367734,1695136471.7688088,sfc_unique_p1_31
499,None,1695136472.6251419,4,0.46638888888888896,0.22135238095238094,0.3958333333333333,None,0.1140146255493164,0,1695136472.5111272,1695136472.6251419,sfc_cache_p1_33
500,None,1695136472.8099325,4,0.4791666666666667,0.2232,0.3958333333333333,1,0.09202885627746582,1,1695136472.5806348,1695136472.8099325,sfc_unique_p1_33
501,None,1695136473.619891,4,0.4791666666666667,0.21862857142857142,0.3958333333333333,3,0.10001301765441895,1,1695136473.5188777,1695136473.619891,sfc_unique_p1_31
502,None,1695136478.6798205,4,0.46,0.2130857142857143,0.375,None,0.10762262344360352,0,1695136478.572198,1695136478.6798205,sfc_cache_p3_33
503,None,1695136478.8538742,4,0.4727777777777778,0.21678095238095238,0.375,2,0.0859067440032959,1,1695136478.6463022,1695136478.8538742,sfc_unique_p3_33
504,None,1695136479.681871,4,0.45361111111111113,0.19572380952380952,0.3541666666666667,1,0.08605146408081055,1,1695136479.594819,1695136479.681871,sfc_unique_p2_28
505,None,1695136479.9077973,4,0.46638888888888896,0.20214285714285715,0.3541666666666667,2,0.10120797157287598,1,1695136479.7127607,1695136479.9077973,sfc_unique_p4_29
506,None,1695136480.1039205,4,0.46638888888888896,0.20214285714285715,0.3541666666666667,None,0.1051020622253418,0,1695136479.7016914,1695136480.1039205,sfc_cache_p4_29
507,None,1695136481.7481651,4,0.42805555555555563,0.18877142857142856,0.3125,None,0.11952662467956543,0,1695136481.6286385,1695136481.7481651,sfc_cache_p1_30
508,None,1695136481.9855442,4,0.4216666666666667,0.1827904761904762,0.2916666666666667,1,0.11921000480651855,1,1695136481.7841663,1695136481.9855442,sfc_unique_p4_30
509,None,1695136482.1901553,4,0.43444444444444447,0.1864857142857143,0.2916666666666667,2,0.10552406311035156,1,1695136482.0035744,1695136482.1901553,sfc_unique_p4_33
510,None,1695136482.3819604,4,0.43444444444444447,0.1864857142857143,0.2916666666666667,None,0.10752439498901367,0,1695136481.972432,1695136482.3819604,sfc_cache_p4_33
511,None,1695136482.566651,4,0.43444444444444447,0.1864857142857143,0.2916666666666667,None,0.10205960273742676,0,1695136481.7661657,1695136482.566651,sfc_cache_p4_30
512,None,1695136482.7626865,4,0.4344444444444446,0.2047714285714286,0.2916666666666667,5,0.09551739692687988,1,1695136482.649169,1695136482.7626865,sfc_unique_p2_28
513,None,1695136482.9489076,4,0.4472222222222223,0.20661904761904765,0.2916666666666667,1,0.09403276443481445,1,1695136481.6886396,1695136482.9489076,sfc_unique_p1_30
514,None,1695136483.1680453,4,0.42805555555555563,0.20292380952380956,0.2708333333333333,None,0.11707878112792969,0,1695136483.0509665,1695136483.1680453,sfc_cache_p2_33
515,None,1695136483.347071,4,0.4408333333333334,0.2047714285714286,0.2708333333333333,1,0.09501194953918457,1,1695136483.123044,1695136483.347071,sfc_unique_p2_33
516,None,1695136485.1802824,4,0.4472222222222223,0.20798095238095243,0.2916666666666667,2,0.17955374717712402,1,1695136484.9997284,1695136485.1802824,sfc_cache_p1_35
517,None,1695136485.494262,4,0.46,0.20982857142857145,0.2916666666666667,1,0.16853928565979004,1,1695136484.9997284,1695136485.494262,sfc_unique_p1_35
518,None,1695136485.847283,4,0.45361111111111113,0.20433333333333337,0.3125,2,0.20749807357788086,1,1695136484.9997284,1695136485.847283,sfc_cache_p2_35
519,None,1695136486.1698248,4,0.46638888888888896,0.21075238095238097,0.3125,2,0.17401552200317383,1,1695136484.9997284,1695136486.1698248,sfc_unique_p2_35
520,None,1695136486.486855,4,0.47916666666666674,0.21260000000000004,0.3125,1,0.169508695602417,1,1695136485.6987987,1695136486.486855,sfc_unique_p1_28
521,None,1695136486.853427,4,0.48555555555555563,0.21352380952380953,0.3333333333333333,1,0.19904756546020508,1,1695136484.9997284,1695136486.853427,sfc_cache_p3_35
522,None,1695136487.1384854,4,0.4983333333333334,0.2153714285714286,0.3333333333333333,1,0.12952733039855957,1,1695136484.9997284,1695136487.1384854,sfc_unique_p3_35
523,None,1695136487.4000652,4,0.5047222222222223,0.21629523809523812,0.3541666666666667,1,0.13856768608093262,1,1695136484.9997284,1695136487.4000652,sfc_cache_p4_35
524,None,1695136487.6177506,4,0.5175000000000001,0.21814285714285717,0.3541666666666667,1,0.10250687599182129,1,1695136484.9997284,1695136487.6177506,sfc_unique_p4_35
525,None,1695136491.858287,4,0.4983333333333334,0.2010857142857143,0.3333333333333333,4,0.09708261489868164,1,1695136491.7602036,1695136491.858287,sfc_unique_p1_28
526,None,1695136492.0748224,4,0.5111111111111112,0.20293333333333335,0.3333333333333333,1,0.08852219581604004,1,1695136491.9142992,1695136492.0748224,sfc_unique_p1_29
527,None,1695136492.2798588,4,0.49833333333333335,0.18280000000000002,0.3333333333333333,None,0.11148786544799805,0,1695136491.8787923,1695136492.2798588,sfc_cache_p1_29
528,None,1695136492.5070763,4,0.4791666666666667,0.18002857142857145,0.3125,None,0.11835861206054688,0,1695136492.3887177,1695136492.5070763,sfc_cache_p1_34
529,None,1695136492.7021165,4,0.49194444444444446,0.1818761904761905,0.3125,1,0.09950590133666992,1,1695136492.4690654,1695136492.7021165,sfc_unique_p1_34
530,None,1695136494.9941742,4,0.43444444444444436,0.154,0.2916666666666667,None,0.14232420921325684,0,1695136494.85185,1695136494.9941742,sfc_cache_p2_34
531,None,1695136495.1837962,4,0.4472222222222223,0.15584761904761907,0.2916666666666667,1,0.10610222816467285,1,1695136494.9073715,1695136495.1837962,sfc_unique_p2_34
532,None,1695136505.075126,4,0.4472222222222223,0.17413333333333333,0.2916666666666667,5,0.1085054874420166,1,1695136504.9666204,1695136505.075126,sfc_unique_p1_34
533,None,1695136508.183683,4,0.45361111111111113,0.17505714285714286,0.3125,1,0.178358793258667,1,1695136508.0043237,1695136508.183683,sfc_cache_p1_36
534,None,1695136508.503307,4,0.46638888888888885,0.17875238095238097,0.3125,2,0.17453312873840332,1,1695136508.0043237,1695136508.503307,sfc_unique_p1_36
535,None,1695136508.8424056,4,0.4727777777777778,0.1806,0.3333333333333333,2,0.18857598304748535,1,1695136508.0043237,1695136508.8424056,sfc_cache_p2_36
536,None,1695136509.1602855,4,0.4855555555555555,0.18429523809523812,0.3333333333333333,2,0.16735506057739258,1,1695136508.0043237,1695136509.1602855,sfc_unique_p2_36
537,None,1695136509.5136056,4,0.49194444444444446,0.18614285714285714,0.3541666666666667,2,0.18401503562927246,1,1695136508.0043237,1695136509.5136056,sfc_cache_p3_36
538,None,1695136509.8823555,4,0.49194444444444446,0.1879904761904762,0.3541666666666667,2,0.1835181713104248,1,1695136508.0043237,1695136509.8823555,sfc_unique_p3_36
539,None,1695136510.1633346,4,0.5047222222222223,0.20812380952380954,0.3541666666666667,5,0.13895225524902344,1,1695136509.6723795,1695136510.1633346,sfc_unique_p2_34
540,None,1695136510.4097793,4,0.49833333333333335,0.2090476190476191,0.375,3,0.13254499435424805,1,1695136508.0043237,1695136510.4097793,sfc_cache_p4_36
541,None,1695136510.6282983,4,0.5111111111111112,0.21459047619047622,0.375,3,0.10050630569458008,1,1695136508.0043237,1695136510.6282983,sfc_unique_p4_36
542,None,1695136511.5833893,4,0.4791666666666667,0.19805714285714288,0.3541666666666667,None,0.12342143058776855,0,1695136511.4409678,1695136511.5833893,sfc_cache_p3_36
543,None,1695136511.7774074,4,0.49194444444444446,0.19990476190476192,0.3541666666666667,1,0.10451054573059082,1,1695136511.5613892,1695136511.7774074,sfc_unique_p3_36
544,None,1695136512.5746315,4,0.4791666666666667,0.20262857142857144,0.3541666666666667,5,0.1255204677581787,1,1695136512.449111,1695136512.5746315,sfc_unique_p4_29
545,None,1695136515.605769,4,0.43444444444444447,0.17233333333333334,0.3333333333333333,None,0.1261136531829834,0,1695136515.4796553,1695136515.605769,sfc_cache_p4_32
546,None,1695136515.8045876,4,0.4472222222222223,0.17418095238095238,0.3333333333333333,1,0.09981799125671387,1,1695136515.6207688,1695136515.8045876,sfc_unique_p1_33
547,None,1695136515.9961238,4,0.4600000000000001,0.1760285714285714,0.3333333333333333,1,0.10502791404724121,1,1695136515.555669,1695136515.9961238,sfc_unique_p4_32
548,None,1695136517.5968745,4,0.4600000000000001,0.17418095238095238,0.3333333333333333,1,0.10050630569458008,1,1695136517.4963682,1695136517.5968745,sfc_unique_p3_33
549,None,1695136517.8234196,4,0.4408333333333334,0.16863809523809523,0.3125,None,0.12329649925231934,0,1695136517.700123,1695136517.8234196,sfc_cache_p2_36
550,None,1695136518.009982,4,0.45361111111111113,0.1704857142857143,0.3125,1,0.10505461692810059,1,1695136517.7601347,1695136518.009982,sfc_unique_p2_36
551,None,1695136518.6188018,4,0.43444444444444447,0.1740857142857143,0.2916666666666667,5,0.10801982879638672,1,1695136518.510782,1695136518.6188018,sfc_unique_p1_31
552,None,1695136518.8303978,4,0.4472222222222223,0.1759333333333333,0.2916666666666667,1,0.09757733345031738,1,1695136518.6548018,1695136518.8303978,sfc_unique_p2_32
553,None,1695136519.015702,4,0.4472222222222223,0.1759333333333333,0.2916666666666667,None,0.1040499210357666,0,1695136518.6368022,1695136519.015702,sfc_cache_p2_32
554,None,1695136519.61302,4,0.4472222222222223,0.17408571428571426,0.2916666666666667,1,0.10056900978088379,1,1695136519.512451,1695136519.61302,sfc_unique_p4_33
555,None,1695136522.6388032,4,0.4472222222222223,0.1740857142857143,0.2916666666666667,1,0.10301589965820312,1,1695136522.5357873,1695136522.6388032,sfc_unique_p4_32
556,None,1695136525.652427,4,0.4472222222222223,0.17408571428571426,0.2916666666666667,1,0.1025078296661377,1,1695136525.5499191,1695136525.652427,sfc_unique_p2_32
557,None,1695136526.1955044,4,0.45361111111111113,0.1750095238095238,0.3125,1,0.17801618576049805,1,1695136526.0174882,1695136526.1955044,sfc_cache_p1_37
558,None,1695136526.4975955,4,0.46638888888888896,0.17685714285714282,0.3125,1,0.16355323791503906,1,1695136526.0174882,1695136526.4975955,sfc_unique_p1_37
559,None,1695136526.8186584,4,0.46,0.1759333333333333,0.3333333333333333,1,0.17302846908569336,1,1695136526.0174882,1695136526.8186584,sfc_cache_p2_37
560,None,1695136527.1692233,4,0.4727777777777778,0.17778095238095235,0.3333333333333333,1,0.18201875686645508,1,1695136526.0174882,1695136527.1692233,sfc_unique_p2_37
561,None,1695136527.5045733,4,0.48555555555555563,0.18419999999999997,0.3333333333333333,2,0.18733429908752441,1,1695136526.8526583,1695136527.5045733,sfc_unique_p1_33
562,None,1695136527.8201294,4,0.49194444444444446,0.18512380952380952,0.3541666666666667,1,0.17054343223571777,1,1695136526.0174882,1695136527.8201294,sfc_cache_p3_37
563,None,1695136528.0999286,4,0.5047222222222223,0.18697142857142857,0.3541666666666667,1,0.1440291404724121,1,1695136526.0174882,1695136528.0999286,sfc_unique_p3_37
564,None,1695136528.367985,4,0.5111111111111112,0.1878952380952381,0.375,1,0.1460278034210205,1,1695136526.0174882,1695136528.367985,sfc_cache_p4_37
565,None,1695136528.630034,4,0.523888888888889,0.18974285714285713,0.375,1,0.1365196704864502,1,1695136526.0174882,1695136528.630034,sfc_unique_p4_37
566,None,1695136532.7882001,4,0.5047222222222223,0.18512380952380952,0.3541666666666667,None,0.11708354949951172,0,1695136532.6701167,1695136532.7882001,sfc_cache_p1_36
567,None,1695136532.9689362,4,0.5175000000000001,0.18697142857142857,0.3541666666666667,1,0.09803271293640137,1,1695136532.7436447,1695136532.9689362,sfc_unique_p1_36
568,None,1695136535.801482,4,0.49194444444444446,0.1768095238095238,0.3125,None,0.11403703689575195,0,1695136535.687445,1695136535.801482,sfc_cache_p4_36
569,None,1695136535.9935858,4,0.4600000000000001,0.16941904761904764,0.2916666666666667,2,0.11051726341247559,1,1695136535.760457,1695136535.9935858,sfc_unique_p4_36
570,None,1695136536.8150096,4,0.4408333333333334,0.15293333333333334,0.2708333333333333,None,0.1206045150756836,0,1695136536.694405,1695136536.8150096,sfc_cache_p2_31
571,None,1695136537.0067832,4,0.44083333333333335,0.15750476190476193,0.2708333333333333,2,0.1160895824432373,1,1695136536.7524567,1695136537.0067832,sfc_unique_p2_31
572,None,1695136543.1996875,4,0.3897222222222223,0.1089714285714286,0.2708333333333333,1,0.16060519218444824,1,1695136543.0380821,1695136543.1996875,sfc_cache_p1_38
573,None,1695136543.4894617,4,0.4025,0.11081904761904762,0.2708333333333333,1,0.16890668869018555,1,1695136543.0380821,1695136543.4894617,sfc_unique_p1_38
574,None,1695136543.7843566,4,0.39611111111111114,0.10989523809523812,0.2916666666666667,1,0.17787694931030273,1,1695136543.0380821,1695136543.7843566,sfc_cache_p2_38
575,None,1695136544.1554267,4,0.3897222222222223,0.10897142857142857,0.2708333333333333,1,0.2235269546508789,1,1695136543.0380821,1695136544.1554267,sfc_unique_p2_38
576,None,1695136544.4719532,4,0.4025,0.1153904761904762,0.2708333333333333,2,0.1900186538696289,1,1695136543.8118649,1695136544.4719532,sfc_unique_p4_33
577,None,1695136544.7770407,4,0.4088888888888889,0.11860000000000002,0.2916666666666667,2,0.1705629825592041,1,1695136543.0380821,1695136544.7770407,sfc_cache_p3_38
578,None,1695136545.0836098,4,0.38972222222222225,0.1149047619047619,0.2708333333333333,2,0.18955373764038086,1,1695136543.0380821,1695136545.0836098,sfc_unique_p3_38
579,None,1695136545.3855593,4,0.38972222222222225,0.11947619047619049,0.2708333333333333,2,0.13452696800231934,1,1695136545.2500317,1695136545.3855593,sfc_unique_p3_33
580,None,1695136545.6206872,4,0.3961111111111111,0.1204,0.2916666666666667,2,0.1321089267730713,1,1695136543.0380821,1695136545.6206872,sfc_cache_p4_38
581,None,1695136545.8252237,4,0.40888888888888886,0.12409523809523809,0.2916666666666667,2,0.10902714729309082,1,1695136543.0380821,1695136545.8252237,sfc_unique_p4_38
582,None,1695136546.039873,4,0.3897222222222222,0.12132380952380951,0.2708333333333333,None,0.12462496757507324,0,1695136545.915248,1695136546.039873,sfc_cache_p3_34
583,None,1695136546.2135634,4,0.40249999999999997,0.12317142857142857,0.2708333333333333,1,0.09406137466430664,1,1695136545.9923646,1695136546.2135634,sfc_unique_p3_34
584,None,1695136547.9542582,4,0.38972222222222225,0.10303809523809525,0.2708333333333333,1,0.10350990295410156,1,1695136547.8497484,1695136547.9542582,sfc_unique_p1_34
585,None,1695136549.96527,4,0.3769444444444444,0.07833333333333334,0.2708333333333333,1,0.1134183406829834,1,1695136549.8518517,1695136549.96527,sfc_unique_p4_33
586,None,1695136550.136828,4,0.38972222222222225,0.0801809523809524,0.2708333333333333,1,0.10703182220458984,1,1695136549.9118538,1695136550.136828,sfc_unique_p2_34
587,None,1695136554.0210788,4,0.345,0.06914285714285716,0.25,None,0.11960268020629883,0,1695136553.900476,1695136554.0210788,sfc_cache_p4_34
588,None,1695136554.1894777,4,0.34500000000000003,0.08742857142857144,0.25,6,0.1083827018737793,1,1695136553.960574,1695136554.1894777,sfc_unique_p4_34
589,None,1695136563.2374058,4,0.33861111111111114,0.08650476190476192,0.2708333333333333,1,0.16907072067260742,1,1695136563.068335,1695136563.2374058,sfc_cache_p1_39
590,None,1695136563.4987402,4,0.3513888888888889,0.08835238095238096,0.2708333333333333,1,0.16280055046081543,1,1695136563.068335,1695136563.4987402,sfc_unique_p1_39
591,None,1695136563.7667832,4,0.3577777777777778,0.08927619047619048,0.2916666666666667,1,0.16752052307128906,1,1695136563.068335,1695136563.7667832,sfc_cache_p2_39
592,None,1695136564.0540445,4,0.3705555555555556,0.09112380952380952,0.2916666666666667,1,0.16924452781677246,1,1695136563.068335,1695136564.0540445,sfc_unique_p2_39
593,None,1695136564.3495722,4,0.37694444444444447,0.09204761904761906,0.3125,1,0.190016508102417,1,1695136563.068335,1695136564.3495722,sfc_cache_p3_39
594,None,1695136564.6472163,4,0.3897222222222223,0.0938952380952381,0.3125,1,0.1791362762451172,1,1695136563.068335,1695136564.6472163,sfc_unique_p3_39
595,None,1695136564.94476,4,0.39611111111111114,0.09481904761904762,0.3333333333333333,1,0.17302203178405762,1,1695136563.068335,1695136564.94476,sfc_cache_p4_39
596,None,1695136565.1742437,4,0.40888888888888897,0.09666666666666666,0.3333333333333333,1,0.11850833892822266,1,1695136563.068335,1695136565.1742437,sfc_unique_p4_39
597,None,1695136568.1426067,4,0.3897222222222223,0.0938952380952381,0.3125,None,0.11402487754821777,0,1695136568.0285819,1695136568.1426067,sfc_cache_p2_39
598,None,1695136568.3148513,4,0.4025,0.09574285714285716,0.3125,1,0.10624456405639648,1,1695136568.083099,1695136568.3148513,sfc_unique_p2_39
599,None,1695136572.156836,4,0.38333333333333336,0.09297142857142858,0.2916666666666667,None,0.10841989517211914,0,1695136572.0473802,1695136572.156836,sfc_cache_p1_39
600,None,1695136572.3113863,4,0.3961111111111112,0.09666666666666666,0.2916666666666667,2,0.08954906463623047,1,1695136572.1057212,1695136572.3113863,sfc_unique_p1_39
601,None,1695136574.1737068,4,0.37694444444444447,0.0938952380952381,0.2708333333333333,None,0.10810637474060059,0,1695136574.0656004,1695136574.1737068,sfc_cache_p4_39
602,None,1695136574.3288856,4,0.38972222222222225,0.0975904761904762,0.2708333333333333,2,0.09067225456237793,1,1695136574.124163,1695136574.3288856,sfc_unique_p4_39
603,None,1695136577.189272,4,0.3897222222222222,0.09759047619047617,0.2708333333333333,1,0.09952878952026367,1,1695136577.0887425,1695136577.189272,sfc_unique_p1_34
604,None,1695136581.2181444,4,0.38972222222222225,0.07473333333333335,0.2708333333333333,1,0.10051822662353516,1,1695136581.1166263,1695136581.2181444,sfc_unique_p4_34
605,None,1695136583.2332644,4,0.3897222222222223,0.07930476190476192,0.2708333333333333,2,0.10072469711303711,1,1695136583.1325397,1695136583.2332644,sfc_unique_p3_34
606,None,1695136585.2686453,4,0.37055555555555564,0.07653333333333334,0.25,None,0.11002540588378906,0,1695136585.1586199,1695136585.2686453,sfc_cache_p3_39
607,None,1695136585.4262047,4,0.38333333333333336,0.08022857142857144,0.25,2,0.0965578556060791,1,1695136585.2141395,1695136585.4262047,sfc_unique_p3_39
608,None,1695136586.2796614,4,0.3641666666666667,0.07288571428571429,0.22916666666666666,None,0.11757850646972656,0,1695136586.1610825,1695136586.2796614,sfc_cache_p2_35
609,None,1695136586.4457936,4,0.37694444444444447,0.07930476190476192,0.22916666666666666,2,0.10420775413513184,1,1695136586.2221553,1695136586.4457936,sfc_unique_p2_35
610,None,1695136589.316765,4,0.3577777777777778,0.07653333333333334,0.20833333333333334,None,0.11681938171386719,0,1695136589.1999457,1695136589.316765,sfc_cache_p1_37
611,None,1695136589.480274,4,0.37055555555555564,0.07838095238095238,0.20833333333333334,1,0.10149121284484863,1,1695136589.2597654,1695136589.480274,sfc_unique_p1_37
612,None,1695136590.2600055,4,0.37694444444444447,0.08387619047619048,0.22916666666666666,3,0.165055513381958,1,1695136590.09495,1695136590.2600055,sfc_cache_p1_40
613,None,1695136590.518547,4,0.3897222222222223,0.09486666666666667,0.22916666666666666,3,0.1585221290588379,1,1695136590.09495,1695136590.518547,sfc_unique_p1_40
614,None,1695136590.807656,4,0.39611111111111114,0.0957904761904762,0.25,3,0.17502975463867188,1,1695136590.09495,1695136590.807656,sfc_cache_p2_40
615,None,1695136591.0925276,4,0.40888888888888897,0.10678095238095238,0.25,3,0.17418694496154785,1,1695136590.09495,1695136591.0925276,sfc_unique_p2_40
616,None,1695136591.383563,4,0.4152777777777778,0.10770476190476191,0.2708333333333333,3,0.1785280704498291,1,1695136590.09495,1695136591.383563,sfc_cache_p3_40
617,None,1695136591.6705987,4,0.42805555555555563,0.11869523809523809,0.2708333333333333,3,0.16652703285217285,1,1695136590.09495,1695136591.6705987,sfc_unique_p3_40
618,None,1695136591.9481668,4,0.43444444444444447,0.11961904761904762,0.2916666666666667,3,0.15655136108398438,1,1695136590.09495,1695136591.9481668,sfc_cache_p4_40
619,None,1695136592.2105334,4,0.4472222222222223,0.13060952380952381,0.2916666666666667,3,0.1443479061126709,1,1695136590.09495,1695136592.2105334,sfc_unique_p4_40
620,None,1695136594.4030056,4,0.4152777777777778,0.12370476190476191,0.2708333333333333,None,0.11515474319458008,0,1695136594.2878509,1695136594.4030056,sfc_cache_p1_35
621,None,1695136594.56717,4,0.42805555555555563,0.12555238095238094,0.2708333333333333,1,0.09363746643066406,1,1695136594.3484306,1695136594.56717,sfc_unique_p1_35
622,None,1695136595.4165266,4,0.38333333333333336,0.11451428571428572,0.25,None,0.1135416030883789,0,1695136595.302985,1695136595.4165266,sfc_cache_p3_35
623,None,1695136595.5834308,4,0.39611111111111114,0.11636190476190478,0.25,1,0.10131955146789551,1,1695136595.362021,1695136595.5834308,sfc_unique_p3_35
624,None,1695136597.4312553,4,0.3641666666666667,0.11174285714285714,0.22916666666666666,None,0.11407828330993652,0,1695136597.317177,1695136597.4312553,sfc_cache_p4_35
625,None,1695136597.5951517,4,0.37694444444444447,0.1135904761904762,0.22916666666666666,1,0.10088324546813965,1,1695136597.3767424,1695136597.5951517,sfc_unique_p4_35
626,None,1695136616.271489,4,0.33222222222222225,0.10712380952380952,0.25,3,0.14652371406555176,1,1695136616.1239657,1695136616.271489,sfc_cache_p1_41
627,None,1695136616.5525732,4,0.345,0.11811428571428571,0.25,3,0.18056297302246094,1,1695136616.1239657,1695136616.5525732,sfc_unique_p1_41
628,None,1695136616.8356895,4,0.3513888888888889,0.11903809523809526,0.2708333333333333,3,0.17503118515014648,1,1695136616.1239657,1695136616.8356895,sfc_cache_p2_41
629,None,1695136617.1267633,4,0.3641666666666667,0.13002857142857144,0.2708333333333333,3,0.1775224208831787,1,1695136616.1239657,1695136617.1267633,sfc_unique_p2_41
630,None,1695136617.4262843,4,0.3705555555555556,0.13323809523809524,0.2916666666666667,4,0.18901348114013672,1,1695136616.1239657,1695136617.4262843,sfc_cache_p3_41
631,None,1695136617.7243214,4,0.38333333333333336,0.14422857142857143,0.2916666666666667,3,0.17302298545837402,1,1695136616.1239657,1695136617.7243214,sfc_unique_p3_41
632,None,1695136617.996474,4,0.38972222222222225,0.14515238095238098,0.3125,1,0.1545412540435791,1,1695136616.1239657,1695136617.996474,sfc_cache_p4_41
633,None,1695136618.2305079,4,0.4025,0.147,0.3125,1,0.14812469482421875,1,1695136616.1239657,1695136618.2305079,sfc_unique_p4_41
634,None,1695136637.293952,4,0.4088888888888889,0.14884761904761906,0.3333333333333333,2,0.14115333557128906,1,1695136637.1527987,1695136637.293952,sfc_cache_p1_42
635,None,1695136637.5724437,4,0.4216666666666667,0.15254285714285715,0.3333333333333333,2,0.1535346508026123,1,1695136637.1527987,1695136637.5724437,sfc_unique_p1_42
636,None,1695136637.868377,4,0.4280555555555555,0.1566761904761905,0.3541666666666667,3,0.15952038764953613,1,1695136637.1527987,1695136637.868377,sfc_cache_p2_42
637,None,1695136638.1613545,4,0.44083333333333335,0.16037142857142858,0.3541666666666667,2,0.16446805000305176,1,1695136637.1527987,1695136638.1613545,sfc_unique_p2_42
638,None,1695136638.471386,4,0.4472222222222222,0.16221904761904762,0.375,3,0.17852377891540527,1,1695136637.1527987,1695136638.471386,sfc_cache_p3_42
639,None,1695136638.7646296,4,0.46,0.1704857142857143,0.375,3,0.15673518180847168,1,1695136637.1527987,1695136638.7646296,sfc_unique_p3_42
640,None,1695136639.0376594,4,0.46638888888888896,0.17233333333333334,0.3958333333333333,2,0.14701485633850098,1,1695136637.1527987,1695136639.0376594,sfc_cache_p4_42
641,None,1695136639.2541852,4,0.4791666666666667,0.18060000000000004,0.3958333333333333,3,0.11361098289489746,1,1695136637.1527987,1695136639.2541852,sfc_unique_p4_42
642,None,1695136640.9221683,4,0.46,0.17782857142857142,0.375,None,0.13750863075256348,0,1695136640.7846596,1695136640.9221683,sfc_cache_p3_37
643,None,1695136641.096688,4,0.4727777777777778,0.1796761904761905,0.375,1,0.09650564193725586,1,1695136640.871169,1695136641.096688,sfc_unique_p3_37
644,None,1695136641.9007711,4,0.45361111111111113,0.16776190476190478,0.3541666666666667,None,0.10750603675842285,0,1695136641.793265,1695136641.9007711,sfc_cache_p4_40
645,None,1695136642.068827,4,0.46638888888888885,0.16960952380952382,0.3541666666666667,1,0.09154915809631348,1,1695136641.8512654,1695136642.068827,sfc_unique_p4_40
646,None,1695136650.9722397,4,0.4472222222222223,0.1649904761904762,0.3333333333333333,None,0.11402297019958496,0,1695136650.8572147,1695136650.9722397,sfc_cache_p4_38
647,None,1695136651.1452615,4,0.46,0.16683809523809523,0.3333333333333333,1,0.09601736068725586,1,1695136650.9172165,1695136651.1452615,sfc_unique_p4_38
648,None,1695136653.019799,4,0.4025,0.14938095238095236,0.3125,None,0.1270310878753662,0,1695136652.8917692,1695136653.019799,sfc_cache_p2_41
649,None,1695136653.2058594,4,0.4152777777777778,0.1558,0.3125,2,0.11002540588378906,1,1695136652.948774,1695136653.2058594,sfc_unique_p2_41
650,None,1695136654.0302224,4,0.39611111111111114,0.15302857142857143,0.2916666666666667,None,0.1240227222442627,0,1695136653.9061997,1695136654.0302224,sfc_cache_p2_37
651,None,1695136654.2067735,4,0.40888888888888886,0.15487619047619045,0.2916666666666667,1,0.10202789306640625,1,1695136653.9647133,1695136654.2067735,sfc_unique_p2_37
652,None,1695136655.031948,4,0.37694444444444447,0.1484095238095238,0.2708333333333333,None,0.12301921844482422,0,1695136654.9079278,1695136655.031948,sfc_cache_p4_37
653,None,1695136655.2050083,4,0.3897222222222222,0.15025714285714287,0.2708333333333333,1,0.10253572463989258,1,1695136654.9654374,1695136655.2050083,sfc_unique_p4_37
654,None,1695136658.3499706,4,0.39611111111111114,0.1603238095238095,0.2916666666666667,5,0.17426586151123047,1,1695136658.1747043,1695136658.3499706,sfc_cache_p1_43
655,None,1695136658.6386833,4,0.40888888888888897,0.17588571428571428,0.2916666666666667,4,0.16652321815490723,1,1695136658.1747043,1695136658.6386833,sfc_unique_p1_43
656,None,1695136658.9257996,4,0.4152777777777778,0.18366666666666664,0.3125,4,0.16358160972595215,1,1695136658.1747043,1695136658.9257996,sfc_cache_p2_43
657,None,1695136659.2271612,4,0.42805555555555563,0.19922857142857142,0.3125,4,0.1695270538330078,1,1695136658.1747043,1695136659.2271612,sfc_unique_p2_43
658,None,1695136659.518962,4,0.43444444444444447,0.20015238095238094,0.3333333333333333,2,0.15577197074890137,1,1695136658.1747043,1695136659.518962,sfc_cache_p3_43
659,None,1695136659.8289933,4,0.4472222222222223,0.20657142857142857,0.3333333333333333,2,0.16450929641723633,1,1695136658.1747043,1695136659.8289933,sfc_unique_p3_43
660,None,1695136660.0950043,4,0.45361111111111113,0.20749523809523812,0.3541666666666667,2,0.13191843032836914,1,1695136658.1747043,1695136660.0950043,sfc_cache_p4_43
661,None,1695136660.3442485,4,0.46638888888888896,0.21391428571428572,0.3541666666666667,2,0.13109111785888672,1,1695136658.1747043,1695136660.3442485,sfc_unique_p4_43
662,None,1695136661.1206708,4,0.4472222222222223,0.21114285714285713,0.3333333333333333,None,0.13022422790527344,0,1695136660.9904466,1695136661.1206708,sfc_cache_p2_38
663,None,1695136661.3057106,4,0.46,0.22213333333333332,0.3333333333333333,3,0.09602570533752441,1,1695136661.0886707,1695136661.3057106,sfc_unique_p2_38
664,None,1695136662.1145477,4,0.46,0.2202857142857143,0.3333333333333333,1,0.10153079032897949,1,1695136662.013017,1695136662.1145477,sfc_unique_p1_39
665,None,1695136664.1326945,4,0.4472222222222223,0.2165904761904762,0.3333333333333333,1,0.09266853332519531,1,1695136664.040026,1695136664.1326945,sfc_unique_p1_37
666,None,1695136664.3322794,4,0.46,0.21843809523809526,0.3333333333333333,1,0.09504294395446777,1,1695136664.1526952,1695136664.3322794,sfc_unique_p4_39
667,None,1695136665.1646981,4,0.41527777777777775,0.20599047619047622,0.3125,None,0.12460446357727051,0,1695136665.0400937,1695136665.1646981,sfc_cache_p3_38
668,None,1695136665.3841865,4,0.42805555555555563,0.2078380952380953,0.3125,1,0.1001744270324707,1,1695136665.2159982,1695136665.3841865,sfc_unique_p3_39
669,None,1695136665.5684454,4,0.44083333333333335,0.20968571428571434,0.3125,1,0.09924435615539551,1,1695136665.1834912,1695136665.5684454,sfc_unique_p2_39
670,None,1695136665.7526588,4,0.45361111111111113,0.21610476190476194,0.3125,2,0.10011053085327148,1,1695136665.1346974,1695136665.7526588,sfc_unique_p3_38
671,None,1695136667.1465323,4,0.4408333333333334,0.2142571428571429,0.3125,1,0.09052395820617676,1,1695136667.0550082,1695136667.1465323,sfc_unique_p3_37
672,None,1695136668.1554573,4,0.4152777777777778,0.20141904761904764,0.3125,1,0.09156537055969238,1,1695136668.063892,1695136668.1554573,sfc_unique_p2_38
673,None,1695136670.2091298,4,0.3258333333333333,0.18892380952380955,0.2708333333333333,None,0.11541438102722168,0,1695136670.0937154,1695136670.2091298,sfc_cache_p1_38
674,None,1695136670.4106948,4,0.3258333333333333,0.18391428571428575,0.2708333333333333,2,0.10053420066833496,1,1695136670.2776492,1695136670.4106948,sfc_unique_p1_41
675,None,1695136670.5816326,4,0.3258333333333333,0.18391428571428575,0.2708333333333333,None,0.10001516342163086,0,1695136670.2306378,1695136670.5816326,sfc_cache_p1_41
676,None,1695136670.7551286,4,0.33861111111111114,0.19033333333333335,0.2708333333333333,2,0.10110211372375488,1,1695136670.1526198,1695136670.7551286,sfc_unique_p1_38
677,None,1695136671.2182813,4,0.3194444444444445,0.18756190476190476,0.25,None,0.10901546478271484,0,1695136671.1092658,1695136671.2182813,sfc_cache_p4_41
678,None,1695136671.3844407,4,0.33222222222222225,0.18940952380952383,0.25,1,0.09407711029052734,1,1695136671.1692808,1695136671.3844407,sfc_unique_p4_41
679,None,1695136677.288572,4,0.2683333333333333,0.15682857142857146,0.20833333333333334,None,0.11596822738647461,0,1695136677.1726038,1695136677.288572,sfc_cache_p3_41
680,None,1695136677.4793153,4,0.2811111111111111,0.1586761904761905,0.20833333333333334,1,0.09813976287841797,1,1695136677.3155715,1695136677.4793153,sfc_unique_p1_42
681,None,1695136677.6559675,4,0.2683333333333333,0.15682857142857146,0.20833333333333334,None,0.11052918434143066,0,1695136677.3015714,1695136677.6559675,sfc_cache_p1_42
682,None,1695136677.8223906,4,0.28111111111111114,0.16324761904761909,0.20833333333333334,2,0.10139346122741699,1,1695136677.2311857,1695136677.8223906,sfc_unique_p3_41
683,None,1695136679.3043911,4,0.2491666666666667,0.14671428571428574,0.1875,None,0.10988783836364746,0,1695136679.193504,1695136679.3043911,sfc_cache_p4_42
684,None,1695136679.462693,4,0.2619444444444444,0.14856190476190478,0.1875,1,0.09679532051086426,1,1695136679.2545035,1695136679.462693,sfc_unique_p4_42
685,None,1695136681.3450546,4,0.2683333333333333,0.14948571428571428,0.20833333333333334,1,0.1435236930847168,1,1695136681.2005308,1695136681.3450546,sfc_cache_p1_44
686,None,1695136681.6161513,4,0.28111111111111114,0.15133333333333335,0.20833333333333334,1,0.1675701141357422,1,1695136681.2005308,1695136681.6161513,sfc_unique_p1_44
687,None,1695136681.9002147,4,0.2875,0.15225714285714287,0.22916666666666666,1,0.1740257740020752,1,1695136681.2005308,1695136681.9002147,sfc_cache_p2_44
688,None,1695136682.1835694,4,0.3002777777777778,0.1541047619047619,0.22916666666666666,1,0.16952109336853027,1,1695136681.2005308,1695136682.1835694,sfc_unique_p2_44
689,None,1695136682.5235236,4,0.2875,0.12940000000000002,0.22916666666666666,1,0.22655367851257324,1,1695136681.2005308,1695136682.5235236,sfc_cache_p3_44
690,None,1695136682.820064,4,0.3002777777777778,0.13124761904761909,0.22916666666666666,1,0.18303203582763672,1,1695136681.2005308,1695136682.820064,sfc_unique_p3_44
691,None,1695136683.0786874,4,0.3130555555555556,0.13494285714285714,0.22916666666666666,2,0.15152239799499512,1,1695136682.4085107,1695136683.0786874,sfc_unique_p1_43
692,None,1695136683.2995927,4,0.3130555555555556,0.13494285714285714,0.22916666666666666,None,0.13131070137023926,0,1695136682.360986,1695136683.2995927,sfc_cache_p1_43
693,None,1695136683.4799588,4,0.3194444444444445,0.1367904761904762,0.25,2,0.10802721977233887,1,1695136681.2005308,1695136683.4799588,sfc_cache_p4_44
694,None,1695136683.6544778,4,0.33222222222222225,0.1404857142857143,0.25,2,0.10501337051391602,1,1695136681.2005308,1695136683.6544778,sfc_unique_p4_44
695,None,1695136684.4271398,4,0.3130555555555556,0.13037142857142858,0.22916666666666666,None,0.11568665504455566,0,1695136684.310453,1695136684.4271398,sfc_cache_p3_42
696,None,1695136684.5972388,4,0.3258333333333333,0.13221904761904762,0.22916666666666666,1,0.10161423683166504,1,1695136684.3631825,1695136684.5972388,sfc_unique_p3_42
697,None,1695136685.4590259,4,0.30666666666666664,0.12030476190476191,0.20833333333333334,None,0.11537313461303711,0,1695136685.3436527,1695136685.4590259,sfc_cache_p2_40
698,None,1695136685.624212,4,0.3194444444444445,0.12215238095238097,0.20833333333333334,1,0.10163235664367676,1,1695136685.3994298,1695136685.624212,sfc_unique_p2_40
699,None,1695136687.472242,4,0.2938888888888889,0.10931428571428572,0.16666666666666666,None,0.11482095718383789,0,1695136687.356419,1695136687.472242,sfc_cache_p1_40
700,None,1695136687.660323,4,0.2938888888888889,0.10659047619047618,0.16666666666666666,2,0.10156989097595215,1,1695136687.543751,1695136687.660323,sfc_unique_p3_43
701,None,1695136687.8201165,4,0.2938888888888889,0.10659047619047618,0.16666666666666666,None,0.10078024864196777,0,1695136687.5122452,1695136687.8201165,sfc_cache_p3_43
702,None,1695136687.9787903,4,0.30666666666666664,0.10843809523809524,0.16666666666666666,1,0.10080504417419434,1,1695136687.4167244,1695136687.9787903,sfc_unique_p1_40
703,None,1695136692.4959378,4,0.2875,0.1010952380952381,0.14583333333333334,None,0.11458897590637207,0,1695136692.3813488,1695136692.4959378,sfc_cache_p4_43
704,None,1695136692.6547,4,0.3002777777777778,0.1047904761904762,0.14583333333333334,2,0.10124444961547852,1,1695136692.4408553,1695136692.6547,sfc_unique_p4_43
705,None,1695136695.5393612,4,0.28111111111111114,0.08830476190476191,0.125,None,0.11381721496582031,0,1695136695.425544,1695136695.5393612,sfc_cache_p3_40
706,None,1695136695.694413,4,0.2938888888888889,0.09015238095238096,0.125,1,0.10102415084838867,1,1695136695.4850886,1695136695.694413,sfc_unique_p3_40
707,None,1695136702.6096077,4,0.27472222222222226,0.08232380952380952,0.10416666666666667,None,0.11363887786865234,0,1695136702.494969,1695136702.6096077,sfc_cache_p2_42
708,None,1695136702.763707,4,0.2875,0.08417142857142858,0.10416666666666667,1,0.10159134864807129,1,1695136702.5559685,1695136702.763707,sfc_unique_p2_42
709,None,1695136703.3987978,4,0.2938888888888889,0.0850952380952381,0.125,1,0.16403484344482422,1,1695136703.2337625,1695136703.3987978,sfc_cache_p1_45
710,None,1695136703.6643496,4,0.30666666666666664,0.08694285714285716,0.125,1,0.1790308952331543,1,1695136703.2337625,1695136703.6643496,sfc_unique_p1_45
711,None,1695136703.9309509,4,0.31305555555555553,0.08786666666666668,0.14583333333333334,1,0.17502713203430176,1,1695136703.2337625,1695136703.9309509,sfc_cache_p2_45
712,None,1695136704.2258368,4,0.3258333333333333,0.08971428571428573,0.14583333333333334,1,0.18987274169921875,1,1695136703.2337625,1695136704.2258368,sfc_unique_p2_45
713,None,1695136704.4983573,4,0.33222222222222225,0.09156190476190477,0.16666666666666666,2,0.17301297187805176,1,1695136703.2337625,1695136704.4983573,sfc_cache_p3_45
714,None,1695136704.7713375,4,0.345,0.09525714285714286,0.16666666666666666,2,0.1794729232788086,1,1695136703.2337625,1695136704.7713375,sfc_unique_p3_45
715,None,1695136705.0319169,4,0.35138888888888886,0.0971047619047619,0.1875,2,0.16507244110107422,1,1695136703.2337625,1695136705.0319169,sfc_cache_p4_45
716,None,1695136705.2589502,4,0.3641666666666667,0.1008,0.1875,2,0.13552570343017578,1,1695136703.2337625,1695136705.2589502,sfc_unique_p4_45
717,None,1695136716.440661,4,0.3194444444444444,0.09525714285714287,0.20833333333333334,2,0.1775226593017578,1,1695136716.2631383,1695136716.440661,sfc_cache_p1_46
718,None,1695136716.717241,4,0.3322222222222222,0.09895238095238096,0.20833333333333334,2,0.17905592918395996,1,1695136716.2631383,1695136716.717241,sfc_unique_p1_46
719,None,1695136716.995378,4,0.3386111111111111,0.1008,0.22916666666666666,2,0.18353843688964844,1,1695136716.2631383,1695136716.995378,sfc_cache_p2_46
720,None,1695136717.2743945,4,0.35138888888888886,0.10634285714285714,0.22916666666666666,3,0.17250871658325195,1,1695136716.2631383,1695136717.2743945,sfc_unique_p2_46
721,None,1695136717.5663223,4,0.35777777777777775,0.10911428571428572,0.25,3,0.1850132942199707,1,1695136716.2631383,1695136717.5663223,sfc_cache_p3_46
722,None,1695136717.8440433,4,0.3705555555555555,0.11465714285714286,0.25,3,0.1662120819091797,1,1695136716.2631383,1695136717.8440433,sfc_unique_p3_46
723,None,1695136718.089749,4,0.3769444444444444,0.12507619047619048,0.2708333333333333,4,0.14405584335327148,1,1695136716.2631383,1695136718.089749,sfc_cache_p4_46
724,None,1695136718.3238356,4,0.3897222222222222,0.12877142857142856,0.2708333333333333,2,0.1385812759399414,1,1695136716.2631383,1695136718.3238356,sfc_unique_p4_46
725,None,1695136724.8872688,4,0.3705555555555555,0.126,0.25,None,0.11049771308898926,0,1695136724.776771,1695136724.8872688,sfc_cache_p1_44
726,None,1695136725.047648,4,0.38333333333333336,0.12784761904761904,0.25,1,0.09505844116210938,1,1695136724.834268,1695136725.047648,sfc_unique_p1_44
727,None,1695136726.9118643,4,0.36416666666666664,0.12507619047619048,0.22916666666666666,None,0.11059832572937012,0,1695136726.801266,1695136726.9118643,sfc_cache_p3_44
728,None,1695136727.0724356,4,0.3769444444444444,0.12692380952380955,0.22916666666666666,1,0.09601736068725586,1,1695136726.8607717,1695136727.0724356,sfc_unique_p3_44
729,None,1695136727.9146502,4,0.35777777777777775,0.10358095238095238,0.20833333333333334,None,0.10501313209533691,0,1695136727.809637,1695136727.9146502,sfc_cache_p2_43
730,None,1695136728.0649137,4,0.3705555555555556,0.11457142857142859,0.20833333333333334,3,0.08958148956298828,1,1695136727.8700998,1695136728.0649137,sfc_unique_p2_43
731,None,1695136728.926674,4,0.3513888888888889,0.10902857142857145,0.1875,None,0.1051180362701416,0,1695136728.8215559,1695136728.926674,sfc_cache_p4_45
732,None,1695136729.0768113,4,0.3641666666666667,0.11087619047619049,0.1875,1,0.10374784469604492,1,1695136728.880065,1695136729.0768113,sfc_unique_p4_45
733,None,1695136729.9439778,4,0.345,0.10533333333333335,0.16666666666666666,None,0.11001324653625488,0,1695136729.8329642,1695136729.9439778,sfc_cache_p4_44
734,None,1695136730.0991647,4,0.35777777777777775,0.10718095238095239,0.16666666666666666,1,0.10667729377746582,1,1695136729.8924706,1695136730.0991647,sfc_unique_p4_44
735,None,1695136732.9726033,4,0.3386111111111111,0.10440952380952381,0.14583333333333334,None,0.10364484786987305,0,1695136732.8669581,1695136732.9726033,sfc_cache_p1_45
736,None,1695136733.1202931,4,0.35138888888888886,0.10625714285714287,0.14583333333333334,1,0.09712839126586914,1,1695136732.9103491,1695136733.1202931,sfc_unique_p1_45
737,None,1695136738.0220916,4,0.3322222222222222,0.10348571428571429,0.125,None,0.10523343086242676,0,1695136737.9168582,1695136738.0220916,sfc_cache_p2_45
738,None,1695136738.1715243,4,0.345,0.10533333333333335,0.125,1,0.09143185615539551,1,1695136737.9763675,1695136738.1715243,sfc_unique_p2_45
739,None,1695136740.0354853,4,0.345,0.10933333333333334,0.125,3,0.09954357147216797,1,1695136739.9359417,1695136740.0354853,sfc_unique_p2_41
740,None,1695136743.1063328,4,0.293888888888889,0.09337142857142858,0.125,2,0.13822269439697266,1,1695136742.96811,1695136743.1063328,sfc_unique_p2_41
741,None,1695136743.4563487,4,0.27472222222222226,0.08602857142857143,0.14583333333333334,1,0.1730358600616455,1,1695136743.2833128,1695136743.4563487,sfc_cache_p1_47
742,None,1695136743.7266567,4,0.28750000000000003,0.08787619047619048,0.14583333333333334,1,0.17978501319885254,1,1695136743.2833128,1695136743.7266567,sfc_unique_p1_47
743,None,1695136743.9937525,4,0.2938888888888889,0.08972380952380951,0.16666666666666666,2,0.177567720413208,1,1695136743.2833128,1695136743.9937525,sfc_cache_p2_47
744,None,1695136744.2679014,4,0.28111111111111114,0.08515238095238095,0.16666666666666666,2,0.18111562728881836,1,1695136743.2833128,1695136744.2679014,sfc_unique_p2_47
745,None,1695136744.5899346,4,0.2875,0.087,0.1875,2,0.18950963020324707,1,1695136743.2833128,1695136744.5899346,sfc_cache_p3_47
746,None,1695136744.8838491,4,0.3002777777777778,0.09069523809523809,0.1875,2,0.19240689277648926,1,1695136743.2833128,1695136744.8838491,sfc_unique_p3_47
747,None,1695136745.1323879,4,0.30666666666666664,0.09254285714285715,0.20833333333333334,2,0.15352487564086914,1,1695136743.2833128,1695136745.1323879,sfc_cache_p4_47
748,None,1695136745.3628774,4,0.3194444444444445,0.09623809523809525,0.20833333333333334,2,0.15556955337524414,1,1695136743.2833128,1695136745.3628774,sfc_unique_p4_47
749,None,1695136756.237917,4,0.3002777777777778,0.08792380952380953,0.1875,None,0.11701631546020508,0,1695136756.1209006,1695136756.237917,sfc_cache_p3_46
750,None,1695136756.3999717,4,0.31305555555555553,0.08977142857142857,0.1875,1,0.1055448055267334,1,1695136756.1809006,1695136756.3999717,sfc_unique_p3_46
751,None,1695136764.3205385,4,0.31305555555555564,0.09249523809523809,0.1875,2,0.1260206699371338,1,1695136764.1935177,1695136764.3205385,sfc_unique_p1_43
752,None,1695136764.568787,4,0.3194444444444445,0.09341904761904761,0.20833333333333334,1,0.16522526741027832,1,1695136764.3225386,1695136764.568787,sfc_cache_p1_48
753,None,1695136764.8423755,4,0.3322222222222223,0.09526666666666665,0.20833333333333334,1,0.17555022239685059,1,1695136764.3225386,1695136764.8423755,sfc_unique_p1_48
754,None,1695136765.1011393,4,0.3386111111111112,0.09711428571428571,0.22916666666666666,2,0.16425657272338867,1,1695136764.3225386,1695136765.1011393,sfc_cache_p2_48
755,None,1695136765.3651748,4,0.3386111111111112,0.09896190476190476,0.22916666666666666,2,0.16252660751342773,1,1695136764.3225386,1695136765.3651748,sfc_unique_p2_48
756,None,1695136765.6494434,4,0.351388888888889,0.10538095238095237,0.22916666666666666,2,0.16425466537475586,1,1695136765.384681,1695136765.6494434,sfc_unique_p1_45
757,None,1695136765.9249701,4,0.35777777777777786,0.10722857142857142,0.25,2,0.16601848602294922,1,1695136764.3225386,1695136765.9249701,sfc_cache_p3_48
758,None,1695136766.161912,4,0.37055555555555564,0.11092380952380952,0.25,2,0.13342881202697754,1,1695136764.3225386,1695136766.161912,sfc_unique_p3_48
759,None,1695136766.3696735,4,0.3769444444444445,0.11277142857142858,0.2708333333333333,2,0.11273455619812012,1,1695136764.3225386,1695136766.3696735,sfc_cache_p4_48
760,None,1695136766.5473263,4,0.3897222222222223,0.11646666666666666,0.2708333333333333,2,0.10610055923461914,1,1695136764.3225386,1695136766.5473263,sfc_unique_p4_48
761,None,1695136768.3755558,4,0.38972222222222225,0.12319047619047617,0.2708333333333333,3,0.10157608985900879,1,1695136768.2729797,1695136768.3755558,sfc_unique_p3_43
762,None,1695136771.3804724,4,0.38972222222222225,0.12776190476190474,0.2708333333333333,2,0.0995633602142334,1,1695136771.280909,1695136771.3804724,sfc_unique_p2_45
763,None,1695136772.4061606,4,0.3705555555555556,0.12499047619047618,0.25,None,0.10214352607727051,0,1695136772.2910156,1695136772.4061606,sfc_cache_p2_44
764,None,1695136772.568272,4,0.38333333333333336,0.12683809523809522,0.25,1,0.0990140438079834,1,1695136772.304017,1695136772.568272,sfc_unique_p2_44
765,None,1695136776.4152465,4,0.3833333333333334,0.1314095238095238,0.25,4,0.09860777854919434,1,1695136776.3166387,1695136776.4152465,sfc_unique_p2_43
766,None,1695136780.441845,4,0.38333333333333336,0.12683809523809522,0.25,3,0.09401631355285645,1,1695136780.3478286,1695136780.441845,sfc_unique_p2_43
767,None,1695136781.4735372,4,0.3897222222222223,0.13433333333333333,0.2708333333333333,3,0.14452052116394043,1,1695136781.3290167,1695136781.4735372,sfc_cache_p1_49
768,None,1695136781.724107,4,0.4025000000000001,0.13802857142857144,0.2708333333333333,2,0.1400468349456787,1,1695136781.3290167,1695136781.724107,sfc_unique_p1_49
769,None,1695136781.9906921,4,0.40888888888888897,0.1398761904761905,0.2916666666666667,2,0.15755248069763184,1,1695136781.3290167,1695136781.9906921,sfc_cache_p2_49
770,None,1695136782.2462268,4,0.42166666666666675,0.14541904761904761,0.2916666666666667,3,0.14551997184753418,1,1695136781.3290167,1695136782.2462268,sfc_unique_p2_49
771,None,1695136782.5117111,4,0.42805555555555563,0.1481904761904762,0.3125,3,0.14950847625732422,1,1695136781.3290167,1695136782.5117111,sfc_cache_p3_49
772,None,1695136782.7762315,4,0.4408333333333334,0.15373333333333333,0.3125,3,0.14250707626342773,1,1695136781.3290167,1695136782.7762315,sfc_unique_p3_49
773,None,1695136783.0501404,4,0.4472222222222223,0.15650476190476192,0.3333333333333333,3,0.15201497077941895,1,1695136781.3290167,1695136783.0501404,sfc_cache_p4_49
774,None,1695136783.307106,4,0.4472222222222223,0.15650476190476192,0.3333333333333333,None,0.13945937156677246,0,1695136781.3290167,1695136783.307106,sfc_unique_p4_49
775,None,1695136789.5496082,4,0.3961111111111112,0.12955238095238095,0.3333333333333333,2,0.09702873229980469,1,1695136789.4525795,1695136789.5496082,sfc_unique_p4_45
776,None,1695136789.722649,4,0.3961111111111112,0.13412380952380953,0.3333333333333333,3,0.09052014350891113,1,1695136789.619129,1695136789.722649,sfc_unique_p1_45
777,None,1695136796.6251407,4,0.3641666666666667,0.12488571428571428,0.3125,None,0.11806511878967285,0,1695136796.5070755,1695136796.6251407,sfc_cache_p2_46
778,None,1695136796.7926655,4,0.37694444444444447,0.12673333333333334,0.3125,1,0.1010138988494873,1,1695136796.5670953,1695136796.7926655,sfc_unique_p2_46
779,None,1695136798.6532307,4,0.3194444444444445,0.11564761904761904,0.2916666666666667,None,0.11609244346618652,0,1695136798.5371382,1695136798.6532307,sfc_cache_p3_45
780,None,1695136798.815758,4,0.33222222222222225,0.11749523809523808,0.2916666666666667,1,0.10001707077026367,1,1695136798.5976677,1695136798.815758,sfc_unique_p3_45
781,None,1695136808.5255287,4,0.33861111111111114,0.12756190476190477,0.3125,5,0.1790471076965332,1,1695136808.3464816,1695136808.5255287,sfc_cache_p1_50
782,None,1695136808.8705153,4,0.33222222222222225,0.14215238095238097,0.2916666666666667,5,0.2225329875946045,1,1695136808.3464816,1695136808.8705153,sfc_unique_p1_50
783,None,1695136809.1470666,4,0.34500000000000003,0.14400000000000002,0.2916666666666667,1,0.16901707649230957,1,1695136808.850514,1695136809.1470666,sfc_unique_p1_46
784,None,1695136809.4311378,4,0.34500000000000003,0.14400000000000002,0.2916666666666667,None,0.17103266716003418,0,1695136808.7730975,1695136809.4311378,sfc_cache_p1_46
785,None,1695136809.7268696,4,0.3513888888888889,0.14492380952380954,0.3125,5,0.18622207641601562,1,1695136808.3464816,1695136809.7268696,sfc_cache_p2_50
786,None,1695136810.016394,4,0.3641666666666667,0.16505714285714287,0.3125,5,0.1730175018310547,1,1695136808.3464816,1695136810.016394,sfc_unique_p2_50
787,None,1695136810.3010347,4,0.3705555555555556,0.1659809523809524,0.3333333333333333,5,0.16512155532836914,1,1695136808.3464816,1695136810.3010347,sfc_cache_p3_50
788,None,1695136810.5496323,4,0.38333333333333336,0.18154285714285717,0.3333333333333333,4,0.13657712936401367,1,1695136808.3464816,1695136810.5496323,sfc_unique_p3_50
789,None,1695136810.7611954,4,0.38972222222222225,0.18475238095238097,0.3541666666666667,6,0.12303328514099121,1,1695136808.3464816,1695136810.7611954,sfc_cache_p4_50
790,None,1695136810.9567242,4,0.4025,0.20031428571428575,0.3541666666666667,4,0.10601806640625,1,1695136808.3464816,1695136810.9567242,sfc_unique_p4_50
