timestamp,2.,2.1,5.,5.1,6.,6.1,8.,8.1,9.,9.1,14.,14.1,18.,18.1,23.,23.1,25.,25.1,28.,28.1,33.,33.1,34.,34.1
1769448214.819632,9.00,None,1.67,None,0.00,None,4.00,None,0.00,None,0.00,None,0.00,None,4.33,None,3.33,None,0.00,None,0.00,None,0.00,None
1769448214.8201568,9.00,None,1.67,None,0.00,None,4.00,None,0.00,None,0.00,None,0.00,None,4.33,None,3.33,None,0.00,None,0.00,None,0.00,None
1769448215.0297525,9.00,None,1.67,None,0.00,None,4.00,None,4.33,None,0.00,None,1.67,None,4.33,None,12.33,None,4.00,None,0.00,None,0.00,None
1769448215.0301838,9.00,None,1.67,None,0.00,None,4.00,None,4.33,None,0.00,None,1.67,None,4.33,None,12.33,None,4.00,None,0.00,None,0.00,None
1769448215.2377584,9.00,None,10.34,None,0.00,None,4.00,None,4.33,None,0.00,None,1.67,None,4.33,None,16.66,None,4.00,None,0.00,None,0.00,None
1769448215.2383943,9.00,None,10.34,None,0.00,None,4.00,None,4.33,None,0.00,None,1.67,None,4.33,None,16.66,None,4.00,None,0.00,None,0.00,None
1769448215.4561467,13.33,None,10.34,None,0.00,None,4.00,None,4.33,None,9.00,None,1.67,None,8.33,None,16.66,None,4.00,None,0.00,None,0.00,None
1769448215.456639,13.33,None,10.34,None,0.00,None,4.00,None,4.33,None,9.00,None,1.67,None,8.33,None,16.66,None,4.00,None,0.00,None,0.00,None
1769448215.6763527,13.33,None,13.67,None,0.00,None,4.00,None,13.33,None,9.00,None,1.67,None,10.00,None,16.66,None,4.00,None,0.00,None,0.00,None
1769448215.6768568,13.33,None,13.67,None,0.00,None,4.00,None,13.33,None,9.00,None,1.67,None,10.00,None,16.66,None,4.00,None,0.00,None,0.00,None
1769448215.9620726,13.33,None,13.67,None,1.67,None,4.00,None,13.33,None,13.00,None,1.67,None,10.00,None,25.33,None,13.00,None,4.33,None,0.00,None
1769448215.962585,13.33,None,13.67,None,1.67,None,4.00,None,13.33,None,13.00,None,1.67,None,10.00,None,25.33,None,13.00,None,4.33,None,0.00,None
1769448216.2125256,0.00,None,3.33,None,0.00,None,8.67,None,13.33,None,9.00,None,1.67,None,6.00,None,None,None,4.00,None,0.00,None,0.00,None
1769448216.2130196,0.00,None,3.33,None,0.00,None,8.67,None,13.33,None,9.00,None,1.67,None,6.00,None,None,None,4.00,None,0.00,None,0.00,None
1769448216.4189422,8.67,None,6.66,None,0.00,None,8.67,None,22.33,None,13.33,None,1.67,None,7.67,None,None,None,4.00,None,0.00,None,0.00,None
1769448216.4194164,8.67,None,6.66,None,0.00,None,8.67,None,22.33,None,13.33,None,1.67,None,7.67,None,None,None,4.00,None,0.00,None,0.00,None
1769448216.6238682,8.67,None,8.33,None,8.67,None,12.67,None,22.33,None,13.33,None,5.00,None,7.67,None,None,None,4.00,None,0.00,None,0.00,None
1769448216.6243532,8.67,None,8.33,None,8.67,None,12.67,None,22.33,None,13.33,None,5.00,None,7.67,None,None,None,4.00,None,0.00,None,0.00,None
1769448216.830202,8.67,None,8.33,None,8.67,None,21.67,None,22.33,None,13.33,None,8.33,None,11.67,None,None,None,4.00,None,0.00,None,8.67,None
1769448216.830696,8.67,None,8.33,None,8.67,None,21.67,None,22.33,None,13.33,None,8.33,None,11.67,None,None,None,4.00,None,0.00,None,8.67,None
1769448237.810566,17.67,None,13.33,None,8.67,None,26.00,None,22.33,None,17.33,None,8.33,None,11.67,None,9.00,None,4.00,None,0.00,None,8.67,None
1769448237.8112063,17.67,None,13.33,None,8.67,None,26.00,None,22.33,None,17.33,None,8.33,None,11.67,None,9.00,None,4.00,None,0.00,None,8.67,None
1769448238.008549,17.67,None,26.33,None,8.67,None,26.00,None,22.33,None,17.33,None,8.33,None,11.67,None,9.00,None,13.00,None,0.00,None,8.67,None
1769448238.0090647,17.67,None,26.33,None,8.67,None,26.00,None,22.33,None,17.33,None,8.33,None,11.67,None,9.00,None,13.00,None,0.00,None,8.67,None
1769448238.2167144,21.67,None,26.33,None,8.67,None,26.00,None,22.33,None,17.33,None,17.00,None,11.67,None,9.00,None,13.00,None,0.00,None,8.67,None
1769448238.2172506,21.67,None,26.33,None,8.67,None,26.00,None,22.33,None,17.33,None,17.00,None,11.67,None,9.00,None,13.00,None,0.00,None,8.67,None
1769448238.4364831,21.67,None,28.00,None,8.67,None,26.00,None,22.33,None,17.33,None,17.00,None,11.67,None,13.00,None,13.00,None,8.67,None,8.67,None
1769448238.4370253,21.67,None,28.00,None,8.67,None,26.00,None,22.33,None,17.33,None,17.00,None,11.67,None,13.00,None,13.00,None,8.67,None,8.67,None
1769448238.6543224,21.67,None,29.67,None,8.67,None,26.00,None,22.33,None,17.33,None,25.67,None,11.67,None,13.00,None,13.00,None,17.67,None,8.67,None
1769448238.6548645,21.67,None,29.67,None,8.67,None,26.00,None,22.33,None,17.33,None,25.67,None,11.67,None,13.00,None,13.00,None,17.67,None,8.67,None
1769448238.8542871,21.67,None,29.67,None,8.67,None,26.00,None,31.33,None,21.66,None,25.67,None,11.67,None,13.00,None,13.00,None,17.67,None,8.67,None
1769448238.8549268,21.67,None,29.67,None,8.67,None,26.00,None,31.33,None,21.66,None,25.67,None,11.67,None,13.00,None,13.00,None,17.67,None,8.67,None
1769448255.8404636,30.34,None,29.67,None,8.67,None,26.00,None,31.33,None,21.66,None,25.67,None,13.34,None,17.33,None,17.00,None,17.67,None,8.67,None
1769448255.8410497,30.34,None,29.67,None,8.67,None,26.00,None,31.33,None,21.66,None,25.67,None,13.34,None,17.33,None,17.00,None,17.67,None,8.67,None
1769448256.0729206,32.01,None,33.00,None,8.67,None,26.00,None,35.66,None,21.66,None,25.67,None,13.34,None,17.33,None,17.00,None,26.67,None,8.67,None
1769448256.0735092,32.01,None,33.00,None,8.67,None,26.00,None,35.66,None,21.66,None,25.67,None,13.34,None,17.33,None,17.00,None,26.67,None,8.67,None
1769448256.2712522,32.01,None,37.00,None,8.67,None,35.00,None,44.33,None,21.66,None,25.67,None,13.34,None,17.33,None,17.00,None,26.67,None,8.67,None
1769448256.2718265,32.01,None,37.00,None,8.67,None,35.00,None,44.33,None,21.66,None,25.67,None,13.34,None,17.33,None,17.00,None,26.67,None,8.67,None
1769448256.4967542,32.01,None,38.67,None,8.67,None,35.00,None,57.00,None,21.66,None,25.67,None,13.34,None,17.33,None,17.00,None,26.67,None,8.67,None
1769448256.4973805,32.01,None,38.67,None,8.67,None,35.00,None,57.00,None,21.66,None,25.67,None,13.34,None,17.33,None,17.00,None,26.67,None,8.67,None
1769448256.6899335,32.01,None,38.67,None,8.67,None,35.00,None,57.00,None,21.66,None,25.67,None,13.34,None,17.33,None,26.00,None,26.67,None,8.67,None
1769448256.6907265,32.01,None,38.67,None,8.67,None,35.00,None,57.00,None,21.66,None,25.67,None,13.34,None,17.33,None,26.00,None,26.67,None,8.67,None
1769448257.03458,44.68,None,42.00,None,17.67,None,35.00,None,57.00,None,21.66,None,25.67,None,15.01,None,17.33,None,26.00,None,26.67,None,8.67,None
1769448257.0352356,44.68,None,42.00,None,17.67,None,35.00,None,57.00,None,21.66,None,25.67,None,15.01,None,17.33,None,26.00,None,26.67,None,8.67,None
1769448258.8548772,44.68,None,42.00,None,17.67,None,35.00,None,57.00,None,12.66,None,25.67,None,14.01,None,21.33,None,26.00,None,26.67,None,8.67,None
1769448258.8555048,44.68,None,42.00,None,17.67,None,35.00,None,57.00,None,12.66,None,25.67,None,14.01,None,21.33,None,26.00,None,26.67,None,8.67,None
1769448274.8481307,44.68,None,42.00,None,26.34,None,36.67,None,57.00,None,16.99,None,25.67,None,14.01,None,21.33,None,33.33,None,26.67,None,8.67,None
1769448274.848793,44.68,None,42.00,None,26.34,None,36.67,None,57.00,None,16.99,None,25.67,None,14.01,None,21.33,None,33.33,None,26.67,None,8.67,None
1769448275.060169,44.68,None,42.00,None,26.34,None,36.67,None,57.00,None,16.99,None,25.67,None,27.01,None,31.67,None,33.33,None,26.67,None,8.67,None
1769448275.0608845,44.68,None,42.00,None,26.34,None,36.67,None,57.00,None,16.99,None,25.67,None,27.01,None,31.67,None,33.33,None,26.67,None,8.67,None
1769448275.2565672,44.68,None,42.00,None,26.34,None,36.67,None,57.00,None,29.99,None,25.67,None,27.01,None,31.67,None,37.66,None,26.67,None,8.67,None
1769448275.2573378,44.68,None,42.00,None,26.34,None,36.67,None,57.00,None,29.99,None,25.67,None,27.01,None,31.67,None,37.66,None,26.67,None,8.67,None
1769448275.4526474,44.68,None,42.00,None,26.34,None,36.67,None,57.00,None,38.99,None,25.67,None,27.01,None,31.67,None,37.66,None,26.67,None,8.67,None
1769448275.4533625,44.68,None,42.00,None,26.34,None,36.67,None,57.00,None,38.99,None,25.67,None,27.01,None,31.67,None,37.66,None,26.67,None,8.67,None
1769448275.652403,44.68,None,42.00,None,26.34,None,40.67,None,57.00,None,38.99,None,25.67,None,27.01,None,31.67,None,46.33,None,28.34,None,8.67,None
1769448275.6531782,44.68,None,42.00,None,26.34,None,40.67,None,57.00,None,38.99,None,25.67,None,27.01,None,31.67,None,46.33,None,28.34,None,8.67,None
1769448275.8755052,44.68,None,42.00,None,26.34,None,40.67,None,57.00,None,47.66,None,25.67,None,27.01,None,36.00,None,46.33,None,28.34,None,17.67,None
1769448275.8762424,44.68,None,42.00,None,26.34,None,40.67,None,57.00,None,47.66,None,25.67,None,27.01,None,36.00,None,46.33,None,28.34,None,17.67,None
1769448278.8787892,36.01,None,44.01,None,17.67,None,27.67,None,34.67,None,43.33,None,17.34,None,23.00,None,31.00,None,51.33,None,28.34,None,9.00,None
1769448278.879451,36.01,None,44.01,None,17.67,None,27.67,None,34.67,None,43.33,None,17.34,None,23.00,None,31.00,None,51.33,None,28.34,None,9.00,None
1769448279.0695355,36.01,None,44.01,None,17.67,None,27.67,None,43.34,None,43.33,None,20.67,None,27.33,None,31.00,None,55.33,None,28.34,None,18.00,None
1769448279.0702047,36.01,None,44.01,None,17.67,None,27.67,None,43.34,None,43.33,None,20.67,None,27.33,None,31.00,None,55.33,None,28.34,None,18.00,None
1769448279.2772844,45.01,None,44.01,None,17.67,None,27.67,None,47.34,None,47.66,None,20.67,None,36.00,None,32.67,None,55.33,None,28.34,None,18.00,None
1769448279.2779486,45.01,None,44.01,None,17.67,None,27.67,None,47.34,None,47.66,None,20.67,None,36.00,None,32.67,None,55.33,None,28.34,None,18.00,None
1769448279.619725,45.01,None,57.01,None,17.67,None,27.67,None,47.34,None,51.66,None,24.00,None,36.00,None,32.67,None,55.33,None,28.34,None,18.00,None
1769448279.620657,45.01,None,57.01,None,17.67,None,27.67,None,47.34,None,51.66,None,24.00,None,36.00,None,32.67,None,55.33,None,28.34,None,18.00,None
1769448279.818088,45.01,None,57.01,None,17.67,None,36.67,None,50.67,None,51.66,None,24.00,None,36.00,None,37.00,None,55.33,None,28.34,None,18.00,None
1769448279.8188088,45.01,None,57.01,None,17.67,None,36.67,None,50.67,None,51.66,None,24.00,None,36.00,None,37.00,None,55.33,None,28.34,None,18.00,None
1769448280.889155,32.34,None,37.67,None,12.00,None,14.33,None,29.67,None,47.33,None,15.33,None,14.67,None,None,None,37.66,None,27.00,None,18.00,None
1769448280.88977,32.34,None,37.67,None,12.00,None,14.33,None,29.67,None,47.33,None,15.33,None,14.67,None,None,None,37.66,None,27.00,None,18.00,None
1769448281.0861087,32.34,None,41.67,None,12.00,None,14.33,None,29.67,None,47.33,None,15.33,None,14.67,None,None,None,46.66,None,27.00,None,18.00,None
1769448281.086734,32.34,None,41.67,None,12.00,None,14.33,None,29.67,None,47.33,None,15.33,None,14.67,None,None,None,46.66,None,27.00,None,18.00,None
1769448281.2916238,32.34,None,41.67,None,12.00,None,14.33,None,29.67,None,47.33,None,15.33,None,16.34,None,None,None,55.33,None,27.00,None,18.00,None
1769448281.2922294,32.34,None,41.67,None,12.00,None,14.33,None,29.67,None,47.33,None,15.33,None,16.34,None,None,None,55.33,None,27.00,None,18.00,None
1769448281.4643738,41.01,None,45.00,None,16.33,None,14.33,None,29.67,None,47.33,None,24.33,None,20.34,None,None,None,55.33,None,27.00,None,18.00,None
1769448281.4649885,41.01,None,45.00,None,16.33,None,14.33,None,29.67,None,47.33,None,24.33,None,20.34,None,None,None,55.33,None,27.00,None,18.00,None
1769448281.67106,41.01,None,46.67,None,16.33,None,14.33,None,29.67,None,47.33,None,24.33,None,23.67,None,None,None,64.00,None,27.00,None,18.00,None
1769448281.6717112,41.01,None,46.67,None,16.33,None,14.33,None,29.67,None,47.33,None,24.33,None,23.67,None,None,None,64.00,None,27.00,None,18.00,None
1769448281.8842869,41.01,None,59.67,None,16.33,None,14.33,None,29.67,None,50.66,None,24.33,None,23.67,None,None,None,64.00,None,27.00,None,22.33,None
1769448281.8851647,41.01,None,59.67,None,16.33,None,14.33,None,29.67,None,50.66,None,24.33,None,23.67,None,None,None,64.00,None,27.00,None,22.33,None
1769448282.083906,54.01,None,59.67,None,16.33,None,14.33,None,29.67,None,59.33,None,24.33,None,27.00,None,None,None,65.67,None,27.00,None,22.33,None
1769448282.084566,54.01,None,59.67,None,16.33,None,14.33,None,29.67,None,59.33,None,24.33,None,27.00,None,None,None,65.67,None,27.00,None,22.33,None
1769448282.2715693,55.68,None,63.00,None,16.33,None,23.33,None,29.67,None,59.33,None,28.66,None,31.00,None,None,None,74.34,None,27.00,None,22.33,None
1769448282.2722313,55.68,None,63.00,None,16.33,None,23.33,None,29.67,None,59.33,None,28.66,None,31.00,None,None,None,74.34,None,27.00,None,22.33,None
1769448282.473183,55.68,None,63.00,None,16.33,None,27.33,None,29.67,None,63.66,None,28.66,None,34.33,None,None,None,84.68,None,27.00,None,22.33,None
1769448282.4739118,55.68,None,63.00,None,16.33,None,27.33,None,29.67,None,63.66,None,28.66,None,34.33,None,None,None,84.68,None,27.00,None,22.33,None
1769448282.7620347,55.68,None,63.00,None,16.33,None,27.33,None,29.67,None,63.66,None,28.66,None,34.33,None,None,None,84.68,None,27.00,None,22.33,None
1769448282.7627573,55.68,None,63.00,None,16.33,None,27.33,None,29.67,None,63.66,None,28.66,None,34.33,None,None,None,84.68,None,27.00,None,22.33,None
1769448288.822828,55.68,None,63.00,None,16.33,None,23.33,None,29.67,None,59.33,None,28.66,None,31.00,None,None,None,74.34,None,27.00,None,22.33,None
1769448288.8235955,55.68,None,63.00,None,16.33,None,23.33,None,29.67,None,59.33,None,28.66,None,31.00,None,None,None,74.34,None,27.00,None,22.33,None
1769448293.8364828,55.68,None,63.00,None,16.33,None,23.33,None,29.67,None,59.33,None,28.66,None,31.00,None,None,None,74.34,None,27.00,None,22.33,None
1769448293.8373241,55.68,None,63.00,None,16.33,None,23.33,None,29.67,None,59.33,None,28.66,None,31.00,None,None,None,74.34,None,27.00,None,22.33,None
1769448294.0040448,55.68,None,63.00,None,16.33,None,23.33,None,29.67,None,59.33,None,28.66,None,31.00,None,None,None,74.34,None,27.00,None,22.33,None
1769448294.0047293,55.68,None,63.00,None,16.33,None,23.33,None,29.67,None,59.33,None,28.66,None,31.00,None,None,None,74.34,None,27.00,None,22.33,None
1769448294.195765,64.68,None,63.00,None,16.33,None,30.66,None,29.67,None,59.33,None,28.66,None,39.67,None,None,None,74.34,None,27.00,None,26.66,None
1769448294.1964602,64.68,None,63.00,None,16.33,None,30.66,None,29.67,None,59.33,None,28.66,None,39.67,None,None,None,74.34,None,27.00,None,26.66,None
1769448294.3923793,64.68,None,63.00,None,16.33,None,30.66,None,29.67,None,59.33,None,28.66,None,39.67,None,None,None,74.34,None,27.00,None,26.66,None
1769448294.3930733,64.68,None,63.00,None,16.33,None,30.66,None,29.67,None,59.33,None,28.66,None,39.67,None,None,None,74.34,None,27.00,None,26.66,None
1769448294.5322433,64.68,None,63.00,None,16.33,None,30.66,None,29.67,None,59.33,None,28.66,None,39.67,None,None,None,74.34,None,27.00,None,26.66,None
1769448294.5329697,64.68,None,63.00,None,16.33,None,30.66,None,29.67,None,59.33,None,28.66,None,39.67,None,None,None,74.34,None,27.00,None,26.66,None
1769448294.6918986,64.68,None,63.00,None,16.33,None,30.66,None,29.67,None,59.33,None,28.66,None,39.67,None,None,None,74.34,None,27.00,None,26.66,None
1769448294.6926134,64.68,None,63.00,None,16.33,None,30.66,None,29.67,None,59.33,None,28.66,None,39.67,None,None,None,74.34,None,27.00,None,26.66,None
1769448295.3260837,51.35,None,41.66,None,16.33,None,26.33,None,17.00,None,None,None,20.99,None,36.34,None,None,None,64.00,None,18.00,None,17.66,None
1769448295.329,51.35,None,41.66,None,16.33,None,26.33,None,17.00,None,None,None,20.99,None,36.34,None,None,None,64.00,None,18.00,None,17.66,None
1769448295.665034,53.02,None,41.66,None,16.33,None,26.33,None,21.00,None,None,None,20.99,None,36.34,None,None,None,64.00,None,18.00,None,26.66,None
1769448295.6656744,53.02,None,41.66,None,16.33,None,26.33,None,21.00,None,None,None,20.99,None,36.34,None,None,None,64.00,None,18.00,None,26.66,None
1769448295.797434,53.02,None,41.66,None,16.33,None,26.33,None,21.00,None,None,None,20.99,None,36.34,None,None,None,64.00,None,18.00,None,26.66,None
1769448295.7980394,53.02,None,41.66,None,16.33,None,26.33,None,21.00,None,None,None,20.99,None,36.34,None,None,None,64.00,None,18.00,None,26.66,None
1769448296.0048218,66.02,None,50.33,None,16.33,None,26.33,None,21.00,None,None,None,20.99,None,36.34,None,None,None,64.00,None,18.00,None,26.66,None
1769448296.0054536,66.02,None,50.33,None,16.33,None,26.33,None,21.00,None,None,None,20.99,None,36.34,None,None,None,64.00,None,18.00,None,26.66,None
1769448296.1923528,66.02,None,59.00,None,20.66,None,30.33,None,21.00,None,None,None,24.32,None,36.34,None,None,None,64.00,None,18.00,None,28.33,None
1769448296.1931596,66.02,None,59.00,None,20.66,None,30.33,None,21.00,None,None,None,24.32,None,36.34,None,None,None,64.00,None,18.00,None,28.33,None
1769448296.3400886,66.02,None,59.00,None,20.66,None,30.33,None,21.00,None,None,None,24.32,None,36.34,None,None,None,64.00,None,18.00,None,28.33,None
1769448296.340736,66.02,None,59.00,None,20.66,None,30.33,None,21.00,None,None,None,24.32,None,36.34,None,None,None,64.00,None,18.00,None,28.33,None
1769448296.465117,66.02,None,59.00,None,20.66,None,30.33,None,21.00,None,None,None,24.32,None,36.34,None,None,None,64.00,None,18.00,None,28.33,None
1769448296.4657147,66.02,None,59.00,None,20.66,None,30.33,None,21.00,None,None,None,24.32,None,36.34,None,None,None,64.00,None,18.00,None,28.33,None
1769448296.6169584,66.02,None,59.00,None,20.66,None,30.33,None,21.00,None,None,None,24.32,None,36.34,None,None,None,64.00,None,18.00,None,28.33,None
1769448296.6175983,66.02,None,59.00,None,20.66,None,30.33,None,21.00,None,None,None,24.32,None,36.34,None,None,None,64.00,None,18.00,None,28.33,None
1769448298.8770242,48.35,None,47.00,None,16.33,None,33.66,None,21.00,None,None,None,28.65,None,36.34,None,None,None,64.00,None,18.00,None,28.33,None
1769448298.8776777,48.35,None,47.00,None,16.33,None,33.66,None,21.00,None,None,None,28.65,None,36.34,None,None,None,64.00,None,18.00,None,28.33,None
1769448299.038185,48.35,None,47.00,None,16.33,None,33.66,None,21.00,None,None,None,28.65,None,36.34,None,None,None,64.00,None,18.00,None,28.33,None
1769448299.0392506,48.35,None,47.00,None,16.33,None,33.66,None,21.00,None,None,None,28.65,None,36.34,None,None,None,64.00,None,18.00,None,28.33,None
1769448304.0402405,48.02,None,49.66,None,7.66,None,31.99,None,17.00,None,None,None,28.65,None,20.34,None,13.33,None,52.00,None,18.00,None,28.33,None
1769448304.0411732,48.02,None,49.66,None,7.66,None,31.99,None,17.00,None,None,None,28.65,None,20.34,None,13.33,None,52.00,None,18.00,None,28.33,None
1769448304.2546418,48.02,None,49.66,None,7.66,None,31.99,None,17.00,None,None,None,28.65,None,20.34,None,17.33,None,65.33,None,18.00,None,28.33,None
1769448304.2552924,48.02,None,49.66,None,7.66,None,31.99,None,17.00,None,None,None,28.65,None,20.34,None,17.33,None,65.33,None,18.00,None,28.33,None
1769448304.4747598,48.02,None,49.66,None,7.66,None,40.99,None,17.00,None,None,None,28.65,None,24.34,None,30.33,None,68.66,None,19.67,None,28.33,None
1769448304.4754267,48.02,None,49.66,None,7.66,None,40.99,None,17.00,None,None,None,28.65,None,24.34,None,30.33,None,68.66,None,19.67,None,28.33,None
1769448308.878086,44.02,None,49.66,None,13.33,None,36.66,None,17.00,None,None,None,28.65,None,24.34,None,34.33,None,72.99,None,19.34,None,28.33,None
1769448308.8787243,44.02,None,49.66,None,13.33,None,36.66,None,17.00,None,None,None,28.65,None,24.34,None,34.33,None,72.99,None,19.34,None,28.33,None
1769448311.2148404,44.35,None,49.66,None,13.33,None,27.66,None,17.00,None,None,None,28.65,None,20.34,None,None,None,39.00,None,17.67,None,28.33,None
1769448311.2154582,44.35,None,49.66,None,13.33,None,27.66,None,17.00,None,None,None,28.65,None,20.34,None,None,None,39.00,None,17.67,None,28.33,None
1769448311.3844988,44.35,None,49.66,None,17.66,None,27.66,None,17.00,None,None,None,28.65,None,20.34,None,None,None,43.00,None,17.67,None,28.33,None
1769448311.385089,44.35,None,49.66,None,17.66,None,27.66,None,17.00,None,None,None,28.65,None,20.34,None,None,None,43.00,None,17.67,None,28.33,None
1769448311.5947886,57.68,None,49.66,None,17.66,None,30.99,None,29.67,None,None,None,28.65,None,22.01,None,None,None,43.00,None,17.67,None,28.33,None
1769448311.5953877,57.68,None,49.66,None,17.66,None,30.99,None,29.67,None,None,None,28.65,None,22.01,None,None,None,43.00,None,17.67,None,28.33,None
1769448311.7431407,57.68,None,49.66,None,17.66,None,30.99,None,29.67,None,None,None,28.65,None,22.01,None,None,None,43.00,None,17.67,None,28.33,None
1769448311.7437675,57.68,None,49.66,None,17.66,None,30.99,None,29.67,None,None,None,28.65,None,22.01,None,None,None,43.00,None,17.67,None,28.33,None
1769448311.9091015,57.68,None,49.66,None,17.66,None,30.99,None,29.67,None,None,None,28.65,None,22.01,None,None,None,43.00,None,17.67,None,28.33,None
1769448311.9097466,57.68,None,49.66,None,17.66,None,30.99,None,29.67,None,None,None,28.65,None,22.01,None,None,None,43.00,None,17.67,None,28.33,None
1769448313.8543904,57.68,None,49.66,None,17.66,None,30.99,None,29.67,None,None,None,31.98,None,26.34,None,None,None,34.00,None,17.67,None,28.33,None
1769448313.8550117,57.68,None,49.66,None,17.66,None,30.99,None,29.67,None,None,None,31.98,None,26.34,None,None,None,34.00,None,17.67,None,28.33,None
1769448316.0543513,61.68,None,49.66,None,17.66,None,39.66,None,29.67,None,3.33,None,31.98,None,35.34,None,None,None,35.67,None,17.67,None,28.33,None
1769448316.0551713,61.68,None,49.66,None,17.66,None,39.66,None,29.67,None,3.33,None,31.98,None,35.34,None,None,None,35.67,None,17.67,None,28.33,None
1769448316.1966,61.68,None,49.66,None,17.66,None,39.66,None,29.67,None,3.33,None,31.98,None,39.34,None,None,None,35.67,None,26.67,None,28.33,None
1769448316.1972306,61.68,None,49.66,None,17.66,None,39.66,None,29.67,None,3.33,None,31.98,None,39.34,None,None,None,35.67,None,26.67,None,28.33,None
1769448316.395076,61.68,None,53.99,None,17.66,None,39.66,None,29.67,None,16.33,None,31.98,None,48.01,None,None,None,35.67,None,26.67,None,28.33,None
1769448316.3956962,61.68,None,53.99,None,17.66,None,39.66,None,29.67,None,16.33,None,31.98,None,48.01,None,None,None,35.67,None,26.67,None,28.33,None
1769448316.592123,61.68,None,55.66,None,21.99,None,39.66,None,29.67,None,25.33,None,31.98,None,48.01,None,None,None,39.00,None,26.67,None,28.33,None
1769448316.5927932,61.68,None,55.66,None,21.99,None,39.66,None,29.67,None,25.33,None,31.98,None,48.01,None,None,None,39.00,None,26.67,None,28.33,None
1769448316.742391,61.68,None,55.66,None,21.99,None,39.66,None,29.67,None,25.33,None,31.98,None,48.01,None,None,None,39.00,None,26.67,None,28.33,None
1769448316.7430885,61.68,None,55.66,None,21.99,None,39.66,None,29.67,None,25.33,None,31.98,None,48.01,None,None,None,39.00,None,26.67,None,28.33,None
1769448316.9700446,61.68,None,58.99,None,21.99,None,39.66,None,29.67,None,34.33,None,31.98,None,49.68,None,None,None,39.00,None,26.67,None,28.33,None
1769448316.970711,61.68,None,58.99,None,21.99,None,39.66,None,29.67,None,34.33,None,31.98,None,49.68,None,None,None,39.00,None,26.67,None,28.33,None
1769448318.9033413,61.68,None,68.66,None,21.99,None,30.66,None,29.67,None,38.33,None,31.98,None,45.68,None,None,None,39.33,None,26.67,None,28.33,None
1769448318.9040236,61.68,None,68.66,None,21.99,None,30.66,None,29.67,None,38.33,None,31.98,None,45.68,None,None,None,39.33,None,26.67,None,28.33,None
1769448323.8944821,41.35,None,64.32,None,13.33,None,19.33,None,12.33,None,38.33,None,24.32,None,46.68,None,None,None,31.33,None,26.67,None,17.66,None
1769448323.8953836,41.35,None,64.32,None,13.33,None,19.33,None,12.33,None,38.33,None,24.32,None,46.68,None,None,None,31.33,None,26.67,None,17.66,None
1769448328.8971784,27.01,None,56.66,None,13.33,None,16.00,None,16.67,None,38.33,None,19.99,None,50.68,None,None,None,27.33,None,19.34,None,20.99,None
1769448328.8978183,27.01,None,56.66,None,13.33,None,16.00,None,16.67,None,38.33,None,19.99,None,50.68,None,None,None,27.33,None,19.34,None,20.99,None
1769448329.1071093,27.01,None,56.66,None,13.33,None,16.00,None,25.34,None,38.33,None,23.32,None,50.68,None,None,None,27.33,None,19.34,None,20.99,None
1769448329.1077232,27.01,None,56.66,None,13.33,None,16.00,None,25.34,None,38.33,None,23.32,None,50.68,None,None,None,27.33,None,19.34,None,20.99,None
1769448333.905987,27.01,None,43.66,None,6.00,None,20.00,None,25.34,None,47.33,None,23.32,None,50.68,None,0.00,None,14.00,None,15.00,None,20.99,None
1769448333.9066155,27.01,None,43.66,None,6.00,None,20.00,None,25.34,None,47.33,None,23.32,None,50.68,None,0.00,None,14.00,None,15.00,None,20.99,None
1769448334.3478508,30.34,None,43.66,None,6.00,None,24.00,None,29.67,None,47.33,None,23.32,None,50.68,None,9.00,None,14.00,None,15.00,None,20.99,None
1769448334.3485186,30.34,None,43.66,None,6.00,None,24.00,None,29.67,None,47.33,None,23.32,None,50.68,None,9.00,None,14.00,None,15.00,None,20.99,None
1769448335.9282706,30.34,None,52.66,None,6.00,None,24.00,None,29.67,None,50.66,None,23.32,None,50.68,None,9.00,None,18.00,None,15.00,None,20.99,None
1769448335.9289105,30.34,None,52.66,None,6.00,None,24.00,None,29.67,None,50.66,None,23.32,None,50.68,None,9.00,None,18.00,None,15.00,None,20.99,None
1769448336.16028,30.34,None,52.66,None,6.00,None,24.00,None,29.67,None,50.66,None,23.32,None,50.68,None,13.00,None,31.00,None,15.00,None,20.99,None
1769448336.1610155,30.34,None,52.66,None,6.00,None,24.00,None,29.67,None,50.66,None,23.32,None,50.68,None,13.00,None,31.00,None,15.00,None,20.99,None
1769448336.3864818,30.34,None,52.66,None,7.67,None,24.00,None,29.67,None,50.66,None,23.32,None,50.68,None,16.33,None,40.00,None,19.33,None,20.99,None
1769448336.3871324,30.34,None,52.66,None,7.67,None,24.00,None,29.67,None,50.66,None,23.32,None,50.68,None,16.33,None,40.00,None,19.33,None,20.99,None
1769448336.6290457,30.34,None,52.66,None,7.67,None,24.00,None,29.67,None,50.66,None,23.32,None,50.68,None,16.33,None,40.00,None,19.33,None,29.99,None
1769448336.6297228,30.34,None,52.66,None,7.67,None,24.00,None,29.67,None,50.66,None,23.32,None,50.68,None,16.33,None,40.00,None,19.33,None,29.99,None
1769448336.842203,30.34,None,52.66,None,7.67,None,24.00,None,29.67,None,50.66,None,23.32,None,50.68,None,29.33,None,49.00,None,19.33,None,29.99,None
1769448336.842858,30.34,None,52.66,None,7.67,None,24.00,None,29.67,None,50.66,None,23.32,None,50.68,None,29.33,None,49.00,None,19.33,None,29.99,None
1769448337.069473,30.34,None,52.66,None,7.67,None,24.00,None,29.67,None,54.66,None,23.32,None,50.68,None,29.33,None,58.00,None,19.33,None,29.99,None
1769448337.07014,30.34,None,52.66,None,7.67,None,24.00,None,29.67,None,54.66,None,23.32,None,50.68,None,29.33,None,58.00,None,19.33,None,29.99,None
1769448337.2864356,30.01,None,23.00,None,7.67,None,11.33,None,16.67,None,None,None,19.99,None,34.67,None,7.33,None,29.33,None,28.33,None,25.66,None
1769448337.2871456,30.01,None,23.00,None,7.67,None,11.33,None,16.67,None,None,None,19.99,None,34.67,None,7.33,None,29.33,None,28.33,None,25.66,None
1769448337.5032723,37.34,None,23.00,None,7.67,None,11.33,None,16.67,None,None,None,24.32,None,34.67,None,7.33,None,38.00,None,28.33,None,25.66,None
1769448337.503898,37.34,None,23.00,None,7.67,None,11.33,None,16.67,None,None,None,24.32,None,34.67,None,7.33,None,38.00,None,28.33,None,25.66,None
1769448337.9107215,41.67,None,23.00,None,7.67,None,20.00,None,16.67,None,None,None,24.32,None,34.67,None,10.66,None,42.00,None,28.33,None,25.66,None
1769448337.9113703,41.67,None,23.00,None,7.67,None,20.00,None,16.67,None,None,None,24.32,None,34.67,None,10.66,None,42.00,None,28.33,None,25.66,None
1769448338.1340458,43.34,None,23.00,None,7.67,None,20.00,None,16.67,None,None,None,24.32,None,34.67,None,13.99,None,50.67,None,28.33,None,25.66,None
1769448338.1346762,43.34,None,23.00,None,7.67,None,20.00,None,16.67,None,None,None,24.32,None,34.67,None,13.99,None,50.67,None,28.33,None,25.66,None
1769448338.354634,43.34,None,33.67,None,7.67,None,20.00,None,16.67,None,None,None,24.32,None,34.67,None,17.99,None,50.67,None,28.33,None,25.66,None
1769448338.355464,43.34,None,33.67,None,7.67,None,20.00,None,16.67,None,None,None,24.32,None,34.67,None,17.99,None,50.67,None,28.33,None,25.66,None
1769448338.5439556,43.34,None,33.67,None,7.67,None,24.33,None,16.67,None,None,None,24.32,None,34.67,None,21.99,None,50.67,None,28.33,None,25.66,None
1769448338.5446334,43.34,None,33.67,None,7.67,None,24.33,None,16.67,None,None,None,24.32,None,34.67,None,21.99,None,50.67,None,28.33,None,25.66,None
1769448338.7411032,52.34,None,44.01,None,7.67,None,24.33,None,16.67,None,None,None,24.32,None,34.67,None,21.99,None,54.00,None,28.33,None,25.66,None
1769448338.7419384,52.34,None,44.01,None,7.67,None,24.33,None,16.67,None,None,None,24.32,None,34.67,None,21.99,None,54.00,None,28.33,None,25.66,None
1769448338.9467435,52.34,None,44.01,None,7.67,None,33.00,None,16.67,None,None,None,24.32,None,39.00,None,21.99,None,54.00,None,28.33,None,25.66,None
1769448338.9474466,52.34,None,44.01,None,7.67,None,33.00,None,16.67,None,None,None,24.32,None,39.00,None,21.99,None,54.00,None,28.33,None,25.66,None
1769448339.1060758,52.34,None,44.01,None,7.67,None,33.00,None,16.67,None,None,None,28.65,None,39.00,None,21.99,None,63.00,None,28.33,None,25.66,None
1769448339.1067998,52.34,None,44.01,None,7.67,None,33.00,None,16.67,None,None,None,28.65,None,39.00,None,21.99,None,63.00,None,28.33,None,25.66,None
1769448354.3114846,50.67,None,44.01,None,7.67,None,37.00,None,20.00,None,None,None,24.32,None,49.67,None,21.99,None,63.00,None,28.33,None,16.66,None
1769448354.3122132,50.67,None,44.01,None,7.67,None,37.00,None,20.00,None,None,None,24.32,None,49.67,None,21.99,None,63.00,None,28.33,None,16.66,None
1769448359.3393238,46.34,None,44.01,None,7.67,None,41.66,None,11.33,None,34.00,None,15.32,None,45.67,None,18.66,None,63.00,None,26.66,None,13.33,None
1769448359.3400292,46.34,None,44.01,None,7.67,None,41.66,None,11.33,None,34.00,None,15.32,None,45.67,None,18.66,None,63.00,None,26.66,None,13.33,None
1769448359.8083134,46.34,None,44.01,None,7.67,None,50.33,None,11.33,None,39.00,None,15.32,None,49.67,None,27.66,None,67.33,None,26.66,None,13.33,None
1769448359.8090587,46.34,None,44.01,None,7.67,None,50.33,None,11.33,None,39.00,None,15.32,None,49.67,None,27.66,None,67.33,None,26.66,None,13.33,None
1769448360.9601843,46.34,None,52.68,None,7.67,None,50.33,None,11.33,None,40.67,None,24.32,None,49.67,None,27.66,None,71.33,None,26.66,None,17.66,None
1769448360.9609652,46.34,None,52.68,None,7.67,None,50.33,None,11.33,None,40.67,None,24.32,None,49.67,None,27.66,None,71.33,None,26.66,None,17.66,None
1769448361.195979,50.34,None,61.68,None,7.67,None,50.33,None,11.33,None,40.67,None,24.32,None,54.00,None,36.33,None,71.33,None,26.66,None,17.66,None
1769448361.1967237,50.34,None,61.68,None,7.67,None,50.33,None,11.33,None,40.67,None,24.32,None,54.00,None,36.33,None,71.33,None,26.66,None,17.66,None
1769448361.4020994,50.34,None,61.68,None,7.67,None,50.33,None,11.33,None,40.67,None,24.32,None,54.00,None,36.33,None,71.33,None,26.66,None,17.66,None
1769448361.4028525,50.34,None,61.68,None,7.67,None,50.33,None,11.33,None,40.67,None,24.32,None,54.00,None,36.33,None,71.33,None,26.66,None,17.66,None
1769448361.6243749,50.34,None,61.68,None,7.67,None,50.33,None,11.33,None,40.67,None,24.32,None,54.00,None,36.33,None,71.33,None,26.66,None,17.66,None
1769448361.6253169,50.34,None,61.68,None,7.67,None,50.33,None,11.33,None,40.67,None,24.32,None,54.00,None,36.33,None,71.33,None,26.66,None,17.66,None
1769448361.821483,50.34,None,61.68,None,7.67,None,50.33,None,11.33,None,40.67,None,24.32,None,54.00,None,36.33,None,71.33,None,26.66,None,17.66,None
1769448361.822255,50.34,None,61.68,None,7.67,None,50.33,None,11.33,None,40.67,None,24.32,None,54.00,None,36.33,None,71.33,None,26.66,None,17.66,None
1769448362.0338602,50.34,None,61.68,None,7.67,None,50.33,None,11.33,None,40.67,None,24.32,None,54.00,None,36.33,None,71.33,None,26.66,None,17.66,None
1769448362.0346198,50.34,None,61.68,None,7.67,None,50.33,None,11.33,None,40.67,None,24.32,None,54.00,None,36.33,None,71.33,None,26.66,None,17.66,None
1769448364.3531024,48.67,None,51.68,None,10.67,None,37.33,None,11.33,None,13.67,None,21.99,None,34.67,None,26.66,None,63.67,None,13.33,None,17.66,None
1769448364.3537612,48.67,None,51.68,None,10.67,None,37.33,None,11.33,None,13.67,None,21.99,None,34.67,None,26.66,None,63.67,None,13.33,None,17.66,None
1769448364.5723305,48.67,None,51.68,None,10.67,None,46.00,None,11.33,None,17.00,None,21.99,None,34.67,None,30.66,None,63.67,None,13.33,None,19.33,None
1769448364.5729892,48.67,None,51.68,None,10.67,None,46.00,None,11.33,None,17.00,None,21.99,None,34.67,None,30.66,None,63.67,None,13.33,None,19.33,None
1769448365.056359,48.67,None,51.68,None,19.34,None,46.00,None,11.33,None,21.00,None,21.99,None,34.67,None,34.99,None,63.67,None,22.33,None,19.33,None
1769448365.0570447,48.67,None,51.68,None,19.34,None,46.00,None,11.33,None,21.00,None,21.99,None,34.67,None,34.99,None,63.67,None,22.33,None,19.33,None
1769448365.272635,48.67,None,51.68,None,19.34,None,54.67,None,11.33,None,21.00,None,21.99,None,38.67,None,34.99,None,65.34,None,22.33,None,28.33,None
1769448365.2735066,48.67,None,51.68,None,19.34,None,54.67,None,11.33,None,21.00,None,21.99,None,38.67,None,34.99,None,65.34,None,22.33,None,28.33,None
1769448365.4950888,50.34,None,51.68,None,19.34,None,63.67,None,11.33,None,21.00,None,21.99,None,42.67,None,34.99,None,65.34,None,22.33,None,28.33,None
1769448365.495847,50.34,None,51.68,None,19.34,None,63.67,None,11.33,None,21.00,None,21.99,None,42.67,None,34.99,None,65.34,None,22.33,None,28.33,None
1769448365.7122345,50.34,None,51.68,None,19.34,None,63.67,None,11.33,None,34.00,None,21.99,None,42.67,None,34.99,None,65.34,None,31.00,None,28.33,None
1769448365.7130315,50.34,None,51.68,None,19.34,None,63.67,None,11.33,None,34.00,None,21.99,None,42.67,None,34.99,None,65.34,None,31.00,None,28.33,None
1769448365.9403582,50.34,None,51.68,None,19.34,None,63.67,None,11.33,None,34.00,None,21.99,None,42.67,None,34.99,None,65.34,None,31.00,None,28.33,None
1769448365.9411016,50.34,None,51.68,None,19.34,None,63.67,None,11.33,None,34.00,None,21.99,None,42.67,None,34.99,None,65.34,None,31.00,None,28.33,None
1769448366.1618547,37.34,None,23.01,None,19.34,None,55.33,None,8.00,None,31.34,None,19.33,None,27.67,None,None,None,35.00,None,31.00,None,26.66,None
1769448366.162522,37.34,None,23.01,None,19.34,None,55.33,None,8.00,None,31.34,None,19.33,None,27.67,None,None,None,35.00,None,31.00,None,26.66,None
1769448366.3812933,44.67,None,27.34,None,19.34,None,55.33,None,8.00,None,31.34,None,28.00,None,27.67,None,None,None,35.00,None,31.00,None,26.66,None
1769448366.382092,44.67,None,27.34,None,19.34,None,55.33,None,8.00,None,31.34,None,28.00,None,27.67,None,None,None,35.00,None,31.00,None,26.66,None
1769448366.5823622,53.34,None,40.34,None,19.34,None,55.33,None,8.00,None,31.34,None,28.00,None,27.67,None,None,None,35.00,None,31.00,None,26.66,None
1769448366.5830033,53.34,None,40.34,None,19.34,None,55.33,None,8.00,None,31.34,None,28.00,None,27.67,None,None,None,35.00,None,31.00,None,26.66,None
1769448366.7983758,53.34,None,40.34,None,19.34,None,55.33,None,8.00,None,31.34,None,28.00,None,27.67,None,None,None,43.67,None,31.00,None,26.66,None
1769448366.7990475,53.34,None,40.34,None,19.34,None,55.33,None,8.00,None,31.34,None,28.00,None,27.67,None,None,None,43.67,None,31.00,None,26.66,None
1769448366.995835,53.34,None,40.34,None,28.34,None,59.33,None,16.67,None,31.34,None,28.00,None,27.67,None,None,None,47.00,None,31.00,None,26.66,None
1769448366.996523,53.34,None,40.34,None,28.34,None,59.33,None,16.67,None,31.34,None,28.00,None,27.67,None,None,None,47.00,None,31.00,None,26.66,None
1769448367.4330027,53.34,None,40.34,None,28.34,None,59.33,None,16.67,None,31.34,None,28.00,None,27.67,None,None,None,47.00,None,31.00,None,26.66,None
1769448367.4338436,53.34,None,40.34,None,28.34,None,59.33,None,16.67,None,31.34,None,28.00,None,27.67,None,None,None,47.00,None,31.00,None,26.66,None
1769448367.6293051,57.34,None,40.34,None,28.34,None,59.33,None,16.67,None,31.34,None,28.00,None,27.67,None,None,None,47.00,None,31.00,None,26.66,None
1769448367.629968,57.34,None,40.34,None,28.34,None,59.33,None,16.67,None,31.34,None,28.00,None,27.67,None,None,None,47.00,None,31.00,None,26.66,None
1769448367.7811463,57.34,None,40.34,None,28.34,None,59.33,None,16.67,None,31.34,None,28.00,None,27.67,None,None,None,47.00,None,31.00,None,26.66,None
1769448367.7818544,57.34,None,40.34,None,28.34,None,59.33,None,16.67,None,31.34,None,28.00,None,27.67,None,None,None,47.00,None,31.00,None,26.66,None
1769448381.867344,57.34,None,40.34,None,28.34,None,59.33,None,16.67,None,31.34,None,28.00,None,27.67,None,None,None,47.00,None,31.00,None,26.66,None
1769448381.8680704,57.34,None,40.34,None,28.34,None,59.33,None,16.67,None,31.34,None,28.00,None,27.67,None,None,None,47.00,None,31.00,None,26.66,None
1769448381.9998078,57.34,None,40.34,None,28.34,None,59.33,None,16.67,None,31.34,None,28.00,None,27.67,None,None,None,47.00,None,31.00,None,26.66,None
1769448382.0005014,57.34,None,40.34,None,28.34,None,59.33,None,16.67,None,31.34,None,28.00,None,27.67,None,None,None,47.00,None,31.00,None,26.66,None
1769448382.1754122,57.34,None,40.34,None,28.34,None,59.33,None,16.67,None,31.34,None,28.00,None,27.67,None,None,None,47.00,None,31.00,None,26.66,None
1769448382.1765423,57.34,None,40.34,None,28.34,None,59.33,None,16.67,None,31.34,None,28.00,None,27.67,None,None,None,47.00,None,31.00,None,26.66,None
1769448382.3591163,57.34,None,40.34,None,28.34,None,59.33,None,16.67,None,31.34,None,28.00,None,27.67,None,None,None,47.00,None,31.00,None,26.66,None
1769448382.3598254,57.34,None,40.34,None,28.34,None,59.33,None,16.67,None,31.34,None,28.00,None,27.67,None,None,None,47.00,None,31.00,None,26.66,None
1769448382.5298543,57.34,None,40.34,None,28.34,None,59.33,None,16.67,None,31.34,None,28.00,None,27.67,None,None,None,47.00,None,31.00,None,26.66,None
1769448382.5305657,57.34,None,40.34,None,28.34,None,59.33,None,16.67,None,31.34,None,28.00,None,27.67,None,None,None,47.00,None,31.00,None,26.66,None
1769448382.7028153,57.34,None,40.34,None,28.34,None,59.33,None,16.67,None,31.34,None,28.00,None,27.67,None,None,None,47.00,None,31.00,None,26.66,None
1769448382.7035472,57.34,None,40.34,None,28.34,None,59.33,None,16.67,None,31.34,None,28.00,None,27.67,None,None,None,47.00,None,31.00,None,26.66,None
1769448394.6403115,21.67,None,16.67,None,28.34,None,46.00,None,12.67,None,17.67,None,17.66,None,31.00,None,21.33,None,39.67,None,22.33,None,26.66,None
1769448394.640948,21.67,None,16.67,None,28.34,None,46.00,None,12.67,None,17.67,None,17.66,None,31.00,None,21.33,None,39.67,None,22.33,None,26.66,None
1769448398.9682896,21.67,None,16.67,None,28.34,None,46.00,None,12.67,None,22.00,None,20.99,None,31.00,None,21.33,None,43.67,None,22.33,None,26.66,None
1769448398.9689121,21.67,None,16.67,None,28.34,None,46.00,None,12.67,None,22.00,None,20.99,None,31.00,None,21.33,None,43.67,None,22.33,None,26.66,None
1769448399.185895,21.67,None,16.67,None,28.34,None,54.67,None,12.67,None,31.00,None,20.99,None,31.00,None,25.33,None,43.67,None,22.33,None,28.33,None
1769448399.1865423,21.67,None,16.67,None,28.34,None,54.67,None,12.67,None,31.00,None,20.99,None,31.00,None,25.33,None,43.67,None,22.33,None,28.33,None
1769448399.427375,30.67,None,16.67,None,28.34,None,54.67,None,12.67,None,31.00,None,20.99,None,35.00,None,25.33,None,43.67,None,22.33,None,28.33,None
1769448399.4280503,30.67,None,16.67,None,28.34,None,54.67,None,12.67,None,31.00,None,20.99,None,35.00,None,25.33,None,43.67,None,22.33,None,28.33,None
1769448399.6432054,30.67,None,16.67,None,28.34,None,54.67,None,21.34,None,31.00,None,25.32,None,35.00,None,25.33,None,43.67,None,27.33,None,28.33,None
1769448399.643889,30.67,None,16.67,None,28.34,None,54.67,None,21.34,None,31.00,None,25.32,None,35.00,None,25.33,None,43.67,None,27.33,None,28.33,None
1769448399.86038,30.67,None,21.00,None,31.67,None,54.67,None,21.34,None,35.00,None,25.32,None,44.00,None,25.33,None,43.67,None,27.33,None,28.33,None
1769448399.8612132,30.67,None,21.00,None,31.67,None,54.67,None,21.34,None,35.00,None,25.32,None,44.00,None,25.33,None,43.67,None,27.33,None,28.33,None
1769448400.0854118,34.67,None,21.00,None,31.67,None,63.34,None,25.67,None,35.00,None,25.32,None,44.00,None,25.33,None,43.67,None,27.33,None,30.00,None
1769448400.0860996,34.67,None,21.00,None,31.67,None,63.34,None,25.67,None,35.00,None,25.32,None,44.00,None,25.33,None,43.67,None,27.33,None,30.00,None
1769448415.0967221,25.67,None,21.00,None,21.33,None,43.34,None,25.67,None,44.00,None,20.99,None,31.33,None,17.67,None,23.33,None,14.00,None,16.67,None
1769448415.0974228,25.67,None,21.00,None,21.33,None,43.34,None,25.67,None,44.00,None,20.99,None,31.33,None,17.67,None,23.33,None,14.00,None,16.67,None
1769448416.0041714,25.67,None,29.67,None,21.33,None,43.34,None,27.34,None,44.00,None,20.99,None,31.33,None,26.67,None,27.33,None,14.00,None,16.67,None
1769448416.0048394,25.67,None,29.67,None,21.33,None,43.34,None,27.34,None,44.00,None,20.99,None,31.33,None,26.67,None,27.33,None,14.00,None,16.67,None
1769448416.2251554,25.67,None,43.00,None,21.33,None,43.34,None,27.34,None,44.00,None,20.99,None,31.33,None,30.67,None,27.33,None,14.00,None,20.00,None
1769448416.2259853,25.67,None,43.00,None,21.33,None,43.34,None,27.34,None,44.00,None,20.99,None,31.33,None,30.67,None,27.33,None,14.00,None,20.00,None
1769448416.4498577,25.67,None,43.00,None,21.33,None,43.34,None,30.67,None,44.00,None,22.66,None,35.33,None,30.67,None,27.33,None,23.00,None,28.67,None
1769448416.4505591,25.67,None,43.00,None,21.33,None,43.34,None,30.67,None,44.00,None,22.66,None,35.33,None,30.67,None,27.33,None,23.00,None,28.67,None
1769448416.943004,30.00,None,43.00,None,21.33,None,43.34,None,34.67,None,52.67,None,22.66,None,35.33,None,30.67,None,27.33,None,23.00,None,32.00,None
1769448416.943827,30.00,None,43.00,None,21.33,None,43.34,None,34.67,None,52.67,None,22.66,None,35.33,None,30.67,None,27.33,None,23.00,None,32.00,None
1769448417.110477,30.00,None,43.00,None,21.33,None,43.34,None,34.67,None,52.67,None,22.66,None,44.33,None,30.67,None,27.33,None,27.33,None,32.00,None
1769448417.1111505,30.00,None,43.00,None,21.33,None,43.34,None,34.67,None,52.67,None,22.66,None,44.33,None,30.67,None,27.33,None,27.33,None,32.00,None
1769448417.3339758,30.00,None,43.00,None,21.33,None,52.34,None,34.67,None,56.67,None,22.66,None,48.66,None,30.67,None,27.33,None,27.33,None,32.00,None
1769448417.3346694,30.00,None,43.00,None,21.33,None,52.34,None,34.67,None,56.67,None,22.66,None,48.66,None,30.67,None,27.33,None,27.33,None,32.00,None
1769448420.0913486,26.00,None,52.00,None,21.33,None,56.34,None,34.67,None,56.67,None,22.66,None,48.66,None,30.67,None,18.66,None,27.33,None,23.00,None
1769448420.0920393,26.00,None,52.00,None,21.33,None,56.34,None,34.67,None,56.67,None,22.66,None,48.66,None,30.67,None,18.66,None,27.33,None,23.00,None
1769448420.328938,26.00,None,52.00,None,30.33,None,56.34,None,34.67,None,56.67,None,22.66,None,48.66,None,32.34,None,27.33,None,27.33,None,23.00,None
1769448420.3296402,26.00,None,52.00,None,30.33,None,56.34,None,34.67,None,56.67,None,22.66,None,48.66,None,32.34,None,27.33,None,27.33,None,23.00,None
1769448420.5494263,30.00,None,52.00,None,30.33,None,56.34,None,34.67,None,56.67,None,22.66,None,48.66,None,37.34,None,27.33,None,27.33,None,23.00,None
1769448420.5501747,30.00,None,52.00,None,30.33,None,56.34,None,34.67,None,56.67,None,22.66,None,48.66,None,37.34,None,27.33,None,27.33,None,23.00,None
1769448420.8590515,30.00,None,39.00,None,18.00,None,34.34,None,34.67,None,None,None,13.66,None,21.66,None,28.66,None,21.67,None,27.33,None,17.00,None
1769448420.8598325,30.00,None,39.00,None,18.00,None,34.34,None,34.67,None,None,None,13.66,None,21.66,None,28.66,None,21.67,None,27.33,None,17.00,None
1769448421.089312,30.00,None,39.00,None,21.33,None,36.01,None,34.67,None,None,None,13.66,None,21.66,None,37.66,None,21.67,None,27.33,None,17.00,None
1769448421.089976,30.00,None,39.00,None,21.33,None,36.01,None,34.67,None,None,None,13.66,None,21.66,None,37.66,None,21.67,None,27.33,None,17.00,None
1769448421.3171895,30.00,None,39.00,None,30.00,None,40.01,None,34.67,None,None,None,13.66,None,21.66,None,37.66,None,23.34,None,27.33,None,17.00,None
1769448421.3178413,30.00,None,39.00,None,30.00,None,40.01,None,34.67,None,None,None,13.66,None,21.66,None,37.66,None,23.34,None,27.33,None,17.00,None
1769448421.5247104,30.00,None,39.00,None,30.00,None,40.01,None,34.67,None,None,None,17.99,None,24.99,None,37.66,None,23.34,None,27.33,None,17.00,None
1769448421.525393,30.00,None,39.00,None,30.00,None,40.01,None,34.67,None,None,None,17.99,None,24.99,None,37.66,None,23.34,None,27.33,None,17.00,None
1769448421.7521644,30.00,None,42.33,None,30.00,None,40.01,None,34.67,None,None,None,26.99,None,26.66,None,37.66,None,23.34,None,27.33,None,17.00,None
1769448421.7528236,30.00,None,42.33,None,30.00,None,40.01,None,34.67,None,None,None,26.99,None,26.66,None,37.66,None,23.34,None,27.33,None,17.00,None
1769448421.9159148,30.00,None,42.33,None,30.00,None,40.01,None,34.67,None,None,None,26.99,None,26.66,None,37.66,None,23.34,None,27.33,None,17.00,None
1769448421.9167662,30.00,None,42.33,None,30.00,None,40.01,None,34.67,None,None,None,26.99,None,26.66,None,37.66,None,23.34,None,27.33,None,17.00,None
1769448422.4578424,30.00,None,46.66,None,30.00,None,40.01,None,34.67,None,None,None,26.99,None,35.66,None,41.66,None,25.01,None,30.66,None,25.67,None
1769448422.458544,30.00,None,46.66,None,30.00,None,40.01,None,34.67,None,None,None,26.99,None,35.66,None,41.66,None,25.01,None,30.66,None,25.67,None
1769448422.6641607,30.00,None,46.66,None,30.00,None,40.01,None,34.67,None,None,None,31.32,None,35.66,None,41.66,None,25.01,None,30.66,None,27.34,None
1769448422.664872,30.00,None,46.66,None,30.00,None,40.01,None,34.67,None,None,None,31.32,None,35.66,None,41.66,None,25.01,None,30.66,None,27.34,None
1769448425.0979571,30.00,None,45.99,None,5.00,None,27.34,None,31.00,None,None,None,22.66,None,26.33,None,38.33,None,20.01,None,25.99,None,25.67,None
1769448425.0986116,30.00,None,45.99,None,5.00,None,27.34,None,31.00,None,None,None,22.66,None,26.33,None,38.33,None,20.01,None,25.99,None,25.67,None
1769448425.3045924,30.00,None,45.99,None,5.00,None,27.34,None,31.00,None,None,None,22.66,None,26.33,None,47.00,None,29.01,None,25.99,None,25.67,None
1769448425.3052297,30.00,None,45.99,None,5.00,None,27.34,None,31.00,None,None,None,22.66,None,26.33,None,47.00,None,29.01,None,25.99,None,25.67,None
1769448435.0233517,34.33,None,45.66,None,5.00,None,27.34,None,31.00,None,None,None,22.66,None,17.33,None,43.00,None,27.34,None,31.33,None,17.00,None
1769448435.0240088,34.33,None,45.66,None,5.00,None,27.34,None,31.00,None,None,None,22.66,None,17.33,None,43.00,None,27.34,None,31.33,None,17.00,None
1769448435.248053,34.33,None,45.66,None,5.00,None,27.34,None,35.00,None,None,None,22.66,None,17.33,None,51.67,None,27.34,None,31.33,None,17.00,None
1769448435.248673,34.33,None,45.66,None,5.00,None,27.34,None,35.00,None,None,None,22.66,None,17.33,None,51.67,None,27.34,None,31.33,None,17.00,None
1769448435.4845698,34.33,None,49.99,None,5.00,None,34.67,None,35.00,None,None,None,22.66,None,26.33,None,51.67,None,29.01,None,31.33,None,17.00,None
1769448435.485288,34.33,None,49.99,None,5.00,None,34.67,None,35.00,None,None,None,22.66,None,26.33,None,51.67,None,29.01,None,31.33,None,17.00,None
1769448435.682477,34.33,None,49.99,None,5.00,None,34.67,None,35.00,None,None,None,22.66,None,26.33,None,60.67,None,33.01,None,31.33,None,17.00,None
1769448435.6831663,34.33,None,49.99,None,5.00,None,34.67,None,35.00,None,None,None,22.66,None,26.33,None,60.67,None,33.01,None,31.33,None,17.00,None
1769448435.8344243,34.33,None,49.99,None,5.00,None,34.67,None,35.00,None,None,None,22.66,None,26.33,None,60.67,None,33.01,None,31.33,None,17.00,None
1769448435.835215,34.33,None,49.99,None,5.00,None,34.67,None,35.00,None,None,None,22.66,None,26.33,None,60.67,None,33.01,None,31.33,None,17.00,None
1769448435.9891875,34.33,None,49.99,None,5.00,None,34.67,None,35.00,None,None,None,22.66,None,26.33,None,60.67,None,33.01,None,31.33,None,17.00,None
1769448435.9898906,34.33,None,49.99,None,5.00,None,34.67,None,35.00,None,None,None,22.66,None,26.33,None,60.67,None,33.01,None,31.33,None,17.00,None
1769448453.040877,34.33,None,58.99,None,5.00,None,34.67,None,35.00,None,17.00,None,22.66,None,28.00,None,64.00,None,41.68,None,31.33,None,17.00,None
1769448453.0416844,34.33,None,58.99,None,5.00,None,34.67,None,35.00,None,17.00,None,22.66,None,28.00,None,64.00,None,41.68,None,31.33,None,17.00,None
1769448453.6437786,34.33,None,58.99,None,6.67,None,34.67,None,35.00,None,30.00,None,22.66,None,28.00,None,67.33,None,50.35,None,31.33,None,17.00,None
1769448453.644582,34.33,None,58.99,None,6.67,None,34.67,None,35.00,None,30.00,None,22.66,None,28.00,None,67.33,None,50.35,None,31.33,None,17.00,None
1769448453.8685672,36.00,None,67.66,None,6.67,None,34.67,None,35.00,None,30.00,None,22.66,None,28.00,None,71.33,None,50.35,None,31.33,None,17.00,None
1769448453.8693123,36.00,None,67.66,None,6.67,None,34.67,None,35.00,None,30.00,None,22.66,None,28.00,None,71.33,None,50.35,None,31.33,None,17.00,None
1769448454.0400105,36.00,None,67.66,None,6.67,None,34.67,None,35.00,None,30.00,None,22.66,None,28.00,None,71.33,None,50.35,None,31.33,None,17.00,None
1769448454.0408194,36.00,None,67.66,None,6.67,None,34.67,None,35.00,None,30.00,None,22.66,None,28.00,None,71.33,None,50.35,None,31.33,None,17.00,None
1769448454.2080836,36.00,None,67.66,None,6.67,None,34.67,None,35.00,None,30.00,None,22.66,None,28.00,None,71.33,None,50.35,None,31.33,None,17.00,None
1769448454.2088547,36.00,None,67.66,None,6.67,None,34.67,None,35.00,None,30.00,None,22.66,None,28.00,None,71.33,None,50.35,None,31.33,None,17.00,None
1769448454.4407423,36.00,None,67.66,None,6.67,None,34.67,None,35.00,None,30.00,None,22.66,None,28.00,None,71.33,None,50.35,None,31.33,None,17.00,None
1769448454.441519,36.00,None,67.66,None,6.67,None,34.67,None,35.00,None,30.00,None,22.66,None,28.00,None,71.33,None,50.35,None,31.33,None,17.00,None
1769448456.07774,27.67,None,51.33,None,6.67,None,34.67,None,31.00,None,21.33,None,22.33,None,29.66,None,54.33,None,31.01,None,27.00,None,22.67,None
1769448456.0786076,27.67,None,51.33,None,6.67,None,34.67,None,31.00,None,21.33,None,22.33,None,29.66,None,54.33,None,31.01,None,27.00,None,22.67,None
1769448456.2974622,27.67,None,51.33,None,8.34,None,34.67,None,31.00,None,28.66,None,22.33,None,29.66,None,54.33,None,31.01,None,31.33,None,22.67,None
1769448456.2982023,27.67,None,51.33,None,8.34,None,34.67,None,31.00,None,28.66,None,22.33,None,29.66,None,54.33,None,31.01,None,31.33,None,22.67,None
1769448456.5415463,31.67,None,51.33,None,17.01,None,34.67,None,31.00,None,28.66,None,22.33,None,29.66,None,54.33,None,31.01,None,31.33,None,31.67,None
1769448456.5423484,31.67,None,51.33,None,17.01,None,34.67,None,31.00,None,28.66,None,22.33,None,29.66,None,54.33,None,31.01,None,31.33,None,31.67,None
1769448456.7835028,31.67,None,55.33,None,20.34,None,34.67,None,31.00,None,28.66,None,26.66,None,29.66,None,54.33,None,40.01,None,31.33,None,31.67,None
1769448456.7842307,31.67,None,55.33,None,20.34,None,34.67,None,31.00,None,28.66,None,26.66,None,29.66,None,54.33,None,40.01,None,31.33,None,31.67,None
1769448457.0103984,31.67,None,55.33,None,20.34,None,45.34,None,35.00,None,28.66,None,26.66,None,29.66,None,54.33,None,40.01,None,31.33,None,31.67,None
1769448457.0111492,31.67,None,55.33,None,20.34,None,45.34,None,35.00,None,28.66,None,26.66,None,29.66,None,54.33,None,40.01,None,31.33,None,31.67,None
1769448457.2240329,31.67,None,55.33,None,20.34,None,54.01,None,35.00,None,31.99,None,26.66,None,29.66,None,54.33,None,40.01,None,31.33,None,31.67,None
1769448457.224975,31.67,None,55.33,None,20.34,None,54.01,None,35.00,None,31.99,None,26.66,None,29.66,None,54.33,None,40.01,None,31.33,None,31.67,None
1769448465.41996,27.67,None,64.33,None,6.67,None,34.67,None,31.00,None,21.33,None,22.33,None,29.66,None,54.33,None,31.01,None,27.00,None,22.67,None
1769448465.4208114,27.67,None,64.33,None,6.67,None,34.67,None,31.00,None,21.33,None,22.33,None,29.66,None,54.33,None,31.01,None,27.00,None,22.67,None
1769448465.6549664,27.67,None,64.33,None,11.00,None,34.67,None,35.00,None,26.33,None,22.33,None,29.66,None,54.33,None,39.68,None,27.00,None,22.67,None
1769448465.6580684,27.67,None,64.33,None,11.00,None,34.67,None,35.00,None,26.33,None,22.33,None,29.66,None,54.33,None,39.68,None,27.00,None,22.67,None
1769448465.8808787,31.67,None,64.33,None,11.00,None,34.67,None,35.00,None,29.66,None,26.66,None,29.66,None,54.33,None,39.68,None,27.00,None,22.67,None
1769448465.881571,31.67,None,64.33,None,11.00,None,34.67,None,35.00,None,29.66,None,26.66,None,29.66,None,54.33,None,39.68,None,27.00,None,22.67,None
1769448466.0793517,31.67,None,64.33,None,11.00,None,34.67,None,31.67,None,29.66,None,24.99,None,25.66,None,54.33,None,39.68,None,18.00,None,14.00,None
1769448466.0802913,31.67,None,64.33,None,11.00,None,34.67,None,31.67,None,29.66,None,24.99,None,25.66,None,54.33,None,39.68,None,18.00,None,14.00,None
1769448466.3154867,31.67,None,64.33,None,11.00,None,34.67,None,31.67,None,29.66,None,24.99,None,25.66,None,54.33,None,39.68,None,18.00,None,14.00,None
1769448466.3162293,31.67,None,64.33,None,11.00,None,34.67,None,31.67,None,29.66,None,24.99,None,25.66,None,54.33,None,39.68,None,18.00,None,14.00,None
1769448466.5611475,31.67,None,64.33,None,11.00,None,36.34,None,40.67,None,32.99,None,24.99,None,25.66,None,54.33,None,39.68,None,18.00,None,22.67,None
1769448466.5620642,31.67,None,64.33,None,11.00,None,36.34,None,40.67,None,32.99,None,24.99,None,25.66,None,54.33,None,39.68,None,18.00,None,22.67,None
1769448466.779335,31.67,None,64.33,None,19.67,None,40.67,None,40.67,None,40.32,None,24.99,None,25.66,None,54.33,None,39.68,None,18.00,None,31.67,None
1769448466.7800627,31.67,None,64.33,None,19.67,None,40.67,None,40.67,None,40.32,None,24.99,None,25.66,None,54.33,None,39.68,None,18.00,None,31.67,None
1769448473.420005,21.33,None,30.00,None,14.67,None,27.67,None,36.67,None,35.99,None,21.66,None,18.32,None,29.33,None,None,None,13.67,None,31.67,None
1769448473.4209259,21.33,None,30.00,None,14.67,None,27.67,None,36.67,None,35.99,None,21.66,None,18.32,None,29.33,None,None,None,13.67,None,31.67,None
1769448473.645785,21.33,None,30.00,None,14.67,None,27.67,None,36.67,None,39.32,None,21.66,None,18.32,None,33.33,None,None,None,13.67,None,31.67,None
1769448473.646442,21.33,None,30.00,None,14.67,None,27.67,None,36.67,None,39.32,None,21.66,None,18.32,None,33.33,None,None,None,13.67,None,31.67,None
1769448473.8578222,21.33,None,30.00,None,19.67,None,27.67,None,36.67,None,39.32,None,21.66,None,18.32,None,33.33,None,None,None,13.67,None,31.67,None
1769448473.8586032,21.33,None,30.00,None,19.67,None,27.67,None,36.67,None,39.32,None,21.66,None,18.32,None,33.33,None,None,None,13.67,None,31.67,None
1769448474.0726867,21.33,None,30.00,None,19.67,None,27.67,None,36.67,None,39.32,None,23.33,None,18.32,None,33.33,None,None,None,22.67,None,31.67,None
1769448474.0734756,21.33,None,30.00,None,19.67,None,27.67,None,36.67,None,39.32,None,23.33,None,18.32,None,33.33,None,None,None,22.67,None,31.67,None
1769448474.286833,21.33,None,34.33,None,19.67,None,27.67,None,40.67,None,48.32,None,23.33,None,18.32,None,42.00,None,None,None,22.67,None,31.67,None
1769448474.2876875,21.33,None,34.33,None,19.67,None,27.67,None,40.67,None,48.32,None,23.33,None,18.32,None,42.00,None,None,None,22.67,None,31.67,None
1769448474.460565,21.33,None,34.33,None,19.67,None,27.67,None,40.67,None,48.32,None,23.33,None,18.32,None,42.00,None,None,None,22.67,None,31.67,None
1769448474.4618187,21.33,None,34.33,None,19.67,None,27.67,None,40.67,None,48.32,None,23.33,None,18.32,None,42.00,None,None,None,22.67,None,31.67,None
1769448475.111801,21.33,None,43.33,None,24.00,None,31.67,None,40.67,None,48.32,None,23.33,None,18.32,None,42.00,None,None,None,22.67,None,31.67,None
1769448475.1125815,21.33,None,43.33,None,24.00,None,31.67,None,40.67,None,48.32,None,23.33,None,18.32,None,42.00,None,None,None,22.67,None,31.67,None
1769448475.3259916,12.33,None,34.66,None,19.00,None,22.67,None,30.33,None,40.99,None,14.67,None,6.66,None,None,None,None,None,17.67,None,31.67,None
1769448475.32664,12.33,None,34.66,None,19.00,None,22.67,None,30.33,None,40.99,None,14.67,None,6.66,None,None,None,None,None,17.67,None,31.67,None
1769448475.5544066,12.33,None,34.66,None,27.67,None,26.67,None,33.66,None,40.99,None,16.34,None,6.66,None,None,None,None,None,17.67,None,31.67,None
1769448475.5552335,12.33,None,34.66,None,27.67,None,26.67,None,33.66,None,40.99,None,16.34,None,6.66,None,None,None,None,None,17.67,None,31.67,None
1769448475.7651367,12.33,None,38.99,None,27.67,None,26.67,None,44.33,None,44.99,None,16.34,None,6.66,None,None,None,None,None,17.67,None,31.67,None
1769448475.7657971,12.33,None,38.99,None,27.67,None,26.67,None,44.33,None,44.99,None,16.34,None,6.66,None,None,None,None,None,17.67,None,31.67,None
1769448475.927113,12.33,None,38.99,None,27.67,None,26.67,None,44.33,None,44.99,None,16.34,None,6.66,None,None,None,None,None,17.67,None,31.67,None
1769448475.9277794,12.33,None,38.99,None,27.67,None,26.67,None,44.33,None,44.99,None,16.34,None,6.66,None,None,None,None,None,17.67,None,31.67,None
1769448476.1466286,12.33,None,38.99,None,31.00,None,35.67,None,44.33,None,44.99,None,20.67,None,6.66,None,None,None,None,None,17.67,None,31.67,None
1769448476.1473053,12.33,None,38.99,None,31.00,None,35.67,None,44.33,None,44.99,None,20.67,None,6.66,None,None,None,None,None,17.67,None,31.67,None
1769448476.323847,25.33,None,38.99,None,31.00,None,35.67,None,44.33,None,44.99,None,25.67,None,10.66,None,None,None,None,None,17.67,None,31.67,None
1769448476.3245184,25.33,None,38.99,None,31.00,None,35.67,None,44.33,None,44.99,None,25.67,None,10.66,None,None,None,None,None,17.67,None,31.67,None
1769448476.5210493,25.33,None,42.32,None,31.00,None,44.67,None,44.33,None,44.99,None,27.34,None,10.66,None,None,None,None,None,26.34,None,31.67,None
1769448476.521851,25.33,None,42.32,None,31.00,None,44.67,None,44.33,None,44.99,None,27.34,None,10.66,None,None,None,None,None,26.34,None,31.67,None
1769448476.7236168,25.33,None,42.32,None,31.00,None,49.00,None,44.33,None,53.99,None,27.34,None,23.33,None,None,None,None,None,26.34,None,31.67,None
1769448476.7244658,25.33,None,42.32,None,31.00,None,49.00,None,44.33,None,53.99,None,27.34,None,23.33,None,None,None,None,None,26.34,None,31.67,None
1769448481.977273,25.33,None,42.32,None,31.00,None,49.00,None,44.33,None,53.99,None,27.34,None,23.33,None,None,None,None,None,26.34,None,31.67,None
1769448481.9779823,25.33,None,42.32,None,31.00,None,49.00,None,44.33,None,53.99,None,27.34,None,23.33,None,None,None,None,None,26.34,None,31.67,None
1769448482.1460807,25.33,None,42.32,None,31.00,None,49.00,None,44.33,None,53.99,None,27.34,None,23.33,None,None,None,None,None,26.34,None,31.67,None
1769448482.146791,25.33,None,42.32,None,31.00,None,49.00,None,44.33,None,53.99,None,27.34,None,23.33,None,None,None,None,None,26.34,None,31.67,None
1769448482.3017795,25.33,None,42.32,None,31.00,None,49.00,None,44.33,None,53.99,None,27.34,None,23.33,None,None,None,None,None,26.34,None,31.67,None
1769448482.3024442,25.33,None,42.32,None,31.00,None,49.00,None,44.33,None,53.99,None,27.34,None,23.33,None,None,None,None,None,26.34,None,31.67,None
1769448482.910816,25.33,None,42.32,None,31.00,None,49.00,None,44.33,None,53.99,None,27.34,None,23.33,None,None,None,None,None,26.34,None,31.67,None
1769448482.9117463,25.33,None,42.32,None,31.00,None,49.00,None,44.33,None,53.99,None,27.34,None,23.33,None,None,None,None,None,26.34,None,31.67,None
1769448483.0307062,25.33,None,42.32,None,31.00,None,49.00,None,44.33,None,53.99,None,27.34,None,23.33,None,None,None,None,None,26.34,None,31.67,None
1769448483.0316355,25.33,None,42.32,None,31.00,None,49.00,None,44.33,None,53.99,None,27.34,None,23.33,None,None,None,None,None,26.34,None,31.67,None
1769448483.1589735,25.33,None,42.32,None,31.00,None,49.00,None,44.33,None,53.99,None,27.34,None,23.33,None,None,None,None,None,26.34,None,31.67,None
1769448483.1596534,25.33,None,42.32,None,31.00,None,49.00,None,44.33,None,53.99,None,27.34,None,23.33,None,None,None,None,None,26.34,None,31.67,None
1769448495.0270636,25.33,None,42.32,None,31.00,None,49.00,None,44.33,None,53.99,None,27.34,None,23.33,None,None,None,17.34,None,26.34,None,31.67,None
1769448495.027777,25.33,None,42.32,None,31.00,None,49.00,None,44.33,None,53.99,None,27.34,None,23.33,None,None,None,17.34,None,26.34,None,31.67,None
1769448495.1753414,25.33,None,42.32,None,31.00,None,49.00,None,44.33,None,53.99,None,27.34,None,23.33,None,None,None,17.34,None,26.34,None,31.67,None
1769448495.1760547,25.33,None,42.32,None,31.00,None,49.00,None,44.33,None,53.99,None,27.34,None,23.33,None,None,None,17.34,None,26.34,None,31.67,None
1769448495.3569806,25.33,None,42.32,None,31.00,None,49.00,None,44.33,None,53.99,None,27.34,None,23.33,None,None,None,17.34,None,26.34,None,31.67,None
1769448495.3576663,25.33,None,42.32,None,31.00,None,49.00,None,44.33,None,53.99,None,27.34,None,23.33,None,None,None,17.34,None,26.34,None,31.67,None
1769448495.5261674,25.33,None,42.32,None,31.00,None,49.00,None,44.33,None,53.99,None,27.34,None,23.33,None,None,None,17.34,None,26.34,None,31.67,None
1769448495.5268848,25.33,None,42.32,None,31.00,None,49.00,None,44.33,None,53.99,None,27.34,None,23.33,None,None,None,17.34,None,26.34,None,31.67,None
1769448495.695783,25.33,None,42.32,None,31.00,None,49.00,None,44.33,None,53.99,None,27.34,None,23.33,None,None,None,17.34,None,26.34,None,31.67,None
1769448495.69649,25.33,None,42.32,None,31.00,None,49.00,None,44.33,None,53.99,None,27.34,None,23.33,None,None,None,17.34,None,26.34,None,31.67,None
1769448495.8951797,25.33,None,42.32,None,31.00,None,53.33,None,44.33,None,62.66,None,27.34,None,32.33,None,None,None,21.34,None,26.34,None,31.67,None
1769448495.896076,25.33,None,42.32,None,31.00,None,53.33,None,44.33,None,62.66,None,27.34,None,32.33,None,None,None,21.34,None,26.34,None,31.67,None
1769448496.3827894,25.33,None,40.66,None,31.00,None,44.33,None,44.33,None,62.66,None,30.00,None,32.33,None,25.00,None,25.34,None,17.67,None,31.67,None
1769448496.3835294,25.33,None,40.66,None,31.00,None,44.33,None,44.33,None,62.66,None,30.00,None,32.33,None,25.00,None,25.34,None,17.67,None,31.67,None
1769448496.5883415,30.33,None,21.33,None,31.00,None,35.66,None,36.00,None,53.66,None,25.67,None,39.99,None,None,None,25.34,None,17.67,None,26.67,None
1769448496.589093,30.33,None,21.33,None,31.00,None,35.66,None,36.00,None,53.66,None,25.67,None,39.99,None,None,None,25.34,None,17.67,None,26.67,None
1769448496.796921,30.33,None,21.33,None,31.00,None,35.66,None,44.67,None,53.66,None,25.67,None,39.99,None,None,None,38.34,None,17.67,None,31.67,None
1769448496.797595,30.33,None,21.33,None,31.00,None,35.66,None,44.67,None,53.66,None,25.67,None,39.99,None,None,None,38.34,None,17.67,None,31.67,None
1769448497.0054843,34.33,None,21.33,None,31.00,None,39.99,None,44.67,None,53.66,None,25.67,None,39.99,None,None,None,38.34,None,26.67,None,31.67,None
1769448497.0061698,34.33,None,21.33,None,31.00,None,39.99,None,44.67,None,53.66,None,25.67,None,39.99,None,None,None,38.34,None,26.67,None,31.67,None
1769448497.649049,34.33,None,21.33,None,31.00,None,39.99,None,44.67,None,53.66,None,25.67,None,39.99,None,None,None,38.34,None,26.67,None,31.67,None
1769448497.6499815,34.33,None,21.33,None,31.00,None,39.99,None,44.67,None,53.66,None,25.67,None,39.99,None,None,None,38.34,None,26.67,None,31.67,None
1769448501.33275,21.33,None,21.33,None,22.33,None,35.99,None,41.34,None,53.66,None,19.00,None,35.99,None,None,None,38.34,None,26.67,None,31.67,None
1769448501.3336763,21.33,None,21.33,None,22.33,None,35.99,None,41.34,None,53.66,None,19.00,None,35.99,None,None,None,38.34,None,26.67,None,31.67,None
1769448501.5087914,21.33,None,21.33,None,22.33,None,35.99,None,41.34,None,53.66,None,19.00,None,35.99,None,None,None,38.34,None,26.67,None,31.67,None
1769448501.5094779,21.33,None,21.33,None,22.33,None,35.99,None,41.34,None,53.66,None,19.00,None,35.99,None,None,None,38.34,None,26.67,None,31.67,None
1769448506.4040923,25.67,None,17.33,None,23.33,None,30.99,None,50.34,None,56.99,None,13.00,None,35.99,None,None,None,38.34,None,9.00,None,31.67,None
1769448506.404903,25.67,None,17.33,None,23.33,None,30.99,None,50.34,None,56.99,None,13.00,None,35.99,None,None,None,38.34,None,9.00,None,31.67,None
1769448506.649805,25.67,None,17.33,None,23.33,None,30.99,None,50.34,None,56.99,None,13.00,None,39.99,None,None,None,38.34,None,9.00,None,31.67,None
1769448506.6504905,25.67,None,17.33,None,23.33,None,30.99,None,50.34,None,56.99,None,13.00,None,39.99,None,None,None,38.34,None,9.00,None,31.67,None
1769448506.8995802,25.67,None,26.33,None,23.33,None,30.99,None,54.34,None,56.99,None,13.00,None,48.66,None,None,None,41.67,None,13.33,None,31.67,None
1769448506.9002562,25.67,None,26.33,None,23.33,None,30.99,None,54.34,None,56.99,None,13.00,None,48.66,None,None,None,41.67,None,13.33,None,31.67,None
1769448508.704783,4.00,None,22.33,None,8.66,None,14.00,None,28.34,None,None,None,13.00,None,16.33,None,None,None,24.66,None,0.00,None,22.67,None
1769448508.7055428,4.00,None,22.33,None,8.66,None,14.00,None,28.34,None,None,None,13.00,None,16.33,None,None,None,24.66,None,0.00,None,22.67,None
1769448508.9096267,4.00,None,22.33,None,8.66,None,14.00,None,28.34,None,None,None,13.00,None,16.33,None,None,None,28.66,None,9.00,None,22.67,None
1769448508.9103081,4.00,None,22.33,None,8.66,None,14.00,None,28.34,None,None,None,13.00,None,16.33,None,None,None,28.66,None,9.00,None,22.67,None
1769448509.1389124,8.00,None,25.66,None,8.66,None,14.00,None,28.34,None,None,None,22.00,None,16.33,None,None,None,28.66,None,9.00,None,22.67,None
1769448509.139518,8.00,None,25.66,None,8.66,None,14.00,None,28.34,None,None,None,22.00,None,16.33,None,None,None,28.66,None,9.00,None,22.67,None
1769448509.364314,8.00,None,29.66,None,8.66,None,14.00,None,39.01,None,None,None,22.00,None,16.33,None,None,None,28.66,None,9.00,None,31.34,None
1769448509.3649695,8.00,None,29.66,None,8.66,None,14.00,None,39.01,None,None,None,22.00,None,16.33,None,None,None,28.66,None,9.00,None,31.34,None
1769448509.6144426,17.00,None,29.66,None,11.99,None,18.33,None,39.01,None,None,None,22.00,None,20.33,None,None,None,28.66,None,17.67,None,31.34,None
1769448509.6151035,17.00,None,29.66,None,11.99,None,18.33,None,39.01,None,None,None,22.00,None,20.33,None,None,None,28.66,None,17.67,None,31.34,None
1769448509.8337917,26.00,None,29.66,None,11.99,None,20.00,None,43.01,None,None,None,22.00,None,20.33,None,None,None,28.66,None,17.67,None,31.34,None
1769448509.834587,26.00,None,29.66,None,11.99,None,20.00,None,43.01,None,None,None,22.00,None,20.33,None,None,None,28.66,None,17.67,None,31.34,None
1769448510.0526636,26.00,None,38.66,None,11.99,None,20.00,None,47.01,None,None,None,22.00,None,20.33,None,None,None,28.66,None,22.67,None,31.34,None
1769448510.053277,26.00,None,38.66,None,11.99,None,20.00,None,47.01,None,None,None,22.00,None,20.33,None,None,None,28.66,None,22.67,None,31.34,None
1769448510.228501,26.00,None,42.66,None,13.66,None,20.00,None,47.01,None,None,None,22.00,None,23.66,None,None,None,28.66,None,22.67,None,31.34,None
1769448510.2291093,26.00,None,42.66,None,13.66,None,20.00,None,47.01,None,None,None,22.00,None,23.66,None,None,None,28.66,None,22.67,None,31.34,None
1769448510.9429488,26.00,None,42.66,None,13.66,None,32.67,None,56.01,None,None,None,22.00,None,23.66,None,None,None,28.66,None,22.67,None,31.34,None
1769448510.9438038,26.00,None,42.66,None,13.66,None,32.67,None,56.01,None,None,None,22.00,None,23.66,None,None,None,28.66,None,22.67,None,31.34,None
1769448511.105596,26.00,None,42.66,None,13.66,None,32.67,None,56.01,None,None,None,22.00,None,23.66,None,None,None,28.66,None,22.67,None,31.34,None
1769448511.1062694,26.00,None,42.66,None,13.66,None,32.67,None,56.01,None,None,None,22.00,None,23.66,None,None,None,28.66,None,22.67,None,31.34,None
1769448512.0809596,39.33,None,42.66,None,13.66,None,36.00,None,56.01,None,None,None,22.00,None,23.66,None,None,None,28.66,None,31.34,None,31.34,None
1769448512.0816963,39.33,None,42.66,None,13.66,None,36.00,None,56.01,None,None,None,22.00,None,23.66,None,None,None,28.66,None,31.34,None,31.34,None
1769448512.2436216,39.33,None,42.66,None,13.66,None,36.00,None,56.01,None,None,None,22.00,None,23.66,None,None,None,28.66,None,31.34,None,31.34,None
1769448512.2443078,39.33,None,42.66,None,13.66,None,36.00,None,56.01,None,None,None,22.00,None,23.66,None,None,None,28.66,None,31.34,None,31.34,None
1769448512.4036407,39.33,None,42.66,None,13.66,None,36.00,None,56.01,None,None,None,22.00,None,23.66,None,None,None,28.66,None,31.34,None,31.34,None
1769448512.4043028,39.33,None,42.66,None,13.66,None,36.00,None,56.01,None,None,None,22.00,None,23.66,None,None,None,28.66,None,31.34,None,31.34,None
1769448512.5522997,39.33,None,42.66,None,13.66,None,36.00,None,56.01,None,None,None,22.00,None,23.66,None,None,None,28.66,None,31.34,None,31.34,None
1769448512.552987,39.33,None,42.66,None,13.66,None,36.00,None,56.01,None,None,None,22.00,None,23.66,None,None,None,28.66,None,31.34,None,31.34,None
1769448512.7302139,39.33,None,42.66,None,13.66,None,36.00,None,56.01,None,None,None,22.00,None,23.66,None,None,None,28.66,None,31.34,None,31.34,None
1769448512.7334936,39.33,None,42.66,None,13.66,None,36.00,None,56.01,None,None,None,22.00,None,23.66,None,None,None,28.66,None,31.34,None,31.34,None
1769448512.9142413,39.33,None,42.66,None,13.66,None,36.00,None,56.01,None,None,None,22.00,None,23.66,None,None,None,28.66,None,31.34,None,31.34,None
1769448512.9149323,39.33,None,42.66,None,13.66,None,36.00,None,56.01,None,None,None,22.00,None,23.66,None,None,None,28.66,None,31.34,None,31.34,None
1769448516.3505635,35.33,None,39.33,None,13.66,None,36.00,None,45.34,None,None,None,22.00,None,23.66,None,None,None,28.66,None,31.34,None,22.67,None
1769448516.3512614,35.33,None,39.33,None,13.66,None,36.00,None,45.34,None,None,None,22.00,None,23.66,None,None,None,28.66,None,31.34,None,22.67,None
1769448516.5639179,39.33,None,39.33,None,13.66,None,39.33,None,45.34,None,None,None,22.00,None,32.66,None,None,None,37.33,None,31.34,None,24.34,None
1769448516.5646002,39.33,None,39.33,None,13.66,None,39.33,None,45.34,None,None,None,22.00,None,32.66,None,None,None,37.33,None,31.34,None,24.34,None
1769448521.3841152,39.33,None,26.00,None,13.66,None,39.33,None,30.67,None,None,None,22.00,None,32.66,None,0.00,None,24.33,None,31.34,None,19.34,None
1769448521.3847814,39.33,None,26.00,None,13.66,None,39.33,None,30.67,None,None,None,22.00,None,32.66,None,0.00,None,24.33,None,31.34,None,19.34,None
1769448531.904292,35.33,None,4.00,None,14.00,None,22.00,None,13.00,None,8.33,None,4.33,None,11.33,None,12.67,None,None,None,26.34,None,0.00,None
1769448531.9049852,35.33,None,4.00,None,14.00,None,22.00,None,13.00,None,8.33,None,4.33,None,11.33,None,12.67,None,None,None,26.34,None,0.00,None
1769448532.1454256,35.33,None,4.00,None,14.00,None,22.00,None,17.00,None,18.67,None,4.33,None,20.33,None,12.67,None,None,None,26.34,None,4.33,None
1769448532.1459846,35.33,None,4.00,None,14.00,None,22.00,None,17.00,None,18.67,None,4.33,None,20.33,None,12.67,None,None,None,26.34,None,4.33,None
1769448532.3700094,35.33,None,4.00,None,14.00,None,23.67,None,17.00,None,27.34,None,4.33,None,20.33,None,25.67,None,None,None,26.34,None,4.33,None
1769448532.3705726,35.33,None,4.00,None,14.00,None,23.67,None,17.00,None,27.34,None,4.33,None,20.33,None,25.67,None,None,None,26.34,None,4.33,None
1769448535.6796722,39.33,None,8.33,None,14.00,None,32.67,None,17.00,None,27.34,None,4.33,None,20.33,None,25.67,None,None,None,26.34,None,4.33,None
1769448535.6804433,39.33,None,8.33,None,14.00,None,32.67,None,17.00,None,27.34,None,4.33,None,20.33,None,25.67,None,None,None,26.34,None,4.33,None
1769448535.89575,48.00,None,8.33,None,14.00,None,36.67,None,17.00,None,29.01,None,13.33,None,24.66,None,25.67,None,None,None,26.34,None,4.33,None
1769448535.8963969,48.00,None,8.33,None,14.00,None,36.67,None,17.00,None,29.01,None,13.33,None,24.66,None,25.67,None,None,None,26.34,None,4.33,None
1769448536.126095,48.00,None,8.33,None,14.00,None,36.67,None,21.33,None,41.68,None,13.33,None,33.66,None,25.67,None,None,None,26.34,None,6.00,None
1769448536.1267202,48.00,None,8.33,None,14.00,None,36.67,None,21.33,None,41.68,None,13.33,None,33.66,None,25.67,None,None,None,26.34,None,6.00,None
1769448536.3705451,48.00,None,8.33,None,23.00,None,36.67,None,21.33,None,41.68,None,13.33,None,33.66,None,25.67,None,None,None,26.34,None,6.00,None
1769448536.3711908,48.00,None,8.33,None,23.00,None,36.67,None,21.33,None,41.68,None,13.33,None,33.66,None,25.67,None,None,None,26.34,None,6.00,None
1769448536.6107142,48.00,None,12.33,None,23.00,None,36.67,None,21.33,None,41.68,None,13.33,None,33.66,None,27.34,None,None,None,26.34,None,6.00,None
1769448536.611386,48.00,None,12.33,None,23.00,None,36.67,None,21.33,None,41.68,None,13.33,None,33.66,None,27.34,None,None,None,26.34,None,6.00,None
1769448536.8435602,57.00,None,12.33,None,23.00,None,40.00,None,21.33,None,41.68,None,13.33,None,33.66,None,27.34,None,None,None,26.34,None,10.33,None
1769448536.844421,57.00,None,12.33,None,23.00,None,40.00,None,21.33,None,41.68,None,13.33,None,33.66,None,27.34,None,None,None,26.34,None,10.33,None
1769448563.1255877,57.00,None,16.66,None,23.00,None,40.00,None,21.33,None,41.68,None,13.33,None,35.33,None,27.34,None,13.00,None,26.34,None,10.33,None
1769448563.126286,57.00,None,16.66,None,23.00,None,40.00,None,21.33,None,41.68,None,13.33,None,35.33,None,27.34,None,13.00,None,26.34,None,10.33,None
1769448563.372326,57.00,None,16.66,None,32.00,None,40.00,None,21.33,None,41.68,None,13.33,None,35.33,None,27.34,None,13.00,None,26.34,None,14.66,None
1769448563.373285,57.00,None,16.66,None,32.00,None,40.00,None,21.33,None,41.68,None,13.33,None,35.33,None,27.34,None,13.00,None,26.34,None,14.66,None
1769448563.5993862,57.00,None,18.33,None,32.00,None,40.00,None,30.00,None,45.68,None,16.66,None,35.33,None,27.34,None,13.00,None,26.34,None,23.66,None
1769448563.6001172,57.00,None,18.33,None,32.00,None,40.00,None,30.00,None,45.68,None,16.66,None,35.33,None,27.34,None,13.00,None,26.34,None,23.66,None
1769448563.8453622,57.00,None,18.33,None,32.00,None,40.00,None,30.00,None,54.68,None,16.66,None,35.33,None,27.34,None,13.00,None,26.34,None,23.66,None
1769448563.8460982,57.00,None,18.33,None,32.00,None,40.00,None,30.00,None,54.68,None,16.66,None,35.33,None,27.34,None,13.00,None,26.34,None,23.66,None
1769448564.0922105,57.00,None,18.33,None,32.00,None,40.00,None,34.33,None,54.68,None,16.66,None,38.66,None,38.01,None,17.00,None,26.34,None,23.66,None
1769448564.0931346,57.00,None,18.33,None,32.00,None,40.00,None,34.33,None,54.68,None,16.66,None,38.66,None,38.01,None,17.00,None,26.34,None,23.66,None
1769448564.3223727,57.00,None,18.33,None,32.00,None,40.00,None,43.33,None,54.68,None,16.66,None,38.66,None,38.01,None,17.00,None,26.34,None,23.66,None
1769448564.3231173,57.00,None,18.33,None,32.00,None,40.00,None,43.33,None,54.68,None,16.66,None,38.66,None,38.01,None,17.00,None,26.34,None,23.66,None
1769448569.207262,35.33,None,16.66,None,14.00,None,44.00,None,13.00,None,None,None,0.00,None,9.00,None,1.67,None,17.33,None,26.34,None,4.33,None
1769448569.2078958,35.33,None,16.66,None,14.00,None,44.00,None,13.00,None,None,None,0.00,None,9.00,None,1.67,None,17.33,None,26.34,None,4.33,None
1769448569.4518678,35.33,None,16.66,None,14.00,None,44.00,None,13.00,None,None,None,4.33,None,9.00,None,3.34,None,17.33,None,26.34,None,13.00,None
1769448569.452669,35.33,None,16.66,None,14.00,None,44.00,None,13.00,None,None,None,4.33,None,9.00,None,3.34,None,17.33,None,26.34,None,13.00,None
1769448569.6856103,35.33,None,16.66,None,14.00,None,44.00,None,17.00,None,None,None,4.33,None,9.00,None,13.68,None,17.33,None,26.34,None,13.00,None
1769448569.686271,35.33,None,16.66,None,14.00,None,44.00,None,17.00,None,None,None,4.33,None,9.00,None,13.68,None,17.33,None,26.34,None,13.00,None
1769448569.9117937,35.33,None,16.66,None,14.00,None,48.00,None,17.00,None,None,None,4.33,None,9.00,None,13.68,None,28.00,None,26.34,None,13.00,None
1769448569.9124563,35.33,None,16.66,None,14.00,None,48.00,None,17.00,None,None,None,4.33,None,9.00,None,13.68,None,28.00,None,26.34,None,13.00,None
1769448570.7453334,35.33,None,19.99,None,14.00,None,48.00,None,17.00,None,None,None,15.00,None,9.00,None,17.68,None,28.00,None,26.34,None,13.00,None
1769448570.746168,35.33,None,19.99,None,14.00,None,48.00,None,17.00,None,None,None,15.00,None,9.00,None,17.68,None,28.00,None,26.34,None,13.00,None
1769448570.9815323,48.33,None,28.66,None,18.33,None,48.00,None,17.00,None,None,None,15.00,None,9.00,None,19.35,None,28.00,None,26.34,None,13.00,None
1769448570.982199,48.33,None,28.66,None,18.33,None,48.00,None,17.00,None,None,None,15.00,None,9.00,None,19.35,None,28.00,None,26.34,None,13.00,None
1769448571.207719,48.33,None,28.66,None,18.33,None,48.00,None,17.00,None,None,None,15.00,None,13.00,None,32.35,None,28.00,None,26.34,None,13.00,None
1769448571.2084296,48.33,None,28.66,None,18.33,None,48.00,None,17.00,None,None,None,15.00,None,13.00,None,32.35,None,28.00,None,26.34,None,13.00,None
1769448571.4248466,48.33,None,37.66,None,18.33,None,48.00,None,17.00,None,None,None,15.00,None,21.67,None,39.68,None,28.00,None,26.34,None,13.00,None
1769448571.4255729,48.33,None,37.66,None,18.33,None,48.00,None,17.00,None,None,None,15.00,None,21.67,None,39.68,None,28.00,None,26.34,None,13.00,None
1769448571.5983279,48.33,None,37.66,None,18.33,None,48.00,None,17.00,None,None,None,15.00,None,21.67,None,39.68,None,28.00,None,26.34,None,13.00,None
1769448571.599045,48.33,None,37.66,None,18.33,None,48.00,None,17.00,None,None,None,15.00,None,21.67,None,39.68,None,28.00,None,26.34,None,13.00,None
1769448571.8211668,57.33,None,37.66,None,18.33,None,51.33,None,17.00,None,None,None,15.00,None,34.67,None,39.68,None,32.00,None,26.34,None,14.67,None
1769448571.8220856,57.33,None,37.66,None,18.33,None,51.33,None,17.00,None,None,None,15.00,None,34.67,None,39.68,None,32.00,None,26.34,None,14.67,None
1769448572.0881863,48.33,None,37.66,None,27.33,None,48.00,None,17.00,None,None,None,15.00,None,26.00,None,39.68,None,35.33,None,26.34,None,13.00,None
1769448572.088938,48.33,None,37.66,None,27.33,None,48.00,None,17.00,None,None,None,15.00,None,26.00,None,39.68,None,35.33,None,26.34,None,13.00,None
1769448577.093583,39.33,None,37.66,None,27.33,None,35.00,None,21.00,None,None,None,24.00,None,22.00,None,39.68,None,31.33,None,8.67,None,13.00,None
1769448577.0942512,39.33,None,37.66,None,27.33,None,35.00,None,21.00,None,None,None,24.00,None,22.00,None,39.68,None,31.33,None,8.67,None,13.00,None
1769448577.3125281,39.33,None,37.66,None,27.33,None,35.00,None,30.00,None,None,None,24.00,None,22.00,None,43.68,None,34.66,None,10.34,None,21.67,None
1769448577.313203,39.33,None,37.66,None,27.33,None,35.00,None,30.00,None,None,None,24.00,None,22.00,None,43.68,None,34.66,None,10.34,None,21.67,None
1769448581.1768827,30.33,None,37.66,None,27.33,None,33.33,None,30.00,None,None,None,24.00,None,32.67,None,52.35,None,34.66,None,10.34,None,21.67,None
1769448581.1775916,30.33,None,37.66,None,27.33,None,33.33,None,30.00,None,None,None,24.00,None,32.67,None,52.35,None,34.66,None,10.34,None,21.67,None
1769448581.4072685,30.33,None,37.66,None,27.33,None,33.33,None,30.00,None,None,None,24.00,None,45.67,None,62.69,None,34.66,None,10.34,None,21.67,None
1769448581.408011,30.33,None,37.66,None,27.33,None,33.33,None,30.00,None,None,None,24.00,None,45.67,None,62.69,None,34.66,None,10.34,None,21.67,None
1769448581.6605046,30.33,None,37.66,None,27.33,None,33.33,None,30.00,None,None,None,24.00,None,45.67,None,62.69,None,38.66,None,19.01,None,30.67,None
1769448581.6614907,30.33,None,37.66,None,27.33,None,33.33,None,30.00,None,None,None,24.00,None,45.67,None,62.69,None,38.66,None,19.01,None,30.67,None
1769448581.8645191,30.33,None,37.66,None,27.33,None,33.33,None,30.00,None,None,None,24.00,None,45.67,None,62.69,None,38.66,None,19.01,None,30.67,None
1769448581.8652413,30.33,None,37.66,None,27.33,None,33.33,None,30.00,None,None,None,24.00,None,45.67,None,62.69,None,38.66,None,19.01,None,30.67,None
1769448582.0821755,30.33,None,37.66,None,27.33,None,33.33,None,30.00,None,None,None,24.00,None,54.34,None,66.02,None,38.66,None,19.01,None,30.67,None
1769448582.0829868,30.33,None,37.66,None,27.33,None,33.33,None,30.00,None,None,None,24.00,None,54.34,None,66.02,None,38.66,None,19.01,None,30.67,None
1769448582.3183208,30.33,None,37.66,None,29.00,None,33.33,None,30.00,None,None,None,24.00,None,54.34,None,66.02,None,36.66,None,19.01,None,30.67,None
1769448582.3190765,30.33,None,37.66,None,29.00,None,33.33,None,30.00,None,None,None,24.00,None,54.34,None,66.02,None,36.66,None,19.01,None,30.67,None
1769448583.1657178,30.33,None,37.66,None,29.00,None,33.33,None,30.00,None,None,None,24.00,None,54.34,None,66.02,None,36.66,None,19.01,None,30.67,None
1769448583.166611,30.33,None,37.66,None,29.00,None,33.33,None,30.00,None,None,None,24.00,None,54.34,None,66.02,None,36.66,None,19.01,None,30.67,None
1769448584.0997167,30.33,None,33.33,None,18.33,None,16.33,None,21.00,None,None,None,28.33,None,44.34,None,49.02,None,None,None,8.67,None,13.00,None
1769448584.1003463,30.33,None,33.33,None,18.33,None,16.33,None,21.00,None,None,None,28.33,None,44.34,None,49.02,None,None,None,8.67,None,13.00,None
1769448584.2783856,30.33,None,33.33,None,18.33,None,16.33,None,21.00,None,None,None,28.33,None,44.34,None,49.02,None,None,None,8.67,None,13.00,None
1769448584.2790284,30.33,None,33.33,None,18.33,None,16.33,None,21.00,None,None,None,28.33,None,44.34,None,49.02,None,None,None,8.67,None,13.00,None
1769448584.4857037,30.33,None,42.33,None,18.33,None,16.33,None,25.33,None,None,None,28.33,None,47.67,None,57.69,None,None,None,8.67,None,13.00,None
1769448584.486586,30.33,None,42.33,None,18.33,None,16.33,None,25.33,None,None,None,28.33,None,47.67,None,57.69,None,None,None,8.67,None,13.00,None
1769448584.7230644,34.66,None,42.33,None,27.00,None,16.33,None,34.33,None,None,None,28.33,None,51.67,None,57.69,None,None,None,10.34,None,13.00,None
1769448584.7237015,34.66,None,42.33,None,27.00,None,16.33,None,34.33,None,None,None,28.33,None,51.67,None,57.69,None,None,None,10.34,None,13.00,None
1769448584.9491508,47.66,None,42.33,None,27.00,None,16.33,None,43.33,None,None,None,28.33,None,51.67,None,57.69,None,None,None,10.34,None,13.00,None
1769448584.9498262,47.66,None,42.33,None,27.00,None,16.33,None,43.33,None,None,None,28.33,None,51.67,None,57.69,None,None,None,10.34,None,13.00,None
1769448585.157696,47.66,None,42.33,None,30.33,None,16.33,None,43.33,None,None,None,28.33,None,51.67,None,57.69,None,None,None,19.34,None,17.33,None
1769448585.1584318,47.66,None,42.33,None,30.33,None,16.33,None,43.33,None,None,None,28.33,None,51.67,None,57.69,None,None,None,19.34,None,17.33,None
1769448585.3501394,47.66,None,42.33,None,30.33,None,16.33,None,43.33,None,None,None,28.33,None,51.67,None,57.69,None,None,None,19.34,None,17.33,None
1769448585.3508668,47.66,None,42.33,None,30.33,None,16.33,None,43.33,None,None,None,28.33,None,51.67,None,57.69,None,None,None,19.34,None,17.33,None
1769448585.5349052,47.66,None,42.33,None,30.33,None,16.33,None,43.33,None,None,None,28.33,None,51.67,None,57.69,None,None,None,19.34,None,17.33,None
1769448585.5358303,47.66,None,42.33,None,30.33,None,16.33,None,43.33,None,None,None,28.33,None,51.67,None,57.69,None,None,None,19.34,None,17.33,None
1769448592.3014758,34.33,None,42.33,None,30.33,None,26.00,None,43.33,None,7.66,None,28.33,None,60.34,None,57.69,None,None,None,10.67,None,17.33,None
1769448592.3022385,34.33,None,42.33,None,30.33,None,26.00,None,43.33,None,7.66,None,28.33,None,60.34,None,57.69,None,None,None,10.67,None,17.33,None
1769448602.1971834,17.00,None,38.33,None,13.33,None,22.00,None,12.33,None,11.66,None,19.33,None,53.01,None,62.69,None,None,None,0.00,None,13.00,None
1769448602.197848,17.00,None,38.33,None,13.33,None,22.00,None,12.33,None,11.66,None,19.33,None,53.01,None,62.69,None,None,None,0.00,None,13.00,None
1769448602.43334,17.00,None,38.33,None,13.33,None,25.33,None,12.33,None,11.66,None,19.33,None,57.01,None,62.69,None,None,None,8.67,None,22.00,None
1769448602.4340074,17.00,None,38.33,None,13.33,None,25.33,None,12.33,None,11.66,None,19.33,None,57.01,None,62.69,None,None,None,8.67,None,22.00,None
1769448602.6731894,17.00,None,38.33,None,26.66,None,25.33,None,12.33,None,11.66,None,19.33,None,57.01,None,62.69,None,None,None,8.67,None,22.00,None
1769448602.6738677,17.00,None,38.33,None,26.66,None,25.33,None,12.33,None,11.66,None,19.33,None,57.01,None,62.69,None,None,None,8.67,None,22.00,None
1769448602.9088151,25.67,None,42.33,None,26.66,None,25.33,None,21.33,None,11.66,None,19.33,None,57.01,None,67.02,None,None,None,8.67,None,22.00,None
1769448602.9095044,25.67,None,42.33,None,26.66,None,25.33,None,21.33,None,11.66,None,19.33,None,57.01,None,67.02,None,None,None,8.67,None,22.00,None
1769448603.843005,25.67,None,51.00,None,26.66,None,29.33,None,21.33,None,20.66,None,19.33,None,57.01,None,67.02,None,None,None,8.67,None,22.00,None
1769448603.8438787,25.67,None,51.00,None,26.66,None,29.33,None,21.33,None,20.66,None,19.33,None,57.01,None,67.02,None,None,None,8.67,None,22.00,None
1769448604.0950236,29.00,None,43.34,None,17.66,None,20.33,None,21.33,None,20.66,None,8.66,None,57.01,None,71.35,None,None,None,8.67,None,26.67,None
1769448604.0956757,29.00,None,43.34,None,17.66,None,20.33,None,21.33,None,20.66,None,8.66,None,57.01,None,71.35,None,None,None,8.67,None,26.67,None
1769448604.3140662,29.00,None,43.34,None,17.66,None,24.33,None,21.33,None,20.66,None,17.66,None,57.01,None,71.35,None,None,None,8.67,None,26.67,None
1769448604.314728,29.00,None,43.34,None,17.66,None,24.33,None,21.33,None,20.66,None,17.66,None,57.01,None,71.35,None,None,None,8.67,None,26.67,None
1769448604.5552495,29.00,None,43.34,None,17.66,None,24.33,None,21.33,None,25.66,None,17.66,None,57.01,None,84.35,None,None,None,8.67,None,26.67,None
1769448604.5559623,29.00,None,43.34,None,17.66,None,24.33,None,21.33,None,25.66,None,17.66,None,57.01,None,84.35,None,None,None,8.67,None,26.67,None
1769448604.7779753,29.00,None,45.01,None,26.66,None,27.66,None,25.66,None,25.66,None,17.66,None,57.01,None,84.35,None,None,None,8.67,None,26.67,None
1769448604.7786665,29.00,None,45.01,None,26.66,None,27.66,None,25.66,None,25.66,None,17.66,None,57.01,None,84.35,None,None,None,8.67,None,26.67,None
1769448626.227513,29.00,None,54.01,None,26.66,None,27.66,None,25.66,None,29.99,None,17.66,None,57.01,None,93.02,None,4.00,None,8.67,None,28.34,None
1769448626.2282705,29.00,None,54.01,None,26.66,None,27.66,None,25.66,None,29.99,None,17.66,None,57.01,None,93.02,None,4.00,None,8.67,None,28.34,None
1769448626.485534,29.00,None,54.01,None,26.66,None,27.66,None,25.66,None,29.99,None,17.66,None,57.01,None,93.02,None,4.00,None,8.67,None,28.34,None
1769448626.4863021,29.00,None,54.01,None,26.66,None,27.66,None,25.66,None,29.99,None,17.66,None,57.01,None,93.02,None,4.00,None,8.67,None,28.34,None
1769448626.7337718,29.00,None,54.01,None,28.33,None,36.33,None,25.66,None,33.99,None,21.99,None,57.01,None,93.02,None,4.00,None,17.67,None,28.34,None
1769448626.7344763,29.00,None,54.01,None,28.33,None,36.33,None,25.66,None,33.99,None,21.99,None,57.01,None,93.02,None,4.00,None,17.67,None,28.34,None
1769448626.9579036,29.00,None,54.01,None,28.33,None,36.33,None,25.66,None,33.99,None,21.99,None,57.01,None,93.02,None,4.00,None,17.67,None,28.34,None
1769448626.9586744,29.00,None,54.01,None,28.33,None,36.33,None,25.66,None,33.99,None,21.99,None,57.01,None,93.02,None,4.00,None,17.67,None,28.34,None
1769448627.2180955,29.00,None,54.01,None,28.33,None,36.33,None,25.66,None,33.99,None,21.99,None,57.01,None,93.02,None,4.00,None,17.67,None,28.34,None
1769448627.2189736,29.00,None,54.01,None,28.33,None,36.33,None,25.66,None,33.99,None,21.99,None,57.01,None,93.02,None,4.00,None,17.67,None,28.34,None
1769448627.4252582,29.00,None,54.01,None,28.33,None,36.33,None,25.66,None,33.99,None,21.99,None,57.01,None,93.02,None,4.00,None,17.67,None,28.34,None
1769448627.4259655,29.00,None,54.01,None,28.33,None,36.33,None,25.66,None,33.99,None,21.99,None,57.01,None,93.02,None,4.00,None,17.67,None,28.34,None
1769448629.1050386,29.00,None,54.01,None,28.33,None,36.33,None,25.66,None,28.99,None,21.99,None,57.01,None,80.02,None,4.00,None,17.67,None,28.34,None
1769448629.1058056,29.00,None,54.01,None,28.33,None,36.33,None,25.66,None,28.99,None,21.99,None,57.01,None,80.02,None,4.00,None,17.67,None,28.34,None
1769448637.9853315,25.67,None,50.01,None,23.66,None,None,None,21.33,None,25.33,None,12.99,None,39.00,None,65.69,None,0.00,None,9.00,None,10.34,None
1769448637.9860768,25.67,None,50.01,None,23.66,None,None,None,21.33,None,25.33,None,12.99,None,39.00,None,65.69,None,0.00,None,9.00,None,10.34,None
1769448638.2238894,25.67,None,59.01,None,23.66,None,None,None,21.33,None,25.33,None,12.99,None,47.67,None,65.69,None,1.67,None,9.00,None,10.34,None
1769448638.2245119,25.67,None,59.01,None,23.66,None,None,None,21.33,None,25.33,None,12.99,None,47.67,None,65.69,None,1.67,None,9.00,None,10.34,None
1769448638.4619665,25.67,None,59.01,None,23.66,None,None,None,21.33,None,25.33,None,12.99,None,47.67,None,65.69,None,9.00,None,9.00,None,10.34,None
1769448638.4626052,25.67,None,59.01,None,23.66,None,None,None,21.33,None,25.33,None,12.99,None,47.67,None,65.69,None,9.00,None,9.00,None,10.34,None
1769448639.430416,34.67,None,63.01,None,25.33,None,None,None,21.33,None,25.33,None,12.99,None,47.67,None,65.69,None,9.00,None,13.33,None,13.67,None
1769448639.431323,34.67,None,63.01,None,25.33,None,None,None,21.33,None,25.33,None,12.99,None,47.67,None,65.69,None,9.00,None,13.33,None,13.67,None
1769448639.6941912,34.67,None,63.01,None,25.33,None,None,None,21.33,None,25.33,None,12.99,None,51.67,None,67.36,None,9.00,None,13.33,None,22.67,None
1769448639.694877,34.67,None,63.01,None,25.33,None,None,None,21.33,None,25.33,None,12.99,None,51.67,None,67.36,None,9.00,None,13.33,None,22.67,None
1769448639.940469,34.67,None,67.34,None,25.33,None,None,None,24.66,None,25.33,None,21.66,None,51.67,None,71.36,None,9.00,None,13.33,None,22.67,None
1769448639.9412794,34.67,None,67.34,None,25.33,None,None,None,24.66,None,25.33,None,21.66,None,51.67,None,71.36,None,9.00,None,13.33,None,22.67,None
1769448640.1398523,34.67,None,67.34,None,25.33,None,None,None,24.66,None,25.33,None,21.66,None,51.67,None,71.36,None,9.00,None,13.33,None,22.67,None
1769448640.1405313,34.67,None,67.34,None,25.33,None,None,None,24.66,None,25.33,None,21.66,None,51.67,None,71.36,None,9.00,None,13.33,None,22.67,None
1769448640.353126,34.67,None,67.34,None,25.33,None,None,None,27.99,None,34.33,None,21.66,None,51.67,None,71.36,None,13.00,None,13.33,None,24.34,None
1769448640.3561306,34.67,None,67.34,None,25.33,None,None,None,27.99,None,34.33,None,21.66,None,51.67,None,71.36,None,13.00,None,13.33,None,24.34,None
1769448640.572498,34.67,None,67.34,None,25.33,None,None,None,27.99,None,34.33,None,21.66,None,51.67,None,71.36,None,13.00,None,13.33,None,24.34,None
1769448640.5734053,34.67,None,67.34,None,25.33,None,None,None,27.99,None,34.33,None,21.66,None,51.67,None,71.36,None,13.00,None,13.33,None,24.34,None
1769448640.7634103,34.67,None,67.34,None,25.33,None,None,None,27.99,None,34.33,None,21.66,None,51.67,None,71.36,None,13.00,None,13.33,None,24.34,None
1769448640.764128,34.67,None,67.34,None,25.33,None,None,None,27.99,None,34.33,None,21.66,None,51.67,None,71.36,None,13.00,None,13.33,None,24.34,None
1769448640.9957898,34.67,None,67.34,None,25.33,None,None,None,27.99,None,34.33,None,21.66,None,51.67,None,80.36,None,13.00,None,16.66,None,24.34,None
1769448640.9964755,34.67,None,67.34,None,25.33,None,None,None,27.99,None,34.33,None,21.66,None,51.67,None,80.36,None,13.00,None,16.66,None,24.34,None
1769448641.1668677,34.67,None,67.34,None,25.33,None,None,None,27.99,None,34.33,None,21.66,None,51.67,None,80.36,None,13.00,None,16.66,None,24.34,None
1769448641.1675732,34.67,None,67.34,None,25.33,None,None,None,27.99,None,34.33,None,21.66,None,51.67,None,80.36,None,13.00,None,16.66,None,24.34,None
1769448641.4048095,43.34,None,67.34,None,27.00,None,None,None,27.99,None,34.33,None,21.66,None,56.00,None,80.36,None,13.00,None,19.99,None,24.34,None
1769448641.4054966,43.34,None,67.34,None,27.00,None,None,None,27.99,None,34.33,None,21.66,None,56.00,None,80.36,None,13.00,None,19.99,None,24.34,None
1769448649.6930935,30.34,None,54.34,None,25.33,None,None,None,23.99,None,43.00,None,13.00,None,38.66,None,54.68,None,13.00,None,15.66,None,12.34,None
1769448649.6937382,30.34,None,54.34,None,25.33,None,None,None,23.99,None,43.00,None,13.00,None,38.66,None,54.68,None,13.00,None,15.66,None,12.34,None
1769448649.9307005,30.34,None,58.34,None,25.33,None,None,None,23.99,None,51.67,None,17.33,None,38.66,None,54.68,None,13.00,None,15.66,None,12.34,None
1769448649.9313495,30.34,None,58.34,None,25.33,None,None,None,23.99,None,51.67,None,17.33,None,38.66,None,54.68,None,13.00,None,15.66,None,12.34,None
1769448659.6794977,17.34,None,49.67,None,21.00,None,12.67,None,23.99,None,60.67,None,17.33,None,41.99,None,57.34,None,13.00,None,15.66,None,12.34,None
1769448659.6801944,17.34,None,49.67,None,21.00,None,12.67,None,23.99,None,60.67,None,17.33,None,41.99,None,57.34,None,13.00,None,15.66,None,12.34,None
1769448660.2499835,20.67,None,49.67,None,21.00,None,12.67,None,23.99,None,60.67,None,17.33,None,45.99,None,57.34,None,13.00,None,15.66,None,16.67,None
1769448660.2506876,20.67,None,49.67,None,21.00,None,12.67,None,23.99,None,60.67,None,17.33,None,45.99,None,57.34,None,13.00,None,15.66,None,16.67,None
1769448660.4886587,33.34,None,49.67,None,21.00,None,12.67,None,23.99,None,60.67,None,19.00,None,45.99,None,57.34,None,13.00,None,24.66,None,16.67,None
1769448660.4896293,33.34,None,49.67,None,21.00,None,12.67,None,23.99,None,60.67,None,19.00,None,45.99,None,57.34,None,13.00,None,24.66,None,16.67,None
1769448660.7438474,37.67,None,53.00,None,30.00,None,16.67,None,23.99,None,60.67,None,19.00,None,45.99,None,57.34,None,13.00,None,24.66,None,16.67,None
1769448660.7445686,37.67,None,53.00,None,30.00,None,16.67,None,23.99,None,60.67,None,19.00,None,45.99,None,57.34,None,13.00,None,24.66,None,16.67,None
1769448660.9627209,37.67,None,61.67,None,30.00,None,16.67,None,23.99,None,60.67,None,19.00,None,45.99,None,57.34,None,22.00,None,24.66,None,18.34,None
1769448660.96345,37.67,None,61.67,None,30.00,None,16.67,None,23.99,None,60.67,None,19.00,None,45.99,None,57.34,None,22.00,None,24.66,None,18.34,None
1769448662.0355582,37.67,None,61.67,None,30.00,None,16.67,None,27.99,None,69.67,None,19.00,None,45.99,None,57.34,None,22.00,None,24.66,None,27.01,None
1769448662.036479,37.67,None,61.67,None,30.00,None,16.67,None,27.99,None,69.67,None,19.00,None,45.99,None,57.34,None,22.00,None,24.66,None,27.01,None
1769448662.28401,41.00,None,61.67,None,30.00,None,16.67,None,29.66,None,78.67,None,19.00,None,45.99,None,57.34,None,30.67,None,24.66,None,27.01,None
1769448662.2847605,41.00,None,61.67,None,30.00,None,16.67,None,29.66,None,78.67,None,19.00,None,45.99,None,57.34,None,30.67,None,24.66,None,27.01,None
1769448664.7118757,41.00,None,57.34,None,30.00,None,16.67,None,22.33,None,82.00,None,10.33,None,35.32,None,48.67,None,25.01,None,24.66,None,27.01,None
1769448664.712629,41.00,None,57.34,None,30.00,None,16.67,None,22.33,None,82.00,None,10.33,None,35.32,None,48.67,None,25.01,None,24.66,None,27.01,None
1769448664.9710574,41.00,None,57.34,None,30.00,None,16.67,None,26.33,None,82.00,None,10.33,None,35.32,None,48.67,None,35.68,None,24.66,None,27.01,None
1769448664.9718344,41.00,None,57.34,None,30.00,None,16.67,None,26.33,None,82.00,None,10.33,None,35.32,None,48.67,None,35.68,None,24.66,None,27.01,None
1769448665.2152696,45.00,None,66.34,None,30.00,None,16.67,None,26.33,None,83.67,None,10.33,None,39.65,None,48.67,None,44.35,None,24.66,None,27.01,None
1769448665.216233,45.00,None,66.34,None,30.00,None,16.67,None,26.33,None,83.67,None,10.33,None,39.65,None,48.67,None,44.35,None,24.66,None,27.01,None
1769448683.321292,41.00,None,46.67,None,30.00,None,16.67,None,23.67,None,69.00,None,10.33,None,25.33,None,31.67,None,39.68,None,24.66,None,27.01,None
1769448683.322047,41.00,None,46.67,None,30.00,None,16.67,None,23.67,None,69.00,None,10.33,None,25.33,None,31.67,None,39.68,None,24.66,None,27.01,None
1769448683.5876467,41.00,None,51.00,None,30.00,None,20.67,None,23.67,None,78.00,None,10.33,None,25.33,None,35.00,None,48.35,None,24.66,None,27.01,None
1769448683.5884204,41.00,None,51.00,None,30.00,None,20.67,None,23.67,None,78.00,None,10.33,None,25.33,None,35.00,None,48.35,None,24.66,None,27.01,None
1769448683.8260684,41.00,None,51.00,None,30.00,None,20.67,None,23.67,None,78.00,None,10.33,None,34.00,None,44.00,None,48.35,None,24.66,None,27.01,None
1769448683.8268266,41.00,None,51.00,None,30.00,None,20.67,None,23.67,None,78.00,None,10.33,None,34.00,None,44.00,None,48.35,None,24.66,None,27.01,None
1769448684.0733774,51.34,None,60.00,None,30.00,None,20.67,None,23.67,None,78.00,None,10.33,None,34.00,None,48.00,None,48.35,None,24.66,None,27.01,None
1769448684.074356,51.34,None,60.00,None,30.00,None,20.67,None,23.67,None,78.00,None,10.33,None,34.00,None,48.00,None,48.35,None,24.66,None,27.01,None
1769448684.3081927,51.34,None,60.00,None,30.00,None,20.67,None,32.67,None,78.00,None,12.00,None,37.33,None,48.00,None,48.35,None,24.66,None,27.01,None
1769448684.3089843,51.34,None,60.00,None,30.00,None,20.67,None,32.67,None,78.00,None,12.00,None,37.33,None,48.00,None,48.35,None,24.66,None,27.01,None
1769448684.533793,51.34,None,69.00,None,30.00,None,20.67,None,32.67,None,82.00,None,12.00,None,37.33,None,48.00,None,48.35,None,24.66,None,27.01,None
1769448684.534572,51.34,None,69.00,None,30.00,None,20.67,None,32.67,None,82.00,None,12.00,None,37.33,None,48.00,None,48.35,None,24.66,None,27.01,None
1769448684.806683,55.34,None,60.00,None,16.67,None,24.00,None,32.67,None,73.67,None,12.00,None,37.33,None,39.33,None,50.02,None,24.66,None,25.34,None
1769448684.8075266,55.34,None,60.00,None,16.67,None,24.00,None,32.67,None,73.67,None,12.00,None,37.33,None,39.33,None,50.02,None,24.66,None,25.34,None
1769448685.0722501,55.34,None,60.00,None,16.67,None,24.00,None,32.67,None,73.67,None,12.00,None,37.33,None,39.33,None,50.02,None,24.66,None,25.34,None
1769448685.073084,55.34,None,60.00,None,16.67,None,24.00,None,32.67,None,73.67,None,12.00,None,37.33,None,39.33,None,50.02,None,24.66,None,25.34,None
1769448689.786519,55.34,None,60.00,None,16.67,None,24.00,None,32.67,None,65.00,None,12.00,None,29.00,None,33.66,None,50.02,None,24.66,None,27.01,None
1769448689.7873209,55.34,None,60.00,None,16.67,None,24.00,None,32.67,None,65.00,None,12.00,None,29.00,None,33.66,None,50.02,None,24.66,None,27.01,None
1769448690.022269,59.67,None,60.00,None,25.67,None,24.00,None,32.67,None,65.00,None,20.67,None,29.00,None,37.66,None,50.02,None,24.66,None,27.01,None
1769448690.023063,59.67,None,60.00,None,25.67,None,24.00,None,32.67,None,65.00,None,20.67,None,29.00,None,37.66,None,50.02,None,24.66,None,27.01,None
1769448710.591958,41.67,None,26.00,None,16.34,None,23.33,None,27.67,None,None,None,7.67,None,20.33,None,25.66,None,29.01,None,24.66,None,14.67,None
1769448710.5928566,41.67,None,26.00,None,16.34,None,23.33,None,27.67,None,None,None,7.67,None,20.33,None,25.66,None,29.01,None,24.66,None,14.67,None
1769448710.8236103,41.67,None,26.00,None,16.34,None,23.33,None,27.67,None,None,None,7.67,None,20.33,None,29.99,None,29.01,None,24.66,None,18.00,None
1769448710.824264,41.67,None,26.00,None,16.34,None,23.33,None,27.67,None,None,None,7.67,None,20.33,None,29.99,None,29.01,None,24.66,None,18.00,None
1769448711.071133,41.67,None,26.00,None,16.34,None,23.33,None,27.67,None,None,None,7.67,None,33.66,None,37.32,None,37.68,None,24.66,None,18.00,None
1769448711.0718656,41.67,None,26.00,None,16.34,None,23.33,None,27.67,None,None,None,7.67,None,33.66,None,37.32,None,37.68,None,24.66,None,18.00,None
1769448711.31618,41.67,None,26.00,None,16.34,None,23.33,None,27.67,None,None,None,11.00,None,42.66,None,37.32,None,37.68,None,24.66,None,18.00,None
1769448711.3168666,41.67,None,26.00,None,16.34,None,23.33,None,27.67,None,None,None,11.00,None,42.66,None,37.32,None,37.68,None,24.66,None,18.00,None
1769448711.5641856,41.67,None,29.33,None,16.34,None,23.33,None,27.67,None,None,None,11.00,None,44.33,None,45.99,None,51.01,None,24.66,None,18.00,None
1769448711.5648978,41.67,None,29.33,None,16.34,None,23.33,None,27.67,None,None,None,11.00,None,44.33,None,45.99,None,51.01,None,24.66,None,18.00,None
1769448711.7906945,41.67,None,33.33,None,16.34,None,23.33,None,27.67,None,None,None,20.00,None,44.33,None,45.99,None,51.01,None,24.66,None,19.67,None
1769448711.7916884,41.67,None,33.33,None,16.34,None,23.33,None,27.67,None,None,None,20.00,None,44.33,None,45.99,None,51.01,None,24.66,None,19.67,None
1769448712.0656095,41.67,None,33.33,None,25.34,None,23.33,None,27.67,None,None,None,24.33,None,44.33,None,45.99,None,51.01,None,24.66,None,19.67,None
1769448712.0663218,41.67,None,33.33,None,25.34,None,23.33,None,27.67,None,None,None,24.33,None,44.33,None,45.99,None,51.01,None,24.66,None,19.67,None
1769448712.3238142,41.67,None,42.33,None,25.34,None,23.33,None,36.34,None,None,None,24.33,None,48.33,None,45.99,None,51.01,None,24.66,None,24.00,None
1769448712.324554,41.67,None,42.33,None,25.34,None,23.33,None,36.34,None,None,None,24.33,None,48.33,None,45.99,None,51.01,None,24.66,None,24.00,None
1769448712.5745616,41.67,None,42.33,None,25.34,None,23.33,None,38.01,None,None,None,27.66,None,57.33,None,45.99,None,55.01,None,24.66,None,24.00,None
1769448712.575285,41.67,None,42.33,None,25.34,None,23.33,None,38.01,None,None,None,27.66,None,57.33,None,45.99,None,55.01,None,24.66,None,24.00,None
1769448712.8556473,41.67,None,42.33,None,25.34,None,23.33,None,38.01,None,None,None,27.66,None,57.33,None,45.99,None,55.01,None,24.66,None,24.00,None
1769448712.8566525,41.67,None,42.33,None,25.34,None,23.33,None,38.01,None,None,None,27.66,None,57.33,None,45.99,None,55.01,None,24.66,None,24.00,None
1769448713.1003103,41.67,None,42.33,None,25.34,None,23.33,None,38.01,None,None,None,27.66,None,57.33,None,45.99,None,55.01,None,24.66,None,24.00,None
1769448713.1010907,41.67,None,42.33,None,25.34,None,23.33,None,38.01,None,None,None,27.66,None,57.33,None,45.99,None,55.01,None,24.66,None,24.00,None
1769448713.3179686,41.67,None,42.33,None,25.34,None,23.33,None,38.01,None,None,None,27.66,None,57.33,None,45.99,None,55.01,None,24.66,None,24.00,None
1769448713.3187578,41.67,None,42.33,None,25.34,None,23.33,None,38.01,None,None,None,27.66,None,57.33,None,45.99,None,55.01,None,24.66,None,24.00,None
1769448713.5375936,41.67,None,42.33,None,25.34,None,23.33,None,38.01,None,None,None,27.66,None,57.33,None,45.99,None,55.01,None,24.66,None,24.00,None
1769448713.5384274,41.67,None,42.33,None,25.34,None,23.33,None,38.01,None,None,None,27.66,None,57.33,None,45.99,None,55.01,None,24.66,None,24.00,None
1769448725.8348234,41.67,None,42.33,None,16.67,None,20.00,None,34.01,None,None,None,27.66,None,57.33,None,45.99,None,53.34,None,24.66,None,24.00,None
1769448725.8356571,41.67,None,42.33,None,16.67,None,20.00,None,34.01,None,None,None,27.66,None,57.33,None,45.99,None,53.34,None,24.66,None,24.00,None
1769448734.1638296,33.00,None,29.33,None,15.00,None,None,None,23.34,None,17.67,None,15.67,None,33.33,None,22.00,None,18.67,None,15.66,None,20.67,None
1769448734.1644864,33.00,None,29.33,None,15.00,None,None,None,23.34,None,17.67,None,15.67,None,33.33,None,22.00,None,18.67,None,15.66,None,20.67,None
1769448734.4093335,33.00,None,29.33,None,23.67,None,None,None,23.34,None,22.00,None,15.67,None,33.33,None,26.00,None,27.67,None,15.66,None,20.67,None
1769448734.410138,33.00,None,29.33,None,23.67,None,None,None,23.34,None,22.00,None,15.67,None,33.33,None,26.00,None,27.67,None,15.66,None,20.67,None
1769448734.6504464,33.00,None,29.33,None,23.67,None,None,None,23.34,None,26.00,None,15.67,None,33.33,None,34.67,None,36.67,None,15.66,None,20.67,None
1769448734.6510937,33.00,None,29.33,None,23.67,None,None,None,23.34,None,26.00,None,15.67,None,33.33,None,34.67,None,36.67,None,15.66,None,20.67,None
1769448734.8925626,33.00,None,29.33,None,23.67,None,None,None,23.34,None,26.00,None,15.67,None,33.33,None,34.67,None,36.67,None,15.66,None,20.67,None
1769448734.8932695,33.00,None,29.33,None,23.67,None,None,None,23.34,None,26.00,None,15.67,None,33.33,None,34.67,None,36.67,None,15.66,None,20.67,None
1769448736.0219944,33.00,None,42.00,None,23.67,None,None,None,32.34,None,26.00,None,15.67,None,37.66,None,34.67,None,36.67,None,15.66,None,20.67,None
1769448736.0228758,33.00,None,42.00,None,23.67,None,None,None,32.34,None,26.00,None,15.67,None,37.66,None,34.67,None,36.67,None,15.66,None,20.67,None
1769448736.2857716,33.00,None,42.00,None,25.34,None,None,None,32.34,None,26.00,None,15.67,None,37.66,None,34.67,None,40.67,None,24.33,None,29.67,None
1769448736.2864473,33.00,None,42.00,None,25.34,None,None,None,32.34,None,26.00,None,15.67,None,37.66,None,34.67,None,40.67,None,24.33,None,29.67,None
1769448738.3494325,33.00,None,42.00,None,29.67,None,None,None,32.34,None,35.00,None,15.67,None,46.33,None,34.67,None,40.67,None,24.33,None,29.67,None
1769448738.350211,33.00,None,42.00,None,29.67,None,None,None,32.34,None,35.00,None,15.67,None,46.33,None,34.67,None,40.67,None,24.33,None,29.67,None
1769448738.6169772,33.00,None,42.00,None,29.67,None,None,None,36.34,None,43.67,None,15.67,None,48.00,None,34.67,None,49.67,None,24.33,None,29.67,None
1769448738.6177418,33.00,None,42.00,None,29.67,None,None,None,36.34,None,43.67,None,15.67,None,48.00,None,34.67,None,49.67,None,24.33,None,29.67,None
1769448738.864557,33.00,None,42.00,None,29.67,None,None,None,36.34,None,56.67,None,15.67,None,51.33,None,34.67,None,49.67,None,24.33,None,29.67,None
1769448738.8653226,33.00,None,42.00,None,29.67,None,None,None,36.34,None,56.67,None,15.67,None,51.33,None,34.67,None,49.67,None,24.33,None,29.67,None
1769448739.1056821,33.00,None,42.00,None,29.67,None,None,None,36.34,None,56.67,None,15.67,None,54.66,None,43.34,None,49.67,None,24.33,None,29.67,None
1769448739.106415,33.00,None,42.00,None,29.67,None,None,None,36.34,None,56.67,None,15.67,None,54.66,None,43.34,None,49.67,None,24.33,None,29.67,None
1769448739.3620024,42.00,None,42.00,None,29.67,None,None,None,36.34,None,65.34,None,15.67,None,56.33,None,47.34,None,49.67,None,24.33,None,29.67,None
1769448739.362738,42.00,None,42.00,None,29.67,None,None,None,36.34,None,65.34,None,15.67,None,56.33,None,47.34,None,49.67,None,24.33,None,29.67,None
1769448739.6001906,42.00,None,42.00,None,29.67,None,None,None,36.34,None,65.34,None,15.67,None,56.33,None,47.34,None,49.67,None,24.33,None,29.67,None
1769448739.6010025,42.00,None,42.00,None,29.67,None,None,None,36.34,None,65.34,None,15.67,None,56.33,None,47.34,None,49.67,None,24.33,None,29.67,None
1769448751.2351012,26.00,None,29.00,None,26.66,None,None,None,36.34,None,61.01,None,19.00,None,43.66,None,16.67,None,None,None,9.00,None,23.34,None
1769448751.2357976,26.00,None,29.00,None,26.66,None,None,None,36.34,None,61.01,None,19.00,None,43.66,None,16.67,None,None,None,9.00,None,23.34,None
1769448751.4781423,34.67,None,38.00,None,26.66,None,None,None,36.34,None,61.01,None,20.67,None,43.66,None,20.67,None,None,None,9.00,None,23.34,None
1769448751.4788535,34.67,None,38.00,None,26.66,None,None,None,36.34,None,61.01,None,20.67,None,43.66,None,20.67,None,None,None,9.00,None,23.34,None
1769448751.6916144,34.67,None,38.00,None,26.66,None,None,None,49.67,None,61.01,None,20.67,None,47.66,None,20.67,None,None,None,10.67,None,23.34,None
1769448751.6923034,34.67,None,38.00,None,26.66,None,None,None,49.67,None,61.01,None,20.67,None,47.66,None,20.67,None,None,None,10.67,None,23.34,None
1769448751.9540472,38.67,None,38.00,None,26.66,None,None,None,49.67,None,62.68,None,20.67,None,56.66,None,25.00,None,None,None,14.00,None,23.34,None
1769448751.95495,38.67,None,38.00,None,26.66,None,None,None,49.67,None,62.68,None,20.67,None,56.66,None,25.00,None,None,None,14.00,None,23.34,None
1769448752.1567984,42.00,None,47.00,None,26.66,None,None,None,49.67,None,66.68,None,20.67,None,56.66,None,25.00,None,None,None,14.00,None,23.34,None
1769448752.1575563,42.00,None,47.00,None,26.66,None,None,None,49.67,None,66.68,None,20.67,None,56.66,None,25.00,None,None,None,14.00,None,23.34,None
1769448752.360775,42.00,None,34.33,None,26.66,None,None,None,40.67,None,66.68,None,20.67,None,52.33,None,25.00,None,None,None,14.00,None,23.34,None
1769448752.361504,42.00,None,34.33,None,26.66,None,None,None,40.67,None,66.68,None,20.67,None,52.33,None,25.00,None,None,None,14.00,None,23.34,None
1769448752.5831194,42.00,None,38.33,None,26.66,None,None,None,44.00,None,66.68,None,20.67,None,52.33,None,25.00,None,None,None,23.00,None,27.67,None
1769448752.5839245,42.00,None,38.33,None,26.66,None,None,None,44.00,None,66.68,None,20.67,None,52.33,None,25.00,None,None,None,23.00,None,27.67,None
1769448752.734608,42.00,None,38.33,None,26.66,None,None,None,44.00,None,66.68,None,20.67,None,52.33,None,25.00,None,None,None,23.00,None,27.67,None
1769448752.7352962,42.00,None,38.33,None,26.66,None,None,None,44.00,None,66.68,None,20.67,None,52.33,None,25.00,None,None,None,23.00,None,27.67,None
1769448752.920044,42.00,None,38.33,None,26.66,None,None,None,44.00,None,66.68,None,20.67,None,52.33,None,25.00,None,None,None,23.00,None,27.67,None
1769448752.9207194,42.00,None,38.33,None,26.66,None,None,None,44.00,None,66.68,None,20.67,None,52.33,None,25.00,None,None,None,23.00,None,27.67,None
1769448757.4044948,25.00,None,29.33,None,17.66,None,4.00,None,40.00,None,56.01,None,19.00,None,39.00,None,25.67,None,None,None,19.67,None,10.33,None
1769448757.405156,25.00,None,29.33,None,17.66,None,4.00,None,40.00,None,56.01,None,19.00,None,39.00,None,25.67,None,None,None,19.67,None,10.33,None
1769448758.5823727,29.33,None,29.33,None,17.66,None,4.00,None,49.00,None,56.01,None,22.33,None,39.00,None,29.67,None,None,None,19.67,None,19.00,None
1769448758.5830877,29.33,None,29.33,None,17.66,None,4.00,None,49.00,None,56.01,None,22.33,None,39.00,None,29.67,None,None,None,19.67,None,19.00,None
1769448758.8439915,29.33,None,29.33,None,21.99,None,17.00,None,54.00,None,56.01,None,22.33,None,39.00,None,29.67,None,None,None,19.67,None,27.67,None
1769448758.844686,29.33,None,29.33,None,21.99,None,17.00,None,54.00,None,56.01,None,22.33,None,39.00,None,29.67,None,None,None,19.67,None,27.67,None
1769448759.0747402,29.33,None,38.00,None,21.99,None,17.00,None,54.00,None,56.01,None,22.33,None,48.00,None,29.67,None,None,None,24.00,None,29.34,None
1769448759.0755365,29.33,None,38.00,None,21.99,None,17.00,None,54.00,None,56.01,None,22.33,None,48.00,None,29.67,None,None,None,24.00,None,29.34,None
1769448759.337114,31.00,None,38.00,None,21.99,None,26.00,None,58.00,None,56.01,None,22.33,None,48.00,None,29.67,None,None,None,24.00,None,29.34,None
1769448759.3378522,31.00,None,38.00,None,21.99,None,26.00,None,58.00,None,56.01,None,22.33,None,48.00,None,29.67,None,None,None,24.00,None,29.34,None
1769448759.5274568,31.00,None,38.00,None,21.99,None,26.00,None,58.00,None,56.01,None,22.33,None,48.00,None,29.67,None,None,None,24.00,None,29.34,None
1769448759.5281801,31.00,None,38.00,None,21.99,None,26.00,None,58.00,None,56.01,None,22.33,None,48.00,None,29.67,None,None,None,24.00,None,29.34,None
1769448759.7861886,35.00,None,41.33,None,21.99,None,26.00,None,58.00,None,56.01,None,22.33,None,48.00,None,29.67,None,None,None,24.00,None,29.34,None
1769448759.7871559,35.00,None,41.33,None,21.99,None,26.00,None,58.00,None,56.01,None,22.33,None,48.00,None,29.67,None,None,None,24.00,None,29.34,None
1769448760.0330498,40.00,None,41.33,None,30.66,None,30.00,None,62.33,None,56.01,None,22.33,None,48.00,None,29.67,None,None,None,24.00,None,29.34,None
1769448760.033769,40.00,None,41.33,None,30.66,None,30.00,None,62.33,None,56.01,None,22.33,None,48.00,None,29.67,None,None,None,24.00,None,29.34,None
1769448760.2264297,40.00,None,41.33,None,30.66,None,30.00,None,62.33,None,56.01,None,22.33,None,48.00,None,29.67,None,None,None,24.00,None,29.34,None
1769448760.227154,40.00,None,41.33,None,30.66,None,30.00,None,62.33,None,56.01,None,22.33,None,48.00,None,29.67,None,None,None,24.00,None,29.34,None
1769448760.3873858,40.00,None,41.33,None,30.66,None,30.00,None,62.33,None,56.01,None,22.33,None,48.00,None,29.67,None,None,None,24.00,None,29.34,None
1769448760.3882596,40.00,None,41.33,None,30.66,None,30.00,None,62.33,None,56.01,None,22.33,None,48.00,None,29.67,None,None,None,24.00,None,29.34,None
1769448762.3256407,27.33,None,41.33,None,30.66,None,30.00,None,62.33,None,56.01,None,20.66,None,48.00,None,29.67,None,None,None,15.00,None,29.34,None
1769448762.3263874,27.33,None,41.33,None,30.66,None,30.00,None,62.33,None,56.01,None,20.66,None,48.00,None,29.67,None,None,None,15.00,None,29.34,None
1769448764.515991,10.00,None,34.67,None,21.66,None,30.00,None,35.66,None,29.67,None,15.66,None,32.34,None,None,None,None,None,19.33,None,16.34,None
1769448764.5168614,10.00,None,34.67,None,21.66,None,30.00,None,35.66,None,29.67,None,15.66,None,32.34,None,None,None,None,None,19.33,None,16.34,None
1769448764.7680972,14.00,None,34.67,None,21.66,None,30.00,None,35.66,None,29.67,None,15.66,None,32.34,None,None,None,None,None,19.33,None,16.34,None
1769448764.7687476,14.00,None,34.67,None,21.66,None,30.00,None,35.66,None,29.67,None,15.66,None,32.34,None,None,None,None,None,19.33,None,16.34,None
1769448765.004063,14.00,None,38.00,None,21.66,None,39.00,None,39.99,None,29.67,None,15.66,None,34.01,None,None,None,None,None,19.33,None,16.34,None
1769448765.0047374,14.00,None,38.00,None,21.66,None,39.00,None,39.99,None,29.67,None,15.66,None,34.01,None,None,None,None,None,19.33,None,16.34,None
1769448765.197577,14.00,None,38.00,None,21.66,None,39.00,None,39.99,None,29.67,None,15.66,None,34.01,None,None,None,None,None,19.33,None,16.34,None
1769448765.1983178,14.00,None,38.00,None,21.66,None,39.00,None,39.99,None,29.67,None,15.66,None,34.01,None,None,None,None,None,19.33,None,16.34,None
1769448765.4174476,17.33,None,38.00,None,30.66,None,39.00,None,39.99,None,29.67,None,15.66,None,38.01,None,None,None,None,None,19.33,None,16.34,None
1769448765.4181318,17.33,None,38.00,None,30.66,None,39.00,None,39.99,None,29.67,None,15.66,None,38.01,None,None,None,None,None,19.33,None,16.34,None
1769448765.6059942,17.33,None,38.00,None,30.66,None,39.00,None,39.99,None,29.67,None,15.66,None,38.01,None,None,None,None,None,19.33,None,16.34,None
1769448765.6069808,17.33,None,38.00,None,30.66,None,39.00,None,39.99,None,29.67,None,15.66,None,38.01,None,None,None,None,None,19.33,None,16.34,None
1769448765.8077438,17.33,None,38.00,None,30.66,None,39.00,None,39.99,None,29.67,None,15.66,None,38.01,None,None,None,None,None,19.33,None,16.34,None
1769448765.808436,17.33,None,38.00,None,30.66,None,39.00,None,39.99,None,29.67,None,15.66,None,38.01,None,None,None,None,None,19.33,None,16.34,None
1769448767.0496054,17.33,None,38.00,None,30.66,None,39.00,None,39.99,None,29.67,None,15.66,None,38.01,None,None,None,None,None,19.33,None,16.34,None
1769448767.0504653,17.33,None,38.00,None,30.66,None,39.00,None,39.99,None,29.67,None,15.66,None,38.01,None,None,None,None,None,19.33,None,16.34,None
1769448767.287327,21.33,None,38.00,None,30.66,None,39.00,None,39.99,None,29.67,None,23.32,None,47.01,None,None,None,None,None,19.33,None,16.34,None
1769448767.2880049,21.33,None,38.00,None,30.66,None,39.00,None,39.99,None,29.67,None,23.32,None,47.01,None,None,None,None,None,19.33,None,16.34,None
1769448767.4956808,21.33,None,34.00,None,30.66,None,39.00,None,39.99,None,29.67,None,14.32,None,47.01,None,None,None,None,None,19.33,None,14.67,None
1769448767.4963453,21.33,None,34.00,None,30.66,None,39.00,None,39.99,None,29.67,None,14.32,None,47.01,None,None,None,None,None,19.33,None,14.67,None
1769448770.8807657,18.00,None,3.33,None,21.66,None,39.00,None,21.66,None,None,None,14.32,None,23.01,None,None,None,None,None,9.00,None,8.67,None
1769448770.8813555,18.00,None,3.33,None,21.66,None,39.00,None,21.66,None,None,None,14.32,None,23.01,None,None,None,None,None,9.00,None,8.67,None
1769448771.1048646,18.00,None,6.66,None,21.66,None,39.00,None,21.66,None,None,None,15.99,None,27.01,None,None,None,None,None,9.00,None,13.00,None
1769448771.1054554,18.00,None,6.66,None,21.66,None,39.00,None,21.66,None,None,None,15.99,None,27.01,None,None,None,None,None,9.00,None,13.00,None
1769448771.2976692,18.00,None,6.66,None,21.66,None,39.00,None,21.66,None,None,None,15.99,None,27.01,None,None,None,None,None,9.00,None,13.00,None
1769448771.2982805,18.00,None,6.66,None,21.66,None,39.00,None,21.66,None,None,None,15.99,None,27.01,None,None,None,None,None,9.00,None,13.00,None
1769448771.5308254,18.00,None,10.66,None,21.66,None,39.00,None,21.66,None,None,None,24.99,None,35.68,None,None,None,None,None,9.00,None,14.67,None
1769448771.5314636,18.00,None,10.66,None,21.66,None,39.00,None,21.66,None,None,None,24.99,None,35.68,None,None,None,None,None,9.00,None,14.67,None
1769448771.7841825,18.00,None,14.66,None,21.66,None,39.00,None,30.66,None,None,None,24.99,None,35.68,None,None,None,None,None,9.00,None,14.67,None
1769448771.7848644,18.00,None,14.66,None,21.66,None,39.00,None,30.66,None,None,None,24.99,None,35.68,None,None,None,None,None,9.00,None,14.67,None
1769448772.5498784,18.00,None,9.00,None,21.66,None,39.00,None,30.66,None,None,None,14.32,None,27.01,None,None,None,18.00,None,9.00,None,8.67,None
1769448772.5504723,18.00,None,9.00,None,21.66,None,39.00,None,30.66,None,None,None,14.32,None,27.01,None,None,None,18.00,None,9.00,None,8.67,None
1769448772.7947373,26.67,None,9.00,None,21.66,None,39.00,None,39.66,None,None,None,17.65,None,27.01,None,None,None,22.00,None,9.00,None,8.67,None
1769448772.795542,26.67,None,9.00,None,21.66,None,39.00,None,39.66,None,None,None,17.65,None,27.01,None,None,None,22.00,None,9.00,None,8.67,None
1769448777.5397952,26.67,None,9.00,None,17.33,None,26.00,None,34.66,None,None,None,10.99,None,18.01,None,None,None,31.00,None,9.00,None,0.00,None
1769448777.5405736,26.67,None,9.00,None,17.33,None,26.00,None,34.66,None,None,None,10.99,None,18.01,None,None,None,31.00,None,9.00,None,0.00,None
1769448779.649863,26.67,None,9.00,None,17.33,None,26.00,None,34.66,None,None,None,10.99,None,18.01,None,None,None,35.00,None,18.00,None,0.00,None
1769448779.650722,26.67,None,9.00,None,17.33,None,26.00,None,34.66,None,None,None,10.99,None,18.01,None,None,None,35.00,None,18.00,None,0.00,None
1769448779.9189236,26.67,None,13.00,None,17.33,None,34.67,None,34.66,None,None,None,10.99,None,18.01,None,None,None,35.00,None,27.00,None,0.00,None
1769448779.9195642,26.67,None,13.00,None,17.33,None,34.67,None,34.66,None,None,None,10.99,None,18.01,None,None,None,35.00,None,27.00,None,0.00,None
1769448780.1525874,26.67,None,16.33,None,17.33,None,34.67,None,34.66,None,None,None,10.99,None,18.01,None,None,None,39.33,None,27.00,None,9.00,None
1769448780.153246,26.67,None,16.33,None,17.33,None,34.67,None,34.66,None,None,None,10.99,None,18.01,None,None,None,39.33,None,27.00,None,9.00,None
1769448780.40994,26.67,None,25.00,None,17.33,None,38.67,None,43.66,None,None,None,10.99,None,19.68,None,None,None,39.33,None,27.00,None,9.00,None
1769448780.4106116,26.67,None,25.00,None,17.33,None,38.67,None,43.66,None,None,None,10.99,None,19.68,None,None,None,39.33,None,27.00,None,9.00,None
1769448780.617598,26.67,None,25.00,None,17.33,None,38.67,None,43.66,None,None,None,10.99,None,19.68,None,None,None,39.33,None,27.00,None,9.00,None
1769448780.6182752,26.67,None,25.00,None,17.33,None,38.67,None,43.66,None,None,None,10.99,None,19.68,None,None,None,39.33,None,27.00,None,9.00,None
1769448780.8816445,26.67,None,25.00,None,21.66,None,38.67,None,43.66,None,None,None,10.99,None,23.68,None,None,None,48.00,None,27.00,None,9.00,None
1769448780.8824437,26.67,None,25.00,None,21.66,None,38.67,None,43.66,None,None,None,10.99,None,23.68,None,None,None,48.00,None,27.00,None,9.00,None
1769448782.5442944,23.34,None,25.00,None,17.33,None,38.67,None,43.66,None,None,None,19.66,None,22.01,None,None,None,48.00,None,18.00,None,18.00,None
1769448782.5449674,23.34,None,25.00,None,17.33,None,38.67,None,43.66,None,None,None,19.66,None,22.01,None,None,None,48.00,None,18.00,None,18.00,None
1769448796.6481538,23.34,None,25.00,None,17.33,None,38.67,None,43.66,None,8.67,None,19.66,None,23.68,None,0.00,None,48.00,None,18.00,None,18.00,None
1769448796.6488671,23.34,None,25.00,None,17.33,None,38.67,None,43.66,None,8.67,None,19.66,None,23.68,None,0.00,None,48.00,None,18.00,None,18.00,None
1769448798.1411872,23.34,None,25.00,None,17.33,None,38.67,None,43.66,None,8.67,None,19.66,None,23.68,None,0.00,None,60.67,None,18.00,None,18.00,None
1769448798.1420534,23.34,None,25.00,None,17.33,None,38.67,None,43.66,None,8.67,None,19.66,None,23.68,None,0.00,None,60.67,None,18.00,None,18.00,None
1769448798.3971694,23.34,None,25.00,None,17.33,None,38.67,None,43.66,None,8.67,None,19.66,None,27.01,None,1.67,None,65.00,None,18.00,None,18.00,None
1769448798.3978734,23.34,None,25.00,None,17.33,None,38.67,None,43.66,None,8.67,None,19.66,None,27.01,None,1.67,None,65.00,None,18.00,None,18.00,None
1769448798.6434815,32.34,None,29.33,None,17.33,None,38.67,None,43.66,None,8.67,None,19.66,None,27.01,None,1.67,None,65.00,None,18.00,None,18.00,None
1769448798.64422,32.34,None,29.33,None,17.33,None,38.67,None,43.66,None,8.67,None,19.66,None,27.01,None,1.67,None,65.00,None,18.00,None,18.00,None
1769448798.8905652,45.34,None,31.00,None,26.33,None,38.67,None,43.66,None,12.67,None,19.66,None,27.01,None,1.67,None,65.00,None,18.00,None,18.00,None
1769448798.891336,45.34,None,31.00,None,26.33,None,38.67,None,43.66,None,12.67,None,19.66,None,27.01,None,1.67,None,65.00,None,18.00,None,18.00,None
1769448799.1250844,45.34,None,31.00,None,26.33,None,38.67,None,43.66,None,12.67,None,19.66,None,27.01,None,1.67,None,73.67,None,27.00,None,18.00,None
1769448799.1258662,45.34,None,31.00,None,26.33,None,38.67,None,43.66,None,12.67,None,19.66,None,27.01,None,1.67,None,73.67,None,27.00,None,18.00,None
1769448821.0934799,32.67,None,17.66,None,26.33,None,22.00,None,25.66,None,5.67,None,0.00,None,19.67,None,1.67,None,None,None,9.00,None,0.00,None
1769448821.0941103,32.67,None,17.66,None,26.33,None,22.00,None,25.66,None,5.67,None,0.00,None,19.67,None,1.67,None,None,None,9.00,None,0.00,None
1769448821.3580914,32.67,None,17.66,None,26.33,None,31.00,None,25.66,None,18.34,None,0.00,None,19.67,None,5.00,None,None,None,9.00,None,4.33,None
1769448821.358733,32.67,None,17.66,None,26.33,None,31.00,None,25.66,None,18.34,None,0.00,None,19.67,None,5.00,None,None,None,9.00,None,4.33,None
1769448821.6178532,43.34,None,17.66,None,26.33,None,35.00,None,25.66,None,18.34,None,0.00,None,19.67,None,5.00,None,None,None,9.00,None,8.66,None
1769448821.618501,43.34,None,17.66,None,26.33,None,35.00,None,25.66,None,18.34,None,0.00,None,19.67,None,5.00,None,None,None,9.00,None,8.66,None
1769448821.8772144,43.34,None,21.66,None,26.33,None,43.67,None,34.66,None,18.34,None,0.00,None,19.67,None,12.66,None,None,None,9.00,None,8.66,None
1769448821.878063,43.34,None,21.66,None,26.33,None,43.67,None,34.66,None,18.34,None,0.00,None,19.67,None,12.66,None,None,None,9.00,None,8.66,None
1769448822.122127,43.34,None,21.66,None,26.33,None,56.34,None,34.66,None,22.67,None,0.00,None,19.67,None,14.33,None,None,None,9.00,None,8.66,None
1769448822.1227825,43.34,None,21.66,None,26.33,None,56.34,None,34.66,None,22.67,None,0.00,None,19.67,None,14.33,None,None,None,9.00,None,8.66,None
1769448822.3806658,43.34,None,21.66,None,26.33,None,56.34,None,34.66,None,26.00,None,9.00,None,21.34,None,14.33,None,None,None,9.00,None,8.66,None
1769448822.3813262,43.34,None,21.66,None,26.33,None,56.34,None,34.66,None,26.00,None,9.00,None,21.34,None,14.33,None,None,None,9.00,None,8.66,None
1769448822.6095989,47.34,None,30.33,None,26.33,None,56.34,None,34.66,None,26.00,None,9.00,None,21.34,None,23.33,None,None,None,9.00,None,8.66,None
1769448822.6102817,47.34,None,30.33,None,26.33,None,56.34,None,34.66,None,26.00,None,9.00,None,21.34,None,23.33,None,None,None,9.00,None,8.66,None
1769448822.8502746,49.01,None,39.33,None,26.33,None,56.34,None,34.66,None,26.00,None,9.00,None,24.67,None,36.00,None,None,None,9.00,None,8.66,None
1769448822.8509684,49.01,None,39.33,None,26.33,None,56.34,None,34.66,None,26.00,None,9.00,None,24.67,None,36.00,None,None,None,9.00,None,8.66,None
1769448823.0791311,50.68,None,39.33,None,26.33,None,65.34,None,34.66,None,38.67,None,9.00,None,28.00,None,36.00,None,None,None,9.00,None,8.66,None
1769448823.080036,50.68,None,39.33,None,26.33,None,65.34,None,34.66,None,38.67,None,9.00,None,28.00,None,36.00,None,None,None,9.00,None,8.66,None
1769448823.3436518,59.68,None,39.33,None,26.33,None,69.67,None,34.66,None,38.67,None,9.00,None,32.00,None,44.67,None,None,None,9.00,None,8.66,None
1769448823.3443537,59.68,None,39.33,None,26.33,None,69.67,None,34.66,None,38.67,None,9.00,None,32.00,None,44.67,None,None,None,9.00,None,8.66,None
1769448823.5889518,59.68,None,39.33,None,26.33,None,69.67,None,34.66,None,47.67,None,9.00,None,32.00,None,53.34,None,None,None,9.00,None,8.66,None
1769448823.5896978,59.68,None,39.33,None,26.33,None,69.67,None,34.66,None,47.67,None,9.00,None,32.00,None,53.34,None,None,None,9.00,None,8.66,None
1769448823.8491,59.68,None,41.00,None,26.33,None,69.67,None,34.66,None,47.67,None,13.33,None,35.33,None,62.34,None,None,None,9.00,None,8.66,None
1769448823.8498762,59.68,None,41.00,None,26.33,None,69.67,None,34.66,None,47.67,None,13.33,None,35.33,None,62.34,None,None,None,9.00,None,8.66,None
1769448824.099796,59.68,None,41.00,None,26.33,None,78.67,None,34.66,None,51.00,None,13.33,None,32.00,None,60.67,None,None,None,13.33,None,8.66,None
1769448824.1007452,59.68,None,41.00,None,26.33,None,78.67,None,34.66,None,51.00,None,13.33,None,32.00,None,60.67,None,None,None,13.33,None,8.66,None
1769448829.0926251,49.01,None,42.67,None,22.00,None,65.67,None,21.33,None,51.00,None,13.33,None,30.33,None,73.34,None,None,None,13.33,None,4.33,None
1769448829.0933547,49.01,None,42.67,None,22.00,None,65.67,None,21.33,None,51.00,None,13.33,None,30.33,None,73.34,None,None,None,13.33,None,4.33,None
1769448830.543647,57.68,None,47.00,None,22.00,None,65.67,None,21.33,None,51.00,None,16.66,None,30.33,None,77.34,None,None,None,13.33,None,4.33,None
1769448830.5445817,57.68,None,47.00,None,22.00,None,65.67,None,21.33,None,51.00,None,16.66,None,30.33,None,77.34,None,None,None,13.33,None,4.33,None
1769448830.7884793,57.68,None,50.33,None,22.00,None,69.67,None,30.00,None,55.33,None,25.66,None,30.33,None,77.34,None,None,None,13.33,None,4.33,None
1769448830.789226,57.68,None,50.33,None,22.00,None,69.67,None,30.00,None,55.33,None,25.66,None,30.33,None,77.34,None,None,None,13.33,None,4.33,None
1769448831.017823,62.01,None,54.33,None,22.00,None,69.67,None,30.00,None,64.00,None,25.66,None,30.33,None,77.34,None,None,None,13.33,None,4.33,None
1769448831.0185316,62.01,None,54.33,None,22.00,None,69.67,None,30.00,None,64.00,None,25.66,None,30.33,None,77.34,None,None,None,13.33,None,4.33,None
1769448834.114654,62.01,None,54.33,None,26.33,None,61.00,None,21.00,None,74.34,None,25.66,None,33.66,None,69.68,None,None,None,13.33,None,4.33,None
1769448834.1153727,62.01,None,54.33,None,26.33,None,61.00,None,21.00,None,74.34,None,25.66,None,33.66,None,69.68,None,None,None,13.33,None,4.33,None
1769448836.6693003,62.01,None,54.33,None,26.33,None,61.00,None,21.00,None,74.34,None,25.66,None,33.66,None,69.68,None,None,None,13.33,None,4.33,None
1769448836.6700683,62.01,None,54.33,None,26.33,None,61.00,None,21.00,None,74.34,None,25.66,None,33.66,None,69.68,None,None,None,13.33,None,4.33,None
1769448836.8584273,62.01,None,54.33,None,26.33,None,61.00,None,21.00,None,74.34,None,25.66,None,33.66,None,69.68,None,None,None,13.33,None,4.33,None
1769448836.8591921,62.01,None,54.33,None,26.33,None,61.00,None,21.00,None,74.34,None,25.66,None,33.66,None,69.68,None,None,None,13.33,None,4.33,None
1769448837.0714412,62.01,None,54.33,None,26.33,None,61.00,None,21.00,None,74.34,None,25.66,None,33.66,None,69.68,None,None,None,13.33,None,4.33,None
1769448837.0723476,62.01,None,54.33,None,26.33,None,61.00,None,21.00,None,74.34,None,25.66,None,33.66,None,69.68,None,None,None,13.33,None,4.33,None
1769448837.2640128,62.01,None,54.33,None,26.33,None,61.00,None,21.00,None,74.34,None,25.66,None,33.66,None,69.68,None,None,None,13.33,None,4.33,None
1769448837.2647858,62.01,None,54.33,None,26.33,None,61.00,None,21.00,None,74.34,None,25.66,None,33.66,None,69.68,None,None,None,13.33,None,4.33,None
1769448837.4746828,62.01,None,54.33,None,26.33,None,61.00,None,21.00,None,74.34,None,25.66,None,33.66,None,69.68,None,None,None,13.33,None,4.33,None
1769448837.4754653,62.01,None,54.33,None,26.33,None,61.00,None,21.00,None,74.34,None,25.66,None,33.66,None,69.68,None,None,None,13.33,None,4.33,None
1769448837.6991127,62.01,None,54.33,None,26.33,None,61.00,None,21.00,None,74.34,None,25.66,None,33.66,None,69.68,None,None,None,13.33,None,4.33,None
1769448837.6998987,62.01,None,54.33,None,26.33,None,61.00,None,21.00,None,74.34,None,25.66,None,33.66,None,69.68,None,None,None,13.33,None,4.33,None
1769448838.1979756,31.67,None,22.00,None,17.66,None,26.33,None,12.67,None,39.67,None,27.00,None,27.00,None,None,None,None,None,17.66,None,0.00,None
1769448838.198806,31.67,None,22.00,None,17.66,None,26.33,None,12.67,None,39.67,None,27.00,None,27.00,None,None,None,None,None,17.66,None,0.00,None
1769448838.4402118,31.67,None,22.00,None,17.66,None,30.33,None,12.67,None,50.01,None,27.00,None,27.00,None,None,None,None,None,21.99,None,0.00,None
1769448838.4409015,31.67,None,22.00,None,17.66,None,30.33,None,12.67,None,50.01,None,27.00,None,27.00,None,None,None,None,None,21.99,None,0.00,None
1769448838.6801734,36.00,None,34.67,None,17.66,None,30.33,None,12.67,None,50.01,None,27.00,None,27.00,None,None,None,None,None,21.99,None,0.00,None
1769448838.680859,36.00,None,34.67,None,17.66,None,30.33,None,12.67,None,50.01,None,27.00,None,27.00,None,None,None,None,None,21.99,None,0.00,None
1769448838.9239087,36.00,None,39.00,None,26.66,None,34.33,None,12.67,None,53.34,None,27.00,None,27.00,None,None,None,None,None,21.99,None,0.00,None
1769448838.9246032,36.00,None,39.00,None,26.66,None,34.33,None,12.67,None,53.34,None,27.00,None,27.00,None,None,None,None,None,21.99,None,0.00,None
1769448839.1409113,37.67,None,39.00,None,26.66,None,34.33,None,21.34,None,57.34,None,27.00,None,27.00,None,None,None,None,None,30.99,None,0.00,None
1769448839.1416206,37.67,None,39.00,None,26.66,None,34.33,None,21.34,None,57.34,None,27.00,None,27.00,None,None,None,None,None,30.99,None,0.00,None
1769448839.3950624,32.00,None,43.33,None,26.66,None,34.33,None,16.67,None,58.68,None,18.00,None,25.33,None,None,None,None,None,12.99,None,0.00,None
1769448839.3960032,32.00,None,43.33,None,26.66,None,34.33,None,16.67,None,58.68,None,18.00,None,25.33,None,None,None,None,None,12.99,None,0.00,None
1769448839.6164577,36.00,None,43.33,None,30.99,None,34.33,None,25.34,None,58.68,None,18.00,None,25.33,None,None,None,None,None,12.99,None,9.00,None
1769448839.6171253,36.00,None,43.33,None,30.99,None,34.33,None,25.34,None,58.68,None,18.00,None,25.33,None,None,None,None,None,12.99,None,9.00,None
1769448839.8524,37.67,None,43.33,None,30.99,None,34.33,None,25.34,None,62.68,None,18.00,None,34.00,None,None,None,None,None,12.99,None,13.33,None
1769448839.8531096,37.67,None,43.33,None,30.99,None,34.33,None,25.34,None,62.68,None,18.00,None,34.00,None,None,None,None,None,12.99,None,13.33,None
1769448840.041482,37.67,None,43.33,None,30.99,None,34.33,None,25.34,None,62.68,None,18.00,None,34.00,None,None,None,None,None,12.99,None,13.33,None
1769448840.0422132,37.67,None,43.33,None,30.99,None,34.33,None,25.34,None,62.68,None,18.00,None,34.00,None,None,None,None,None,12.99,None,13.33,None
1769448841.6983585,37.67,None,43.33,None,30.99,None,34.33,None,25.34,None,62.68,None,18.00,None,34.00,None,None,None,None,None,12.99,None,13.33,None
1769448841.6992404,37.67,None,43.33,None,30.99,None,34.33,None,25.34,None,62.68,None,18.00,None,34.00,None,None,None,None,None,12.99,None,13.33,None
1769448841.9669063,12.33,None,30.00,None,8.66,None,16.33,None,16.67,None,None,None,9.00,None,13.00,None,None,None,12.67,None,8.66,None,17.67,None
1769448841.9675019,12.33,None,30.00,None,8.66,None,16.33,None,16.67,None,None,None,9.00,None,13.00,None,None,None,12.67,None,8.66,None,17.67,None
1769448842.210733,12.33,None,30.00,None,17.66,None,16.33,None,16.67,None,None,None,9.00,None,13.00,None,None,None,16.00,None,8.66,None,17.67,None
1769448842.2113576,12.33,None,30.00,None,17.66,None,16.33,None,16.67,None,None,None,9.00,None,13.00,None,None,None,16.00,None,8.66,None,17.67,None
1769448842.470185,21.00,None,31.67,None,17.66,None,29.33,None,16.67,None,None,None,9.00,None,16.33,None,None,None,16.00,None,8.66,None,17.67,None
1769448842.4708138,21.00,None,31.67,None,17.66,None,29.33,None,16.67,None,None,None,9.00,None,16.33,None,None,None,16.00,None,8.66,None,17.67,None
1769448842.732342,21.00,None,31.67,None,17.66,None,29.33,None,16.67,None,None,None,9.00,None,16.33,None,None,None,23.33,None,8.66,None,17.67,None
1769448842.7330902,21.00,None,31.67,None,17.66,None,29.33,None,16.67,None,None,None,9.00,None,16.33,None,None,None,23.33,None,8.66,None,17.67,None
1769448842.9933178,21.00,None,36.00,None,17.66,None,38.00,None,16.67,None,None,None,9.00,None,18.00,None,None,None,23.33,None,8.66,None,17.67,None
1769448842.9939585,21.00,None,36.00,None,17.66,None,38.00,None,16.67,None,None,None,9.00,None,18.00,None,None,None,23.33,None,8.66,None,17.67,None
1769448843.2338233,21.00,None,36.00,None,26.33,None,41.33,None,16.67,None,None,None,13.33,None,18.00,None,None,None,23.33,None,8.66,None,26.67,None
1769448843.2344468,21.00,None,36.00,None,26.33,None,41.33,None,16.67,None,None,None,13.33,None,18.00,None,None,None,23.33,None,8.66,None,26.67,None
1769448843.4705148,21.00,None,40.00,None,26.33,None,50.00,None,16.67,None,None,None,13.33,None,21.33,None,None,None,23.33,None,17.66,None,26.67,None
1769448843.4711952,21.00,None,40.00,None,26.33,None,50.00,None,16.67,None,None,None,13.33,None,21.33,None,None,None,23.33,None,17.66,None,26.67,None
1769448843.725835,29.67,None,40.00,None,26.33,None,50.00,None,16.67,None,None,None,13.33,None,21.33,None,None,None,27.33,None,17.66,None,26.67,None
1769448843.7264977,29.67,None,40.00,None,26.33,None,50.00,None,16.67,None,None,None,13.33,None,21.33,None,None,None,27.33,None,17.66,None,26.67,None
1769448843.9135118,29.67,None,40.00,None,26.33,None,50.00,None,16.67,None,None,None,13.33,None,21.33,None,None,None,27.33,None,17.66,None,26.67,None
1769448843.9143605,29.67,None,40.00,None,26.33,None,50.00,None,16.67,None,None,None,13.33,None,21.33,None,None,None,27.33,None,17.66,None,26.67,None
1769448844.1123376,29.67,None,40.00,None,26.33,None,50.00,None,16.67,None,None,None,13.33,None,21.33,None,None,None,27.33,None,17.66,None,26.67,None
1769448844.1130204,29.67,None,40.00,None,26.33,None,50.00,None,16.67,None,None,None,13.33,None,21.33,None,None,None,27.33,None,17.66,None,26.67,None
1769448844.3410006,29.67,None,40.00,None,26.33,None,54.00,None,16.67,None,None,None,22.33,None,21.33,None,None,None,30.66,None,26.33,None,26.67,None
1769448844.3416653,29.67,None,40.00,None,26.33,None,54.00,None,16.67,None,None,None,22.33,None,21.33,None,None,None,30.66,None,26.33,None,26.67,None
1769448844.5474436,29.67,None,40.00,None,26.33,None,54.00,None,16.67,None,None,None,22.33,None,21.33,None,None,None,30.66,None,26.33,None,26.67,None
1769448844.5481954,29.67,None,40.00,None,26.33,None,54.00,None,16.67,None,None,None,22.33,None,21.33,None,None,None,30.66,None,26.33,None,26.67,None
1769448844.7898846,29.67,None,48.67,None,26.33,None,54.00,None,16.67,None,None,None,22.33,None,34.33,None,None,None,30.66,None,26.33,None,26.67,None
1769448844.7905786,29.67,None,48.67,None,26.33,None,54.00,None,16.67,None,None,None,22.33,None,34.33,None,None,None,30.66,None,26.33,None,26.67,None
1769448845.0308924,29.67,None,48.67,None,26.33,None,54.00,None,25.67,None,None,None,22.33,None,25.33,None,None,None,30.66,None,30.66,None,28.34,None
1769448845.0317838,29.67,None,48.67,None,26.33,None,54.00,None,25.67,None,None,None,22.33,None,25.33,None,None,None,30.66,None,30.66,None,28.34,None
1769448851.716416,29.67,None,53.67,None,26.33,None,45.33,None,25.67,None,None,None,13.33,None,22.00,None,None,None,26.66,None,17.33,None,28.34,None
1769448851.7170806,29.67,None,53.67,None,26.33,None,45.33,None,25.67,None,None,None,13.33,None,22.00,None,None,None,26.66,None,17.33,None,28.34,None
1769448851.9685872,29.67,None,57.67,None,26.33,None,54.33,None,25.67,None,None,None,13.33,None,22.00,None,None,None,26.66,None,17.33,None,28.34,None
1769448851.96926,29.67,None,57.67,None,26.33,None,54.33,None,25.67,None,None,None,13.33,None,22.00,None,None,None,26.66,None,17.33,None,28.34,None
1769448852.1932411,29.67,None,57.67,None,26.33,None,54.33,None,25.67,None,None,None,13.33,None,22.00,None,None,None,26.66,None,17.33,None,28.34,None
1769448852.1939247,29.67,None,57.67,None,26.33,None,54.33,None,25.67,None,None,None,13.33,None,22.00,None,None,None,26.66,None,17.33,None,28.34,None
1769448852.4311483,29.67,None,66.34,None,26.33,None,59.33,None,25.67,None,None,None,13.33,None,22.00,None,None,None,30.66,None,21.66,None,28.34,None
1769448852.4319897,29.67,None,66.34,None,26.33,None,59.33,None,25.67,None,None,None,13.33,None,22.00,None,None,None,30.66,None,21.66,None,28.34,None
1769448852.6491299,29.67,None,66.34,None,26.33,None,59.33,None,25.67,None,None,None,13.33,None,22.00,None,None,None,30.66,None,21.66,None,28.34,None
1769448852.6498098,29.67,None,66.34,None,26.33,None,59.33,None,25.67,None,None,None,13.33,None,22.00,None,None,None,30.66,None,21.66,None,28.34,None
1769448854.1306949,29.67,None,66.34,None,26.33,None,59.33,None,25.67,None,None,None,13.33,None,22.00,None,None,None,30.66,None,21.66,None,28.34,None
1769448854.1315515,29.67,None,66.34,None,26.33,None,59.33,None,25.67,None,None,None,13.33,None,22.00,None,None,None,30.66,None,21.66,None,28.34,None
1769448854.9449432,29.67,None,66.34,None,22.00,None,55.33,None,25.67,None,None,None,4.33,None,18.00,None,None,None,18.66,None,12.99,None,28.34,None
1769448854.9456584,29.67,None,66.34,None,22.00,None,55.33,None,25.67,None,None,None,4.33,None,18.00,None,None,None,18.66,None,12.99,None,28.34,None
1769448855.1954267,29.67,None,66.34,None,22.00,None,62.66,None,34.34,None,None,None,17.66,None,18.00,None,None,None,18.66,None,14.66,None,28.34,None
1769448855.1962035,29.67,None,66.34,None,22.00,None,62.66,None,34.34,None,None,None,17.66,None,18.00,None,None,None,18.66,None,14.66,None,28.34,None
1769448865.0422695,21.00,None,64.67,None,31.00,None,53.66,None,34.34,None,17.00,None,17.66,None,14.67,None,13.00,None,18.66,None,14.66,None,28.34,None
1769448865.0429766,21.00,None,64.67,None,31.00,None,53.66,None,34.34,None,17.00,None,17.66,None,14.67,None,13.00,None,18.66,None,14.66,None,28.34,None
1769448872.7585387,21.00,None,64.67,None,31.00,None,53.66,None,34.34,None,25.67,None,17.66,None,16.34,None,16.33,None,18.66,None,14.66,None,28.34,None
1769448872.7594514,21.00,None,64.67,None,31.00,None,53.66,None,34.34,None,25.67,None,17.66,None,16.34,None,16.33,None,18.66,None,14.66,None,28.34,None
1769448873.029757,21.00,None,64.67,None,31.00,None,53.66,None,34.34,None,25.67,None,17.66,None,24.00,None,29.00,None,18.66,None,14.66,None,28.34,None
1769448873.0304735,21.00,None,64.67,None,31.00,None,53.66,None,34.34,None,25.67,None,17.66,None,24.00,None,29.00,None,18.66,None,14.66,None,28.34,None
1769448873.2841308,21.00,None,64.67,None,31.00,None,53.66,None,34.34,None,29.67,None,17.66,None,32.67,None,29.00,None,18.66,None,14.66,None,28.34,None
1769448873.284864,21.00,None,64.67,None,31.00,None,53.66,None,34.34,None,29.67,None,17.66,None,32.67,None,29.00,None,18.66,None,14.66,None,28.34,None
1769448873.496709,21.00,None,64.67,None,31.00,None,53.66,None,34.34,None,29.67,None,17.66,None,32.67,None,29.00,None,18.66,None,14.66,None,28.34,None
1769448873.4974577,21.00,None,64.67,None,31.00,None,53.66,None,34.34,None,29.67,None,17.66,None,32.67,None,29.00,None,18.66,None,14.66,None,28.34,None
1769448873.743044,21.00,None,69.00,None,31.00,None,53.66,None,43.34,None,29.67,None,17.66,None,34.34,None,29.00,None,27.33,None,14.66,None,28.34,None
1769448873.7437665,21.00,None,69.00,None,31.00,None,53.66,None,43.34,None,29.67,None,17.66,None,34.34,None,29.00,None,27.33,None,14.66,None,28.34,None
1769448873.970525,21.00,None,69.00,None,31.00,None,53.66,None,43.34,None,29.67,None,21.99,None,34.34,None,37.67,None,27.33,None,14.66,None,28.34,None
1769448873.9714491,21.00,None,69.00,None,31.00,None,53.66,None,43.34,None,29.67,None,21.99,None,34.34,None,37.67,None,27.33,None,14.66,None,28.34,None
1769448875.2423365,17.00,None,56.00,None,31.00,None,62.66,None,39.34,None,23.33,None,30.66,None,17.68,None,None,None,27.33,None,14.66,None,28.34,None
1769448875.2431607,17.00,None,56.00,None,31.00,None,62.66,None,39.34,None,23.33,None,30.66,None,17.68,None,None,None,27.33,None,14.66,None,28.34,None
1769448875.5076468,24.33,None,56.00,None,31.00,None,62.66,None,39.34,None,32.33,None,30.66,None,17.68,None,None,None,31.66,None,14.66,None,28.34,None
1769448875.508371,24.33,None,56.00,None,31.00,None,62.66,None,39.34,None,32.33,None,30.66,None,17.68,None,None,None,31.66,None,14.66,None,28.34,None
1769448875.737059,33.33,None,64.67,None,31.00,None,62.66,None,43.34,None,32.33,None,30.66,None,17.68,None,None,None,31.66,None,14.66,None,28.34,None
1769448875.7377944,33.33,None,64.67,None,31.00,None,62.66,None,43.34,None,32.33,None,30.66,None,17.68,None,None,None,31.66,None,14.66,None,28.34,None
1769448875.95688,33.33,None,64.67,None,31.00,None,62.66,None,43.34,None,32.33,None,30.66,None,21.68,None,None,None,40.33,None,14.66,None,28.34,None
1769448875.9576235,33.33,None,64.67,None,31.00,None,62.66,None,43.34,None,32.33,None,30.66,None,21.68,None,None,None,40.33,None,14.66,None,28.34,None
1769448884.7723746,25.00,None,42.33,None,26.67,None,46.33,None,17.00,None,19.66,None,17.33,None,16.01,None,None,None,40.33,None,8.66,None,26.67,None
1769448884.7731462,25.00,None,42.33,None,26.67,None,46.33,None,17.00,None,19.66,None,17.33,None,16.01,None,None,None,40.33,None,8.66,None,26.67,None
1769448885.0269253,25.00,None,42.33,None,26.67,None,50.33,None,17.00,None,28.66,None,17.33,None,24.68,None,None,None,40.33,None,8.66,None,26.67,None
1769448885.0276678,25.00,None,42.33,None,26.67,None,50.33,None,17.00,None,28.66,None,17.33,None,24.68,None,None,None,40.33,None,8.66,None,26.67,None
1769448885.275772,25.00,None,42.33,None,26.67,None,50.33,None,17.00,None,28.66,None,17.33,None,24.68,None,None,None,40.33,None,8.66,None,26.67,None
1769448885.2765584,25.00,None,42.33,None,26.67,None,50.33,None,17.00,None,28.66,None,17.33,None,24.68,None,None,None,40.33,None,8.66,None,26.67,None
1769448885.5384362,29.00,None,42.33,None,26.67,None,59.33,None,21.33,None,28.66,None,17.33,None,29.68,None,None,None,40.33,None,8.66,None,26.67,None
1769448885.5393627,29.00,None,42.33,None,26.67,None,59.33,None,21.33,None,28.66,None,17.33,None,29.68,None,None,None,40.33,None,8.66,None,26.67,None
1769448885.788293,29.00,None,42.33,None,26.67,None,59.33,None,30.33,None,28.66,None,26.00,None,33.68,None,None,None,40.33,None,8.66,None,26.67,None
1769448885.7890463,29.00,None,42.33,None,26.67,None,59.33,None,30.33,None,28.66,None,26.00,None,33.68,None,None,None,40.33,None,8.66,None,26.67,None
1769448886.0297027,29.00,None,42.33,None,26.67,None,59.33,None,30.33,None,32.66,None,29.33,None,33.68,None,None,None,40.33,None,12.99,None,26.67,None
1769448886.0304465,29.00,None,42.33,None,26.67,None,59.33,None,30.33,None,32.66,None,29.33,None,33.68,None,None,None,40.33,None,12.99,None,26.67,None
1769448907.1675482,21.67,None,46.33,None,17.67,None,59.33,None,30.33,None,32.66,None,29.33,None,44.02,None,12.67,None,32.67,None,12.99,None,31.00,None
1769448907.168819,21.67,None,46.33,None,17.67,None,59.33,None,30.33,None,32.66,None,29.33,None,44.02,None,12.67,None,32.67,None,12.99,None,31.00,None
1769448907.4418268,21.67,None,46.33,None,26.67,None,68.00,None,30.33,None,34.33,None,29.33,None,44.02,None,12.67,None,37.00,None,12.99,None,31.00,None
1769448907.4425688,21.67,None,46.33,None,26.67,None,68.00,None,30.33,None,34.33,None,29.33,None,44.02,None,12.67,None,37.00,None,12.99,None,31.00,None
1769448907.7767863,25.67,None,46.33,None,26.67,None,68.00,None,39.00,None,38.66,None,29.33,None,44.02,None,12.67,None,37.00,None,14.66,None,31.00,None
1769448907.7775283,25.67,None,46.33,None,26.67,None,68.00,None,39.00,None,38.66,None,29.33,None,44.02,None,12.67,None,37.00,None,14.66,None,31.00,None
1769448908.0525758,25.67,None,46.33,None,26.67,None,68.00,None,39.00,None,38.66,None,29.33,None,44.02,None,12.67,None,37.00,None,14.66,None,31.00,None
1769448908.053364,25.67,None,46.33,None,26.67,None,68.00,None,39.00,None,38.66,None,29.33,None,44.02,None,12.67,None,37.00,None,14.66,None,31.00,None
1769448908.3412216,25.67,None,46.33,None,26.67,None,76.67,None,42.33,None,42.66,None,29.33,None,44.02,None,12.67,None,46.00,None,14.66,None,31.00,None
1769448908.3421137,25.67,None,46.33,None,26.67,None,76.67,None,42.33,None,42.66,None,29.33,None,44.02,None,12.67,None,46.00,None,14.66,None,31.00,None
1769448908.550831,25.67,None,46.33,None,26.67,None,76.67,None,42.33,None,42.66,None,29.33,None,44.02,None,12.67,None,46.00,None,14.66,None,31.00,None
1769448908.551581,25.67,None,46.33,None,26.67,None,76.67,None,42.33,None,42.66,None,29.33,None,44.02,None,12.67,None,46.00,None,14.66,None,31.00,None
1769448908.7961636,25.67,None,55.33,None,30.00,None,76.67,None,42.33,None,42.66,None,29.33,None,52.69,None,12.67,None,46.00,None,14.66,None,31.00,None
1769448908.796912,25.67,None,55.33,None,30.00,None,76.67,None,42.33,None,42.66,None,29.33,None,52.69,None,12.67,None,46.00,None,14.66,None,31.00,None
1769448909.0440588,25.67,None,55.33,None,30.00,None,76.67,None,42.33,None,42.66,None,29.33,None,52.69,None,12.67,None,46.00,None,14.66,None,31.00,None
1769448909.0450604,25.67,None,55.33,None,30.00,None,76.67,None,42.33,None,42.66,None,29.33,None,52.69,None,12.67,None,46.00,None,14.66,None,31.00,None
1769448910.828395,17.00,None,51.00,None,21.33,None,55.67,None,42.33,None,39.33,None,20.67,None,47.02,None,4.00,None,33.33,None,19.33,None,22.00,None
1769448910.829105,17.00,None,51.00,None,21.33,None,55.67,None,42.33,None,39.33,None,20.67,None,47.02,None,4.00,None,33.33,None,19.33,None,22.00,None
1769448911.0878184,17.00,None,51.00,None,21.33,None,64.67,None,42.33,None,39.33,None,20.67,None,47.02,None,8.00,None,33.33,None,19.33,None,22.00,None
1769448911.0908036,17.00,None,51.00,None,21.33,None,64.67,None,42.33,None,39.33,None,20.67,None,47.02,None,8.00,None,33.33,None,19.33,None,22.00,None
1769448911.3509626,17.00,None,52.67,None,21.33,None,73.34,None,42.33,None,39.33,None,20.67,None,47.02,None,8.00,None,37.33,None,19.33,None,22.00,None
1769448911.351671,17.00,None,52.67,None,21.33,None,73.34,None,42.33,None,39.33,None,20.67,None,47.02,None,8.00,None,37.33,None,19.33,None,22.00,None
1769448911.6259308,17.00,None,52.67,None,30.33,None,73.34,None,42.33,None,48.00,None,25.00,None,47.02,None,8.00,None,37.33,None,19.33,None,22.00,None
1769448911.6266577,17.00,None,52.67,None,30.33,None,73.34,None,42.33,None,48.00,None,25.00,None,47.02,None,8.00,None,37.33,None,19.33,None,22.00,None
1769448911.821158,17.00,None,52.67,None,30.33,None,73.34,None,42.33,None,48.00,None,25.00,None,47.02,None,8.00,None,37.33,None,19.33,None,22.00,None
1769448911.8219097,17.00,None,52.67,None,30.33,None,73.34,None,42.33,None,48.00,None,25.00,None,47.02,None,8.00,None,37.33,None,19.33,None,22.00,None
1769448912.0707529,18.67,None,52.67,None,30.33,None,73.34,None,42.33,None,52.33,None,25.00,None,47.02,None,21.00,None,37.33,None,19.33,None,25.33,None
1769448912.0715184,18.67,None,52.67,None,30.33,None,73.34,None,42.33,None,52.33,None,25.00,None,47.02,None,21.00,None,37.33,None,19.33,None,25.33,None
1769448915.849349,13.00,None,39.67,None,30.33,None,77.67,None,29.33,None,52.33,None,21.67,None,45.35,None,21.00,None,28.66,None,24.00,None,25.33,None
1769448915.850112,13.00,None,39.67,None,30.33,None,77.67,None,29.33,None,52.33,None,21.67,None,45.35,None,21.00,None,28.66,None,24.00,None,25.33,None
1769448916.094509,13.00,None,39.67,None,30.33,None,77.67,None,38.00,None,52.33,None,30.67,None,49.35,None,25.33,None,30.33,None,24.00,None,25.33,None
1769448916.0953896,13.00,None,39.67,None,30.33,None,77.67,None,38.00,None,52.33,None,30.67,None,49.35,None,25.33,None,30.33,None,24.00,None,25.33,None
1769448916.3130262,13.00,None,39.67,None,30.33,None,77.67,None,38.00,None,52.33,None,30.67,None,49.35,None,25.33,None,30.33,None,24.00,None,25.33,None
1769448916.3138125,13.00,None,39.67,None,30.33,None,77.67,None,38.00,None,52.33,None,30.67,None,49.35,None,25.33,None,30.33,None,24.00,None,25.33,None
1769448917.179451,7.33,None,18.00,None,30.33,None,None,None,12.67,None,44.00,None,22.00,None,40.35,None,8.33,None,10.00,None,22.33,None,16.66,None
1769448917.1803257,7.33,None,18.00,None,30.33,None,None,None,12.67,None,44.00,None,22.00,None,40.35,None,8.33,None,10.00,None,22.33,None,16.66,None
1769448917.398829,7.33,None,18.00,None,30.33,None,None,None,12.67,None,44.00,None,26.33,None,40.35,None,12.33,None,19.00,None,22.33,None,16.66,None
1769448917.3995805,7.33,None,18.00,None,30.33,None,None,None,12.67,None,44.00,None,26.33,None,40.35,None,12.33,None,19.00,None,22.33,None,16.66,None
1769448917.6708214,11.33,None,26.67,None,30.33,None,None,None,21.67,None,44.00,None,26.33,None,44.68,None,14.00,None,19.00,None,22.33,None,16.66,None
1769448917.6715965,11.33,None,26.67,None,30.33,None,None,None,21.67,None,44.00,None,26.33,None,44.68,None,14.00,None,19.00,None,22.33,None,16.66,None
1769448917.9355042,11.33,None,26.67,None,30.33,None,None,None,21.67,None,57.00,None,26.33,None,44.68,None,22.67,None,19.00,None,24.00,None,16.66,None
1769448917.9362605,11.33,None,26.67,None,30.33,None,None,None,21.67,None,57.00,None,26.33,None,44.68,None,22.67,None,19.00,None,24.00,None,16.66,None
1769448918.1957748,11.33,None,26.67,None,30.33,None,None,None,21.67,None,57.00,None,26.33,None,44.68,None,26.67,None,20.67,None,24.00,None,16.66,None
1769448918.196613,11.33,None,26.67,None,30.33,None,None,None,21.67,None,57.00,None,26.33,None,44.68,None,26.67,None,20.67,None,24.00,None,16.66,None
1769448920.011541,11.33,None,30.67,None,32.00,None,None,None,21.67,None,57.00,None,26.33,None,44.68,None,26.67,None,20.67,None,24.00,None,16.66,None
1769448920.0124536,11.33,None,30.67,None,32.00,None,None,None,21.67,None,57.00,None,26.33,None,44.68,None,26.67,None,20.67,None,24.00,None,16.66,None
1769448920.2649717,11.33,None,30.67,None,23.00,None,None,None,21.67,None,53.67,None,26.33,None,48.68,None,31.34,None,20.67,None,24.00,None,16.66,None
1769448920.2656648,11.33,None,30.67,None,23.00,None,None,None,21.67,None,53.67,None,26.33,None,48.68,None,31.34,None,20.67,None,24.00,None,16.66,None
1769448920.4690585,11.33,None,30.67,None,23.00,None,None,None,21.67,None,53.67,None,26.33,None,48.68,None,31.34,None,20.67,None,24.00,None,16.66,None
1769448920.4697754,11.33,None,30.67,None,23.00,None,None,None,21.67,None,53.67,None,26.33,None,48.68,None,31.34,None,20.67,None,24.00,None,16.66,None
1769448920.7276921,11.33,None,30.67,None,23.00,None,None,None,21.67,None,53.67,None,26.33,None,48.68,None,41.68,None,33.67,None,24.00,None,16.66,None
1769448920.731026,11.33,None,30.67,None,23.00,None,None,None,21.67,None,53.67,None,26.33,None,48.68,None,41.68,None,33.67,None,24.00,None,16.66,None
1769448920.9986956,11.33,None,30.67,None,24.67,None,None,None,21.67,None,53.67,None,26.33,None,48.68,None,45.68,None,42.34,None,24.00,None,25.66,None
1769448920.9994326,11.33,None,30.67,None,24.67,None,None,None,21.67,None,53.67,None,26.33,None,48.68,None,45.68,None,42.34,None,24.00,None,25.66,None
1769448921.2730103,11.33,None,34.00,None,24.67,None,None,None,25.67,None,53.67,None,28.00,None,48.68,None,45.68,None,51.34,None,28.33,None,25.66,None
1769448921.2739317,11.33,None,34.00,None,24.67,None,None,None,25.67,None,53.67,None,28.00,None,48.68,None,45.68,None,51.34,None,28.33,None,25.66,None
1769448921.5139182,16.33,None,34.00,None,24.67,None,None,None,16.67,None,53.67,None,28.00,None,48.68,None,47.34,None,55.34,None,28.33,None,25.66,None
1769448921.514648,16.33,None,34.00,None,24.67,None,None,None,16.67,None,53.67,None,28.00,None,48.68,None,47.34,None,55.34,None,28.33,None,25.66,None
1769448921.7278512,16.33,None,34.00,None,24.67,None,None,None,16.67,None,53.67,None,28.00,None,48.68,None,47.34,None,55.34,None,28.33,None,25.66,None
1769448921.7286284,16.33,None,34.00,None,24.67,None,None,None,16.67,None,53.67,None,28.00,None,48.68,None,47.34,None,55.34,None,28.33,None,25.66,None
1769448921.9669654,20.33,None,34.00,None,24.67,None,None,None,16.67,None,62.34,None,28.00,None,52.01,None,47.34,None,55.34,None,28.33,None,29.99,None
1769448921.9677444,20.33,None,34.00,None,24.67,None,None,None,16.67,None,62.34,None,28.00,None,52.01,None,47.34,None,55.34,None,28.33,None,29.99,None
1769448922.183417,20.33,None,34.00,None,24.67,None,None,None,16.67,None,62.34,None,28.00,None,52.01,None,47.34,None,55.34,None,28.33,None,29.99,None
1769448922.1843405,20.33,None,34.00,None,24.67,None,None,None,16.67,None,62.34,None,28.00,None,52.01,None,47.34,None,55.34,None,28.33,None,29.99,None
1769448922.4034648,20.33,None,34.00,None,24.67,None,None,None,16.67,None,62.34,None,28.00,None,52.01,None,47.34,None,55.34,None,28.33,None,29.99,None
1769448922.4043689,20.33,None,34.00,None,24.67,None,None,None,16.67,None,62.34,None,28.00,None,52.01,None,47.34,None,55.34,None,28.33,None,29.99,None
1769448922.623178,20.33,None,34.00,None,24.67,None,None,None,16.67,None,62.34,None,28.00,None,52.01,None,47.34,None,55.34,None,28.33,None,29.99,None
1769448922.624051,20.33,None,34.00,None,24.67,None,None,None,16.67,None,62.34,None,28.00,None,52.01,None,47.34,None,55.34,None,28.33,None,29.99,None
1769448926.5464344,20.33,None,32.33,None,22.67,None,None,None,16.67,None,40.67,None,19.34,None,52.01,None,29.33,None,24.67,None,26.66,None,20.99,None
1769448926.547098,20.33,None,32.33,None,22.67,None,None,None,16.67,None,40.67,None,19.34,None,52.01,None,29.33,None,24.67,None,26.66,None,20.99,None
1769448926.8157668,20.33,None,32.33,None,22.67,None,None,None,16.67,None,44.67,None,19.34,None,55.34,None,29.33,None,26.34,None,30.99,None,20.99,None
1769448926.8164692,20.33,None,32.33,None,22.67,None,None,None,16.67,None,44.67,None,19.34,None,55.34,None,29.33,None,26.34,None,30.99,None,20.99,None
1769448927.057745,20.33,None,32.33,None,22.67,None,None,None,27.34,None,44.67,None,22.67,None,55.34,None,29.33,None,30.34,None,30.99,None,20.99,None
1769448927.0584638,20.33,None,32.33,None,22.67,None,None,None,27.34,None,44.67,None,22.67,None,55.34,None,29.33,None,30.34,None,30.99,None,20.99,None
1769448934.6269689,17.00,None,20.00,None,28.34,None,None,None,23.34,None,None,None,21.00,None,24.33,None,29.33,None,19.67,None,4.33,None,16.66,None
1769448934.6277077,17.00,None,20.00,None,28.34,None,None,None,23.34,None,None,None,21.00,None,24.33,None,29.33,None,19.67,None,4.33,None,16.66,None
1769448934.8727252,18.67,None,20.00,None,28.34,None,None,None,32.01,None,None,None,21.00,None,24.33,None,29.33,None,19.67,None,13.33,None,16.66,None
1769448934.8733773,18.67,None,20.00,None,28.34,None,None,None,32.01,None,None,None,21.00,None,24.33,None,29.33,None,19.67,None,13.33,None,16.66,None
1769448935.0803752,18.67,None,20.00,None,28.34,None,None,None,32.01,None,None,None,21.00,None,24.33,None,29.33,None,19.67,None,13.33,None,16.66,None
1769448935.0810795,18.67,None,20.00,None,28.34,None,None,None,32.01,None,None,None,21.00,None,24.33,None,29.33,None,19.67,None,13.33,None,16.66,None
1769448935.2931454,27.67,None,20.00,None,28.34,None,None,None,32.01,None,None,None,25.33,None,33.00,None,33.33,None,19.67,None,13.33,None,16.66,None
1769448935.2938128,27.67,None,20.00,None,28.34,None,None,None,32.01,None,None,None,25.33,None,33.00,None,33.33,None,19.67,None,13.33,None,16.66,None
1769448935.5405066,27.67,None,20.00,None,28.34,None,None,None,36.01,None,None,None,25.33,None,33.00,None,33.33,None,24.67,None,13.33,None,25.66,None
1769448935.541243,27.67,None,20.00,None,28.34,None,None,None,36.01,None,None,None,25.33,None,33.00,None,33.33,None,24.67,None,13.33,None,25.66,None
1769448935.7406003,27.67,None,20.00,None,28.34,None,None,None,36.01,None,None,None,25.33,None,33.00,None,33.33,None,24.67,None,13.33,None,25.66,None
1769448935.7413015,27.67,None,20.00,None,28.34,None,None,None,36.01,None,None,None,25.33,None,33.00,None,33.33,None,24.67,None,13.33,None,25.66,None
1769448935.941902,27.67,None,20.00,None,28.34,None,None,None,36.01,None,None,None,25.33,None,33.00,None,33.33,None,24.67,None,13.33,None,25.66,None
1769448935.9427345,27.67,None,20.00,None,28.34,None,None,None,36.01,None,None,None,25.33,None,33.00,None,33.33,None,24.67,None,13.33,None,25.66,None
1769448939.053623,23.67,None,29.00,None,10.67,None,8.00,None,4.00,None,None,None,21.67,None,25.67,None,16.00,None,None,None,4.33,None,12.33,None
1769448939.0543554,23.67,None,29.00,None,10.67,None,8.00,None,4.00,None,None,None,21.67,None,25.67,None,16.00,None,None,None,4.33,None,12.33,None
1769448939.329946,23.67,None,29.00,None,10.67,None,8.00,None,4.00,None,None,None,21.67,None,30.00,None,24.67,None,None,None,4.33,None,12.33,None
1769448939.3305461,23.67,None,29.00,None,10.67,None,8.00,None,4.00,None,None,None,21.67,None,30.00,None,24.67,None,None,None,4.33,None,12.33,None
1769448939.599418,23.67,None,29.00,None,10.67,None,8.00,None,17.33,None,None,None,21.67,None,30.00,None,24.67,None,None,None,14.67,None,12.33,None
1769448939.6000168,23.67,None,29.00,None,10.67,None,8.00,None,17.33,None,None,None,21.67,None,30.00,None,24.67,None,None,None,14.67,None,12.33,None
1769448939.847337,23.67,None,29.00,None,10.67,None,8.00,None,17.33,None,None,None,21.67,None,34.00,None,29.00,None,None,None,14.67,None,21.33,None
1769448939.847943,23.67,None,29.00,None,10.67,None,8.00,None,17.33,None,None,None,21.67,None,34.00,None,29.00,None,None,None,14.67,None,21.33,None
1769448940.0981793,23.67,None,29.00,None,10.67,None,11.33,None,21.33,None,None,None,30.67,None,34.00,None,30.67,None,None,None,27.67,None,21.33,None
1769448940.0989652,23.67,None,29.00,None,10.67,None,11.33,None,21.33,None,None,None,30.67,None,34.00,None,30.67,None,None,None,27.67,None,21.33,None
1769448940.3660054,23.67,None,29.00,None,24.00,None,11.33,None,30.00,None,None,None,30.67,None,34.00,None,34.67,None,None,None,27.67,None,21.33,None
1769448940.3690813,23.67,None,29.00,None,24.00,None,11.33,None,30.00,None,None,None,30.67,None,34.00,None,34.67,None,None,None,27.67,None,21.33,None
1769448941.570883,27.67,None,29.00,None,24.00,None,11.33,None,26.00,None,None,None,21.67,None,30.00,None,24.33,None,None,None,14.67,None,21.33,None
1769448941.5715163,27.67,None,29.00,None,24.00,None,11.33,None,26.00,None,None,None,21.67,None,30.00,None,24.33,None,None,None,14.67,None,21.33,None
1769448942.0983067,27.67,None,29.00,None,24.00,None,11.33,None,30.00,None,None,None,30.34,None,30.00,None,24.33,None,None,None,14.67,None,21.33,None
1769448942.0989838,27.67,None,29.00,None,24.00,None,11.33,None,30.00,None,None,None,30.34,None,30.00,None,24.33,None,None,None,14.67,None,21.33,None
1769448942.357755,27.67,None,29.00,None,24.00,None,13.00,None,30.00,None,None,None,30.34,None,34.00,None,24.33,None,None,None,14.67,None,30.33,None
1769448942.3586507,27.67,None,29.00,None,24.00,None,13.00,None,30.00,None,None,None,30.34,None,34.00,None,24.33,None,None,None,14.67,None,30.33,None
1769448942.5863981,27.67,None,37.67,None,24.00,None,13.00,None,39.00,None,None,None,30.34,None,38.33,None,24.33,None,None,None,14.67,None,30.33,None
1769448942.5870917,27.67,None,37.67,None,24.00,None,13.00,None,39.00,None,None,None,30.34,None,38.33,None,24.33,None,None,None,14.67,None,30.33,None
1769448942.8454971,27.67,None,46.67,None,25.67,None,13.00,None,39.00,None,None,None,30.34,None,38.33,None,28.66,None,None,None,14.67,None,30.33,None
1769448942.846191,27.67,None,46.67,None,25.67,None,13.00,None,39.00,None,None,None,30.34,None,38.33,None,28.66,None,None,None,14.67,None,30.33,None
1769448943.0626426,27.67,None,46.67,None,25.67,None,13.00,None,39.00,None,None,None,30.34,None,38.33,None,28.66,None,None,None,14.67,None,30.33,None
1769448943.0633552,27.67,None,46.67,None,25.67,None,13.00,None,39.00,None,None,None,30.34,None,38.33,None,28.66,None,None,None,14.67,None,30.33,None
1769448943.300674,27.67,None,51.00,None,25.67,None,17.00,None,39.00,None,None,None,30.34,None,40.00,None,28.66,None,None,None,23.34,None,30.33,None
1769448943.3014398,27.67,None,51.00,None,25.67,None,17.00,None,39.00,None,None,None,30.34,None,40.00,None,28.66,None,None,None,23.34,None,30.33,None
1769448946.4960852,18.67,None,42.33,None,25.67,None,17.00,None,39.00,None,None,None,30.34,None,35.67,None,25.33,None,None,None,23.34,None,30.33,None
1769448946.4968643,18.67,None,42.33,None,25.67,None,17.00,None,39.00,None,None,None,30.34,None,35.67,None,25.33,None,None,None,23.34,None,30.33,None
1769448951.5481257,18.67,None,38.33,None,16.67,None,17.00,None,39.00,None,None,None,30.34,None,35.67,None,38.33,None,None,None,26.67,None,32.00,None
1769448951.5488477,18.67,None,38.33,None,16.67,None,17.00,None,39.00,None,None,None,30.34,None,35.67,None,38.33,None,None,None,26.67,None,32.00,None
1769448961.1312509,18.67,None,47.00,None,18.34,None,20.33,None,39.00,None,13.00,None,30.34,None,35.67,None,38.33,None,0.00,None,31.00,None,32.00,None
1769448961.131966,18.67,None,47.00,None,18.34,None,20.33,None,39.00,None,13.00,None,30.34,None,35.67,None,38.33,None,0.00,None,31.00,None,32.00,None
1769448961.3924854,18.67,None,47.00,None,18.34,None,20.33,None,48.00,None,13.00,None,30.34,None,35.67,None,38.33,None,0.00,None,31.00,None,32.00,None
1769448961.3933997,18.67,None,47.00,None,18.34,None,20.33,None,48.00,None,13.00,None,30.34,None,35.67,None,38.33,None,0.00,None,31.00,None,32.00,None
1769448961.6618867,18.67,None,47.00,None,18.34,None,20.33,None,57.00,None,16.33,None,30.34,None,35.67,None,38.33,None,4.00,None,31.00,None,32.00,None
1769448961.6626003,18.67,None,47.00,None,18.34,None,20.33,None,57.00,None,16.33,None,30.34,None,35.67,None,38.33,None,4.00,None,31.00,None,32.00,None
1769448961.9196196,27.67,None,47.00,None,22.67,None,25.33,None,57.00,None,16.33,None,30.34,None,35.67,None,47.00,None,4.00,None,31.00,None,32.00,None
1769448961.9230034,27.67,None,47.00,None,22.67,None,25.33,None,57.00,None,16.33,None,30.34,None,35.67,None,47.00,None,4.00,None,31.00,None,32.00,None
1769448962.1642425,27.67,None,47.00,None,22.67,None,27.00,None,57.00,None,16.33,None,30.34,None,35.67,None,47.00,None,12.67,None,31.00,None,32.00,None
1769448962.1649826,27.67,None,47.00,None,22.67,None,27.00,None,57.00,None,16.33,None,30.34,None,35.67,None,47.00,None,12.67,None,31.00,None,32.00,None
1769448962.3934472,36.67,None,47.00,None,31.34,None,27.00,None,57.00,None,16.33,None,30.34,None,35.67,None,47.00,None,12.67,None,31.00,None,32.00,None
1769448962.3941877,36.67,None,47.00,None,31.34,None,27.00,None,57.00,None,16.33,None,30.34,None,35.67,None,47.00,None,12.67,None,31.00,None,32.00,None
1769448963.0470483,18.00,None,33.67,None,18.01,None,19.67,None,26.00,None,17.33,None,17.34,None,21.33,None,None,None,12.67,None,13.00,None,27.00,None
1769448963.0476983,18.00,None,33.67,None,18.01,None,19.67,None,26.00,None,17.33,None,17.34,None,21.33,None,None,None,12.67,None,13.00,None,27.00,None
1769448963.302593,18.00,None,33.67,None,19.68,None,19.67,None,26.00,None,17.33,None,17.34,None,21.33,None,None,None,12.67,None,16.33,None,27.00,None
1769448963.303253,18.00,None,33.67,None,19.68,None,19.67,None,26.00,None,17.33,None,17.34,None,21.33,None,None,None,12.67,None,16.33,None,27.00,None
1769448963.5441542,22.00,None,33.67,None,19.68,None,28.34,None,26.00,None,17.33,None,21.67,None,23.00,None,None,None,12.67,None,25.33,None,27.00,None
1769448963.5448132,22.00,None,33.67,None,19.68,None,28.34,None,26.00,None,17.33,None,21.67,None,23.00,None,None,None,12.67,None,25.33,None,27.00,None
1769448963.814103,22.00,None,33.67,None,23.01,None,28.34,None,26.00,None,19.00,None,30.67,None,36.00,None,None,None,12.67,None,25.33,None,27.00,None
1769448963.81493,22.00,None,33.67,None,23.01,None,28.34,None,26.00,None,19.00,None,30.67,None,36.00,None,None,None,12.67,None,25.33,None,27.00,None
1769448965.863943,25.33,None,33.67,None,23.01,None,28.34,None,26.00,None,28.00,None,30.67,None,40.00,None,None,None,21.34,None,25.33,None,27.00,None
1769448965.8648314,25.33,None,33.67,None,23.01,None,28.34,None,26.00,None,28.00,None,30.67,None,40.00,None,None,None,21.34,None,25.33,None,27.00,None
1769448966.136945,25.33,None,33.67,None,23.01,None,28.34,None,30.33,None,40.67,None,30.67,None,40.00,None,None,None,30.34,None,25.33,None,27.00,None
1769448966.13767,25.33,None,33.67,None,23.01,None,28.34,None,30.33,None,40.67,None,30.67,None,40.00,None,None,None,30.34,None,25.33,None,27.00,None
1769448966.3995514,29.33,None,38.00,None,23.01,None,28.34,None,30.33,None,40.67,None,30.67,None,50.34,None,None,None,30.34,None,25.33,None,27.00,None
1769448966.4002855,29.33,None,38.00,None,23.01,None,28.34,None,30.33,None,40.67,None,30.67,None,50.34,None,None,None,30.34,None,25.33,None,27.00,None
1769448966.6675892,29.33,None,46.67,None,27.34,None,28.34,None,30.33,None,44.67,None,30.67,None,50.34,None,None,None,30.34,None,25.33,None,27.00,None
1769448966.6683335,29.33,None,46.67,None,27.34,None,28.34,None,30.33,None,44.67,None,30.67,None,50.34,None,None,None,30.34,None,25.33,None,27.00,None
1769448966.9104242,29.33,None,51.00,None,27.34,None,32.34,None,30.33,None,53.67,None,30.67,None,52.01,None,None,None,30.34,None,25.33,None,27.00,None
1769448966.9113693,29.33,None,51.00,None,27.34,None,32.34,None,30.33,None,53.67,None,30.67,None,52.01,None,None,None,30.34,None,25.33,None,27.00,None
1769448967.1666248,38.33,None,51.00,None,27.34,None,32.34,None,32.00,None,53.67,None,30.67,None,52.01,None,None,None,43.01,None,25.33,None,27.00,None
1769448967.167427,38.33,None,51.00,None,27.34,None,32.34,None,32.00,None,53.67,None,30.67,None,52.01,None,None,None,43.01,None,25.33,None,27.00,None
1769448967.4369473,38.33,None,55.00,None,27.34,None,41.34,None,27.67,None,41.00,None,30.67,None,55.34,None,None,None,34.01,None,25.33,None,27.00,None
1769448967.4378436,38.33,None,55.00,None,27.34,None,41.34,None,27.67,None,41.00,None,30.67,None,55.34,None,None,None,34.01,None,25.33,None,27.00,None
1769448972.762039,20.33,None,42.00,None,17.01,None,None,None,14.67,None,19.00,None,22.00,None,45.00,None,None,None,34.01,None,23.67,None,18.00,None
1769448972.7627208,20.33,None,42.00,None,17.01,None,None,None,14.67,None,19.00,None,22.00,None,45.00,None,None,None,34.01,None,23.67,None,18.00,None
1769448973.0113242,20.33,None,42.00,None,17.01,None,None,None,14.67,None,19.00,None,22.00,None,45.00,None,None,None,34.01,None,25.34,None,18.00,None
1769448973.0120058,20.33,None,42.00,None,17.01,None,None,None,14.67,None,19.00,None,22.00,None,45.00,None,None,None,34.01,None,25.34,None,18.00,None
1769448973.2172027,20.33,None,42.00,None,17.01,None,None,None,14.67,None,19.00,None,22.00,None,45.00,None,None,None,34.01,None,25.34,None,18.00,None
1769448973.2180696,20.33,None,42.00,None,17.01,None,None,None,14.67,None,19.00,None,22.00,None,45.00,None,None,None,34.01,None,25.34,None,18.00,None
1769448973.4925044,20.33,None,42.00,None,18.68,None,None,None,14.67,None,26.33,None,22.00,None,45.00,None,None,None,34.01,None,25.34,None,31.33,None
1769448973.4931831,20.33,None,42.00,None,18.68,None,None,None,14.67,None,26.33,None,22.00,None,45.00,None,None,None,34.01,None,25.34,None,31.33,None
1769448973.754015,24.66,None,42.00,None,18.68,None,None,None,14.67,None,26.33,None,22.00,None,48.33,None,None,None,34.01,None,25.34,None,31.33,None
1769448973.754709,24.66,None,42.00,None,18.68,None,None,None,14.67,None,26.33,None,22.00,None,48.33,None,None,None,34.01,None,25.34,None,31.33,None
1769448973.90786,24.66,None,42.00,None,18.68,None,None,None,14.67,None,26.33,None,22.00,None,48.33,None,None,None,34.01,None,25.34,None,31.33,None
1769448973.908538,24.66,None,42.00,None,18.68,None,None,None,14.67,None,26.33,None,22.00,None,48.33,None,None,None,34.01,None,25.34,None,31.33,None
1769448974.120713,24.66,None,42.00,None,18.68,None,None,None,14.67,None,26.33,None,22.00,None,48.33,None,None,None,34.01,None,25.34,None,31.33,None
1769448974.1214223,24.66,None,42.00,None,18.68,None,None,None,14.67,None,26.33,None,22.00,None,48.33,None,None,None,34.01,None,25.34,None,31.33,None
1769448974.3691037,33.33,None,42.00,None,18.68,None,None,None,27.67,None,26.33,None,22.00,None,48.33,None,None,None,35.68,None,25.34,None,31.33,None
1769448974.3700001,33.33,None,42.00,None,18.68,None,None,None,27.67,None,26.33,None,22.00,None,48.33,None,None,None,35.68,None,25.34,None,31.33,None
1769448974.6121013,33.33,None,51.00,None,18.68,None,None,None,27.67,None,30.33,None,22.00,None,48.33,None,None,None,48.68,None,25.34,None,31.33,None
1769448974.6128132,33.33,None,51.00,None,18.68,None,None,None,27.67,None,30.33,None,22.00,None,48.33,None,None,None,48.68,None,25.34,None,31.33,None
1769448978.2326837,21.33,None,34.00,None,13.67,None,None,None,19.00,None,None,None,22.00,None,30.66,None,None,None,34.34,None,10.67,None,9.00,None
1769448978.2334008,21.33,None,34.00,None,13.67,None,None,None,19.00,None,None,None,22.00,None,30.66,None,None,None,34.34,None,10.67,None,9.00,None
1769448978.428703,21.33,None,34.00,None,13.67,None,None,None,19.00,None,None,None,22.00,None,30.66,None,None,None,34.34,None,10.67,None,9.00,None
1769448978.429377,21.33,None,34.00,None,13.67,None,None,None,19.00,None,None,None,22.00,None,30.66,None,None,None,34.34,None,10.67,None,9.00,None
1769448978.6926503,21.33,None,34.00,None,15.34,None,None,None,19.00,None,None,None,30.67,None,34.66,None,None,None,34.34,None,15.00,None,12.33,None
1769448978.6933236,21.33,None,34.00,None,15.34,None,None,None,19.00,None,None,None,30.67,None,34.66,None,None,None,34.34,None,15.00,None,12.33,None
1769448978.9394116,21.33,None,34.00,None,18.67,None,None,None,32.00,None,None,None,30.67,None,34.66,None,None,None,34.34,None,15.00,None,16.66,None
1769448978.9400635,21.33,None,34.00,None,18.67,None,None,None,32.00,None,None,None,30.67,None,34.66,None,None,None,34.34,None,15.00,None,16.66,None
1769448979.205971,21.33,None,34.00,None,18.67,None,None,None,32.00,None,None,None,30.67,None,34.66,None,None,None,43.34,None,15.00,None,19.99,None
1769448979.2066994,21.33,None,34.00,None,18.67,None,None,None,32.00,None,None,None,30.67,None,34.66,None,None,None,43.34,None,15.00,None,19.99,None
1769448979.454143,21.33,None,37.33,None,32.00,None,None,None,32.00,None,None,None,30.67,None,34.66,None,None,None,56.01,None,15.00,None,19.99,None
1769448979.4548085,21.33,None,37.33,None,32.00,None,None,None,32.00,None,None,None,30.67,None,34.66,None,None,None,56.01,None,15.00,None,19.99,None
1769448979.6638744,21.33,None,37.33,None,32.00,None,None,None,32.00,None,None,None,30.67,None,34.66,None,None,None,56.01,None,15.00,None,19.99,None
1769448979.6645803,21.33,None,37.33,None,32.00,None,None,None,32.00,None,None,None,30.67,None,34.66,None,None,None,56.01,None,15.00,None,19.99,None
1769448979.8078275,21.33,None,37.33,None,32.00,None,None,None,32.00,None,None,None,30.67,None,34.66,None,None,None,56.01,None,15.00,None,19.99,None
1769448979.8085458,21.33,None,37.33,None,32.00,None,None,None,32.00,None,None,None,30.67,None,34.66,None,None,None,56.01,None,15.00,None,19.99,None
1769448983.0058553,21.33,None,37.33,None,32.00,None,None,None,32.00,None,None,None,30.67,None,34.66,None,None,None,56.01,None,15.00,None,19.99,None
1769448983.006669,21.33,None,37.33,None,32.00,None,None,None,32.00,None,None,None,30.67,None,34.66,None,None,None,56.01,None,15.00,None,19.99,None
1769448983.277398,21.33,None,41.33,None,32.00,None,None,None,32.00,None,None,None,30.67,None,34.66,None,13.00,None,56.01,None,15.00,None,28.66,None
1769448983.2780874,21.33,None,41.33,None,32.00,None,None,None,32.00,None,None,None,30.67,None,34.66,None,13.00,None,56.01,None,15.00,None,28.66,None
1769448983.5296557,21.33,None,41.33,None,32.00,None,None,None,32.00,None,None,None,30.67,None,47.99,None,13.00,None,68.68,None,15.00,None,28.66,None
1769448983.5303829,21.33,None,41.33,None,32.00,None,None,None,32.00,None,None,None,30.67,None,47.99,None,13.00,None,68.68,None,15.00,None,28.66,None
1769448983.7212164,21.33,None,41.33,None,32.00,None,None,None,32.00,None,None,None,30.67,None,47.99,None,13.00,None,68.68,None,15.00,None,28.66,None
1769448983.7219641,21.33,None,41.33,None,32.00,None,None,None,32.00,None,None,None,30.67,None,47.99,None,13.00,None,68.68,None,15.00,None,28.66,None
1769448983.9270408,21.33,None,41.33,None,32.00,None,None,None,32.00,None,None,None,30.67,None,47.99,None,13.00,None,68.68,None,15.00,None,28.66,None
1769448983.927768,21.33,None,41.33,None,32.00,None,None,None,32.00,None,None,None,30.67,None,47.99,None,13.00,None,68.68,None,15.00,None,28.66,None
1769448984.170782,34.33,None,41.33,None,32.00,None,None,None,32.00,None,None,None,30.67,None,47.99,None,17.00,None,70.35,None,15.00,None,31.99,None
1769448984.1717582,34.33,None,41.33,None,32.00,None,None,None,32.00,None,None,None,30.67,None,47.99,None,17.00,None,70.35,None,15.00,None,31.99,None
1769448984.4350445,12.33,None,33.67,None,18.67,None,None,None,34.66,None,None,None,30.67,None,51.32,None,17.00,None,None,None,16.67,None,16.66,None
1769448984.4356718,12.33,None,33.67,None,18.67,None,None,None,34.66,None,None,None,30.67,None,51.32,None,17.00,None,None,None,16.67,None,16.66,None
1769448984.6097953,12.33,None,33.67,None,18.67,None,None,None,34.66,None,None,None,30.67,None,51.32,None,17.00,None,None,None,16.67,None,16.66,None
1769448984.6104896,12.33,None,33.67,None,18.67,None,None,None,34.66,None,None,None,30.67,None,51.32,None,17.00,None,None,None,16.67,None,16.66,None
1769448984.8526206,12.33,None,33.67,None,18.67,None,None,None,34.66,None,None,None,30.67,None,51.32,None,17.00,None,None,None,16.67,None,16.66,None
1769448984.8533306,12.33,None,33.67,None,18.67,None,None,None,34.66,None,None,None,30.67,None,51.32,None,17.00,None,None,None,16.67,None,16.66,None
1769448985.0540938,12.33,None,33.67,None,18.67,None,None,None,34.66,None,None,None,30.67,None,51.32,None,17.00,None,None,None,16.67,None,16.66,None
1769448985.054726,12.33,None,33.67,None,18.67,None,None,None,34.66,None,None,None,30.67,None,51.32,None,17.00,None,None,None,16.67,None,16.66,None
1769448985.2492914,12.33,None,33.67,None,18.67,None,None,None,34.66,None,None,None,30.67,None,51.32,None,17.00,None,None,None,16.67,None,16.66,None
1769448985.2501369,12.33,None,33.67,None,18.67,None,None,None,34.66,None,None,None,30.67,None,51.32,None,17.00,None,None,None,16.67,None,16.66,None
1769448985.4846063,12.33,None,42.34,None,18.67,None,None,None,34.66,None,None,None,30.67,None,51.32,None,17.00,None,None,None,18.34,None,16.66,None
1769448985.4852958,12.33,None,42.34,None,18.67,None,None,None,34.66,None,None,None,30.67,None,51.32,None,17.00,None,None,None,18.34,None,16.66,None
1769448985.7424953,16.66,None,46.34,None,20.34,None,None,None,34.66,None,None,None,30.67,None,51.32,None,17.00,None,None,None,21.67,None,16.66,None
1769448985.7431986,16.66,None,46.34,None,20.34,None,None,None,34.66,None,None,None,30.67,None,51.32,None,17.00,None,None,None,21.67,None,16.66,None
1769448988.211364,16.66,None,37.67,None,17.01,None,None,None,21.66,None,None,None,30.67,None,51.32,None,17.00,None,None,None,20.00,None,12.33,None
1769448988.2120326,16.66,None,37.67,None,17.01,None,None,None,21.66,None,None,None,30.67,None,51.32,None,17.00,None,None,None,20.00,None,12.33,None
1769448988.4718642,16.66,None,37.67,None,20.34,None,None,None,21.66,None,None,None,30.67,None,51.32,None,30.00,None,None,None,28.67,None,12.33,None
1769448988.4725268,16.66,None,37.67,None,20.34,None,None,None,21.66,None,None,None,30.67,None,51.32,None,30.00,None,None,None,28.67,None,12.33,None
1769448993.279932,12.33,None,37.67,None,17.01,None,21.34,None,21.66,None,None,None,21.67,None,34.99,None,30.00,None,None,None,28.67,None,21.33,None
1769448993.2805517,12.33,None,37.67,None,17.01,None,21.34,None,21.66,None,None,None,21.67,None,34.99,None,30.00,None,None,None,28.67,None,21.33,None
1769448993.5365648,21.00,None,37.67,None,17.01,None,25.34,None,26.66,None,None,None,21.67,None,34.99,None,30.00,None,None,None,28.67,None,21.33,None
1769448993.5371983,21.00,None,37.67,None,17.01,None,25.34,None,26.66,None,None,None,21.67,None,34.99,None,30.00,None,None,None,28.67,None,21.33,None
1769448995.6812263,12.33,None,24.67,None,15.34,None,None,None,21.66,None,None,None,21.67,None,30.66,None,17.00,None,None,None,28.67,None,12.33,None
1769448995.681863,12.33,None,24.67,None,15.34,None,None,None,21.66,None,None,None,21.67,None,30.66,None,17.00,None,None,None,28.67,None,12.33,None
1769448995.9333115,12.33,None,24.67,None,18.67,None,None,None,21.66,None,None,None,26.00,None,30.66,None,21.00,None,None,None,28.67,None,14.00,None
1769448995.9339125,12.33,None,24.67,None,18.67,None,None,None,21.66,None,None,None,26.00,None,30.66,None,21.00,None,None,None,28.67,None,14.00,None
1769448996.167295,16.66,None,28.67,None,18.67,None,None,None,30.66,None,None,None,26.00,None,33.99,None,21.00,None,None,None,28.67,None,14.00,None
1769448996.1679003,16.66,None,28.67,None,18.67,None,None,None,30.66,None,None,None,26.00,None,33.99,None,21.00,None,None,None,28.67,None,14.00,None
1769448996.3165343,16.66,None,28.67,None,18.67,None,None,None,30.66,None,None,None,26.00,None,33.99,None,21.00,None,None,None,28.67,None,14.00,None
1769448996.3171678,16.66,None,28.67,None,18.67,None,None,None,30.66,None,None,None,26.00,None,33.99,None,21.00,None,None,None,28.67,None,14.00,None
1769449000.151219,16.66,None,33.00,None,17.00,None,None,None,39.33,None,0.00,None,17.33,None,29.99,None,21.00,None,None,None,24.34,None,19.67,None
1769449000.1518881,16.66,None,33.00,None,17.00,None,None,None,39.33,None,0.00,None,17.33,None,29.99,None,21.00,None,None,None,24.34,None,19.67,None
1769449000.4226012,16.66,None,33.00,None,20.33,None,None,None,43.33,None,0.00,None,17.33,None,38.99,None,21.00,None,None,None,24.34,None,24.00,None
1769449000.4233038,16.66,None,33.00,None,20.33,None,None,None,43.33,None,0.00,None,17.33,None,38.99,None,21.00,None,None,None,24.34,None,24.00,None
1769449000.6860366,16.66,None,33.00,None,20.33,None,None,None,46.66,None,8.67,None,17.33,None,42.99,None,21.00,None,None,None,26.01,None,24.00,None
1769449000.686761,16.66,None,33.00,None,20.33,None,None,None,46.66,None,8.67,None,17.33,None,42.99,None,21.00,None,None,None,26.01,None,24.00,None
1769449000.933769,16.66,None,43.67,None,20.33,None,None,None,46.66,None,12.67,None,17.33,None,47.32,None,21.00,None,None,None,26.01,None,24.00,None
1769449000.934512,16.66,None,43.67,None,20.33,None,None,None,46.66,None,12.67,None,17.33,None,47.32,None,21.00,None,None,None,26.01,None,24.00,None
1769449003.2236514,20.99,None,35.33,None,13.67,None,None,None,30.00,None,4.00,None,16.33,None,39.66,None,None,None,None,None,14.00,None,22.33,None
1769449003.2244585,20.99,None,35.33,None,13.67,None,None,None,30.00,None,4.00,None,16.33,None,39.66,None,None,None,None,None,14.00,None,22.33,None
1769449003.492395,16.66,None,35.66,None,20.67,None,None,None,30.00,None,11.33,None,16.33,None,39.66,None,None,None,None,None,10.67,None,22.33,None
1769449003.4930532,16.66,None,35.66,None,20.67,None,None,None,30.00,None,11.33,None,16.33,None,39.66,None,None,None,None,None,10.67,None,22.33,None
1769449003.6975486,16.66,None,35.66,None,20.67,None,None,None,30.00,None,11.33,None,16.33,None,39.66,None,None,None,None,None,10.67,None,22.33,None
1769449003.6981926,16.66,None,35.66,None,20.67,None,None,None,30.00,None,11.33,None,16.33,None,39.66,None,None,None,None,None,10.67,None,22.33,None
1769449003.9203944,16.66,None,35.66,None,20.67,None,None,None,30.00,None,11.33,None,16.33,None,39.66,None,None,None,None,None,10.67,None,22.33,None
1769449003.9210055,16.66,None,35.66,None,20.67,None,None,None,30.00,None,11.33,None,16.33,None,39.66,None,None,None,None,None,10.67,None,22.33,None
1769449004.174173,16.66,None,35.66,None,24.00,None,None,None,30.00,None,15.33,None,16.33,None,39.66,None,None,None,None,None,10.67,None,26.66,None
1769449004.1750095,16.66,None,35.66,None,24.00,None,None,None,30.00,None,15.33,None,16.33,None,39.66,None,None,None,None,None,10.67,None,26.66,None
1769449004.44556,16.66,None,39.66,None,24.00,None,None,None,30.00,None,15.33,None,25.00,None,48.66,None,None,None,None,None,14.00,None,26.66,None
1769449004.44621,16.66,None,39.66,None,24.00,None,None,None,30.00,None,15.33,None,25.00,None,48.66,None,None,None,None,None,14.00,None,26.66,None
1769449004.7062943,19.99,None,39.66,None,24.00,None,None,None,31.67,None,24.33,None,25.00,None,48.66,None,None,None,16.67,None,14.00,None,26.66,None
1769449004.7069597,19.99,None,39.66,None,24.00,None,None,None,31.67,None,24.33,None,25.00,None,48.66,None,None,None,16.67,None,14.00,None,26.66,None
1769449004.9331074,19.99,None,39.66,None,24.00,None,None,None,35.00,None,24.33,None,25.00,None,48.66,None,None,None,16.67,None,27.33,None,26.66,None
1769449004.9337914,19.99,None,39.66,None,24.00,None,None,None,35.00,None,24.33,None,25.00,None,48.66,None,None,None,16.67,None,27.33,None,26.66,None
1769449018.8335266,19.99,None,40.66,None,27.33,None,None,None,31.00,None,26.00,None,21.00,None,46.99,None,None,None,16.67,None,27.00,None,17.66,None
1769449018.8342283,19.99,None,40.66,None,27.33,None,None,None,31.00,None,26.00,None,21.00,None,46.99,None,None,None,16.67,None,27.00,None,17.66,None
1769449024.2003608,15.99,None,36.33,None,15.33,None,None,None,31.00,None,24.33,None,12.00,None,51.99,None,4.33,None,20.67,None,16.66,None,17.66,None
1769449024.20099,15.99,None,36.33,None,15.33,None,None,None,31.00,None,24.33,None,12.00,None,51.99,None,4.33,None,20.67,None,16.66,None,17.66,None
1769449024.4787698,24.99,None,36.33,None,15.33,None,None,None,31.00,None,24.33,None,12.00,None,55.99,None,4.33,None,22.34,None,16.66,None,17.66,None
1769449024.4794152,24.99,None,36.33,None,15.33,None,None,None,31.00,None,24.33,None,12.00,None,55.99,None,4.33,None,22.34,None,16.66,None,17.66,None
1769449024.732592,24.99,None,36.33,None,15.33,None,None,None,31.00,None,33.00,None,12.00,None,55.99,None,8.33,None,27.34,None,16.66,None,17.66,None
1769449024.7332482,24.99,None,36.33,None,15.33,None,None,None,31.00,None,33.00,None,12.00,None,55.99,None,8.33,None,27.34,None,16.66,None,17.66,None
1769449025.004524,24.99,None,36.33,None,15.33,None,None,None,31.00,None,37.33,None,21.00,None,55.99,None,8.33,None,27.34,None,16.66,None,17.66,None
1769449025.0054376,24.99,None,36.33,None,15.33,None,None,None,31.00,None,37.33,None,21.00,None,55.99,None,8.33,None,27.34,None,16.66,None,17.66,None
1769449025.2871602,24.99,None,40.66,None,24.00,None,None,None,31.00,None,37.33,None,30.00,None,57.66,None,8.33,None,27.34,None,16.66,None,17.66,None
1769449025.2878807,24.99,None,40.66,None,24.00,None,None,None,31.00,None,37.33,None,30.00,None,57.66,None,8.33,None,27.34,None,16.66,None,17.66,None
1769449025.5621831,28.99,None,49.33,None,28.33,None,None,None,31.00,None,37.33,None,30.00,None,57.66,None,10.00,None,30.67,None,16.66,None,17.66,None
1769449025.5629303,28.99,None,49.33,None,28.33,None,None,None,31.00,None,37.33,None,30.00,None,57.66,None,10.00,None,30.67,None,16.66,None,17.66,None
1769449028.501719,24.66,None,50.67,None,28.33,None,None,None,31.00,None,37.33,None,31.00,None,53.66,None,14.00,None,30.67,None,16.66,None,17.66,None
1769449028.502431,24.66,None,50.67,None,28.33,None,None,None,31.00,None,37.33,None,31.00,None,53.66,None,14.00,None,30.67,None,16.66,None,17.66,None
1769449034.136021,24.66,None,40.33,None,28.33,None,None,None,31.00,None,24.33,None,17.67,None,31.33,None,None,None,9.00,None,16.66,None,17.66,None
1769449034.1366873,24.66,None,40.33,None,28.33,None,None,None,31.00,None,24.33,None,17.67,None,31.33,None,None,None,9.00,None,16.66,None,17.66,None
1769449034.3467484,24.66,None,40.33,None,28.33,None,None,None,31.00,None,24.33,None,17.67,None,31.33,None,None,None,9.00,None,16.66,None,17.66,None
1769449034.3474197,24.66,None,40.33,None,28.33,None,None,None,31.00,None,24.33,None,17.67,None,31.33,None,None,None,9.00,None,16.66,None,17.66,None
1769449034.606971,26.33,None,40.33,None,28.33,None,None,None,31.00,None,24.33,None,17.67,None,35.33,None,None,None,9.00,None,16.66,None,17.66,None
1769449034.6076553,26.33,None,40.33,None,28.33,None,None,None,31.00,None,24.33,None,17.67,None,35.33,None,None,None,9.00,None,16.66,None,17.66,None
1769449034.8308384,26.33,None,40.33,None,28.33,None,None,None,31.00,None,24.33,None,17.67,None,35.33,None,None,None,9.00,None,16.66,None,17.66,None
1769449034.8315222,26.33,None,40.33,None,28.33,None,None,None,31.00,None,24.33,None,17.67,None,35.33,None,None,None,9.00,None,16.66,None,17.66,None
1769449035.0564966,26.33,None,40.33,None,28.33,None,None,None,31.00,None,24.33,None,17.67,None,35.33,None,None,None,9.00,None,16.66,None,17.66,None
1769449035.0573616,26.33,None,40.33,None,28.33,None,None,None,31.00,None,24.33,None,17.67,None,35.33,None,None,None,9.00,None,16.66,None,17.66,None
1769449042.1941082,22.00,None,36.33,None,28.33,None,0.00,None,25.33,None,24.33,None,17.67,None,32.00,None,None,None,9.00,None,20.99,None,26.33,None
1769449042.1949918,22.00,None,36.33,None,28.33,None,0.00,None,25.33,None,24.33,None,17.67,None,32.00,None,None,None,9.00,None,20.99,None,26.33,None
1769449042.460676,22.00,None,36.33,None,28.33,None,8.67,None,25.33,None,24.33,None,21.00,None,32.00,None,None,None,13.00,None,20.99,None,26.33,None
1769449042.4613645,22.00,None,36.33,None,28.33,None,8.67,None,25.33,None,24.33,None,21.00,None,32.00,None,None,None,13.00,None,20.99,None,26.33,None
1769449042.733457,22.00,None,49.00,None,28.33,None,8.67,None,27.00,None,24.33,None,24.33,None,45.33,None,None,None,13.00,None,20.99,None,26.33,None
1769449042.7364705,22.00,None,49.00,None,28.33,None,8.67,None,27.00,None,24.33,None,24.33,None,45.33,None,None,None,13.00,None,20.99,None,26.33,None
1769449042.9968984,25.33,None,49.00,None,28.33,None,12.67,None,27.00,None,24.33,None,24.33,None,47.00,None,None,None,13.00,None,20.99,None,26.33,None
1769449042.9975972,25.33,None,49.00,None,28.33,None,12.67,None,27.00,None,24.33,None,24.33,None,47.00,None,None,None,13.00,None,20.99,None,26.33,None
1769449043.2301402,25.33,None,49.00,None,25.00,None,12.67,None,27.00,None,20.33,None,24.33,None,47.00,None,None,None,13.00,None,20.99,None,22.00,None
1769449043.2310388,25.33,None,49.00,None,25.00,None,12.67,None,27.00,None,20.33,None,24.33,None,47.00,None,None,None,13.00,None,20.99,None,22.00,None
1769449043.5140965,25.33,None,49.00,None,25.00,None,21.67,None,28.67,None,20.33,None,24.33,None,47.00,None,None,None,13.00,None,20.99,None,30.67,None
1769449043.514797,25.33,None,49.00,None,25.00,None,21.67,None,28.67,None,20.33,None,24.33,None,47.00,None,None,None,13.00,None,20.99,None,30.67,None
1769449046.0927315,25.33,None,49.00,None,26.00,None,21.67,None,33.67,None,33.00,None,24.33,None,38.00,None,None,None,13.00,None,20.99,None,26.34,None
1769449046.0935278,25.33,None,49.00,None,26.00,None,21.67,None,33.67,None,33.00,None,24.33,None,38.00,None,None,None,13.00,None,20.99,None,26.34,None
1769449053.794011,23.99,None,49.00,None,26.00,None,34.67,None,29.34,None,33.00,None,24.33,None,34.00,None,None,None,13.00,None,20.99,None,26.34,None
1769449053.7946782,23.99,None,49.00,None,26.00,None,34.67,None,29.34,None,33.00,None,24.33,None,34.00,None,None,None,13.00,None,20.99,None,26.34,None
1769449062.2561834,23.99,None,49.00,None,26.00,None,43.34,None,33.34,None,33.00,None,24.33,None,34.00,None,1.67,None,13.00,None,20.99,None,26.34,None
1769449062.2570024,23.99,None,49.00,None,26.00,None,43.34,None,33.34,None,33.00,None,24.33,None,34.00,None,1.67,None,13.00,None,20.99,None,26.34,None
1769449062.5283256,27.99,None,49.00,None,26.00,None,43.34,None,33.34,None,41.67,None,24.33,None,34.00,None,1.67,None,13.00,None,20.99,None,30.67,None
1769449062.5290515,27.99,None,49.00,None,26.00,None,43.34,None,33.34,None,41.67,None,24.33,None,34.00,None,1.67,None,13.00,None,20.99,None,30.67,None
1769449062.8060827,41.32,None,49.00,None,26.00,None,46.67,None,33.34,None,43.34,None,24.33,None,38.00,None,1.67,None,13.00,None,29.66,None,30.67,None
1769449062.80683,41.32,None,49.00,None,26.00,None,46.67,None,33.34,None,43.34,None,24.33,None,38.00,None,1.67,None,13.00,None,29.66,None,30.67,None
1769449063.0748205,41.32,None,49.00,None,26.00,None,46.67,None,33.34,None,43.34,None,24.33,None,38.00,None,5.67,None,17.33,None,29.66,None,30.67,None
1769449063.075574,41.32,None,49.00,None,26.00,None,46.67,None,33.34,None,43.34,None,24.33,None,38.00,None,5.67,None,17.33,None,29.66,None,30.67,None
1769449063.3515594,41.32,None,49.00,None,26.00,None,48.34,None,33.34,None,52.34,None,24.33,None,38.00,None,5.67,None,17.33,None,29.66,None,30.67,None
1769449063.352466,41.32,None,49.00,None,26.00,None,48.34,None,33.34,None,52.34,None,24.33,None,38.00,None,5.67,None,17.33,None,29.66,None,30.67,None
1769449063.6297636,41.32,None,49.00,None,26.00,None,57.01,None,33.34,None,52.34,None,24.33,None,38.00,None,5.67,None,17.33,None,31.33,None,30.67,None
1769449063.630533,41.32,None,49.00,None,26.00,None,57.01,None,33.34,None,52.34,None,24.33,None,38.00,None,5.67,None,17.33,None,31.33,None,30.67,None
1769449073.9185367,41.32,None,43.33,None,26.00,None,64.34,None,33.34,None,48.34,None,15.66,None,24.67,None,5.67,None,17.33,None,28.00,None,30.67,None
1769449073.919327,41.32,None,43.33,None,26.00,None,64.34,None,33.34,None,48.34,None,15.66,None,24.67,None,5.67,None,17.33,None,28.00,None,30.67,None
1769449074.2129755,41.32,None,43.33,None,26.00,None,64.34,None,33.34,None,52.34,None,15.66,None,24.67,None,14.34,None,20.66,None,29.67,None,30.67,None
1769449074.213803,41.32,None,43.33,None,26.00,None,64.34,None,33.34,None,52.34,None,15.66,None,24.67,None,14.34,None,20.66,None,29.67,None,30.67,None
1769449078.9314232,36.99,None,43.33,None,26.00,None,61.68,None,37.34,None,52.34,None,24.66,None,24.67,None,14.34,None,20.66,None,29.67,None,30.67,None
1769449078.9324162,36.99,None,43.33,None,26.00,None,61.68,None,37.34,None,52.34,None,24.66,None,24.67,None,14.34,None,20.66,None,29.67,None,30.67,None
1769449080.2758942,36.99,None,43.33,None,26.00,None,61.68,None,37.34,None,54.01,None,24.66,None,24.67,None,23.34,None,29.33,None,29.67,None,30.67,None
1769449080.2767005,36.99,None,43.33,None,26.00,None,61.68,None,37.34,None,54.01,None,24.66,None,24.67,None,23.34,None,29.33,None,29.67,None,30.67,None
1769449080.5653863,36.99,None,43.33,None,26.00,None,70.35,None,46.34,None,61.67,None,24.66,None,24.67,None,23.34,None,33.33,None,29.67,None,30.67,None
1769449080.5661964,36.99,None,43.33,None,26.00,None,70.35,None,46.34,None,61.67,None,24.66,None,24.67,None,23.34,None,33.33,None,29.67,None,30.67,None
1769449080.8102605,36.99,None,43.33,None,30.33,None,79.02,None,46.34,None,63.34,None,24.66,None,24.67,None,27.34,None,33.33,None,29.67,None,30.67,None
1769449080.8110604,36.99,None,43.33,None,30.33,None,79.02,None,46.34,None,63.34,None,24.66,None,24.67,None,27.34,None,33.33,None,29.67,None,30.67,None
1769449081.0492299,36.99,None,43.33,None,30.33,None,79.02,None,46.34,None,63.34,None,24.66,None,24.67,None,27.34,None,33.33,None,29.67,None,30.67,None
1769449081.0503318,36.99,None,43.33,None,30.33,None,79.02,None,46.34,None,63.34,None,24.66,None,24.67,None,27.34,None,33.33,None,29.67,None,30.67,None
1769449081.2515733,36.99,None,43.33,None,30.33,None,79.02,None,46.34,None,63.34,None,24.66,None,24.67,None,27.34,None,33.33,None,29.67,None,30.67,None
1769449081.252455,36.99,None,43.33,None,30.33,None,79.02,None,46.34,None,63.34,None,24.66,None,24.67,None,27.34,None,33.33,None,29.67,None,30.67,None
1769449081.4950604,36.99,None,43.33,None,30.33,None,79.02,None,46.34,None,63.34,None,24.66,None,24.67,None,27.34,None,33.33,None,29.67,None,30.67,None
1769449081.4963052,36.99,None,43.33,None,30.33,None,79.02,None,46.34,None,63.34,None,24.66,None,24.67,None,27.34,None,33.33,None,29.67,None,30.67,None
1769449082.0302474,17.33,None,43.00,None,21.66,None,57.68,None,44.67,None,47.33,None,12.33,None,17.33,None,27.01,None,None,None,28.00,None,26.34,None
1769449082.0332892,17.33,None,43.00,None,21.66,None,57.68,None,44.67,None,47.33,None,12.33,None,17.33,None,27.01,None,None,None,28.00,None,26.34,None
1769449082.3027759,20.66,None,43.00,None,21.66,None,70.68,None,44.67,None,47.33,None,12.33,None,17.33,None,35.68,None,None,None,28.00,None,26.34,None
1769449082.303698,20.66,None,43.00,None,21.66,None,70.68,None,44.67,None,47.33,None,12.33,None,17.33,None,35.68,None,None,None,28.00,None,26.34,None
1769449082.56905,20.66,None,52.00,None,21.66,None,70.68,None,44.67,None,47.33,None,12.33,None,21.33,None,37.35,None,None,None,28.00,None,26.34,None
1769449082.5698106,20.66,None,52.00,None,21.66,None,70.68,None,44.67,None,47.33,None,12.33,None,21.33,None,37.35,None,None,None,28.00,None,26.34,None
1769449082.8418775,24.66,None,52.00,None,21.66,None,70.68,None,44.67,None,47.33,None,12.33,None,21.33,None,46.02,None,None,None,28.00,None,26.34,None
1769449082.8426266,24.66,None,52.00,None,21.66,None,70.68,None,44.67,None,47.33,None,12.33,None,21.33,None,46.02,None,None,None,28.00,None,26.34,None
1769449083.0935547,33.66,None,52.00,None,21.66,None,70.68,None,53.34,None,47.33,None,12.33,None,21.33,None,46.02,None,None,None,28.00,None,26.34,None
1769449083.09429,33.66,None,52.00,None,21.66,None,70.68,None,53.34,None,47.33,None,12.33,None,21.33,None,46.02,None,None,None,28.00,None,26.34,None
1769449083.369852,33.66,None,52.00,None,21.66,None,70.68,None,53.34,None,47.33,None,12.33,None,21.33,None,46.02,None,None,None,28.00,None,26.34,None
1769449083.370848,33.66,None,52.00,None,21.66,None,70.68,None,53.34,None,47.33,None,12.33,None,21.33,None,46.02,None,None,None,28.00,None,26.34,None
1769449083.6151404,35.33,None,52.00,None,30.66,None,70.68,None,53.34,None,47.33,None,12.33,None,21.33,None,46.02,None,None,None,28.00,None,30.67,None
1769449083.6158864,35.33,None,52.00,None,30.66,None,70.68,None,53.34,None,47.33,None,12.33,None,21.33,None,46.02,None,None,None,28.00,None,30.67,None
1769449083.850638,35.33,None,52.00,None,30.66,None,70.68,None,53.34,None,47.33,None,12.33,None,21.33,None,46.02,None,None,None,28.00,None,30.67,None
1769449083.8513813,35.33,None,52.00,None,30.66,None,70.68,None,53.34,None,47.33,None,12.33,None,21.33,None,46.02,None,None,None,28.00,None,30.67,None
1769449084.1131666,38.66,None,52.00,None,30.66,None,74.68,None,50.01,None,56.33,None,21.00,None,21.33,None,46.02,None,None,None,23.67,None,22.00,None
1769449084.113942,38.66,None,52.00,None,30.66,None,74.68,None,50.01,None,56.33,None,21.00,None,21.33,None,46.02,None,None,None,23.67,None,22.00,None
1769449084.4116952,38.66,None,52.00,None,30.66,None,74.68,None,50.01,None,56.33,None,21.00,None,21.33,None,46.02,None,None,None,23.67,None,22.00,None
1769449084.4127872,38.66,None,52.00,None,30.66,None,74.68,None,50.01,None,56.33,None,21.00,None,21.33,None,46.02,None,None,None,23.67,None,22.00,None
1769449091.5710087,38.66,None,47.67,None,17.66,None,83.68,None,41.01,None,49.33,None,21.00,None,24.66,None,47.69,None,None,None,23.67,None,22.00,None
1769449091.5718575,38.66,None,47.67,None,17.66,None,83.68,None,41.01,None,49.33,None,21.00,None,24.66,None,47.69,None,None,None,23.67,None,22.00,None
1769449097.2889595,38.66,None,47.67,None,17.66,None,83.68,None,41.01,None,49.33,None,21.00,None,24.66,None,47.69,None,None,None,23.67,None,22.00,None
1769449097.289712,38.66,None,47.67,None,17.66,None,83.68,None,41.01,None,49.33,None,21.00,None,24.66,None,47.69,None,None,None,23.67,None,22.00,None
1769449097.5555894,38.66,None,47.67,None,17.66,None,83.68,None,49.68,None,53.33,None,22.67,None,24.66,None,51.02,None,None,None,28.00,None,22.00,None
1769449097.5563304,38.66,None,47.67,None,17.66,None,83.68,None,49.68,None,53.33,None,22.67,None,24.66,None,51.02,None,None,None,28.00,None,22.00,None
1769449097.8494253,38.66,None,47.67,None,17.66,None,83.68,None,49.68,None,53.33,None,22.67,None,24.66,None,51.02,None,None,None,28.00,None,22.00,None
1769449097.8504105,38.66,None,47.67,None,17.66,None,83.68,None,49.68,None,53.33,None,22.67,None,24.66,None,51.02,None,None,None,28.00,None,22.00,None
1769449098.0813165,38.66,None,47.67,None,17.66,None,83.68,None,49.68,None,53.33,None,22.67,None,24.66,None,51.02,None,None,None,28.00,None,22.00,None
1769449098.0820785,38.66,None,47.67,None,17.66,None,83.68,None,49.68,None,53.33,None,22.67,None,24.66,None,51.02,None,None,None,28.00,None,22.00,None
1769449098.336899,47.33,None,52.00,None,17.66,None,83.68,None,49.68,None,53.33,None,22.67,None,24.66,None,55.02,None,None,None,28.00,None,22.00,None
1769449098.3376527,47.33,None,52.00,None,17.66,None,83.68,None,49.68,None,53.33,None,22.67,None,24.66,None,55.02,None,None,None,28.00,None,22.00,None
1769449098.6266592,47.33,None,52.00,None,17.66,None,83.68,None,49.68,None,53.33,None,22.67,None,24.66,None,55.02,None,None,None,28.00,None,22.00,None
1769449098.627455,47.33,None,52.00,None,17.66,None,83.68,None,49.68,None,53.33,None,22.67,None,24.66,None,55.02,None,None,None,28.00,None,22.00,None
1769449099.138659,48.33,None,39.33,None,17.66,None,66.01,None,48.01,None,55.00,None,19.34,None,14.66,None,46.35,None,None,None,28.00,None,22.00,None
1769449099.1393883,48.33,None,39.33,None,17.66,None,66.01,None,48.01,None,55.00,None,19.34,None,14.66,None,46.35,None,None,None,28.00,None,22.00,None
1769449099.3853922,48.33,None,39.33,None,17.66,None,66.01,None,48.01,None,59.00,None,19.34,None,25.33,None,46.35,None,None,None,28.00,None,22.00,None
1769449099.3861363,48.33,None,39.33,None,17.66,None,66.01,None,48.01,None,59.00,None,19.34,None,25.33,None,46.35,None,None,None,28.00,None,22.00,None
1769449099.6596448,52.66,None,43.33,None,17.66,None,66.01,None,57.01,None,59.00,None,28.01,None,28.66,None,48.02,None,None,None,28.00,None,22.00,None
1769449099.660404,52.66,None,43.33,None,17.66,None,66.01,None,57.01,None,59.00,None,28.01,None,28.66,None,48.02,None,None,None,28.00,None,22.00,None
1769449104.1571844,61.66,None,43.33,None,17.66,None,57.01,None,55.34,None,59.00,None,28.01,None,32.99,None,51.35,None,18.66,None,28.00,None,13.33,None
1769449104.158169,61.66,None,43.33,None,17.66,None,57.01,None,55.34,None,59.00,None,28.01,None,32.99,None,51.35,None,18.66,None,28.00,None,13.33,None
1769449109.6977863,42.66,None,25.33,None,17.33,None,None,None,51.34,None,35.33,None,19.01,None,21.66,None,26.67,None,15.33,None,26.66,None,9.00,None
1769449109.6985261,42.66,None,25.33,None,17.33,None,None,None,51.34,None,35.33,None,19.01,None,21.66,None,26.67,None,15.33,None,26.66,None,9.00,None
1769449109.9758875,42.66,None,25.33,None,17.33,None,None,None,51.34,None,38.66,None,23.34,None,21.66,None,39.34,None,15.33,None,26.66,None,10.67,None
1769449109.9765918,42.66,None,25.33,None,17.33,None,None,None,51.34,None,38.66,None,23.34,None,21.66,None,39.34,None,15.33,None,26.66,None,10.67,None
1769449110.252104,42.66,None,25.33,None,17.33,None,None,None,51.34,None,41.99,None,23.34,None,25.66,None,39.34,None,24.00,None,26.66,None,10.67,None
1769449110.252828,42.66,None,25.33,None,17.33,None,None,None,51.34,None,41.99,None,23.34,None,25.66,None,39.34,None,24.00,None,26.66,None,10.67,None
1769449110.5098977,55.33,None,25.33,None,17.33,None,None,None,55.67,None,41.99,None,23.34,None,34.66,None,39.34,None,24.00,None,26.66,None,10.67,None
1769449110.5108309,55.33,None,25.33,None,17.33,None,None,None,55.67,None,41.99,None,23.34,None,34.66,None,39.34,None,24.00,None,26.66,None,10.67,None
1769449110.7609556,57.00,None,25.33,None,17.33,None,None,None,55.67,None,41.99,None,23.34,None,38.66,None,48.34,None,28.33,None,26.66,None,10.67,None
1769449110.761771,57.00,None,25.33,None,17.33,None,None,None,55.67,None,41.99,None,23.34,None,38.66,None,48.34,None,28.33,None,26.66,None,10.67,None
1769449111.022516,57.00,None,25.33,None,17.33,None,None,None,55.67,None,41.99,None,23.34,None,47.66,None,57.01,None,28.33,None,26.66,None,10.67,None
1769449111.0233428,57.00,None,25.33,None,17.33,None,None,None,55.67,None,41.99,None,23.34,None,47.66,None,57.01,None,28.33,None,26.66,None,10.67,None
1769449111.2960467,57.00,None,29.66,None,26.00,None,None,None,59.67,None,41.99,None,23.34,None,47.66,None,57.01,None,28.33,None,26.66,None,19.67,None
1769449111.2968712,57.00,None,29.66,None,26.00,None,None,None,59.67,None,41.99,None,23.34,None,47.66,None,57.01,None,28.33,None,26.66,None,19.67,None
1769449111.511712,57.00,None,29.66,None,26.00,None,None,None,59.67,None,41.99,None,23.34,None,47.66,None,57.01,None,28.33,None,26.66,None,19.67,None
1769449111.51252,57.00,None,29.66,None,26.00,None,None,None,59.67,None,41.99,None,23.34,None,47.66,None,57.01,None,28.33,None,26.66,None,19.67,None
1769449115.2458353,57.00,None,29.66,None,26.00,None,None,None,59.67,None,41.99,None,23.34,None,47.66,None,57.01,None,28.33,None,26.66,None,19.67,None
1769449115.2465863,57.00,None,29.66,None,26.00,None,None,None,59.67,None,41.99,None,23.34,None,47.66,None,57.01,None,28.33,None,26.66,None,19.67,None
1769449115.473952,57.00,None,29.66,None,26.00,None,None,None,59.67,None,41.99,None,23.34,None,47.66,None,57.01,None,28.33,None,26.66,None,19.67,None
1769449115.4747424,57.00,None,29.66,None,26.00,None,None,None,59.67,None,41.99,None,23.34,None,47.66,None,57.01,None,28.33,None,26.66,None,19.67,None
1769449115.7099967,57.00,None,29.66,None,26.00,None,None,None,59.67,None,41.99,None,23.34,None,47.66,None,57.01,None,28.33,None,26.66,None,19.67,None
1769449115.7109506,57.00,None,29.66,None,26.00,None,None,None,59.67,None,41.99,None,23.34,None,47.66,None,57.01,None,28.33,None,26.66,None,19.67,None
1769449115.9053862,57.00,None,29.66,None,26.00,None,None,None,59.67,None,41.99,None,23.34,None,47.66,None,57.01,None,28.33,None,26.66,None,19.67,None
1769449115.9061468,57.00,None,29.66,None,26.00,None,None,None,59.67,None,41.99,None,23.34,None,47.66,None,57.01,None,28.33,None,26.66,None,19.67,None
1769449116.1203933,57.00,None,29.66,None,26.00,None,None,None,59.67,None,41.99,None,23.34,None,47.66,None,57.01,None,28.33,None,26.66,None,19.67,None
1769449116.121152,57.00,None,29.66,None,26.00,None,None,None,59.67,None,41.99,None,23.34,None,47.66,None,57.01,None,28.33,None,26.66,None,19.67,None
1769449116.3557265,57.00,None,29.66,None,26.00,None,None,None,59.67,None,41.99,None,23.34,None,47.66,None,57.01,None,28.33,None,26.66,None,19.67,None
1769449116.3565063,57.00,None,29.66,None,26.00,None,None,None,59.67,None,41.99,None,23.34,None,47.66,None,57.01,None,28.33,None,26.66,None,19.67,None
1769449119.1615262,46.33,None,25.66,None,26.00,None,None,None,42.33,None,38.66,None,23.34,None,38.66,None,30.67,None,25.67,None,26.66,None,10.67,None
1769449119.162222,46.33,None,25.66,None,26.00,None,None,None,42.33,None,38.66,None,23.34,None,38.66,None,30.67,None,25.67,None,26.66,None,10.67,None
1769449121.9150171,46.33,None,25.66,None,26.00,None,None,None,42.33,None,38.66,None,23.34,None,38.66,None,39.67,None,25.67,None,26.66,None,10.67,None
1769449121.9157295,46.33,None,25.66,None,26.00,None,None,None,42.33,None,38.66,None,23.34,None,38.66,None,39.67,None,25.67,None,26.66,None,10.67,None
1769449122.1943564,46.33,None,21.33,None,17.33,None,None,None,35.00,None,47.66,None,23.34,None,38.66,None,39.67,None,30.34,None,13.33,None,6.00,None
1769449122.1950452,46.33,None,21.33,None,17.33,None,None,None,35.00,None,47.66,None,23.34,None,38.66,None,39.67,None,30.34,None,13.33,None,6.00,None
1769449122.4662058,46.33,None,25.33,None,19.00,None,None,None,35.00,None,47.66,None,23.34,None,38.66,None,48.67,None,30.34,None,13.33,None,6.00,None
1769449122.4669502,46.33,None,25.33,None,19.00,None,None,None,35.00,None,47.66,None,23.34,None,38.66,None,48.67,None,30.34,None,13.33,None,6.00,None
1769449131.3360965,37.66,None,21.33,None,17.33,None,23.01,None,35.00,None,47.66,None,23.34,None,29.66,None,39.67,None,30.34,None,13.33,None,6.00,None
1769449131.3367622,37.66,None,21.33,None,17.33,None,23.01,None,35.00,None,47.66,None,23.34,None,29.66,None,39.67,None,30.34,None,13.33,None,6.00,None
1769449131.612048,37.66,None,25.33,None,19.00,None,31.68,None,35.00,None,47.66,None,23.34,None,29.66,None,39.67,None,30.34,None,22.33,None,6.00,None
1769449131.6127408,37.66,None,25.33,None,19.00,None,31.68,None,35.00,None,47.66,None,23.34,None,29.66,None,39.67,None,30.34,None,22.33,None,6.00,None
1769449131.8950033,37.66,None,25.33,None,29.67,None,35.01,None,35.00,None,56.33,None,23.34,None,29.66,None,39.67,None,34.67,None,22.33,None,6.00,None
1769449131.8958879,37.66,None,25.33,None,29.67,None,35.01,None,35.00,None,56.33,None,23.34,None,29.66,None,39.67,None,34.67,None,22.33,None,6.00,None
1769449132.1778865,37.66,None,25.33,None,29.67,None,39.01,None,35.00,None,58.00,None,23.34,None,33.99,None,39.67,None,43.67,None,22.33,None,6.00,None
1769449132.1785998,37.66,None,25.33,None,29.67,None,39.01,None,35.00,None,58.00,None,23.34,None,33.99,None,39.67,None,43.67,None,22.33,None,6.00,None
1769449132.4686248,37.66,None,25.33,None,29.67,None,42.34,None,44.00,None,58.00,None,23.34,None,33.99,None,39.67,None,43.67,None,31.00,None,6.00,None
1769449132.4693556,37.66,None,25.33,None,29.67,None,42.34,None,44.00,None,58.00,None,23.34,None,33.99,None,39.67,None,43.67,None,31.00,None,6.00,None
1769449132.7201838,37.66,None,25.33,None,29.67,None,45.67,None,57.00,None,58.00,None,23.34,None,33.99,None,41.34,None,43.67,None,31.00,None,6.00,None
1769449132.720945,37.66,None,25.33,None,29.67,None,45.67,None,57.00,None,58.00,None,23.34,None,33.99,None,41.34,None,43.67,None,31.00,None,6.00,None
1769449134.1761446,37.66,None,34.33,None,21.00,None,54.34,None,57.00,None,50.67,None,19.01,None,33.99,None,28.67,None,35.00,None,22.00,None,4.33,None
1769449134.1768649,37.66,None,34.33,None,21.00,None,54.34,None,57.00,None,50.67,None,19.01,None,33.99,None,28.67,None,35.00,None,22.00,None,4.33,None
1769449134.431275,37.66,None,34.33,None,21.00,None,54.34,None,57.00,None,50.67,None,19.01,None,33.99,None,32.67,None,35.00,None,30.67,None,4.33,None
1769449134.4321554,37.66,None,34.33,None,21.00,None,54.34,None,57.00,None,50.67,None,19.01,None,33.99,None,32.67,None,35.00,None,30.67,None,4.33,None
1769449134.7123601,37.66,None,34.33,None,24.33,None,63.01,None,57.00,None,54.67,None,19.01,None,33.99,None,32.67,None,36.67,None,30.67,None,4.33,None
1769449134.7131302,37.66,None,34.33,None,24.33,None,63.01,None,57.00,None,54.67,None,19.01,None,33.99,None,32.67,None,36.67,None,30.67,None,4.33,None
1769449137.4914868,12.33,None,21.00,None,13.66,None,38.34,None,44.00,None,None,None,10.34,None,22.33,None,20.67,None,15.67,None,30.67,None,0.00,None
1769449137.492148,12.33,None,21.00,None,13.66,None,38.34,None,44.00,None,None,None,10.34,None,22.33,None,20.67,None,15.67,None,30.67,None,0.00,None
1769449137.766605,12.33,None,30.00,None,13.66,None,38.34,None,44.00,None,None,None,10.34,None,22.33,None,20.67,None,24.34,None,30.67,None,0.00,None
1769449137.767265,12.33,None,30.00,None,13.66,None,38.34,None,44.00,None,None,None,10.34,None,22.33,None,20.67,None,24.34,None,30.67,None,0.00,None
1769449138.035109,12.33,None,30.00,None,13.66,None,47.34,None,44.00,None,None,None,10.34,None,22.33,None,25.00,None,28.34,None,30.67,None,8.67,None
1769449138.035806,12.33,None,30.00,None,13.66,None,47.34,None,44.00,None,None,None,10.34,None,22.33,None,25.00,None,28.34,None,30.67,None,8.67,None
1769449138.3118129,12.33,None,30.00,None,13.66,None,47.34,None,48.00,None,None,None,10.34,None,31.00,None,25.00,None,28.34,None,30.67,None,8.67,None
1769449138.3127067,12.33,None,30.00,None,13.66,None,47.34,None,48.00,None,None,None,10.34,None,31.00,None,25.00,None,28.34,None,30.67,None,8.67,None
1769449138.5856478,12.33,None,30.00,None,17.99,None,50.67,None,48.00,None,None,None,10.34,None,35.00,None,25.00,None,28.34,None,30.67,None,17.67,None
1769449138.5863488,12.33,None,30.00,None,17.99,None,50.67,None,48.00,None,None,None,10.34,None,35.00,None,25.00,None,28.34,None,30.67,None,17.67,None
1769449138.8235934,12.33,None,30.00,None,17.99,None,50.67,None,48.00,None,None,None,10.34,None,35.00,None,25.00,None,28.34,None,30.67,None,17.67,None
1769449138.8243108,12.33,None,30.00,None,17.99,None,50.67,None,48.00,None,None,None,10.34,None,35.00,None,25.00,None,28.34,None,30.67,None,17.67,None
1769449139.0554361,12.33,None,30.00,None,17.99,None,50.67,None,48.00,None,None,None,10.34,None,35.00,None,25.00,None,28.34,None,30.67,None,17.67,None
1769449139.0561554,12.33,None,30.00,None,17.99,None,50.67,None,48.00,None,None,None,10.34,None,35.00,None,25.00,None,28.34,None,30.67,None,17.67,None
1769449139.3153372,21.33,None,38.67,None,17.99,None,50.67,None,48.00,None,None,None,10.34,None,35.00,None,29.00,None,28.34,None,30.67,None,17.67,None
1769449139.3161738,21.33,None,38.67,None,17.99,None,50.67,None,48.00,None,None,None,10.34,None,35.00,None,29.00,None,28.34,None,30.67,None,17.67,None
1769449139.5919757,12.33,None,30.00,None,4.33,None,None,None,26.33,None,None,None,8.67,None,22.33,None,13.34,None,33.34,None,8.67,None,0.00,None
1769449139.5925994,12.33,None,30.00,None,4.33,None,None,None,26.33,None,None,None,8.67,None,22.33,None,13.34,None,33.34,None,8.67,None,0.00,None
1769449139.8543682,12.33,None,30.00,None,4.33,None,None,None,26.33,None,None,None,8.67,None,22.33,None,22.01,None,37.34,None,17.67,None,0.00,None
1769449139.8550057,12.33,None,30.00,None,4.33,None,None,None,26.33,None,None,None,8.67,None,22.33,None,22.01,None,37.34,None,17.67,None,0.00,None
1769449140.1034796,12.33,None,30.00,None,4.33,None,None,None,26.33,None,None,None,8.67,None,29.66,None,22.01,None,46.01,None,17.67,None,0.00,None
1769449140.1041057,12.33,None,30.00,None,4.33,None,None,None,26.33,None,None,None,8.67,None,29.66,None,22.01,None,46.01,None,17.67,None,0.00,None
1769449140.348713,14.00,None,38.67,None,4.33,None,None,None,26.33,None,None,None,8.67,None,32.99,None,26.01,None,46.01,None,17.67,None,4.33,None
1769449140.3494928,14.00,None,38.67,None,4.33,None,None,None,26.33,None,None,None,8.67,None,32.99,None,26.01,None,46.01,None,17.67,None,4.33,None
1769449140.6212611,14.00,None,47.34,None,4.33,None,None,None,30.33,None,None,None,8.67,None,32.99,None,26.01,None,47.68,None,17.67,None,17.66,None
1769449140.621919,14.00,None,47.34,None,4.33,None,None,None,30.33,None,None,None,8.67,None,32.99,None,26.01,None,47.68,None,17.67,None,17.66,None
1769449140.8931358,22.67,None,47.34,None,4.33,None,None,None,30.33,None,None,None,8.67,None,32.99,None,26.01,None,55.01,None,19.34,None,21.99,None
1769449140.8938138,22.67,None,47.34,None,4.33,None,None,None,30.33,None,None,None,8.67,None,32.99,None,26.01,None,55.01,None,19.34,None,21.99,None
1769449141.1506014,22.67,None,47.34,None,4.33,None,None,None,30.33,None,None,None,17.34,None,32.99,None,27.68,None,59.01,None,19.34,None,25.32,None
1769449141.151284,22.67,None,47.34,None,4.33,None,None,None,30.33,None,None,None,17.34,None,32.99,None,27.68,None,59.01,None,19.34,None,25.32,None
1769449141.371946,22.67,None,47.34,None,4.33,None,None,None,30.33,None,None,None,17.34,None,32.99,None,27.68,None,59.01,None,19.34,None,25.32,None
1769449141.3728535,22.67,None,47.34,None,4.33,None,None,None,30.33,None,None,None,17.34,None,32.99,None,27.68,None,59.01,None,19.34,None,25.32,None
1769449141.6172836,22.67,None,51.67,None,4.33,None,None,None,41.00,None,None,None,17.34,None,32.99,None,31.68,None,59.01,None,19.34,None,25.32,None
1769449141.617977,22.67,None,51.67,None,4.33,None,None,None,41.00,None,None,None,17.34,None,32.99,None,31.68,None,59.01,None,19.34,None,25.32,None
1769449144.3844407,22.67,None,51.67,None,4.33,None,None,None,41.00,None,None,None,17.34,None,32.99,None,31.68,None,59.01,None,19.34,None,25.32,None
1769449144.3853312,22.67,None,51.67,None,4.33,None,None,None,41.00,None,None,None,17.34,None,32.99,None,31.68,None,59.01,None,19.34,None,25.32,None
1769449155.3334155,4.00,None,34.33,None,0.00,None,None,None,32.00,None,None,None,8.67,None,15.66,None,28.68,None,48.35,None,22.00,None,16.66,None
1769449155.334077,4.00,None,34.33,None,0.00,None,None,None,32.00,None,None,None,8.67,None,15.66,None,28.68,None,48.35,None,22.00,None,16.66,None
1769449155.5940106,4.00,None,34.33,None,5.00,None,None,None,32.00,None,None,None,8.67,None,15.66,None,28.68,None,52.35,None,22.00,None,20.99,None
1769449155.5946524,4.00,None,34.33,None,5.00,None,None,None,32.00,None,None,None,8.67,None,15.66,None,28.68,None,52.35,None,22.00,None,20.99,None
1769449155.862968,4.00,None,34.33,None,5.00,None,None,None,32.00,None,None,None,8.67,None,15.66,None,28.68,None,52.35,None,25.33,None,29.66,None
1769449155.863629,4.00,None,34.33,None,5.00,None,None,None,32.00,None,None,None,8.67,None,15.66,None,28.68,None,52.35,None,25.33,None,29.66,None
1769449156.0929122,4.00,None,34.33,None,5.00,None,None,None,32.00,None,None,None,8.67,None,15.66,None,28.68,None,52.35,None,25.33,None,29.66,None
1769449156.0935864,4.00,None,34.33,None,5.00,None,None,None,32.00,None,None,None,8.67,None,15.66,None,28.68,None,52.35,None,25.33,None,29.66,None
1769449156.335579,8.00,None,34.33,None,5.00,None,None,None,41.00,None,None,None,13.00,None,15.66,None,28.68,None,52.35,None,25.33,None,29.66,None
1769449156.3364391,8.00,None,34.33,None,5.00,None,None,None,41.00,None,None,None,13.00,None,15.66,None,28.68,None,52.35,None,25.33,None,29.66,None
1769449156.6003287,8.00,None,34.33,None,13.67,None,None,None,41.00,None,None,None,13.00,None,19.99,None,32.68,None,61.35,None,25.33,None,29.66,None
1769449156.601033,8.00,None,34.33,None,13.67,None,None,None,41.00,None,None,None,13.00,None,19.99,None,32.68,None,61.35,None,25.33,None,29.66,None
1769449159.687505,8.00,None,30.00,None,26.67,None,13.00,None,30.33,None,1.67,None,13.00,None,19.99,None,28.68,None,61.35,None,25.33,None,29.66,None
1769449159.6882036,8.00,None,30.00,None,26.67,None,13.00,None,30.33,None,1.67,None,13.00,None,19.99,None,28.68,None,61.35,None,25.33,None,29.66,None
1769449164.6606784,17.00,None,30.00,None,26.67,None,9.00,None,30.33,None,0.00,None,13.00,None,19.99,None,20.01,None,52.35,None,20.66,None,29.66,None
1769449164.6613965,17.00,None,30.00,None,26.67,None,9.00,None,30.33,None,0.00,None,13.00,None,19.99,None,20.01,None,52.35,None,20.66,None,29.66,None
1769449164.9456553,17.00,None,30.00,None,26.67,None,13.33,None,30.33,None,1.67,None,13.00,None,19.99,None,20.01,None,61.35,None,29.33,None,29.66,None
1769449164.946331,17.00,None,30.00,None,26.67,None,13.33,None,30.33,None,1.67,None,13.00,None,19.99,None,20.01,None,61.35,None,29.33,None,29.66,None
1769449167.0840788,17.00,None,8.33,None,0.00,None,15.34,None,26.33,None,4.00,None,13.00,None,11.66,None,25.01,None,None,None,20.66,None,12.00,None
1769449167.0847328,17.00,None,8.33,None,0.00,None,15.34,None,26.33,None,4.00,None,13.00,None,11.66,None,25.01,None,None,None,20.66,None,12.00,None
1769449167.3795352,17.00,None,8.33,None,9.00,None,15.34,None,26.33,None,8.00,None,13.00,None,11.66,None,25.01,None,None,None,20.66,None,12.00,None
1769449167.3801482,17.00,None,8.33,None,9.00,None,15.34,None,26.33,None,8.00,None,13.00,None,11.66,None,25.01,None,None,None,20.66,None,12.00,None
1769449167.65765,17.00,None,8.33,None,9.00,None,28.34,None,26.33,None,11.33,None,13.00,None,11.66,None,25.01,None,None,None,20.66,None,12.00,None
1769449167.658284,17.00,None,8.33,None,9.00,None,28.34,None,26.33,None,11.33,None,13.00,None,11.66,None,25.01,None,None,None,20.66,None,12.00,None
1769449167.9673555,17.00,None,8.33,None,9.00,None,28.34,None,26.33,None,15.66,None,13.00,None,15.66,None,28.34,None,None,None,20.66,None,12.00,None
1769449167.9680297,17.00,None,8.33,None,9.00,None,28.34,None,26.33,None,15.66,None,13.00,None,15.66,None,28.34,None,None,None,20.66,None,12.00,None
1769449168.2611942,17.00,None,4.00,None,9.00,None,31.67,None,26.33,None,15.66,None,13.00,None,24.66,None,24.34,None,None,None,11.99,None,12.00,None
1769449168.2618685,17.00,None,4.00,None,9.00,None,31.67,None,26.33,None,15.66,None,13.00,None,24.66,None,24.34,None,None,None,11.99,None,12.00,None
1769449168.57671,17.00,None,9.00,None,9.00,None,35.67,None,26.33,None,15.66,None,13.00,None,24.66,None,24.34,None,None,None,11.99,None,25.33,None
1769449168.5773807,17.00,None,9.00,None,9.00,None,35.67,None,26.33,None,15.66,None,13.00,None,24.66,None,24.34,None,None,None,11.99,None,25.33,None
1769449168.8394578,17.00,None,13.00,None,9.00,None,35.67,None,26.33,None,24.33,None,13.00,None,24.66,None,28.67,None,None,None,20.99,None,25.33,None
1769449168.8401368,17.00,None,13.00,None,9.00,None,35.67,None,26.33,None,24.33,None,13.00,None,24.66,None,28.67,None,None,None,20.99,None,25.33,None
1769449169.1241858,17.00,None,13.00,None,9.00,None,40.00,None,26.33,None,24.33,None,13.00,None,33.66,None,28.67,None,None,None,20.99,None,25.33,None
1769449169.1249914,17.00,None,13.00,None,9.00,None,40.00,None,26.33,None,24.33,None,13.00,None,33.66,None,28.67,None,None,None,20.99,None,25.33,None
1769449169.6789186,26.00,None,13.00,None,10.67,None,40.67,None,17.66,None,27.66,None,13.00,None,33.66,None,27.00,None,None,None,20.99,None,25.33,None
1769449169.6795883,26.00,None,13.00,None,10.67,None,40.67,None,17.66,None,27.66,None,13.00,None,33.66,None,27.00,None,None,None,20.99,None,25.33,None
1769449183.378961,26.00,None,21.67,None,1.67,None,36.34,None,20.99,None,23.66,None,13.00,None,33.66,None,31.00,None,None,None,20.99,None,25.33,None
1769449183.3796313,26.00,None,21.67,None,1.67,None,36.34,None,20.99,None,23.66,None,13.00,None,33.66,None,31.00,None,None,None,20.99,None,25.33,None
1769449183.6683385,26.00,None,21.67,None,1.67,None,36.34,None,29.99,None,27.66,None,13.00,None,33.66,None,31.00,None,None,None,20.99,None,28.66,None
1769449183.6690438,26.00,None,21.67,None,1.67,None,36.34,None,29.99,None,27.66,None,13.00,None,33.66,None,31.00,None,None,None,20.99,None,28.66,None
1769449183.9516315,26.00,None,21.67,None,1.67,None,45.34,None,29.99,None,27.66,None,14.67,None,33.66,None,39.67,None,None,None,20.99,None,28.66,None
1769449183.9525092,26.00,None,21.67,None,1.67,None,45.34,None,29.99,None,27.66,None,14.67,None,33.66,None,39.67,None,None,None,20.99,None,28.66,None
1769449184.2049952,26.00,None,21.67,None,1.67,None,45.34,None,29.99,None,27.66,None,14.67,None,35.33,None,39.67,None,None,None,29.99,None,31.99,None
1769449184.2056873,26.00,None,21.67,None,1.67,None,45.34,None,29.99,None,27.66,None,14.67,None,35.33,None,39.67,None,None,None,29.99,None,31.99,None
1769449184.4777195,26.00,None,21.67,None,1.67,None,45.34,None,38.66,None,27.66,None,19.00,None,35.33,None,39.67,None,None,None,29.99,None,31.99,None
1769449184.4784484,26.00,None,21.67,None,1.67,None,45.34,None,38.66,None,27.66,None,19.00,None,35.33,None,39.67,None,None,None,29.99,None,31.99,None
1769449184.723076,26.00,None,26.67,None,1.67,None,54.34,None,42.66,None,27.66,None,19.00,None,35.33,None,39.67,None,None,None,29.99,None,31.99,None
1769449184.7238114,26.00,None,26.67,None,1.67,None,54.34,None,42.66,None,27.66,None,19.00,None,35.33,None,39.67,None,None,None,29.99,None,31.99,None
