timestamp,2.,2.1,5.,5.1,6.,6.1,8.,8.1,9.,9.1,14.,14.1,18.,18.1,23.,23.1,25.,25.1,28.,28.1,33.,33.1,34.,34.1
1762053445.4313493,0.00,0.00,0.00,0.00,0.00,0.00,0.00,0.00,33.00,0.00,0.00,0.00,0.00,0.00,0.00,0.00,0.00,0.00,0.00,0.00,0.00,0.00,0.00,0.00
1762053445.4321063,0.00,0.00,0.00,0.00,0.00,0.00,0.00,0.00,33.00,0.00,0.00,0.00,0.00,0.00,0.00,0.00,0.00,0.00,0.00,0.00,0.00,0.00,0.00,0.00
1762053445.455463,0.00,0.00,0.00,0.00,0.00,0.00,0.00,0.00,33.00,0.00,0.00,0.00,0.00,0.00,0.00,0.00,0.00,0.00,0.00,0.00,0.00,0.00,0.00,0.00
1762053445.4560459,0.00,0.00,0.00,0.00,0.00,0.00,0.00,0.00,33.00,0.00,0.00,0.00,0.00,0.00,0.00,0.00,0.00,0.00,0.00,0.00,0.00,0.00,0.00,0.00
1762053445.4839706,0.00,0.00,0.00,0.00,0.00,0.00,0.00,0.00,33.00,0.00,0.00,0.00,0.00,0.00,0.00,0.00,0.00,33.00,0.00,0.00,0.00,0.00,0.00,0.00
1762053445.484579,0.00,0.00,0.00,0.00,0.00,0.00,0.00,0.00,33.00,0.00,0.00,0.00,0.00,0.00,0.00,0.00,0.00,33.00,0.00,0.00,0.00,0.00,0.00,0.00
1762053445.5114374,0.00,0.00,0.00,0.00,0.00,0.00,0.00,0.00,33.00,0.00,0.00,0.00,0.00,0.00,0.00,0.00,0.00,33.00,0.00,33.00,0.00,0.00,0.00,0.00
1762053445.512034,0.00,0.00,0.00,0.00,0.00,0.00,0.00,0.00,33.00,0.00,0.00,0.00,0.00,0.00,0.00,0.00,0.00,33.00,0.00,33.00,0.00,0.00,0.00,0.00
1762053445.5435638,0.00,0.00,0.00,0.00,0.00,0.00,0.00,0.00,33.00,0.00,0.00,0.00,0.00,0.00,0.00,0.00,0.00,33.00,0.00,33.00,0.00,0.00,0.00,0.00
1762053445.5441418,0.00,0.00,0.00,0.00,0.00,0.00,0.00,0.00,33.00,0.00,0.00,0.00,0.00,0.00,0.00,0.00,0.00,33.00,0.00,33.00,0.00,0.00,0.00,0.00
1762053445.571815,0.00,0.00,0.00,0.00,0.00,0.00,0.00,0.00,33.00,0.00,0.00,0.00,0.00,0.00,0.00,0.00,0.00,33.00,0.00,33.00,0.00,0.00,0.00,0.00
1762053445.5723932,0.00,0.00,0.00,0.00,0.00,0.00,0.00,0.00,33.00,0.00,0.00,0.00,0.00,0.00,0.00,0.00,0.00,33.00,0.00,33.00,0.00,0.00,0.00,0.00
1762053464.428417,0.00,0.00,0.00,0.00,0.00,0.00,0.00,0.00,66.00,0.00,0.00,0.00,0.00,0.00,0.00,0.00,0.00,33.00,0.00,33.00,0.00,0.00,0.00,0.00
1762053464.4291337,0.00,0.00,0.00,0.00,0.00,0.00,0.00,0.00,66.00,0.00,0.00,0.00,0.00,0.00,0.00,0.00,0.00,33.00,0.00,33.00,0.00,0.00,0.00,0.00
1762053464.4607425,0.00,0.00,0.00,0.00,0.00,0.00,0.00,33.00,66.00,0.00,0.00,0.00,0.00,0.00,0.00,0.00,0.00,33.00,0.00,33.00,0.00,0.00,0.00,0.00
1762053464.4616904,0.00,0.00,0.00,0.00,0.00,0.00,0.00,33.00,66.00,0.00,0.00,0.00,0.00,0.00,0.00,0.00,0.00,33.00,0.00,33.00,0.00,0.00,0.00,0.00
1762053464.4900882,33.00,0.00,0.00,0.00,0.00,0.00,0.00,33.00,66.00,0.00,0.00,0.00,0.00,0.00,0.00,0.00,0.00,33.00,0.00,33.00,0.00,0.00,0.00,0.00
1762053464.4910264,33.00,0.00,0.00,0.00,0.00,0.00,0.00,33.00,66.00,0.00,0.00,0.00,0.00,0.00,0.00,0.00,0.00,33.00,0.00,33.00,0.00,0.00,0.00,0.00
1762053464.5207005,33.00,0.00,0.00,0.00,0.00,0.00,0.00,33.00,66.00,0.00,0.00,0.00,0.00,0.00,0.00,0.00,0.00,33.00,0.00,33.00,0.00,0.00,0.00,0.00
1762053464.521637,33.00,0.00,0.00,0.00,0.00,0.00,0.00,33.00,66.00,0.00,0.00,0.00,0.00,0.00,0.00,0.00,0.00,33.00,0.00,33.00,0.00,0.00,0.00,0.00
1762053464.5574675,33.00,0.00,0.00,0.00,0.00,0.00,0.00,33.00,66.00,0.00,0.00,0.00,0.00,0.00,0.00,0.00,0.00,33.00,0.00,33.00,0.00,0.00,0.00,0.00
1762053464.558434,33.00,0.00,0.00,0.00,0.00,0.00,0.00,33.00,66.00,0.00,0.00,0.00,0.00,0.00,0.00,0.00,0.00,33.00,0.00,33.00,0.00,0.00,0.00,0.00
1762053464.590741,33.00,0.00,0.00,0.00,0.00,0.00,0.00,33.00,66.00,0.00,0.00,0.00,0.00,0.00,0.00,0.00,0.00,33.00,0.00,33.00,0.00,0.00,0.00,0.00
1762053464.5916831,33.00,0.00,0.00,0.00,0.00,0.00,0.00,33.00,66.00,0.00,0.00,0.00,0.00,0.00,0.00,0.00,0.00,33.00,0.00,33.00,0.00,0.00,0.00,0.00
1762053483.4274404,33.00,0.00,0.00,0.00,0.00,0.00,0.00,33.00,66.00,0.00,0.00,33.00,0.00,0.00,0.00,0.00,0.00,33.00,0.00,33.00,0.00,0.00,0.00,0.00
1762053483.428076,33.00,0.00,0.00,0.00,0.00,0.00,0.00,33.00,66.00,0.00,0.00,33.00,0.00,0.00,0.00,0.00,0.00,33.00,0.00,33.00,0.00,0.00,0.00,0.00
1762053483.4562576,33.00,0.00,0.00,0.00,0.00,0.00,0.00,33.00,66.00,0.00,0.00,33.00,0.00,0.00,0.00,0.00,0.00,33.00,0.00,33.00,0.00,0.00,0.00,0.00
1762053483.4568927,33.00,0.00,0.00,0.00,0.00,0.00,0.00,33.00,66.00,0.00,0.00,33.00,0.00,0.00,0.00,0.00,0.00,33.00,0.00,33.00,0.00,0.00,0.00,0.00
1762053483.4850101,66.00,0.00,0.00,0.00,0.00,0.00,0.00,33.00,66.00,0.00,0.00,33.00,0.00,0.00,0.00,0.00,0.00,33.00,0.00,33.00,0.00,0.00,0.00,0.00
1762053483.485646,66.00,0.00,0.00,0.00,0.00,0.00,0.00,33.00,66.00,0.00,0.00,33.00,0.00,0.00,0.00,0.00,0.00,33.00,0.00,33.00,0.00,0.00,0.00,0.00
1762053483.5183654,66.00,0.00,0.00,0.00,0.00,0.00,0.00,33.00,66.00,0.00,0.00,33.00,0.00,0.00,0.00,0.00,0.00,33.00,0.00,33.00,0.00,0.00,0.00,0.00
1762053483.5190039,66.00,0.00,0.00,0.00,0.00,0.00,0.00,33.00,66.00,0.00,0.00,33.00,0.00,0.00,0.00,0.00,0.00,33.00,0.00,33.00,0.00,0.00,0.00,0.00
1762053483.5483787,66.00,0.00,33.00,0.00,0.00,0.00,0.00,33.00,66.00,0.00,0.00,33.00,0.00,0.00,0.00,0.00,0.00,33.00,0.00,33.00,0.00,0.00,0.00,0.00
1762053483.5489945,66.00,0.00,33.00,0.00,0.00,0.00,0.00,33.00,66.00,0.00,0.00,33.00,0.00,0.00,0.00,0.00,0.00,33.00,0.00,33.00,0.00,0.00,0.00,0.00
1762053483.5801063,66.00,0.00,33.00,0.00,0.00,0.00,0.00,33.00,66.00,0.00,0.00,33.00,0.00,0.00,0.00,0.00,0.00,33.00,0.00,33.00,0.00,0.00,0.00,0.00
1762053483.5807536,66.00,0.00,33.00,0.00,0.00,0.00,0.00,33.00,66.00,0.00,0.00,33.00,0.00,0.00,0.00,0.00,0.00,33.00,0.00,33.00,0.00,0.00,0.00,0.00
1762053486.4947083,66.00,0.00,33.00,0.00,0.00,0.00,0.00,0.00,66.00,0.00,0.00,33.00,0.00,0.00,33.00,0.00,0.00,33.00,0.00,33.00,0.00,0.00,0.00,0.00
1762053486.4953375,66.00,0.00,33.00,0.00,0.00,0.00,0.00,0.00,66.00,0.00,0.00,33.00,0.00,0.00,33.00,0.00,0.00,33.00,0.00,33.00,0.00,0.00,0.00,0.00
1762053486.5218818,66.00,0.00,33.00,0.00,0.00,0.00,0.00,0.00,66.00,0.00,0.00,33.00,0.00,0.00,33.00,0.00,0.00,33.00,0.00,33.00,0.00,0.00,0.00,0.00
1762053486.5224898,66.00,0.00,33.00,0.00,0.00,0.00,0.00,0.00,66.00,0.00,0.00,33.00,0.00,0.00,33.00,0.00,0.00,33.00,0.00,33.00,0.00,0.00,0.00,0.00
1762053500.4351852,66.00,0.00,33.00,0.00,0.00,0.00,0.00,0.00,66.00,0.00,0.00,33.00,0.00,0.00,33.00,0.00,0.00,33.00,33.00,33.00,0.00,0.00,0.00,0.00
1762053500.4358432,66.00,0.00,33.00,0.00,0.00,0.00,0.00,0.00,66.00,0.00,0.00,33.00,0.00,0.00,33.00,0.00,0.00,33.00,33.00,33.00,0.00,0.00,0.00,0.00
1762053500.4671707,66.00,0.00,33.00,0.00,0.00,0.00,0.00,33.00,66.00,0.00,0.00,33.00,0.00,0.00,33.00,0.00,0.00,33.00,33.00,33.00,0.00,0.00,0.00,0.00
1762053500.4677835,66.00,0.00,33.00,0.00,0.00,0.00,0.00,33.00,66.00,0.00,0.00,33.00,0.00,0.00,33.00,0.00,0.00,33.00,33.00,33.00,0.00,0.00,0.00,0.00
1762053500.501745,66.00,0.00,33.00,0.00,0.00,0.00,0.00,33.00,66.00,0.00,0.00,33.00,0.00,0.00,33.00,0.00,0.00,33.00,33.00,33.00,0.00,0.00,0.00,0.00
1762053500.5023794,66.00,0.00,33.00,0.00,0.00,0.00,0.00,33.00,66.00,0.00,0.00,33.00,0.00,0.00,33.00,0.00,0.00,33.00,33.00,33.00,0.00,0.00,0.00,0.00
1762053500.533861,66.00,0.00,33.00,0.00,0.00,0.00,0.00,33.00,66.00,0.00,0.00,33.00,0.00,0.00,66.00,0.00,0.00,33.00,33.00,33.00,0.00,0.00,0.00,0.00
1762053500.5344577,66.00,0.00,33.00,0.00,0.00,0.00,0.00,33.00,66.00,0.00,0.00,33.00,0.00,0.00,66.00,0.00,0.00,33.00,33.00,33.00,0.00,0.00,0.00,0.00
1762053500.5691028,66.00,0.00,33.00,0.00,0.00,0.00,0.00,33.00,66.00,0.00,0.00,33.00,0.00,0.00,66.00,0.00,0.00,33.00,33.00,33.00,0.00,0.00,0.00,0.00
1762053500.56973,66.00,0.00,33.00,0.00,0.00,0.00,0.00,33.00,66.00,0.00,0.00,33.00,0.00,0.00,66.00,0.00,0.00,33.00,33.00,33.00,0.00,0.00,0.00,0.00
1762053500.6018543,66.00,0.00,33.00,0.00,0.00,0.00,0.00,33.00,66.00,0.00,0.00,33.00,0.00,0.00,66.00,0.00,0.00,33.00,33.00,33.00,0.00,0.00,0.00,0.00
1762053500.6024518,66.00,0.00,33.00,0.00,0.00,0.00,0.00,33.00,66.00,0.00,0.00,33.00,0.00,0.00,66.00,0.00,0.00,33.00,33.00,33.00,0.00,0.00,0.00,0.00
1762053506.506206,66.00,0.00,33.00,0.00,0.00,0.00,0.00,33.00,66.00,0.00,33.00,33.00,0.00,0.00,66.00,0.00,0.00,33.00,33.00,33.00,0.00,0.00,0.00,0.00
1762053506.5068727,66.00,0.00,33.00,0.00,0.00,0.00,0.00,33.00,66.00,0.00,33.00,33.00,0.00,0.00,66.00,0.00,0.00,33.00,33.00,33.00,0.00,0.00,0.00,0.00
1762053511.5132062,66.00,0.00,33.00,0.00,0.00,0.00,0.00,33.00,66.00,0.00,33.00,33.00,0.00,0.00,66.00,0.00,0.00,33.00,33.00,33.00,0.00,0.00,0.00,0.00
1762053511.51385,66.00,0.00,33.00,0.00,0.00,0.00,0.00,33.00,66.00,0.00,33.00,33.00,0.00,0.00,66.00,0.00,0.00,33.00,33.00,33.00,0.00,0.00,0.00,0.00
1762053511.5433586,66.00,0.00,33.00,0.00,0.00,0.00,0.00,33.00,66.00,0.00,33.00,33.00,0.00,0.00,66.00,0.00,0.00,33.00,66.00,33.00,0.00,0.00,0.00,0.00
1762053511.5439477,66.00,0.00,33.00,0.00,0.00,0.00,0.00,33.00,66.00,0.00,33.00,33.00,0.00,0.00,66.00,0.00,0.00,33.00,66.00,33.00,0.00,0.00,0.00,0.00
1762053511.5722284,66.00,0.00,33.00,0.00,0.00,0.00,0.00,33.00,66.00,0.00,33.00,33.00,0.00,0.00,66.00,0.00,33.00,33.00,66.00,33.00,0.00,0.00,0.00,0.00
1762053511.5728004,66.00,0.00,33.00,0.00,0.00,0.00,0.00,33.00,66.00,0.00,33.00,33.00,0.00,0.00,66.00,0.00,33.00,33.00,66.00,33.00,0.00,0.00,0.00,0.00
1762053511.6033092,66.00,0.00,33.00,0.00,0.00,0.00,0.00,33.00,66.00,0.00,33.00,33.00,0.00,0.00,66.00,0.00,33.00,33.00,66.00,33.00,0.00,0.00,0.00,0.00
1762053511.603921,66.00,0.00,33.00,0.00,0.00,0.00,0.00,33.00,66.00,0.00,33.00,33.00,0.00,0.00,66.00,0.00,33.00,33.00,66.00,33.00,0.00,0.00,0.00,0.00
1762053516.5074654,66.00,0.00,33.00,0.00,0.00,0.00,0.00,33.00,33.00,0.00,66.00,33.00,0.00,0.00,66.00,0.00,33.00,33.00,66.00,33.00,0.00,0.00,0.00,0.00
1762053516.5078392,66.00,0.00,33.00,0.00,0.00,0.00,0.00,33.00,33.00,0.00,66.00,33.00,0.00,0.00,66.00,0.00,33.00,33.00,66.00,33.00,0.00,0.00,0.00,0.00
1762053521.455466,66.00,0.00,33.00,0.00,0.00,0.00,0.00,33.00,66.00,0.00,66.00,33.00,0.00,0.00,66.00,0.00,33.00,33.00,66.00,33.00,0.00,0.00,0.00,0.00
1762053521.4560988,66.00,0.00,33.00,0.00,0.00,0.00,0.00,33.00,66.00,0.00,66.00,33.00,0.00,0.00,66.00,0.00,33.00,33.00,66.00,33.00,0.00,0.00,0.00,0.00
1762053521.4934652,66.00,0.00,33.00,0.00,0.00,0.00,0.00,33.00,66.00,0.00,99.00,33.00,0.00,0.00,66.00,0.00,33.00,33.00,66.00,33.00,0.00,0.00,0.00,0.00
1762053521.4941344,66.00,0.00,33.00,0.00,0.00,0.00,0.00,33.00,66.00,0.00,99.00,33.00,0.00,0.00,66.00,0.00,33.00,33.00,66.00,33.00,0.00,0.00,0.00,0.00
1762053521.5288746,66.00,0.00,33.00,0.00,0.00,0.00,0.00,33.00,66.00,0.00,99.00,33.00,0.00,0.00,66.00,0.00,33.00,33.00,66.00,33.00,0.00,0.00,0.00,0.00
1762053521.5294933,66.00,0.00,33.00,0.00,0.00,0.00,0.00,33.00,66.00,0.00,99.00,33.00,0.00,0.00,66.00,0.00,33.00,33.00,66.00,33.00,0.00,0.00,0.00,0.00
1762053521.565328,66.00,0.00,33.00,0.00,0.00,0.00,0.00,33.00,66.00,0.00,99.00,33.00,0.00,0.00,66.00,0.00,33.00,33.00,66.00,33.00,0.00,0.00,0.00,0.00
1762053521.5659568,66.00,0.00,33.00,0.00,0.00,0.00,0.00,33.00,66.00,0.00,99.00,33.00,0.00,0.00,66.00,0.00,33.00,33.00,66.00,33.00,0.00,0.00,0.00,0.00
1762053521.603251,66.00,0.00,33.00,0.00,0.00,0.00,0.00,33.00,66.00,0.00,99.00,33.00,0.00,0.00,66.00,0.00,33.00,33.00,66.00,33.00,0.00,0.00,0.00,0.00
1762053521.6038785,66.00,0.00,33.00,0.00,0.00,0.00,0.00,33.00,66.00,0.00,99.00,33.00,0.00,0.00,66.00,0.00,33.00,33.00,66.00,33.00,0.00,0.00,0.00,0.00
1762053521.637812,66.00,0.00,33.00,0.00,0.00,0.00,0.00,33.00,66.00,0.00,99.00,33.00,0.00,0.00,66.00,0.00,33.00,33.00,66.00,33.00,0.00,0.00,0.00,0.00
1762053521.638445,66.00,0.00,33.00,0.00,0.00,0.00,0.00,33.00,66.00,0.00,99.00,33.00,0.00,0.00,66.00,0.00,33.00,33.00,66.00,33.00,0.00,0.00,0.00,0.00
1762053521.67532,33.00,0.00,0.00,0.00,0.00,0.00,0.00,33.00,66.00,0.00,99.00,33.00,0.00,0.00,66.00,0.00,66.00,0.00,66.00,33.00,0.00,0.00,0.00,0.00
1762053521.6759198,33.00,0.00,0.00,0.00,0.00,0.00,0.00,33.00,66.00,0.00,99.00,33.00,0.00,0.00,66.00,0.00,66.00,0.00,66.00,33.00,0.00,0.00,0.00,0.00
1762053521.7129076,33.00,0.00,0.00,0.00,0.00,0.00,0.00,33.00,66.00,0.00,99.00,33.00,0.00,0.00,66.00,0.00,66.00,0.00,66.00,33.00,0.00,0.00,0.00,0.00
1762053521.7135456,33.00,0.00,0.00,0.00,0.00,0.00,0.00,33.00,66.00,0.00,99.00,33.00,0.00,0.00,66.00,0.00,66.00,0.00,66.00,33.00,0.00,0.00,0.00,0.00
1762053521.744092,33.00,0.00,33.00,0.00,0.00,0.00,0.00,33.00,66.00,0.00,99.00,33.00,0.00,0.00,66.00,0.00,66.00,0.00,66.00,33.00,0.00,0.00,0.00,0.00
1762053521.7446961,33.00,0.00,33.00,0.00,0.00,0.00,0.00,33.00,66.00,0.00,99.00,33.00,0.00,0.00,66.00,0.00,66.00,0.00,66.00,33.00,0.00,0.00,0.00,0.00
1762053521.776855,33.00,0.00,33.00,0.00,0.00,0.00,0.00,33.00,66.00,0.00,99.00,33.00,0.00,0.00,66.00,0.00,66.00,33.00,66.00,33.00,0.00,0.00,0.00,0.00
1762053521.7774575,33.00,0.00,33.00,0.00,0.00,0.00,0.00,33.00,66.00,0.00,99.00,33.00,0.00,0.00,66.00,0.00,66.00,33.00,66.00,33.00,0.00,0.00,0.00,0.00
1762053536.6788437,33.00,0.00,33.00,0.00,0.00,0.00,0.00,33.00,66.00,0.00,66.00,33.00,0.00,0.00,66.00,0.00,66.00,33.00,99.00,33.00,0.00,0.00,0.00,0.00
1762053536.6792378,33.00,0.00,33.00,0.00,0.00,0.00,0.00,33.00,66.00,0.00,66.00,33.00,0.00,0.00,66.00,0.00,66.00,33.00,99.00,33.00,0.00,0.00,0.00,0.00
1762053539.472871,33.00,0.00,33.00,0.00,0.00,0.00,0.00,33.00,66.00,0.00,66.00,33.00,0.00,0.00,66.00,0.00,99.00,33.00,99.00,33.00,0.00,0.00,0.00,0.00
1762053539.4735482,33.00,0.00,33.00,0.00,0.00,0.00,0.00,33.00,66.00,0.00,66.00,33.00,0.00,0.00,66.00,0.00,99.00,33.00,99.00,33.00,0.00,0.00,0.00,0.00
1762053539.498439,66.00,0.00,33.00,0.00,0.00,0.00,0.00,33.00,66.00,0.00,66.00,33.00,0.00,0.00,66.00,0.00,99.00,33.00,99.00,33.00,0.00,0.00,0.00,0.00
1762053539.4988115,66.00,0.00,33.00,0.00,0.00,0.00,0.00,33.00,66.00,0.00,66.00,33.00,0.00,0.00,66.00,0.00,99.00,33.00,99.00,33.00,0.00,0.00,0.00,0.00
1762053539.5333896,66.00,0.00,33.00,0.00,0.00,0.00,0.00,33.00,66.00,0.00,66.00,33.00,0.00,0.00,66.00,0.00,99.00,33.00,99.00,33.00,0.00,0.00,0.00,0.00
1762053539.534005,66.00,0.00,33.00,0.00,0.00,0.00,0.00,33.00,66.00,0.00,66.00,33.00,0.00,0.00,66.00,0.00,99.00,33.00,99.00,33.00,0.00,0.00,0.00,0.00
1762053539.5755522,66.00,0.00,33.00,0.00,0.00,0.00,33.00,33.00,66.00,0.00,66.00,33.00,0.00,0.00,66.00,0.00,99.00,33.00,99.00,33.00,0.00,0.00,0.00,0.00
1762053539.5761995,66.00,0.00,33.00,0.00,0.00,0.00,33.00,33.00,66.00,0.00,66.00,33.00,0.00,0.00,66.00,0.00,99.00,33.00,99.00,33.00,0.00,0.00,0.00,0.00
1762053539.6131465,66.00,0.00,33.00,0.00,0.00,0.00,33.00,33.00,66.00,0.00,66.00,33.00,0.00,0.00,66.00,0.00,99.00,33.00,99.00,33.00,0.00,0.00,0.00,0.00
1762053539.6137795,66.00,0.00,33.00,0.00,0.00,0.00,33.00,33.00,66.00,0.00,66.00,33.00,0.00,0.00,66.00,0.00,99.00,33.00,99.00,33.00,0.00,0.00,0.00,0.00
1762053539.6570492,66.00,0.00,33.00,0.00,0.00,0.00,33.00,33.00,66.00,0.00,99.00,33.00,0.00,0.00,66.00,0.00,99.00,33.00,99.00,33.00,0.00,0.00,0.00,0.00
1762053539.6577358,66.00,0.00,33.00,0.00,0.00,0.00,33.00,33.00,66.00,0.00,99.00,33.00,0.00,0.00,66.00,0.00,99.00,33.00,99.00,33.00,0.00,0.00,0.00,0.00
1762053571.7128284,66.00,0.00,0.00,0.00,0.00,0.00,33.00,33.00,33.00,0.00,66.00,33.00,0.00,0.00,33.00,0.00,99.00,33.00,99.00,33.00,0.00,0.00,0.00,0.00
1762053571.713498,66.00,0.00,0.00,0.00,0.00,0.00,33.00,33.00,33.00,0.00,66.00,33.00,0.00,0.00,33.00,0.00,99.00,33.00,99.00,33.00,0.00,0.00,0.00,0.00
1762053573.7041862,66.00,0.00,0.00,0.00,0.00,0.00,33.00,33.00,66.00,0.00,66.00,33.00,0.00,0.00,33.00,0.00,99.00,33.00,99.00,33.00,0.00,0.00,0.00,0.00
1762053573.7048762,66.00,0.00,0.00,0.00,0.00,0.00,33.00,33.00,66.00,0.00,66.00,33.00,0.00,0.00,33.00,0.00,99.00,33.00,99.00,33.00,0.00,0.00,0.00,0.00
1762053573.7440283,66.00,0.00,0.00,0.00,0.00,0.00,33.00,33.00,66.00,0.00,66.00,33.00,0.00,0.00,33.00,0.00,99.00,33.00,99.00,33.00,0.00,0.00,0.00,0.00
1762053573.7446845,66.00,0.00,0.00,0.00,0.00,0.00,33.00,33.00,66.00,0.00,66.00,33.00,0.00,0.00,33.00,0.00,99.00,33.00,99.00,33.00,0.00,0.00,0.00,0.00
1762053573.7864656,66.00,0.00,0.00,0.00,0.00,0.00,33.00,33.00,66.00,0.00,66.00,33.00,0.00,0.00,33.00,0.00,99.00,33.00,99.00,33.00,0.00,0.00,0.00,0.00
1762053573.7871232,66.00,0.00,0.00,0.00,0.00,0.00,33.00,33.00,66.00,0.00,66.00,33.00,0.00,0.00,33.00,0.00,99.00,33.00,99.00,33.00,0.00,0.00,0.00,0.00
1762053573.8291578,66.00,0.00,33.00,0.00,0.00,0.00,33.00,33.00,66.00,0.00,66.00,33.00,0.00,0.00,33.00,0.00,99.00,33.00,99.00,33.00,0.00,0.00,0.00,0.00
1762053573.8298354,66.00,0.00,33.00,0.00,0.00,0.00,33.00,33.00,66.00,0.00,66.00,33.00,0.00,0.00,33.00,0.00,99.00,33.00,99.00,33.00,0.00,0.00,0.00,0.00
1762053573.8680694,66.00,0.00,33.00,0.00,0.00,0.00,33.00,33.00,66.00,0.00,66.00,33.00,0.00,0.00,33.00,0.00,99.00,33.00,99.00,33.00,0.00,0.00,0.00,0.00
1762053573.8687341,66.00,0.00,33.00,0.00,0.00,0.00,33.00,33.00,66.00,0.00,66.00,33.00,0.00,0.00,33.00,0.00,99.00,33.00,99.00,33.00,0.00,0.00,0.00,0.00
1762053573.9081025,66.00,0.00,33.00,0.00,0.00,0.00,33.00,33.00,66.00,0.00,66.00,33.00,0.00,0.00,33.00,0.00,99.00,33.00,99.00,33.00,0.00,0.00,0.00,0.00
1762053573.9087958,66.00,0.00,33.00,0.00,0.00,0.00,33.00,33.00,66.00,0.00,66.00,33.00,0.00,0.00,33.00,0.00,99.00,33.00,99.00,33.00,0.00,0.00,0.00,0.00
1762053576.7252207,66.00,0.00,33.00,0.00,0.00,0.00,66.00,33.00,66.00,0.00,66.00,33.00,0.00,0.00,33.00,0.00,66.00,33.00,99.00,33.00,0.00,0.00,0.00,0.00
1762053576.725926,66.00,0.00,33.00,0.00,0.00,0.00,66.00,33.00,66.00,0.00,66.00,33.00,0.00,0.00,33.00,0.00,66.00,33.00,99.00,33.00,0.00,0.00,0.00,0.00
1762053576.7609048,66.00,0.00,33.00,0.00,0.00,0.00,66.00,33.00,66.00,0.00,66.00,33.00,0.00,0.00,33.00,0.00,66.00,33.00,99.00,33.00,0.00,0.00,0.00,0.00
1762053576.761554,66.00,0.00,33.00,0.00,0.00,0.00,66.00,33.00,66.00,0.00,66.00,33.00,0.00,0.00,33.00,0.00,66.00,33.00,99.00,33.00,0.00,0.00,0.00,0.00
1762053586.7311773,33.00,0.00,33.00,0.00,0.00,0.00,66.00,33.00,66.00,0.00,33.00,33.00,0.00,0.00,33.00,0.00,33.00,0.00,66.00,0.00,0.00,0.00,0.00,0.00
1762053586.7318287,33.00,0.00,33.00,0.00,0.00,0.00,66.00,33.00,66.00,0.00,33.00,33.00,0.00,0.00,33.00,0.00,33.00,0.00,66.00,0.00,0.00,0.00,0.00,0.00
1762053586.764366,33.00,0.00,33.00,0.00,0.00,0.00,66.00,33.00,66.00,0.00,33.00,33.00,0.00,0.00,33.00,0.00,33.00,33.00,66.00,0.00,0.00,0.00,0.00,0.00
1762053586.7649713,33.00,0.00,33.00,0.00,0.00,0.00,66.00,33.00,66.00,0.00,33.00,33.00,0.00,0.00,33.00,0.00,33.00,33.00,66.00,0.00,0.00,0.00,0.00,0.00
1762053591.5003438,33.00,0.00,33.00,0.00,0.00,0.00,66.00,33.00,66.00,0.00,33.00,33.00,0.00,0.00,33.00,0.00,33.00,33.00,66.00,33.00,0.00,0.00,0.00,0.00
1762053591.5009933,33.00,0.00,33.00,0.00,0.00,0.00,66.00,33.00,66.00,0.00,33.00,33.00,0.00,0.00,33.00,0.00,33.00,33.00,66.00,33.00,0.00,0.00,0.00,0.00
1762053591.5414405,33.00,0.00,33.00,0.00,0.00,0.00,66.00,33.00,66.00,0.00,33.00,33.00,0.00,0.00,33.00,0.00,33.00,33.00,99.00,33.00,0.00,0.00,0.00,0.00
1762053591.5420814,33.00,0.00,33.00,0.00,0.00,0.00,66.00,33.00,66.00,0.00,33.00,33.00,0.00,0.00,33.00,0.00,33.00,33.00,99.00,33.00,0.00,0.00,0.00,0.00
1762053591.5783086,33.00,0.00,66.00,0.00,0.00,0.00,66.00,33.00,66.00,0.00,33.00,33.00,0.00,0.00,33.00,0.00,33.00,33.00,99.00,33.00,0.00,0.00,0.00,0.00
1762053591.5789323,33.00,0.00,66.00,0.00,0.00,0.00,66.00,33.00,66.00,0.00,33.00,33.00,0.00,0.00,33.00,0.00,33.00,33.00,99.00,33.00,0.00,0.00,0.00,0.00
1762053591.6205022,33.00,0.00,66.00,0.00,0.00,0.00,66.00,33.00,66.00,0.00,33.00,33.00,0.00,0.00,66.00,0.00,33.00,33.00,99.00,33.00,0.00,0.00,0.00,0.00
1762053591.6211605,33.00,0.00,66.00,0.00,0.00,0.00,66.00,33.00,66.00,0.00,33.00,33.00,0.00,0.00,66.00,0.00,33.00,33.00,99.00,33.00,0.00,0.00,0.00,0.00
1762053591.6597698,33.00,0.00,66.00,0.00,0.00,0.00,66.00,33.00,66.00,0.00,33.00,33.00,0.00,0.00,66.00,0.00,33.00,33.00,99.00,33.00,0.00,0.00,0.00,0.00
1762053591.6604178,33.00,0.00,66.00,0.00,0.00,0.00,66.00,33.00,66.00,0.00,33.00,33.00,0.00,0.00,66.00,0.00,33.00,33.00,99.00,33.00,0.00,0.00,0.00,0.00
1762053591.7042813,33.00,0.00,66.00,0.00,0.00,0.00,66.00,33.00,66.00,0.00,33.00,33.00,0.00,0.00,66.00,0.00,33.00,33.00,99.00,33.00,0.00,0.00,0.00,0.00
1762053591.7049346,33.00,0.00,66.00,0.00,0.00,0.00,66.00,33.00,66.00,0.00,33.00,33.00,0.00,0.00,66.00,0.00,33.00,33.00,99.00,33.00,0.00,0.00,0.00,0.00
1762053591.747288,66.00,0.00,66.00,0.00,0.00,0.00,66.00,33.00,33.00,0.00,33.00,33.00,0.00,0.00,66.00,0.00,0.00,33.00,99.00,33.00,0.00,0.00,0.00,0.00
1762053591.7479513,66.00,0.00,66.00,0.00,0.00,0.00,66.00,33.00,33.00,0.00,33.00,33.00,0.00,0.00,66.00,0.00,0.00,33.00,99.00,33.00,0.00,0.00,0.00,0.00
1762053591.782916,66.00,0.00,66.00,0.00,0.00,0.00,66.00,33.00,33.00,0.00,33.00,33.00,0.00,0.00,66.00,0.00,0.00,33.00,99.00,33.00,0.00,0.00,0.00,0.00
1762053591.7835684,66.00,0.00,66.00,0.00,0.00,0.00,66.00,33.00,33.00,0.00,33.00,33.00,0.00,0.00,66.00,0.00,0.00,33.00,99.00,33.00,0.00,0.00,0.00,0.00
1762053591.818521,66.00,0.00,66.00,0.00,0.00,0.00,66.00,33.00,33.00,0.00,33.00,33.00,0.00,0.00,66.00,0.00,0.00,33.00,99.00,33.00,0.00,0.00,0.00,0.00
1762053591.8188984,66.00,0.00,66.00,0.00,0.00,0.00,66.00,33.00,33.00,0.00,33.00,33.00,0.00,0.00,66.00,0.00,0.00,33.00,99.00,33.00,0.00,0.00,0.00,0.00
1762053591.8396115,66.00,0.00,66.00,0.00,0.00,0.00,66.00,33.00,33.00,0.00,33.00,33.00,0.00,0.00,66.00,0.00,0.00,33.00,99.00,33.00,0.00,0.00,0.00,0.00
1762053591.8399868,66.00,0.00,66.00,0.00,0.00,0.00,66.00,33.00,33.00,0.00,33.00,33.00,0.00,0.00,66.00,0.00,0.00,33.00,99.00,33.00,0.00,0.00,0.00,0.00
1762053601.7636313,66.00,0.00,66.00,0.00,0.00,0.00,66.00,33.00,33.00,0.00,0.00,33.00,0.00,0.00,66.00,0.00,0.00,33.00,99.00,33.00,0.00,0.00,0.00,0.00
1762053601.7643192,66.00,0.00,66.00,0.00,0.00,0.00,66.00,33.00,33.00,0.00,0.00,33.00,0.00,0.00,66.00,0.00,0.00,33.00,99.00,33.00,0.00,0.00,0.00,0.00
1762053601.799151,66.00,0.00,66.00,0.00,0.00,0.00,66.00,33.00,33.00,0.00,33.00,33.00,0.00,0.00,66.00,0.00,0.00,33.00,99.00,33.00,0.00,0.00,0.00,0.00
1762053601.799846,66.00,0.00,66.00,0.00,0.00,0.00,66.00,33.00,33.00,0.00,33.00,33.00,0.00,0.00,66.00,0.00,0.00,33.00,99.00,33.00,0.00,0.00,0.00,0.00
1762053601.8360655,66.00,0.00,66.00,0.00,0.00,0.00,66.00,33.00,66.00,0.00,33.00,33.00,0.00,0.00,66.00,0.00,0.00,33.00,99.00,33.00,0.00,0.00,0.00,0.00
1762053601.836753,66.00,0.00,66.00,0.00,0.00,0.00,66.00,33.00,66.00,0.00,33.00,33.00,0.00,0.00,66.00,0.00,0.00,33.00,99.00,33.00,0.00,0.00,0.00,0.00
1762053605.5086362,66.00,0.00,66.00,0.00,0.00,0.00,66.00,33.00,66.00,0.00,33.00,33.00,0.00,0.00,66.00,0.00,33.00,33.00,99.00,33.00,0.00,0.00,0.00,0.00
1762053605.509328,66.00,0.00,66.00,0.00,0.00,0.00,66.00,33.00,66.00,0.00,33.00,33.00,0.00,0.00,66.00,0.00,33.00,33.00,99.00,33.00,0.00,0.00,0.00,0.00
1762053605.5531318,66.00,0.00,66.00,0.00,0.00,0.00,66.00,33.00,66.00,0.00,66.00,33.00,0.00,0.00,66.00,0.00,33.00,33.00,99.00,33.00,0.00,0.00,0.00,0.00
1762053605.5538845,66.00,0.00,66.00,0.00,0.00,0.00,66.00,33.00,66.00,0.00,66.00,33.00,0.00,0.00,66.00,0.00,33.00,33.00,99.00,33.00,0.00,0.00,0.00,0.00
1762053605.5988092,66.00,0.00,66.00,0.00,0.00,0.00,99.00,33.00,66.00,0.00,66.00,33.00,0.00,0.00,66.00,0.00,33.00,33.00,99.00,33.00,0.00,0.00,0.00,0.00
1762053605.5995195,66.00,0.00,66.00,0.00,0.00,0.00,99.00,33.00,66.00,0.00,66.00,33.00,0.00,0.00,66.00,0.00,33.00,33.00,99.00,33.00,0.00,0.00,0.00,0.00
1762053605.6437652,66.00,0.00,66.00,0.00,0.00,0.00,99.00,33.00,66.00,0.00,66.00,33.00,0.00,0.00,66.00,0.00,33.00,33.00,99.00,33.00,0.00,0.00,0.00,0.00
1762053605.6441696,66.00,0.00,66.00,0.00,0.00,0.00,99.00,33.00,66.00,0.00,66.00,33.00,0.00,0.00,66.00,0.00,33.00,33.00,99.00,33.00,0.00,0.00,0.00,0.00
1762053605.6833766,66.00,0.00,66.00,0.00,0.00,0.00,99.00,33.00,66.00,0.00,66.00,33.00,0.00,0.00,66.00,0.00,33.00,33.00,99.00,33.00,0.00,0.00,0.00,0.00
1762053605.6840403,66.00,0.00,66.00,0.00,0.00,0.00,99.00,33.00,66.00,0.00,66.00,33.00,0.00,0.00,66.00,0.00,33.00,33.00,99.00,33.00,0.00,0.00,0.00,0.00
1762053605.7272165,66.00,0.00,66.00,0.00,0.00,0.00,99.00,33.00,66.00,0.00,66.00,33.00,0.00,0.00,66.00,0.00,33.00,33.00,99.00,33.00,0.00,0.00,0.00,0.00
1762053605.7279112,66.00,0.00,66.00,0.00,0.00,0.00,99.00,33.00,66.00,0.00,66.00,33.00,0.00,0.00,66.00,0.00,33.00,33.00,99.00,33.00,0.00,0.00,0.00,0.00
1762053606.7603042,66.00,0.00,66.00,0.00,0.00,0.00,99.00,33.00,33.00,0.00,66.00,33.00,0.00,0.00,66.00,0.00,33.00,33.00,99.00,33.00,0.00,0.00,0.00,0.00
1762053606.7607188,66.00,0.00,66.00,0.00,0.00,0.00,99.00,33.00,33.00,0.00,66.00,33.00,0.00,0.00,66.00,0.00,33.00,33.00,99.00,33.00,0.00,0.00,0.00,0.00
1762053606.7831998,66.00,0.00,66.00,0.00,0.00,0.00,99.00,33.00,66.00,0.00,66.00,33.00,0.00,0.00,66.00,0.00,33.00,33.00,99.00,33.00,0.00,0.00,0.00,0.00
1762053606.7836134,66.00,0.00,66.00,0.00,0.00,0.00,99.00,33.00,66.00,0.00,66.00,33.00,0.00,0.00,66.00,0.00,33.00,33.00,99.00,33.00,0.00,0.00,0.00,0.00
1762053622.52302,66.00,0.00,66.00,0.00,0.00,0.00,99.00,0.00,66.00,0.00,66.00,0.00,0.00,0.00,33.00,0.00,33.00,0.00,66.00,33.00,0.00,0.00,0.00,0.00
1762053622.5237062,66.00,0.00,66.00,0.00,0.00,0.00,99.00,0.00,66.00,0.00,66.00,0.00,0.00,0.00,33.00,0.00,33.00,0.00,66.00,33.00,0.00,0.00,0.00,0.00
1762053622.566928,66.00,0.00,66.00,0.00,0.00,0.00,99.00,0.00,66.00,0.00,66.00,0.00,0.00,0.00,33.00,0.00,33.00,0.00,66.00,33.00,0.00,0.00,0.00,0.00
1762053622.5676162,66.00,0.00,66.00,0.00,0.00,0.00,99.00,0.00,66.00,0.00,66.00,0.00,0.00,0.00,33.00,0.00,33.00,0.00,66.00,33.00,0.00,0.00,0.00,0.00
1762053622.6147878,66.00,0.00,66.00,0.00,0.00,0.00,99.00,0.00,66.00,0.00,66.00,0.00,0.00,0.00,33.00,0.00,33.00,33.00,66.00,33.00,0.00,0.00,0.00,0.00
1762053622.615463,66.00,0.00,66.00,0.00,0.00,0.00,99.00,0.00,66.00,0.00,66.00,0.00,0.00,0.00,33.00,0.00,33.00,33.00,66.00,33.00,0.00,0.00,0.00,0.00
1762053622.6545534,66.00,0.00,66.00,0.00,0.00,0.00,99.00,0.00,66.00,0.00,66.00,0.00,0.00,0.00,66.00,0.00,33.00,33.00,66.00,33.00,0.00,0.00,0.00,0.00
1762053622.6552112,66.00,0.00,66.00,0.00,0.00,0.00,99.00,0.00,66.00,0.00,66.00,0.00,0.00,0.00,66.00,0.00,33.00,33.00,66.00,33.00,0.00,0.00,0.00,0.00
1762053622.6997292,66.00,0.00,66.00,0.00,0.00,0.00,99.00,0.00,66.00,0.00,66.00,33.00,0.00,0.00,66.00,0.00,33.00,33.00,66.00,33.00,0.00,0.00,0.00,0.00
1762053622.7004335,66.00,0.00,66.00,0.00,0.00,0.00,99.00,0.00,66.00,0.00,66.00,33.00,0.00,0.00,66.00,0.00,33.00,33.00,66.00,33.00,0.00,0.00,0.00,0.00
1762053622.9972677,66.00,0.00,66.00,0.00,0.00,0.00,99.00,0.00,66.00,0.00,66.00,33.00,0.00,0.00,66.00,0.00,33.00,33.00,66.00,33.00,0.00,0.00,0.00,0.00
1762053622.9980397,66.00,0.00,66.00,0.00,0.00,0.00,99.00,0.00,66.00,0.00,66.00,33.00,0.00,0.00,66.00,0.00,33.00,33.00,66.00,33.00,0.00,0.00,0.00,0.00
1762053636.8039598,66.00,0.00,66.00,0.00,0.00,0.00,33.00,0.00,66.00,0.00,66.00,33.00,0.00,0.00,66.00,0.00,33.00,33.00,33.00,33.00,0.00,0.00,0.00,0.00
1762053636.8046331,66.00,0.00,66.00,0.00,0.00,0.00,33.00,0.00,66.00,0.00,66.00,33.00,0.00,0.00,66.00,0.00,33.00,33.00,33.00,33.00,0.00,0.00,0.00,0.00
1762053652.5285776,66.00,0.00,66.00,0.00,0.00,0.00,33.00,0.00,66.00,0.00,66.00,33.00,0.00,0.00,66.00,0.00,33.00,33.00,33.00,33.00,0.00,0.00,0.00,0.00
1762053652.5289834,66.00,0.00,66.00,0.00,0.00,0.00,33.00,0.00,66.00,0.00,66.00,33.00,0.00,0.00,66.00,0.00,33.00,33.00,33.00,33.00,0.00,0.00,0.00,0.00
1762053652.5593073,66.00,0.00,66.00,0.00,0.00,0.00,33.00,0.00,66.00,0.00,66.00,33.00,0.00,0.00,66.00,0.00,33.00,33.00,33.00,33.00,0.00,0.00,0.00,0.00
1762053652.5597212,66.00,0.00,66.00,0.00,0.00,0.00,33.00,0.00,66.00,0.00,66.00,33.00,0.00,0.00,66.00,0.00,33.00,33.00,33.00,33.00,0.00,0.00,0.00,0.00
1762053652.586027,66.00,0.00,66.00,0.00,0.00,0.00,33.00,0.00,66.00,0.00,66.00,33.00,0.00,0.00,66.00,0.00,33.00,33.00,33.00,33.00,0.00,0.00,0.00,0.00
1762053652.5864325,66.00,0.00,66.00,0.00,0.00,0.00,33.00,0.00,66.00,0.00,66.00,33.00,0.00,0.00,66.00,0.00,33.00,33.00,33.00,33.00,0.00,0.00,0.00,0.00
1762053652.6103334,66.00,0.00,66.00,0.00,0.00,0.00,33.00,33.00,66.00,0.00,66.00,33.00,0.00,0.00,66.00,0.00,33.00,33.00,33.00,33.00,0.00,0.00,0.00,0.00
1762053652.6107128,66.00,0.00,66.00,0.00,0.00,0.00,33.00,33.00,66.00,0.00,66.00,33.00,0.00,0.00,66.00,0.00,33.00,33.00,33.00,33.00,0.00,0.00,0.00,0.00
1762053652.6383536,66.00,0.00,66.00,0.00,0.00,0.00,33.00,33.00,66.00,0.00,66.00,33.00,0.00,0.00,66.00,0.00,33.00,33.00,33.00,33.00,0.00,0.00,0.00,0.00
1762053652.6387517,66.00,0.00,66.00,0.00,0.00,0.00,33.00,33.00,66.00,0.00,66.00,33.00,0.00,0.00,66.00,0.00,33.00,33.00,33.00,33.00,0.00,0.00,0.00,0.00
1762053652.6684773,66.00,0.00,66.00,0.00,0.00,0.00,33.00,33.00,66.00,0.00,66.00,33.00,0.00,0.00,66.00,0.00,33.00,33.00,33.00,33.00,0.00,0.00,0.00,0.00
1762053652.6688714,66.00,0.00,66.00,0.00,0.00,0.00,33.00,33.00,66.00,0.00,66.00,33.00,0.00,0.00,66.00,0.00,33.00,33.00,33.00,33.00,0.00,0.00,0.00,0.00
1762053672.5477583,0.00,0.00,66.00,0.00,0.00,0.00,33.00,33.00,66.00,0.00,33.00,33.00,0.00,0.00,66.00,0.00,33.00,33.00,33.00,33.00,0.00,0.00,0.00,0.00
1762053672.548431,0.00,0.00,66.00,0.00,0.00,0.00,33.00,33.00,66.00,0.00,33.00,33.00,0.00,0.00,66.00,0.00,33.00,33.00,33.00,33.00,0.00,0.00,0.00,0.00
1762053672.5808218,0.00,0.00,66.00,0.00,0.00,0.00,33.00,33.00,66.00,0.00,33.00,33.00,0.00,0.00,66.00,0.00,33.00,33.00,66.00,33.00,0.00,0.00,0.00,0.00
1762053672.5812106,0.00,0.00,66.00,0.00,0.00,0.00,33.00,33.00,66.00,0.00,33.00,33.00,0.00,0.00,66.00,0.00,33.00,33.00,66.00,33.00,0.00,0.00,0.00,0.00
1762053672.6106522,0.00,0.00,66.00,0.00,0.00,0.00,33.00,33.00,66.00,0.00,33.00,33.00,0.00,0.00,66.00,0.00,33.00,33.00,66.00,33.00,0.00,0.00,0.00,0.00
1762053672.611042,0.00,0.00,66.00,0.00,0.00,0.00,33.00,33.00,66.00,0.00,33.00,33.00,0.00,0.00,66.00,0.00,33.00,33.00,66.00,33.00,0.00,0.00,0.00,0.00
1762053672.6497357,0.00,0.00,66.00,0.00,0.00,0.00,33.00,33.00,66.00,0.00,33.00,33.00,0.00,0.00,66.00,0.00,33.00,33.00,66.00,33.00,0.00,0.00,0.00,0.00
1762053672.6501155,0.00,0.00,66.00,0.00,0.00,0.00,33.00,33.00,66.00,0.00,33.00,33.00,0.00,0.00,66.00,0.00,33.00,33.00,66.00,33.00,0.00,0.00,0.00,0.00
1762053672.682066,0.00,0.00,66.00,0.00,0.00,0.00,33.00,33.00,66.00,0.00,33.00,33.00,0.00,0.00,66.00,0.00,33.00,33.00,66.00,33.00,0.00,0.00,0.00,0.00
1762053672.6824796,0.00,0.00,66.00,0.00,0.00,0.00,33.00,33.00,66.00,0.00,33.00,33.00,0.00,0.00,66.00,0.00,33.00,33.00,66.00,33.00,0.00,0.00,0.00,0.00
1762053672.7171576,0.00,0.00,66.00,0.00,0.00,0.00,33.00,33.00,66.00,0.00,33.00,33.00,0.00,0.00,66.00,0.00,33.00,33.00,66.00,33.00,0.00,0.00,0.00,0.00
1762053672.7175655,0.00,0.00,66.00,0.00,0.00,0.00,33.00,33.00,66.00,0.00,33.00,33.00,0.00,0.00,66.00,0.00,33.00,33.00,66.00,33.00,0.00,0.00,0.00,0.00
1762053676.842808,0.00,0.00,33.00,0.00,0.00,0.00,33.00,33.00,66.00,0.00,33.00,33.00,0.00,0.00,66.00,0.00,0.00,33.00,33.00,0.00,0.00,0.00,0.00,0.00
1762053676.8434904,0.00,0.00,33.00,0.00,0.00,0.00,33.00,33.00,66.00,0.00,33.00,33.00,0.00,0.00,66.00,0.00,0.00,33.00,33.00,0.00,0.00,0.00,0.00,0.00
1762053676.8789036,33.00,0.00,33.00,0.00,0.00,0.00,33.00,33.00,66.00,0.00,33.00,33.00,0.00,0.00,66.00,0.00,0.00,33.00,33.00,0.00,0.00,0.00,0.00,0.00
1762053676.8795495,33.00,0.00,33.00,0.00,0.00,0.00,33.00,33.00,66.00,0.00,33.00,33.00,0.00,0.00,66.00,0.00,0.00,33.00,33.00,0.00,0.00,0.00,0.00,0.00
1762053676.9156427,33.00,0.00,66.00,0.00,0.00,0.00,33.00,33.00,66.00,0.00,33.00,33.00,0.00,0.00,66.00,0.00,0.00,33.00,33.00,0.00,0.00,0.00,0.00,0.00
1762053676.9162493,33.00,0.00,66.00,0.00,0.00,0.00,33.00,33.00,66.00,0.00,33.00,33.00,0.00,0.00,66.00,0.00,0.00,33.00,33.00,0.00,0.00,0.00,0.00,0.00
1762053676.9524992,33.00,0.00,66.00,0.00,0.00,0.00,33.00,33.00,66.00,0.00,33.00,33.00,0.00,0.00,66.00,0.00,0.00,33.00,33.00,33.00,0.00,0.00,0.00,0.00
1762053676.953142,33.00,0.00,66.00,0.00,0.00,0.00,33.00,33.00,66.00,0.00,33.00,33.00,0.00,0.00,66.00,0.00,0.00,33.00,33.00,33.00,0.00,0.00,0.00,0.00
1762053676.9851272,66.00,0.00,66.00,0.00,0.00,0.00,33.00,33.00,66.00,0.00,33.00,33.00,0.00,0.00,66.00,0.00,0.00,33.00,33.00,33.00,0.00,0.00,0.00,0.00
1762053676.9854999,66.00,0.00,66.00,0.00,0.00,0.00,33.00,33.00,66.00,0.00,33.00,33.00,0.00,0.00,66.00,0.00,0.00,33.00,33.00,33.00,0.00,0.00,0.00,0.00
1762053677.0161908,66.00,0.00,66.00,0.00,0.00,0.00,33.00,33.00,66.00,0.00,33.00,33.00,0.00,0.00,66.00,0.00,0.00,33.00,33.00,33.00,0.00,0.00,0.00,0.00
1762053677.0165617,66.00,0.00,66.00,0.00,0.00,0.00,33.00,33.00,66.00,0.00,33.00,33.00,0.00,0.00,66.00,0.00,0.00,33.00,33.00,33.00,0.00,0.00,0.00,0.00
1762053677.038355,66.00,0.00,66.00,0.00,0.00,0.00,33.00,33.00,66.00,0.00,33.00,33.00,0.00,0.00,66.00,0.00,0.00,33.00,33.00,33.00,0.00,0.00,0.00,0.00
1762053677.0387244,66.00,0.00,66.00,0.00,0.00,0.00,33.00,33.00,66.00,0.00,33.00,33.00,0.00,0.00,66.00,0.00,0.00,33.00,33.00,33.00,0.00,0.00,0.00,0.00
1762053677.064641,66.00,0.00,66.00,0.00,0.00,0.00,33.00,33.00,66.00,0.00,33.00,33.00,0.00,0.00,66.00,0.00,33.00,33.00,33.00,33.00,0.00,0.00,0.00,0.00
1762053677.0649953,66.00,0.00,66.00,0.00,0.00,0.00,33.00,33.00,66.00,0.00,33.00,33.00,0.00,0.00,66.00,0.00,33.00,33.00,33.00,33.00,0.00,0.00,0.00,0.00
1762053677.1056852,66.00,0.00,66.00,0.00,0.00,0.00,33.00,33.00,66.00,0.00,33.00,33.00,0.00,0.00,66.00,0.00,33.00,33.00,33.00,33.00,0.00,0.00,0.00,0.00
1762053677.1060708,66.00,0.00,66.00,0.00,0.00,0.00,33.00,33.00,66.00,0.00,33.00,33.00,0.00,0.00,66.00,0.00,33.00,33.00,33.00,33.00,0.00,0.00,0.00,0.00
1762053677.1308436,66.00,0.00,66.00,0.00,0.00,0.00,66.00,33.00,66.00,0.00,33.00,33.00,0.00,0.00,66.00,0.00,33.00,33.00,33.00,33.00,0.00,0.00,0.00,0.00
1762053677.1312149,66.00,0.00,66.00,0.00,0.00,0.00,66.00,33.00,66.00,0.00,33.00,33.00,0.00,0.00,66.00,0.00,33.00,33.00,33.00,33.00,0.00,0.00,0.00,0.00
1762053681.851667,66.00,0.00,66.00,0.00,0.00,0.00,33.00,33.00,66.00,0.00,33.00,33.00,0.00,0.00,66.00,0.00,33.00,33.00,33.00,33.00,0.00,0.00,0.00,0.00
1762053681.8520925,66.00,0.00,66.00,0.00,0.00,0.00,33.00,33.00,66.00,0.00,33.00,33.00,0.00,0.00,66.00,0.00,33.00,33.00,33.00,33.00,0.00,0.00,0.00,0.00
1762053681.8932111,66.00,0.00,66.00,0.00,0.00,0.00,33.00,33.00,66.00,0.00,33.00,33.00,0.00,0.00,66.00,0.00,33.00,33.00,33.00,33.00,0.00,0.00,0.00,0.00
1762053681.8938935,66.00,0.00,66.00,0.00,0.00,0.00,33.00,33.00,66.00,0.00,33.00,33.00,0.00,0.00,66.00,0.00,33.00,33.00,33.00,33.00,0.00,0.00,0.00,0.00
1762053686.8602216,66.00,0.00,33.00,0.00,0.00,0.00,0.00,33.00,33.00,0.00,0.00,33.00,0.00,0.00,66.00,0.00,33.00,33.00,33.00,33.00,0.00,0.00,0.00,0.00
1762053686.860944,66.00,0.00,33.00,0.00,0.00,0.00,0.00,33.00,33.00,0.00,0.00,33.00,0.00,0.00,66.00,0.00,33.00,33.00,33.00,33.00,0.00,0.00,0.00,0.00
1762053688.7324517,66.00,0.00,33.00,0.00,0.00,0.00,0.00,33.00,33.00,0.00,33.00,33.00,0.00,0.00,66.00,0.00,33.00,33.00,33.00,33.00,0.00,0.00,0.00,0.00
1762053688.7328703,66.00,0.00,33.00,0.00,0.00,0.00,0.00,33.00,33.00,0.00,33.00,33.00,0.00,0.00,66.00,0.00,33.00,33.00,33.00,33.00,0.00,0.00,0.00,0.00
1762053688.77016,66.00,0.00,33.00,0.00,0.00,0.00,0.00,33.00,33.00,0.00,33.00,33.00,0.00,0.00,66.00,0.00,33.00,33.00,66.00,33.00,0.00,0.00,0.00,0.00
1762053688.7705393,66.00,0.00,33.00,0.00,0.00,0.00,0.00,33.00,33.00,0.00,33.00,33.00,0.00,0.00,66.00,0.00,33.00,33.00,66.00,33.00,0.00,0.00,0.00,0.00
1762053688.817464,66.00,0.00,33.00,0.00,0.00,0.00,0.00,33.00,33.00,0.00,33.00,33.00,0.00,0.00,66.00,0.00,33.00,33.00,66.00,33.00,0.00,0.00,0.00,0.00
1762053688.818116,66.00,0.00,33.00,0.00,0.00,0.00,0.00,33.00,33.00,0.00,33.00,33.00,0.00,0.00,66.00,0.00,33.00,33.00,66.00,33.00,0.00,0.00,0.00,0.00
1762053688.853242,66.00,0.00,33.00,0.00,0.00,0.00,0.00,33.00,33.00,0.00,33.00,33.00,0.00,0.00,66.00,0.00,33.00,33.00,66.00,33.00,0.00,0.00,0.00,0.00
1762053688.8536344,66.00,0.00,33.00,0.00,0.00,0.00,0.00,33.00,33.00,0.00,33.00,33.00,0.00,0.00,66.00,0.00,33.00,33.00,66.00,33.00,0.00,0.00,0.00,0.00
1762053688.8823636,66.00,0.00,33.00,0.00,0.00,0.00,0.00,33.00,66.00,0.00,33.00,33.00,0.00,0.00,66.00,0.00,33.00,33.00,66.00,33.00,0.00,0.00,0.00,0.00
1762053688.8827527,66.00,0.00,33.00,0.00,0.00,0.00,0.00,33.00,66.00,0.00,33.00,33.00,0.00,0.00,66.00,0.00,33.00,33.00,66.00,33.00,0.00,0.00,0.00,0.00
1762053688.9217033,66.00,0.00,33.00,0.00,0.00,0.00,0.00,33.00,66.00,0.00,33.00,33.00,0.00,0.00,66.00,0.00,33.00,33.00,66.00,33.00,0.00,0.00,0.00,0.00
1762053688.9220831,66.00,0.00,33.00,0.00,0.00,0.00,0.00,33.00,66.00,0.00,33.00,33.00,0.00,0.00,66.00,0.00,33.00,33.00,66.00,33.00,0.00,0.00,0.00,0.00
1762053703.562472,66.00,0.00,33.00,0.00,0.00,0.00,0.00,33.00,66.00,0.00,33.00,33.00,0.00,0.00,66.00,0.00,0.00,33.00,66.00,0.00,0.00,0.00,0.00,0.00
1762053703.5631762,66.00,0.00,33.00,0.00,0.00,0.00,0.00,33.00,66.00,0.00,33.00,33.00,0.00,0.00,66.00,0.00,0.00,33.00,66.00,0.00,0.00,0.00,0.00,0.00
1762053703.6037624,66.00,0.00,33.00,0.00,0.00,0.00,0.00,33.00,66.00,0.00,33.00,33.00,0.00,0.00,66.00,0.00,0.00,33.00,66.00,33.00,0.00,0.00,0.00,0.00
1762053703.6044316,66.00,0.00,33.00,0.00,0.00,0.00,0.00,33.00,66.00,0.00,33.00,33.00,0.00,0.00,66.00,0.00,0.00,33.00,66.00,33.00,0.00,0.00,0.00,0.00
1762053703.6447518,66.00,0.00,33.00,0.00,0.00,0.00,0.00,33.00,66.00,0.00,66.00,33.00,0.00,0.00,66.00,0.00,0.00,33.00,66.00,33.00,0.00,0.00,0.00,0.00
1762053703.6454477,66.00,0.00,33.00,0.00,0.00,0.00,0.00,33.00,66.00,0.00,66.00,33.00,0.00,0.00,66.00,0.00,0.00,33.00,66.00,33.00,0.00,0.00,0.00,0.00
1762053703.6872425,66.00,0.00,33.00,0.00,0.00,0.00,0.00,33.00,66.00,0.00,66.00,33.00,0.00,0.00,66.00,0.00,0.00,33.00,99.00,33.00,0.00,0.00,0.00,0.00
1762053703.6879027,66.00,0.00,33.00,0.00,0.00,0.00,0.00,33.00,66.00,0.00,66.00,33.00,0.00,0.00,66.00,0.00,0.00,33.00,99.00,33.00,0.00,0.00,0.00,0.00
1762053703.730792,66.00,0.00,66.00,0.00,0.00,0.00,0.00,33.00,66.00,0.00,66.00,33.00,0.00,0.00,66.00,0.00,0.00,33.00,99.00,33.00,0.00,0.00,0.00,0.00
1762053703.731442,66.00,0.00,66.00,0.00,0.00,0.00,0.00,33.00,66.00,0.00,66.00,33.00,0.00,0.00,66.00,0.00,0.00,33.00,99.00,33.00,0.00,0.00,0.00,0.00
1762053703.7739575,66.00,0.00,66.00,0.00,0.00,0.00,0.00,33.00,66.00,0.00,66.00,33.00,0.00,0.00,66.00,0.00,0.00,33.00,99.00,33.00,0.00,0.00,0.00,0.00
1762053703.7746415,66.00,0.00,66.00,0.00,0.00,0.00,0.00,33.00,66.00,0.00,66.00,33.00,0.00,0.00,66.00,0.00,0.00,33.00,99.00,33.00,0.00,0.00,0.00,0.00
1762053719.5729127,66.00,0.00,66.00,0.00,0.00,0.00,33.00,33.00,66.00,0.00,66.00,33.00,0.00,0.00,66.00,0.00,0.00,33.00,99.00,33.00,0.00,0.00,0.00,0.00
1762053719.573578,66.00,0.00,66.00,0.00,0.00,0.00,33.00,33.00,66.00,0.00,66.00,33.00,0.00,0.00,66.00,0.00,0.00,33.00,99.00,33.00,0.00,0.00,0.00,0.00
1762053719.6172042,66.00,0.00,66.00,0.00,0.00,0.00,33.00,33.00,66.00,0.00,66.00,33.00,0.00,0.00,66.00,0.00,0.00,33.00,99.00,33.00,0.00,0.00,0.00,0.00
1762053719.617873,66.00,0.00,66.00,0.00,0.00,0.00,33.00,33.00,66.00,0.00,66.00,33.00,0.00,0.00,66.00,0.00,0.00,33.00,99.00,33.00,0.00,0.00,0.00,0.00
1762053719.6595924,66.00,0.00,66.00,0.00,0.00,0.00,33.00,33.00,66.00,0.00,66.00,33.00,0.00,0.00,66.00,0.00,0.00,33.00,99.00,33.00,0.00,0.00,0.00,0.00
1762053719.6602674,66.00,0.00,66.00,0.00,0.00,0.00,33.00,33.00,66.00,0.00,66.00,33.00,0.00,0.00,66.00,0.00,0.00,33.00,99.00,33.00,0.00,0.00,0.00,0.00
1762053719.7049391,66.00,0.00,66.00,0.00,0.00,0.00,33.00,33.00,66.00,0.00,66.00,33.00,0.00,0.00,66.00,0.00,0.00,33.00,99.00,33.00,0.00,0.00,0.00,0.00
1762053719.705614,66.00,0.00,66.00,0.00,0.00,0.00,33.00,33.00,66.00,0.00,66.00,33.00,0.00,0.00,66.00,0.00,0.00,33.00,99.00,33.00,0.00,0.00,0.00,0.00
1762053719.7477064,66.00,0.00,66.00,0.00,0.00,0.00,33.00,33.00,66.00,0.00,66.00,33.00,0.00,0.00,66.00,0.00,0.00,33.00,99.00,33.00,0.00,0.00,0.00,0.00
1762053719.7483723,66.00,0.00,66.00,0.00,0.00,0.00,33.00,33.00,66.00,0.00,66.00,33.00,0.00,0.00,66.00,0.00,0.00,33.00,99.00,33.00,0.00,0.00,0.00,0.00
1762053719.7942584,66.00,0.00,66.00,0.00,0.00,0.00,33.00,33.00,66.00,0.00,99.00,33.00,0.00,0.00,66.00,0.00,0.00,33.00,99.00,33.00,0.00,0.00,0.00,0.00
1762053719.7949502,66.00,0.00,66.00,0.00,0.00,0.00,33.00,33.00,66.00,0.00,99.00,33.00,0.00,0.00,66.00,0.00,0.00,33.00,99.00,33.00,0.00,0.00,0.00,0.00
1762053721.8769467,66.00,0.00,66.00,0.00,0.00,0.00,66.00,33.00,66.00,0.00,99.00,33.00,0.00,0.00,66.00,0.00,0.00,33.00,99.00,33.00,0.00,0.00,0.00,0.00
1762053721.8776484,66.00,0.00,66.00,0.00,0.00,0.00,66.00,33.00,66.00,0.00,99.00,33.00,0.00,0.00,66.00,0.00,0.00,33.00,99.00,33.00,0.00,0.00,0.00,0.00
1762053736.5835743,33.00,0.00,33.00,0.00,0.00,0.00,66.00,33.00,66.00,0.00,99.00,33.00,0.00,0.00,66.00,0.00,0.00,33.00,99.00,33.00,0.00,0.00,0.00,0.00
1762053736.5842419,33.00,0.00,33.00,0.00,0.00,0.00,66.00,33.00,66.00,0.00,99.00,33.00,0.00,0.00,66.00,0.00,0.00,33.00,99.00,33.00,0.00,0.00,0.00,0.00
1762053736.6257153,66.00,0.00,33.00,0.00,0.00,0.00,66.00,33.00,66.00,0.00,99.00,33.00,0.00,0.00,66.00,0.00,0.00,33.00,99.00,33.00,0.00,0.00,0.00,0.00
1762053736.6263857,66.00,0.00,33.00,0.00,0.00,0.00,66.00,33.00,66.00,0.00,99.00,33.00,0.00,0.00,66.00,0.00,0.00,33.00,99.00,33.00,0.00,0.00,0.00,0.00
1762053736.6750083,66.00,0.00,33.00,0.00,0.00,0.00,66.00,33.00,66.00,0.00,99.00,33.00,0.00,0.00,66.00,0.00,0.00,33.00,99.00,33.00,0.00,0.00,0.00,0.00
1762053736.6756856,66.00,0.00,33.00,0.00,0.00,0.00,66.00,33.00,66.00,0.00,99.00,33.00,0.00,0.00,66.00,0.00,0.00,33.00,99.00,33.00,0.00,0.00,0.00,0.00
1762053736.731137,66.00,0.00,33.00,0.00,0.00,0.00,66.00,33.00,66.00,0.00,99.00,33.00,0.00,0.00,66.00,0.00,0.00,33.00,99.00,33.00,0.00,0.00,0.00,0.00
1762053736.7318466,66.00,0.00,33.00,0.00,0.00,0.00,66.00,33.00,66.00,0.00,99.00,33.00,0.00,0.00,66.00,0.00,0.00,33.00,99.00,33.00,0.00,0.00,0.00,0.00
1762053736.7837553,66.00,0.00,33.00,0.00,0.00,0.00,66.00,33.00,66.00,0.00,99.00,33.00,0.00,0.00,66.00,0.00,0.00,33.00,99.00,33.00,0.00,0.00,0.00,0.00
1762053736.7844472,66.00,0.00,33.00,0.00,0.00,0.00,66.00,33.00,66.00,0.00,99.00,33.00,0.00,0.00,66.00,0.00,0.00,33.00,99.00,33.00,0.00,0.00,0.00,0.00
1762053736.834161,66.00,0.00,33.00,0.00,0.00,0.00,66.00,33.00,66.00,0.00,99.00,33.00,0.00,0.00,66.00,0.00,0.00,33.00,99.00,33.00,0.00,0.00,0.00,0.00
1762053736.8348887,66.00,0.00,33.00,0.00,0.00,0.00,66.00,33.00,66.00,0.00,99.00,33.00,0.00,0.00,66.00,0.00,0.00,33.00,99.00,33.00,0.00,0.00,0.00,0.00
1762053751.9093852,66.00,0.00,33.00,0.00,0.00,0.00,66.00,33.00,66.00,0.00,99.00,33.00,0.00,0.00,66.00,0.00,33.00,33.00,66.00,33.00,0.00,0.00,0.00,0.00
1762053751.9100683,66.00,0.00,33.00,0.00,0.00,0.00,66.00,33.00,66.00,0.00,99.00,33.00,0.00,0.00,66.00,0.00,33.00,33.00,66.00,33.00,0.00,0.00,0.00,0.00
1762053751.949284,66.00,0.00,33.00,0.00,0.00,0.00,99.00,33.00,66.00,0.00,99.00,33.00,0.00,0.00,66.00,0.00,33.00,33.00,66.00,33.00,0.00,0.00,0.00,0.00
1762053751.9499187,66.00,0.00,33.00,0.00,0.00,0.00,99.00,33.00,66.00,0.00,99.00,33.00,0.00,0.00,66.00,0.00,33.00,33.00,66.00,33.00,0.00,0.00,0.00,0.00
1762053754.5967698,66.00,0.00,66.00,0.00,0.00,0.00,99.00,33.00,66.00,0.00,99.00,33.00,0.00,0.00,66.00,0.00,33.00,33.00,66.00,33.00,0.00,0.00,0.00,0.00
1762053754.597476,66.00,0.00,66.00,0.00,0.00,0.00,99.00,33.00,66.00,0.00,99.00,33.00,0.00,0.00,66.00,0.00,33.00,33.00,66.00,33.00,0.00,0.00,0.00,0.00
1762053754.868577,66.00,0.00,66.00,0.00,0.00,0.00,99.00,33.00,66.00,0.00,99.00,33.00,0.00,0.00,66.00,0.00,33.00,33.00,99.00,33.00,0.00,0.00,0.00,0.00
1762053754.8689935,66.00,0.00,66.00,0.00,0.00,0.00,99.00,33.00,66.00,0.00,99.00,33.00,0.00,0.00,66.00,0.00,33.00,33.00,99.00,33.00,0.00,0.00,0.00,0.00
1762053754.9156556,66.00,0.00,66.00,0.00,0.00,0.00,99.00,33.00,66.00,0.00,99.00,33.00,0.00,0.00,66.00,0.00,33.00,33.00,99.00,33.00,0.00,0.00,0.00,0.00
1762053754.9160652,66.00,0.00,66.00,0.00,0.00,0.00,99.00,33.00,66.00,0.00,99.00,33.00,0.00,0.00,66.00,0.00,33.00,33.00,99.00,33.00,0.00,0.00,0.00,0.00
1762053754.9667566,66.00,0.00,66.00,0.00,0.00,0.00,99.00,33.00,66.00,0.00,99.00,33.00,0.00,0.00,66.00,0.00,33.00,33.00,99.00,33.00,0.00,0.00,0.00,0.00
1762053754.967461,66.00,0.00,66.00,0.00,0.00,0.00,99.00,33.00,66.00,0.00,99.00,33.00,0.00,0.00,66.00,0.00,33.00,33.00,99.00,33.00,0.00,0.00,0.00,0.00
1762053755.0108943,66.00,0.00,66.00,0.00,0.00,0.00,99.00,33.00,66.00,0.00,99.00,33.00,0.00,0.00,66.00,0.00,33.00,33.00,99.00,33.00,0.00,0.00,0.00,0.00
1762053755.0113149,66.00,0.00,66.00,0.00,0.00,0.00,99.00,33.00,66.00,0.00,99.00,33.00,0.00,0.00,66.00,0.00,33.00,33.00,99.00,33.00,0.00,0.00,0.00,0.00
1762053755.0491064,66.00,0.00,66.00,0.00,0.00,0.00,99.00,33.00,66.00,0.00,99.00,33.00,0.00,0.00,66.00,0.00,33.00,33.00,99.00,33.00,0.00,0.00,0.00,0.00
1762053755.0495198,66.00,0.00,66.00,0.00,0.00,0.00,99.00,33.00,66.00,0.00,99.00,33.00,0.00,0.00,66.00,0.00,33.00,33.00,99.00,33.00,0.00,0.00,0.00,0.00
1762053756.934843,66.00,0.00,66.00,0.00,0.00,0.00,99.00,0.00,33.00,0.00,66.00,33.00,0.00,0.00,33.00,0.00,33.00,33.00,66.00,33.00,0.00,0.00,0.00,0.00
1762053756.9355197,66.00,0.00,66.00,0.00,0.00,0.00,99.00,0.00,33.00,0.00,66.00,33.00,0.00,0.00,33.00,0.00,33.00,33.00,66.00,33.00,0.00,0.00,0.00,0.00
1762053756.9765098,66.00,0.00,66.00,0.00,0.00,0.00,99.00,0.00,33.00,0.00,66.00,33.00,0.00,0.00,66.00,0.00,33.00,33.00,66.00,33.00,0.00,0.00,0.00,0.00
1762053756.977156,66.00,0.00,66.00,0.00,0.00,0.00,99.00,0.00,33.00,0.00,66.00,33.00,0.00,0.00,66.00,0.00,33.00,33.00,66.00,33.00,0.00,0.00,0.00,0.00
1762053757.018232,66.00,0.00,66.00,0.00,0.00,0.00,99.00,0.00,33.00,0.00,66.00,33.00,0.00,0.00,66.00,0.00,33.00,33.00,99.00,33.00,0.00,0.00,0.00,0.00
1762053757.0189233,66.00,0.00,66.00,0.00,0.00,0.00,99.00,0.00,33.00,0.00,66.00,33.00,0.00,0.00,66.00,0.00,33.00,33.00,99.00,33.00,0.00,0.00,0.00,0.00
1762053757.0609813,66.00,0.00,66.00,0.00,0.00,0.00,99.00,0.00,33.00,0.00,99.00,33.00,0.00,0.00,66.00,0.00,33.00,33.00,99.00,33.00,0.00,0.00,0.00,0.00
1762053757.0616717,66.00,0.00,66.00,0.00,0.00,0.00,99.00,0.00,33.00,0.00,99.00,33.00,0.00,0.00,66.00,0.00,33.00,33.00,99.00,33.00,0.00,0.00,0.00,0.00
1762053757.1039124,66.00,0.00,66.00,0.00,0.00,0.00,99.00,0.00,33.00,0.00,99.00,33.00,0.00,0.00,66.00,0.00,33.00,33.00,99.00,33.00,0.00,0.00,0.00,0.00
1762053757.1046066,66.00,0.00,66.00,0.00,0.00,0.00,99.00,0.00,33.00,0.00,99.00,33.00,0.00,0.00,66.00,0.00,33.00,33.00,99.00,33.00,0.00,0.00,0.00,0.00
1762053757.1470048,66.00,0.00,66.00,0.00,0.00,0.00,99.00,33.00,33.00,0.00,99.00,33.00,0.00,0.00,66.00,0.00,33.00,33.00,99.00,33.00,0.00,0.00,0.00,0.00
1762053757.1476665,66.00,0.00,66.00,0.00,0.00,0.00,99.00,33.00,33.00,0.00,99.00,33.00,0.00,0.00,66.00,0.00,33.00,33.00,99.00,33.00,0.00,0.00,0.00,0.00
1762053757.1883512,66.00,0.00,66.00,0.00,0.00,0.00,99.00,33.00,66.00,0.00,99.00,33.00,0.00,0.00,66.00,0.00,33.00,33.00,99.00,33.00,0.00,0.00,0.00,0.00
1762053757.1890223,66.00,0.00,66.00,0.00,0.00,0.00,99.00,33.00,66.00,0.00,99.00,33.00,0.00,0.00,66.00,0.00,33.00,33.00,99.00,33.00,0.00,0.00,0.00,0.00
1762053757.2308838,66.00,0.00,66.00,0.00,0.00,0.00,99.00,33.00,66.00,0.00,99.00,33.00,0.00,0.00,66.00,0.00,33.00,33.00,99.00,33.00,0.00,0.00,0.00,0.00
1762053757.231571,66.00,0.00,66.00,0.00,0.00,0.00,99.00,33.00,66.00,0.00,99.00,33.00,0.00,0.00,66.00,0.00,33.00,33.00,99.00,33.00,0.00,0.00,0.00,0.00
1762053757.2736742,66.00,0.00,66.00,0.00,0.00,0.00,99.00,33.00,66.00,0.00,99.00,33.00,0.00,0.00,66.00,0.00,33.00,33.00,99.00,33.00,0.00,0.00,0.00,0.00
1762053757.274355,66.00,0.00,66.00,0.00,0.00,0.00,99.00,33.00,66.00,0.00,99.00,33.00,0.00,0.00,66.00,0.00,33.00,33.00,99.00,33.00,0.00,0.00,0.00,0.00
1762053757.316744,66.00,0.00,66.00,0.00,0.00,0.00,99.00,33.00,66.00,0.00,99.00,33.00,0.00,0.00,66.00,0.00,33.00,33.00,99.00,33.00,0.00,0.00,0.00,0.00
1762053757.3174362,66.00,0.00,66.00,0.00,0.00,0.00,99.00,33.00,66.00,0.00,99.00,33.00,0.00,0.00,66.00,0.00,33.00,33.00,99.00,33.00,0.00,0.00,0.00,0.00
1762053761.9436288,66.00,0.00,66.00,0.00,0.00,0.00,99.00,33.00,66.00,0.00,99.00,33.00,0.00,0.00,66.00,0.00,33.00,33.00,99.00,33.00,0.00,0.00,0.00,0.00
1762053761.9443262,66.00,0.00,66.00,0.00,0.00,0.00,99.00,33.00,66.00,0.00,99.00,33.00,0.00,0.00,66.00,0.00,33.00,33.00,99.00,33.00,0.00,0.00,0.00,0.00
1762053766.941444,66.00,0.00,66.00,0.00,0.00,0.00,99.00,33.00,66.00,0.00,99.00,0.00,0.00,0.00,66.00,0.00,66.00,33.00,99.00,33.00,0.00,0.00,0.00,0.00
1762053766.9418764,66.00,0.00,66.00,0.00,0.00,0.00,99.00,33.00,66.00,0.00,99.00,0.00,0.00,0.00,66.00,0.00,66.00,33.00,99.00,33.00,0.00,0.00,0.00,0.00
1762053771.9559486,66.00,0.00,66.00,0.00,0.00,0.00,66.00,33.00,66.00,0.00,99.00,0.00,0.00,0.00,66.00,0.00,66.00,0.00,99.00,33.00,0.00,0.00,0.00,0.00
1762053771.956648,66.00,0.00,66.00,0.00,0.00,0.00,66.00,33.00,66.00,0.00,99.00,0.00,0.00,0.00,66.00,0.00,66.00,0.00,99.00,33.00,0.00,0.00,0.00,0.00
1762053781.9661288,66.00,0.00,66.00,0.00,0.00,0.00,66.00,33.00,33.00,0.00,99.00,33.00,0.00,0.00,66.00,0.00,66.00,0.00,99.00,33.00,0.00,0.00,0.00,0.00
1762053781.9668224,66.00,0.00,66.00,0.00,0.00,0.00,66.00,33.00,33.00,0.00,99.00,33.00,0.00,0.00,66.00,0.00,66.00,0.00,99.00,33.00,0.00,0.00,0.00,0.00
1762053783.614405,66.00,0.00,66.00,0.00,0.00,0.00,66.00,33.00,33.00,0.00,99.00,33.00,0.00,0.00,66.00,0.00,66.00,33.00,99.00,33.00,0.00,0.00,0.00,0.00
1762053783.6150985,66.00,0.00,66.00,0.00,0.00,0.00,66.00,33.00,33.00,0.00,99.00,33.00,0.00,0.00,66.00,0.00,66.00,33.00,99.00,33.00,0.00,0.00,0.00,0.00
1762053783.6610992,66.00,0.00,66.00,0.00,0.00,0.00,66.00,33.00,33.00,0.00,99.00,33.00,0.00,0.00,66.00,0.00,66.00,33.00,99.00,33.00,0.00,0.00,0.00,0.00
1762053783.6617904,66.00,0.00,66.00,0.00,0.00,0.00,66.00,33.00,33.00,0.00,99.00,33.00,0.00,0.00,66.00,0.00,66.00,33.00,99.00,33.00,0.00,0.00,0.00,0.00
1762053783.6947072,66.00,0.00,66.00,0.00,0.00,0.00,66.00,33.00,33.00,0.00,99.00,33.00,0.00,0.00,66.00,0.00,66.00,33.00,99.00,33.00,0.00,0.00,0.00,0.00
1762053783.6951175,66.00,0.00,66.00,0.00,0.00,0.00,66.00,33.00,33.00,0.00,99.00,33.00,0.00,0.00,66.00,0.00,66.00,33.00,99.00,33.00,0.00,0.00,0.00,0.00
1762053784.0129533,66.00,0.00,66.00,0.00,0.00,0.00,66.00,33.00,33.00,0.00,99.00,33.00,0.00,0.00,66.00,0.00,66.00,33.00,99.00,33.00,0.00,0.00,0.00,0.00
1762053784.013668,66.00,0.00,66.00,0.00,0.00,0.00,66.00,33.00,33.00,0.00,99.00,33.00,0.00,0.00,66.00,0.00,66.00,33.00,99.00,33.00,0.00,0.00,0.00,0.00
1762053784.0649426,66.00,0.00,66.00,0.00,0.00,0.00,66.00,33.00,33.00,0.00,99.00,33.00,0.00,0.00,66.00,0.00,66.00,33.00,99.00,33.00,0.00,0.00,0.00,0.00
1762053784.065645,66.00,0.00,66.00,0.00,0.00,0.00,66.00,33.00,33.00,0.00,99.00,33.00,0.00,0.00,66.00,0.00,66.00,33.00,99.00,33.00,0.00,0.00,0.00,0.00
1762053784.125665,66.00,0.00,66.00,0.00,0.00,0.00,66.00,33.00,33.00,0.00,99.00,33.00,0.00,0.00,66.00,0.00,66.00,33.00,99.00,33.00,0.00,0.00,0.00,0.00
1762053784.1264021,66.00,0.00,66.00,0.00,0.00,0.00,66.00,33.00,33.00,0.00,99.00,33.00,0.00,0.00,66.00,0.00,66.00,33.00,99.00,33.00,0.00,0.00,0.00,0.00
1762053786.985968,33.00,0.00,33.00,0.00,0.00,0.00,66.00,33.00,33.00,0.00,66.00,33.00,0.00,0.00,66.00,0.00,66.00,33.00,99.00,33.00,0.00,0.00,0.00,0.00
1762053786.986698,33.00,0.00,33.00,0.00,0.00,0.00,66.00,33.00,33.00,0.00,66.00,33.00,0.00,0.00,66.00,0.00,66.00,33.00,99.00,33.00,0.00,0.00,0.00,0.00
1762053787.0306993,33.00,0.00,33.00,0.00,0.00,0.00,66.00,33.00,33.00,0.00,99.00,33.00,0.00,0.00,66.00,0.00,66.00,33.00,99.00,33.00,0.00,0.00,0.00,0.00
1762053787.0314248,33.00,0.00,33.00,0.00,0.00,0.00,66.00,33.00,33.00,0.00,99.00,33.00,0.00,0.00,66.00,0.00,66.00,33.00,99.00,33.00,0.00,0.00,0.00,0.00
1762053787.0586257,66.00,0.00,33.00,0.00,0.00,0.00,66.00,33.00,33.00,0.00,99.00,33.00,0.00,0.00,66.00,0.00,66.00,33.00,99.00,33.00,0.00,0.00,0.00,0.00
1762053787.059047,66.00,0.00,33.00,0.00,0.00,0.00,66.00,33.00,33.00,0.00,99.00,33.00,0.00,0.00,66.00,0.00,66.00,33.00,99.00,33.00,0.00,0.00,0.00,0.00
1762053787.0878935,66.00,0.00,33.00,0.00,0.00,0.00,66.00,33.00,33.00,0.00,99.00,33.00,0.00,0.00,66.00,0.00,66.00,33.00,99.00,33.00,0.00,0.00,0.00,0.00
1762053787.0883198,66.00,0.00,33.00,0.00,0.00,0.00,66.00,33.00,33.00,0.00,99.00,33.00,0.00,0.00,66.00,0.00,66.00,33.00,99.00,33.00,0.00,0.00,0.00,0.00
1762053787.1331675,66.00,0.00,33.00,0.00,0.00,0.00,66.00,33.00,66.00,0.00,99.00,33.00,0.00,0.00,66.00,0.00,66.00,33.00,99.00,33.00,0.00,0.00,0.00,0.00
1762053787.1338687,66.00,0.00,33.00,0.00,0.00,0.00,66.00,33.00,66.00,0.00,99.00,33.00,0.00,0.00,66.00,0.00,66.00,33.00,99.00,33.00,0.00,0.00,0.00,0.00
1762053791.9887526,66.00,0.00,33.00,0.00,0.00,0.00,33.00,33.00,66.00,0.00,99.00,33.00,0.00,0.00,66.00,0.00,99.00,33.00,99.00,33.00,0.00,0.00,0.00,0.00
1762053791.9894495,66.00,0.00,33.00,0.00,0.00,0.00,33.00,33.00,66.00,0.00,99.00,33.00,0.00,0.00,66.00,0.00,99.00,33.00,99.00,33.00,0.00,0.00,0.00,0.00
1762053796.9931188,66.00,0.00,33.00,0.00,0.00,0.00,33.00,0.00,66.00,0.00,99.00,33.00,0.00,0.00,66.00,0.00,33.00,33.00,66.00,33.00,0.00,0.00,0.00,0.00
1762053796.9938233,66.00,0.00,33.00,0.00,0.00,0.00,33.00,0.00,66.00,0.00,99.00,33.00,0.00,0.00,66.00,0.00,33.00,33.00,66.00,33.00,0.00,0.00,0.00,0.00
1762053801.6207068,66.00,0.00,33.00,0.00,0.00,0.00,33.00,0.00,66.00,0.00,99.00,33.00,0.00,0.00,66.00,0.00,33.00,33.00,99.00,33.00,0.00,0.00,0.00,0.00
1762053801.6214182,66.00,0.00,33.00,0.00,0.00,0.00,33.00,0.00,66.00,0.00,99.00,33.00,0.00,0.00,66.00,0.00,33.00,33.00,99.00,33.00,0.00,0.00,0.00,0.00
1762053801.6667778,66.00,0.00,33.00,0.00,0.00,0.00,66.00,0.00,66.00,0.00,99.00,33.00,0.00,0.00,66.00,0.00,33.00,33.00,99.00,33.00,0.00,0.00,0.00,0.00
1762053801.66748,66.00,0.00,33.00,0.00,0.00,0.00,66.00,0.00,66.00,0.00,99.00,33.00,0.00,0.00,66.00,0.00,33.00,33.00,99.00,33.00,0.00,0.00,0.00,0.00
1762053801.7195194,66.00,0.00,33.00,0.00,0.00,0.00,66.00,33.00,66.00,0.00,99.00,33.00,0.00,0.00,66.00,0.00,33.00,33.00,99.00,33.00,0.00,0.00,0.00,0.00
1762053801.720226,66.00,0.00,33.00,0.00,0.00,0.00,66.00,33.00,66.00,0.00,99.00,33.00,0.00,0.00,66.00,0.00,33.00,33.00,99.00,33.00,0.00,0.00,0.00,0.00
1762053801.7671194,66.00,0.00,33.00,0.00,0.00,0.00,66.00,33.00,66.00,0.00,99.00,33.00,0.00,0.00,66.00,0.00,33.00,33.00,99.00,33.00,0.00,0.00,0.00,0.00
1762053801.7678194,66.00,0.00,33.00,0.00,0.00,0.00,66.00,33.00,66.00,0.00,99.00,33.00,0.00,0.00,66.00,0.00,33.00,33.00,99.00,33.00,0.00,0.00,0.00,0.00
1762053801.8211617,66.00,0.00,33.00,0.00,0.00,0.00,66.00,33.00,66.00,0.00,99.00,33.00,0.00,0.00,66.00,0.00,33.00,33.00,99.00,33.00,0.00,0.00,0.00,0.00
1762053801.8218694,66.00,0.00,33.00,0.00,0.00,0.00,66.00,33.00,66.00,0.00,99.00,33.00,0.00,0.00,66.00,0.00,33.00,33.00,99.00,33.00,0.00,0.00,0.00,0.00
1762053801.8843787,66.00,0.00,33.00,0.00,0.00,0.00,66.00,33.00,66.00,0.00,99.00,33.00,0.00,0.00,66.00,0.00,33.00,33.00,99.00,33.00,0.00,0.00,0.00,0.00
1762053801.885104,66.00,0.00,33.00,0.00,0.00,0.00,66.00,33.00,66.00,0.00,99.00,33.00,0.00,0.00,66.00,0.00,33.00,33.00,99.00,33.00,0.00,0.00,0.00,0.00
1762053811.6333284,66.00,0.00,66.00,0.00,0.00,0.00,66.00,33.00,66.00,0.00,99.00,33.00,0.00,0.00,66.00,0.00,33.00,33.00,99.00,33.00,0.00,0.00,0.00,0.00
1762053811.634021,66.00,0.00,66.00,0.00,0.00,0.00,66.00,33.00,66.00,0.00,99.00,33.00,0.00,0.00,66.00,0.00,33.00,33.00,99.00,33.00,0.00,0.00,0.00,0.00
1762053811.6874533,66.00,0.00,66.00,0.00,0.00,0.00,66.00,33.00,66.00,0.00,99.00,33.00,0.00,0.00,66.00,0.00,66.00,33.00,99.00,33.00,0.00,0.00,0.00,0.00
1762053811.6881735,66.00,0.00,66.00,0.00,0.00,0.00,66.00,33.00,66.00,0.00,99.00,33.00,0.00,0.00,66.00,0.00,66.00,33.00,99.00,33.00,0.00,0.00,0.00,0.00
1762053811.7389607,66.00,0.00,66.00,0.00,0.00,0.00,66.00,33.00,66.00,0.00,99.00,33.00,0.00,0.00,66.00,0.00,66.00,33.00,99.00,33.00,0.00,0.00,0.00,0.00
1762053811.739677,66.00,0.00,66.00,0.00,0.00,0.00,66.00,33.00,66.00,0.00,99.00,33.00,0.00,0.00,66.00,0.00,66.00,33.00,99.00,33.00,0.00,0.00,0.00,0.00
1762053811.933047,66.00,0.00,66.00,0.00,0.00,0.00,66.00,33.00,66.00,0.00,99.00,33.00,0.00,0.00,66.00,0.00,66.00,33.00,99.00,33.00,0.00,0.00,0.00,0.00
1762053811.9334686,66.00,0.00,66.00,0.00,0.00,0.00,66.00,33.00,66.00,0.00,99.00,33.00,0.00,0.00,66.00,0.00,66.00,33.00,99.00,33.00,0.00,0.00,0.00,0.00
1762053811.9869823,66.00,0.00,66.00,0.00,0.00,0.00,66.00,33.00,66.00,0.00,99.00,33.00,0.00,0.00,66.00,0.00,66.00,33.00,99.00,33.00,0.00,0.00,0.00,0.00
1762053811.9876873,66.00,0.00,66.00,0.00,0.00,0.00,66.00,33.00,66.00,0.00,99.00,33.00,0.00,0.00,66.00,0.00,66.00,33.00,99.00,33.00,0.00,0.00,0.00,0.00
1762053812.0452664,66.00,0.00,66.00,0.00,0.00,0.00,66.00,33.00,66.00,0.00,99.00,33.00,0.00,0.00,66.00,0.00,66.00,33.00,99.00,33.00,0.00,0.00,0.00,0.00
1762053812.0460024,66.00,0.00,66.00,0.00,0.00,0.00,66.00,33.00,66.00,0.00,99.00,33.00,0.00,0.00,66.00,0.00,66.00,33.00,99.00,33.00,0.00,0.00,0.00,0.00
1762053833.6247475,33.00,0.00,66.00,0.00,0.00,0.00,33.00,33.00,33.00,0.00,0.00,0.00,0.00,0.00,33.00,0.00,33.00,33.00,66.00,0.00,0.00,0.00,0.00,0.00
1762053833.6251664,33.00,0.00,66.00,0.00,0.00,0.00,33.00,33.00,33.00,0.00,0.00,0.00,0.00,0.00,33.00,0.00,33.00,33.00,66.00,0.00,0.00,0.00,0.00,0.00
1762053833.6698909,33.00,0.00,66.00,0.00,0.00,0.00,33.00,33.00,33.00,0.00,0.00,0.00,0.00,0.00,66.00,0.00,33.00,33.00,66.00,0.00,0.00,0.00,0.00,0.00
1762053833.670302,33.00,0.00,66.00,0.00,0.00,0.00,33.00,33.00,33.00,0.00,0.00,0.00,0.00,0.00,66.00,0.00,33.00,33.00,66.00,0.00,0.00,0.00,0.00,0.00
1762053833.7231693,66.00,0.00,66.00,0.00,0.00,0.00,33.00,33.00,33.00,0.00,0.00,0.00,0.00,0.00,66.00,0.00,33.00,33.00,66.00,0.00,0.00,0.00,0.00,0.00
1762053833.723849,66.00,0.00,66.00,0.00,0.00,0.00,33.00,33.00,33.00,0.00,0.00,0.00,0.00,0.00,66.00,0.00,33.00,33.00,66.00,0.00,0.00,0.00,0.00,0.00
1762053833.7669148,66.00,0.00,66.00,0.00,0.00,0.00,33.00,33.00,33.00,0.00,0.00,0.00,0.00,0.00,66.00,0.00,33.00,33.00,66.00,0.00,0.00,0.00,0.00,0.00
1762053833.7673209,66.00,0.00,66.00,0.00,0.00,0.00,33.00,33.00,33.00,0.00,0.00,0.00,0.00,0.00,66.00,0.00,33.00,33.00,66.00,0.00,0.00,0.00,0.00,0.00
1762053833.8027143,66.00,0.00,66.00,0.00,0.00,0.00,33.00,33.00,33.00,0.00,0.00,0.00,0.00,0.00,66.00,0.00,33.00,33.00,66.00,33.00,0.00,0.00,0.00,0.00
1762053833.8031232,66.00,0.00,66.00,0.00,0.00,0.00,33.00,33.00,33.00,0.00,0.00,0.00,0.00,0.00,66.00,0.00,33.00,33.00,66.00,33.00,0.00,0.00,0.00,0.00
1762053833.851414,66.00,0.00,66.00,0.00,0.00,0.00,33.00,33.00,33.00,0.00,0.00,0.00,0.00,0.00,66.00,0.00,33.00,33.00,66.00,33.00,0.00,0.00,0.00,0.00
1762053833.8520617,66.00,0.00,66.00,0.00,0.00,0.00,33.00,33.00,33.00,0.00,0.00,0.00,0.00,0.00,66.00,0.00,33.00,33.00,66.00,33.00,0.00,0.00,0.00,0.00
1762053837.1148348,66.00,0.00,66.00,0.00,0.00,0.00,33.00,33.00,33.00,0.00,0.00,0.00,0.00,0.00,66.00,0.00,33.00,33.00,66.00,33.00,0.00,0.00,0.00,0.00
1762053837.1152494,66.00,0.00,66.00,0.00,0.00,0.00,33.00,33.00,33.00,0.00,0.00,0.00,0.00,0.00,66.00,0.00,33.00,33.00,66.00,33.00,0.00,0.00,0.00,0.00
1762053847.1321075,66.00,0.00,66.00,0.00,0.00,0.00,33.00,33.00,66.00,0.00,0.00,0.00,0.00,0.00,66.00,0.00,33.00,33.00,66.00,33.00,0.00,0.00,0.00,0.00
1762053847.1328259,66.00,0.00,66.00,0.00,0.00,0.00,33.00,33.00,66.00,0.00,0.00,0.00,0.00,0.00,66.00,0.00,33.00,33.00,66.00,33.00,0.00,0.00,0.00,0.00
1762053851.6516314,66.00,0.00,66.00,0.00,0.00,0.00,33.00,33.00,66.00,0.00,0.00,33.00,0.00,0.00,66.00,0.00,33.00,33.00,66.00,33.00,0.00,0.00,0.00,0.00
1762053851.6523247,66.00,0.00,66.00,0.00,0.00,0.00,33.00,33.00,66.00,0.00,0.00,33.00,0.00,0.00,66.00,0.00,33.00,33.00,66.00,33.00,0.00,0.00,0.00,0.00
1762053851.698971,66.00,0.00,66.00,0.00,0.00,0.00,33.00,33.00,66.00,0.00,0.00,33.00,0.00,0.00,66.00,0.00,33.00,33.00,66.00,33.00,0.00,0.00,0.00,0.00
1762053851.6996717,66.00,0.00,66.00,0.00,0.00,0.00,33.00,33.00,66.00,0.00,0.00,33.00,0.00,0.00,66.00,0.00,33.00,33.00,66.00,33.00,0.00,0.00,0.00,0.00
1762053851.7517765,66.00,0.00,66.00,0.00,0.00,0.00,33.00,33.00,66.00,0.00,0.00,33.00,0.00,0.00,66.00,0.00,33.00,33.00,66.00,33.00,0.00,0.00,0.00,0.00
1762053851.7524624,66.00,0.00,66.00,0.00,0.00,0.00,33.00,33.00,66.00,0.00,0.00,33.00,0.00,0.00,66.00,0.00,33.00,33.00,66.00,33.00,0.00,0.00,0.00,0.00
1762053851.8046162,66.00,0.00,66.00,0.00,0.00,0.00,33.00,33.00,66.00,0.00,0.00,33.00,0.00,0.00,66.00,0.00,33.00,33.00,66.00,33.00,0.00,0.00,0.00,0.00
1762053851.8052957,66.00,0.00,66.00,0.00,0.00,0.00,33.00,33.00,66.00,0.00,0.00,33.00,0.00,0.00,66.00,0.00,33.00,33.00,66.00,33.00,0.00,0.00,0.00,0.00
1762053851.8571246,66.00,0.00,66.00,0.00,0.00,0.00,33.00,33.00,66.00,0.00,0.00,33.00,0.00,0.00,66.00,0.00,33.00,33.00,66.00,33.00,0.00,0.00,0.00,0.00
1762053851.8578327,66.00,0.00,66.00,0.00,0.00,0.00,33.00,33.00,66.00,0.00,0.00,33.00,0.00,0.00,66.00,0.00,33.00,33.00,66.00,33.00,0.00,0.00,0.00,0.00
1762053851.9094958,66.00,0.00,66.00,0.00,0.00,0.00,33.00,33.00,66.00,0.00,0.00,33.00,0.00,0.00,66.00,0.00,33.00,33.00,66.00,33.00,0.00,0.00,0.00,0.00
1762053851.9101722,66.00,0.00,66.00,0.00,0.00,0.00,33.00,33.00,66.00,0.00,0.00,33.00,0.00,0.00,66.00,0.00,33.00,33.00,66.00,33.00,0.00,0.00,0.00,0.00
1762053852.147406,33.00,0.00,33.00,0.00,0.00,0.00,33.00,33.00,66.00,0.00,33.00,33.00,0.00,0.00,33.00,0.00,33.00,33.00,66.00,33.00,0.00,0.00,0.00,0.00
1762053852.1481106,33.00,0.00,33.00,0.00,0.00,0.00,33.00,33.00,66.00,0.00,33.00,33.00,0.00,0.00,33.00,0.00,33.00,33.00,66.00,33.00,0.00,0.00,0.00,0.00
1762053852.1916978,33.00,0.00,33.00,0.00,0.00,0.00,66.00,33.00,66.00,0.00,33.00,33.00,0.00,0.00,33.00,0.00,33.00,33.00,66.00,33.00,0.00,0.00,0.00,0.00
1762053852.1924014,33.00,0.00,33.00,0.00,0.00,0.00,66.00,33.00,66.00,0.00,33.00,33.00,0.00,0.00,33.00,0.00,33.00,33.00,66.00,33.00,0.00,0.00,0.00,0.00
1762053852.2357304,33.00,0.00,33.00,0.00,0.00,0.00,66.00,33.00,66.00,0.00,66.00,33.00,0.00,0.00,33.00,0.00,33.00,33.00,66.00,33.00,0.00,0.00,0.00,0.00
1762053852.2364047,33.00,0.00,33.00,0.00,0.00,0.00,66.00,33.00,66.00,0.00,66.00,33.00,0.00,0.00,33.00,0.00,33.00,33.00,66.00,33.00,0.00,0.00,0.00,0.00
1762053852.5010273,33.00,0.00,33.00,0.00,0.00,0.00,66.00,33.00,66.00,0.00,66.00,33.00,0.00,0.00,33.00,0.00,33.00,33.00,66.00,33.00,0.00,0.00,0.00,0.00
1762053852.5017223,33.00,0.00,33.00,0.00,0.00,0.00,66.00,33.00,66.00,0.00,66.00,33.00,0.00,0.00,33.00,0.00,33.00,33.00,66.00,33.00,0.00,0.00,0.00,0.00
1762053852.5382054,33.00,0.00,33.00,0.00,0.00,0.00,66.00,33.00,66.00,0.00,66.00,33.00,0.00,0.00,33.00,0.00,33.00,33.00,66.00,33.00,0.00,0.00,0.00,0.00
1762053852.5386078,33.00,0.00,33.00,0.00,0.00,0.00,66.00,33.00,66.00,0.00,66.00,33.00,0.00,0.00,33.00,0.00,33.00,33.00,66.00,33.00,0.00,0.00,0.00,0.00
1762053852.5731115,33.00,0.00,33.00,0.00,0.00,0.00,66.00,33.00,66.00,0.00,66.00,33.00,0.00,0.00,33.00,0.00,33.00,33.00,66.00,33.00,0.00,0.00,0.00,0.00
1762053852.5735438,33.00,0.00,33.00,0.00,0.00,0.00,66.00,33.00,66.00,0.00,66.00,33.00,0.00,0.00,33.00,0.00,33.00,33.00,66.00,33.00,0.00,0.00,0.00,0.00
1762053871.661186,33.00,0.00,33.00,0.00,0.00,0.00,33.00,33.00,66.00,0.00,33.00,33.00,0.00,0.00,33.00,0.00,33.00,33.00,33.00,33.00,0.00,0.00,0.00,0.00
1762053871.6618972,33.00,0.00,33.00,0.00,0.00,0.00,33.00,33.00,66.00,0.00,33.00,33.00,0.00,0.00,33.00,0.00,33.00,33.00,33.00,33.00,0.00,0.00,0.00,0.00
1762053871.7120266,33.00,0.00,33.00,0.00,0.00,0.00,33.00,33.00,66.00,0.00,33.00,33.00,0.00,0.00,33.00,0.00,33.00,33.00,33.00,33.00,0.00,0.00,0.00,0.00
1762053871.7127402,33.00,0.00,33.00,0.00,0.00,0.00,33.00,33.00,66.00,0.00,33.00,33.00,0.00,0.00,33.00,0.00,33.00,33.00,33.00,33.00,0.00,0.00,0.00,0.00
1762053871.763242,33.00,0.00,33.00,0.00,0.00,0.00,33.00,33.00,66.00,0.00,33.00,33.00,0.00,0.00,66.00,0.00,33.00,33.00,33.00,33.00,0.00,0.00,0.00,0.00
1762053871.763878,33.00,0.00,33.00,0.00,0.00,0.00,33.00,33.00,66.00,0.00,33.00,33.00,0.00,0.00,66.00,0.00,33.00,33.00,33.00,33.00,0.00,0.00,0.00,0.00
1762053871.8173635,33.00,0.00,33.00,0.00,0.00,0.00,33.00,33.00,66.00,0.00,33.00,33.00,0.00,0.00,66.00,0.00,33.00,33.00,33.00,33.00,0.00,0.00,0.00,0.00
1762053871.8180628,33.00,0.00,33.00,0.00,0.00,0.00,33.00,33.00,66.00,0.00,33.00,33.00,0.00,0.00,66.00,0.00,33.00,33.00,33.00,33.00,0.00,0.00,0.00,0.00
1762053871.8646505,66.00,0.00,33.00,0.00,0.00,0.00,33.00,33.00,66.00,0.00,33.00,33.00,0.00,0.00,66.00,0.00,33.00,33.00,33.00,33.00,0.00,0.00,0.00,0.00
1762053871.8653448,66.00,0.00,33.00,0.00,0.00,0.00,33.00,33.00,66.00,0.00,33.00,33.00,0.00,0.00,66.00,0.00,33.00,33.00,33.00,33.00,0.00,0.00,0.00,0.00
1762053871.9219258,66.00,0.00,33.00,0.00,0.00,0.00,33.00,33.00,66.00,0.00,33.00,33.00,0.00,0.00,66.00,0.00,33.00,33.00,33.00,33.00,0.00,0.00,0.00,0.00
1762053871.9224524,66.00,0.00,33.00,0.00,0.00,0.00,33.00,33.00,66.00,0.00,33.00,33.00,0.00,0.00,66.00,0.00,33.00,33.00,33.00,33.00,0.00,0.00,0.00,0.00
1762053872.1529572,66.00,0.00,33.00,0.00,0.00,0.00,33.00,33.00,66.00,0.00,33.00,33.00,0.00,0.00,66.00,0.00,33.00,33.00,33.00,33.00,0.00,0.00,0.00,0.00
1762053872.1533747,66.00,0.00,33.00,0.00,0.00,0.00,33.00,33.00,66.00,0.00,33.00,33.00,0.00,0.00,66.00,0.00,33.00,33.00,33.00,33.00,0.00,0.00,0.00,0.00
1762053877.1548414,66.00,0.00,33.00,0.00,0.00,0.00,33.00,33.00,66.00,0.00,33.00,33.00,0.00,0.00,66.00,0.00,33.00,33.00,66.00,33.00,0.00,0.00,0.00,0.00
1762053877.1553211,66.00,0.00,33.00,0.00,0.00,0.00,33.00,33.00,66.00,0.00,33.00,33.00,0.00,0.00,66.00,0.00,33.00,33.00,66.00,33.00,0.00,0.00,0.00,0.00
1762053887.1887743,66.00,0.00,33.00,0.00,0.00,0.00,33.00,33.00,66.00,0.00,33.00,33.00,0.00,0.00,66.00,0.00,33.00,33.00,66.00,33.00,0.00,0.00,0.00,0.00
1762053887.1894956,66.00,0.00,33.00,0.00,0.00,0.00,33.00,33.00,66.00,0.00,33.00,33.00,0.00,0.00,66.00,0.00,33.00,33.00,66.00,33.00,0.00,0.00,0.00,0.00
1762053897.1963644,33.00,0.00,33.00,0.00,0.00,0.00,33.00,33.00,66.00,0.00,33.00,33.00,0.00,0.00,66.00,0.00,66.00,33.00,66.00,33.00,0.00,0.00,0.00,0.00
1762053897.1970654,33.00,0.00,33.00,0.00,0.00,0.00,33.00,33.00,66.00,0.00,33.00,33.00,0.00,0.00,66.00,0.00,66.00,33.00,66.00,33.00,0.00,0.00,0.00,0.00
1762053897.2407606,66.00,0.00,33.00,0.00,0.00,0.00,33.00,33.00,66.00,0.00,33.00,33.00,0.00,0.00,66.00,0.00,66.00,33.00,66.00,33.00,0.00,0.00,0.00,0.00
1762053897.2414339,66.00,0.00,33.00,0.00,0.00,0.00,33.00,33.00,66.00,0.00,33.00,33.00,0.00,0.00,66.00,0.00,66.00,33.00,66.00,33.00,0.00,0.00,0.00,0.00
1762053898.6707964,66.00,0.00,66.00,0.00,0.00,0.00,33.00,33.00,66.00,0.00,33.00,33.00,0.00,0.00,66.00,0.00,66.00,33.00,66.00,33.00,0.00,0.00,0.00,0.00
1762053898.6714945,66.00,0.00,66.00,0.00,0.00,0.00,33.00,33.00,66.00,0.00,33.00,33.00,0.00,0.00,66.00,0.00,66.00,33.00,66.00,33.00,0.00,0.00,0.00,0.00
1762053898.723303,66.00,0.00,66.00,0.00,0.00,0.00,33.00,33.00,66.00,0.00,33.00,33.00,0.00,0.00,66.00,0.00,66.00,33.00,99.00,33.00,0.00,0.00,0.00,0.00
1762053898.7239928,66.00,0.00,66.00,0.00,0.00,0.00,33.00,33.00,66.00,0.00,33.00,33.00,0.00,0.00,66.00,0.00,66.00,33.00,99.00,33.00,0.00,0.00,0.00,0.00
1762053898.7726717,66.00,0.00,66.00,0.00,0.00,0.00,33.00,33.00,66.00,0.00,33.00,33.00,0.00,0.00,66.00,0.00,66.00,33.00,99.00,33.00,0.00,0.00,0.00,0.00
1762053898.773368,66.00,0.00,66.00,0.00,0.00,0.00,33.00,33.00,66.00,0.00,33.00,33.00,0.00,0.00,66.00,0.00,66.00,33.00,99.00,33.00,0.00,0.00,0.00,0.00
1762053898.829386,66.00,0.00,66.00,0.00,0.00,0.00,33.00,33.00,66.00,0.00,33.00,33.00,0.00,0.00,66.00,0.00,66.00,33.00,99.00,33.00,0.00,0.00,0.00,0.00
1762053898.8301268,66.00,0.00,66.00,0.00,0.00,0.00,33.00,33.00,66.00,0.00,33.00,33.00,0.00,0.00,66.00,0.00,66.00,33.00,99.00,33.00,0.00,0.00,0.00,0.00
1762053898.8916454,66.00,0.00,66.00,0.00,0.00,0.00,33.00,33.00,66.00,0.00,33.00,33.00,0.00,0.00,66.00,0.00,66.00,33.00,99.00,33.00,0.00,0.00,0.00,0.00
1762053898.8920982,66.00,0.00,66.00,0.00,0.00,0.00,33.00,33.00,66.00,0.00,33.00,33.00,0.00,0.00,66.00,0.00,66.00,33.00,99.00,33.00,0.00,0.00,0.00,0.00
1762053899.0950642,66.00,0.00,66.00,0.00,0.00,0.00,33.00,33.00,66.00,0.00,33.00,33.00,0.00,0.00,66.00,0.00,66.00,33.00,99.00,33.00,0.00,0.00,0.00,0.00
1762053899.095526,66.00,0.00,66.00,0.00,0.00,0.00,33.00,33.00,66.00,0.00,33.00,33.00,0.00,0.00,66.00,0.00,66.00,33.00,99.00,33.00,0.00,0.00,0.00,0.00
1762053902.1905766,66.00,0.00,66.00,0.00,0.00,0.00,33.00,33.00,66.00,0.00,0.00,33.00,0.00,0.00,66.00,0.00,66.00,0.00,66.00,33.00,0.00,0.00,0.00,0.00
1762053902.1909893,66.00,0.00,66.00,0.00,0.00,0.00,33.00,33.00,66.00,0.00,0.00,33.00,0.00,0.00,66.00,0.00,66.00,0.00,66.00,33.00,0.00,0.00,0.00,0.00
1762053902.2171285,66.00,0.00,66.00,0.00,0.00,0.00,33.00,33.00,66.00,0.00,0.00,33.00,0.00,0.00,66.00,0.00,66.00,0.00,66.00,33.00,0.00,0.00,0.00,0.00
1762053902.2175126,66.00,0.00,66.00,0.00,0.00,0.00,33.00,33.00,66.00,0.00,0.00,33.00,0.00,0.00,66.00,0.00,66.00,0.00,66.00,33.00,0.00,0.00,0.00,0.00
1762053902.252023,66.00,0.00,66.00,0.00,0.00,0.00,33.00,33.00,66.00,0.00,0.00,33.00,0.00,0.00,66.00,0.00,66.00,0.00,66.00,33.00,0.00,0.00,0.00,0.00
1762053902.2524116,66.00,0.00,66.00,0.00,0.00,0.00,33.00,33.00,66.00,0.00,0.00,33.00,0.00,0.00,66.00,0.00,66.00,0.00,66.00,33.00,0.00,0.00,0.00,0.00
1762053902.278964,66.00,0.00,66.00,0.00,0.00,0.00,33.00,33.00,66.00,0.00,0.00,33.00,0.00,0.00,66.00,0.00,66.00,33.00,66.00,33.00,0.00,0.00,0.00,0.00
1762053902.2793443,66.00,0.00,66.00,0.00,0.00,0.00,33.00,33.00,66.00,0.00,0.00,33.00,0.00,0.00,66.00,0.00,66.00,33.00,66.00,33.00,0.00,0.00,0.00,0.00
1762053902.3063211,66.00,0.00,66.00,0.00,0.00,0.00,66.00,33.00,66.00,0.00,0.00,33.00,0.00,0.00,66.00,0.00,66.00,33.00,66.00,33.00,0.00,0.00,0.00,0.00
1762053902.3067272,66.00,0.00,66.00,0.00,0.00,0.00,66.00,33.00,66.00,0.00,0.00,33.00,0.00,0.00,66.00,0.00,66.00,33.00,66.00,33.00,0.00,0.00,0.00,0.00
1762053912.2233481,66.00,0.00,66.00,0.00,0.00,0.00,66.00,33.00,66.00,0.00,0.00,33.00,0.00,0.00,66.00,0.00,66.00,33.00,99.00,33.00,0.00,0.00,0.00,0.00
1762053912.2240574,66.00,0.00,66.00,0.00,0.00,0.00,66.00,33.00,66.00,0.00,0.00,33.00,0.00,0.00,66.00,0.00,66.00,33.00,99.00,33.00,0.00,0.00,0.00,0.00
1762053913.68577,66.00,0.00,66.00,0.00,0.00,0.00,99.00,33.00,66.00,0.00,0.00,33.00,0.00,0.00,66.00,0.00,66.00,33.00,99.00,33.00,0.00,0.00,0.00,0.00
1762053913.6864994,66.00,0.00,66.00,0.00,0.00,0.00,99.00,33.00,66.00,0.00,0.00,33.00,0.00,0.00,66.00,0.00,66.00,33.00,99.00,33.00,0.00,0.00,0.00,0.00
1762053913.738859,66.00,0.00,66.00,0.00,0.00,0.00,99.00,33.00,66.00,0.00,33.00,33.00,0.00,0.00,66.00,0.00,66.00,33.00,99.00,33.00,0.00,0.00,0.00,0.00
1762053913.7395468,66.00,0.00,66.00,0.00,0.00,0.00,99.00,33.00,66.00,0.00,33.00,33.00,0.00,0.00,66.00,0.00,66.00,33.00,99.00,33.00,0.00,0.00,0.00,0.00
1762053913.7921138,66.00,0.00,66.00,0.00,0.00,0.00,99.00,33.00,66.00,0.00,33.00,33.00,0.00,0.00,66.00,0.00,66.00,33.00,99.00,33.00,0.00,0.00,0.00,0.00
1762053913.7928216,66.00,0.00,66.00,0.00,0.00,0.00,99.00,33.00,66.00,0.00,33.00,33.00,0.00,0.00,66.00,0.00,66.00,33.00,99.00,33.00,0.00,0.00,0.00,0.00
1762053913.8273726,66.00,0.00,66.00,0.00,0.00,0.00,99.00,33.00,66.00,0.00,33.00,33.00,0.00,0.00,66.00,0.00,99.00,33.00,99.00,33.00,0.00,0.00,0.00,0.00
1762053913.8277726,66.00,0.00,66.00,0.00,0.00,0.00,99.00,33.00,66.00,0.00,33.00,33.00,0.00,0.00,66.00,0.00,99.00,33.00,99.00,33.00,0.00,0.00,0.00,0.00
1762053913.8624237,66.00,0.00,66.00,0.00,0.00,0.00,99.00,33.00,66.00,0.00,33.00,33.00,0.00,0.00,66.00,0.00,99.00,33.00,99.00,33.00,0.00,0.00,0.00,0.00
1762053913.862835,66.00,0.00,66.00,0.00,0.00,0.00,99.00,33.00,66.00,0.00,33.00,33.00,0.00,0.00,66.00,0.00,99.00,33.00,99.00,33.00,0.00,0.00,0.00,0.00
1762053913.895094,66.00,0.00,66.00,0.00,0.00,0.00,99.00,33.00,66.00,0.00,33.00,33.00,0.00,0.00,66.00,0.00,99.00,33.00,99.00,33.00,0.00,0.00,0.00,0.00
1762053913.8955045,66.00,0.00,66.00,0.00,0.00,0.00,99.00,33.00,66.00,0.00,33.00,33.00,0.00,0.00,66.00,0.00,99.00,33.00,99.00,33.00,0.00,0.00,0.00,0.00
1762053917.2411098,66.00,0.00,66.00,0.00,0.00,0.00,99.00,0.00,66.00,0.00,33.00,33.00,0.00,0.00,66.00,0.00,66.00,33.00,99.00,33.00,0.00,0.00,0.00,0.00
1762053917.241834,66.00,0.00,66.00,0.00,0.00,0.00,99.00,0.00,66.00,0.00,33.00,33.00,0.00,0.00,66.00,0.00,66.00,33.00,99.00,33.00,0.00,0.00,0.00,0.00
1762053917.2891595,66.00,0.00,66.00,0.00,0.00,0.00,99.00,0.00,66.00,0.00,33.00,33.00,0.00,0.00,66.00,0.00,66.00,33.00,99.00,33.00,0.00,0.00,0.00,0.00
1762053917.2898562,66.00,0.00,66.00,0.00,0.00,0.00,99.00,0.00,66.00,0.00,33.00,33.00,0.00,0.00,66.00,0.00,66.00,33.00,99.00,33.00,0.00,0.00,0.00,0.00
1762053917.337032,66.00,0.00,66.00,0.00,0.00,0.00,99.00,0.00,66.00,0.00,33.00,33.00,0.00,0.00,66.00,0.00,66.00,33.00,99.00,33.00,0.00,0.00,0.00,0.00
1762053917.337715,66.00,0.00,66.00,0.00,0.00,0.00,99.00,0.00,66.00,0.00,33.00,33.00,0.00,0.00,66.00,0.00,66.00,33.00,99.00,33.00,0.00,0.00,0.00,0.00
1762053917.3912184,66.00,0.00,66.00,0.00,0.00,0.00,99.00,0.00,66.00,0.00,33.00,33.00,0.00,0.00,66.00,0.00,66.00,33.00,99.00,33.00,0.00,0.00,0.00,0.00
1762053917.3918867,66.00,0.00,66.00,0.00,0.00,0.00,99.00,0.00,66.00,0.00,33.00,33.00,0.00,0.00,66.00,0.00,66.00,33.00,99.00,33.00,0.00,0.00,0.00,0.00
1762053917.6939838,66.00,0.00,66.00,0.00,0.00,0.00,99.00,0.00,66.00,0.00,66.00,33.00,0.00,0.00,66.00,0.00,66.00,33.00,99.00,33.00,0.00,0.00,0.00,0.00
1762053917.6945922,66.00,0.00,66.00,0.00,0.00,0.00,99.00,0.00,66.00,0.00,66.00,33.00,0.00,0.00,66.00,0.00,66.00,33.00,99.00,33.00,0.00,0.00,0.00,0.00
1762053917.7448676,66.00,0.00,66.00,0.00,0.00,0.00,99.00,0.00,66.00,0.00,66.00,33.00,0.00,0.00,66.00,0.00,66.00,33.00,99.00,33.00,0.00,0.00,0.00,0.00
1762053917.7455869,66.00,0.00,66.00,0.00,0.00,0.00,99.00,0.00,66.00,0.00,66.00,33.00,0.00,0.00,66.00,0.00,66.00,33.00,99.00,33.00,0.00,0.00,0.00,0.00
1762053917.7790754,66.00,0.00,66.00,0.00,0.00,0.00,99.00,0.00,66.00,0.00,66.00,33.00,0.00,0.00,66.00,0.00,66.00,33.00,99.00,33.00,0.00,0.00,0.00,0.00
1762053917.7794495,66.00,0.00,66.00,0.00,0.00,0.00,99.00,0.00,66.00,0.00,66.00,33.00,0.00,0.00,66.00,0.00,66.00,33.00,99.00,33.00,0.00,0.00,0.00,0.00
1762053922.2495089,66.00,0.00,66.00,0.00,0.00,0.00,33.00,0.00,66.00,0.00,66.00,33.00,0.00,0.00,66.00,0.00,66.00,33.00,33.00,33.00,0.00,0.00,0.00,0.00
1762053922.2502017,66.00,0.00,66.00,0.00,0.00,0.00,33.00,0.00,66.00,0.00,66.00,33.00,0.00,0.00,66.00,0.00,66.00,33.00,33.00,33.00,0.00,0.00,0.00,0.00
1762053922.2975247,66.00,0.00,66.00,0.00,0.00,0.00,33.00,0.00,66.00,0.00,66.00,33.00,0.00,0.00,66.00,0.00,99.00,33.00,33.00,33.00,0.00,0.00,0.00,0.00
1762053922.2982378,66.00,0.00,66.00,0.00,0.00,0.00,33.00,0.00,66.00,0.00,66.00,33.00,0.00,0.00,66.00,0.00,99.00,33.00,33.00,33.00,0.00,0.00,0.00,0.00
1762053930.6997778,66.00,0.00,33.00,0.00,0.00,0.00,33.00,0.00,66.00,0.00,33.00,33.00,0.00,0.00,66.00,0.00,66.00,33.00,33.00,33.00,0.00,0.00,0.00,0.00
1762053930.7004611,66.00,0.00,33.00,0.00,0.00,0.00,33.00,0.00,66.00,0.00,33.00,33.00,0.00,0.00,66.00,0.00,66.00,33.00,33.00,33.00,0.00,0.00,0.00,0.00
1762053930.753925,66.00,0.00,33.00,0.00,0.00,0.00,33.00,0.00,66.00,0.00,33.00,33.00,0.00,0.00,66.00,0.00,66.00,33.00,33.00,33.00,0.00,0.00,0.00,0.00
1762053930.754606,66.00,0.00,33.00,0.00,0.00,0.00,33.00,0.00,66.00,0.00,33.00,33.00,0.00,0.00,66.00,0.00,66.00,33.00,33.00,33.00,0.00,0.00,0.00,0.00
1762053930.8127637,66.00,0.00,33.00,0.00,0.00,0.00,33.00,0.00,66.00,0.00,33.00,33.00,0.00,0.00,66.00,0.00,66.00,33.00,33.00,33.00,0.00,0.00,0.00,0.00
1762053930.8134918,66.00,0.00,33.00,0.00,0.00,0.00,33.00,0.00,66.00,0.00,33.00,33.00,0.00,0.00,66.00,0.00,66.00,33.00,33.00,33.00,0.00,0.00,0.00,0.00
1762053930.8657308,66.00,0.00,33.00,0.00,0.00,0.00,33.00,0.00,66.00,0.00,33.00,33.00,0.00,0.00,66.00,0.00,66.00,33.00,33.00,33.00,0.00,0.00,0.00,0.00
1762053930.866401,66.00,0.00,33.00,0.00,0.00,0.00,33.00,0.00,66.00,0.00,33.00,33.00,0.00,0.00,66.00,0.00,66.00,33.00,33.00,33.00,0.00,0.00,0.00,0.00
1762053930.9181752,66.00,0.00,33.00,0.00,0.00,0.00,33.00,0.00,66.00,0.00,33.00,33.00,0.00,0.00,66.00,0.00,66.00,33.00,33.00,33.00,0.00,0.00,0.00,0.00
1762053930.9188652,66.00,0.00,33.00,0.00,0.00,0.00,33.00,0.00,66.00,0.00,33.00,33.00,0.00,0.00,66.00,0.00,66.00,33.00,33.00,33.00,0.00,0.00,0.00,0.00
1762053930.9682884,66.00,0.00,33.00,0.00,0.00,0.00,33.00,0.00,66.00,0.00,33.00,33.00,0.00,0.00,66.00,0.00,66.00,33.00,33.00,33.00,0.00,0.00,0.00,0.00
1762053930.9689682,66.00,0.00,33.00,0.00,0.00,0.00,33.00,0.00,66.00,0.00,33.00,33.00,0.00,0.00,66.00,0.00,66.00,33.00,33.00,33.00,0.00,0.00,0.00,0.00
1762053932.2485278,66.00,0.00,33.00,0.00,0.00,0.00,33.00,0.00,66.00,0.00,33.00,0.00,0.00,0.00,66.00,0.00,66.00,33.00,33.00,33.00,0.00,0.00,0.00,0.00
1762053932.2489388,66.00,0.00,33.00,0.00,0.00,0.00,33.00,0.00,66.00,0.00,33.00,0.00,0.00,0.00,66.00,0.00,66.00,33.00,33.00,33.00,0.00,0.00,0.00,0.00
1762053932.276505,66.00,0.00,33.00,0.00,0.00,0.00,33.00,33.00,66.00,0.00,33.00,0.00,0.00,0.00,66.00,0.00,66.00,33.00,33.00,33.00,0.00,0.00,0.00,0.00
1762053932.2769036,66.00,0.00,33.00,0.00,0.00,0.00,33.00,33.00,66.00,0.00,33.00,0.00,0.00,0.00,66.00,0.00,66.00,33.00,33.00,33.00,0.00,0.00,0.00,0.00
1762053942.2833555,66.00,0.00,33.00,0.00,0.00,0.00,33.00,33.00,66.00,0.00,33.00,0.00,0.00,0.00,66.00,0.00,66.00,33.00,33.00,33.00,0.00,0.00,0.00,0.00
1762053942.2841167,66.00,0.00,33.00,0.00,0.00,0.00,33.00,33.00,66.00,0.00,33.00,0.00,0.00,0.00,66.00,0.00,66.00,33.00,33.00,33.00,0.00,0.00,0.00,0.00
1762053949.708284,66.00,0.00,33.00,0.00,0.00,0.00,33.00,33.00,66.00,0.00,66.00,0.00,0.00,0.00,66.00,0.00,66.00,33.00,33.00,33.00,0.00,0.00,0.00,0.00
1762053949.7087312,66.00,0.00,33.00,0.00,0.00,0.00,33.00,33.00,66.00,0.00,66.00,0.00,0.00,0.00,66.00,0.00,66.00,33.00,33.00,33.00,0.00,0.00,0.00,0.00
1762053949.7535992,66.00,0.00,33.00,0.00,0.00,0.00,33.00,33.00,66.00,0.00,66.00,0.00,0.00,0.00,66.00,0.00,66.00,33.00,33.00,33.00,0.00,0.00,0.00,0.00
1762053949.754069,66.00,0.00,33.00,0.00,0.00,0.00,33.00,33.00,66.00,0.00,66.00,0.00,0.00,0.00,66.00,0.00,66.00,33.00,33.00,33.00,0.00,0.00,0.00,0.00
1762053949.811682,66.00,0.00,33.00,0.00,0.00,0.00,33.00,33.00,66.00,0.00,66.00,33.00,0.00,0.00,66.00,0.00,66.00,33.00,33.00,33.00,0.00,0.00,0.00,0.00
1762053949.8124075,66.00,0.00,33.00,0.00,0.00,0.00,33.00,33.00,66.00,0.00,66.00,33.00,0.00,0.00,66.00,0.00,66.00,33.00,33.00,33.00,0.00,0.00,0.00,0.00
1762053950.145913,66.00,0.00,33.00,0.00,0.00,0.00,33.00,33.00,66.00,0.00,66.00,33.00,0.00,0.00,66.00,0.00,66.00,33.00,33.00,33.00,0.00,0.00,0.00,0.00
1762053950.1466682,66.00,0.00,33.00,0.00,0.00,0.00,33.00,33.00,66.00,0.00,66.00,33.00,0.00,0.00,66.00,0.00,66.00,33.00,33.00,33.00,0.00,0.00,0.00,0.00
1762053950.2092688,66.00,0.00,33.00,0.00,0.00,0.00,33.00,33.00,66.00,0.00,66.00,33.00,0.00,0.00,66.00,0.00,66.00,33.00,33.00,33.00,0.00,0.00,0.00,0.00
1762053950.2099907,66.00,0.00,33.00,0.00,0.00,0.00,33.00,33.00,66.00,0.00,66.00,33.00,0.00,0.00,66.00,0.00,66.00,33.00,33.00,33.00,0.00,0.00,0.00,0.00
1762053950.2715929,66.00,0.00,33.00,0.00,0.00,0.00,33.00,33.00,66.00,0.00,66.00,33.00,0.00,0.00,66.00,0.00,66.00,33.00,33.00,33.00,0.00,0.00,0.00,0.00
1762053950.2723248,66.00,0.00,33.00,0.00,0.00,0.00,33.00,33.00,66.00,0.00,66.00,33.00,0.00,0.00,66.00,0.00,66.00,33.00,33.00,33.00,0.00,0.00,0.00,0.00
1762053957.2917037,66.00,0.00,33.00,0.00,0.00,0.00,66.00,33.00,66.00,0.00,66.00,33.00,0.00,0.00,66.00,0.00,66.00,33.00,33.00,33.00,0.00,0.00,0.00,0.00
1762053957.2924623,66.00,0.00,33.00,0.00,0.00,0.00,66.00,33.00,66.00,0.00,66.00,33.00,0.00,0.00,66.00,0.00,66.00,33.00,33.00,33.00,0.00,0.00,0.00,0.00
1762053962.278493,66.00,0.00,33.00,0.00,0.00,0.00,66.00,0.00,66.00,0.00,66.00,33.00,0.00,0.00,33.00,0.00,33.00,33.00,33.00,33.00,0.00,0.00,0.00,0.00
1762053962.2789164,66.00,0.00,33.00,0.00,0.00,0.00,66.00,0.00,66.00,0.00,66.00,33.00,0.00,0.00,33.00,0.00,33.00,33.00,33.00,33.00,0.00,0.00,0.00,0.00
1762053972.3054402,66.00,0.00,33.00,0.00,0.00,0.00,66.00,0.00,66.00,0.00,66.00,33.00,0.00,0.00,33.00,0.00,0.00,33.00,33.00,0.00,0.00,0.00,0.00,0.00
1762053972.3061335,66.00,0.00,33.00,0.00,0.00,0.00,66.00,0.00,66.00,0.00,66.00,33.00,0.00,0.00,33.00,0.00,0.00,33.00,33.00,0.00,0.00,0.00,0.00,0.00
1762053973.7254443,66.00,0.00,33.00,0.00,0.00,0.00,66.00,0.00,66.00,0.00,66.00,33.00,0.00,0.00,66.00,0.00,0.00,33.00,33.00,0.00,0.00,0.00,0.00,0.00
1762053973.7261372,66.00,0.00,33.00,0.00,0.00,0.00,66.00,0.00,66.00,0.00,66.00,33.00,0.00,0.00,66.00,0.00,0.00,33.00,33.00,0.00,0.00,0.00,0.00,0.00
1762053973.781226,66.00,0.00,33.00,0.00,0.00,0.00,66.00,0.00,66.00,0.00,66.00,33.00,0.00,0.00,66.00,0.00,0.00,33.00,33.00,0.00,0.00,0.00,0.00,0.00
1762053973.7816598,66.00,0.00,33.00,0.00,0.00,0.00,66.00,0.00,66.00,0.00,66.00,33.00,0.00,0.00,66.00,0.00,0.00,33.00,33.00,0.00,0.00,0.00,0.00,0.00
1762053973.83805,66.00,0.00,33.00,0.00,0.00,0.00,66.00,0.00,66.00,0.00,66.00,33.00,0.00,0.00,66.00,0.00,0.00,33.00,33.00,0.00,0.00,0.00,0.00,0.00
1762053973.8384845,66.00,0.00,33.00,0.00,0.00,0.00,66.00,0.00,66.00,0.00,66.00,33.00,0.00,0.00,66.00,0.00,0.00,33.00,33.00,0.00,0.00,0.00,0.00,0.00
1762053973.8746185,66.00,0.00,33.00,0.00,0.00,0.00,66.00,0.00,66.00,0.00,66.00,33.00,0.00,0.00,66.00,0.00,0.00,33.00,33.00,0.00,0.00,0.00,0.00,0.00
1762053973.8750346,66.00,0.00,33.00,0.00,0.00,0.00,66.00,0.00,66.00,0.00,66.00,33.00,0.00,0.00,66.00,0.00,0.00,33.00,33.00,0.00,0.00,0.00,0.00,0.00
1762053973.9145823,66.00,0.00,33.00,0.00,0.00,0.00,66.00,0.00,66.00,0.00,66.00,33.00,0.00,0.00,66.00,0.00,0.00,33.00,33.00,0.00,0.00,0.00,0.00,0.00
1762053973.915019,66.00,0.00,33.00,0.00,0.00,0.00,66.00,0.00,66.00,0.00,66.00,33.00,0.00,0.00,66.00,0.00,0.00,33.00,33.00,0.00,0.00,0.00,0.00,0.00
1762053973.9728825,66.00,0.00,33.00,0.00,0.00,0.00,66.00,0.00,66.00,0.00,66.00,33.00,0.00,0.00,66.00,0.00,0.00,33.00,33.00,0.00,0.00,0.00,0.00,0.00
1762053973.97365,66.00,0.00,33.00,0.00,0.00,0.00,66.00,0.00,66.00,0.00,66.00,33.00,0.00,0.00,66.00,0.00,0.00,33.00,33.00,0.00,0.00,0.00,0.00,0.00
1762053977.3179765,66.00,0.00,33.00,0.00,0.00,0.00,66.00,0.00,66.00,0.00,33.00,33.00,0.00,0.00,66.00,0.00,0.00,33.00,33.00,0.00,0.00,0.00,0.00,0.00
1762053977.3186731,66.00,0.00,33.00,0.00,0.00,0.00,66.00,0.00,66.00,0.00,33.00,33.00,0.00,0.00,66.00,0.00,0.00,33.00,33.00,0.00,0.00,0.00,0.00,0.00
1762053977.3717518,66.00,0.00,33.00,0.00,0.00,0.00,66.00,0.00,66.00,0.00,33.00,33.00,0.00,0.00,66.00,0.00,0.00,33.00,33.00,0.00,0.00,0.00,0.00,0.00
1762053977.3724556,66.00,0.00,33.00,0.00,0.00,0.00,66.00,0.00,66.00,0.00,33.00,33.00,0.00,0.00,66.00,0.00,0.00,33.00,33.00,0.00,0.00,0.00,0.00,0.00
1762053988.7305818,66.00,0.00,33.00,0.00,0.00,0.00,66.00,0.00,66.00,0.00,33.00,33.00,0.00,0.00,66.00,0.00,0.00,33.00,33.00,33.00,0.00,0.00,0.00,0.00
1762053988.7312837,66.00,0.00,33.00,0.00,0.00,0.00,66.00,0.00,66.00,0.00,33.00,33.00,0.00,0.00,66.00,0.00,0.00,33.00,33.00,33.00,0.00,0.00,0.00,0.00
1762053988.778021,66.00,0.00,33.00,0.00,0.00,0.00,66.00,0.00,66.00,0.00,33.00,33.00,0.00,0.00,66.00,0.00,0.00,33.00,66.00,33.00,0.00,0.00,0.00,0.00
1762053988.7787616,66.00,0.00,33.00,0.00,0.00,0.00,66.00,0.00,66.00,0.00,33.00,33.00,0.00,0.00,66.00,0.00,0.00,33.00,66.00,33.00,0.00,0.00,0.00,0.00
1762053988.9811938,66.00,0.00,33.00,0.00,0.00,0.00,66.00,0.00,66.00,0.00,33.00,33.00,0.00,0.00,66.00,0.00,0.00,33.00,66.00,33.00,0.00,0.00,0.00,0.00
1762053988.9816353,66.00,0.00,33.00,0.00,0.00,0.00,66.00,0.00,66.00,0.00,33.00,33.00,0.00,0.00,66.00,0.00,0.00,33.00,66.00,33.00,0.00,0.00,0.00,0.00
1762053989.0353649,66.00,0.00,66.00,0.00,0.00,0.00,66.00,0.00,66.00,0.00,33.00,33.00,0.00,0.00,66.00,0.00,0.00,33.00,66.00,33.00,0.00,0.00,0.00,0.00
1762053989.0360658,66.00,0.00,66.00,0.00,0.00,0.00,66.00,0.00,66.00,0.00,33.00,33.00,0.00,0.00,66.00,0.00,0.00,33.00,66.00,33.00,0.00,0.00,0.00,0.00
1762053989.087259,66.00,0.00,66.00,0.00,0.00,0.00,66.00,0.00,66.00,0.00,33.00,33.00,0.00,0.00,66.00,0.00,0.00,33.00,66.00,33.00,0.00,0.00,0.00,0.00
1762053989.087958,66.00,0.00,66.00,0.00,0.00,0.00,66.00,0.00,66.00,0.00,33.00,33.00,0.00,0.00,66.00,0.00,0.00,33.00,66.00,33.00,0.00,0.00,0.00,0.00
1762053989.1474717,66.00,0.00,66.00,0.00,0.00,0.00,66.00,0.00,66.00,0.00,33.00,33.00,0.00,0.00,66.00,0.00,0.00,33.00,66.00,33.00,0.00,0.00,0.00,0.00
1762053989.1481686,66.00,0.00,66.00,0.00,0.00,0.00,66.00,0.00,66.00,0.00,33.00,33.00,0.00,0.00,66.00,0.00,0.00,33.00,66.00,33.00,0.00,0.00,0.00,0.00
1762054007.3447394,33.00,0.00,66.00,0.00,0.00,0.00,66.00,0.00,33.00,0.00,33.00,33.00,0.00,0.00,33.00,0.00,0.00,33.00,66.00,33.00,0.00,0.00,0.00,0.00
1762054007.345466,33.00,0.00,66.00,0.00,0.00,0.00,66.00,0.00,33.00,0.00,33.00,33.00,0.00,0.00,33.00,0.00,0.00,33.00,66.00,33.00,0.00,0.00,0.00,0.00
1762054007.3942516,33.00,0.00,66.00,0.00,0.00,0.00,66.00,0.00,33.00,0.00,33.00,33.00,0.00,0.00,33.00,0.00,0.00,33.00,99.00,33.00,0.00,0.00,0.00,0.00
1762054007.3949308,33.00,0.00,66.00,0.00,0.00,0.00,66.00,0.00,33.00,0.00,33.00,33.00,0.00,0.00,33.00,0.00,0.00,33.00,99.00,33.00,0.00,0.00,0.00,0.00
1762054010.728809,33.00,0.00,66.00,0.00,0.00,0.00,66.00,0.00,66.00,0.00,33.00,33.00,0.00,0.00,33.00,0.00,0.00,33.00,99.00,33.00,0.00,0.00,0.00,0.00
1762054010.7292242,33.00,0.00,66.00,0.00,0.00,0.00,66.00,0.00,66.00,0.00,33.00,33.00,0.00,0.00,33.00,0.00,0.00,33.00,99.00,33.00,0.00,0.00,0.00,0.00
1762054010.7712839,33.00,0.00,66.00,0.00,0.00,0.00,66.00,0.00,66.00,0.00,66.00,33.00,0.00,0.00,33.00,0.00,0.00,33.00,99.00,33.00,0.00,0.00,0.00,0.00
1762054010.7716804,33.00,0.00,66.00,0.00,0.00,0.00,66.00,0.00,66.00,0.00,66.00,33.00,0.00,0.00,33.00,0.00,0.00,33.00,99.00,33.00,0.00,0.00,0.00,0.00
1762054010.8150957,33.00,0.00,66.00,0.00,0.00,0.00,66.00,0.00,66.00,0.00,66.00,33.00,0.00,0.00,33.00,0.00,0.00,33.00,99.00,33.00,0.00,0.00,0.00,0.00
1762054010.815497,33.00,0.00,66.00,0.00,0.00,0.00,66.00,0.00,66.00,0.00,66.00,33.00,0.00,0.00,33.00,0.00,0.00,33.00,99.00,33.00,0.00,0.00,0.00,0.00
1762054010.8609128,33.00,0.00,66.00,0.00,0.00,0.00,66.00,0.00,66.00,0.00,66.00,33.00,0.00,0.00,33.00,0.00,0.00,33.00,99.00,33.00,0.00,0.00,0.00,0.00
1762054010.8613226,33.00,0.00,66.00,0.00,0.00,0.00,66.00,0.00,66.00,0.00,66.00,33.00,0.00,0.00,33.00,0.00,0.00,33.00,99.00,33.00,0.00,0.00,0.00,0.00
1762054010.9055572,33.00,0.00,66.00,0.00,0.00,0.00,66.00,0.00,66.00,0.00,66.00,33.00,0.00,0.00,33.00,0.00,0.00,33.00,99.00,33.00,0.00,0.00,0.00,0.00
1762054010.9059565,33.00,0.00,66.00,0.00,0.00,0.00,66.00,0.00,66.00,0.00,66.00,33.00,0.00,0.00,33.00,0.00,0.00,33.00,99.00,33.00,0.00,0.00,0.00,0.00
1762054010.9434075,33.00,0.00,66.00,0.00,0.00,0.00,66.00,0.00,66.00,0.00,66.00,33.00,0.00,0.00,33.00,0.00,0.00,33.00,99.00,33.00,0.00,0.00,0.00,0.00
1762054010.943819,33.00,0.00,66.00,0.00,0.00,0.00,66.00,0.00,66.00,0.00,66.00,33.00,0.00,0.00,33.00,0.00,0.00,33.00,99.00,33.00,0.00,0.00,0.00,0.00
1762054012.3561747,33.00,0.00,66.00,0.00,0.00,0.00,66.00,0.00,66.00,0.00,66.00,33.00,0.00,0.00,66.00,0.00,0.00,33.00,99.00,33.00,0.00,0.00,0.00,0.00
1762054012.3568726,33.00,0.00,66.00,0.00,0.00,0.00,66.00,0.00,66.00,0.00,66.00,33.00,0.00,0.00,66.00,0.00,0.00,33.00,99.00,33.00,0.00,0.00,0.00,0.00
1762054012.4051125,66.00,0.00,66.00,0.00,0.00,0.00,66.00,0.00,66.00,0.00,66.00,33.00,0.00,0.00,66.00,0.00,0.00,33.00,99.00,33.00,0.00,0.00,0.00,0.00
1762054012.4058077,66.00,0.00,66.00,0.00,0.00,0.00,66.00,0.00,66.00,0.00,66.00,33.00,0.00,0.00,66.00,0.00,0.00,33.00,99.00,33.00,0.00,0.00,0.00,0.00
1762054012.4530828,66.00,0.00,66.00,0.00,0.00,0.00,66.00,0.00,66.00,0.00,66.00,33.00,0.00,0.00,66.00,0.00,0.00,33.00,99.00,33.00,0.00,0.00,0.00,0.00
1762054012.4537477,66.00,0.00,66.00,0.00,0.00,0.00,66.00,0.00,66.00,0.00,66.00,33.00,0.00,0.00,66.00,0.00,0.00,33.00,99.00,33.00,0.00,0.00,0.00,0.00
1762054029.7555647,33.00,0.00,33.00,0.00,0.00,0.00,0.00,0.00,66.00,0.00,66.00,33.00,0.00,0.00,66.00,0.00,0.00,33.00,66.00,33.00,0.00,0.00,0.00,0.00
1762054029.7562597,33.00,0.00,33.00,0.00,0.00,0.00,0.00,0.00,66.00,0.00,66.00,33.00,0.00,0.00,66.00,0.00,0.00,33.00,66.00,33.00,0.00,0.00,0.00,0.00
1762054030.0671432,33.00,0.00,33.00,0.00,0.00,0.00,0.00,0.00,66.00,0.00,66.00,33.00,0.00,0.00,66.00,0.00,0.00,33.00,66.00,33.00,0.00,0.00,0.00,0.00
1762054030.067842,33.00,0.00,33.00,0.00,0.00,0.00,0.00,0.00,66.00,0.00,66.00,33.00,0.00,0.00,66.00,0.00,0.00,33.00,66.00,33.00,0.00,0.00,0.00,0.00
1762054030.1213224,33.00,0.00,33.00,0.00,0.00,0.00,0.00,33.00,66.00,0.00,66.00,33.00,0.00,0.00,66.00,0.00,0.00,33.00,66.00,33.00,0.00,0.00,0.00,0.00
1762054030.1220348,33.00,0.00,33.00,0.00,0.00,0.00,0.00,33.00,66.00,0.00,66.00,33.00,0.00,0.00,66.00,0.00,0.00,33.00,66.00,33.00,0.00,0.00,0.00,0.00
1762054030.1752596,33.00,0.00,33.00,0.00,0.00,0.00,0.00,33.00,66.00,0.00,66.00,33.00,0.00,0.00,66.00,0.00,0.00,33.00,66.00,33.00,0.00,0.00,0.00,0.00
1762054030.175945,33.00,0.00,33.00,0.00,0.00,0.00,0.00,33.00,66.00,0.00,66.00,33.00,0.00,0.00,66.00,0.00,0.00,33.00,66.00,33.00,0.00,0.00,0.00,0.00
1762054030.231673,33.00,0.00,33.00,0.00,0.00,0.00,0.00,33.00,66.00,0.00,66.00,33.00,0.00,0.00,66.00,0.00,33.00,33.00,66.00,33.00,0.00,0.00,0.00,0.00
1762054030.2323754,33.00,0.00,33.00,0.00,0.00,0.00,0.00,33.00,66.00,0.00,66.00,33.00,0.00,0.00,66.00,0.00,33.00,33.00,66.00,33.00,0.00,0.00,0.00,0.00
1762054030.2841046,33.00,0.00,33.00,0.00,0.00,0.00,0.00,33.00,66.00,0.00,66.00,33.00,0.00,0.00,66.00,0.00,33.00,33.00,66.00,33.00,0.00,0.00,0.00,0.00
1762054030.2848287,33.00,0.00,33.00,0.00,0.00,0.00,0.00,33.00,66.00,0.00,66.00,33.00,0.00,0.00,66.00,0.00,33.00,33.00,66.00,33.00,0.00,0.00,0.00,0.00
1762054052.7633965,33.00,0.00,33.00,0.00,0.00,0.00,0.00,33.00,33.00,0.00,66.00,33.00,0.00,0.00,33.00,0.00,33.00,33.00,33.00,33.00,0.00,0.00,0.00,0.00
1762054052.7640812,33.00,0.00,33.00,0.00,0.00,0.00,0.00,33.00,33.00,0.00,66.00,33.00,0.00,0.00,33.00,0.00,33.00,33.00,33.00,33.00,0.00,0.00,0.00,0.00
1762054052.8158288,33.00,0.00,33.00,0.00,0.00,0.00,0.00,33.00,33.00,0.00,66.00,33.00,0.00,0.00,33.00,0.00,33.00,33.00,66.00,33.00,0.00,0.00,0.00,0.00
1762054052.8165221,33.00,0.00,33.00,0.00,0.00,0.00,0.00,33.00,33.00,0.00,66.00,33.00,0.00,0.00,33.00,0.00,33.00,33.00,66.00,33.00,0.00,0.00,0.00,0.00
1762054052.8745823,33.00,0.00,33.00,0.00,0.00,0.00,0.00,33.00,33.00,0.00,66.00,33.00,0.00,0.00,33.00,0.00,33.00,33.00,66.00,33.00,0.00,0.00,0.00,0.00
1762054052.8752847,33.00,0.00,33.00,0.00,0.00,0.00,0.00,33.00,33.00,0.00,66.00,33.00,0.00,0.00,33.00,0.00,33.00,33.00,66.00,33.00,0.00,0.00,0.00,0.00
1762054052.9330993,33.00,0.00,33.00,0.00,0.00,0.00,0.00,33.00,33.00,0.00,66.00,33.00,0.00,0.00,33.00,0.00,33.00,33.00,66.00,33.00,0.00,0.00,0.00,0.00
1762054052.9337895,33.00,0.00,33.00,0.00,0.00,0.00,0.00,33.00,33.00,0.00,66.00,33.00,0.00,0.00,33.00,0.00,33.00,33.00,66.00,33.00,0.00,0.00,0.00,0.00
1762054052.9901197,33.00,0.00,33.00,0.00,0.00,0.00,0.00,33.00,33.00,0.00,66.00,33.00,0.00,0.00,33.00,0.00,33.00,33.00,66.00,33.00,0.00,0.00,0.00,0.00
1762054052.990804,33.00,0.00,33.00,0.00,0.00,0.00,0.00,33.00,33.00,0.00,66.00,33.00,0.00,0.00,33.00,0.00,33.00,33.00,66.00,33.00,0.00,0.00,0.00,0.00
1762054053.0475595,33.00,0.00,33.00,0.00,0.00,0.00,0.00,33.00,33.00,0.00,66.00,33.00,0.00,0.00,33.00,0.00,33.00,33.00,66.00,33.00,0.00,0.00,0.00,0.00
1762054053.0479698,33.00,0.00,33.00,0.00,0.00,0.00,0.00,33.00,33.00,0.00,66.00,33.00,0.00,0.00,33.00,0.00,33.00,33.00,66.00,33.00,0.00,0.00,0.00,0.00
1762054057.3915243,33.00,0.00,33.00,0.00,0.00,0.00,0.00,33.00,0.00,0.00,66.00,33.00,0.00,0.00,66.00,0.00,33.00,33.00,66.00,33.00,0.00,0.00,0.00,0.00
1762054057.3922334,33.00,0.00,33.00,0.00,0.00,0.00,0.00,33.00,0.00,0.00,66.00,33.00,0.00,0.00,66.00,0.00,33.00,33.00,66.00,33.00,0.00,0.00,0.00,0.00
1762054070.7606347,66.00,0.00,33.00,0.00,0.00,0.00,0.00,33.00,0.00,0.00,66.00,33.00,0.00,0.00,66.00,0.00,33.00,33.00,66.00,33.00,0.00,0.00,0.00,0.00
1762054070.7610488,66.00,0.00,33.00,0.00,0.00,0.00,0.00,33.00,0.00,0.00,66.00,33.00,0.00,0.00,66.00,0.00,33.00,33.00,66.00,33.00,0.00,0.00,0.00,0.00
1762054070.8119376,66.00,0.00,33.00,0.00,0.00,0.00,0.00,33.00,33.00,0.00,66.00,33.00,0.00,0.00,66.00,0.00,33.00,33.00,66.00,33.00,0.00,0.00,0.00,0.00
1762054070.8125951,66.00,0.00,33.00,0.00,0.00,0.00,0.00,33.00,33.00,0.00,66.00,33.00,0.00,0.00,66.00,0.00,33.00,33.00,66.00,33.00,0.00,0.00,0.00,0.00
1762054070.8710406,66.00,0.00,33.00,0.00,0.00,0.00,0.00,33.00,33.00,0.00,66.00,33.00,0.00,0.00,66.00,0.00,33.00,33.00,66.00,33.00,0.00,0.00,0.00,0.00
1762054070.87174,66.00,0.00,33.00,0.00,0.00,0.00,0.00,33.00,33.00,0.00,66.00,33.00,0.00,0.00,66.00,0.00,33.00,33.00,66.00,33.00,0.00,0.00,0.00,0.00
1762054070.925713,66.00,0.00,33.00,0.00,0.00,0.00,0.00,33.00,33.00,0.00,66.00,33.00,0.00,0.00,66.00,0.00,33.00,33.00,66.00,33.00,0.00,0.00,0.00,0.00
1762054070.9263973,66.00,0.00,33.00,0.00,0.00,0.00,0.00,33.00,33.00,0.00,66.00,33.00,0.00,0.00,66.00,0.00,33.00,33.00,66.00,33.00,0.00,0.00,0.00,0.00
1762054070.9808407,66.00,0.00,33.00,0.00,0.00,0.00,0.00,33.00,33.00,0.00,66.00,33.00,0.00,0.00,66.00,0.00,33.00,33.00,66.00,33.00,0.00,0.00,0.00,0.00
1762054070.9815428,66.00,0.00,33.00,0.00,0.00,0.00,0.00,33.00,33.00,0.00,66.00,33.00,0.00,0.00,66.00,0.00,33.00,33.00,66.00,33.00,0.00,0.00,0.00,0.00
1762054071.290075,66.00,0.00,33.00,0.00,0.00,0.00,0.00,33.00,33.00,0.00,66.00,33.00,0.00,0.00,66.00,0.00,33.00,33.00,66.00,33.00,0.00,0.00,0.00,0.00
1762054071.2908146,66.00,0.00,33.00,0.00,0.00,0.00,0.00,33.00,33.00,0.00,66.00,33.00,0.00,0.00,66.00,0.00,33.00,33.00,66.00,33.00,0.00,0.00,0.00,0.00
1762054072.4065874,66.00,0.00,33.00,0.00,0.00,0.00,0.00,33.00,33.00,0.00,33.00,0.00,0.00,0.00,66.00,0.00,33.00,33.00,66.00,33.00,0.00,0.00,0.00,0.00
1762054072.4072793,66.00,0.00,33.00,0.00,0.00,0.00,0.00,33.00,33.00,0.00,33.00,0.00,0.00,0.00,66.00,0.00,33.00,33.00,66.00,33.00,0.00,0.00,0.00,0.00
1762054072.456357,66.00,0.00,33.00,0.00,0.00,0.00,0.00,33.00,33.00,0.00,33.00,33.00,0.00,0.00,66.00,0.00,33.00,33.00,66.00,33.00,0.00,0.00,0.00,0.00
1762054072.4570181,66.00,0.00,33.00,0.00,0.00,0.00,0.00,33.00,33.00,0.00,33.00,33.00,0.00,0.00,66.00,0.00,33.00,33.00,66.00,33.00,0.00,0.00,0.00,0.00
1762054082.42438,66.00,0.00,33.00,0.00,0.00,0.00,0.00,33.00,33.00,0.00,0.00,33.00,0.00,0.00,66.00,0.00,33.00,33.00,66.00,0.00,0.00,0.00,0.00,0.00
1762054082.425118,66.00,0.00,33.00,0.00,0.00,0.00,0.00,33.00,33.00,0.00,0.00,33.00,0.00,0.00,66.00,0.00,33.00,33.00,66.00,0.00,0.00,0.00,0.00,0.00
1762054082.47527,66.00,0.00,33.00,0.00,0.00,0.00,0.00,33.00,33.00,0.00,0.00,33.00,0.00,0.00,66.00,0.00,33.00,33.00,66.00,33.00,0.00,0.00,0.00,0.00
1762054082.4759812,66.00,0.00,33.00,0.00,0.00,0.00,0.00,33.00,33.00,0.00,0.00,33.00,0.00,0.00,66.00,0.00,33.00,33.00,66.00,33.00,0.00,0.00,0.00,0.00
1762054082.526437,66.00,0.00,33.00,0.00,0.00,0.00,0.00,33.00,33.00,0.00,0.00,33.00,0.00,0.00,66.00,0.00,33.00,33.00,99.00,33.00,0.00,0.00,0.00,0.00
1762054082.52719,66.00,0.00,33.00,0.00,0.00,0.00,0.00,33.00,33.00,0.00,0.00,33.00,0.00,0.00,66.00,0.00,33.00,33.00,99.00,33.00,0.00,0.00,0.00,0.00
1762054087.4481127,66.00,0.00,33.00,0.00,0.00,0.00,0.00,33.00,33.00,0.00,0.00,33.00,0.00,0.00,66.00,0.00,33.00,33.00,66.00,33.00,0.00,0.00,0.00,0.00
1762054087.4488523,66.00,0.00,33.00,0.00,0.00,0.00,0.00,33.00,33.00,0.00,0.00,33.00,0.00,0.00,66.00,0.00,33.00,33.00,66.00,33.00,0.00,0.00,0.00,0.00
1762054092.4450138,66.00,0.00,0.00,0.00,0.00,0.00,0.00,33.00,33.00,0.00,0.00,33.00,0.00,0.00,33.00,0.00,33.00,33.00,66.00,33.00,0.00,0.00,0.00,0.00
1762054092.4457247,66.00,0.00,0.00,0.00,0.00,0.00,0.00,33.00,33.00,0.00,0.00,33.00,0.00,0.00,33.00,0.00,33.00,33.00,66.00,33.00,0.00,0.00,0.00,0.00
1762054092.4936945,66.00,0.00,0.00,0.00,0.00,0.00,0.00,33.00,66.00,0.00,0.00,33.00,0.00,0.00,33.00,0.00,33.00,33.00,66.00,33.00,0.00,0.00,0.00,0.00
1762054092.4943936,66.00,0.00,0.00,0.00,0.00,0.00,0.00,33.00,66.00,0.00,0.00,33.00,0.00,0.00,33.00,0.00,33.00,33.00,66.00,33.00,0.00,0.00,0.00,0.00
1762054094.785196,66.00,0.00,0.00,0.00,0.00,0.00,33.00,33.00,66.00,0.00,0.00,33.00,0.00,0.00,33.00,0.00,33.00,33.00,66.00,33.00,0.00,0.00,0.00,0.00
1762054094.7859166,66.00,0.00,0.00,0.00,0.00,0.00,33.00,33.00,66.00,0.00,0.00,33.00,0.00,0.00,33.00,0.00,33.00,33.00,66.00,33.00,0.00,0.00,0.00,0.00
1762054094.850411,66.00,0.00,0.00,0.00,0.00,0.00,33.00,33.00,66.00,0.00,0.00,33.00,0.00,0.00,33.00,0.00,33.00,33.00,66.00,33.00,0.00,0.00,0.00,0.00
1762054094.8511002,66.00,0.00,0.00,0.00,0.00,0.00,33.00,33.00,66.00,0.00,0.00,33.00,0.00,0.00,33.00,0.00,33.00,33.00,66.00,33.00,0.00,0.00,0.00,0.00
1762054094.908234,66.00,0.00,0.00,0.00,0.00,0.00,33.00,33.00,66.00,0.00,0.00,33.00,0.00,0.00,33.00,0.00,33.00,33.00,66.00,33.00,0.00,0.00,0.00,0.00
1762054094.908961,66.00,0.00,0.00,0.00,0.00,0.00,33.00,33.00,66.00,0.00,0.00,33.00,0.00,0.00,33.00,0.00,33.00,33.00,66.00,33.00,0.00,0.00,0.00,0.00
1762054094.9674408,66.00,0.00,0.00,0.00,0.00,0.00,33.00,33.00,66.00,0.00,0.00,33.00,0.00,0.00,33.00,0.00,33.00,33.00,66.00,33.00,0.00,0.00,0.00,0.00
1762054094.9681888,66.00,0.00,0.00,0.00,0.00,0.00,33.00,33.00,66.00,0.00,0.00,33.00,0.00,0.00,33.00,0.00,33.00,33.00,66.00,33.00,0.00,0.00,0.00,0.00
1762054095.0107424,66.00,0.00,0.00,0.00,0.00,0.00,33.00,33.00,66.00,0.00,0.00,33.00,0.00,0.00,33.00,0.00,33.00,33.00,66.00,33.00,0.00,0.00,0.00,0.00
1762054095.0111861,66.00,0.00,0.00,0.00,0.00,0.00,33.00,33.00,66.00,0.00,0.00,33.00,0.00,0.00,33.00,0.00,33.00,33.00,66.00,33.00,0.00,0.00,0.00,0.00
1762054095.2985334,66.00,0.00,0.00,0.00,0.00,0.00,33.00,33.00,66.00,0.00,0.00,33.00,0.00,0.00,33.00,0.00,33.00,33.00,66.00,33.00,0.00,0.00,0.00,0.00
1762054095.2993429,66.00,0.00,0.00,0.00,0.00,0.00,33.00,33.00,66.00,0.00,0.00,33.00,0.00,0.00,33.00,0.00,33.00,33.00,66.00,33.00,0.00,0.00,0.00,0.00
1762054102.4673913,66.00,0.00,0.00,0.00,0.00,0.00,33.00,33.00,66.00,0.00,0.00,33.00,0.00,0.00,33.00,0.00,33.00,33.00,33.00,33.00,0.00,0.00,0.00,0.00
1762054102.4681253,66.00,0.00,0.00,0.00,0.00,0.00,33.00,33.00,66.00,0.00,0.00,33.00,0.00,0.00,33.00,0.00,33.00,33.00,33.00,33.00,0.00,0.00,0.00,0.00
1762054102.518934,66.00,0.00,0.00,0.00,0.00,0.00,33.00,33.00,66.00,0.00,0.00,33.00,0.00,0.00,66.00,0.00,33.00,33.00,33.00,33.00,0.00,0.00,0.00,0.00
1762054102.5196588,66.00,0.00,0.00,0.00,0.00,0.00,33.00,33.00,66.00,0.00,0.00,33.00,0.00,0.00,66.00,0.00,33.00,33.00,33.00,33.00,0.00,0.00,0.00,0.00
1762054116.8000464,66.00,0.00,0.00,0.00,0.00,0.00,33.00,33.00,33.00,0.00,0.00,33.00,0.00,0.00,66.00,0.00,33.00,33.00,66.00,33.00,0.00,0.00,0.00,0.00
1762054116.8007863,66.00,0.00,0.00,0.00,0.00,0.00,33.00,33.00,33.00,0.00,0.00,33.00,0.00,0.00,66.00,0.00,33.00,33.00,66.00,33.00,0.00,0.00,0.00,0.00
1762054116.8568377,66.00,0.00,0.00,0.00,0.00,0.00,33.00,33.00,66.00,0.00,0.00,33.00,0.00,0.00,66.00,0.00,33.00,33.00,66.00,33.00,0.00,0.00,0.00,0.00
1762054116.8575416,66.00,0.00,0.00,0.00,0.00,0.00,33.00,33.00,66.00,0.00,0.00,33.00,0.00,0.00,66.00,0.00,33.00,33.00,66.00,33.00,0.00,0.00,0.00,0.00
1762054116.9196124,66.00,0.00,0.00,0.00,0.00,0.00,33.00,33.00,66.00,0.00,0.00,33.00,0.00,0.00,66.00,0.00,66.00,33.00,66.00,33.00,0.00,0.00,0.00,0.00
1762054116.920388,66.00,0.00,0.00,0.00,0.00,0.00,33.00,33.00,66.00,0.00,0.00,33.00,0.00,0.00,66.00,0.00,66.00,33.00,66.00,33.00,0.00,0.00,0.00,0.00
1762054116.9626698,66.00,0.00,0.00,0.00,0.00,0.00,66.00,33.00,66.00,0.00,0.00,33.00,0.00,0.00,66.00,0.00,66.00,33.00,66.00,33.00,0.00,0.00,0.00,0.00
1762054116.9631002,66.00,0.00,0.00,0.00,0.00,0.00,66.00,33.00,66.00,0.00,0.00,33.00,0.00,0.00,66.00,0.00,66.00,33.00,66.00,33.00,0.00,0.00,0.00,0.00
1762054117.0108569,66.00,0.00,0.00,0.00,0.00,0.00,66.00,33.00,66.00,0.00,0.00,33.00,0.00,0.00,66.00,0.00,66.00,33.00,66.00,33.00,0.00,0.00,0.00,0.00
1762054117.0112817,66.00,0.00,0.00,0.00,0.00,0.00,66.00,33.00,66.00,0.00,0.00,33.00,0.00,0.00,66.00,0.00,66.00,33.00,66.00,33.00,0.00,0.00,0.00,0.00
1762054117.0636845,66.00,0.00,0.00,0.00,0.00,0.00,66.00,33.00,66.00,0.00,0.00,33.00,0.00,0.00,66.00,0.00,66.00,33.00,66.00,33.00,0.00,0.00,0.00,0.00
1762054117.0641122,66.00,0.00,0.00,0.00,0.00,0.00,66.00,33.00,66.00,0.00,0.00,33.00,0.00,0.00,66.00,0.00,66.00,33.00,66.00,33.00,0.00,0.00,0.00,0.00
1762054117.478008,66.00,0.00,0.00,0.00,0.00,0.00,66.00,33.00,66.00,0.00,0.00,33.00,0.00,0.00,66.00,0.00,66.00,33.00,66.00,33.00,0.00,0.00,0.00,0.00
1762054117.478724,66.00,0.00,0.00,0.00,0.00,0.00,66.00,33.00,66.00,0.00,0.00,33.00,0.00,0.00,66.00,0.00,66.00,33.00,66.00,33.00,0.00,0.00,0.00,0.00
1762054117.5295262,66.00,0.00,0.00,0.00,0.00,0.00,66.00,33.00,66.00,0.00,33.00,33.00,0.00,0.00,66.00,0.00,66.00,33.00,66.00,33.00,0.00,0.00,0.00,0.00
1762054117.5302243,66.00,0.00,0.00,0.00,0.00,0.00,66.00,33.00,66.00,0.00,33.00,33.00,0.00,0.00,66.00,0.00,66.00,33.00,66.00,33.00,0.00,0.00,0.00,0.00
1762054122.489701,66.00,0.00,0.00,0.00,0.00,0.00,66.00,33.00,66.00,0.00,33.00,0.00,0.00,0.00,33.00,0.00,66.00,33.00,66.00,0.00,0.00,0.00,0.00,0.00
1762054122.49044,66.00,0.00,0.00,0.00,0.00,0.00,66.00,33.00,66.00,0.00,33.00,0.00,0.00,0.00,33.00,0.00,66.00,33.00,66.00,0.00,0.00,0.00,0.00,0.00
1762054138.810038,66.00,0.00,0.00,0.00,0.00,0.00,66.00,33.00,66.00,0.00,0.00,0.00,0.00,0.00,66.00,0.00,66.00,33.00,66.00,0.00,0.00,0.00,0.00,0.00
1762054138.8107553,66.00,0.00,0.00,0.00,0.00,0.00,66.00,33.00,66.00,0.00,0.00,0.00,0.00,0.00,66.00,0.00,66.00,33.00,66.00,0.00,0.00,0.00,0.00,0.00
1762054138.8651962,66.00,0.00,0.00,0.00,0.00,0.00,66.00,33.00,66.00,0.00,0.00,0.00,0.00,0.00,66.00,0.00,66.00,33.00,66.00,0.00,0.00,0.00,0.00,0.00
1762054138.8659163,66.00,0.00,0.00,0.00,0.00,0.00,66.00,33.00,66.00,0.00,0.00,0.00,0.00,0.00,66.00,0.00,66.00,33.00,66.00,0.00,0.00,0.00,0.00,0.00
1762054139.0765772,66.00,0.00,0.00,0.00,0.00,0.00,66.00,33.00,66.00,0.00,0.00,0.00,0.00,0.00,66.00,0.00,66.00,33.00,66.00,0.00,0.00,0.00,0.00,0.00
1762054139.0770051,66.00,0.00,0.00,0.00,0.00,0.00,66.00,33.00,66.00,0.00,0.00,0.00,0.00,0.00,66.00,0.00,66.00,33.00,66.00,0.00,0.00,0.00,0.00,0.00
1762054139.1209903,66.00,0.00,0.00,0.00,0.00,0.00,66.00,33.00,66.00,0.00,0.00,0.00,0.00,0.00,66.00,0.00,66.00,33.00,99.00,0.00,0.00,0.00,0.00,0.00
1762054139.1214597,66.00,0.00,0.00,0.00,0.00,0.00,66.00,33.00,66.00,0.00,0.00,0.00,0.00,0.00,66.00,0.00,66.00,33.00,99.00,0.00,0.00,0.00,0.00,0.00
1762054139.1545506,66.00,0.00,0.00,0.00,0.00,0.00,66.00,33.00,66.00,0.00,0.00,33.00,0.00,0.00,66.00,0.00,66.00,33.00,99.00,0.00,0.00,0.00,0.00,0.00
1762054139.155019,66.00,0.00,0.00,0.00,0.00,0.00,66.00,33.00,66.00,0.00,0.00,33.00,0.00,0.00,66.00,0.00,66.00,33.00,99.00,0.00,0.00,0.00,0.00,0.00
1762054139.2056031,66.00,0.00,0.00,0.00,0.00,0.00,66.00,33.00,66.00,0.00,0.00,33.00,0.00,0.00,66.00,0.00,66.00,33.00,99.00,0.00,0.00,0.00,0.00,0.00
1762054139.2060635,66.00,0.00,0.00,0.00,0.00,0.00,66.00,33.00,66.00,0.00,0.00,33.00,0.00,0.00,66.00,0.00,66.00,33.00,99.00,0.00,0.00,0.00,0.00,0.00
1762054162.5269938,66.00,0.00,0.00,0.00,0.00,0.00,66.00,0.00,66.00,0.00,0.00,33.00,0.00,0.00,66.00,0.00,33.00,33.00,66.00,0.00,0.00,0.00,0.00,0.00
1762054162.527712,66.00,0.00,0.00,0.00,0.00,0.00,66.00,0.00,66.00,0.00,0.00,33.00,0.00,0.00,66.00,0.00,33.00,33.00,66.00,0.00,0.00,0.00,0.00,0.00
1762054164.8211627,66.00,0.00,0.00,0.00,0.00,0.00,66.00,0.00,66.00,0.00,0.00,33.00,0.00,0.00,66.00,0.00,33.00,33.00,99.00,0.00,0.00,0.00,0.00,0.00
1762054164.8219213,66.00,0.00,0.00,0.00,0.00,0.00,66.00,0.00,66.00,0.00,0.00,33.00,0.00,0.00,66.00,0.00,33.00,33.00,99.00,0.00,0.00,0.00,0.00,0.00
1762054164.886923,66.00,0.00,0.00,0.00,0.00,0.00,66.00,0.00,66.00,0.00,0.00,33.00,0.00,0.00,66.00,0.00,33.00,33.00,99.00,33.00,0.00,0.00,0.00,0.00
1762054164.8877087,66.00,0.00,0.00,0.00,0.00,0.00,66.00,0.00,66.00,0.00,0.00,33.00,0.00,0.00,66.00,0.00,33.00,33.00,99.00,33.00,0.00,0.00,0.00,0.00
1762054164.9512913,66.00,0.00,0.00,0.00,0.00,0.00,99.00,0.00,66.00,0.00,0.00,33.00,0.00,0.00,66.00,0.00,33.00,33.00,99.00,33.00,0.00,0.00,0.00,0.00
1762054164.952033,66.00,0.00,0.00,0.00,0.00,0.00,99.00,0.00,66.00,0.00,0.00,33.00,0.00,0.00,66.00,0.00,33.00,33.00,99.00,33.00,0.00,0.00,0.00,0.00
1762054165.0182528,66.00,0.00,0.00,0.00,0.00,0.00,99.00,33.00,66.00,0.00,0.00,33.00,0.00,0.00,66.00,0.00,33.00,33.00,99.00,33.00,0.00,0.00,0.00,0.00
1762054165.0190287,66.00,0.00,0.00,0.00,0.00,0.00,99.00,33.00,66.00,0.00,0.00,33.00,0.00,0.00,66.00,0.00,33.00,33.00,99.00,33.00,0.00,0.00,0.00,0.00
1762054165.0825505,66.00,0.00,0.00,0.00,0.00,0.00,99.00,33.00,66.00,0.00,0.00,33.00,0.00,0.00,66.00,0.00,33.00,33.00,99.00,33.00,0.00,0.00,0.00,0.00
1762054165.08334,66.00,0.00,0.00,0.00,0.00,0.00,99.00,33.00,66.00,0.00,0.00,33.00,0.00,0.00,66.00,0.00,33.00,33.00,99.00,33.00,0.00,0.00,0.00,0.00
1762054165.1447935,66.00,0.00,0.00,0.00,0.00,0.00,99.00,33.00,66.00,0.00,0.00,33.00,0.00,0.00,66.00,0.00,33.00,33.00,99.00,33.00,0.00,0.00,0.00,0.00
1762054165.1455467,66.00,0.00,0.00,0.00,0.00,0.00,99.00,33.00,66.00,0.00,0.00,33.00,0.00,0.00,66.00,0.00,33.00,33.00,99.00,33.00,0.00,0.00,0.00,0.00
1762054167.5422704,66.00,0.00,0.00,0.00,0.00,0.00,99.00,33.00,33.00,0.00,0.00,33.00,0.00,0.00,66.00,0.00,0.00,0.00,66.00,33.00,0.00,0.00,0.00,0.00
1762054167.5430212,66.00,0.00,0.00,0.00,0.00,0.00,99.00,33.00,33.00,0.00,0.00,33.00,0.00,0.00,66.00,0.00,0.00,0.00,66.00,33.00,0.00,0.00,0.00,0.00
1762054167.593503,66.00,0.00,0.00,0.00,0.00,0.00,99.00,33.00,33.00,0.00,0.00,33.00,0.00,0.00,66.00,0.00,0.00,33.00,66.00,33.00,0.00,0.00,0.00,0.00
1762054167.5942035,66.00,0.00,0.00,0.00,0.00,0.00,99.00,33.00,33.00,0.00,0.00,33.00,0.00,0.00,66.00,0.00,0.00,33.00,66.00,33.00,0.00,0.00,0.00,0.00
1762054167.644043,66.00,0.00,0.00,0.00,0.00,0.00,99.00,33.00,66.00,0.00,0.00,33.00,0.00,0.00,66.00,0.00,0.00,33.00,66.00,33.00,0.00,0.00,0.00,0.00
1762054167.6447601,66.00,0.00,0.00,0.00,0.00,0.00,99.00,33.00,66.00,0.00,0.00,33.00,0.00,0.00,66.00,0.00,0.00,33.00,66.00,33.00,0.00,0.00,0.00,0.00
1762054172.548519,66.00,0.00,0.00,0.00,0.00,0.00,66.00,33.00,66.00,0.00,0.00,33.00,0.00,0.00,66.00,0.00,0.00,33.00,66.00,33.00,0.00,0.00,0.00,0.00
1762054172.5492408,66.00,0.00,0.00,0.00,0.00,0.00,66.00,33.00,66.00,0.00,0.00,33.00,0.00,0.00,66.00,0.00,0.00,33.00,66.00,33.00,0.00,0.00,0.00,0.00
1762054182.8268142,66.00,0.00,0.00,0.00,0.00,0.00,99.00,33.00,66.00,0.00,0.00,33.00,0.00,0.00,66.00,0.00,0.00,33.00,66.00,33.00,0.00,0.00,0.00,0.00
1762054182.827551,66.00,0.00,0.00,0.00,0.00,0.00,99.00,33.00,66.00,0.00,0.00,33.00,0.00,0.00,66.00,0.00,0.00,33.00,66.00,33.00,0.00,0.00,0.00,0.00
1762054182.8814445,66.00,0.00,0.00,0.00,0.00,0.00,99.00,33.00,66.00,0.00,0.00,33.00,0.00,0.00,66.00,0.00,0.00,33.00,66.00,33.00,0.00,0.00,0.00,0.00
1762054182.8821793,66.00,0.00,0.00,0.00,0.00,0.00,99.00,33.00,66.00,0.00,0.00,33.00,0.00,0.00,66.00,0.00,0.00,33.00,66.00,33.00,0.00,0.00,0.00,0.00
1762054185.8529055,66.00,0.00,0.00,0.00,0.00,0.00,99.00,33.00,66.00,0.00,0.00,33.00,0.00,0.00,66.00,0.00,0.00,33.00,99.00,33.00,0.00,0.00,0.00,0.00
1762054185.8536236,66.00,0.00,0.00,0.00,0.00,0.00,99.00,33.00,66.00,0.00,0.00,33.00,0.00,0.00,66.00,0.00,0.00,33.00,99.00,33.00,0.00,0.00,0.00,0.00
1762054185.918068,66.00,0.00,0.00,0.00,0.00,0.00,99.00,33.00,66.00,0.00,0.00,33.00,0.00,0.00,66.00,0.00,0.00,33.00,99.00,33.00,0.00,0.00,0.00,0.00
1762054185.9187846,66.00,0.00,0.00,0.00,0.00,0.00,99.00,33.00,66.00,0.00,0.00,33.00,0.00,0.00,66.00,0.00,0.00,33.00,99.00,33.00,0.00,0.00,0.00,0.00
1762054185.9747026,66.00,0.00,0.00,0.00,0.00,0.00,99.00,33.00,66.00,0.00,33.00,33.00,0.00,0.00,66.00,0.00,0.00,33.00,99.00,33.00,0.00,0.00,0.00,0.00
1762054185.9753728,66.00,0.00,0.00,0.00,0.00,0.00,99.00,33.00,66.00,0.00,33.00,33.00,0.00,0.00,66.00,0.00,0.00,33.00,99.00,33.00,0.00,0.00,0.00,0.00
1762054186.0386,66.00,0.00,0.00,0.00,0.00,0.00,99.00,33.00,66.00,0.00,33.00,33.00,0.00,0.00,66.00,0.00,0.00,33.00,99.00,33.00,0.00,0.00,0.00,0.00
1762054186.0393465,66.00,0.00,0.00,0.00,0.00,0.00,99.00,33.00,66.00,0.00,33.00,33.00,0.00,0.00,66.00,0.00,0.00,33.00,99.00,33.00,0.00,0.00,0.00,0.00
1762054186.0961008,66.00,0.00,0.00,0.00,0.00,0.00,99.00,33.00,66.00,0.00,33.00,33.00,0.00,0.00,66.00,0.00,0.00,33.00,99.00,33.00,0.00,0.00,0.00,0.00
1762054186.0968375,66.00,0.00,0.00,0.00,0.00,0.00,99.00,33.00,66.00,0.00,33.00,33.00,0.00,0.00,66.00,0.00,0.00,33.00,99.00,33.00,0.00,0.00,0.00,0.00
1762054186.169884,66.00,0.00,0.00,0.00,0.00,0.00,99.00,33.00,66.00,0.00,33.00,33.00,0.00,0.00,66.00,0.00,0.00,33.00,99.00,33.00,0.00,0.00,0.00,0.00
1762054186.170644,66.00,0.00,0.00,0.00,0.00,0.00,99.00,33.00,66.00,0.00,33.00,33.00,0.00,0.00,66.00,0.00,0.00,33.00,99.00,33.00,0.00,0.00,0.00,0.00
1762054187.5786874,66.00,0.00,0.00,0.00,0.00,0.00,99.00,33.00,66.00,0.00,66.00,33.00,0.00,0.00,66.00,0.00,0.00,33.00,99.00,33.00,0.00,0.00,0.00,0.00
1762054187.5794134,66.00,0.00,0.00,0.00,0.00,0.00,99.00,33.00,66.00,0.00,66.00,33.00,0.00,0.00,66.00,0.00,0.00,33.00,99.00,33.00,0.00,0.00,0.00,0.00
1762054192.586727,33.00,0.00,0.00,0.00,0.00,0.00,99.00,33.00,66.00,0.00,66.00,33.00,0.00,0.00,33.00,0.00,0.00,33.00,99.00,33.00,0.00,0.00,0.00,0.00
1762054192.587453,33.00,0.00,0.00,0.00,0.00,0.00,99.00,33.00,66.00,0.00,66.00,33.00,0.00,0.00,33.00,0.00,0.00,33.00,99.00,33.00,0.00,0.00,0.00,0.00
1762054192.6402557,66.00,0.00,0.00,0.00,0.00,0.00,99.00,33.00,66.00,0.00,66.00,33.00,0.00,0.00,33.00,0.00,0.00,33.00,99.00,33.00,0.00,0.00,0.00,0.00
1762054192.6409495,66.00,0.00,0.00,0.00,0.00,0.00,99.00,33.00,66.00,0.00,66.00,33.00,0.00,0.00,33.00,0.00,0.00,33.00,99.00,33.00,0.00,0.00,0.00,0.00
1762054197.592036,66.00,0.00,0.00,0.00,0.00,0.00,99.00,33.00,66.00,0.00,66.00,33.00,0.00,0.00,33.00,0.00,0.00,33.00,99.00,33.00,0.00,0.00,0.00,0.00
1762054197.592459,66.00,0.00,0.00,0.00,0.00,0.00,99.00,33.00,66.00,0.00,66.00,33.00,0.00,0.00,33.00,0.00,0.00,33.00,99.00,33.00,0.00,0.00,0.00,0.00
1762054197.6451087,66.00,0.00,0.00,0.00,0.00,0.00,99.00,33.00,66.00,0.00,66.00,33.00,0.00,0.00,33.00,0.00,0.00,33.00,99.00,33.00,0.00,0.00,0.00,0.00
1762054197.6458006,66.00,0.00,0.00,0.00,0.00,0.00,99.00,33.00,66.00,0.00,66.00,33.00,0.00,0.00,33.00,0.00,0.00,33.00,99.00,33.00,0.00,0.00,0.00,0.00
1762054199.8398015,66.00,0.00,0.00,0.00,0.00,0.00,99.00,33.00,66.00,0.00,66.00,33.00,0.00,0.00,66.00,0.00,0.00,33.00,99.00,33.00,0.00,0.00,0.00,0.00
1762054199.8405423,66.00,0.00,0.00,0.00,0.00,0.00,99.00,33.00,66.00,0.00,66.00,33.00,0.00,0.00,66.00,0.00,0.00,33.00,99.00,33.00,0.00,0.00,0.00,0.00
1762054200.167118,66.00,0.00,0.00,0.00,0.00,0.00,99.00,33.00,66.00,0.00,66.00,33.00,0.00,0.00,66.00,0.00,0.00,33.00,99.00,33.00,0.00,0.00,0.00,0.00
1762054200.1678362,66.00,0.00,0.00,0.00,0.00,0.00,99.00,33.00,66.00,0.00,66.00,33.00,0.00,0.00,66.00,0.00,0.00,33.00,99.00,33.00,0.00,0.00,0.00,0.00
1762054200.227903,66.00,0.00,0.00,0.00,0.00,0.00,99.00,33.00,66.00,0.00,66.00,33.00,0.00,0.00,66.00,0.00,0.00,33.00,99.00,33.00,0.00,0.00,0.00,0.00
1762054200.228623,66.00,0.00,0.00,0.00,0.00,0.00,99.00,33.00,66.00,0.00,66.00,33.00,0.00,0.00,66.00,0.00,0.00,33.00,99.00,33.00,0.00,0.00,0.00,0.00
1762054200.291724,66.00,0.00,0.00,0.00,0.00,0.00,99.00,33.00,66.00,0.00,66.00,33.00,0.00,0.00,66.00,0.00,33.00,33.00,99.00,33.00,0.00,0.00,0.00,0.00
1762054200.29249,66.00,0.00,0.00,0.00,0.00,0.00,99.00,33.00,66.00,0.00,66.00,33.00,0.00,0.00,66.00,0.00,33.00,33.00,99.00,33.00,0.00,0.00,0.00,0.00
1762054200.3538756,66.00,0.00,0.00,0.00,0.00,0.00,99.00,33.00,66.00,0.00,66.00,33.00,0.00,0.00,66.00,0.00,33.00,33.00,99.00,33.00,0.00,0.00,0.00,0.00
1762054200.3546343,66.00,0.00,0.00,0.00,0.00,0.00,99.00,33.00,66.00,0.00,66.00,33.00,0.00,0.00,66.00,0.00,33.00,33.00,99.00,33.00,0.00,0.00,0.00,0.00
1762054200.4187143,66.00,0.00,0.00,0.00,0.00,0.00,99.00,33.00,66.00,0.00,66.00,33.00,0.00,0.00,66.00,0.00,33.00,33.00,99.00,33.00,0.00,0.00,0.00,0.00
1762054200.4194658,66.00,0.00,0.00,0.00,0.00,0.00,99.00,33.00,66.00,0.00,66.00,33.00,0.00,0.00,66.00,0.00,33.00,33.00,99.00,33.00,0.00,0.00,0.00,0.00
1762054202.615801,66.00,0.00,33.00,0.00,0.00,0.00,99.00,33.00,66.00,0.00,66.00,33.00,0.00,0.00,66.00,0.00,33.00,33.00,99.00,33.00,0.00,0.00,0.00,0.00
1762054202.6165686,66.00,0.00,33.00,0.00,0.00,0.00,99.00,33.00,66.00,0.00,66.00,33.00,0.00,0.00,66.00,0.00,33.00,33.00,99.00,33.00,0.00,0.00,0.00,0.00
1762054202.671688,66.00,0.00,33.00,0.00,0.00,0.00,99.00,33.00,66.00,0.00,66.00,33.00,0.00,0.00,66.00,0.00,33.00,33.00,99.00,33.00,0.00,0.00,0.00,0.00
1762054202.6724343,66.00,0.00,33.00,0.00,0.00,0.00,99.00,33.00,66.00,0.00,66.00,33.00,0.00,0.00,66.00,0.00,33.00,33.00,99.00,33.00,0.00,0.00,0.00,0.00
1762054212.6260273,66.00,0.00,33.00,0.00,0.00,0.00,99.00,33.00,66.00,0.00,99.00,33.00,0.00,0.00,66.00,0.00,33.00,33.00,99.00,33.00,0.00,0.00,0.00,0.00
1762054212.6267657,66.00,0.00,33.00,0.00,0.00,0.00,99.00,33.00,66.00,0.00,99.00,33.00,0.00,0.00,66.00,0.00,33.00,33.00,99.00,33.00,0.00,0.00,0.00,0.00
1762054214.8524663,66.00,0.00,66.00,0.00,0.00,0.00,99.00,33.00,66.00,0.00,99.00,33.00,0.00,0.00,66.00,0.00,33.00,33.00,99.00,33.00,0.00,0.00,0.00,0.00
1762054214.8531892,66.00,0.00,66.00,0.00,0.00,0.00,99.00,33.00,66.00,0.00,99.00,33.00,0.00,0.00,66.00,0.00,33.00,33.00,99.00,33.00,0.00,0.00,0.00,0.00
1762054214.9177396,66.00,0.00,66.00,0.00,0.00,0.00,99.00,33.00,66.00,0.00,99.00,33.00,0.00,0.00,66.00,0.00,66.00,33.00,99.00,33.00,0.00,0.00,0.00,0.00
1762054214.9184706,66.00,0.00,66.00,0.00,0.00,0.00,99.00,33.00,66.00,0.00,99.00,33.00,0.00,0.00,66.00,0.00,66.00,33.00,99.00,33.00,0.00,0.00,0.00,0.00
1762054214.9834201,66.00,0.00,66.00,0.00,0.00,0.00,99.00,33.00,66.00,0.00,99.00,33.00,0.00,0.00,66.00,0.00,66.00,33.00,99.00,33.00,0.00,0.00,0.00,0.00
1762054214.9841468,66.00,0.00,66.00,0.00,0.00,0.00,99.00,33.00,66.00,0.00,99.00,33.00,0.00,0.00,66.00,0.00,66.00,33.00,99.00,33.00,0.00,0.00,0.00,0.00
1762054215.0489247,66.00,0.00,66.00,0.00,0.00,0.00,99.00,33.00,66.00,0.00,99.00,33.00,0.00,0.00,66.00,0.00,66.00,33.00,99.00,33.00,0.00,0.00,0.00,0.00
1762054215.0496511,66.00,0.00,66.00,0.00,0.00,0.00,99.00,33.00,66.00,0.00,99.00,33.00,0.00,0.00,66.00,0.00,66.00,33.00,99.00,33.00,0.00,0.00,0.00,0.00
1762054215.110464,66.00,0.00,66.00,0.00,0.00,0.00,99.00,33.00,66.00,0.00,99.00,33.00,0.00,0.00,66.00,0.00,66.00,33.00,99.00,33.00,0.00,0.00,0.00,0.00
1762054215.1112,66.00,0.00,66.00,0.00,0.00,0.00,99.00,33.00,66.00,0.00,99.00,33.00,0.00,0.00,66.00,0.00,66.00,33.00,99.00,33.00,0.00,0.00,0.00,0.00
1762054215.3362706,66.00,0.00,66.00,0.00,0.00,0.00,99.00,33.00,66.00,0.00,99.00,33.00,0.00,0.00,66.00,0.00,66.00,33.00,99.00,33.00,0.00,0.00,0.00,0.00
1762054215.3367207,66.00,0.00,66.00,0.00,0.00,0.00,99.00,33.00,66.00,0.00,99.00,33.00,0.00,0.00,66.00,0.00,66.00,33.00,99.00,33.00,0.00,0.00,0.00,0.00
1762054217.6455302,66.00,0.00,66.00,0.00,0.00,0.00,99.00,33.00,66.00,0.00,99.00,33.00,0.00,0.00,66.00,0.00,66.00,33.00,66.00,33.00,0.00,0.00,0.00,0.00
1762054217.646256,66.00,0.00,66.00,0.00,0.00,0.00,99.00,33.00,66.00,0.00,99.00,33.00,0.00,0.00,66.00,0.00,66.00,33.00,66.00,33.00,0.00,0.00,0.00,0.00
1762054217.7057023,66.00,0.00,66.00,0.00,0.00,0.00,99.00,33.00,66.00,0.00,99.00,33.00,0.00,0.00,66.00,0.00,66.00,33.00,99.00,33.00,0.00,0.00,0.00,0.00
1762054217.7064528,66.00,0.00,66.00,0.00,0.00,0.00,99.00,33.00,66.00,0.00,99.00,33.00,0.00,0.00,66.00,0.00,66.00,33.00,99.00,33.00,0.00,0.00,0.00,0.00
1762054217.7651346,66.00,0.00,66.00,0.00,0.00,0.00,99.00,33.00,66.00,0.00,99.00,33.00,0.00,0.00,66.00,0.00,66.00,33.00,99.00,33.00,0.00,0.00,0.00,0.00
1762054217.7658675,66.00,0.00,66.00,0.00,0.00,0.00,99.00,33.00,66.00,0.00,99.00,33.00,0.00,0.00,66.00,0.00,66.00,33.00,99.00,33.00,0.00,0.00,0.00,0.00
1762054225.8818817,66.00,0.00,66.00,0.00,0.00,0.00,33.00,33.00,66.00,0.00,66.00,33.00,0.00,0.00,66.00,0.00,66.00,33.00,99.00,33.00,0.00,0.00,0.00,0.00
1762054225.8826199,66.00,0.00,66.00,0.00,0.00,0.00,33.00,33.00,66.00,0.00,66.00,33.00,0.00,0.00,66.00,0.00,66.00,33.00,99.00,33.00,0.00,0.00,0.00,0.00
1762054225.9497204,66.00,0.00,66.00,0.00,0.00,0.00,33.00,33.00,66.00,0.00,99.00,33.00,0.00,0.00,66.00,0.00,66.00,33.00,99.00,33.00,0.00,0.00,0.00,0.00
1762054225.9504838,66.00,0.00,66.00,0.00,0.00,0.00,33.00,33.00,66.00,0.00,99.00,33.00,0.00,0.00,66.00,0.00,66.00,33.00,99.00,33.00,0.00,0.00,0.00,0.00
1762054226.0124817,66.00,0.00,66.00,0.00,0.00,0.00,33.00,33.00,66.00,0.00,99.00,33.00,0.00,0.00,66.00,0.00,66.00,33.00,99.00,33.00,0.00,0.00,0.00,0.00
1762054226.0132387,66.00,0.00,66.00,0.00,0.00,0.00,33.00,33.00,66.00,0.00,99.00,33.00,0.00,0.00,66.00,0.00,66.00,33.00,99.00,33.00,0.00,0.00,0.00,0.00
1762054226.077777,66.00,0.00,66.00,0.00,0.00,0.00,33.00,33.00,66.00,0.00,99.00,33.00,0.00,0.00,66.00,0.00,99.00,33.00,99.00,33.00,0.00,0.00,0.00,0.00
1762054226.0785627,66.00,0.00,66.00,0.00,0.00,0.00,33.00,33.00,66.00,0.00,99.00,33.00,0.00,0.00,66.00,0.00,99.00,33.00,99.00,33.00,0.00,0.00,0.00,0.00
1762054226.1594436,66.00,0.00,66.00,0.00,0.00,0.00,33.00,33.00,66.00,0.00,99.00,33.00,0.00,0.00,66.00,0.00,99.00,33.00,99.00,33.00,0.00,0.00,0.00,0.00
1762054226.1602285,66.00,0.00,66.00,0.00,0.00,0.00,33.00,33.00,66.00,0.00,99.00,33.00,0.00,0.00,66.00,0.00,99.00,33.00,99.00,33.00,0.00,0.00,0.00,0.00
1762054226.2141447,66.00,0.00,66.00,0.00,0.00,0.00,33.00,33.00,66.00,0.00,99.00,33.00,0.00,0.00,66.00,0.00,99.00,33.00,99.00,33.00,0.00,0.00,0.00,0.00
1762054226.2145987,66.00,0.00,66.00,0.00,0.00,0.00,33.00,33.00,66.00,0.00,99.00,33.00,0.00,0.00,66.00,0.00,99.00,33.00,99.00,33.00,0.00,0.00,0.00,0.00
1762054242.6716733,66.00,0.00,66.00,0.00,0.00,0.00,33.00,33.00,0.00,0.00,99.00,0.00,0.00,0.00,66.00,0.00,99.00,33.00,99.00,33.00,0.00,0.00,0.00,0.00
1762054242.6724489,66.00,0.00,66.00,0.00,0.00,0.00,33.00,33.00,0.00,0.00,99.00,0.00,0.00,0.00,66.00,0.00,99.00,33.00,99.00,33.00,0.00,0.00,0.00,0.00
1762054243.8763075,66.00,0.00,66.00,0.00,0.00,0.00,66.00,33.00,0.00,0.00,99.00,0.00,0.00,0.00,66.00,0.00,99.00,33.00,99.00,33.00,0.00,0.00,0.00,0.00
1762054243.8770425,66.00,0.00,66.00,0.00,0.00,0.00,66.00,33.00,0.00,0.00,99.00,0.00,0.00,0.00,66.00,0.00,99.00,33.00,99.00,33.00,0.00,0.00,0.00,0.00
1762054244.204582,66.00,0.00,66.00,0.00,0.00,0.00,66.00,33.00,0.00,0.00,99.00,33.00,0.00,0.00,66.00,0.00,99.00,33.00,99.00,33.00,0.00,0.00,0.00,0.00
1762054244.205337,66.00,0.00,66.00,0.00,0.00,0.00,66.00,33.00,0.00,0.00,99.00,33.00,0.00,0.00,66.00,0.00,99.00,33.00,99.00,33.00,0.00,0.00,0.00,0.00
1762054244.2847474,66.00,0.00,66.00,0.00,0.00,0.00,66.00,33.00,0.00,0.00,99.00,33.00,0.00,0.00,66.00,0.00,99.00,33.00,99.00,33.00,0.00,0.00,0.00,0.00
1762054244.285529,66.00,0.00,66.00,0.00,0.00,0.00,66.00,33.00,0.00,0.00,99.00,33.00,0.00,0.00,66.00,0.00,99.00,33.00,99.00,33.00,0.00,0.00,0.00,0.00
1762054244.3652947,66.00,0.00,66.00,0.00,0.00,0.00,66.00,33.00,0.00,0.00,99.00,33.00,0.00,0.00,66.00,0.00,99.00,33.00,99.00,33.00,0.00,0.00,0.00,0.00
1762054244.3660936,66.00,0.00,66.00,0.00,0.00,0.00,66.00,33.00,0.00,0.00,99.00,33.00,0.00,0.00,66.00,0.00,99.00,33.00,99.00,33.00,0.00,0.00,0.00,0.00
1762054244.4509912,66.00,0.00,66.00,0.00,0.00,0.00,66.00,33.00,0.00,0.00,99.00,33.00,0.00,0.00,66.00,0.00,99.00,33.00,99.00,33.00,0.00,0.00,0.00,0.00
1762054244.4517992,66.00,0.00,66.00,0.00,0.00,0.00,66.00,33.00,0.00,0.00,99.00,33.00,0.00,0.00,66.00,0.00,99.00,33.00,99.00,33.00,0.00,0.00,0.00,0.00
1762054244.5292187,66.00,0.00,66.00,0.00,0.00,0.00,66.00,33.00,0.00,0.00,99.00,33.00,0.00,0.00,66.00,0.00,99.00,33.00,99.00,33.00,0.00,0.00,0.00,0.00
1762054244.5300083,66.00,0.00,66.00,0.00,0.00,0.00,66.00,33.00,0.00,0.00,99.00,33.00,0.00,0.00,66.00,0.00,99.00,33.00,99.00,33.00,0.00,0.00,0.00,0.00
1762054247.6941135,66.00,0.00,66.00,0.00,0.00,0.00,33.00,33.00,0.00,0.00,66.00,33.00,0.00,0.00,66.00,0.00,99.00,33.00,66.00,0.00,0.00,0.00,0.00,0.00
1762054247.6948504,66.00,0.00,66.00,0.00,0.00,0.00,33.00,33.00,0.00,0.00,66.00,33.00,0.00,0.00,66.00,0.00,99.00,33.00,66.00,0.00,0.00,0.00,0.00,0.00
1762054247.752332,66.00,0.00,66.00,0.00,0.00,0.00,66.00,33.00,0.00,0.00,66.00,33.00,0.00,0.00,66.00,0.00,99.00,33.00,66.00,0.00,0.00,0.00,0.00,0.00
1762054247.7530935,66.00,0.00,66.00,0.00,0.00,0.00,66.00,33.00,0.00,0.00,66.00,33.00,0.00,0.00,66.00,0.00,99.00,33.00,66.00,0.00,0.00,0.00,0.00,0.00
1762054247.8106804,66.00,0.00,66.00,0.00,0.00,0.00,66.00,33.00,0.00,0.00,66.00,33.00,0.00,0.00,66.00,0.00,99.00,33.00,66.00,0.00,0.00,0.00,0.00,0.00
1762054247.8114088,66.00,0.00,66.00,0.00,0.00,0.00,66.00,33.00,0.00,0.00,66.00,33.00,0.00,0.00,66.00,0.00,99.00,33.00,66.00,0.00,0.00,0.00,0.00,0.00
1762054247.8691525,66.00,0.00,66.00,0.00,0.00,0.00,66.00,33.00,0.00,0.00,66.00,33.00,0.00,0.00,66.00,0.00,99.00,33.00,66.00,33.00,0.00,0.00,0.00,0.00
1762054247.869841,66.00,0.00,66.00,0.00,0.00,0.00,66.00,33.00,0.00,0.00,66.00,33.00,0.00,0.00,66.00,0.00,99.00,33.00,66.00,33.00,0.00,0.00,0.00,0.00
1762054247.9285088,66.00,0.00,66.00,0.00,0.00,0.00,66.00,33.00,0.00,0.00,99.00,33.00,0.00,0.00,66.00,0.00,99.00,33.00,66.00,33.00,0.00,0.00,0.00,0.00
1762054247.9292579,66.00,0.00,66.00,0.00,0.00,0.00,66.00,33.00,0.00,0.00,99.00,33.00,0.00,0.00,66.00,0.00,99.00,33.00,66.00,33.00,0.00,0.00,0.00,0.00
1762054247.9907095,66.00,0.00,66.00,0.00,0.00,0.00,66.00,33.00,0.00,0.00,99.00,33.00,0.00,0.00,66.00,0.00,99.00,33.00,99.00,33.00,0.00,0.00,0.00,0.00
1762054247.9914494,66.00,0.00,66.00,0.00,0.00,0.00,66.00,33.00,0.00,0.00,99.00,33.00,0.00,0.00,66.00,0.00,99.00,33.00,99.00,33.00,0.00,0.00,0.00,0.00
1762054252.882796,66.00,0.00,66.00,0.00,0.00,0.00,66.00,33.00,33.00,0.00,99.00,33.00,0.00,0.00,66.00,0.00,99.00,33.00,99.00,33.00,0.00,0.00,0.00,0.00
1762054252.8835487,66.00,0.00,66.00,0.00,0.00,0.00,66.00,33.00,33.00,0.00,99.00,33.00,0.00,0.00,66.00,0.00,99.00,33.00,99.00,33.00,0.00,0.00,0.00,0.00
1762054252.943806,66.00,0.00,66.00,0.00,0.00,0.00,66.00,33.00,66.00,0.00,99.00,33.00,0.00,0.00,66.00,0.00,99.00,33.00,99.00,33.00,0.00,0.00,0.00,0.00
1762054252.9442644,66.00,0.00,66.00,0.00,0.00,0.00,66.00,33.00,66.00,0.00,99.00,33.00,0.00,0.00,66.00,0.00,99.00,33.00,99.00,33.00,0.00,0.00,0.00,0.00
1762054257.8942697,66.00,0.00,66.00,0.00,0.00,0.00,99.00,33.00,66.00,0.00,99.00,33.00,0.00,0.00,66.00,0.00,99.00,33.00,99.00,33.00,0.00,0.00,0.00,0.00
1762054257.895064,66.00,0.00,66.00,0.00,0.00,0.00,99.00,33.00,66.00,0.00,99.00,33.00,0.00,0.00,66.00,0.00,99.00,33.00,99.00,33.00,0.00,0.00,0.00,0.00
1762054257.9697742,66.00,0.00,66.00,0.00,0.00,0.00,99.00,33.00,66.00,0.00,99.00,33.00,0.00,0.00,66.00,0.00,99.00,33.00,99.00,33.00,0.00,0.00,0.00,0.00
1762054257.9705527,66.00,0.00,66.00,0.00,0.00,0.00,99.00,33.00,66.00,0.00,99.00,33.00,0.00,0.00,66.00,0.00,99.00,33.00,99.00,33.00,0.00,0.00,0.00,0.00
1762054261.8951886,66.00,0.00,66.00,0.00,0.00,0.00,99.00,33.00,66.00,0.00,99.00,33.00,0.00,0.00,66.00,0.00,99.00,33.00,99.00,33.00,0.00,0.00,0.00,0.00
1762054261.895946,66.00,0.00,66.00,0.00,0.00,0.00,99.00,33.00,66.00,0.00,99.00,33.00,0.00,0.00,66.00,0.00,99.00,33.00,99.00,33.00,0.00,0.00,0.00,0.00
1762054261.9763772,66.00,0.00,66.00,0.00,0.00,0.00,99.00,33.00,66.00,0.00,99.00,33.00,0.00,0.00,66.00,0.00,99.00,33.00,99.00,33.00,0.00,0.00,0.00,0.00
1762054261.9771326,66.00,0.00,66.00,0.00,0.00,0.00,99.00,33.00,66.00,0.00,99.00,33.00,0.00,0.00,66.00,0.00,99.00,33.00,99.00,33.00,0.00,0.00,0.00,0.00
1762054262.0643148,66.00,0.00,66.00,0.00,0.00,0.00,99.00,33.00,66.00,0.00,99.00,33.00,0.00,0.00,66.00,0.00,99.00,33.00,99.00,33.00,0.00,0.00,0.00,0.00
1762054262.0650628,66.00,0.00,66.00,0.00,0.00,0.00,99.00,33.00,66.00,0.00,99.00,33.00,0.00,0.00,66.00,0.00,99.00,33.00,99.00,33.00,0.00,0.00,0.00,0.00
1762054262.1241426,66.00,0.00,66.00,0.00,0.00,0.00,99.00,33.00,66.00,0.00,99.00,33.00,0.00,0.00,66.00,0.00,99.00,33.00,99.00,33.00,0.00,0.00,0.00,0.00
1762054262.1245975,66.00,0.00,66.00,0.00,0.00,0.00,99.00,33.00,66.00,0.00,99.00,33.00,0.00,0.00,66.00,0.00,99.00,33.00,99.00,33.00,0.00,0.00,0.00,0.00
1762054262.1838584,66.00,0.00,66.00,0.00,0.00,0.00,99.00,33.00,66.00,0.00,99.00,33.00,0.00,0.00,66.00,0.00,99.00,33.00,99.00,33.00,0.00,0.00,0.00,0.00
1762054262.1842973,66.00,0.00,66.00,0.00,0.00,0.00,99.00,33.00,66.00,0.00,99.00,33.00,0.00,0.00,66.00,0.00,99.00,33.00,99.00,33.00,0.00,0.00,0.00,0.00
1762054262.39845,66.00,0.00,66.00,0.00,0.00,0.00,99.00,33.00,66.00,0.00,99.00,33.00,0.00,0.00,66.00,0.00,99.00,33.00,99.00,33.00,0.00,0.00,0.00,0.00
1762054262.3989005,66.00,0.00,66.00,0.00,0.00,0.00,99.00,33.00,66.00,0.00,99.00,33.00,0.00,0.00,66.00,0.00,99.00,33.00,99.00,33.00,0.00,0.00,0.00,0.00
1762054262.91824,66.00,0.00,66.00,0.00,0.00,0.00,99.00,33.00,66.00,0.00,99.00,33.00,0.00,0.00,66.00,0.00,99.00,33.00,66.00,33.00,0.00,0.00,0.00,0.00
1762054262.9190052,66.00,0.00,66.00,0.00,0.00,0.00,99.00,33.00,66.00,0.00,99.00,33.00,0.00,0.00,66.00,0.00,99.00,33.00,66.00,33.00,0.00,0.00,0.00,0.00
1762054262.9787526,66.00,0.00,66.00,0.00,0.00,0.00,99.00,33.00,66.00,0.00,99.00,33.00,0.00,0.00,66.00,0.00,99.00,33.00,66.00,33.00,0.00,0.00,0.00,0.00
1762054262.979486,66.00,0.00,66.00,0.00,0.00,0.00,99.00,33.00,66.00,0.00,99.00,33.00,0.00,0.00,66.00,0.00,99.00,33.00,66.00,33.00,0.00,0.00,0.00,0.00
1762054263.0394022,66.00,0.00,66.00,0.00,0.00,0.00,99.00,33.00,66.00,0.00,99.00,33.00,0.00,0.00,66.00,0.00,99.00,33.00,66.00,33.00,0.00,0.00,0.00,0.00
1762054263.0401533,66.00,0.00,66.00,0.00,0.00,0.00,99.00,33.00,66.00,0.00,99.00,33.00,0.00,0.00,66.00,0.00,99.00,33.00,66.00,33.00,0.00,0.00,0.00,0.00
1762054263.0988526,66.00,0.00,66.00,0.00,0.00,0.00,99.00,33.00,66.00,0.00,99.00,33.00,0.00,0.00,66.00,0.00,99.00,33.00,99.00,33.00,0.00,0.00,0.00,0.00
1762054263.0995548,66.00,0.00,66.00,0.00,0.00,0.00,99.00,33.00,66.00,0.00,99.00,33.00,0.00,0.00,66.00,0.00,99.00,33.00,99.00,33.00,0.00,0.00,0.00,0.00
1762054263.1705053,66.00,0.00,66.00,0.00,0.00,0.00,99.00,33.00,66.00,0.00,99.00,33.00,0.00,0.00,66.00,0.00,99.00,33.00,99.00,33.00,0.00,0.00,0.00,0.00
1762054263.1712527,66.00,0.00,66.00,0.00,0.00,0.00,99.00,33.00,66.00,0.00,99.00,33.00,0.00,0.00,66.00,0.00,99.00,33.00,99.00,33.00,0.00,0.00,0.00,0.00
1762054267.9084315,33.00,0.00,33.00,0.00,0.00,0.00,66.00,33.00,66.00,0.00,66.00,33.00,0.00,0.00,33.00,0.00,99.00,33.00,33.00,0.00,0.00,0.00,0.00,0.00
1762054267.9088645,33.00,0.00,33.00,0.00,0.00,0.00,66.00,33.00,66.00,0.00,66.00,33.00,0.00,0.00,33.00,0.00,99.00,33.00,33.00,0.00,0.00,0.00,0.00,0.00
1762054272.9394462,33.00,0.00,33.00,0.00,0.00,0.00,99.00,33.00,66.00,0.00,66.00,33.00,0.00,0.00,33.00,0.00,66.00,33.00,33.00,0.00,0.00,0.00,0.00,0.00
1762054272.941056,33.00,0.00,33.00,0.00,0.00,0.00,99.00,33.00,66.00,0.00,66.00,33.00,0.00,0.00,33.00,0.00,66.00,33.00,33.00,0.00,0.00,0.00,0.00,0.00
1762054272.9793153,66.00,0.00,33.00,0.00,0.00,0.00,99.00,33.00,66.00,0.00,66.00,33.00,0.00,0.00,33.00,0.00,66.00,33.00,33.00,0.00,0.00,0.00,0.00,0.00
1762054272.979742,66.00,0.00,33.00,0.00,0.00,0.00,99.00,33.00,66.00,0.00,66.00,33.00,0.00,0.00,33.00,0.00,66.00,33.00,33.00,0.00,0.00,0.00,0.00,0.00
1762054273.0132246,66.00,0.00,66.00,0.00,0.00,0.00,99.00,33.00,66.00,0.00,66.00,33.00,0.00,0.00,33.00,0.00,66.00,33.00,33.00,0.00,0.00,0.00,0.00,0.00
1762054273.0136425,66.00,0.00,66.00,0.00,0.00,0.00,99.00,33.00,66.00,0.00,66.00,33.00,0.00,0.00,33.00,0.00,66.00,33.00,33.00,0.00,0.00,0.00,0.00,0.00
1762054277.9473526,66.00,0.00,66.00,0.00,0.00,0.00,99.00,33.00,66.00,0.00,66.00,33.00,0.00,0.00,33.00,0.00,66.00,33.00,33.00,33.00,0.00,0.00,0.00,0.00
1762054277.9480622,66.00,0.00,66.00,0.00,0.00,0.00,99.00,33.00,66.00,0.00,66.00,33.00,0.00,0.00,33.00,0.00,66.00,33.00,33.00,33.00,0.00,0.00,0.00,0.00
1762054278.887889,66.00,0.00,66.00,0.00,0.00,0.00,99.00,33.00,66.00,0.00,66.00,33.00,0.00,0.00,66.00,0.00,66.00,33.00,33.00,33.00,0.00,0.00,0.00,0.00
1762054278.8888302,66.00,0.00,66.00,0.00,0.00,0.00,99.00,33.00,66.00,0.00,66.00,33.00,0.00,0.00,66.00,0.00,66.00,33.00,33.00,33.00,0.00,0.00,0.00,0.00
1762054279.2326107,66.00,0.00,66.00,0.00,0.00,0.00,99.00,33.00,66.00,0.00,66.00,33.00,0.00,0.00,66.00,0.00,66.00,33.00,33.00,33.00,0.00,0.00,0.00,0.00
1762054279.2333639,66.00,0.00,66.00,0.00,0.00,0.00,99.00,33.00,66.00,0.00,66.00,33.00,0.00,0.00,66.00,0.00,66.00,33.00,33.00,33.00,0.00,0.00,0.00,0.00
1762054279.3101735,66.00,0.00,66.00,0.00,0.00,0.00,99.00,33.00,66.00,0.00,66.00,33.00,0.00,0.00,66.00,0.00,66.00,33.00,33.00,33.00,0.00,0.00,0.00,0.00
1762054279.3109136,66.00,0.00,66.00,0.00,0.00,0.00,99.00,33.00,66.00,0.00,66.00,33.00,0.00,0.00,66.00,0.00,66.00,33.00,33.00,33.00,0.00,0.00,0.00,0.00
1762054279.376899,66.00,0.00,66.00,0.00,0.00,0.00,99.00,33.00,66.00,0.00,66.00,33.00,0.00,0.00,66.00,0.00,66.00,33.00,66.00,33.00,0.00,0.00,0.00,0.00
1762054279.377651,66.00,0.00,66.00,0.00,0.00,0.00,99.00,33.00,66.00,0.00,66.00,33.00,0.00,0.00,66.00,0.00,66.00,33.00,66.00,33.00,0.00,0.00,0.00,0.00
1762054279.4552495,66.00,0.00,66.00,0.00,0.00,0.00,99.00,33.00,66.00,0.00,66.00,33.00,0.00,0.00,66.00,0.00,66.00,33.00,66.00,33.00,0.00,0.00,0.00,0.00
1762054279.4560206,66.00,0.00,66.00,0.00,0.00,0.00,99.00,33.00,66.00,0.00,66.00,33.00,0.00,0.00,66.00,0.00,66.00,33.00,66.00,33.00,0.00,0.00,0.00,0.00
1762054279.5361521,66.00,0.00,66.00,0.00,0.00,0.00,99.00,33.00,66.00,0.00,66.00,33.00,0.00,0.00,66.00,0.00,66.00,33.00,66.00,33.00,0.00,0.00,0.00,0.00
1762054279.536886,66.00,0.00,66.00,0.00,0.00,0.00,99.00,33.00,66.00,0.00,66.00,33.00,0.00,0.00,66.00,0.00,66.00,33.00,66.00,33.00,0.00,0.00,0.00,0.00
1762054282.9453807,66.00,0.00,66.00,0.00,0.00,0.00,99.00,33.00,66.00,0.00,66.00,33.00,0.00,0.00,66.00,0.00,66.00,33.00,66.00,33.00,0.00,0.00,0.00,0.00
1762054282.945806,66.00,0.00,66.00,0.00,0.00,0.00,99.00,33.00,66.00,0.00,66.00,33.00,0.00,0.00,66.00,0.00,66.00,33.00,66.00,33.00,0.00,0.00,0.00,0.00
1762054287.9625509,33.00,0.00,66.00,0.00,0.00,0.00,99.00,33.00,66.00,0.00,66.00,33.00,0.00,0.00,66.00,0.00,66.00,33.00,66.00,33.00,0.00,0.00,0.00,0.00
1762054287.9630058,33.00,0.00,66.00,0.00,0.00,0.00,99.00,33.00,66.00,0.00,66.00,33.00,0.00,0.00,66.00,0.00,66.00,33.00,66.00,33.00,0.00,0.00,0.00,0.00
1762054288.0043068,66.00,0.00,66.00,0.00,0.00,0.00,99.00,33.00,66.00,0.00,66.00,33.00,0.00,0.00,66.00,0.00,66.00,33.00,66.00,33.00,0.00,0.00,0.00,0.00
1762054288.0047596,66.00,0.00,66.00,0.00,0.00,0.00,99.00,33.00,66.00,0.00,66.00,33.00,0.00,0.00,66.00,0.00,66.00,33.00,66.00,33.00,0.00,0.00,0.00,0.00
1762054292.9672418,66.00,0.00,66.00,0.00,0.00,0.00,99.00,33.00,66.00,0.00,33.00,33.00,0.00,0.00,33.00,0.00,66.00,33.00,66.00,33.00,0.00,0.00,0.00,0.00
1762054292.967673,66.00,0.00,66.00,0.00,0.00,0.00,99.00,33.00,66.00,0.00,33.00,33.00,0.00,0.00,33.00,0.00,66.00,33.00,66.00,33.00,0.00,0.00,0.00,0.00
1762054293.0060606,66.00,0.00,66.00,0.00,0.00,0.00,99.00,33.00,66.00,0.00,33.00,33.00,0.00,0.00,33.00,0.00,66.00,33.00,66.00,33.00,0.00,0.00,0.00,0.00
1762054293.0064878,66.00,0.00,66.00,0.00,0.00,0.00,99.00,33.00,66.00,0.00,33.00,33.00,0.00,0.00,33.00,0.00,66.00,33.00,66.00,33.00,0.00,0.00,0.00,0.00
1762054299.0216105,66.00,0.00,66.00,0.00,0.00,0.00,99.00,33.00,66.00,0.00,33.00,33.00,0.00,0.00,66.00,0.00,66.00,33.00,66.00,33.00,0.00,0.00,0.00,0.00
1762054299.02205,66.00,0.00,66.00,0.00,0.00,0.00,99.00,33.00,66.00,0.00,33.00,33.00,0.00,0.00,66.00,0.00,66.00,33.00,66.00,33.00,0.00,0.00,0.00,0.00
1762054299.0851865,66.00,0.00,66.00,0.00,0.00,0.00,99.00,33.00,66.00,0.00,33.00,33.00,0.00,0.00,66.00,0.00,66.00,33.00,66.00,33.00,0.00,0.00,0.00,0.00
1762054299.0858912,66.00,0.00,66.00,0.00,0.00,0.00,99.00,33.00,66.00,0.00,33.00,33.00,0.00,0.00,66.00,0.00,66.00,33.00,66.00,33.00,0.00,0.00,0.00,0.00
1762054299.15292,66.00,0.00,66.00,0.00,0.00,0.00,99.00,33.00,66.00,0.00,33.00,33.00,0.00,0.00,66.00,0.00,99.00,33.00,66.00,33.00,0.00,0.00,0.00,0.00
1762054299.1536753,66.00,0.00,66.00,0.00,0.00,0.00,99.00,33.00,66.00,0.00,33.00,33.00,0.00,0.00,66.00,0.00,99.00,33.00,66.00,33.00,0.00,0.00,0.00,0.00
1762054299.2231934,66.00,0.00,66.00,0.00,0.00,0.00,99.00,33.00,66.00,0.00,33.00,33.00,0.00,0.00,66.00,0.00,99.00,33.00,99.00,33.00,0.00,0.00,0.00,0.00
1762054299.223931,66.00,0.00,66.00,0.00,0.00,0.00,99.00,33.00,66.00,0.00,33.00,33.00,0.00,0.00,66.00,0.00,99.00,33.00,99.00,33.00,0.00,0.00,0.00,0.00
1762054299.2942894,66.00,0.00,66.00,0.00,0.00,0.00,99.00,33.00,66.00,0.00,33.00,33.00,0.00,0.00,66.00,0.00,99.00,33.00,99.00,33.00,0.00,0.00,0.00,0.00
1762054299.295021,66.00,0.00,66.00,0.00,0.00,0.00,99.00,33.00,66.00,0.00,33.00,33.00,0.00,0.00,66.00,0.00,99.00,33.00,99.00,33.00,0.00,0.00,0.00,0.00
1762054299.3665125,66.00,0.00,66.00,0.00,0.00,0.00,99.00,33.00,66.00,0.00,66.00,33.00,0.00,0.00,66.00,0.00,99.00,33.00,99.00,33.00,0.00,0.00,0.00,0.00
1762054299.3672414,66.00,0.00,66.00,0.00,0.00,0.00,99.00,33.00,66.00,0.00,66.00,33.00,0.00,0.00,66.00,0.00,99.00,33.00,99.00,33.00,0.00,0.00,0.00,0.00
1762054303.0175998,66.00,0.00,33.00,0.00,0.00,0.00,99.00,33.00,66.00,0.00,66.00,33.00,0.00,0.00,66.00,0.00,99.00,33.00,99.00,33.00,0.00,0.00,0.00,0.00
1762054303.0184155,66.00,0.00,33.00,0.00,0.00,0.00,99.00,33.00,66.00,0.00,66.00,33.00,0.00,0.00,66.00,0.00,99.00,33.00,99.00,33.00,0.00,0.00,0.00,0.00
1762054315.9667387,66.00,0.00,33.00,0.00,0.00,0.00,99.00,0.00,33.00,0.00,33.00,33.00,0.00,0.00,66.00,0.00,99.00,33.00,99.00,33.00,0.00,0.00,0.00,0.00
1762054315.9675033,66.00,0.00,33.00,0.00,0.00,0.00,99.00,0.00,33.00,0.00,33.00,33.00,0.00,0.00,66.00,0.00,99.00,33.00,99.00,33.00,0.00,0.00,0.00,0.00
1762054316.0418634,66.00,0.00,33.00,0.00,0.00,0.00,99.00,0.00,33.00,0.00,33.00,33.00,0.00,0.00,66.00,0.00,99.00,33.00,99.00,33.00,0.00,0.00,0.00,0.00
1762054316.0426064,66.00,0.00,33.00,0.00,0.00,0.00,99.00,0.00,33.00,0.00,33.00,33.00,0.00,0.00,66.00,0.00,99.00,33.00,99.00,33.00,0.00,0.00,0.00,0.00
1762054316.308324,66.00,0.00,33.00,0.00,0.00,0.00,99.00,0.00,33.00,0.00,33.00,33.00,0.00,0.00,66.00,0.00,99.00,33.00,99.00,33.00,0.00,0.00,0.00,0.00
1762054316.3088462,66.00,0.00,33.00,0.00,0.00,0.00,99.00,0.00,33.00,0.00,33.00,33.00,0.00,0.00,66.00,0.00,99.00,33.00,99.00,33.00,0.00,0.00,0.00,0.00
1762054316.3673124,66.00,0.00,33.00,0.00,0.00,0.00,99.00,0.00,33.00,0.00,33.00,33.00,0.00,0.00,66.00,0.00,99.00,33.00,99.00,33.00,0.00,0.00,0.00,0.00
1762054316.3677564,66.00,0.00,33.00,0.00,0.00,0.00,99.00,0.00,33.00,0.00,33.00,33.00,0.00,0.00,66.00,0.00,99.00,33.00,99.00,33.00,0.00,0.00,0.00,0.00
1762054316.457009,66.00,0.00,33.00,0.00,0.00,0.00,99.00,0.00,33.00,0.00,33.00,33.00,0.00,0.00,66.00,0.00,99.00,33.00,99.00,33.00,0.00,0.00,0.00,0.00
1762054316.4578226,66.00,0.00,33.00,0.00,0.00,0.00,99.00,0.00,33.00,0.00,33.00,33.00,0.00,0.00,66.00,0.00,99.00,33.00,99.00,33.00,0.00,0.00,0.00,0.00
1762054316.5388792,66.00,0.00,33.00,0.00,0.00,0.00,99.00,0.00,33.00,0.00,33.00,33.00,0.00,0.00,66.00,0.00,99.00,33.00,99.00,33.00,0.00,0.00,0.00,0.00
1762054316.5396557,66.00,0.00,33.00,0.00,0.00,0.00,99.00,0.00,33.00,0.00,33.00,33.00,0.00,0.00,66.00,0.00,99.00,33.00,99.00,33.00,0.00,0.00,0.00,0.00
1762054322.9881492,66.00,0.00,66.00,0.00,0.00,0.00,99.00,0.00,33.00,0.00,33.00,33.00,0.00,0.00,33.00,0.00,99.00,33.00,99.00,33.00,0.00,0.00,0.00,0.00
1762054322.9885874,66.00,0.00,66.00,0.00,0.00,0.00,99.00,0.00,33.00,0.00,33.00,33.00,0.00,0.00,33.00,0.00,99.00,33.00,99.00,33.00,0.00,0.00,0.00,0.00
1762054323.0240815,66.00,0.00,66.00,0.00,0.00,0.00,99.00,0.00,33.00,0.00,66.00,33.00,0.00,0.00,33.00,0.00,99.00,33.00,99.00,33.00,0.00,0.00,0.00,0.00
1762054323.0245018,66.00,0.00,66.00,0.00,0.00,0.00,99.00,0.00,33.00,0.00,66.00,33.00,0.00,0.00,33.00,0.00,99.00,33.00,99.00,33.00,0.00,0.00,0.00,0.00
1762054327.9332023,66.00,0.00,66.00,0.00,0.00,0.00,99.00,0.00,66.00,0.00,66.00,33.00,0.00,0.00,33.00,0.00,99.00,33.00,99.00,33.00,0.00,0.00,0.00,0.00
1762054327.934005,66.00,0.00,66.00,0.00,0.00,0.00,99.00,0.00,66.00,0.00,66.00,33.00,0.00,0.00,33.00,0.00,99.00,33.00,99.00,33.00,0.00,0.00,0.00,0.00
1762054328.0053415,66.00,0.00,66.00,0.00,0.00,0.00,99.00,33.00,66.00,0.00,66.00,33.00,0.00,0.00,33.00,0.00,99.00,33.00,99.00,33.00,0.00,0.00,0.00,0.00
1762054328.006147,66.00,0.00,66.00,0.00,0.00,0.00,99.00,33.00,66.00,0.00,66.00,33.00,0.00,0.00,33.00,0.00,99.00,33.00,99.00,33.00,0.00,0.00,0.00,0.00
1762054328.078364,66.00,0.00,66.00,0.00,0.00,0.00,99.00,33.00,66.00,0.00,66.00,33.00,0.00,0.00,33.00,0.00,99.00,33.00,99.00,33.00,0.00,0.00,0.00,0.00
1762054328.0791256,66.00,0.00,66.00,0.00,0.00,0.00,99.00,33.00,66.00,0.00,66.00,33.00,0.00,0.00,33.00,0.00,99.00,33.00,99.00,33.00,0.00,0.00,0.00,0.00
1762054328.1507936,66.00,0.00,66.00,0.00,0.00,0.00,99.00,33.00,66.00,0.00,66.00,33.00,0.00,0.00,33.00,0.00,99.00,33.00,99.00,33.00,0.00,0.00,0.00,0.00
1762054328.151536,66.00,0.00,66.00,0.00,0.00,0.00,99.00,33.00,66.00,0.00,66.00,33.00,0.00,0.00,33.00,0.00,99.00,33.00,99.00,33.00,0.00,0.00,0.00,0.00
1762054328.480273,66.00,0.00,66.00,0.00,0.00,0.00,99.00,33.00,66.00,0.00,66.00,33.00,0.00,0.00,33.00,0.00,99.00,33.00,99.00,33.00,0.00,0.00,0.00,0.00
1762054328.4810188,66.00,0.00,66.00,0.00,0.00,0.00,99.00,33.00,66.00,0.00,66.00,33.00,0.00,0.00,33.00,0.00,99.00,33.00,99.00,33.00,0.00,0.00,0.00,0.00
1762054328.5395525,66.00,0.00,66.00,0.00,0.00,0.00,99.00,33.00,66.00,0.00,66.00,33.00,0.00,0.00,33.00,0.00,99.00,33.00,99.00,33.00,0.00,0.00,0.00,0.00
1762054328.539988,66.00,0.00,66.00,0.00,0.00,0.00,99.00,33.00,66.00,0.00,66.00,33.00,0.00,0.00,33.00,0.00,99.00,33.00,99.00,33.00,0.00,0.00,0.00,0.00
1762054328.6063435,66.00,0.00,66.00,0.00,0.00,0.00,66.00,33.00,66.00,0.00,33.00,33.00,0.00,0.00,33.00,0.00,66.00,33.00,33.00,33.00,0.00,0.00,0.00,0.00
1762054328.606762,66.00,0.00,66.00,0.00,0.00,0.00,66.00,33.00,66.00,0.00,33.00,33.00,0.00,0.00,33.00,0.00,66.00,33.00,33.00,33.00,0.00,0.00,0.00,0.00
1762054328.641842,66.00,0.00,66.00,0.00,0.00,0.00,66.00,33.00,66.00,0.00,33.00,33.00,0.00,0.00,33.00,0.00,99.00,33.00,33.00,33.00,0.00,0.00,0.00,0.00
1762054328.6422675,66.00,0.00,66.00,0.00,0.00,0.00,66.00,33.00,66.00,0.00,33.00,33.00,0.00,0.00,33.00,0.00,99.00,33.00,33.00,33.00,0.00,0.00,0.00,0.00
1762054328.6776962,66.00,0.00,66.00,0.00,0.00,0.00,66.00,33.00,66.00,0.00,33.00,33.00,0.00,0.00,66.00,0.00,99.00,33.00,33.00,33.00,0.00,0.00,0.00,0.00
1762054328.678123,66.00,0.00,66.00,0.00,0.00,0.00,66.00,33.00,66.00,0.00,33.00,33.00,0.00,0.00,66.00,0.00,99.00,33.00,33.00,33.00,0.00,0.00,0.00,0.00
1762054328.7139714,66.00,0.00,66.00,0.00,0.00,0.00,99.00,33.00,66.00,0.00,33.00,33.00,0.00,0.00,66.00,0.00,99.00,33.00,33.00,33.00,0.00,0.00,0.00,0.00
1762054328.7144017,66.00,0.00,66.00,0.00,0.00,0.00,99.00,33.00,66.00,0.00,33.00,33.00,0.00,0.00,66.00,0.00,99.00,33.00,33.00,33.00,0.00,0.00,0.00,0.00
1762054328.7506206,66.00,0.00,66.00,0.00,0.00,0.00,99.00,33.00,66.00,0.00,66.00,33.00,0.00,0.00,66.00,0.00,99.00,33.00,33.00,33.00,0.00,0.00,0.00,0.00
1762054328.751049,66.00,0.00,66.00,0.00,0.00,0.00,99.00,33.00,66.00,0.00,66.00,33.00,0.00,0.00,66.00,0.00,99.00,33.00,33.00,33.00,0.00,0.00,0.00,0.00
1762054328.787145,66.00,0.00,66.00,0.00,0.00,0.00,99.00,33.00,66.00,0.00,99.00,33.00,0.00,0.00,66.00,0.00,99.00,33.00,33.00,33.00,0.00,0.00,0.00,0.00
1762054328.7875686,66.00,0.00,66.00,0.00,0.00,0.00,99.00,33.00,66.00,0.00,99.00,33.00,0.00,0.00,66.00,0.00,99.00,33.00,33.00,33.00,0.00,0.00,0.00,0.00
1762054328.8239427,66.00,0.00,66.00,0.00,0.00,0.00,99.00,33.00,66.00,0.00,99.00,33.00,0.00,0.00,66.00,0.00,99.00,33.00,66.00,33.00,0.00,0.00,0.00,0.00
1762054328.8243816,66.00,0.00,66.00,0.00,0.00,0.00,99.00,33.00,66.00,0.00,99.00,33.00,0.00,0.00,66.00,0.00,99.00,33.00,66.00,33.00,0.00,0.00,0.00,0.00
1762054333.6240346,33.00,0.00,33.00,0.00,0.00,0.00,99.00,33.00,66.00,0.00,99.00,33.00,0.00,0.00,66.00,0.00,66.00,33.00,33.00,0.00,0.00,0.00,0.00,0.00
1762054333.624495,33.00,0.00,33.00,0.00,0.00,0.00,99.00,33.00,66.00,0.00,99.00,33.00,0.00,0.00,66.00,0.00,66.00,33.00,33.00,0.00,0.00,0.00,0.00,0.00
1762054338.9317024,66.00,0.00,33.00,0.00,0.00,0.00,99.00,33.00,66.00,0.00,99.00,33.00,0.00,0.00,66.00,0.00,66.00,33.00,33.00,0.00,0.00,0.00,0.00,0.00
1762054338.9324265,66.00,0.00,33.00,0.00,0.00,0.00,99.00,33.00,66.00,0.00,99.00,33.00,0.00,0.00,66.00,0.00,66.00,33.00,33.00,0.00,0.00,0.00,0.00,0.00
1762054339.2498937,66.00,0.00,33.00,0.00,0.00,0.00,99.00,33.00,66.00,0.00,99.00,33.00,0.00,0.00,66.00,0.00,66.00,33.00,33.00,0.00,0.00,0.00,0.00,0.00
1762054339.2506196,66.00,0.00,33.00,0.00,0.00,0.00,99.00,33.00,66.00,0.00,99.00,33.00,0.00,0.00,66.00,0.00,66.00,33.00,33.00,0.00,0.00,0.00,0.00,0.00
1762054339.3198013,66.00,0.00,33.00,0.00,0.00,0.00,99.00,33.00,66.00,0.00,99.00,33.00,0.00,0.00,66.00,0.00,66.00,33.00,33.00,0.00,0.00,0.00,0.00,0.00
1762054339.3205585,66.00,0.00,33.00,0.00,0.00,0.00,99.00,33.00,66.00,0.00,99.00,33.00,0.00,0.00,66.00,0.00,66.00,33.00,33.00,0.00,0.00,0.00,0.00,0.00
1762054339.389574,66.00,0.00,33.00,0.00,0.00,0.00,99.00,33.00,66.00,0.00,99.00,33.00,0.00,0.00,66.00,0.00,66.00,33.00,66.00,0.00,0.00,0.00,0.00,0.00
1762054339.390287,66.00,0.00,33.00,0.00,0.00,0.00,99.00,33.00,66.00,0.00,99.00,33.00,0.00,0.00,66.00,0.00,66.00,33.00,66.00,0.00,0.00,0.00,0.00,0.00
1762054339.4880204,66.00,0.00,33.00,0.00,0.00,0.00,99.00,33.00,66.00,0.00,99.00,33.00,0.00,0.00,66.00,0.00,66.00,33.00,66.00,0.00,0.00,0.00,0.00,0.00
1762054339.4887924,66.00,0.00,33.00,0.00,0.00,0.00,99.00,33.00,66.00,0.00,99.00,33.00,0.00,0.00,66.00,0.00,66.00,33.00,66.00,0.00,0.00,0.00,0.00,0.00
1762054339.5844324,66.00,0.00,33.00,0.00,0.00,0.00,99.00,33.00,66.00,0.00,99.00,33.00,0.00,0.00,66.00,0.00,66.00,33.00,66.00,0.00,0.00,0.00,0.00,0.00
1762054339.5851953,66.00,0.00,33.00,0.00,0.00,0.00,99.00,33.00,66.00,0.00,99.00,33.00,0.00,0.00,66.00,0.00,66.00,33.00,66.00,0.00,0.00,0.00,0.00,0.00
1762054343.6578693,33.00,0.00,33.00,0.00,0.00,0.00,66.00,33.00,33.00,0.00,66.00,33.00,0.00,0.00,66.00,0.00,66.00,33.00,66.00,0.00,0.00,0.00,0.00,0.00
1762054343.6585982,33.00,0.00,33.00,0.00,0.00,0.00,66.00,33.00,33.00,0.00,66.00,33.00,0.00,0.00,66.00,0.00,66.00,33.00,66.00,0.00,0.00,0.00,0.00,0.00
1762054343.7192616,33.00,0.00,33.00,0.00,0.00,0.00,66.00,33.00,66.00,0.00,66.00,33.00,0.00,0.00,66.00,0.00,66.00,33.00,66.00,0.00,0.00,0.00,0.00,0.00
1762054343.7199693,33.00,0.00,33.00,0.00,0.00,0.00,66.00,33.00,66.00,0.00,66.00,33.00,0.00,0.00,66.00,0.00,66.00,33.00,66.00,0.00,0.00,0.00,0.00,0.00
1762054348.6731558,33.00,0.00,33.00,0.00,0.00,0.00,66.00,33.00,66.00,0.00,66.00,33.00,0.00,0.00,66.00,0.00,66.00,33.00,66.00,0.00,0.00,0.00,0.00,0.00
1762054348.673911,33.00,0.00,33.00,0.00,0.00,0.00,66.00,33.00,66.00,0.00,66.00,33.00,0.00,0.00,66.00,0.00,66.00,33.00,66.00,0.00,0.00,0.00,0.00,0.00
1762054357.9187598,33.00,0.00,33.00,0.00,0.00,0.00,33.00,33.00,33.00,0.00,0.00,0.00,0.00,0.00,66.00,0.00,66.00,33.00,33.00,0.00,0.00,0.00,0.00,0.00
1762054357.9192002,33.00,0.00,33.00,0.00,0.00,0.00,33.00,33.00,33.00,0.00,0.00,0.00,0.00,0.00,66.00,0.00,66.00,33.00,33.00,0.00,0.00,0.00,0.00,0.00
1762054357.9839232,33.00,0.00,33.00,0.00,0.00,0.00,33.00,33.00,66.00,0.00,0.00,0.00,0.00,0.00,66.00,0.00,66.00,33.00,33.00,0.00,0.00,0.00,0.00,0.00
1762054357.9845676,33.00,0.00,33.00,0.00,0.00,0.00,33.00,33.00,66.00,0.00,0.00,0.00,0.00,0.00,66.00,0.00,66.00,33.00,33.00,0.00,0.00,0.00,0.00,0.00
1762054358.203444,33.00,0.00,33.00,0.00,0.00,0.00,33.00,33.00,66.00,0.00,0.00,33.00,0.00,0.00,66.00,0.00,66.00,33.00,33.00,0.00,0.00,0.00,0.00,0.00
1762054358.203871,33.00,0.00,33.00,0.00,0.00,0.00,33.00,33.00,66.00,0.00,0.00,33.00,0.00,0.00,66.00,0.00,66.00,33.00,33.00,0.00,0.00,0.00,0.00,0.00
1762054358.2649088,33.00,0.00,33.00,0.00,0.00,0.00,33.00,33.00,66.00,0.00,0.00,33.00,0.00,0.00,66.00,0.00,66.00,33.00,33.00,0.00,0.00,0.00,0.00,0.00
1762054358.2653503,33.00,0.00,33.00,0.00,0.00,0.00,33.00,33.00,66.00,0.00,0.00,33.00,0.00,0.00,66.00,0.00,66.00,33.00,33.00,0.00,0.00,0.00,0.00,0.00
1762054358.3029938,33.00,0.00,33.00,0.00,0.00,0.00,33.00,33.00,66.00,0.00,0.00,33.00,0.00,0.00,66.00,0.00,66.00,33.00,33.00,33.00,0.00,0.00,0.00,0.00
1762054358.3034225,33.00,0.00,33.00,0.00,0.00,0.00,33.00,33.00,66.00,0.00,0.00,33.00,0.00,0.00,66.00,0.00,66.00,33.00,33.00,33.00,0.00,0.00,0.00,0.00
1762054358.3785021,33.00,0.00,33.00,0.00,0.00,0.00,33.00,33.00,66.00,0.00,0.00,33.00,0.00,0.00,66.00,0.00,66.00,33.00,33.00,33.00,0.00,0.00,0.00,0.00
1762054358.3792439,33.00,0.00,33.00,0.00,0.00,0.00,33.00,33.00,66.00,0.00,0.00,33.00,0.00,0.00,66.00,0.00,66.00,33.00,33.00,33.00,0.00,0.00,0.00,0.00
1762054378.7114382,33.00,0.00,33.00,0.00,0.00,0.00,0.00,33.00,66.00,0.00,0.00,33.00,0.00,0.00,66.00,0.00,66.00,33.00,33.00,33.00,0.00,0.00,0.00,0.00
1762054378.7121952,33.00,0.00,33.00,0.00,0.00,0.00,0.00,33.00,66.00,0.00,0.00,33.00,0.00,0.00,66.00,0.00,66.00,33.00,33.00,33.00,0.00,0.00,0.00,0.00
1762054378.7825441,33.00,0.00,33.00,0.00,0.00,0.00,0.00,33.00,66.00,0.00,0.00,33.00,0.00,0.00,66.00,0.00,66.00,33.00,33.00,33.00,0.00,0.00,0.00,0.00
1762054378.7832932,33.00,0.00,33.00,0.00,0.00,0.00,0.00,33.00,66.00,0.00,0.00,33.00,0.00,0.00,66.00,0.00,66.00,33.00,33.00,33.00,0.00,0.00,0.00,0.00
1762054382.9532347,33.00,0.00,33.00,0.00,0.00,0.00,0.00,33.00,66.00,0.00,0.00,33.00,0.00,0.00,66.00,0.00,66.00,33.00,66.00,33.00,0.00,0.00,0.00,0.00
1762054382.9539955,33.00,0.00,33.00,0.00,0.00,0.00,0.00,33.00,66.00,0.00,0.00,33.00,0.00,0.00,66.00,0.00,66.00,33.00,66.00,33.00,0.00,0.00,0.00,0.00
1762054383.0234923,33.00,0.00,33.00,0.00,0.00,0.00,0.00,33.00,66.00,0.00,0.00,33.00,0.00,0.00,66.00,0.00,66.00,33.00,66.00,33.00,0.00,0.00,0.00,0.00
1762054383.0242586,33.00,0.00,33.00,0.00,0.00,0.00,0.00,33.00,66.00,0.00,0.00,33.00,0.00,0.00,66.00,0.00,66.00,33.00,66.00,33.00,0.00,0.00,0.00,0.00
1762054383.090963,33.00,0.00,33.00,0.00,0.00,0.00,0.00,33.00,66.00,0.00,0.00,33.00,0.00,0.00,66.00,0.00,66.00,33.00,66.00,33.00,0.00,0.00,0.00,0.00
1762054383.0916924,33.00,0.00,33.00,0.00,0.00,0.00,0.00,33.00,66.00,0.00,0.00,33.00,0.00,0.00,66.00,0.00,66.00,33.00,66.00,33.00,0.00,0.00,0.00,0.00
1762054383.1574771,66.00,0.00,33.00,0.00,0.00,0.00,0.00,33.00,66.00,0.00,0.00,33.00,0.00,0.00,66.00,0.00,66.00,33.00,66.00,33.00,0.00,0.00,0.00,0.00
1762054383.1581886,66.00,0.00,33.00,0.00,0.00,0.00,0.00,33.00,66.00,0.00,0.00,33.00,0.00,0.00,66.00,0.00,66.00,33.00,66.00,33.00,0.00,0.00,0.00,0.00
1762054383.4925437,66.00,0.00,33.00,0.00,0.00,0.00,0.00,33.00,66.00,0.00,0.00,33.00,0.00,0.00,66.00,0.00,66.00,33.00,66.00,33.00,0.00,0.00,0.00,0.00
1762054383.4932938,66.00,0.00,33.00,0.00,0.00,0.00,0.00,33.00,66.00,0.00,0.00,33.00,0.00,0.00,66.00,0.00,66.00,33.00,66.00,33.00,0.00,0.00,0.00,0.00
1762054383.559862,66.00,0.00,33.00,0.00,0.00,0.00,33.00,33.00,66.00,0.00,0.00,33.00,0.00,0.00,66.00,0.00,66.00,33.00,66.00,33.00,0.00,0.00,0.00,0.00
1762054383.5606098,66.00,0.00,33.00,0.00,0.00,0.00,33.00,33.00,66.00,0.00,0.00,33.00,0.00,0.00,66.00,0.00,66.00,33.00,66.00,33.00,0.00,0.00,0.00,0.00
