timestamp,2.,2.1,5.,5.1,6.,6.1,8.,8.1,9.,9.1,14.,14.1,18.,18.1,23.,23.1,25.,25.1,28.,28.1,33.,33.1,34.,34.1
1768496103.4519386,33.00,0.00,0.00,0.00,0.00,0.00,0.00,0.00,0.00,0.00,0.00,0.00,0.00,0.00,0.00,0.00,0.00,0.00,0.00,0.00,0.00,0.00,0.00,0.00
1768496103.452526,33.00,0.00,0.00,0.00,0.00,0.00,0.00,0.00,0.00,0.00,0.00,0.00,0.00,0.00,0.00,0.00,0.00,0.00,0.00,0.00,0.00,0.00,0.00,0.00
1768496103.4695828,33.00,0.00,0.00,0.00,0.00,0.00,0.00,0.00,0.00,0.00,0.00,0.00,0.00,0.00,0.00,0.00,0.00,0.00,0.00,0.00,0.00,0.00,0.00,0.00
1768496103.4699733,33.00,0.00,0.00,0.00,0.00,0.00,0.00,0.00,0.00,0.00,0.00,0.00,0.00,0.00,0.00,0.00,0.00,0.00,0.00,0.00,0.00,0.00,0.00,0.00
1768496103.4848177,33.00,0.00,0.00,0.00,0.00,0.00,0.00,0.00,0.00,0.00,0.00,0.00,0.00,0.00,0.00,0.00,0.00,0.00,0.00,0.00,0.00,0.00,0.00,0.00
1768496103.4852202,33.00,0.00,0.00,0.00,0.00,0.00,0.00,0.00,0.00,0.00,0.00,0.00,0.00,0.00,0.00,0.00,0.00,0.00,0.00,0.00,0.00,0.00,0.00,0.00
1768496103.5028524,33.00,0.00,0.00,0.00,0.00,0.00,0.00,0.00,0.00,0.00,0.00,0.00,0.00,0.00,0.00,0.00,33.00,0.00,0.00,0.00,0.00,0.00,0.00,0.00
1768496103.5032856,33.00,0.00,0.00,0.00,0.00,0.00,0.00,0.00,0.00,0.00,0.00,0.00,0.00,0.00,0.00,0.00,33.00,0.00,0.00,0.00,0.00,0.00,0.00,0.00
1768496103.5179522,33.00,0.00,0.00,0.00,0.00,0.00,0.00,0.00,33.00,0.00,0.00,0.00,0.00,0.00,0.00,0.00,33.00,0.00,0.00,0.00,0.00,0.00,0.00,0.00
1768496103.5183575,33.00,0.00,0.00,0.00,0.00,0.00,0.00,0.00,33.00,0.00,0.00,0.00,0.00,0.00,0.00,0.00,33.00,0.00,0.00,0.00,0.00,0.00,0.00,0.00
1768496103.5388045,33.00,0.00,0.00,0.00,0.00,0.00,0.00,0.00,33.00,0.00,0.00,0.00,0.00,0.00,0.00,0.00,33.00,0.00,0.00,0.00,0.00,0.00,0.00,0.00
1768496103.5392752,33.00,0.00,0.00,0.00,0.00,0.00,0.00,0.00,33.00,0.00,0.00,0.00,0.00,0.00,0.00,0.00,33.00,0.00,0.00,0.00,0.00,0.00,0.00,0.00
1768496123.448478,33.00,0.00,0.00,0.00,0.00,0.00,0.00,0.00,33.00,0.00,0.00,0.00,0.00,0.00,0.00,0.00,66.00,0.00,0.00,0.00,0.00,0.00,0.00,0.00
1768496123.4489741,33.00,0.00,0.00,0.00,0.00,0.00,0.00,0.00,33.00,0.00,0.00,0.00,0.00,0.00,0.00,0.00,66.00,0.00,0.00,0.00,0.00,0.00,0.00,0.00
1768496123.4661849,33.00,0.00,0.00,0.00,0.00,0.00,0.00,0.00,33.00,0.00,0.00,0.00,0.00,0.00,0.00,0.00,66.00,0.00,33.00,0.00,0.00,0.00,0.00,0.00
1768496123.4666398,33.00,0.00,0.00,0.00,0.00,0.00,0.00,0.00,33.00,0.00,0.00,0.00,0.00,0.00,0.00,0.00,66.00,0.00,33.00,0.00,0.00,0.00,0.00,0.00
1768496123.4867015,33.00,0.00,0.00,0.00,0.00,0.00,0.00,0.00,33.00,0.00,0.00,0.00,0.00,0.00,0.00,0.00,66.00,0.00,33.00,0.00,0.00,0.00,0.00,0.00
1768496123.487227,33.00,0.00,0.00,0.00,0.00,0.00,0.00,0.00,33.00,0.00,0.00,0.00,0.00,0.00,0.00,0.00,66.00,0.00,33.00,0.00,0.00,0.00,0.00,0.00
1768496123.506676,33.00,0.00,0.00,0.00,0.00,0.00,0.00,0.00,33.00,0.00,33.00,0.00,0.00,0.00,0.00,0.00,66.00,0.00,33.00,0.00,0.00,0.00,0.00,0.00
1768496123.5071118,33.00,0.00,0.00,0.00,0.00,0.00,0.00,0.00,33.00,0.00,33.00,0.00,0.00,0.00,0.00,0.00,66.00,0.00,33.00,0.00,0.00,0.00,0.00,0.00
1768496123.5254953,33.00,0.00,0.00,0.00,0.00,0.00,0.00,0.00,33.00,0.00,33.00,0.00,0.00,0.00,0.00,0.00,66.00,0.00,33.00,0.00,0.00,0.00,0.00,0.00
1768496123.5259366,33.00,0.00,0.00,0.00,0.00,0.00,0.00,0.00,33.00,0.00,33.00,0.00,0.00,0.00,0.00,0.00,66.00,0.00,33.00,0.00,0.00,0.00,0.00,0.00
1768496123.5462654,33.00,0.00,0.00,0.00,0.00,0.00,0.00,0.00,33.00,0.00,33.00,0.00,0.00,0.00,0.00,0.00,66.00,0.00,33.00,0.00,0.00,0.00,0.00,0.00
1768496123.546708,33.00,0.00,0.00,0.00,0.00,0.00,0.00,0.00,33.00,0.00,33.00,0.00,0.00,0.00,0.00,0.00,66.00,0.00,33.00,0.00,0.00,0.00,0.00,0.00
1768496136.4748034,33.00,0.00,0.00,0.00,0.00,0.00,0.00,0.00,33.00,0.00,66.00,0.00,0.00,0.00,0.00,0.00,66.00,0.00,33.00,0.00,0.00,0.00,0.00,0.00
1768496136.4753337,33.00,0.00,0.00,0.00,0.00,0.00,0.00,0.00,33.00,0.00,66.00,0.00,0.00,0.00,0.00,0.00,66.00,0.00,33.00,0.00,0.00,0.00,0.00,0.00
1768496136.4965935,33.00,0.00,0.00,0.00,0.00,0.00,0.00,0.00,33.00,0.00,66.00,0.00,0.00,0.00,0.00,0.00,66.00,0.00,33.00,0.00,0.00,0.00,0.00,0.00
1768496136.4971006,33.00,0.00,0.00,0.00,0.00,0.00,0.00,0.00,33.00,0.00,66.00,0.00,0.00,0.00,0.00,0.00,66.00,0.00,33.00,0.00,0.00,0.00,0.00,0.00
1768496136.5229099,33.00,0.00,0.00,0.00,0.00,0.00,0.00,0.00,66.00,0.00,66.00,0.00,0.00,0.00,0.00,0.00,66.00,0.00,33.00,0.00,0.00,0.00,0.00,0.00
1768496136.523387,33.00,0.00,0.00,0.00,0.00,0.00,0.00,0.00,66.00,0.00,66.00,0.00,0.00,0.00,0.00,0.00,66.00,0.00,33.00,0.00,0.00,0.00,0.00,0.00
1768496136.54595,33.00,0.00,0.00,0.00,0.00,0.00,0.00,0.00,66.00,0.00,66.00,0.00,0.00,0.00,0.00,0.00,66.00,0.00,33.00,0.00,0.00,0.00,0.00,0.00
1768496136.5463595,33.00,0.00,0.00,0.00,0.00,0.00,0.00,0.00,66.00,0.00,66.00,0.00,0.00,0.00,0.00,0.00,66.00,0.00,33.00,0.00,0.00,0.00,0.00,0.00
1768496136.566637,33.00,0.00,0.00,0.00,0.00,0.00,0.00,0.00,66.00,0.00,66.00,0.00,0.00,0.00,0.00,0.00,66.00,0.00,33.00,0.00,0.00,0.00,0.00,0.00
1768496136.5670352,33.00,0.00,0.00,0.00,0.00,0.00,0.00,0.00,66.00,0.00,66.00,0.00,0.00,0.00,0.00,0.00,66.00,0.00,33.00,0.00,0.00,0.00,0.00,0.00
1768496136.5893004,33.00,0.00,0.00,0.00,0.00,0.00,33.00,0.00,66.00,0.00,66.00,0.00,0.00,0.00,0.00,0.00,66.00,0.00,33.00,0.00,0.00,0.00,0.00,0.00
1768496136.5897262,33.00,0.00,0.00,0.00,0.00,0.00,33.00,0.00,66.00,0.00,66.00,0.00,0.00,0.00,0.00,0.00,66.00,0.00,33.00,0.00,0.00,0.00,0.00,0.00
1768496141.026885,33.00,0.00,0.00,0.00,0.00,0.00,66.00,0.00,66.00,0.00,66.00,0.00,0.00,0.00,0.00,0.00,66.00,0.00,33.00,0.00,0.00,0.00,0.00,0.00
1768496141.027435,33.00,0.00,0.00,0.00,0.00,0.00,66.00,0.00,66.00,0.00,66.00,0.00,0.00,0.00,0.00,0.00,66.00,0.00,33.00,0.00,0.00,0.00,0.00,0.00
1768496147.4981894,33.00,0.00,0.00,0.00,0.00,0.00,99.00,0.00,66.00,0.00,66.00,0.00,0.00,0.00,0.00,0.00,66.00,0.00,33.00,0.00,0.00,0.00,0.00,0.00
1768496147.4986966,33.00,0.00,0.00,0.00,0.00,0.00,99.00,0.00,66.00,0.00,66.00,0.00,0.00,0.00,0.00,0.00,66.00,0.00,33.00,0.00,0.00,0.00,0.00,0.00
1768496147.5197604,33.00,0.00,0.00,0.00,0.00,0.00,99.00,0.00,66.00,0.00,66.00,0.00,0.00,0.00,0.00,0.00,66.00,0.00,33.00,0.00,0.00,0.00,0.00,0.00
1768496147.5201864,33.00,0.00,0.00,0.00,0.00,0.00,99.00,0.00,66.00,0.00,66.00,0.00,0.00,0.00,0.00,0.00,66.00,0.00,33.00,0.00,0.00,0.00,0.00,0.00
1768496147.5449276,33.00,0.00,0.00,0.00,0.00,0.00,99.00,0.00,66.00,0.00,66.00,0.00,0.00,0.00,0.00,0.00,66.00,0.00,33.00,0.00,0.00,0.00,0.00,0.00
1768496147.5454454,33.00,0.00,0.00,0.00,0.00,0.00,99.00,0.00,66.00,0.00,66.00,0.00,0.00,0.00,0.00,0.00,66.00,0.00,33.00,0.00,0.00,0.00,0.00,0.00
1768496147.5702915,33.00,0.00,0.00,0.00,0.00,0.00,99.00,0.00,66.00,0.00,66.00,0.00,0.00,0.00,0.00,0.00,66.00,0.00,33.00,0.00,0.00,0.00,0.00,0.00
1768496147.570747,33.00,0.00,0.00,0.00,0.00,0.00,99.00,0.00,66.00,0.00,66.00,0.00,0.00,0.00,0.00,0.00,66.00,0.00,33.00,0.00,0.00,0.00,0.00,0.00
1768496147.594681,33.00,0.00,0.00,0.00,0.00,0.00,99.00,0.00,66.00,0.00,66.00,0.00,0.00,0.00,0.00,0.00,66.00,0.00,33.00,0.00,0.00,0.00,0.00,0.00
1768496147.5951242,33.00,0.00,0.00,0.00,0.00,0.00,99.00,0.00,66.00,0.00,66.00,0.00,0.00,0.00,0.00,0.00,66.00,0.00,33.00,0.00,0.00,0.00,0.00,0.00
1768496147.6164823,33.00,0.00,0.00,0.00,0.00,0.00,99.00,0.00,66.00,0.00,66.00,0.00,0.00,0.00,0.00,0.00,66.00,0.00,33.00,0.00,0.00,0.00,0.00,0.00
1768496147.6168919,33.00,0.00,0.00,0.00,0.00,0.00,99.00,0.00,66.00,0.00,66.00,0.00,0.00,0.00,0.00,0.00,66.00,0.00,33.00,0.00,0.00,0.00,0.00,0.00
1768496151.0307324,33.00,0.00,0.00,0.00,0.00,0.00,99.00,0.00,66.00,0.00,66.00,0.00,0.00,0.00,0.00,0.00,66.00,0.00,66.00,0.00,None,None,0.00,0.00
1768496151.0312467,33.00,0.00,0.00,0.00,0.00,0.00,99.00,0.00,66.00,0.00,66.00,0.00,0.00,0.00,0.00,0.00,66.00,0.00,66.00,0.00,None,None,0.00,0.00
1768496165.5152051,33.00,0.00,0.00,0.00,0.00,0.00,99.00,0.00,66.00,0.00,66.00,33.00,0.00,0.00,0.00,0.00,66.00,0.00,66.00,0.00,None,None,0.00,0.00
1768496165.5157588,33.00,0.00,0.00,0.00,0.00,0.00,99.00,0.00,66.00,0.00,66.00,33.00,0.00,0.00,0.00,0.00,66.00,0.00,66.00,0.00,None,None,0.00,0.00
1768496165.5434399,33.00,0.00,0.00,0.00,0.00,0.00,99.00,0.00,66.00,0.00,66.00,33.00,0.00,0.00,33.00,0.00,66.00,0.00,66.00,0.00,None,None,0.00,0.00
1768496165.5439343,33.00,0.00,0.00,0.00,0.00,0.00,99.00,0.00,66.00,0.00,66.00,33.00,0.00,0.00,33.00,0.00,66.00,0.00,66.00,0.00,None,None,0.00,0.00
1768496165.5704472,33.00,0.00,0.00,0.00,0.00,0.00,99.00,0.00,66.00,0.00,66.00,33.00,0.00,0.00,33.00,0.00,66.00,33.00,66.00,0.00,None,None,0.00,0.00
1768496165.5709403,33.00,0.00,0.00,0.00,0.00,0.00,99.00,0.00,66.00,0.00,66.00,33.00,0.00,0.00,33.00,0.00,66.00,33.00,66.00,0.00,None,None,0.00,0.00
1768496165.599881,33.00,0.00,0.00,0.00,0.00,0.00,99.00,0.00,66.00,0.00,66.00,33.00,0.00,0.00,33.00,0.00,66.00,33.00,66.00,33.00,None,None,0.00,0.00
1768496165.6003568,33.00,0.00,0.00,0.00,0.00,0.00,99.00,0.00,66.00,0.00,66.00,33.00,0.00,0.00,33.00,0.00,66.00,33.00,66.00,33.00,None,None,0.00,0.00
1768496165.6284373,33.00,0.00,0.00,0.00,0.00,0.00,99.00,0.00,66.00,0.00,66.00,33.00,0.00,0.00,33.00,0.00,66.00,33.00,66.00,33.00,None,None,0.00,0.00
1768496165.6289792,33.00,0.00,0.00,0.00,0.00,0.00,99.00,0.00,66.00,0.00,66.00,33.00,0.00,0.00,33.00,0.00,66.00,33.00,66.00,33.00,None,None,0.00,0.00
1768496165.7832062,33.00,0.00,0.00,0.00,0.00,0.00,99.00,0.00,66.00,0.00,66.00,33.00,0.00,0.00,33.00,0.00,66.00,33.00,66.00,33.00,None,None,0.00,0.00
1768496165.7837782,33.00,0.00,0.00,0.00,0.00,0.00,99.00,0.00,66.00,0.00,66.00,33.00,0.00,0.00,33.00,0.00,66.00,33.00,66.00,33.00,None,None,0.00,0.00
1768496166.0370789,33.00,0.00,0.00,0.00,0.00,0.00,99.00,0.00,33.00,0.00,66.00,33.00,0.00,0.00,33.00,0.00,99.00,33.00,66.00,33.00,None,None,0.00,0.00
1768496166.0375795,33.00,0.00,0.00,0.00,0.00,0.00,99.00,0.00,33.00,0.00,66.00,33.00,0.00,0.00,33.00,0.00,99.00,33.00,66.00,33.00,None,None,0.00,0.00
1768496166.0628028,33.00,0.00,0.00,0.00,0.00,0.00,99.00,0.00,33.00,0.00,66.00,33.00,0.00,0.00,33.00,0.00,99.00,33.00,99.00,33.00,None,None,0.00,0.00
1768496166.0632346,33.00,0.00,0.00,0.00,0.00,0.00,99.00,0.00,33.00,0.00,66.00,33.00,0.00,0.00,33.00,0.00,99.00,33.00,99.00,33.00,None,None,0.00,0.00
1768496176.0432365,33.00,0.00,0.00,0.00,0.00,0.00,99.00,0.00,33.00,0.00,99.00,33.00,0.00,0.00,33.00,0.00,66.00,33.00,99.00,33.00,0.00,0.00,0.00,0.00
1768496176.0437837,33.00,0.00,0.00,0.00,0.00,0.00,99.00,0.00,33.00,0.00,99.00,33.00,0.00,0.00,33.00,0.00,66.00,33.00,99.00,33.00,0.00,0.00,0.00,0.00
1768496176.0676115,33.00,0.00,0.00,0.00,0.00,0.00,99.00,33.00,33.00,0.00,99.00,33.00,0.00,0.00,33.00,0.00,66.00,33.00,99.00,33.00,0.00,0.00,0.00,0.00
1768496176.0680926,33.00,0.00,0.00,0.00,0.00,0.00,99.00,33.00,33.00,0.00,99.00,33.00,0.00,0.00,33.00,0.00,66.00,33.00,99.00,33.00,0.00,0.00,0.00,0.00
1768496176.093626,33.00,0.00,0.00,0.00,0.00,0.00,99.00,33.00,33.00,0.00,99.00,33.00,0.00,0.00,33.00,0.00,99.00,33.00,99.00,33.00,0.00,0.00,0.00,0.00
1768496176.0940866,33.00,0.00,0.00,0.00,0.00,0.00,99.00,33.00,33.00,0.00,99.00,33.00,0.00,0.00,33.00,0.00,99.00,33.00,99.00,33.00,0.00,0.00,0.00,0.00
1768496181.043539,33.00,0.00,0.00,0.00,0.00,0.00,99.00,33.00,33.00,0.00,99.00,33.00,0.00,0.00,33.00,0.00,99.00,33.00,99.00,33.00,0.00,0.00,0.00,0.00
1768496181.0441468,33.00,0.00,0.00,0.00,0.00,0.00,99.00,33.00,33.00,0.00,99.00,33.00,0.00,0.00,33.00,0.00,99.00,33.00,99.00,33.00,0.00,0.00,0.00,0.00
1768496185.5404632,33.00,0.00,0.00,0.00,0.00,0.00,99.00,33.00,66.00,0.00,99.00,33.00,0.00,0.00,33.00,0.00,99.00,33.00,99.00,33.00,0.00,0.00,0.00,0.00
1768496185.5410004,33.00,0.00,0.00,0.00,0.00,0.00,99.00,33.00,66.00,0.00,99.00,33.00,0.00,0.00,33.00,0.00,99.00,33.00,99.00,33.00,0.00,0.00,0.00,0.00
1768496185.5724077,33.00,0.00,0.00,0.00,0.00,0.00,99.00,33.00,66.00,0.00,99.00,33.00,0.00,0.00,33.00,0.00,99.00,33.00,99.00,33.00,0.00,0.00,0.00,0.00
1768496185.5728781,33.00,0.00,0.00,0.00,0.00,0.00,99.00,33.00,66.00,0.00,99.00,33.00,0.00,0.00,33.00,0.00,99.00,33.00,99.00,33.00,0.00,0.00,0.00,0.00
1768496185.6001318,33.00,0.00,0.00,0.00,0.00,0.00,99.00,33.00,66.00,0.00,99.00,33.00,0.00,0.00,33.00,0.00,99.00,33.00,99.00,33.00,0.00,0.00,0.00,0.00
1768496185.600571,33.00,0.00,0.00,0.00,0.00,0.00,99.00,33.00,66.00,0.00,99.00,33.00,0.00,0.00,33.00,0.00,99.00,33.00,99.00,33.00,0.00,0.00,0.00,0.00
1768496185.6320024,33.00,0.00,0.00,0.00,0.00,0.00,99.00,33.00,66.00,0.00,99.00,33.00,0.00,0.00,33.00,0.00,99.00,33.00,99.00,33.00,0.00,0.00,0.00,0.00
1768496185.6324902,33.00,0.00,0.00,0.00,0.00,0.00,99.00,33.00,66.00,0.00,99.00,33.00,0.00,0.00,33.00,0.00,99.00,33.00,99.00,33.00,0.00,0.00,0.00,0.00
1768496185.6601477,33.00,0.00,0.00,0.00,0.00,0.00,99.00,33.00,66.00,0.00,99.00,33.00,0.00,0.00,33.00,0.00,99.00,33.00,99.00,33.00,0.00,0.00,0.00,0.00
1768496185.660602,33.00,0.00,0.00,0.00,0.00,0.00,99.00,33.00,66.00,0.00,99.00,33.00,0.00,0.00,33.00,0.00,99.00,33.00,99.00,33.00,0.00,0.00,0.00,0.00
1768496185.6887908,33.00,0.00,0.00,0.00,0.00,0.00,99.00,33.00,66.00,0.00,99.00,33.00,0.00,0.00,33.00,0.00,99.00,33.00,99.00,33.00,0.00,0.00,0.00,0.00
1768496185.6892776,33.00,0.00,0.00,0.00,0.00,0.00,99.00,33.00,66.00,0.00,99.00,33.00,0.00,0.00,33.00,0.00,99.00,33.00,99.00,33.00,0.00,0.00,0.00,0.00
1768496186.0506713,33.00,0.00,0.00,0.00,0.00,0.00,99.00,33.00,66.00,0.00,99.00,33.00,0.00,0.00,33.00,0.00,99.00,33.00,99.00,33.00,0.00,0.00,0.00,0.00
1768496186.0512578,33.00,0.00,0.00,0.00,0.00,0.00,99.00,33.00,66.00,0.00,99.00,33.00,0.00,0.00,33.00,0.00,99.00,33.00,99.00,33.00,0.00,0.00,0.00,0.00
1768496186.0784166,33.00,0.00,0.00,0.00,0.00,0.00,99.00,33.00,66.00,0.00,99.00,33.00,0.00,0.00,33.00,0.00,99.00,33.00,99.00,33.00,0.00,0.00,0.00,0.00
1768496186.0788784,33.00,0.00,0.00,0.00,0.00,0.00,99.00,33.00,66.00,0.00,99.00,33.00,0.00,0.00,33.00,0.00,99.00,33.00,99.00,33.00,0.00,0.00,0.00,0.00
1768496186.1053884,33.00,0.00,0.00,0.00,0.00,0.00,99.00,33.00,66.00,0.00,99.00,33.00,0.00,0.00,33.00,0.00,99.00,33.00,99.00,33.00,0.00,0.00,0.00,0.00
1768496186.1058874,33.00,0.00,0.00,0.00,0.00,0.00,99.00,33.00,66.00,0.00,99.00,33.00,0.00,0.00,33.00,0.00,99.00,33.00,99.00,33.00,0.00,0.00,0.00,0.00
1768496191.0568562,33.00,0.00,0.00,0.00,0.00,0.00,99.00,33.00,66.00,0.00,99.00,33.00,0.00,0.00,33.00,0.00,99.00,33.00,99.00,33.00,0.00,0.00,0.00,0.00
1768496191.0576358,33.00,0.00,0.00,0.00,0.00,0.00,99.00,33.00,66.00,0.00,99.00,33.00,0.00,0.00,33.00,0.00,99.00,33.00,99.00,33.00,0.00,0.00,0.00,0.00
1768496191.0856962,66.00,0.00,0.00,0.00,0.00,0.00,99.00,33.00,66.00,0.00,99.00,33.00,0.00,0.00,33.00,0.00,99.00,33.00,99.00,33.00,0.00,0.00,0.00,0.00
1768496191.086259,66.00,0.00,0.00,0.00,0.00,0.00,99.00,33.00,66.00,0.00,99.00,33.00,0.00,0.00,33.00,0.00,99.00,33.00,99.00,33.00,0.00,0.00,0.00,0.00
1768496198.5722358,66.00,0.00,33.00,0.00,0.00,0.00,99.00,33.00,66.00,0.00,99.00,33.00,0.00,0.00,33.00,0.00,99.00,33.00,99.00,33.00,0.00,0.00,0.00,0.00
1768496198.572917,66.00,0.00,33.00,0.00,0.00,0.00,99.00,33.00,66.00,0.00,99.00,33.00,0.00,0.00,33.00,0.00,99.00,33.00,99.00,33.00,0.00,0.00,0.00,0.00
1768496198.608124,66.00,0.00,33.00,0.00,0.00,0.00,99.00,33.00,66.00,0.00,99.00,33.00,0.00,0.00,66.00,0.00,99.00,33.00,99.00,33.00,0.00,0.00,0.00,0.00
1768496198.6086328,66.00,0.00,33.00,0.00,0.00,0.00,99.00,33.00,66.00,0.00,99.00,33.00,0.00,0.00,66.00,0.00,99.00,33.00,99.00,33.00,0.00,0.00,0.00,0.00
1768496198.6418002,66.00,0.00,33.00,0.00,0.00,0.00,99.00,33.00,66.00,0.00,99.00,33.00,0.00,0.00,66.00,0.00,99.00,33.00,99.00,33.00,0.00,0.00,0.00,0.00
1768496198.6423333,66.00,0.00,33.00,0.00,0.00,0.00,99.00,33.00,66.00,0.00,99.00,33.00,0.00,0.00,66.00,0.00,99.00,33.00,99.00,33.00,0.00,0.00,0.00,0.00
1768496198.6742167,66.00,0.00,33.00,0.00,0.00,0.00,99.00,33.00,66.00,0.00,99.00,33.00,0.00,0.00,66.00,0.00,99.00,33.00,99.00,33.00,0.00,0.00,0.00,0.00
1768496198.6747804,66.00,0.00,33.00,0.00,0.00,0.00,99.00,33.00,66.00,0.00,99.00,33.00,0.00,0.00,66.00,0.00,99.00,33.00,99.00,33.00,0.00,0.00,0.00,0.00
1768496198.705051,66.00,0.00,33.00,0.00,0.00,0.00,99.00,33.00,66.00,0.00,99.00,33.00,0.00,0.00,66.00,0.00,99.00,33.00,99.00,33.00,0.00,0.00,0.00,0.00
1768496198.7055576,66.00,0.00,33.00,0.00,0.00,0.00,99.00,33.00,66.00,0.00,99.00,33.00,0.00,0.00,66.00,0.00,99.00,33.00,99.00,33.00,0.00,0.00,0.00,0.00
1768496198.9095619,66.00,0.00,33.00,0.00,0.00,0.00,99.00,33.00,66.00,0.00,99.00,33.00,0.00,0.00,66.00,0.00,99.00,33.00,99.00,33.00,0.00,0.00,0.00,0.00
1768496198.9101455,66.00,0.00,33.00,0.00,0.00,0.00,99.00,33.00,66.00,0.00,99.00,33.00,0.00,0.00,66.00,0.00,99.00,33.00,99.00,33.00,0.00,0.00,0.00,0.00
1768496201.060121,66.00,0.00,66.00,0.00,0.00,0.00,99.00,33.00,66.00,0.00,66.00,33.00,0.00,0.00,66.00,0.00,99.00,33.00,99.00,33.00,0.00,0.00,0.00,0.00
1768496201.0608325,66.00,0.00,66.00,0.00,0.00,0.00,99.00,33.00,66.00,0.00,66.00,33.00,0.00,0.00,66.00,0.00,99.00,33.00,99.00,33.00,0.00,0.00,0.00,0.00
1768496209.561235,66.00,0.00,66.00,0.00,0.00,0.00,99.00,33.00,33.00,0.00,None,None,0.00,0.00,66.00,0.00,33.00,33.00,66.00,0.00,0.00,0.00,0.00,0.00
1768496209.5619195,66.00,0.00,66.00,0.00,0.00,0.00,99.00,33.00,33.00,0.00,None,None,0.00,0.00,66.00,0.00,33.00,33.00,66.00,0.00,0.00,0.00,0.00,0.00
1768496209.588682,66.00,0.00,66.00,0.00,0.00,0.00,99.00,33.00,33.00,0.00,None,None,0.00,0.00,66.00,0.00,66.00,33.00,66.00,0.00,0.00,0.00,0.00,0.00
1768496209.5891833,66.00,0.00,66.00,0.00,0.00,0.00,99.00,33.00,33.00,0.00,None,None,0.00,0.00,66.00,0.00,66.00,33.00,66.00,0.00,0.00,0.00,0.00,0.00
1768496209.6165116,66.00,0.00,66.00,0.00,0.00,0.00,99.00,33.00,33.00,0.00,None,None,0.00,0.00,66.00,0.00,66.00,33.00,99.00,0.00,0.00,0.00,0.00,0.00
1768496209.6169674,66.00,0.00,66.00,0.00,0.00,0.00,99.00,33.00,33.00,0.00,None,None,0.00,0.00,66.00,0.00,66.00,33.00,99.00,0.00,0.00,0.00,0.00,0.00
1768496209.6440804,66.00,0.00,66.00,0.00,0.00,0.00,99.00,33.00,33.00,0.00,None,None,0.00,0.00,66.00,0.00,66.00,33.00,99.00,33.00,0.00,0.00,0.00,0.00
1768496209.6446042,66.00,0.00,66.00,0.00,0.00,0.00,99.00,33.00,33.00,0.00,None,None,0.00,0.00,66.00,0.00,66.00,33.00,99.00,33.00,0.00,0.00,0.00,0.00
1768496209.6729007,66.00,0.00,66.00,0.00,0.00,0.00,99.00,33.00,33.00,0.00,None,None,0.00,0.00,66.00,0.00,99.00,33.00,99.00,33.00,0.00,0.00,0.00,0.00
1768496209.673371,66.00,0.00,66.00,0.00,0.00,0.00,99.00,33.00,33.00,0.00,None,None,0.00,0.00,66.00,0.00,99.00,33.00,99.00,33.00,0.00,0.00,0.00,0.00
1768496209.7008343,66.00,0.00,66.00,0.00,0.00,0.00,99.00,33.00,66.00,0.00,None,None,0.00,0.00,66.00,0.00,99.00,33.00,99.00,33.00,0.00,0.00,0.00,0.00
1768496209.7013092,66.00,0.00,66.00,0.00,0.00,0.00,99.00,33.00,66.00,0.00,None,None,0.00,0.00,66.00,0.00,99.00,33.00,99.00,33.00,0.00,0.00,0.00,0.00
1768496209.7298064,66.00,0.00,66.00,0.00,0.00,0.00,99.00,33.00,66.00,0.00,None,None,0.00,0.00,66.00,0.00,99.00,33.00,99.00,33.00,0.00,0.00,0.00,0.00
1768496209.7302792,66.00,0.00,66.00,0.00,0.00,0.00,99.00,33.00,66.00,0.00,None,None,0.00,0.00,66.00,0.00,99.00,33.00,99.00,33.00,0.00,0.00,0.00,0.00
1768496209.7572122,66.00,0.00,66.00,0.00,0.00,0.00,99.00,33.00,66.00,0.00,None,None,0.00,0.00,66.00,0.00,99.00,33.00,99.00,33.00,0.00,0.00,0.00,0.00
1768496209.7576494,66.00,0.00,66.00,0.00,0.00,0.00,99.00,33.00,66.00,0.00,None,None,0.00,0.00,66.00,0.00,99.00,33.00,99.00,33.00,0.00,0.00,0.00,0.00
1768496209.788576,66.00,0.00,66.00,0.00,0.00,0.00,99.00,33.00,66.00,0.00,None,None,0.00,0.00,66.00,0.00,99.00,33.00,99.00,33.00,0.00,0.00,0.00,0.00
1768496209.7890532,66.00,0.00,66.00,0.00,0.00,0.00,99.00,33.00,66.00,0.00,None,None,0.00,0.00,66.00,0.00,99.00,33.00,99.00,33.00,0.00,0.00,0.00,0.00
1768496209.8198564,66.00,0.00,66.00,0.00,0.00,0.00,99.00,33.00,66.00,0.00,None,None,0.00,0.00,66.00,0.00,99.00,33.00,99.00,33.00,0.00,0.00,0.00,0.00
1768496209.820311,66.00,0.00,66.00,0.00,0.00,0.00,99.00,33.00,66.00,0.00,None,None,0.00,0.00,66.00,0.00,99.00,33.00,99.00,33.00,0.00,0.00,0.00,0.00
1768496209.8506715,66.00,0.00,66.00,0.00,0.00,0.00,99.00,33.00,66.00,0.00,None,None,0.00,0.00,66.00,0.00,99.00,33.00,99.00,33.00,0.00,0.00,0.00,0.00
1768496209.851192,66.00,0.00,66.00,0.00,0.00,0.00,99.00,33.00,66.00,0.00,None,None,0.00,0.00,66.00,0.00,99.00,33.00,99.00,33.00,0.00,0.00,0.00,0.00
1768496209.8822398,66.00,0.00,66.00,0.00,0.00,0.00,99.00,33.00,66.00,0.00,None,None,0.00,0.00,66.00,0.00,99.00,33.00,99.00,33.00,0.00,0.00,0.00,0.00
1768496209.882703,66.00,0.00,66.00,0.00,0.00,0.00,99.00,33.00,66.00,0.00,None,None,0.00,0.00,66.00,0.00,99.00,33.00,99.00,33.00,0.00,0.00,0.00,0.00
1768496209.9104834,66.00,0.00,66.00,0.00,0.00,0.00,99.00,33.00,66.00,0.00,None,None,0.00,0.00,66.00,0.00,99.00,33.00,99.00,33.00,0.00,0.00,None,None
1768496209.9109635,66.00,0.00,66.00,0.00,0.00,0.00,99.00,33.00,66.00,0.00,None,None,0.00,0.00,66.00,0.00,99.00,33.00,99.00,33.00,0.00,0.00,None,None
1768496209.9378805,66.00,0.00,66.00,0.00,0.00,0.00,99.00,33.00,66.00,0.00,None,None,0.00,0.00,66.00,0.00,99.00,33.00,99.00,33.00,0.00,0.00,None,None
1768496209.9383528,66.00,0.00,66.00,0.00,0.00,0.00,99.00,33.00,66.00,0.00,None,None,0.00,0.00,66.00,0.00,99.00,33.00,99.00,33.00,0.00,0.00,None,None
1768496212.7213233,66.00,0.00,None,None,0.00,0.00,99.00,33.00,66.00,0.00,None,None,0.00,0.00,66.00,0.00,99.00,33.00,99.00,33.00,0.00,0.00,None,None
1768496212.7218528,66.00,0.00,None,None,0.00,0.00,99.00,33.00,66.00,0.00,None,None,0.00,0.00,66.00,0.00,99.00,33.00,99.00,33.00,0.00,0.00,None,None
1768496212.7471552,66.00,0.00,None,None,0.00,0.00,99.00,33.00,66.00,0.00,None,None,0.00,0.00,66.00,0.00,99.00,33.00,99.00,33.00,0.00,0.00,None,None
1768496212.7476273,66.00,0.00,None,None,0.00,0.00,99.00,33.00,66.00,0.00,None,None,0.00,0.00,66.00,0.00,99.00,33.00,99.00,33.00,0.00,0.00,None,None
1768496212.7828832,66.00,0.00,None,None,0.00,0.00,99.00,33.00,66.00,0.00,None,None,0.00,0.00,66.00,0.00,99.00,33.00,99.00,33.00,0.00,0.00,None,None
1768496212.7838073,66.00,0.00,None,None,0.00,0.00,99.00,33.00,66.00,0.00,None,None,0.00,0.00,66.00,0.00,99.00,33.00,99.00,33.00,0.00,0.00,None,None
1768496212.813337,66.00,0.00,None,None,0.00,0.00,99.00,33.00,66.00,0.00,None,None,0.00,0.00,66.00,0.00,99.00,33.00,99.00,33.00,0.00,0.00,None,None
1768496212.813888,66.00,0.00,None,None,0.00,0.00,99.00,33.00,66.00,0.00,None,None,0.00,0.00,66.00,0.00,99.00,33.00,99.00,33.00,0.00,0.00,None,None
1768496212.8416266,66.00,0.00,None,None,0.00,0.00,99.00,33.00,66.00,0.00,None,None,0.00,0.00,66.00,0.00,99.00,33.00,99.00,33.00,0.00,0.00,None,None
1768496212.8420906,66.00,0.00,None,None,0.00,0.00,99.00,33.00,66.00,0.00,None,None,0.00,0.00,66.00,0.00,99.00,33.00,99.00,33.00,0.00,0.00,None,None
1768496212.8710825,66.00,0.00,None,None,0.00,0.00,99.00,33.00,66.00,0.00,None,None,0.00,0.00,66.00,0.00,99.00,33.00,99.00,33.00,0.00,0.00,None,None
1768496212.8715427,66.00,0.00,None,None,0.00,0.00,99.00,33.00,66.00,0.00,None,None,0.00,0.00,66.00,0.00,99.00,33.00,99.00,33.00,0.00,0.00,None,None
1768496220.777886,66.00,0.00,None,None,0.00,0.00,99.00,33.00,66.00,0.00,None,None,0.00,0.00,66.00,0.00,99.00,33.00,99.00,33.00,0.00,0.00,None,None
1768496220.778438,66.00,0.00,None,None,0.00,0.00,99.00,33.00,66.00,0.00,None,None,0.00,0.00,66.00,0.00,99.00,33.00,99.00,33.00,0.00,0.00,None,None
1768496220.8110006,66.00,0.00,None,None,0.00,0.00,99.00,33.00,66.00,0.00,None,None,0.00,0.00,66.00,0.00,99.00,33.00,99.00,33.00,0.00,0.00,None,None
1768496220.8114967,66.00,0.00,None,None,0.00,0.00,99.00,33.00,66.00,0.00,None,None,0.00,0.00,66.00,0.00,99.00,33.00,99.00,33.00,0.00,0.00,None,None
1768496220.8452582,66.00,0.00,None,None,0.00,0.00,99.00,33.00,66.00,0.00,None,None,0.00,0.00,66.00,0.00,99.00,33.00,99.00,33.00,0.00,0.00,None,None
1768496220.845836,66.00,0.00,None,None,0.00,0.00,99.00,33.00,66.00,0.00,None,None,0.00,0.00,66.00,0.00,99.00,33.00,99.00,33.00,0.00,0.00,None,None
1768496220.8819726,66.00,0.00,None,None,0.00,0.00,99.00,33.00,66.00,0.00,None,None,0.00,0.00,66.00,0.00,99.00,33.00,99.00,33.00,0.00,0.00,None,None
1768496220.8824809,66.00,0.00,None,None,0.00,0.00,99.00,33.00,66.00,0.00,None,None,0.00,0.00,66.00,0.00,99.00,33.00,99.00,33.00,0.00,0.00,None,None
1768496220.9155614,66.00,0.00,None,None,0.00,0.00,99.00,33.00,66.00,0.00,None,None,0.00,0.00,66.00,0.00,99.00,33.00,99.00,33.00,0.00,0.00,None,None
1768496220.9160376,66.00,0.00,None,None,0.00,0.00,99.00,33.00,66.00,0.00,None,None,0.00,0.00,66.00,0.00,99.00,33.00,99.00,33.00,0.00,0.00,None,None
1768496220.948647,66.00,0.00,None,None,0.00,0.00,99.00,33.00,66.00,0.00,None,None,0.00,0.00,66.00,0.00,99.00,33.00,99.00,33.00,0.00,0.00,None,None
1768496220.9491634,66.00,0.00,None,None,0.00,0.00,99.00,33.00,66.00,0.00,None,None,0.00,0.00,66.00,0.00,99.00,33.00,99.00,33.00,0.00,0.00,None,None
1768496241.6201475,0.00,0.00,33.00,0.00,0.00,0.00,99.00,0.00,66.00,0.00,0.00,0.00,0.00,0.00,66.00,0.00,66.00,33.00,0.00,33.00,0.00,0.00,0.00,0.00
1768496241.6206934,0.00,0.00,33.00,0.00,0.00,0.00,99.00,0.00,66.00,0.00,0.00,0.00,0.00,0.00,66.00,0.00,66.00,33.00,0.00,33.00,0.00,0.00,0.00,0.00
1768496241.6505027,0.00,0.00,33.00,0.00,0.00,0.00,99.00,0.00,66.00,0.00,33.00,0.00,0.00,0.00,66.00,0.00,66.00,33.00,0.00,33.00,0.00,0.00,0.00,0.00
1768496241.6509867,0.00,0.00,33.00,0.00,0.00,0.00,99.00,0.00,66.00,0.00,33.00,0.00,0.00,0.00,66.00,0.00,66.00,33.00,0.00,33.00,0.00,0.00,0.00,0.00
1768496241.6797845,0.00,0.00,33.00,0.00,0.00,0.00,99.00,0.00,66.00,0.00,33.00,0.00,0.00,0.00,66.00,0.00,66.00,33.00,0.00,33.00,0.00,0.00,0.00,0.00
1768496241.6802924,0.00,0.00,33.00,0.00,0.00,0.00,99.00,0.00,66.00,0.00,33.00,0.00,0.00,0.00,66.00,0.00,66.00,33.00,0.00,33.00,0.00,0.00,0.00,0.00
1768496241.7128565,0.00,0.00,33.00,0.00,0.00,0.00,99.00,0.00,66.00,0.00,33.00,0.00,0.00,0.00,66.00,0.00,66.00,33.00,0.00,33.00,0.00,0.00,0.00,0.00
1768496241.713411,0.00,0.00,33.00,0.00,0.00,0.00,99.00,0.00,66.00,0.00,33.00,0.00,0.00,0.00,66.00,0.00,66.00,33.00,0.00,33.00,0.00,0.00,0.00,0.00
1768496241.7453895,0.00,0.00,33.00,0.00,0.00,0.00,99.00,0.00,66.00,0.00,33.00,0.00,0.00,0.00,66.00,0.00,66.00,33.00,0.00,33.00,0.00,0.00,0.00,0.00
1768496241.7458675,0.00,0.00,33.00,0.00,0.00,0.00,99.00,0.00,66.00,0.00,33.00,0.00,0.00,0.00,66.00,0.00,66.00,33.00,0.00,33.00,0.00,0.00,0.00,0.00
1768496241.7774172,0.00,0.00,33.00,0.00,0.00,0.00,99.00,0.00,66.00,0.00,33.00,0.00,0.00,0.00,66.00,0.00,66.00,33.00,0.00,33.00,0.00,0.00,0.00,0.00
1768496241.7779126,0.00,0.00,33.00,0.00,0.00,0.00,99.00,0.00,66.00,0.00,33.00,0.00,0.00,0.00,66.00,0.00,66.00,33.00,0.00,33.00,0.00,0.00,0.00,0.00
1768496246.0722444,0.00,0.00,33.00,0.00,0.00,0.00,99.00,0.00,66.00,0.00,33.00,0.00,0.00,0.00,66.00,0.00,99.00,33.00,0.00,33.00,0.00,0.00,0.00,0.00
1768496246.0727682,0.00,0.00,33.00,0.00,0.00,0.00,99.00,0.00,66.00,0.00,33.00,0.00,0.00,0.00,66.00,0.00,99.00,33.00,0.00,33.00,0.00,0.00,0.00,0.00
1768496251.0782936,33.00,0.00,33.00,0.00,0.00,0.00,99.00,0.00,66.00,0.00,33.00,0.00,0.00,0.00,66.00,0.00,99.00,33.00,0.00,33.00,None,None,0.00,0.00
1768496251.078866,33.00,0.00,33.00,0.00,0.00,0.00,99.00,0.00,66.00,0.00,33.00,0.00,0.00,0.00,66.00,0.00,99.00,33.00,0.00,33.00,None,None,0.00,0.00
1768496256.080141,33.00,0.00,33.00,0.00,0.00,0.00,99.00,0.00,66.00,0.00,66.00,0.00,0.00,0.00,66.00,0.00,99.00,33.00,0.00,33.00,None,None,0.00,0.00
1768496256.0807064,33.00,0.00,33.00,0.00,0.00,0.00,99.00,0.00,66.00,0.00,66.00,0.00,0.00,0.00,66.00,0.00,99.00,33.00,0.00,33.00,None,None,0.00,0.00
1768496256.4992402,33.00,0.00,33.00,0.00,0.00,0.00,66.00,0.00,66.00,0.00,None,None,0.00,0.00,66.00,0.00,99.00,33.00,0.00,33.00,None,None,0.00,0.00
1768496256.4997592,33.00,0.00,33.00,0.00,0.00,0.00,66.00,0.00,66.00,0.00,None,None,0.00,0.00,66.00,0.00,99.00,33.00,0.00,33.00,None,None,0.00,0.00
1768496256.5265238,33.00,0.00,33.00,0.00,0.00,0.00,99.00,0.00,66.00,0.00,None,None,0.00,0.00,66.00,0.00,99.00,33.00,0.00,33.00,None,None,0.00,0.00
1768496256.5269659,33.00,0.00,33.00,0.00,0.00,0.00,99.00,0.00,66.00,0.00,None,None,0.00,0.00,66.00,0.00,99.00,33.00,0.00,33.00,None,None,0.00,0.00
1768496256.554831,33.00,0.00,33.00,0.00,0.00,0.00,99.00,0.00,66.00,0.00,None,None,0.00,0.00,66.00,0.00,99.00,33.00,33.00,33.00,None,None,0.00,0.00
1768496256.5552804,33.00,0.00,33.00,0.00,0.00,0.00,99.00,0.00,66.00,0.00,None,None,0.00,0.00,66.00,0.00,99.00,33.00,33.00,33.00,None,None,0.00,0.00
1768496256.5829608,33.00,0.00,33.00,0.00,0.00,0.00,99.00,33.00,66.00,0.00,None,None,0.00,0.00,66.00,0.00,99.00,33.00,33.00,33.00,None,None,0.00,0.00
1768496256.583411,33.00,0.00,33.00,0.00,0.00,0.00,99.00,33.00,66.00,0.00,None,None,0.00,0.00,66.00,0.00,99.00,33.00,33.00,33.00,None,None,0.00,0.00
1768496256.612297,33.00,0.00,33.00,0.00,0.00,0.00,99.00,33.00,66.00,0.00,None,None,0.00,0.00,66.00,0.00,99.00,33.00,33.00,33.00,None,None,0.00,0.00
1768496256.6127558,33.00,0.00,33.00,0.00,0.00,0.00,99.00,33.00,66.00,0.00,None,None,0.00,0.00,66.00,0.00,99.00,33.00,33.00,33.00,None,None,0.00,0.00
1768496256.6415627,33.00,0.00,33.00,0.00,0.00,0.00,99.00,33.00,66.00,0.00,None,None,0.00,0.00,66.00,0.00,99.00,33.00,33.00,33.00,None,None,0.00,0.00
1768496256.6420078,33.00,0.00,33.00,0.00,0.00,0.00,99.00,33.00,66.00,0.00,None,None,0.00,0.00,66.00,0.00,99.00,33.00,33.00,33.00,None,None,0.00,0.00
1768496256.676666,33.00,0.00,33.00,0.00,0.00,0.00,99.00,33.00,66.00,0.00,None,None,0.00,0.00,66.00,0.00,99.00,33.00,66.00,33.00,None,None,0.00,0.00
1768496256.6775367,33.00,0.00,33.00,0.00,0.00,0.00,99.00,33.00,66.00,0.00,None,None,0.00,0.00,66.00,0.00,99.00,33.00,66.00,33.00,None,None,0.00,0.00
1768496261.084242,33.00,0.00,33.00,0.00,0.00,0.00,33.00,33.00,66.00,0.00,None,None,0.00,0.00,66.00,0.00,99.00,33.00,66.00,33.00,None,None,0.00,0.00
1768496261.084759,33.00,0.00,33.00,0.00,0.00,0.00,33.00,33.00,66.00,0.00,None,None,0.00,0.00,66.00,0.00,99.00,33.00,66.00,33.00,None,None,0.00,0.00
1768496263.666063,66.00,0.00,33.00,0.00,None,None,33.00,33.00,66.00,0.00,None,None,0.00,0.00,66.00,0.00,99.00,33.00,66.00,33.00,None,None,0.00,0.00
1768496263.6666102,66.00,0.00,33.00,0.00,None,None,33.00,33.00,66.00,0.00,None,None,0.00,0.00,66.00,0.00,99.00,33.00,66.00,33.00,None,None,0.00,0.00
1768496263.9191995,66.00,0.00,33.00,0.00,None,None,33.00,33.00,66.00,0.00,None,None,0.00,0.00,66.00,0.00,99.00,33.00,66.00,33.00,None,None,0.00,0.00
1768496263.9197645,66.00,0.00,33.00,0.00,None,None,33.00,33.00,66.00,0.00,None,None,0.00,0.00,66.00,0.00,99.00,33.00,66.00,33.00,None,None,0.00,0.00
1768496263.9519048,66.00,0.00,33.00,0.00,None,None,66.00,33.00,66.00,0.00,None,None,0.00,0.00,66.00,0.00,99.00,33.00,66.00,33.00,None,None,0.00,0.00
1768496263.952376,66.00,0.00,33.00,0.00,None,None,66.00,33.00,66.00,0.00,None,None,0.00,0.00,66.00,0.00,99.00,33.00,66.00,33.00,None,None,0.00,0.00
1768496263.9886649,66.00,0.00,66.00,0.00,None,None,66.00,33.00,66.00,0.00,None,None,0.00,0.00,66.00,0.00,99.00,33.00,66.00,33.00,None,None,0.00,0.00
1768496263.9891882,66.00,0.00,66.00,0.00,None,None,66.00,33.00,66.00,0.00,None,None,0.00,0.00,66.00,0.00,99.00,33.00,66.00,33.00,None,None,0.00,0.00
1768496264.0262847,66.00,0.00,66.00,0.00,None,None,66.00,33.00,66.00,0.00,None,None,0.00,0.00,66.00,0.00,99.00,33.00,66.00,33.00,None,None,0.00,0.00
1768496264.0267935,66.00,0.00,66.00,0.00,None,None,66.00,33.00,66.00,0.00,None,None,0.00,0.00,66.00,0.00,99.00,33.00,66.00,33.00,None,None,0.00,0.00
1768496264.068407,66.00,0.00,66.00,0.00,None,None,66.00,33.00,66.00,0.00,None,None,0.00,0.00,66.00,0.00,99.00,33.00,66.00,33.00,None,None,0.00,0.00
1768496264.0689418,66.00,0.00,66.00,0.00,None,None,66.00,33.00,66.00,0.00,None,None,0.00,0.00,66.00,0.00,99.00,33.00,66.00,33.00,None,None,0.00,0.00
1768496266.093701,66.00,0.00,66.00,0.00,None,None,66.00,33.00,66.00,0.00,None,None,0.00,0.00,33.00,0.00,33.00,0.00,66.00,33.00,None,None,0.00,0.00
1768496266.0943391,66.00,0.00,66.00,0.00,None,None,66.00,33.00,66.00,0.00,None,None,0.00,0.00,33.00,0.00,33.00,0.00,66.00,33.00,None,None,0.00,0.00
1768496266.1252391,66.00,0.00,66.00,0.00,None,None,99.00,33.00,66.00,0.00,None,None,0.00,0.00,33.00,0.00,33.00,0.00,66.00,33.00,None,None,0.00,0.00
1768496266.125776,66.00,0.00,66.00,0.00,None,None,99.00,33.00,66.00,0.00,None,None,0.00,0.00,33.00,0.00,33.00,0.00,66.00,33.00,None,None,0.00,0.00
1768496266.1586587,66.00,0.00,66.00,0.00,None,None,99.00,33.00,66.00,0.00,None,None,0.00,0.00,33.00,0.00,33.00,0.00,99.00,33.00,None,None,0.00,0.00
1768496266.159191,66.00,0.00,66.00,0.00,None,None,99.00,33.00,66.00,0.00,None,None,0.00,0.00,33.00,0.00,33.00,0.00,99.00,33.00,None,None,0.00,0.00
1768496266.189112,66.00,0.00,66.00,0.00,None,None,99.00,33.00,66.00,0.00,None,None,0.00,0.00,33.00,0.00,33.00,0.00,99.00,33.00,None,None,0.00,0.00
1768496266.189574,66.00,0.00,66.00,0.00,None,None,99.00,33.00,66.00,0.00,None,None,0.00,0.00,33.00,0.00,33.00,0.00,99.00,33.00,None,None,0.00,0.00
1768496266.220179,66.00,0.00,66.00,0.00,None,None,99.00,33.00,66.00,0.00,None,None,0.00,0.00,33.00,0.00,66.00,0.00,99.00,33.00,None,None,0.00,0.00
1768496266.2206368,66.00,0.00,66.00,0.00,None,None,99.00,33.00,66.00,0.00,None,None,0.00,0.00,33.00,0.00,66.00,0.00,99.00,33.00,None,None,0.00,0.00
1768496266.2525003,66.00,0.00,66.00,0.00,None,None,99.00,33.00,66.00,0.00,None,None,0.00,0.00,33.00,0.00,66.00,0.00,99.00,33.00,None,None,0.00,0.00
1768496266.253033,66.00,0.00,66.00,0.00,None,None,99.00,33.00,66.00,0.00,None,None,0.00,0.00,33.00,0.00,66.00,0.00,99.00,33.00,None,None,0.00,0.00
1768496266.286035,66.00,0.00,66.00,0.00,None,None,99.00,33.00,66.00,0.00,None,None,0.00,0.00,33.00,0.00,66.00,33.00,99.00,33.00,None,None,0.00,0.00
1768496266.2865055,66.00,0.00,66.00,0.00,None,None,99.00,33.00,66.00,0.00,None,None,0.00,0.00,33.00,0.00,66.00,33.00,99.00,33.00,None,None,0.00,0.00
1768496266.3177333,66.00,0.00,66.00,0.00,None,None,99.00,33.00,66.00,0.00,None,None,0.00,0.00,33.00,0.00,66.00,33.00,99.00,33.00,None,None,0.00,0.00
1768496266.3181908,66.00,0.00,66.00,0.00,None,None,99.00,33.00,66.00,0.00,None,None,0.00,0.00,33.00,0.00,66.00,33.00,99.00,33.00,None,None,0.00,0.00
1768496266.3499799,66.00,0.00,66.00,0.00,None,None,99.00,33.00,66.00,0.00,None,None,0.00,0.00,33.00,0.00,66.00,33.00,99.00,33.00,None,None,0.00,0.00
1768496266.3505101,66.00,0.00,66.00,0.00,None,None,99.00,33.00,66.00,0.00,None,None,0.00,0.00,33.00,0.00,66.00,33.00,99.00,33.00,None,None,0.00,0.00
1768496266.382534,66.00,0.00,66.00,0.00,None,None,99.00,33.00,66.00,0.00,None,None,0.00,0.00,66.00,0.00,66.00,33.00,99.00,33.00,None,None,0.00,0.00
1768496266.3830013,66.00,0.00,66.00,0.00,None,None,99.00,33.00,66.00,0.00,None,None,0.00,0.00,66.00,0.00,66.00,33.00,99.00,33.00,None,None,0.00,0.00
1768496271.109603,66.00,0.00,66.00,0.00,None,None,99.00,33.00,33.00,0.00,None,None,0.00,0.00,33.00,0.00,99.00,33.00,99.00,0.00,0.00,0.00,0.00,0.00
1768496271.1104252,66.00,0.00,66.00,0.00,None,None,99.00,33.00,33.00,0.00,None,None,0.00,0.00,33.00,0.00,99.00,33.00,99.00,0.00,0.00,0.00,0.00,0.00
1768496271.1423519,66.00,0.00,66.00,0.00,None,None,99.00,33.00,66.00,0.00,None,None,0.00,0.00,33.00,0.00,99.00,33.00,99.00,0.00,0.00,0.00,0.00,0.00
1768496271.1429062,66.00,0.00,66.00,0.00,None,None,99.00,33.00,66.00,0.00,None,None,0.00,0.00,33.00,0.00,99.00,33.00,99.00,0.00,0.00,0.00,0.00,0.00
1768496276.1012387,66.00,0.00,66.00,0.00,None,None,99.00,33.00,66.00,0.00,None,None,0.00,0.00,33.00,0.00,99.00,33.00,99.00,0.00,0.00,0.00,0.00,0.00
1768496276.1017625,66.00,0.00,66.00,0.00,None,None,99.00,33.00,66.00,0.00,None,None,0.00,0.00,33.00,0.00,99.00,33.00,99.00,0.00,0.00,0.00,0.00,0.00
1768496279.6832106,66.00,0.00,66.00,0.00,None,None,99.00,33.00,66.00,0.00,66.00,0.00,0.00,0.00,33.00,0.00,99.00,33.00,99.00,0.00,0.00,0.00,0.00,0.00
1768496279.6838193,66.00,0.00,66.00,0.00,None,None,99.00,33.00,66.00,0.00,66.00,0.00,0.00,0.00,33.00,0.00,99.00,33.00,99.00,0.00,0.00,0.00,0.00,0.00
1768496279.9839506,66.00,0.00,66.00,0.00,None,None,99.00,33.00,66.00,0.00,66.00,0.00,0.00,0.00,33.00,0.00,99.00,33.00,99.00,0.00,0.00,0.00,0.00,0.00
1768496279.984521,66.00,0.00,66.00,0.00,None,None,99.00,33.00,66.00,0.00,66.00,0.00,0.00,0.00,33.00,0.00,99.00,33.00,99.00,0.00,0.00,0.00,0.00,0.00
1768496280.0223844,66.00,0.00,66.00,0.00,None,None,99.00,33.00,66.00,0.00,66.00,0.00,0.00,0.00,33.00,0.00,99.00,33.00,99.00,0.00,0.00,0.00,0.00,0.00
1768496280.0229034,66.00,0.00,66.00,0.00,None,None,99.00,33.00,66.00,0.00,66.00,0.00,0.00,0.00,33.00,0.00,99.00,33.00,99.00,0.00,0.00,0.00,0.00,0.00
1768496280.060531,66.00,0.00,66.00,0.00,None,None,99.00,33.00,66.00,0.00,66.00,0.00,0.00,0.00,33.00,0.00,99.00,33.00,99.00,0.00,0.00,0.00,0.00,0.00
1768496280.0610192,66.00,0.00,66.00,0.00,None,None,99.00,33.00,66.00,0.00,66.00,0.00,0.00,0.00,33.00,0.00,99.00,33.00,99.00,0.00,0.00,0.00,0.00,0.00
1768496280.10187,66.00,0.00,66.00,0.00,None,None,99.00,33.00,66.00,0.00,66.00,0.00,0.00,0.00,33.00,0.00,99.00,33.00,99.00,0.00,0.00,0.00,0.00,0.00
1768496280.10241,66.00,0.00,66.00,0.00,None,None,99.00,33.00,66.00,0.00,66.00,0.00,0.00,0.00,33.00,0.00,99.00,33.00,99.00,0.00,0.00,0.00,0.00,0.00
1768496280.1492338,66.00,0.00,66.00,0.00,None,None,99.00,33.00,66.00,0.00,66.00,33.00,0.00,0.00,33.00,0.00,99.00,33.00,99.00,0.00,0.00,0.00,0.00,0.00
1768496280.1497886,66.00,0.00,66.00,0.00,None,None,99.00,33.00,66.00,0.00,66.00,33.00,0.00,0.00,33.00,0.00,99.00,33.00,99.00,0.00,0.00,0.00,0.00,0.00
1768496291.1109786,66.00,0.00,66.00,0.00,0.00,0.00,99.00,33.00,66.00,0.00,66.00,33.00,0.00,0.00,33.00,0.00,99.00,33.00,99.00,33.00,0.00,0.00,0.00,0.00
1768496291.1116319,66.00,0.00,66.00,0.00,0.00,0.00,99.00,33.00,66.00,0.00,66.00,33.00,0.00,0.00,33.00,0.00,99.00,33.00,99.00,33.00,0.00,0.00,0.00,0.00
1768496299.717376,66.00,0.00,66.00,0.00,0.00,0.00,99.00,33.00,66.00,0.00,66.00,33.00,0.00,0.00,33.00,0.00,66.00,0.00,99.00,0.00,0.00,0.00,0.00,0.00
1768496299.7179508,66.00,0.00,66.00,0.00,0.00,0.00,99.00,33.00,66.00,0.00,66.00,33.00,0.00,0.00,33.00,0.00,66.00,0.00,99.00,0.00,0.00,0.00,0.00,0.00
1768496299.7592118,66.00,0.00,66.00,0.00,0.00,0.00,99.00,33.00,66.00,0.00,66.00,33.00,0.00,0.00,33.00,0.00,66.00,0.00,99.00,33.00,0.00,0.00,0.00,0.00
1768496299.7597175,66.00,0.00,66.00,0.00,0.00,0.00,99.00,33.00,66.00,0.00,66.00,33.00,0.00,0.00,33.00,0.00,66.00,0.00,99.00,33.00,0.00,0.00,0.00,0.00
1768496299.7970095,66.00,0.00,66.00,0.00,0.00,0.00,99.00,33.00,66.00,0.00,66.00,33.00,0.00,0.00,33.00,0.00,99.00,0.00,99.00,33.00,0.00,0.00,0.00,0.00
1768496299.7975914,66.00,0.00,66.00,0.00,0.00,0.00,99.00,33.00,66.00,0.00,66.00,33.00,0.00,0.00,33.00,0.00,99.00,0.00,99.00,33.00,0.00,0.00,0.00,0.00
1768496299.8347752,66.00,0.00,66.00,0.00,0.00,0.00,99.00,33.00,66.00,0.00,66.00,33.00,0.00,0.00,33.00,0.00,99.00,33.00,99.00,33.00,0.00,0.00,0.00,0.00
1768496299.8353322,66.00,0.00,66.00,0.00,0.00,0.00,99.00,33.00,66.00,0.00,66.00,33.00,0.00,0.00,33.00,0.00,99.00,33.00,99.00,33.00,0.00,0.00,0.00,0.00
1768496299.8718855,66.00,0.00,66.00,0.00,0.00,0.00,99.00,33.00,66.00,0.00,66.00,33.00,0.00,0.00,66.00,0.00,99.00,33.00,99.00,33.00,0.00,0.00,0.00,0.00
1768496299.8724024,66.00,0.00,66.00,0.00,0.00,0.00,99.00,33.00,66.00,0.00,66.00,33.00,0.00,0.00,66.00,0.00,99.00,33.00,99.00,33.00,0.00,0.00,0.00,0.00
1768496299.919528,66.00,0.00,66.00,0.00,0.00,0.00,99.00,33.00,66.00,0.00,66.00,33.00,0.00,0.00,66.00,0.00,99.00,33.00,99.00,33.00,0.00,0.00,0.00,0.00
1768496299.9201088,66.00,0.00,66.00,0.00,0.00,0.00,99.00,33.00,66.00,0.00,66.00,33.00,0.00,0.00,66.00,0.00,99.00,33.00,99.00,33.00,0.00,0.00,0.00,0.00
1768496300.347634,66.00,0.00,66.00,0.00,0.00,0.00,99.00,33.00,33.00,0.00,None,None,0.00,0.00,66.00,0.00,99.00,33.00,99.00,33.00,0.00,0.00,0.00,0.00
1768496300.3482049,66.00,0.00,66.00,0.00,0.00,0.00,99.00,33.00,33.00,0.00,None,None,0.00,0.00,66.00,0.00,99.00,33.00,99.00,33.00,0.00,0.00,0.00,0.00
1768496300.382108,66.00,0.00,66.00,0.00,0.00,0.00,99.00,33.00,66.00,0.00,None,None,0.00,0.00,66.00,0.00,99.00,33.00,99.00,33.00,0.00,0.00,0.00,0.00
1768496300.3826015,66.00,0.00,66.00,0.00,0.00,0.00,99.00,33.00,66.00,0.00,None,None,0.00,0.00,66.00,0.00,99.00,33.00,99.00,33.00,0.00,0.00,0.00,0.00
1768496300.4294744,66.00,0.00,66.00,0.00,0.00,0.00,99.00,33.00,66.00,0.00,None,None,0.00,0.00,66.00,0.00,99.00,33.00,99.00,33.00,0.00,0.00,0.00,0.00
1768496300.4303179,66.00,0.00,66.00,0.00,0.00,0.00,99.00,33.00,66.00,0.00,None,None,0.00,0.00,66.00,0.00,99.00,33.00,99.00,33.00,0.00,0.00,0.00,0.00
1768496300.467632,66.00,0.00,66.00,0.00,0.00,0.00,99.00,33.00,66.00,0.00,None,None,0.00,0.00,66.00,0.00,99.00,33.00,99.00,33.00,0.00,0.00,0.00,0.00
1768496300.4682105,66.00,0.00,66.00,0.00,0.00,0.00,99.00,33.00,66.00,0.00,None,None,0.00,0.00,66.00,0.00,99.00,33.00,99.00,33.00,0.00,0.00,0.00,0.00
1768496300.5035229,66.00,0.00,66.00,0.00,0.00,0.00,99.00,33.00,66.00,0.00,None,None,0.00,0.00,66.00,0.00,99.00,33.00,99.00,33.00,0.00,0.00,0.00,0.00
1768496300.5040188,66.00,0.00,66.00,0.00,0.00,0.00,99.00,33.00,66.00,0.00,None,None,0.00,0.00,66.00,0.00,99.00,33.00,99.00,33.00,0.00,0.00,0.00,0.00
1768496300.538638,66.00,0.00,66.00,0.00,0.00,0.00,99.00,33.00,66.00,0.00,None,None,0.00,0.00,66.00,0.00,99.00,33.00,99.00,33.00,0.00,0.00,0.00,0.00
1768496300.5393178,66.00,0.00,66.00,0.00,0.00,0.00,99.00,33.00,66.00,0.00,None,None,0.00,0.00,66.00,0.00,99.00,33.00,99.00,33.00,0.00,0.00,0.00,0.00
1768496300.5743022,66.00,0.00,66.00,0.00,0.00,0.00,99.00,33.00,66.00,0.00,None,None,0.00,0.00,66.00,0.00,99.00,33.00,99.00,33.00,0.00,0.00,0.00,0.00
1768496300.574791,66.00,0.00,66.00,0.00,0.00,0.00,99.00,33.00,66.00,0.00,None,None,0.00,0.00,66.00,0.00,99.00,33.00,99.00,33.00,0.00,0.00,0.00,0.00
1768496301.414972,66.00,0.00,66.00,0.00,0.00,0.00,99.00,33.00,66.00,0.00,None,None,0.00,0.00,66.00,0.00,99.00,33.00,99.00,33.00,0.00,0.00,0.00,0.00
1768496301.4156144,66.00,0.00,66.00,0.00,0.00,0.00,99.00,33.00,66.00,0.00,None,None,0.00,0.00,66.00,0.00,99.00,33.00,99.00,33.00,0.00,0.00,0.00,0.00
1768496305.8362696,66.00,0.00,33.00,0.00,0.00,0.00,66.00,33.00,None,None,None,None,0.00,0.00,66.00,0.00,66.00,33.00,99.00,0.00,0.00,0.00,0.00,0.00
1768496305.8368113,66.00,0.00,33.00,0.00,0.00,0.00,66.00,33.00,None,None,None,None,0.00,0.00,66.00,0.00,66.00,33.00,99.00,0.00,0.00,0.00,0.00,0.00
1768496305.8726254,66.00,0.00,33.00,0.00,0.00,0.00,99.00,33.00,None,None,None,None,0.00,0.00,66.00,0.00,66.00,33.00,99.00,0.00,0.00,0.00,0.00,0.00
1768496305.873123,66.00,0.00,33.00,0.00,0.00,0.00,99.00,33.00,None,None,None,None,0.00,0.00,66.00,0.00,66.00,33.00,99.00,0.00,0.00,0.00,0.00,0.00
1768496305.9093308,66.00,0.00,33.00,0.00,0.00,0.00,99.00,33.00,None,None,None,None,0.00,0.00,66.00,0.00,66.00,33.00,99.00,0.00,0.00,0.00,0.00,0.00
1768496305.9098556,66.00,0.00,33.00,0.00,0.00,0.00,99.00,33.00,None,None,None,None,0.00,0.00,66.00,0.00,66.00,33.00,99.00,0.00,0.00,0.00,0.00,0.00
1768496305.9461148,66.00,0.00,33.00,0.00,0.00,0.00,99.00,33.00,None,None,None,None,0.00,0.00,66.00,0.00,66.00,33.00,99.00,33.00,0.00,0.00,0.00,0.00
1768496305.9466934,66.00,0.00,33.00,0.00,0.00,0.00,99.00,33.00,None,None,None,None,0.00,0.00,66.00,0.00,66.00,33.00,99.00,33.00,0.00,0.00,0.00,0.00
1768496305.9833586,66.00,0.00,66.00,0.00,0.00,0.00,99.00,33.00,None,None,None,None,0.00,0.00,66.00,0.00,66.00,33.00,99.00,33.00,0.00,0.00,0.00,0.00
1768496305.983983,66.00,0.00,66.00,0.00,0.00,0.00,99.00,33.00,None,None,None,None,0.00,0.00,66.00,0.00,66.00,33.00,99.00,33.00,0.00,0.00,0.00,0.00
1768496306.0218015,66.00,0.00,66.00,0.00,0.00,0.00,99.00,33.00,None,None,None,None,0.00,0.00,66.00,0.00,99.00,33.00,99.00,33.00,0.00,0.00,0.00,0.00
1768496306.0223856,66.00,0.00,66.00,0.00,0.00,0.00,99.00,33.00,None,None,None,None,0.00,0.00,66.00,0.00,99.00,33.00,99.00,33.00,0.00,0.00,0.00,0.00
1768496306.0654545,66.00,0.00,66.00,0.00,0.00,0.00,99.00,33.00,None,None,None,None,0.00,0.00,66.00,0.00,99.00,33.00,99.00,33.00,0.00,0.00,0.00,0.00
1768496306.0661507,66.00,0.00,66.00,0.00,0.00,0.00,99.00,33.00,None,None,None,None,0.00,0.00,66.00,0.00,99.00,33.00,99.00,33.00,0.00,0.00,0.00,0.00
1768496316.7248847,66.00,0.00,33.00,0.00,0.00,0.00,66.00,33.00,None,None,None,None,0.00,0.00,66.00,0.00,99.00,33.00,99.00,33.00,0.00,0.00,0.00,0.00
1768496316.7255466,66.00,0.00,33.00,0.00,0.00,0.00,66.00,33.00,None,None,None,None,0.00,0.00,66.00,0.00,99.00,33.00,99.00,33.00,0.00,0.00,0.00,0.00
1768496316.7694285,66.00,0.00,33.00,0.00,0.00,0.00,66.00,33.00,None,None,None,None,0.00,0.00,66.00,0.00,99.00,33.00,99.00,33.00,0.00,0.00,0.00,0.00
1768496316.7699814,66.00,0.00,33.00,0.00,0.00,0.00,66.00,33.00,None,None,None,None,0.00,0.00,66.00,0.00,99.00,33.00,99.00,33.00,0.00,0.00,0.00,0.00
1768496316.8168993,66.00,0.00,33.00,0.00,0.00,0.00,66.00,33.00,None,None,None,None,0.00,0.00,66.00,0.00,99.00,33.00,99.00,33.00,0.00,0.00,0.00,0.00
1768496316.817532,66.00,0.00,33.00,0.00,0.00,0.00,66.00,33.00,None,None,None,None,0.00,0.00,66.00,0.00,99.00,33.00,99.00,33.00,0.00,0.00,0.00,0.00
1768496316.8587143,66.00,0.00,33.00,0.00,0.00,0.00,66.00,33.00,None,None,None,None,0.00,0.00,66.00,0.00,99.00,33.00,99.00,33.00,0.00,0.00,0.00,0.00
1768496316.859259,66.00,0.00,33.00,0.00,0.00,0.00,66.00,33.00,None,None,None,None,0.00,0.00,66.00,0.00,99.00,33.00,99.00,33.00,0.00,0.00,0.00,0.00
1768496316.8968635,66.00,0.00,33.00,0.00,0.00,0.00,66.00,33.00,None,None,None,None,0.00,0.00,66.00,0.00,99.00,33.00,99.00,33.00,0.00,0.00,0.00,0.00
1768496316.8974059,66.00,0.00,33.00,0.00,0.00,0.00,66.00,33.00,None,None,None,None,0.00,0.00,66.00,0.00,99.00,33.00,99.00,33.00,0.00,0.00,0.00,0.00
1768496316.9415169,66.00,0.00,33.00,0.00,0.00,0.00,66.00,33.00,None,None,None,None,0.00,0.00,66.00,0.00,99.00,33.00,99.00,33.00,0.00,0.00,0.00,0.00
1768496316.942058,66.00,0.00,33.00,0.00,0.00,0.00,66.00,33.00,None,None,None,None,0.00,0.00,66.00,0.00,99.00,33.00,99.00,33.00,0.00,0.00,0.00,0.00
1768496321.1271236,66.00,0.00,33.00,0.00,0.00,0.00,66.00,33.00,None,None,33.00,0.00,0.00,0.00,66.00,0.00,99.00,33.00,99.00,33.00,0.00,0.00,0.00,0.00
1768496321.1277223,66.00,0.00,33.00,0.00,0.00,0.00,66.00,33.00,None,None,33.00,0.00,0.00,0.00,66.00,0.00,99.00,33.00,99.00,33.00,0.00,0.00,0.00,0.00
1768496334.13637,66.00,0.00,0.00,0.00,0.00,0.00,66.00,33.00,33.00,0.00,66.00,0.00,0.00,0.00,None,None,99.00,33.00,99.00,33.00,0.00,0.00,0.00,0.00
1768496334.136916,66.00,0.00,0.00,0.00,0.00,0.00,66.00,33.00,33.00,0.00,66.00,0.00,0.00,0.00,None,None,99.00,33.00,99.00,33.00,0.00,0.00,0.00,0.00
1768496334.171826,66.00,0.00,0.00,0.00,0.00,0.00,66.00,33.00,33.00,0.00,66.00,0.00,0.00,0.00,None,None,99.00,33.00,99.00,33.00,0.00,0.00,0.00,0.00
1768496334.1723502,66.00,0.00,0.00,0.00,0.00,0.00,66.00,33.00,33.00,0.00,66.00,0.00,0.00,0.00,None,None,99.00,33.00,99.00,33.00,0.00,0.00,0.00,0.00
1768496334.5541184,66.00,0.00,0.00,0.00,0.00,0.00,66.00,33.00,66.00,0.00,66.00,0.00,0.00,0.00,None,None,99.00,33.00,99.00,33.00,0.00,0.00,0.00,0.00
1768496334.5547156,66.00,0.00,0.00,0.00,0.00,0.00,66.00,33.00,66.00,0.00,66.00,0.00,0.00,0.00,None,None,99.00,33.00,99.00,33.00,0.00,0.00,0.00,0.00
1768496334.59186,66.00,0.00,0.00,0.00,0.00,0.00,66.00,33.00,66.00,0.00,66.00,0.00,0.00,0.00,None,None,99.00,33.00,99.00,33.00,0.00,0.00,0.00,0.00
1768496334.5923626,66.00,0.00,0.00,0.00,0.00,0.00,66.00,33.00,66.00,0.00,66.00,0.00,0.00,0.00,None,None,99.00,33.00,99.00,33.00,0.00,0.00,0.00,0.00
1768496334.6297123,66.00,0.00,0.00,0.00,0.00,0.00,99.00,33.00,66.00,0.00,66.00,0.00,0.00,0.00,None,None,99.00,33.00,99.00,33.00,0.00,0.00,0.00,0.00
1768496334.6302102,66.00,0.00,0.00,0.00,0.00,0.00,99.00,33.00,66.00,0.00,66.00,0.00,0.00,0.00,None,None,99.00,33.00,99.00,33.00,0.00,0.00,0.00,0.00
1768496340.7451546,66.00,0.00,33.00,0.00,0.00,0.00,99.00,33.00,66.00,0.00,66.00,0.00,0.00,0.00,None,None,99.00,33.00,99.00,33.00,0.00,0.00,0.00,0.00
1768496340.745725,66.00,0.00,33.00,0.00,0.00,0.00,99.00,33.00,66.00,0.00,66.00,0.00,0.00,0.00,None,None,99.00,33.00,99.00,33.00,0.00,0.00,0.00,0.00
1768496340.7942958,66.00,0.00,33.00,0.00,0.00,0.00,99.00,33.00,66.00,0.00,66.00,0.00,0.00,0.00,None,None,99.00,33.00,99.00,33.00,0.00,0.00,0.00,0.00
1768496340.7948413,66.00,0.00,33.00,0.00,0.00,0.00,99.00,33.00,66.00,0.00,66.00,0.00,0.00,0.00,None,None,99.00,33.00,99.00,33.00,0.00,0.00,0.00,0.00
1768496340.8395772,66.00,0.00,33.00,0.00,0.00,0.00,99.00,33.00,66.00,0.00,66.00,0.00,0.00,0.00,None,None,99.00,33.00,99.00,33.00,0.00,0.00,0.00,0.00
1768496340.8401196,66.00,0.00,33.00,0.00,0.00,0.00,99.00,33.00,66.00,0.00,66.00,0.00,0.00,0.00,None,None,99.00,33.00,99.00,33.00,0.00,0.00,0.00,0.00
1768496340.8837235,66.00,0.00,33.00,0.00,0.00,0.00,99.00,33.00,66.00,0.00,66.00,0.00,0.00,0.00,None,None,99.00,33.00,99.00,33.00,0.00,0.00,0.00,0.00
1768496340.8842278,66.00,0.00,33.00,0.00,0.00,0.00,99.00,33.00,66.00,0.00,66.00,0.00,0.00,0.00,None,None,99.00,33.00,99.00,33.00,0.00,0.00,0.00,0.00
1768496340.9296165,66.00,0.00,33.00,0.00,0.00,0.00,99.00,33.00,66.00,0.00,66.00,0.00,0.00,0.00,None,None,99.00,33.00,99.00,33.00,0.00,0.00,0.00,0.00
1768496340.9301317,66.00,0.00,33.00,0.00,0.00,0.00,99.00,33.00,66.00,0.00,66.00,0.00,0.00,0.00,None,None,99.00,33.00,99.00,33.00,0.00,0.00,0.00,0.00
1768496340.9747095,66.00,0.00,33.00,0.00,0.00,0.00,99.00,33.00,66.00,0.00,66.00,0.00,0.00,0.00,None,None,99.00,33.00,99.00,33.00,0.00,0.00,0.00,0.00
1768496340.975235,66.00,0.00,33.00,0.00,0.00,0.00,99.00,33.00,66.00,0.00,66.00,0.00,0.00,0.00,None,None,99.00,33.00,99.00,33.00,0.00,0.00,0.00,0.00
1768496341.1414936,33.00,0.00,33.00,0.00,0.00,0.00,99.00,33.00,66.00,0.00,66.00,0.00,0.00,0.00,None,None,66.00,33.00,66.00,33.00,0.00,0.00,0.00,0.00
1768496341.1420486,33.00,0.00,33.00,0.00,0.00,0.00,99.00,33.00,66.00,0.00,66.00,0.00,0.00,0.00,None,None,66.00,33.00,66.00,33.00,0.00,0.00,0.00,0.00
1768496341.179202,33.00,0.00,33.00,0.00,0.00,0.00,99.00,33.00,66.00,0.00,66.00,0.00,0.00,0.00,None,None,99.00,33.00,66.00,33.00,0.00,0.00,0.00,0.00
1768496341.179768,33.00,0.00,33.00,0.00,0.00,0.00,99.00,33.00,66.00,0.00,66.00,0.00,0.00,0.00,None,None,99.00,33.00,66.00,33.00,0.00,0.00,0.00,0.00
1768496341.2171443,33.00,0.00,33.00,0.00,0.00,0.00,99.00,33.00,66.00,0.00,66.00,0.00,0.00,0.00,None,None,99.00,33.00,66.00,33.00,0.00,0.00,0.00,0.00
1768496341.217682,33.00,0.00,33.00,0.00,0.00,0.00,99.00,33.00,66.00,0.00,66.00,0.00,0.00,0.00,None,None,99.00,33.00,66.00,33.00,0.00,0.00,0.00,0.00
1768496341.2549214,33.00,0.00,33.00,0.00,0.00,0.00,99.00,33.00,66.00,0.00,66.00,0.00,0.00,0.00,None,None,99.00,33.00,99.00,33.00,0.00,0.00,0.00,0.00
1768496341.255421,33.00,0.00,33.00,0.00,0.00,0.00,99.00,33.00,66.00,0.00,66.00,0.00,0.00,0.00,None,None,99.00,33.00,99.00,33.00,0.00,0.00,0.00,0.00
1768496341.2930658,33.00,0.00,33.00,0.00,0.00,0.00,99.00,33.00,66.00,0.00,99.00,0.00,0.00,0.00,None,None,99.00,33.00,99.00,33.00,0.00,0.00,0.00,0.00
1768496341.2935715,33.00,0.00,33.00,0.00,0.00,0.00,99.00,33.00,66.00,0.00,99.00,0.00,0.00,0.00,None,None,99.00,33.00,99.00,33.00,0.00,0.00,0.00,0.00
1768496341.3316162,33.00,0.00,33.00,0.00,0.00,0.00,99.00,33.00,66.00,0.00,99.00,0.00,0.00,0.00,None,None,99.00,33.00,99.00,33.00,0.00,0.00,0.00,0.00
1768496341.3321404,33.00,0.00,33.00,0.00,0.00,0.00,99.00,33.00,66.00,0.00,99.00,0.00,0.00,0.00,None,None,99.00,33.00,99.00,33.00,0.00,0.00,0.00,0.00
1768496341.3692558,33.00,0.00,33.00,0.00,0.00,0.00,99.00,33.00,66.00,0.00,99.00,0.00,0.00,0.00,None,None,99.00,33.00,99.00,33.00,0.00,0.00,0.00,0.00
1768496341.3697388,33.00,0.00,33.00,0.00,0.00,0.00,99.00,33.00,66.00,0.00,99.00,0.00,0.00,0.00,None,None,99.00,33.00,99.00,33.00,0.00,0.00,0.00,0.00
1768496346.1431406,33.00,0.00,33.00,0.00,0.00,0.00,99.00,33.00,33.00,0.00,99.00,0.00,0.00,0.00,None,None,99.00,33.00,66.00,33.00,0.00,0.00,0.00,0.00
1768496346.143799,33.00,0.00,33.00,0.00,0.00,0.00,99.00,33.00,33.00,0.00,99.00,0.00,0.00,0.00,None,None,99.00,33.00,66.00,33.00,0.00,0.00,0.00,0.00
1768496346.1809375,33.00,0.00,33.00,0.00,0.00,0.00,99.00,33.00,66.00,0.00,99.00,0.00,0.00,0.00,None,None,99.00,33.00,66.00,33.00,0.00,0.00,0.00,0.00
1768496346.18145,33.00,0.00,33.00,0.00,0.00,0.00,99.00,33.00,66.00,0.00,99.00,0.00,0.00,0.00,None,None,99.00,33.00,66.00,33.00,0.00,0.00,0.00,0.00
1768496351.1491928,33.00,0.00,33.00,0.00,0.00,0.00,99.00,33.00,66.00,0.00,99.00,0.00,0.00,0.00,None,None,99.00,33.00,66.00,0.00,0.00,0.00,0.00,0.00
1768496351.1499782,33.00,0.00,33.00,0.00,0.00,0.00,99.00,33.00,66.00,0.00,99.00,0.00,0.00,0.00,None,None,99.00,33.00,66.00,0.00,0.00,0.00,0.00,0.00
1768496351.5457556,33.00,0.00,33.00,0.00,0.00,0.00,99.00,33.00,66.00,0.00,99.00,0.00,0.00,0.00,None,None,99.00,33.00,66.00,0.00,0.00,0.00,0.00,0.00
1768496351.5463772,33.00,0.00,33.00,0.00,0.00,0.00,99.00,33.00,66.00,0.00,99.00,0.00,0.00,0.00,None,None,99.00,33.00,66.00,0.00,0.00,0.00,0.00,0.00
1768496351.5855122,33.00,0.00,33.00,0.00,0.00,0.00,99.00,33.00,66.00,0.00,99.00,0.00,0.00,0.00,None,None,99.00,33.00,99.00,0.00,0.00,0.00,0.00,0.00
1768496351.5860329,33.00,0.00,33.00,0.00,0.00,0.00,99.00,33.00,66.00,0.00,99.00,0.00,0.00,0.00,None,None,99.00,33.00,99.00,0.00,0.00,0.00,0.00,0.00
1768496356.1540968,33.00,0.00,33.00,0.00,0.00,0.00,99.00,33.00,66.00,0.00,99.00,0.00,0.00,0.00,0.00,0.00,99.00,33.00,99.00,0.00,0.00,0.00,0.00,0.00
1768496356.1546474,33.00,0.00,33.00,0.00,0.00,0.00,99.00,33.00,66.00,0.00,99.00,0.00,0.00,0.00,0.00,0.00,99.00,33.00,99.00,0.00,0.00,0.00,0.00,0.00
1768496356.1937551,33.00,0.00,33.00,0.00,0.00,0.00,99.00,33.00,66.00,0.00,99.00,0.00,0.00,0.00,0.00,0.00,99.00,33.00,99.00,0.00,0.00,0.00,0.00,0.00
1768496356.1943688,33.00,0.00,33.00,0.00,0.00,0.00,99.00,33.00,66.00,0.00,99.00,0.00,0.00,0.00,0.00,0.00,99.00,33.00,99.00,0.00,0.00,0.00,0.00,0.00
1768496358.7540505,33.00,0.00,33.00,0.00,0.00,0.00,99.00,33.00,66.00,0.00,99.00,33.00,0.00,0.00,0.00,0.00,99.00,33.00,99.00,0.00,0.00,0.00,0.00,0.00
1768496358.754657,33.00,0.00,33.00,0.00,0.00,0.00,99.00,33.00,66.00,0.00,99.00,33.00,0.00,0.00,0.00,0.00,99.00,33.00,99.00,0.00,0.00,0.00,0.00,0.00
1768496358.801063,33.00,0.00,33.00,0.00,0.00,0.00,99.00,33.00,66.00,0.00,99.00,33.00,0.00,0.00,0.00,0.00,99.00,33.00,99.00,0.00,0.00,0.00,0.00,0.00
1768496358.8016267,33.00,0.00,33.00,0.00,0.00,0.00,99.00,33.00,66.00,0.00,99.00,33.00,0.00,0.00,0.00,0.00,99.00,33.00,99.00,0.00,0.00,0.00,0.00,0.00
1768496358.844924,33.00,0.00,33.00,0.00,0.00,0.00,99.00,33.00,66.00,0.00,99.00,33.00,0.00,0.00,0.00,0.00,99.00,33.00,99.00,0.00,0.00,0.00,0.00,0.00
1768496358.8455343,33.00,0.00,33.00,0.00,0.00,0.00,99.00,33.00,66.00,0.00,99.00,33.00,0.00,0.00,0.00,0.00,99.00,33.00,99.00,0.00,0.00,0.00,0.00,0.00
1768496358.8969228,33.00,0.00,33.00,0.00,0.00,0.00,99.00,33.00,66.00,0.00,99.00,33.00,0.00,0.00,0.00,0.00,99.00,33.00,99.00,33.00,0.00,0.00,0.00,0.00
1768496358.8974893,33.00,0.00,33.00,0.00,0.00,0.00,99.00,33.00,66.00,0.00,99.00,33.00,0.00,0.00,0.00,0.00,99.00,33.00,99.00,33.00,0.00,0.00,0.00,0.00
1768496358.951497,33.00,0.00,33.00,0.00,0.00,0.00,99.00,33.00,66.00,0.00,99.00,33.00,0.00,0.00,0.00,0.00,99.00,33.00,99.00,33.00,0.00,0.00,0.00,0.00
1768496358.9520605,33.00,0.00,33.00,0.00,0.00,0.00,99.00,33.00,66.00,0.00,99.00,33.00,0.00,0.00,0.00,0.00,99.00,33.00,99.00,33.00,0.00,0.00,0.00,0.00
1768496359.0057418,33.00,0.00,33.00,0.00,0.00,0.00,99.00,33.00,66.00,0.00,99.00,33.00,0.00,0.00,0.00,0.00,99.00,33.00,99.00,33.00,0.00,0.00,0.00,0.00
1768496359.0063965,33.00,0.00,33.00,0.00,0.00,0.00,99.00,33.00,66.00,0.00,99.00,33.00,0.00,0.00,0.00,0.00,99.00,33.00,99.00,33.00,0.00,0.00,0.00,0.00
1768496361.1633763,33.00,0.00,33.00,0.00,0.00,0.00,99.00,0.00,66.00,0.00,99.00,33.00,0.00,0.00,0.00,0.00,99.00,33.00,66.00,33.00,0.00,0.00,0.00,0.00
1768496361.1640775,33.00,0.00,33.00,0.00,0.00,0.00,99.00,0.00,66.00,0.00,99.00,33.00,0.00,0.00,0.00,0.00,99.00,33.00,66.00,33.00,0.00,0.00,0.00,0.00
1768496361.2023275,33.00,0.00,33.00,0.00,0.00,0.00,99.00,0.00,66.00,0.00,99.00,33.00,0.00,0.00,0.00,0.00,99.00,33.00,66.00,33.00,0.00,0.00,0.00,0.00
1768496361.2029505,33.00,0.00,33.00,0.00,0.00,0.00,99.00,0.00,66.00,0.00,99.00,33.00,0.00,0.00,0.00,0.00,99.00,33.00,66.00,33.00,0.00,0.00,0.00,0.00
1768496361.2410972,33.00,0.00,33.00,0.00,0.00,0.00,99.00,0.00,66.00,0.00,99.00,33.00,0.00,0.00,33.00,0.00,99.00,33.00,66.00,33.00,0.00,0.00,0.00,0.00
1768496361.241663,33.00,0.00,33.00,0.00,0.00,0.00,99.00,0.00,66.00,0.00,99.00,33.00,0.00,0.00,33.00,0.00,99.00,33.00,66.00,33.00,0.00,0.00,0.00,0.00
1768496361.2847545,33.00,0.00,33.00,0.00,0.00,0.00,99.00,0.00,66.00,0.00,99.00,33.00,0.00,0.00,33.00,0.00,99.00,33.00,66.00,33.00,0.00,0.00,0.00,0.00
1768496361.285588,33.00,0.00,33.00,0.00,0.00,0.00,99.00,0.00,66.00,0.00,99.00,33.00,0.00,0.00,33.00,0.00,99.00,33.00,66.00,33.00,0.00,0.00,0.00,0.00
1768496361.3308735,33.00,0.00,33.00,0.00,0.00,0.00,99.00,0.00,66.00,0.00,99.00,33.00,0.00,0.00,33.00,0.00,99.00,33.00,66.00,33.00,0.00,0.00,0.00,0.00
1768496361.331642,33.00,0.00,33.00,0.00,0.00,0.00,99.00,0.00,66.00,0.00,99.00,33.00,0.00,0.00,33.00,0.00,99.00,33.00,66.00,33.00,0.00,0.00,0.00,0.00
1768496361.3754025,33.00,0.00,33.00,0.00,0.00,0.00,99.00,0.00,66.00,0.00,99.00,33.00,0.00,0.00,33.00,0.00,99.00,33.00,66.00,33.00,0.00,0.00,0.00,0.00
1768496361.3759146,33.00,0.00,33.00,0.00,0.00,0.00,99.00,0.00,66.00,0.00,99.00,33.00,0.00,0.00,33.00,0.00,99.00,33.00,66.00,33.00,0.00,0.00,0.00,0.00
1768496366.1687293,66.00,0.00,33.00,0.00,0.00,0.00,99.00,0.00,66.00,0.00,99.00,33.00,0.00,0.00,33.00,0.00,99.00,0.00,66.00,33.00,0.00,0.00,0.00,0.00
1768496366.1693504,66.00,0.00,33.00,0.00,0.00,0.00,99.00,0.00,66.00,0.00,99.00,33.00,0.00,0.00,33.00,0.00,99.00,0.00,66.00,33.00,0.00,0.00,0.00,0.00
1768496371.1659348,66.00,0.00,33.00,0.00,0.00,0.00,66.00,0.00,66.00,0.00,99.00,33.00,0.00,0.00,33.00,0.00,99.00,0.00,66.00,33.00,0.00,0.00,0.00,0.00
1768496371.1664894,66.00,0.00,33.00,0.00,0.00,0.00,66.00,0.00,66.00,0.00,99.00,33.00,0.00,0.00,33.00,0.00,99.00,0.00,66.00,33.00,0.00,0.00,0.00,0.00
1768496375.0197332,66.00,0.00,33.00,0.00,0.00,0.00,33.00,0.00,66.00,0.00,99.00,33.00,0.00,0.00,None,None,99.00,0.00,66.00,33.00,0.00,0.00,0.00,0.00
1768496375.0203385,66.00,0.00,33.00,0.00,0.00,0.00,33.00,0.00,66.00,0.00,99.00,33.00,0.00,0.00,None,None,99.00,0.00,66.00,33.00,0.00,0.00,0.00,0.00
1768496375.057417,66.00,0.00,33.00,0.00,0.00,0.00,33.00,0.00,66.00,0.00,99.00,33.00,0.00,0.00,None,None,99.00,33.00,66.00,33.00,0.00,0.00,0.00,0.00
1768496375.0579648,66.00,0.00,33.00,0.00,0.00,0.00,33.00,0.00,66.00,0.00,99.00,33.00,0.00,0.00,None,None,99.00,33.00,66.00,33.00,0.00,0.00,0.00,0.00
1768496375.775794,66.00,0.00,33.00,0.00,0.00,0.00,66.00,0.00,33.00,0.00,99.00,33.00,0.00,0.00,None,None,33.00,0.00,66.00,33.00,0.00,0.00,0.00,0.00
1768496375.7763479,66.00,0.00,33.00,0.00,0.00,0.00,66.00,0.00,33.00,0.00,99.00,33.00,0.00,0.00,None,None,33.00,0.00,66.00,33.00,0.00,0.00,0.00,0.00
1768496375.821339,66.00,0.00,33.00,0.00,0.00,0.00,66.00,0.00,33.00,0.00,99.00,33.00,0.00,0.00,None,None,33.00,0.00,66.00,33.00,0.00,0.00,0.00,0.00
1768496375.8218741,66.00,0.00,33.00,0.00,0.00,0.00,66.00,0.00,33.00,0.00,99.00,33.00,0.00,0.00,None,None,33.00,0.00,66.00,33.00,0.00,0.00,0.00,0.00
1768496375.8694336,66.00,0.00,33.00,0.00,0.00,0.00,66.00,0.00,33.00,0.00,99.00,33.00,0.00,0.00,None,None,33.00,0.00,66.00,33.00,0.00,0.00,0.00,0.00
1768496375.870057,66.00,0.00,33.00,0.00,0.00,0.00,66.00,0.00,33.00,0.00,99.00,33.00,0.00,0.00,None,None,33.00,0.00,66.00,33.00,0.00,0.00,0.00,0.00
1768496375.9135082,66.00,0.00,33.00,0.00,0.00,0.00,66.00,0.00,33.00,0.00,99.00,33.00,0.00,0.00,None,None,33.00,0.00,66.00,33.00,0.00,0.00,0.00,0.00
1768496375.9140267,66.00,0.00,33.00,0.00,0.00,0.00,66.00,0.00,33.00,0.00,99.00,33.00,0.00,0.00,None,None,33.00,0.00,66.00,33.00,0.00,0.00,0.00,0.00
1768496375.960893,66.00,0.00,33.00,0.00,0.00,0.00,66.00,0.00,66.00,0.00,99.00,33.00,0.00,0.00,None,None,33.00,0.00,66.00,33.00,0.00,0.00,0.00,0.00
1768496375.96142,66.00,0.00,33.00,0.00,0.00,0.00,66.00,0.00,66.00,0.00,99.00,33.00,0.00,0.00,None,None,33.00,0.00,66.00,33.00,0.00,0.00,0.00,0.00
1768496376.0038617,66.00,0.00,33.00,0.00,0.00,0.00,66.00,0.00,66.00,0.00,99.00,33.00,0.00,0.00,None,None,33.00,0.00,66.00,33.00,0.00,0.00,0.00,0.00
1768496376.0043764,66.00,0.00,33.00,0.00,0.00,0.00,66.00,0.00,66.00,0.00,99.00,33.00,0.00,0.00,None,None,33.00,0.00,66.00,33.00,0.00,0.00,0.00,0.00
1768496388.8039925,66.00,0.00,33.00,0.00,0.00,0.00,66.00,0.00,66.00,0.00,99.00,33.00,0.00,0.00,None,None,33.00,0.00,99.00,33.00,0.00,0.00,0.00,0.00
1768496388.8046098,66.00,0.00,33.00,0.00,0.00,0.00,66.00,0.00,66.00,0.00,99.00,33.00,0.00,0.00,None,None,33.00,0.00,99.00,33.00,0.00,0.00,0.00,0.00
1768496388.862712,66.00,0.00,33.00,0.00,0.00,0.00,66.00,0.00,66.00,0.00,99.00,33.00,0.00,0.00,None,None,66.00,0.00,99.00,33.00,0.00,0.00,0.00,0.00
1768496388.8635166,66.00,0.00,33.00,0.00,0.00,0.00,66.00,0.00,66.00,0.00,99.00,33.00,0.00,0.00,None,None,66.00,0.00,99.00,33.00,0.00,0.00,0.00,0.00
1768496388.9181488,66.00,0.00,33.00,0.00,0.00,0.00,66.00,0.00,66.00,0.00,99.00,33.00,0.00,0.00,None,None,66.00,0.00,99.00,33.00,0.00,0.00,0.00,0.00
1768496388.9187615,66.00,0.00,33.00,0.00,0.00,0.00,66.00,0.00,66.00,0.00,99.00,33.00,0.00,0.00,None,None,66.00,0.00,99.00,33.00,0.00,0.00,0.00,0.00
1768496388.9702141,66.00,0.00,33.00,0.00,0.00,0.00,66.00,0.00,66.00,0.00,99.00,33.00,0.00,0.00,None,None,66.00,0.00,99.00,33.00,0.00,0.00,0.00,0.00
1768496388.9709678,66.00,0.00,33.00,0.00,0.00,0.00,66.00,0.00,66.00,0.00,99.00,33.00,0.00,0.00,None,None,66.00,0.00,99.00,33.00,0.00,0.00,0.00,0.00
1768496389.0158262,66.00,0.00,33.00,0.00,0.00,0.00,66.00,0.00,66.00,0.00,99.00,33.00,0.00,0.00,None,None,66.00,0.00,99.00,33.00,0.00,0.00,0.00,0.00
1768496389.0163941,66.00,0.00,33.00,0.00,0.00,0.00,66.00,0.00,66.00,0.00,99.00,33.00,0.00,0.00,None,None,66.00,0.00,99.00,33.00,0.00,0.00,0.00,0.00
1768496389.0587637,66.00,0.00,33.00,0.00,0.00,0.00,66.00,0.00,66.00,0.00,99.00,33.00,0.00,0.00,None,None,66.00,0.00,99.00,33.00,0.00,0.00,0.00,0.00
1768496389.0593612,66.00,0.00,33.00,0.00,0.00,0.00,66.00,0.00,66.00,0.00,99.00,33.00,0.00,0.00,None,None,66.00,0.00,99.00,33.00,0.00,0.00,0.00,0.00
1768496391.1767564,66.00,0.00,33.00,0.00,0.00,0.00,66.00,0.00,66.00,0.00,99.00,33.00,0.00,0.00,None,None,99.00,0.00,99.00,33.00,0.00,0.00,0.00,0.00
1768496391.1773636,66.00,0.00,33.00,0.00,0.00,0.00,66.00,0.00,66.00,0.00,99.00,33.00,0.00,0.00,None,None,99.00,0.00,99.00,33.00,0.00,0.00,0.00,0.00
1768496401.185005,66.00,0.00,33.00,0.00,0.00,0.00,66.00,0.00,66.00,0.00,99.00,33.00,0.00,0.00,33.00,0.00,99.00,0.00,99.00,33.00,0.00,0.00,0.00,0.00
1768496401.1856413,66.00,0.00,33.00,0.00,0.00,0.00,66.00,0.00,66.00,0.00,99.00,33.00,0.00,0.00,33.00,0.00,99.00,0.00,99.00,33.00,0.00,0.00,0.00,0.00
1768496412.829882,66.00,0.00,33.00,0.00,0.00,0.00,66.00,33.00,66.00,0.00,99.00,33.00,0.00,0.00,33.00,0.00,99.00,0.00,99.00,33.00,0.00,0.00,0.00,0.00
1768496412.830612,66.00,0.00,33.00,0.00,0.00,0.00,66.00,33.00,66.00,0.00,99.00,33.00,0.00,0.00,33.00,0.00,99.00,0.00,99.00,33.00,0.00,0.00,0.00,0.00
1768496412.876599,66.00,0.00,33.00,0.00,0.00,0.00,66.00,33.00,66.00,0.00,99.00,33.00,0.00,0.00,33.00,0.00,99.00,0.00,99.00,33.00,0.00,0.00,0.00,0.00
1768496412.8772502,66.00,0.00,33.00,0.00,0.00,0.00,66.00,33.00,66.00,0.00,99.00,33.00,0.00,0.00,33.00,0.00,99.00,0.00,99.00,33.00,0.00,0.00,0.00,0.00
1768496412.9199796,66.00,0.00,33.00,0.00,0.00,0.00,66.00,33.00,66.00,0.00,99.00,33.00,0.00,0.00,33.00,0.00,99.00,0.00,99.00,33.00,0.00,0.00,0.00,0.00
1768496412.9205117,66.00,0.00,33.00,0.00,0.00,0.00,66.00,33.00,66.00,0.00,99.00,33.00,0.00,0.00,33.00,0.00,99.00,0.00,99.00,33.00,0.00,0.00,0.00,0.00
1768496412.9641514,66.00,0.00,33.00,0.00,0.00,0.00,66.00,33.00,66.00,0.00,99.00,33.00,0.00,0.00,33.00,0.00,99.00,33.00,99.00,33.00,0.00,0.00,0.00,0.00
1768496412.9647179,66.00,0.00,33.00,0.00,0.00,0.00,66.00,33.00,66.00,0.00,99.00,33.00,0.00,0.00,33.00,0.00,99.00,33.00,99.00,33.00,0.00,0.00,0.00,0.00
1768496413.0081522,66.00,0.00,66.00,0.00,0.00,0.00,66.00,33.00,66.00,0.00,99.00,33.00,0.00,0.00,33.00,0.00,99.00,33.00,99.00,33.00,0.00,0.00,0.00,0.00
1768496413.0086997,66.00,0.00,66.00,0.00,0.00,0.00,66.00,33.00,66.00,0.00,99.00,33.00,0.00,0.00,33.00,0.00,99.00,33.00,99.00,33.00,0.00,0.00,0.00,0.00
1768496413.5507386,66.00,0.00,66.00,0.00,0.00,0.00,66.00,33.00,66.00,0.00,99.00,33.00,0.00,0.00,33.00,0.00,99.00,33.00,99.00,33.00,0.00,0.00,0.00,0.00
1768496413.5539293,66.00,0.00,66.00,0.00,0.00,0.00,66.00,33.00,66.00,0.00,99.00,33.00,0.00,0.00,33.00,0.00,99.00,33.00,99.00,33.00,0.00,0.00,0.00,0.00
1768496416.2145252,66.00,0.00,66.00,0.00,0.00,0.00,66.00,33.00,66.00,0.00,99.00,33.00,0.00,0.00,33.00,0.00,99.00,33.00,99.00,33.00,0.00,0.00,0.00,0.00
1768496416.2151859,66.00,0.00,66.00,0.00,0.00,0.00,66.00,33.00,66.00,0.00,99.00,33.00,0.00,0.00,33.00,0.00,99.00,33.00,99.00,33.00,0.00,0.00,0.00,0.00
1768496416.2587788,66.00,0.00,66.00,0.00,0.00,0.00,66.00,33.00,66.00,0.00,99.00,33.00,0.00,0.00,33.00,0.00,99.00,33.00,99.00,33.00,0.00,0.00,0.00,0.00
1768496416.2593288,66.00,0.00,66.00,0.00,0.00,0.00,66.00,33.00,66.00,0.00,99.00,33.00,0.00,0.00,33.00,0.00,99.00,33.00,99.00,33.00,0.00,0.00,0.00,0.00
1768496426.2019236,0.00,0.00,66.00,0.00,0.00,0.00,33.00,33.00,33.00,0.00,33.00,33.00,0.00,0.00,33.00,0.00,66.00,33.00,66.00,33.00,0.00,0.00,0.00,0.00
1768496426.2025135,0.00,0.00,66.00,0.00,0.00,0.00,33.00,33.00,33.00,0.00,33.00,33.00,0.00,0.00,33.00,0.00,66.00,33.00,66.00,33.00,0.00,0.00,0.00,0.00
1768496426.2442682,0.00,0.00,66.00,0.00,0.00,0.00,33.00,33.00,33.00,0.00,33.00,33.00,0.00,0.00,33.00,0.00,66.00,33.00,99.00,33.00,0.00,0.00,0.00,0.00
1768496426.2447977,0.00,0.00,66.00,0.00,0.00,0.00,33.00,33.00,33.00,0.00,33.00,33.00,0.00,0.00,33.00,0.00,66.00,33.00,99.00,33.00,0.00,0.00,0.00,0.00
1768496438.8598201,33.00,0.00,66.00,0.00,0.00,0.00,33.00,33.00,33.00,0.00,33.00,33.00,0.00,0.00,33.00,0.00,66.00,33.00,99.00,33.00,0.00,0.00,0.00,0.00
1768496438.8604286,33.00,0.00,66.00,0.00,0.00,0.00,33.00,33.00,33.00,0.00,33.00,33.00,0.00,0.00,33.00,0.00,66.00,33.00,99.00,33.00,0.00,0.00,0.00,0.00
1768496438.9158065,33.00,0.00,66.00,0.00,0.00,0.00,33.00,33.00,33.00,0.00,33.00,33.00,0.00,0.00,33.00,0.00,66.00,33.00,99.00,33.00,0.00,0.00,0.00,0.00
1768496438.9164176,33.00,0.00,66.00,0.00,0.00,0.00,33.00,33.00,33.00,0.00,33.00,33.00,0.00,0.00,33.00,0.00,66.00,33.00,99.00,33.00,0.00,0.00,0.00,0.00
1768496438.9635575,33.00,0.00,66.00,0.00,0.00,0.00,33.00,33.00,33.00,0.00,33.00,33.00,0.00,0.00,33.00,0.00,66.00,33.00,99.00,33.00,0.00,0.00,0.00,0.00
1768496438.9642618,33.00,0.00,66.00,0.00,0.00,0.00,33.00,33.00,33.00,0.00,33.00,33.00,0.00,0.00,33.00,0.00,66.00,33.00,99.00,33.00,0.00,0.00,0.00,0.00
1768496439.0201683,33.00,0.00,66.00,0.00,0.00,0.00,33.00,33.00,33.00,0.00,33.00,33.00,0.00,0.00,33.00,0.00,99.00,33.00,99.00,33.00,0.00,0.00,0.00,0.00
1768496439.02073,33.00,0.00,66.00,0.00,0.00,0.00,33.00,33.00,33.00,0.00,33.00,33.00,0.00,0.00,33.00,0.00,99.00,33.00,99.00,33.00,0.00,0.00,0.00,0.00
1768496439.0710726,33.00,0.00,66.00,0.00,0.00,0.00,33.00,33.00,66.00,0.00,33.00,33.00,0.00,0.00,33.00,0.00,99.00,33.00,99.00,33.00,0.00,0.00,0.00,0.00
1768496439.0716531,33.00,0.00,66.00,0.00,0.00,0.00,33.00,33.00,66.00,0.00,33.00,33.00,0.00,0.00,33.00,0.00,99.00,33.00,99.00,33.00,0.00,0.00,0.00,0.00
1768496439.121175,33.00,0.00,66.00,0.00,0.00,0.00,33.00,33.00,66.00,0.00,33.00,33.00,0.00,0.00,33.00,0.00,99.00,33.00,99.00,33.00,0.00,0.00,0.00,0.00
1768496439.121798,33.00,0.00,66.00,0.00,0.00,0.00,33.00,33.00,66.00,0.00,33.00,33.00,0.00,0.00,33.00,0.00,99.00,33.00,99.00,33.00,0.00,0.00,0.00,0.00
1768496441.2106986,33.00,0.00,66.00,0.00,0.00,0.00,33.00,33.00,66.00,0.00,66.00,33.00,0.00,0.00,33.00,0.00,66.00,33.00,99.00,0.00,0.00,0.00,0.00,0.00
1768496441.2113442,33.00,0.00,66.00,0.00,0.00,0.00,33.00,33.00,66.00,0.00,66.00,33.00,0.00,0.00,33.00,0.00,66.00,33.00,99.00,0.00,0.00,0.00,0.00,0.00
1768496441.2543335,66.00,0.00,66.00,0.00,0.00,0.00,33.00,33.00,66.00,0.00,66.00,33.00,0.00,0.00,33.00,0.00,66.00,33.00,99.00,0.00,0.00,0.00,0.00,0.00
1768496441.2549756,66.00,0.00,66.00,0.00,0.00,0.00,33.00,33.00,66.00,0.00,66.00,33.00,0.00,0.00,33.00,0.00,66.00,33.00,99.00,0.00,0.00,0.00,0.00,0.00
1768496451.2170234,66.00,0.00,66.00,0.00,0.00,0.00,33.00,33.00,66.00,0.00,66.00,33.00,0.00,0.00,33.00,0.00,66.00,33.00,33.00,0.00,0.00,0.00,0.00,0.00
1768496451.2176266,66.00,0.00,66.00,0.00,0.00,0.00,33.00,33.00,66.00,0.00,66.00,33.00,0.00,0.00,33.00,0.00,66.00,33.00,33.00,0.00,0.00,0.00,0.00,0.00
1768496456.8031352,None,None,66.00,0.00,0.00,0.00,33.00,33.00,66.00,0.00,99.00,33.00,0.00,0.00,33.00,0.00,66.00,33.00,33.00,0.00,0.00,0.00,0.00,0.00
1768496456.8037117,None,None,66.00,0.00,0.00,0.00,33.00,33.00,66.00,0.00,99.00,33.00,0.00,0.00,33.00,0.00,66.00,33.00,33.00,0.00,0.00,0.00,0.00,0.00
1768496456.847896,None,None,66.00,0.00,0.00,0.00,33.00,33.00,66.00,0.00,99.00,33.00,0.00,0.00,33.00,0.00,99.00,33.00,33.00,0.00,0.00,0.00,0.00,0.00
1768496456.8485854,None,None,66.00,0.00,0.00,0.00,33.00,33.00,66.00,0.00,99.00,33.00,0.00,0.00,33.00,0.00,99.00,33.00,33.00,0.00,0.00,0.00,0.00,0.00
1768496456.8944623,None,None,66.00,0.00,0.00,0.00,33.00,33.00,66.00,0.00,99.00,33.00,0.00,0.00,33.00,0.00,99.00,33.00,33.00,0.00,0.00,0.00,0.00,0.00
1768496456.895039,None,None,66.00,0.00,0.00,0.00,33.00,33.00,66.00,0.00,99.00,33.00,0.00,0.00,33.00,0.00,99.00,33.00,33.00,0.00,0.00,0.00,0.00,0.00
1768496456.9362886,None,None,66.00,0.00,0.00,0.00,33.00,33.00,66.00,0.00,99.00,33.00,0.00,0.00,33.00,0.00,99.00,33.00,33.00,0.00,0.00,0.00,0.00,0.00
1768496456.9368267,None,None,66.00,0.00,0.00,0.00,33.00,33.00,66.00,0.00,99.00,33.00,0.00,0.00,33.00,0.00,99.00,33.00,33.00,0.00,0.00,0.00,0.00,0.00
1768496456.9794896,None,None,66.00,0.00,0.00,0.00,33.00,33.00,66.00,0.00,99.00,33.00,0.00,0.00,33.00,0.00,99.00,33.00,33.00,0.00,0.00,0.00,0.00,0.00
1768496456.9801073,None,None,66.00,0.00,0.00,0.00,33.00,33.00,66.00,0.00,99.00,33.00,0.00,0.00,33.00,0.00,99.00,33.00,33.00,0.00,0.00,0.00,0.00,0.00
1768496457.522341,None,None,66.00,0.00,0.00,0.00,33.00,33.00,66.00,0.00,99.00,33.00,0.00,0.00,66.00,0.00,99.00,33.00,33.00,0.00,0.00,0.00,0.00,0.00
1768496457.5229042,None,None,66.00,0.00,0.00,0.00,33.00,33.00,66.00,0.00,99.00,33.00,0.00,0.00,66.00,0.00,99.00,33.00,33.00,0.00,0.00,0.00,0.00,0.00
1768496457.8707478,None,None,66.00,0.00,0.00,0.00,33.00,33.00,66.00,0.00,99.00,33.00,0.00,0.00,66.00,0.00,99.00,33.00,66.00,0.00,0.00,0.00,0.00,0.00
1768496457.8713312,None,None,66.00,0.00,0.00,0.00,33.00,33.00,66.00,0.00,99.00,33.00,0.00,0.00,66.00,0.00,99.00,33.00,66.00,0.00,0.00,0.00,0.00,0.00
1768496457.9200494,None,None,66.00,0.00,0.00,0.00,33.00,33.00,66.00,0.00,99.00,33.00,0.00,0.00,66.00,0.00,99.00,33.00,66.00,0.00,0.00,0.00,0.00,0.00
1768496457.9205976,None,None,66.00,0.00,0.00,0.00,33.00,33.00,66.00,0.00,99.00,33.00,0.00,0.00,66.00,0.00,99.00,33.00,66.00,0.00,0.00,0.00,0.00,0.00
1768496457.9728243,None,None,66.00,0.00,0.00,0.00,33.00,33.00,66.00,0.00,99.00,33.00,0.00,0.00,66.00,0.00,99.00,33.00,66.00,0.00,0.00,0.00,0.00,0.00
1768496457.973485,None,None,66.00,0.00,0.00,0.00,33.00,33.00,66.00,0.00,99.00,33.00,0.00,0.00,66.00,0.00,99.00,33.00,66.00,0.00,0.00,0.00,0.00,0.00
1768496458.0213363,None,None,66.00,0.00,0.00,0.00,33.00,33.00,66.00,0.00,99.00,33.00,0.00,0.00,66.00,0.00,99.00,33.00,66.00,0.00,0.00,0.00,0.00,0.00
1768496458.0218651,None,None,66.00,0.00,0.00,0.00,33.00,33.00,66.00,0.00,99.00,33.00,0.00,0.00,66.00,0.00,99.00,33.00,66.00,0.00,0.00,0.00,0.00,0.00
1768496458.0763528,None,None,66.00,0.00,0.00,0.00,33.00,33.00,66.00,0.00,99.00,33.00,0.00,0.00,66.00,0.00,99.00,33.00,66.00,0.00,0.00,0.00,0.00,0.00
1768496458.0771077,None,None,66.00,0.00,0.00,0.00,33.00,33.00,66.00,0.00,99.00,33.00,0.00,0.00,66.00,0.00,99.00,33.00,66.00,0.00,0.00,0.00,0.00,0.00
1768496458.1327255,None,None,66.00,0.00,0.00,0.00,33.00,33.00,66.00,0.00,99.00,33.00,0.00,0.00,66.00,0.00,99.00,33.00,66.00,0.00,0.00,0.00,0.00,0.00
1768496458.133297,None,None,66.00,0.00,0.00,0.00,33.00,33.00,66.00,0.00,99.00,33.00,0.00,0.00,66.00,0.00,99.00,33.00,66.00,0.00,0.00,0.00,0.00,0.00
1768496483.8969996,33.00,0.00,33.00,0.00,0.00,0.00,33.00,33.00,66.00,0.00,66.00,0.00,0.00,0.00,0.00,0.00,99.00,33.00,66.00,0.00,0.00,0.00,0.00,0.00
1768496483.8977146,33.00,0.00,33.00,0.00,0.00,0.00,33.00,33.00,66.00,0.00,66.00,0.00,0.00,0.00,0.00,0.00,99.00,33.00,66.00,0.00,0.00,0.00,0.00,0.00
1768496483.9499185,66.00,0.00,33.00,0.00,0.00,0.00,33.00,33.00,66.00,0.00,66.00,0.00,0.00,0.00,0.00,0.00,99.00,33.00,66.00,0.00,0.00,0.00,0.00,0.00
1768496483.9504607,66.00,0.00,33.00,0.00,0.00,0.00,33.00,33.00,66.00,0.00,66.00,0.00,0.00,0.00,0.00,0.00,99.00,33.00,66.00,0.00,0.00,0.00,0.00,0.00
1768496483.998749,66.00,0.00,33.00,0.00,0.00,0.00,33.00,33.00,66.00,0.00,66.00,0.00,0.00,0.00,0.00,0.00,99.00,33.00,99.00,0.00,0.00,0.00,0.00,0.00
1768496483.9992666,66.00,0.00,33.00,0.00,0.00,0.00,33.00,33.00,66.00,0.00,66.00,0.00,0.00,0.00,0.00,0.00,99.00,33.00,99.00,0.00,0.00,0.00,0.00,0.00
1768496484.0488725,66.00,0.00,33.00,0.00,0.00,0.00,33.00,33.00,66.00,0.00,66.00,0.00,0.00,0.00,0.00,0.00,99.00,33.00,99.00,0.00,0.00,0.00,0.00,0.00
1768496484.0494528,66.00,0.00,33.00,0.00,0.00,0.00,33.00,33.00,66.00,0.00,66.00,0.00,0.00,0.00,0.00,0.00,99.00,33.00,99.00,0.00,0.00,0.00,0.00,0.00
1768496484.0986073,66.00,0.00,33.00,0.00,0.00,0.00,33.00,33.00,66.00,0.00,66.00,0.00,0.00,0.00,0.00,0.00,99.00,33.00,99.00,0.00,0.00,0.00,0.00,0.00
1768496484.0993388,66.00,0.00,33.00,0.00,0.00,0.00,33.00,33.00,66.00,0.00,66.00,0.00,0.00,0.00,0.00,0.00,99.00,33.00,99.00,0.00,0.00,0.00,0.00,0.00
1768496484.1456227,66.00,0.00,33.00,0.00,0.00,0.00,33.00,33.00,66.00,0.00,66.00,0.00,0.00,0.00,0.00,0.00,99.00,33.00,99.00,0.00,0.00,0.00,0.00,0.00
1768496484.1461785,66.00,0.00,33.00,0.00,0.00,0.00,33.00,33.00,66.00,0.00,66.00,0.00,0.00,0.00,0.00,0.00,99.00,33.00,99.00,0.00,0.00,0.00,0.00,0.00
1768496486.2311537,66.00,0.00,33.00,0.00,0.00,0.00,66.00,33.00,66.00,0.00,0.00,0.00,0.00,0.00,0.00,0.00,66.00,33.00,66.00,0.00,0.00,0.00,0.00,0.00
1768496486.2317457,66.00,0.00,33.00,0.00,0.00,0.00,66.00,33.00,66.00,0.00,0.00,0.00,0.00,0.00,0.00,0.00,66.00,33.00,66.00,0.00,0.00,0.00,0.00,0.00
1768496487.1827114,33.00,0.00,0.00,0.00,0.00,0.00,None,None,66.00,0.00,33.00,0.00,0.00,0.00,0.00,0.00,66.00,33.00,66.00,0.00,0.00,0.00,0.00,0.00
1768496487.1832821,33.00,0.00,0.00,0.00,0.00,0.00,None,None,66.00,0.00,33.00,0.00,0.00,0.00,0.00,0.00,66.00,33.00,66.00,0.00,0.00,0.00,0.00,0.00
1768496487.223003,33.00,0.00,0.00,0.00,0.00,0.00,None,None,66.00,0.00,33.00,0.00,0.00,0.00,0.00,0.00,66.00,33.00,66.00,0.00,0.00,0.00,0.00,0.00
1768496487.2235353,33.00,0.00,0.00,0.00,0.00,0.00,None,None,66.00,0.00,33.00,0.00,0.00,0.00,0.00,0.00,66.00,33.00,66.00,0.00,0.00,0.00,0.00,0.00
1768496487.2634714,33.00,0.00,0.00,0.00,0.00,0.00,None,None,66.00,0.00,33.00,0.00,0.00,0.00,0.00,0.00,66.00,33.00,66.00,0.00,0.00,0.00,0.00,0.00
1768496487.263986,33.00,0.00,0.00,0.00,0.00,0.00,None,None,66.00,0.00,33.00,0.00,0.00,0.00,0.00,0.00,66.00,33.00,66.00,0.00,0.00,0.00,0.00,0.00
1768496487.304839,66.00,0.00,0.00,0.00,0.00,0.00,None,None,66.00,0.00,33.00,0.00,0.00,0.00,0.00,0.00,66.00,33.00,66.00,0.00,0.00,0.00,0.00,0.00
1768496487.3053844,66.00,0.00,0.00,0.00,0.00,0.00,None,None,66.00,0.00,33.00,0.00,0.00,0.00,0.00,0.00,66.00,33.00,66.00,0.00,0.00,0.00,0.00,0.00
1768496487.3470328,66.00,0.00,0.00,0.00,0.00,0.00,None,None,66.00,0.00,33.00,0.00,0.00,0.00,0.00,0.00,99.00,33.00,66.00,0.00,0.00,0.00,0.00,0.00
1768496487.3475761,66.00,0.00,0.00,0.00,0.00,0.00,None,None,66.00,0.00,33.00,0.00,0.00,0.00,0.00,0.00,99.00,33.00,66.00,0.00,0.00,0.00,0.00,0.00
1768496487.388903,66.00,0.00,0.00,0.00,0.00,0.00,None,None,66.00,0.00,33.00,33.00,0.00,0.00,0.00,0.00,99.00,33.00,66.00,0.00,0.00,0.00,0.00,0.00
1768496487.3894002,66.00,0.00,0.00,0.00,0.00,0.00,None,None,66.00,0.00,33.00,33.00,0.00,0.00,0.00,0.00,99.00,33.00,66.00,0.00,0.00,0.00,0.00,0.00
1768496488.0220106,66.00,0.00,0.00,0.00,0.00,0.00,None,None,66.00,0.00,33.00,33.00,0.00,0.00,0.00,0.00,99.00,33.00,66.00,0.00,0.00,0.00,0.00,0.00
1768496488.0225978,66.00,0.00,0.00,0.00,0.00,0.00,None,None,66.00,0.00,33.00,33.00,0.00,0.00,0.00,0.00,99.00,33.00,66.00,0.00,0.00,0.00,0.00,0.00
1768496488.0697439,66.00,0.00,0.00,0.00,0.00,0.00,None,None,66.00,0.00,33.00,33.00,0.00,0.00,0.00,0.00,99.00,33.00,66.00,0.00,0.00,0.00,0.00,0.00
1768496488.070532,66.00,0.00,0.00,0.00,0.00,0.00,None,None,66.00,0.00,33.00,33.00,0.00,0.00,0.00,0.00,99.00,33.00,66.00,0.00,0.00,0.00,0.00,0.00
1768496488.1203096,66.00,0.00,0.00,0.00,0.00,0.00,None,None,66.00,0.00,33.00,33.00,0.00,0.00,0.00,0.00,99.00,33.00,66.00,33.00,0.00,0.00,0.00,0.00
1768496488.1209571,66.00,0.00,0.00,0.00,0.00,0.00,None,None,66.00,0.00,33.00,33.00,0.00,0.00,0.00,0.00,99.00,33.00,66.00,33.00,0.00,0.00,0.00,0.00
1768496488.2201173,66.00,0.00,0.00,0.00,0.00,0.00,None,None,66.00,0.00,33.00,33.00,0.00,0.00,0.00,0.00,66.00,33.00,None,None,0.00,0.00,0.00,0.00
1768496488.2207305,66.00,0.00,0.00,0.00,0.00,0.00,None,None,66.00,0.00,33.00,33.00,0.00,0.00,0.00,0.00,66.00,33.00,None,None,0.00,0.00,0.00,0.00
1768496488.2714062,66.00,0.00,0.00,0.00,0.00,0.00,None,None,66.00,0.00,66.00,33.00,0.00,0.00,0.00,0.00,66.00,33.00,None,None,0.00,0.00,0.00,0.00
1768496488.2720141,66.00,0.00,0.00,0.00,0.00,0.00,None,None,66.00,0.00,66.00,33.00,0.00,0.00,0.00,0.00,66.00,33.00,None,None,0.00,0.00,0.00,0.00
1768496488.3230436,66.00,0.00,0.00,0.00,0.00,0.00,None,None,66.00,0.00,66.00,33.00,0.00,0.00,0.00,0.00,66.00,33.00,None,None,0.00,0.00,0.00,0.00
1768496488.323646,66.00,0.00,0.00,0.00,0.00,0.00,None,None,66.00,0.00,66.00,33.00,0.00,0.00,0.00,0.00,66.00,33.00,None,None,0.00,0.00,0.00,0.00
1768496488.3750582,66.00,0.00,0.00,0.00,0.00,0.00,None,None,66.00,0.00,66.00,33.00,0.00,0.00,0.00,0.00,66.00,33.00,None,None,0.00,0.00,0.00,0.00
1768496488.3756206,66.00,0.00,0.00,0.00,0.00,0.00,None,None,66.00,0.00,66.00,33.00,0.00,0.00,0.00,0.00,66.00,33.00,None,None,0.00,0.00,0.00,0.00
1768496488.4224412,66.00,0.00,0.00,0.00,0.00,0.00,None,None,66.00,0.00,66.00,33.00,0.00,0.00,0.00,0.00,66.00,33.00,None,None,0.00,0.00,0.00,0.00
1768496488.4230263,66.00,0.00,0.00,0.00,0.00,0.00,None,None,66.00,0.00,66.00,33.00,0.00,0.00,0.00,0.00,66.00,33.00,None,None,0.00,0.00,0.00,0.00
1768496488.4697232,66.00,0.00,0.00,0.00,0.00,0.00,None,None,66.00,0.00,66.00,33.00,0.00,0.00,0.00,0.00,66.00,33.00,None,None,0.00,0.00,0.00,0.00
1768496488.4703224,66.00,0.00,0.00,0.00,0.00,0.00,None,None,66.00,0.00,66.00,33.00,0.00,0.00,0.00,0.00,66.00,33.00,None,None,0.00,0.00,0.00,0.00
1768496488.5186746,66.00,0.00,0.00,0.00,0.00,0.00,None,None,66.00,0.00,66.00,33.00,0.00,0.00,0.00,0.00,66.00,33.00,None,None,0.00,0.00,0.00,0.00
1768496488.519291,66.00,0.00,0.00,0.00,0.00,0.00,None,None,66.00,0.00,66.00,33.00,0.00,0.00,0.00,0.00,66.00,33.00,None,None,0.00,0.00,0.00,0.00
1768496488.56769,66.00,0.00,0.00,0.00,0.00,0.00,None,None,66.00,0.00,66.00,33.00,0.00,0.00,0.00,0.00,66.00,33.00,None,None,0.00,0.00,0.00,0.00
1768496488.5682745,66.00,0.00,0.00,0.00,0.00,0.00,None,None,66.00,0.00,66.00,33.00,0.00,0.00,0.00,0.00,66.00,33.00,None,None,0.00,0.00,0.00,0.00
1768496488.614353,66.00,0.00,0.00,0.00,0.00,0.00,None,None,66.00,0.00,66.00,33.00,0.00,0.00,0.00,0.00,66.00,33.00,None,None,0.00,0.00,0.00,0.00
1768496488.6151373,66.00,0.00,0.00,0.00,0.00,0.00,None,None,66.00,0.00,66.00,33.00,0.00,0.00,0.00,0.00,66.00,33.00,None,None,0.00,0.00,0.00,0.00
1768496488.6585388,66.00,0.00,0.00,0.00,0.00,0.00,None,None,66.00,0.00,66.00,33.00,0.00,0.00,0.00,0.00,66.00,33.00,None,None,0.00,0.00,0.00,0.00
1768496488.6590729,66.00,0.00,0.00,0.00,0.00,0.00,None,None,66.00,0.00,66.00,33.00,0.00,0.00,0.00,0.00,66.00,33.00,None,None,0.00,0.00,0.00,0.00
1768496488.701809,66.00,0.00,0.00,0.00,0.00,0.00,None,None,66.00,0.00,66.00,33.00,0.00,0.00,0.00,0.00,66.00,33.00,None,None,0.00,0.00,0.00,0.00
1768496488.7023976,66.00,0.00,0.00,0.00,0.00,0.00,None,None,66.00,0.00,66.00,33.00,0.00,0.00,0.00,0.00,66.00,33.00,None,None,0.00,0.00,0.00,0.00
1768496491.4848406,None,None,0.00,0.00,0.00,0.00,None,None,66.00,0.00,66.00,33.00,0.00,0.00,0.00,0.00,66.00,33.00,None,None,0.00,0.00,0.00,0.00
1768496491.4854052,None,None,0.00,0.00,0.00,0.00,None,None,66.00,0.00,66.00,33.00,0.00,0.00,0.00,0.00,66.00,33.00,None,None,0.00,0.00,0.00,0.00
1768496491.5273323,None,None,0.00,0.00,0.00,0.00,None,None,66.00,0.00,66.00,33.00,0.00,0.00,33.00,0.00,66.00,33.00,None,None,0.00,0.00,0.00,0.00
1768496491.5278497,None,None,0.00,0.00,0.00,0.00,None,None,66.00,0.00,66.00,33.00,0.00,0.00,33.00,0.00,66.00,33.00,None,None,0.00,0.00,0.00,0.00
1768496491.569707,None,None,0.00,0.00,0.00,0.00,None,None,66.00,0.00,99.00,33.00,0.00,0.00,33.00,0.00,66.00,33.00,None,None,0.00,0.00,0.00,0.00
1768496491.5702775,None,None,0.00,0.00,0.00,0.00,None,None,66.00,0.00,99.00,33.00,0.00,0.00,33.00,0.00,66.00,33.00,None,None,0.00,0.00,0.00,0.00
1768496491.613077,None,None,0.00,0.00,0.00,0.00,None,None,66.00,0.00,99.00,33.00,0.00,0.00,66.00,0.00,66.00,33.00,None,None,0.00,0.00,0.00,0.00
1768496491.6136236,None,None,0.00,0.00,0.00,0.00,None,None,66.00,0.00,99.00,33.00,0.00,0.00,66.00,0.00,66.00,33.00,None,None,0.00,0.00,0.00,0.00
1768496492.0462143,None,None,0.00,0.00,0.00,0.00,None,None,66.00,0.00,None,None,0.00,0.00,66.00,0.00,66.00,33.00,None,None,0.00,0.00,0.00,0.00
1768496492.0469673,None,None,0.00,0.00,0.00,0.00,None,None,66.00,0.00,None,None,0.00,0.00,66.00,0.00,66.00,33.00,None,None,0.00,0.00,0.00,0.00
1768496492.0922222,None,None,0.00,0.00,0.00,0.00,None,None,66.00,0.00,None,None,0.00,0.00,66.00,0.00,99.00,33.00,None,None,0.00,0.00,0.00,0.00
1768496492.0929139,None,None,0.00,0.00,0.00,0.00,None,None,66.00,0.00,None,None,0.00,0.00,66.00,0.00,99.00,33.00,None,None,0.00,0.00,0.00,0.00
1768496492.1375992,None,None,0.00,0.00,0.00,0.00,None,None,66.00,0.00,None,None,0.00,0.00,66.00,0.00,99.00,33.00,None,None,0.00,0.00,0.00,0.00
1768496492.1381645,None,None,0.00,0.00,0.00,0.00,None,None,66.00,0.00,None,None,0.00,0.00,66.00,0.00,99.00,33.00,None,None,0.00,0.00,0.00,0.00
1768496492.189386,None,None,0.00,0.00,0.00,0.00,None,None,66.00,0.00,None,None,0.00,0.00,66.00,0.00,99.00,33.00,None,None,0.00,0.00,0.00,0.00
1768496492.1900487,None,None,0.00,0.00,0.00,0.00,None,None,66.00,0.00,None,None,0.00,0.00,66.00,0.00,99.00,33.00,None,None,0.00,0.00,0.00,0.00
1768496492.9666321,None,None,0.00,0.00,0.00,0.00,None,None,66.00,0.00,None,None,0.00,0.00,66.00,0.00,99.00,33.00,None,None,0.00,0.00,0.00,0.00
1768496492.9672284,None,None,0.00,0.00,0.00,0.00,None,None,66.00,0.00,None,None,0.00,0.00,66.00,0.00,99.00,33.00,None,None,0.00,0.00,0.00,0.00
1768496493.0138617,None,None,0.00,0.00,0.00,0.00,None,None,66.00,0.00,None,None,0.00,0.00,66.00,0.00,99.00,33.00,None,None,0.00,0.00,0.00,0.00
1768496493.014441,None,None,0.00,0.00,0.00,0.00,None,None,66.00,0.00,None,None,0.00,0.00,66.00,0.00,99.00,33.00,None,None,0.00,0.00,0.00,0.00
1768496493.0602458,None,None,0.00,0.00,0.00,0.00,None,None,66.00,0.00,None,None,0.00,0.00,66.00,0.00,99.00,33.00,None,None,0.00,0.00,0.00,0.00
1768496493.0607927,None,None,0.00,0.00,0.00,0.00,None,None,66.00,0.00,None,None,0.00,0.00,66.00,0.00,99.00,33.00,None,None,0.00,0.00,0.00,0.00
1768496493.1099699,None,None,0.00,0.00,0.00,0.00,None,None,66.00,0.00,None,None,0.00,0.00,66.00,0.00,99.00,33.00,None,None,0.00,0.00,0.00,0.00
1768496493.1105182,None,None,0.00,0.00,0.00,0.00,None,None,66.00,0.00,None,None,0.00,0.00,66.00,0.00,99.00,33.00,None,None,0.00,0.00,0.00,0.00
1768496493.1574326,None,None,0.00,0.00,0.00,0.00,None,None,66.00,0.00,None,None,0.00,0.00,66.00,0.00,99.00,33.00,None,None,0.00,0.00,0.00,0.00
1768496493.1579378,None,None,0.00,0.00,0.00,0.00,None,None,66.00,0.00,None,None,0.00,0.00,66.00,0.00,99.00,33.00,None,None,0.00,0.00,0.00,0.00
1768496493.2025583,None,None,0.00,0.00,0.00,0.00,None,None,66.00,0.00,None,None,0.00,0.00,66.00,0.00,99.00,33.00,None,None,0.00,0.00,0.00,0.00
1768496493.203094,None,None,0.00,0.00,0.00,0.00,None,None,66.00,0.00,None,None,0.00,0.00,66.00,0.00,99.00,33.00,None,None,0.00,0.00,0.00,0.00
1768496497.7973173,None,None,0.00,0.00,0.00,0.00,None,None,66.00,0.00,None,None,None,None,66.00,0.00,99.00,33.00,None,None,0.00,0.00,0.00,0.00
1768496497.7978845,None,None,0.00,0.00,0.00,0.00,None,None,66.00,0.00,None,None,None,None,66.00,0.00,99.00,33.00,None,None,0.00,0.00,0.00,0.00
1768496497.8434596,None,None,0.00,0.00,0.00,0.00,None,None,66.00,0.00,None,None,None,None,66.00,0.00,99.00,33.00,None,None,0.00,0.00,0.00,0.00
1768496497.843989,None,None,0.00,0.00,0.00,0.00,None,None,66.00,0.00,None,None,None,None,66.00,0.00,99.00,33.00,None,None,0.00,0.00,0.00,0.00
1768496497.8914194,None,None,0.00,0.00,0.00,0.00,None,None,66.00,0.00,None,None,None,None,66.00,0.00,99.00,33.00,None,None,0.00,0.00,0.00,0.00
1768496497.8919566,None,None,0.00,0.00,0.00,0.00,None,None,66.00,0.00,None,None,None,None,66.00,0.00,99.00,33.00,None,None,0.00,0.00,0.00,0.00
1768496505.9192593,None,None,33.00,0.00,0.00,0.00,None,None,33.00,0.00,None,None,None,None,66.00,0.00,99.00,33.00,None,None,0.00,0.00,0.00,0.00
1768496505.9198682,None,None,33.00,0.00,0.00,0.00,None,None,33.00,0.00,None,None,None,None,66.00,0.00,99.00,33.00,None,None,0.00,0.00,0.00,0.00
1768496505.971055,None,None,33.00,0.00,0.00,0.00,None,None,33.00,0.00,None,None,None,None,66.00,0.00,99.00,33.00,None,None,0.00,0.00,0.00,0.00
1768496505.9717124,None,None,33.00,0.00,0.00,0.00,None,None,33.00,0.00,None,None,None,None,66.00,0.00,99.00,33.00,None,None,0.00,0.00,0.00,0.00
1768496506.0285058,None,None,33.00,0.00,0.00,0.00,None,None,33.00,0.00,None,None,None,None,66.00,0.00,99.00,33.00,None,None,0.00,0.00,0.00,0.00
1768496506.0290678,None,None,33.00,0.00,0.00,0.00,None,None,33.00,0.00,None,None,None,None,66.00,0.00,99.00,33.00,None,None,0.00,0.00,0.00,0.00
1768496506.0840766,None,None,33.00,0.00,0.00,0.00,None,None,33.00,0.00,None,None,None,None,66.00,0.00,99.00,33.00,None,None,0.00,0.00,0.00,0.00
1768496506.0846498,None,None,33.00,0.00,0.00,0.00,None,None,33.00,0.00,None,None,None,None,66.00,0.00,99.00,33.00,None,None,0.00,0.00,0.00,0.00
1768496506.1386335,None,None,33.00,0.00,0.00,0.00,None,None,33.00,0.00,None,None,None,None,66.00,0.00,99.00,33.00,None,None,0.00,0.00,0.00,0.00
1768496506.1392546,None,None,33.00,0.00,0.00,0.00,None,None,33.00,0.00,None,None,None,None,66.00,0.00,99.00,33.00,None,None,0.00,0.00,0.00,0.00
1768496506.1930234,None,None,33.00,0.00,0.00,0.00,None,None,33.00,0.00,None,None,None,None,66.00,0.00,99.00,33.00,None,None,0.00,0.00,0.00,0.00
1768496506.1936061,None,None,33.00,0.00,0.00,0.00,None,None,33.00,0.00,None,None,None,None,66.00,0.00,99.00,33.00,None,None,0.00,0.00,0.00,0.00
1768496516.2449052,0.00,0.00,33.00,0.00,0.00,0.00,0.00,0.00,33.00,0.00,99.00,0.00,None,None,66.00,0.00,99.00,33.00,99.00,0.00,0.00,0.00,0.00,0.00
1768496516.245483,0.00,0.00,33.00,0.00,0.00,0.00,0.00,0.00,33.00,0.00,99.00,0.00,None,None,66.00,0.00,99.00,33.00,99.00,0.00,0.00,0.00,0.00,0.00
1768496516.2902534,0.00,0.00,33.00,0.00,0.00,0.00,33.00,0.00,33.00,0.00,99.00,0.00,None,None,66.00,0.00,99.00,33.00,99.00,0.00,0.00,0.00,0.00,0.00
1768496516.290876,0.00,0.00,33.00,0.00,0.00,0.00,33.00,0.00,33.00,0.00,99.00,0.00,None,None,66.00,0.00,99.00,33.00,99.00,0.00,0.00,0.00,0.00,0.00
1768496521.250158,0.00,0.00,33.00,0.00,0.00,0.00,33.00,0.00,33.00,0.00,99.00,0.00,0.00,0.00,66.00,0.00,99.00,33.00,99.00,0.00,0.00,0.00,0.00,0.00
1768496521.2508667,0.00,0.00,33.00,0.00,0.00,0.00,33.00,0.00,33.00,0.00,99.00,0.00,0.00,0.00,66.00,0.00,99.00,33.00,99.00,0.00,0.00,0.00,0.00,0.00
1768496521.2962,0.00,0.00,33.00,0.00,0.00,0.00,66.00,0.00,33.00,0.00,99.00,0.00,0.00,0.00,66.00,0.00,99.00,33.00,99.00,0.00,0.00,0.00,0.00,0.00
1768496521.296747,0.00,0.00,33.00,0.00,0.00,0.00,66.00,0.00,33.00,0.00,99.00,0.00,0.00,0.00,66.00,0.00,99.00,33.00,99.00,0.00,0.00,0.00,0.00,0.00
1768496526.2600555,0.00,0.00,33.00,0.00,0.00,0.00,99.00,0.00,33.00,0.00,99.00,0.00,0.00,0.00,66.00,0.00,99.00,33.00,99.00,0.00,0.00,0.00,0.00,0.00
1768496526.260728,0.00,0.00,33.00,0.00,0.00,0.00,99.00,0.00,33.00,0.00,99.00,0.00,0.00,0.00,66.00,0.00,99.00,33.00,99.00,0.00,0.00,0.00,0.00,0.00
1768496527.8270755,0.00,0.00,33.00,0.00,0.00,0.00,99.00,0.00,33.00,0.00,66.00,0.00,0.00,0.00,33.00,0.00,None,None,66.00,0.00,0.00,0.00,0.00,0.00
1768496527.8276525,0.00,0.00,33.00,0.00,0.00,0.00,99.00,0.00,33.00,0.00,66.00,0.00,0.00,0.00,33.00,0.00,None,None,66.00,0.00,0.00,0.00,0.00,0.00
1768496527.8725004,0.00,0.00,33.00,0.00,0.00,0.00,99.00,0.00,33.00,0.00,99.00,0.00,0.00,0.00,33.00,0.00,None,None,66.00,0.00,0.00,0.00,0.00,0.00
1768496527.8730571,0.00,0.00,33.00,0.00,0.00,0.00,99.00,0.00,33.00,0.00,99.00,0.00,0.00,0.00,33.00,0.00,None,None,66.00,0.00,0.00,0.00,0.00,0.00
1768496527.9188673,0.00,0.00,33.00,0.00,0.00,0.00,99.00,0.00,33.00,0.00,99.00,0.00,0.00,0.00,33.00,0.00,None,None,99.00,0.00,0.00,0.00,0.00,0.00
1768496527.9194283,0.00,0.00,33.00,0.00,0.00,0.00,99.00,0.00,33.00,0.00,99.00,0.00,0.00,0.00,33.00,0.00,None,None,99.00,0.00,0.00,0.00,0.00,0.00
1768496528.6827326,0.00,0.00,33.00,0.00,0.00,0.00,99.00,33.00,33.00,0.00,99.00,0.00,0.00,0.00,33.00,0.00,None,None,99.00,0.00,0.00,0.00,0.00,0.00
1768496528.6832793,0.00,0.00,33.00,0.00,0.00,0.00,99.00,33.00,33.00,0.00,99.00,0.00,0.00,0.00,33.00,0.00,None,None,99.00,0.00,0.00,0.00,0.00,0.00
1768496528.735719,0.00,0.00,33.00,0.00,0.00,0.00,99.00,33.00,33.00,0.00,99.00,33.00,0.00,0.00,33.00,0.00,None,None,99.00,0.00,0.00,0.00,0.00,0.00
1768496528.7362452,0.00,0.00,33.00,0.00,0.00,0.00,99.00,33.00,33.00,0.00,99.00,33.00,0.00,0.00,33.00,0.00,None,None,99.00,0.00,0.00,0.00,0.00,0.00
1768496528.785848,0.00,0.00,33.00,0.00,0.00,0.00,99.00,33.00,33.00,0.00,99.00,33.00,0.00,0.00,33.00,0.00,None,None,99.00,0.00,0.00,0.00,0.00,0.00
1768496528.7863626,0.00,0.00,33.00,0.00,0.00,0.00,99.00,33.00,33.00,0.00,99.00,33.00,0.00,0.00,33.00,0.00,None,None,99.00,0.00,0.00,0.00,0.00,0.00
1768496528.8373225,0.00,0.00,33.00,0.00,0.00,0.00,99.00,33.00,66.00,0.00,99.00,33.00,0.00,0.00,33.00,0.00,None,None,99.00,0.00,0.00,0.00,0.00,0.00
1768496528.8378417,0.00,0.00,33.00,0.00,0.00,0.00,99.00,33.00,66.00,0.00,99.00,33.00,0.00,0.00,33.00,0.00,None,None,99.00,0.00,0.00,0.00,0.00,0.00
1768496528.885493,33.00,0.00,33.00,0.00,0.00,0.00,99.00,33.00,66.00,0.00,99.00,33.00,0.00,0.00,33.00,0.00,None,None,99.00,0.00,0.00,0.00,0.00,0.00
1768496528.8860059,33.00,0.00,33.00,0.00,0.00,0.00,99.00,33.00,66.00,0.00,99.00,33.00,0.00,0.00,33.00,0.00,None,None,99.00,0.00,0.00,0.00,0.00,0.00
1768496528.937262,33.00,0.00,33.00,0.00,0.00,0.00,99.00,33.00,66.00,0.00,99.00,33.00,0.00,0.00,33.00,0.00,None,None,99.00,33.00,0.00,0.00,0.00,0.00
1768496528.9377904,33.00,0.00,33.00,0.00,0.00,0.00,99.00,33.00,66.00,0.00,99.00,33.00,0.00,0.00,33.00,0.00,None,None,99.00,33.00,0.00,0.00,0.00,0.00
1768496528.987715,33.00,0.00,33.00,0.00,0.00,0.00,99.00,33.00,66.00,0.00,99.00,33.00,0.00,0.00,33.00,0.00,None,None,99.00,33.00,0.00,0.00,0.00,0.00
1768496528.988243,33.00,0.00,33.00,0.00,0.00,0.00,99.00,33.00,66.00,0.00,99.00,33.00,0.00,0.00,33.00,0.00,None,None,99.00,33.00,0.00,0.00,0.00,0.00
1768496529.0388389,33.00,0.00,33.00,0.00,0.00,0.00,99.00,33.00,66.00,0.00,99.00,33.00,0.00,0.00,33.00,0.00,None,None,99.00,33.00,0.00,0.00,0.00,0.00
1768496529.039412,33.00,0.00,33.00,0.00,0.00,0.00,99.00,33.00,66.00,0.00,99.00,33.00,0.00,0.00,33.00,0.00,None,None,99.00,33.00,0.00,0.00,0.00,0.00
1768496529.0952017,33.00,0.00,33.00,0.00,0.00,0.00,99.00,33.00,66.00,0.00,99.00,33.00,0.00,0.00,33.00,0.00,None,None,99.00,33.00,0.00,0.00,0.00,0.00
1768496529.0959773,33.00,0.00,33.00,0.00,0.00,0.00,99.00,33.00,66.00,0.00,99.00,33.00,0.00,0.00,33.00,0.00,None,None,99.00,33.00,0.00,0.00,0.00,0.00
1768496529.1568346,33.00,0.00,33.00,0.00,0.00,0.00,99.00,33.00,66.00,0.00,99.00,33.00,0.00,0.00,66.00,0.00,None,None,99.00,33.00,0.00,0.00,0.00,0.00
1768496529.1574059,33.00,0.00,33.00,0.00,0.00,0.00,99.00,33.00,66.00,0.00,99.00,33.00,0.00,0.00,66.00,0.00,None,None,99.00,33.00,0.00,0.00,0.00,0.00
1768496529.2167294,33.00,0.00,33.00,0.00,0.00,0.00,99.00,33.00,66.00,0.00,99.00,33.00,0.00,0.00,66.00,0.00,None,None,99.00,33.00,0.00,0.00,0.00,0.00
1768496529.2173007,33.00,0.00,33.00,0.00,0.00,0.00,99.00,33.00,66.00,0.00,99.00,33.00,0.00,0.00,66.00,0.00,None,None,99.00,33.00,0.00,0.00,0.00,0.00
1768496529.2717376,33.00,0.00,33.00,0.00,0.00,0.00,99.00,33.00,66.00,0.00,99.00,33.00,0.00,0.00,66.00,0.00,None,None,99.00,33.00,0.00,0.00,0.00,0.00
1768496529.272274,33.00,0.00,33.00,0.00,0.00,0.00,99.00,33.00,66.00,0.00,99.00,33.00,0.00,0.00,66.00,0.00,None,None,99.00,33.00,0.00,0.00,0.00,0.00
1768496529.332239,33.00,0.00,33.00,0.00,0.00,0.00,99.00,33.00,66.00,0.00,99.00,33.00,0.00,0.00,66.00,0.00,None,None,99.00,33.00,0.00,0.00,0.00,0.00
1768496529.3328156,33.00,0.00,33.00,0.00,0.00,0.00,99.00,33.00,66.00,0.00,99.00,33.00,0.00,0.00,66.00,0.00,None,None,99.00,33.00,0.00,0.00,0.00,0.00
1768496529.389508,33.00,0.00,33.00,0.00,0.00,0.00,99.00,33.00,66.00,0.00,99.00,33.00,0.00,0.00,66.00,0.00,None,None,99.00,33.00,0.00,0.00,0.00,0.00
1768496529.390077,33.00,0.00,33.00,0.00,0.00,0.00,99.00,33.00,66.00,0.00,99.00,33.00,0.00,0.00,66.00,0.00,None,None,99.00,33.00,0.00,0.00,0.00,0.00
1768496529.4483428,33.00,0.00,33.00,0.00,0.00,0.00,99.00,33.00,66.00,0.00,99.00,33.00,0.00,0.00,66.00,0.00,None,None,99.00,33.00,0.00,0.00,0.00,0.00
1768496529.449076,33.00,0.00,33.00,0.00,0.00,0.00,99.00,33.00,66.00,0.00,99.00,33.00,0.00,0.00,66.00,0.00,None,None,99.00,33.00,0.00,0.00,0.00,0.00
1768496531.2765157,33.00,0.00,33.00,0.00,0.00,0.00,66.00,33.00,66.00,0.00,99.00,0.00,0.00,0.00,33.00,0.00,None,None,99.00,33.00,0.00,0.00,0.00,0.00
1768496531.2770836,33.00,0.00,33.00,0.00,0.00,0.00,66.00,33.00,66.00,0.00,99.00,0.00,0.00,0.00,33.00,0.00,None,None,99.00,33.00,0.00,0.00,0.00,0.00
1768496531.324675,33.00,0.00,33.00,0.00,0.00,0.00,99.00,33.00,66.00,0.00,99.00,0.00,0.00,0.00,33.00,0.00,None,None,99.00,33.00,0.00,0.00,0.00,0.00
1768496531.3252335,33.00,0.00,33.00,0.00,0.00,0.00,99.00,33.00,66.00,0.00,99.00,0.00,0.00,0.00,33.00,0.00,None,None,99.00,33.00,0.00,0.00,0.00,0.00
1768496531.373664,33.00,0.00,33.00,0.00,0.00,0.00,99.00,33.00,66.00,0.00,99.00,0.00,0.00,0.00,33.00,0.00,None,None,99.00,33.00,0.00,0.00,0.00,0.00
1768496531.3742003,33.00,0.00,33.00,0.00,0.00,0.00,99.00,33.00,66.00,0.00,99.00,0.00,0.00,0.00,33.00,0.00,None,None,99.00,33.00,0.00,0.00,0.00,0.00
1768496531.4211557,66.00,0.00,33.00,0.00,0.00,0.00,99.00,33.00,66.00,0.00,99.00,0.00,0.00,0.00,33.00,0.00,None,None,99.00,33.00,0.00,0.00,0.00,0.00
1768496531.4216752,66.00,0.00,33.00,0.00,0.00,0.00,99.00,33.00,66.00,0.00,99.00,0.00,0.00,0.00,33.00,0.00,None,None,99.00,33.00,0.00,0.00,0.00,0.00
1768496531.46794,66.00,0.00,33.00,0.00,0.00,0.00,99.00,33.00,66.00,0.00,99.00,0.00,0.00,0.00,33.00,0.00,None,None,99.00,33.00,0.00,0.00,0.00,0.00
1768496531.4684565,66.00,0.00,33.00,0.00,0.00,0.00,99.00,33.00,66.00,0.00,99.00,0.00,0.00,0.00,33.00,0.00,None,None,99.00,33.00,0.00,0.00,0.00,0.00
1768496531.5167668,66.00,0.00,33.00,0.00,0.00,0.00,99.00,33.00,66.00,0.00,99.00,0.00,0.00,0.00,33.00,0.00,None,None,99.00,33.00,0.00,0.00,0.00,0.00
1768496531.5174565,66.00,0.00,33.00,0.00,0.00,0.00,99.00,33.00,66.00,0.00,99.00,0.00,0.00,0.00,33.00,0.00,None,None,99.00,33.00,0.00,0.00,0.00,0.00
1768496531.569941,66.00,0.00,33.00,0.00,0.00,0.00,99.00,33.00,66.00,0.00,99.00,0.00,0.00,0.00,33.00,0.00,None,None,99.00,33.00,0.00,0.00,0.00,0.00
1768496531.5705764,66.00,0.00,33.00,0.00,0.00,0.00,99.00,33.00,66.00,0.00,99.00,0.00,0.00,0.00,33.00,0.00,None,None,99.00,33.00,0.00,0.00,0.00,0.00
1768496531.6203625,66.00,0.00,33.00,0.00,0.00,0.00,99.00,33.00,66.00,0.00,99.00,33.00,0.00,0.00,33.00,0.00,None,None,99.00,33.00,0.00,0.00,0.00,0.00
1768496531.620879,66.00,0.00,33.00,0.00,0.00,0.00,99.00,33.00,66.00,0.00,99.00,33.00,0.00,0.00,33.00,0.00,None,None,99.00,33.00,0.00,0.00,0.00,0.00
1768496532.4673965,66.00,0.00,33.00,0.00,0.00,0.00,99.00,33.00,66.00,0.00,99.00,33.00,0.00,0.00,66.00,0.00,None,None,99.00,33.00,0.00,0.00,0.00,0.00
1768496532.468016,66.00,0.00,33.00,0.00,0.00,0.00,99.00,33.00,66.00,0.00,99.00,33.00,0.00,0.00,66.00,0.00,None,None,99.00,33.00,0.00,0.00,0.00,0.00
1768496532.5230367,66.00,0.00,66.00,0.00,0.00,0.00,99.00,33.00,66.00,0.00,99.00,33.00,0.00,0.00,66.00,0.00,None,None,99.00,33.00,0.00,0.00,0.00,0.00
1768496532.5235837,66.00,0.00,66.00,0.00,0.00,0.00,99.00,33.00,66.00,0.00,99.00,33.00,0.00,0.00,66.00,0.00,None,None,99.00,33.00,0.00,0.00,0.00,0.00
1768496538.5579643,66.00,0.00,66.00,0.00,0.00,0.00,99.00,33.00,66.00,0.00,99.00,33.00,0.00,0.00,33.00,0.00,None,None,None,None,0.00,0.00,0.00,0.00
1768496538.5586002,66.00,0.00,66.00,0.00,0.00,0.00,99.00,33.00,66.00,0.00,99.00,33.00,0.00,0.00,33.00,0.00,None,None,None,None,0.00,0.00,0.00,0.00
1768496538.6169066,66.00,0.00,66.00,0.00,0.00,0.00,99.00,33.00,66.00,0.00,99.00,33.00,0.00,0.00,66.00,0.00,None,None,None,None,0.00,0.00,0.00,0.00
1768496538.6175442,66.00,0.00,66.00,0.00,0.00,0.00,99.00,33.00,66.00,0.00,99.00,33.00,0.00,0.00,66.00,0.00,None,None,None,None,0.00,0.00,0.00,0.00
1768496538.6817322,66.00,0.00,66.00,0.00,0.00,0.00,99.00,33.00,66.00,0.00,99.00,33.00,0.00,0.00,66.00,0.00,None,None,None,None,0.00,0.00,0.00,0.00
1768496538.6823225,66.00,0.00,66.00,0.00,0.00,0.00,99.00,33.00,66.00,0.00,99.00,33.00,0.00,0.00,66.00,0.00,None,None,None,None,0.00,0.00,0.00,0.00
1768496538.736685,66.00,0.00,66.00,0.00,0.00,0.00,99.00,33.00,66.00,0.00,99.00,33.00,0.00,0.00,66.00,0.00,None,None,None,None,0.00,0.00,0.00,0.00
1768496538.737268,66.00,0.00,66.00,0.00,0.00,0.00,99.00,33.00,66.00,0.00,99.00,33.00,0.00,0.00,66.00,0.00,None,None,None,None,0.00,0.00,0.00,0.00
1768496538.7945268,66.00,0.00,66.00,0.00,0.00,0.00,99.00,33.00,66.00,0.00,99.00,33.00,0.00,0.00,66.00,0.00,None,None,None,None,0.00,0.00,0.00,0.00
1768496538.7951121,66.00,0.00,66.00,0.00,0.00,0.00,99.00,33.00,66.00,0.00,99.00,33.00,0.00,0.00,66.00,0.00,None,None,None,None,0.00,0.00,0.00,0.00
1768496538.8656633,66.00,0.00,66.00,0.00,0.00,0.00,99.00,33.00,66.00,0.00,99.00,33.00,0.00,0.00,66.00,0.00,None,None,None,None,0.00,0.00,0.00,0.00
1768496538.8662674,66.00,0.00,66.00,0.00,0.00,0.00,99.00,33.00,66.00,0.00,99.00,33.00,0.00,0.00,66.00,0.00,None,None,None,None,0.00,0.00,0.00,0.00
1768496538.924101,66.00,0.00,66.00,0.00,0.00,0.00,99.00,33.00,66.00,0.00,99.00,33.00,0.00,0.00,66.00,0.00,None,None,None,None,0.00,0.00,0.00,0.00
1768496538.9246962,66.00,0.00,66.00,0.00,0.00,0.00,99.00,33.00,66.00,0.00,99.00,33.00,0.00,0.00,66.00,0.00,None,None,None,None,0.00,0.00,0.00,0.00
1768496538.989432,66.00,0.00,66.00,0.00,0.00,0.00,99.00,33.00,66.00,0.00,99.00,33.00,0.00,0.00,66.00,0.00,None,None,None,None,0.00,0.00,0.00,0.00
1768496538.9900396,66.00,0.00,66.00,0.00,0.00,0.00,99.00,33.00,66.00,0.00,99.00,33.00,0.00,0.00,66.00,0.00,None,None,None,None,0.00,0.00,0.00,0.00
1768496548.9566138,66.00,0.00,66.00,0.00,0.00,0.00,99.00,33.00,66.00,0.00,99.00,33.00,0.00,0.00,66.00,0.00,33.00,33.00,None,None,0.00,0.00,0.00,0.00
1768496548.9572308,66.00,0.00,66.00,0.00,0.00,0.00,99.00,33.00,66.00,0.00,99.00,33.00,0.00,0.00,66.00,0.00,33.00,33.00,None,None,0.00,0.00,0.00,0.00
1768496549.0189006,66.00,0.00,66.00,0.00,0.00,0.00,99.00,33.00,66.00,0.00,99.00,33.00,0.00,0.00,66.00,0.00,33.00,33.00,None,None,0.00,0.00,0.00,0.00
1768496549.0194776,66.00,0.00,66.00,0.00,0.00,0.00,99.00,33.00,66.00,0.00,99.00,33.00,0.00,0.00,66.00,0.00,33.00,33.00,None,None,0.00,0.00,0.00,0.00
1768496549.0940304,66.00,0.00,66.00,0.00,0.00,0.00,99.00,33.00,66.00,0.00,99.00,33.00,0.00,0.00,66.00,0.00,33.00,33.00,None,None,0.00,0.00,0.00,0.00
1768496549.094604,66.00,0.00,66.00,0.00,0.00,0.00,99.00,33.00,66.00,0.00,99.00,33.00,0.00,0.00,66.00,0.00,33.00,33.00,None,None,0.00,0.00,0.00,0.00
1768496549.148697,66.00,0.00,66.00,0.00,0.00,0.00,99.00,33.00,66.00,0.00,99.00,33.00,0.00,0.00,66.00,0.00,33.00,33.00,None,None,0.00,0.00,0.00,0.00
1768496549.1493134,66.00,0.00,66.00,0.00,0.00,0.00,99.00,33.00,66.00,0.00,99.00,33.00,0.00,0.00,66.00,0.00,33.00,33.00,None,None,0.00,0.00,0.00,0.00
1768496549.2066188,66.00,0.00,66.00,0.00,0.00,0.00,99.00,33.00,66.00,0.00,99.00,33.00,0.00,0.00,66.00,0.00,33.00,33.00,None,None,0.00,0.00,0.00,0.00
1768496549.2071786,66.00,0.00,66.00,0.00,0.00,0.00,99.00,33.00,66.00,0.00,99.00,33.00,0.00,0.00,66.00,0.00,33.00,33.00,None,None,0.00,0.00,0.00,0.00
1768496549.2614958,66.00,0.00,66.00,0.00,0.00,0.00,99.00,33.00,66.00,0.00,99.00,33.00,0.00,0.00,66.00,0.00,33.00,33.00,None,None,0.00,0.00,0.00,0.00
1768496549.2620802,66.00,0.00,66.00,0.00,0.00,0.00,99.00,33.00,66.00,0.00,99.00,33.00,0.00,0.00,66.00,0.00,33.00,33.00,None,None,0.00,0.00,0.00,0.00
1768496551.2884097,66.00,0.00,66.00,0.00,0.00,0.00,99.00,33.00,66.00,0.00,99.00,33.00,0.00,0.00,66.00,0.00,33.00,33.00,None,None,0.00,0.00,0.00,0.00
1768496551.2889762,66.00,0.00,66.00,0.00,0.00,0.00,99.00,33.00,66.00,0.00,99.00,33.00,0.00,0.00,66.00,0.00,33.00,33.00,None,None,0.00,0.00,0.00,0.00
1768496561.2946637,66.00,0.00,33.00,0.00,0.00,0.00,99.00,0.00,33.00,0.00,66.00,0.00,0.00,0.00,66.00,0.00,33.00,33.00,0.00,0.00,0.00,0.00,0.00,0.00
1768496561.2952495,66.00,0.00,33.00,0.00,0.00,0.00,99.00,0.00,33.00,0.00,66.00,0.00,0.00,0.00,66.00,0.00,33.00,33.00,0.00,0.00,0.00,0.00,0.00,0.00
1768496563.9304671,66.00,0.00,33.00,0.00,0.00,0.00,99.00,0.00,33.00,0.00,66.00,0.00,None,None,66.00,0.00,66.00,33.00,0.00,0.00,0.00,0.00,0.00,0.00
1768496563.9310312,66.00,0.00,33.00,0.00,0.00,0.00,99.00,0.00,33.00,0.00,66.00,0.00,None,None,66.00,0.00,66.00,33.00,0.00,0.00,0.00,0.00,0.00,0.00
1768496563.979555,66.00,0.00,33.00,0.00,0.00,0.00,99.00,0.00,33.00,0.00,66.00,0.00,None,None,66.00,0.00,66.00,33.00,0.00,0.00,0.00,0.00,0.00,0.00
1768496563.980102,66.00,0.00,33.00,0.00,0.00,0.00,99.00,0.00,33.00,0.00,66.00,0.00,None,None,66.00,0.00,66.00,33.00,0.00,0.00,0.00,0.00,0.00,0.00
1768496569.976207,0.00,0.00,33.00,0.00,0.00,0.00,99.00,0.00,0.00,0.00,66.00,0.00,None,None,66.00,0.00,99.00,33.00,0.00,0.00,0.00,0.00,0.00,0.00
1768496569.9767857,0.00,0.00,33.00,0.00,0.00,0.00,99.00,0.00,0.00,0.00,66.00,0.00,None,None,66.00,0.00,99.00,33.00,0.00,0.00,0.00,0.00,0.00,0.00
1768496570.0314193,0.00,0.00,33.00,0.00,0.00,0.00,99.00,0.00,0.00,0.00,66.00,0.00,None,None,66.00,0.00,99.00,33.00,0.00,0.00,0.00,0.00,0.00,0.00
1768496570.0320218,0.00,0.00,33.00,0.00,0.00,0.00,99.00,0.00,0.00,0.00,66.00,0.00,None,None,66.00,0.00,99.00,33.00,0.00,0.00,0.00,0.00,0.00,0.00
1768496570.085997,0.00,0.00,33.00,0.00,0.00,0.00,99.00,0.00,0.00,0.00,66.00,0.00,None,None,66.00,0.00,99.00,33.00,0.00,0.00,0.00,0.00,0.00,0.00
1768496570.0865846,0.00,0.00,33.00,0.00,0.00,0.00,99.00,0.00,0.00,0.00,66.00,0.00,None,None,66.00,0.00,99.00,33.00,0.00,0.00,0.00,0.00,0.00,0.00
1768496570.1437805,0.00,0.00,33.00,0.00,0.00,0.00,99.00,0.00,0.00,0.00,66.00,0.00,None,None,66.00,0.00,99.00,33.00,33.00,0.00,0.00,0.00,0.00,0.00
1768496570.1444988,0.00,0.00,33.00,0.00,0.00,0.00,99.00,0.00,0.00,0.00,66.00,0.00,None,None,66.00,0.00,99.00,33.00,33.00,0.00,0.00,0.00,0.00,0.00
1768496571.069517,0.00,0.00,33.00,0.00,0.00,0.00,99.00,0.00,0.00,0.00,99.00,0.00,None,None,66.00,0.00,99.00,33.00,33.00,0.00,0.00,0.00,0.00,0.00
1768496571.070202,0.00,0.00,33.00,0.00,0.00,0.00,99.00,0.00,0.00,0.00,99.00,0.00,None,None,66.00,0.00,99.00,33.00,33.00,0.00,0.00,0.00,0.00,0.00
1768496571.1307015,0.00,0.00,33.00,0.00,0.00,0.00,99.00,0.00,0.00,0.00,99.00,0.00,None,None,66.00,0.00,99.00,33.00,33.00,0.00,0.00,0.00,0.00,0.00
1768496571.1313403,0.00,0.00,33.00,0.00,0.00,0.00,99.00,0.00,0.00,0.00,99.00,0.00,None,None,66.00,0.00,99.00,33.00,33.00,0.00,0.00,0.00,0.00,0.00
1768496581.302575,0.00,0.00,33.00,0.00,0.00,0.00,66.00,0.00,0.00,0.00,66.00,0.00,None,None,66.00,0.00,66.00,33.00,33.00,0.00,0.00,0.00,0.00,0.00
1768496581.3031318,0.00,0.00,33.00,0.00,0.00,0.00,66.00,0.00,0.00,0.00,66.00,0.00,None,None,66.00,0.00,66.00,33.00,33.00,0.00,0.00,0.00,0.00,0.00
1768496589.0048513,0.00,0.00,33.00,0.00,0.00,0.00,66.00,0.00,0.00,0.00,99.00,0.00,0.00,0.00,66.00,0.00,66.00,33.00,33.00,0.00,0.00,0.00,0.00,0.00
1768496589.005496,0.00,0.00,33.00,0.00,0.00,0.00,66.00,0.00,0.00,0.00,99.00,0.00,0.00,0.00,66.00,0.00,66.00,33.00,33.00,0.00,0.00,0.00,0.00,0.00
1768496589.066268,0.00,0.00,33.00,0.00,0.00,0.00,66.00,0.00,0.00,0.00,99.00,0.00,0.00,0.00,66.00,0.00,66.00,33.00,33.00,0.00,0.00,0.00,0.00,0.00
1768496589.066909,0.00,0.00,33.00,0.00,0.00,0.00,66.00,0.00,0.00,0.00,99.00,0.00,0.00,0.00,66.00,0.00,66.00,33.00,33.00,0.00,0.00,0.00,0.00,0.00
1768496589.1252115,0.00,0.00,33.00,0.00,0.00,0.00,66.00,0.00,0.00,0.00,99.00,0.00,0.00,0.00,66.00,0.00,66.00,33.00,33.00,0.00,0.00,0.00,0.00,0.00
1768496589.1257896,0.00,0.00,33.00,0.00,0.00,0.00,66.00,0.00,0.00,0.00,99.00,0.00,0.00,0.00,66.00,0.00,66.00,33.00,33.00,0.00,0.00,0.00,0.00,0.00
1768496589.1826804,0.00,0.00,33.00,0.00,0.00,0.00,66.00,0.00,0.00,0.00,99.00,0.00,0.00,0.00,66.00,0.00,99.00,33.00,33.00,0.00,0.00,0.00,0.00,0.00
1768496589.183265,0.00,0.00,33.00,0.00,0.00,0.00,66.00,0.00,0.00,0.00,99.00,0.00,0.00,0.00,66.00,0.00,99.00,33.00,33.00,0.00,0.00,0.00,0.00,0.00
1768496589.256258,0.00,0.00,33.00,0.00,0.00,0.00,66.00,0.00,0.00,0.00,99.00,0.00,0.00,0.00,66.00,0.00,99.00,33.00,66.00,0.00,0.00,0.00,0.00,0.00
1768496589.2571979,0.00,0.00,33.00,0.00,0.00,0.00,66.00,0.00,0.00,0.00,99.00,0.00,0.00,0.00,66.00,0.00,99.00,33.00,66.00,0.00,0.00,0.00,0.00,0.00
1768496589.3226585,0.00,0.00,33.00,0.00,0.00,0.00,66.00,0.00,0.00,0.00,99.00,0.00,0.00,0.00,66.00,0.00,99.00,33.00,66.00,0.00,0.00,0.00,0.00,0.00
1768496589.3233054,0.00,0.00,33.00,0.00,0.00,0.00,66.00,0.00,0.00,0.00,99.00,0.00,0.00,0.00,66.00,0.00,99.00,33.00,66.00,0.00,0.00,0.00,0.00,0.00
1768496591.312829,0.00,0.00,33.00,0.00,0.00,0.00,66.00,0.00,0.00,0.00,99.00,0.00,0.00,0.00,66.00,0.00,99.00,33.00,66.00,0.00,0.00,0.00,0.00,0.00
1768496591.3134248,0.00,0.00,33.00,0.00,0.00,0.00,66.00,0.00,0.00,0.00,99.00,0.00,0.00,0.00,66.00,0.00,99.00,33.00,66.00,0.00,0.00,0.00,0.00,0.00
1768496601.3229265,0.00,0.00,0.00,0.00,0.00,0.00,99.00,0.00,0.00,0.00,99.00,0.00,0.00,0.00,66.00,0.00,99.00,33.00,66.00,0.00,0.00,0.00,0.00,0.00
1768496601.32355,0.00,0.00,0.00,0.00,0.00,0.00,99.00,0.00,0.00,0.00,99.00,0.00,0.00,0.00,66.00,0.00,99.00,33.00,66.00,0.00,0.00,0.00,0.00,0.00
1768496601.3877919,0.00,0.00,0.00,0.00,0.00,0.00,99.00,0.00,0.00,0.00,99.00,0.00,0.00,0.00,66.00,0.00,99.00,33.00,99.00,0.00,0.00,0.00,0.00,0.00
1768496601.3883939,0.00,0.00,0.00,0.00,0.00,0.00,99.00,0.00,0.00,0.00,99.00,0.00,0.00,0.00,66.00,0.00,99.00,33.00,99.00,0.00,0.00,0.00,0.00,0.00
1768496601.4506996,0.00,0.00,0.00,0.00,0.00,0.00,99.00,0.00,0.00,0.00,99.00,0.00,0.00,0.00,66.00,0.00,99.00,33.00,99.00,33.00,0.00,0.00,0.00,0.00
1768496601.4513073,0.00,0.00,0.00,0.00,0.00,0.00,99.00,0.00,0.00,0.00,99.00,0.00,0.00,0.00,66.00,0.00,99.00,33.00,99.00,33.00,0.00,0.00,0.00,0.00
1768496605.2788346,0.00,0.00,0.00,0.00,0.00,0.00,66.00,0.00,0.00,0.00,None,None,0.00,0.00,66.00,0.00,66.00,33.00,99.00,0.00,0.00,0.00,0.00,0.00
1768496605.27948,0.00,0.00,0.00,0.00,0.00,0.00,66.00,0.00,0.00,0.00,None,None,0.00,0.00,66.00,0.00,66.00,33.00,99.00,0.00,0.00,0.00,0.00,0.00
1768496605.330748,0.00,0.00,0.00,0.00,0.00,0.00,99.00,0.00,0.00,0.00,None,None,0.00,0.00,66.00,0.00,66.00,33.00,99.00,0.00,0.00,0.00,0.00,0.00
1768496605.3312914,0.00,0.00,0.00,0.00,0.00,0.00,99.00,0.00,0.00,0.00,None,None,0.00,0.00,66.00,0.00,66.00,33.00,99.00,0.00,0.00,0.00,0.00,0.00
1768496605.3820994,0.00,0.00,0.00,0.00,0.00,0.00,99.00,0.00,0.00,0.00,None,None,0.00,0.00,66.00,0.00,66.00,33.00,99.00,0.00,0.00,0.00,0.00,0.00
1768496605.382682,0.00,0.00,0.00,0.00,0.00,0.00,99.00,0.00,0.00,0.00,None,None,0.00,0.00,66.00,0.00,66.00,33.00,99.00,0.00,0.00,0.00,0.00,0.00
1768496605.4334104,0.00,0.00,0.00,0.00,0.00,0.00,99.00,0.00,0.00,0.00,None,None,0.00,0.00,66.00,0.00,66.00,33.00,99.00,0.00,0.00,0.00,0.00,0.00
1768496605.4339566,0.00,0.00,0.00,0.00,0.00,0.00,99.00,0.00,0.00,0.00,None,None,0.00,0.00,66.00,0.00,66.00,33.00,99.00,0.00,0.00,0.00,0.00,0.00
1768496605.4849303,0.00,0.00,0.00,0.00,0.00,0.00,99.00,0.00,0.00,0.00,None,None,0.00,0.00,66.00,0.00,99.00,33.00,99.00,0.00,0.00,0.00,0.00,0.00
1768496605.485558,0.00,0.00,0.00,0.00,0.00,0.00,99.00,0.00,0.00,0.00,None,None,0.00,0.00,66.00,0.00,99.00,33.00,99.00,0.00,0.00,0.00,0.00,0.00
1768496605.5361066,0.00,0.00,0.00,0.00,0.00,0.00,99.00,0.00,0.00,0.00,None,None,0.00,0.00,66.00,0.00,99.00,33.00,99.00,33.00,0.00,0.00,0.00,0.00
1768496605.5366466,0.00,0.00,0.00,0.00,0.00,0.00,99.00,0.00,0.00,0.00,None,None,0.00,0.00,66.00,0.00,99.00,33.00,99.00,33.00,0.00,0.00,0.00,0.00
1768496605.5873766,33.00,0.00,0.00,0.00,0.00,0.00,99.00,0.00,0.00,0.00,None,None,0.00,0.00,66.00,0.00,99.00,33.00,99.00,33.00,0.00,0.00,0.00,0.00
1768496605.5879283,33.00,0.00,0.00,0.00,0.00,0.00,99.00,0.00,0.00,0.00,None,None,0.00,0.00,66.00,0.00,99.00,33.00,99.00,33.00,0.00,0.00,0.00,0.00
1768496605.6408157,33.00,0.00,0.00,0.00,0.00,0.00,99.00,0.00,0.00,0.00,None,None,0.00,0.00,66.00,0.00,99.00,33.00,99.00,33.00,0.00,0.00,0.00,0.00
1768496605.6414227,33.00,0.00,0.00,0.00,0.00,0.00,99.00,0.00,0.00,0.00,None,None,0.00,0.00,66.00,0.00,99.00,33.00,99.00,33.00,0.00,0.00,0.00,0.00
1768496605.6941884,33.00,0.00,0.00,0.00,0.00,0.00,99.00,33.00,0.00,0.00,None,None,0.00,0.00,66.00,0.00,99.00,33.00,99.00,33.00,0.00,0.00,0.00,0.00
1768496605.6947157,33.00,0.00,0.00,0.00,0.00,0.00,99.00,33.00,0.00,0.00,None,None,0.00,0.00,66.00,0.00,99.00,33.00,99.00,33.00,0.00,0.00,0.00,0.00
1768496605.754209,33.00,0.00,0.00,0.00,0.00,0.00,99.00,33.00,0.00,0.00,None,None,0.00,0.00,66.00,0.00,99.00,33.00,99.00,33.00,0.00,0.00,0.00,0.00
1768496605.755143,33.00,0.00,0.00,0.00,0.00,0.00,99.00,33.00,0.00,0.00,None,None,0.00,0.00,66.00,0.00,99.00,33.00,99.00,33.00,0.00,0.00,0.00,0.00
1768496609.035799,33.00,0.00,0.00,0.00,0.00,0.00,99.00,33.00,33.00,0.00,None,None,0.00,0.00,66.00,0.00,99.00,33.00,99.00,33.00,0.00,0.00,0.00,0.00
1768496609.0363774,33.00,0.00,0.00,0.00,0.00,0.00,99.00,33.00,33.00,0.00,None,None,0.00,0.00,66.00,0.00,99.00,33.00,99.00,33.00,0.00,0.00,0.00,0.00
1768496609.0993857,33.00,0.00,0.00,0.00,0.00,0.00,99.00,33.00,33.00,0.00,None,None,0.00,0.00,66.00,0.00,99.00,33.00,99.00,33.00,0.00,0.00,0.00,0.00
1768496609.0999563,33.00,0.00,0.00,0.00,0.00,0.00,99.00,33.00,33.00,0.00,None,None,0.00,0.00,66.00,0.00,99.00,33.00,99.00,33.00,0.00,0.00,0.00,0.00
1768496610.0640428,33.00,0.00,0.00,0.00,0.00,0.00,99.00,33.00,33.00,0.00,None,None,0.00,0.00,66.00,0.00,99.00,33.00,99.00,33.00,0.00,0.00,0.00,0.00
1768496610.0646312,33.00,0.00,0.00,0.00,0.00,0.00,99.00,33.00,33.00,0.00,None,None,0.00,0.00,66.00,0.00,99.00,33.00,99.00,33.00,0.00,0.00,0.00,0.00
1768496610.121734,33.00,0.00,0.00,0.00,0.00,0.00,99.00,33.00,33.00,0.00,None,None,0.00,0.00,66.00,0.00,99.00,33.00,99.00,33.00,0.00,0.00,None,None
1768496610.1222832,33.00,0.00,0.00,0.00,0.00,0.00,99.00,33.00,33.00,0.00,None,None,0.00,0.00,66.00,0.00,99.00,33.00,99.00,33.00,0.00,0.00,None,None
1768496610.1972885,33.00,0.00,0.00,0.00,0.00,0.00,99.00,33.00,33.00,0.00,None,None,0.00,0.00,66.00,0.00,99.00,33.00,99.00,33.00,0.00,0.00,None,None
1768496610.1978993,33.00,0.00,0.00,0.00,0.00,0.00,99.00,33.00,33.00,0.00,None,None,0.00,0.00,66.00,0.00,99.00,33.00,99.00,33.00,0.00,0.00,None,None
1768496610.269296,33.00,0.00,0.00,0.00,0.00,0.00,99.00,33.00,33.00,0.00,None,None,0.00,0.00,66.00,0.00,99.00,33.00,99.00,33.00,0.00,0.00,None,None
1768496610.2699347,33.00,0.00,0.00,0.00,0.00,0.00,99.00,33.00,33.00,0.00,None,None,0.00,0.00,66.00,0.00,99.00,33.00,99.00,33.00,0.00,0.00,None,None
1768496610.3388536,33.00,0.00,0.00,0.00,0.00,0.00,99.00,33.00,33.00,0.00,None,None,0.00,0.00,66.00,0.00,99.00,33.00,99.00,33.00,0.00,0.00,None,None
1768496610.3394542,33.00,0.00,0.00,0.00,0.00,0.00,99.00,33.00,33.00,0.00,None,None,0.00,0.00,66.00,0.00,99.00,33.00,99.00,33.00,0.00,0.00,None,None
1768496611.351065,33.00,0.00,0.00,0.00,0.00,0.00,66.00,33.00,33.00,0.00,None,None,0.00,0.00,33.00,0.00,99.00,33.00,99.00,33.00,0.00,0.00,None,None
1768496611.351739,33.00,0.00,0.00,0.00,0.00,0.00,66.00,33.00,33.00,0.00,None,None,0.00,0.00,33.00,0.00,99.00,33.00,99.00,33.00,0.00,0.00,None,None
1768496611.4136252,33.00,0.00,0.00,0.00,0.00,0.00,99.00,33.00,33.00,0.00,None,None,0.00,0.00,33.00,0.00,99.00,33.00,99.00,33.00,0.00,0.00,None,None
1768496611.4142904,33.00,0.00,0.00,0.00,0.00,0.00,99.00,33.00,33.00,0.00,None,None,0.00,0.00,33.00,0.00,99.00,33.00,99.00,33.00,0.00,0.00,None,None
1768496611.4752996,66.00,0.00,0.00,0.00,0.00,0.00,99.00,33.00,33.00,0.00,None,None,0.00,0.00,33.00,0.00,99.00,33.00,99.00,33.00,0.00,0.00,None,None
1768496611.4761155,66.00,0.00,0.00,0.00,0.00,0.00,99.00,33.00,33.00,0.00,None,None,0.00,0.00,33.00,0.00,99.00,33.00,99.00,33.00,0.00,0.00,None,None
1768496616.3502617,66.00,0.00,0.00,0.00,0.00,0.00,99.00,33.00,33.00,0.00,None,None,0.00,0.00,33.00,0.00,66.00,33.00,99.00,33.00,0.00,0.00,None,None
1768496616.3508503,66.00,0.00,0.00,0.00,0.00,0.00,99.00,33.00,33.00,0.00,None,None,0.00,0.00,33.00,0.00,66.00,33.00,99.00,33.00,0.00,0.00,None,None
1768496616.4196327,66.00,0.00,0.00,0.00,0.00,0.00,99.00,33.00,33.00,0.00,None,None,0.00,0.00,33.00,0.00,99.00,33.00,99.00,33.00,0.00,0.00,None,None
1768496616.4202926,66.00,0.00,0.00,0.00,0.00,0.00,99.00,33.00,33.00,0.00,None,None,0.00,0.00,33.00,0.00,99.00,33.00,99.00,33.00,0.00,0.00,None,None
1768496616.4778063,66.00,0.00,0.00,0.00,0.00,0.00,99.00,33.00,33.00,0.00,None,None,0.00,0.00,33.00,0.00,99.00,33.00,99.00,33.00,0.00,0.00,None,None
1768496616.4783719,66.00,0.00,0.00,0.00,0.00,0.00,99.00,33.00,33.00,0.00,None,None,0.00,0.00,33.00,0.00,99.00,33.00,99.00,33.00,0.00,0.00,None,None
1768496616.5361986,66.00,0.00,0.00,0.00,0.00,0.00,99.00,33.00,33.00,0.00,None,None,0.00,0.00,66.00,0.00,99.00,33.00,99.00,33.00,0.00,0.00,None,None
1768496616.5368917,66.00,0.00,0.00,0.00,0.00,0.00,99.00,33.00,33.00,0.00,None,None,0.00,0.00,66.00,0.00,99.00,33.00,99.00,33.00,0.00,0.00,None,None
1768496616.5969036,66.00,0.00,33.00,0.00,0.00,0.00,99.00,33.00,33.00,0.00,None,None,0.00,0.00,66.00,0.00,99.00,33.00,99.00,33.00,0.00,0.00,None,None
1768496616.5975,66.00,0.00,33.00,0.00,0.00,0.00,99.00,33.00,33.00,0.00,None,None,0.00,0.00,66.00,0.00,99.00,33.00,99.00,33.00,0.00,0.00,None,None
1768496617.1184351,33.00,0.00,33.00,0.00,0.00,0.00,66.00,33.00,33.00,0.00,None,None,0.00,0.00,33.00,0.00,None,None,99.00,33.00,0.00,0.00,None,None
1768496617.119024,33.00,0.00,33.00,0.00,0.00,0.00,66.00,33.00,33.00,0.00,None,None,0.00,0.00,33.00,0.00,None,None,99.00,33.00,0.00,0.00,None,None
1768496617.1719024,33.00,0.00,33.00,0.00,0.00,0.00,99.00,33.00,33.00,0.00,None,None,0.00,0.00,33.00,0.00,None,None,99.00,33.00,0.00,0.00,None,None
1768496617.1724586,33.00,0.00,33.00,0.00,0.00,0.00,99.00,33.00,33.00,0.00,None,None,0.00,0.00,33.00,0.00,None,None,99.00,33.00,0.00,0.00,None,None
1768496617.2252257,33.00,0.00,33.00,0.00,0.00,0.00,99.00,33.00,66.00,0.00,None,None,0.00,0.00,33.00,0.00,None,None,99.00,33.00,0.00,0.00,None,None
1768496617.2257595,33.00,0.00,33.00,0.00,0.00,0.00,99.00,33.00,66.00,0.00,None,None,0.00,0.00,33.00,0.00,None,None,99.00,33.00,0.00,0.00,None,None
1768496617.2785082,33.00,0.00,33.00,0.00,0.00,0.00,99.00,33.00,66.00,0.00,None,None,0.00,0.00,66.00,0.00,None,None,99.00,33.00,0.00,0.00,None,None
1768496617.2790334,33.00,0.00,33.00,0.00,0.00,0.00,99.00,33.00,66.00,0.00,None,None,0.00,0.00,66.00,0.00,None,None,99.00,33.00,0.00,0.00,None,None
1768496617.332688,33.00,0.00,66.00,0.00,0.00,0.00,99.00,33.00,66.00,0.00,None,None,0.00,0.00,66.00,0.00,None,None,99.00,33.00,0.00,0.00,None,None
1768496617.3332434,33.00,0.00,66.00,0.00,0.00,0.00,99.00,33.00,66.00,0.00,None,None,0.00,0.00,66.00,0.00,None,None,99.00,33.00,0.00,0.00,None,None
1768496617.3865685,66.00,0.00,66.00,0.00,0.00,0.00,99.00,33.00,66.00,0.00,None,None,0.00,0.00,66.00,0.00,None,None,99.00,33.00,0.00,0.00,None,None
1768496617.3871183,66.00,0.00,66.00,0.00,0.00,0.00,99.00,33.00,66.00,0.00,None,None,0.00,0.00,66.00,0.00,None,None,99.00,33.00,0.00,0.00,None,None
1768496617.4488375,66.00,0.00,66.00,0.00,0.00,0.00,99.00,33.00,66.00,0.00,None,None,0.00,0.00,66.00,0.00,None,None,99.00,33.00,0.00,0.00,None,None
1768496617.4493546,66.00,0.00,66.00,0.00,0.00,0.00,99.00,33.00,66.00,0.00,None,None,0.00,0.00,66.00,0.00,None,None,99.00,33.00,0.00,0.00,None,None
1768496617.5114741,66.00,0.00,66.00,0.00,0.00,0.00,99.00,33.00,66.00,0.00,None,None,0.00,0.00,66.00,0.00,None,None,99.00,33.00,0.00,0.00,None,None
1768496617.5120316,66.00,0.00,66.00,0.00,0.00,0.00,99.00,33.00,66.00,0.00,None,None,0.00,0.00,66.00,0.00,None,None,99.00,33.00,0.00,0.00,None,None
1768496617.5742314,66.00,0.00,66.00,0.00,0.00,0.00,99.00,33.00,66.00,0.00,None,None,0.00,0.00,66.00,0.00,None,None,99.00,33.00,0.00,0.00,None,None
1768496617.5748878,66.00,0.00,66.00,0.00,0.00,0.00,99.00,33.00,66.00,0.00,None,None,0.00,0.00,66.00,0.00,None,None,99.00,33.00,0.00,0.00,None,None
1768496617.6366832,66.00,0.00,66.00,0.00,0.00,0.00,99.00,33.00,66.00,0.00,None,None,0.00,0.00,66.00,0.00,None,None,99.00,33.00,0.00,0.00,None,None
1768496617.637263,66.00,0.00,66.00,0.00,0.00,0.00,99.00,33.00,66.00,0.00,None,None,0.00,0.00,66.00,0.00,None,None,99.00,33.00,0.00,0.00,None,None
1768496618.699791,66.00,0.00,66.00,0.00,0.00,0.00,99.00,33.00,66.00,0.00,None,None,0.00,0.00,66.00,0.00,None,None,99.00,33.00,0.00,0.00,None,None
1768496618.7003965,66.00,0.00,66.00,0.00,0.00,0.00,99.00,33.00,66.00,0.00,None,None,0.00,0.00,66.00,0.00,None,None,99.00,33.00,0.00,0.00,None,None
1768496618.7603416,66.00,0.00,66.00,0.00,0.00,0.00,99.00,33.00,66.00,0.00,None,None,0.00,0.00,66.00,0.00,None,None,99.00,33.00,0.00,0.00,None,None
1768496618.760875,66.00,0.00,66.00,0.00,0.00,0.00,99.00,33.00,66.00,0.00,None,None,0.00,0.00,66.00,0.00,None,None,99.00,33.00,0.00,0.00,None,None
1768496631.3577008,33.00,0.00,0.00,0.00,0.00,0.00,66.00,0.00,33.00,0.00,99.00,0.00,0.00,0.00,66.00,0.00,None,None,99.00,33.00,0.00,0.00,0.00,0.00
1768496631.358271,33.00,0.00,0.00,0.00,0.00,0.00,66.00,0.00,33.00,0.00,99.00,0.00,0.00,0.00,66.00,0.00,None,None,99.00,33.00,0.00,0.00,0.00,0.00
1768496631.4143133,33.00,0.00,0.00,0.00,0.00,0.00,99.00,0.00,33.00,0.00,99.00,0.00,0.00,0.00,66.00,0.00,None,None,99.00,33.00,0.00,0.00,0.00,0.00
1768496631.4149487,33.00,0.00,0.00,0.00,0.00,0.00,99.00,0.00,33.00,0.00,99.00,0.00,0.00,0.00,66.00,0.00,None,None,99.00,33.00,0.00,0.00,0.00,0.00
1768496632.0665946,66.00,0.00,0.00,0.00,0.00,0.00,99.00,0.00,33.00,0.00,99.00,0.00,0.00,0.00,66.00,0.00,None,None,99.00,33.00,0.00,0.00,0.00,0.00
1768496632.0671754,66.00,0.00,0.00,0.00,0.00,0.00,99.00,0.00,33.00,0.00,99.00,0.00,0.00,0.00,66.00,0.00,None,None,99.00,33.00,0.00,0.00,0.00,0.00
1768496632.1327515,66.00,0.00,0.00,0.00,0.00,0.00,99.00,0.00,33.00,0.00,99.00,0.00,0.00,0.00,66.00,0.00,None,None,99.00,33.00,0.00,0.00,0.00,0.00
1768496632.1333375,66.00,0.00,0.00,0.00,0.00,0.00,99.00,0.00,33.00,0.00,99.00,0.00,0.00,0.00,66.00,0.00,None,None,99.00,33.00,0.00,0.00,0.00,0.00
1768496632.1982925,66.00,0.00,0.00,0.00,0.00,0.00,99.00,0.00,33.00,0.00,99.00,0.00,0.00,0.00,66.00,0.00,None,None,99.00,33.00,0.00,0.00,0.00,0.00
1768496632.199078,66.00,0.00,0.00,0.00,0.00,0.00,99.00,0.00,33.00,0.00,99.00,0.00,0.00,0.00,66.00,0.00,None,None,99.00,33.00,0.00,0.00,0.00,0.00
1768496632.2692633,66.00,0.00,0.00,0.00,0.00,0.00,99.00,0.00,33.00,0.00,99.00,0.00,0.00,0.00,66.00,0.00,None,None,99.00,33.00,0.00,0.00,0.00,0.00
1768496632.2698064,66.00,0.00,0.00,0.00,0.00,0.00,99.00,0.00,33.00,0.00,99.00,0.00,0.00,0.00,66.00,0.00,None,None,99.00,33.00,0.00,0.00,0.00,0.00
1768496632.3366592,66.00,0.00,0.00,0.00,0.00,0.00,99.00,0.00,33.00,0.00,99.00,0.00,0.00,0.00,66.00,0.00,None,None,99.00,33.00,0.00,0.00,0.00,0.00
1768496632.337261,66.00,0.00,0.00,0.00,0.00,0.00,99.00,0.00,33.00,0.00,99.00,0.00,0.00,0.00,66.00,0.00,None,None,99.00,33.00,0.00,0.00,0.00,0.00
1768496632.401231,66.00,0.00,0.00,0.00,0.00,0.00,99.00,0.00,33.00,0.00,99.00,0.00,0.00,0.00,66.00,0.00,None,None,99.00,33.00,0.00,0.00,0.00,0.00
1768496632.4018009,66.00,0.00,0.00,0.00,0.00,0.00,99.00,0.00,33.00,0.00,99.00,0.00,0.00,0.00,66.00,0.00,None,None,99.00,33.00,0.00,0.00,0.00,0.00
1768496636.367812,66.00,0.00,0.00,0.00,0.00,0.00,99.00,0.00,33.00,0.00,99.00,0.00,0.00,0.00,66.00,0.00,None,None,66.00,33.00,0.00,0.00,0.00,0.00
1768496636.368469,66.00,0.00,0.00,0.00,0.00,0.00,99.00,0.00,33.00,0.00,99.00,0.00,0.00,0.00,66.00,0.00,None,None,66.00,33.00,0.00,0.00,0.00,0.00
1768496641.3738074,66.00,0.00,0.00,0.00,0.00,0.00,99.00,0.00,33.00,0.00,99.00,0.00,0.00,0.00,66.00,0.00,66.00,0.00,66.00,33.00,0.00,0.00,0.00,0.00
1768496641.3744435,66.00,0.00,0.00,0.00,0.00,0.00,99.00,0.00,33.00,0.00,99.00,0.00,0.00,0.00,66.00,0.00,66.00,0.00,66.00,33.00,0.00,0.00,0.00,0.00
1768496643.3418322,66.00,0.00,0.00,0.00,0.00,0.00,99.00,0.00,33.00,0.00,None,None,0.00,0.00,66.00,0.00,99.00,0.00,66.00,33.00,0.00,0.00,0.00,0.00
1768496643.3424451,66.00,0.00,0.00,0.00,0.00,0.00,99.00,0.00,33.00,0.00,None,None,0.00,0.00,66.00,0.00,99.00,0.00,66.00,33.00,0.00,0.00,0.00,0.00
1768496643.3996048,66.00,0.00,0.00,0.00,0.00,0.00,99.00,0.00,33.00,0.00,None,None,0.00,0.00,66.00,0.00,99.00,0.00,99.00,33.00,0.00,0.00,0.00,0.00
1768496643.4002466,66.00,0.00,0.00,0.00,0.00,0.00,99.00,0.00,33.00,0.00,None,None,0.00,0.00,66.00,0.00,99.00,0.00,99.00,33.00,0.00,0.00,0.00,0.00
1768496643.457011,66.00,0.00,0.00,0.00,0.00,0.00,99.00,0.00,33.00,0.00,None,None,0.00,0.00,66.00,0.00,99.00,0.00,99.00,33.00,0.00,0.00,0.00,0.00
1768496643.4575539,66.00,0.00,0.00,0.00,0.00,0.00,99.00,0.00,33.00,0.00,None,None,0.00,0.00,66.00,0.00,99.00,0.00,99.00,33.00,0.00,0.00,0.00,0.00
1768496643.5140688,66.00,0.00,0.00,0.00,0.00,0.00,99.00,0.00,33.00,0.00,None,None,0.00,0.00,66.00,0.00,99.00,0.00,99.00,33.00,0.00,0.00,0.00,0.00
1768496643.5146444,66.00,0.00,0.00,0.00,0.00,0.00,99.00,0.00,33.00,0.00,None,None,0.00,0.00,66.00,0.00,99.00,0.00,99.00,33.00,0.00,0.00,0.00,0.00
1768496643.56981,66.00,0.00,0.00,0.00,0.00,0.00,99.00,0.00,33.00,0.00,None,None,0.00,0.00,66.00,0.00,99.00,33.00,99.00,33.00,0.00,0.00,0.00,0.00
1768496643.5703554,66.00,0.00,0.00,0.00,0.00,0.00,99.00,0.00,33.00,0.00,None,None,0.00,0.00,66.00,0.00,99.00,33.00,99.00,33.00,0.00,0.00,0.00,0.00
1768496643.6279016,66.00,0.00,0.00,0.00,0.00,0.00,99.00,0.00,33.00,0.00,None,None,0.00,0.00,66.00,0.00,99.00,33.00,99.00,33.00,0.00,0.00,0.00,0.00
1768496643.62851,66.00,0.00,0.00,0.00,0.00,0.00,99.00,0.00,33.00,0.00,None,None,0.00,0.00,66.00,0.00,99.00,33.00,99.00,33.00,0.00,0.00,0.00,0.00
1768496643.6838095,66.00,0.00,0.00,0.00,0.00,0.00,99.00,0.00,33.00,0.00,None,None,0.00,0.00,66.00,0.00,99.00,33.00,99.00,33.00,0.00,0.00,0.00,0.00
1768496643.6844127,66.00,0.00,0.00,0.00,0.00,0.00,99.00,0.00,33.00,0.00,None,None,0.00,0.00,66.00,0.00,99.00,33.00,99.00,33.00,0.00,0.00,0.00,0.00
1768496649.105604,66.00,0.00,0.00,0.00,0.00,0.00,66.00,0.00,33.00,0.00,None,None,0.00,0.00,0.00,0.00,66.00,33.00,99.00,33.00,0.00,0.00,0.00,0.00
1768496649.1062856,66.00,0.00,0.00,0.00,0.00,0.00,66.00,0.00,33.00,0.00,None,None,0.00,0.00,0.00,0.00,66.00,33.00,99.00,33.00,0.00,0.00,0.00,0.00
1768496649.1664388,66.00,0.00,0.00,0.00,0.00,0.00,66.00,0.00,33.00,0.00,None,None,0.00,0.00,0.00,0.00,66.00,33.00,99.00,33.00,0.00,0.00,0.00,0.00
1768496649.166978,66.00,0.00,0.00,0.00,0.00,0.00,66.00,0.00,33.00,0.00,None,None,0.00,0.00,0.00,0.00,66.00,33.00,99.00,33.00,0.00,0.00,0.00,0.00
1768496649.2218788,66.00,0.00,0.00,0.00,0.00,0.00,99.00,0.00,33.00,0.00,None,None,0.00,0.00,0.00,0.00,66.00,33.00,99.00,33.00,0.00,0.00,0.00,0.00
1768496649.2225344,66.00,0.00,0.00,0.00,0.00,0.00,99.00,0.00,33.00,0.00,None,None,0.00,0.00,0.00,0.00,66.00,33.00,99.00,33.00,0.00,0.00,0.00,0.00
1768496649.2867808,66.00,0.00,0.00,0.00,0.00,0.00,99.00,33.00,33.00,0.00,None,None,0.00,0.00,0.00,0.00,66.00,33.00,99.00,33.00,0.00,0.00,0.00,0.00
1768496649.2874074,66.00,0.00,0.00,0.00,0.00,0.00,99.00,33.00,33.00,0.00,None,None,0.00,0.00,0.00,0.00,66.00,33.00,99.00,33.00,0.00,0.00,0.00,0.00
1768496649.3524644,66.00,0.00,0.00,0.00,0.00,0.00,99.00,33.00,33.00,0.00,None,None,0.00,0.00,0.00,0.00,66.00,33.00,99.00,33.00,0.00,0.00,0.00,0.00
1768496649.3530314,66.00,0.00,0.00,0.00,0.00,0.00,99.00,33.00,33.00,0.00,None,None,0.00,0.00,0.00,0.00,66.00,33.00,99.00,33.00,0.00,0.00,0.00,0.00
1768496649.4211404,66.00,0.00,0.00,0.00,0.00,0.00,99.00,33.00,33.00,0.00,None,None,0.00,0.00,0.00,0.00,66.00,33.00,99.00,33.00,0.00,0.00,0.00,0.00
1768496649.421739,66.00,0.00,0.00,0.00,0.00,0.00,99.00,33.00,33.00,0.00,None,None,0.00,0.00,0.00,0.00,66.00,33.00,99.00,33.00,0.00,0.00,0.00,0.00
1768496651.3772702,66.00,0.00,0.00,0.00,0.00,0.00,99.00,33.00,33.00,0.00,None,None,0.00,0.00,0.00,0.00,99.00,33.00,99.00,33.00,0.00,0.00,0.00,0.00
1768496651.3778703,66.00,0.00,0.00,0.00,0.00,0.00,99.00,33.00,33.00,0.00,None,None,0.00,0.00,0.00,0.00,99.00,33.00,99.00,33.00,0.00,0.00,0.00,0.00
1768496656.3896706,66.00,0.00,0.00,0.00,0.00,0.00,66.00,33.00,33.00,0.00,None,None,0.00,0.00,0.00,0.00,99.00,33.00,99.00,33.00,0.00,0.00,0.00,0.00
1768496656.3903048,66.00,0.00,0.00,0.00,0.00,0.00,66.00,33.00,33.00,0.00,None,None,0.00,0.00,0.00,0.00,99.00,33.00,99.00,33.00,0.00,0.00,0.00,0.00
1768496657.5550647,66.00,0.00,0.00,0.00,0.00,0.00,99.00,33.00,33.00,0.00,None,None,0.00,0.00,0.00,0.00,99.00,33.00,99.00,33.00,0.00,0.00,0.00,0.00
1768496657.5556557,66.00,0.00,0.00,0.00,0.00,0.00,99.00,33.00,33.00,0.00,None,None,0.00,0.00,0.00,0.00,99.00,33.00,99.00,33.00,0.00,0.00,0.00,0.00
1768496657.6151257,66.00,0.00,0.00,0.00,0.00,0.00,99.00,33.00,66.00,0.00,None,None,0.00,0.00,0.00,0.00,99.00,33.00,99.00,33.00,0.00,0.00,0.00,0.00
1768496657.6156769,66.00,0.00,0.00,0.00,0.00,0.00,99.00,33.00,66.00,0.00,None,None,0.00,0.00,0.00,0.00,99.00,33.00,99.00,33.00,0.00,0.00,0.00,0.00
1768496661.145928,66.00,0.00,33.00,0.00,0.00,0.00,99.00,33.00,66.00,0.00,None,None,0.00,0.00,0.00,0.00,99.00,33.00,99.00,33.00,0.00,0.00,0.00,0.00
1768496661.1465712,66.00,0.00,33.00,0.00,0.00,0.00,99.00,33.00,66.00,0.00,None,None,0.00,0.00,0.00,0.00,99.00,33.00,99.00,33.00,0.00,0.00,0.00,0.00
1768496661.2120368,66.00,0.00,33.00,0.00,0.00,0.00,99.00,33.00,66.00,0.00,None,None,0.00,0.00,0.00,0.00,99.00,33.00,99.00,33.00,0.00,0.00,0.00,0.00
1768496661.2125897,66.00,0.00,33.00,0.00,0.00,0.00,99.00,33.00,66.00,0.00,None,None,0.00,0.00,0.00,0.00,99.00,33.00,99.00,33.00,0.00,0.00,0.00,0.00
1768496661.2800002,66.00,0.00,33.00,0.00,0.00,0.00,99.00,33.00,66.00,0.00,None,None,0.00,0.00,33.00,0.00,99.00,33.00,99.00,33.00,0.00,0.00,0.00,0.00
1768496661.2806997,66.00,0.00,33.00,0.00,0.00,0.00,99.00,33.00,66.00,0.00,None,None,0.00,0.00,33.00,0.00,99.00,33.00,99.00,33.00,0.00,0.00,0.00,0.00
1768496661.349113,66.00,0.00,33.00,0.00,0.00,0.00,99.00,33.00,66.00,0.00,None,None,0.00,0.00,33.00,0.00,99.00,33.00,99.00,33.00,0.00,0.00,0.00,0.00
1768496661.3497088,66.00,0.00,33.00,0.00,0.00,0.00,99.00,33.00,66.00,0.00,None,None,0.00,0.00,33.00,0.00,99.00,33.00,99.00,33.00,0.00,0.00,0.00,0.00
1768496661.419538,66.00,0.00,33.00,0.00,0.00,0.00,99.00,33.00,66.00,0.00,None,None,0.00,0.00,33.00,0.00,99.00,33.00,99.00,33.00,0.00,0.00,0.00,0.00
1768496661.4201155,66.00,0.00,33.00,0.00,0.00,0.00,99.00,33.00,66.00,0.00,None,None,0.00,0.00,33.00,0.00,99.00,33.00,99.00,33.00,0.00,0.00,0.00,0.00
1768496661.4916737,66.00,0.00,33.00,0.00,0.00,0.00,99.00,33.00,66.00,0.00,None,None,0.00,0.00,33.00,0.00,99.00,33.00,99.00,33.00,0.00,0.00,0.00,0.00
1768496661.4923732,66.00,0.00,33.00,0.00,0.00,0.00,99.00,33.00,66.00,0.00,None,None,0.00,0.00,33.00,0.00,99.00,33.00,99.00,33.00,0.00,0.00,0.00,0.00
1768496661.5618846,66.00,0.00,33.00,0.00,0.00,0.00,99.00,33.00,66.00,0.00,None,None,0.00,0.00,33.00,0.00,66.00,33.00,99.00,33.00,0.00,0.00,0.00,0.00
1768496661.562577,66.00,0.00,33.00,0.00,0.00,0.00,99.00,33.00,66.00,0.00,None,None,0.00,0.00,33.00,0.00,66.00,33.00,99.00,33.00,0.00,0.00,0.00,0.00
1768496661.6284778,66.00,0.00,33.00,0.00,0.00,0.00,99.00,33.00,66.00,0.00,None,None,0.00,0.00,33.00,0.00,66.00,33.00,99.00,33.00,0.00,0.00,0.00,0.00
1768496661.6292315,66.00,0.00,33.00,0.00,0.00,0.00,99.00,33.00,66.00,0.00,None,None,0.00,0.00,33.00,0.00,66.00,33.00,99.00,33.00,0.00,0.00,0.00,0.00
1768496676.572494,33.00,0.00,33.00,0.00,0.00,0.00,66.00,33.00,33.00,0.00,0.00,0.00,0.00,0.00,33.00,0.00,33.00,0.00,99.00,33.00,0.00,0.00,0.00,0.00
1768496676.5730832,33.00,0.00,33.00,0.00,0.00,0.00,66.00,33.00,33.00,0.00,0.00,0.00,0.00,0.00,33.00,0.00,33.00,0.00,99.00,33.00,0.00,0.00,0.00,0.00
1768496685.1628563,33.00,0.00,33.00,0.00,0.00,0.00,66.00,33.00,33.00,0.00,0.00,0.00,0.00,0.00,33.00,0.00,66.00,0.00,99.00,33.00,0.00,0.00,0.00,0.00
1768496685.1635048,33.00,0.00,33.00,0.00,0.00,0.00,66.00,33.00,33.00,0.00,0.00,0.00,0.00,0.00,33.00,0.00,66.00,0.00,99.00,33.00,0.00,0.00,0.00,0.00
1768496685.2322214,33.00,0.00,33.00,0.00,0.00,0.00,66.00,33.00,33.00,0.00,0.00,0.00,0.00,0.00,33.00,0.00,66.00,0.00,99.00,33.00,0.00,0.00,0.00,0.00
1768496685.2328172,33.00,0.00,33.00,0.00,0.00,0.00,66.00,33.00,33.00,0.00,0.00,0.00,0.00,0.00,33.00,0.00,66.00,0.00,99.00,33.00,0.00,0.00,0.00,0.00
1768496685.3055646,33.00,0.00,33.00,0.00,0.00,0.00,66.00,33.00,33.00,0.00,33.00,0.00,0.00,0.00,33.00,0.00,66.00,0.00,99.00,33.00,0.00,0.00,0.00,0.00
1768496685.30616,33.00,0.00,33.00,0.00,0.00,0.00,66.00,33.00,33.00,0.00,33.00,0.00,0.00,0.00,33.00,0.00,66.00,0.00,99.00,33.00,0.00,0.00,0.00,0.00
1768496685.376139,33.00,0.00,33.00,0.00,0.00,0.00,66.00,33.00,33.00,0.00,33.00,0.00,0.00,0.00,33.00,0.00,66.00,0.00,99.00,33.00,0.00,0.00,0.00,0.00
1768496685.3767447,33.00,0.00,33.00,0.00,0.00,0.00,66.00,33.00,33.00,0.00,33.00,0.00,0.00,0.00,33.00,0.00,66.00,0.00,99.00,33.00,0.00,0.00,0.00,0.00
1768496685.4393163,33.00,0.00,33.00,0.00,0.00,0.00,66.00,33.00,33.00,0.00,33.00,0.00,0.00,0.00,33.00,0.00,66.00,0.00,99.00,33.00,0.00,0.00,0.00,0.00
1768496685.4399,33.00,0.00,33.00,0.00,0.00,0.00,66.00,33.00,33.00,0.00,33.00,0.00,0.00,0.00,33.00,0.00,66.00,0.00,99.00,33.00,0.00,0.00,0.00,0.00
1768496685.5078473,33.00,0.00,33.00,0.00,0.00,0.00,66.00,33.00,33.00,0.00,33.00,0.00,0.00,0.00,33.00,0.00,66.00,0.00,99.00,33.00,0.00,0.00,0.00,0.00
1768496685.5084388,33.00,0.00,33.00,0.00,0.00,0.00,66.00,33.00,33.00,0.00,33.00,0.00,0.00,0.00,33.00,0.00,66.00,0.00,99.00,33.00,0.00,0.00,0.00,0.00
1768496686.5782554,33.00,0.00,33.00,0.00,0.00,0.00,33.00,33.00,33.00,0.00,66.00,0.00,0.00,0.00,33.00,0.00,66.00,0.00,99.00,33.00,0.00,0.00,0.00,0.00
1768496686.5788214,33.00,0.00,33.00,0.00,0.00,0.00,33.00,33.00,33.00,0.00,66.00,0.00,0.00,0.00,33.00,0.00,66.00,0.00,99.00,33.00,0.00,0.00,0.00,0.00
1768496686.637655,33.00,0.00,33.00,0.00,0.00,0.00,33.00,33.00,33.00,0.00,66.00,0.00,0.00,0.00,33.00,0.00,66.00,0.00,99.00,33.00,0.00,0.00,0.00,0.00
1768496686.63832,33.00,0.00,33.00,0.00,0.00,0.00,33.00,33.00,33.00,0.00,66.00,0.00,0.00,0.00,33.00,0.00,66.00,0.00,99.00,33.00,0.00,0.00,0.00,0.00
1768496686.6959023,33.00,0.00,33.00,0.00,0.00,0.00,66.00,33.00,33.00,0.00,66.00,0.00,0.00,0.00,33.00,0.00,66.00,0.00,99.00,33.00,0.00,0.00,0.00,0.00
1768496686.6964543,33.00,0.00,33.00,0.00,0.00,0.00,66.00,33.00,33.00,0.00,66.00,0.00,0.00,0.00,33.00,0.00,66.00,0.00,99.00,33.00,0.00,0.00,0.00,0.00
1768496691.5877962,33.00,0.00,33.00,0.00,0.00,0.00,99.00,33.00,33.00,0.00,66.00,0.00,0.00,0.00,33.00,0.00,66.00,0.00,99.00,0.00,0.00,0.00,0.00,0.00
1768496691.5883963,33.00,0.00,33.00,0.00,0.00,0.00,99.00,33.00,33.00,0.00,66.00,0.00,0.00,0.00,33.00,0.00,66.00,0.00,99.00,0.00,0.00,0.00,0.00,0.00
1768496691.647267,33.00,0.00,33.00,0.00,0.00,0.00,99.00,33.00,33.00,0.00,66.00,0.00,0.00,0.00,33.00,0.00,66.00,0.00,99.00,0.00,0.00,0.00,0.00,0.00
1768496691.64783,33.00,0.00,33.00,0.00,0.00,0.00,99.00,33.00,33.00,0.00,66.00,0.00,0.00,0.00,33.00,0.00,66.00,0.00,99.00,0.00,0.00,0.00,0.00,0.00
1768496691.7053652,33.00,0.00,33.00,0.00,0.00,0.00,99.00,33.00,33.00,0.00,66.00,0.00,0.00,0.00,33.00,0.00,99.00,0.00,99.00,0.00,0.00,0.00,0.00,0.00
1768496691.7059183,33.00,0.00,33.00,0.00,0.00,0.00,99.00,33.00,33.00,0.00,66.00,0.00,0.00,0.00,33.00,0.00,99.00,0.00,99.00,0.00,0.00,0.00,0.00,0.00
1768496696.5966575,66.00,0.00,33.00,0.00,0.00,0.00,99.00,33.00,33.00,0.00,66.00,0.00,0.00,0.00,33.00,0.00,99.00,0.00,99.00,0.00,0.00,0.00,0.00,0.00
1768496696.5972817,66.00,0.00,33.00,0.00,0.00,0.00,99.00,33.00,33.00,0.00,66.00,0.00,0.00,0.00,33.00,0.00,99.00,0.00,99.00,0.00,0.00,0.00,0.00,0.00
1768496696.6562936,66.00,0.00,33.00,0.00,0.00,0.00,99.00,33.00,33.00,0.00,66.00,0.00,0.00,0.00,33.00,0.00,99.00,0.00,99.00,0.00,0.00,0.00,0.00,0.00
1768496696.656847,66.00,0.00,33.00,0.00,0.00,0.00,99.00,33.00,33.00,0.00,66.00,0.00,0.00,0.00,33.00,0.00,99.00,0.00,99.00,0.00,0.00,0.00,0.00,0.00
1768496696.715313,66.00,0.00,33.00,0.00,0.00,0.00,99.00,33.00,33.00,0.00,66.00,0.00,0.00,0.00,33.00,0.00,99.00,33.00,99.00,0.00,0.00,0.00,0.00,0.00
1768496696.7158864,66.00,0.00,33.00,0.00,0.00,0.00,99.00,33.00,33.00,0.00,66.00,0.00,0.00,0.00,33.00,0.00,99.00,33.00,99.00,0.00,0.00,0.00,0.00,0.00
1768496701.602444,66.00,0.00,33.00,0.00,0.00,0.00,99.00,33.00,33.00,0.00,66.00,0.00,0.00,0.00,66.00,0.00,99.00,33.00,99.00,0.00,0.00,0.00,0.00,0.00
1768496701.6055748,66.00,0.00,33.00,0.00,0.00,0.00,99.00,33.00,33.00,0.00,66.00,0.00,0.00,0.00,66.00,0.00,99.00,33.00,99.00,0.00,0.00,0.00,0.00,0.00
1768496703.031006,66.00,0.00,33.00,0.00,0.00,0.00,99.00,33.00,33.00,0.00,66.00,0.00,0.00,0.00,None,None,99.00,33.00,99.00,0.00,0.00,0.00,0.00,0.00
1768496703.0315943,66.00,0.00,33.00,0.00,0.00,0.00,99.00,33.00,33.00,0.00,66.00,0.00,0.00,0.00,None,None,99.00,33.00,99.00,0.00,0.00,0.00,0.00,0.00
1768496703.093601,66.00,0.00,33.00,0.00,0.00,0.00,99.00,33.00,66.00,0.00,66.00,0.00,0.00,0.00,None,None,99.00,33.00,99.00,0.00,0.00,0.00,0.00,0.00
1768496703.0942214,66.00,0.00,33.00,0.00,0.00,0.00,99.00,33.00,66.00,0.00,66.00,0.00,0.00,0.00,None,None,99.00,33.00,99.00,0.00,0.00,0.00,0.00,0.00
1768496703.1559463,66.00,0.00,33.00,0.00,0.00,0.00,99.00,33.00,66.00,0.00,66.00,0.00,0.00,0.00,None,None,99.00,33.00,99.00,0.00,0.00,0.00,0.00,0.00
1768496703.1565428,66.00,0.00,33.00,0.00,0.00,0.00,99.00,33.00,66.00,0.00,66.00,0.00,0.00,0.00,None,None,99.00,33.00,99.00,0.00,0.00,0.00,0.00,0.00
1768496703.2187812,66.00,0.00,33.00,0.00,0.00,0.00,99.00,33.00,66.00,0.00,66.00,0.00,0.00,0.00,None,None,99.00,33.00,99.00,0.00,0.00,0.00,0.00,0.00
1768496703.2193406,66.00,0.00,33.00,0.00,0.00,0.00,99.00,33.00,66.00,0.00,66.00,0.00,0.00,0.00,None,None,99.00,33.00,99.00,0.00,0.00,0.00,0.00,0.00
1768496703.2933533,66.00,0.00,66.00,0.00,0.00,0.00,99.00,33.00,66.00,0.00,66.00,0.00,0.00,0.00,None,None,99.00,33.00,99.00,0.00,0.00,0.00,0.00,0.00
1768496703.2941537,66.00,0.00,66.00,0.00,0.00,0.00,99.00,33.00,66.00,0.00,66.00,0.00,0.00,0.00,None,None,99.00,33.00,99.00,0.00,0.00,0.00,0.00,0.00
1768496703.3695464,66.00,0.00,66.00,0.00,0.00,0.00,99.00,33.00,66.00,0.00,66.00,0.00,0.00,0.00,None,None,99.00,33.00,99.00,0.00,0.00,0.00,0.00,0.00
1768496703.3701458,66.00,0.00,66.00,0.00,0.00,0.00,99.00,33.00,66.00,0.00,66.00,0.00,0.00,0.00,None,None,99.00,33.00,99.00,0.00,0.00,0.00,0.00,0.00
1768496703.4385245,66.00,0.00,66.00,0.00,0.00,0.00,99.00,33.00,66.00,0.00,66.00,0.00,0.00,0.00,None,None,99.00,33.00,99.00,33.00,0.00,0.00,0.00,0.00
1768496703.4390938,66.00,0.00,66.00,0.00,0.00,0.00,99.00,33.00,66.00,0.00,66.00,0.00,0.00,0.00,None,None,99.00,33.00,99.00,33.00,0.00,0.00,0.00,0.00
1768496703.5094333,66.00,0.00,66.00,0.00,0.00,0.00,99.00,33.00,66.00,0.00,66.00,0.00,0.00,0.00,None,None,99.00,33.00,99.00,33.00,0.00,0.00,0.00,0.00
1768496703.5100224,66.00,0.00,66.00,0.00,0.00,0.00,99.00,33.00,66.00,0.00,66.00,0.00,0.00,0.00,None,None,99.00,33.00,99.00,33.00,0.00,0.00,0.00,0.00
1768496703.5800157,66.00,0.00,66.00,0.00,0.00,0.00,99.00,33.00,66.00,0.00,66.00,0.00,0.00,0.00,None,None,99.00,33.00,99.00,33.00,0.00,0.00,0.00,0.00
1768496703.5806835,66.00,0.00,66.00,0.00,0.00,0.00,99.00,33.00,66.00,0.00,66.00,0.00,0.00,0.00,None,None,99.00,33.00,99.00,33.00,0.00,0.00,0.00,0.00
1768496703.6577935,66.00,0.00,66.00,0.00,0.00,0.00,99.00,33.00,66.00,0.00,66.00,0.00,0.00,0.00,None,None,99.00,33.00,99.00,33.00,0.00,0.00,0.00,0.00
1768496703.6584535,66.00,0.00,66.00,0.00,0.00,0.00,99.00,33.00,66.00,0.00,66.00,0.00,0.00,0.00,None,None,99.00,33.00,99.00,33.00,0.00,0.00,0.00,0.00
1768496704.441664,66.00,0.00,66.00,0.00,0.00,0.00,99.00,33.00,66.00,0.00,99.00,0.00,0.00,0.00,None,None,None,None,66.00,33.00,0.00,0.00,0.00,0.00
1768496704.4422607,66.00,0.00,66.00,0.00,0.00,0.00,99.00,33.00,66.00,0.00,99.00,0.00,0.00,0.00,None,None,None,None,66.00,33.00,0.00,0.00,0.00,0.00
1768496704.507809,66.00,0.00,66.00,0.00,0.00,0.00,99.00,33.00,66.00,0.00,99.00,0.00,0.00,0.00,None,None,None,None,99.00,33.00,0.00,0.00,0.00,0.00
1768496704.508383,66.00,0.00,66.00,0.00,0.00,0.00,99.00,33.00,66.00,0.00,99.00,0.00,0.00,0.00,None,None,None,None,99.00,33.00,0.00,0.00,0.00,0.00
1768496704.5727038,66.00,0.00,66.00,0.00,0.00,0.00,99.00,33.00,66.00,0.00,99.00,0.00,0.00,0.00,None,None,None,None,99.00,33.00,0.00,0.00,0.00,0.00
1768496704.573271,66.00,0.00,66.00,0.00,0.00,0.00,99.00,33.00,66.00,0.00,99.00,0.00,0.00,0.00,None,None,None,None,99.00,33.00,0.00,0.00,0.00,0.00
1768496704.6404254,66.00,0.00,66.00,0.00,0.00,0.00,99.00,33.00,66.00,0.00,99.00,0.00,0.00,0.00,None,None,None,None,99.00,33.00,0.00,0.00,0.00,0.00
1768496704.6410334,66.00,0.00,66.00,0.00,0.00,0.00,99.00,33.00,66.00,0.00,99.00,0.00,0.00,0.00,None,None,None,None,99.00,33.00,0.00,0.00,0.00,0.00
1768496704.7056422,66.00,0.00,66.00,0.00,0.00,0.00,99.00,33.00,66.00,0.00,99.00,33.00,0.00,0.00,None,None,None,None,99.00,33.00,0.00,0.00,0.00,0.00
1768496704.7062395,66.00,0.00,66.00,0.00,0.00,0.00,99.00,33.00,66.00,0.00,99.00,33.00,0.00,0.00,None,None,None,None,99.00,33.00,0.00,0.00,0.00,0.00
1768496704.7845597,66.00,0.00,66.00,0.00,0.00,0.00,99.00,33.00,66.00,0.00,99.00,33.00,0.00,0.00,None,None,None,None,99.00,33.00,0.00,0.00,0.00,0.00
1768496704.7851853,66.00,0.00,66.00,0.00,0.00,0.00,99.00,33.00,66.00,0.00,99.00,33.00,0.00,0.00,None,None,None,None,99.00,33.00,0.00,0.00,0.00,0.00
1768496704.8571842,66.00,0.00,66.00,0.00,0.00,0.00,99.00,33.00,66.00,0.00,99.00,33.00,0.00,0.00,None,None,None,None,99.00,33.00,0.00,0.00,0.00,0.00
1768496704.8577533,66.00,0.00,66.00,0.00,0.00,0.00,99.00,33.00,66.00,0.00,99.00,33.00,0.00,0.00,None,None,None,None,99.00,33.00,0.00,0.00,0.00,0.00
1768496704.930189,66.00,0.00,66.00,0.00,0.00,0.00,99.00,33.00,66.00,0.00,99.00,33.00,0.00,0.00,None,None,None,None,99.00,33.00,0.00,0.00,0.00,0.00
1768496704.9308245,66.00,0.00,66.00,0.00,0.00,0.00,99.00,33.00,66.00,0.00,99.00,33.00,0.00,0.00,None,None,None,None,99.00,33.00,0.00,0.00,0.00,0.00
1768496705.2936566,None,None,66.00,0.00,0.00,0.00,99.00,33.00,66.00,0.00,99.00,33.00,0.00,0.00,None,None,None,None,99.00,0.00,0.00,0.00,0.00,0.00
1768496705.2942507,None,None,66.00,0.00,0.00,0.00,99.00,33.00,66.00,0.00,99.00,33.00,0.00,0.00,None,None,None,None,99.00,0.00,0.00,0.00,0.00,0.00
1768496705.3549314,None,None,66.00,0.00,0.00,0.00,99.00,33.00,66.00,0.00,99.00,33.00,0.00,0.00,None,None,None,None,99.00,0.00,0.00,0.00,0.00,0.00
1768496705.3554676,None,None,66.00,0.00,0.00,0.00,99.00,33.00,66.00,0.00,99.00,33.00,0.00,0.00,None,None,None,None,99.00,0.00,0.00,0.00,0.00,0.00
1768496705.4187794,None,None,66.00,0.00,0.00,0.00,99.00,33.00,66.00,0.00,99.00,33.00,0.00,0.00,None,None,None,None,99.00,0.00,0.00,0.00,0.00,0.00
1768496705.419429,None,None,66.00,0.00,0.00,0.00,99.00,33.00,66.00,0.00,99.00,33.00,0.00,0.00,None,None,None,None,99.00,0.00,0.00,0.00,0.00,0.00
1768496705.4822552,None,None,66.00,0.00,0.00,0.00,99.00,33.00,66.00,0.00,99.00,33.00,0.00,0.00,None,None,None,None,99.00,0.00,0.00,0.00,0.00,0.00
1768496705.4828742,None,None,66.00,0.00,0.00,0.00,99.00,33.00,66.00,0.00,99.00,33.00,0.00,0.00,None,None,None,None,99.00,0.00,0.00,0.00,0.00,0.00
1768496705.547581,None,None,66.00,0.00,0.00,0.00,99.00,33.00,66.00,0.00,99.00,33.00,0.00,0.00,None,None,None,None,99.00,0.00,0.00,0.00,0.00,0.00
1768496705.5483317,None,None,66.00,0.00,0.00,0.00,99.00,33.00,66.00,0.00,99.00,33.00,0.00,0.00,None,None,None,None,99.00,0.00,0.00,0.00,0.00,0.00
1768496705.6152334,None,None,66.00,0.00,0.00,0.00,99.00,33.00,66.00,0.00,99.00,33.00,0.00,0.00,None,None,None,None,99.00,0.00,0.00,0.00,0.00,0.00
1768496705.615863,None,None,66.00,0.00,0.00,0.00,99.00,33.00,66.00,0.00,99.00,33.00,0.00,0.00,None,None,None,None,99.00,0.00,0.00,0.00,0.00,0.00
1768496705.6817355,None,None,66.00,0.00,0.00,0.00,99.00,33.00,66.00,0.00,99.00,33.00,0.00,0.00,None,None,None,None,99.00,0.00,0.00,0.00,0.00,0.00
1768496705.6823604,None,None,66.00,0.00,0.00,0.00,99.00,33.00,66.00,0.00,99.00,33.00,0.00,0.00,None,None,None,None,99.00,0.00,0.00,0.00,0.00,0.00
1768496705.7578697,None,None,66.00,0.00,0.00,0.00,99.00,33.00,66.00,0.00,99.00,33.00,0.00,0.00,None,None,None,None,99.00,0.00,0.00,0.00,0.00,0.00
1768496705.7585301,None,None,66.00,0.00,0.00,0.00,99.00,33.00,66.00,0.00,99.00,33.00,0.00,0.00,None,None,None,None,99.00,0.00,0.00,0.00,0.00,0.00
1768496706.61601,None,None,66.00,0.00,0.00,0.00,99.00,33.00,66.00,0.00,99.00,33.00,0.00,0.00,None,None,None,None,99.00,0.00,0.00,0.00,0.00,0.00
1768496706.6166432,None,None,66.00,0.00,0.00,0.00,99.00,33.00,66.00,0.00,99.00,33.00,0.00,0.00,None,None,None,None,99.00,0.00,0.00,0.00,0.00,0.00
1768496708.1017783,None,None,66.00,0.00,0.00,0.00,99.00,33.00,66.00,0.00,99.00,33.00,0.00,0.00,None,None,None,None,99.00,0.00,0.00,0.00,0.00,0.00
1768496708.1023905,None,None,66.00,0.00,0.00,0.00,99.00,33.00,66.00,0.00,99.00,33.00,0.00,0.00,None,None,None,None,99.00,0.00,0.00,0.00,0.00,0.00
1768496715.2394202,None,None,66.00,0.00,0.00,0.00,99.00,33.00,66.00,0.00,99.00,33.00,None,None,None,None,None,None,66.00,0.00,0.00,0.00,0.00,0.00
1768496715.239992,None,None,66.00,0.00,0.00,0.00,99.00,33.00,66.00,0.00,99.00,33.00,None,None,None,None,None,None,66.00,0.00,0.00,0.00,0.00,0.00
1768496716.6254363,None,None,66.00,0.00,0.00,0.00,99.00,33.00,66.00,0.00,99.00,33.00,None,None,None,None,None,None,99.00,0.00,0.00,0.00,0.00,0.00
1768496716.6260383,None,None,66.00,0.00,0.00,0.00,99.00,33.00,66.00,0.00,99.00,33.00,None,None,None,None,None,None,99.00,0.00,0.00,0.00,0.00,0.00
1768496719.206627,None,None,66.00,0.00,0.00,0.00,99.00,33.00,66.00,0.00,99.00,33.00,None,None,None,None,None,None,99.00,0.00,0.00,0.00,0.00,0.00
1768496719.2072294,None,None,66.00,0.00,0.00,0.00,99.00,33.00,66.00,0.00,99.00,33.00,None,None,None,None,None,None,99.00,0.00,0.00,0.00,0.00,0.00
1768496719.2936804,None,None,66.00,0.00,0.00,0.00,99.00,33.00,66.00,0.00,99.00,33.00,None,None,None,None,None,None,99.00,0.00,0.00,0.00,0.00,0.00
1768496719.294288,None,None,66.00,0.00,0.00,0.00,99.00,33.00,66.00,0.00,99.00,33.00,None,None,None,None,None,None,99.00,0.00,0.00,0.00,0.00,0.00
1768496719.3805661,None,None,66.00,0.00,0.00,0.00,99.00,33.00,66.00,0.00,99.00,33.00,None,None,None,None,None,None,99.00,0.00,0.00,0.00,0.00,0.00
1768496719.381164,None,None,66.00,0.00,0.00,0.00,99.00,33.00,66.00,0.00,99.00,33.00,None,None,None,None,None,None,99.00,0.00,0.00,0.00,0.00,0.00
1768496719.4676821,None,None,66.00,0.00,0.00,0.00,99.00,33.00,66.00,0.00,99.00,33.00,None,None,None,None,None,None,99.00,0.00,0.00,0.00,0.00,0.00
1768496719.4682717,None,None,66.00,0.00,0.00,0.00,99.00,33.00,66.00,0.00,99.00,33.00,None,None,None,None,None,None,99.00,0.00,0.00,0.00,0.00,0.00
1768496719.5501423,None,None,66.00,0.00,0.00,0.00,99.00,33.00,66.00,0.00,99.00,33.00,None,None,None,None,None,None,99.00,0.00,0.00,0.00,0.00,0.00
1768496719.5507135,None,None,66.00,0.00,0.00,0.00,99.00,33.00,66.00,0.00,99.00,33.00,None,None,None,None,None,None,99.00,0.00,0.00,0.00,0.00,0.00
1768496719.6404886,None,None,66.00,0.00,0.00,0.00,99.00,33.00,66.00,0.00,99.00,33.00,None,None,None,None,None,None,99.00,0.00,0.00,0.00,0.00,0.00
1768496719.6410964,None,None,66.00,0.00,0.00,0.00,99.00,33.00,66.00,0.00,99.00,33.00,None,None,None,None,None,None,99.00,0.00,0.00,0.00,0.00,0.00
1768496721.6527867,None,None,66.00,0.00,0.00,0.00,99.00,33.00,66.00,0.00,99.00,33.00,None,None,None,None,None,None,99.00,0.00,0.00,0.00,0.00,0.00
1768496721.6533692,None,None,66.00,0.00,0.00,0.00,99.00,33.00,66.00,0.00,99.00,33.00,None,None,None,None,None,None,99.00,0.00,0.00,0.00,0.00,0.00
1768496729.343981,0.00,0.00,66.00,0.00,0.00,0.00,66.00,33.00,33.00,0.00,None,None,None,None,33.00,0.00,33.00,0.00,66.00,0.00,0.00,0.00,0.00,0.00
1768496729.3445947,0.00,0.00,66.00,0.00,0.00,0.00,66.00,33.00,33.00,0.00,None,None,None,None,33.00,0.00,33.00,0.00,66.00,0.00,0.00,0.00,0.00,0.00
1768496729.411327,0.00,0.00,66.00,0.00,0.00,0.00,66.00,33.00,33.00,0.00,None,None,None,None,33.00,0.00,33.00,0.00,99.00,0.00,0.00,0.00,0.00,0.00
1768496729.4119058,0.00,0.00,66.00,0.00,0.00,0.00,66.00,33.00,33.00,0.00,None,None,None,None,33.00,0.00,33.00,0.00,99.00,0.00,0.00,0.00,0.00,0.00
1768496729.479628,0.00,0.00,66.00,0.00,0.00,0.00,66.00,33.00,33.00,0.00,None,None,None,None,33.00,0.00,33.00,0.00,99.00,0.00,0.00,0.00,0.00,0.00
1768496729.4801893,0.00,0.00,66.00,0.00,0.00,0.00,66.00,33.00,33.00,0.00,None,None,None,None,33.00,0.00,33.00,0.00,99.00,0.00,0.00,0.00,0.00,0.00
1768496729.5478065,0.00,0.00,66.00,0.00,0.00,0.00,66.00,33.00,33.00,0.00,None,None,None,None,33.00,0.00,33.00,0.00,99.00,0.00,0.00,0.00,0.00,0.00
1768496729.5483944,0.00,0.00,66.00,0.00,0.00,0.00,66.00,33.00,33.00,0.00,None,None,None,None,33.00,0.00,33.00,0.00,99.00,0.00,0.00,0.00,0.00,0.00
1768496729.621198,0.00,0.00,66.00,0.00,0.00,0.00,66.00,33.00,33.00,0.00,None,None,None,None,33.00,0.00,33.00,0.00,99.00,0.00,0.00,0.00,0.00,0.00
1768496729.621785,0.00,0.00,66.00,0.00,0.00,0.00,66.00,33.00,33.00,0.00,None,None,None,None,33.00,0.00,33.00,0.00,99.00,0.00,0.00,0.00,0.00,0.00
1768496729.6968272,0.00,0.00,66.00,0.00,0.00,0.00,66.00,33.00,33.00,0.00,None,None,None,None,33.00,0.00,33.00,0.00,99.00,0.00,0.00,0.00,0.00,0.00
1768496729.6974885,0.00,0.00,66.00,0.00,0.00,0.00,66.00,33.00,33.00,0.00,None,None,None,None,33.00,0.00,33.00,0.00,99.00,0.00,0.00,0.00,0.00,0.00
1768496729.7649329,0.00,0.00,66.00,0.00,0.00,0.00,66.00,33.00,33.00,0.00,None,None,None,None,33.00,0.00,33.00,0.00,99.00,0.00,0.00,0.00,0.00,0.00
1768496729.7655294,0.00,0.00,66.00,0.00,0.00,0.00,66.00,33.00,33.00,0.00,None,None,None,None,33.00,0.00,33.00,0.00,99.00,0.00,0.00,0.00,0.00,0.00
1768496729.8296535,0.00,0.00,66.00,0.00,0.00,0.00,66.00,33.00,33.00,0.00,None,None,None,None,33.00,0.00,33.00,0.00,99.00,0.00,0.00,0.00,0.00,0.00
1768496729.8302436,0.00,0.00,66.00,0.00,0.00,0.00,66.00,33.00,33.00,0.00,None,None,None,None,33.00,0.00,33.00,0.00,99.00,0.00,0.00,0.00,0.00,0.00
1768496741.2279613,0.00,0.00,66.00,0.00,0.00,0.00,66.00,33.00,33.00,0.00,None,None,0.00,0.00,33.00,0.00,66.00,0.00,99.00,0.00,0.00,0.00,0.00,0.00
1768496741.228598,0.00,0.00,66.00,0.00,0.00,0.00,66.00,33.00,33.00,0.00,None,None,0.00,0.00,33.00,0.00,66.00,0.00,99.00,0.00,0.00,0.00,0.00,0.00
1768496741.3020773,0.00,0.00,66.00,0.00,0.00,0.00,66.00,33.00,33.00,0.00,None,None,0.00,0.00,66.00,0.00,66.00,0.00,99.00,0.00,0.00,0.00,0.00,0.00
1768496741.3026385,0.00,0.00,66.00,0.00,0.00,0.00,66.00,33.00,33.00,0.00,None,None,0.00,0.00,66.00,0.00,66.00,0.00,99.00,0.00,0.00,0.00,0.00,0.00
1768496741.374853,0.00,0.00,66.00,0.00,0.00,0.00,66.00,33.00,33.00,0.00,None,None,0.00,0.00,66.00,0.00,66.00,0.00,99.00,33.00,0.00,0.00,0.00,0.00
1768496741.3780007,0.00,0.00,66.00,0.00,0.00,0.00,66.00,33.00,33.00,0.00,None,None,0.00,0.00,66.00,0.00,66.00,0.00,99.00,33.00,0.00,0.00,0.00,0.00
1768496741.4517097,33.00,0.00,66.00,0.00,0.00,0.00,66.00,33.00,33.00,0.00,None,None,0.00,0.00,66.00,0.00,66.00,0.00,99.00,33.00,0.00,0.00,0.00,0.00
1768496741.4522803,33.00,0.00,66.00,0.00,0.00,0.00,66.00,33.00,33.00,0.00,None,None,0.00,0.00,66.00,0.00,66.00,0.00,99.00,33.00,0.00,0.00,0.00,0.00
1768496741.5287945,33.00,0.00,66.00,0.00,0.00,0.00,66.00,33.00,33.00,0.00,None,None,0.00,0.00,66.00,0.00,66.00,33.00,99.00,33.00,0.00,0.00,0.00,0.00
1768496741.5293937,33.00,0.00,66.00,0.00,0.00,0.00,66.00,33.00,33.00,0.00,None,None,0.00,0.00,66.00,0.00,66.00,33.00,99.00,33.00,0.00,0.00,0.00,0.00
1768496741.6168387,33.00,0.00,66.00,0.00,0.00,0.00,66.00,33.00,33.00,0.00,None,None,0.00,0.00,66.00,0.00,66.00,33.00,99.00,33.00,0.00,0.00,0.00,0.00
1768496741.6174474,33.00,0.00,66.00,0.00,0.00,0.00,66.00,33.00,33.00,0.00,None,None,0.00,0.00,66.00,0.00,66.00,33.00,99.00,33.00,0.00,0.00,0.00,0.00
1768496754.4404728,33.00,0.00,66.00,0.00,0.00,0.00,33.00,33.00,33.00,0.00,99.00,0.00,0.00,0.00,0.00,0.00,None,None,33.00,33.00,0.00,0.00,0.00,0.00
1768496754.441107,33.00,0.00,66.00,0.00,0.00,0.00,33.00,33.00,33.00,0.00,99.00,0.00,0.00,0.00,0.00,0.00,None,None,33.00,33.00,0.00,0.00,0.00,0.00
1768496754.5042646,33.00,0.00,66.00,0.00,0.00,0.00,33.00,33.00,33.00,0.00,99.00,0.00,0.00,0.00,0.00,0.00,None,None,33.00,33.00,0.00,0.00,0.00,0.00
1768496754.504851,33.00,0.00,66.00,0.00,0.00,0.00,33.00,33.00,33.00,0.00,99.00,0.00,0.00,0.00,0.00,0.00,None,None,33.00,33.00,0.00,0.00,0.00,0.00
1768496754.5683043,33.00,0.00,66.00,0.00,0.00,0.00,33.00,33.00,33.00,0.00,99.00,0.00,0.00,0.00,0.00,0.00,None,None,33.00,33.00,0.00,0.00,0.00,0.00
1768496754.5688472,33.00,0.00,66.00,0.00,0.00,0.00,33.00,33.00,33.00,0.00,99.00,0.00,0.00,0.00,0.00,0.00,None,None,33.00,33.00,0.00,0.00,0.00,0.00
1768496756.2619812,33.00,0.00,66.00,0.00,0.00,0.00,33.00,33.00,33.00,0.00,99.00,0.00,0.00,0.00,0.00,0.00,None,None,33.00,33.00,0.00,0.00,0.00,0.00
1768496756.262629,33.00,0.00,66.00,0.00,0.00,0.00,33.00,33.00,33.00,0.00,99.00,0.00,0.00,0.00,0.00,0.00,None,None,33.00,33.00,0.00,0.00,0.00,0.00
1768496756.3415463,33.00,0.00,66.00,0.00,0.00,0.00,33.00,33.00,33.00,0.00,99.00,0.00,0.00,0.00,0.00,0.00,None,None,33.00,33.00,0.00,0.00,0.00,0.00
1768496756.342189,33.00,0.00,66.00,0.00,0.00,0.00,33.00,33.00,33.00,0.00,99.00,0.00,0.00,0.00,0.00,0.00,None,None,33.00,33.00,0.00,0.00,0.00,0.00
1768496756.4230587,33.00,0.00,66.00,0.00,0.00,0.00,33.00,33.00,33.00,0.00,99.00,0.00,0.00,0.00,0.00,0.00,None,None,66.00,33.00,0.00,0.00,0.00,0.00
1768496756.4237056,33.00,0.00,66.00,0.00,0.00,0.00,33.00,33.00,33.00,0.00,99.00,0.00,0.00,0.00,0.00,0.00,None,None,66.00,33.00,0.00,0.00,0.00,0.00
1768496756.5021522,33.00,0.00,66.00,0.00,0.00,0.00,33.00,33.00,33.00,0.00,99.00,0.00,0.00,0.00,0.00,0.00,None,None,66.00,33.00,0.00,0.00,0.00,0.00
1768496756.5027668,33.00,0.00,66.00,0.00,0.00,0.00,33.00,33.00,33.00,0.00,99.00,0.00,0.00,0.00,0.00,0.00,None,None,66.00,33.00,0.00,0.00,0.00,0.00
1768496756.5816126,33.00,0.00,66.00,0.00,0.00,0.00,66.00,33.00,33.00,0.00,99.00,0.00,0.00,0.00,0.00,0.00,None,None,66.00,33.00,0.00,0.00,0.00,0.00
1768496756.582382,33.00,0.00,66.00,0.00,0.00,0.00,66.00,33.00,33.00,0.00,99.00,0.00,0.00,0.00,0.00,0.00,None,None,66.00,33.00,0.00,0.00,0.00,0.00
1768496760.239608,33.00,0.00,66.00,0.00,0.00,0.00,66.00,0.00,33.00,0.00,99.00,0.00,0.00,0.00,0.00,0.00,None,None,66.00,33.00,0.00,0.00,0.00,0.00
1768496760.2404804,33.00,0.00,66.00,0.00,0.00,0.00,66.00,0.00,33.00,0.00,99.00,0.00,0.00,0.00,0.00,0.00,None,None,66.00,33.00,0.00,0.00,0.00,0.00
1768496760.3274584,33.00,0.00,66.00,0.00,0.00,0.00,66.00,0.00,33.00,0.00,99.00,0.00,0.00,0.00,0.00,0.00,None,None,66.00,33.00,0.00,0.00,0.00,0.00
1768496760.3280654,33.00,0.00,66.00,0.00,0.00,0.00,66.00,0.00,33.00,0.00,99.00,0.00,0.00,0.00,0.00,0.00,None,None,66.00,33.00,0.00,0.00,0.00,0.00
1768496760.401398,33.00,0.00,66.00,0.00,0.00,0.00,66.00,0.00,33.00,0.00,99.00,0.00,0.00,0.00,0.00,0.00,None,None,66.00,33.00,0.00,0.00,0.00,0.00
1768496760.4019737,33.00,0.00,66.00,0.00,0.00,0.00,66.00,0.00,33.00,0.00,99.00,0.00,0.00,0.00,0.00,0.00,None,None,66.00,33.00,0.00,0.00,0.00,0.00
1768496760.4759583,33.00,0.00,66.00,0.00,0.00,0.00,66.00,0.00,33.00,0.00,99.00,0.00,0.00,0.00,0.00,0.00,None,None,66.00,33.00,0.00,0.00,0.00,0.00
1768496760.4765317,33.00,0.00,66.00,0.00,0.00,0.00,66.00,0.00,33.00,0.00,99.00,0.00,0.00,0.00,0.00,0.00,None,None,66.00,33.00,0.00,0.00,0.00,0.00
1768496760.5713506,33.00,0.00,66.00,0.00,0.00,0.00,66.00,0.00,33.00,0.00,99.00,0.00,0.00,0.00,0.00,0.00,None,None,66.00,33.00,0.00,0.00,0.00,0.00
1768496760.5719545,33.00,0.00,66.00,0.00,0.00,0.00,66.00,0.00,33.00,0.00,99.00,0.00,0.00,0.00,0.00,0.00,None,None,66.00,33.00,0.00,0.00,0.00,0.00
1768496760.6507142,33.00,0.00,66.00,0.00,0.00,0.00,66.00,0.00,33.00,0.00,99.00,33.00,0.00,0.00,0.00,0.00,None,None,66.00,33.00,0.00,0.00,0.00,0.00
1768496760.651316,33.00,0.00,66.00,0.00,0.00,0.00,66.00,0.00,33.00,0.00,99.00,33.00,0.00,0.00,0.00,0.00,None,None,66.00,33.00,0.00,0.00,0.00,0.00
1768496771.7064488,33.00,0.00,66.00,0.00,0.00,0.00,66.00,0.00,33.00,0.00,66.00,33.00,0.00,0.00,0.00,0.00,None,None,66.00,0.00,0.00,0.00,0.00,0.00
1768496771.7070374,33.00,0.00,66.00,0.00,0.00,0.00,66.00,0.00,33.00,0.00,66.00,33.00,0.00,0.00,0.00,0.00,None,None,66.00,0.00,0.00,0.00,0.00,0.00
1768496786.7191594,66.00,0.00,66.00,0.00,0.00,0.00,66.00,0.00,33.00,0.00,66.00,33.00,0.00,0.00,0.00,0.00,33.00,0.00,66.00,0.00,0.00,0.00,0.00,0.00
1768496786.7197537,66.00,0.00,66.00,0.00,0.00,0.00,66.00,0.00,33.00,0.00,66.00,33.00,0.00,0.00,0.00,0.00,33.00,0.00,66.00,0.00,0.00,0.00,0.00,0.00
1768496786.7874246,66.00,0.00,66.00,0.00,0.00,0.00,66.00,0.00,66.00,0.00,66.00,33.00,0.00,0.00,0.00,0.00,33.00,0.00,66.00,0.00,0.00,0.00,0.00,0.00
1768496786.7879698,66.00,0.00,66.00,0.00,0.00,0.00,66.00,0.00,66.00,0.00,66.00,33.00,0.00,0.00,0.00,0.00,33.00,0.00,66.00,0.00,0.00,0.00,0.00,0.00
1768496786.8578606,66.00,0.00,66.00,0.00,0.00,0.00,66.00,0.00,66.00,0.00,66.00,33.00,0.00,0.00,0.00,0.00,33.00,0.00,66.00,0.00,0.00,0.00,0.00,0.00
1768496786.858475,66.00,0.00,66.00,0.00,0.00,0.00,66.00,0.00,66.00,0.00,66.00,33.00,0.00,0.00,0.00,0.00,33.00,0.00,66.00,0.00,0.00,0.00,0.00,0.00
1768496788.2609222,66.00,0.00,66.00,0.00,0.00,0.00,66.00,0.00,66.00,0.00,66.00,33.00,0.00,0.00,0.00,0.00,66.00,0.00,66.00,0.00,0.00,0.00,0.00,0.00
1768496788.2615068,66.00,0.00,66.00,0.00,0.00,0.00,66.00,0.00,66.00,0.00,66.00,33.00,0.00,0.00,0.00,0.00,66.00,0.00,66.00,0.00,0.00,0.00,0.00,0.00
1768496788.3401191,66.00,0.00,66.00,0.00,0.00,0.00,66.00,0.00,66.00,0.00,66.00,33.00,0.00,0.00,0.00,0.00,66.00,0.00,66.00,0.00,0.00,0.00,0.00,0.00
1768496788.3407078,66.00,0.00,66.00,0.00,0.00,0.00,66.00,0.00,66.00,0.00,66.00,33.00,0.00,0.00,0.00,0.00,66.00,0.00,66.00,0.00,0.00,0.00,0.00,0.00
1768496788.4151192,66.00,0.00,66.00,0.00,0.00,0.00,66.00,0.00,66.00,0.00,66.00,33.00,0.00,0.00,0.00,0.00,66.00,0.00,66.00,0.00,0.00,0.00,0.00,0.00
1768496788.4158204,66.00,0.00,66.00,0.00,0.00,0.00,66.00,0.00,66.00,0.00,66.00,33.00,0.00,0.00,0.00,0.00,66.00,0.00,66.00,0.00,0.00,0.00,0.00,0.00
1768496788.4851754,66.00,0.00,66.00,0.00,0.00,0.00,66.00,0.00,66.00,0.00,66.00,33.00,0.00,0.00,0.00,0.00,66.00,0.00,66.00,0.00,0.00,0.00,0.00,0.00
1768496788.4857688,66.00,0.00,66.00,0.00,0.00,0.00,66.00,0.00,66.00,0.00,66.00,33.00,0.00,0.00,0.00,0.00,66.00,0.00,66.00,0.00,0.00,0.00,0.00,0.00
1768496788.5575895,66.00,0.00,66.00,0.00,0.00,0.00,66.00,0.00,66.00,0.00,66.00,33.00,0.00,0.00,0.00,0.00,66.00,0.00,66.00,0.00,0.00,0.00,0.00,0.00
1768496788.5581737,66.00,0.00,66.00,0.00,0.00,0.00,66.00,0.00,66.00,0.00,66.00,33.00,0.00,0.00,0.00,0.00,66.00,0.00,66.00,0.00,0.00,0.00,0.00,0.00
1768496788.633373,66.00,0.00,66.00,0.00,0.00,0.00,66.00,0.00,66.00,0.00,66.00,33.00,0.00,0.00,33.00,0.00,66.00,0.00,66.00,0.00,0.00,0.00,0.00,0.00
1768496788.6341088,66.00,0.00,66.00,0.00,0.00,0.00,66.00,0.00,66.00,0.00,66.00,33.00,0.00,0.00,33.00,0.00,66.00,0.00,66.00,0.00,0.00,0.00,0.00,0.00
1768496791.7361875,66.00,0.00,33.00,0.00,0.00,0.00,66.00,0.00,66.00,0.00,99.00,33.00,0.00,0.00,33.00,0.00,66.00,0.00,66.00,0.00,0.00,0.00,0.00,0.00
1768496791.7368822,66.00,0.00,33.00,0.00,0.00,0.00,66.00,0.00,66.00,0.00,99.00,33.00,0.00,0.00,33.00,0.00,66.00,0.00,66.00,0.00,0.00,0.00,0.00,0.00
1768496791.8027809,66.00,0.00,33.00,0.00,0.00,0.00,66.00,0.00,66.00,0.00,99.00,33.00,0.00,0.00,33.00,0.00,66.00,0.00,66.00,0.00,0.00,0.00,0.00,0.00
1768496791.8034654,66.00,0.00,33.00,0.00,0.00,0.00,66.00,0.00,66.00,0.00,99.00,33.00,0.00,0.00,33.00,0.00,66.00,0.00,66.00,0.00,0.00,0.00,0.00,0.00
1768496796.7283602,66.00,0.00,33.00,0.00,0.00,0.00,66.00,0.00,33.00,0.00,99.00,33.00,0.00,0.00,33.00,0.00,33.00,0.00,66.00,0.00,0.00,0.00,0.00,0.00
1768496796.7291472,66.00,0.00,33.00,0.00,0.00,0.00,66.00,0.00,33.00,0.00,99.00,33.00,0.00,0.00,33.00,0.00,33.00,0.00,66.00,0.00,0.00,0.00,0.00,0.00
1768496801.7320824,66.00,0.00,33.00,0.00,0.00,0.00,33.00,0.00,33.00,0.00,99.00,33.00,0.00,0.00,33.00,0.00,33.00,0.00,66.00,0.00,0.00,0.00,0.00,0.00
1768496801.7326758,66.00,0.00,33.00,0.00,0.00,0.00,33.00,0.00,33.00,0.00,99.00,33.00,0.00,0.00,33.00,0.00,33.00,0.00,66.00,0.00,0.00,0.00,0.00,0.00
1768496812.281113,66.00,0.00,33.00,0.00,0.00,0.00,33.00,0.00,33.00,0.00,66.00,33.00,0.00,0.00,33.00,0.00,33.00,0.00,66.00,0.00,0.00,0.00,0.00,0.00
1768496812.2816901,66.00,0.00,33.00,0.00,0.00,0.00,33.00,0.00,33.00,0.00,66.00,33.00,0.00,0.00,33.00,0.00,33.00,0.00,66.00,0.00,0.00,0.00,0.00,0.00
1768496812.350923,66.00,0.00,33.00,0.00,0.00,0.00,33.00,0.00,33.00,0.00,66.00,33.00,0.00,0.00,33.00,0.00,66.00,0.00,66.00,0.00,0.00,0.00,0.00,0.00
1768496812.3515666,66.00,0.00,33.00,0.00,0.00,0.00,33.00,0.00,33.00,0.00,66.00,33.00,0.00,0.00,33.00,0.00,66.00,0.00,66.00,0.00,0.00,0.00,0.00,0.00
1768496812.4251404,66.00,0.00,33.00,0.00,0.00,0.00,33.00,0.00,33.00,0.00,99.00,33.00,0.00,0.00,33.00,0.00,66.00,0.00,66.00,0.00,0.00,0.00,0.00,0.00
1768496812.4257145,66.00,0.00,33.00,0.00,0.00,0.00,33.00,0.00,33.00,0.00,99.00,33.00,0.00,0.00,33.00,0.00,66.00,0.00,66.00,0.00,0.00,0.00,0.00,0.00
1768496812.5123982,66.00,0.00,33.00,0.00,0.00,0.00,66.00,0.00,33.00,0.00,99.00,33.00,0.00,0.00,33.00,0.00,66.00,0.00,66.00,0.00,0.00,0.00,0.00,0.00
1768496812.5130255,66.00,0.00,33.00,0.00,0.00,0.00,66.00,0.00,33.00,0.00,99.00,33.00,0.00,0.00,33.00,0.00,66.00,0.00,66.00,0.00,0.00,0.00,0.00,0.00
1768496812.5877073,66.00,0.00,33.00,0.00,0.00,0.00,66.00,0.00,33.00,0.00,99.00,33.00,0.00,0.00,33.00,0.00,66.00,0.00,66.00,33.00,0.00,0.00,0.00,0.00
1768496812.5884216,66.00,0.00,33.00,0.00,0.00,0.00,66.00,0.00,33.00,0.00,99.00,33.00,0.00,0.00,33.00,0.00,66.00,0.00,66.00,33.00,0.00,0.00,0.00,0.00
1768496812.662622,66.00,0.00,66.00,0.00,0.00,0.00,66.00,0.00,33.00,0.00,99.00,33.00,0.00,0.00,33.00,0.00,66.00,0.00,66.00,33.00,0.00,0.00,0.00,0.00
1768496812.6632562,66.00,0.00,66.00,0.00,0.00,0.00,66.00,0.00,33.00,0.00,99.00,33.00,0.00,0.00,33.00,0.00,66.00,0.00,66.00,33.00,0.00,0.00,0.00,0.00
1768496818.4042716,66.00,0.00,66.00,0.00,0.00,0.00,99.00,0.00,33.00,0.00,99.00,33.00,0.00,0.00,33.00,0.00,66.00,0.00,66.00,33.00,0.00,0.00,0.00,0.00
1768496818.405095,66.00,0.00,66.00,0.00,0.00,0.00,99.00,0.00,33.00,0.00,99.00,33.00,0.00,0.00,33.00,0.00,66.00,0.00,66.00,33.00,0.00,0.00,0.00,0.00
1768496818.4822757,66.00,0.00,66.00,0.00,0.00,0.00,99.00,0.00,33.00,0.00,99.00,33.00,0.00,0.00,33.00,0.00,66.00,0.00,66.00,33.00,0.00,0.00,0.00,0.00
1768496818.4828415,66.00,0.00,66.00,0.00,0.00,0.00,99.00,0.00,33.00,0.00,99.00,33.00,0.00,0.00,33.00,0.00,66.00,0.00,66.00,33.00,0.00,0.00,0.00,0.00
1768496826.76064,33.00,0.00,33.00,0.00,0.00,0.00,99.00,0.00,0.00,0.00,99.00,0.00,0.00,0.00,33.00,0.00,66.00,0.00,99.00,33.00,0.00,0.00,0.00,0.00
1768496826.7644634,33.00,0.00,33.00,0.00,0.00,0.00,99.00,0.00,0.00,0.00,99.00,0.00,0.00,0.00,33.00,0.00,66.00,0.00,99.00,33.00,0.00,0.00,0.00,0.00
1768496826.8327503,33.00,0.00,33.00,0.00,0.00,0.00,99.00,0.00,0.00,0.00,99.00,0.00,0.00,0.00,33.00,0.00,66.00,0.00,99.00,33.00,0.00,0.00,0.00,0.00
1768496826.8333104,33.00,0.00,33.00,0.00,0.00,0.00,99.00,0.00,0.00,0.00,99.00,0.00,0.00,0.00,33.00,0.00,66.00,0.00,99.00,33.00,0.00,0.00,0.00,0.00
1768496831.766195,33.00,0.00,33.00,0.00,0.00,0.00,99.00,0.00,0.00,0.00,99.00,0.00,0.00,0.00,33.00,0.00,66.00,0.00,99.00,33.00,0.00,0.00,0.00,0.00
1768496831.7667532,33.00,0.00,33.00,0.00,0.00,0.00,99.00,0.00,0.00,0.00,99.00,0.00,0.00,0.00,33.00,0.00,66.00,0.00,99.00,33.00,0.00,0.00,0.00,0.00
1768496832.305963,66.00,0.00,33.00,0.00,0.00,0.00,99.00,0.00,0.00,0.00,99.00,0.00,0.00,0.00,33.00,0.00,66.00,0.00,99.00,33.00,0.00,0.00,0.00,0.00
1768496832.3065493,66.00,0.00,33.00,0.00,0.00,0.00,99.00,0.00,0.00,0.00,99.00,0.00,0.00,0.00,33.00,0.00,66.00,0.00,99.00,33.00,0.00,0.00,0.00,0.00
1768496832.3788152,66.00,0.00,33.00,0.00,0.00,0.00,99.00,0.00,33.00,0.00,99.00,0.00,0.00,0.00,33.00,0.00,66.00,0.00,99.00,33.00,0.00,0.00,0.00,0.00
1768496832.3793797,66.00,0.00,33.00,0.00,0.00,0.00,99.00,0.00,33.00,0.00,99.00,0.00,0.00,0.00,33.00,0.00,66.00,0.00,99.00,33.00,0.00,0.00,0.00,0.00
1768496832.4578292,66.00,0.00,33.00,0.00,0.00,0.00,99.00,0.00,33.00,0.00,99.00,0.00,0.00,0.00,33.00,0.00,66.00,0.00,99.00,33.00,0.00,0.00,0.00,0.00
1768496832.4584646,66.00,0.00,33.00,0.00,0.00,0.00,99.00,0.00,33.00,0.00,99.00,0.00,0.00,0.00,33.00,0.00,66.00,0.00,99.00,33.00,0.00,0.00,0.00,0.00
1768496832.538113,66.00,0.00,33.00,0.00,0.00,0.00,99.00,0.00,33.00,0.00,99.00,0.00,0.00,0.00,33.00,0.00,66.00,0.00,99.00,33.00,0.00,0.00,0.00,0.00
1768496832.5387259,66.00,0.00,33.00,0.00,0.00,0.00,99.00,0.00,33.00,0.00,99.00,0.00,0.00,0.00,33.00,0.00,66.00,0.00,99.00,33.00,0.00,0.00,0.00,0.00
1768496832.6178741,66.00,0.00,33.00,0.00,0.00,0.00,99.00,0.00,33.00,0.00,99.00,0.00,0.00,0.00,33.00,0.00,66.00,0.00,99.00,33.00,0.00,0.00,0.00,0.00
1768496832.6184638,66.00,0.00,33.00,0.00,0.00,0.00,99.00,0.00,33.00,0.00,99.00,0.00,0.00,0.00,33.00,0.00,66.00,0.00,99.00,33.00,0.00,0.00,0.00,0.00
1768496832.7039874,66.00,0.00,33.00,0.00,0.00,0.00,99.00,0.00,33.00,0.00,99.00,0.00,0.00,0.00,33.00,0.00,99.00,0.00,99.00,33.00,0.00,0.00,0.00,0.00
1768496832.7047105,66.00,0.00,33.00,0.00,0.00,0.00,99.00,0.00,33.00,0.00,99.00,0.00,0.00,0.00,33.00,0.00,99.00,0.00,99.00,33.00,0.00,0.00,0.00,0.00
1768496836.7834663,66.00,0.00,33.00,0.00,0.00,0.00,99.00,0.00,33.00,0.00,99.00,0.00,0.00,0.00,66.00,0.00,99.00,0.00,99.00,33.00,0.00,0.00,0.00,0.00
1768496836.7841,66.00,0.00,33.00,0.00,0.00,0.00,99.00,0.00,33.00,0.00,99.00,0.00,0.00,0.00,66.00,0.00,99.00,0.00,99.00,33.00,0.00,0.00,0.00,0.00
1768496836.8635402,66.00,0.00,33.00,0.00,0.00,0.00,99.00,0.00,33.00,0.00,99.00,0.00,0.00,0.00,66.00,0.00,99.00,0.00,99.00,33.00,0.00,0.00,0.00,0.00
1768496836.8642488,66.00,0.00,33.00,0.00,0.00,0.00,99.00,0.00,33.00,0.00,99.00,0.00,0.00,0.00,66.00,0.00,99.00,0.00,99.00,33.00,0.00,0.00,0.00,0.00
1768496841.792503,66.00,0.00,33.00,0.00,0.00,0.00,99.00,0.00,33.00,0.00,99.00,0.00,0.00,0.00,66.00,0.00,99.00,0.00,99.00,33.00,0.00,0.00,0.00,0.00
1768496841.7931242,66.00,0.00,33.00,0.00,0.00,0.00,99.00,0.00,33.00,0.00,99.00,0.00,0.00,0.00,66.00,0.00,99.00,0.00,99.00,33.00,0.00,0.00,0.00,0.00
1768496852.360808,66.00,0.00,66.00,0.00,0.00,0.00,99.00,0.00,33.00,0.00,99.00,0.00,0.00,0.00,66.00,0.00,99.00,0.00,99.00,33.00,0.00,0.00,0.00,0.00
1768496852.3616066,66.00,0.00,66.00,0.00,0.00,0.00,99.00,0.00,33.00,0.00,99.00,0.00,0.00,0.00,66.00,0.00,99.00,0.00,99.00,33.00,0.00,0.00,0.00,0.00
1768496852.448309,66.00,0.00,66.00,0.00,0.00,0.00,99.00,0.00,33.00,0.00,99.00,0.00,0.00,0.00,66.00,0.00,99.00,33.00,99.00,33.00,0.00,0.00,0.00,0.00
1768496852.4489174,66.00,0.00,66.00,0.00,0.00,0.00,99.00,0.00,33.00,0.00,99.00,0.00,0.00,0.00,66.00,0.00,99.00,33.00,99.00,33.00,0.00,0.00,0.00,0.00
1768496852.529497,66.00,0.00,66.00,0.00,0.00,0.00,99.00,0.00,33.00,0.00,99.00,0.00,0.00,0.00,66.00,0.00,99.00,33.00,99.00,33.00,0.00,0.00,0.00,0.00
1768496852.530093,66.00,0.00,66.00,0.00,0.00,0.00,99.00,0.00,33.00,0.00,99.00,0.00,0.00,0.00,66.00,0.00,99.00,33.00,99.00,33.00,0.00,0.00,0.00,0.00
1768496852.6191359,66.00,0.00,66.00,0.00,0.00,0.00,99.00,0.00,33.00,0.00,99.00,0.00,0.00,0.00,66.00,0.00,99.00,33.00,99.00,33.00,0.00,0.00,0.00,0.00
1768496852.6197512,66.00,0.00,66.00,0.00,0.00,0.00,99.00,0.00,33.00,0.00,99.00,0.00,0.00,0.00,66.00,0.00,99.00,33.00,99.00,33.00,0.00,0.00,0.00,0.00
1768496852.7092102,66.00,0.00,66.00,0.00,0.00,0.00,99.00,0.00,33.00,0.00,99.00,0.00,0.00,0.00,66.00,0.00,99.00,33.00,99.00,33.00,0.00,0.00,0.00,0.00
1768496852.7098267,66.00,0.00,66.00,0.00,0.00,0.00,99.00,0.00,33.00,0.00,99.00,0.00,0.00,0.00,66.00,0.00,99.00,33.00,99.00,33.00,0.00,0.00,0.00,0.00
1768496852.8022153,66.00,0.00,66.00,0.00,0.00,0.00,99.00,33.00,33.00,0.00,99.00,0.00,0.00,0.00,66.00,0.00,99.00,33.00,99.00,33.00,0.00,0.00,0.00,0.00
1768496852.803059,66.00,0.00,66.00,0.00,0.00,0.00,99.00,33.00,33.00,0.00,99.00,0.00,0.00,0.00,66.00,0.00,99.00,33.00,99.00,33.00,0.00,0.00,0.00,0.00
1768496854.647789,66.00,0.00,66.00,0.00,0.00,0.00,None,None,33.00,0.00,99.00,0.00,0.00,0.00,66.00,0.00,99.00,33.00,99.00,33.00,0.00,0.00,0.00,0.00
1768496854.6484547,66.00,0.00,66.00,0.00,0.00,0.00,None,None,33.00,0.00,99.00,0.00,0.00,0.00,66.00,0.00,99.00,33.00,99.00,33.00,0.00,0.00,0.00,0.00
1768496854.7248847,66.00,0.00,66.00,0.00,0.00,0.00,None,None,33.00,0.00,99.00,0.00,0.00,0.00,66.00,0.00,99.00,33.00,99.00,33.00,0.00,0.00,0.00,0.00
1768496854.7255108,66.00,0.00,66.00,0.00,0.00,0.00,None,None,33.00,0.00,99.00,0.00,0.00,0.00,66.00,0.00,99.00,33.00,99.00,33.00,0.00,0.00,0.00,0.00
1768496854.8004465,66.00,0.00,66.00,0.00,0.00,0.00,None,None,33.00,0.00,99.00,0.00,0.00,0.00,66.00,0.00,99.00,33.00,99.00,33.00,0.00,0.00,0.00,0.00
1768496854.8011115,66.00,0.00,66.00,0.00,0.00,0.00,None,None,33.00,0.00,99.00,0.00,0.00,0.00,66.00,0.00,99.00,33.00,99.00,33.00,0.00,0.00,0.00,0.00
1768496854.8771327,66.00,0.00,66.00,0.00,0.00,0.00,None,None,33.00,0.00,99.00,0.00,0.00,0.00,66.00,0.00,99.00,33.00,99.00,33.00,0.00,0.00,0.00,0.00
1768496854.8777752,66.00,0.00,66.00,0.00,0.00,0.00,None,None,33.00,0.00,99.00,0.00,0.00,0.00,66.00,0.00,99.00,33.00,99.00,33.00,0.00,0.00,0.00,0.00
1768496854.9519289,66.00,0.00,66.00,0.00,0.00,0.00,None,None,33.00,0.00,99.00,0.00,0.00,0.00,66.00,0.00,99.00,33.00,99.00,33.00,0.00,0.00,0.00,0.00
1768496854.9525928,66.00,0.00,66.00,0.00,0.00,0.00,None,None,33.00,0.00,99.00,0.00,0.00,0.00,66.00,0.00,99.00,33.00,99.00,33.00,0.00,0.00,0.00,0.00
1768496855.0305014,66.00,0.00,66.00,0.00,0.00,0.00,None,None,33.00,0.00,99.00,0.00,0.00,0.00,66.00,0.00,99.00,33.00,99.00,33.00,0.00,0.00,0.00,0.00
1768496855.0311377,66.00,0.00,66.00,0.00,0.00,0.00,None,None,33.00,0.00,99.00,0.00,0.00,0.00,66.00,0.00,99.00,33.00,99.00,33.00,0.00,0.00,0.00,0.00
1768496855.1160953,66.00,0.00,66.00,0.00,0.00,0.00,None,None,33.00,0.00,99.00,0.00,0.00,0.00,66.00,0.00,99.00,33.00,99.00,33.00,0.00,0.00,0.00,0.00
1768496855.116712,66.00,0.00,66.00,0.00,0.00,0.00,None,None,33.00,0.00,99.00,0.00,0.00,0.00,66.00,0.00,99.00,33.00,99.00,33.00,0.00,0.00,0.00,0.00
1768496856.8112261,66.00,0.00,33.00,0.00,0.00,0.00,None,None,33.00,0.00,33.00,0.00,0.00,0.00,66.00,0.00,66.00,33.00,66.00,0.00,0.00,0.00,0.00,0.00
1768496856.8118234,66.00,0.00,33.00,0.00,0.00,0.00,None,None,33.00,0.00,33.00,0.00,0.00,0.00,66.00,0.00,66.00,33.00,66.00,0.00,0.00,0.00,0.00,0.00
1768496856.883879,66.00,0.00,33.00,0.00,0.00,0.00,None,None,33.00,0.00,33.00,0.00,0.00,0.00,66.00,0.00,66.00,33.00,66.00,0.00,0.00,0.00,0.00,0.00
1768496856.8845057,66.00,0.00,33.00,0.00,0.00,0.00,None,None,33.00,0.00,33.00,0.00,0.00,0.00,66.00,0.00,66.00,33.00,66.00,0.00,0.00,0.00,0.00,0.00
1768496856.955225,66.00,0.00,33.00,0.00,0.00,0.00,None,None,33.00,0.00,33.00,0.00,0.00,0.00,66.00,0.00,99.00,33.00,66.00,0.00,0.00,0.00,0.00,0.00
1768496856.9558594,66.00,0.00,33.00,0.00,0.00,0.00,None,None,33.00,0.00,33.00,0.00,0.00,0.00,66.00,0.00,99.00,33.00,66.00,0.00,0.00,0.00,0.00,0.00
1768496857.026811,66.00,0.00,33.00,0.00,0.00,0.00,None,None,33.00,0.00,33.00,0.00,0.00,0.00,66.00,0.00,99.00,33.00,99.00,0.00,0.00,0.00,0.00,0.00
1768496857.0274174,66.00,0.00,33.00,0.00,0.00,0.00,None,None,33.00,0.00,33.00,0.00,0.00,0.00,66.00,0.00,99.00,33.00,99.00,0.00,0.00,0.00,0.00,0.00
1768496857.0954702,66.00,0.00,33.00,0.00,0.00,0.00,None,None,33.00,0.00,33.00,0.00,0.00,0.00,66.00,0.00,99.00,33.00,99.00,33.00,0.00,0.00,0.00,0.00
1768496857.0960386,66.00,0.00,33.00,0.00,0.00,0.00,None,None,33.00,0.00,33.00,0.00,0.00,0.00,66.00,0.00,99.00,33.00,99.00,33.00,0.00,0.00,0.00,0.00
1768496859.009204,66.00,0.00,66.00,0.00,0.00,0.00,None,None,33.00,0.00,33.00,0.00,0.00,0.00,66.00,0.00,99.00,33.00,99.00,33.00,0.00,0.00,0.00,0.00
1768496859.0100062,66.00,0.00,66.00,0.00,0.00,0.00,None,None,33.00,0.00,33.00,0.00,0.00,0.00,66.00,0.00,99.00,33.00,99.00,33.00,0.00,0.00,0.00,0.00
1768496859.085814,66.00,0.00,66.00,0.00,0.00,0.00,None,None,33.00,0.00,66.00,0.00,0.00,0.00,66.00,0.00,99.00,33.00,99.00,33.00,0.00,0.00,0.00,0.00
1768496859.086463,66.00,0.00,66.00,0.00,0.00,0.00,None,None,33.00,0.00,66.00,0.00,0.00,0.00,66.00,0.00,99.00,33.00,99.00,33.00,0.00,0.00,0.00,0.00
1768496859.17379,66.00,0.00,66.00,0.00,0.00,0.00,None,None,33.00,0.00,66.00,0.00,0.00,0.00,66.00,0.00,99.00,33.00,99.00,33.00,0.00,0.00,0.00,0.00
1768496859.1744437,66.00,0.00,66.00,0.00,0.00,0.00,None,None,33.00,0.00,66.00,0.00,0.00,0.00,66.00,0.00,99.00,33.00,99.00,33.00,0.00,0.00,0.00,0.00
1768496859.250027,66.00,0.00,66.00,0.00,0.00,0.00,None,None,33.00,0.00,66.00,0.00,0.00,0.00,66.00,0.00,99.00,33.00,99.00,33.00,0.00,0.00,0.00,0.00
1768496859.250677,66.00,0.00,66.00,0.00,0.00,0.00,None,None,33.00,0.00,66.00,0.00,0.00,0.00,66.00,0.00,99.00,33.00,99.00,33.00,0.00,0.00,0.00,0.00
1768496859.3404162,66.00,0.00,66.00,0.00,0.00,0.00,None,None,33.00,0.00,66.00,0.00,0.00,0.00,66.00,0.00,99.00,33.00,99.00,33.00,0.00,0.00,0.00,0.00
1768496859.3410578,66.00,0.00,66.00,0.00,0.00,0.00,None,None,33.00,0.00,66.00,0.00,0.00,0.00,66.00,0.00,99.00,33.00,99.00,33.00,0.00,0.00,0.00,0.00
1768496859.4153652,66.00,0.00,66.00,0.00,0.00,0.00,None,None,33.00,0.00,66.00,0.00,0.00,0.00,66.00,0.00,99.00,33.00,99.00,33.00,0.00,0.00,0.00,0.00
1768496859.4159558,66.00,0.00,66.00,0.00,0.00,0.00,None,None,33.00,0.00,66.00,0.00,0.00,0.00,66.00,0.00,99.00,33.00,99.00,33.00,0.00,0.00,0.00,0.00
1768496861.8279326,66.00,0.00,66.00,0.00,0.00,0.00,None,None,33.00,0.00,66.00,0.00,0.00,0.00,66.00,0.00,66.00,33.00,99.00,33.00,0.00,0.00,0.00,0.00
1768496861.82859,66.00,0.00,66.00,0.00,0.00,0.00,None,None,33.00,0.00,66.00,0.00,0.00,0.00,66.00,0.00,66.00,33.00,99.00,33.00,0.00,0.00,0.00,0.00
1768496865.085435,66.00,0.00,None,None,0.00,0.00,None,None,33.00,0.00,33.00,0.00,0.00,0.00,33.00,0.00,66.00,33.00,66.00,33.00,0.00,0.00,0.00,0.00
1768496865.0860584,66.00,0.00,None,None,0.00,0.00,None,None,33.00,0.00,33.00,0.00,0.00,0.00,33.00,0.00,66.00,33.00,66.00,33.00,0.00,0.00,0.00,0.00
1768496865.1653845,66.00,0.00,None,None,0.00,0.00,None,None,33.00,0.00,33.00,0.00,0.00,0.00,33.00,0.00,99.00,33.00,66.00,33.00,0.00,0.00,0.00,0.00
1768496865.1660392,66.00,0.00,None,None,0.00,0.00,None,None,33.00,0.00,33.00,0.00,0.00,0.00,33.00,0.00,99.00,33.00,66.00,33.00,0.00,0.00,0.00,0.00
1768496865.2454894,66.00,0.00,None,None,0.00,0.00,None,None,33.00,0.00,33.00,0.00,0.00,0.00,66.00,0.00,99.00,33.00,66.00,33.00,0.00,0.00,0.00,0.00
1768496865.2460961,66.00,0.00,None,None,0.00,0.00,None,None,33.00,0.00,33.00,0.00,0.00,0.00,66.00,0.00,99.00,33.00,66.00,33.00,0.00,0.00,0.00,0.00
1768496871.8329673,66.00,0.00,None,None,0.00,0.00,None,None,33.00,0.00,66.00,0.00,0.00,0.00,66.00,0.00,99.00,33.00,66.00,33.00,0.00,0.00,0.00,0.00
1768496871.833687,66.00,0.00,None,None,0.00,0.00,None,None,33.00,0.00,66.00,0.00,0.00,0.00,66.00,0.00,99.00,33.00,66.00,33.00,0.00,0.00,0.00,0.00
1768496875.3692334,66.00,0.00,None,None,0.00,0.00,0.00,33.00,33.00,0.00,99.00,0.00,0.00,0.00,66.00,0.00,99.00,33.00,66.00,33.00,0.00,0.00,0.00,0.00
1768496875.3698337,66.00,0.00,None,None,0.00,0.00,0.00,33.00,33.00,0.00,99.00,0.00,0.00,0.00,66.00,0.00,99.00,33.00,66.00,33.00,0.00,0.00,0.00,0.00
1768496875.458559,66.00,0.00,None,None,0.00,0.00,33.00,33.00,33.00,0.00,99.00,0.00,0.00,0.00,66.00,0.00,99.00,33.00,66.00,33.00,0.00,0.00,0.00,0.00
1768496875.4591892,66.00,0.00,None,None,0.00,0.00,33.00,33.00,33.00,0.00,99.00,0.00,0.00,0.00,66.00,0.00,99.00,33.00,66.00,33.00,0.00,0.00,0.00,0.00
1768496875.5417833,66.00,0.00,None,None,0.00,0.00,33.00,33.00,33.00,0.00,99.00,0.00,0.00,0.00,66.00,0.00,99.00,33.00,66.00,33.00,0.00,0.00,0.00,0.00
1768496875.5423644,66.00,0.00,None,None,0.00,0.00,33.00,33.00,33.00,0.00,99.00,0.00,0.00,0.00,66.00,0.00,99.00,33.00,66.00,33.00,0.00,0.00,0.00,0.00
1768496875.626174,66.00,0.00,None,None,0.00,0.00,33.00,33.00,33.00,0.00,99.00,33.00,0.00,0.00,66.00,0.00,99.00,33.00,66.00,33.00,0.00,0.00,0.00,0.00
1768496875.626767,66.00,0.00,None,None,0.00,0.00,33.00,33.00,33.00,0.00,99.00,33.00,0.00,0.00,66.00,0.00,99.00,33.00,66.00,33.00,0.00,0.00,0.00,0.00
1768496875.709982,66.00,0.00,None,None,0.00,0.00,33.00,33.00,33.00,0.00,99.00,33.00,0.00,0.00,66.00,0.00,99.00,33.00,66.00,33.00,0.00,0.00,0.00,0.00
1768496875.7105405,66.00,0.00,None,None,0.00,0.00,33.00,33.00,33.00,0.00,99.00,33.00,0.00,0.00,66.00,0.00,99.00,33.00,66.00,33.00,0.00,0.00,0.00,0.00
1768496875.7940614,66.00,0.00,None,None,0.00,0.00,33.00,33.00,33.00,0.00,99.00,33.00,0.00,0.00,66.00,0.00,99.00,33.00,66.00,33.00,0.00,0.00,0.00,0.00
1768496875.7946615,66.00,0.00,None,None,0.00,0.00,33.00,33.00,33.00,0.00,99.00,33.00,0.00,0.00,66.00,0.00,99.00,33.00,66.00,33.00,0.00,0.00,0.00,0.00
1768496876.8415544,66.00,0.00,None,None,0.00,0.00,66.00,33.00,33.00,0.00,99.00,33.00,0.00,0.00,33.00,0.00,99.00,33.00,33.00,33.00,0.00,0.00,0.00,0.00
1768496876.8423197,66.00,0.00,None,None,0.00,0.00,66.00,33.00,33.00,0.00,99.00,33.00,0.00,0.00,33.00,0.00,99.00,33.00,33.00,33.00,0.00,0.00,0.00,0.00
1768496876.915649,66.00,0.00,None,None,0.00,0.00,99.00,33.00,33.00,0.00,99.00,33.00,0.00,0.00,33.00,0.00,99.00,33.00,33.00,33.00,0.00,0.00,0.00,0.00
1768496876.9162512,66.00,0.00,None,None,0.00,0.00,99.00,33.00,33.00,0.00,99.00,33.00,0.00,0.00,33.00,0.00,99.00,33.00,33.00,33.00,0.00,0.00,0.00,0.00
1768496886.849584,66.00,0.00,33.00,0.00,0.00,0.00,99.00,33.00,33.00,0.00,99.00,33.00,0.00,0.00,33.00,0.00,66.00,33.00,33.00,33.00,0.00,0.00,0.00,0.00
1768496886.8503003,66.00,0.00,33.00,0.00,0.00,0.00,99.00,33.00,33.00,0.00,99.00,33.00,0.00,0.00,33.00,0.00,66.00,33.00,33.00,33.00,0.00,0.00,0.00,0.00
1768496892.9054022,66.00,0.00,33.00,0.00,0.00,0.00,99.00,33.00,33.00,0.00,99.00,33.00,0.00,0.00,0.00,0.00,None,None,33.00,33.00,0.00,0.00,0.00,0.00
1768496892.9060314,66.00,0.00,33.00,0.00,0.00,0.00,99.00,33.00,33.00,0.00,99.00,33.00,0.00,0.00,0.00,0.00,None,None,33.00,33.00,0.00,0.00,0.00,0.00
1768496892.976432,66.00,0.00,33.00,0.00,0.00,0.00,99.00,33.00,33.00,0.00,99.00,33.00,0.00,0.00,33.00,0.00,None,None,33.00,33.00,0.00,0.00,0.00,0.00
1768496892.9770186,66.00,0.00,33.00,0.00,0.00,0.00,99.00,33.00,33.00,0.00,99.00,33.00,0.00,0.00,33.00,0.00,None,None,33.00,33.00,0.00,0.00,0.00,0.00
1768496893.0538075,66.00,0.00,33.00,0.00,0.00,0.00,99.00,33.00,33.00,0.00,99.00,33.00,0.00,0.00,66.00,0.00,None,None,33.00,33.00,0.00,0.00,0.00,0.00
1768496893.054617,66.00,0.00,33.00,0.00,0.00,0.00,99.00,33.00,33.00,0.00,99.00,33.00,0.00,0.00,66.00,0.00,None,None,33.00,33.00,0.00,0.00,0.00,0.00
1768496893.129494,66.00,0.00,33.00,0.00,0.00,0.00,99.00,33.00,33.00,0.00,99.00,33.00,0.00,0.00,66.00,0.00,None,None,33.00,33.00,0.00,0.00,0.00,0.00
1768496893.130066,66.00,0.00,33.00,0.00,0.00,0.00,99.00,33.00,33.00,0.00,99.00,33.00,0.00,0.00,66.00,0.00,None,None,33.00,33.00,0.00,0.00,0.00,0.00
1768496893.2010314,66.00,0.00,33.00,0.00,0.00,0.00,99.00,33.00,33.00,0.00,99.00,33.00,0.00,0.00,66.00,0.00,None,None,33.00,33.00,0.00,0.00,0.00,0.00
1768496893.2016163,66.00,0.00,33.00,0.00,0.00,0.00,99.00,33.00,33.00,0.00,99.00,33.00,0.00,0.00,66.00,0.00,None,None,33.00,33.00,0.00,0.00,0.00,0.00
1768496893.2730799,66.00,0.00,33.00,0.00,0.00,0.00,99.00,33.00,33.00,0.00,99.00,33.00,0.00,0.00,66.00,0.00,None,None,33.00,33.00,0.00,0.00,0.00,0.00
1768496893.2736728,66.00,0.00,33.00,0.00,0.00,0.00,99.00,33.00,33.00,0.00,99.00,33.00,0.00,0.00,66.00,0.00,None,None,33.00,33.00,0.00,0.00,0.00,0.00
1768496895.3882806,66.00,0.00,66.00,0.00,0.00,0.00,99.00,33.00,33.00,0.00,99.00,33.00,0.00,0.00,66.00,0.00,None,None,33.00,33.00,0.00,0.00,0.00,0.00
1768496895.389229,66.00,0.00,66.00,0.00,0.00,0.00,99.00,33.00,33.00,0.00,99.00,33.00,0.00,0.00,66.00,0.00,None,None,33.00,33.00,0.00,0.00,0.00,0.00
1768496895.4740944,66.00,0.00,66.00,0.00,0.00,0.00,99.00,33.00,33.00,0.00,99.00,33.00,0.00,0.00,66.00,0.00,None,None,33.00,33.00,0.00,0.00,0.00,0.00
1768496895.4747043,66.00,0.00,66.00,0.00,0.00,0.00,99.00,33.00,33.00,0.00,99.00,33.00,0.00,0.00,66.00,0.00,None,None,33.00,33.00,0.00,0.00,0.00,0.00
1768496895.5536842,66.00,0.00,66.00,0.00,0.00,0.00,99.00,33.00,33.00,0.00,99.00,33.00,0.00,0.00,66.00,0.00,None,None,33.00,33.00,0.00,0.00,0.00,0.00
1768496895.5542884,66.00,0.00,66.00,0.00,0.00,0.00,99.00,33.00,33.00,0.00,99.00,33.00,0.00,0.00,66.00,0.00,None,None,33.00,33.00,0.00,0.00,0.00,0.00
1768496895.6368527,66.00,0.00,66.00,0.00,0.00,0.00,99.00,33.00,33.00,0.00,99.00,33.00,0.00,0.00,66.00,0.00,None,None,33.00,33.00,0.00,0.00,0.00,0.00
1768496895.6374996,66.00,0.00,66.00,0.00,0.00,0.00,99.00,33.00,33.00,0.00,99.00,33.00,0.00,0.00,66.00,0.00,None,None,33.00,33.00,0.00,0.00,0.00,0.00
1768496895.7195656,66.00,0.00,66.00,0.00,0.00,0.00,99.00,33.00,33.00,0.00,99.00,33.00,0.00,0.00,66.00,0.00,None,None,33.00,33.00,0.00,0.00,0.00,0.00
1768496895.7201664,66.00,0.00,66.00,0.00,0.00,0.00,99.00,33.00,33.00,0.00,99.00,33.00,0.00,0.00,66.00,0.00,None,None,33.00,33.00,0.00,0.00,0.00,0.00
1768496895.8037522,66.00,0.00,66.00,0.00,0.00,0.00,99.00,33.00,33.00,0.00,99.00,33.00,0.00,0.00,66.00,0.00,None,None,33.00,33.00,0.00,0.00,0.00,0.00
1768496895.804369,66.00,0.00,66.00,0.00,0.00,0.00,99.00,33.00,33.00,0.00,99.00,33.00,0.00,0.00,66.00,0.00,None,None,33.00,33.00,0.00,0.00,0.00,0.00
1768496908.9467993,66.00,0.00,66.00,0.00,0.00,0.00,99.00,33.00,33.00,0.00,99.00,33.00,0.00,0.00,66.00,0.00,None,None,33.00,33.00,0.00,0.00,0.00,0.00
1768496908.9479005,66.00,0.00,66.00,0.00,0.00,0.00,99.00,33.00,33.00,0.00,99.00,33.00,0.00,0.00,66.00,0.00,None,None,33.00,33.00,0.00,0.00,0.00,0.00
1768496915.4292526,66.00,0.00,66.00,0.00,0.00,0.00,33.00,33.00,33.00,0.00,33.00,33.00,0.00,0.00,66.00,0.00,0.00,0.00,0.00,0.00,0.00,0.00,0.00,0.00
1768496915.4299145,66.00,0.00,66.00,0.00,0.00,0.00,33.00,33.00,33.00,0.00,33.00,33.00,0.00,0.00,66.00,0.00,0.00,0.00,0.00,0.00,0.00,0.00,0.00,0.00
1768496915.5203404,66.00,0.00,66.00,0.00,0.00,0.00,33.00,33.00,33.00,0.00,33.00,33.00,0.00,0.00,66.00,0.00,0.00,0.00,0.00,0.00,0.00,0.00,0.00,0.00
1768496915.5210202,66.00,0.00,66.00,0.00,0.00,0.00,33.00,33.00,33.00,0.00,33.00,33.00,0.00,0.00,66.00,0.00,0.00,0.00,0.00,0.00,0.00,0.00,0.00,0.00
1768496915.6052477,66.00,0.00,66.00,0.00,0.00,0.00,33.00,33.00,33.00,0.00,33.00,33.00,0.00,0.00,66.00,0.00,33.00,0.00,0.00,0.00,0.00,0.00,0.00,0.00
1768496915.6058493,66.00,0.00,66.00,0.00,0.00,0.00,33.00,33.00,33.00,0.00,33.00,33.00,0.00,0.00,66.00,0.00,33.00,0.00,0.00,0.00,0.00,0.00,0.00,0.00
1768496915.7000036,66.00,0.00,66.00,0.00,0.00,0.00,33.00,33.00,33.00,0.00,33.00,33.00,0.00,0.00,66.00,0.00,33.00,0.00,33.00,0.00,0.00,0.00,0.00,0.00
1768496915.700625,66.00,0.00,66.00,0.00,0.00,0.00,33.00,33.00,33.00,0.00,33.00,33.00,0.00,0.00,66.00,0.00,33.00,0.00,33.00,0.00,0.00,0.00,0.00,0.00
1768496915.788674,66.00,0.00,66.00,0.00,0.00,0.00,33.00,33.00,33.00,0.00,33.00,33.00,0.00,0.00,66.00,0.00,33.00,0.00,33.00,0.00,0.00,0.00,0.00,0.00
1768496915.7894132,66.00,0.00,66.00,0.00,0.00,0.00,33.00,33.00,33.00,0.00,33.00,33.00,0.00,0.00,66.00,0.00,33.00,0.00,33.00,0.00,0.00,0.00,0.00,0.00
1768496915.8778286,66.00,0.00,66.00,0.00,0.00,0.00,66.00,33.00,33.00,0.00,33.00,33.00,0.00,0.00,66.00,0.00,33.00,0.00,33.00,0.00,0.00,0.00,0.00,0.00
1768496915.8784804,66.00,0.00,66.00,0.00,0.00,0.00,66.00,33.00,33.00,0.00,33.00,33.00,0.00,0.00,66.00,0.00,33.00,0.00,33.00,0.00,0.00,0.00,0.00,0.00
1768496915.9573095,66.00,0.00,66.00,0.00,0.00,0.00,66.00,33.00,33.00,0.00,66.00,33.00,0.00,0.00,None,None,33.00,0.00,0.00,0.00,0.00,0.00,0.00,0.00
1768496915.9579394,66.00,0.00,66.00,0.00,0.00,0.00,66.00,33.00,33.00,0.00,66.00,33.00,0.00,0.00,None,None,33.00,0.00,0.00,0.00,0.00,0.00,0.00,0.00
1768496916.0367904,66.00,0.00,66.00,0.00,0.00,0.00,66.00,33.00,33.00,0.00,66.00,33.00,0.00,0.00,None,None,66.00,0.00,0.00,0.00,0.00,0.00,0.00,0.00
1768496916.0374453,66.00,0.00,66.00,0.00,0.00,0.00,66.00,33.00,33.00,0.00,66.00,33.00,0.00,0.00,None,None,66.00,0.00,0.00,0.00,0.00,0.00,0.00,0.00
1768496916.1233456,66.00,0.00,66.00,0.00,0.00,0.00,66.00,33.00,33.00,0.00,66.00,33.00,0.00,0.00,None,None,99.00,0.00,0.00,0.00,0.00,0.00,0.00,0.00
1768496916.1241405,66.00,0.00,66.00,0.00,0.00,0.00,66.00,33.00,33.00,0.00,66.00,33.00,0.00,0.00,None,None,99.00,0.00,0.00,0.00,0.00,0.00,0.00,0.00
1768496916.2119107,66.00,0.00,66.00,0.00,0.00,0.00,66.00,33.00,33.00,0.00,66.00,33.00,0.00,0.00,None,None,99.00,33.00,0.00,0.00,0.00,0.00,0.00,0.00
1768496916.2125483,66.00,0.00,66.00,0.00,0.00,0.00,66.00,33.00,33.00,0.00,66.00,33.00,0.00,0.00,None,None,99.00,33.00,0.00,0.00,0.00,0.00,0.00,0.00
1768496916.296109,66.00,0.00,66.00,0.00,0.00,0.00,66.00,33.00,33.00,0.00,66.00,33.00,0.00,0.00,None,None,99.00,33.00,0.00,0.00,0.00,0.00,0.00,0.00
1768496916.2967901,66.00,0.00,66.00,0.00,0.00,0.00,66.00,33.00,33.00,0.00,66.00,33.00,0.00,0.00,None,None,99.00,33.00,0.00,0.00,0.00,0.00,0.00,0.00
1768496916.3797948,66.00,0.00,66.00,0.00,0.00,0.00,66.00,33.00,33.00,0.00,66.00,33.00,0.00,0.00,None,None,99.00,33.00,0.00,0.00,0.00,0.00,0.00,0.00
1768496916.3804667,66.00,0.00,66.00,0.00,0.00,0.00,66.00,33.00,33.00,0.00,66.00,33.00,0.00,0.00,None,None,99.00,33.00,0.00,0.00,0.00,0.00,0.00,0.00
1768496916.4606164,66.00,0.00,66.00,0.00,0.00,0.00,66.00,33.00,33.00,0.00,66.00,33.00,0.00,0.00,None,None,99.00,33.00,0.00,33.00,0.00,0.00,0.00,0.00
1768496916.4612405,66.00,0.00,66.00,0.00,0.00,0.00,66.00,33.00,33.00,0.00,66.00,33.00,0.00,0.00,None,None,99.00,33.00,0.00,33.00,0.00,0.00,0.00,0.00
1768496916.8877118,66.00,0.00,66.00,0.00,0.00,0.00,99.00,33.00,33.00,0.00,66.00,33.00,0.00,0.00,None,None,66.00,33.00,0.00,33.00,0.00,0.00,0.00,0.00
1768496916.888353,66.00,0.00,66.00,0.00,0.00,0.00,99.00,33.00,33.00,0.00,66.00,33.00,0.00,0.00,None,None,66.00,33.00,0.00,33.00,0.00,0.00,0.00,0.00
1768496926.9032068,66.00,0.00,66.00,0.00,0.00,0.00,99.00,33.00,33.00,0.00,99.00,33.00,0.00,0.00,None,None,66.00,33.00,0.00,33.00,0.00,0.00,0.00,0.00
1768496926.903819,66.00,0.00,66.00,0.00,0.00,0.00,99.00,33.00,33.00,0.00,99.00,33.00,0.00,0.00,None,None,66.00,33.00,0.00,33.00,0.00,0.00,0.00,0.00
1768496926.9837115,66.00,0.00,66.00,0.00,0.00,0.00,99.00,33.00,33.00,0.00,99.00,33.00,0.00,0.00,None,None,66.00,33.00,0.00,33.00,0.00,0.00,0.00,0.00
1768496926.9843156,66.00,0.00,66.00,0.00,0.00,0.00,99.00,33.00,33.00,0.00,99.00,33.00,0.00,0.00,None,None,66.00,33.00,0.00,33.00,0.00,0.00,0.00,0.00
1768496927.4378781,66.00,0.00,66.00,0.00,0.00,0.00,99.00,33.00,33.00,0.00,99.00,33.00,0.00,0.00,None,None,66.00,33.00,33.00,33.00,0.00,0.00,0.00,0.00
1768496927.4384897,66.00,0.00,66.00,0.00,0.00,0.00,99.00,33.00,33.00,0.00,99.00,33.00,0.00,0.00,None,None,66.00,33.00,33.00,33.00,0.00,0.00,0.00,0.00
1768496927.530832,66.00,0.00,66.00,0.00,0.00,0.00,99.00,33.00,33.00,0.00,99.00,33.00,0.00,0.00,None,None,66.00,33.00,33.00,33.00,0.00,0.00,0.00,0.00
1768496927.531422,66.00,0.00,66.00,0.00,0.00,0.00,99.00,33.00,33.00,0.00,99.00,33.00,0.00,0.00,None,None,66.00,33.00,33.00,33.00,0.00,0.00,0.00,0.00
1768496927.617512,66.00,0.00,66.00,0.00,0.00,0.00,99.00,33.00,33.00,0.00,99.00,33.00,0.00,0.00,None,None,66.00,33.00,33.00,33.00,0.00,0.00,0.00,0.00
1768496927.6181095,66.00,0.00,66.00,0.00,0.00,0.00,99.00,33.00,33.00,0.00,99.00,33.00,0.00,0.00,None,None,66.00,33.00,33.00,33.00,0.00,0.00,0.00,0.00
1768496927.706837,66.00,0.00,66.00,0.00,0.00,0.00,99.00,33.00,33.00,0.00,99.00,33.00,0.00,0.00,None,None,66.00,33.00,33.00,33.00,0.00,0.00,0.00,0.00
1768496927.7074606,66.00,0.00,66.00,0.00,0.00,0.00,99.00,33.00,33.00,0.00,99.00,33.00,0.00,0.00,None,None,66.00,33.00,33.00,33.00,0.00,0.00,0.00,0.00
1768496927.7933576,66.00,0.00,66.00,0.00,0.00,0.00,99.00,33.00,33.00,0.00,99.00,33.00,0.00,0.00,None,None,66.00,33.00,33.00,33.00,0.00,0.00,0.00,0.00
1768496927.7939632,66.00,0.00,66.00,0.00,0.00,0.00,99.00,33.00,33.00,0.00,99.00,33.00,0.00,0.00,None,None,66.00,33.00,33.00,33.00,0.00,0.00,0.00,0.00
1768496927.8895338,66.00,0.00,66.00,0.00,0.00,0.00,99.00,33.00,33.00,0.00,99.00,33.00,0.00,0.00,None,None,66.00,33.00,33.00,33.00,0.00,0.00,0.00,0.00
1768496927.890209,66.00,0.00,66.00,0.00,0.00,0.00,99.00,33.00,33.00,0.00,99.00,33.00,0.00,0.00,None,None,66.00,33.00,33.00,33.00,0.00,0.00,0.00,0.00
1768496931.897704,66.00,0.00,66.00,0.00,0.00,0.00,99.00,0.00,33.00,0.00,99.00,33.00,0.00,0.00,None,None,66.00,33.00,66.00,33.00,0.00,0.00,0.00,0.00
1768496931.8983378,66.00,0.00,66.00,0.00,0.00,0.00,99.00,0.00,33.00,0.00,99.00,33.00,0.00,0.00,None,None,66.00,33.00,66.00,33.00,0.00,0.00,0.00,0.00
1768496931.9735885,66.00,0.00,66.00,0.00,0.00,0.00,99.00,0.00,66.00,0.00,99.00,33.00,0.00,0.00,None,None,66.00,33.00,66.00,33.00,0.00,0.00,0.00,0.00
1768496931.9741993,66.00,0.00,66.00,0.00,0.00,0.00,99.00,0.00,66.00,0.00,99.00,33.00,0.00,0.00,None,None,66.00,33.00,66.00,33.00,0.00,0.00,0.00,0.00
1768496932.0491786,66.00,0.00,66.00,0.00,0.00,0.00,99.00,0.00,66.00,0.00,99.00,33.00,0.00,0.00,None,None,66.00,33.00,66.00,33.00,0.00,0.00,0.00,0.00
1768496932.049747,66.00,0.00,66.00,0.00,0.00,0.00,99.00,0.00,66.00,0.00,99.00,33.00,0.00,0.00,None,None,66.00,33.00,66.00,33.00,0.00,0.00,0.00,0.00
1768496932.1245034,66.00,0.00,66.00,0.00,0.00,0.00,99.00,0.00,66.00,0.00,99.00,33.00,0.00,0.00,None,None,99.00,33.00,66.00,33.00,0.00,0.00,0.00,0.00
1768496932.1251004,66.00,0.00,66.00,0.00,0.00,0.00,99.00,0.00,66.00,0.00,99.00,33.00,0.00,0.00,None,None,99.00,33.00,66.00,33.00,0.00,0.00,0.00,0.00
1768496937.4016829,66.00,0.00,66.00,0.00,0.00,0.00,99.00,0.00,66.00,0.00,33.00,33.00,0.00,0.00,33.00,0.00,None,None,33.00,33.00,0.00,0.00,0.00,0.00
1768496937.4023023,66.00,0.00,66.00,0.00,0.00,0.00,99.00,0.00,66.00,0.00,33.00,33.00,0.00,0.00,33.00,0.00,None,None,33.00,33.00,0.00,0.00,0.00,0.00
1768496937.4767604,66.00,0.00,66.00,0.00,0.00,0.00,99.00,0.00,66.00,0.00,33.00,33.00,0.00,0.00,33.00,0.00,None,None,33.00,33.00,0.00,0.00,0.00,0.00
1768496937.4773562,66.00,0.00,66.00,0.00,0.00,0.00,99.00,0.00,66.00,0.00,33.00,33.00,0.00,0.00,33.00,0.00,None,None,33.00,33.00,0.00,0.00,0.00,0.00
1768496937.551504,66.00,0.00,66.00,0.00,0.00,0.00,99.00,0.00,66.00,0.00,66.00,33.00,0.00,0.00,33.00,0.00,None,None,33.00,33.00,0.00,0.00,0.00,0.00
1768496937.5520983,66.00,0.00,66.00,0.00,0.00,0.00,99.00,0.00,66.00,0.00,66.00,33.00,0.00,0.00,33.00,0.00,None,None,33.00,33.00,0.00,0.00,0.00,0.00
1768496937.6265922,66.00,0.00,66.00,0.00,0.00,0.00,99.00,0.00,66.00,0.00,66.00,33.00,0.00,0.00,66.00,0.00,None,None,33.00,33.00,0.00,0.00,0.00,0.00
1768496937.6271904,66.00,0.00,66.00,0.00,0.00,0.00,99.00,0.00,66.00,0.00,66.00,33.00,0.00,0.00,66.00,0.00,None,None,33.00,33.00,0.00,0.00,0.00,0.00
1768496937.7027645,66.00,0.00,66.00,0.00,0.00,0.00,99.00,0.00,66.00,0.00,66.00,33.00,0.00,0.00,66.00,0.00,None,None,33.00,33.00,0.00,0.00,0.00,0.00
1768496937.7033572,66.00,0.00,66.00,0.00,0.00,0.00,99.00,0.00,66.00,0.00,66.00,33.00,0.00,0.00,66.00,0.00,None,None,33.00,33.00,0.00,0.00,0.00,0.00
1768496937.7845197,66.00,0.00,66.00,0.00,0.00,0.00,99.00,33.00,66.00,0.00,66.00,33.00,0.00,0.00,66.00,0.00,None,None,33.00,33.00,0.00,0.00,0.00,0.00
1768496937.7851052,66.00,0.00,66.00,0.00,0.00,0.00,99.00,33.00,66.00,0.00,66.00,33.00,0.00,0.00,66.00,0.00,None,None,33.00,33.00,0.00,0.00,0.00,0.00
1768496937.861766,66.00,0.00,66.00,0.00,0.00,0.00,99.00,33.00,66.00,0.00,66.00,33.00,0.00,0.00,66.00,0.00,None,None,66.00,33.00,0.00,0.00,0.00,0.00
1768496937.8623626,66.00,0.00,66.00,0.00,0.00,0.00,99.00,33.00,66.00,0.00,66.00,33.00,0.00,0.00,66.00,0.00,None,None,66.00,33.00,0.00,0.00,0.00,0.00
1768496940.3745732,66.00,0.00,66.00,0.00,0.00,0.00,99.00,33.00,66.00,0.00,66.00,33.00,0.00,0.00,66.00,0.00,None,None,66.00,33.00,0.00,0.00,0.00,0.00
1768496940.3752034,66.00,0.00,66.00,0.00,0.00,0.00,99.00,33.00,66.00,0.00,66.00,33.00,0.00,0.00,66.00,0.00,None,None,66.00,33.00,0.00,0.00,0.00,0.00
1768496940.4696858,66.00,0.00,66.00,0.00,0.00,0.00,99.00,33.00,66.00,0.00,66.00,33.00,0.00,0.00,66.00,0.00,None,None,99.00,33.00,0.00,0.00,0.00,0.00
1768496940.4702866,66.00,0.00,66.00,0.00,0.00,0.00,99.00,33.00,66.00,0.00,66.00,33.00,0.00,0.00,66.00,0.00,None,None,99.00,33.00,0.00,0.00,0.00,0.00
1768496941.4721594,66.00,0.00,66.00,0.00,0.00,0.00,99.00,33.00,66.00,0.00,99.00,33.00,0.00,0.00,66.00,0.00,None,None,99.00,33.00,0.00,0.00,0.00,0.00
1768496941.472773,66.00,0.00,66.00,0.00,0.00,0.00,99.00,33.00,66.00,0.00,99.00,33.00,0.00,0.00,66.00,0.00,None,None,99.00,33.00,0.00,0.00,0.00,0.00
1768496941.5685909,66.00,0.00,66.00,0.00,0.00,0.00,99.00,33.00,66.00,0.00,99.00,33.00,0.00,0.00,66.00,0.00,None,None,99.00,33.00,0.00,0.00,0.00,0.00
1768496941.5692065,66.00,0.00,66.00,0.00,0.00,0.00,99.00,33.00,66.00,0.00,99.00,33.00,0.00,0.00,66.00,0.00,None,None,99.00,33.00,0.00,0.00,0.00,0.00
1768496941.6635382,66.00,0.00,66.00,0.00,0.00,0.00,99.00,33.00,66.00,0.00,99.00,33.00,0.00,0.00,66.00,0.00,None,None,99.00,33.00,0.00,0.00,0.00,0.00
1768496941.6642475,66.00,0.00,66.00,0.00,0.00,0.00,99.00,33.00,66.00,0.00,99.00,33.00,0.00,0.00,66.00,0.00,None,None,99.00,33.00,0.00,0.00,0.00,0.00
1768496941.7540345,66.00,0.00,66.00,0.00,0.00,0.00,99.00,33.00,66.00,0.00,99.00,33.00,0.00,0.00,66.00,0.00,None,None,99.00,33.00,0.00,0.00,0.00,0.00
1768496941.7546425,66.00,0.00,66.00,0.00,0.00,0.00,99.00,33.00,66.00,0.00,99.00,33.00,0.00,0.00,66.00,0.00,None,None,99.00,33.00,0.00,0.00,0.00,0.00
1768496941.8468158,66.00,0.00,66.00,0.00,0.00,0.00,99.00,33.00,66.00,0.00,99.00,33.00,0.00,0.00,66.00,0.00,None,None,99.00,33.00,0.00,0.00,0.00,0.00
1768496941.8475244,66.00,0.00,66.00,0.00,0.00,0.00,99.00,33.00,66.00,0.00,99.00,33.00,0.00,0.00,66.00,0.00,None,None,99.00,33.00,0.00,0.00,0.00,0.00
1768496941.9404778,66.00,0.00,66.00,0.00,0.00,0.00,99.00,33.00,66.00,0.00,99.00,33.00,0.00,0.00,66.00,0.00,None,None,99.00,33.00,0.00,0.00,0.00,0.00
1768496941.9411278,66.00,0.00,66.00,0.00,0.00,0.00,99.00,33.00,66.00,0.00,99.00,33.00,0.00,0.00,66.00,0.00,None,None,99.00,33.00,0.00,0.00,0.00,0.00
1768496942.0579588,66.00,0.00,33.00,0.00,0.00,0.00,99.00,33.00,66.00,0.00,99.00,33.00,0.00,0.00,66.00,0.00,None,None,99.00,33.00,0.00,0.00,0.00,0.00
1768496942.0586133,66.00,0.00,33.00,0.00,0.00,0.00,99.00,33.00,66.00,0.00,99.00,33.00,0.00,0.00,66.00,0.00,None,None,99.00,33.00,0.00,0.00,0.00,0.00
1768496942.1549683,66.00,0.00,66.00,0.00,0.00,0.00,99.00,33.00,66.00,0.00,99.00,33.00,0.00,0.00,66.00,0.00,None,None,99.00,33.00,0.00,0.00,0.00,0.00
1768496942.1555946,66.00,0.00,66.00,0.00,0.00,0.00,99.00,33.00,66.00,0.00,99.00,33.00,0.00,0.00,66.00,0.00,None,None,99.00,33.00,0.00,0.00,0.00,0.00
1768496943.1160586,66.00,0.00,66.00,0.00,0.00,0.00,None,None,66.00,0.00,99.00,33.00,0.00,0.00,66.00,0.00,None,None,99.00,0.00,0.00,0.00,0.00,0.00
1768496943.1168544,66.00,0.00,66.00,0.00,0.00,0.00,None,None,66.00,0.00,99.00,33.00,0.00,0.00,66.00,0.00,None,None,99.00,0.00,0.00,0.00,0.00,0.00
1768496943.212064,66.00,0.00,66.00,0.00,0.00,0.00,None,None,66.00,0.00,99.00,33.00,0.00,0.00,66.00,0.00,None,None,99.00,33.00,0.00,0.00,0.00,0.00
1768496943.2127445,66.00,0.00,66.00,0.00,0.00,0.00,None,None,66.00,0.00,99.00,33.00,0.00,0.00,66.00,0.00,None,None,99.00,33.00,0.00,0.00,0.00,0.00
1768496943.305103,66.00,0.00,66.00,0.00,0.00,0.00,None,None,66.00,0.00,99.00,33.00,0.00,0.00,66.00,0.00,None,None,99.00,33.00,0.00,0.00,0.00,0.00
1768496943.3057938,66.00,0.00,66.00,0.00,0.00,0.00,None,None,66.00,0.00,99.00,33.00,0.00,0.00,66.00,0.00,None,None,99.00,33.00,0.00,0.00,0.00,0.00
1768496943.3932211,66.00,0.00,66.00,0.00,0.00,0.00,None,None,66.00,0.00,99.00,33.00,0.00,0.00,66.00,0.00,None,None,99.00,33.00,0.00,0.00,0.00,0.00
1768496943.3938918,66.00,0.00,66.00,0.00,0.00,0.00,None,None,66.00,0.00,99.00,33.00,0.00,0.00,66.00,0.00,None,None,99.00,33.00,0.00,0.00,0.00,0.00
1768496943.4797213,66.00,0.00,66.00,0.00,0.00,0.00,None,None,66.00,0.00,99.00,33.00,0.00,0.00,66.00,0.00,None,None,99.00,33.00,0.00,0.00,0.00,0.00
1768496943.4803512,66.00,0.00,66.00,0.00,0.00,0.00,None,None,66.00,0.00,99.00,33.00,0.00,0.00,66.00,0.00,None,None,99.00,33.00,0.00,0.00,0.00,0.00
1768496943.5804806,66.00,0.00,66.00,0.00,0.00,0.00,None,None,66.00,0.00,99.00,33.00,0.00,0.00,66.00,0.00,None,None,99.00,33.00,0.00,0.00,0.00,0.00
1768496943.5811722,66.00,0.00,66.00,0.00,0.00,0.00,None,None,66.00,0.00,99.00,33.00,0.00,0.00,66.00,0.00,None,None,99.00,33.00,0.00,0.00,0.00,0.00
1768496943.665807,66.00,0.00,66.00,0.00,0.00,0.00,None,None,66.00,0.00,99.00,33.00,0.00,0.00,66.00,0.00,None,None,99.00,33.00,0.00,0.00,0.00,0.00
1768496943.666463,66.00,0.00,66.00,0.00,0.00,0.00,None,None,66.00,0.00,99.00,33.00,0.00,0.00,66.00,0.00,None,None,99.00,33.00,0.00,0.00,0.00,0.00
1768496943.7502506,66.00,0.00,66.00,0.00,0.00,0.00,None,None,66.00,0.00,99.00,33.00,0.00,0.00,66.00,0.00,None,None,99.00,33.00,0.00,0.00,0.00,0.00
1768496943.7508945,66.00,0.00,66.00,0.00,0.00,0.00,None,None,66.00,0.00,99.00,33.00,0.00,0.00,66.00,0.00,None,None,99.00,33.00,0.00,0.00,0.00,0.00
1768496943.8338122,66.00,0.00,66.00,0.00,0.00,0.00,None,None,66.00,0.00,99.00,33.00,0.00,0.00,66.00,0.00,None,None,99.00,33.00,0.00,0.00,0.00,0.00
1768496943.8345516,66.00,0.00,66.00,0.00,0.00,0.00,None,None,66.00,0.00,99.00,33.00,0.00,0.00,66.00,0.00,None,None,99.00,33.00,0.00,0.00,0.00,0.00
1768496943.916504,66.00,0.00,66.00,0.00,0.00,0.00,None,None,66.00,0.00,99.00,33.00,0.00,0.00,66.00,0.00,None,None,99.00,33.00,0.00,0.00,0.00,0.00
1768496943.9171999,66.00,0.00,66.00,0.00,0.00,0.00,None,None,66.00,0.00,99.00,33.00,0.00,0.00,66.00,0.00,None,None,99.00,33.00,0.00,0.00,0.00,0.00
1768496944.0163014,66.00,0.00,66.00,0.00,0.00,0.00,None,None,66.00,0.00,99.00,33.00,0.00,0.00,66.00,0.00,None,None,99.00,33.00,0.00,0.00,0.00,0.00
1768496944.0169418,66.00,0.00,66.00,0.00,0.00,0.00,None,None,66.00,0.00,99.00,33.00,0.00,0.00,66.00,0.00,None,None,99.00,33.00,0.00,0.00,0.00,0.00
1768496947.0569754,33.00,0.00,66.00,0.00,0.00,0.00,None,None,66.00,0.00,99.00,33.00,0.00,0.00,66.00,0.00,None,None,66.00,33.00,0.00,0.00,0.00,0.00
1768496947.057641,33.00,0.00,66.00,0.00,0.00,0.00,None,None,66.00,0.00,99.00,33.00,0.00,0.00,66.00,0.00,None,None,66.00,33.00,0.00,0.00,0.00,0.00
1768496947.1488543,33.00,0.00,66.00,0.00,0.00,0.00,None,None,66.00,0.00,99.00,33.00,0.00,0.00,66.00,0.00,None,None,66.00,33.00,0.00,0.00,0.00,0.00
1768496947.149514,33.00,0.00,66.00,0.00,0.00,0.00,None,None,66.00,0.00,99.00,33.00,0.00,0.00,66.00,0.00,None,None,66.00,33.00,0.00,0.00,0.00,0.00
1768496947.2437365,66.00,0.00,66.00,0.00,0.00,0.00,None,None,66.00,0.00,99.00,33.00,0.00,0.00,66.00,0.00,None,None,66.00,33.00,0.00,0.00,0.00,0.00
1768496947.2443898,66.00,0.00,66.00,0.00,0.00,0.00,None,None,66.00,0.00,99.00,33.00,0.00,0.00,66.00,0.00,None,None,66.00,33.00,0.00,0.00,0.00,0.00
1768496947.3275428,66.00,0.00,66.00,0.00,0.00,0.00,None,None,66.00,0.00,99.00,33.00,0.00,0.00,66.00,0.00,None,None,66.00,33.00,0.00,0.00,0.00,0.00
1768496947.3282764,66.00,0.00,66.00,0.00,0.00,0.00,None,None,66.00,0.00,99.00,33.00,0.00,0.00,66.00,0.00,None,None,66.00,33.00,0.00,0.00,0.00,0.00
1768496947.436625,66.00,0.00,66.00,0.00,0.00,0.00,None,None,66.00,0.00,99.00,33.00,0.00,0.00,66.00,0.00,None,None,66.00,33.00,0.00,0.00,0.00,0.00
1768496947.4372792,66.00,0.00,66.00,0.00,0.00,0.00,None,None,66.00,0.00,99.00,33.00,0.00,0.00,66.00,0.00,None,None,66.00,33.00,0.00,0.00,0.00,0.00
1768496963.4458861,33.00,0.00,66.00,0.00,None,None,99.00,0.00,33.00,0.00,99.00,33.00,0.00,0.00,66.00,0.00,0.00,0.00,66.00,33.00,0.00,0.00,0.00,0.00
1768496963.4465072,33.00,0.00,66.00,0.00,None,None,99.00,0.00,33.00,0.00,99.00,33.00,0.00,0.00,66.00,0.00,0.00,0.00,66.00,33.00,0.00,0.00,0.00,0.00
1768496963.5246565,33.00,0.00,66.00,0.00,None,None,99.00,0.00,33.00,0.00,99.00,33.00,0.00,0.00,66.00,0.00,0.00,0.00,66.00,33.00,0.00,0.00,0.00,0.00
1768496963.5252695,33.00,0.00,66.00,0.00,None,None,99.00,0.00,33.00,0.00,99.00,33.00,0.00,0.00,66.00,0.00,0.00,0.00,66.00,33.00,0.00,0.00,0.00,0.00
1768496965.4931543,33.00,0.00,66.00,0.00,None,None,99.00,33.00,33.00,0.00,99.00,33.00,0.00,0.00,66.00,0.00,0.00,0.00,66.00,33.00,0.00,0.00,0.00,0.00
1768496965.4937716,33.00,0.00,66.00,0.00,None,None,99.00,33.00,33.00,0.00,99.00,33.00,0.00,0.00,66.00,0.00,0.00,0.00,66.00,33.00,0.00,0.00,0.00,0.00
1768496965.5819778,33.00,0.00,66.00,0.00,None,None,99.00,33.00,33.00,0.00,99.00,33.00,0.00,0.00,66.00,0.00,0.00,0.00,66.00,33.00,0.00,0.00,0.00,0.00
1768496965.5826244,33.00,0.00,66.00,0.00,None,None,99.00,33.00,33.00,0.00,99.00,33.00,0.00,0.00,66.00,0.00,0.00,0.00,66.00,33.00,0.00,0.00,0.00,0.00
1768496965.675176,33.00,0.00,66.00,0.00,None,None,99.00,33.00,33.00,0.00,99.00,33.00,0.00,0.00,66.00,0.00,0.00,0.00,66.00,33.00,0.00,0.00,0.00,0.00
1768496965.6758072,33.00,0.00,66.00,0.00,None,None,99.00,33.00,33.00,0.00,99.00,33.00,0.00,0.00,66.00,0.00,0.00,0.00,66.00,33.00,0.00,0.00,0.00,0.00
1768496965.7635927,33.00,0.00,66.00,0.00,None,None,99.00,33.00,66.00,0.00,99.00,33.00,0.00,0.00,66.00,0.00,0.00,0.00,66.00,33.00,0.00,0.00,0.00,0.00
1768496965.7642074,33.00,0.00,66.00,0.00,None,None,99.00,33.00,66.00,0.00,99.00,33.00,0.00,0.00,66.00,0.00,0.00,0.00,66.00,33.00,0.00,0.00,0.00,0.00
1768496965.884727,33.00,0.00,66.00,0.00,None,None,99.00,33.00,66.00,0.00,99.00,33.00,0.00,0.00,66.00,0.00,0.00,0.00,66.00,33.00,0.00,0.00,0.00,0.00
1768496965.8853927,33.00,0.00,66.00,0.00,None,None,99.00,33.00,66.00,0.00,99.00,33.00,0.00,0.00,66.00,0.00,0.00,0.00,66.00,33.00,0.00,0.00,0.00,0.00
1768496968.479241,33.00,0.00,66.00,0.00,None,None,99.00,33.00,66.00,0.00,99.00,33.00,0.00,0.00,66.00,0.00,0.00,0.00,66.00,33.00,0.00,0.00,0.00,0.00
1768496968.4803438,33.00,0.00,66.00,0.00,None,None,99.00,33.00,66.00,0.00,99.00,33.00,0.00,0.00,66.00,0.00,0.00,0.00,66.00,33.00,0.00,0.00,0.00,0.00
1768496968.5792875,33.00,0.00,66.00,0.00,None,None,99.00,33.00,66.00,0.00,99.00,33.00,0.00,0.00,66.00,0.00,0.00,0.00,99.00,33.00,0.00,0.00,0.00,0.00
1768496968.5799506,33.00,0.00,66.00,0.00,None,None,99.00,33.00,66.00,0.00,99.00,33.00,0.00,0.00,66.00,0.00,0.00,0.00,99.00,33.00,0.00,0.00,0.00,0.00
1768496973.5939589,33.00,0.00,66.00,0.00,None,None,66.00,33.00,66.00,0.00,99.00,33.00,0.00,0.00,66.00,0.00,33.00,0.00,99.00,33.00,0.00,0.00,0.00,0.00
1768496973.5945704,33.00,0.00,66.00,0.00,None,None,66.00,33.00,66.00,0.00,99.00,33.00,0.00,0.00,66.00,0.00,33.00,0.00,99.00,33.00,0.00,0.00,0.00,0.00
1768496980.5163956,33.00,0.00,33.00,0.00,None,None,99.00,33.00,33.00,0.00,99.00,33.00,0.00,0.00,66.00,0.00,0.00,0.00,99.00,33.00,0.00,0.00,0.00,0.00
1768496980.5170143,33.00,0.00,33.00,0.00,None,None,99.00,33.00,33.00,0.00,99.00,33.00,0.00,0.00,66.00,0.00,0.00,0.00,99.00,33.00,0.00,0.00,0.00,0.00
1768496980.6119127,33.00,0.00,33.00,0.00,None,None,99.00,33.00,66.00,0.00,99.00,33.00,0.00,0.00,66.00,0.00,0.00,0.00,99.00,33.00,0.00,0.00,0.00,0.00
1768496980.6125479,33.00,0.00,33.00,0.00,None,None,99.00,33.00,66.00,0.00,99.00,33.00,0.00,0.00,66.00,0.00,0.00,0.00,99.00,33.00,0.00,0.00,0.00,0.00
1768496980.7061634,66.00,0.00,33.00,0.00,None,None,99.00,33.00,66.00,0.00,99.00,33.00,0.00,0.00,66.00,0.00,0.00,0.00,99.00,33.00,0.00,0.00,0.00,0.00
1768496980.7068155,66.00,0.00,33.00,0.00,None,None,99.00,33.00,66.00,0.00,99.00,33.00,0.00,0.00,66.00,0.00,0.00,0.00,99.00,33.00,0.00,0.00,0.00,0.00
1768496980.8079174,66.00,0.00,33.00,0.00,None,None,99.00,33.00,66.00,0.00,99.00,33.00,0.00,0.00,66.00,0.00,0.00,33.00,99.00,33.00,0.00,0.00,0.00,0.00
1768496980.8085563,66.00,0.00,33.00,0.00,None,None,99.00,33.00,66.00,0.00,99.00,33.00,0.00,0.00,66.00,0.00,0.00,33.00,99.00,33.00,0.00,0.00,0.00,0.00
1768496980.9056222,66.00,0.00,33.00,0.00,None,None,99.00,33.00,66.00,0.00,99.00,33.00,0.00,0.00,66.00,0.00,0.00,33.00,99.00,33.00,0.00,0.00,0.00,0.00
1768496980.9062397,66.00,0.00,33.00,0.00,None,None,99.00,33.00,66.00,0.00,99.00,33.00,0.00,0.00,66.00,0.00,0.00,33.00,99.00,33.00,0.00,0.00,0.00,0.00
1768496981.0149975,66.00,0.00,33.00,0.00,None,None,99.00,33.00,66.00,0.00,99.00,33.00,0.00,0.00,66.00,0.00,0.00,33.00,99.00,33.00,0.00,0.00,0.00,0.00
1768496981.0156572,66.00,0.00,33.00,0.00,None,None,99.00,33.00,66.00,0.00,99.00,33.00,0.00,0.00,66.00,0.00,0.00,33.00,99.00,33.00,0.00,0.00,0.00,0.00
1768496998.6139503,66.00,0.00,33.00,0.00,0.00,0.00,99.00,33.00,66.00,0.00,66.00,33.00,0.00,0.00,66.00,0.00,33.00,33.00,99.00,33.00,0.00,0.00,0.00,0.00
1768496998.6146097,66.00,0.00,33.00,0.00,0.00,0.00,99.00,33.00,66.00,0.00,66.00,33.00,0.00,0.00,66.00,0.00,33.00,33.00,99.00,33.00,0.00,0.00,0.00,0.00
1768496998.7204366,66.00,0.00,33.00,0.00,0.00,0.00,99.00,33.00,66.00,0.00,99.00,33.00,0.00,0.00,66.00,0.00,33.00,33.00,99.00,33.00,0.00,0.00,0.00,0.00
1768496998.721117,66.00,0.00,33.00,0.00,0.00,0.00,99.00,33.00,66.00,0.00,99.00,33.00,0.00,0.00,66.00,0.00,33.00,33.00,99.00,33.00,0.00,0.00,0.00,0.00
1768496998.8301215,66.00,0.00,33.00,0.00,0.00,0.00,None,None,66.00,0.00,99.00,33.00,0.00,0.00,66.00,0.00,33.00,33.00,99.00,33.00,0.00,0.00,0.00,0.00
1768496998.8307943,66.00,0.00,33.00,0.00,0.00,0.00,None,None,66.00,0.00,99.00,33.00,0.00,0.00,66.00,0.00,33.00,33.00,99.00,33.00,0.00,0.00,0.00,0.00
1768496998.9395134,66.00,0.00,33.00,0.00,0.00,0.00,None,None,66.00,0.00,99.00,33.00,0.00,0.00,66.00,0.00,33.00,33.00,99.00,33.00,0.00,0.00,0.00,0.00
1768496998.9402096,66.00,0.00,33.00,0.00,0.00,0.00,None,None,66.00,0.00,99.00,33.00,0.00,0.00,66.00,0.00,33.00,33.00,99.00,33.00,0.00,0.00,0.00,0.00
1768496999.0482695,66.00,0.00,33.00,0.00,0.00,0.00,None,None,66.00,0.00,99.00,33.00,0.00,0.00,66.00,0.00,33.00,33.00,99.00,33.00,0.00,0.00,0.00,0.00
1768496999.0489895,66.00,0.00,33.00,0.00,0.00,0.00,None,None,66.00,0.00,99.00,33.00,0.00,0.00,66.00,0.00,33.00,33.00,99.00,33.00,0.00,0.00,0.00,0.00
1768496999.1551101,66.00,0.00,66.00,0.00,0.00,0.00,None,None,66.00,0.00,99.00,33.00,0.00,0.00,66.00,0.00,33.00,33.00,99.00,33.00,0.00,0.00,0.00,0.00
1768496999.15579,66.00,0.00,66.00,0.00,0.00,0.00,None,None,66.00,0.00,99.00,33.00,0.00,0.00,66.00,0.00,33.00,33.00,99.00,33.00,0.00,0.00,0.00,0.00
1768496999.2603867,66.00,0.00,66.00,0.00,0.00,0.00,None,None,66.00,0.00,99.00,33.00,0.00,0.00,66.00,0.00,66.00,33.00,99.00,33.00,0.00,0.00,0.00,0.00
1768496999.2610607,66.00,0.00,66.00,0.00,0.00,0.00,None,None,66.00,0.00,99.00,33.00,0.00,0.00,66.00,0.00,66.00,33.00,99.00,33.00,0.00,0.00,0.00,0.00
1768496999.3651426,66.00,0.00,66.00,0.00,0.00,0.00,None,None,66.00,0.00,99.00,33.00,0.00,0.00,66.00,0.00,66.00,33.00,99.00,33.00,0.00,0.00,0.00,0.00
1768496999.3657792,66.00,0.00,66.00,0.00,0.00,0.00,None,None,66.00,0.00,99.00,33.00,0.00,0.00,66.00,0.00,66.00,33.00,99.00,33.00,0.00,0.00,0.00,0.00
1768496999.4678078,66.00,0.00,66.00,0.00,0.00,0.00,None,None,66.00,0.00,99.00,33.00,0.00,0.00,66.00,0.00,99.00,33.00,99.00,33.00,0.00,0.00,0.00,0.00
1768496999.4684672,66.00,0.00,66.00,0.00,0.00,0.00,None,None,66.00,0.00,99.00,33.00,0.00,0.00,66.00,0.00,99.00,33.00,99.00,33.00,0.00,0.00,0.00,0.00
1768496999.569936,66.00,0.00,66.00,0.00,0.00,0.00,None,None,66.00,0.00,99.00,33.00,0.00,0.00,66.00,0.00,99.00,33.00,99.00,33.00,0.00,0.00,0.00,0.00
1768496999.5706313,66.00,0.00,66.00,0.00,0.00,0.00,None,None,66.00,0.00,99.00,33.00,0.00,0.00,66.00,0.00,99.00,33.00,99.00,33.00,0.00,0.00,0.00,0.00
1768496999.7074504,66.00,0.00,66.00,0.00,0.00,0.00,None,None,66.00,0.00,99.00,33.00,0.00,0.00,66.00,0.00,99.00,33.00,99.00,33.00,0.00,0.00,0.00,0.00
1768496999.7082355,66.00,0.00,66.00,0.00,0.00,0.00,None,None,66.00,0.00,99.00,33.00,0.00,0.00,66.00,0.00,99.00,33.00,99.00,33.00,0.00,0.00,0.00,0.00
1768496999.8350418,66.00,0.00,66.00,0.00,0.00,0.00,None,None,66.00,0.00,99.00,33.00,0.00,0.00,66.00,0.00,99.00,33.00,99.00,33.00,0.00,0.00,0.00,0.00
1768496999.8356874,66.00,0.00,66.00,0.00,0.00,0.00,None,None,66.00,0.00,99.00,33.00,0.00,0.00,66.00,0.00,99.00,33.00,99.00,33.00,0.00,0.00,0.00,0.00
1768496999.9484477,66.00,0.00,66.00,0.00,0.00,0.00,None,None,66.00,0.00,99.00,33.00,0.00,0.00,66.00,0.00,99.00,33.00,99.00,33.00,0.00,0.00,0.00,0.00
1768496999.9491162,66.00,0.00,66.00,0.00,0.00,0.00,None,None,66.00,0.00,99.00,33.00,0.00,0.00,66.00,0.00,99.00,33.00,99.00,33.00,0.00,0.00,0.00,0.00
1768497000.0740092,66.00,0.00,66.00,0.00,0.00,0.00,None,None,66.00,0.00,99.00,33.00,0.00,0.00,66.00,0.00,99.00,33.00,99.00,33.00,0.00,0.00,0.00,0.00
1768497000.074906,66.00,0.00,66.00,0.00,0.00,0.00,None,None,66.00,0.00,99.00,33.00,0.00,0.00,66.00,0.00,99.00,33.00,99.00,33.00,0.00,0.00,0.00,0.00
1768497000.2001984,66.00,0.00,66.00,0.00,0.00,0.00,None,None,66.00,0.00,99.00,33.00,0.00,0.00,66.00,0.00,99.00,33.00,99.00,33.00,0.00,0.00,0.00,0.00
1768497000.2008383,66.00,0.00,66.00,0.00,0.00,0.00,None,None,66.00,0.00,99.00,33.00,0.00,0.00,66.00,0.00,99.00,33.00,99.00,33.00,0.00,0.00,0.00,0.00
1768497000.3116946,66.00,0.00,66.00,0.00,0.00,0.00,None,None,66.00,0.00,99.00,33.00,0.00,0.00,66.00,0.00,99.00,33.00,99.00,33.00,0.00,0.00,0.00,0.00
1768497000.3123386,66.00,0.00,66.00,0.00,0.00,0.00,None,None,66.00,0.00,99.00,33.00,0.00,0.00,66.00,0.00,99.00,33.00,99.00,33.00,0.00,0.00,0.00,0.00
1768497000.4224527,66.00,0.00,66.00,0.00,0.00,0.00,None,None,66.00,0.00,99.00,33.00,0.00,0.00,66.00,0.00,99.00,33.00,99.00,33.00,0.00,0.00,0.00,0.00
1768497000.4231226,66.00,0.00,66.00,0.00,0.00,0.00,None,None,66.00,0.00,99.00,33.00,0.00,0.00,66.00,0.00,99.00,33.00,99.00,33.00,0.00,0.00,0.00,0.00
1768497003.611313,66.00,0.00,66.00,0.00,0.00,0.00,None,None,66.00,0.00,99.00,33.00,0.00,0.00,66.00,0.00,99.00,33.00,99.00,0.00,0.00,0.00,0.00,0.00
1768497003.6119313,66.00,0.00,66.00,0.00,0.00,0.00,None,None,66.00,0.00,99.00,33.00,0.00,0.00,66.00,0.00,99.00,33.00,99.00,0.00,0.00,0.00,0.00,0.00
1768497022.55958,66.00,0.00,66.00,0.00,0.00,0.00,33.00,33.00,66.00,0.00,99.00,0.00,0.00,0.00,33.00,0.00,99.00,33.00,66.00,0.00,0.00,0.00,0.00,0.00
1768497022.5602043,66.00,0.00,66.00,0.00,0.00,0.00,33.00,33.00,66.00,0.00,99.00,0.00,0.00,0.00,33.00,0.00,99.00,33.00,66.00,0.00,0.00,0.00,0.00,0.00
1768497022.6821566,66.00,0.00,66.00,0.00,0.00,0.00,33.00,33.00,66.00,0.00,99.00,0.00,0.00,0.00,33.00,0.00,99.00,33.00,66.00,0.00,0.00,0.00,0.00,0.00
1768497022.6828127,66.00,0.00,66.00,0.00,0.00,0.00,33.00,33.00,66.00,0.00,99.00,0.00,0.00,0.00,33.00,0.00,99.00,33.00,66.00,0.00,0.00,0.00,0.00,0.00
1768497022.7987115,66.00,0.00,66.00,0.00,0.00,0.00,33.00,33.00,66.00,0.00,99.00,0.00,0.00,0.00,33.00,0.00,99.00,33.00,66.00,0.00,0.00,0.00,0.00,0.00
1768497022.7995107,66.00,0.00,66.00,0.00,0.00,0.00,33.00,33.00,66.00,0.00,99.00,0.00,0.00,0.00,33.00,0.00,99.00,33.00,66.00,0.00,0.00,0.00,0.00,0.00
1768497022.921229,66.00,0.00,66.00,0.00,0.00,0.00,33.00,33.00,66.00,0.00,99.00,0.00,0.00,0.00,33.00,0.00,99.00,33.00,66.00,0.00,0.00,0.00,0.00,0.00
1768497022.921856,66.00,0.00,66.00,0.00,0.00,0.00,33.00,33.00,66.00,0.00,99.00,0.00,0.00,0.00,33.00,0.00,99.00,33.00,66.00,0.00,0.00,0.00,0.00,0.00
1768497023.0406518,66.00,0.00,66.00,0.00,0.00,0.00,33.00,33.00,66.00,0.00,99.00,0.00,0.00,0.00,33.00,0.00,99.00,33.00,66.00,0.00,0.00,0.00,0.00,0.00
1768497023.0413055,66.00,0.00,66.00,0.00,0.00,0.00,33.00,33.00,66.00,0.00,99.00,0.00,0.00,0.00,33.00,0.00,99.00,33.00,66.00,0.00,0.00,0.00,0.00,0.00
1768497026.0032914,66.00,0.00,66.00,0.00,0.00,0.00,33.00,33.00,66.00,0.00,99.00,0.00,0.00,0.00,33.00,0.00,99.00,33.00,66.00,0.00,0.00,0.00,0.00,0.00
1768497026.0042484,66.00,0.00,66.00,0.00,0.00,0.00,33.00,33.00,66.00,0.00,99.00,0.00,0.00,0.00,33.00,0.00,99.00,33.00,66.00,0.00,0.00,0.00,0.00,0.00
1768497026.126382,66.00,0.00,66.00,0.00,0.00,0.00,None,None,66.00,0.00,66.00,0.00,0.00,0.00,33.00,0.00,99.00,33.00,66.00,0.00,0.00,0.00,0.00,0.00
1768497026.1270607,66.00,0.00,66.00,0.00,0.00,0.00,None,None,66.00,0.00,66.00,0.00,0.00,0.00,33.00,0.00,99.00,33.00,66.00,0.00,0.00,0.00,0.00,0.00
1768497026.2281585,66.00,0.00,66.00,0.00,0.00,0.00,None,None,66.00,0.00,99.00,0.00,0.00,0.00,33.00,0.00,99.00,33.00,66.00,0.00,0.00,0.00,0.00,0.00
1768497026.2287703,66.00,0.00,66.00,0.00,0.00,0.00,None,None,66.00,0.00,99.00,0.00,0.00,0.00,33.00,0.00,99.00,33.00,66.00,0.00,0.00,0.00,0.00,0.00
1768497026.324533,66.00,0.00,66.00,0.00,0.00,0.00,None,None,66.00,0.00,99.00,33.00,0.00,0.00,33.00,0.00,99.00,33.00,66.00,0.00,0.00,0.00,0.00,0.00
1768497026.325147,66.00,0.00,66.00,0.00,0.00,0.00,None,None,66.00,0.00,99.00,33.00,0.00,0.00,33.00,0.00,99.00,33.00,66.00,0.00,0.00,0.00,0.00,0.00
1768497026.4141212,66.00,0.00,66.00,0.00,0.00,0.00,None,None,66.00,0.00,99.00,33.00,0.00,0.00,33.00,0.00,99.00,33.00,99.00,0.00,0.00,0.00,0.00,0.00
1768497026.4147508,66.00,0.00,66.00,0.00,0.00,0.00,None,None,66.00,0.00,99.00,33.00,0.00,0.00,33.00,0.00,99.00,33.00,99.00,0.00,0.00,0.00,0.00,0.00
1768497026.5046072,66.00,0.00,66.00,0.00,0.00,0.00,None,None,66.00,0.00,99.00,33.00,0.00,0.00,33.00,0.00,99.00,33.00,99.00,33.00,0.00,0.00,0.00,0.00
1768497026.5052214,66.00,0.00,66.00,0.00,0.00,0.00,None,None,66.00,0.00,99.00,33.00,0.00,0.00,33.00,0.00,99.00,33.00,99.00,33.00,0.00,0.00,0.00,0.00
1768497026.5957003,66.00,0.00,66.00,0.00,0.00,0.00,None,None,66.00,0.00,99.00,33.00,0.00,0.00,66.00,0.00,99.00,33.00,99.00,33.00,0.00,0.00,0.00,0.00
1768497026.5963316,66.00,0.00,66.00,0.00,0.00,0.00,None,None,66.00,0.00,99.00,33.00,0.00,0.00,66.00,0.00,99.00,33.00,99.00,33.00,0.00,0.00,0.00,0.00
1768497026.703935,66.00,0.00,66.00,0.00,0.00,0.00,None,None,66.00,0.00,99.00,33.00,0.00,0.00,66.00,0.00,99.00,33.00,99.00,33.00,0.00,0.00,0.00,0.00
1768497026.704582,66.00,0.00,66.00,0.00,0.00,0.00,None,None,66.00,0.00,99.00,33.00,0.00,0.00,66.00,0.00,99.00,33.00,99.00,33.00,0.00,0.00,0.00,0.00
1768497026.8137512,66.00,0.00,66.00,0.00,0.00,0.00,None,None,66.00,0.00,99.00,33.00,0.00,0.00,66.00,0.00,99.00,33.00,99.00,33.00,0.00,0.00,0.00,0.00
1768497026.8143983,66.00,0.00,66.00,0.00,0.00,0.00,None,None,66.00,0.00,99.00,33.00,0.00,0.00,66.00,0.00,99.00,33.00,99.00,33.00,0.00,0.00,0.00,0.00
1768497026.9280245,66.00,0.00,66.00,0.00,0.00,0.00,None,None,66.00,0.00,99.00,33.00,0.00,0.00,66.00,0.00,99.00,33.00,99.00,33.00,0.00,0.00,0.00,0.00
1768497026.9286563,66.00,0.00,66.00,0.00,0.00,0.00,None,None,66.00,0.00,99.00,33.00,0.00,0.00,66.00,0.00,99.00,33.00,99.00,33.00,0.00,0.00,0.00,0.00
1768497036.1355054,66.00,0.00,33.00,0.00,0.00,0.00,None,None,66.00,0.00,66.00,0.00,0.00,0.00,66.00,0.00,33.00,33.00,66.00,33.00,0.00,0.00,0.00,0.00
1768497036.1365473,66.00,0.00,33.00,0.00,0.00,0.00,None,None,66.00,0.00,66.00,0.00,0.00,0.00,66.00,0.00,33.00,33.00,66.00,33.00,0.00,0.00,0.00,0.00
1768497036.228467,66.00,0.00,33.00,0.00,0.00,0.00,None,None,66.00,0.00,99.00,0.00,0.00,0.00,66.00,0.00,33.00,33.00,66.00,33.00,0.00,0.00,0.00,0.00
1768497036.2290816,66.00,0.00,33.00,0.00,0.00,0.00,None,None,66.00,0.00,99.00,0.00,0.00,0.00,66.00,0.00,33.00,33.00,66.00,33.00,0.00,0.00,0.00,0.00
1768497040.5648618,66.00,0.00,33.00,0.00,0.00,0.00,None,None,66.00,0.00,99.00,0.00,0.00,0.00,66.00,0.00,66.00,33.00,66.00,33.00,0.00,0.00,0.00,0.00
1768497040.5654764,66.00,0.00,33.00,0.00,0.00,0.00,None,None,66.00,0.00,99.00,0.00,0.00,0.00,66.00,0.00,66.00,33.00,66.00,33.00,0.00,0.00,0.00,0.00
1768497040.705922,66.00,0.00,33.00,0.00,0.00,0.00,None,None,66.00,0.00,99.00,33.00,0.00,0.00,66.00,0.00,66.00,33.00,66.00,33.00,0.00,0.00,0.00,0.00
1768497040.7065327,66.00,0.00,33.00,0.00,0.00,0.00,None,None,66.00,0.00,99.00,33.00,0.00,0.00,66.00,0.00,66.00,33.00,66.00,33.00,0.00,0.00,0.00,0.00
1768497040.8056993,66.00,0.00,33.00,0.00,0.00,0.00,None,None,66.00,0.00,99.00,33.00,0.00,0.00,66.00,0.00,66.00,33.00,99.00,33.00,0.00,0.00,0.00,0.00
1768497040.806323,66.00,0.00,33.00,0.00,0.00,0.00,None,None,66.00,0.00,99.00,33.00,0.00,0.00,66.00,0.00,66.00,33.00,99.00,33.00,0.00,0.00,0.00,0.00
1768497040.9084134,66.00,0.00,66.00,0.00,0.00,0.00,None,None,66.00,0.00,99.00,33.00,0.00,0.00,66.00,0.00,66.00,33.00,99.00,33.00,0.00,0.00,0.00,0.00
1768497040.9090455,66.00,0.00,66.00,0.00,0.00,0.00,None,None,66.00,0.00,99.00,33.00,0.00,0.00,66.00,0.00,66.00,33.00,99.00,33.00,0.00,0.00,0.00,0.00
1768497041.0342758,66.00,0.00,66.00,0.00,0.00,0.00,None,None,66.00,0.00,99.00,33.00,0.00,0.00,66.00,0.00,66.00,33.00,99.00,33.00,0.00,0.00,0.00,0.00
1768497041.0351336,66.00,0.00,66.00,0.00,0.00,0.00,None,None,66.00,0.00,99.00,33.00,0.00,0.00,66.00,0.00,66.00,33.00,99.00,33.00,0.00,0.00,0.00,0.00
1768497041.1892035,66.00,0.00,66.00,0.00,0.00,0.00,None,None,66.00,0.00,99.00,33.00,0.00,0.00,66.00,0.00,66.00,33.00,99.00,33.00,0.00,0.00,0.00,0.00
1768497041.189822,66.00,0.00,66.00,0.00,0.00,0.00,None,None,66.00,0.00,99.00,33.00,0.00,0.00,66.00,0.00,66.00,33.00,99.00,33.00,0.00,0.00,0.00,0.00
1768497041.3036125,66.00,0.00,66.00,0.00,0.00,0.00,None,None,66.00,0.00,66.00,33.00,0.00,0.00,66.00,0.00,66.00,33.00,99.00,0.00,0.00,0.00,0.00,0.00
1768497041.3043256,66.00,0.00,66.00,0.00,0.00,0.00,None,None,66.00,0.00,66.00,33.00,0.00,0.00,66.00,0.00,66.00,33.00,99.00,0.00,0.00,0.00,0.00,0.00
1768497041.4003527,66.00,0.00,66.00,0.00,0.00,0.00,None,None,66.00,0.00,99.00,33.00,0.00,0.00,66.00,0.00,66.00,33.00,99.00,0.00,0.00,0.00,0.00,0.00
1768497041.4009485,66.00,0.00,66.00,0.00,0.00,0.00,None,None,66.00,0.00,99.00,33.00,0.00,0.00,66.00,0.00,66.00,33.00,99.00,0.00,0.00,0.00,0.00,0.00
1768497041.490645,66.00,0.00,66.00,0.00,0.00,0.00,None,None,66.00,0.00,99.00,33.00,0.00,0.00,66.00,0.00,66.00,33.00,99.00,0.00,0.00,0.00,0.00,0.00
1768497041.4912767,66.00,0.00,66.00,0.00,0.00,0.00,None,None,66.00,0.00,99.00,33.00,0.00,0.00,66.00,0.00,66.00,33.00,99.00,0.00,0.00,0.00,0.00,0.00
1768497041.5806372,66.00,0.00,66.00,0.00,0.00,0.00,None,None,66.00,0.00,99.00,33.00,0.00,0.00,66.00,0.00,66.00,33.00,99.00,0.00,0.00,0.00,0.00,0.00
1768497041.5812302,66.00,0.00,66.00,0.00,0.00,0.00,None,None,66.00,0.00,99.00,33.00,0.00,0.00,66.00,0.00,66.00,33.00,99.00,0.00,0.00,0.00,0.00,0.00
1768497041.6669216,66.00,0.00,66.00,0.00,0.00,0.00,None,None,66.00,0.00,99.00,33.00,0.00,0.00,66.00,0.00,66.00,33.00,99.00,0.00,0.00,0.00,0.00,0.00
1768497041.6675568,66.00,0.00,66.00,0.00,0.00,0.00,None,None,66.00,0.00,99.00,33.00,0.00,0.00,66.00,0.00,66.00,33.00,99.00,0.00,0.00,0.00,0.00,0.00
1768497041.752715,66.00,0.00,66.00,0.00,0.00,0.00,None,None,66.00,0.00,99.00,33.00,0.00,0.00,66.00,0.00,66.00,33.00,99.00,0.00,0.00,0.00,0.00,0.00
1768497041.7533026,66.00,0.00,66.00,0.00,0.00,0.00,None,None,66.00,0.00,99.00,33.00,0.00,0.00,66.00,0.00,66.00,33.00,99.00,0.00,0.00,0.00,0.00,0.00
1768497041.850778,66.00,0.00,66.00,0.00,0.00,0.00,None,None,66.00,0.00,99.00,33.00,0.00,0.00,66.00,0.00,66.00,33.00,99.00,0.00,0.00,0.00,0.00,0.00
1768497041.8516176,66.00,0.00,66.00,0.00,0.00,0.00,None,None,66.00,0.00,99.00,33.00,0.00,0.00,66.00,0.00,66.00,33.00,99.00,0.00,0.00,0.00,0.00,0.00
1768497051.3298652,66.00,0.00,66.00,0.00,0.00,0.00,66.00,0.00,66.00,0.00,99.00,33.00,0.00,0.00,33.00,0.00,66.00,33.00,66.00,0.00,0.00,0.00,0.00,0.00
1768497051.330502,66.00,0.00,66.00,0.00,0.00,0.00,66.00,0.00,66.00,0.00,99.00,33.00,0.00,0.00,33.00,0.00,66.00,33.00,66.00,0.00,0.00,0.00,0.00,0.00
1768497051.4170935,66.00,0.00,66.00,0.00,0.00,0.00,99.00,0.00,66.00,0.00,99.00,33.00,0.00,0.00,33.00,0.00,66.00,33.00,66.00,0.00,0.00,0.00,0.00,0.00
1768497051.4177485,66.00,0.00,66.00,0.00,0.00,0.00,99.00,0.00,66.00,0.00,99.00,33.00,0.00,0.00,33.00,0.00,66.00,33.00,66.00,0.00,0.00,0.00,0.00,0.00
1768497051.5034318,66.00,0.00,66.00,0.00,0.00,0.00,99.00,0.00,66.00,0.00,99.00,33.00,0.00,0.00,33.00,0.00,66.00,33.00,66.00,0.00,0.00,0.00,0.00,0.00
1768497051.5040479,66.00,0.00,66.00,0.00,0.00,0.00,99.00,0.00,66.00,0.00,99.00,33.00,0.00,0.00,33.00,0.00,66.00,33.00,66.00,0.00,0.00,0.00,0.00,0.00
1768497055.5947695,66.00,0.00,66.00,0.00,0.00,0.00,99.00,0.00,66.00,0.00,99.00,33.00,0.00,0.00,33.00,0.00,99.00,33.00,66.00,0.00,0.00,0.00,0.00,0.00
1768497055.595421,66.00,0.00,66.00,0.00,0.00,0.00,99.00,0.00,66.00,0.00,99.00,33.00,0.00,0.00,33.00,0.00,99.00,33.00,66.00,0.00,0.00,0.00,0.00,0.00
1768497055.6918652,66.00,0.00,66.00,0.00,0.00,0.00,99.00,0.00,66.00,0.00,99.00,33.00,0.00,0.00,33.00,0.00,99.00,33.00,66.00,0.00,0.00,0.00,0.00,0.00
1768497055.6925118,66.00,0.00,66.00,0.00,0.00,0.00,99.00,0.00,66.00,0.00,99.00,33.00,0.00,0.00,33.00,0.00,99.00,33.00,66.00,0.00,0.00,0.00,0.00,0.00
1768497055.793926,66.00,0.00,66.00,0.00,0.00,0.00,99.00,0.00,66.00,0.00,99.00,33.00,0.00,0.00,33.00,0.00,99.00,33.00,99.00,0.00,0.00,0.00,0.00,0.00
1768497055.794579,66.00,0.00,66.00,0.00,0.00,0.00,99.00,0.00,66.00,0.00,99.00,33.00,0.00,0.00,33.00,0.00,99.00,33.00,99.00,0.00,0.00,0.00,0.00,0.00
1768497055.8983824,66.00,0.00,66.00,0.00,0.00,0.00,99.00,0.00,66.00,0.00,99.00,33.00,0.00,0.00,33.00,0.00,99.00,33.00,99.00,0.00,0.00,0.00,0.00,0.00
1768497055.899205,66.00,0.00,66.00,0.00,0.00,0.00,99.00,0.00,66.00,0.00,99.00,33.00,0.00,0.00,33.00,0.00,99.00,33.00,99.00,0.00,0.00,0.00,0.00,0.00
1768497056.0056925,66.00,0.00,66.00,0.00,0.00,0.00,99.00,0.00,66.00,0.00,99.00,33.00,0.00,0.00,66.00,0.00,99.00,33.00,99.00,0.00,0.00,0.00,0.00,0.00
1768497056.006339,66.00,0.00,66.00,0.00,0.00,0.00,99.00,0.00,66.00,0.00,99.00,33.00,0.00,0.00,66.00,0.00,99.00,33.00,99.00,0.00,0.00,0.00,0.00,0.00
1768497056.133346,66.00,0.00,66.00,0.00,0.00,0.00,99.00,0.00,66.00,0.00,99.00,33.00,0.00,0.00,66.00,0.00,99.00,33.00,99.00,0.00,0.00,0.00,0.00,0.00
1768497056.1342788,66.00,0.00,66.00,0.00,0.00,0.00,99.00,0.00,66.00,0.00,99.00,33.00,0.00,0.00,66.00,0.00,99.00,33.00,99.00,0.00,0.00,0.00,0.00,0.00
