timestamp,2.,2.1,5.,5.1,6.,6.1,8.,8.1,9.,9.1,14.,14.1,18.,18.1,23.,23.1,25.,25.1,28.,28.1,33.,33.1,34.,34.1
1763419683.2633982,0.00,None,0.00,None,0.00,None,0.00,None,0.00,None,0.00,None,0.00,None,0.00,None,31.00,None,0.00,None,0.00,None,0.00,None
1763419683.2639225,0.00,None,0.00,None,0.00,None,0.00,None,0.00,None,0.00,None,0.00,None,0.00,None,31.00,None,0.00,None,0.00,None,0.00,None
1763419683.286381,0.00,None,0.00,None,0.00,None,0.00,None,0.00,None,0.00,None,0.00,None,0.00,None,53.67,None,0.00,None,0.00,None,0.00,None
1763419683.2868412,0.00,None,0.00,None,0.00,None,0.00,None,0.00,None,0.00,None,0.00,None,0.00,None,53.67,None,0.00,None,0.00,None,0.00,None
1763419683.3140612,0.00,None,0.00,None,0.00,None,0.00,None,0.00,None,0.00,None,0.00,None,0.00,None,76.34,None,0.00,None,0.00,None,0.00,None
1763419683.3147902,0.00,None,0.00,None,0.00,None,0.00,None,0.00,None,0.00,None,0.00,None,0.00,None,76.34,None,0.00,None,0.00,None,0.00,None
1763419683.330215,0.00,None,0.00,None,0.00,None,0.00,None,0.00,None,0.00,None,0.00,None,0.00,None,99.01,None,0.00,None,0.00,None,0.00,None
1763419683.3306496,0.00,None,0.00,None,0.00,None,0.00,None,0.00,None,0.00,None,0.00,None,0.00,None,99.01,None,0.00,None,0.00,None,0.00,None
1763419683.3547156,0.00,None,0.00,None,0.00,None,0.00,None,0.00,None,0.00,None,0.00,None,0.00,None,121.68,None,0.00,None,0.00,None,0.00,None
1763419683.3554666,0.00,None,0.00,None,0.00,None,0.00,None,0.00,None,0.00,None,0.00,None,0.00,None,121.68,None,0.00,None,0.00,None,0.00,None
1763419683.3791635,0.00,None,0.00,None,0.00,None,0.00,None,0.00,None,0.00,None,0.00,None,0.00,None,126.68,None,21.67,None,0.00,None,0.00,None
1763419683.379642,0.00,None,0.00,None,0.00,None,0.00,None,0.00,None,0.00,None,0.00,None,0.00,None,126.68,None,21.67,None,0.00,None,0.00,None
1763419708.2728894,0.00,None,0.00,None,0.00,None,0.00,None,0.00,None,0.00,None,0.00,None,0.00,None,126.68,None,52.67,None,0.00,None,0.00,None
1763419708.2736666,0.00,None,0.00,None,0.00,None,0.00,None,0.00,None,0.00,None,0.00,None,0.00,None,126.68,None,52.67,None,0.00,None,0.00,None
1763419708.2935352,0.00,None,0.00,None,0.00,None,0.00,None,0.00,None,0.00,None,0.00,None,0.00,None,126.68,None,75.34,None,0.00,None,0.00,None
1763419708.2939863,0.00,None,0.00,None,0.00,None,0.00,None,0.00,None,0.00,None,0.00,None,0.00,None,126.68,None,75.34,None,0.00,None,0.00,None
1763419708.3215847,0.00,None,0.00,None,0.00,None,21.00,None,0.00,None,0.00,None,0.00,None,0.00,None,126.68,None,77.01,None,0.00,None,0.00,None
1763419708.3223374,0.00,None,0.00,None,0.00,None,21.00,None,0.00,None,0.00,None,0.00,None,0.00,None,126.68,None,77.01,None,0.00,None,0.00,None
1763419708.3512425,0.00,None,0.00,None,0.00,None,21.00,None,0.00,None,0.00,None,0.00,None,0.00,None,126.68,None,99.68,None,0.00,None,0.00,None
1763419708.3520114,0.00,None,0.00,None,0.00,None,21.00,None,0.00,None,0.00,None,0.00,None,0.00,None,126.68,None,99.68,None,0.00,None,0.00,None
1763419708.3778036,0.00,None,0.00,None,0.00,None,21.00,None,0.00,None,0.00,None,0.00,None,0.00,None,126.68,None,122.35,None,0.00,None,0.00,None
1763419708.378591,0.00,None,0.00,None,0.00,None,21.00,None,0.00,None,0.00,None,0.00,None,0.00,None,126.68,None,122.35,None,0.00,None,0.00,None
1763419708.404607,0.00,None,0.00,None,0.00,None,21.00,None,0.00,None,0.00,None,0.00,None,0.00,None,126.68,None,127.35,None,0.00,None,0.00,None
1763419708.4050834,0.00,None,0.00,None,0.00,None,21.00,None,0.00,None,0.00,None,0.00,None,0.00,None,126.68,None,127.35,None,0.00,None,0.00,None
1763419726.3028514,0.00,None,21.00,None,0.00,None,21.00,None,0.00,None,0.00,None,0.00,None,8.33,None,128.35,None,127.35,None,0.00,None,0.00,None
1763419726.3036227,0.00,None,21.00,None,0.00,None,21.00,None,0.00,None,0.00,None,0.00,None,8.33,None,128.35,None,127.35,None,0.00,None,0.00,None
1763419726.3312678,0.00,None,21.00,None,0.00,None,21.00,None,0.00,None,0.00,None,0.00,None,31.00,None,128.35,None,127.35,None,0.00,None,0.00,None
1763419726.3320549,0.00,None,21.00,None,0.00,None,21.00,None,0.00,None,0.00,None,0.00,None,31.00,None,128.35,None,127.35,None,0.00,None,0.00,None
1763419726.358752,0.00,None,21.00,None,0.00,None,21.00,None,0.00,None,0.00,None,0.00,None,53.67,None,128.35,None,127.35,None,0.00,None,0.00,None
1763419726.359566,0.00,None,21.00,None,0.00,None,21.00,None,0.00,None,0.00,None,0.00,None,53.67,None,128.35,None,127.35,None,0.00,None,0.00,None
1763419726.3856313,0.00,None,30.00,None,0.00,None,21.00,None,0.00,None,0.00,None,0.00,None,67.34,None,128.35,None,127.35,None,0.00,None,0.00,None
1763419726.3864439,0.00,None,30.00,None,0.00,None,21.00,None,0.00,None,0.00,None,0.00,None,67.34,None,128.35,None,127.35,None,0.00,None,0.00,None
1763419726.4187205,0.00,None,59.33,None,0.00,None,21.00,None,0.00,None,0.00,None,0.00,None,69.01,None,128.35,None,127.35,None,0.00,None,0.00,None
1763419726.4195087,0.00,None,59.33,None,0.00,None,21.00,None,0.00,None,0.00,None,0.00,None,69.01,None,128.35,None,127.35,None,0.00,None,0.00,None
1763419726.4464095,8.67,None,64.33,None,0.00,None,21.00,None,9.00,None,0.00,None,0.00,None,69.01,None,128.35,None,127.35,None,0.00,None,0.00,None
1763419726.4469028,8.67,None,64.33,None,0.00,None,21.00,None,9.00,None,0.00,None,0.00,None,69.01,None,128.35,None,127.35,None,0.00,None,0.00,None
1763419742.3248672,8.67,None,64.33,None,0.00,None,21.00,None,9.00,None,0.00,None,0.00,None,69.01,None,128.35,None,129.02,None,0.00,None,0.00,None
1763419742.3256783,8.67,None,64.33,None,0.00,None,21.00,None,9.00,None,0.00,None,0.00,None,69.01,None,128.35,None,129.02,None,0.00,None,0.00,None
1763419742.3546386,8.67,None,64.33,None,0.00,None,30.00,None,9.00,None,8.67,None,0.00,None,69.01,None,128.35,None,129.02,None,0.00,None,0.00,None
1763419742.355441,8.67,None,64.33,None,0.00,None,30.00,None,9.00,None,8.67,None,0.00,None,69.01,None,128.35,None,129.02,None,0.00,None,0.00,None
1763419742.3837166,8.67,None,67.66,None,0.00,None,34.00,None,26.67,None,13.00,None,0.00,None,69.01,None,128.35,None,129.02,None,0.00,None,0.00,None
1763419742.38454,8.67,None,67.66,None,0.00,None,34.00,None,26.67,None,13.00,None,0.00,None,69.01,None,128.35,None,129.02,None,0.00,None,0.00,None
1763419742.413414,8.67,None,67.66,None,0.00,None,51.67,None,26.67,None,16.33,None,0.00,None,69.01,None,128.35,None,129.02,None,0.00,None,0.00,None
1763419742.4142222,8.67,None,67.66,None,0.00,None,51.67,None,26.67,None,16.33,None,0.00,None,69.01,None,128.35,None,129.02,None,0.00,None,0.00,None
1763419742.444487,8.67,None,67.66,None,0.00,None,51.67,None,26.67,None,16.33,None,0.00,None,69.01,None,128.35,None,129.02,None,0.00,None,0.00,None
1763419742.4453125,8.67,None,67.66,None,0.00,None,51.67,None,26.67,None,16.33,None,0.00,None,69.01,None,128.35,None,129.02,None,0.00,None,0.00,None
1763419742.4755182,8.67,None,67.66,None,0.00,None,51.67,None,26.67,None,16.33,None,0.00,None,69.01,None,128.35,None,129.02,None,0.00,None,0.00,None
1763419742.4763005,8.67,None,67.66,None,0.00,None,51.67,None,26.67,None,16.33,None,0.00,None,69.01,None,128.35,None,129.02,None,0.00,None,0.00,None
1763419749.2644181,8.67,None,67.66,None,0.00,None,51.67,None,26.67,None,25.33,None,0.00,None,69.01,None,128.35,None,128.35,None,0.00,None,0.00,None
1763419749.264908,8.67,None,67.66,None,0.00,None,51.67,None,26.67,None,25.33,None,0.00,None,69.01,None,128.35,None,128.35,None,0.00,None,0.00,None
1763419754.2731638,8.67,None,67.66,None,0.00,None,58.34,None,26.67,None,28.66,None,0.00,None,69.01,None,128.35,None,126.68,None,0.00,None,0.00,None
1763419754.2739909,8.67,None,67.66,None,0.00,None,58.34,None,26.67,None,28.66,None,0.00,None,69.01,None,128.35,None,126.68,None,0.00,None,0.00,None
1763419764.3539207,16.33,None,69.33,None,0.00,None,58.34,None,48.34,None,28.66,None,0.00,None,69.01,None,128.35,None,126.68,None,0.00,None,0.00,None
1763419764.3547246,16.33,None,69.33,None,0.00,None,58.34,None,48.34,None,28.66,None,0.00,None,69.01,None,128.35,None,126.68,None,0.00,None,0.00,None
1763419764.390624,16.33,None,69.33,None,0.00,None,67.34,None,64.67,None,28.66,None,0.00,None,69.01,None,128.35,None,126.68,None,0.00,None,1.67,None
1763419764.3914785,16.33,None,69.33,None,0.00,None,67.34,None,64.67,None,28.66,None,0.00,None,69.01,None,128.35,None,126.68,None,0.00,None,1.67,None
1763419764.4300454,37.33,None,69.33,None,0.00,None,67.34,None,64.67,None,28.66,None,0.00,None,69.01,None,128.35,None,126.68,None,0.00,None,1.67,None
1763419764.4308958,37.33,None,69.33,None,0.00,None,67.34,None,64.67,None,28.66,None,0.00,None,69.01,None,128.35,None,126.68,None,0.00,None,1.67,None
1763419764.4666944,41.33,None,69.33,None,0.00,None,76.34,None,68.00,None,28.66,None,0.00,None,69.01,None,128.35,None,126.68,None,0.00,None,1.67,None
1763419764.4675376,41.33,None,69.33,None,0.00,None,76.34,None,68.00,None,28.66,None,0.00,None,69.01,None,128.35,None,126.68,None,0.00,None,1.67,None
1763419764.504515,59.00,None,69.33,None,0.00,None,76.34,None,68.00,None,28.66,None,0.00,None,69.01,None,128.35,None,126.68,None,0.00,None,1.67,None
1763419764.505351,59.00,None,69.33,None,0.00,None,76.34,None,68.00,None,28.66,None,0.00,None,69.01,None,128.35,None,126.68,None,0.00,None,1.67,None
1763419764.5427613,62.33,None,69.33,None,0.00,None,76.34,None,68.00,None,28.66,None,0.00,None,69.01,None,128.35,None,126.68,None,0.00,None,1.67,None
1763419764.543603,62.33,None,69.33,None,0.00,None,76.34,None,68.00,None,28.66,None,0.00,None,69.01,None,128.35,None,126.68,None,0.00,None,1.67,None
1763419769.273275,66.33,None,69.33,None,0.00,None,76.34,None,68.00,None,28.66,None,0.00,None,49.67,None,78.01,None,126.68,None,0.00,None,1.67,None
1763419769.2737858,66.33,None,69.33,None,0.00,None,76.34,None,68.00,None,28.66,None,0.00,None,49.67,None,78.01,None,126.68,None,0.00,None,1.67,None
1763419769.3070307,66.33,None,69.33,None,0.00,None,101.34,None,68.00,None,28.66,None,0.00,None,49.67,None,78.01,None,126.68,None,0.00,None,1.67,None
1763419769.3078377,66.33,None,69.33,None,0.00,None,101.34,None,68.00,None,28.66,None,0.00,None,49.67,None,78.01,None,126.68,None,0.00,None,1.67,None
1763419769.3362331,66.33,None,69.33,None,0.00,None,122.34,None,68.00,None,28.66,None,0.00,None,49.67,None,78.01,None,126.68,None,0.00,None,1.67,None
1763419769.3367422,66.33,None,69.33,None,0.00,None,122.34,None,68.00,None,28.66,None,0.00,None,49.67,None,78.01,None,126.68,None,0.00,None,1.67,None
1763419769.429678,66.33,None,69.33,None,0.00,None,122.34,None,68.00,None,53.66,None,0.00,None,49.67,None,78.01,None,126.68,None,0.00,None,1.67,None
1763419769.430176,66.33,None,69.33,None,0.00,None,122.34,None,68.00,None,53.66,None,0.00,None,49.67,None,78.01,None,126.68,None,0.00,None,1.67,None
1763419779.2878244,66.33,None,67.66,None,0.00,None,122.34,None,68.00,None,53.66,None,0.00,None,36.00,None,90.68,None,105.01,None,0.00,None,1.67,None
1763419779.2883375,66.33,None,67.66,None,0.00,None,122.34,None,68.00,None,53.66,None,0.00,None,36.00,None,90.68,None,105.01,None,0.00,None,1.67,None
1763419779.320411,66.33,None,67.66,None,0.00,None,122.34,None,68.00,None,53.66,None,0.00,None,36.00,None,99.68,None,121.01,None,0.00,None,1.67,None
1763419779.3212132,66.33,None,67.66,None,0.00,None,122.34,None,68.00,None,53.66,None,0.00,None,36.00,None,99.68,None,121.01,None,0.00,None,1.67,None
1763419784.2972257,66.33,None,67.66,None,0.00,None,125.67,None,68.00,None,71.33,None,0.00,None,36.00,None,77.01,None,121.01,None,0.00,None,1.67,None
1763419784.297725,66.33,None,67.66,None,0.00,None,125.67,None,68.00,None,71.33,None,0.00,None,36.00,None,77.01,None,121.01,None,0.00,None,1.67,None
1763419789.3817816,66.33,None,67.66,None,0.00,None,125.67,None,68.00,None,71.33,None,0.00,None,43.33,None,94.68,None,121.01,None,0.00,None,1.67,None
1763419789.3826213,66.33,None,67.66,None,0.00,None,125.67,None,68.00,None,71.33,None,0.00,None,43.33,None,94.68,None,121.01,None,0.00,None,1.67,None
1763419789.4182305,66.33,None,67.66,None,0.00,None,125.67,None,68.00,None,71.33,None,0.00,None,46.66,None,112.35,None,121.01,None,0.00,None,1.67,None
1763419789.419074,66.33,None,67.66,None,0.00,None,125.67,None,68.00,None,71.33,None,0.00,None,46.66,None,112.35,None,121.01,None,0.00,None,1.67,None
1763419789.4556618,66.33,None,67.66,None,0.00,None,125.67,None,68.00,None,71.33,None,0.00,None,46.66,None,121.02,None,121.01,None,0.00,None,1.67,None
1763419789.45651,66.33,None,67.66,None,0.00,None,125.67,None,68.00,None,71.33,None,0.00,None,46.66,None,121.02,None,121.01,None,0.00,None,1.67,None
1763419789.4901032,66.33,None,67.66,None,0.00,None,125.67,None,68.00,None,71.33,None,0.00,None,64.33,None,125.02,None,121.01,None,0.00,None,1.67,None
1763419789.4906332,66.33,None,67.66,None,0.00,None,125.67,None,68.00,None,71.33,None,0.00,None,64.33,None,125.02,None,121.01,None,0.00,None,1.67,None
1763419789.523516,66.33,None,67.66,None,0.00,None,125.67,None,68.00,None,71.33,None,0.00,None,64.33,None,125.02,None,121.01,None,0.00,None,10.67,None
1763419789.524024,66.33,None,67.66,None,0.00,None,125.67,None,68.00,None,71.33,None,0.00,None,64.33,None,125.02,None,121.01,None,0.00,None,10.67,None
1763419789.5591698,66.33,None,67.66,None,0.00,None,125.67,None,68.00,None,71.33,None,0.00,None,64.33,None,125.02,None,121.01,None,0.00,None,10.67,None
1763419789.5596929,66.33,None,67.66,None,0.00,None,125.67,None,68.00,None,71.33,None,0.00,None,64.33,None,125.02,None,121.01,None,0.00,None,10.67,None
1763419799.3151436,66.33,None,64.33,None,0.00,None,125.67,None,68.00,None,71.33,None,0.00,None,64.33,None,123.35,None,121.01,None,0.00,None,10.67,None
1763419799.3160164,66.33,None,64.33,None,0.00,None,125.67,None,68.00,None,71.33,None,0.00,None,64.33,None,123.35,None,121.01,None,0.00,None,10.67,None
1763419809.325905,69.66,None,64.33,None,0.00,None,85.34,None,68.00,None,28.66,None,0.00,None,33.33,None,83.35,None,105.01,None,0.00,None,10.67,None
1763419809.3267708,69.66,None,64.33,None,0.00,None,85.34,None,68.00,None,28.66,None,0.00,None,33.33,None,83.35,None,105.01,None,0.00,None,10.67,None
1763419811.396425,69.66,None,67.66,None,0.00,None,85.34,None,68.00,None,28.66,None,0.00,None,37.33,None,92.02,None,114.01,None,0.00,None,10.67,None
1763419811.397299,69.66,None,67.66,None,0.00,None,85.34,None,68.00,None,28.66,None,0.00,None,37.33,None,92.02,None,114.01,None,0.00,None,10.67,None
1763419811.4353766,69.66,None,67.66,None,0.00,None,85.34,None,68.00,None,28.66,None,0.00,None,40.66,None,100.69,None,123.01,None,0.00,None,10.67,None
1763419811.4362307,69.66,None,67.66,None,0.00,None,85.34,None,68.00,None,28.66,None,0.00,None,40.66,None,100.69,None,123.01,None,0.00,None,10.67,None
1763419811.4771507,69.66,None,67.66,None,0.00,None,85.34,None,68.00,None,37.66,None,0.00,None,40.66,None,109.36,None,123.01,None,0.00,None,10.67,None
1763419811.4780006,69.66,None,67.66,None,0.00,None,85.34,None,68.00,None,37.66,None,0.00,None,40.66,None,109.36,None,123.01,None,0.00,None,10.67,None
1763419811.5164278,69.66,None,67.66,None,0.00,None,85.34,None,68.00,None,46.66,None,0.00,None,43.99,None,118.03,None,123.01,None,0.00,None,10.67,None
1763419811.5172791,69.66,None,67.66,None,0.00,None,85.34,None,68.00,None,46.66,None,0.00,None,43.99,None,118.03,None,123.01,None,0.00,None,10.67,None
1763419811.5567937,69.66,None,67.66,None,0.00,None,89.34,None,68.00,None,55.66,None,0.00,None,43.99,None,126.70,None,123.01,None,0.00,None,10.67,None
1763419811.5576642,69.66,None,67.66,None,0.00,None,89.34,None,68.00,None,55.66,None,0.00,None,43.99,None,126.70,None,123.01,None,0.00,None,10.67,None
1763419811.5944455,69.66,None,67.66,None,0.00,None,98.34,None,68.00,None,55.66,None,0.00,None,43.99,None,126.70,None,123.01,None,0.00,None,10.67,None
1763419811.595305,69.66,None,67.66,None,0.00,None,98.34,None,68.00,None,55.66,None,0.00,None,43.99,None,126.70,None,123.01,None,0.00,None,10.67,None
1763419814.332195,60.99,None,33.33,None,0.00,None,116.01,None,67.33,None,55.66,None,0.00,None,42.32,None,126.70,None,123.01,None,0.00,None,10.67,None
1763419814.333088,60.99,None,33.33,None,0.00,None,116.01,None,67.33,None,55.66,None,0.00,None,42.32,None,126.70,None,123.01,None,0.00,None,10.67,None
1763419814.3696508,60.99,None,33.33,None,0.00,None,116.01,None,67.33,None,55.66,None,0.00,None,42.32,None,126.70,None,123.01,None,0.00,None,10.67,None
1763419814.37055,60.99,None,33.33,None,0.00,None,116.01,None,67.33,None,55.66,None,0.00,None,42.32,None,126.70,None,123.01,None,0.00,None,10.67,None
1763419825.4222994,60.99,None,33.33,None,0.00,None,88.34,None,67.33,None,43.33,None,0.00,None,42.32,None,128.37,None,49.00,None,0.00,None,10.67,None
1763419825.4231596,60.99,None,33.33,None,0.00,None,88.34,None,67.33,None,43.33,None,0.00,None,42.32,None,128.37,None,49.00,None,0.00,None,10.67,None
1763419825.466855,60.99,None,33.33,None,0.00,None,88.34,None,67.33,None,43.33,None,0.00,None,42.32,None,128.37,None,70.00,None,0.00,None,10.67,None
1763419825.4677444,60.99,None,33.33,None,0.00,None,88.34,None,67.33,None,43.33,None,0.00,None,42.32,None,128.37,None,70.00,None,0.00,None,10.67,None
1763419825.5111718,60.99,None,42.33,None,0.00,None,88.34,None,67.33,None,43.33,None,0.00,None,54.32,None,128.37,None,70.00,None,0.00,None,10.67,None
1763419825.5120444,60.99,None,42.33,None,0.00,None,88.34,None,67.33,None,43.33,None,0.00,None,54.32,None,128.37,None,70.00,None,0.00,None,10.67,None
1763419825.5549767,60.99,None,49.66,None,0.00,None,88.34,None,67.33,None,43.33,None,0.00,None,62.99,None,128.37,None,79.00,None,0.00,None,10.67,None
1763419825.5558546,60.99,None,49.66,None,0.00,None,88.34,None,67.33,None,43.33,None,0.00,None,62.99,None,128.37,None,79.00,None,0.00,None,10.67,None
1763419825.6028063,60.99,None,49.66,None,0.00,None,88.34,None,67.33,None,43.33,None,0.00,None,62.99,None,128.37,None,79.00,None,0.00,None,10.67,None
1763419825.6036747,60.99,None,49.66,None,0.00,None,88.34,None,67.33,None,43.33,None,0.00,None,62.99,None,128.37,None,79.00,None,0.00,None,10.67,None
1763419825.6561751,60.99,None,49.66,None,0.00,None,88.34,None,67.33,None,43.33,None,0.00,None,62.99,None,128.37,None,79.00,None,0.00,None,10.67,None
1763419825.6570568,60.99,None,49.66,None,0.00,None,88.34,None,67.33,None,43.33,None,0.00,None,62.99,None,128.37,None,79.00,None,0.00,None,10.67,None
1763419844.4494846,60.99,None,49.66,None,0.00,None,88.34,None,67.33,None,43.33,None,0.00,None,62.99,None,128.37,None,79.00,None,0.00,None,10.67,None
1763419844.4503624,60.99,None,49.66,None,0.00,None,88.34,None,67.33,None,43.33,None,0.00,None,62.99,None,128.37,None,79.00,None,0.00,None,10.67,None
1763419844.4988213,60.99,None,49.66,None,0.00,None,88.34,None,67.33,None,43.33,None,0.00,None,62.99,None,128.37,None,79.00,None,0.00,None,10.67,None
1763419844.499716,60.99,None,49.66,None,0.00,None,88.34,None,67.33,None,43.33,None,0.00,None,62.99,None,128.37,None,79.00,None,0.00,None,10.67,None
1763419844.5261896,60.99,None,49.66,None,0.00,None,88.34,None,67.33,None,43.33,None,0.00,None,62.99,None,128.37,None,79.00,None,0.00,None,10.67,None
1763419844.5267227,60.99,None,49.66,None,0.00,None,88.34,None,67.33,None,43.33,None,0.00,None,62.99,None,128.37,None,79.00,None,0.00,None,10.67,None
1763419844.630027,60.99,None,49.66,None,0.00,None,88.34,None,67.33,None,43.33,None,0.00,None,62.99,None,128.37,None,79.00,None,0.00,None,10.67,None
1763419844.6305716,60.99,None,49.66,None,0.00,None,88.34,None,67.33,None,43.33,None,0.00,None,62.99,None,128.37,None,79.00,None,0.00,None,10.67,None
1763419844.660176,60.99,None,49.66,None,0.00,None,88.34,None,67.33,None,43.33,None,0.00,None,62.99,None,128.37,None,79.00,None,0.00,None,10.67,None
1763419844.6607132,60.99,None,49.66,None,0.00,None,88.34,None,67.33,None,43.33,None,0.00,None,62.99,None,128.37,None,79.00,None,0.00,None,10.67,None
1763419844.6944933,60.99,None,49.66,None,0.00,None,88.34,None,67.33,None,43.33,None,0.00,None,62.99,None,128.37,None,79.00,None,0.00,None,10.67,None
1763419844.695047,60.99,None,49.66,None,0.00,None,88.34,None,67.33,None,43.33,None,0.00,None,62.99,None,128.37,None,79.00,None,0.00,None,10.67,None
1763419849.3613896,53.66,None,36.32,None,0.00,None,82.67,None,69.00,None,40.00,None,0.00,None,56.33,None,97.03,None,79.00,None,0.00,None,10.67,None
1763419849.3622432,53.66,None,36.32,None,0.00,None,82.67,None,69.00,None,40.00,None,0.00,None,56.33,None,97.03,None,79.00,None,0.00,None,10.67,None
1763419849.3970895,53.66,None,36.32,None,0.00,None,107.67,None,69.00,None,40.00,None,0.00,None,56.33,None,97.03,None,79.00,None,0.00,None,10.67,None
1763419849.397953,53.66,None,36.32,None,0.00,None,107.67,None,69.00,None,40.00,None,0.00,None,56.33,None,97.03,None,79.00,None,0.00,None,10.67,None
1763419849.432366,57.66,None,36.32,None,0.00,None,128.67,None,69.00,None,40.00,None,0.00,None,56.33,None,97.03,None,79.00,None,0.00,None,10.67,None
1763419849.4332736,57.66,None,36.32,None,0.00,None,128.67,None,69.00,None,40.00,None,0.00,None,56.33,None,97.03,None,79.00,None,0.00,None,10.67,None
1763419849.457252,57.66,None,36.32,None,0.00,None,128.67,None,69.00,None,40.00,None,0.00,None,56.33,None,97.03,None,96.67,None,0.00,None,10.67,None
1763419849.4577417,57.66,None,36.32,None,0.00,None,128.67,None,69.00,None,40.00,None,0.00,None,56.33,None,97.03,None,96.67,None,0.00,None,10.67,None
1763419849.4925995,57.66,None,44.99,None,0.00,None,128.67,None,69.00,None,40.00,None,3.33,None,56.33,None,106.03,None,96.67,None,0.00,None,10.67,None
1763419849.4934356,57.66,None,44.99,None,0.00,None,128.67,None,69.00,None,40.00,None,3.33,None,56.33,None,106.03,None,96.67,None,0.00,None,10.67,None
1763419863.4904583,53.66,None,25.66,None,0.00,None,83.00,None,43.00,None,27.00,None,0.00,None,56.33,None,79.36,None,77.33,None,0.00,None,10.67,None
1763419863.4913106,53.66,None,25.66,None,0.00,None,83.00,None,43.00,None,27.00,None,0.00,None,56.33,None,79.36,None,77.33,None,0.00,None,10.67,None
1763419863.5298483,53.66,None,25.66,None,0.00,None,100.67,None,43.00,None,32.00,None,0.00,None,56.33,None,79.36,None,77.33,None,0.00,None,10.67,None
1763419863.5307088,53.66,None,25.66,None,0.00,None,100.67,None,43.00,None,32.00,None,0.00,None,56.33,None,79.36,None,77.33,None,0.00,None,10.67,None
1763419863.5724843,53.66,None,25.66,None,0.00,None,121.67,None,43.00,None,32.00,None,0.00,None,56.33,None,79.36,None,87.33,None,0.00,None,10.67,None
1763419863.5733514,53.66,None,25.66,None,0.00,None,121.67,None,43.00,None,32.00,None,0.00,None,56.33,None,79.36,None,87.33,None,0.00,None,10.67,None
1763419863.6167965,53.66,None,25.66,None,0.00,None,126.67,None,43.00,None,40.67,None,0.00,None,56.33,None,79.36,None,96.33,None,0.00,None,10.67,None
1763419863.617677,53.66,None,25.66,None,0.00,None,126.67,None,43.00,None,40.67,None,0.00,None,56.33,None,79.36,None,96.33,None,0.00,None,10.67,None
1763419863.661927,53.66,None,25.66,None,0.00,None,126.67,None,43.00,None,40.67,None,0.00,None,56.33,None,79.36,None,119.00,None,0.00,None,10.67,None
1763419863.6627722,53.66,None,25.66,None,0.00,None,126.67,None,43.00,None,40.67,None,0.00,None,56.33,None,79.36,None,119.00,None,0.00,None,10.67,None
1763419863.7070467,53.66,None,25.66,None,0.00,None,128.34,None,43.00,None,49.67,None,0.00,None,56.33,None,79.36,None,122.33,None,0.00,None,10.67,None
1763419863.707911,53.66,None,25.66,None,0.00,None,128.34,None,43.00,None,49.67,None,0.00,None,56.33,None,79.36,None,122.33,None,0.00,None,10.67,None
1763419864.3732557,62.66,None,25.66,None,0.00,None,128.34,None,65.00,None,49.67,None,0.00,None,56.33,None,70.69,None,122.33,None,0.00,None,1.67,None
1763419864.3741133,62.66,None,25.66,None,0.00,None,128.34,None,65.00,None,49.67,None,0.00,None,56.33,None,70.69,None,122.33,None,0.00,None,1.67,None
1763419864.4089692,62.66,None,32.99,None,0.00,None,128.34,None,66.67,None,49.67,None,0.00,None,56.33,None,88.36,None,122.33,None,0.00,None,1.67,None
1763419864.4098377,62.66,None,32.99,None,0.00,None,128.34,None,66.67,None,49.67,None,0.00,None,56.33,None,88.36,None,122.33,None,0.00,None,1.67,None
1763419864.445343,65.99,None,50.66,None,0.00,None,128.34,None,68.34,None,49.67,None,0.00,None,56.33,None,88.36,None,122.33,None,0.00,None,1.67,None
1763419864.4462068,65.99,None,50.66,None,0.00,None,128.34,None,68.34,None,49.67,None,0.00,None,56.33,None,88.36,None,122.33,None,0.00,None,1.67,None
1763419869.3806784,65.99,None,64.33,None,0.00,None,128.34,None,68.34,None,49.67,None,0.00,None,38.66,None,93.36,None,122.33,None,0.00,None,1.67,None
1763419869.3815348,65.99,None,64.33,None,0.00,None,128.34,None,68.34,None,49.67,None,0.00,None,38.66,None,93.36,None,122.33,None,0.00,None,1.67,None
1763419877.5095437,16.33,None,68.66,None,0.00,None,110.34,None,48.01,None,49.67,None,0.00,None,38.66,None,93.36,None,122.33,None,0.00,None,0.00,None
1763419877.5100627,16.33,None,68.66,None,0.00,None,110.34,None,48.01,None,49.67,None,0.00,None,38.66,None,93.36,None,122.33,None,0.00,None,0.00,None
1763419877.5464883,16.33,None,68.66,None,0.00,None,128.01,None,61.34,None,49.67,None,0.00,None,38.66,None,93.36,None,122.33,None,0.00,None,0.00,None
1763419877.5469916,16.33,None,68.66,None,0.00,None,128.01,None,61.34,None,49.67,None,0.00,None,38.66,None,93.36,None,122.33,None,0.00,None,0.00,None
1763419877.573385,25.00,None,68.66,None,0.00,None,128.01,None,66.34,None,49.67,None,0.00,None,38.66,None,93.36,None,122.33,None,0.00,None,0.00,None
1763419877.5738852,25.00,None,68.66,None,0.00,None,128.01,None,66.34,None,49.67,None,0.00,None,38.66,None,93.36,None,122.33,None,0.00,None,0.00,None
1763419877.602153,31.00,None,68.66,None,0.00,None,128.01,None,69.67,None,49.67,None,0.00,None,38.66,None,93.36,None,122.33,None,0.00,None,0.00,None
1763419877.602668,31.00,None,68.66,None,0.00,None,128.01,None,69.67,None,49.67,None,0.00,None,38.66,None,93.36,None,122.33,None,0.00,None,0.00,None
1763419877.6384923,31.00,None,68.66,None,0.00,None,128.01,None,69.67,None,49.67,None,0.00,None,40.33,None,118.69,None,126.33,None,0.00,None,0.00,None
1763419877.638995,31.00,None,68.66,None,0.00,None,128.01,None,69.67,None,49.67,None,0.00,None,40.33,None,118.69,None,126.33,None,0.00,None,0.00,None
1763419877.7449346,34.33,None,68.66,None,0.00,None,128.01,None,69.67,None,49.67,None,0.00,None,40.33,None,118.69,None,126.33,None,0.00,None,0.00,None
1763419877.7454221,34.33,None,68.66,None,0.00,None,128.01,None,69.67,None,49.67,None,0.00,None,40.33,None,118.69,None,126.33,None,0.00,None,0.00,None
1763419879.389964,48.00,None,68.66,None,0.00,None,128.01,None,69.67,None,49.67,None,0.00,None,37.33,None,110.02,None,126.33,None,0.00,None,0.00,None
1763419879.3908024,48.00,None,68.66,None,0.00,None,128.01,None,69.67,None,49.67,None,0.00,None,37.33,None,110.02,None,126.33,None,0.00,None,0.00,None
1763419898.539305,48.00,None,68.66,None,0.00,None,128.01,None,69.67,None,71.34,None,0.00,None,37.33,None,110.02,None,126.33,None,0.00,None,0.00,None
1763419898.5401773,48.00,None,68.66,None,0.00,None,128.01,None,69.67,None,71.34,None,0.00,None,37.33,None,110.02,None,126.33,None,0.00,None,0.00,None
1763419898.572112,48.00,None,68.66,None,0.00,None,128.01,None,69.67,None,92.34,None,0.00,None,37.33,None,110.02,None,126.33,None,0.00,None,0.00,None
1763419898.5726233,48.00,None,68.66,None,0.00,None,128.01,None,69.67,None,92.34,None,0.00,None,37.33,None,110.02,None,126.33,None,0.00,None,0.00,None
1763419898.601994,48.00,None,68.66,None,0.00,None,128.01,None,69.67,None,113.34,None,0.00,None,37.33,None,110.02,None,126.33,None,0.00,None,0.00,None
1763419898.6024876,48.00,None,68.66,None,0.00,None,128.01,None,69.67,None,113.34,None,0.00,None,37.33,None,110.02,None,126.33,None,0.00,None,0.00,None
1763419898.6334624,48.00,None,68.66,None,0.00,None,128.01,None,69.67,None,125.34,None,0.00,None,37.33,None,110.02,None,126.33,None,0.00,None,0.00,None
1763419898.6339705,48.00,None,68.66,None,0.00,None,128.01,None,69.67,None,125.34,None,0.00,None,37.33,None,110.02,None,126.33,None,0.00,None,0.00,None
1763419898.66186,48.00,None,68.66,None,0.00,None,128.01,None,69.67,None,128.67,None,0.00,None,37.33,None,119.02,None,126.33,None,0.00,None,0.00,None
1763419898.6623652,48.00,None,68.66,None,0.00,None,128.01,None,69.67,None,128.67,None,0.00,None,37.33,None,119.02,None,126.33,None,0.00,None,0.00,None
1763419898.6942673,48.00,None,68.66,None,0.00,None,128.01,None,69.67,None,128.67,None,0.00,None,37.33,None,119.02,None,126.33,None,0.00,None,0.00,None
1763419898.69477,48.00,None,68.66,None,0.00,None,128.01,None,69.67,None,128.67,None,0.00,None,37.33,None,119.02,None,126.33,None,0.00,None,0.00,None
1763419899.4171188,48.00,None,68.66,None,0.00,None,125.34,None,69.67,None,120.00,None,0.00,None,37.33,None,119.02,None,117.33,None,0.00,None,0.00,None
1763419899.4180255,48.00,None,68.66,None,0.00,None,125.34,None,69.67,None,120.00,None,0.00,None,37.33,None,119.02,None,117.33,None,0.00,None,0.00,None
1763419899.457769,48.00,None,68.66,None,0.00,None,125.34,None,69.67,None,124.00,None,0.00,None,37.33,None,128.02,None,126.00,None,0.00,None,0.00,None
1763419899.4586177,48.00,None,68.66,None,0.00,None,125.34,None,69.67,None,124.00,None,0.00,None,37.33,None,128.02,None,126.00,None,0.00,None,0.00,None
1763419915.5582168,48.00,None,68.66,None,0.00,None,125.34,None,69.67,None,128.00,None,0.00,None,37.33,None,128.02,None,126.00,None,0.00,None,0.00,None
1763419915.5587342,48.00,None,68.66,None,0.00,None,125.34,None,69.67,None,128.00,None,0.00,None,37.33,None,128.02,None,126.00,None,0.00,None,0.00,None
1763419915.5984938,48.00,None,68.66,None,0.00,None,125.34,None,69.67,None,128.00,None,0.00,None,37.33,None,128.02,None,126.00,None,0.00,None,0.00,None
1763419915.5990107,48.00,None,68.66,None,0.00,None,125.34,None,69.67,None,128.00,None,0.00,None,37.33,None,128.02,None,126.00,None,0.00,None,0.00,None
1763419915.6279864,57.00,None,68.66,None,0.00,None,125.34,None,69.67,None,128.00,None,0.00,None,37.33,None,128.02,None,126.00,None,0.00,None,0.00,None
1763419915.6284945,57.00,None,68.66,None,0.00,None,125.34,None,69.67,None,128.00,None,0.00,None,37.33,None,128.02,None,126.00,None,0.00,None,0.00,None
1763419915.660067,57.00,None,68.66,None,0.00,None,125.34,None,69.67,None,128.00,None,0.00,None,46.33,None,128.02,None,126.00,None,0.00,None,0.00,None
1763419915.6605988,57.00,None,68.66,None,0.00,None,125.34,None,69.67,None,128.00,None,0.00,None,46.33,None,128.02,None,126.00,None,0.00,None,0.00,None
1763419915.6911147,57.00,None,68.66,None,0.00,None,125.34,None,69.67,None,128.00,None,0.00,None,50.33,None,128.02,None,126.00,None,0.00,None,0.00,None
1763419915.6916518,57.00,None,68.66,None,0.00,None,125.34,None,69.67,None,128.00,None,0.00,None,50.33,None,128.02,None,126.00,None,0.00,None,0.00,None
1763419915.7342863,57.00,None,68.66,None,0.00,None,125.34,None,69.67,None,128.00,None,0.00,None,50.33,None,128.02,None,126.00,None,0.00,None,0.00,None
1763419915.7348113,57.00,None,68.66,None,0.00,None,125.34,None,69.67,None,128.00,None,0.00,None,50.33,None,128.02,None,126.00,None,0.00,None,0.00,None
1763419919.4415379,61.00,None,68.66,None,0.00,None,125.34,None,69.67,None,128.00,None,0.00,None,68.00,None,128.02,None,105.00,None,0.00,None,0.00,None
1763419919.4424446,61.00,None,68.66,None,0.00,None,125.34,None,69.67,None,128.00,None,0.00,None,68.00,None,128.02,None,105.00,None,0.00,None,0.00,None
1763419924.5947394,35.00,None,16.66,None,0.00,None,104.34,None,67.66,None,128.00,None,0.00,None,51.67,None,88.35,None,105.00,None,0.00,None,0.00,None
1763419924.5956287,35.00,None,16.66,None,0.00,None,104.34,None,67.66,None,128.00,None,0.00,None,51.67,None,88.35,None,105.00,None,0.00,None,0.00,None
1763419929.4515018,35.00,None,16.66,None,0.00,None,104.34,None,67.66,None,128.00,None,0.00,None,51.67,None,111.68,None,75.67,None,0.00,None,0.00,None
1763419929.452398,35.00,None,16.66,None,0.00,None,104.34,None,67.66,None,128.00,None,0.00,None,51.67,None,111.68,None,75.67,None,0.00,None,0.00,None
1763419934.4523423,35.00,None,9.33,None,0.00,None,104.34,None,67.66,None,110.00,None,0.00,None,43.00,None,115.34,None,66.67,None,0.00,None,0.00,None
1763419934.4528491,35.00,None,9.33,None,0.00,None,104.34,None,67.66,None,110.00,None,0.00,None,43.00,None,115.34,None,66.67,None,0.00,None,0.00,None
1763419934.4857886,35.00,None,22.00,None,0.00,None,104.34,None,67.66,None,110.00,None,0.00,None,43.00,None,124.34,None,66.67,None,0.00,None,0.00,None
1763419934.4863021,35.00,None,22.00,None,0.00,None,104.34,None,67.66,None,110.00,None,0.00,None,43.00,None,124.34,None,66.67,None,0.00,None,0.00,None
1763419934.5190828,35.00,None,22.00,None,0.00,None,122.01,None,67.66,None,110.00,None,0.00,None,43.00,None,124.34,None,66.67,None,3.33,None,0.00,None
1763419934.5195863,35.00,None,22.00,None,0.00,None,122.01,None,67.66,None,110.00,None,0.00,None,43.00,None,124.34,None,66.67,None,3.33,None,0.00,None
1763419936.5908954,35.00,None,47.00,None,0.00,None,122.01,None,67.66,None,110.00,None,0.00,None,43.00,None,124.34,None,66.67,None,3.33,None,0.00,None
1763419936.5914235,35.00,None,47.00,None,0.00,None,122.01,None,67.66,None,110.00,None,0.00,None,43.00,None,124.34,None,66.67,None,3.33,None,0.00,None
1763419936.621956,35.00,None,64.67,None,0.00,None,122.01,None,67.66,None,110.00,None,0.00,None,43.00,None,124.34,None,66.67,None,3.33,None,0.00,None
1763419936.6224802,35.00,None,64.67,None,0.00,None,122.01,None,67.66,None,110.00,None,0.00,None,43.00,None,124.34,None,66.67,None,3.33,None,0.00,None
1763419936.658922,35.00,None,64.67,None,0.00,None,122.01,None,67.66,None,110.00,None,0.00,None,60.67,None,124.34,None,66.67,None,3.33,None,0.00,None
1763419936.659431,35.00,None,64.67,None,0.00,None,122.01,None,67.66,None,110.00,None,0.00,None,60.67,None,124.34,None,66.67,None,3.33,None,0.00,None
1763419936.7067516,52.67,None,64.67,None,0.00,None,122.01,None,67.66,None,110.00,None,0.00,None,60.67,None,124.34,None,66.67,None,3.33,None,0.00,None
1763419936.7081425,52.67,None,64.67,None,0.00,None,122.01,None,67.66,None,110.00,None,0.00,None,60.67,None,124.34,None,66.67,None,3.33,None,0.00,None
1763419936.7566583,52.67,None,64.67,None,0.00,None,122.01,None,67.66,None,110.00,None,0.00,None,69.34,None,124.34,None,75.67,None,3.33,None,0.00,None
1763419936.7571948,52.67,None,64.67,None,0.00,None,122.01,None,67.66,None,110.00,None,0.00,None,69.34,None,124.34,None,75.67,None,3.33,None,0.00,None
1763419936.7951558,61.34,None,64.67,None,0.00,None,122.01,None,67.66,None,110.00,None,0.00,None,69.34,None,124.34,None,75.67,None,3.33,None,0.00,None
1763419936.795682,61.34,None,64.67,None,0.00,None,122.01,None,67.66,None,110.00,None,0.00,None,69.34,None,124.34,None,75.67,None,3.33,None,0.00,None
1763419939.4717596,61.34,None,61.34,None,0.00,None,122.01,None,67.66,None,101.00,None,0.00,None,58.68,None,98.33,None,57.67,None,12.00,None,0.00,None
1763419939.4727178,61.34,None,61.34,None,0.00,None,122.01,None,67.66,None,101.00,None,0.00,None,58.68,None,98.33,None,57.67,None,12.00,None,0.00,None
1763419939.5161104,61.34,None,61.34,None,0.00,None,122.01,None,67.66,None,101.00,None,0.00,None,67.68,None,98.33,None,57.67,None,12.00,None,0.00,None
1763419939.517004,61.34,None,61.34,None,0.00,None,122.01,None,67.66,None,101.00,None,0.00,None,67.68,None,98.33,None,57.67,None,12.00,None,0.00,None
1763419939.546953,61.34,None,61.34,None,0.00,None,122.01,None,67.66,None,101.00,None,0.00,None,67.68,None,107.33,None,57.67,None,12.00,None,0.00,None
1763419939.547474,61.34,None,61.34,None,0.00,None,122.01,None,67.66,None,101.00,None,0.00,None,67.68,None,107.33,None,57.67,None,12.00,None,0.00,None
1763419939.656523,61.34,None,61.34,None,0.00,None,122.01,None,67.66,None,101.00,None,0.00,None,67.68,None,116.33,None,57.67,None,12.00,None,0.00,None
1763419939.6570833,61.34,None,61.34,None,0.00,None,122.01,None,67.66,None,101.00,None,0.00,None,67.68,None,116.33,None,57.67,None,12.00,None,0.00,None
1763419948.618304,57.34,None,48.67,None,0.00,None,91.34,None,42.66,None,101.00,None,0.00,None,41.01,None,68.33,None,57.67,None,0.00,None,0.00,None
1763419948.6191926,57.34,None,48.67,None,0.00,None,91.34,None,42.66,None,101.00,None,0.00,None,41.01,None,68.33,None,57.67,None,0.00,None,0.00,None
1763419948.6653686,57.34,None,52.67,None,0.00,None,91.34,None,42.66,None,101.00,None,0.00,None,41.01,None,89.33,None,57.67,None,0.00,None,0.00,None
1763419948.666265,57.34,None,52.67,None,0.00,None,91.34,None,42.66,None,101.00,None,0.00,None,41.01,None,89.33,None,57.67,None,0.00,None,0.00,None
1763419948.712407,57.34,None,52.67,None,0.00,None,91.34,None,42.66,None,101.00,None,0.00,None,41.01,None,110.33,None,57.67,None,0.00,None,0.00,None
1763419948.7133038,57.34,None,52.67,None,0.00,None,91.34,None,42.66,None,101.00,None,0.00,None,41.01,None,110.33,None,57.67,None,0.00,None,0.00,None
1763419948.7488518,57.34,None,52.67,None,0.00,None,91.34,None,42.66,None,101.00,None,0.00,None,45.01,None,122.33,None,66.67,None,0.00,None,0.00,None
1763419948.749742,57.34,None,52.67,None,0.00,None,91.34,None,42.66,None,101.00,None,0.00,None,45.01,None,122.33,None,66.67,None,0.00,None,0.00,None
1763419948.8025136,57.34,None,52.67,None,0.00,None,91.34,None,42.66,None,101.00,None,0.00,None,45.01,None,125.66,None,84.34,None,0.00,None,0.00,None
1763419948.8034005,57.34,None,52.67,None,0.00,None,91.34,None,42.66,None,101.00,None,0.00,None,45.01,None,125.66,None,84.34,None,0.00,None,0.00,None
1763419948.852961,57.34,None,52.67,None,0.00,None,91.34,None,42.66,None,101.00,None,0.00,None,62.68,None,125.66,None,84.34,None,0.00,None,0.00,None
1763419948.8538554,57.34,None,52.67,None,0.00,None,91.34,None,42.66,None,101.00,None,0.00,None,62.68,None,125.66,None,84.34,None,0.00,None,0.00,None
1763419949.4804645,57.34,None,52.67,None,0.00,None,91.34,None,42.66,None,97.00,None,0.00,None,62.68,None,116.66,None,75.67,None,0.00,None,0.00,None
1763419949.4810028,57.34,None,52.67,None,0.00,None,91.34,None,42.66,None,97.00,None,0.00,None,62.68,None,116.66,None,75.67,None,0.00,None,0.00,None
1763419949.5184786,57.34,None,52.67,None,0.00,None,112.34,None,42.66,None,97.00,None,0.00,None,62.68,None,116.66,None,75.67,None,0.00,None,0.00,None
1763419949.519011,57.34,None,52.67,None,0.00,None,112.34,None,42.66,None,97.00,None,0.00,None,62.68,None,116.66,None,75.67,None,0.00,None,0.00,None
1763419954.4726837,57.34,None,52.67,None,0.00,None,112.34,None,42.66,None,97.00,None,0.00,None,62.68,None,116.66,None,97.34,None,0.00,None,0.00,None
1763419954.473232,57.34,None,52.67,None,0.00,None,112.34,None,42.66,None,97.00,None,0.00,None,62.68,None,116.66,None,97.34,None,0.00,None,0.00,None
1763419964.4973547,48.34,None,46.67,None,0.00,None,112.34,None,21.66,None,97.00,None,0.00,None,62.68,None,116.66,None,118.34,None,0.00,None,0.00,None
1763419964.4982672,48.34,None,46.67,None,0.00,None,112.34,None,21.66,None,97.00,None,0.00,None,62.68,None,116.66,None,118.34,None,0.00,None,0.00,None
1763419964.540915,48.34,None,67.67,None,0.00,None,112.34,None,25.66,None,97.00,None,0.00,None,62.68,None,116.66,None,118.34,None,0.00,None,0.00,None
1763419964.5417945,48.34,None,67.67,None,0.00,None,112.34,None,25.66,None,97.00,None,0.00,None,62.68,None,116.66,None,118.34,None,0.00,None,0.00,None
1763419967.6205838,48.34,None,67.67,None,0.00,None,65.34,None,25.66,None,101.00,None,0.00,None,62.68,None,120.66,None,128.67,None,0.00,None,0.00,None
1763419967.6211164,48.34,None,67.67,None,0.00,None,65.34,None,25.66,None,101.00,None,0.00,None,62.68,None,120.66,None,128.67,None,0.00,None,0.00,None
1763419967.731994,48.34,None,67.67,None,0.00,None,65.34,None,25.66,None,122.00,None,0.00,None,62.68,None,120.66,None,128.67,None,0.00,None,0.00,None
1763419967.7325182,48.34,None,67.67,None,0.00,None,65.34,None,25.66,None,122.00,None,0.00,None,62.68,None,120.66,None,128.67,None,0.00,None,0.00,None
1763419967.760893,48.34,None,67.67,None,0.00,None,65.34,None,25.66,None,122.00,None,0.00,None,62.68,None,120.66,None,128.67,None,0.00,None,0.00,None
1763419967.7614133,48.34,None,67.67,None,0.00,None,65.34,None,25.66,None,122.00,None,0.00,None,62.68,None,120.66,None,128.67,None,0.00,None,0.00,None
1763419967.7927654,48.34,None,67.67,None,0.00,None,65.34,None,25.66,None,122.00,None,0.00,None,62.68,None,120.66,None,128.67,None,0.00,None,0.00,None
1763419967.7932985,48.34,None,67.67,None,0.00,None,65.34,None,25.66,None,122.00,None,0.00,None,62.68,None,120.66,None,128.67,None,0.00,None,0.00,None
1763419967.828298,48.34,None,67.67,None,0.00,None,83.01,None,25.66,None,126.00,None,0.00,None,62.68,None,120.66,None,128.67,None,0.00,None,0.00,None
1763419967.82921,48.34,None,67.67,None,0.00,None,83.01,None,25.66,None,126.00,None,0.00,None,62.68,None,120.66,None,128.67,None,0.00,None,0.00,None
1763419967.8791363,48.34,None,67.67,None,0.00,None,100.68,None,25.66,None,126.00,None,0.00,None,62.68,None,120.66,None,128.67,None,0.00,None,0.00,None
1763419967.880076,48.34,None,67.67,None,0.00,None,100.68,None,25.66,None,126.00,None,0.00,None,62.68,None,120.66,None,128.67,None,0.00,None,0.00,None
1763419969.4983394,48.34,None,67.67,None,0.00,None,53.01,None,25.66,None,117.00,None,0.00,None,49.68,None,120.66,None,115.34,None,0.00,None,0.00,None
1763419969.4988923,48.34,None,67.67,None,0.00,None,53.01,None,25.66,None,117.00,None,0.00,None,49.68,None,120.66,None,115.34,None,0.00,None,0.00,None
1763419969.5331252,48.34,None,67.67,None,0.00,None,53.01,None,25.66,None,126.00,None,0.00,None,49.68,None,120.66,None,122.67,None,0.00,None,0.00,None
1763419969.533642,48.34,None,67.67,None,0.00,None,53.01,None,25.66,None,126.00,None,0.00,None,49.68,None,120.66,None,122.67,None,0.00,None,0.00,None
1763419996.6839192,48.34,None,67.67,None,0.00,None,78.01,None,25.66,None,126.00,None,0.00,None,49.68,None,120.66,None,122.67,None,0.00,None,0.00,None
1763419996.6848373,48.34,None,67.67,None,0.00,None,78.01,None,25.66,None,126.00,None,0.00,None,49.68,None,120.66,None,122.67,None,0.00,None,0.00,None
1763419996.7364976,48.34,None,67.67,None,0.00,None,95.68,None,25.66,None,126.00,None,0.00,None,49.68,None,120.66,None,122.67,None,0.00,None,0.00,None
1763419996.7374244,48.34,None,67.67,None,0.00,None,95.68,None,25.66,None,126.00,None,0.00,None,49.68,None,120.66,None,122.67,None,0.00,None,0.00,None
1763419996.785118,48.34,None,67.67,None,0.00,None,113.35,None,25.66,None,126.00,None,0.00,None,49.68,None,120.66,None,122.67,None,0.00,None,0.00,None
1763419996.7860298,48.34,None,67.67,None,0.00,None,113.35,None,25.66,None,126.00,None,0.00,None,49.68,None,120.66,None,122.67,None,0.00,None,0.00,None
1763419996.8335154,48.34,None,67.67,None,0.00,None,122.02,None,25.66,None,126.00,None,0.00,None,49.68,None,120.66,None,122.67,None,0.00,None,0.00,None
1763419996.8344185,48.34,None,67.67,None,0.00,None,122.02,None,25.66,None,126.00,None,0.00,None,49.68,None,120.66,None,122.67,None,0.00,None,0.00,None
1763419996.8874893,48.34,None,67.67,None,0.00,None,122.02,None,25.66,None,126.00,None,0.00,None,49.68,None,120.66,None,122.67,None,0.00,None,0.00,None
1763419996.8884027,48.34,None,67.67,None,0.00,None,122.02,None,25.66,None,126.00,None,0.00,None,49.68,None,120.66,None,122.67,None,0.00,None,0.00,None
1763419996.9414287,48.34,None,67.67,None,0.00,None,122.02,None,25.66,None,126.00,None,0.00,None,58.68,None,120.66,None,122.67,None,0.00,None,0.00,None
1763419996.942352,48.34,None,67.67,None,0.00,None,122.02,None,25.66,None,126.00,None,0.00,None,58.68,None,120.66,None,122.67,None,0.00,None,0.00,None
1763420013.8515975,26.34,None,46.67,None,0.00,None,104.35,None,0.00,None,126.00,None,0.00,None,57.01,None,113.00,None,126.00,None,0.00,None,0.00,None
1763420013.8525052,26.34,None,46.67,None,0.00,None,104.35,None,0.00,None,126.00,None,0.00,None,57.01,None,113.00,None,126.00,None,0.00,None,0.00,None
1763420013.9061015,26.34,None,46.67,None,0.00,None,108.35,None,0.00,None,126.00,None,0.00,None,57.01,None,113.00,None,126.00,None,0.00,None,0.00,None
1763420013.9070148,26.34,None,46.67,None,0.00,None,108.35,None,0.00,None,126.00,None,0.00,None,57.01,None,113.00,None,126.00,None,0.00,None,0.00,None
1763420013.9592018,26.34,None,46.67,None,0.00,None,108.35,None,0.00,None,126.00,None,0.00,None,66.01,None,121.67,None,126.00,None,0.00,None,0.00,None
1763420013.9600978,26.34,None,46.67,None,0.00,None,108.35,None,0.00,None,126.00,None,0.00,None,66.01,None,121.67,None,126.00,None,0.00,None,0.00,None
1763420013.9958088,26.34,None,46.67,None,0.00,None,126.02,None,0.00,None,126.00,None,0.00,None,66.01,None,121.67,None,126.00,None,0.00,None,0.00,None
1763420013.9963498,26.34,None,46.67,None,0.00,None,126.02,None,0.00,None,126.00,None,0.00,None,66.01,None,121.67,None,126.00,None,0.00,None,0.00,None
1763420014.0471647,26.34,None,46.67,None,0.00,None,126.02,None,0.00,None,126.00,None,0.00,None,66.01,None,121.67,None,126.00,None,0.00,None,0.00,None
1763420014.048071,26.34,None,46.67,None,0.00,None,126.02,None,0.00,None,126.00,None,0.00,None,66.01,None,121.67,None,126.00,None,0.00,None,0.00,None
1763420014.0948186,26.34,None,55.67,None,0.00,None,126.02,None,0.00,None,126.00,None,0.00,None,66.01,None,125.67,None,126.00,None,0.00,None,0.00,None
1763420014.0953736,26.34,None,55.67,None,0.00,None,126.02,None,0.00,None,126.00,None,0.00,None,66.01,None,125.67,None,126.00,None,0.00,None,0.00,None
1763420014.5376692,26.34,None,55.67,None,0.00,None,126.02,None,4.00,None,113.00,None,0.00,None,62.01,None,113.67,None,109.67,None,0.00,None,0.00,None
1763420014.538227,26.34,None,55.67,None,0.00,None,126.02,None,4.00,None,113.00,None,0.00,None,62.01,None,113.67,None,109.67,None,0.00,None,0.00,None
1763420014.5643258,26.34,None,55.67,None,0.00,None,126.02,None,29.00,None,113.00,None,0.00,None,62.01,None,113.67,None,109.67,None,0.00,None,0.00,None
1763420014.5649002,26.34,None,55.67,None,0.00,None,126.02,None,29.00,None,113.00,None,0.00,None,62.01,None,113.67,None,109.67,None,0.00,None,0.00,None
1763420014.592226,26.34,None,55.67,None,0.00,None,126.02,None,29.00,None,113.00,None,0.00,None,62.01,None,113.67,None,127.34,None,0.00,None,0.00,None
1763420014.5927596,26.34,None,55.67,None,0.00,None,126.02,None,29.00,None,113.00,None,0.00,None,62.01,None,113.67,None,127.34,None,0.00,None,0.00,None
1763420014.6203878,26.34,None,55.67,None,0.00,None,126.02,None,29.00,None,117.00,None,0.00,None,62.01,None,122.34,None,127.34,None,0.00,None,0.00,None
1763420014.6209447,26.34,None,55.67,None,0.00,None,126.02,None,29.00,None,117.00,None,0.00,None,62.01,None,122.34,None,127.34,None,0.00,None,0.00,None
1763420014.648264,26.34,None,55.67,None,0.00,None,126.02,None,29.00,None,125.67,None,0.00,None,62.01,None,122.34,None,127.34,None,0.00,None,0.00,None
1763420014.6488008,26.34,None,55.67,None,0.00,None,126.02,None,29.00,None,125.67,None,0.00,None,62.01,None,122.34,None,127.34,None,0.00,None,0.00,None
1763420019.5560665,26.34,None,59.00,None,0.00,None,126.02,None,29.00,None,46.67,None,0.00,None,62.01,None,110.01,None,109.67,None,0.00,None,0.00,None
1763420019.5565932,26.34,None,59.00,None,0.00,None,126.02,None,29.00,None,46.67,None,0.00,None,62.01,None,110.01,None,109.67,None,0.00,None,0.00,None
1763420019.590703,35.34,None,59.00,None,0.00,None,126.02,None,41.00,None,46.67,None,0.00,None,62.01,None,110.01,None,109.67,None,0.00,None,0.00,None
1763420019.591234,35.34,None,59.00,None,0.00,None,126.02,None,41.00,None,46.67,None,0.00,None,62.01,None,110.01,None,109.67,None,0.00,None,0.00,None
1763420034.6606731,35.34,None,59.00,None,0.00,None,126.02,None,41.00,None,37.67,None,0.00,None,62.01,None,110.01,None,122.67,None,0.00,None,0.00,None
1763420034.6612356,35.34,None,59.00,None,0.00,None,126.02,None,41.00,None,37.67,None,0.00,None,62.01,None,110.01,None,122.67,None,0.00,None,0.00,None
1763420035.7176244,35.34,None,59.00,None,0.00,None,126.02,None,41.00,None,59.34,None,0.00,None,62.01,None,110.01,None,122.67,None,0.00,None,0.00,None
1763420035.718548,35.34,None,59.00,None,0.00,None,126.02,None,41.00,None,59.34,None,0.00,None,62.01,None,110.01,None,122.67,None,0.00,None,0.00,None
1763420035.7651796,35.34,None,59.00,None,0.00,None,126.02,None,41.00,None,71.67,None,0.00,None,62.01,None,110.01,None,122.67,None,0.00,None,0.00,None
1763420035.765735,35.34,None,59.00,None,0.00,None,126.02,None,41.00,None,71.67,None,0.00,None,62.01,None,110.01,None,122.67,None,0.00,None,0.00,None
1763420035.7992737,35.34,None,59.00,None,0.00,None,126.02,None,41.00,None,75.00,None,0.00,None,62.01,None,110.01,None,122.67,None,0.00,None,0.00,None
1763420035.799802,35.34,None,59.00,None,0.00,None,126.02,None,41.00,None,75.00,None,0.00,None,62.01,None,110.01,None,122.67,None,0.00,None,0.00,None
1763420035.8460526,35.34,None,59.00,None,0.00,None,126.02,None,41.00,None,83.67,None,0.00,None,62.01,None,119.01,None,122.67,None,0.00,None,0.00,None
1763420035.8465848,35.34,None,59.00,None,0.00,None,126.02,None,41.00,None,83.67,None,0.00,None,62.01,None,119.01,None,122.67,None,0.00,None,0.00,None
1763420035.8839848,35.34,None,59.00,None,0.00,None,126.02,None,58.67,None,83.67,None,0.00,None,62.01,None,119.01,None,122.67,None,0.00,None,0.00,None
1763420035.884502,35.34,None,59.00,None,0.00,None,126.02,None,58.67,None,83.67,None,0.00,None,62.01,None,119.01,None,122.67,None,0.00,None,0.00,None
1763420035.9207156,35.34,None,68.00,None,0.00,None,126.02,None,67.34,None,83.67,None,0.00,None,62.01,None,119.01,None,122.67,None,0.00,None,0.00,None
1763420035.9212513,35.34,None,68.00,None,0.00,None,126.02,None,67.34,None,83.67,None,0.00,None,62.01,None,119.01,None,122.67,None,0.00,None,0.00,None
1763420039.5944996,35.34,None,68.00,None,0.00,None,108.35,None,67.34,None,83.67,None,0.00,None,53.34,None,128.01,None,122.34,None,0.00,None,0.00,None
1763420039.5954478,35.34,None,68.00,None,0.00,None,108.35,None,67.34,None,83.67,None,0.00,None,53.34,None,128.01,None,122.34,None,0.00,None,0.00,None
1763420039.6292217,35.34,None,68.00,None,0.00,None,108.35,None,67.34,None,101.34,None,0.00,None,53.34,None,128.01,None,122.34,None,0.00,None,0.00,None
1763420039.629758,35.34,None,68.00,None,0.00,None,108.35,None,67.34,None,101.34,None,0.00,None,53.34,None,128.01,None,122.34,None,0.00,None,0.00,None
1763420039.6747842,57.01,None,68.00,None,0.00,None,108.35,None,67.34,None,101.34,None,0.00,None,53.34,None,128.01,None,122.34,None,0.00,None,0.00,None
1763420039.6753435,57.01,None,68.00,None,0.00,None,108.35,None,67.34,None,101.34,None,0.00,None,53.34,None,128.01,None,122.34,None,0.00,None,0.00,None
1763420044.600787,48.34,None,68.00,None,0.00,None,90.68,None,67.34,None,84.67,None,0.00,None,53.34,None,119.34,None,66.00,None,0.00,None,0.00,None
1763420044.6013339,48.34,None,68.00,None,0.00,None,90.68,None,67.34,None,84.67,None,0.00,None,53.34,None,119.34,None,66.00,None,0.00,None,0.00,None
1763420044.7215967,48.34,None,68.00,None,0.00,None,112.35,None,67.34,None,84.67,None,0.00,None,53.34,None,119.34,None,66.00,None,0.00,None,0.00,None
1763420044.7221255,48.34,None,68.00,None,0.00,None,112.35,None,67.34,None,84.67,None,0.00,None,53.34,None,119.34,None,66.00,None,0.00,None,0.00,None
1763420049.7377458,48.34,None,68.00,None,0.00,None,112.35,None,67.34,None,84.67,None,0.00,None,57.34,None,122.67,None,75.00,None,0.00,None,0.00,None
1763420049.7382944,48.34,None,68.00,None,0.00,None,112.35,None,67.34,None,84.67,None,0.00,None,57.34,None,122.67,None,75.00,None,0.00,None,0.00,None
1763420049.769214,48.34,None,68.00,None,0.00,None,112.35,None,67.34,None,84.67,None,0.00,None,69.34,None,122.67,None,84.00,None,0.00,None,0.00,None
1763420049.7697678,48.34,None,68.00,None,0.00,None,112.35,None,67.34,None,84.67,None,0.00,None,69.34,None,122.67,None,84.00,None,0.00,None,0.00,None
1763420049.812004,52.34,None,68.00,None,0.00,None,121.35,None,67.34,None,84.67,None,0.00,None,69.34,None,122.67,None,84.00,None,0.00,None,0.00,None
1763420049.8125327,52.34,None,68.00,None,0.00,None,121.35,None,67.34,None,84.67,None,0.00,None,69.34,None,122.67,None,84.00,None,0.00,None,0.00,None
1763420049.8601387,61.01,None,68.00,None,0.00,None,121.35,None,67.34,None,84.67,None,0.00,None,69.34,None,122.67,None,84.00,None,0.00,None,9.00,None
1763420049.860679,61.01,None,68.00,None,0.00,None,121.35,None,67.34,None,84.67,None,0.00,None,69.34,None,122.67,None,84.00,None,0.00,None,9.00,None
1763420049.900854,69.68,None,68.00,None,0.00,None,121.35,None,67.34,None,84.67,None,0.00,None,69.34,None,122.67,None,84.00,None,0.00,None,9.00,None
1763420049.9014082,69.68,None,68.00,None,0.00,None,121.35,None,67.34,None,84.67,None,0.00,None,69.34,None,122.67,None,84.00,None,0.00,None,9.00,None
1763420049.9505463,69.68,None,68.00,None,9.00,None,121.35,None,67.34,None,84.67,None,0.00,None,69.34,None,122.67,None,84.00,None,0.00,None,9.00,None
1763420049.9510937,69.68,None,68.00,None,9.00,None,121.35,None,67.34,None,84.67,None,0.00,None,69.34,None,122.67,None,84.00,None,0.00,None,9.00,None
1763420069.6265287,21.34,None,68.00,None,9.00,None,99.68,None,51.34,None,84.67,None,0.00,None,51.67,None,101.67,None,84.00,None,0.00,None,9.00,None
1763420069.627455,21.34,None,68.00,None,9.00,None,99.68,None,51.34,None,84.67,None,0.00,None,51.67,None,101.67,None,84.00,None,0.00,None,9.00,None
1763420070.7417035,21.34,None,68.00,None,9.00,None,99.68,None,51.34,None,88.67,None,0.00,None,51.67,None,101.67,None,105.00,None,0.00,None,9.00,None
1763420070.742629,21.34,None,68.00,None,9.00,None,99.68,None,51.34,None,88.67,None,0.00,None,51.67,None,101.67,None,105.00,None,0.00,None,9.00,None
1763420070.7953806,21.34,None,68.00,None,9.00,None,99.68,None,51.34,None,88.67,None,0.00,None,51.67,None,101.67,None,126.00,None,0.00,None,9.00,None
1763420070.7962973,21.34,None,68.00,None,9.00,None,99.68,None,51.34,None,88.67,None,0.00,None,51.67,None,101.67,None,126.00,None,0.00,None,9.00,None
1763420070.8479927,21.34,None,68.00,None,9.00,None,99.68,None,51.34,None,88.67,None,0.00,None,51.67,None,119.34,None,126.00,None,0.00,None,9.00,None
1763420070.8489196,21.34,None,68.00,None,9.00,None,99.68,None,51.34,None,88.67,None,0.00,None,51.67,None,119.34,None,126.00,None,0.00,None,9.00,None
1763420071.05745,21.34,None,68.00,None,9.00,None,108.68,None,51.34,None,88.67,None,0.00,None,51.67,None,119.34,None,126.00,None,0.00,None,9.00,None
1763420071.0585978,21.34,None,68.00,None,9.00,None,108.68,None,51.34,None,88.67,None,0.00,None,51.67,None,119.34,None,126.00,None,0.00,None,9.00,None
1763420071.1257644,21.34,None,68.00,None,9.00,None,108.68,None,51.34,None,97.34,None,0.00,None,51.67,None,128.34,None,126.00,None,0.00,None,9.00,None
1763420071.1269367,21.34,None,68.00,None,9.00,None,108.68,None,51.34,None,97.34,None,0.00,None,51.67,None,128.34,None,126.00,None,0.00,None,9.00,None
1763420071.2004611,21.34,None,68.00,None,9.00,None,112.68,None,51.34,None,115.01,None,0.00,None,51.67,None,128.34,None,126.00,None,0.00,None,9.00,None
1763420071.2016218,21.34,None,68.00,None,9.00,None,112.68,None,51.34,None,115.01,None,0.00,None,51.67,None,128.34,None,126.00,None,0.00,None,9.00,None
1763420074.6391368,21.34,None,64.00,None,9.00,None,112.68,None,69.01,None,115.01,None,0.00,None,34.00,None,82.34,None,126.00,None,0.00,None,9.00,None
1763420074.6400585,21.34,None,64.00,None,9.00,None,112.68,None,69.01,None,115.01,None,0.00,None,34.00,None,82.34,None,126.00,None,0.00,None,9.00,None
1763420074.6891782,39.01,None,64.00,None,9.00,None,112.68,None,69.01,None,115.01,None,0.00,None,34.00,None,82.34,None,126.00,None,0.00,None,9.00,None
1763420074.6900897,39.01,None,64.00,None,9.00,None,112.68,None,69.01,None,115.01,None,0.00,None,34.00,None,82.34,None,126.00,None,0.00,None,9.00,None
1763420074.7398217,39.01,None,68.00,None,9.00,None,112.68,None,69.01,None,115.01,None,0.00,None,34.00,None,100.01,None,126.00,None,0.00,None,9.00,None
1763420074.7407563,39.01,None,68.00,None,9.00,None,112.68,None,69.01,None,115.01,None,0.00,None,34.00,None,100.01,None,126.00,None,0.00,None,9.00,None
1763420089.638673,21.34,None,18.00,None,9.00,None,112.68,None,26.34,None,76.34,None,0.00,None,34.00,None,100.34,None,67.33,None,0.00,None,9.00,None
1763420089.6392016,21.34,None,18.00,None,9.00,None,112.68,None,26.34,None,76.34,None,0.00,None,34.00,None,100.34,None,67.33,None,0.00,None,9.00,None
1763420094.6653512,21.34,None,9.00,None,9.00,None,112.68,None,26.34,None,76.34,None,0.00,None,34.00,None,119.01,None,67.33,None,0.00,None,9.00,None
1763420094.6662848,21.34,None,9.00,None,9.00,None,112.68,None,26.34,None,76.34,None,0.00,None,34.00,None,119.01,None,67.33,None,0.00,None,9.00,None
1763420095.7611108,21.34,None,9.00,None,9.00,None,112.68,None,26.34,None,76.34,None,0.00,None,34.00,None,119.01,None,98.33,None,0.00,None,9.00,None
1763420095.7620149,21.34,None,9.00,None,9.00,None,112.68,None,26.34,None,76.34,None,0.00,None,34.00,None,119.01,None,98.33,None,0.00,None,9.00,None
1763420095.818697,21.34,None,9.00,None,9.00,None,112.68,None,26.34,None,76.34,None,0.00,None,34.00,None,119.01,None,121.00,None,0.00,None,9.00,None
1763420095.8195913,21.34,None,9.00,None,9.00,None,112.68,None,26.34,None,76.34,None,0.00,None,34.00,None,119.01,None,121.00,None,0.00,None,9.00,None
1763420095.8774576,21.34,None,9.00,None,9.00,None,112.68,None,26.34,None,76.34,None,0.00,None,43.00,None,127.68,None,124.33,None,0.00,None,9.00,None
1763420095.8783574,21.34,None,9.00,None,9.00,None,112.68,None,26.34,None,76.34,None,0.00,None,43.00,None,127.68,None,124.33,None,0.00,None,9.00,None
1763420096.102001,21.34,None,9.00,None,9.00,None,112.68,None,26.34,None,94.01,None,0.00,None,43.00,None,127.68,None,127.66,None,0.00,None,9.00,None
1763420096.1031291,21.34,None,9.00,None,9.00,None,112.68,None,26.34,None,94.01,None,0.00,None,43.00,None,127.68,None,127.66,None,0.00,None,9.00,None
1763420096.1705103,21.34,None,9.00,None,9.00,None,112.68,None,26.34,None,94.01,None,0.00,None,60.67,None,127.68,None,127.66,None,0.00,None,9.00,None
1763420096.1716685,21.34,None,9.00,None,9.00,None,112.68,None,26.34,None,94.01,None,0.00,None,60.67,None,127.68,None,127.66,None,0.00,None,9.00,None
1763420096.2396612,21.34,None,9.00,None,9.00,None,112.68,None,26.34,None,119.01,None,0.00,None,60.67,None,127.68,None,127.66,None,0.00,None,9.00,None
1763420096.2408035,21.34,None,9.00,None,9.00,None,112.68,None,26.34,None,119.01,None,0.00,None,60.67,None,127.68,None,127.66,None,0.00,None,9.00,None
1763420112.7692401,21.34,None,9.00,None,9.00,None,121.35,None,26.34,None,122.34,None,0.00,None,64.67,None,127.68,None,127.66,None,0.00,None,9.00,None
1763420112.7702012,21.34,None,9.00,None,9.00,None,121.35,None,26.34,None,122.34,None,0.00,None,64.67,None,127.68,None,127.66,None,0.00,None,9.00,None
1763420112.8241255,21.34,None,26.67,None,9.00,None,121.35,None,26.34,None,122.34,None,0.00,None,64.67,None,127.68,None,127.66,None,0.00,None,9.00,None
1763420112.8246577,21.34,None,26.67,None,9.00,None,121.35,None,26.34,None,122.34,None,0.00,None,64.67,None,127.68,None,127.66,None,0.00,None,9.00,None
1763420112.8707974,21.34,None,26.67,None,9.00,None,121.35,None,26.34,None,122.34,None,0.00,None,64.67,None,127.68,None,127.66,None,0.00,None,9.00,None
1763420112.871345,21.34,None,26.67,None,9.00,None,121.35,None,26.34,None,122.34,None,0.00,None,64.67,None,127.68,None,127.66,None,0.00,None,9.00,None
1763420112.9277482,21.34,None,35.67,None,9.00,None,121.35,None,26.34,None,122.34,None,0.00,None,64.67,None,127.68,None,127.66,None,0.00,None,9.00,None
1763420112.9286287,21.34,None,35.67,None,9.00,None,121.35,None,26.34,None,122.34,None,0.00,None,64.67,None,127.68,None,127.66,None,0.00,None,9.00,None
1763420112.9890814,21.34,None,35.67,None,9.00,None,121.35,None,26.34,None,122.34,None,0.00,None,64.67,None,127.68,None,127.66,None,0.00,None,9.00,None
1763420112.9900713,21.34,None,35.67,None,9.00,None,121.35,None,26.34,None,122.34,None,0.00,None,64.67,None,127.68,None,127.66,None,0.00,None,9.00,None
1763420113.0443952,21.34,None,35.67,None,9.00,None,121.35,None,39.34,None,126.67,None,0.00,None,64.67,None,127.68,None,127.66,None,0.00,None,9.00,None
1763420113.0453298,21.34,None,35.67,None,9.00,None,121.35,None,39.34,None,126.67,None,0.00,None,64.67,None,127.68,None,127.66,None,0.00,None,9.00,None
1763420114.6808703,21.34,None,35.67,None,9.00,None,121.35,None,39.34,None,126.67,None,0.00,None,64.67,None,105.01,None,127.66,None,0.00,None,9.00,None
1763420114.681434,21.34,None,35.67,None,9.00,None,121.35,None,39.34,None,126.67,None,0.00,None,64.67,None,105.01,None,127.66,None,0.00,None,9.00,None
1763420114.8056955,21.34,None,35.67,None,9.00,None,121.35,None,39.34,None,126.67,None,0.00,None,64.67,None,126.68,None,127.66,None,0.00,None,9.00,None
1763420114.8064692,21.34,None,35.67,None,9.00,None,121.35,None,39.34,None,126.67,None,0.00,None,64.67,None,126.68,None,127.66,None,0.00,None,9.00,None
1763420119.7081366,25.34,None,35.67,None,9.00,None,112.68,None,39.34,None,126.67,None,0.00,None,55.67,None,126.68,None,127.66,None,0.00,None,9.00,None
1763420119.7090547,25.34,None,35.67,None,9.00,None,112.68,None,39.34,None,126.67,None,0.00,None,55.67,None,126.68,None,127.66,None,0.00,None,9.00,None
1763420119.7613256,25.34,None,35.67,None,9.00,None,121.35,None,43.34,None,126.67,None,0.00,None,55.67,None,126.68,None,127.66,None,0.00,None,9.00,None
1763420119.7622762,25.34,None,35.67,None,9.00,None,121.35,None,43.34,None,126.67,None,0.00,None,55.67,None,126.68,None,127.66,None,0.00,None,9.00,None
1763420119.8156974,25.34,None,35.67,None,9.00,None,121.35,None,43.34,None,126.67,None,0.00,None,55.67,None,126.68,None,127.66,None,0.00,None,9.00,None
1763420119.8164568,25.34,None,35.67,None,9.00,None,121.35,None,43.34,None,126.67,None,0.00,None,55.67,None,126.68,None,127.66,None,0.00,None,9.00,None
1763420134.7096899,21.34,None,35.67,None,9.00,None,77.34,None,39.34,None,126.67,None,0.00,None,55.67,None,105.01,None,127.66,None,0.00,None,9.00,None
1763420134.7102427,21.34,None,35.67,None,9.00,None,77.34,None,39.34,None,126.67,None,0.00,None,55.67,None,105.01,None,127.66,None,0.00,None,9.00,None
1763420134.7978585,21.34,None,35.67,None,9.00,None,77.34,None,39.34,None,126.67,None,0.00,None,64.67,None,121.01,None,127.66,None,0.00,None,9.00,None
1763420134.7987535,21.34,None,35.67,None,9.00,None,77.34,None,39.34,None,126.67,None,0.00,None,64.67,None,121.01,None,127.66,None,0.00,None,9.00,None
1763420134.854037,21.34,None,35.67,None,9.00,None,77.34,None,39.34,None,126.67,None,0.00,None,64.67,None,121.01,None,127.66,None,0.00,None,9.00,None
1763420134.8549652,21.34,None,35.67,None,9.00,None,77.34,None,39.34,None,126.67,None,0.00,None,64.67,None,121.01,None,127.66,None,0.00,None,9.00,None
1763420134.9143507,21.34,None,35.67,None,9.00,None,86.34,None,39.34,None,126.67,None,0.00,None,64.67,None,121.01,None,127.66,None,0.00,None,9.00,None
1763420134.9152648,21.34,None,35.67,None,9.00,None,86.34,None,39.34,None,126.67,None,0.00,None,64.67,None,121.01,None,127.66,None,0.00,None,9.00,None
1763420134.9652474,21.34,None,35.67,None,9.00,None,104.01,None,39.34,None,126.67,None,0.00,None,64.67,None,121.01,None,127.66,None,0.00,None,9.00,None
1763420134.9657989,21.34,None,35.67,None,9.00,None,104.01,None,39.34,None,126.67,None,0.00,None,64.67,None,121.01,None,127.66,None,0.00,None,9.00,None
1763420135.0967972,21.34,None,35.67,None,9.00,None,104.01,None,48.34,None,126.67,None,0.00,None,64.67,None,121.01,None,127.66,None,0.00,None,9.00,None
1763420135.0973423,21.34,None,35.67,None,9.00,None,104.01,None,48.34,None,126.67,None,0.00,None,64.67,None,121.01,None,127.66,None,0.00,None,9.00,None
1763420135.137545,21.34,None,35.67,None,9.00,None,113.01,None,48.34,None,126.67,None,0.00,None,64.67,None,121.01,None,127.66,None,0.00,None,9.00,None
1763420135.138106,21.34,None,35.67,None,9.00,None,113.01,None,48.34,None,126.67,None,0.00,None,64.67,None,121.01,None,127.66,None,0.00,None,9.00,None
1763420139.7162364,21.34,None,35.67,None,9.00,None,70.34,None,48.34,None,126.67,None,0.00,None,55.67,None,63.67,None,120.33,None,0.00,None,9.00,None
1763420139.716764,21.34,None,35.67,None,9.00,None,70.34,None,48.34,None,126.67,None,0.00,None,55.67,None,63.67,None,120.33,None,0.00,None,9.00,None
1763420144.804261,21.34,None,35.67,None,9.00,None,70.34,None,48.34,None,126.67,None,0.00,None,55.67,None,88.67,None,120.33,None,0.00,None,9.00,None
1763420144.8047862,21.34,None,35.67,None,9.00,None,70.34,None,48.34,None,126.67,None,0.00,None,55.67,None,88.67,None,120.33,None,0.00,None,9.00,None
1763420144.8622348,21.34,None,35.67,None,9.00,None,70.34,None,48.34,None,126.67,None,0.00,None,55.67,None,109.67,None,120.33,None,0.00,None,9.00,None
1763420144.8631566,21.34,None,35.67,None,9.00,None,70.34,None,48.34,None,126.67,None,0.00,None,55.67,None,109.67,None,120.33,None,0.00,None,9.00,None
1763420144.9211607,21.34,None,35.67,None,9.00,None,70.34,None,48.34,None,126.67,None,0.00,None,55.67,None,127.34,None,120.33,None,0.00,None,9.00,None
1763420144.9220932,21.34,None,35.67,None,9.00,None,70.34,None,48.34,None,126.67,None,0.00,None,55.67,None,127.34,None,120.33,None,0.00,None,9.00,None
1763420144.9787602,21.34,None,44.67,None,9.00,None,70.34,None,48.34,None,126.67,None,0.00,None,64.34,None,127.34,None,124.33,None,0.00,None,9.00,None
1763420144.9796748,21.34,None,44.67,None,9.00,None,70.34,None,48.34,None,126.67,None,0.00,None,64.34,None,127.34,None,124.33,None,0.00,None,9.00,None
1763420145.0380573,21.34,None,62.34,None,9.00,None,70.34,None,48.34,None,126.67,None,0.00,None,64.34,None,127.34,None,124.33,None,0.00,None,9.00,None
1763420145.0390596,21.34,None,62.34,None,9.00,None,70.34,None,48.34,None,126.67,None,0.00,None,64.34,None,127.34,None,124.33,None,0.00,None,9.00,None
1763420145.1015341,30.01,None,62.34,None,9.00,None,70.34,None,57.34,None,126.67,None,0.00,None,64.34,None,127.34,None,124.33,None,0.00,None,9.00,None
1763420145.102524,30.01,None,62.34,None,9.00,None,70.34,None,57.34,None,126.67,None,0.00,None,64.34,None,127.34,None,124.33,None,0.00,None,9.00,None
1763420162.8329332,8.67,None,53.34,None,0.00,None,92.34,None,31.00,None,80.67,None,0.00,None,48.34,None,115.01,None,106.33,None,0.00,None,0.00,None
1763420162.833844,8.67,None,53.34,None,0.00,None,92.34,None,31.00,None,80.67,None,0.00,None,48.34,None,115.01,None,106.33,None,0.00,None,0.00,None
1763420163.0360234,8.67,None,53.34,None,0.00,None,115.01,None,31.00,None,80.67,None,0.00,None,48.34,None,115.01,None,106.33,None,0.00,None,0.00,None
1763420163.0365734,8.67,None,53.34,None,0.00,None,115.01,None,31.00,None,80.67,None,0.00,None,48.34,None,115.01,None,106.33,None,0.00,None,0.00,None
1763420163.0759609,8.67,None,53.34,None,0.00,None,127.01,None,31.00,None,89.67,None,0.00,None,48.34,None,115.01,None,106.33,None,0.00,None,0.00,None
1763420163.0765173,8.67,None,53.34,None,0.00,None,127.01,None,31.00,None,89.67,None,0.00,None,48.34,None,115.01,None,106.33,None,0.00,None,0.00,None
1763420163.1381016,8.67,None,53.34,None,0.00,None,127.01,None,35.00,None,93.00,None,0.00,None,48.34,None,115.01,None,124.00,None,0.00,None,0.00,None
1763420163.1390023,8.67,None,53.34,None,0.00,None,127.01,None,35.00,None,93.00,None,0.00,None,48.34,None,115.01,None,124.00,None,0.00,None,0.00,None
1763420163.2003584,8.67,None,53.34,None,0.00,None,127.01,None,35.00,None,114.00,None,0.00,None,48.34,None,115.01,None,124.00,None,0.00,None,0.00,None
1763420163.201293,8.67,None,53.34,None,0.00,None,127.01,None,35.00,None,114.00,None,0.00,None,48.34,None,115.01,None,124.00,None,0.00,None,0.00,None
1763420163.2384477,8.67,None,53.34,None,0.00,None,127.01,None,35.00,None,122.67,None,0.00,None,48.34,None,115.01,None,124.00,None,0.00,None,0.00,None
1763420163.2389789,8.67,None,53.34,None,0.00,None,127.01,None,35.00,None,122.67,None,0.00,None,48.34,None,115.01,None,124.00,None,0.00,None,0.00,None
1763420174.7575312,8.67,None,53.34,None,0.00,None,127.01,None,35.00,None,122.67,None,0.00,None,39.34,None,103.01,None,124.00,None,0.00,None,0.00,None
1763420174.758096,8.67,None,53.34,None,0.00,None,127.01,None,35.00,None,122.67,None,0.00,None,39.34,None,103.01,None,124.00,None,0.00,None,0.00,None
1763420176.8502774,8.67,None,69.34,None,0.00,None,127.01,None,35.00,None,122.67,None,0.00,None,48.34,None,103.01,None,124.00,None,0.00,None,0.00,None
1763420176.8508093,8.67,None,69.34,None,0.00,None,127.01,None,35.00,None,122.67,None,0.00,None,48.34,None,103.01,None,124.00,None,0.00,None,0.00,None
1763420176.9103746,8.67,None,69.34,None,0.00,None,127.01,None,35.00,None,122.67,None,0.00,None,55.67,None,120.68,None,124.00,None,0.00,None,0.00,None
1763420176.9112737,8.67,None,69.34,None,0.00,None,127.01,None,35.00,None,122.67,None,0.00,None,55.67,None,120.68,None,124.00,None,0.00,None,0.00,None
1763420176.972212,8.67,None,69.34,None,0.00,None,127.01,None,52.67,None,122.67,None,0.00,None,55.67,None,120.68,None,124.00,None,0.00,None,0.00,None
1763420176.972755,8.67,None,69.34,None,0.00,None,127.01,None,52.67,None,122.67,None,0.00,None,55.67,None,120.68,None,124.00,None,0.00,None,0.00,None
1763420177.107622,8.67,None,69.34,None,0.00,None,127.01,None,52.67,None,122.67,None,0.00,None,64.67,None,120.68,None,124.00,None,0.00,None,0.00,None
1763420177.1081734,8.67,None,69.34,None,0.00,None,127.01,None,52.67,None,122.67,None,0.00,None,64.67,None,120.68,None,124.00,None,0.00,None,0.00,None
1763420177.1664402,12.67,None,69.34,None,0.00,None,127.01,None,61.34,None,122.67,None,0.00,None,64.67,None,120.68,None,124.00,None,0.00,None,0.00,None
1763420177.1673574,12.67,None,69.34,None,0.00,None,127.01,None,61.34,None,122.67,None,0.00,None,64.67,None,120.68,None,124.00,None,0.00,None,0.00,None
1763420177.2250369,30.34,None,69.34,None,0.00,None,127.01,None,61.34,None,122.67,None,0.00,None,64.67,None,120.68,None,124.00,None,0.00,None,0.00,None
1763420177.2259755,30.34,None,69.34,None,0.00,None,127.01,None,61.34,None,122.67,None,0.00,None,64.67,None,120.68,None,124.00,None,0.00,None,0.00,None
1763420179.787547,30.34,None,69.34,None,0.00,None,118.01,None,61.34,None,122.67,None,0.00,None,64.67,None,120.68,None,114.00,None,0.00,None,0.00,None
1763420179.7884672,30.34,None,69.34,None,0.00,None,118.01,None,61.34,None,122.67,None,0.00,None,64.67,None,120.68,None,114.00,None,0.00,None,0.00,None
1763420179.843438,30.34,None,69.34,None,0.00,None,118.01,None,61.34,None,122.67,None,0.00,None,64.67,None,124.68,None,122.67,None,0.00,None,0.00,None
1763420179.8443832,30.34,None,69.34,None,0.00,None,118.01,None,61.34,None,122.67,None,0.00,None,64.67,None,124.68,None,122.67,None,0.00,None,0.00,None
1763420179.8792868,30.34,None,69.34,None,0.00,None,118.01,None,61.34,None,126.67,None,0.00,None,64.67,None,124.68,None,122.67,None,0.00,None,0.00,None
1763420179.8798215,30.34,None,69.34,None,0.00,None,118.01,None,61.34,None,126.67,None,0.00,None,64.67,None,124.68,None,122.67,None,0.00,None,0.00,None
1763420184.8182487,30.34,None,69.34,None,0.00,None,100.34,None,48.34,None,94.01,None,0.00,None,38.00,None,116.01,None,92.34,None,0.00,None,0.00,None
1763420184.819183,30.34,None,69.34,None,0.00,None,100.34,None,48.34,None,94.01,None,0.00,None,38.00,None,116.01,None,92.34,None,0.00,None,0.00,None
1763420184.8748195,30.34,None,69.34,None,0.00,None,100.34,None,48.34,None,94.01,None,0.00,None,38.00,None,116.01,None,113.34,None,0.00,None,0.00,None
1763420184.875731,30.34,None,69.34,None,0.00,None,100.34,None,48.34,None,94.01,None,0.00,None,38.00,None,116.01,None,113.34,None,0.00,None,0.00,None
1763420185.0773084,30.34,None,69.34,None,0.00,None,100.34,None,48.34,None,98.01,None,0.00,None,38.00,None,125.01,None,125.34,None,0.00,None,0.00,None
1763420185.078212,30.34,None,69.34,None,0.00,None,100.34,None,48.34,None,98.01,None,0.00,None,38.00,None,125.01,None,125.34,None,0.00,None,0.00,None
1763420185.1319213,30.34,None,69.34,None,0.00,None,118.01,None,48.34,None,98.01,None,0.00,None,38.00,None,125.01,None,128.67,None,0.00,None,0.00,None
1763420185.1328228,30.34,None,69.34,None,0.00,None,118.01,None,48.34,None,98.01,None,0.00,None,38.00,None,125.01,None,128.67,None,0.00,None,0.00,None
1763420185.1872544,30.34,None,69.34,None,0.00,None,127.01,None,48.34,None,106.68,None,0.00,None,38.00,None,125.01,None,128.67,None,0.00,None,0.00,None
1763420185.188159,30.34,None,69.34,None,0.00,None,127.01,None,48.34,None,106.68,None,0.00,None,38.00,None,125.01,None,128.67,None,0.00,None,0.00,None
1763420185.2424157,30.34,None,69.34,None,0.00,None,127.01,None,48.34,None,124.35,None,0.00,None,38.00,None,125.01,None,128.67,None,0.00,None,0.00,None
1763420185.24334,30.34,None,69.34,None,0.00,None,127.01,None,48.34,None,124.35,None,0.00,None,38.00,None,125.01,None,128.67,None,0.00,None,0.00,None
1763420185.2975276,30.34,None,69.34,None,0.00,None,127.01,None,52.34,None,124.35,None,0.00,None,38.00,None,125.01,None,128.67,None,0.00,None,0.00,None
1763420185.2984347,30.34,None,69.34,None,0.00,None,127.01,None,52.34,None,124.35,None,0.00,None,38.00,None,125.01,None,128.67,None,0.00,None,0.00,None
1763420185.3535423,30.34,None,69.34,None,0.00,None,127.01,None,52.34,None,124.35,None,0.00,None,38.00,None,125.01,None,128.67,None,0.00,None,0.00,None
1763420185.3544433,30.34,None,69.34,None,0.00,None,127.01,None,52.34,None,124.35,None,0.00,None,38.00,None,125.01,None,128.67,None,0.00,None,0.00,None
1763420189.8192308,34.34,None,69.34,None,0.00,None,118.34,None,52.34,None,124.35,None,0.00,None,38.00,None,116.01,None,128.67,None,0.00,None,0.00,None
1763420189.8197823,34.34,None,69.34,None,0.00,None,118.34,None,52.34,None,124.35,None,0.00,None,38.00,None,116.01,None,128.67,None,0.00,None,0.00,None
1763420189.868967,34.34,None,69.34,None,0.00,None,127.01,None,52.34,None,124.35,None,0.00,None,38.00,None,116.01,None,128.67,None,9.00,None,0.00,None
1763420189.8699307,34.34,None,69.34,None,0.00,None,127.01,None,52.34,None,124.35,None,0.00,None,38.00,None,116.01,None,128.67,None,9.00,None,0.00,None
1763420192.0628467,34.34,None,69.34,None,0.00,None,127.01,None,52.34,None,124.35,None,0.00,None,38.00,None,116.01,None,128.67,None,9.00,None,0.00,None
1763420192.0637822,34.34,None,69.34,None,0.00,None,127.01,None,52.34,None,124.35,None,0.00,None,38.00,None,116.01,None,128.67,None,9.00,None,0.00,None
1763420192.1352756,34.34,None,69.34,None,0.00,None,127.01,None,52.34,None,124.35,None,0.00,None,38.00,None,116.01,None,128.67,None,9.00,None,0.00,None
1763420192.1361952,34.34,None,69.34,None,0.00,None,127.01,None,52.34,None,124.35,None,0.00,None,38.00,None,116.01,None,128.67,None,9.00,None,0.00,None
1763420192.2101173,34.34,None,69.34,None,0.00,None,127.01,None,52.34,None,124.35,None,0.00,None,38.00,None,116.01,None,128.67,None,9.00,None,0.00,None
1763420192.2110462,34.34,None,69.34,None,0.00,None,127.01,None,52.34,None,124.35,None,0.00,None,38.00,None,116.01,None,128.67,None,9.00,None,0.00,None
1763420192.2778962,34.34,None,69.34,None,0.00,None,127.01,None,52.34,None,124.35,None,0.00,None,38.00,None,116.01,None,128.67,None,9.00,None,0.00,None
1763420192.278462,34.34,None,69.34,None,0.00,None,127.01,None,52.34,None,124.35,None,0.00,None,38.00,None,116.01,None,128.67,None,9.00,None,0.00,None
1763420192.334559,34.34,None,69.34,None,0.00,None,127.01,None,52.34,None,124.35,None,0.00,None,38.00,None,116.01,None,128.67,None,9.00,None,0.00,None
1763420192.335162,34.34,None,69.34,None,0.00,None,127.01,None,52.34,None,124.35,None,0.00,None,38.00,None,116.01,None,128.67,None,9.00,None,0.00,None
1763420192.3819063,34.34,None,69.34,None,0.00,None,127.01,None,52.34,None,124.35,None,0.00,None,38.00,None,116.01,None,128.67,None,9.00,None,0.00,None
1763420192.3824797,34.34,None,69.34,None,0.00,None,127.01,None,52.34,None,124.35,None,0.00,None,38.00,None,116.01,None,128.67,None,9.00,None,0.00,None
1763420194.8456514,34.34,None,69.34,None,0.00,None,110.34,None,39.34,None,106.68,None,0.00,None,38.00,None,98.34,None,128.67,None,0.00,None,0.00,None
1763420194.8465736,34.34,None,69.34,None,0.00,None,110.34,None,39.34,None,106.68,None,0.00,None,38.00,None,98.34,None,128.67,None,0.00,None,0.00,None
1763420205.0167253,34.34,None,51.67,None,0.00,None,83.67,None,39.34,None,54.67,None,0.00,None,34.00,None,89.34,None,128.01,None,0.00,None,0.00,None
1763420205.0176132,34.34,None,51.67,None,0.00,None,83.67,None,39.34,None,54.67,None,0.00,None,34.00,None,89.34,None,128.01,None,0.00,None,0.00,None
1763420205.0698905,34.34,None,51.67,None,0.00,None,87.67,None,39.34,None,59.00,None,0.00,None,34.00,None,107.01,None,128.01,None,0.00,None,0.00,None
1763420205.0707598,34.34,None,51.67,None,0.00,None,87.67,None,39.34,None,59.00,None,0.00,None,34.00,None,107.01,None,128.01,None,0.00,None,0.00,None
1763420209.8675227,34.34,None,34.00,None,0.00,None,118.67,None,39.34,None,59.00,None,0.00,None,34.00,None,107.01,None,128.01,None,0.00,None,0.00,None
1763420209.8684301,34.34,None,34.00,None,0.00,None,118.67,None,39.34,None,59.00,None,0.00,None,34.00,None,107.01,None,128.01,None,0.00,None,0.00,None
1763420209.9267607,34.34,None,34.00,None,0.00,None,127.34,None,39.34,None,81.33,None,0.00,None,34.00,None,107.01,None,128.01,None,0.00,None,0.00,None
1763420209.9276528,34.34,None,34.00,None,0.00,None,127.34,None,39.34,None,81.33,None,0.00,None,34.00,None,107.01,None,128.01,None,0.00,None,0.00,None
1763420209.9884431,34.34,None,34.00,None,0.00,None,127.34,None,39.34,None,99.00,None,0.00,None,34.00,None,107.01,None,128.01,None,0.00,None,0.00,None
1763420209.9893699,34.34,None,34.00,None,0.00,None,127.34,None,39.34,None,99.00,None,0.00,None,34.00,None,107.01,None,128.01,None,0.00,None,0.00,None
1763420210.0486484,34.34,None,34.00,None,0.00,None,127.34,None,39.34,None,120.00,None,0.00,None,34.00,None,107.01,None,128.01,None,0.00,None,0.00,None
1763420210.0495586,34.34,None,34.00,None,0.00,None,127.34,None,39.34,None,120.00,None,0.00,None,34.00,None,107.01,None,128.01,None,0.00,None,0.00,None
1763420210.112584,34.34,None,34.00,None,0.00,None,127.34,None,39.34,None,123.33,None,0.00,None,34.00,None,107.01,None,128.01,None,0.00,None,0.00,None
1763420210.1135318,34.34,None,34.00,None,0.00,None,127.34,None,39.34,None,123.33,None,0.00,None,34.00,None,107.01,None,128.01,None,0.00,None,0.00,None
1763420210.1775117,34.34,None,34.00,None,0.00,None,127.34,None,39.34,None,126.66,None,0.00,None,34.00,None,124.68,None,128.01,None,0.00,None,0.00,None
1763420210.1784372,34.34,None,34.00,None,0.00,None,127.34,None,39.34,None,126.66,None,0.00,None,34.00,None,124.68,None,128.01,None,0.00,None,0.00,None
1763420210.240052,34.34,None,34.00,None,0.00,None,127.34,None,52.34,None,126.66,None,0.00,None,34.00,None,124.68,None,128.01,None,0.00,None,0.00,None
1763420210.2409716,34.34,None,34.00,None,0.00,None,127.34,None,52.34,None,126.66,None,0.00,None,34.00,None,124.68,None,128.01,None,0.00,None,0.00,None
1763420215.0402431,25.67,None,25.00,None,0.00,None,100.34,None,43.34,None,126.66,None,0.00,None,34.00,None,103.68,None,127.34,None,0.00,None,0.00,None
1763420215.041164,25.67,None,25.00,None,0.00,None,100.34,None,43.34,None,126.66,None,0.00,None,34.00,None,103.68,None,127.34,None,0.00,None,0.00,None
1763420215.0969183,25.67,None,25.00,None,0.00,None,121.34,None,43.34,None,126.66,None,0.00,None,34.00,None,103.68,None,127.34,None,0.00,None,0.00,None
1763420215.0978594,25.67,None,25.00,None,0.00,None,121.34,None,43.34,None,126.66,None,0.00,None,34.00,None,103.68,None,127.34,None,0.00,None,0.00,None
1763420215.1540635,25.67,None,25.00,None,0.00,None,124.67,None,43.34,None,126.66,None,0.00,None,34.00,None,103.68,None,127.34,None,9.00,None,0.00,None
1763420215.1549745,25.67,None,25.00,None,0.00,None,124.67,None,43.34,None,126.66,None,0.00,None,34.00,None,103.68,None,127.34,None,9.00,None,0.00,None
1763420215.2116935,25.67,None,25.00,None,0.00,None,124.67,None,43.34,None,126.66,None,0.00,None,34.00,None,124.68,None,127.34,None,9.00,None,0.00,None
1763420215.2126157,25.67,None,25.00,None,0.00,None,124.67,None,43.34,None,126.66,None,0.00,None,34.00,None,124.68,None,127.34,None,9.00,None,0.00,None
1763420215.269057,25.67,None,25.00,None,0.00,None,124.67,None,43.34,None,126.66,None,0.00,None,51.67,None,128.01,None,127.34,None,9.00,None,0.00,None
1763420215.2699783,25.67,None,25.00,None,0.00,None,124.67,None,43.34,None,126.66,None,0.00,None,51.67,None,128.01,None,127.34,None,9.00,None,0.00,None
1763420227.924028,25.67,None,25.00,None,0.00,None,128.00,None,52.34,None,126.66,None,0.00,None,51.67,None,128.01,None,127.34,None,9.00,None,8.67,None
1763420227.9249384,25.67,None,25.00,None,0.00,None,128.00,None,52.34,None,126.66,None,0.00,None,51.67,None,128.01,None,127.34,None,9.00,None,8.67,None
1763420227.9889474,25.67,None,25.00,None,0.00,None,128.00,None,52.34,None,126.66,None,0.00,None,51.67,None,128.01,None,127.34,None,9.00,None,8.67,None
1763420227.989879,25.67,None,25.00,None,0.00,None,128.00,None,52.34,None,126.66,None,0.00,None,51.67,None,128.01,None,127.34,None,9.00,None,8.67,None
1763420228.0533333,25.67,None,25.00,None,0.00,None,128.00,None,52.34,None,126.66,None,0.00,None,51.67,None,128.01,None,127.34,None,9.00,None,8.67,None
1763420228.0542529,25.67,None,25.00,None,0.00,None,128.00,None,52.34,None,126.66,None,0.00,None,51.67,None,128.01,None,127.34,None,9.00,None,8.67,None
1763420228.2558262,25.67,None,25.00,None,0.00,None,128.00,None,52.34,None,126.66,None,0.00,None,60.67,None,128.01,None,127.34,None,9.00,None,8.67,None
1763420228.2563953,25.67,None,25.00,None,0.00,None,128.00,None,52.34,None,126.66,None,0.00,None,60.67,None,128.01,None,127.34,None,9.00,None,8.67,None
1763420228.3087683,34.67,None,25.00,None,8.67,None,128.00,None,52.34,None,126.66,None,0.00,None,60.67,None,128.01,None,127.34,None,9.00,None,8.67,None
1763420228.3093383,34.67,None,25.00,None,8.67,None,128.00,None,52.34,None,126.66,None,0.00,None,60.67,None,128.01,None,127.34,None,9.00,None,8.67,None
1763420228.354755,34.67,None,25.00,None,8.67,None,128.00,None,52.34,None,126.66,None,0.00,None,60.67,None,128.01,None,127.34,None,18.00,None,8.67,None
1763420228.3553166,34.67,None,25.00,None,8.67,None,128.00,None,52.34,None,126.66,None,0.00,None,60.67,None,128.01,None,127.34,None,18.00,None,8.67,None
1763420230.0455852,34.67,None,25.00,None,8.67,None,128.00,None,52.34,None,122.33,None,0.00,None,43.00,None,103.01,None,58.00,None,18.00,None,8.67,None
1763420230.0461295,34.67,None,25.00,None,8.67,None,128.00,None,52.34,None,122.33,None,0.00,None,43.00,None,103.01,None,58.00,None,18.00,None,8.67,None
1763420230.0809472,34.67,None,25.00,None,8.67,None,128.00,None,52.34,None,122.33,None,0.00,None,43.00,None,124.68,None,61.33,None,18.00,None,8.67,None
1763420230.0814855,34.67,None,25.00,None,8.67,None,128.00,None,52.34,None,122.33,None,0.00,None,43.00,None,124.68,None,61.33,None,18.00,None,8.67,None
1763420235.0492547,34.67,None,34.00,None,8.67,None,119.00,None,52.34,None,122.33,None,0.00,None,55.67,None,128.01,None,61.33,None,18.00,None,8.67,None
1763420235.0497932,34.67,None,34.00,None,8.67,None,119.00,None,52.34,None,122.33,None,0.00,None,55.67,None,128.01,None,61.33,None,18.00,None,8.67,None
1763420249.9276342,34.67,None,59.00,None,8.67,None,119.00,None,52.34,None,122.33,None,0.00,None,55.67,None,128.01,None,61.33,None,18.00,None,8.67,None
1763420249.928214,34.67,None,59.00,None,8.67,None,119.00,None,52.34,None,122.33,None,0.00,None,55.67,None,128.01,None,61.33,None,18.00,None,8.67,None
1763420249.968852,34.67,None,62.33,None,8.67,None,119.00,None,52.34,None,122.33,None,0.00,None,64.34,None,128.01,None,70.33,None,18.00,None,8.67,None
1763420249.969407,34.67,None,62.33,None,8.67,None,119.00,None,52.34,None,122.33,None,0.00,None,64.34,None,128.01,None,70.33,None,18.00,None,8.67,None
1763420250.1021297,43.34,None,62.33,None,8.67,None,119.00,None,61.34,None,122.33,None,0.00,None,64.34,None,128.01,None,70.33,None,18.00,None,8.67,None
1763420250.1026843,43.34,None,62.33,None,8.67,None,119.00,None,61.34,None,122.33,None,0.00,None,64.34,None,128.01,None,70.33,None,18.00,None,8.67,None
1763420250.1410336,43.34,None,69.99,None,8.67,None,127.67,None,61.34,None,126.33,None,0.00,None,64.34,None,128.01,None,70.33,None,18.00,None,8.67,None
1763420250.141561,43.34,None,69.99,None,8.67,None,127.67,None,61.34,None,126.33,None,0.00,None,64.34,None,128.01,None,70.33,None,18.00,None,8.67,None
1763420250.1865923,43.34,None,69.99,None,8.67,None,127.67,None,61.34,None,126.33,None,0.00,None,64.34,None,128.01,None,70.33,None,18.00,None,8.67,None
1763420250.1871648,43.34,None,69.99,None,8.67,None,127.67,None,61.34,None,126.33,None,0.00,None,64.34,None,128.01,None,70.33,None,18.00,None,8.67,None
1763420250.2350497,43.34,None,69.99,None,8.67,None,127.67,None,61.34,None,126.33,None,0.00,None,64.34,None,128.01,None,70.33,None,18.00,None,8.67,None
1763420250.2356148,43.34,None,69.99,None,8.67,None,127.67,None,61.34,None,126.33,None,0.00,None,64.34,None,128.01,None,70.33,None,18.00,None,8.67,None
1763420268.9757097,43.34,None,60.99,None,8.67,None,120.34,None,61.34,None,126.33,None,0.00,None,55.67,None,85.34,None,51.00,None,9.00,None,8.67,None
1763420268.976603,43.34,None,60.99,None,8.67,None,120.34,None,61.34,None,126.33,None,0.00,None,55.67,None,85.34,None,51.00,None,9.00,None,8.67,None
1763420269.040629,43.34,None,60.99,None,8.67,None,123.67,None,61.34,None,126.33,None,0.00,None,55.67,None,85.34,None,60.00,None,9.00,None,8.67,None
1763420269.0415525,43.34,None,60.99,None,8.67,None,123.67,None,61.34,None,126.33,None,0.00,None,55.67,None,85.34,None,60.00,None,9.00,None,8.67,None
1763420269.1064487,43.34,None,60.99,None,8.67,None,127.00,None,61.34,None,126.33,None,0.00,None,55.67,None,94.34,None,60.00,None,9.00,None,8.67,None
1763420269.1073444,43.34,None,60.99,None,8.67,None,127.00,None,61.34,None,126.33,None,0.00,None,55.67,None,94.34,None,60.00,None,9.00,None,8.67,None
1763420269.3235192,43.34,None,60.99,None,8.67,None,127.00,None,61.34,None,126.33,None,0.00,None,55.67,None,103.34,None,72.67,None,9.00,None,8.67,None
1763420269.3244445,43.34,None,60.99,None,8.67,None,127.00,None,61.34,None,126.33,None,0.00,None,55.67,None,103.34,None,72.67,None,9.00,None,8.67,None
1763420269.3884625,43.34,None,60.99,None,8.67,None,127.00,None,61.34,None,126.33,None,0.00,None,55.67,None,112.34,None,81.34,None,9.00,None,8.67,None
1763420269.3890045,43.34,None,60.99,None,8.67,None,127.00,None,61.34,None,126.33,None,0.00,None,55.67,None,112.34,None,81.34,None,9.00,None,8.67,None
1763420269.4358528,43.34,None,60.99,None,8.67,None,127.00,None,61.34,None,126.33,None,0.00,None,55.67,None,121.34,None,90.01,None,9.00,None,8.67,None
1763420269.4364092,43.34,None,60.99,None,8.67,None,127.00,None,61.34,None,126.33,None,0.00,None,55.67,None,121.34,None,90.01,None,9.00,None,8.67,None
1763420270.3264198,43.34,None,60.99,None,8.67,None,127.00,None,39.67,None,123.00,None,0.00,None,55.67,None,121.34,None,94.01,None,9.00,None,8.67,None
1763420270.3273513,43.34,None,60.99,None,8.67,None,127.00,None,39.67,None,123.00,None,0.00,None,55.67,None,121.34,None,94.01,None,9.00,None,8.67,None
1763420270.386489,43.34,None,60.99,None,8.67,None,127.00,None,39.67,None,123.00,None,0.00,None,55.67,None,121.34,None,111.68,None,9.00,None,8.67,None
1763420270.3874068,43.34,None,60.99,None,8.67,None,127.00,None,39.67,None,123.00,None,0.00,None,55.67,None,121.34,None,111.68,None,9.00,None,8.67,None
1763420270.4463317,52.34,None,69.66,None,8.67,None,127.00,None,39.67,None,123.00,None,0.00,None,55.67,None,125.34,None,111.68,None,9.00,None,8.67,None
1763420270.4472468,52.34,None,69.66,None,8.67,None,127.00,None,39.67,None,123.00,None,0.00,None,55.67,None,125.34,None,111.68,None,9.00,None,8.67,None
1763420285.329701,39.34,None,60.66,None,0.00,None,114.67,None,30.67,None,110.33,None,0.00,None,43.00,None,100.34,None,87.35,None,9.00,None,0.00,None
1763420285.3302612,39.34,None,60.66,None,0.00,None,114.67,None,30.67,None,110.33,None,0.00,None,43.00,None,100.34,None,87.35,None,9.00,None,0.00,None
1763420285.458062,39.34,None,60.66,None,0.00,None,114.67,None,30.67,None,110.33,None,0.00,None,43.00,None,121.34,None,87.35,None,9.00,None,0.00,None
1763420285.458619,39.34,None,60.66,None,0.00,None,114.67,None,30.67,None,110.33,None,0.00,None,43.00,None,121.34,None,87.35,None,9.00,None,0.00,None
1763420288.975523,39.34,None,60.66,None,0.00,None,114.67,None,30.67,None,110.33,None,0.00,None,60.67,None,124.67,None,87.35,None,9.00,None,0.00,None
1763420288.9760673,39.34,None,60.66,None,0.00,None,114.67,None,30.67,None,110.33,None,0.00,None,60.67,None,124.67,None,87.35,None,9.00,None,0.00,None
1763420289.0275567,39.34,None,69.66,None,0.00,None,114.67,None,30.67,None,110.33,None,0.00,None,69.34,None,128.00,None,91.35,None,9.00,None,0.00,None
1763420289.028097,39.34,None,69.66,None,0.00,None,114.67,None,30.67,None,110.33,None,0.00,None,69.34,None,128.00,None,91.35,None,9.00,None,0.00,None
1763420289.0761223,39.34,None,69.66,None,0.00,None,114.67,None,30.67,None,110.33,None,0.00,None,69.34,None,128.00,None,112.35,None,9.00,None,0.00,None
1763420289.0766907,39.34,None,69.66,None,0.00,None,114.67,None,30.67,None,110.33,None,0.00,None,69.34,None,128.00,None,112.35,None,9.00,None,0.00,None
1763420289.130786,39.34,None,69.66,None,0.00,None,114.67,None,30.67,None,110.33,None,0.00,None,69.34,None,128.00,None,121.02,None,9.00,None,0.00,None
1763420289.131356,39.34,None,69.66,None,0.00,None,114.67,None,30.67,None,110.33,None,0.00,None,69.34,None,128.00,None,121.02,None,9.00,None,0.00,None
1763420289.1758227,39.34,None,69.66,None,0.00,None,114.67,None,30.67,None,110.33,None,0.00,None,69.34,None,128.00,None,121.02,None,9.00,None,0.00,None
1763420289.1763756,39.34,None,69.66,None,0.00,None,114.67,None,30.67,None,110.33,None,0.00,None,69.34,None,128.00,None,121.02,None,9.00,None,0.00,None
1763420289.2290635,39.34,None,69.66,None,0.00,None,114.67,None,30.67,None,110.33,None,0.00,None,69.34,None,128.00,None,121.02,None,9.00,None,0.00,None
1763420289.2295952,39.34,None,69.66,None,0.00,None,114.67,None,30.67,None,110.33,None,0.00,None,69.34,None,128.00,None,121.02,None,9.00,None,0.00,None
1763420290.4448612,17.67,None,53.66,None,0.00,None,114.67,None,13.00,None,110.33,None,0.00,None,44.01,None,122.33,None,121.02,None,0.00,None,0.00,None
1763420290.4454296,17.67,None,53.66,None,0.00,None,114.67,None,13.00,None,110.33,None,0.00,None,44.01,None,122.33,None,121.02,None,0.00,None,0.00,None
1763420290.4932685,17.67,None,53.66,None,0.00,None,114.67,None,13.00,None,110.33,None,0.00,None,61.68,None,125.66,None,121.02,None,0.00,None,0.00,None
1763420290.4938211,17.67,None,53.66,None,0.00,None,114.67,None,13.00,None,110.33,None,0.00,None,61.68,None,125.66,None,121.02,None,0.00,None,0.00,None
1763420290.5341911,17.67,None,53.66,None,0.00,None,114.67,None,38.00,None,110.33,None,0.00,None,61.68,None,125.66,None,121.02,None,0.00,None,0.00,None
1763420290.5347373,17.67,None,53.66,None,0.00,None,114.67,None,38.00,None,110.33,None,0.00,None,61.68,None,125.66,None,121.02,None,0.00,None,0.00,None
1763420290.5742328,17.67,None,53.66,None,0.00,None,114.67,None,59.00,None,110.33,None,0.00,None,61.68,None,125.66,None,121.02,None,0.00,None,0.00,None
1763420290.574793,17.67,None,53.66,None,0.00,None,114.67,None,59.00,None,110.33,None,0.00,None,61.68,None,125.66,None,121.02,None,0.00,None,0.00,None
1763420290.6114233,17.67,None,53.66,None,0.00,None,114.67,None,67.67,None,110.33,None,0.00,None,61.68,None,125.66,None,121.02,None,0.00,None,0.00,None
1763420290.6119678,17.67,None,53.66,None,0.00,None,114.67,None,67.67,None,110.33,None,0.00,None,61.68,None,125.66,None,121.02,None,0.00,None,0.00,None
1763420290.6476965,30.67,None,62.33,None,0.00,None,114.67,None,67.67,None,110.33,None,0.00,None,61.68,None,125.66,None,121.02,None,0.00,None,0.00,None
1763420290.6482537,30.67,None,62.33,None,0.00,None,114.67,None,67.67,None,110.33,None,0.00,None,61.68,None,125.66,None,121.02,None,0.00,None,0.00,None
1763420290.6836848,48.34,None,66.33,None,0.00,None,114.67,None,67.67,None,110.33,None,0.00,None,61.68,None,125.66,None,121.02,None,0.00,None,0.00,None
1763420290.684224,48.34,None,66.33,None,0.00,None,114.67,None,67.67,None,110.33,None,0.00,None,61.68,None,125.66,None,121.02,None,0.00,None,0.00,None
1763420304.0108128,8.67,None,44.99,None,0.00,None,80.00,None,9.00,None,68.33,None,0.00,None,61.68,None,121.66,None,103.35,None,0.00,None,0.00,None
1763420304.0113435,8.67,None,44.99,None,0.00,None,80.00,None,9.00,None,68.33,None,0.00,None,61.68,None,121.66,None,103.35,None,0.00,None,0.00,None
1763420304.1506448,8.67,None,44.99,None,0.00,None,102.67,None,9.00,None,68.33,None,0.00,None,61.68,None,121.66,None,103.35,None,0.00,None,0.00,None
1763420304.1511903,8.67,None,44.99,None,0.00,None,102.67,None,9.00,None,68.33,None,0.00,None,61.68,None,121.66,None,103.35,None,0.00,None,0.00,None
1763420304.1942205,8.67,None,44.99,None,0.00,None,125.34,None,9.00,None,68.33,None,0.00,None,61.68,None,121.66,None,103.35,None,0.00,None,0.00,None
1763420304.1947649,8.67,None,44.99,None,0.00,None,125.34,None,9.00,None,68.33,None,0.00,None,61.68,None,121.66,None,103.35,None,0.00,None,0.00,None
1763420304.2335541,8.67,None,44.99,None,0.00,None,128.67,None,9.00,None,90.00,None,0.00,None,61.68,None,121.66,None,103.35,None,0.00,None,0.00,None
1763420304.2340999,8.67,None,44.99,None,0.00,None,128.67,None,9.00,None,90.00,None,0.00,None,61.68,None,121.66,None,103.35,None,0.00,None,0.00,None
1763420304.2752414,8.67,None,44.99,None,0.00,None,128.67,None,9.00,None,93.33,None,0.00,None,61.68,None,121.66,None,121.02,None,0.00,None,0.00,None
1763420304.2757685,8.67,None,44.99,None,0.00,None,128.67,None,9.00,None,93.33,None,0.00,None,61.68,None,121.66,None,121.02,None,0.00,None,0.00,None
1763420304.3175797,8.67,None,44.99,None,0.00,None,128.67,None,9.00,None,114.33,None,0.00,None,61.68,None,121.66,None,121.02,None,0.00,None,0.00,None
1763420304.3181283,8.67,None,44.99,None,0.00,None,128.67,None,9.00,None,114.33,None,0.00,None,61.68,None,121.66,None,121.02,None,0.00,None,0.00,None
1763420305.377481,8.67,None,44.99,None,0.00,None,128.67,None,13.00,None,114.33,None,0.00,None,61.68,None,121.66,None,121.02,None,0.00,None,0.00,None
1763420305.3780162,8.67,None,44.99,None,0.00,None,128.67,None,13.00,None,114.33,None,0.00,None,61.68,None,121.66,None,121.02,None,0.00,None,0.00,None
1763420310.3909142,8.67,None,44.99,None,0.00,None,124.00,None,13.00,None,96.00,None,0.00,None,61.68,None,121.66,None,124.35,None,0.00,None,0.00,None
1763420310.3914747,8.67,None,44.99,None,0.00,None,124.00,None,13.00,None,96.00,None,0.00,None,61.68,None,121.66,None,124.35,None,0.00,None,0.00,None
1763420310.5187664,8.67,None,44.99,None,0.00,None,127.33,None,13.00,None,113.67,None,0.00,None,61.68,None,121.66,None,124.35,None,0.00,None,0.00,None
1763420310.5193098,8.67,None,44.99,None,0.00,None,127.33,None,13.00,None,113.67,None,0.00,None,61.68,None,121.66,None,124.35,None,0.00,None,0.00,None
1763420320.037406,8.67,None,62.66,None,0.00,None,127.33,None,13.00,None,113.67,None,0.00,None,61.68,None,128.99,None,124.35,None,0.00,None,0.00,None
1763420320.0383284,8.67,None,62.66,None,0.00,None,127.33,None,13.00,None,113.67,None,0.00,None,61.68,None,128.99,None,124.35,None,0.00,None,0.00,None
1763420320.1098425,8.67,None,62.66,None,0.00,None,127.33,None,13.00,None,122.67,None,0.00,None,69.01,None,128.99,None,124.35,None,0.00,None,0.00,None
1763420320.1107557,8.67,None,62.66,None,0.00,None,127.33,None,13.00,None,122.67,None,0.00,None,69.01,None,128.99,None,124.35,None,0.00,None,0.00,None
1763420320.180418,17.34,None,66.66,None,0.00,None,127.33,None,22.00,None,122.67,None,0.00,None,69.01,None,128.99,None,124.35,None,0.00,None,0.00,None
1763420320.1813552,17.34,None,66.66,None,0.00,None,127.33,None,22.00,None,122.67,None,0.00,None,69.01,None,128.99,None,124.35,None,0.00,None,0.00,None
1763420320.2382162,21.34,None,66.66,None,0.00,None,127.33,None,22.00,None,122.67,None,0.00,None,69.01,None,128.99,None,124.35,None,0.00,None,0.00,None
1763420320.2387662,21.34,None,66.66,None,0.00,None,127.33,None,22.00,None,122.67,None,0.00,None,69.01,None,128.99,None,124.35,None,0.00,None,0.00,None
1763420320.2907865,21.34,None,66.66,None,0.00,None,127.33,None,22.00,None,122.67,None,0.00,None,69.01,None,128.99,None,124.35,None,0.00,None,0.00,None
1763420320.291361,21.34,None,66.66,None,0.00,None,127.33,None,22.00,None,122.67,None,0.00,None,69.01,None,128.99,None,124.35,None,0.00,None,0.00,None
1763420320.3503184,21.34,None,66.66,None,0.00,None,127.33,None,22.00,None,122.67,None,0.00,None,69.01,None,128.99,None,124.35,None,0.00,None,0.00,None
1763420320.3508918,21.34,None,66.66,None,0.00,None,127.33,None,22.00,None,122.67,None,0.00,None,69.01,None,128.99,None,124.35,None,0.00,None,0.00,None
1763420320.5030293,21.34,None,66.66,None,0.00,None,127.33,None,22.00,None,122.67,None,0.00,None,51.34,None,126.33,None,124.35,None,0.00,None,0.00,None
1763420320.503585,21.34,None,66.66,None,0.00,None,127.33,None,22.00,None,122.67,None,0.00,None,51.34,None,126.33,None,124.35,None,0.00,None,0.00,None
1763420320.5419528,21.34,None,66.66,None,0.00,None,127.33,None,22.00,None,122.67,None,0.00,None,51.34,None,126.33,None,124.35,None,0.00,None,0.00,None
1763420320.5425045,21.34,None,66.66,None,0.00,None,127.33,None,22.00,None,122.67,None,0.00,None,51.34,None,126.33,None,124.35,None,0.00,None,0.00,None
1763420325.4371192,21.34,None,66.66,None,0.00,None,127.33,None,22.00,None,122.67,None,0.00,None,51.34,None,123.00,None,124.35,None,0.00,None,0.00,None
1763420325.4380765,21.34,None,66.66,None,0.00,None,127.33,None,22.00,None,122.67,None,0.00,None,51.34,None,123.00,None,124.35,None,0.00,None,0.00,None
1763420330.4441974,21.34,None,66.66,None,0.00,None,127.33,None,22.00,None,122.67,None,0.00,None,55.34,None,119.67,None,124.35,None,0.00,None,0.00,None
1763420330.4451258,21.34,None,66.66,None,0.00,None,127.33,None,22.00,None,122.67,None,0.00,None,55.34,None,119.67,None,124.35,None,0.00,None,0.00,None
1763420335.4562435,21.34,None,66.66,None,0.00,None,127.33,None,22.00,None,122.67,None,0.00,None,46.34,None,125.34,None,124.35,None,0.00,None,0.00,None
1763420335.4571857,21.34,None,66.66,None,0.00,None,127.33,None,22.00,None,122.67,None,0.00,None,46.34,None,125.34,None,124.35,None,0.00,None,0.00,None
1763420335.52081,21.34,None,66.66,None,0.00,None,127.33,None,22.00,None,122.67,None,0.00,None,64.01,None,125.34,None,124.35,None,0.00,None,0.00,None
1763420335.5217283,21.34,None,66.66,None,0.00,None,127.33,None,22.00,None,122.67,None,0.00,None,64.01,None,125.34,None,124.35,None,0.00,None,0.00,None
1763420349.2156012,21.34,None,66.66,None,0.00,None,120.00,None,18.00,None,59.00,None,0.00,None,64.01,None,107.67,None,124.35,None,0.00,None,0.00,None
1763420349.2165012,21.34,None,66.66,None,0.00,None,120.00,None,18.00,None,59.00,None,0.00,None,64.01,None,107.67,None,124.35,None,0.00,None,0.00,None
1763420349.2839289,21.34,None,66.66,None,0.00,None,120.00,None,18.00,None,59.00,None,0.00,None,64.01,None,107.67,None,127.68,None,0.00,None,0.00,None
1763420349.2848573,21.34,None,66.66,None,0.00,None,120.00,None,18.00,None,59.00,None,0.00,None,64.01,None,107.67,None,127.68,None,0.00,None,0.00,None
1763420349.356659,21.34,None,66.66,None,0.00,None,120.00,None,18.00,None,63.00,None,0.00,None,64.01,None,128.67,None,127.68,None,0.00,None,0.00,None
1763420349.3576071,21.34,None,66.66,None,0.00,None,120.00,None,18.00,None,63.00,None,0.00,None,64.01,None,128.67,None,127.68,None,0.00,None,0.00,None
1763420349.431536,21.34,None,66.66,None,0.00,None,128.67,None,18.00,None,72.00,None,0.00,None,64.01,None,128.67,None,127.68,None,0.00,None,0.00,None
1763420349.4324877,21.34,None,66.66,None,0.00,None,128.67,None,18.00,None,72.00,None,0.00,None,64.01,None,128.67,None,127.68,None,0.00,None,0.00,None
1763420349.5005453,21.34,None,66.66,None,0.00,None,128.67,None,18.00,None,89.67,None,0.00,None,64.01,None,128.67,None,127.68,None,0.00,None,0.00,None
1763420349.501494,21.34,None,66.66,None,0.00,None,128.67,None,18.00,None,89.67,None,0.00,None,64.01,None,128.67,None,127.68,None,0.00,None,0.00,None
1763420349.5743968,21.34,None,66.66,None,0.00,None,128.67,None,18.00,None,107.34,None,0.00,None,64.01,None,128.67,None,127.68,None,0.00,None,0.00,None
1763420349.5753095,21.34,None,66.66,None,0.00,None,128.67,None,18.00,None,107.34,None,0.00,None,64.01,None,128.67,None,127.68,None,0.00,None,0.00,None
1763420350.4749963,25.34,None,66.66,None,0.00,None,128.67,None,18.00,None,116.34,None,0.00,None,64.01,None,128.67,None,127.68,None,0.00,None,0.00,None
1763420350.4759283,25.34,None,66.66,None,0.00,None,128.67,None,18.00,None,116.34,None,0.00,None,64.01,None,128.67,None,127.68,None,0.00,None,0.00,None
1763420360.6530242,34.34,None,66.66,None,0.00,None,128.67,None,18.00,None,107.34,None,0.00,None,69.35,None,128.67,None,127.68,None,0.00,None,0.00,None
1763420360.6539748,34.34,None,66.66,None,0.00,None,128.67,None,18.00,None,107.34,None,0.00,None,69.35,None,128.67,None,127.68,None,0.00,None,0.00,None
1763420365.5078356,43.01,None,66.66,None,0.00,None,128.67,None,27.00,None,107.34,None,0.00,None,69.35,None,128.67,None,127.68,None,0.00,None,0.00,None
1763420365.5087776,43.01,None,66.66,None,0.00,None,128.67,None,27.00,None,107.34,None,0.00,None,69.35,None,128.67,None,127.68,None,0.00,None,0.00,None
1763420370.5198107,21.67,None,30.67,None,0.00,None,120.00,None,9.00,None,94.34,None,0.00,None,39.01,None,117.00,None,97.68,None,0.00,None,0.00,None
1763420370.5207365,21.67,None,30.67,None,0.00,None,120.00,None,9.00,None,94.34,None,0.00,None,39.01,None,117.00,None,97.68,None,0.00,None,0.00,None
1763420370.5824752,21.67,None,30.67,None,0.00,None,120.00,None,40.00,None,94.34,None,0.00,None,39.01,None,117.00,None,97.68,None,0.00,None,0.00,None
1763420370.583388,21.67,None,30.67,None,0.00,None,120.00,None,40.00,None,94.34,None,0.00,None,39.01,None,117.00,None,97.68,None,0.00,None,0.00,None
1763420370.646944,21.67,None,30.67,None,0.00,None,128.67,None,40.00,None,103.34,None,0.00,None,39.01,None,117.00,None,107.01,None,0.00,None,0.00,None
1763420370.6478581,21.67,None,30.67,None,0.00,None,128.67,None,40.00,None,103.34,None,0.00,None,39.01,None,117.00,None,107.01,None,0.00,None,0.00,None
1763420371.0871642,21.67,None,30.67,None,0.00,None,128.67,None,65.00,None,103.34,None,0.00,None,39.01,None,117.00,None,107.01,None,0.00,None,0.00,None
1763420371.0880773,21.67,None,30.67,None,0.00,None,128.67,None,65.00,None,103.34,None,0.00,None,39.01,None,117.00,None,107.01,None,0.00,None,0.00,None
1763420371.2392406,21.67,None,48.34,None,0.00,None,128.67,None,68.33,None,103.34,None,0.00,None,39.01,None,117.00,None,107.01,None,0.00,None,0.00,None
1763420371.2397785,21.67,None,48.34,None,0.00,None,128.67,None,68.33,None,103.34,None,0.00,None,39.01,None,117.00,None,107.01,None,0.00,None,0.00,None
1763420371.28394,21.67,None,55.67,None,0.00,None,128.67,None,68.33,None,103.34,None,0.00,None,47.68,None,126.00,None,107.01,None,0.00,None,0.00,None
1763420371.2844787,21.67,None,55.67,None,0.00,None,128.67,None,68.33,None,103.34,None,0.00,None,47.68,None,126.00,None,107.01,None,0.00,None,0.00,None
1763420371.3314028,34.34,None,64.67,None,0.00,None,128.67,None,68.33,None,103.34,None,0.00,None,47.68,None,126.00,None,107.01,None,0.00,None,0.00,None
1763420371.3320963,34.34,None,64.67,None,0.00,None,128.67,None,68.33,None,103.34,None,0.00,None,47.68,None,126.00,None,107.01,None,0.00,None,0.00,None
1763420371.3859851,34.34,None,68.00,None,0.00,None,128.67,None,68.33,None,103.34,None,0.00,None,65.35,None,126.00,None,107.01,None,0.00,None,0.00,None
1763420371.3866858,34.34,None,68.00,None,0.00,None,128.67,None,68.33,None,103.34,None,0.00,None,65.35,None,126.00,None,107.01,None,0.00,None,0.00,None
1763420371.4466727,52.01,None,68.00,None,0.00,None,128.67,None,68.33,None,103.34,None,0.00,None,65.35,None,126.00,None,107.01,None,0.00,None,0.00,None
1763420371.4473786,52.01,None,68.00,None,0.00,None,128.67,None,68.33,None,103.34,None,0.00,None,65.35,None,126.00,None,107.01,None,0.00,None,0.00,None
1763420375.5184963,43.34,None,59.33,None,0.00,None,128.67,None,62.66,None,103.34,None,0.00,None,65.35,None,118.67,None,107.01,None,0.00,None,0.00,None
1763420375.519045,43.34,None,59.33,None,0.00,None,128.67,None,62.66,None,103.34,None,0.00,None,65.35,None,118.67,None,107.01,None,0.00,None,0.00,None
1763420375.5628097,43.34,None,59.33,None,0.00,None,128.67,None,62.66,None,103.34,None,0.00,None,65.35,None,122.00,None,124.68,None,0.00,None,0.00,None
1763420375.5633674,43.34,None,59.33,None,0.00,None,128.67,None,62.66,None,103.34,None,0.00,None,65.35,None,122.00,None,124.68,None,0.00,None,0.00,None
1763420380.6367288,43.34,None,59.33,None,0.00,None,128.67,None,62.66,None,103.34,None,0.00,None,68.68,None,126.00,None,124.68,None,0.00,None,0.00,None
1763420380.6372907,43.34,None,59.33,None,0.00,None,128.67,None,62.66,None,103.34,None,0.00,None,68.68,None,126.00,None,124.68,None,0.00,None,0.00,None
1763420385.5390766,43.34,None,59.33,None,0.00,None,125.34,None,62.66,None,107.34,None,0.00,None,68.68,None,99.00,None,128.34,None,0.00,None,0.00,None
1763420385.5397098,43.34,None,59.33,None,0.00,None,125.34,None,62.66,None,107.34,None,0.00,None,68.68,None,99.00,None,128.34,None,0.00,None,0.00,None
1763420385.6084716,43.34,None,59.33,None,0.00,None,125.34,None,62.66,None,119.34,None,0.00,None,68.68,None,99.00,None,128.34,None,0.00,None,0.00,None
1763420385.6090357,43.34,None,59.33,None,0.00,None,125.34,None,62.66,None,119.34,None,0.00,None,68.68,None,99.00,None,128.34,None,0.00,None,0.00,None
1763420385.6548586,43.34,None,59.33,None,0.00,None,125.34,None,62.66,None,128.01,None,0.00,None,68.68,None,99.00,None,128.34,None,0.00,None,0.00,None
1763420385.6554706,43.34,None,59.33,None,0.00,None,125.34,None,62.66,None,128.01,None,0.00,None,68.68,None,99.00,None,128.34,None,0.00,None,0.00,None
1763420390.5575664,43.34,None,59.33,None,0.00,None,106.67,None,62.66,None,124.68,None,0.00,None,68.68,None,90.00,None,119.00,None,0.00,None,0.00,None
1763420390.5581255,43.34,None,59.33,None,0.00,None,106.67,None,62.66,None,124.68,None,0.00,None,68.68,None,90.00,None,119.00,None,0.00,None,0.00,None
1763420390.6018364,43.34,None,59.33,None,0.00,None,106.67,None,62.66,None,124.68,None,0.00,None,68.68,None,107.67,None,122.33,None,0.00,None,0.00,None
1763420390.602381,43.34,None,59.33,None,0.00,None,106.67,None,62.66,None,124.68,None,0.00,None,68.68,None,107.67,None,122.33,None,0.00,None,0.00,None
1763420390.7265708,43.34,None,59.33,None,0.00,None,127.67,None,62.66,None,124.68,None,0.00,None,68.68,None,107.67,None,126.33,None,0.00,None,0.00,None
1763420390.7271216,43.34,None,59.33,None,0.00,None,127.67,None,62.66,None,124.68,None,0.00,None,68.68,None,107.67,None,126.33,None,0.00,None,0.00,None
1763420393.1068826,43.34,None,59.33,None,0.00,None,127.67,None,62.66,None,124.68,None,0.00,None,68.68,None,107.67,None,126.33,None,8.67,None,0.00,None
1763420393.107431,43.34,None,59.33,None,0.00,None,127.67,None,62.66,None,124.68,None,0.00,None,68.68,None,107.67,None,126.33,None,8.67,None,0.00,None
1763420393.1510737,43.34,None,59.33,None,0.00,None,127.67,None,62.66,None,124.68,None,0.00,None,68.68,None,107.67,None,126.33,None,8.67,None,0.00,None
1763420393.151628,43.34,None,59.33,None,0.00,None,127.67,None,62.66,None,124.68,None,0.00,None,68.68,None,107.67,None,126.33,None,8.67,None,0.00,None
1763420393.1955569,43.34,None,59.33,None,9.00,None,127.67,None,62.66,None,124.68,None,0.00,None,68.68,None,107.67,None,126.33,None,8.67,None,0.00,None
1763420393.1964433,43.34,None,59.33,None,9.00,None,127.67,None,62.66,None,124.68,None,0.00,None,68.68,None,107.67,None,126.33,None,8.67,None,0.00,None
1763420393.2514946,43.34,None,59.33,None,17.67,None,127.67,None,62.66,None,124.68,None,0.00,None,68.68,None,107.67,None,126.33,None,8.67,None,9.00,None
1763420393.2520514,43.34,None,59.33,None,17.67,None,127.67,None,62.66,None,124.68,None,0.00,None,68.68,None,107.67,None,126.33,None,8.67,None,9.00,None
1763420393.3100128,43.34,None,59.33,None,17.67,None,127.67,None,62.66,None,124.68,None,0.00,None,68.68,None,107.67,None,126.33,None,17.34,None,18.00,None
1763420393.3105993,43.34,None,59.33,None,17.67,None,127.67,None,62.66,None,124.68,None,0.00,None,68.68,None,107.67,None,126.33,None,17.34,None,18.00,None
1763420393.4618554,43.34,None,59.33,None,26.34,None,127.67,None,62.66,None,124.68,None,0.00,None,68.68,None,107.67,None,126.33,None,17.34,None,18.00,None
1763420393.4624326,43.34,None,59.33,None,26.34,None,127.67,None,62.66,None,124.68,None,0.00,None,68.68,None,107.67,None,126.33,None,17.34,None,18.00,None
1763420395.5878358,34.34,None,39.67,None,26.34,None,105.00,None,62.66,None,103.68,None,0.00,None,25.00,None,75.00,None,126.33,None,17.34,None,18.00,None
1763420395.588403,34.34,None,39.67,None,26.34,None,105.00,None,62.66,None,103.68,None,0.00,None,25.00,None,75.00,None,126.33,None,17.34,None,18.00,None
1763420395.6298466,34.34,None,39.67,None,26.34,None,105.00,None,62.66,None,103.68,None,0.00,None,25.00,None,96.00,None,126.33,None,17.34,None,18.00,None
1763420395.6304471,34.34,None,39.67,None,26.34,None,105.00,None,62.66,None,103.68,None,0.00,None,25.00,None,96.00,None,126.33,None,17.34,None,18.00,None
1763420395.7035933,34.34,None,39.67,None,26.34,None,122.67,None,62.66,None,103.68,None,0.00,None,25.00,None,96.00,None,126.33,None,17.34,None,18.00,None
1763420395.7045403,34.34,None,39.67,None,26.34,None,122.67,None,62.66,None,103.68,None,0.00,None,25.00,None,96.00,None,126.33,None,17.34,None,18.00,None
1763420395.7712414,34.34,None,39.67,None,26.34,None,122.67,None,62.66,None,121.35,None,0.00,None,25.00,None,96.00,None,126.33,None,17.34,None,18.00,None
1763420395.772194,34.34,None,39.67,None,26.34,None,122.67,None,62.66,None,121.35,None,0.00,None,25.00,None,96.00,None,126.33,None,17.34,None,18.00,None
1763420395.8385625,34.34,None,39.67,None,26.34,None,122.67,None,62.66,None,121.35,None,0.00,None,25.00,None,113.67,None,126.33,None,17.34,None,18.00,None
1763420395.8395166,34.34,None,39.67,None,26.34,None,122.67,None,62.66,None,121.35,None,0.00,None,25.00,None,113.67,None,126.33,None,17.34,None,18.00,None
1763420396.028004,43.34,None,39.67,None,26.34,None,122.67,None,62.66,None,121.35,None,0.00,None,25.00,None,113.67,None,126.33,None,17.34,None,18.00,None
1763420396.0285583,43.34,None,39.67,None,26.34,None,122.67,None,62.66,None,121.35,None,0.00,None,25.00,None,113.67,None,126.33,None,17.34,None,18.00,None
1763420396.098526,43.34,None,39.67,None,26.34,None,122.67,None,62.66,None,121.35,None,0.00,None,34.00,None,122.34,None,126.33,None,17.34,None,18.00,None
1763420396.0994701,43.34,None,39.67,None,26.34,None,122.67,None,62.66,None,121.35,None,0.00,None,34.00,None,122.34,None,126.33,None,17.34,None,18.00,None
1763420396.1682186,43.34,None,39.67,None,26.34,None,122.67,None,62.66,None,121.35,None,0.00,None,51.67,None,122.34,None,126.33,None,17.34,None,18.00,None
1763420396.1691835,43.34,None,39.67,None,26.34,None,122.67,None,62.66,None,121.35,None,0.00,None,51.67,None,122.34,None,126.33,None,17.34,None,18.00,None
1763420400.6236687,43.34,None,39.67,None,26.34,None,110.01,None,62.66,None,99.68,None,0.00,None,51.67,None,115.01,None,108.66,None,17.34,None,18.00,None
1763420400.6249168,43.34,None,39.67,None,26.34,None,110.01,None,62.66,None,99.68,None,0.00,None,51.67,None,115.01,None,108.66,None,17.34,None,18.00,None
1763420400.6958716,43.34,None,39.67,None,26.34,None,127.68,None,62.66,None,99.68,None,0.00,None,51.67,None,115.01,None,108.66,None,17.34,None,18.00,None
1763420400.6968439,43.34,None,39.67,None,26.34,None,127.68,None,62.66,None,99.68,None,0.00,None,51.67,None,115.01,None,108.66,None,17.34,None,18.00,None
1763420400.7433448,43.34,None,48.67,None,26.34,None,127.68,None,62.66,None,108.01,None,0.00,None,51.67,None,115.01,None,117.33,None,17.34,None,18.00,None
1763420400.7439094,43.34,None,48.67,None,26.34,None,127.68,None,62.66,None,108.01,None,0.00,None,51.67,None,115.01,None,117.33,None,17.34,None,18.00,None
1763420413.2825549,43.34,None,48.67,None,26.34,None,69.68,None,62.66,None,74.34,None,0.00,None,4.00,None,120.34,None,70.33,None,17.34,None,18.00,None
1763420413.2834914,43.34,None,48.67,None,26.34,None,69.68,None,62.66,None,74.34,None,0.00,None,4.00,None,120.34,None,70.33,None,17.34,None,18.00,None
1763420413.354062,43.34,None,48.67,None,26.34,None,69.68,None,62.66,None,74.34,None,0.00,None,21.67,None,125.34,None,70.33,None,17.34,None,18.00,None
1763420413.3549623,43.34,None,48.67,None,26.34,None,69.68,None,62.66,None,74.34,None,0.00,None,21.67,None,125.34,None,70.33,None,17.34,None,18.00,None
1763420413.4317696,43.34,None,48.67,None,26.34,None,69.68,None,62.66,None,74.34,None,0.00,None,21.67,None,128.67,None,83.33,None,17.34,None,18.00,None
1763420413.4326966,43.34,None,48.67,None,26.34,None,69.68,None,62.66,None,74.34,None,0.00,None,21.67,None,128.67,None,83.33,None,17.34,None,18.00,None
1763420413.5092545,43.34,None,48.67,None,26.34,None,69.68,None,62.66,None,74.34,None,0.00,None,46.67,None,128.67,None,83.33,None,17.34,None,18.00,None
1763420413.510203,43.34,None,48.67,None,26.34,None,69.68,None,62.66,None,74.34,None,0.00,None,46.67,None,128.67,None,83.33,None,17.34,None,18.00,None
1763420413.5887365,43.34,None,48.67,None,26.34,None,69.68,None,62.66,None,74.34,None,0.00,None,67.67,None,128.67,None,83.33,None,17.34,None,18.00,None
1763420413.5896885,43.34,None,48.67,None,26.34,None,69.68,None,62.66,None,74.34,None,0.00,None,67.67,None,128.67,None,83.33,None,17.34,None,18.00,None
1763420413.6672118,43.34,None,48.67,None,26.34,None,69.68,None,62.66,None,74.34,None,0.00,None,67.67,None,128.67,None,104.33,None,17.34,None,18.00,None
1763420413.6681457,43.34,None,48.67,None,26.34,None,69.68,None,62.66,None,74.34,None,0.00,None,67.67,None,128.67,None,104.33,None,17.34,None,18.00,None
1763420415.7139256,43.34,None,31.00,None,26.34,None,69.68,None,59.33,None,74.34,None,0.00,None,67.67,None,128.67,None,125.33,None,17.34,None,18.00,None
1763420415.7148561,43.34,None,31.00,None,26.34,None,69.68,None,59.33,None,74.34,None,0.00,None,67.67,None,128.67,None,125.33,None,17.34,None,18.00,None
1763420426.150453,34.34,None,22.00,None,26.34,None,79.01,None,59.33,None,66.01,None,0.00,None,67.67,None,93.33,None,92.33,None,17.34,None,18.00,None
1763420426.1513877,34.34,None,22.00,None,26.34,None,79.01,None,59.33,None,66.01,None,0.00,None,67.67,None,93.33,None,92.33,None,17.34,None,18.00,None
1763420426.2231393,34.34,None,22.00,None,26.34,None,100.01,None,59.33,None,66.01,None,0.00,None,67.67,None,93.33,None,92.33,None,17.34,None,18.00,None
1763420426.224086,34.34,None,22.00,None,26.34,None,100.01,None,59.33,None,66.01,None,0.00,None,67.67,None,93.33,None,92.33,None,17.34,None,18.00,None
1763420426.2750316,34.34,None,22.00,None,26.34,None,121.01,None,59.33,None,66.01,None,0.00,None,67.67,None,93.33,None,92.33,None,17.34,None,18.00,None
1763420426.2755694,34.34,None,22.00,None,26.34,None,121.01,None,59.33,None,66.01,None,0.00,None,67.67,None,93.33,None,92.33,None,17.34,None,18.00,None
1763420426.3491116,34.34,None,22.00,None,26.34,None,124.34,None,59.33,None,75.01,None,0.00,None,67.67,None,93.33,None,92.33,None,17.34,None,18.00,None
1763420426.3498127,34.34,None,22.00,None,26.34,None,124.34,None,59.33,None,75.01,None,0.00,None,67.67,None,93.33,None,92.33,None,17.34,None,18.00,None
1763420426.4315815,34.34,None,22.00,None,26.34,None,124.34,None,59.33,None,75.01,None,0.00,None,67.67,None,93.33,None,92.33,None,17.34,None,18.00,None
1763420426.4323285,34.34,None,22.00,None,26.34,None,124.34,None,59.33,None,75.01,None,0.00,None,67.67,None,93.33,None,92.33,None,17.34,None,18.00,None
1763420426.6001675,34.34,None,22.00,None,26.34,None,124.34,None,59.33,None,75.01,None,0.00,None,67.67,None,93.33,None,92.33,None,17.34,None,18.00,None
1763420426.601006,34.34,None,22.00,None,26.34,None,124.34,None,59.33,None,75.01,None,0.00,None,67.67,None,93.33,None,92.33,None,17.34,None,18.00,None
1763420430.670062,30.34,None,22.00,None,26.34,None,124.34,None,59.33,None,75.01,None,0.00,None,67.67,None,97.33,None,92.33,None,17.34,None,18.00,None
1763420430.6709857,30.34,None,22.00,None,26.34,None,124.34,None,59.33,None,75.01,None,0.00,None,67.67,None,97.33,None,92.33,None,17.34,None,18.00,None
1763420430.7374065,30.34,None,22.00,None,26.34,None,124.34,None,59.33,None,75.01,None,0.00,None,67.67,None,122.33,None,92.33,None,17.34,None,18.00,None
1763420430.7383308,30.34,None,22.00,None,26.34,None,124.34,None,59.33,None,75.01,None,0.00,None,67.67,None,122.33,None,92.33,None,17.34,None,18.00,None
1763420440.682503,30.34,None,22.00,None,26.34,None,124.34,None,59.33,None,75.01,None,0.00,None,67.67,None,125.66,None,89.00,None,17.34,None,18.00,None
1763420440.6834173,30.34,None,22.00,None,26.34,None,124.34,None,59.33,None,75.01,None,0.00,None,67.67,None,125.66,None,89.00,None,17.34,None,18.00,None
1763420452.1655667,30.34,None,9.00,None,26.34,None,85.00,None,25.00,None,57.34,None,0.00,None,67.67,None,100.66,None,120.00,None,17.34,None,18.00,None
1763420452.166518,30.34,None,9.00,None,26.34,None,85.00,None,25.00,None,57.34,None,0.00,None,67.67,None,100.66,None,120.00,None,17.34,None,18.00,None
1763420452.3555133,30.34,None,9.00,None,26.34,None,85.00,None,25.00,None,57.34,None,0.00,None,67.67,None,118.33,None,125.00,None,17.34,None,18.00,None
1763420452.356086,30.34,None,9.00,None,26.34,None,85.00,None,25.00,None,57.34,None,0.00,None,67.67,None,118.33,None,125.00,None,17.34,None,18.00,None
1763420452.4238343,30.34,None,9.00,None,26.34,None,85.00,None,25.00,None,70.34,None,0.00,None,67.67,None,118.33,None,126.67,None,17.34,None,18.00,None
1763420452.424371,30.34,None,9.00,None,26.34,None,85.00,None,25.00,None,70.34,None,0.00,None,67.67,None,118.33,None,126.67,None,17.34,None,18.00,None
1763420452.4753487,30.34,None,9.00,None,26.34,None,85.00,None,25.00,None,73.67,None,0.00,None,67.67,None,127.33,None,126.67,None,17.34,None,18.00,None
1763420452.4758933,30.34,None,9.00,None,26.34,None,85.00,None,25.00,None,73.67,None,0.00,None,67.67,None,127.33,None,126.67,None,17.34,None,18.00,None
1763420452.5336487,30.34,None,9.00,None,26.34,None,110.00,None,25.00,None,73.67,None,0.00,None,67.67,None,127.33,None,126.67,None,17.34,None,18.00,None
1763420452.534224,30.34,None,9.00,None,26.34,None,110.00,None,25.00,None,73.67,None,0.00,None,67.67,None,127.33,None,126.67,None,17.34,None,18.00,None
1763420452.5802042,30.34,None,9.00,None,26.34,None,119.00,None,25.00,None,82.34,None,0.00,None,67.67,None,127.33,None,126.67,None,17.34,None,18.00,None
1763420452.5807543,30.34,None,9.00,None,26.34,None,119.00,None,25.00,None,82.34,None,0.00,None,67.67,None,127.33,None,126.67,None,17.34,None,18.00,None
1763420455.710839,12.67,None,9.00,None,26.34,None,110.33,None,56.00,None,38.00,None,0.00,None,42.67,None,110.33,None,87.67,None,17.34,None,18.00,None
1763420455.7113929,12.67,None,9.00,None,26.34,None,110.33,None,56.00,None,38.00,None,0.00,None,42.67,None,110.33,None,87.67,None,17.34,None,18.00,None
1763420455.8374894,12.67,None,9.00,None,26.34,None,110.33,None,56.00,None,38.00,None,0.00,None,42.67,None,123.66,None,105.34,None,17.34,None,18.00,None
1763420455.8380585,12.67,None,9.00,None,26.34,None,110.33,None,56.00,None,38.00,None,0.00,None,42.67,None,123.66,None,105.34,None,17.34,None,18.00,None
1763420455.8784328,12.67,None,9.00,None,26.34,None,110.33,None,56.00,None,38.00,None,0.00,None,60.34,None,128.66,None,109.67,None,17.34,None,18.00,None
1763420455.8790147,12.67,None,9.00,None,26.34,None,110.33,None,56.00,None,38.00,None,0.00,None,60.34,None,128.66,None,109.67,None,17.34,None,18.00,None
1763420455.920516,12.67,None,9.00,None,26.34,None,114.33,None,56.00,None,47.00,None,0.00,None,60.34,None,128.66,None,121.67,None,17.34,None,18.00,None
1763420455.9210763,12.67,None,9.00,None,26.34,None,114.33,None,56.00,None,47.00,None,0.00,None,60.34,None,128.66,None,121.67,None,17.34,None,18.00,None
1763420455.963663,12.67,None,9.00,None,26.34,None,123.33,None,56.00,None,59.67,None,0.00,None,60.34,None,128.66,None,125.00,None,17.34,None,18.00,None
1763420455.9642088,12.67,None,9.00,None,26.34,None,123.33,None,56.00,None,59.67,None,0.00,None,60.34,None,128.66,None,125.00,None,17.34,None,18.00,None
1763420456.0060377,12.67,None,9.00,None,26.34,None,123.33,None,56.00,None,80.67,None,0.00,None,64.34,None,128.66,None,125.00,None,17.34,None,18.00,None
1763420456.0065928,12.67,None,9.00,None,26.34,None,123.33,None,56.00,None,80.67,None,0.00,None,64.34,None,128.66,None,125.00,None,17.34,None,18.00,None
1763420456.0490398,12.67,None,9.00,None,26.34,None,123.33,None,56.00,None,98.34,None,0.00,None,64.34,None,128.66,None,128.33,None,17.34,None,18.00,None
1763420456.0495968,12.67,None,9.00,None,26.34,None,123.33,None,56.00,None,98.34,None,0.00,None,64.34,None,128.66,None,128.33,None,17.34,None,18.00,None
1763420456.1801088,12.67,None,26.67,None,26.34,None,123.33,None,56.00,None,98.34,None,0.00,None,67.67,None,128.66,None,128.33,None,17.34,None,18.00,None
1763420456.1806622,12.67,None,26.67,None,26.34,None,123.33,None,56.00,None,98.34,None,0.00,None,67.67,None,128.66,None,128.33,None,17.34,None,18.00,None
1763420477.1544662,12.67,None,9.00,None,26.34,None,114.33,None,56.00,None,43.00,None,0.00,None,60.34,None,107.66,None,127.67,None,17.34,None,18.00,None
1763420477.155017,12.67,None,9.00,None,26.34,None,114.33,None,56.00,None,43.00,None,0.00,None,60.34,None,107.66,None,127.67,None,17.34,None,18.00,None
1763420477.2148604,12.67,None,9.00,None,26.34,None,114.33,None,56.00,None,47.00,None,0.00,None,60.34,None,125.33,None,127.67,None,17.34,None,18.00,None
1763420477.2154346,12.67,None,9.00,None,26.34,None,114.33,None,56.00,None,47.00,None,0.00,None,60.34,None,125.33,None,127.67,None,17.34,None,18.00,None
1763420477.2642148,12.67,None,9.00,None,26.34,None,126.33,None,56.00,None,56.00,None,0.00,None,60.34,None,125.33,None,127.67,None,17.34,None,18.00,None
1763420477.264779,12.67,None,9.00,None,26.34,None,126.33,None,56.00,None,56.00,None,0.00,None,60.34,None,125.33,None,127.67,None,17.34,None,18.00,None
1763420477.3230681,12.67,None,9.00,None,26.34,None,126.33,None,56.00,None,73.67,None,0.00,None,60.34,None,125.33,None,127.67,None,17.34,None,18.00,None
1763420477.3236127,12.67,None,9.00,None,26.34,None,126.33,None,56.00,None,73.67,None,0.00,None,60.34,None,125.33,None,127.67,None,17.34,None,18.00,None
1763420477.384188,12.67,None,9.00,None,26.34,None,126.33,None,56.00,None,94.67,None,0.00,None,60.34,None,125.33,None,127.67,None,17.34,None,18.00,None
1763420477.384752,12.67,None,9.00,None,26.34,None,126.33,None,56.00,None,94.67,None,0.00,None,60.34,None,125.33,None,127.67,None,17.34,None,18.00,None
1763420477.519606,12.67,None,9.00,None,26.34,None,126.33,None,56.00,None,112.34,None,0.00,None,60.34,None,125.33,None,127.67,None,17.34,None,18.00,None
1763420477.5201533,12.67,None,9.00,None,26.34,None,126.33,None,56.00,None,112.34,None,0.00,None,60.34,None,125.33,None,127.67,None,17.34,None,18.00,None
1763420480.7578301,12.67,None,9.00,None,26.34,None,126.33,None,56.00,None,116.34,None,0.00,None,51.67,None,129.00,None,126.67,None,17.34,None,18.00,None
1763420480.758778,12.67,None,9.00,None,26.34,None,126.33,None,56.00,None,116.34,None,0.00,None,51.67,None,129.00,None,126.67,None,17.34,None,18.00,None
1763420485.7554882,12.67,None,9.00,None,26.34,None,126.33,None,56.00,None,116.34,None,0.00,None,60.67,None,125.67,None,121.00,None,17.34,None,18.00,None
1763420485.7560632,12.67,None,9.00,None,26.34,None,126.33,None,56.00,None,116.34,None,0.00,None,60.67,None,125.67,None,121.00,None,17.34,None,18.00,None
1763420490.7635136,12.67,None,9.00,None,26.34,None,126.33,None,56.00,None,116.34,None,0.00,None,69.67,None,121.01,None,106.66,None,17.34,None,18.00,None
1763420490.7640798,12.67,None,9.00,None,26.34,None,126.33,None,56.00,None,116.34,None,0.00,None,69.67,None,121.01,None,106.66,None,17.34,None,18.00,None
1763420495.2072966,12.67,None,9.00,None,26.34,None,126.33,None,56.00,None,116.34,None,0.00,None,69.67,None,128.34,None,124.33,None,17.34,None,18.00,None
1763420495.2082388,12.67,None,9.00,None,26.34,None,126.33,None,56.00,None,116.34,None,0.00,None,69.67,None,128.34,None,124.33,None,17.34,None,18.00,None
1763420495.2859159,12.67,None,30.67,None,26.34,None,126.33,None,56.00,None,116.34,None,0.00,None,69.67,None,128.34,None,124.33,None,17.34,None,18.00,None
1763420495.2868886,12.67,None,30.67,None,26.34,None,126.33,None,56.00,None,116.34,None,0.00,None,69.67,None,128.34,None,124.33,None,17.34,None,18.00,None
1763420495.5237079,12.67,None,48.34,None,26.34,None,126.33,None,56.00,None,116.34,None,0.00,None,69.67,None,128.34,None,124.33,None,17.34,None,18.00,None
1763420495.5246754,12.67,None,48.34,None,26.34,None,126.33,None,56.00,None,116.34,None,0.00,None,69.67,None,128.34,None,124.33,None,17.34,None,18.00,None
1763420495.6066794,12.67,None,66.01,None,26.34,None,126.33,None,56.00,None,116.34,None,0.00,None,69.67,None,128.34,None,124.33,None,17.34,None,18.00,None
1763420495.6076639,12.67,None,66.01,None,26.34,None,126.33,None,56.00,None,116.34,None,0.00,None,69.67,None,128.34,None,124.33,None,17.34,None,18.00,None
1763420495.693363,21.67,None,66.01,None,26.34,None,126.33,None,64.67,None,116.34,None,0.00,None,69.67,None,128.34,None,124.33,None,17.34,None,18.00,None
1763420495.6943707,21.67,None,66.01,None,26.34,None,126.33,None,64.67,None,116.34,None,0.00,None,69.67,None,128.34,None,124.33,None,17.34,None,18.00,None
1763420495.7794235,21.67,None,66.01,None,26.34,None,126.33,None,64.67,None,116.34,None,0.00,None,69.67,None,128.34,None,124.33,None,17.34,None,18.00,None
1763420495.7803855,21.67,None,66.01,None,26.34,None,126.33,None,64.67,None,116.34,None,0.00,None,69.67,None,128.34,None,124.33,None,17.34,None,18.00,None
1763420516.2277184,9.00,None,57.01,None,26.34,None,122.33,None,39.67,None,107.34,None,0.00,None,56.67,None,107.34,None,100.33,None,8.67,None,18.00,None
1763420516.2286422,9.00,None,57.01,None,26.34,None,122.33,None,39.67,None,107.34,None,0.00,None,56.67,None,107.34,None,100.33,None,8.67,None,18.00,None
1763420516.3094006,9.00,None,57.01,None,26.34,None,122.33,None,39.67,None,107.34,None,0.00,None,56.67,None,128.34,None,100.33,None,8.67,None,18.00,None
1763420516.3103287,9.00,None,57.01,None,26.34,None,122.33,None,39.67,None,107.34,None,0.00,None,56.67,None,128.34,None,100.33,None,8.67,None,18.00,None
1763420516.4745846,18.00,None,65.68,None,26.34,None,122.33,None,39.67,None,107.34,None,0.00,None,64.00,None,128.34,None,100.33,None,8.67,None,18.00,None
1763420516.475293,18.00,None,65.68,None,26.34,None,122.33,None,39.67,None,107.34,None,0.00,None,64.00,None,128.34,None,100.33,None,8.67,None,18.00,None
1763420516.5383508,18.00,None,65.68,None,26.34,None,122.33,None,39.67,None,107.34,None,0.00,None,64.00,None,128.34,None,118.00,None,8.67,None,18.00,None
1763420516.5390692,18.00,None,65.68,None,26.34,None,122.33,None,39.67,None,107.34,None,0.00,None,64.00,None,128.34,None,118.00,None,8.67,None,18.00,None
1763420516.6054313,18.00,None,65.68,None,26.34,None,122.33,None,39.67,None,116.34,None,0.00,None,64.00,None,128.34,None,126.67,None,8.67,None,18.00,None
1763420516.6061356,18.00,None,65.68,None,26.34,None,122.33,None,39.67,None,116.34,None,0.00,None,64.00,None,128.34,None,126.67,None,8.67,None,18.00,None
1763420516.6704412,18.00,None,65.68,None,26.34,None,122.33,None,39.67,None,125.34,None,0.00,None,64.00,None,128.34,None,126.67,None,8.67,None,18.00,None
1763420516.6709952,18.00,None,65.68,None,26.34,None,122.33,None,39.67,None,125.34,None,0.00,None,64.00,None,128.34,None,126.67,None,8.67,None,18.00,None
1763420532.2582843,21.33,None,67.35,None,0.00,None,122.33,None,26.34,None,121.34,None,0.00,None,7.33,None,106.00,None,95.01,None,0.00,None,0.00,None
1763420532.2591999,21.33,None,67.35,None,0.00,None,122.33,None,26.34,None,121.34,None,0.00,None,7.33,None,106.00,None,95.01,None,0.00,None,0.00,None
1763420532.3341901,21.33,None,69.02,None,0.00,None,122.33,None,26.34,None,121.34,None,0.00,None,7.33,None,127.00,None,95.01,None,0.00,None,0.00,None
1763420532.3351052,21.33,None,69.02,None,0.00,None,122.33,None,26.34,None,121.34,None,0.00,None,7.33,None,127.00,None,95.01,None,0.00,None,0.00,None
1763420532.4806063,21.33,None,69.02,None,0.00,None,122.33,None,30.34,None,121.34,None,0.00,None,28.33,None,127.00,None,95.01,None,0.00,None,0.00,None
1763420532.4811614,21.33,None,69.02,None,0.00,None,122.33,None,30.34,None,121.34,None,0.00,None,28.33,None,127.00,None,95.01,None,0.00,None,0.00,None
1763420532.5249264,21.33,None,69.02,None,0.00,None,122.33,None,51.34,None,121.34,None,0.00,None,28.33,None,127.00,None,95.01,None,0.00,None,0.00,None
1763420532.5254784,21.33,None,69.02,None,0.00,None,122.33,None,51.34,None,121.34,None,0.00,None,28.33,None,127.00,None,95.01,None,0.00,None,0.00,None
1763420532.5747244,21.33,None,69.02,None,0.00,None,122.33,None,63.34,None,121.34,None,0.00,None,28.33,None,127.00,None,95.01,None,0.00,None,0.00,None
1763420532.575266,21.33,None,69.02,None,0.00,None,122.33,None,63.34,None,121.34,None,0.00,None,28.33,None,127.00,None,95.01,None,0.00,None,0.00,None
1763420532.6225348,30.00,None,69.02,None,0.00,None,122.33,None,66.67,None,121.34,None,0.00,None,37.33,None,127.00,None,95.01,None,0.00,None,0.00,None
1763420532.623087,30.00,None,69.02,None,0.00,None,122.33,None,66.67,None,121.34,None,0.00,None,37.33,None,127.00,None,95.01,None,0.00,None,0.00,None
1763420545.8902142,30.00,None,69.02,None,0.00,None,37.00,None,66.67,None,103.67,None,0.00,None,58.33,None,128.67,None,81.34,None,0.00,None,0.00,None
1763420545.8907738,30.00,None,69.02,None,0.00,None,37.00,None,66.67,None,103.67,None,0.00,None,58.33,None,128.67,None,81.34,None,0.00,None,0.00,None
1763420546.0208342,30.00,None,69.02,None,0.00,None,68.00,None,66.67,None,103.67,None,0.00,None,58.33,None,128.67,None,81.34,None,0.00,None,0.00,None
1763420546.0213966,30.00,None,69.02,None,0.00,None,68.00,None,66.67,None,103.67,None,0.00,None,58.33,None,128.67,None,81.34,None,0.00,None,0.00,None
1763420548.262885,30.00,None,69.02,None,0.00,None,93.00,None,66.67,None,103.67,None,0.00,None,58.33,None,128.67,None,81.34,None,0.00,None,0.00,None
1763420548.2634513,30.00,None,69.02,None,0.00,None,93.00,None,66.67,None,103.67,None,0.00,None,58.33,None,128.67,None,81.34,None,0.00,None,0.00,None
1763420548.3208506,30.00,None,69.02,None,0.00,None,114.00,None,66.67,None,103.67,None,0.00,None,58.33,None,128.67,None,81.34,None,0.00,None,0.00,None
1763420548.3214004,30.00,None,69.02,None,0.00,None,114.00,None,66.67,None,103.67,None,0.00,None,58.33,None,128.67,None,81.34,None,0.00,None,0.00,None
1763420548.3914125,30.00,None,69.02,None,0.00,None,126.00,None,66.67,None,112.67,None,0.00,None,58.33,None,128.67,None,81.34,None,0.00,None,0.00,None
1763420548.3919923,30.00,None,69.02,None,0.00,None,126.00,None,66.67,None,112.67,None,0.00,None,58.33,None,128.67,None,81.34,None,0.00,None,0.00,None
1763420548.4558206,30.00,None,69.02,None,0.00,None,126.00,None,66.67,None,125.00,None,0.00,None,58.33,None,128.67,None,81.34,None,0.00,None,0.00,None
1763420548.4563706,30.00,None,69.02,None,0.00,None,126.00,None,66.67,None,125.00,None,0.00,None,58.33,None,128.67,None,81.34,None,0.00,None,0.00,None
1763420548.5069203,30.00,None,69.02,None,0.00,None,126.00,None,66.67,None,129.00,None,0.00,None,58.33,None,128.67,None,90.34,None,0.00,None,0.00,None
1763420548.507474,30.00,None,69.02,None,0.00,None,126.00,None,66.67,None,129.00,None,0.00,None,58.33,None,128.67,None,90.34,None,0.00,None,0.00,None
1763420548.6525698,30.00,None,69.02,None,0.00,None,126.00,None,66.67,None,129.00,None,0.00,None,58.33,None,128.67,None,90.34,None,0.00,None,0.00,None
1763420548.653122,30.00,None,69.02,None,0.00,None,126.00,None,66.67,None,129.00,None,0.00,None,58.33,None,128.67,None,90.34,None,0.00,None,0.00,None
1763420550.9286234,21.00,None,69.02,None,0.00,None,105.00,None,58.00,None,112.67,None,0.00,None,58.33,None,94.67,None,87.00,None,0.00,None,0.00,None
1763420550.929176,21.00,None,69.02,None,0.00,None,105.00,None,58.00,None,112.67,None,0.00,None,58.33,None,94.67,None,87.00,None,0.00,None,0.00,None
1763420550.9756444,21.00,None,69.02,None,0.00,None,105.00,None,58.00,None,112.67,None,0.00,None,58.33,None,119.67,None,87.00,None,0.00,None,0.00,None
1763420550.9762046,21.00,None,69.02,None,0.00,None,105.00,None,58.00,None,112.67,None,0.00,None,58.33,None,119.67,None,87.00,None,0.00,None,0.00,None
1763420551.020171,21.00,None,69.02,None,0.00,None,105.00,None,58.00,None,116.67,None,0.00,None,58.33,None,119.67,None,108.00,None,0.00,None,0.00,None
1763420551.0207312,21.00,None,69.02,None,0.00,None,105.00,None,58.00,None,116.67,None,0.00,None,58.33,None,119.67,None,108.00,None,0.00,None,0.00,None
1763420551.0954354,21.00,None,69.02,None,0.00,None,105.00,None,58.00,None,116.67,None,0.00,None,58.33,None,128.67,None,120.00,None,0.00,None,0.00,None
1763420551.0963993,21.00,None,69.02,None,0.00,None,105.00,None,58.00,None,116.67,None,0.00,None,58.33,None,128.67,None,120.00,None,0.00,None,0.00,None
1763420551.3221312,21.00,None,69.02,None,0.00,None,126.00,None,58.00,None,116.67,None,0.00,None,58.33,None,128.67,None,120.00,None,0.00,None,0.00,None
1763420551.3230846,21.00,None,69.02,None,0.00,None,126.00,None,58.00,None,116.67,None,0.00,None,58.33,None,128.67,None,120.00,None,0.00,None,0.00,None
1763420551.4018853,21.00,None,69.02,None,0.00,None,126.00,None,58.00,None,116.67,None,0.00,None,58.33,None,128.67,None,128.67,None,0.00,None,0.00,None
1763420551.4028523,21.00,None,69.02,None,0.00,None,126.00,None,58.00,None,116.67,None,0.00,None,58.33,None,128.67,None,128.67,None,0.00,None,0.00,None
1763420555.92308,21.00,None,69.02,None,0.00,None,126.00,None,58.00,None,125.34,None,0.00,None,58.33,None,128.67,None,110.67,None,0.00,None,0.00,None
1763420555.9236352,21.00,None,69.02,None,0.00,None,126.00,None,58.00,None,125.34,None,0.00,None,58.33,None,128.67,None,110.67,None,0.00,None,0.00,None
1763420566.3042974,21.00,None,69.02,None,0.00,None,126.00,None,58.00,None,125.34,None,0.00,None,62.33,None,128.67,None,128.34,None,0.00,None,0.00,None
1763420566.305259,21.00,None,69.02,None,0.00,None,126.00,None,58.00,None,125.34,None,0.00,None,62.33,None,128.67,None,128.34,None,0.00,None,0.00,None
1763420566.3621762,21.00,None,69.02,None,0.00,None,126.00,None,58.00,None,125.34,None,0.00,None,62.33,None,128.67,None,128.34,None,0.00,None,0.00,None
1763420566.3627229,21.00,None,69.02,None,0.00,None,126.00,None,58.00,None,125.34,None,0.00,None,62.33,None,128.67,None,128.34,None,0.00,None,0.00,None
1763420566.5235205,21.00,None,69.02,None,0.00,None,126.00,None,67.00,None,125.34,None,0.00,None,62.33,None,128.67,None,128.34,None,0.00,None,0.00,None
1763420566.5242512,21.00,None,69.02,None,0.00,None,126.00,None,67.00,None,125.34,None,0.00,None,62.33,None,128.67,None,128.34,None,0.00,None,0.00,None
1763420566.5899546,21.00,None,69.02,None,0.00,None,126.00,None,67.00,None,125.34,None,8.67,None,62.33,None,128.67,None,128.34,None,0.00,None,0.00,None
1763420566.5906668,21.00,None,69.02,None,0.00,None,126.00,None,67.00,None,125.34,None,8.67,None,62.33,None,128.67,None,128.34,None,0.00,None,0.00,None
1763420566.6530929,21.00,None,69.02,None,0.00,None,126.00,None,67.00,None,125.34,None,8.67,None,62.33,None,128.67,None,128.34,None,0.00,None,0.00,None
1763420566.6538386,21.00,None,69.02,None,0.00,None,126.00,None,67.00,None,125.34,None,8.67,None,62.33,None,128.67,None,128.34,None,0.00,None,0.00,None
1763420566.7179298,21.00,None,69.02,None,0.00,None,126.00,None,67.00,None,125.34,None,8.67,None,62.33,None,128.67,None,128.34,None,8.67,None,0.00,None
1763420566.718497,21.00,None,69.02,None,0.00,None,126.00,None,67.00,None,125.34,None,8.67,None,62.33,None,128.67,None,128.34,None,8.67,None,0.00,None
1763420570.9926965,21.00,None,69.02,None,0.00,None,105.00,None,67.00,None,116.67,None,8.67,None,41.33,None,111.00,None,124.01,None,8.67,None,0.00,None
1763420570.993642,21.00,None,69.02,None,0.00,None,105.00,None,67.00,None,116.67,None,8.67,None,41.33,None,111.00,None,124.01,None,8.67,None,0.00,None
1763420571.1941366,33.67,None,69.02,None,0.00,None,105.00,None,67.00,None,116.67,None,8.67,None,41.33,None,120.00,None,124.01,None,8.67,None,0.00,None
1763420571.1946917,33.67,None,69.02,None,0.00,None,105.00,None,67.00,None,116.67,None,8.67,None,41.33,None,120.00,None,124.01,None,8.67,None,0.00,None
1763420571.241434,33.67,None,69.02,None,0.00,None,105.00,None,67.00,None,125.67,None,8.67,None,41.33,None,124.00,None,124.01,None,8.67,None,0.00,None
1763420571.242005,33.67,None,69.02,None,0.00,None,105.00,None,67.00,None,125.67,None,8.67,None,41.33,None,124.00,None,124.01,None,8.67,None,0.00,None
1763420571.32006,33.67,None,69.02,None,0.00,None,105.00,None,67.00,None,125.67,None,8.67,None,59.00,None,124.00,None,124.01,None,8.67,None,0.00,None
1763420571.3210313,33.67,None,69.02,None,0.00,None,105.00,None,67.00,None,125.67,None,8.67,None,59.00,None,124.00,None,124.01,None,8.67,None,0.00,None
1763420585.3258207,33.67,None,69.02,None,0.00,None,74.00,None,67.00,None,112.67,None,8.67,None,41.33,None,111.00,None,107.34,None,8.67,None,0.00,None
1763420585.3268106,33.67,None,69.02,None,0.00,None,74.00,None,67.00,None,112.67,None,8.67,None,41.33,None,111.00,None,107.34,None,8.67,None,0.00,None
1763420585.3838384,33.67,None,69.02,None,0.00,None,74.00,None,67.00,None,112.67,None,8.67,None,41.33,None,111.00,None,125.01,None,8.67,None,0.00,None
1763420585.3844135,33.67,None,69.02,None,0.00,None,74.00,None,67.00,None,112.67,None,8.67,None,41.33,None,111.00,None,125.01,None,8.67,None,0.00,None
1763420585.5417976,33.67,None,69.02,None,0.00,None,83.00,None,67.00,None,121.34,None,8.67,None,41.33,None,111.00,None,125.01,None,8.67,None,0.00,None
1763420585.5423691,33.67,None,69.02,None,0.00,None,83.00,None,67.00,None,121.34,None,8.67,None,41.33,None,111.00,None,125.01,None,8.67,None,0.00,None
1763420585.5907025,33.67,None,69.02,None,0.00,None,83.00,None,67.00,None,121.34,None,8.67,None,41.33,None,111.00,None,125.01,None,8.67,None,0.00,None
1763420585.5912776,33.67,None,69.02,None,0.00,None,83.00,None,67.00,None,121.34,None,8.67,None,41.33,None,111.00,None,125.01,None,8.67,None,0.00,None
1763420585.6407964,33.67,None,69.02,None,0.00,None,83.00,None,67.00,None,121.34,None,8.67,None,41.33,None,128.67,None,125.01,None,8.67,None,0.00,None
1763420585.6413767,33.67,None,69.02,None,0.00,None,83.00,None,67.00,None,121.34,None,8.67,None,41.33,None,128.67,None,125.01,None,8.67,None,0.00,None
1763420585.6920657,33.67,None,69.02,None,0.00,None,100.67,None,67.00,None,121.34,None,8.67,None,41.33,None,128.67,None,125.01,None,8.67,None,0.00,None
1763420585.6926422,33.67,None,69.02,None,0.00,None,100.67,None,67.00,None,121.34,None,8.67,None,41.33,None,128.67,None,125.01,None,8.67,None,0.00,None
1763420585.9891393,33.67,None,51.35,None,0.00,None,118.34,None,67.00,None,121.34,None,8.67,None,41.33,None,128.67,None,125.01,None,8.67,None,0.00,None
1763420585.9897316,33.67,None,51.35,None,0.00,None,118.34,None,67.00,None,121.34,None,8.67,None,41.33,None,128.67,None,125.01,None,8.67,None,0.00,None
1763420586.12549,33.67,None,51.35,None,0.00,None,127.01,None,67.00,None,125.34,None,8.67,None,41.33,None,128.67,None,125.01,None,8.67,None,0.00,None
1763420586.126084,33.67,None,51.35,None,0.00,None,127.01,None,67.00,None,125.34,None,8.67,None,41.33,None,128.67,None,125.01,None,8.67,None,0.00,None
1763420606.3444393,33.67,None,67.35,None,0.00,None,115.01,None,67.00,None,56.00,None,8.67,None,41.33,None,120.00,None,111.68,None,8.67,None,0.00,None
1763420606.3454607,33.67,None,67.35,None,0.00,None,115.01,None,67.00,None,56.00,None,8.67,None,41.33,None,120.00,None,111.68,None,8.67,None,0.00,None
1763420606.4323168,37.67,None,67.35,None,0.00,None,115.01,None,67.00,None,56.00,None,8.67,None,44.66,None,128.67,None,120.68,None,8.67,None,0.00,None
1763420606.4332526,37.67,None,67.35,None,0.00,None,115.01,None,67.00,None,56.00,None,8.67,None,44.66,None,128.67,None,120.68,None,8.67,None,0.00,None
1763420606.5400252,55.34,None,67.35,None,0.00,None,115.01,None,67.00,None,56.00,None,8.67,None,44.66,None,128.67,None,120.68,None,8.67,None,0.00,None
1763420606.5412073,55.34,None,67.35,None,0.00,None,115.01,None,67.00,None,56.00,None,8.67,None,44.66,None,128.67,None,120.68,None,8.67,None,0.00,None
1763420606.8141603,64.01,None,67.35,None,0.00,None,115.01,None,67.00,None,56.00,None,8.67,None,44.66,None,128.67,None,120.68,None,8.67,None,0.00,None
1763420606.8151102,64.01,None,67.35,None,0.00,None,115.01,None,67.00,None,56.00,None,8.67,None,44.66,None,128.67,None,120.68,None,8.67,None,0.00,None
1763420606.9010253,64.01,None,67.35,None,0.00,None,115.01,None,67.00,None,56.00,None,8.67,None,62.33,None,128.67,None,120.68,None,8.67,None,0.00,None
1763420606.9019873,64.01,None,67.35,None,0.00,None,115.01,None,67.00,None,56.00,None,8.67,None,62.33,None,128.67,None,120.68,None,8.67,None,0.00,None
1763420606.990756,64.01,None,67.35,None,0.00,None,124.01,None,67.00,None,56.00,None,8.67,None,62.33,None,128.67,None,120.68,None,8.67,None,0.00,None
1763420606.9917269,64.01,None,67.35,None,0.00,None,124.01,None,67.00,None,56.00,None,8.67,None,62.33,None,128.67,None,120.68,None,8.67,None,0.00,None
1763420620.3678334,64.01,None,67.35,None,0.00,None,128.01,None,67.00,None,73.67,None,8.67,None,62.33,None,128.67,None,120.68,None,8.67,None,0.00,None
1763420620.3687935,64.01,None,67.35,None,0.00,None,128.01,None,67.00,None,73.67,None,8.67,None,62.33,None,128.67,None,120.68,None,8.67,None,0.00,None
1763420620.459029,64.01,None,67.35,None,0.00,None,128.01,None,67.00,None,86.67,None,8.67,None,62.33,None,128.67,None,120.68,None,8.67,None,0.00,None
1763420620.460029,64.01,None,67.35,None,0.00,None,128.01,None,67.00,None,86.67,None,8.67,None,62.33,None,128.67,None,120.68,None,8.67,None,0.00,None
1763420620.7044928,64.01,None,67.35,None,0.00,None,128.01,None,67.00,None,95.34,None,8.67,None,62.33,None,128.67,None,120.68,None,8.67,None,0.00,None
1763420620.7054546,64.01,None,67.35,None,0.00,None,128.01,None,67.00,None,95.34,None,8.67,None,62.33,None,128.67,None,120.68,None,8.67,None,0.00,None
1763420620.7934742,64.01,None,67.35,None,9.00,None,128.01,None,67.00,None,108.34,None,8.67,None,62.33,None,128.67,None,124.68,None,8.67,None,0.00,None
1763420620.7944374,64.01,None,67.35,None,9.00,None,128.01,None,67.00,None,108.34,None,8.67,None,62.33,None,128.67,None,124.68,None,8.67,None,0.00,None
1763420620.8994257,64.01,None,67.35,None,9.00,None,128.01,None,67.00,None,108.34,None,8.67,None,62.33,None,128.67,None,124.68,None,8.67,None,0.00,None
1763420620.9004433,64.01,None,67.35,None,9.00,None,128.01,None,67.00,None,108.34,None,8.67,None,62.33,None,128.67,None,124.68,None,8.67,None,0.00,None
1763420621.0020895,64.01,None,67.35,None,9.00,None,128.01,None,67.00,None,108.34,None,8.67,None,62.33,None,128.67,None,124.68,None,8.67,None,0.00,None
1763420621.0031724,64.01,None,67.35,None,9.00,None,128.01,None,67.00,None,108.34,None,8.67,None,62.33,None,128.67,None,124.68,None,8.67,None,0.00,None
