timestamp;(0,34);(14,17);(25,24);(8,13);(8,22);(14,10);(14,11);(28,27);(28,29);(28,30);(2,3);(2,32);(5,4);(9,12);(23,15);(23,19);(23,20);(18,21);(6,7);(2,16);(25,26);(33,1);(33,31);(34,9);(9,18);(18,2);(2,5);(5,23);(23,25);(25,28);(28,14);(14,8);(8,6);(6,33);(33,34);(25,25.1);(8,8.1);(14,14.1);(28,28.1);(2,2.1);(5,5.1);(9,9.1);(23,23.1);(18,18.1);(6,6.1);(33,33.1);(34,34.1)
1763510917.0681505;0.00;0.00;97.00;0.00;0.00;0.00;0.00;0.00;0.00;0.00;0.00;0.00;0.00;0.00;0.00;0.00;0.00;0.00;0.00;0.00;0.00;0.00;0.00;0.00;0.00;0.00;0.00;0.00;0.00;97.00;0.00;0.00;0.00;0.00;0.00;0.00;0.00;0.00;97.00;0.00;0.00;0.00;0.00;0.00;0.00;0.00;0.00
1763510917.069104;0.00;0.00;97.00;0.00;0.00;0.00;0.00;0.00;0.00;0.00;0.00;0.00;0.00;0.00;0.00;0.00;0.00;0.00;0.00;0.00;0.00;0.00;0.00;0.00;0.00;0.00;0.00;0.00;0.00;97.00;0.00;0.00;0.00;0.00;0.00;0.00;0.00;0.00;97.00;0.00;0.00;0.00;0.00;0.00;0.00;0.00;0.00
1763510917.119793;0.00;0.00;194.00;0.00;0.00;0.00;0.00;0.00;0.00;0.00;0.00;0.00;0.00;0.00;0.00;0.00;0.00;0.00;0.00;0.00;0.00;0.00;0.00;0.00;0.00;0.00;0.00;0.00;0.00;194.00;0.00;0.00;0.00;0.00;0.00;0.00;0.00;0.00;194.00;0.00;0.00;0.00;0.00;0.00;0.00;0.00;0.00
1763510917.1205478;0.00;0.00;194.00;0.00;0.00;0.00;0.00;0.00;0.00;0.00;0.00;0.00;0.00;0.00;0.00;0.00;0.00;0.00;0.00;0.00;0.00;0.00;0.00;0.00;0.00;0.00;0.00;0.00;0.00;194.00;0.00;0.00;0.00;0.00;0.00;0.00;0.00;0.00;194.00;0.00;0.00;0.00;0.00;0.00;0.00;0.00;0.00
1763510917.1715317;0.00;0.00;291.00;0.00;0.00;0.00;0.00;0.00;0.00;0.00;0.00;0.00;0.00;0.00;0.00;0.00;0.00;0.00;0.00;0.00;0.00;0.00;0.00;0.00;0.00;0.00;0.00;0.00;0.00;606.33;0.00;0.00;0.00;0.00;0.00;444.67;0.00;0.00;606.33;0.00;0.00;0.00;0.00;0.00;0.00;0.00;0.00
1763510917.172294;0.00;0.00;291.00;0.00;0.00;0.00;0.00;0.00;0.00;0.00;0.00;0.00;0.00;0.00;0.00;0.00;0.00;0.00;0.00;0.00;0.00;0.00;0.00;0.00;0.00;0.00;0.00;0.00;0.00;606.33;0.00;0.00;0.00;0.00;0.00;444.67;0.00;0.00;606.33;0.00;0.00;0.00;0.00;0.00;0.00;0.00;0.00
1763510917.2258348;0.00;0.00;388.00;0.00;0.00;0.00;0.00;0.00;0.00;0.00;0.00;0.00;0.00;0.00;0.00;0.00;0.00;0.00;0.00;0.00;0.00;0.00;0.00;0.00;0.00;0.00;0.00;0.00;320.00;1066.33;0.00;0.00;0.00;0.00;0.00;1321.67;0.00;0.00;1066.33;0.00;0.00;0.00;320.00;0.00;0.00;0.00;0.00
1763510917.2266192;0.00;0.00;388.00;0.00;0.00;0.00;0.00;0.00;0.00;0.00;0.00;0.00;0.00;0.00;0.00;0.00;0.00;0.00;0.00;0.00;0.00;0.00;0.00;0.00;0.00;0.00;0.00;0.00;320.00;1066.33;0.00;0.00;0.00;0.00;0.00;1321.67;0.00;0.00;1066.33;0.00;0.00;0.00;320.00;0.00;0.00;0.00;0.00
1763510917.2782662;0.00;0.00;485.00;0.00;0.00;0.00;0.00;0.00;0.00;0.00;0.00;0.00;0.00;0.00;0.00;0.00;0.00;0.00;0.00;0.00;0.00;0.00;0.00;0.00;0.00;0.00;0.00;0.00;630.00;1526.33;0.00;0.00;0.00;0.00;0.00;1888.67;0.00;0.00;1526.33;0.00;0.00;0.00;630.00;0.00;0.00;0.00;0.00
1763510917.2790322;0.00;0.00;485.00;0.00;0.00;0.00;0.00;0.00;0.00;0.00;0.00;0.00;0.00;0.00;0.00;0.00;0.00;0.00;0.00;0.00;0.00;0.00;0.00;0.00;0.00;0.00;0.00;0.00;630.00;1526.33;0.00;0.00;0.00;0.00;0.00;1888.67;0.00;0.00;1526.33;0.00;0.00;0.00;630.00;0.00;0.00;0.00;0.00
1763510917.32988;0.00;0.00;582.00;0.00;0.00;0.00;0.00;0.00;0.00;0.00;0.00;0.00;0.00;0.00;0.00;0.00;0.00;0.00;0.00;0.00;0.00;0.00;0.00;0.00;0.00;0.00;0.00;0.00;854.67;1766.33;540.00;0.00;0.00;0.00;0.00;2001.00;0.00;540.00;1986.33;0.00;0.00;0.00;854.67;0.00;0.00;0.00;0.00
1763510917.3306575;0.00;0.00;582.00;0.00;0.00;0.00;0.00;0.00;0.00;0.00;0.00;0.00;0.00;0.00;0.00;0.00;0.00;0.00;0.00;0.00;0.00;0.00;0.00;0.00;0.00;0.00;0.00;0.00;854.67;1766.33;540.00;0.00;0.00;0.00;0.00;2001.00;0.00;540.00;1986.33;0.00;0.00;0.00;854.67;0.00;0.00;0.00;0.00
1763510937.050601;0.00;0.00;582.00;0.00;0.00;0.00;0.00;0.00;0.00;0.00;97.00;0.00;0.00;0.00;0.00;0.00;0.00;0.00;0.00;0.00;0.00;0.00;0.00;0.00;0.00;0.00;97.00;97.00;951.67;1863.33;867.00;0.00;0.00;0.00;0.00;2001.00;0.00;867.00;2286.33;0.00;0.00;0.00;854.67;0.00;0.00;0.00;0.00
1763510937.0514631;0.00;0.00;582.00;0.00;0.00;0.00;0.00;0.00;0.00;0.00;97.00;0.00;0.00;0.00;0.00;0.00;0.00;0.00;0.00;0.00;0.00;0.00;0.00;0.00;0.00;0.00;97.00;97.00;951.67;1863.33;867.00;0.00;0.00;0.00;0.00;2001.00;0.00;867.00;2286.33;0.00;0.00;0.00;854.67;0.00;0.00;0.00;0.00
1763510937.1069558;0.00;0.00;582.00;0.00;0.00;0.00;0.00;0.00;0.00;0.00;194.00;0.00;0.00;0.00;0.00;0.00;0.00;0.00;0.00;0.00;0.00;0.00;0.00;0.00;0.00;0.00;194.00;194.00;1048.67;1960.33;1204.00;0.00;0.00;0.00;0.00;2001.00;0.00;1204.00;2586.33;0.00;0.00;0.00;854.67;0.00;0.00;0.00;0.00
1763510937.1077266;0.00;0.00;582.00;0.00;0.00;0.00;0.00;0.00;0.00;0.00;194.00;0.00;0.00;0.00;0.00;0.00;0.00;0.00;0.00;0.00;0.00;0.00;0.00;0.00;0.00;0.00;194.00;194.00;1048.67;1960.33;1204.00;0.00;0.00;0.00;0.00;2001.00;0.00;1204.00;2586.33;0.00;0.00;0.00;854.67;0.00;0.00;0.00;0.00
1763510937.147091;0.00;0.00;582.00;0.00;0.00;0.00;0.00;0.00;0.00;0.00;291.00;0.00;0.00;0.00;0.00;0.00;0.00;0.00;0.00;0.00;0.00;0.00;0.00;0.00;0.00;0.00;291.00;291.00;1145.67;2057.33;1316.33;0.00;0.00;0.00;0.00;2001.00;0.00;1316.33;2886.33;0.00;0.00;0.00;854.67;0.00;0.00;0.00;0.00
1763510937.1475492;0.00;0.00;582.00;0.00;0.00;0.00;0.00;0.00;0.00;0.00;291.00;0.00;0.00;0.00;0.00;0.00;0.00;0.00;0.00;0.00;0.00;0.00;0.00;0.00;0.00;0.00;291.00;291.00;1145.67;2057.33;1316.33;0.00;0.00;0.00;0.00;2001.00;0.00;1316.33;2886.33;0.00;0.00;0.00;854.67;0.00;0.00;0.00;0.00
1763510937.1977162;0.00;0.00;582.00;0.00;0.00;0.00;0.00;0.00;0.00;0.00;388.00;0.00;0.00;0.00;0.00;0.00;0.00;0.00;0.00;0.00;0.00;0.00;0.00;0.00;0.00;0.00;388.00;388.00;1242.67;2154.33;1476.33;0.00;0.00;0.00;0.00;2001.00;0.00;1476.33;3186.33;0.00;0.00;0.00;854.67;0.00;0.00;0.00;0.00
1763510937.198496;0.00;0.00;582.00;0.00;0.00;0.00;0.00;0.00;0.00;0.00;388.00;0.00;0.00;0.00;0.00;0.00;0.00;0.00;0.00;0.00;0.00;0.00;0.00;0.00;0.00;0.00;388.00;388.00;1242.67;2154.33;1476.33;0.00;0.00;0.00;0.00;2001.00;0.00;1476.33;3186.33;0.00;0.00;0.00;854.67;0.00;0.00;0.00;0.00
1763510937.248663;0.00;0.00;582.00;0.00;0.00;0.00;0.00;0.00;0.00;0.00;485.00;0.00;0.00;0.00;0.00;0.00;0.00;0.00;0.00;0.00;0.00;0.00;0.00;0.00;0.00;0.00;485.00;485.00;1339.67;2251.33;1636.33;0.00;0.00;0.00;0.00;2001.00;0.00;1636.33;3486.33;0.00;0.00;0.00;854.67;0.00;0.00;0.00;0.00
1763510937.2494886;0.00;0.00;582.00;0.00;0.00;0.00;0.00;0.00;0.00;0.00;485.00;0.00;0.00;0.00;0.00;0.00;0.00;0.00;0.00;0.00;0.00;0.00;0.00;0.00;0.00;0.00;485.00;485.00;1339.67;2251.33;1636.33;0.00;0.00;0.00;0.00;2001.00;0.00;1636.33;3486.33;0.00;0.00;0.00;854.67;0.00;0.00;0.00;0.00
1763510937.3015049;0.00;0.00;582.00;0.00;0.00;0.00;0.00;0.00;0.00;0.00;582.00;0.00;0.00;0.00;0.00;0.00;0.00;0.00;0.00;0.00;0.00;0.00;0.00;0.00;0.00;0.00;582.00;582.00;1436.67;2348.33;2116.33;320.00;0.00;0.00;0.00;2001.00;320.00;1796.33;3786.33;0.00;0.00;0.00;854.67;0.00;0.00;0.00;0.00
1763510937.3023105;0.00;0.00;582.00;0.00;0.00;0.00;0.00;0.00;0.00;0.00;582.00;0.00;0.00;0.00;0.00;0.00;0.00;0.00;0.00;0.00;0.00;0.00;0.00;0.00;0.00;0.00;582.00;582.00;1436.67;2348.33;2116.33;320.00;0.00;0.00;0.00;2001.00;320.00;1796.33;3786.33;0.00;0.00;0.00;854.67;0.00;0.00;0.00;0.00
1763510963.061372;0.00;0.00;582.00;0.00;0.00;0.00;0.00;0.00;0.00;0.00;582.00;0.00;0.00;0.00;0.00;0.00;97.00;0.00;0.00;0.00;0.00;0.00;0.00;0.00;0.00;0.00;582.00;582.00;1533.67;2445.33;2116.33;320.00;0.00;0.00;0.00;2001.00;320.00;1796.33;4086.33;0.00;0.00;0.00;854.67;0.00;0.00;0.00;0.00
1763510963.0621955;0.00;0.00;582.00;0.00;0.00;0.00;0.00;0.00;0.00;0.00;582.00;0.00;0.00;0.00;0.00;0.00;97.00;0.00;0.00;0.00;0.00;0.00;0.00;0.00;0.00;0.00;582.00;582.00;1533.67;2445.33;2116.33;320.00;0.00;0.00;0.00;2001.00;320.00;1796.33;4086.33;0.00;0.00;0.00;854.67;0.00;0.00;0.00;0.00
1763510963.1136284;0.00;0.00;582.00;0.00;0.00;0.00;0.00;0.00;0.00;0.00;582.00;0.00;0.00;0.00;0.00;0.00;194.00;0.00;0.00;0.00;0.00;0.00;0.00;160.00;160.00;160.00;742.00;732.00;1780.67;2692.33;2181.00;384.67;160.00;160.00;160.00;2001.00;544.67;1796.33;4386.33;0.00;310.00;0.00;854.67;0.00;320.00;0.00;0.00
1763510963.1141665;0.00;0.00;582.00;0.00;0.00;0.00;0.00;0.00;0.00;0.00;582.00;0.00;0.00;0.00;0.00;0.00;194.00;0.00;0.00;0.00;0.00;0.00;0.00;160.00;160.00;160.00;742.00;732.00;1780.67;2692.33;2181.00;384.67;160.00;160.00;160.00;2001.00;544.67;1796.33;4386.33;0.00;310.00;0.00;854.67;0.00;320.00;0.00;0.00
1763510963.1498218;0.00;0.00;582.00;0.00;0.00;0.00;0.00;0.00;0.00;0.00;582.00;0.00;0.00;0.00;0.00;0.00;601.00;0.00;0.00;0.00;0.00;0.00;0.00;160.00;160.00;160.00;742.00;732.00;2187.67;3099.33;2405.67;609.34;160.00;160.00;160.00;2001.00;769.34;1796.33;4686.33;0.00;310.00;0.00;854.67;0.00;320.00;0.00;0.00
1763510963.1504536;0.00;0.00;582.00;0.00;0.00;0.00;0.00;0.00;0.00;0.00;582.00;0.00;0.00;0.00;0.00;0.00;601.00;0.00;0.00;0.00;0.00;0.00;0.00;160.00;160.00;160.00;742.00;732.00;2187.67;3099.33;2405.67;609.34;160.00;160.00;160.00;2001.00;769.34;1796.33;4686.33;0.00;310.00;0.00;854.67;0.00;320.00;0.00;0.00
1763510963.1862166;0.00;0.00;582.00;0.00;0.00;0.00;0.00;0.00;0.00;0.00;582.00;0.00;0.00;0.00;0.00;0.00;698.00;0.00;0.00;0.00;0.00;0.00;0.00;320.00;320.00;320.00;902.00;892.00;2444.67;3131.66;2898.00;1101.67;310.00;310.00;310.00;2001.00;1111.67;1796.33;4986.33;0.00;630.00;0.00;854.67;0.00;320.00;0.00;310.00
1763510963.1866975;0.00;0.00;582.00;0.00;0.00;0.00;0.00;0.00;0.00;0.00;582.00;0.00;0.00;0.00;0.00;0.00;698.00;0.00;0.00;0.00;0.00;0.00;0.00;320.00;320.00;320.00;902.00;892.00;2444.67;3131.66;2898.00;1101.67;310.00;310.00;310.00;2001.00;1111.67;1796.33;4986.33;0.00;630.00;0.00;854.67;0.00;320.00;0.00;310.00
1763510963.2188995;0.00;0.00;582.00;0.00;0.00;0.00;0.00;0.00;0.00;0.00;582.00;0.00;0.00;0.00;0.00;0.00;795.00;0.00;0.00;0.00;0.00;0.00;0.00;320.00;320.00;320.00;902.00;892.00;2541.67;3548.66;3545.00;1748.67;310.00;310.00;310.00;2001.00;1758.67;1796.33;5286.33;0.00;630.00;0.00;854.67;0.00;320.00;0.00;310.00
1763510963.2194037;0.00;0.00;582.00;0.00;0.00;0.00;0.00;0.00;0.00;0.00;582.00;0.00;0.00;0.00;0.00;0.00;795.00;0.00;0.00;0.00;0.00;0.00;0.00;320.00;320.00;320.00;902.00;892.00;2541.67;3548.66;3545.00;1748.67;310.00;310.00;310.00;2001.00;1758.67;1796.33;5286.33;0.00;630.00;0.00;854.67;0.00;320.00;0.00;310.00
1763510963.250892;0.00;0.00;582.00;0.00;0.00;0.00;0.00;0.00;0.00;0.00;582.00;0.00;0.00;0.00;0.00;0.00;892.00;0.00;0.00;0.00;0.00;0.00;0.00;320.00;320.00;320.00;902.00;892.00;2638.67;3645.66;3872.00;2075.67;647.00;534.67;310.00;2001.00;2068.67;1796.33;5586.33;0.00;630.00;0.00;854.67;0.00;432.33;224.67;310.00
1763510963.251385;0.00;0.00;582.00;0.00;0.00;0.00;0.00;0.00;0.00;0.00;582.00;0.00;0.00;0.00;0.00;0.00;892.00;0.00;0.00;0.00;0.00;0.00;0.00;320.00;320.00;320.00;902.00;892.00;2638.67;3645.66;3872.00;2075.67;647.00;534.67;310.00;2001.00;2068.67;1796.33;5586.33;0.00;630.00;0.00;854.67;0.00;432.33;224.67;310.00
1763510989.0759258;0.00;0.00;582.00;192.33;0.00;0.00;0.00;0.00;0.00;0.00;582.00;0.00;0.00;0.00;0.00;0.00;892.00;0.00;0.00;0.00;0.00;0.00;0.00;320.00;320.00;320.00;902.00;892.00;2638.67;4185.66;4112.00;2315.67;1079.33;854.67;310.00;2001.00;2068.67;1796.33;5886.33;0.00;630.00;0.00;854.67;0.00;544.66;544.67;310.00
1763510989.076753;0.00;0.00;582.00;192.33;0.00;0.00;0.00;0.00;0.00;0.00;582.00;0.00;0.00;0.00;0.00;0.00;892.00;0.00;0.00;0.00;0.00;0.00;0.00;320.00;320.00;320.00;902.00;892.00;2638.67;4185.66;4112.00;2315.67;1079.33;854.67;310.00;2001.00;2068.67;1796.33;5886.33;0.00;630.00;0.00;854.67;0.00;544.66;544.67;310.00
1763510989.1309457;0.00;0.00;582.00;289.33;0.00;0.00;0.00;0.00;0.00;0.00;582.00;0.00;0.00;0.00;0.00;0.00;892.00;0.00;0.00;0.00;0.00;0.00;0.00;480.00;640.00;640.00;1484.33;1224.33;2971.00;4517.99;4144.33;2348.00;1144.00;919.34;374.67;2001.00;2068.67;1796.33;6186.33;422.33;950.00;160.00;854.67;0.00;544.66;544.67;534.67
1763510989.131804;0.00;0.00;582.00;289.33;0.00;0.00;0.00;0.00;0.00;0.00;582.00;0.00;0.00;0.00;0.00;0.00;892.00;0.00;0.00;0.00;0.00;0.00;0.00;480.00;640.00;640.00;1484.33;1224.33;2971.00;4517.99;4144.33;2348.00;1144.00;919.34;374.67;2001.00;2068.67;1796.33;6186.33;422.33;950.00;160.00;854.67;0.00;544.66;544.67;534.67
1763510989.1812398;0.00;0.00;582.00;386.33;0.00;0.00;0.00;0.00;0.00;0.00;582.00;0.00;0.00;0.00;0.00;0.00;892.00;0.00;0.00;0.00;0.00;0.00;0.00;480.00;640.00;640.00;1644.33;1609.00;3355.67;4962.66;4289.00;2492.67;1144.00;919.34;374.67;2001.00;2181.00;1796.33;6486.33;582.33;1174.67;160.00;854.67;0.00;544.66;544.67;534.67
1763510989.1820574;0.00;0.00;582.00;386.33;0.00;0.00;0.00;0.00;0.00;0.00;582.00;0.00;0.00;0.00;0.00;0.00;892.00;0.00;0.00;0.00;0.00;0.00;0.00;480.00;640.00;640.00;1644.33;1609.00;3355.67;4962.66;4289.00;2492.67;1144.00;919.34;374.67;2001.00;2181.00;1796.33;6486.33;582.33;1174.67;160.00;854.67;0.00;544.66;544.67;534.67
1763510989.2326658;0.00;0.00;582.00;483.33;0.00;0.00;0.00;0.00;0.00;0.00;582.00;0.00;0.00;0.00;0.00;0.00;892.00;0.00;0.00;0.00;0.00;0.00;0.00;924.67;1180.00;1180.00;1874.33;1839.00;3585.67;4962.66;4589.00;2792.67;1541.00;1364.01;819.34;2001.00;2181.00;1796.33;6786.33;892.33;1174.67;384.67;854.67;0.00;656.99;544.67;534.67
1763510989.233495;0.00;0.00;582.00;483.33;0.00;0.00;0.00;0.00;0.00;0.00;582.00;0.00;0.00;0.00;0.00;0.00;892.00;0.00;0.00;0.00;0.00;0.00;0.00;924.67;1180.00;1180.00;1874.33;1839.00;3585.67;4962.66;4589.00;2792.67;1541.00;1364.01;819.34;2001.00;2181.00;1796.33;6786.33;892.33;1174.67;384.67;854.67;0.00;656.99;544.67;534.67
1763510989.2866578;0.00;0.00;582.00;580.33;0.00;0.00;0.00;0.00;0.00;0.00;582.00;0.00;0.00;0.00;0.00;0.00;892.00;0.00;0.00;0.00;0.00;0.00;0.00;1299.34;1554.67;1660.00;2194.33;2159.00;3905.67;4962.66;4889.00;3022.67;1868.00;1691.01;1194.01;2001.00;2181.00;1796.33;7086.33;1052.33;1174.67;384.67;854.67;534.67;656.99;657.00;534.67
1763510989.2874787;0.00;0.00;582.00;580.33;0.00;0.00;0.00;0.00;0.00;0.00;582.00;0.00;0.00;0.00;0.00;0.00;892.00;0.00;0.00;0.00;0.00;0.00;0.00;1299.34;1554.67;1660.00;2194.33;2159.00;3905.67;4962.66;4889.00;3022.67;1868.00;1691.01;1194.01;2001.00;2181.00;1796.33;7086.33;1052.33;1174.67;384.67;854.67;534.67;656.99;657.00;534.67
1763510989.336938;0.00;0.00;582.00;580.33;0.00;0.00;0.00;0.00;0.00;0.00;582.00;0.00;0.00;0.00;0.00;0.00;892.00;0.00;0.00;0.00;0.00;0.00;0.00;1299.34;1554.67;1660.00;2194.33;2159.00;3905.67;4962.66;4889.00;3022.67;1868.00;1691.01;1194.01;2001.00;2181.00;1796.33;7086.33;1052.33;1174.67;384.67;854.67;534.67;656.99;657.00;534.67
1763510989.337423;0.00;0.00;582.00;580.33;0.00;0.00;0.00;0.00;0.00;0.00;582.00;0.00;0.00;0.00;0.00;0.00;892.00;0.00;0.00;0.00;0.00;0.00;0.00;1299.34;1554.67;1660.00;2194.33;2159.00;3905.67;4962.66;4889.00;3022.67;1868.00;1691.01;1194.01;2001.00;2181.00;1796.33;7086.33;1052.33;1174.67;384.67;854.67;534.67;656.99;657.00;534.67
1763510990.5245447;0.00;0.00;582.00;580.33;0.00;0.00;0.00;0.00;0.00;0.00;582.00;0.00;0.00;0.00;0.00;0.00;795.00;0.00;0.00;0.00;0.00;0.00;0.00;1299.34;1554.67;1660.00;2194.33;2159.00;3808.67;4865.66;4889.00;3022.67;1868.00;1691.01;1194.01;2001.00;2181.00;1796.33;6786.33;1052.33;1174.67;384.67;854.67;534.67;656.99;657.00;534.67
1763510990.525652;0.00;0.00;582.00;580.33;0.00;0.00;0.00;0.00;0.00;0.00;582.00;0.00;0.00;0.00;0.00;0.00;795.00;0.00;0.00;0.00;0.00;0.00;0.00;1299.34;1554.67;1660.00;2194.33;2159.00;3808.67;4865.66;4889.00;3022.67;1868.00;1691.01;1194.01;2001.00;2181.00;1796.33;6786.33;1052.33;1174.67;384.67;854.67;534.67;656.99;657.00;534.67
1763511000.5318367;0.00;0.00;485.00;580.33;97.00;0.00;0.00;0.00;0.00;0.00;582.00;0.00;0.00;0.00;0.00;0.00;795.00;0.00;0.00;0.00;0.00;0.00;0.00;1299.34;1554.67;1660.00;2194.33;2159.00;3808.67;4838.00;4986.00;3119.67;1868.00;1691.01;1194.01;1941.00;2181.00;1796.33;6786.33;1052.33;1174.67;384.67;854.67;534.67;656.99;657.00;534.67
1763511000.5329502;0.00;0.00;485.00;580.33;97.00;0.00;0.00;0.00;0.00;0.00;582.00;0.00;0.00;0.00;0.00;0.00;795.00;0.00;0.00;0.00;0.00;0.00;0.00;1299.34;1554.67;1660.00;2194.33;2159.00;3808.67;4838.00;4986.00;3119.67;1868.00;1691.01;1194.01;1941.00;2181.00;1796.33;6786.33;1052.33;1174.67;384.67;854.67;534.67;656.99;657.00;534.67
1763511005.544931;0.00;0.00;388.00;580.33;97.00;0.00;0.00;0.00;0.00;0.00;582.00;0.00;0.00;0.00;0.00;0.00;795.00;0.00;0.00;0.00;0.00;0.00;0.00;1299.34;1554.67;1660.00;2194.33;2159.00;3808.67;4741.00;4986.00;3119.67;1868.00;1691.01;1194.01;1941.00;2181.00;1796.33;6689.33;1052.33;1174.67;384.67;854.67;534.67;656.99;657.00;534.67
1763511005.546018;0.00;0.00;388.00;580.33;97.00;0.00;0.00;0.00;0.00;0.00;582.00;0.00;0.00;0.00;0.00;0.00;795.00;0.00;0.00;0.00;0.00;0.00;0.00;1299.34;1554.67;1660.00;2194.33;2159.00;3808.67;4741.00;4986.00;3119.67;1868.00;1691.01;1194.01;1941.00;2181.00;1796.33;6689.33;1052.33;1174.67;384.67;854.67;534.67;656.99;657.00;534.67
1763511010.549774;0.00;97.00;291.00;580.33;97.00;0.00;0.00;0.00;0.00;0.00;582.00;0.00;0.00;0.00;0.00;0.00;795.00;0.00;0.00;0.00;0.00;0.00;0.00;1299.34;1554.67;1660.00;2194.33;2159.00;3894.00;4811.00;4773.00;3119.67;1868.00;1691.01;1194.01;1828.67;2181.00;1486.33;6866.33;1052.33;1174.67;384.67;940.00;534.67;656.99;657.00;534.67
1763511010.5508869;0.00;97.00;291.00;580.33;97.00;0.00;0.00;0.00;0.00;0.00;582.00;0.00;0.00;0.00;0.00;0.00;795.00;0.00;0.00;0.00;0.00;0.00;0.00;1299.34;1554.67;1660.00;2194.33;2159.00;3894.00;4811.00;4773.00;3119.67;1868.00;1691.01;1194.01;1828.67;2181.00;1486.33;6866.33;1052.33;1174.67;384.67;940.00;534.67;656.99;657.00;534.67
1763511012.070345;0.00;97.00;291.00;580.33;97.00;0.00;0.00;0.00;0.00;0.00;582.00;0.00;0.00;0.00;0.00;0.00;795.00;0.00;0.00;0.00;0.00;0.00;0.00;1299.34;1554.67;1660.00;2194.33;2159.00;3894.00;4811.00;4773.00;3119.67;1868.00;1691.01;1194.01;1828.67;2181.00;1486.33;6866.33;1052.33;1174.67;384.67;940.00;534.67;656.99;657.00;534.67
1763511012.0708575;0.00;97.00;291.00;580.33;97.00;0.00;0.00;0.00;0.00;0.00;582.00;0.00;0.00;0.00;0.00;0.00;795.00;0.00;0.00;0.00;0.00;0.00;0.00;1299.34;1554.67;1660.00;2194.33;2159.00;3894.00;4811.00;4773.00;3119.67;1868.00;1691.01;1194.01;1828.67;2181.00;1486.33;6866.33;1052.33;1174.67;384.67;940.00;534.67;656.99;657.00;534.67
1763511012.1027653;0.00;97.00;291.00;580.33;97.00;0.00;0.00;0.00;0.00;0.00;582.00;0.00;0.00;0.00;0.00;0.00;795.00;0.00;0.00;0.00;0.00;0.00;0.00;1299.34;1554.67;1660.00;2194.33;2159.00;3894.00;4811.00;4773.00;3119.67;1868.00;1691.01;1194.01;1828.67;2181.00;1486.33;6866.33;1052.33;1174.67;384.67;940.00;534.67;656.99;657.00;534.67
1763511012.1032734;0.00;97.00;291.00;580.33;97.00;0.00;0.00;0.00;0.00;0.00;582.00;0.00;0.00;0.00;0.00;0.00;795.00;0.00;0.00;0.00;0.00;0.00;0.00;1299.34;1554.67;1660.00;2194.33;2159.00;3894.00;4811.00;4773.00;3119.67;1868.00;1691.01;1194.01;1828.67;2181.00;1486.33;6866.33;1052.33;1174.67;384.67;940.00;534.67;656.99;657.00;534.67
1763511012.143253;0.00;97.00;291.00;580.33;97.00;0.00;0.00;0.00;0.00;0.00;582.00;0.00;0.00;0.00;0.00;0.00;795.00;0.00;0.00;0.00;0.00;0.00;0.00;1299.34;1554.67;1660.00;2194.33;2159.00;3894.00;4811.00;4773.00;3119.67;1868.00;1691.01;1194.01;1828.67;2181.00;1486.33;6866.33;1052.33;1174.67;384.67;940.00;534.67;656.99;657.00;534.67
1763511012.1437511;0.00;97.00;291.00;580.33;97.00;0.00;0.00;0.00;0.00;0.00;582.00;0.00;0.00;0.00;0.00;0.00;795.00;0.00;0.00;0.00;0.00;0.00;0.00;1299.34;1554.67;1660.00;2194.33;2159.00;3894.00;4811.00;4773.00;3119.67;1868.00;1691.01;1194.01;1828.67;2181.00;1486.33;6866.33;1052.33;1174.67;384.67;940.00;534.67;656.99;657.00;534.67
1763511012.1831124;0.00;97.00;291.00;580.33;97.00;0.00;0.00;0.00;0.00;0.00;582.00;0.00;0.00;0.00;0.00;0.00;795.00;0.00;0.00;0.00;0.00;0.00;0.00;1299.34;1554.67;1660.00;2194.33;2159.00;3894.00;4811.00;4773.00;3119.67;1868.00;1691.01;1194.01;1828.67;2181.00;1486.33;6866.33;1052.33;1174.67;384.67;940.00;534.67;656.99;657.00;534.67
1763511012.1836238;0.00;97.00;291.00;580.33;97.00;0.00;0.00;0.00;0.00;0.00;582.00;0.00;0.00;0.00;0.00;0.00;795.00;0.00;0.00;0.00;0.00;0.00;0.00;1299.34;1554.67;1660.00;2194.33;2159.00;3894.00;4811.00;4773.00;3119.67;1868.00;1691.01;1194.01;1828.67;2181.00;1486.33;6866.33;1052.33;1174.67;384.67;940.00;534.67;656.99;657.00;534.67
1763511012.2357018;0.00;97.00;291.00;580.33;97.00;0.00;0.00;97.00;0.00;0.00;582.00;0.00;0.00;0.00;0.00;0.00;795.00;0.00;0.00;0.00;0.00;0.00;0.00;1919.34;2174.67;2280.00;2814.33;2779.00;4418.67;4955.67;4923.00;3739.67;2488.00;2311.01;1814.01;1988.67;2181.00;1956.33;7128.66;1052.33;1174.67;384.67;1164.67;534.67;656.99;657.00;534.67
1763511012.2365603;0.00;97.00;291.00;580.33;97.00;0.00;0.00;97.00;0.00;0.00;582.00;0.00;0.00;0.00;0.00;0.00;795.00;0.00;0.00;0.00;0.00;0.00;0.00;1919.34;2174.67;2280.00;2814.33;2779.00;4418.67;4955.67;4923.00;3739.67;2488.00;2311.01;1814.01;1988.67;2181.00;1956.33;7128.66;1052.33;1174.67;384.67;1164.67;534.67;656.99;657.00;534.67
1763511012.2932043;0.00;97.00;291.00;580.33;97.00;0.00;0.00;97.00;0.00;0.00;582.00;0.00;0.00;0.00;0.00;0.00;795.00;0.00;0.00;0.00;0.00;0.00;0.00;1919.34;2174.67;2280.00;2814.33;2779.00;4418.67;4955.67;4923.00;3739.67;2488.00;2311.01;1814.01;1988.67;2181.00;1956.33;7128.66;1052.33;1174.67;384.67;1164.67;534.67;656.99;657.00;534.67
1763511012.2940705;0.00;97.00;291.00;580.33;97.00;0.00;0.00;97.00;0.00;0.00;582.00;0.00;0.00;0.00;0.00;0.00;795.00;0.00;0.00;0.00;0.00;0.00;0.00;1919.34;2174.67;2280.00;2814.33;2779.00;4418.67;4955.67;4923.00;3739.67;2488.00;2311.01;1814.01;1988.67;2181.00;1956.33;7128.66;1052.33;1174.67;384.67;1164.67;534.67;656.99;657.00;534.67
1763511015.6888664;0.00;97.00;194.00;580.33;0.00;0.00;0.00;97.00;0.00;0.00;388.00;0.00;0.00;0.00;0.00;0.00;795.00;97.00;0.00;0.00;0.00;0.00;0.00;1919.34;2174.67;2377.00;2717.33;2682.00;4321.67;4377.00;4186.00;3322.67;2488.00;2311.01;1814.01;1604.00;1861.00;1636.33;6116.33;1052.33;1174.67;384.67;1164.67;534.67;656.99;657.00;534.67
1763511015.6899605;0.00;97.00;194.00;580.33;0.00;0.00;0.00;97.00;0.00;0.00;388.00;0.00;0.00;0.00;0.00;0.00;795.00;97.00;0.00;0.00;0.00;0.00;0.00;1919.34;2174.67;2377.00;2717.33;2682.00;4321.67;4377.00;4186.00;3322.67;2488.00;2311.01;1814.01;1604.00;1861.00;1636.33;6116.33;1052.33;1174.67;384.67;1164.67;534.67;656.99;657.00;534.67
1763511015.7583585;0.00;97.00;194.00;580.33;0.00;0.00;0.00;97.00;0.00;0.00;388.00;0.00;0.00;0.00;0.00;0.00;795.00;194.00;0.00;0.00;0.00;0.00;0.00;1919.34;2174.67;2474.00;2814.33;2779.00;4418.67;4617.00;4186.00;3322.67;2488.00;2311.01;1814.01;1941.00;1861.00;1636.33;6576.33;1052.33;1174.67;384.67;1164.67;534.67;656.99;657.00;534.67
1763511015.7591877;0.00;97.00;194.00;580.33;0.00;0.00;0.00;97.00;0.00;0.00;388.00;0.00;0.00;0.00;0.00;0.00;795.00;194.00;0.00;0.00;0.00;0.00;0.00;1919.34;2174.67;2474.00;2814.33;2779.00;4418.67;4617.00;4186.00;3322.67;2488.00;2311.01;1814.01;1941.00;1861.00;1636.33;6576.33;1052.33;1174.67;384.67;1164.67;534.67;656.99;657.00;534.67
1763511015.808093;0.00;97.00;194.00;580.33;0.00;0.00;97.00;97.00;0.00;0.00;388.00;0.00;0.00;0.00;0.00;0.00;795.00;194.00;0.00;0.00;0.00;0.00;0.00;2144.01;2399.34;2698.67;3039.00;3003.67;4643.34;4959.33;4378.33;3547.34;2712.67;2535.68;2038.68;2278.00;1861.00;1636.33;6876.33;1052.33;1174.67;384.67;1164.67;534.67;656.99;657.00;534.67
1763511015.8089082;0.00;97.00;194.00;580.33;0.00;0.00;97.00;97.00;0.00;0.00;388.00;0.00;0.00;0.00;0.00;0.00;795.00;194.00;0.00;0.00;0.00;0.00;0.00;2144.01;2399.34;2698.67;3039.00;3003.67;4643.34;4959.33;4378.33;3547.34;2712.67;2535.68;2038.68;2278.00;1861.00;1636.33;6876.33;1052.33;1174.67;384.67;1164.67;534.67;656.99;657.00;534.67
1763511015.8572323;0.00;194.00;194.00;580.33;0.00;0.00;97.00;97.00;0.00;0.00;388.00;0.00;0.00;0.00;0.00;0.00;795.00;194.00;0.00;0.00;0.00;0.00;0.00;2144.01;2399.34;2698.67;3039.00;3003.67;4643.34;4959.33;4705.33;3547.34;2712.67;2535.68;2038.68;2278.00;1861.00;1636.33;7336.33;1052.33;1174.67;384.67;1164.67;534.67;656.99;657.00;534.67
1763511015.8580601;0.00;194.00;194.00;580.33;0.00;0.00;97.00;97.00;0.00;0.00;388.00;0.00;0.00;0.00;0.00;0.00;795.00;194.00;0.00;0.00;0.00;0.00;0.00;2144.01;2399.34;2698.67;3039.00;3003.67;4643.34;4959.33;4705.33;3547.34;2712.67;2535.68;2038.68;2278.00;1861.00;1636.33;7336.33;1052.33;1174.67;384.67;1164.67;534.67;656.99;657.00;534.67
1763511020.56269;0.00;291.00;97.00;580.33;0.00;0.00;97.00;97.00;0.00;0.00;388.00;0.00;0.00;0.00;0.00;0.00;795.00;194.00;0.00;0.00;0.00;0.00;0.00;2208.68;2464.01;2763.34;3103.67;3068.34;4708.01;4761.66;4967.66;3612.01;2777.34;2600.35;2103.35;2048.00;1861.00;1636.33;7336.33;1052.33;1174.67;384.67;1164.67;534.67;656.99;657.00;534.67
1763511020.5637703;0.00;291.00;97.00;580.33;0.00;0.00;97.00;97.00;0.00;0.00;388.00;0.00;0.00;0.00;0.00;0.00;795.00;194.00;0.00;0.00;0.00;0.00;0.00;2208.68;2464.01;2763.34;3103.67;3068.34;4708.01;4761.66;4967.66;3612.01;2777.34;2600.35;2103.35;2048.00;1861.00;1636.33;7336.33;1052.33;1174.67;384.67;1164.67;534.67;656.99;657.00;534.67
1763511030.5785615;0.00;291.00;97.00;580.33;0.00;0.00;97.00;97.00;0.00;0.00;291.00;0.00;0.00;0.00;0.00;0.00;795.00;291.00;0.00;0.00;0.00;0.00;0.00;2305.68;2561.01;2763.34;3006.67;2971.34;4611.01;4664.66;4870.66;3709.01;2874.34;2697.35;2200.35;2048.00;1861.00;1636.33;7496.33;1052.33;1174.67;384.67;1164.67;534.67;656.99;657.00;534.67
1763511030.5796618;0.00;291.00;97.00;580.33;0.00;0.00;97.00;97.00;0.00;0.00;291.00;0.00;0.00;0.00;0.00;0.00;795.00;291.00;0.00;0.00;0.00;0.00;0.00;2305.68;2561.01;2763.34;3006.67;2971.34;4611.01;4664.66;4870.66;3709.01;2874.34;2697.35;2200.35;2048.00;1861.00;1636.33;7496.33;1052.33;1174.67;384.67;1164.67;534.67;656.99;657.00;534.67
1763511040.5600753;0.00;97.00;0.00;580.33;0.00;0.00;97.00;97.00;0.00;0.00;0.00;0.00;0.00;0.00;0.00;0.00;601.00;0.00;0.00;0.00;0.00;0.00;0.00;1984.01;2239.34;2344.67;2297.00;2261.67;2767.34;2875.00;2392.67;2728.01;2225.67;2161.01;1888.68;497.00;1208.67;470.00;3059.33;1052.33;854.67;384.67;224.67;534.67;544.66;432.33;224.67
1763511040.5607061;0.00;97.00;0.00;580.33;0.00;0.00;97.00;97.00;0.00;0.00;0.00;0.00;0.00;0.00;0.00;0.00;601.00;0.00;0.00;0.00;0.00;0.00;0.00;1984.01;2239.34;2344.67;2297.00;2261.67;2767.34;2875.00;2392.67;2728.01;2225.67;2161.01;1888.68;497.00;1208.67;470.00;3059.33;1052.33;854.67;384.67;224.67;534.67;544.66;432.33;224.67
1763511040.605155;0.00;194.00;0.00;580.33;0.00;0.00;97.00;97.00;0.00;0.00;0.00;0.00;0.00;0.00;0.00;0.00;601.00;0.00;0.00;0.00;0.00;0.00;0.00;1984.01;2239.34;2344.67;2297.00;2261.67;2767.34;2875.00;2489.67;2728.01;2225.67;2161.01;1888.68;497.00;1208.67;470.00;3156.33;1052.33;854.67;384.67;224.67;534.67;544.66;432.33;224.67
1763511040.6057692;0.00;194.00;0.00;580.33;0.00;0.00;97.00;97.00;0.00;0.00;0.00;0.00;0.00;0.00;0.00;0.00;601.00;0.00;0.00;0.00;0.00;0.00;0.00;1984.01;2239.34;2344.67;2297.00;2261.67;2767.34;2875.00;2489.67;2728.01;2225.67;2161.01;1888.68;497.00;1208.67;470.00;3156.33;1052.33;854.67;384.67;224.67;534.67;544.66;432.33;224.67
1763511047.0841687;0.00;194.00;0.00;580.33;0.00;0.00;97.00;97.00;0.00;0.00;0.00;0.00;0.00;0.00;0.00;0.00;601.00;0.00;0.00;0.00;0.00;0.00;0.00;1759.34;2014.67;2120.00;2072.33;2037.00;2542.67;2929.67;2394.34;2503.34;2001.00;1936.34;1664.01;557.00;1208.67;470.00;3156.33;1052.33;854.67;384.67;224.67;534.67;544.66;432.33;224.67
1763511047.0846522;0.00;194.00;0.00;580.33;0.00;0.00;97.00;97.00;0.00;0.00;0.00;0.00;0.00;0.00;0.00;0.00;601.00;0.00;0.00;0.00;0.00;0.00;0.00;1759.34;2014.67;2120.00;2072.33;2037.00;2542.67;2929.67;2394.34;2503.34;2001.00;1936.34;1664.01;557.00;1208.67;470.00;3156.33;1052.33;854.67;384.67;224.67;534.67;544.66;432.33;224.67
1763511047.1345203;0.00;194.00;0.00;580.33;0.00;0.00;194.00;97.00;0.00;0.00;0.00;0.00;0.00;0.00;0.00;0.00;601.00;0.00;0.00;0.00;0.00;0.00;0.00;1759.34;2014.67;2120.00;2072.33;2037.00;2655.00;3336.67;2801.34;2503.34;2001.00;1936.34;1664.01;1011.67;1208.67;780.00;3456.33;1052.33;854.67;384.67;337.00;534.67;544.66;432.33;224.67
1763511047.135015;0.00;194.00;0.00;580.33;0.00;0.00;194.00;97.00;0.00;0.00;0.00;0.00;0.00;0.00;0.00;0.00;601.00;0.00;0.00;0.00;0.00;0.00;0.00;1759.34;2014.67;2120.00;2072.33;2037.00;2655.00;3336.67;2801.34;2503.34;2001.00;1936.34;1664.01;1011.67;1208.67;780.00;3456.33;1052.33;854.67;384.67;337.00;534.67;544.66;432.33;224.67
1763511047.1758811;0.00;194.00;0.00;580.33;0.00;0.00;291.00;97.00;0.00;0.00;0.00;0.00;0.00;0.00;0.00;0.00;601.00;0.00;0.00;0.00;0.00;0.00;0.00;1759.34;2014.67;2120.00;2072.33;2037.00;3125.00;3733.67;2898.34;2503.34;2001.00;1936.34;1664.01;1578.67;1208.67;780.00;3756.33;1052.33;854.67;384.67;807.00;534.67;544.66;432.33;224.67
1763511047.1763783;0.00;194.00;0.00;580.33;0.00;0.00;291.00;97.00;0.00;0.00;0.00;0.00;0.00;0.00;0.00;0.00;601.00;0.00;0.00;0.00;0.00;0.00;0.00;1759.34;2014.67;2120.00;2072.33;2037.00;3125.00;3733.67;2898.34;2503.34;2001.00;1936.34;1664.01;1578.67;1208.67;780.00;3756.33;1052.33;854.67;384.67;807.00;534.67;544.66;432.33;224.67
1763511047.2147465;0.00;194.00;0.00;580.33;0.00;0.00;388.00;97.00;0.00;0.00;0.00;0.00;0.00;0.00;0.00;0.00;601.00;0.00;0.00;0.00;0.00;0.00;0.00;1759.34;2014.67;2120.00;2072.33;2037.00;3125.00;3846.00;3310.67;2503.34;2001.00;1936.34;1664.01;1691.00;1208.67;1224.67;4056.33;1052.33;854.67;384.67;807.00;534.67;544.66;432.33;224.67
1763511047.2152283;0.00;194.00;0.00;580.33;0.00;0.00;388.00;97.00;0.00;0.00;0.00;0.00;0.00;0.00;0.00;0.00;601.00;0.00;0.00;0.00;0.00;0.00;0.00;1759.34;2014.67;2120.00;2072.33;2037.00;3125.00;3846.00;3310.67;2503.34;2001.00;1936.34;1664.01;1691.00;1208.67;1224.67;4056.33;1052.33;854.67;384.67;807.00;534.67;544.66;432.33;224.67
1763511047.2506125;0.00;194.00;0.00;580.33;0.00;0.00;485.00;97.00;0.00;0.00;0.00;0.00;0.00;0.00;0.00;0.00;601.00;0.00;0.00;0.00;0.00;0.00;0.00;1759.34;2014.67;2120.00;2072.33;2037.00;3237.33;3958.33;3733.00;2503.34;2001.00;1936.34;1664.01;1851.00;1208.67;1679.34;4356.33;1052.33;854.67;384.67;919.33;534.67;544.66;432.33;224.67
1763511047.2511036;0.00;194.00;0.00;580.33;0.00;0.00;485.00;97.00;0.00;0.00;0.00;0.00;0.00;0.00;0.00;0.00;601.00;0.00;0.00;0.00;0.00;0.00;0.00;1759.34;2014.67;2120.00;2072.33;2037.00;3237.33;3958.33;3733.00;2503.34;2001.00;1936.34;1664.01;1851.00;1208.67;1679.34;4356.33;1052.33;854.67;384.67;919.33;534.67;544.66;432.33;224.67
1763511047.306791;0.00;194.00;0.00;580.33;0.00;0.00;582.00;97.00;0.00;0.00;0.00;0.00;0.00;0.00;0.00;0.00;601.00;0.00;0.00;0.00;0.00;0.00;0.00;1759.34;2014.67;2120.00;2072.33;2037.00;3237.33;4118.33;3830.00;2503.34;2001.00;1936.34;1664.01;2011.00;1208.67;1679.34;4656.33;1052.33;854.67;384.67;919.33;534.67;544.66;432.33;224.67
1763511047.3076475;0.00;194.00;0.00;580.33;0.00;0.00;582.00;97.00;0.00;0.00;0.00;0.00;0.00;0.00;0.00;0.00;601.00;0.00;0.00;0.00;0.00;0.00;0.00;1759.34;2014.67;2120.00;2072.33;2037.00;3237.33;4118.33;3830.00;2503.34;2001.00;1936.34;1664.01;2011.00;1208.67;1679.34;4656.33;1052.33;854.67;384.67;919.33;534.67;544.66;432.33;224.67
1763511050.5904727;0.00;194.00;0.00;386.33;0.00;0.00;679.00;97.00;0.00;0.00;0.00;0.00;0.00;0.00;0.00;0.00;601.00;0.00;0.00;0.00;0.00;0.00;0.00;1384.67;1640.00;1640.00;1592.33;1332.33;2532.66;3673.66;3482.33;2128.67;1674.00;1609.34;1289.34;2011.00;1096.34;1679.34;4356.33;732.33;630.00;384.67;919.33;0.00;544.66;320.00;224.67
1763511050.591564;0.00;194.00;0.00;386.33;0.00;0.00;679.00;97.00;0.00;0.00;0.00;0.00;0.00;0.00;0.00;0.00;601.00;0.00;0.00;0.00;0.00;0.00;0.00;1384.67;1640.00;1640.00;1592.33;1332.33;2532.66;3673.66;3482.33;2128.67;1674.00;1609.34;1289.34;2011.00;1096.34;1679.34;4356.33;732.33;630.00;384.67;919.33;0.00;544.66;320.00;224.67
1763511050.6529288;0.00;194.00;0.00;386.33;0.00;0.00;776.00;97.00;0.00;0.00;0.00;0.00;0.00;0.00;0.00;0.00;601.00;0.00;0.00;0.00;0.00;0.00;0.00;1384.67;1640.00;1640.00;1592.33;1332.33;2532.66;3673.66;3579.33;2128.67;1674.00;1609.34;1289.34;2011.00;1096.34;1679.34;4656.33;732.33;630.00;384.67;919.33;0.00;544.66;320.00;224.67
1763511050.6536143;0.00;194.00;0.00;386.33;0.00;0.00;776.00;97.00;0.00;0.00;0.00;0.00;0.00;0.00;0.00;0.00;601.00;0.00;0.00;0.00;0.00;0.00;0.00;1384.67;1640.00;1640.00;1592.33;1332.33;2532.66;3673.66;3579.33;2128.67;1674.00;1609.34;1289.34;2011.00;1096.34;1679.34;4656.33;732.33;630.00;384.67;919.33;0.00;544.66;320.00;224.67
1763511068.1101522;0.00;194.00;0.00;386.33;0.00;0.00;776.00;97.00;0.00;0.00;0.00;0.00;0.00;0.00;0.00;97.00;601.00;0.00;0.00;0.00;0.00;0.00;0.00;1384.67;1640.00;1640.00;1592.33;1332.33;2629.66;3770.66;3809.33;2358.67;1674.00;1609.34;1289.34;2011.00;1326.34;1679.34;4956.33;732.33;630.00;384.67;919.33;0.00;544.66;320.00;224.67
1763511068.1109962;0.00;194.00;0.00;386.33;0.00;0.00;776.00;97.00;0.00;0.00;0.00;0.00;0.00;0.00;0.00;97.00;601.00;0.00;0.00;0.00;0.00;0.00;0.00;1384.67;1640.00;1640.00;1592.33;1332.33;2629.66;3770.66;3809.33;2358.67;1674.00;1609.34;1289.34;2011.00;1326.34;1679.34;4956.33;732.33;630.00;384.67;919.33;0.00;544.66;320.00;224.67
1763511068.1550436;0.00;194.00;0.00;386.33;0.00;0.00;776.00;97.00;0.00;0.00;0.00;0.00;0.00;0.00;0.00;194.00;601.00;0.00;0.00;0.00;0.00;0.00;0.00;1384.67;1640.00;1640.00;1592.33;1652.33;3046.66;4235.33;4574.00;3123.34;1674.00;1609.34;1289.34;2011.00;2091.01;1679.34;5256.33;732.33;950.00;384.67;919.33;0.00;544.66;320.00;224.67
1763511068.1555264;0.00;194.00;0.00;386.33;0.00;0.00;776.00;97.00;0.00;0.00;0.00;0.00;0.00;0.00;0.00;194.00;601.00;0.00;0.00;0.00;0.00;0.00;0.00;1384.67;1640.00;1640.00;1592.33;1652.33;3046.66;4235.33;4574.00;3123.34;1674.00;1609.34;1289.34;2011.00;2091.01;1679.34;5256.33;732.33;950.00;384.67;919.33;0.00;544.66;320.00;224.67
1763511068.2025561;0.00;194.00;0.00;386.33;0.00;0.00;776.00;97.00;0.00;0.00;0.00;0.00;0.00;0.00;0.00;386.33;601.00;0.00;0.00;0.00;0.00;0.00;0.00;1384.67;1640.00;1640.00;1912.33;1972.33;3238.99;4647.66;4686.33;3235.67;1674.00;1609.34;1289.34;2011.00;2203.34;1679.34;5556.33;1052.33;950.00;384.67;919.33;0.00;544.66;320.00;224.67
1763511068.2034073;0.00;194.00;0.00;386.33;0.00;0.00;776.00;97.00;0.00;0.00;0.00;0.00;0.00;0.00;0.00;386.33;601.00;0.00;0.00;0.00;0.00;0.00;0.00;1384.67;1640.00;1640.00;1912.33;1972.33;3238.99;4647.66;4686.33;3235.67;1674.00;1609.34;1289.34;2011.00;2203.34;1679.34;5556.33;1052.33;950.00;384.67;919.33;0.00;544.66;320.00;224.67
1763511068.262715;0.00;194.00;0.00;386.33;0.00;0.00;776.00;97.00;0.00;0.00;0.00;0.00;0.00;0.00;0.00;483.33;601.00;0.00;0.00;0.00;0.00;0.00;0.00;2004.67;1940.00;1940.00;2212.33;2272.33;3635.99;4894.66;4943.33;3492.67;2096.33;2031.67;1599.34;2161.00;2658.01;1679.34;5706.33;1052.33;950.00;704.67;919.33;0.00;544.66;320.00;534.67
1763511068.2635365;0.00;194.00;0.00;386.33;0.00;0.00;776.00;97.00;0.00;0.00;0.00;0.00;0.00;0.00;0.00;483.33;601.00;0.00;0.00;0.00;0.00;0.00;0.00;2004.67;1940.00;1940.00;2212.33;2272.33;3635.99;4894.66;4943.33;3492.67;2096.33;2031.67;1599.34;2161.00;2658.01;1679.34;5706.33;1052.33;950.00;704.67;919.33;0.00;544.66;320.00;534.67
1763511068.317493;0.00;194.00;0.00;386.33;0.00;0.00;776.00;97.00;0.00;0.00;0.00;0.00;0.00;0.00;0.00;483.33;601.00;0.00;0.00;0.00;0.00;0.00;0.00;2004.67;1940.00;1940.00;2212.33;2272.33;3635.99;4894.66;4943.33;3492.67;2096.33;2031.67;1599.34;2161.00;2658.01;1679.34;5706.33;1052.33;950.00;704.67;919.33;0.00;544.66;320.00;534.67
1763511068.3183572;0.00;194.00;0.00;386.33;0.00;0.00;776.00;97.00;0.00;0.00;0.00;0.00;0.00;0.00;0.00;483.33;601.00;0.00;0.00;0.00;0.00;0.00;0.00;2004.67;1940.00;1940.00;2212.33;2272.33;3635.99;4894.66;4943.33;3492.67;2096.33;2031.67;1599.34;2161.00;2658.01;1679.34;5706.33;1052.33;950.00;704.67;919.33;0.00;544.66;320.00;534.67
1763511068.3813245;0.00;194.00;0.00;386.33;0.00;0.00;776.00;97.00;0.00;0.00;0.00;0.00;0.00;0.00;0.00;483.33;601.00;0.00;0.00;0.00;0.00;0.00;0.00;2004.67;1940.00;1940.00;2212.33;2272.33;3635.99;4894.66;4943.33;3492.67;2096.33;2031.67;1599.34;2161.00;2658.01;1679.34;5706.33;1052.33;950.00;704.67;919.33;0.00;544.66;320.00;534.67
1763511068.38223;0.00;194.00;0.00;386.33;0.00;0.00;776.00;97.00;0.00;0.00;0.00;0.00;0.00;0.00;0.00;483.33;601.00;0.00;0.00;0.00;0.00;0.00;0.00;2004.67;1940.00;1940.00;2212.33;2272.33;3635.99;4894.66;4943.33;3492.67;2096.33;2031.67;1599.34;2161.00;2658.01;1679.34;5706.33;1052.33;950.00;704.67;919.33;0.00;544.66;320.00;534.67
1763511080.5788097;0.00;194.00;0.00;386.33;0.00;0.00;776.00;97.00;0.00;0.00;0.00;0.00;0.00;0.00;0.00;580.33;504.00;0.00;0.00;0.00;0.00;0.00;0.00;2324.67;2260.00;1940.00;2212.33;2272.33;3635.99;4574.66;4693.33;3172.67;2416.33;2351.67;1919.34;2161.00;2658.01;1679.34;5706.33;1052.33;950.00;704.67;919.33;320.00;544.66;320.00;534.67
1763511080.5795138;0.00;194.00;0.00;386.33;0.00;0.00;776.00;97.00;0.00;0.00;0.00;0.00;0.00;0.00;0.00;580.33;504.00;0.00;0.00;0.00;0.00;0.00;0.00;2324.67;2260.00;1940.00;2212.33;2272.33;3635.99;4574.66;4693.33;3172.67;2416.33;2351.67;1919.34;2161.00;2658.01;1679.34;5706.33;1052.33;950.00;704.67;919.33;320.00;544.66;320.00;534.67
1763511081.1189945;0.00;194.00;0.00;386.33;0.00;0.00;776.00;97.00;0.00;0.00;0.00;0.00;0.00;0.00;0.00;580.33;504.00;0.00;0.00;0.00;0.00;97.00;0.00;2644.67;2420.00;2100.00;2372.33;2432.33;3795.99;4724.66;4843.33;3252.67;2496.33;2544.00;2144.01;2161.00;2658.01;1679.34;6006.33;1052.33;950.00;864.67;919.33;320.00;656.99;320.00;534.67
1763511081.1198282;0.00;194.00;0.00;386.33;0.00;0.00;776.00;97.00;0.00;0.00;0.00;0.00;0.00;0.00;0.00;580.33;504.00;0.00;0.00;0.00;0.00;97.00;0.00;2644.67;2420.00;2100.00;2372.33;2432.33;3795.99;4724.66;4843.33;3252.67;2496.33;2544.00;2144.01;2161.00;2658.01;1679.34;6006.33;1052.33;950.00;864.67;919.33;320.00;656.99;320.00;534.67
1763511081.1724448;0.00;194.00;0.00;386.33;0.00;0.00;776.00;97.00;0.00;0.00;0.00;0.00;0.00;0.00;0.00;580.33;504.00;0.00;0.00;0.00;0.00;504.00;0.00;3131.67;2907.00;2474.67;2747.00;2902.33;4265.99;4874.66;4993.33;3332.67;2576.33;2624.00;2631.01;2161.00;2658.01;1679.34;6306.33;1052.33;1174.67;864.67;919.33;432.33;656.99;320.00;534.67
1763511081.1733017;0.00;194.00;0.00;386.33;0.00;0.00;776.00;97.00;0.00;0.00;0.00;0.00;0.00;0.00;0.00;580.33;504.00;0.00;0.00;0.00;0.00;504.00;0.00;3131.67;2907.00;2474.67;2747.00;2902.33;4265.99;4874.66;4993.33;3332.67;2576.33;2624.00;2631.01;2161.00;2658.01;1679.34;6306.33;1052.33;1174.67;864.67;919.33;432.33;656.99;320.00;534.67
1763511081.2401395;0.00;194.00;0.00;386.33;0.00;0.00;776.00;97.00;0.00;0.00;0.00;0.00;0.00;0.00;0.00;580.33;504.00;0.00;0.00;0.00;0.00;504.00;0.00;3131.67;2907.00;2474.67;2747.00;2902.33;4265.99;4874.66;4993.33;3332.67;2576.33;2624.00;2631.01;2161.00;2658.01;1679.34;6306.33;1052.33;1174.67;864.67;919.33;432.33;656.99;320.00;534.67
1763511081.240994;0.00;194.00;0.00;386.33;0.00;0.00;776.00;97.00;0.00;0.00;0.00;0.00;0.00;0.00;0.00;580.33;504.00;0.00;0.00;0.00;0.00;504.00;0.00;3131.67;2907.00;2474.67;2747.00;2902.33;4265.99;4874.66;4993.33;3332.67;2576.33;2624.00;2631.01;2161.00;2658.01;1679.34;6306.33;1052.33;1174.67;864.67;919.33;432.33;656.99;320.00;534.67
1763511081.3069835;0.00;194.00;0.00;386.33;0.00;0.00;776.00;97.00;0.00;0.00;0.00;0.00;0.00;0.00;0.00;580.33;504.00;0.00;0.00;0.00;0.00;504.00;0.00;3131.67;2907.00;2474.67;2747.00;2902.33;4265.99;4874.66;4993.33;3332.67;2576.33;2624.00;2631.01;2161.00;2658.01;1679.34;6306.33;1052.33;1174.67;864.67;919.33;432.33;656.99;320.00;534.67
1763511081.3078609;0.00;194.00;0.00;386.33;0.00;0.00;776.00;97.00;0.00;0.00;0.00;0.00;0.00;0.00;0.00;580.33;504.00;0.00;0.00;0.00;0.00;504.00;0.00;3131.67;2907.00;2474.67;2747.00;2902.33;4265.99;4874.66;4993.33;3332.67;2576.33;2624.00;2631.01;2161.00;2658.01;1679.34;6306.33;1052.33;1174.67;864.67;919.33;432.33;656.99;320.00;534.67
1763511081.3663006;0.00;194.00;0.00;386.33;0.00;0.00;776.00;97.00;0.00;0.00;0.00;0.00;0.00;0.00;0.00;580.33;504.00;0.00;0.00;0.00;0.00;504.00;0.00;3131.67;2907.00;2474.67;2747.00;2902.33;4265.99;4874.66;4993.33;3332.67;2576.33;2624.00;2631.01;2161.00;2658.01;1679.34;6306.33;1052.33;1174.67;864.67;919.33;432.33;656.99;320.00;534.67
1763511081.367211;0.00;194.00;0.00;386.33;0.00;0.00;776.00;97.00;0.00;0.00;0.00;0.00;0.00;0.00;0.00;580.33;504.00;0.00;0.00;0.00;0.00;504.00;0.00;3131.67;2907.00;2474.67;2747.00;2902.33;4265.99;4874.66;4993.33;3332.67;2576.33;2624.00;2631.01;2161.00;2658.01;1679.34;6306.33;1052.33;1174.67;864.67;919.33;432.33;656.99;320.00;534.67
1763511081.427404;0.00;194.00;0.00;386.33;0.00;0.00;776.00;97.00;0.00;0.00;0.00;0.00;0.00;0.00;0.00;580.33;504.00;0.00;0.00;0.00;0.00;504.00;0.00;3131.67;2907.00;2474.67;2747.00;2902.33;4265.99;4874.66;4993.33;3332.67;2576.33;2624.00;2631.01;2161.00;2658.01;1679.34;6306.33;1052.33;1174.67;864.67;919.33;432.33;656.99;320.00;534.67
1763511081.4282818;0.00;194.00;0.00;386.33;0.00;0.00;776.00;97.00;0.00;0.00;0.00;0.00;0.00;0.00;0.00;580.33;504.00;0.00;0.00;0.00;0.00;504.00;0.00;3131.67;2907.00;2474.67;2747.00;2902.33;4265.99;4874.66;4993.33;3332.67;2576.33;2624.00;2631.01;2161.00;2658.01;1679.34;6306.33;1052.33;1174.67;864.67;919.33;432.33;656.99;320.00;534.67
1763511085.6194477;0.00;97.00;0.00;192.33;0.00;0.00;776.00;0.00;0.00;0.00;0.00;0.00;0.00;0.00;0.00;580.33;97.00;0.00;0.00;0.00;97.00;504.00;0.00;1907.00;1427.00;994.67;1314.67;1720.00;2771.99;4317.66;4499.33;2155.67;1494.66;1494.66;1501.67;2001.00;2433.34;1519.34;5684.00;320.00;854.67;480.00;694.66;432.33;544.66;320.00;310.00
1763511085.6205668;0.00;97.00;0.00;192.33;0.00;0.00;776.00;0.00;0.00;0.00;0.00;0.00;0.00;0.00;0.00;580.33;97.00;0.00;0.00;0.00;97.00;504.00;0.00;1907.00;1427.00;994.67;1314.67;1720.00;2771.99;4317.66;4499.33;2155.67;1494.66;1494.66;1501.67;2001.00;2433.34;1519.34;5684.00;320.00;854.67;480.00;694.66;432.33;544.66;320.00;310.00
1763511085.6921859;0.00;97.00;0.00;192.33;0.00;0.00;873.00;0.00;0.00;0.00;0.00;0.00;0.00;0.00;0.00;580.33;97.00;0.00;0.00;0.00;97.00;504.00;0.00;2067.00;1587.00;1154.67;1474.67;1870.00;2921.99;4692.33;4986.33;2315.67;1654.66;1654.66;1661.67;2225.67;2753.34;1519.34;6096.33;320.00;1164.67;480.00;694.66;432.33;544.66;320.00;310.00
1763511085.6932878;0.00;97.00;0.00;192.33;0.00;0.00;873.00;0.00;0.00;0.00;0.00;0.00;0.00;0.00;0.00;580.33;97.00;0.00;0.00;0.00;97.00;504.00;0.00;2067.00;1587.00;1154.67;1474.67;1870.00;2921.99;4692.33;4986.33;2315.67;1654.66;1654.66;1661.67;2225.67;2753.34;1519.34;6096.33;320.00;1164.67;480.00;694.66;432.33;544.66;320.00;310.00
1763511085.7688038;0.00;97.00;0.00;192.33;0.00;0.00;873.00;0.00;0.00;0.00;0.00;0.00;0.00;0.00;0.00;580.33;97.00;0.00;0.00;0.00;97.00;504.00;0.00;2067.00;1587.00;1154.67;1474.67;1870.00;2921.99;4692.33;4986.33;2315.67;1654.66;1654.66;1661.67;2225.67;2753.34;1519.34;6096.33;320.00;1164.67;480.00;694.66;432.33;544.66;320.00;310.00
1763511085.76993;0.00;97.00;0.00;192.33;0.00;0.00;873.00;0.00;0.00;0.00;0.00;0.00;0.00;0.00;0.00;580.33;97.00;0.00;0.00;0.00;97.00;504.00;0.00;2067.00;1587.00;1154.67;1474.67;1870.00;2921.99;4692.33;4986.33;2315.67;1654.66;1654.66;1661.67;2225.67;2753.34;1519.34;6096.33;320.00;1164.67;480.00;694.66;432.33;544.66;320.00;310.00
1763511085.8374505;0.00;97.00;0.00;192.33;0.00;97.00;873.00;0.00;0.00;0.00;0.00;0.00;0.00;0.00;0.00;580.33;97.00;0.00;0.00;0.00;97.00;504.00;0.00;2164.00;2004.00;1337.00;1657.00;2052.33;3334.32;4992.33;4986.33;2412.67;1751.66;1751.66;1758.67;2338.00;2753.34;1519.34;6396.33;320.00;1164.67;800.00;854.66;657.00;544.66;320.00;310.00
1763511085.8382812;0.00;97.00;0.00;192.33;0.00;97.00;873.00;0.00;0.00;0.00;0.00;0.00;0.00;0.00;0.00;580.33;97.00;0.00;0.00;0.00;97.00;504.00;0.00;2164.00;2004.00;1337.00;1657.00;2052.33;3334.32;4992.33;4986.33;2412.67;1751.66;1751.66;1758.67;2338.00;2753.34;1519.34;6396.33;320.00;1164.67;800.00;854.66;657.00;544.66;320.00;310.00
1763511085.8929346;0.00;97.00;0.00;192.33;0.00;97.00;873.00;0.00;0.00;0.00;0.00;0.00;0.00;0.00;0.00;580.33;97.00;0.00;0.00;0.00;97.00;504.00;0.00;2164.00;2004.00;1337.00;1657.00;2052.33;3334.32;4992.33;4986.33;2412.67;1751.66;1751.66;1758.67;2338.00;2753.34;1519.34;6396.33;320.00;1164.67;800.00;854.66;657.00;544.66;320.00;310.00
1763511085.8937929;0.00;97.00;0.00;192.33;0.00;97.00;873.00;0.00;0.00;0.00;0.00;0.00;0.00;0.00;0.00;580.33;97.00;0.00;0.00;0.00;97.00;504.00;0.00;2164.00;2004.00;1337.00;1657.00;2052.33;3334.32;4992.33;4986.33;2412.67;1751.66;1751.66;1758.67;2338.00;2753.34;1519.34;6396.33;320.00;1164.67;800.00;854.66;657.00;544.66;320.00;310.00
1763511097.1321435;0.00;0.00;0.00;192.33;0.00;0.00;873.00;0.00;0.00;0.00;0.00;97.00;0.00;0.00;0.00;483.33;0.00;0.00;0.00;0.00;97.00;504.00;0.00;1587.00;1107.00;994.67;1411.67;1817.00;2674.99;4445.33;4427.66;1924.00;1174.66;1174.66;1181.67;2225.67;1881.67;1519.34;5496.33;320.00;854.67;480.00;694.66;112.33;224.66;320.00;310.00
1763511097.132995;0.00;0.00;0.00;192.33;0.00;0.00;873.00;0.00;0.00;0.00;0.00;97.00;0.00;0.00;0.00;483.33;0.00;0.00;0.00;0.00;97.00;504.00;0.00;1587.00;1107.00;994.67;1411.67;1817.00;2674.99;4445.33;4427.66;1924.00;1174.66;1174.66;1181.67;2225.67;1881.67;1519.34;5496.33;320.00;854.67;480.00;694.66;112.33;224.66;320.00;310.00
1763511097.190915;0.00;0.00;0.00;192.33;0.00;0.00;873.00;0.00;0.00;0.00;0.00;194.00;0.00;0.00;0.00;483.33;0.00;0.00;0.00;0.00;97.00;504.00;0.00;1587.00;1107.00;994.67;1508.67;2224.00;3177.32;4995.33;4427.66;1924.00;1174.66;1174.66;1181.67;2338.00;1881.67;1519.34;5956.33;320.00;1164.67;480.00;919.33;112.33;224.66;320.00;310.00
1763511097.1917744;0.00;0.00;0.00;192.33;0.00;0.00;873.00;0.00;0.00;0.00;0.00;194.00;0.00;0.00;0.00;483.33;0.00;0.00;0.00;0.00;97.00;504.00;0.00;1587.00;1107.00;994.67;1508.67;2224.00;3177.32;4995.33;4427.66;1924.00;1174.66;1174.66;1181.67;2338.00;1881.67;1519.34;5956.33;320.00;1164.67;480.00;919.33;112.33;224.66;320.00;310.00
1763511097.234515;0.00;0.00;0.00;192.33;0.00;0.00;873.00;0.00;0.00;0.00;0.00;291.00;0.00;0.00;0.00;483.33;0.00;0.00;0.00;0.00;97.00;504.00;0.00;1834.00;1354.00;1241.67;1658.67;2374.00;3327.32;4995.33;4737.66;2304.00;1516.99;1421.66;1428.67;2488.00;2304.00;1519.34;6266.33;320.00;1164.67;480.00;919.33;112.33;224.66;320.00;310.00
1763511097.2350314;0.00;0.00;0.00;192.33;0.00;0.00;873.00;0.00;0.00;0.00;0.00;291.00;0.00;0.00;0.00;483.33;0.00;0.00;0.00;0.00;97.00;504.00;0.00;1834.00;1354.00;1241.67;1658.67;2374.00;3327.32;4995.33;4737.66;2304.00;1516.99;1421.66;1428.67;2488.00;2304.00;1519.34;6266.33;320.00;1164.67;480.00;919.33;112.33;224.66;320.00;310.00
1763511097.2986782;0.00;0.00;0.00;192.33;0.00;0.00;873.00;0.00;0.00;0.00;0.00;291.00;0.00;0.00;0.00;483.33;0.00;0.00;0.00;0.00;97.00;504.00;0.00;1834.00;1354.00;1241.67;1658.67;2374.00;3327.32;4995.33;4737.66;2304.00;1516.99;1421.66;1428.67;2488.00;2304.00;1519.34;6266.33;320.00;1164.67;480.00;919.33;112.33;224.66;320.00;310.00
1763511097.2995448;0.00;0.00;0.00;192.33;0.00;0.00;873.00;0.00;0.00;0.00;0.00;291.00;0.00;0.00;0.00;483.33;0.00;0.00;0.00;0.00;97.00;504.00;0.00;1834.00;1354.00;1241.67;1658.67;2374.00;3327.32;4995.33;4737.66;2304.00;1516.99;1421.66;1428.67;2488.00;2304.00;1519.34;6266.33;320.00;1164.67;480.00;919.33;112.33;224.66;320.00;310.00
1763511097.3623207;0.00;0.00;0.00;192.33;0.00;0.00;873.00;0.00;0.00;0.00;0.00;291.00;0.00;0.00;0.00;483.33;0.00;0.00;0.00;0.00;97.00;504.00;0.00;1834.00;1354.00;1241.67;1658.67;2374.00;3327.32;4995.33;4737.66;2304.00;1516.99;1421.66;1428.67;2488.00;2304.00;1519.34;6266.33;320.00;1164.67;480.00;919.33;112.33;224.66;320.00;310.00
1763511097.3632195;0.00;0.00;0.00;192.33;0.00;0.00;873.00;0.00;0.00;0.00;0.00;291.00;0.00;0.00;0.00;483.33;0.00;0.00;0.00;0.00;97.00;504.00;0.00;1834.00;1354.00;1241.67;1658.67;2374.00;3327.32;4995.33;4737.66;2304.00;1516.99;1421.66;1428.67;2488.00;2304.00;1519.34;6266.33;320.00;1164.67;480.00;919.33;112.33;224.66;320.00;310.00
1763511097.4245777;0.00;0.00;0.00;192.33;0.00;0.00;873.00;0.00;0.00;0.00;0.00;291.00;0.00;0.00;0.00;483.33;0.00;0.00;0.00;0.00;97.00;504.00;0.00;1834.00;1354.00;1241.67;1658.67;2374.00;3327.32;4995.33;4737.66;2304.00;1516.99;1421.66;1428.67;2488.00;2304.00;1519.34;6266.33;320.00;1164.67;480.00;919.33;112.33;224.66;320.00;310.00
1763511097.4254656;0.00;0.00;0.00;192.33;0.00;0.00;873.00;0.00;0.00;0.00;0.00;291.00;0.00;0.00;0.00;483.33;0.00;0.00;0.00;0.00;97.00;504.00;0.00;1834.00;1354.00;1241.67;1658.67;2374.00;3327.32;4995.33;4737.66;2304.00;1516.99;1421.66;1428.67;2488.00;2304.00;1519.34;6266.33;320.00;1164.67;480.00;919.33;112.33;224.66;320.00;310.00
1763511116.1494749;0.00;0.00;0.00;0.00;0.00;0.00;582.00;0.00;0.00;0.00;0.00;291.00;0.00;0.00;0.00;483.33;0.00;0.00;97.00;0.00;97.00;504.00;0.00;1674.00;1194.00;1081.67;1498.67;2224.00;3177.32;4305.33;3913.66;2001.00;1021.66;941.66;1268.67;2488.00;1984.00;1519.34;5366.33;320.00;854.67;480.00;919.33;112.33;112.33;0.00;310.00
1763511116.1503816;0.00;0.00;0.00;0.00;0.00;0.00;582.00;0.00;0.00;0.00;0.00;291.00;0.00;0.00;0.00;483.33;0.00;0.00;97.00;0.00;97.00;504.00;0.00;1674.00;1194.00;1081.67;1498.67;2224.00;3177.32;4305.33;3913.66;2001.00;1021.66;941.66;1268.67;2488.00;1984.00;1519.34;5366.33;320.00;854.67;480.00;919.33;112.33;112.33;0.00;310.00
1763511116.2054508;0.00;0.00;0.00;0.00;0.00;0.00;582.00;0.00;0.00;0.00;0.00;291.00;0.00;0.00;0.00;483.33;0.00;0.00;194.00;0.00;97.00;504.00;0.00;1674.00;1194.00;1081.67;1498.67;2224.00;3177.32;4305.33;4010.66;2098.00;1118.66;941.66;1268.67;2488.00;1984.00;1519.34;5826.33;320.00;854.67;480.00;919.33;112.33;112.33;0.00;310.00
1763511116.205968;0.00;0.00;0.00;0.00;0.00;0.00;582.00;0.00;0.00;0.00;0.00;291.00;0.00;0.00;0.00;483.33;0.00;0.00;194.00;0.00;97.00;504.00;0.00;1674.00;1194.00;1081.67;1498.67;2224.00;3177.32;4305.33;4010.66;2098.00;1118.66;941.66;1268.67;2488.00;1984.00;1519.34;5826.33;320.00;854.67;480.00;919.33;112.33;112.33;0.00;310.00
1763511116.2505987;0.00;0.00;0.00;0.00;0.00;0.00;582.00;0.00;0.00;0.00;0.00;291.00;0.00;0.00;0.00;483.33;0.00;0.00;291.00;0.00;97.00;504.00;0.00;1674.00;1194.00;1081.67;1498.67;2224.00;3177.32;4615.33;4427.66;2515.00;1215.66;941.66;1268.67;2488.00;2304.00;1519.34;6286.33;320.00;854.67;480.00;919.33;112.33;112.33;0.00;310.00
1763511116.2510889;0.00;0.00;0.00;0.00;0.00;0.00;582.00;0.00;0.00;0.00;0.00;291.00;0.00;0.00;0.00;483.33;0.00;0.00;291.00;0.00;97.00;504.00;0.00;1674.00;1194.00;1081.67;1498.67;2224.00;3177.32;4615.33;4427.66;2515.00;1215.66;941.66;1268.67;2488.00;2304.00;1519.34;6286.33;320.00;854.67;480.00;919.33;112.33;112.33;0.00;310.00
1763511116.2867324;0.00;0.00;0.00;0.00;0.00;0.00;582.00;0.00;0.00;0.00;0.00;291.00;0.00;0.00;0.00;483.33;0.00;0.00;388.00;0.00;97.00;504.00;0.00;1824.00;1344.00;1231.67;1648.67;2694.00;3647.32;4910.00;4674.66;2762.00;1462.66;1091.66;1418.67;2488.00;2304.00;1519.34;6746.33;320.00;1174.67;480.00;919.33;112.33;112.33;0.00;310.00
1763511116.2872698;0.00;0.00;0.00;0.00;0.00;0.00;582.00;0.00;0.00;0.00;0.00;291.00;0.00;0.00;0.00;483.33;0.00;0.00;388.00;0.00;97.00;504.00;0.00;1824.00;1344.00;1231.67;1648.67;2694.00;3647.32;4910.00;4674.66;2762.00;1462.66;1091.66;1418.67;2488.00;2304.00;1519.34;6746.33;320.00;1174.67;480.00;919.33;112.33;112.33;0.00;310.00
1763511116.3207562;0.00;0.00;0.00;0.00;0.00;0.00;582.00;0.00;0.00;0.00;0.00;291.00;0.00;0.00;0.00;483.33;0.00;0.00;485.00;0.00;97.00;504.00;0.00;2284.00;1804.00;1381.67;1798.67;2844.00;3797.32;4990.00;4856.99;2944.33;1869.66;1401.66;1878.67;2488.00;2528.67;1519.34;7056.33;320.00;1174.67;480.00;919.33;422.33;112.33;150.00;310.00
1763511116.3212507;0.00;0.00;0.00;0.00;0.00;0.00;582.00;0.00;0.00;0.00;0.00;291.00;0.00;0.00;0.00;483.33;0.00;0.00;485.00;0.00;97.00;504.00;0.00;2284.00;1804.00;1381.67;1798.67;2844.00;3797.32;4990.00;4856.99;2944.33;1869.66;1401.66;1878.67;2488.00;2528.67;1519.34;7056.33;320.00;1174.67;480.00;919.33;422.33;112.33;150.00;310.00
1763511116.3614473;0.00;0.00;0.00;0.00;0.00;0.00;582.00;0.00;0.00;0.00;0.00;291.00;0.00;0.00;0.00;483.33;0.00;0.00;485.00;0.00;97.00;504.00;0.00;2284.00;1804.00;1381.67;1798.67;2844.00;3797.32;4990.00;4856.99;2944.33;1869.66;1401.66;1878.67;2488.00;2528.67;1519.34;7056.33;320.00;1174.67;480.00;919.33;422.33;112.33;150.00;310.00
1763511116.3620179;0.00;0.00;0.00;0.00;0.00;0.00;582.00;0.00;0.00;0.00;0.00;291.00;0.00;0.00;0.00;483.33;0.00;0.00;485.00;0.00;97.00;504.00;0.00;2284.00;1804.00;1381.67;1798.67;2844.00;3797.32;4990.00;4856.99;2944.33;1869.66;1401.66;1878.67;2488.00;2528.67;1519.34;7056.33;320.00;1174.67;480.00;919.33;422.33;112.33;150.00;310.00
1763511130.6572237;0.00;0.00;0.00;0.00;0.00;0.00;582.00;0.00;0.00;0.00;0.00;291.00;0.00;0.00;0.00;291.00;97.00;0.00;485.00;0.00;97.00;504.00;0.00;2524.00;1996.33;1574.00;1671.00;2716.33;3829.66;4807.67;4974.66;3062.00;2099.66;1641.66;2118.67;2488.00;2576.34;1519.34;7056.33;320.00;1174.67;592.33;919.33;422.33;422.33;150.00;310.00
1763511130.6583405;0.00;0.00;0.00;0.00;0.00;0.00;582.00;0.00;0.00;0.00;0.00;291.00;0.00;0.00;0.00;291.00;97.00;0.00;485.00;0.00;97.00;504.00;0.00;2524.00;1996.33;1574.00;1671.00;2716.33;3829.66;4807.67;4974.66;3062.00;2099.66;1641.66;2118.67;2488.00;2576.34;1519.34;7056.33;320.00;1174.67;592.33;919.33;422.33;422.33;150.00;310.00
1763511140.2695098;0.00;0.00;0.00;0.00;0.00;0.00;582.00;0.00;0.00;0.00;97.00;291.00;0.00;0.00;0.00;291.00;97.00;0.00;485.00;0.00;0.00;504.00;0.00;2524.00;1996.33;1574.00;1768.00;2813.33;3926.66;4807.67;4974.66;3062.00;2099.66;1641.66;2118.67;2488.00;2576.34;1519.34;7056.33;320.00;1174.67;592.33;919.33;422.33;422.33;150.00;310.00
1763511140.2700105;0.00;0.00;0.00;0.00;0.00;0.00;582.00;0.00;0.00;0.00;97.00;291.00;0.00;0.00;0.00;291.00;97.00;0.00;485.00;0.00;0.00;504.00;0.00;2524.00;1996.33;1574.00;1768.00;2813.33;3926.66;4807.67;4974.66;3062.00;2099.66;1641.66;2118.67;2488.00;2576.34;1519.34;7056.33;320.00;1174.67;592.33;919.33;422.33;422.33;150.00;310.00
1763511140.3288348;0.00;0.00;0.00;0.00;0.00;0.00;582.00;0.00;0.00;0.00;97.00;291.00;0.00;0.00;0.00;291.00;97.00;0.00;485.00;0.00;0.00;504.00;0.00;2524.00;1996.33;1574.00;1768.00;2813.33;3926.66;4807.67;4974.66;3062.00;2099.66;1641.66;2118.67;2488.00;2576.34;1519.34;7056.33;320.00;1174.67;592.33;919.33;422.33;422.33;150.00;310.00
1763511140.329723;0.00;0.00;0.00;0.00;0.00;0.00;582.00;0.00;0.00;0.00;97.00;291.00;0.00;0.00;0.00;291.00;97.00;0.00;485.00;0.00;0.00;504.00;0.00;2524.00;1996.33;1574.00;1768.00;2813.33;3926.66;4807.67;4974.66;3062.00;2099.66;1641.66;2118.67;2488.00;2576.34;1519.34;7056.33;320.00;1174.67;592.33;919.33;422.33;422.33;150.00;310.00
1763511140.3960683;0.00;0.00;0.00;0.00;0.00;0.00;582.00;0.00;0.00;0.00;97.00;291.00;0.00;0.00;0.00;291.00;97.00;0.00;485.00;0.00;0.00;504.00;0.00;2524.00;1996.33;1574.00;1768.00;2813.33;3926.66;4807.67;4974.66;3062.00;2099.66;1641.66;2118.67;2488.00;2576.34;1519.34;7056.33;320.00;1174.67;592.33;919.33;422.33;422.33;150.00;310.00
1763511140.3969696;0.00;0.00;0.00;0.00;0.00;0.00;582.00;0.00;0.00;0.00;97.00;291.00;0.00;0.00;0.00;291.00;97.00;0.00;485.00;0.00;0.00;504.00;0.00;2524.00;1996.33;1574.00;1768.00;2813.33;3926.66;4807.67;4974.66;3062.00;2099.66;1641.66;2118.67;2488.00;2576.34;1519.34;7056.33;320.00;1174.67;592.33;919.33;422.33;422.33;150.00;310.00
1763511140.4603245;0.00;0.00;0.00;0.00;0.00;0.00;582.00;0.00;0.00;0.00;97.00;291.00;0.00;0.00;0.00;291.00;97.00;0.00;485.00;0.00;0.00;504.00;0.00;2524.00;1996.33;1574.00;1768.00;2813.33;3926.66;4807.67;4974.66;3062.00;2099.66;1641.66;2118.67;2488.00;2576.34;1519.34;7056.33;320.00;1174.67;592.33;919.33;422.33;422.33;150.00;310.00
1763511140.461217;0.00;0.00;0.00;0.00;0.00;0.00;582.00;0.00;0.00;0.00;97.00;291.00;0.00;0.00;0.00;291.00;97.00;0.00;485.00;0.00;0.00;504.00;0.00;2524.00;1996.33;1574.00;1768.00;2813.33;3926.66;4807.67;4974.66;3062.00;2099.66;1641.66;2118.67;2488.00;2576.34;1519.34;7056.33;320.00;1174.67;592.33;919.33;422.33;422.33;150.00;310.00
1763511140.50905;0.00;0.00;0.00;0.00;0.00;0.00;582.00;0.00;0.00;0.00;97.00;291.00;0.00;0.00;0.00;291.00;97.00;0.00;485.00;0.00;0.00;504.00;0.00;2524.00;1996.33;1574.00;1768.00;2813.33;3926.66;4807.67;4974.66;3062.00;2099.66;1641.66;2118.67;2488.00;2576.34;1519.34;7056.33;320.00;1174.67;592.33;919.33;422.33;422.33;150.00;310.00
1763511140.5095654;0.00;0.00;0.00;0.00;0.00;0.00;582.00;0.00;0.00;0.00;97.00;291.00;0.00;0.00;0.00;291.00;97.00;0.00;485.00;0.00;0.00;504.00;0.00;2524.00;1996.33;1574.00;1768.00;2813.33;3926.66;4807.67;4974.66;3062.00;2099.66;1641.66;2118.67;2488.00;2576.34;1519.34;7056.33;320.00;1174.67;592.33;919.33;422.33;422.33;150.00;310.00
1763511140.570891;0.00;0.00;0.00;0.00;0.00;0.00;582.00;0.00;0.00;0.00;97.00;291.00;0.00;0.00;0.00;291.00;97.00;0.00;485.00;0.00;0.00;504.00;0.00;2524.00;1996.33;1574.00;1768.00;2813.33;3926.66;4807.67;4974.66;3062.00;2099.66;1641.66;2118.67;2488.00;2576.34;1519.34;7056.33;320.00;1174.67;592.33;919.33;422.33;422.33;150.00;310.00
1763511140.571598;0.00;0.00;0.00;0.00;0.00;0.00;582.00;0.00;0.00;0.00;97.00;291.00;0.00;0.00;0.00;291.00;97.00;0.00;485.00;0.00;0.00;504.00;0.00;2524.00;1996.33;1574.00;1768.00;2813.33;3926.66;4807.67;4974.66;3062.00;2099.66;1641.66;2118.67;2488.00;2576.34;1519.34;7056.33;320.00;1174.67;592.33;919.33;422.33;422.33;150.00;310.00
1763511145.673351;0.00;97.00;0.00;0.00;0.00;0.00;485.00;0.00;0.00;0.00;97.00;291.00;0.00;0.00;0.00;291.00;97.00;0.00;485.00;0.00;0.00;504.00;0.00;2738.67;2211.00;1788.67;1982.67;3028.00;4141.33;4823.00;4989.99;3276.67;2314.33;1856.33;2333.34;2258.00;2576.34;1519.34;7056.33;320.00;1174.67;592.33;919.33;422.33;422.33;150.00;310.00
1763511145.6744711;0.00;97.00;0.00;0.00;0.00;0.00;485.00;0.00;0.00;0.00;97.00;291.00;0.00;0.00;0.00;291.00;97.00;0.00;485.00;0.00;0.00;504.00;0.00;2738.67;2211.00;1788.67;1982.67;3028.00;4141.33;4823.00;4989.99;3276.67;2314.33;1856.33;2333.34;2258.00;2576.34;1519.34;7056.33;320.00;1174.67;592.33;919.33;422.33;422.33;150.00;310.00
1763511150.681193;0.00;194.00;0.00;0.00;0.00;0.00;388.00;0.00;0.00;0.00;97.00;291.00;0.00;0.00;0.00;291.00;97.00;0.00;485.00;0.00;0.00;504.00;0.00;3058.67;2531.00;2108.67;2292.67;3338.00;4339.00;4743.00;4909.99;3596.67;2634.33;2176.33;2653.34;2140.33;2576.34;1529.34;7056.33;630.00;1174.67;592.33;807.00;422.33;422.33;150.00;310.00
1763511150.6823485;0.00;194.00;0.00;0.00;0.00;0.00;388.00;0.00;0.00;0.00;97.00;291.00;0.00;0.00;0.00;291.00;97.00;0.00;485.00;0.00;0.00;504.00;0.00;3058.67;2531.00;2108.67;2292.67;3338.00;4339.00;4743.00;4909.99;3596.67;2634.33;2176.33;2653.34;2140.33;2576.34;1529.34;7056.33;630.00;1174.67;592.33;807.00;422.33;422.33;150.00;310.00
1763511155.6714573;0.00;194.00;0.00;0.00;0.00;0.00;291.00;0.00;0.00;0.00;97.00;291.00;0.00;0.00;0.00;97.00;194.00;0.00;485.00;0.00;0.00;504.00;0.00;2438.67;2231.00;1808.67;1992.67;3038.00;3942.00;4312.00;4325.99;3109.67;2212.00;1754.00;2343.34;2000.33;1891.67;1529.34;6606.33;630.00;1174.67;272.33;807.00;422.33;422.33;150.00;0.00
1763511155.6721623;0.00;194.00;0.00;0.00;0.00;0.00;291.00;0.00;0.00;0.00;97.00;291.00;0.00;0.00;0.00;97.00;194.00;0.00;485.00;0.00;0.00;504.00;0.00;2438.67;2231.00;1808.67;1992.67;3038.00;3942.00;4312.00;4325.99;3109.67;2212.00;1754.00;2343.34;2000.33;1891.67;1529.34;6606.33;630.00;1174.67;272.33;807.00;422.33;422.33;150.00;0.00
1763511155.7176914;0.00;194.00;0.00;0.00;0.00;0.00;291.00;0.00;0.00;0.00;97.00;291.00;0.00;0.00;0.00;97.00;194.00;97.00;485.00;0.00;0.00;504.00;0.00;2438.67;2231.00;1905.67;2089.67;3135.00;4269.00;4836.67;4325.99;3109.67;2212.00;1754.00;2343.34;2112.66;1891.67;1529.34;6906.33;630.00;1174.67;272.33;807.00;422.33;422.33;150.00;0.00
1763511155.7183855;0.00;194.00;0.00;0.00;0.00;0.00;291.00;0.00;0.00;0.00;97.00;291.00;0.00;0.00;0.00;97.00;194.00;97.00;485.00;0.00;0.00;504.00;0.00;2438.67;2231.00;1905.67;2089.67;3135.00;4269.00;4836.67;4325.99;3109.67;2212.00;1754.00;2343.34;2112.66;1891.67;1529.34;6906.33;630.00;1174.67;272.33;807.00;422.33;422.33;150.00;0.00
1763511155.7727916;0.00;194.00;0.00;0.00;0.00;97.00;291.00;0.00;0.00;0.00;97.00;291.00;0.00;0.00;0.00;97.00;194.00;97.00;485.00;0.00;0.00;504.00;0.00;2908.67;2381.00;2055.67;2239.67;3285.00;4349.00;4869.00;4658.32;3474.34;2672.00;2214.00;2813.34;2224.99;2116.34;1529.34;7206.33;630.00;1174.67;592.33;807.00;422.33;422.33;460.00;0.00
1763511155.7734532;0.00;194.00;0.00;0.00;0.00;97.00;291.00;0.00;0.00;0.00;97.00;291.00;0.00;0.00;0.00;97.00;194.00;97.00;485.00;0.00;0.00;504.00;0.00;2908.67;2381.00;2055.67;2239.67;3285.00;4349.00;4869.00;4658.32;3474.34;2672.00;2214.00;2813.34;2224.99;2116.34;1529.34;7206.33;630.00;1174.67;592.33;807.00;422.33;422.33;460.00;0.00
1763511160.6759093;0.00;194.00;0.00;0.00;0.00;97.00;194.00;0.00;0.00;0.00;97.00;291.00;0.00;0.00;97.00;0.00;194.00;97.00;485.00;0.00;0.00;504.00;0.00;2908.67;2381.00;2055.67;2239.67;2965.00;4029.00;4436.67;3925.99;3249.67;2672.00;2214.00;2813.34;2224.99;1891.67;1469.34;6906.33;630.00;854.67;592.33;807.00;422.33;422.33;460.00;0.00
1763511160.6766212;0.00;194.00;0.00;0.00;0.00;97.00;194.00;0.00;0.00;0.00;97.00;291.00;0.00;0.00;97.00;0.00;194.00;97.00;485.00;0.00;0.00;504.00;0.00;2908.67;2381.00;2055.67;2239.67;2965.00;4029.00;4436.67;3925.99;3249.67;2672.00;2214.00;2813.34;2224.99;1891.67;1469.34;6906.33;630.00;854.67;592.33;807.00;422.33;422.33;460.00;0.00
1763511160.7272627;0.00;194.00;0.00;0.00;97.00;97.00;194.00;0.00;0.00;0.00;97.00;291.00;0.00;0.00;97.00;0.00;194.00;97.00;485.00;0.00;0.00;504.00;0.00;3068.67;2541.00;2205.67;2389.67;3345.00;4521.33;4929.00;4342.99;3506.67;2832.00;2374.00;2973.34;2224.99;1891.67;1629.34;7206.33;630.00;854.67;592.33;919.33;422.33;422.33;460.00;0.00
1763511160.727948;0.00;194.00;0.00;0.00;97.00;97.00;194.00;0.00;0.00;0.00;97.00;291.00;0.00;0.00;97.00;0.00;194.00;97.00;485.00;0.00;0.00;504.00;0.00;3068.67;2541.00;2205.67;2389.67;3345.00;4521.33;4929.00;4342.99;3506.67;2832.00;2374.00;2973.34;2224.99;1891.67;1629.34;7206.33;630.00;854.67;592.33;919.33;422.33;422.33;460.00;0.00
1763511167.1561062;0.00;194.00;0.00;0.00;97.00;97.00;194.00;0.00;0.00;0.00;97.00;291.00;0.00;0.00;97.00;0.00;194.00;97.00;582.00;0.00;0.00;504.00;0.00;3378.67;2851.00;2515.67;2699.67;3665.00;4841.33;4929.00;4755.32;3919.00;3399.00;2844.00;3443.34;2224.99;2116.34;1629.34;7506.33;630.00;1164.67;592.33;919.33;422.33;422.33;460.00;160.00
1763511167.1566348;0.00;194.00;0.00;0.00;97.00;97.00;194.00;0.00;0.00;0.00;97.00;291.00;0.00;0.00;97.00;0.00;194.00;97.00;582.00;0.00;0.00;504.00;0.00;3378.67;2851.00;2515.67;2699.67;3665.00;4841.33;4929.00;4755.32;3919.00;3399.00;2844.00;3443.34;2224.99;2116.34;1629.34;7506.33;630.00;1164.67;592.33;919.33;422.33;422.33;460.00;160.00
1763511167.1970174;0.00;194.00;0.00;0.00;97.00;97.00;194.00;0.00;0.00;0.00;97.00;291.00;0.00;0.00;97.00;0.00;194.00;97.00;582.00;0.00;0.00;504.00;0.00;3378.67;2851.00;2515.67;2699.67;3665.00;4841.33;4929.00;4755.32;3919.00;3399.00;2844.00;3443.34;2224.99;2116.34;1629.34;7506.33;630.00;1164.67;592.33;919.33;422.33;422.33;460.00;160.00
1763511167.1975439;0.00;194.00;0.00;0.00;97.00;97.00;194.00;0.00;0.00;0.00;97.00;291.00;0.00;0.00;97.00;0.00;194.00;97.00;582.00;0.00;0.00;504.00;0.00;3378.67;2851.00;2515.67;2699.67;3665.00;4841.33;4929.00;4755.32;3919.00;3399.00;2844.00;3443.34;2224.99;2116.34;1629.34;7506.33;630.00;1164.67;592.33;919.33;422.33;422.33;460.00;160.00
1763511167.2345452;0.00;194.00;0.00;0.00;97.00;97.00;194.00;0.00;0.00;0.00;97.00;291.00;0.00;0.00;97.00;0.00;194.00;97.00;582.00;0.00;0.00;504.00;0.00;3378.67;2851.00;2515.67;2699.67;3665.00;4841.33;4929.00;4755.32;3919.00;3399.00;2844.00;3443.34;2224.99;2116.34;1629.34;7506.33;630.00;1164.67;592.33;919.33;422.33;422.33;460.00;160.00
1763511167.2351038;0.00;194.00;0.00;0.00;97.00;97.00;194.00;0.00;0.00;0.00;97.00;291.00;0.00;0.00;97.00;0.00;194.00;97.00;582.00;0.00;0.00;504.00;0.00;3378.67;2851.00;2515.67;2699.67;3665.00;4841.33;4929.00;4755.32;3919.00;3399.00;2844.00;3443.34;2224.99;2116.34;1629.34;7506.33;630.00;1164.67;592.33;919.33;422.33;422.33;460.00;160.00
1763511167.2737346;0.00;194.00;0.00;0.00;97.00;97.00;194.00;0.00;0.00;0.00;97.00;291.00;0.00;0.00;97.00;0.00;194.00;97.00;582.00;0.00;0.00;504.00;0.00;3378.67;2851.00;2515.67;2699.67;3665.00;4841.33;4929.00;4755.32;3919.00;3399.00;2844.00;3443.34;2224.99;2116.34;1629.34;7506.33;630.00;1164.67;592.33;919.33;422.33;422.33;460.00;160.00
1763511167.2742624;0.00;194.00;0.00;0.00;97.00;97.00;194.00;0.00;0.00;0.00;97.00;291.00;0.00;0.00;97.00;0.00;194.00;97.00;582.00;0.00;0.00;504.00;0.00;3378.67;2851.00;2515.67;2699.67;3665.00;4841.33;4929.00;4755.32;3919.00;3399.00;2844.00;3443.34;2224.99;2116.34;1629.34;7506.33;630.00;1164.67;592.33;919.33;422.33;422.33;460.00;160.00
1763511167.3126934;0.00;194.00;0.00;0.00;97.00;97.00;194.00;0.00;0.00;0.00;97.00;291.00;0.00;0.00;97.00;0.00;194.00;97.00;582.00;0.00;0.00;504.00;0.00;3378.67;2851.00;2515.67;2699.67;3665.00;4841.33;4929.00;4755.32;3919.00;3399.00;2844.00;3443.34;2224.99;2116.34;1629.34;7506.33;630.00;1164.67;592.33;919.33;422.33;422.33;460.00;160.00
1763511167.3132303;0.00;194.00;0.00;0.00;97.00;97.00;194.00;0.00;0.00;0.00;97.00;291.00;0.00;0.00;97.00;0.00;194.00;97.00;582.00;0.00;0.00;504.00;0.00;3378.67;2851.00;2515.67;2699.67;3665.00;4841.33;4929.00;4755.32;3919.00;3399.00;2844.00;3443.34;2224.99;2116.34;1629.34;7506.33;630.00;1164.67;592.33;919.33;422.33;422.33;460.00;160.00
1763511167.3737578;0.00;194.00;0.00;0.00;97.00;97.00;194.00;0.00;0.00;0.00;97.00;291.00;0.00;0.00;97.00;0.00;194.00;97.00;582.00;0.00;0.00;504.00;0.00;3378.67;2851.00;2515.67;2699.67;3665.00;4841.33;4929.00;4755.32;3919.00;3399.00;2844.00;3443.34;2224.99;2116.34;1629.34;7506.33;630.00;1164.67;592.33;919.33;422.33;422.33;460.00;160.00
1763511167.3742802;0.00;194.00;0.00;0.00;97.00;97.00;194.00;0.00;0.00;0.00;97.00;291.00;0.00;0.00;97.00;0.00;194.00;97.00;582.00;0.00;0.00;504.00;0.00;3378.67;2851.00;2515.67;2699.67;3665.00;4841.33;4929.00;4755.32;3919.00;3399.00;2844.00;3443.34;2224.99;2116.34;1629.34;7506.33;630.00;1164.67;592.33;919.33;422.33;422.33;460.00;160.00
1763511170.7130075;0.00;194.00;0.00;0.00;0.00;194.00;194.00;0.00;0.00;0.00;97.00;291.00;0.00;0.00;97.00;0.00;97.00;97.00;485.00;0.00;0.00;504.00;0.00;2978.67;2498.67;2173.34;2357.34;3092.67;4236.66;4549.00;4268.32;3335.00;2912.00;2444.00;3043.34;2224.99;1956.34;1629.34;6746.33;310.00;1164.67;480.00;919.33;422.33;112.33;460.00;160.00
1763511170.7141294;0.00;194.00;0.00;0.00;0.00;194.00;194.00;0.00;0.00;0.00;97.00;291.00;0.00;0.00;97.00;0.00;97.00;97.00;485.00;0.00;0.00;504.00;0.00;2978.67;2498.67;2173.34;2357.34;3092.67;4236.66;4549.00;4268.32;3335.00;2912.00;2444.00;3043.34;2224.99;1956.34;1629.34;6746.33;310.00;1164.67;480.00;919.33;422.33;112.33;460.00;160.00
1763511170.788623;0.00;291.00;0.00;0.00;0.00;194.00;194.00;0.00;0.00;0.00;97.00;291.00;0.00;0.00;97.00;0.00;97.00;97.00;485.00;0.00;0.00;504.00;0.00;2978.67;2498.67;2173.34;2357.34;3322.67;4466.66;4779.00;4835.32;3805.00;3222.00;2444.00;3043.34;2224.99;2116.34;1629.34;7046.33;310.00;1164.67;480.00;919.33;422.33;432.33;460.00;160.00
1763511170.7897844;0.00;291.00;0.00;0.00;0.00;194.00;194.00;0.00;0.00;0.00;97.00;291.00;0.00;0.00;97.00;0.00;97.00;97.00;485.00;0.00;0.00;504.00;0.00;2978.67;2498.67;2173.34;2357.34;3322.67;4466.66;4779.00;4835.32;3805.00;3222.00;2444.00;3043.34;2224.99;2116.34;1629.34;7046.33;310.00;1164.67;480.00;919.33;422.33;432.33;460.00;160.00
1763511170.8691995;0.00;291.00;0.00;0.00;0.00;194.00;194.00;0.00;0.00;0.00;97.00;291.00;0.00;0.00;97.00;0.00;97.00;97.00;485.00;0.00;0.00;504.00;0.00;2978.67;2498.67;2173.34;2357.34;3322.67;4466.66;4779.00;4835.32;3805.00;3222.00;2444.00;3043.34;2224.99;2116.34;1629.34;7046.33;310.00;1164.67;480.00;919.33;422.33;432.33;460.00;160.00
1763511170.870331;0.00;291.00;0.00;0.00;0.00;194.00;194.00;0.00;0.00;0.00;97.00;291.00;0.00;0.00;97.00;0.00;97.00;97.00;485.00;0.00;0.00;504.00;0.00;2978.67;2498.67;2173.34;2357.34;3322.67;4466.66;4779.00;4835.32;3805.00;3222.00;2444.00;3043.34;2224.99;2116.34;1629.34;7046.33;310.00;1164.67;480.00;919.33;422.33;432.33;460.00;160.00
1763511175.7211757;0.00;291.00;0.00;0.00;0.00;291.00;194.00;0.00;0.00;0.00;97.00;194.00;0.00;0.00;97.00;0.00;97.00;97.00;388.00;0.00;0.00;504.00;0.00;2828.67;2348.67;2023.34;2110.34;2755.67;3964.33;4356.66;4685.32;3558.00;2975.00;2294.00;2893.34;2224.99;2116.34;1629.34;6426.33;310.00;844.67;480.00;854.66;422.33;432.33;460.00;160.00
1763511175.7223284;0.00;291.00;0.00;0.00;0.00;291.00;194.00;0.00;0.00;0.00;97.00;194.00;0.00;0.00;97.00;0.00;97.00;97.00;388.00;0.00;0.00;504.00;0.00;2828.67;2348.67;2023.34;2110.34;2755.67;3964.33;4356.66;4685.32;3558.00;2975.00;2294.00;2893.34;2224.99;2116.34;1629.34;6426.33;310.00;844.67;480.00;854.66;422.33;432.33;460.00;160.00
1763511175.7953203;0.00;291.00;0.00;0.00;0.00;291.00;194.00;0.00;0.00;0.00;97.00;194.00;0.00;0.00;97.00;0.00;97.00;194.00;388.00;0.00;0.00;504.00;0.00;3043.34;2733.34;2375.67;2462.67;3065.67;4274.33;4666.66;4995.32;3868.00;3285.00;2508.67;3108.01;2224.99;2116.34;1629.34;6726.33;310.00;957.00;950.00;854.66;422.33;657.00;460.00;160.00
1763511175.7964272;0.00;291.00;0.00;0.00;0.00;291.00;194.00;0.00;0.00;0.00;97.00;194.00;0.00;0.00;97.00;0.00;97.00;194.00;388.00;0.00;0.00;504.00;0.00;3043.34;2733.34;2375.67;2462.67;3065.67;4274.33;4666.66;4995.32;3868.00;3285.00;2508.67;3108.01;2224.99;2116.34;1629.34;6726.33;310.00;957.00;950.00;854.66;422.33;657.00;460.00;160.00
1763511185.7008324;0.00;97.00;0.00;0.00;0.00;194.00;0.00;0.00;0.00;0.00;97.00;194.00;0.00;0.00;0.00;0.00;97.00;194.00;485.00;0.00;0.00;0.00;0.00;1231.67;1401.67;1156.33;1253.33;1761.00;2670.33;3505.00;3286.66;2365.66;2227.33;1241.67;1391.67;1343.33;1351.67;700.00;4626.33;0.00;732.33;470.00;582.33;310.00;544.67;150.00;160.00
1763511185.7015064;0.00;97.00;0.00;0.00;0.00;194.00;0.00;0.00;0.00;0.00;97.00;194.00;0.00;0.00;0.00;0.00;97.00;194.00;485.00;0.00;0.00;0.00;0.00;1231.67;1401.67;1156.33;1253.33;1761.00;2670.33;3505.00;3286.66;2365.66;2227.33;1241.67;1391.67;1343.33;1351.67;700.00;4626.33;0.00;732.33;470.00;582.33;310.00;544.67;150.00;160.00
1763511185.747971;0.00;97.00;0.00;0.00;0.00;194.00;0.00;0.00;0.00;0.00;97.00;194.00;0.00;0.00;0.00;0.00;97.00;194.00;582.00;0.00;0.00;0.00;0.00;1231.67;1401.67;1156.33;1253.33;1761.00;3205.00;4152.00;3933.66;2462.66;2324.33;1241.67;1391.67;1455.66;1351.67;1250.00;4926.33;0.00;732.33;470.00;1117.00;310.00;544.67;150.00;160.00
1763511185.7486587;0.00;97.00;0.00;0.00;0.00;194.00;0.00;0.00;0.00;0.00;97.00;194.00;0.00;0.00;0.00;0.00;97.00;194.00;582.00;0.00;0.00;0.00;0.00;1231.67;1401.67;1156.33;1253.33;1761.00;3205.00;4152.00;3933.66;2462.66;2324.33;1241.67;1391.67;1455.66;1351.67;1250.00;4926.33;0.00;732.33;470.00;1117.00;310.00;544.67;150.00;160.00
1763511185.7965639;0.00;194.00;0.00;0.00;0.00;194.00;0.00;0.00;0.00;0.00;97.00;194.00;0.00;0.00;0.00;0.00;97.00;194.00;582.00;0.00;0.00;0.00;0.00;1231.67;1401.67;1156.33;1253.33;1761.00;3205.00;4264.33;4275.99;2462.66;2324.33;1241.67;1391.67;1567.99;1351.67;1624.67;5226.33;0.00;732.33;470.00;1117.00;310.00;544.67;150.00;160.00
1763511185.7972357;0.00;194.00;0.00;0.00;0.00;194.00;0.00;0.00;0.00;0.00;97.00;194.00;0.00;0.00;0.00;0.00;97.00;194.00;582.00;0.00;0.00;0.00;0.00;1231.67;1401.67;1156.33;1253.33;1761.00;3205.00;4264.33;4275.99;2462.66;2324.33;1241.67;1391.67;1567.99;1351.67;1624.67;5226.33;0.00;732.33;470.00;1117.00;310.00;544.67;150.00;160.00
1763511190.7394497;0.00;194.00;0.00;0.00;0.00;291.00;0.00;0.00;0.00;0.00;97.00;194.00;0.00;0.00;0.00;0.00;0.00;194.00;485.00;0.00;0.00;0.00;0.00;771.67;941.67;1006.33;1103.33;1611.00;2958.00;4281.33;4190.66;2280.33;1917.33;931.67;931.67;1567.99;1127.00;1624.67;4916.33;0.00;732.33;470.00;1117.00;0.00;544.67;0.00;160.00
1763511190.7405577;0.00;194.00;0.00;0.00;0.00;291.00;0.00;0.00;0.00;0.00;97.00;194.00;0.00;0.00;0.00;0.00;0.00;194.00;485.00;0.00;0.00;0.00;0.00;771.67;941.67;1006.33;1103.33;1611.00;2958.00;4281.33;4190.66;2280.33;1917.33;931.67;931.67;1567.99;1127.00;1624.67;4916.33;0.00;732.33;470.00;1117.00;0.00;544.67;0.00;160.00
1763511190.8158715;0.00;291.00;0.00;0.00;0.00;291.00;0.00;0.00;0.00;0.00;97.00;194.00;0.00;0.00;0.00;0.00;0.00;194.00;485.00;0.00;0.00;0.00;0.00;771.67;941.67;1006.33;1103.33;1611.00;2958.00;4281.33;4335.33;2280.33;1917.33;931.67;931.67;1567.99;1127.00;1737.00;5216.33;0.00;732.33;470.00;1117.00;0.00;544.67;0.00;160.00
1763511190.816966;0.00;291.00;0.00;0.00;0.00;291.00;0.00;0.00;0.00;0.00;97.00;194.00;0.00;0.00;0.00;0.00;0.00;194.00;485.00;0.00;0.00;0.00;0.00;771.67;941.67;1006.33;1103.33;1611.00;2958.00;4281.33;4335.33;2280.33;1917.33;931.67;931.67;1567.99;1127.00;1737.00;5216.33;0.00;732.33;470.00;1117.00;0.00;544.67;0.00;160.00
1763511192.1775446;0.00;291.00;0.00;0.00;0.00;291.00;0.00;0.00;0.00;0.00;194.00;194.00;0.00;0.00;0.00;0.00;0.00;194.00;485.00;0.00;0.00;0.00;0.00;931.67;1101.67;1166.33;1360.33;1868.00;3262.67;4586.00;4715.33;2660.33;2077.33;1091.67;1091.67;1567.99;1667.00;1737.00;5516.33;0.00;732.33;470.00;1229.33;320.00;544.67;0.00;160.00
1763511192.1783977;0.00;291.00;0.00;0.00;0.00;291.00;0.00;0.00;0.00;0.00;194.00;194.00;0.00;0.00;0.00;0.00;0.00;194.00;485.00;0.00;0.00;0.00;0.00;931.67;1101.67;1166.33;1360.33;1868.00;3262.67;4586.00;4715.33;2660.33;2077.33;1091.67;1091.67;1567.99;1667.00;1737.00;5516.33;0.00;732.33;470.00;1229.33;320.00;544.67;0.00;160.00
1763511192.3089721;0.00;291.00;0.00;0.00;0.00;291.00;0.00;0.00;0.00;0.00;194.00;194.00;0.00;0.00;0.00;0.00;0.00;194.00;485.00;0.00;0.00;0.00;0.00;931.67;1101.67;1166.33;1360.33;1868.00;3262.67;4586.00;4715.33;2660.33;2077.33;1091.67;1091.67;1567.99;1667.00;1737.00;5516.33;0.00;732.33;470.00;1229.33;320.00;544.67;0.00;160.00
1763511192.3094907;0.00;291.00;0.00;0.00;0.00;291.00;0.00;0.00;0.00;0.00;194.00;194.00;0.00;0.00;0.00;0.00;0.00;194.00;485.00;0.00;0.00;0.00;0.00;931.67;1101.67;1166.33;1360.33;1868.00;3262.67;4586.00;4715.33;2660.33;2077.33;1091.67;1091.67;1567.99;1667.00;1737.00;5516.33;0.00;732.33;470.00;1229.33;320.00;544.67;0.00;160.00
1763511192.36884;0.00;291.00;0.00;0.00;0.00;291.00;0.00;0.00;0.00;0.00;601.00;194.00;0.00;0.00;0.00;0.00;0.00;194.00;485.00;0.00;0.00;0.00;0.00;1401.67;1571.67;1636.33;1917.33;2425.00;3819.67;4993.00;4907.66;2740.33;2227.33;1241.67;1241.67;1717.99;1897.00;1849.33;5666.33;0.00;732.33;470.00;1229.33;320.00;544.67;0.00;480.00
1763511192.3697474;0.00;291.00;0.00;0.00;0.00;291.00;0.00;0.00;0.00;0.00;601.00;194.00;0.00;0.00;0.00;0.00;0.00;194.00;485.00;0.00;0.00;0.00;0.00;1401.67;1571.67;1636.33;1917.33;2425.00;3819.67;4993.00;4907.66;2740.33;2227.33;1241.67;1241.67;1717.99;1897.00;1849.33;5666.33;0.00;732.33;470.00;1229.33;320.00;544.67;0.00;480.00
1763511192.4332566;0.00;291.00;0.00;0.00;0.00;291.00;0.00;0.00;0.00;0.00;601.00;194.00;0.00;0.00;0.00;0.00;0.00;194.00;485.00;0.00;0.00;0.00;0.00;1401.67;1571.67;1636.33;1917.33;2425.00;3819.67;4993.00;4907.66;2740.33;2227.33;1241.67;1241.67;1717.99;1897.00;1849.33;5666.33;0.00;732.33;470.00;1229.33;320.00;544.67;0.00;480.00
1763511192.4341235;0.00;291.00;0.00;0.00;0.00;291.00;0.00;0.00;0.00;0.00;601.00;194.00;0.00;0.00;0.00;0.00;0.00;194.00;485.00;0.00;0.00;0.00;0.00;1401.67;1571.67;1636.33;1917.33;2425.00;3819.67;4993.00;4907.66;2740.33;2227.33;1241.67;1241.67;1717.99;1897.00;1849.33;5666.33;0.00;732.33;470.00;1229.33;320.00;544.67;0.00;480.00
1763511192.5046678;0.00;291.00;0.00;0.00;0.00;291.00;0.00;0.00;0.00;0.00;601.00;194.00;0.00;0.00;0.00;0.00;0.00;194.00;485.00;0.00;0.00;0.00;0.00;1401.67;1571.67;1636.33;1917.33;2425.00;3819.67;4993.00;4907.66;2740.33;2227.33;1241.67;1241.67;1717.99;1897.00;1849.33;5666.33;0.00;732.33;470.00;1229.33;320.00;544.67;0.00;480.00
1763511192.505564;0.00;291.00;0.00;0.00;0.00;291.00;0.00;0.00;0.00;0.00;601.00;194.00;0.00;0.00;0.00;0.00;0.00;194.00;485.00;0.00;0.00;0.00;0.00;1401.67;1571.67;1636.33;1917.33;2425.00;3819.67;4993.00;4907.66;2740.33;2227.33;1241.67;1241.67;1717.99;1897.00;1849.33;5666.33;0.00;732.33;470.00;1229.33;320.00;544.67;0.00;480.00
1763511192.5699527;0.00;291.00;0.00;0.00;0.00;291.00;0.00;0.00;0.00;0.00;601.00;194.00;0.00;0.00;0.00;0.00;0.00;194.00;485.00;0.00;0.00;0.00;0.00;1401.67;1571.67;1636.33;1917.33;2425.00;3819.67;4993.00;4907.66;2740.33;2227.33;1241.67;1241.67;1717.99;1897.00;1849.33;5666.33;0.00;732.33;470.00;1229.33;320.00;544.67;0.00;480.00
1763511192.5708683;0.00;291.00;0.00;0.00;0.00;291.00;0.00;0.00;0.00;0.00;601.00;194.00;0.00;0.00;0.00;0.00;0.00;194.00;485.00;0.00;0.00;0.00;0.00;1401.67;1571.67;1636.33;1917.33;2425.00;3819.67;4993.00;4907.66;2740.33;2227.33;1241.67;1241.67;1717.99;1897.00;1849.33;5666.33;0.00;732.33;470.00;1229.33;320.00;544.67;0.00;480.00
1763511205.7525492;0.00;0.00;0.00;0.00;0.00;291.00;0.00;0.00;0.00;0.00;504.00;194.00;0.00;0.00;0.00;0.00;0.00;194.00;291.00;0.00;0.00;0.00;0.00;1401.67;1571.67;1636.33;1820.33;2098.00;2418.00;3232.00;2799.66;2076.33;1723.33;1241.67;1241.67;1354.00;1737.00;502.33;3866.33;0.00;732.33;470.00;384.66;320.00;224.67;0.00;480.00
1763511205.7536573;0.00;0.00;0.00;0.00;0.00;291.00;0.00;0.00;0.00;0.00;504.00;194.00;0.00;0.00;0.00;0.00;0.00;194.00;291.00;0.00;0.00;0.00;0.00;1401.67;1571.67;1636.33;1820.33;2098.00;2418.00;3232.00;2799.66;2076.33;1723.33;1241.67;1241.67;1354.00;1737.00;502.33;3866.33;0.00;732.33;470.00;384.66;320.00;224.67;0.00;480.00
1763511212.1930666;0.00;0.00;0.00;0.00;0.00;291.00;0.00;0.00;0.00;0.00;504.00;194.00;0.00;0.00;0.00;0.00;97.00;194.00;291.00;0.00;0.00;0.00;0.00;1401.67;1571.67;1636.33;1820.33;2098.00;2920.33;3462.00;2799.66;2076.33;1723.33;1241.67;1241.67;1786.33;1737.00;502.33;4166.33;0.00;732.33;470.00;919.33;320.00;224.67;0.00;480.00
1763511212.1939433;0.00;0.00;0.00;0.00;0.00;291.00;0.00;0.00;0.00;0.00;504.00;194.00;0.00;0.00;0.00;0.00;97.00;194.00;291.00;0.00;0.00;0.00;0.00;1401.67;1571.67;1636.33;1820.33;2098.00;2920.33;3462.00;2799.66;2076.33;1723.33;1241.67;1241.67;1786.33;1737.00;502.33;4166.33;0.00;732.33;470.00;919.33;320.00;224.67;0.00;480.00
1763511212.2467005;0.00;0.00;0.00;0.00;0.00;291.00;0.00;0.00;0.00;0.00;504.00;194.00;0.00;0.00;0.00;0.00;194.00;194.00;291.00;0.00;0.00;0.00;0.00;1401.67;1571.67;1636.33;1820.33;2098.00;3337.33;4076.67;3334.33;2076.33;1723.33;1241.67;1241.67;2048.66;1737.00;1037.00;4316.33;0.00;732.33;470.00;1239.33;320.00;224.67;0.00;480.00
1763511212.2472131;0.00;0.00;0.00;0.00;0.00;291.00;0.00;0.00;0.00;0.00;504.00;194.00;0.00;0.00;0.00;0.00;194.00;194.00;291.00;0.00;0.00;0.00;0.00;1401.67;1571.67;1636.33;1820.33;2098.00;3337.33;4076.67;3334.33;2076.33;1723.33;1241.67;1241.67;2048.66;1737.00;1037.00;4316.33;0.00;732.33;470.00;1239.33;320.00;224.67;0.00;480.00
1763511212.3050466;0.00;0.00;0.00;0.00;0.00;291.00;0.00;0.00;0.00;0.00;504.00;194.00;0.00;0.00;0.00;0.00;291.00;194.00;291.00;0.00;0.00;0.00;0.00;1401.67;1571.67;1636.33;1820.33;2098.00;3434.33;4221.34;3549.00;2076.33;1723.33;1241.67;1241.67;2160.99;1737.00;1251.67;4616.33;0.00;732.33;470.00;1239.33;320.00;224.67;0.00;480.00
1763511212.305556;0.00;0.00;0.00;0.00;0.00;291.00;0.00;0.00;0.00;0.00;504.00;194.00;0.00;0.00;0.00;0.00;291.00;194.00;291.00;0.00;0.00;0.00;0.00;1401.67;1571.67;1636.33;1820.33;2098.00;3434.33;4221.34;3549.00;2076.33;1723.33;1241.67;1241.67;2160.99;1737.00;1251.67;4616.33;0.00;732.33;470.00;1239.33;320.00;224.67;0.00;480.00
1763511212.3656223;0.00;0.00;0.00;0.00;0.00;291.00;0.00;0.00;0.00;0.00;504.00;194.00;0.00;0.00;0.00;0.00;388.00;194.00;291.00;0.00;0.00;0.00;0.00;1401.67;1571.67;1636.33;1820.33;2098.00;3531.33;4478.34;3886.00;2076.33;1723.33;1241.67;1241.67;2320.99;1737.00;1588.67;4916.33;0.00;732.33;470.00;1239.33;320.00;224.67;0.00;480.00
1763511212.3661475;0.00;0.00;0.00;0.00;0.00;291.00;0.00;0.00;0.00;0.00;504.00;194.00;0.00;0.00;0.00;0.00;388.00;194.00;291.00;0.00;0.00;0.00;0.00;1401.67;1571.67;1636.33;1820.33;2098.00;3531.33;4478.34;3886.00;2076.33;1723.33;1241.67;1241.67;2320.99;1737.00;1588.67;4916.33;0.00;732.33;470.00;1239.33;320.00;224.67;0.00;480.00
1763511212.4285827;0.00;0.00;0.00;0.00;0.00;291.00;0.00;0.00;0.00;0.00;504.00;194.00;0.00;0.00;0.00;0.00;485.00;194.00;291.00;0.00;0.00;0.00;0.00;1401.67;1571.67;1636.33;1820.33;2098.00;3628.33;4735.34;4223.00;2076.33;1723.33;1241.67;1241.67;2480.99;1737.00;1925.67;5216.33;0.00;732.33;470.00;1239.33;320.00;224.67;0.00;480.00
1763511212.4291031;0.00;0.00;0.00;0.00;0.00;291.00;0.00;0.00;0.00;0.00;504.00;194.00;0.00;0.00;0.00;0.00;485.00;194.00;291.00;0.00;0.00;0.00;0.00;1401.67;1571.67;1636.33;1820.33;2098.00;3628.33;4735.34;4223.00;2076.33;1723.33;1241.67;1241.67;2480.99;1737.00;1925.67;5216.33;0.00;732.33;470.00;1239.33;320.00;224.67;0.00;480.00
1763511212.4699314;0.00;0.00;0.00;0.00;0.00;291.00;0.00;0.00;0.00;0.00;504.00;194.00;0.00;0.00;0.00;0.00;582.00;194.00;291.00;0.00;0.00;0.00;0.00;1711.67;1881.67;1946.33;2130.33;2408.00;4035.33;4992.34;4645.33;2386.33;2033.33;1551.67;1551.67;2640.99;2057.00;2038.00;5516.33;0.00;732.33;470.00;1239.33;320.00;224.67;0.00;480.00
1763511212.4704392;0.00;0.00;0.00;0.00;0.00;291.00;0.00;0.00;0.00;0.00;504.00;194.00;0.00;0.00;0.00;0.00;582.00;194.00;291.00;0.00;0.00;0.00;0.00;1711.67;1881.67;1946.33;2130.33;2408.00;4035.33;4992.34;4645.33;2386.33;2033.33;1551.67;1551.67;2640.99;2057.00;2038.00;5516.33;0.00;732.33;470.00;1239.33;320.00;224.67;0.00;480.00
1763511228.2045522;0.00;0.00;0.00;0.00;0.00;388.00;0.00;0.00;0.00;0.00;504.00;0.00;0.00;0.00;0.00;0.00;582.00;97.00;291.00;0.00;0.00;0.00;0.00;1250.00;1250.00;1347.00;1531.00;1851.00;3478.33;4585.34;4122.33;1696.33;1381.00;1090.00;1090.00;2490.99;1634.67;2038.00;4906.33;0.00;620.00;0.00;1239.33;320.00;0.00;0.00;480.00
1763511228.2054305;0.00;0.00;0.00;0.00;0.00;388.00;0.00;0.00;0.00;0.00;504.00;0.00;0.00;0.00;0.00;0.00;582.00;97.00;291.00;0.00;0.00;0.00;0.00;1250.00;1250.00;1347.00;1531.00;1851.00;3478.33;4585.34;4122.33;1696.33;1381.00;1090.00;1090.00;2490.99;1634.67;2038.00;4906.33;0.00;620.00;0.00;1239.33;320.00;0.00;0.00;480.00
1763511228.2662103;0.00;0.00;0.00;0.00;0.00;485.00;0.00;0.00;0.00;0.00;504.00;0.00;0.00;0.00;0.00;0.00;582.00;97.00;291.00;0.00;0.00;0.00;0.00;1522.33;1410.00;1507.00;1691.00;2001.00;3628.33;4965.34;4202.33;1873.33;1558.00;1587.00;1362.33;2490.99;1634.67;2038.00;5366.33;0.00;930.00;112.33;1239.33;320.00;320.00;224.67;480.00
1763511228.267085;0.00;0.00;0.00;0.00;0.00;485.00;0.00;0.00;0.00;0.00;504.00;0.00;0.00;0.00;0.00;0.00;582.00;97.00;291.00;0.00;0.00;0.00;0.00;1522.33;1410.00;1507.00;1691.00;2001.00;3628.33;4965.34;4202.33;1873.33;1558.00;1587.00;1362.33;2490.99;1634.67;2038.00;5366.33;0.00;930.00;112.33;1239.33;320.00;320.00;224.67;480.00
1763511228.3263524;0.00;0.00;0.00;0.00;0.00;582.00;0.00;0.00;0.00;0.00;504.00;0.00;0.00;0.00;0.00;0.00;582.00;97.00;291.00;0.00;0.00;0.00;0.00;2142.33;1720.00;1817.00;2001.00;2263.33;3890.66;4997.67;4694.66;2398.00;2178.00;2207.00;1982.33;2490.99;1859.34;2038.00;5826.33;0.00;1042.33;422.33;1239.33;320.00;320.00;224.67;480.00
1763511228.3272264;0.00;0.00;0.00;0.00;0.00;582.00;0.00;0.00;0.00;0.00;504.00;0.00;0.00;0.00;0.00;0.00;582.00;97.00;291.00;0.00;0.00;0.00;0.00;2142.33;1720.00;1817.00;2001.00;2263.33;3890.66;4997.67;4694.66;2398.00;2178.00;2207.00;1982.33;2490.99;1859.34;2038.00;5826.33;0.00;1042.33;422.33;1239.33;320.00;320.00;224.67;480.00
1763511228.3971786;0.00;0.00;0.00;0.00;0.00;582.00;0.00;0.00;0.00;0.00;504.00;0.00;0.00;0.00;0.00;0.00;582.00;97.00;291.00;0.00;0.00;0.00;0.00;2142.33;1720.00;1817.00;2001.00;2263.33;3890.66;4997.67;4694.66;2398.00;2178.00;2207.00;1982.33;2490.99;1859.34;2038.00;5826.33;0.00;1042.33;422.33;1239.33;320.00;320.00;224.67;480.00
1763511228.3980863;0.00;0.00;0.00;0.00;0.00;582.00;0.00;0.00;0.00;0.00;504.00;0.00;0.00;0.00;0.00;0.00;582.00;97.00;291.00;0.00;0.00;0.00;0.00;2142.33;1720.00;1817.00;2001.00;2263.33;3890.66;4997.67;4694.66;2398.00;2178.00;2207.00;1982.33;2490.99;1859.34;2038.00;5826.33;0.00;1042.33;422.33;1239.33;320.00;320.00;224.67;480.00
1763511228.4667306;0.00;0.00;0.00;0.00;0.00;582.00;0.00;0.00;0.00;0.00;504.00;0.00;0.00;0.00;0.00;0.00;582.00;97.00;291.00;0.00;0.00;0.00;0.00;2142.33;1720.00;1817.00;2001.00;2263.33;3890.66;4997.67;4694.66;2398.00;2178.00;2207.00;1982.33;2490.99;1859.34;2038.00;5826.33;0.00;1042.33;422.33;1239.33;320.00;320.00;224.67;480.00
1763511228.4676352;0.00;0.00;0.00;0.00;0.00;582.00;0.00;0.00;0.00;0.00;504.00;0.00;0.00;0.00;0.00;0.00;582.00;97.00;291.00;0.00;0.00;0.00;0.00;2142.33;1720.00;1817.00;2001.00;2263.33;3890.66;4997.67;4694.66;2398.00;2178.00;2207.00;1982.33;2490.99;1859.34;2038.00;5826.33;0.00;1042.33;422.33;1239.33;320.00;320.00;224.67;480.00
1763511228.5378442;0.00;0.00;0.00;0.00;0.00;582.00;0.00;0.00;0.00;0.00;504.00;0.00;0.00;0.00;0.00;0.00;582.00;97.00;291.00;0.00;0.00;0.00;0.00;2142.33;1720.00;1817.00;2001.00;2263.33;3890.66;4997.67;4694.66;2398.00;2178.00;2207.00;1982.33;2490.99;1859.34;2038.00;5826.33;0.00;1042.33;422.33;1239.33;320.00;320.00;224.67;480.00
1763511228.5387173;0.00;0.00;0.00;0.00;0.00;582.00;0.00;0.00;0.00;0.00;504.00;0.00;0.00;0.00;0.00;0.00;582.00;97.00;291.00;0.00;0.00;0.00;0.00;2142.33;1720.00;1817.00;2001.00;2263.33;3890.66;4997.67;4694.66;2398.00;2178.00;2207.00;1982.33;2490.99;1859.34;2038.00;5826.33;0.00;1042.33;422.33;1239.33;320.00;320.00;224.67;480.00
1763511245.7490747;0.00;97.00;0.00;0.00;0.00;291.00;0.00;0.00;0.00;0.00;504.00;0.00;0.00;0.00;0.00;0.00;485.00;97.00;97.00;0.00;0.00;0.00;0.00;2142.33;1720.00;1817.00;2001.00;1953.33;3211.33;3591.34;3611.99;1884.00;1984.00;2207.00;1982.33;2079.33;1539.34;1663.33;4166.33;0.00;732.33;422.33;967.00;320.00;320.00;224.67;480.00
1763511245.7497487;0.00;97.00;0.00;0.00;0.00;291.00;0.00;0.00;0.00;0.00;504.00;0.00;0.00;0.00;0.00;0.00;485.00;97.00;97.00;0.00;0.00;0.00;0.00;2142.33;1720.00;1817.00;2001.00;1953.33;3211.33;3591.34;3611.99;1884.00;1984.00;2207.00;1982.33;2079.33;1539.34;1663.33;4166.33;0.00;732.33;422.33;967.00;320.00;320.00;224.67;480.00
1763511248.194865;0.00;97.00;0.00;0.00;0.00;388.00;0.00;0.00;0.00;0.00;504.00;0.00;0.00;0.00;0.00;0.00;485.00;97.00;97.00;0.00;0.00;0.00;0.00;2142.33;1720.00;1817.00;2001.00;1953.33;3371.33;3928.34;4018.99;1884.00;1984.00;2207.00;1982.33;2416.33;1539.34;1973.33;4466.33;0.00;732.33;422.33;1127.00;320.00;320.00;224.67;480.00
1763511248.1953788;0.00;97.00;0.00;0.00;0.00;388.00;0.00;0.00;0.00;0.00;504.00;0.00;0.00;0.00;0.00;0.00;485.00;97.00;97.00;0.00;0.00;0.00;0.00;2142.33;1720.00;1817.00;2001.00;1953.33;3371.33;3928.34;4018.99;1884.00;1984.00;2207.00;1982.33;2416.33;1539.34;1973.33;4466.33;0.00;732.33;422.33;1127.00;320.00;320.00;224.67;480.00
1763511248.2328346;0.00;97.00;0.00;0.00;0.00;485.00;0.00;0.00;0.00;0.00;504.00;0.00;0.00;0.00;0.00;0.00;485.00;97.00;97.00;0.00;0.00;0.00;0.00;2142.33;1720.00;1817.00;2001.00;1953.33;3483.66;4040.67;4211.32;1884.00;1984.00;2207.00;1982.33;2416.33;1539.34;2198.00;4766.33;0.00;732.33;422.33;1239.33;320.00;320.00;224.67;480.00
1763511248.2333455;0.00;97.00;0.00;0.00;0.00;485.00;0.00;0.00;0.00;0.00;504.00;0.00;0.00;0.00;0.00;0.00;485.00;97.00;97.00;0.00;0.00;0.00;0.00;2142.33;1720.00;1817.00;2001.00;1953.33;3483.66;4040.67;4211.32;1884.00;1984.00;2207.00;1982.33;2416.33;1539.34;2198.00;4766.33;0.00;732.33;422.33;1239.33;320.00;320.00;224.67;480.00
1763511248.2839887;0.00;97.00;0.00;0.00;0.00;582.00;0.00;0.00;0.00;0.00;504.00;0.00;0.00;0.00;0.00;0.00;485.00;97.00;97.00;0.00;0.00;0.00;0.00;2142.33;1720.00;1817.00;2001.00;1953.33;3643.66;4200.67;4355.99;1884.00;1984.00;2207.00;1982.33;2416.33;1539.34;2310.33;5066.33;0.00;732.33;422.33;1399.33;320.00;320.00;224.67;480.00
1763511248.2845073;0.00;97.00;0.00;0.00;0.00;582.00;0.00;0.00;0.00;0.00;504.00;0.00;0.00;0.00;0.00;0.00;485.00;97.00;97.00;0.00;0.00;0.00;0.00;2142.33;1720.00;1817.00;2001.00;1953.33;3643.66;4200.67;4355.99;1884.00;1984.00;2207.00;1982.33;2416.33;1539.34;2310.33;5066.33;0.00;732.33;422.33;1399.33;320.00;320.00;224.67;480.00
1763511248.3226087;0.00;97.00;0.00;0.00;0.00;679.00;0.00;0.00;0.00;0.00;504.00;0.00;0.00;0.00;0.00;0.00;485.00;97.00;97.00;0.00;0.00;0.00;0.00;2142.33;1720.00;1817.00;2001.00;1953.33;3803.66;4360.67;4500.66;1884.00;1984.00;2207.00;1982.33;2416.33;1539.34;2422.66;5366.33;0.00;732.33;422.33;1559.33;320.00;320.00;224.67;480.00
1763511248.3231187;0.00;97.00;0.00;0.00;0.00;679.00;0.00;0.00;0.00;0.00;504.00;0.00;0.00;0.00;0.00;0.00;485.00;97.00;97.00;0.00;0.00;0.00;0.00;2142.33;1720.00;1817.00;2001.00;1953.33;3803.66;4360.67;4500.66;1884.00;1984.00;2207.00;1982.33;2416.33;1539.34;2422.66;5366.33;0.00;732.33;422.33;1559.33;320.00;320.00;224.67;480.00
1763511248.3600695;0.00;97.00;0.00;0.00;0.00;776.00;0.00;0.00;0.00;0.00;504.00;0.00;0.00;0.00;0.00;0.00;485.00;97.00;97.00;0.00;0.00;0.00;0.00;2142.33;1720.00;1817.00;2001.00;1953.33;3963.66;4830.67;4917.66;2204.00;1984.00;2207.00;1982.33;2416.33;1859.34;2422.66;5666.33;0.00;732.33;422.33;1719.33;320.00;320.00;224.67;480.00
1763511248.3605747;0.00;97.00;0.00;0.00;0.00;776.00;0.00;0.00;0.00;0.00;504.00;0.00;0.00;0.00;0.00;0.00;485.00;97.00;97.00;0.00;0.00;0.00;0.00;2142.33;1720.00;1817.00;2001.00;1953.33;3963.66;4830.67;4917.66;2204.00;1984.00;2207.00;1982.33;2416.33;1859.34;2422.66;5666.33;0.00;732.33;422.33;1719.33;320.00;320.00;224.67;480.00
1763511248.4060807;0.00;97.00;0.00;0.00;0.00;776.00;0.00;0.00;0.00;0.00;504.00;0.00;0.00;0.00;0.00;0.00;485.00;97.00;97.00;0.00;0.00;0.00;0.00;2142.33;1720.00;1817.00;2001.00;1953.33;3963.66;4830.67;4917.66;2204.00;1984.00;2207.00;1982.33;2416.33;1859.34;2422.66;5666.33;0.00;732.33;422.33;1719.33;320.00;320.00;224.67;480.00
1763511248.4065943;0.00;97.00;0.00;0.00;0.00;776.00;0.00;0.00;0.00;0.00;504.00;0.00;0.00;0.00;0.00;0.00;485.00;97.00;97.00;0.00;0.00;0.00;0.00;2142.33;1720.00;1817.00;2001.00;1953.33;3963.66;4830.67;4917.66;2204.00;1984.00;2207.00;1982.33;2416.33;1859.34;2422.66;5666.33;0.00;732.33;422.33;1719.33;320.00;320.00;224.67;480.00
1763511250.7778528;0.00;97.00;0.00;0.00;0.00;1183.00;0.00;0.00;0.00;0.00;504.00;0.00;0.00;0.00;0.00;0.00;485.00;97.00;0.00;0.00;0.00;0.00;0.00;1982.33;1560.00;1657.00;1841.00;1783.33;3793.66;4910.67;4837.66;2166.34;1567.00;1887.00;1662.33;2416.33;1859.34;2422.66;5666.33;0.00;422.33;422.33;1719.33;320.00;320.00;224.67;320.00
1763511250.7789679;0.00;97.00;0.00;0.00;0.00;1183.00;0.00;0.00;0.00;0.00;504.00;0.00;0.00;0.00;0.00;0.00;485.00;97.00;0.00;0.00;0.00;0.00;0.00;1982.33;1560.00;1657.00;1841.00;1783.33;3793.66;4910.67;4837.66;2166.34;1567.00;1887.00;1662.33;2416.33;1859.34;2422.66;5666.33;0.00;422.33;422.33;1719.33;320.00;320.00;224.67;320.00
1763511259.22018;0.00;97.00;0.00;0.00;0.00;1183.00;0.00;0.00;0.00;0.00;504.00;0.00;0.00;0.00;0.00;0.00;485.00;97.00;0.00;0.00;0.00;0.00;0.00;1982.33;1560.00;1657.00;1841.00;1783.33;3793.66;4910.67;4837.66;2166.34;1567.00;1887.00;1662.33;2416.33;1859.34;2422.66;5666.33;0.00;422.33;422.33;1719.33;320.00;320.00;224.67;320.00
1763511259.221057;0.00;97.00;0.00;0.00;0.00;1183.00;0.00;0.00;0.00;0.00;504.00;0.00;0.00;0.00;0.00;0.00;485.00;97.00;0.00;0.00;0.00;0.00;0.00;1982.33;1560.00;1657.00;1841.00;1783.33;3793.66;4910.67;4837.66;2166.34;1567.00;1887.00;1662.33;2416.33;1859.34;2422.66;5666.33;0.00;422.33;422.33;1719.33;320.00;320.00;224.67;320.00
1763511259.290864;0.00;97.00;0.00;0.00;0.00;1183.00;0.00;0.00;0.00;0.00;504.00;0.00;0.00;0.00;0.00;0.00;485.00;97.00;0.00;0.00;0.00;0.00;0.00;1982.33;1560.00;1657.00;1841.00;1783.33;3793.66;4910.67;4837.66;2166.34;1567.00;1887.00;1662.33;2416.33;1859.34;2422.66;5666.33;0.00;422.33;422.33;1719.33;320.00;320.00;224.67;320.00
1763511259.2917645;0.00;97.00;0.00;0.00;0.00;1183.00;0.00;0.00;0.00;0.00;504.00;0.00;0.00;0.00;0.00;0.00;485.00;97.00;0.00;0.00;0.00;0.00;0.00;1982.33;1560.00;1657.00;1841.00;1783.33;3793.66;4910.67;4837.66;2166.34;1567.00;1887.00;1662.33;2416.33;1859.34;2422.66;5666.33;0.00;422.33;422.33;1719.33;320.00;320.00;224.67;320.00
1763511259.3488917;0.00;97.00;0.00;0.00;0.00;1183.00;0.00;0.00;0.00;0.00;504.00;0.00;0.00;0.00;0.00;0.00;485.00;97.00;0.00;0.00;0.00;0.00;0.00;1982.33;1560.00;1657.00;1841.00;1783.33;3793.66;4910.67;4837.66;2166.34;1567.00;1887.00;1662.33;2416.33;1859.34;2422.66;5666.33;0.00;422.33;422.33;1719.33;320.00;320.00;224.67;320.00
1763511259.3494112;0.00;97.00;0.00;0.00;0.00;1183.00;0.00;0.00;0.00;0.00;504.00;0.00;0.00;0.00;0.00;0.00;485.00;97.00;0.00;0.00;0.00;0.00;0.00;1982.33;1560.00;1657.00;1841.00;1783.33;3793.66;4910.67;4837.66;2166.34;1567.00;1887.00;1662.33;2416.33;1859.34;2422.66;5666.33;0.00;422.33;422.33;1719.33;320.00;320.00;224.67;320.00
1763511259.4131026;0.00;97.00;0.00;0.00;0.00;1183.00;0.00;0.00;0.00;0.00;504.00;0.00;0.00;0.00;0.00;0.00;485.00;97.00;0.00;0.00;0.00;0.00;0.00;1982.33;1560.00;1657.00;1841.00;1783.33;3793.66;4910.67;4837.66;2166.34;1567.00;1887.00;1662.33;2416.33;1859.34;2422.66;5666.33;0.00;422.33;422.33;1719.33;320.00;320.00;224.67;320.00
1763511259.4140153;0.00;97.00;0.00;0.00;0.00;1183.00;0.00;0.00;0.00;0.00;504.00;0.00;0.00;0.00;0.00;0.00;485.00;97.00;0.00;0.00;0.00;0.00;0.00;1982.33;1560.00;1657.00;1841.00;1783.33;3793.66;4910.67;4837.66;2166.34;1567.00;1887.00;1662.33;2416.33;1859.34;2422.66;5666.33;0.00;422.33;422.33;1719.33;320.00;320.00;224.67;320.00
1763511259.4779327;0.00;97.00;0.00;0.00;0.00;1183.00;0.00;0.00;0.00;0.00;504.00;0.00;0.00;0.00;0.00;0.00;485.00;97.00;97.00;0.00;0.00;0.00;0.00;2207.00;2190.00;2127.00;2311.00;2253.33;4263.66;4910.67;4987.66;2246.34;1647.00;2111.67;1887.00;2566.33;1859.34;2422.66;5816.33;0.00;422.33;957.00;1719.33;480.00;432.33;224.67;320.00
1763511259.478823;0.00;97.00;0.00;0.00;0.00;1183.00;0.00;0.00;0.00;0.00;504.00;0.00;0.00;0.00;0.00;0.00;485.00;97.00;97.00;0.00;0.00;0.00;0.00;2207.00;2190.00;2127.00;2311.00;2253.33;4263.66;4910.67;4987.66;2246.34;1647.00;2111.67;1887.00;2566.33;1859.34;2422.66;5816.33;0.00;422.33;957.00;1719.33;480.00;432.33;224.67;320.00
1763511259.551344;0.00;97.00;0.00;0.00;0.00;1183.00;0.00;0.00;0.00;0.00;504.00;0.00;0.00;0.00;0.00;0.00;485.00;97.00;97.00;0.00;0.00;0.00;0.00;2207.00;2190.00;2127.00;2311.00;2253.33;4263.66;4910.67;4987.66;2246.34;1647.00;2111.67;1887.00;2566.33;1859.34;2422.66;5816.33;0.00;422.33;957.00;1719.33;480.00;432.33;224.67;320.00
1763511259.5522215;0.00;97.00;0.00;0.00;0.00;1183.00;0.00;0.00;0.00;0.00;504.00;0.00;0.00;0.00;0.00;0.00;485.00;97.00;97.00;0.00;0.00;0.00;0.00;2207.00;2190.00;2127.00;2311.00;2253.33;4263.66;4910.67;4987.66;2246.34;1647.00;2111.67;1887.00;2566.33;1859.34;2422.66;5816.33;0.00;422.33;957.00;1719.33;480.00;432.33;224.67;320.00
1763511260.9565942;0.00;97.00;0.00;0.00;0.00;1183.00;0.00;0.00;0.00;0.00;97.00;0.00;0.00;0.00;0.00;0.00;485.00;504.00;97.00;0.00;0.00;0.00;0.00;1769.33;1752.33;2031.67;2128.67;2006.33;4016.66;4813.67;4875.33;2198.67;1529.33;1994.00;1769.33;2416.33;1629.34;2422.66;5966.33;320.00;807.00;957.00;1719.33;480.00;432.33;224.67;0.00
1763511260.9610932;0.00;97.00;0.00;0.00;0.00;1183.00;0.00;0.00;0.00;0.00;97.00;0.00;0.00;0.00;0.00;0.00;485.00;504.00;97.00;0.00;0.00;0.00;0.00;1769.33;1752.33;2031.67;2128.67;2006.33;4016.66;4813.67;4875.33;2198.67;1529.33;1994.00;1769.33;2416.33;1629.34;2422.66;5966.33;320.00;807.00;957.00;1719.33;480.00;432.33;224.67;0.00
1763511270.8034415;0.00;97.00;0.00;0.00;0.00;1183.00;0.00;0.00;0.00;0.00;0.00;0.00;0.00;0.00;0.00;0.00;485.00;504.00;97.00;0.00;0.00;0.00;0.00;1609.33;1592.33;1871.67;1871.67;1749.33;3711.99;4509.00;4495.33;1818.67;1369.33;1834.00;1609.33;2416.33;1089.34;2422.66;5666.33;320.00;807.00;957.00;1607.00;160.00;432.33;224.67;0.00
1763511270.8041363;0.00;97.00;0.00;0.00;0.00;1183.00;0.00;0.00;0.00;0.00;0.00;0.00;0.00;0.00;0.00;0.00;485.00;504.00;97.00;0.00;0.00;0.00;0.00;1609.33;1592.33;1871.67;1871.67;1749.33;3711.99;4509.00;4495.33;1818.67;1369.33;1834.00;1609.33;2416.33;1089.34;2422.66;5666.33;320.00;807.00;957.00;1607.00;160.00;432.33;224.67;0.00
1763511275.8240645;0.00;194.00;0.00;0.00;0.00;1183.00;0.00;0.00;0.00;0.00;0.00;0.00;0.00;0.00;0.00;0.00;388.00;504.00;97.00;0.00;0.00;0.00;0.00;1609.33;1592.33;1871.67;1871.67;1749.33;3834.99;4546.66;4152.99;1818.67;1369.33;1834.00;1609.33;2266.33;1089.34;2112.66;5976.33;320.00;807.00;957.00;1597.00;160.00;432.33;224.67;0.00
1763511275.825213;0.00;194.00;0.00;0.00;0.00;1183.00;0.00;0.00;0.00;0.00;0.00;0.00;0.00;0.00;0.00;0.00;388.00;504.00;97.00;0.00;0.00;0.00;0.00;1609.33;1592.33;1871.67;1871.67;1749.33;3834.99;4546.66;4152.99;1818.67;1369.33;1834.00;1609.33;2266.33;1089.34;2112.66;5976.33;320.00;807.00;957.00;1597.00;160.00;432.33;224.67;0.00
1763511278.227987;0.00;194.00;0.00;0.00;0.00;776.00;97.00;0.00;0.00;0.00;0.00;0.00;0.00;0.00;0.00;0.00;388.00;504.00;97.00;0.00;0.00;0.00;0.00;1459.33;1442.33;1721.67;1721.67;1599.33;3684.99;4466.66;4345.33;1984.00;1379.33;1844.00;1619.33;2266.33;1404.67;2224.99;5976.33;320.00;807.00;957.00;1597.00;160.00;432.33;224.67;0.00
1763511278.2288535;0.00;194.00;0.00;0.00;0.00;776.00;97.00;0.00;0.00;0.00;0.00;0.00;0.00;0.00;0.00;0.00;388.00;504.00;97.00;0.00;0.00;0.00;0.00;1459.33;1442.33;1721.67;1721.67;1599.33;3684.99;4466.66;4345.33;1984.00;1379.33;1844.00;1619.33;2266.33;1404.67;2224.99;5976.33;320.00;807.00;957.00;1597.00;160.00;432.33;224.67;0.00
1763511278.2916057;0.00;194.00;0.00;0.00;0.00;776.00;194.00;0.00;0.00;0.00;0.00;0.00;0.00;0.00;0.00;0.00;388.00;504.00;97.00;0.00;0.00;0.00;0.00;1459.33;1442.33;1721.67;1721.67;1824.00;4021.99;4803.66;4982.33;2524.00;1689.33;2154.00;1929.33;2266.33;1954.67;2224.99;6276.33;320.00;1031.67;957.00;1709.33;160.00;432.33;224.67;310.00
1763511278.292468;0.00;194.00;0.00;0.00;0.00;776.00;194.00;0.00;0.00;0.00;0.00;0.00;0.00;0.00;0.00;0.00;388.00;504.00;97.00;0.00;0.00;0.00;0.00;1459.33;1442.33;1721.67;1721.67;1824.00;4021.99;4803.66;4982.33;2524.00;1689.33;2154.00;1929.33;2266.33;1954.67;2224.99;6276.33;320.00;1031.67;957.00;1709.33;160.00;432.33;224.67;310.00
1763511278.365315;0.00;194.00;0.00;0.00;0.00;776.00;194.00;0.00;0.00;0.00;0.00;0.00;0.00;0.00;0.00;0.00;388.00;504.00;97.00;0.00;0.00;0.00;0.00;1459.33;1442.33;1721.67;1721.67;1824.00;4021.99;4803.66;4982.33;2524.00;1689.33;2154.00;1929.33;2266.33;1954.67;2224.99;6276.33;320.00;1031.67;957.00;1709.33;160.00;432.33;224.67;310.00
1763511278.3662279;0.00;194.00;0.00;0.00;0.00;776.00;194.00;0.00;0.00;0.00;0.00;0.00;0.00;0.00;0.00;0.00;388.00;504.00;97.00;0.00;0.00;0.00;0.00;1459.33;1442.33;1721.67;1721.67;1824.00;4021.99;4803.66;4982.33;2524.00;1689.33;2154.00;1929.33;2266.33;1954.67;2224.99;6276.33;320.00;1031.67;957.00;1709.33;160.00;432.33;224.67;310.00
1763511278.4126618;0.00;194.00;0.00;0.00;0.00;776.00;601.00;0.00;0.00;0.00;0.00;0.00;0.00;0.00;0.00;0.00;388.00;504.00;97.00;0.00;0.00;0.00;0.00;1946.33;1929.33;2208.67;2208.67;2086.33;4134.32;4915.99;4982.33;3011.00;2176.33;2641.00;2416.33;2266.33;1954.67;2374.99;6276.33;320.00;1416.34;957.00;1859.33;160.00;432.33;224.67;310.00
1763511278.4131844;0.00;194.00;0.00;0.00;0.00;776.00;601.00;0.00;0.00;0.00;0.00;0.00;0.00;0.00;0.00;0.00;388.00;504.00;97.00;0.00;0.00;0.00;0.00;1946.33;1929.33;2208.67;2208.67;2086.33;4134.32;4915.99;4982.33;3011.00;2176.33;2641.00;2416.33;2266.33;1954.67;2374.99;6276.33;320.00;1416.34;957.00;1859.33;160.00;432.33;224.67;310.00
1763511278.4850616;0.00;194.00;0.00;0.00;0.00;776.00;601.00;0.00;0.00;0.00;0.00;0.00;0.00;0.00;0.00;0.00;388.00;504.00;97.00;0.00;0.00;0.00;0.00;1946.33;1929.33;2208.67;2208.67;2086.33;4134.32;4915.99;4982.33;3011.00;2176.33;2641.00;2416.33;2266.33;1954.67;2374.99;6276.33;320.00;1416.34;957.00;1859.33;160.00;432.33;224.67;310.00
1763511278.485938;0.00;194.00;0.00;0.00;0.00;776.00;601.00;0.00;0.00;0.00;0.00;0.00;0.00;0.00;0.00;0.00;388.00;504.00;97.00;0.00;0.00;0.00;0.00;1946.33;1929.33;2208.67;2208.67;2086.33;4134.32;4915.99;4982.33;3011.00;2176.33;2641.00;2416.33;2266.33;1954.67;2374.99;6276.33;320.00;1416.34;957.00;1859.33;160.00;432.33;224.67;310.00
1763511278.5475376;0.00;194.00;0.00;0.00;0.00;776.00;698.00;0.00;0.00;0.00;0.00;0.00;0.00;0.00;0.00;0.00;388.00;504.00;97.00;0.00;0.00;0.00;0.00;2186.33;2169.33;2448.67;2438.67;2316.33;4214.32;4915.99;4982.33;3108.00;2433.33;2993.33;2768.66;2416.33;2114.67;2374.99;6276.33;630.00;1416.34;957.00;2009.33;480.00;657.00;224.67;310.00
1763511278.5483866;0.00;194.00;0.00;0.00;0.00;776.00;698.00;0.00;0.00;0.00;0.00;0.00;0.00;0.00;0.00;0.00;388.00;504.00;97.00;0.00;0.00;0.00;0.00;2186.33;2169.33;2448.67;2438.67;2316.33;4214.32;4915.99;4982.33;3108.00;2433.33;2993.33;2768.66;2416.33;2114.67;2374.99;6276.33;630.00;1416.34;957.00;2009.33;480.00;657.00;224.67;310.00
1763511306.2438712;0.00;194.00;0.00;0.00;0.00;776.00;698.00;0.00;0.00;0.00;0.00;0.00;0.00;0.00;0.00;0.00;388.00;504.00;97.00;0.00;0.00;0.00;0.00;2186.33;2169.33;2448.67;2438.67;2316.33;4214.32;4915.99;4982.33;3108.00;2433.33;2993.33;2768.66;2416.33;2114.67;2374.99;6276.33;630.00;1416.34;957.00;2009.33;480.00;657.00;224.67;310.00
1763511306.244762;0.00;194.00;0.00;0.00;0.00;776.00;698.00;0.00;0.00;0.00;0.00;0.00;0.00;0.00;0.00;0.00;388.00;504.00;97.00;0.00;0.00;0.00;0.00;2186.33;2169.33;2448.67;2438.67;2316.33;4214.32;4915.99;4982.33;3108.00;2433.33;2993.33;2768.66;2416.33;2114.67;2374.99;6276.33;630.00;1416.34;957.00;2009.33;480.00;657.00;224.67;310.00
1763511306.3217413;0.00;194.00;0.00;0.00;0.00;776.00;698.00;0.00;0.00;0.00;0.00;0.00;0.00;0.00;0.00;0.00;388.00;504.00;97.00;0.00;0.00;0.00;0.00;2186.33;2169.33;2448.67;2438.67;2316.33;4214.32;4915.99;4982.33;3108.00;2433.33;2993.33;2768.66;2416.33;2114.67;2374.99;6276.33;630.00;1416.34;957.00;2009.33;480.00;657.00;224.67;310.00
1763511306.3226478;0.00;194.00;0.00;0.00;0.00;776.00;698.00;0.00;0.00;0.00;0.00;0.00;0.00;0.00;0.00;0.00;388.00;504.00;97.00;0.00;0.00;0.00;0.00;2186.33;2169.33;2448.67;2438.67;2316.33;4214.32;4915.99;4982.33;3108.00;2433.33;2993.33;2768.66;2416.33;2114.67;2374.99;6276.33;630.00;1416.34;957.00;2009.33;480.00;657.00;224.67;310.00
1763511306.393867;0.00;194.00;0.00;0.00;0.00;776.00;698.00;0.00;0.00;0.00;0.00;0.00;0.00;0.00;0.00;0.00;388.00;504.00;97.00;0.00;0.00;0.00;0.00;2186.33;2169.33;2448.67;2438.67;2316.33;4214.32;4915.99;4982.33;3108.00;2433.33;2993.33;2768.66;2416.33;2114.67;2374.99;6276.33;630.00;1416.34;957.00;2009.33;480.00;657.00;224.67;310.00
1763511306.3944147;0.00;194.00;0.00;0.00;0.00;776.00;698.00;0.00;0.00;0.00;0.00;0.00;0.00;0.00;0.00;0.00;388.00;504.00;97.00;0.00;0.00;0.00;0.00;2186.33;2169.33;2448.67;2438.67;2316.33;4214.32;4915.99;4982.33;3108.00;2433.33;2993.33;2768.66;2416.33;2114.67;2374.99;6276.33;630.00;1416.34;957.00;2009.33;480.00;657.00;224.67;310.00
1763511306.4714553;0.00;194.00;0.00;0.00;0.00;776.00;698.00;0.00;0.00;0.00;0.00;0.00;0.00;0.00;0.00;0.00;388.00;504.00;97.00;0.00;0.00;0.00;0.00;2186.33;2169.33;2448.67;2438.67;2316.33;4214.32;4915.99;4982.33;3108.00;2433.33;2993.33;2768.66;2416.33;2114.67;2374.99;6276.33;630.00;1416.34;957.00;2009.33;480.00;657.00;224.67;310.00
1763511306.4723537;0.00;194.00;0.00;0.00;0.00;776.00;698.00;0.00;0.00;0.00;0.00;0.00;0.00;0.00;0.00;0.00;388.00;504.00;97.00;0.00;0.00;0.00;0.00;2186.33;2169.33;2448.67;2438.67;2316.33;4214.32;4915.99;4982.33;3108.00;2433.33;2993.33;2768.66;2416.33;2114.67;2374.99;6276.33;630.00;1416.34;957.00;2009.33;480.00;657.00;224.67;310.00
1763511306.5404286;0.00;194.00;0.00;0.00;0.00;776.00;698.00;0.00;0.00;0.00;0.00;0.00;0.00;0.00;0.00;0.00;388.00;504.00;97.00;0.00;0.00;0.00;0.00;2186.33;2169.33;2448.67;2438.67;2316.33;4214.32;4915.99;4982.33;3108.00;2433.33;2993.33;2768.66;2416.33;2114.67;2374.99;6276.33;630.00;1416.34;957.00;2009.33;480.00;657.00;224.67;310.00
1763511306.5413067;0.00;194.00;0.00;0.00;0.00;776.00;698.00;0.00;0.00;0.00;0.00;0.00;0.00;0.00;0.00;0.00;388.00;504.00;97.00;0.00;0.00;0.00;0.00;2186.33;2169.33;2448.67;2438.67;2316.33;4214.32;4915.99;4982.33;3108.00;2433.33;2993.33;2768.66;2416.33;2114.67;2374.99;6276.33;630.00;1416.34;957.00;2009.33;480.00;657.00;224.67;310.00
1763511306.6191008;0.00;194.00;0.00;0.00;0.00;776.00;698.00;0.00;0.00;0.00;0.00;0.00;0.00;0.00;0.00;0.00;388.00;504.00;97.00;0.00;0.00;0.00;0.00;2186.33;2169.33;2448.67;2438.67;2316.33;4214.32;4915.99;4982.33;3108.00;2433.33;2993.33;2768.66;2416.33;2114.67;2374.99;6276.33;630.00;1416.34;957.00;2009.33;480.00;657.00;224.67;310.00
1763511306.6199884;0.00;194.00;0.00;0.00;0.00;776.00;698.00;0.00;0.00;0.00;0.00;0.00;0.00;0.00;0.00;0.00;388.00;504.00;97.00;0.00;0.00;0.00;0.00;2186.33;2169.33;2448.67;2438.67;2316.33;4214.32;4915.99;4982.33;3108.00;2433.33;2993.33;2768.66;2416.33;2114.67;2374.99;6276.33;630.00;1416.34;957.00;2009.33;480.00;657.00;224.67;310.00
1763511315.8296404;0.00;194.00;0.00;0.00;0.00;776.00;698.00;0.00;0.00;0.00;0.00;0.00;0.00;0.00;0.00;0.00;291.00;504.00;97.00;0.00;0.00;0.00;0.00;2186.33;2169.33;2448.67;2438.67;2316.33;4117.32;4658.99;4645.33;3108.00;2433.33;2993.33;2768.66;2256.33;2114.67;2037.99;5976.33;630.00;1416.34;957.00;2009.33;480.00;657.00;224.67;310.00
1763511315.830371;0.00;194.00;0.00;0.00;0.00;776.00;698.00;0.00;0.00;0.00;0.00;0.00;0.00;0.00;0.00;0.00;291.00;504.00;97.00;0.00;0.00;0.00;0.00;2186.33;2169.33;2448.67;2438.67;2316.33;4117.32;4658.99;4645.33;3108.00;2433.33;2993.33;2768.66;2256.33;2114.67;2037.99;5976.33;630.00;1416.34;957.00;2009.33;480.00;657.00;224.67;310.00
1763511329.253148;0.00;291.00;0.00;0.00;0.00;776.00;698.00;0.00;0.00;0.00;0.00;0.00;0.00;0.00;0.00;0.00;291.00;0.00;97.00;0.00;0.00;0.00;0.00;2154.00;2137.00;1977.00;1967.00;1909.33;3710.32;4251.99;4662.33;3075.67;2401.00;2961.00;2736.33;2256.33;2114.67;1925.66;5676.33;310.00;1031.67;957.00;2009.33;480.00;657.00;224.67;310.00
1763511329.254037;0.00;291.00;0.00;0.00;0.00;776.00;698.00;0.00;0.00;0.00;0.00;0.00;0.00;0.00;0.00;0.00;291.00;0.00;97.00;0.00;0.00;0.00;0.00;2154.00;2137.00;1977.00;1967.00;1909.33;3710.32;4251.99;4662.33;3075.67;2401.00;2961.00;2736.33;2256.33;2114.67;1925.66;5676.33;310.00;1031.67;957.00;2009.33;480.00;657.00;224.67;310.00
1763511329.31753;0.00;388.00;0.00;0.00;0.00;776.00;698.00;0.00;0.00;0.00;0.00;0.00;0.00;0.00;0.00;0.00;291.00;0.00;97.00;0.00;0.00;0.00;0.00;2314.00;2297.00;2137.00;2127.00;2069.33;3870.32;4411.99;4972.33;3235.67;2561.00;3121.00;2896.33;2256.33;2114.67;2492.66;6136.33;310.00;1031.67;957.00;2009.33;480.00;657.00;224.67;310.00
1763511329.3184202;0.00;388.00;0.00;0.00;0.00;776.00;698.00;0.00;0.00;0.00;0.00;0.00;0.00;0.00;0.00;0.00;291.00;0.00;97.00;0.00;0.00;0.00;0.00;2314.00;2297.00;2137.00;2127.00;2069.33;3870.32;4411.99;4972.33;3235.67;2561.00;3121.00;2896.33;2256.33;2114.67;2492.66;6136.33;310.00;1031.67;957.00;2009.33;480.00;657.00;224.67;310.00
1763511329.381565;0.00;485.00;0.00;0.00;0.00;776.00;698.00;0.00;0.00;0.00;0.00;0.00;0.00;0.00;0.00;0.00;291.00;0.00;97.00;0.00;0.00;0.00;0.00;2768.67;2751.67;2591.67;2581.67;2299.33;4100.32;4641.99;4972.33;3380.34;2705.67;3265.67;3351.00;2256.33;2114.67;2604.99;6596.33;310.00;1256.34;957.00;2009.33;480.00;657.00;534.67;310.00
1763511329.382463;0.00;485.00;0.00;0.00;0.00;776.00;698.00;0.00;0.00;0.00;0.00;0.00;0.00;0.00;0.00;0.00;291.00;0.00;97.00;0.00;0.00;0.00;0.00;2768.67;2751.67;2591.67;2581.67;2299.33;4100.32;4641.99;4972.33;3380.34;2705.67;3265.67;3351.00;2256.33;2114.67;2604.99;6596.33;310.00;1256.34;957.00;2009.33;480.00;657.00;534.67;310.00
1763511329.4541662;0.00;485.00;0.00;0.00;0.00;776.00;698.00;0.00;0.00;0.00;0.00;0.00;0.00;0.00;0.00;0.00;291.00;0.00;97.00;0.00;0.00;0.00;0.00;2768.67;2751.67;2591.67;2581.67;2299.33;4100.32;4641.99;4972.33;3380.34;2705.67;3265.67;3351.00;2256.33;2114.67;2604.99;6596.33;310.00;1256.34;957.00;2009.33;480.00;657.00;534.67;310.00
1763511329.4550574;0.00;485.00;0.00;0.00;0.00;776.00;698.00;0.00;0.00;0.00;0.00;0.00;0.00;0.00;0.00;0.00;291.00;0.00;97.00;0.00;0.00;0.00;0.00;2768.67;2751.67;2591.67;2581.67;2299.33;4100.32;4641.99;4972.33;3380.34;2705.67;3265.67;3351.00;2256.33;2114.67;2604.99;6596.33;310.00;1256.34;957.00;2009.33;480.00;657.00;534.67;310.00
1763511329.6722953;0.00;485.00;0.00;0.00;0.00;776.00;698.00;0.00;0.00;0.00;0.00;0.00;0.00;0.00;0.00;0.00;291.00;0.00;97.00;0.00;0.00;0.00;0.00;2768.67;2751.67;2591.67;2581.67;2299.33;4100.32;4641.99;4972.33;3380.34;2705.67;3265.67;3351.00;2256.33;2114.67;2604.99;6596.33;310.00;1256.34;957.00;2009.33;480.00;657.00;534.67;310.00
1763511329.673191;0.00;485.00;0.00;0.00;0.00;776.00;698.00;0.00;0.00;0.00;0.00;0.00;0.00;0.00;0.00;0.00;291.00;0.00;97.00;0.00;0.00;0.00;0.00;2768.67;2751.67;2591.67;2581.67;2299.33;4100.32;4641.99;4972.33;3380.34;2705.67;3265.67;3351.00;2256.33;2114.67;2604.99;6596.33;310.00;1256.34;957.00;2009.33;480.00;657.00;534.67;310.00
1763511329.7388716;0.00;485.00;0.00;0.00;0.00;776.00;698.00;0.00;0.00;0.00;0.00;0.00;0.00;0.00;0.00;0.00;291.00;0.00;97.00;0.00;0.00;0.00;0.00;2768.67;2751.67;2591.67;2581.67;2299.33;4100.32;4641.99;4972.33;3380.34;2705.67;3265.67;3351.00;2256.33;2114.67;2604.99;6596.33;310.00;1256.34;957.00;2009.33;480.00;657.00;534.67;310.00
1763511329.7397768;0.00;485.00;0.00;0.00;0.00;776.00;698.00;0.00;0.00;0.00;0.00;0.00;0.00;0.00;0.00;0.00;291.00;0.00;97.00;0.00;0.00;0.00;0.00;2768.67;2751.67;2591.67;2581.67;2299.33;4100.32;4641.99;4972.33;3380.34;2705.67;3265.67;3351.00;2256.33;2114.67;2604.99;6596.33;310.00;1256.34;957.00;2009.33;480.00;657.00;534.67;310.00
1763511330.8524795;0.00;388.00;0.00;0.00;0.00;873.00;698.00;0.00;0.00;0.00;0.00;0.00;0.00;0.00;0.00;0.00;194.00;0.00;0.00;0.00;0.00;0.00;0.00;2544.00;2121.67;2121.67;2111.67;1829.33;3217.99;4299.66;4870.00;3300.34;2625.67;3041.00;3126.33;1946.33;2114.67;2523.32;5986.33;310.00;1256.34;422.33;1924.00;320.00;544.67;534.67;310.00
1763511330.853243;0.00;388.00;0.00;0.00;0.00;873.00;698.00;0.00;0.00;0.00;0.00;0.00;0.00;0.00;0.00;0.00;194.00;0.00;0.00;0.00;0.00;0.00;0.00;2544.00;2121.67;2121.67;2111.67;1829.33;3217.99;4299.66;4870.00;3300.34;2625.67;3041.00;3126.33;1946.33;2114.67;2523.32;5986.33;310.00;1256.34;422.33;1924.00;320.00;544.67;534.67;310.00
1763511330.9395063;0.00;388.00;0.00;0.00;0.00;873.00;698.00;0.00;0.00;0.00;0.00;0.00;0.00;0.00;0.00;0.00;194.00;0.00;0.00;0.00;0.00;0.00;0.00;2544.00;2121.67;2121.67;2111.67;1829.33;3217.99;4299.66;4870.00;3300.34;2625.67;3041.00;3126.33;1946.33;2114.67;2523.32;5986.33;310.00;1256.34;422.33;1924.00;320.00;544.67;534.67;310.00
1763511330.9406831;0.00;388.00;0.00;0.00;0.00;873.00;698.00;0.00;0.00;0.00;0.00;0.00;0.00;0.00;0.00;0.00;194.00;0.00;0.00;0.00;0.00;0.00;0.00;2544.00;2121.67;2121.67;2111.67;1829.33;3217.99;4299.66;4870.00;3300.34;2625.67;3041.00;3126.33;1946.33;2114.67;2523.32;5986.33;310.00;1256.34;422.33;1924.00;320.00;544.67;534.67;310.00
1763511331.024801;0.00;388.00;0.00;0.00;0.00;970.00;698.00;0.00;0.00;0.00;0.00;0.00;0.00;0.00;0.00;0.00;194.00;0.00;0.00;0.00;0.00;0.00;0.00;2608.67;2186.34;2506.34;2496.34;2214.00;3832.66;4904.33;4950.00;3365.01;2690.34;3105.67;3191.00;1946.33;2114.67;2635.65;6286.33;310.00;1256.34;422.33;2084.00;320.00;544.67;534.67;310.00
1763511331.0258102;0.00;388.00;0.00;0.00;0.00;970.00;698.00;0.00;0.00;0.00;0.00;0.00;0.00;0.00;0.00;0.00;194.00;0.00;0.00;0.00;0.00;0.00;0.00;2608.67;2186.34;2506.34;2496.34;2214.00;3832.66;4904.33;4950.00;3365.01;2690.34;3105.67;3191.00;1946.33;2114.67;2635.65;6286.33;310.00;1256.34;422.33;2084.00;320.00;544.67;534.67;310.00
1763511353.2564664;0.00;291.00;0.00;0.00;0.00;97.00;698.00;97.00;0.00;0.00;0.00;0.00;0.00;0.00;0.00;0.00;0.00;0.00;0.00;0.00;0.00;0.00;0.00;1341.67;1341.67;1341.67;1331.67;1107.00;1144.00;1716.33;2375.67;1968.67;1518.67;1614.00;1924.00;572.33;1250.00;1651.66;2554.00;310.00;834.01;0.00;637.00;320.00;224.67;310.00;310.00
1763511353.2570267;0.00;291.00;0.00;0.00;0.00;97.00;698.00;97.00;0.00;0.00;0.00;0.00;0.00;0.00;0.00;0.00;0.00;0.00;0.00;0.00;0.00;0.00;0.00;1341.67;1341.67;1341.67;1331.67;1107.00;1144.00;1716.33;2375.67;1968.67;1518.67;1614.00;1924.00;572.33;1250.00;1651.66;2554.00;310.00;834.01;0.00;637.00;320.00;224.67;310.00;310.00
1763511353.3222656;0.00;291.00;0.00;0.00;0.00;97.00;698.00;194.00;0.00;0.00;0.00;0.00;0.00;0.00;0.00;0.00;0.00;0.00;0.00;0.00;0.00;0.00;0.00;1341.67;1341.67;1341.67;1331.67;1107.00;1144.00;2026.33;2375.67;1968.67;1518.67;1614.00;1924.00;882.33;1250.00;1651.66;2961.00;310.00;834.01;0.00;637.00;320.00;224.67;310.00;310.00
1763511353.323111;0.00;291.00;0.00;0.00;0.00;97.00;698.00;194.00;0.00;0.00;0.00;0.00;0.00;0.00;0.00;0.00;0.00;0.00;0.00;0.00;0.00;0.00;0.00;1341.67;1341.67;1341.67;1331.67;1107.00;1144.00;2026.33;2375.67;1968.67;1518.67;1614.00;1924.00;882.33;1250.00;1651.66;2961.00;310.00;834.01;0.00;637.00;320.00;224.67;310.00;310.00
1763511353.3905034;0.00;291.00;0.00;0.00;0.00;97.00;698.00;291.00;0.00;0.00;0.00;0.00;0.00;0.00;0.00;0.00;0.00;0.00;0.00;0.00;0.00;0.00;0.00;1341.67;1341.67;1341.67;1331.67;1107.00;1144.00;2583.33;2375.67;1968.67;1518.67;1614.00;1924.00;1439.33;1250.00;1651.66;3421.00;310.00;834.01;0.00;637.00;320.00;224.67;310.00;310.00
1763511353.3913507;0.00;291.00;0.00;0.00;0.00;97.00;698.00;291.00;0.00;0.00;0.00;0.00;0.00;0.00;0.00;0.00;0.00;0.00;0.00;0.00;0.00;0.00;0.00;1341.67;1341.67;1341.67;1331.67;1107.00;1144.00;2583.33;2375.67;1968.67;1518.67;1614.00;1924.00;1439.33;1250.00;1651.66;3421.00;310.00;834.01;0.00;637.00;320.00;224.67;310.00;310.00
1763511353.4597447;0.00;291.00;0.00;0.00;0.00;97.00;698.00;388.00;0.00;0.00;0.00;0.00;0.00;0.00;0.00;0.00;0.00;0.00;0.00;0.00;0.00;0.00;0.00;1341.67;1341.67;1341.67;1331.67;1107.00;1471.00;2910.33;2375.67;1968.67;1518.67;1614.00;1924.00;1439.33;1250.00;1651.66;3881.00;310.00;834.01;0.00;964.00;320.00;224.67;310.00;310.00
1763511353.4605906;0.00;291.00;0.00;0.00;0.00;97.00;698.00;388.00;0.00;0.00;0.00;0.00;0.00;0.00;0.00;0.00;0.00;0.00;0.00;0.00;0.00;0.00;0.00;1341.67;1341.67;1341.67;1331.67;1107.00;1471.00;2910.33;2375.67;1968.67;1518.67;1614.00;1924.00;1439.33;1250.00;1651.66;3881.00;310.00;834.01;0.00;964.00;320.00;224.67;310.00;310.00
1763511353.5250676;0.00;291.00;0.00;0.00;0.00;97.00;698.00;485.00;0.00;0.00;0.00;0.00;0.00;0.00;0.00;0.00;0.00;0.00;0.00;0.00;0.00;0.00;0.00;1341.67;1341.67;1341.67;1331.67;1107.00;1583.33;3022.66;2590.34;1968.67;1518.67;1614.00;1924.00;1439.33;1250.00;1866.33;4341.00;310.00;834.01;0.00;1076.33;320.00;224.67;310.00;310.00
1763511353.5259619;0.00;291.00;0.00;0.00;0.00;97.00;698.00;485.00;0.00;0.00;0.00;0.00;0.00;0.00;0.00;0.00;0.00;0.00;0.00;0.00;0.00;0.00;0.00;1341.67;1341.67;1341.67;1331.67;1107.00;1583.33;3022.66;2590.34;1968.67;1518.67;1614.00;1924.00;1439.33;1250.00;1866.33;4341.00;310.00;834.01;0.00;1076.33;320.00;224.67;310.00;310.00
1763511353.5898519;0.00;291.00;0.00;0.00;0.00;97.00;698.00;582.00;0.00;0.00;0.00;0.00;0.00;0.00;0.00;0.00;0.00;0.00;0.00;0.00;0.00;0.00;0.00;1341.67;1341.67;1341.67;1331.67;1107.00;1583.33;3022.66;2927.34;1968.67;1518.67;1614.00;1924.00;1439.33;1250.00;2203.33;4801.00;310.00;834.01;0.00;1076.33;320.00;224.67;310.00;310.00
1763511353.590727;0.00;291.00;0.00;0.00;0.00;97.00;698.00;582.00;0.00;0.00;0.00;0.00;0.00;0.00;0.00;0.00;0.00;0.00;0.00;0.00;0.00;0.00;0.00;1341.67;1341.67;1341.67;1331.67;1107.00;1583.33;3022.66;2927.34;1968.67;1518.67;1614.00;1924.00;1439.33;1250.00;2203.33;4801.00;310.00;834.01;0.00;1076.33;320.00;224.67;310.00;310.00
1763511369.2670171;0.00;291.00;0.00;0.00;0.00;97.00;698.00;582.00;0.00;0.00;0.00;0.00;0.00;0.00;0.00;0.00;0.00;0.00;0.00;0.00;0.00;0.00;97.00;1341.67;1341.67;1341.67;1331.67;1107.00;1583.33;3022.66;3072.01;2065.67;1615.67;1711.00;1924.00;1439.33;1250.00;2315.66;5101.00;310.00;834.01;0.00;1076.33;320.00;224.67;310.00;310.00
1763511369.2679298;0.00;291.00;0.00;0.00;0.00;97.00;698.00;582.00;0.00;0.00;0.00;0.00;0.00;0.00;0.00;0.00;0.00;0.00;0.00;0.00;0.00;0.00;97.00;1341.67;1341.67;1341.67;1331.67;1107.00;1583.33;3022.66;3072.01;2065.67;1615.67;1711.00;1924.00;1439.33;1250.00;2315.66;5101.00;310.00;834.01;0.00;1076.33;320.00;224.67;310.00;310.00
1763511369.3320482;0.00;291.00;0.00;0.00;0.00;97.00;698.00;582.00;0.00;0.00;0.00;0.00;0.00;0.00;0.00;0.00;0.00;0.00;0.00;0.00;0.00;0.00;194.00;1341.67;1341.67;1341.67;1331.67;1107.00;1583.33;3022.66;3216.68;2162.67;1712.67;1808.00;1924.00;1439.33;1250.00;2427.99;5401.00;310.00;834.01;0.00;1076.33;320.00;224.67;310.00;310.00
1763511369.3329315;0.00;291.00;0.00;0.00;0.00;97.00;698.00;582.00;0.00;0.00;0.00;0.00;0.00;0.00;0.00;0.00;0.00;0.00;0.00;0.00;0.00;0.00;194.00;1341.67;1341.67;1341.67;1331.67;1107.00;1583.33;3022.66;3216.68;2162.67;1712.67;1808.00;1924.00;1439.33;1250.00;2427.99;5401.00;310.00;834.01;0.00;1076.33;320.00;224.67;310.00;310.00
1763511369.395922;0.00;291.00;0.00;0.00;0.00;97.00;698.00;582.00;0.00;0.00;0.00;0.00;0.00;0.00;0.00;0.00;0.00;0.00;0.00;0.00;0.00;0.00;291.00;1341.67;1341.67;1341.67;1331.67;1427.00;1903.33;3342.66;3623.68;2569.67;1809.67;1905.00;1924.00;1439.33;1560.00;2427.99;5701.00;310.00;1154.01;0.00;1076.33;320.00;224.67;310.00;310.00
1763511369.3967826;0.00;291.00;0.00;0.00;0.00;97.00;698.00;582.00;0.00;0.00;0.00;0.00;0.00;0.00;0.00;0.00;0.00;0.00;0.00;0.00;0.00;0.00;291.00;1341.67;1341.67;1341.67;1331.67;1427.00;1903.33;3342.66;3623.68;2569.67;1809.67;1905.00;1924.00;1439.33;1560.00;2427.99;5701.00;310.00;1154.01;0.00;1076.33;320.00;224.67;310.00;310.00
1763511369.4662294;0.00;291.00;0.00;0.00;0.00;97.00;698.00;582.00;0.00;0.00;0.00;0.00;0.00;0.00;0.00;0.00;0.00;0.00;0.00;0.00;0.00;0.00;388.00;1501.67;1501.67;1501.67;1491.67;1587.00;2063.33;3502.66;3870.68;2816.67;2066.67;2162.00;2084.00;1439.33;1870.00;2427.99;6001.00;310.00;1154.01;0.00;1076.33;320.00;224.67;310.00;310.00
1763511369.4671152;0.00;291.00;0.00;0.00;0.00;97.00;698.00;582.00;0.00;0.00;0.00;0.00;0.00;0.00;0.00;0.00;0.00;0.00;0.00;0.00;0.00;0.00;388.00;1501.67;1501.67;1501.67;1491.67;1587.00;2063.33;3502.66;3870.68;2816.67;2066.67;2162.00;2084.00;1439.33;1870.00;2427.99;6001.00;310.00;1154.01;0.00;1076.33;320.00;224.67;310.00;310.00
1763511369.534617;0.00;291.00;0.00;0.00;0.00;97.00;698.00;582.00;0.00;0.00;0.00;0.00;0.00;0.00;0.00;0.00;0.00;0.00;0.00;0.00;0.00;0.00;795.00;1661.67;1661.67;1661.67;1651.67;1747.00;2223.33;3892.66;4213.01;3159.00;2313.67;2409.00;2244.00;1439.33;2094.67;2427.99;6301.00;630.00;1154.01;0.00;1076.33;320.00;224.67;310.00;310.00
1763511369.5355241;0.00;291.00;0.00;0.00;0.00;97.00;698.00;582.00;0.00;0.00;0.00;0.00;0.00;0.00;0.00;0.00;0.00;0.00;0.00;0.00;0.00;0.00;795.00;1661.67;1661.67;1661.67;1651.67;1747.00;2223.33;3892.66;4213.01;3159.00;2313.67;2409.00;2244.00;1439.33;2094.67;2427.99;6301.00;630.00;1154.01;0.00;1076.33;320.00;224.67;310.00;310.00
1763511369.5962992;0.00;291.00;0.00;0.00;0.00;97.00;698.00;582.00;0.00;0.00;0.00;0.00;0.00;0.00;0.00;0.00;0.00;0.00;0.00;0.00;0.00;0.00;892.00;1694.00;1694.00;1694.00;1684.00;1827.00;2303.33;4512.66;4373.01;3319.00;2698.34;2473.67;2276.33;1439.33;2319.34;2427.99;6601.00;630.00;1266.34;0.00;1076.33;320.00;544.67;310.00;310.00
1763511369.5968182;0.00;291.00;0.00;0.00;0.00;97.00;698.00;582.00;0.00;0.00;0.00;0.00;0.00;0.00;0.00;0.00;0.00;0.00;0.00;0.00;0.00;0.00;892.00;1694.00;1694.00;1694.00;1684.00;1827.00;2303.33;4512.66;4373.01;3319.00;2698.34;2473.67;2276.33;1439.33;2319.34;2427.99;6601.00;630.00;1266.34;0.00;1076.33;320.00;544.67;310.00;310.00
1763511390.9187536;0.00;194.00;97.00;0.00;0.00;0.00;0.00;582.00;0.00;0.00;0.00;0.00;0.00;0.00;0.00;0.00;0.00;0.00;0.00;0.00;0.00;0.00;892.00;967.00;967.00;967.00;967.00;1110.00;1549.33;3603.33;2847.34;1885.00;1484.34;1164.34;967.00;1187.00;1299.34;1765.66;5701.00;320.00;657.00;0.00;439.33;0.00;320.00;310.00;0.00
1763511390.9198942;0.00;194.00;97.00;0.00;0.00;0.00;0.00;582.00;0.00;0.00;0.00;0.00;0.00;0.00;0.00;0.00;0.00;0.00;0.00;0.00;0.00;0.00;892.00;967.00;967.00;967.00;967.00;1110.00;1549.33;3603.33;2847.34;1885.00;1484.34;1164.34;967.00;1187.00;1299.34;1765.66;5701.00;320.00;657.00;0.00;439.33;0.00;320.00;310.00;0.00
1763511394.2779665;0.00;194.00;194.00;0.00;0.00;0.00;0.00;582.00;0.00;0.00;0.00;0.00;0.00;0.00;0.00;0.00;0.00;0.00;0.00;0.00;0.00;0.00;892.00;967.00;967.00;967.00;967.00;1110.00;1709.33;3930.33;2847.34;1885.00;1484.34;1164.34;967.00;1187.00;1299.34;1765.66;6338.00;320.00;657.00;0.00;599.33;0.00;320.00;310.00;0.00
1763511394.278847;0.00;194.00;194.00;0.00;0.00;0.00;0.00;582.00;0.00;0.00;0.00;0.00;0.00;0.00;0.00;0.00;0.00;0.00;0.00;0.00;0.00;0.00;892.00;967.00;967.00;967.00;967.00;1110.00;1709.33;3930.33;2847.34;1885.00;1484.34;1164.34;967.00;1187.00;1299.34;1765.66;6338.00;320.00;657.00;0.00;599.33;0.00;320.00;310.00;0.00
1763511394.3472497;0.00;194.00;291.00;0.00;0.00;0.00;0.00;582.00;0.00;0.00;0.00;0.00;0.00;0.00;0.00;0.00;0.00;0.00;0.00;0.00;0.00;0.00;892.00;967.00;967.00;967.00;967.00;1110.00;1869.33;4465.00;3382.01;2195.00;1484.34;1164.34;967.00;1299.33;1609.34;1990.33;6638.00;320.00;657.00;0.00;759.33;0.00;320.00;310.00;0.00
1763511394.3481503;0.00;194.00;291.00;0.00;0.00;0.00;0.00;582.00;0.00;0.00;0.00;0.00;0.00;0.00;0.00;0.00;0.00;0.00;0.00;0.00;0.00;0.00;892.00;967.00;967.00;967.00;967.00;1110.00;1869.33;4465.00;3382.01;2195.00;1484.34;1164.34;967.00;1299.33;1609.34;1990.33;6638.00;320.00;657.00;0.00;759.33;0.00;320.00;310.00;0.00
1763511394.415634;0.00;194.00;388.00;0.00;0.00;0.00;0.00;582.00;0.00;0.00;0.00;0.00;0.00;0.00;0.00;0.00;0.00;0.00;0.00;0.00;0.00;0.00;892.00;1117.00;1117.00;1117.00;1117.00;1270.00;2189.33;4952.00;3964.34;2665.00;1634.34;1314.34;1117.00;1299.33;1929.34;2102.66;6938.00;320.00;967.00;0.00;919.33;0.00;320.00;310.00;0.00
1763511394.4165142;0.00;194.00;388.00;0.00;0.00;0.00;0.00;582.00;0.00;0.00;0.00;0.00;0.00;0.00;0.00;0.00;0.00;0.00;0.00;0.00;0.00;0.00;892.00;1117.00;1117.00;1117.00;1117.00;1270.00;2189.33;4952.00;3964.34;2665.00;1634.34;1314.34;1117.00;1299.33;1929.34;2102.66;6938.00;320.00;967.00;0.00;919.33;0.00;320.00;310.00;0.00
1763511394.4811835;0.00;194.00;485.00;0.00;0.00;0.00;0.00;582.00;0.00;0.00;0.00;0.00;0.00;0.00;0.00;0.00;0.00;0.00;0.00;0.00;0.00;0.00;892.00;1731.67;1731.67;1411.67;1411.67;1564.67;2484.00;4984.33;4344.34;3045.00;2239.01;1919.01;1721.67;1299.33;2154.01;2102.66;7238.00;320.00;967.00;0.00;1079.33;320.00;320.00;310.00;0.00
1763511394.482056;0.00;194.00;485.00;0.00;0.00;0.00;0.00;582.00;0.00;0.00;0.00;0.00;0.00;0.00;0.00;0.00;0.00;0.00;0.00;0.00;0.00;0.00;892.00;1731.67;1731.67;1411.67;1411.67;1564.67;2484.00;4984.33;4344.34;3045.00;2239.01;1919.01;1721.67;1299.33;2154.01;2102.66;7238.00;320.00;967.00;0.00;1079.33;320.00;320.00;310.00;0.00
1763511394.5514042;0.00;194.00;582.00;0.00;0.00;0.00;0.00;582.00;0.00;0.00;0.00;0.00;0.00;0.00;0.00;0.00;0.00;0.00;0.00;0.00;0.00;0.00;892.00;2378.67;2378.67;2058.67;1738.67;1891.67;2811.00;4984.33;4644.34;3355.00;2886.01;2566.01;2368.67;1299.33;2491.01;2102.66;7538.00;640.00;967.00;0.00;1239.33;320.00;320.00;310.00;0.00
1763511394.5522673;0.00;194.00;582.00;0.00;0.00;0.00;0.00;582.00;0.00;0.00;0.00;0.00;0.00;0.00;0.00;0.00;0.00;0.00;0.00;0.00;0.00;0.00;892.00;2378.67;2378.67;2058.67;1738.67;1891.67;2811.00;4984.33;4644.34;3355.00;2886.01;2566.01;2368.67;1299.33;2491.01;2102.66;7538.00;640.00;967.00;0.00;1239.33;320.00;320.00;310.00;0.00
1763511394.620803;0.00;194.00;679.00;0.00;0.00;0.00;0.00;582.00;0.00;0.00;0.00;0.00;0.00;0.00;0.00;0.00;0.00;0.00;0.00;0.00;0.00;0.00;892.00;2791.00;2791.00;2481.00;2385.67;2538.67;3458.00;4984.33;4944.34;3655.00;3186.01;2978.34;2781.00;1299.33;2491.01;2102.66;7838.00;864.67;967.00;0.00;1399.33;320.00;320.00;310.00;0.00
1763511394.6216967;0.00;194.00;679.00;0.00;0.00;0.00;0.00;582.00;0.00;0.00;0.00;0.00;0.00;0.00;0.00;0.00;0.00;0.00;0.00;0.00;0.00;0.00;892.00;2791.00;2791.00;2481.00;2385.67;2538.67;3458.00;4984.33;4944.34;3655.00;3186.01;2978.34;2781.00;1299.33;2491.01;2102.66;7838.00;864.67;967.00;0.00;1399.33;320.00;320.00;310.00;0.00
1763511410.2779768;0.00;194.00;679.00;0.00;0.00;0.00;0.00;582.00;0.00;0.00;0.00;0.00;0.00;0.00;0.00;0.00;0.00;0.00;0.00;0.00;0.00;0.00;892.00;2791.00;2791.00;2481.00;2385.67;2538.67;3458.00;4984.33;4944.34;3655.00;3186.01;2978.34;2781.00;1299.33;2491.01;2102.66;7838.00;864.67;967.00;0.00;1399.33;320.00;320.00;310.00;0.00
1763511410.2785227;0.00;194.00;679.00;0.00;0.00;0.00;0.00;582.00;0.00;0.00;0.00;0.00;0.00;0.00;0.00;0.00;0.00;0.00;0.00;0.00;0.00;0.00;892.00;2791.00;2791.00;2481.00;2385.67;2538.67;3458.00;4984.33;4944.34;3655.00;3186.01;2978.34;2781.00;1299.33;2491.01;2102.66;7838.00;864.67;967.00;0.00;1399.33;320.00;320.00;310.00;0.00
1763511410.320889;0.00;194.00;679.00;0.00;0.00;0.00;0.00;582.00;0.00;0.00;0.00;0.00;0.00;0.00;0.00;0.00;0.00;0.00;0.00;0.00;0.00;0.00;892.00;2791.00;2791.00;2481.00;2385.67;2538.67;3458.00;4984.33;4944.34;3655.00;3186.01;2978.34;2781.00;1299.33;2491.01;2102.66;7838.00;864.67;967.00;0.00;1399.33;320.00;320.00;310.00;0.00
1763511410.3214233;0.00;194.00;679.00;0.00;0.00;0.00;0.00;582.00;0.00;0.00;0.00;0.00;0.00;0.00;0.00;0.00;0.00;0.00;0.00;0.00;0.00;0.00;892.00;2791.00;2791.00;2481.00;2385.67;2538.67;3458.00;4984.33;4944.34;3655.00;3186.01;2978.34;2781.00;1299.33;2491.01;2102.66;7838.00;864.67;967.00;0.00;1399.33;320.00;320.00;310.00;0.00
1763511410.4629447;0.00;194.00;679.00;0.00;0.00;0.00;0.00;582.00;0.00;0.00;0.00;0.00;0.00;0.00;0.00;0.00;0.00;0.00;0.00;0.00;0.00;0.00;892.00;2791.00;2791.00;2481.00;2385.67;2538.67;3458.00;4984.33;4944.34;3655.00;3186.01;2978.34;2781.00;1299.33;2491.01;2102.66;7838.00;864.67;967.00;0.00;1399.33;320.00;320.00;310.00;0.00
1763511410.4634755;0.00;194.00;679.00;0.00;0.00;0.00;0.00;582.00;0.00;0.00;0.00;0.00;0.00;0.00;0.00;0.00;0.00;0.00;0.00;0.00;0.00;0.00;892.00;2791.00;2791.00;2481.00;2385.67;2538.67;3458.00;4984.33;4944.34;3655.00;3186.01;2978.34;2781.00;1299.33;2491.01;2102.66;7838.00;864.67;967.00;0.00;1399.33;320.00;320.00;310.00;0.00
1763511410.5183623;0.00;194.00;679.00;0.00;0.00;0.00;0.00;582.00;0.00;0.00;0.00;0.00;0.00;0.00;0.00;0.00;0.00;0.00;0.00;0.00;0.00;0.00;892.00;2791.00;2791.00;2481.00;2385.67;2538.67;3458.00;4984.33;4944.34;3655.00;3186.01;2978.34;2781.00;1299.33;2491.01;2102.66;7838.00;864.67;967.00;0.00;1399.33;320.00;320.00;310.00;0.00
1763511410.5188973;0.00;194.00;679.00;0.00;0.00;0.00;0.00;582.00;0.00;0.00;0.00;0.00;0.00;0.00;0.00;0.00;0.00;0.00;0.00;0.00;0.00;0.00;892.00;2791.00;2791.00;2481.00;2385.67;2538.67;3458.00;4984.33;4944.34;3655.00;3186.01;2978.34;2781.00;1299.33;2491.01;2102.66;7838.00;864.67;967.00;0.00;1399.33;320.00;320.00;310.00;0.00
1763511410.5649953;0.00;194.00;679.00;0.00;0.00;0.00;0.00;582.00;0.00;0.00;0.00;0.00;0.00;0.00;0.00;0.00;0.00;0.00;0.00;0.00;0.00;0.00;892.00;2791.00;2791.00;2481.00;2385.67;2538.67;3458.00;4984.33;4944.34;3655.00;3186.01;2978.34;2781.00;1299.33;2491.01;2102.66;7838.00;864.67;967.00;0.00;1399.33;320.00;320.00;310.00;0.00
1763511410.5655282;0.00;194.00;679.00;0.00;0.00;0.00;0.00;582.00;0.00;0.00;0.00;0.00;0.00;0.00;0.00;0.00;0.00;0.00;0.00;0.00;0.00;0.00;892.00;2791.00;2791.00;2481.00;2385.67;2538.67;3458.00;4984.33;4944.34;3655.00;3186.01;2978.34;2781.00;1299.33;2491.01;2102.66;7838.00;864.67;967.00;0.00;1399.33;320.00;320.00;310.00;0.00
1763511410.6148276;0.00;194.00;679.00;0.00;0.00;0.00;0.00;582.00;0.00;0.00;0.00;0.00;0.00;0.00;0.00;0.00;0.00;0.00;0.00;0.00;0.00;0.00;892.00;2791.00;2791.00;2481.00;2385.67;2538.67;3458.00;4984.33;4944.34;3655.00;3186.01;2978.34;2781.00;1299.33;2491.01;2102.66;7838.00;864.67;967.00;0.00;1399.33;320.00;320.00;310.00;0.00
1763511410.615359;0.00;194.00;679.00;0.00;0.00;0.00;0.00;582.00;0.00;0.00;0.00;0.00;0.00;0.00;0.00;0.00;0.00;0.00;0.00;0.00;0.00;0.00;892.00;2791.00;2791.00;2481.00;2385.67;2538.67;3458.00;4984.33;4944.34;3655.00;3186.01;2978.34;2781.00;1299.33;2491.01;2102.66;7838.00;864.67;967.00;0.00;1399.33;320.00;320.00;310.00;0.00
1763511410.942237;0.00;194.00;582.00;0.00;0.00;0.00;0.00;582.00;0.00;0.00;0.00;0.00;0.00;0.00;0.00;0.00;0.00;0.00;0.00;0.00;0.00;0.00;892.00;2791.00;2791.00;2481.00;2385.67;2538.67;3458.00;4567.33;4404.34;3425.00;3186.01;2978.34;2781.00;979.33;2261.01;1792.66;7201.00;864.67;967.00;0.00;1399.33;320.00;320.00;310.00;0.00
1763511410.9433777;0.00;194.00;582.00;0.00;0.00;0.00;0.00;582.00;0.00;0.00;0.00;0.00;0.00;0.00;0.00;0.00;0.00;0.00;0.00;0.00;0.00;0.00;892.00;2791.00;2791.00;2481.00;2385.67;2538.67;3458.00;4567.33;4404.34;3425.00;3186.01;2978.34;2781.00;979.33;2261.01;1792.66;7201.00;864.67;967.00;0.00;1399.33;320.00;320.00;310.00;0.00
1763511420.9497116;0.00;97.00;582.00;0.00;0.00;97.00;0.00;582.00;0.00;0.00;0.00;0.00;0.00;0.00;0.00;0.00;0.00;0.00;0.00;0.00;0.00;0.00;892.00;2631.00;2631.00;2321.00;2225.67;2378.67;3298.00;4727.33;4731.34;3265.00;3026.01;2818.34;2621.00;1299.33;2261.01;1765.66;7378.00;864.67;967.00;0.00;1399.33;320.00;320.00;310.00;0.00
1763511420.9508357;0.00;97.00;582.00;0.00;0.00;97.00;0.00;582.00;0.00;0.00;0.00;0.00;0.00;0.00;0.00;0.00;0.00;0.00;0.00;0.00;0.00;0.00;892.00;2631.00;2631.00;2321.00;2225.67;2378.67;3298.00;4727.33;4731.34;3265.00;3026.01;2818.34;2621.00;1299.33;2261.01;1765.66;7378.00;864.67;967.00;0.00;1399.33;320.00;320.00;310.00;0.00
1763511429.296412;0.00;97.00;582.00;0.00;0.00;97.00;0.00;582.00;0.00;0.00;0.00;0.00;0.00;0.00;0.00;0.00;0.00;0.00;97.00;0.00;0.00;0.00;892.00;2781.00;2791.00;2481.00;2385.67;2538.67;3458.00;4887.33;4946.01;3742.00;3273.01;2968.34;2771.00;1299.33;2491.01;2027.99;7528.00;864.67;967.00;310.00;1399.33;320.00;320.00;310.00;0.00
1763511429.2972956;0.00;97.00;582.00;0.00;0.00;97.00;0.00;582.00;0.00;0.00;0.00;0.00;0.00;0.00;0.00;0.00;0.00;0.00;97.00;0.00;0.00;0.00;892.00;2781.00;2791.00;2481.00;2385.67;2538.67;3458.00;4887.33;4946.01;3742.00;3273.01;2968.34;2771.00;1299.33;2491.01;2027.99;7528.00;864.67;967.00;310.00;1399.33;320.00;320.00;310.00;0.00
1763511429.3648484;0.00;97.00;582.00;0.00;0.00;97.00;0.00;582.00;0.00;0.00;0.00;0.00;0.00;0.00;0.00;0.00;0.00;0.00;97.00;0.00;0.00;0.00;892.00;2781.00;2791.00;2481.00;2385.67;2538.67;3458.00;4887.33;4946.01;3742.00;3273.01;2968.34;2771.00;1299.33;2491.01;2027.99;7528.00;864.67;967.00;310.00;1399.33;320.00;320.00;310.00;0.00
1763511429.365396;0.00;97.00;582.00;0.00;0.00;97.00;0.00;582.00;0.00;0.00;0.00;0.00;0.00;0.00;0.00;0.00;0.00;0.00;97.00;0.00;0.00;0.00;892.00;2781.00;2791.00;2481.00;2385.67;2538.67;3458.00;4887.33;4946.01;3742.00;3273.01;2968.34;2771.00;1299.33;2491.01;2027.99;7528.00;864.67;967.00;310.00;1399.33;320.00;320.00;310.00;0.00
1763511429.4395258;0.00;97.00;582.00;0.00;0.00;97.00;0.00;582.00;0.00;0.00;0.00;0.00;0.00;0.00;0.00;0.00;0.00;0.00;97.00;0.00;0.00;0.00;892.00;2781.00;2791.00;2481.00;2385.67;2538.67;3458.00;4887.33;4946.01;3742.00;3273.01;2968.34;2771.00;1299.33;2491.01;2027.99;7528.00;864.67;967.00;310.00;1399.33;320.00;320.00;310.00;0.00
1763511429.4405053;0.00;97.00;582.00;0.00;0.00;97.00;0.00;582.00;0.00;0.00;0.00;0.00;0.00;0.00;0.00;0.00;0.00;0.00;97.00;0.00;0.00;0.00;892.00;2781.00;2791.00;2481.00;2385.67;2538.67;3458.00;4887.33;4946.01;3742.00;3273.01;2968.34;2771.00;1299.33;2491.01;2027.99;7528.00;864.67;967.00;310.00;1399.33;320.00;320.00;310.00;0.00
1763511429.5182357;0.00;97.00;582.00;0.00;0.00;97.00;0.00;582.00;0.00;0.00;0.00;0.00;0.00;0.00;0.00;0.00;0.00;0.00;97.00;0.00;0.00;0.00;892.00;2781.00;2791.00;2481.00;2385.67;2538.67;3458.00;4887.33;4946.01;3742.00;3273.01;2968.34;2771.00;1299.33;2491.01;2027.99;7528.00;864.67;967.00;310.00;1399.33;320.00;320.00;310.00;0.00
1763511429.51916;0.00;97.00;582.00;0.00;0.00;97.00;0.00;582.00;0.00;0.00;0.00;0.00;0.00;0.00;0.00;0.00;0.00;0.00;97.00;0.00;0.00;0.00;892.00;2781.00;2791.00;2481.00;2385.67;2538.67;3458.00;4887.33;4946.01;3742.00;3273.01;2968.34;2771.00;1299.33;2491.01;2027.99;7528.00;864.67;967.00;310.00;1399.33;320.00;320.00;310.00;0.00
1763511429.5903456;0.00;97.00;582.00;0.00;0.00;97.00;0.00;582.00;0.00;0.00;0.00;0.00;0.00;0.00;0.00;0.00;0.00;0.00;97.00;0.00;0.00;0.00;892.00;2781.00;2791.00;2481.00;2385.67;2538.67;3458.00;4887.33;4946.01;3742.00;3273.01;2968.34;2771.00;1299.33;2491.01;2027.99;7528.00;864.67;967.00;310.00;1399.33;320.00;320.00;310.00;0.00
1763511429.5912516;0.00;97.00;582.00;0.00;0.00;97.00;0.00;582.00;0.00;0.00;0.00;0.00;0.00;0.00;0.00;0.00;0.00;0.00;97.00;0.00;0.00;0.00;892.00;2781.00;2791.00;2481.00;2385.67;2538.67;3458.00;4887.33;4946.01;3742.00;3273.01;2968.34;2771.00;1299.33;2491.01;2027.99;7528.00;864.67;967.00;310.00;1399.33;320.00;320.00;310.00;0.00
1763511429.6636803;0.00;97.00;582.00;0.00;0.00;97.00;0.00;582.00;0.00;0.00;0.00;0.00;0.00;0.00;0.00;0.00;0.00;0.00;97.00;0.00;0.00;0.00;892.00;2781.00;2791.00;2481.00;2385.67;2538.67;3458.00;4887.33;4946.01;3742.00;3273.01;2968.34;2771.00;1299.33;2491.01;2027.99;7528.00;864.67;967.00;310.00;1399.33;320.00;320.00;310.00;0.00
1763511429.6645744;0.00;97.00;582.00;0.00;0.00;97.00;0.00;582.00;0.00;0.00;0.00;0.00;0.00;0.00;0.00;0.00;0.00;0.00;97.00;0.00;0.00;0.00;892.00;2781.00;2791.00;2481.00;2385.67;2538.67;3458.00;4887.33;4946.01;3742.00;3273.01;2968.34;2771.00;1299.33;2491.01;2027.99;7528.00;864.67;967.00;310.00;1399.33;320.00;320.00;310.00;0.00
1763511445.9782054;0.00;0.00;582.00;0.00;0.00;0.00;0.00;582.00;0.00;0.00;0.00;0.00;0.00;0.00;0.00;0.00;0.00;0.00;97.00;0.00;0.00;97.00;795.00;2326.33;2336.33;2026.33;1931.00;1988.67;2908.00;4337.33;4539.01;3287.33;3128.34;2823.67;2316.33;1299.33;2181.01;1915.66;6768.00;864.67;422.33;310.00;1399.33;320.00;320.00;0.00;0.00
1763511445.9793365;0.00;0.00;582.00;0.00;0.00;0.00;0.00;582.00;0.00;0.00;0.00;0.00;0.00;0.00;0.00;0.00;0.00;0.00;97.00;0.00;0.00;97.00;795.00;2326.33;2336.33;2026.33;1931.00;1988.67;2908.00;4337.33;4539.01;3287.33;3128.34;2823.67;2316.33;1299.33;2181.01;1915.66;6768.00;864.67;422.33;310.00;1399.33;320.00;320.00;0.00;0.00
1763511451.2946343;0.00;0.00;582.00;0.00;0.00;0.00;97.00;582.00;0.00;0.00;0.00;0.00;0.00;0.00;0.00;0.00;0.00;0.00;97.00;0.00;0.00;97.00;795.00;2326.33;2336.33;2026.33;1931.00;2298.67;3218.00;4647.33;4956.01;3607.33;3128.34;2823.67;2316.33;1299.33;2501.01;1915.66;7405.00;864.67;732.33;310.00;1399.33;320.00;320.00;0.00;0.00
1763511451.295187;0.00;0.00;582.00;0.00;0.00;0.00;97.00;582.00;0.00;0.00;0.00;0.00;0.00;0.00;0.00;0.00;0.00;0.00;97.00;0.00;0.00;97.00;795.00;2326.33;2336.33;2026.33;1931.00;2298.67;3218.00;4647.33;4956.01;3607.33;3128.34;2823.67;2316.33;1299.33;2501.01;1915.66;7405.00;864.67;732.33;310.00;1399.33;320.00;320.00;0.00;0.00
1763511451.367855;0.00;0.00;582.00;0.00;0.00;0.00;97.00;582.00;0.00;0.00;0.00;0.00;0.00;0.00;0.00;0.00;0.00;0.00;97.00;0.00;0.00;97.00;795.00;2326.33;2336.33;2026.33;1931.00;2298.67;3218.00;4647.33;4956.01;3607.33;3128.34;2823.67;2316.33;1299.33;2501.01;1915.66;7405.00;864.67;732.33;310.00;1399.33;320.00;320.00;0.00;0.00
1763511451.3687286;0.00;0.00;582.00;0.00;0.00;0.00;97.00;582.00;0.00;0.00;0.00;0.00;0.00;0.00;0.00;0.00;0.00;0.00;97.00;0.00;0.00;97.00;795.00;2326.33;2336.33;2026.33;1931.00;2298.67;3218.00;4647.33;4956.01;3607.33;3128.34;2823.67;2316.33;1299.33;2501.01;1915.66;7405.00;864.67;732.33;310.00;1399.33;320.00;320.00;0.00;0.00
1763511451.4086943;0.00;0.00;582.00;0.00;0.00;0.00;194.00;582.00;0.00;0.00;0.00;0.00;0.00;0.00;0.00;0.00;0.00;0.00;97.00;0.00;0.00;97.00;795.00;2781.00;2791.00;2481.00;2385.67;2753.34;3672.67;4952.00;4956.01;3752.00;3273.01;2968.34;2771.00;1449.33;2501.01;2027.99;7555.00;864.67;1052.33;310.00;1399.33;320.00;320.00;0.00;0.00
1763511451.4092443;0.00;0.00;582.00;0.00;0.00;0.00;194.00;582.00;0.00;0.00;0.00;0.00;0.00;0.00;0.00;0.00;0.00;0.00;97.00;0.00;0.00;97.00;795.00;2781.00;2791.00;2481.00;2385.67;2753.34;3672.67;4952.00;4956.01;3752.00;3273.01;2968.34;2771.00;1449.33;2501.01;2027.99;7555.00;864.67;1052.33;310.00;1399.33;320.00;320.00;0.00;0.00
1763511451.5432265;0.00;0.00;582.00;0.00;0.00;0.00;194.00;582.00;0.00;0.00;0.00;0.00;0.00;0.00;0.00;0.00;0.00;0.00;97.00;0.00;0.00;97.00;795.00;2781.00;2791.00;2481.00;2385.67;2753.34;3672.67;4952.00;4956.01;3752.00;3273.01;2968.34;2771.00;1449.33;2501.01;2027.99;7555.00;864.67;1052.33;310.00;1399.33;320.00;320.00;0.00;0.00
1763511451.5437598;0.00;0.00;582.00;0.00;0.00;0.00;194.00;582.00;0.00;0.00;0.00;0.00;0.00;0.00;0.00;0.00;0.00;0.00;97.00;0.00;0.00;97.00;795.00;2781.00;2791.00;2481.00;2385.67;2753.34;3672.67;4952.00;4956.01;3752.00;3273.01;2968.34;2771.00;1449.33;2501.01;2027.99;7555.00;864.67;1052.33;310.00;1399.33;320.00;320.00;0.00;0.00
1763511451.586664;0.00;0.00;582.00;0.00;0.00;0.00;194.00;582.00;0.00;0.00;0.00;0.00;0.00;0.00;0.00;0.00;0.00;0.00;97.00;0.00;0.00;97.00;795.00;2781.00;2791.00;2481.00;2385.67;2753.34;3672.67;4952.00;4956.01;3752.00;3273.01;2968.34;2771.00;1449.33;2501.01;2027.99;7555.00;864.67;1052.33;310.00;1399.33;320.00;320.00;0.00;0.00
1763511451.5872526;0.00;0.00;582.00;0.00;0.00;0.00;194.00;582.00;0.00;0.00;0.00;0.00;0.00;0.00;0.00;0.00;0.00;0.00;97.00;0.00;0.00;97.00;795.00;2781.00;2791.00;2481.00;2385.67;2753.34;3672.67;4952.00;4956.01;3752.00;3273.01;2968.34;2771.00;1449.33;2501.01;2027.99;7555.00;864.67;1052.33;310.00;1399.33;320.00;320.00;0.00;0.00
1763511451.6304486;0.00;0.00;582.00;0.00;0.00;0.00;194.00;582.00;0.00;0.00;0.00;0.00;0.00;0.00;0.00;0.00;0.00;0.00;97.00;0.00;0.00;97.00;795.00;2781.00;2791.00;2481.00;2385.67;2753.34;3672.67;4952.00;4956.01;3752.00;3273.01;2968.34;2771.00;1449.33;2501.01;2027.99;7555.00;864.67;1052.33;310.00;1399.33;320.00;320.00;0.00;0.00
1763511451.630994;0.00;0.00;582.00;0.00;0.00;0.00;194.00;582.00;0.00;0.00;0.00;0.00;0.00;0.00;0.00;0.00;0.00;0.00;97.00;0.00;0.00;97.00;795.00;2781.00;2791.00;2481.00;2385.67;2753.34;3672.67;4952.00;4956.01;3752.00;3273.01;2968.34;2771.00;1449.33;2501.01;2027.99;7555.00;864.67;1052.33;310.00;1399.33;320.00;320.00;0.00;0.00
1763511456.000774;0.00;0.00;582.00;0.00;0.00;0.00;194.00;388.00;0.00;0.00;0.00;0.00;0.00;0.00;0.00;0.00;0.00;0.00;97.00;0.00;0.00;97.00;795.00;2781.00;2791.00;2481.00;2385.67;2753.34;3560.34;4839.67;4404.34;3752.00;3273.01;2968.34;2771.00;1449.33;2501.01;1476.32;6635.00;864.67;1052.33;310.00;1287.00;320.00;320.00;0.00;0.00
1763511456.001993;0.00;0.00;582.00;0.00;0.00;0.00;194.00;388.00;0.00;0.00;0.00;0.00;0.00;0.00;0.00;0.00;0.00;0.00;97.00;0.00;0.00;97.00;795.00;2781.00;2791.00;2481.00;2385.67;2753.34;3560.34;4839.67;4404.34;3752.00;3273.01;2968.34;2771.00;1449.33;2501.01;1476.32;6635.00;864.67;1052.33;310.00;1287.00;320.00;320.00;0.00;0.00
1763511456.0755;0.00;0.00;582.00;0.00;0.00;0.00;194.00;388.00;0.00;0.00;0.00;0.00;0.00;0.00;0.00;0.00;0.00;0.00;97.00;0.00;0.00;97.00;795.00;2781.00;2791.00;2481.00;2385.67;2753.34;3560.34;4839.67;4404.34;3752.00;3273.01;2968.34;2771.00;1449.33;2501.01;1476.32;6635.00;864.67;1052.33;310.00;1287.00;320.00;320.00;0.00;0.00
1763511456.0762799;0.00;0.00;582.00;0.00;0.00;0.00;194.00;388.00;0.00;0.00;0.00;0.00;0.00;0.00;0.00;0.00;0.00;0.00;97.00;0.00;0.00;97.00;795.00;2781.00;2791.00;2481.00;2385.67;2753.34;3560.34;4839.67;4404.34;3752.00;3273.01;2968.34;2771.00;1449.33;2501.01;1476.32;6635.00;864.67;1052.33;310.00;1287.00;320.00;320.00;0.00;0.00
1763511466.0133088;0.00;0.00;582.00;0.00;0.00;0.00;194.00;291.00;0.00;0.00;0.00;0.00;0.00;0.00;0.00;0.00;0.00;0.00;97.00;0.00;97.00;97.00;795.00;3101.00;3111.00;2801.00;2705.67;3073.34;3880.34;4856.67;4714.34;4072.00;3593.01;3288.34;3091.00;1619.33;2501.01;1786.32;6865.00;864.67;1052.33;310.00;1287.00;320.00;320.00;0.00;0.00
1763511466.0144732;0.00;0.00;582.00;0.00;0.00;0.00;194.00;291.00;0.00;0.00;0.00;0.00;0.00;0.00;0.00;0.00;0.00;0.00;97.00;0.00;97.00;97.00;795.00;3101.00;3111.00;2801.00;2705.67;3073.34;3880.34;4856.67;4714.34;4072.00;3593.01;3288.34;3091.00;1619.33;2501.01;1786.32;6865.00;864.67;1052.33;310.00;1287.00;320.00;320.00;0.00;0.00
1763511470.3285916;0.00;0.00;582.00;0.00;0.00;0.00;194.00;291.00;0.00;0.00;0.00;0.00;0.00;0.00;0.00;0.00;0.00;0.00;97.00;0.00;97.00;97.00;795.00;3101.00;3111.00;2801.00;2705.67;3073.34;3880.34;4856.67;4714.34;4072.00;3593.01;3288.34;3091.00;1619.33;2501.01;1786.32;6865.00;864.67;1052.33;310.00;1287.00;320.00;320.00;0.00;0.00
1763511470.3294902;0.00;0.00;582.00;0.00;0.00;0.00;194.00;291.00;0.00;0.00;0.00;0.00;0.00;0.00;0.00;0.00;0.00;0.00;97.00;0.00;97.00;97.00;795.00;3101.00;3111.00;2801.00;2705.67;3073.34;3880.34;4856.67;4714.34;4072.00;3593.01;3288.34;3091.00;1619.33;2501.01;1786.32;6865.00;864.67;1052.33;310.00;1287.00;320.00;320.00;0.00;0.00
1763511470.4013827;0.00;0.00;582.00;0.00;0.00;0.00;194.00;291.00;0.00;0.00;0.00;0.00;0.00;0.00;0.00;0.00;0.00;0.00;97.00;0.00;97.00;97.00;795.00;3101.00;3111.00;2801.00;2705.67;3073.34;3880.34;4856.67;4714.34;4072.00;3593.01;3288.34;3091.00;1619.33;2501.01;1786.32;6865.00;864.67;1052.33;310.00;1287.00;320.00;320.00;0.00;0.00
1763511470.4022899;0.00;0.00;582.00;0.00;0.00;0.00;194.00;291.00;0.00;0.00;0.00;0.00;0.00;0.00;0.00;0.00;0.00;0.00;97.00;0.00;97.00;97.00;795.00;3101.00;3111.00;2801.00;2705.67;3073.34;3880.34;4856.67;4714.34;4072.00;3593.01;3288.34;3091.00;1619.33;2501.01;1786.32;6865.00;864.67;1052.33;310.00;1287.00;320.00;320.00;0.00;0.00
1763511470.4788687;0.00;0.00;582.00;0.00;0.00;0.00;194.00;291.00;0.00;0.00;0.00;0.00;0.00;0.00;0.00;0.00;0.00;0.00;97.00;0.00;97.00;97.00;795.00;3101.00;3111.00;2801.00;2705.67;3073.34;3880.34;4856.67;4714.34;4072.00;3593.01;3288.34;3091.00;1619.33;2501.01;1786.32;6865.00;864.67;1052.33;310.00;1287.00;320.00;320.00;0.00;0.00
1763511470.4797955;0.00;0.00;582.00;0.00;0.00;0.00;194.00;291.00;0.00;0.00;0.00;0.00;0.00;0.00;0.00;0.00;0.00;0.00;97.00;0.00;97.00;97.00;795.00;3101.00;3111.00;2801.00;2705.67;3073.34;3880.34;4856.67;4714.34;4072.00;3593.01;3288.34;3091.00;1619.33;2501.01;1786.32;6865.00;864.67;1052.33;310.00;1287.00;320.00;320.00;0.00;0.00
1763511470.5541863;0.00;0.00;582.00;0.00;0.00;0.00;194.00;291.00;0.00;0.00;0.00;0.00;0.00;0.00;0.00;0.00;0.00;0.00;97.00;0.00;97.00;97.00;795.00;3101.00;3111.00;2801.00;2705.67;3073.34;3880.34;4856.67;4714.34;4072.00;3593.01;3288.34;3091.00;1619.33;2501.01;1786.32;6865.00;864.67;1052.33;310.00;1287.00;320.00;320.00;0.00;0.00
1763511470.5551002;0.00;0.00;582.00;0.00;0.00;0.00;194.00;291.00;0.00;0.00;0.00;0.00;0.00;0.00;0.00;0.00;0.00;0.00;97.00;0.00;97.00;97.00;795.00;3101.00;3111.00;2801.00;2705.67;3073.34;3880.34;4856.67;4714.34;4072.00;3593.01;3288.34;3091.00;1619.33;2501.01;1786.32;6865.00;864.67;1052.33;310.00;1287.00;320.00;320.00;0.00;0.00
1763511470.6292377;0.00;0.00;582.00;0.00;0.00;0.00;194.00;291.00;0.00;0.00;0.00;0.00;0.00;0.00;0.00;0.00;0.00;0.00;97.00;0.00;97.00;97.00;795.00;3101.00;3111.00;2801.00;2705.67;3073.34;3880.34;4856.67;4714.34;4072.00;3593.01;3288.34;3091.00;1619.33;2501.01;1786.32;6865.00;864.67;1052.33;310.00;1287.00;320.00;320.00;0.00;0.00
1763511470.6301591;0.00;0.00;582.00;0.00;0.00;0.00;194.00;291.00;0.00;0.00;0.00;0.00;0.00;0.00;0.00;0.00;0.00;0.00;97.00;0.00;97.00;97.00;795.00;3101.00;3111.00;2801.00;2705.67;3073.34;3880.34;4856.67;4714.34;4072.00;3593.01;3288.34;3091.00;1619.33;2501.01;1786.32;6865.00;864.67;1052.33;310.00;1287.00;320.00;320.00;0.00;0.00
1763511470.7053754;0.00;0.00;582.00;0.00;0.00;0.00;194.00;291.00;0.00;0.00;0.00;0.00;0.00;0.00;0.00;0.00;0.00;0.00;97.00;0.00;97.00;97.00;795.00;3101.00;3111.00;2801.00;2705.67;3073.34;3880.34;4856.67;4714.34;4072.00;3593.01;3288.34;3091.00;1619.33;2501.01;1786.32;6865.00;864.67;1052.33;310.00;1287.00;320.00;320.00;0.00;0.00
1763511470.7062907;0.00;0.00;582.00;0.00;0.00;0.00;194.00;291.00;0.00;0.00;0.00;0.00;0.00;0.00;0.00;0.00;0.00;0.00;97.00;0.00;97.00;97.00;795.00;3101.00;3111.00;2801.00;2705.67;3073.34;3880.34;4856.67;4714.34;4072.00;3593.01;3288.34;3091.00;1619.33;2501.01;1786.32;6865.00;864.67;1052.33;310.00;1287.00;320.00;320.00;0.00;0.00
1763511471.0099432;0.00;0.00;582.00;0.00;0.00;0.00;194.00;97.00;0.00;0.00;0.00;0.00;0.00;0.00;0.00;0.00;0.00;0.00;97.00;0.00;194.00;97.00;795.00;3101.00;3111.00;2801.00;2705.67;3073.34;3553.34;4272.67;4714.34;4072.00;3593.01;3288.34;3091.00;1459.33;2501.01;1786.32;6245.00;864.67;1052.33;310.00;960.00;320.00;320.00;0.00;0.00
1763511471.0107052;0.00;0.00;582.00;0.00;0.00;0.00;194.00;97.00;0.00;0.00;0.00;0.00;0.00;0.00;0.00;0.00;0.00;0.00;97.00;0.00;194.00;97.00;795.00;3101.00;3111.00;2801.00;2705.67;3073.34;3553.34;4272.67;4714.34;4072.00;3593.01;3288.34;3091.00;1459.33;2501.01;1786.32;6245.00;864.67;1052.33;310.00;960.00;320.00;320.00;0.00;0.00
1763511471.092942;0.00;0.00;582.00;0.00;0.00;0.00;194.00;97.00;0.00;0.00;0.00;0.00;0.00;0.00;0.00;0.00;0.00;0.00;97.00;0.00;291.00;97.00;795.00;3251.00;3261.00;2951.00;2855.67;3223.34;4023.34;4662.67;4874.34;4222.00;3743.01;3438.34;3241.00;1796.33;2501.01;2096.32;6545.00;864.67;1052.33;310.00;1280.00;320.00;320.00;0.00;0.00
1763511471.0940661;0.00;0.00;582.00;0.00;0.00;0.00;194.00;97.00;0.00;0.00;0.00;0.00;0.00;0.00;0.00;0.00;0.00;0.00;97.00;0.00;291.00;97.00;795.00;3251.00;3261.00;2951.00;2855.67;3223.34;4023.34;4662.67;4874.34;4222.00;3743.01;3438.34;3241.00;1796.33;2501.01;2096.32;6545.00;864.67;1052.33;310.00;1280.00;320.00;320.00;0.00;0.00
1763511486.0366323;0.00;0.00;485.00;0.00;97.00;0.00;194.00;0.00;0.00;0.00;0.00;0.00;0.00;0.00;0.00;0.00;0.00;0.00;97.00;0.00;0.00;0.00;0.00;1781.67;1791.67;1481.67;1706.34;2026.34;2506.34;2155.67;2525.67;2498.67;1446.34;1461.67;1771.67;262.33;1404.67;711.66;2871.00;224.67;940.00;310.00;800.00;320.00;0.00;0.00;0.00
1763511486.037749;0.00;0.00;485.00;0.00;97.00;0.00;194.00;0.00;0.00;0.00;0.00;0.00;0.00;0.00;0.00;0.00;0.00;0.00;97.00;0.00;0.00;0.00;0.00;1781.67;1791.67;1481.67;1706.34;2026.34;2506.34;2155.67;2525.67;2498.67;1446.34;1461.67;1771.67;262.33;1404.67;711.66;2871.00;224.67;940.00;310.00;800.00;320.00;0.00;0.00;0.00
1763511486.313607;0.00;0.00;485.00;0.00;97.00;0.00;194.00;0.00;97.00;0.00;0.00;0.00;0.00;0.00;0.00;0.00;0.00;0.00;97.00;0.00;0.00;0.00;0.00;1781.67;1791.67;1481.67;1706.34;2026.34;2506.34;2695.67;2525.67;2498.67;1446.34;1461.67;1771.67;802.33;1404.67;711.66;3508.00;224.67;940.00;310.00;800.00;320.00;0.00;0.00;0.00
1763511486.3141289;0.00;0.00;485.00;0.00;97.00;0.00;194.00;0.00;97.00;0.00;0.00;0.00;0.00;0.00;0.00;0.00;0.00;0.00;97.00;0.00;0.00;0.00;0.00;1781.67;1791.67;1481.67;1706.34;2026.34;2506.34;2695.67;2525.67;2498.67;1446.34;1461.67;1771.67;802.33;1404.67;711.66;3508.00;224.67;940.00;310.00;800.00;320.00;0.00;0.00;0.00
1763511486.3836672;0.00;0.00;485.00;0.00;97.00;0.00;194.00;0.00;194.00;0.00;0.00;0.00;0.00;0.00;0.00;0.00;0.00;0.00;97.00;0.00;0.00;0.00;0.00;1781.67;1791.67;1481.67;1706.34;2026.34;2506.34;3235.67;2525.67;2498.67;1446.34;1461.67;1771.67;1342.33;1404.67;711.66;4145.00;224.67;940.00;310.00;800.00;320.00;0.00;0.00;0.00
1763511486.384563;0.00;0.00;485.00;0.00;97.00;0.00;194.00;0.00;194.00;0.00;0.00;0.00;0.00;0.00;0.00;0.00;0.00;0.00;97.00;0.00;0.00;0.00;0.00;1781.67;1791.67;1481.67;1706.34;2026.34;2506.34;3235.67;2525.67;2498.67;1446.34;1461.67;1771.67;1342.33;1404.67;711.66;4145.00;224.67;940.00;310.00;800.00;320.00;0.00;0.00;0.00
1763511486.4557638;0.00;0.00;485.00;0.00;97.00;0.00;194.00;0.00;291.00;0.00;0.00;0.00;0.00;0.00;0.00;0.00;0.00;0.00;97.00;0.00;0.00;0.00;0.00;1781.67;1791.67;1481.67;1706.34;2026.34;2816.34;3792.67;2525.67;2498.67;1446.34;1461.67;1771.67;1909.33;1404.67;711.66;4605.00;224.67;940.00;310.00;1110.00;320.00;0.00;0.00;0.00
1763511486.4566395;0.00;0.00;485.00;0.00;97.00;0.00;194.00;0.00;291.00;0.00;0.00;0.00;0.00;0.00;0.00;0.00;0.00;0.00;97.00;0.00;0.00;0.00;0.00;1781.67;1791.67;1481.67;1706.34;2026.34;2816.34;3792.67;2525.67;2498.67;1446.34;1461.67;1771.67;1909.33;1404.67;711.66;4605.00;224.67;940.00;310.00;1110.00;320.00;0.00;0.00;0.00
1763511486.5276105;0.00;0.00;485.00;0.00;97.00;0.00;194.00;0.00;388.00;0.00;0.00;0.00;0.00;0.00;0.00;0.00;0.00;0.00;97.00;0.00;0.00;0.00;0.00;1781.67;1791.67;1481.67;1706.34;2026.34;3041.01;4017.34;3178.00;2498.67;1446.34;1461.67;1771.67;1909.33;1404.67;1363.99;5065.00;224.67;940.00;310.00;1334.67;320.00;0.00;0.00;0.00
1763511486.5285153;0.00;0.00;485.00;0.00;97.00;0.00;194.00;0.00;388.00;0.00;0.00;0.00;0.00;0.00;0.00;0.00;0.00;0.00;97.00;0.00;0.00;0.00;0.00;1781.67;1791.67;1481.67;1706.34;2026.34;3041.01;4017.34;3178.00;2498.67;1446.34;1461.67;1771.67;1909.33;1404.67;1363.99;5065.00;224.67;940.00;310.00;1334.67;320.00;0.00;0.00;0.00
1763511486.6015606;0.00;0.00;485.00;0.00;97.00;0.00;194.00;0.00;485.00;0.00;0.00;0.00;0.00;0.00;0.00;0.00;0.00;0.00;97.00;0.00;0.00;0.00;0.00;1781.67;1791.67;1481.67;1706.34;2026.34;3153.34;4129.67;3622.67;2498.67;1446.34;1461.67;1771.67;1909.33;1404.67;1808.66;5525.00;224.67;940.00;310.00;1447.00;320.00;0.00;0.00;0.00
1763511486.6024396;0.00;0.00;485.00;0.00;97.00;0.00;194.00;0.00;485.00;0.00;0.00;0.00;0.00;0.00;0.00;0.00;0.00;0.00;97.00;0.00;0.00;0.00;0.00;1781.67;1791.67;1481.67;1706.34;2026.34;3153.34;4129.67;3622.67;2498.67;1446.34;1461.67;1771.67;1909.33;1404.67;1808.66;5525.00;224.67;940.00;310.00;1447.00;320.00;0.00;0.00;0.00
1763511486.8171406;0.00;0.00;485.00;0.00;97.00;0.00;194.00;0.00;582.00;0.00;0.00;0.00;0.00;0.00;0.00;0.00;0.00;0.00;97.00;0.00;0.00;0.00;0.00;1781.67;1791.67;1481.67;1706.34;2026.34;3265.67;4242.00;4077.34;2498.67;1446.34;1461.67;1771.67;1909.33;1404.67;2263.33;5985.00;224.67;940.00;310.00;1559.33;320.00;0.00;0.00;0.00
1763511486.817663;0.00;0.00;485.00;0.00;97.00;0.00;194.00;0.00;582.00;0.00;0.00;0.00;0.00;0.00;0.00;0.00;0.00;0.00;97.00;0.00;0.00;0.00;0.00;1781.67;1791.67;1481.67;1706.34;2026.34;3265.67;4242.00;4077.34;2498.67;1446.34;1461.67;1771.67;1909.33;1404.67;2263.33;5985.00;224.67;940.00;310.00;1559.33;320.00;0.00;0.00;0.00
1763511491.0130484;0.00;97.00;291.00;0.00;0.00;0.00;194.00;0.00;582.00;0.00;0.00;0.00;0.00;0.00;0.00;0.00;0.00;0.00;97.00;0.00;0.00;0.00;0.00;1369.34;1379.34;1059.34;1059.34;1379.34;2458.67;3707.33;3242.67;1791.67;1146.34;1049.34;1359.34;1797.00;1094.67;2038.66;5385.00;0.00;940.00;310.00;1239.33;320.00;0.00;0.00;0.00
1763511491.0137398;0.00;97.00;291.00;0.00;0.00;0.00;194.00;0.00;582.00;0.00;0.00;0.00;0.00;0.00;0.00;0.00;0.00;0.00;97.00;0.00;0.00;0.00;0.00;1369.34;1379.34;1059.34;1059.34;1379.34;2458.67;3707.33;3242.67;1791.67;1146.34;1049.34;1359.34;1797.00;1094.67;2038.66;5385.00;0.00;940.00;310.00;1239.33;320.00;0.00;0.00;0.00
1763511491.0651643;0.00;97.00;291.00;0.00;0.00;0.00;291.00;0.00;582.00;0.00;0.00;0.00;0.00;0.00;0.00;0.00;0.00;0.00;97.00;0.00;0.00;0.00;0.00;1369.34;1379.34;1059.34;1059.34;1379.34;2458.67;3819.66;3499.67;1791.67;1146.34;1049.34;1359.34;1909.33;1094.67;2198.66;5685.00;0.00;940.00;310.00;1239.33;320.00;0.00;0.00;0.00
1763511491.065887;0.00;97.00;291.00;0.00;0.00;0.00;291.00;0.00;582.00;0.00;0.00;0.00;0.00;0.00;0.00;0.00;0.00;0.00;97.00;0.00;0.00;0.00;0.00;1369.34;1379.34;1059.34;1059.34;1379.34;2458.67;3819.66;3499.67;1791.67;1146.34;1049.34;1359.34;1909.33;1094.67;2198.66;5685.00;0.00;940.00;310.00;1239.33;320.00;0.00;0.00;0.00
1763511491.1197095;0.00;194.00;291.00;0.00;0.00;0.00;291.00;0.00;582.00;0.00;0.00;0.00;0.00;0.00;0.00;0.00;0.00;0.00;97.00;0.00;0.00;0.00;0.00;1369.34;1379.34;1059.34;1059.34;1379.34;2458.67;3819.66;3644.34;1791.67;1146.34;1049.34;1359.34;1909.33;1094.67;2310.99;6145.00;0.00;940.00;310.00;1239.33;320.00;0.00;0.00;0.00
1763511491.1208336;0.00;194.00;291.00;0.00;0.00;0.00;291.00;0.00;582.00;0.00;0.00;0.00;0.00;0.00;0.00;0.00;0.00;0.00;97.00;0.00;0.00;0.00;0.00;1369.34;1379.34;1059.34;1059.34;1379.34;2458.67;3819.66;3644.34;1791.67;1146.34;1049.34;1359.34;1909.33;1094.67;2310.99;6145.00;0.00;940.00;310.00;1239.33;320.00;0.00;0.00;0.00
1763511501.053387;0.00;291.00;194.00;0.00;0.00;0.00;291.00;0.00;582.00;0.00;0.00;0.00;0.00;0.00;0.00;0.00;0.00;0.00;97.00;0.00;0.00;0.00;0.00;754.67;764.67;764.67;764.67;1084.67;2164.00;4012.00;3671.34;1721.67;541.67;444.67;754.67;1909.33;1180.00;2310.99;6305.00;0.00;940.00;310.00;1079.33;0.00;0.00;0.00;0.00
1763511501.0545065;0.00;291.00;194.00;0.00;0.00;0.00;291.00;0.00;582.00;0.00;0.00;0.00;0.00;0.00;0.00;0.00;0.00;0.00;97.00;0.00;0.00;0.00;0.00;754.67;764.67;764.67;764.67;1084.67;2164.00;4012.00;3671.34;1721.67;541.67;444.67;754.67;1909.33;1180.00;2310.99;6305.00;0.00;940.00;310.00;1079.33;0.00;0.00;0.00;0.00
1763511501.3193579;0.00;291.00;194.00;0.00;0.00;0.00;291.00;0.00;582.00;0.00;0.00;0.00;0.00;0.00;0.00;97.00;0.00;0.00;97.00;0.00;0.00;0.00;0.00;754.67;764.67;764.67;764.67;1084.67;2261.00;4339.00;3886.01;1936.34;851.67;764.67;1074.67;1909.33;1404.67;2310.99;6605.00;0.00;940.00;310.00;1079.33;0.00;310.00;0.00;0.00
1763511501.319872;0.00;291.00;194.00;0.00;0.00;0.00;291.00;0.00;582.00;0.00;0.00;0.00;0.00;0.00;0.00;97.00;0.00;0.00;97.00;0.00;0.00;0.00;0.00;754.67;764.67;764.67;764.67;1084.67;2261.00;4339.00;3886.01;1936.34;851.67;764.67;1074.67;1909.33;1404.67;2310.99;6605.00;0.00;940.00;310.00;1079.33;0.00;310.00;0.00;0.00
1763511501.3894806;0.00;291.00;194.00;0.00;0.00;0.00;291.00;0.00;582.00;0.00;0.00;0.00;0.00;0.00;0.00;194.00;0.00;0.00;97.00;0.00;0.00;0.00;0.00;754.67;764.67;764.67;764.67;1084.67;2358.00;4976.00;4223.01;2273.34;851.67;764.67;1074.67;1909.33;1741.67;2310.99;6905.00;0.00;940.00;310.00;1079.33;0.00;310.00;0.00;0.00
1763511501.390348;0.00;291.00;194.00;0.00;0.00;0.00;291.00;0.00;582.00;0.00;0.00;0.00;0.00;0.00;0.00;194.00;0.00;0.00;97.00;0.00;0.00;0.00;0.00;754.67;764.67;764.67;764.67;1084.67;2358.00;4976.00;4223.01;2273.34;851.67;764.67;1074.67;1909.33;1741.67;2310.99;6905.00;0.00;940.00;310.00;1079.33;0.00;310.00;0.00;0.00
1763511501.455738;0.00;291.00;194.00;0.00;0.00;0.00;291.00;0.00;582.00;0.00;0.00;0.00;0.00;0.00;0.00;291.00;0.00;0.00;97.00;0.00;0.00;0.00;0.00;1177.00;1187.00;1091.67;1091.67;1411.67;2588.00;4976.00;4683.01;2733.34;1264.00;1187.00;1497.00;1909.33;1854.00;2310.99;7205.00;0.00;940.00;630.00;1079.33;224.67;310.00;0.00;0.00
1763511501.456604;0.00;291.00;194.00;0.00;0.00;0.00;291.00;0.00;582.00;0.00;0.00;0.00;0.00;0.00;0.00;291.00;0.00;0.00;97.00;0.00;0.00;0.00;0.00;1177.00;1187.00;1091.67;1091.67;1411.67;2588.00;4976.00;4683.01;2733.34;1264.00;1187.00;1497.00;1909.33;1854.00;2310.99;7205.00;0.00;940.00;630.00;1079.33;224.67;310.00;0.00;0.00
1763511501.5302522;0.00;291.00;194.00;0.00;0.00;0.00;291.00;0.00;582.00;0.00;0.00;0.00;0.00;0.00;0.00;291.00;0.00;0.00;97.00;0.00;0.00;0.00;0.00;1177.00;1187.00;1091.67;1091.67;1411.67;2588.00;4976.00;4683.01;2733.34;1264.00;1187.00;1497.00;1909.33;1854.00;2310.99;7205.00;0.00;940.00;630.00;1079.33;224.67;310.00;0.00;0.00
1763511501.5311778;0.00;291.00;194.00;0.00;0.00;0.00;291.00;0.00;582.00;0.00;0.00;0.00;0.00;0.00;0.00;291.00;0.00;0.00;97.00;0.00;0.00;0.00;0.00;1177.00;1187.00;1091.67;1091.67;1411.67;2588.00;4976.00;4683.01;2733.34;1264.00;1187.00;1497.00;1909.33;1854.00;2310.99;7205.00;0.00;940.00;630.00;1079.33;224.67;310.00;0.00;0.00
1763511501.5913968;0.00;291.00;194.00;0.00;0.00;0.00;291.00;0.00;582.00;0.00;0.00;0.00;0.00;0.00;0.00;291.00;0.00;0.00;97.00;0.00;0.00;0.00;0.00;1177.00;1187.00;1091.67;1091.67;1411.67;2588.00;4976.00;4683.01;2733.34;1264.00;1187.00;1497.00;1909.33;1854.00;2310.99;7205.00;0.00;940.00;630.00;1079.33;224.67;310.00;0.00;0.00
1763511501.5919256;0.00;291.00;194.00;0.00;0.00;0.00;291.00;0.00;582.00;0.00;0.00;0.00;0.00;0.00;0.00;291.00;0.00;0.00;97.00;0.00;0.00;0.00;0.00;1177.00;1187.00;1091.67;1091.67;1411.67;2588.00;4976.00;4683.01;2733.34;1264.00;1187.00;1497.00;1909.33;1854.00;2310.99;7205.00;0.00;940.00;630.00;1079.33;224.67;310.00;0.00;0.00
1763511501.6419842;0.00;291.00;194.00;0.00;0.00;0.00;291.00;0.00;582.00;0.00;0.00;0.00;0.00;0.00;0.00;291.00;0.00;0.00;97.00;0.00;0.00;0.00;0.00;1177.00;1187.00;1091.67;1091.67;1411.67;2588.00;4976.00;4683.01;2733.34;1264.00;1187.00;1497.00;1909.33;1854.00;2310.99;7205.00;0.00;940.00;630.00;1079.33;224.67;310.00;0.00;0.00
1763511501.6425054;0.00;291.00;194.00;0.00;0.00;0.00;291.00;0.00;582.00;0.00;0.00;0.00;0.00;0.00;0.00;291.00;0.00;0.00;97.00;0.00;0.00;0.00;0.00;1177.00;1187.00;1091.67;1091.67;1411.67;2588.00;4976.00;4683.01;2733.34;1264.00;1187.00;1497.00;1909.33;1854.00;2310.99;7205.00;0.00;940.00;630.00;1079.33;224.67;310.00;0.00;0.00
1763511518.4246788;0.00;0.00;0.00;0.00;0.00;0.00;194.00;0.00;582.00;0.00;0.00;0.00;0.00;0.00;0.00;291.00;97.00;0.00;97.00;0.00;0.00;0.00;0.00;1027.00;1037.00;941.67;941.67;1251.67;2205.00;3922.00;3195.01;1953.34;1114.00;1037.00;1347.00;1797.00;1224.00;1926.33;5048.00;0.00;630.00;630.00;759.33;224.67;310.00;0.00;0.00
1763511518.4262104;0.00;0.00;0.00;0.00;0.00;0.00;194.00;0.00;582.00;0.00;0.00;0.00;0.00;0.00;0.00;291.00;97.00;0.00;97.00;0.00;0.00;0.00;0.00;1027.00;1037.00;941.67;941.67;1251.67;2205.00;3922.00;3195.01;1953.34;1114.00;1037.00;1347.00;1797.00;1224.00;1926.33;5048.00;0.00;630.00;630.00;759.33;224.67;310.00;0.00;0.00
1763511518.4903617;0.00;0.00;0.00;0.00;0.00;0.00;194.00;0.00;582.00;0.00;0.00;0.00;0.00;0.00;0.00;291.00;194.00;0.00;97.00;0.00;0.00;0.00;0.00;1027.00;1037.00;941.67;941.67;1251.67;2302.00;4019.00;3515.01;1953.34;1114.00;1037.00;1347.00;1797.00;1224.00;2246.33;5685.00;0.00;630.00;630.00;759.33;224.67;310.00;0.00;0.00
1763511518.491197;0.00;0.00;0.00;0.00;0.00;0.00;194.00;0.00;582.00;0.00;0.00;0.00;0.00;0.00;0.00;291.00;194.00;0.00;97.00;0.00;0.00;0.00;0.00;1027.00;1037.00;941.67;941.67;1251.67;2302.00;4019.00;3515.01;1953.34;1114.00;1037.00;1347.00;1797.00;1224.00;2246.33;5685.00;0.00;630.00;630.00;759.33;224.67;310.00;0.00;0.00
1763511518.5411987;0.00;0.00;0.00;0.00;0.00;0.00;194.00;0.00;582.00;0.00;0.00;0.00;0.00;0.00;0.00;291.00;291.00;0.00;97.00;0.00;0.00;0.00;0.00;1027.00;1037.00;941.67;941.67;1251.67;2494.33;4259.00;3515.01;1953.34;1114.00;1037.00;1347.00;1909.33;1224.00;2246.33;6145.00;0.00;630.00;630.00;984.00;224.67;310.00;0.00;0.00
1763511518.541709;0.00;0.00;0.00;0.00;0.00;0.00;194.00;0.00;582.00;0.00;0.00;0.00;0.00;0.00;0.00;291.00;291.00;0.00;97.00;0.00;0.00;0.00;0.00;1027.00;1037.00;941.67;941.67;1251.67;2494.33;4259.00;3515.01;1953.34;1114.00;1037.00;1347.00;1909.33;1224.00;2246.33;6145.00;0.00;630.00;630.00;984.00;224.67;310.00;0.00;0.00
1763511518.5840764;0.00;0.00;0.00;0.00;0.00;0.00;194.00;0.00;582.00;0.00;0.00;0.00;0.00;0.00;0.00;291.00;388.00;0.00;97.00;0.00;0.00;0.00;0.00;1027.00;1037.00;941.67;941.67;1251.67;2639.00;4403.67;3515.01;1953.34;1114.00;1037.00;1347.00;1909.33;1224.00;2246.33;6605.00;0.00;630.00;630.00;1096.33;224.67;310.00;0.00;0.00
1763511518.58461;0.00;0.00;0.00;0.00;0.00;0.00;194.00;0.00;582.00;0.00;0.00;0.00;0.00;0.00;0.00;291.00;388.00;0.00;97.00;0.00;0.00;0.00;0.00;1027.00;1037.00;941.67;941.67;1251.67;2639.00;4403.67;3515.01;1953.34;1114.00;1037.00;1347.00;1909.33;1224.00;2246.33;6605.00;0.00;630.00;630.00;1096.33;224.67;310.00;0.00;0.00
1763511518.6254873;0.00;0.00;0.00;0.00;0.00;0.00;194.00;0.00;582.00;0.00;0.00;0.00;0.00;0.00;0.00;291.00;485.00;0.00;97.00;0.00;0.00;0.00;0.00;1027.00;1037.00;941.67;941.67;1251.67;2736.00;4500.67;3515.01;1953.34;1114.00;1037.00;1347.00;1909.33;1224.00;2246.33;7065.00;0.00;630.00;630.00;1096.33;224.67;310.00;0.00;0.00
1763511518.6260216;0.00;0.00;0.00;0.00;0.00;0.00;194.00;0.00;582.00;0.00;0.00;0.00;0.00;0.00;0.00;291.00;485.00;0.00;97.00;0.00;0.00;0.00;0.00;1027.00;1037.00;941.67;941.67;1251.67;2736.00;4500.67;3515.01;1953.34;1114.00;1037.00;1347.00;1909.33;1224.00;2246.33;7065.00;0.00;630.00;630.00;1096.33;224.67;310.00;0.00;0.00
1763511518.6669366;0.00;0.00;0.00;0.00;0.00;0.00;194.00;0.00;582.00;0.00;0.00;0.00;0.00;0.00;0.00;291.00;582.00;0.00;97.00;0.00;0.00;0.00;0.00;1027.00;1037.00;941.67;941.67;1251.67;2833.00;4907.67;3835.01;2273.34;1114.00;1037.00;1347.00;1909.33;1544.00;2246.33;7525.00;0.00;630.00;630.00;1096.33;224.67;310.00;0.00;0.00
1763511518.6674588;0.00;0.00;0.00;0.00;0.00;0.00;194.00;0.00;582.00;0.00;0.00;0.00;0.00;0.00;0.00;291.00;582.00;0.00;97.00;0.00;0.00;0.00;0.00;1027.00;1037.00;941.67;941.67;1251.67;2833.00;4907.67;3835.01;2273.34;1114.00;1037.00;1347.00;1909.33;1544.00;2246.33;7525.00;0.00;630.00;630.00;1096.33;224.67;310.00;0.00;0.00
1763511531.1529214;0.00;0.00;0.00;0.00;0.00;0.00;194.00;0.00;582.00;0.00;0.00;0.00;0.00;0.00;0.00;194.00;989.00;0.00;97.00;0.00;0.00;0.00;0.00;1337.00;1347.00;1251.67;1251.67;1561.67;2833.00;4907.67;3995.01;2433.34;1274.00;1027.00;1337.00;1909.33;1544.00;2246.33;7525.00;0.00;630.00;630.00;1096.33;224.67;160.00;0.00;0.00
1763511531.1536314;0.00;0.00;0.00;0.00;0.00;0.00;194.00;0.00;582.00;0.00;0.00;0.00;0.00;0.00;0.00;194.00;989.00;0.00;97.00;0.00;0.00;0.00;0.00;1337.00;1347.00;1251.67;1251.67;1561.67;2833.00;4907.67;3995.01;2433.34;1274.00;1027.00;1337.00;1909.33;1544.00;2246.33;7525.00;0.00;630.00;630.00;1096.33;224.67;160.00;0.00;0.00
1763511541.3562233;0.00;0.00;0.00;0.00;0.00;0.00;194.00;0.00;582.00;0.00;0.00;0.00;0.00;0.00;0.00;194.00;989.00;0.00;97.00;0.00;97.00;0.00;0.00;2037.00;1951.67;1856.34;1856.34;1856.34;3127.67;4940.00;4375.01;2813.34;1654.00;1727.00;2037.00;1909.33;1704.00;2246.33;7825.00;0.00;940.00;854.67;1096.33;224.67;480.00;0.00;0.00
1763511541.3569047;0.00;0.00;0.00;0.00;0.00;0.00;194.00;0.00;582.00;0.00;0.00;0.00;0.00;0.00;0.00;194.00;989.00;0.00;97.00;0.00;97.00;0.00;0.00;2037.00;1951.67;1856.34;1856.34;1856.34;3127.67;4940.00;4375.01;2813.34;1654.00;1727.00;2037.00;1909.33;1704.00;2246.33;7825.00;0.00;940.00;854.67;1096.33;224.67;480.00;0.00;0.00
1763511541.398319;0.00;0.00;0.00;0.00;0.00;0.00;194.00;0.00;582.00;0.00;0.00;0.00;0.00;0.00;0.00;194.00;989.00;0.00;97.00;0.00;194.00;0.00;0.00;2737.00;2651.67;2246.34;2246.34;2151.01;3422.34;4972.33;4707.34;3145.67;2034.00;2107.00;2737.00;1909.33;1816.33;2246.33;8125.00;0.00;1164.67;854.67;1096.33;224.67;480.00;320.00;0.00
1763511541.3989813;0.00;0.00;0.00;0.00;0.00;0.00;194.00;0.00;582.00;0.00;0.00;0.00;0.00;0.00;0.00;194.00;989.00;0.00;97.00;0.00;194.00;0.00;0.00;2737.00;2651.67;2246.34;2246.34;2151.01;3422.34;4972.33;4707.34;3145.67;2034.00;2107.00;2737.00;1909.33;1816.33;2246.33;8125.00;0.00;1164.67;854.67;1096.33;224.67;480.00;320.00;0.00
1763511541.4437995;0.00;0.00;0.00;0.00;0.00;0.00;194.00;0.00;582.00;0.00;0.00;0.00;0.00;0.00;0.00;194.00;989.00;0.00;97.00;0.00;194.00;0.00;0.00;2737.00;2651.67;2246.34;2246.34;2151.01;3422.34;4972.33;4707.34;3145.67;2034.00;2107.00;2737.00;1909.33;1816.33;2246.33;8125.00;0.00;1164.67;854.67;1096.33;224.67;480.00;320.00;0.00
1763511541.4445186;0.00;0.00;0.00;0.00;0.00;0.00;194.00;0.00;582.00;0.00;0.00;0.00;0.00;0.00;0.00;194.00;989.00;0.00;97.00;0.00;194.00;0.00;0.00;2737.00;2651.67;2246.34;2246.34;2151.01;3422.34;4972.33;4707.34;3145.67;2034.00;2107.00;2737.00;1909.33;1816.33;2246.33;8125.00;0.00;1164.67;854.67;1096.33;224.67;480.00;320.00;0.00
1763511541.4905176;0.00;0.00;0.00;0.00;0.00;0.00;194.00;0.00;582.00;0.00;0.00;0.00;0.00;0.00;0.00;194.00;989.00;0.00;97.00;0.00;194.00;0.00;0.00;2737.00;2651.67;2246.34;2246.34;2151.01;3422.34;4972.33;4707.34;3145.67;2034.00;2107.00;2737.00;1909.33;1816.33;2246.33;8125.00;0.00;1164.67;854.67;1096.33;224.67;480.00;320.00;0.00
1763511541.4912233;0.00;0.00;0.00;0.00;0.00;0.00;194.00;0.00;582.00;0.00;0.00;0.00;0.00;0.00;0.00;194.00;989.00;0.00;97.00;0.00;194.00;0.00;0.00;2737.00;2651.67;2246.34;2246.34;2151.01;3422.34;4972.33;4707.34;3145.67;2034.00;2107.00;2737.00;1909.33;1816.33;2246.33;8125.00;0.00;1164.67;854.67;1096.33;224.67;480.00;320.00;0.00
1763511541.535732;0.00;0.00;0.00;0.00;0.00;0.00;194.00;0.00;582.00;0.00;0.00;0.00;0.00;0.00;0.00;194.00;989.00;0.00;97.00;0.00;194.00;0.00;0.00;2737.00;2651.67;2246.34;2246.34;2151.01;3422.34;4972.33;4707.34;3145.67;2034.00;2107.00;2737.00;1909.33;1816.33;2246.33;8125.00;0.00;1164.67;854.67;1096.33;224.67;480.00;320.00;0.00
1763511541.536407;0.00;0.00;0.00;0.00;0.00;0.00;194.00;0.00;582.00;0.00;0.00;0.00;0.00;0.00;0.00;194.00;989.00;0.00;97.00;0.00;194.00;0.00;0.00;2737.00;2651.67;2246.34;2246.34;2151.01;3422.34;4972.33;4707.34;3145.67;2034.00;2107.00;2737.00;1909.33;1816.33;2246.33;8125.00;0.00;1164.67;854.67;1096.33;224.67;480.00;320.00;0.00
1763511541.5824926;0.00;0.00;0.00;0.00;0.00;0.00;194.00;0.00;582.00;0.00;0.00;0.00;0.00;0.00;0.00;194.00;989.00;0.00;97.00;0.00;194.00;0.00;0.00;2737.00;2651.67;2246.34;2246.34;2151.01;3422.34;4972.33;4707.34;3145.67;2034.00;2107.00;2737.00;1909.33;1816.33;2246.33;8125.00;0.00;1164.67;854.67;1096.33;224.67;480.00;320.00;0.00
1763511541.5830324;0.00;0.00;0.00;0.00;0.00;0.00;194.00;0.00;582.00;0.00;0.00;0.00;0.00;0.00;0.00;194.00;989.00;0.00;97.00;0.00;194.00;0.00;0.00;2737.00;2651.67;2246.34;2246.34;2151.01;3422.34;4972.33;4707.34;3145.67;2034.00;2107.00;2737.00;1909.33;1816.33;2246.33;8125.00;0.00;1164.67;854.67;1096.33;224.67;480.00;320.00;0.00
1763511551.1018217;0.00;0.00;0.00;0.00;0.00;0.00;194.00;0.00;485.00;0.00;0.00;0.00;0.00;0.00;0.00;97.00;1086.00;0.00;97.00;0.00;194.00;0.00;0.00;2737.00;2651.67;2246.34;2246.34;2151.01;3422.34;4442.33;4680.34;3118.67;2034.00;2107.00;2737.00;1849.33;1789.33;2246.33;7825.00;0.00;1164.67;854.67;1096.33;224.67;480.00;320.00;0.00
1763511551.1030009;0.00;0.00;0.00;0.00;0.00;0.00;194.00;0.00;485.00;0.00;0.00;0.00;0.00;0.00;0.00;97.00;1086.00;0.00;97.00;0.00;194.00;0.00;0.00;2737.00;2651.67;2246.34;2246.34;2151.01;3422.34;4442.33;4680.34;3118.67;2034.00;2107.00;2737.00;1849.33;1789.33;2246.33;7825.00;0.00;1164.67;854.67;1096.33;224.67;480.00;320.00;0.00
1763511551.1600852;0.00;0.00;0.00;0.00;0.00;0.00;194.00;0.00;485.00;97.00;0.00;0.00;0.00;0.00;0.00;97.00;1086.00;0.00;97.00;0.00;194.00;0.00;0.00;2737.00;2971.67;2566.34;2566.34;2471.01;3972.34;4999.33;4840.34;3278.67;2034.00;2107.00;2737.00;2186.33;1949.33;2246.33;8125.00;0.00;1164.67;1174.67;1096.33;224.67;480.00;320.00;0.00
1763511551.1608472;0.00;0.00;0.00;0.00;0.00;0.00;194.00;0.00;485.00;97.00;0.00;0.00;0.00;0.00;0.00;97.00;1086.00;0.00;97.00;0.00;194.00;0.00;0.00;2737.00;2971.67;2566.34;2566.34;2471.01;3972.34;4999.33;4840.34;3278.67;2034.00;2107.00;2737.00;2186.33;1949.33;2246.33;8125.00;0.00;1164.67;1174.67;1096.33;224.67;480.00;320.00;0.00
1763511556.113584;0.00;0.00;0.00;0.00;0.00;0.00;97.00;0.00;485.00;97.00;0.00;0.00;0.00;0.00;0.00;0.00;1086.00;97.00;97.00;0.00;194.00;0.00;0.00;2464.67;2699.34;2806.34;2806.34;2091.01;3689.34;4946.33;4343.34;2648.67;1771.67;1834.67;2464.67;2186.33;1517.00;2246.33;7825.00;0.00;1164.67;854.67;1096.33;320.00;480.00;320.00;0.00
1763511556.1147661;0.00;0.00;0.00;0.00;0.00;0.00;97.00;0.00;485.00;97.00;0.00;0.00;0.00;0.00;0.00;0.00;1086.00;97.00;97.00;0.00;194.00;0.00;0.00;2464.67;2699.34;2806.34;2806.34;2091.01;3689.34;4946.33;4343.34;2648.67;1771.67;1834.67;2464.67;2186.33;1517.00;2246.33;7825.00;0.00;1164.67;854.67;1096.33;320.00;480.00;320.00;0.00
1763511556.194095;0.00;0.00;0.00;0.00;0.00;97.00;97.00;0.00;485.00;97.00;0.00;0.00;0.00;0.00;0.00;0.00;1086.00;97.00;97.00;0.00;194.00;0.00;0.00;3014.67;3249.34;3356.34;3356.34;2641.01;4239.34;4946.33;4643.34;3055.67;2321.67;2384.67;3014.67;2186.33;1854.00;2246.33;8125.00;0.00;1164.67;854.67;1096.33;320.00;480.00;320.00;0.00
1763511556.1952848;0.00;0.00;0.00;0.00;0.00;97.00;97.00;0.00;485.00;97.00;0.00;0.00;0.00;0.00;0.00;0.00;1086.00;97.00;97.00;0.00;194.00;0.00;0.00;3014.67;3249.34;3356.34;3356.34;2641.01;4239.34;4946.33;4643.34;3055.67;2321.67;2384.67;3014.67;2186.33;1854.00;2246.33;8125.00;0.00;1164.67;854.67;1096.33;320.00;480.00;320.00;0.00
1763511566.1446338;0.00;0.00;0.00;0.00;0.00;97.00;97.00;0.00;291.00;97.00;0.00;0.00;0.00;0.00;0.00;97.00;892.00;97.00;97.00;0.00;194.00;0.00;0.00;3014.67;3249.34;3356.34;3356.34;2641.01;4285.34;4682.33;3206.34;2735.67;2321.67;2384.67;3014.67;2186.33;1534.00;1129.33;6745.00;0.00;1164.67;854.67;1239.33;320.00;480.00;320.00;0.00
1763511566.1458125;0.00;0.00;0.00;0.00;0.00;97.00;97.00;0.00;291.00;97.00;0.00;0.00;0.00;0.00;0.00;97.00;892.00;97.00;97.00;0.00;194.00;0.00;0.00;3014.67;3249.34;3356.34;3356.34;2641.01;4285.34;4682.33;3206.34;2735.67;2321.67;2384.67;3014.67;2186.33;1534.00;1129.33;6745.00;0.00;1164.67;854.67;1239.33;320.00;480.00;320.00;0.00
1763511566.2303274;0.00;0.00;0.00;0.00;0.00;97.00;97.00;0.00;291.00;97.00;0.00;0.00;0.00;0.00;0.00;194.00;892.00;97.00;97.00;0.00;194.00;0.00;0.00;3014.67;3249.34;3356.34;3356.34;2641.01;4542.34;4939.33;3543.34;2735.67;2321.67;2384.67;3014.67;2186.33;1534.00;1466.33;7045.00;0.00;1164.67;854.67;1399.33;320.00;480.00;320.00;0.00
1763511566.2314777;0.00;0.00;0.00;0.00;0.00;97.00;97.00;0.00;291.00;97.00;0.00;0.00;0.00;0.00;0.00;194.00;892.00;97.00;97.00;0.00;194.00;0.00;0.00;3014.67;3249.34;3356.34;3356.34;2641.01;4542.34;4939.33;3543.34;2735.67;2321.67;2384.67;3014.67;2186.33;1534.00;1466.33;7045.00;0.00;1164.67;854.67;1399.33;320.00;480.00;320.00;0.00
1763511566.3049467;0.00;0.00;0.00;0.00;0.00;97.00;97.00;0.00;291.00;194.00;0.00;0.00;0.00;0.00;0.00;194.00;892.00;97.00;97.00;0.00;194.00;0.00;0.00;3324.67;3559.34;3666.34;3666.34;2951.01;4852.34;4939.33;4035.67;3045.67;2631.67;2694.67;3324.67;2186.33;1854.00;1578.66;7345.00;0.00;1164.67;854.67;1399.33;320.00;480.00;320.00;0.00
1763511566.3058162;0.00;0.00;0.00;0.00;0.00;97.00;97.00;0.00;291.00;194.00;0.00;0.00;0.00;0.00;0.00;194.00;892.00;97.00;97.00;0.00;194.00;0.00;0.00;3324.67;3559.34;3666.34;3666.34;2951.01;4852.34;4939.33;4035.67;3045.67;2631.67;2694.67;3324.67;2186.33;1854.00;1578.66;7345.00;0.00;1164.67;854.67;1399.33;320.00;480.00;320.00;0.00
1763511566.3678567;0.00;0.00;0.00;0.00;0.00;97.00;97.00;0.00;291.00;291.00;0.00;0.00;0.00;0.00;0.00;194.00;892.00;97.00;97.00;0.00;194.00;0.00;0.00;3474.67;3709.34;3816.34;3816.34;3101.01;4852.34;4939.33;4378.00;3505.67;3091.67;3154.67;3794.67;2186.33;1854.00;1690.99;7495.00;0.00;1164.67;854.67;1549.33;320.00;480.00;320.00;0.00
1763511566.3687272;0.00;0.00;0.00;0.00;0.00;97.00;97.00;0.00;291.00;291.00;0.00;0.00;0.00;0.00;0.00;194.00;892.00;97.00;97.00;0.00;194.00;0.00;0.00;3474.67;3709.34;3816.34;3816.34;3101.01;4852.34;4939.33;4378.00;3505.67;3091.67;3154.67;3794.67;2186.33;1854.00;1690.99;7495.00;0.00;1164.67;854.67;1549.33;320.00;480.00;320.00;0.00
1763511566.441701;0.00;0.00;0.00;0.00;0.00;97.00;97.00;0.00;291.00;291.00;0.00;0.00;0.00;0.00;0.00;194.00;892.00;97.00;97.00;0.00;194.00;0.00;0.00;3474.67;3709.34;3816.34;3816.34;3101.01;4852.34;4939.33;4378.00;3505.67;3091.67;3154.67;3794.67;2186.33;1854.00;1690.99;7495.00;0.00;1164.67;854.67;1549.33;320.00;480.00;320.00;0.00
1763511566.4426143;0.00;0.00;0.00;0.00;0.00;97.00;97.00;0.00;291.00;291.00;0.00;0.00;0.00;0.00;0.00;194.00;892.00;97.00;97.00;0.00;194.00;0.00;0.00;3474.67;3709.34;3816.34;3816.34;3101.01;4852.34;4939.33;4378.00;3505.67;3091.67;3154.67;3794.67;2186.33;1854.00;1690.99;7495.00;0.00;1164.67;854.67;1549.33;320.00;480.00;320.00;0.00
1763511566.5830562;0.00;0.00;0.00;0.00;0.00;97.00;97.00;0.00;291.00;291.00;0.00;0.00;0.00;0.00;0.00;194.00;892.00;97.00;97.00;0.00;194.00;0.00;0.00;3474.67;3709.34;3816.34;3816.34;3101.01;4852.34;4939.33;4378.00;3505.67;3091.67;3154.67;3794.67;2186.33;1854.00;1690.99;7495.00;0.00;1164.67;854.67;1549.33;320.00;480.00;320.00;0.00
1763511566.5835938;0.00;0.00;0.00;0.00;0.00;97.00;97.00;0.00;291.00;291.00;0.00;0.00;0.00;0.00;0.00;194.00;892.00;97.00;97.00;0.00;194.00;0.00;0.00;3474.67;3709.34;3816.34;3816.34;3101.01;4852.34;4939.33;4378.00;3505.67;3091.67;3154.67;3794.67;2186.33;1854.00;1690.99;7495.00;0.00;1164.67;854.67;1549.33;320.00;480.00;320.00;0.00
1763511566.63118;0.00;0.00;0.00;0.00;0.00;97.00;97.00;0.00;291.00;291.00;0.00;0.00;0.00;0.00;0.00;194.00;892.00;97.00;97.00;0.00;194.00;0.00;0.00;3474.67;3709.34;3816.34;3816.34;3101.01;4852.34;4939.33;4378.00;3505.67;3091.67;3154.67;3794.67;2186.33;1854.00;1690.99;7495.00;0.00;1164.67;854.67;1549.33;320.00;480.00;320.00;0.00
1763511566.631716;0.00;0.00;0.00;0.00;0.00;97.00;97.00;0.00;291.00;291.00;0.00;0.00;0.00;0.00;0.00;194.00;892.00;97.00;97.00;0.00;194.00;0.00;0.00;3474.67;3709.34;3816.34;3816.34;3101.01;4852.34;4939.33;4378.00;3505.67;3091.67;3154.67;3794.67;2186.33;1854.00;1690.99;7495.00;0.00;1164.67;854.67;1549.33;320.00;480.00;320.00;0.00
1763511566.7054083;0.00;0.00;0.00;0.00;0.00;97.00;97.00;0.00;291.00;291.00;0.00;0.00;0.00;0.00;0.00;194.00;892.00;97.00;97.00;0.00;194.00;0.00;0.00;3474.67;3709.34;3816.34;3816.34;3101.01;4852.34;4939.33;4378.00;3505.67;3091.67;3154.67;3794.67;2186.33;1854.00;1690.99;7495.00;0.00;1164.67;854.67;1549.33;320.00;480.00;320.00;0.00
1763511566.7063134;0.00;0.00;0.00;0.00;0.00;97.00;97.00;0.00;291.00;291.00;0.00;0.00;0.00;0.00;0.00;194.00;892.00;97.00;97.00;0.00;194.00;0.00;0.00;3474.67;3709.34;3816.34;3816.34;3101.01;4852.34;4939.33;4378.00;3505.67;3091.67;3154.67;3794.67;2186.33;1854.00;1690.99;7495.00;0.00;1164.67;854.67;1549.33;320.00;480.00;320.00;0.00
1763511566.779438;0.00;0.00;0.00;0.00;0.00;97.00;97.00;0.00;291.00;291.00;0.00;0.00;0.00;0.00;0.00;194.00;892.00;97.00;97.00;0.00;194.00;0.00;97.00;3864.67;4099.34;4206.34;4196.34;3101.01;4852.34;4939.33;4752.67;3880.34;3578.67;3641.67;4184.67;2186.33;1966.33;1690.99;7645.00;310.00;1314.67;854.67;1549.33;320.00;480.00;320.00;160.00
1763511566.7803233;0.00;0.00;0.00;0.00;0.00;97.00;97.00;0.00;291.00;291.00;0.00;0.00;0.00;0.00;0.00;194.00;892.00;97.00;97.00;0.00;194.00;0.00;97.00;3864.67;4099.34;4206.34;4196.34;3101.01;4852.34;4939.33;4752.67;3880.34;3578.67;3641.67;4184.67;2186.33;1966.33;1690.99;7645.00;310.00;1314.67;854.67;1549.33;320.00;480.00;320.00;160.00
1763511566.8568494;0.00;0.00;0.00;0.00;0.00;97.00;97.00;0.00;291.00;291.00;0.00;0.00;0.00;0.00;0.00;194.00;892.00;97.00;97.00;0.00;194.00;0.00;97.00;3864.67;4099.34;4206.34;4196.34;3101.01;4852.34;4939.33;4752.67;3880.34;3578.67;3641.67;4184.67;2186.33;1966.33;1690.99;7645.00;310.00;1314.67;854.67;1549.33;320.00;480.00;320.00;160.00
1763511566.8577697;0.00;0.00;0.00;0.00;0.00;97.00;97.00;0.00;291.00;291.00;0.00;0.00;0.00;0.00;0.00;194.00;892.00;97.00;97.00;0.00;194.00;0.00;97.00;3864.67;4099.34;4206.34;4196.34;3101.01;4852.34;4939.33;4752.67;3880.34;3578.67;3641.67;4184.67;2186.33;1966.33;1690.99;7645.00;310.00;1314.67;854.67;1549.33;320.00;480.00;320.00;160.00
1763511571.1585562;0.00;97.00;0.00;0.00;0.00;0.00;0.00;0.00;97.00;291.00;0.00;0.00;0.00;0.00;0.00;194.00;485.00;97.00;0.00;0.00;194.00;0.00;97.00;2400.00;2624.67;2731.67;2721.67;1626.34;3280.67;3590.66;3960.33;2477.00;2167.00;2487.00;2720.00;1469.33;1174.66;1316.33;6285.00;310.00;994.67;544.67;1239.33;320.00;320.00;320.00;160.00
1763511571.1597054;0.00;97.00;0.00;0.00;0.00;0.00;0.00;0.00;97.00;291.00;0.00;0.00;0.00;0.00;0.00;194.00;485.00;97.00;0.00;0.00;194.00;0.00;97.00;2400.00;2624.67;2731.67;2721.67;1626.34;3280.67;3590.66;3960.33;2477.00;2167.00;2487.00;2720.00;1469.33;1174.66;1316.33;6285.00;310.00;994.67;544.67;1239.33;320.00;320.00;320.00;160.00
1763511571.2553558;0.00;97.00;0.00;0.00;0.00;0.00;0.00;0.00;97.00;388.00;0.00;0.00;0.00;0.00;0.00;194.00;485.00;97.00;0.00;0.00;194.00;0.00;97.00;2400.00;2624.67;2731.67;2721.67;1626.34;3590.67;4237.66;4280.33;2477.00;2167.00;2487.00;2720.00;1806.33;1174.66;1636.33;6585.00;310.00;994.67;544.67;1549.33;320.00;320.00;320.00;160.00
1763511571.256227;0.00;97.00;0.00;0.00;0.00;0.00;0.00;0.00;97.00;388.00;0.00;0.00;0.00;0.00;0.00;194.00;485.00;97.00;0.00;0.00;194.00;0.00;97.00;2400.00;2624.67;2731.67;2721.67;1626.34;3590.67;4237.66;4280.33;2477.00;2167.00;2487.00;2720.00;1806.33;1174.66;1636.33;6585.00;310.00;994.67;544.67;1549.33;320.00;320.00;320.00;160.00
1763511571.3216014;0.00;97.00;0.00;0.00;0.00;0.00;0.00;97.00;97.00;388.00;0.00;0.00;0.00;0.00;0.00;194.00;485.00;97.00;0.00;0.00;194.00;0.00;97.00;2400.00;2624.67;2731.67;2721.67;1626.34;3590.67;4237.66;4820.33;3017.00;2167.00;2487.00;2720.00;1806.33;1714.66;1636.33;6885.00;310.00;994.67;544.67;1549.33;320.00;320.00;320.00;160.00
1763511571.3225353;0.00;97.00;0.00;0.00;0.00;0.00;0.00;97.00;97.00;388.00;0.00;0.00;0.00;0.00;0.00;194.00;485.00;97.00;0.00;0.00;194.00;0.00;97.00;2400.00;2624.67;2731.67;2721.67;1626.34;3590.67;4237.66;4820.33;3017.00;2167.00;2487.00;2720.00;1806.33;1714.66;1636.33;6885.00;310.00;994.67;544.67;1549.33;320.00;320.00;320.00;160.00
1763511590.3825517;0.00;97.00;417.00;0.00;0.00;0.00;0.00;97.00;97.00;388.00;0.00;0.00;0.00;0.00;0.00;194.00;485.00;97.00;0.00;0.00;194.00;0.00;97.00;2870.00;3094.67;3201.67;3191.67;2256.34;4220.67;4714.66;4885.00;3081.67;2637.00;2957.00;3190.00;1806.33;2249.33;1636.33;7185.00;310.00;1154.67;544.67;1549.33;320.00;320.00;320.00;160.00
1763511590.3834236;0.00;97.00;417.00;0.00;0.00;0.00;0.00;97.00;97.00;388.00;0.00;0.00;0.00;0.00;0.00;194.00;485.00;97.00;0.00;0.00;194.00;0.00;97.00;2870.00;3094.67;3201.67;3191.67;2256.34;4220.67;4714.66;4885.00;3081.67;2637.00;2957.00;3190.00;1806.33;2249.33;1636.33;7185.00;310.00;1154.67;544.67;1549.33;320.00;320.00;320.00;160.00
1763511590.4609168;0.00;97.00;417.00;0.00;0.00;0.00;0.00;97.00;97.00;388.00;0.00;0.00;0.00;0.00;0.00;194.00;485.00;97.00;0.00;0.00;194.00;0.00;97.00;2870.00;3094.67;3201.67;3191.67;2256.34;4220.67;4714.66;4885.00;3081.67;2637.00;2957.00;3190.00;1806.33;2249.33;1636.33;7185.00;310.00;1154.67;544.67;1549.33;320.00;320.00;320.00;160.00
1763511590.4618583;0.00;97.00;417.00;0.00;0.00;0.00;0.00;97.00;97.00;388.00;0.00;0.00;0.00;0.00;0.00;194.00;485.00;97.00;0.00;0.00;194.00;0.00;97.00;2870.00;3094.67;3201.67;3191.67;2256.34;4220.67;4714.66;4885.00;3081.67;2637.00;2957.00;3190.00;1806.33;2249.33;1636.33;7185.00;310.00;1154.67;544.67;1549.33;320.00;320.00;320.00;160.00
1763511590.540069;0.00;97.00;417.00;0.00;0.00;0.00;0.00;97.00;97.00;388.00;0.00;0.00;0.00;0.00;0.00;194.00;485.00;97.00;0.00;0.00;194.00;0.00;97.00;2870.00;3094.67;3201.67;3191.67;2256.34;4220.67;4714.66;4885.00;3081.67;2637.00;2957.00;3190.00;1806.33;2249.33;1636.33;7185.00;310.00;1154.67;544.67;1549.33;320.00;320.00;320.00;160.00
1763511590.54097;0.00;97.00;417.00;0.00;0.00;0.00;0.00;97.00;97.00;388.00;0.00;0.00;0.00;0.00;0.00;194.00;485.00;97.00;0.00;0.00;194.00;0.00;97.00;2870.00;3094.67;3201.67;3191.67;2256.34;4220.67;4714.66;4885.00;3081.67;2637.00;2957.00;3190.00;1806.33;2249.33;1636.33;7185.00;310.00;1154.67;544.67;1549.33;320.00;320.00;320.00;160.00
1763511590.6200862;0.00;97.00;417.00;0.00;0.00;0.00;0.00;97.00;97.00;388.00;0.00;0.00;0.00;0.00;0.00;194.00;485.00;97.00;0.00;0.00;194.00;0.00;97.00;2870.00;3094.67;3201.67;3191.67;2256.34;4220.67;4714.66;4885.00;3081.67;2637.00;2957.00;3190.00;1806.33;2249.33;1636.33;7185.00;310.00;1154.67;544.67;1549.33;320.00;320.00;320.00;160.00
1763511590.620995;0.00;97.00;417.00;0.00;0.00;0.00;0.00;97.00;97.00;388.00;0.00;0.00;0.00;0.00;0.00;194.00;485.00;97.00;0.00;0.00;194.00;0.00;97.00;2870.00;3094.67;3201.67;3191.67;2256.34;4220.67;4714.66;4885.00;3081.67;2637.00;2957.00;3190.00;1806.33;2249.33;1636.33;7185.00;310.00;1154.67;544.67;1549.33;320.00;320.00;320.00;160.00
1763511590.8482018;0.00;97.00;417.00;0.00;0.00;0.00;0.00;97.00;97.00;388.00;0.00;0.00;0.00;0.00;0.00;194.00;485.00;97.00;0.00;0.00;194.00;0.00;97.00;2870.00;3094.67;3201.67;3191.67;2256.34;4220.67;4714.66;4885.00;3081.67;2637.00;2957.00;3190.00;1806.33;2249.33;1636.33;7185.00;310.00;1154.67;544.67;1549.33;320.00;320.00;320.00;160.00
1763511590.849092;0.00;97.00;417.00;0.00;0.00;0.00;0.00;97.00;97.00;388.00;0.00;0.00;0.00;0.00;0.00;194.00;485.00;97.00;0.00;0.00;194.00;0.00;97.00;2870.00;3094.67;3201.67;3191.67;2256.34;4220.67;4714.66;4885.00;3081.67;2637.00;2957.00;3190.00;1806.33;2249.33;1636.33;7185.00;310.00;1154.67;544.67;1549.33;320.00;320.00;320.00;160.00
1763511590.9257755;0.00;97.00;417.00;0.00;0.00;0.00;0.00;97.00;97.00;388.00;0.00;0.00;0.00;0.00;0.00;194.00;485.00;97.00;0.00;0.00;194.00;0.00;97.00;2870.00;3094.67;3201.67;3191.67;2256.34;4220.67;4714.66;4885.00;3081.67;2637.00;2957.00;3190.00;1806.33;2249.33;1636.33;7185.00;310.00;1154.67;544.67;1549.33;320.00;320.00;320.00;160.00
1763511590.9266949;0.00;97.00;417.00;0.00;0.00;0.00;0.00;97.00;97.00;388.00;0.00;0.00;0.00;0.00;0.00;194.00;485.00;97.00;0.00;0.00;194.00;0.00;97.00;2870.00;3094.67;3201.67;3191.67;2256.34;4220.67;4714.66;4885.00;3081.67;2637.00;2957.00;3190.00;1806.33;2249.33;1636.33;7185.00;310.00;1154.67;544.67;1549.33;320.00;320.00;320.00;160.00
1763511591.1922443;0.00;194.00;417.00;0.00;0.00;0.00;0.00;97.00;0.00;388.00;0.00;0.00;0.00;0.00;0.00;194.00;291.00;97.00;0.00;0.00;194.00;0.00;97.00;2870.00;3094.67;3201.67;3191.67;2256.34;3819.01;4265.33;4537.33;3081.67;2637.00;2957.00;3190.00;1694.00;2249.33;1191.66;6265.00;310.00;1154.67;544.67;1212.33;320.00;320.00;320.00;160.00
1763511591.1933913;0.00;194.00;417.00;0.00;0.00;0.00;0.00;97.00;0.00;388.00;0.00;0.00;0.00;0.00;0.00;194.00;291.00;97.00;0.00;0.00;194.00;0.00;97.00;2870.00;3094.67;3201.67;3191.67;2256.34;3819.01;4265.33;4537.33;3081.67;2637.00;2957.00;3190.00;1694.00;2249.33;1191.66;6265.00;310.00;1154.67;544.67;1212.33;320.00;320.00;320.00;160.00
1763511591.284089;0.00;291.00;417.00;0.00;0.00;0.00;0.00;97.00;0.00;388.00;0.00;0.00;0.00;0.00;0.00;194.00;291.00;97.00;0.00;0.00;194.00;0.00;97.00;3180.00;3404.67;3511.67;3501.67;2566.34;4033.68;4592.33;4864.33;3391.67;2947.00;3267.00;3500.00;1806.33;2249.33;1731.66;6725.00;310.00;1154.67;544.67;1437.00;320.00;320.00;320.00;160.00
1763511591.2849522;0.00;291.00;417.00;0.00;0.00;0.00;0.00;97.00;0.00;388.00;0.00;0.00;0.00;0.00;0.00;194.00;291.00;97.00;0.00;0.00;194.00;0.00;97.00;3180.00;3404.67;3511.67;3501.67;2566.34;4033.68;4592.33;4864.33;3391.67;2947.00;3267.00;3500.00;1806.33;2249.33;1731.66;6725.00;310.00;1154.67;544.67;1437.00;320.00;320.00;320.00;160.00
1763511591.3578398;0.00;291.00;417.00;0.00;0.00;0.00;0.00;97.00;0.00;388.00;0.00;0.00;0.00;0.00;0.00;194.00;291.00;97.00;0.00;0.00;194.00;0.00;97.00;3180.00;3404.67;3511.67;3501.67;2566.34;4033.68;4592.33;4864.33;3391.67;2947.00;3267.00;3500.00;1806.33;2249.33;1731.66;6725.00;310.00;1154.67;544.67;1437.00;320.00;320.00;320.00;160.00
1763511591.3587515;0.00;291.00;417.00;0.00;0.00;0.00;0.00;97.00;0.00;388.00;0.00;0.00;0.00;0.00;0.00;194.00;291.00;97.00;0.00;0.00;194.00;0.00;97.00;3180.00;3404.67;3511.67;3501.67;2566.34;4033.68;4592.33;4864.33;3391.67;2947.00;3267.00;3500.00;1806.33;2249.33;1731.66;6725.00;310.00;1154.67;544.67;1437.00;320.00;320.00;320.00;160.00
1763511596.213639;0.00;291.00;417.00;0.00;0.00;0.00;0.00;97.00;0.00;388.00;0.00;0.00;0.00;0.00;0.00;194.00;194.00;97.00;0.00;0.00;194.00;0.00;97.00;3180.00;3404.67;3511.67;3501.67;2566.34;3889.01;4447.66;4864.33;3391.67;2947.00;3267.00;3500.00;1806.33;2249.33;1731.66;6265.00;310.00;1154.67;544.67;1324.67;320.00;320.00;320.00;160.00
1763511596.2148035;0.00;291.00;417.00;0.00;0.00;0.00;0.00;97.00;0.00;388.00;0.00;0.00;0.00;0.00;0.00;194.00;194.00;97.00;0.00;0.00;194.00;0.00;97.00;3180.00;3404.67;3511.67;3501.67;2566.34;3889.01;4447.66;4864.33;3391.67;2947.00;3267.00;3500.00;1806.33;2249.33;1731.66;6265.00;310.00;1154.67;544.67;1324.67;320.00;320.00;320.00;160.00
1763511603.39644;0.00;291.00;417.00;0.00;0.00;0.00;0.00;97.00;0.00;388.00;0.00;0.00;0.00;0.00;0.00;194.00;194.00;97.00;0.00;0.00;194.00;0.00;97.00;3180.00;3404.67;3511.67;3501.67;2566.34;3889.01;4447.66;4864.33;3391.67;2947.00;3267.00;3500.00;1806.33;2249.33;1731.66;6265.00;310.00;1154.67;544.67;1324.67;320.00;320.00;320.00;160.00
1763511603.3973603;0.00;291.00;417.00;0.00;0.00;0.00;0.00;97.00;0.00;388.00;0.00;0.00;0.00;0.00;0.00;194.00;194.00;97.00;0.00;0.00;194.00;0.00;97.00;3180.00;3404.67;3511.67;3501.67;2566.34;3889.01;4447.66;4864.33;3391.67;2947.00;3267.00;3500.00;1806.33;2249.33;1731.66;6265.00;310.00;1154.67;544.67;1324.67;320.00;320.00;320.00;160.00
1763511603.4730272;0.00;291.00;417.00;0.00;0.00;0.00;0.00;97.00;0.00;388.00;0.00;0.00;0.00;0.00;0.00;194.00;194.00;97.00;0.00;0.00;194.00;0.00;97.00;3180.00;3404.67;3511.67;3501.67;2566.34;3889.01;4447.66;4864.33;3391.67;2947.00;3267.00;3500.00;1806.33;2249.33;1731.66;6265.00;310.00;1154.67;544.67;1324.67;320.00;320.00;320.00;160.00
1763511603.47395;0.00;291.00;417.00;0.00;0.00;0.00;0.00;97.00;0.00;388.00;0.00;0.00;0.00;0.00;0.00;194.00;194.00;97.00;0.00;0.00;194.00;0.00;97.00;3180.00;3404.67;3511.67;3501.67;2566.34;3889.01;4447.66;4864.33;3391.67;2947.00;3267.00;3500.00;1806.33;2249.33;1731.66;6265.00;310.00;1154.67;544.67;1324.67;320.00;320.00;320.00;160.00
1763511603.5510051;0.00;291.00;417.00;0.00;0.00;0.00;0.00;97.00;0.00;388.00;0.00;0.00;0.00;0.00;0.00;194.00;194.00;97.00;0.00;0.00;194.00;0.00;97.00;3180.00;3404.67;3511.67;3501.67;2566.34;3889.01;4447.66;4864.33;3391.67;2947.00;3267.00;3500.00;1806.33;2249.33;1731.66;6265.00;310.00;1154.67;544.67;1324.67;320.00;320.00;320.00;160.00
1763511603.5519266;0.00;291.00;417.00;0.00;0.00;0.00;0.00;97.00;0.00;388.00;0.00;0.00;0.00;0.00;0.00;194.00;194.00;97.00;0.00;0.00;194.00;0.00;97.00;3180.00;3404.67;3511.67;3501.67;2566.34;3889.01;4447.66;4864.33;3391.67;2947.00;3267.00;3500.00;1806.33;2249.33;1731.66;6265.00;310.00;1154.67;544.67;1324.67;320.00;320.00;320.00;160.00
1763511603.617975;0.00;291.00;417.00;0.00;0.00;0.00;0.00;97.00;0.00;388.00;0.00;0.00;0.00;0.00;0.00;194.00;194.00;97.00;0.00;0.00;194.00;0.00;97.00;3180.00;3404.67;3511.67;3501.67;2566.34;3889.01;4447.66;4864.33;3391.67;2947.00;3267.00;3500.00;1806.33;2249.33;1731.66;6265.00;310.00;1154.67;544.67;1324.67;320.00;320.00;320.00;160.00
1763511603.6189194;0.00;291.00;417.00;0.00;0.00;0.00;0.00;97.00;0.00;388.00;0.00;0.00;0.00;0.00;0.00;194.00;194.00;97.00;0.00;0.00;194.00;0.00;97.00;3180.00;3404.67;3511.67;3501.67;2566.34;3889.01;4447.66;4864.33;3391.67;2947.00;3267.00;3500.00;1806.33;2249.33;1731.66;6265.00;310.00;1154.67;544.67;1324.67;320.00;320.00;320.00;160.00
1763511603.6984882;0.00;291.00;417.00;0.00;0.00;0.00;0.00;97.00;0.00;388.00;0.00;0.00;0.00;0.00;0.00;194.00;194.00;97.00;0.00;0.00;194.00;0.00;97.00;3180.00;3404.67;3511.67;3501.67;2566.34;3889.01;4447.66;4864.33;3391.67;2947.00;3267.00;3500.00;1806.33;2249.33;1731.66;6265.00;310.00;1154.67;544.67;1324.67;320.00;320.00;320.00;160.00
1763511603.6994085;0.00;291.00;417.00;0.00;0.00;0.00;0.00;97.00;0.00;388.00;0.00;0.00;0.00;0.00;0.00;194.00;194.00;97.00;0.00;0.00;194.00;0.00;97.00;3180.00;3404.67;3511.67;3501.67;2566.34;3889.01;4447.66;4864.33;3391.67;2947.00;3267.00;3500.00;1806.33;2249.33;1731.66;6265.00;310.00;1154.67;544.67;1324.67;320.00;320.00;320.00;160.00
1763511603.9263325;0.00;291.00;417.00;0.00;0.00;0.00;0.00;97.00;0.00;388.00;0.00;0.00;0.00;0.00;0.00;194.00;194.00;97.00;0.00;0.00;194.00;0.00;97.00;3180.00;3404.67;3511.67;3501.67;2566.34;3889.01;4447.66;4864.33;3391.67;2947.00;3267.00;3500.00;1806.33;2249.33;1731.66;6265.00;310.00;1154.67;544.67;1324.67;320.00;320.00;320.00;160.00
1763511603.9272645;0.00;291.00;417.00;0.00;0.00;0.00;0.00;97.00;0.00;388.00;0.00;0.00;0.00;0.00;0.00;194.00;194.00;97.00;0.00;0.00;194.00;0.00;97.00;3180.00;3404.67;3511.67;3501.67;2566.34;3889.01;4447.66;4864.33;3391.67;2947.00;3267.00;3500.00;1806.33;2249.33;1731.66;6265.00;310.00;1154.67;544.67;1324.67;320.00;320.00;320.00;160.00
1763511616.2282975;0.00;194.00;514.00;0.00;0.00;0.00;0.00;0.00;0.00;0.00;0.00;0.00;0.00;0.00;0.00;194.00;97.00;0.00;0.00;0.00;97.00;0.00;97.00;1870.00;1870.00;1560.00;1550.00;1234.67;2070.34;2404.33;1842.67;1081.67;1647.00;1647.00;1870.00;652.33;759.33;1187.00;3341.00;310.00;534.67;0.00;864.67;0.00;0.00;320.00;160.00
1763511616.2294376;0.00;194.00;514.00;0.00;0.00;0.00;0.00;0.00;0.00;0.00;0.00;0.00;0.00;0.00;0.00;194.00;97.00;0.00;0.00;0.00;97.00;0.00;97.00;1870.00;1870.00;1560.00;1550.00;1234.67;2070.34;2404.33;1842.67;1081.67;1647.00;1647.00;1870.00;652.33;759.33;1187.00;3341.00;310.00;534.67;0.00;864.67;0.00;0.00;320.00;160.00
1763511619.3817613;0.00;194.00;514.00;0.00;0.00;0.00;0.00;0.00;0.00;0.00;0.00;0.00;0.00;0.00;0.00;194.00;97.00;97.00;0.00;0.00;97.00;0.00;97.00;1870.00;1870.00;1657.00;1647.00;1331.67;2167.34;2971.33;1842.67;1081.67;1647.00;1647.00;1870.00;1122.33;759.33;1187.00;3978.00;310.00;534.67;0.00;864.67;0.00;0.00;320.00;160.00
1763511619.3823247;0.00;194.00;514.00;0.00;0.00;0.00;0.00;0.00;0.00;0.00;0.00;0.00;0.00;0.00;0.00;194.00;97.00;97.00;0.00;0.00;97.00;0.00;97.00;1870.00;1870.00;1657.00;1647.00;1331.67;2167.34;2971.33;1842.67;1081.67;1647.00;1647.00;1870.00;1122.33;759.33;1187.00;3978.00;310.00;534.67;0.00;864.67;0.00;0.00;320.00;160.00
1763511619.4340155;0.00;194.00;514.00;0.00;0.00;0.00;0.00;0.00;0.00;0.00;0.00;0.00;0.00;0.00;0.00;194.00;97.00;194.00;0.00;0.00;97.00;0.00;97.00;1870.00;1870.00;1754.00;1744.00;1428.67;2584.34;3211.33;2152.67;1081.67;1647.00;1647.00;1870.00;1459.33;759.33;1497.00;4278.00;310.00;534.67;0.00;1184.67;0.00;0.00;320.00;160.00
1763511619.4345355;0.00;194.00;514.00;0.00;0.00;0.00;0.00;0.00;0.00;0.00;0.00;0.00;0.00;0.00;0.00;194.00;97.00;194.00;0.00;0.00;97.00;0.00;97.00;1870.00;1870.00;1754.00;1744.00;1428.67;2584.34;3211.33;2152.67;1081.67;1647.00;1647.00;1870.00;1459.33;759.33;1497.00;4278.00;310.00;534.67;0.00;1184.67;0.00;0.00;320.00;160.00
1763511619.5100644;0.00;194.00;514.00;0.00;0.00;0.00;0.00;0.00;0.00;0.00;0.00;0.00;0.00;0.00;0.00;194.00;97.00;291.00;0.00;0.00;97.00;0.00;97.00;1870.00;1870.00;1851.00;1841.00;1525.67;2681.34;3451.33;2472.67;1081.67;1647.00;1647.00;1870.00;1796.33;759.33;1817.00;4578.00;310.00;534.67;0.00;1184.67;0.00;0.00;320.00;160.00
1763511619.5109668;0.00;194.00;514.00;0.00;0.00;0.00;0.00;0.00;0.00;0.00;0.00;0.00;0.00;0.00;0.00;194.00;97.00;291.00;0.00;0.00;97.00;0.00;97.00;1870.00;1870.00;1851.00;1841.00;1525.67;2681.34;3451.33;2472.67;1081.67;1647.00;1647.00;1870.00;1796.33;759.33;1817.00;4578.00;310.00;534.67;0.00;1184.67;0.00;0.00;320.00;160.00
1763511619.5841162;0.00;194.00;514.00;0.00;0.00;0.00;0.00;0.00;0.00;0.00;0.00;0.00;0.00;0.00;0.00;194.00;97.00;388.00;0.00;0.00;97.00;0.00;97.00;1902.33;1902.33;1915.67;1905.67;1590.34;2841.34;3771.33;2552.67;1114.00;1679.33;1679.33;1902.33;1956.33;759.33;1929.33;4878.00;310.00;534.67;0.00;1409.34;0.00;0.00;320.00;160.00
1763511619.5849712;0.00;194.00;514.00;0.00;0.00;0.00;0.00;0.00;0.00;0.00;0.00;0.00;0.00;0.00;0.00;194.00;97.00;388.00;0.00;0.00;97.00;0.00;97.00;1902.33;1902.33;1915.67;1905.67;1590.34;2841.34;3771.33;2552.67;1114.00;1679.33;1679.33;1902.33;1956.33;759.33;1929.33;4878.00;310.00;534.67;0.00;1409.34;0.00;0.00;320.00;160.00
1763511619.6619787;0.00;194.00;514.00;0.00;0.00;0.00;0.00;0.00;0.00;0.00;0.00;0.00;0.00;0.00;0.00;194.00;97.00;485.00;0.00;0.00;97.00;0.00;97.00;1902.33;1902.33;2012.67;2002.67;1687.34;2986.01;3916.00;2552.67;1114.00;1679.33;1679.33;1902.33;2116.33;759.33;1929.33;5178.00;310.00;534.67;0.00;1521.67;0.00;0.00;320.00;160.00
1763511619.662852;0.00;194.00;514.00;0.00;0.00;0.00;0.00;0.00;0.00;0.00;0.00;0.00;0.00;0.00;0.00;194.00;97.00;485.00;0.00;0.00;97.00;0.00;97.00;1902.33;1902.33;2012.67;2002.67;1687.34;2986.01;3916.00;2552.67;1114.00;1679.33;1679.33;1902.33;2116.33;759.33;1929.33;5178.00;310.00;534.67;0.00;1521.67;0.00;0.00;320.00;160.00
1763511619.7355676;0.00;194.00;514.00;0.00;0.00;0.00;0.00;0.00;0.00;0.00;0.00;0.00;0.00;0.00;0.00;194.00;97.00;582.00;0.00;0.00;97.00;0.00;97.00;1902.33;1902.33;2109.67;2099.67;1784.34;3083.01;4173.00;2552.67;1114.00;1679.33;1679.33;1902.33;2276.33;759.33;1929.33;5478.00;310.00;534.67;0.00;1521.67;0.00;0.00;320.00;160.00
1763511619.7364914;0.00;194.00;514.00;0.00;0.00;0.00;0.00;0.00;0.00;0.00;0.00;0.00;0.00;0.00;0.00;194.00;97.00;582.00;0.00;0.00;97.00;0.00;97.00;1902.33;1902.33;2109.67;2099.67;1784.34;3083.01;4173.00;2552.67;1114.00;1679.33;1679.33;1902.33;2276.33;759.33;1929.33;5478.00;310.00;534.67;0.00;1521.67;0.00;0.00;320.00;160.00
1763511621.2112727;0.00;194.00;611.00;0.00;0.00;0.00;0.00;0.00;0.00;0.00;0.00;0.00;0.00;0.00;0.00;194.00;97.00;582.00;0.00;0.00;0.00;0.00;97.00;1362.33;1362.33;1879.67;1869.67;1554.34;2853.01;4220.67;2600.34;1161.67;1459.33;1459.33;1362.33;2276.33;1187.00;1929.33;5638.00;310.00;534.67;0.00;1521.67;0.00;0.00;320.00;160.00
1763511621.2119782;0.00;194.00;611.00;0.00;0.00;0.00;0.00;0.00;0.00;0.00;0.00;0.00;0.00;0.00;0.00;194.00;97.00;582.00;0.00;0.00;0.00;0.00;97.00;1362.33;1362.33;1879.67;1869.67;1554.34;2853.01;4220.67;2600.34;1161.67;1459.33;1459.33;1362.33;2276.33;1187.00;1929.33;5638.00;310.00;534.67;0.00;1521.67;0.00;0.00;320.00;160.00
1763511626.2431397;0.00;194.00;611.00;0.00;0.00;0.00;0.00;0.00;0.00;0.00;0.00;0.00;0.00;0.00;0.00;291.00;0.00;582.00;0.00;0.00;0.00;0.00;97.00;1362.33;1362.33;1879.67;1869.67;1554.34;3013.01;4380.67;2600.34;1161.67;1459.33;1459.33;1362.33;2276.33;1187.00;1929.33;5815.00;310.00;534.67;0.00;1681.67;0.00;0.00;320.00;160.00
1763511626.2442994;0.00;194.00;611.00;0.00;0.00;0.00;0.00;0.00;0.00;0.00;0.00;0.00;0.00;0.00;0.00;291.00;0.00;582.00;0.00;0.00;0.00;0.00;97.00;1362.33;1362.33;1879.67;1869.67;1554.34;3013.01;4380.67;2600.34;1161.67;1459.33;1459.33;1362.33;2276.33;1187.00;1929.33;5815.00;310.00;534.67;0.00;1681.67;0.00;0.00;320.00;160.00
1763511631.2252574;0.00;194.00;611.00;0.00;0.00;0.00;0.00;0.00;0.00;0.00;0.00;0.00;0.00;0.00;0.00;97.00;0.00;679.00;0.00;0.00;0.00;0.00;97.00;1362.33;1362.33;1976.67;1966.67;1651.34;2436.01;3803.67;2263.34;1471.67;1769.33;1459.33;1362.33;2276.33;1187.00;1602.33;5515.00;310.00;534.67;0.00;1201.67;0.00;0.00;320.00;160.00
1763511631.2259827;0.00;194.00;611.00;0.00;0.00;0.00;0.00;0.00;0.00;0.00;0.00;0.00;0.00;0.00;0.00;97.00;0.00;679.00;0.00;0.00;0.00;0.00;97.00;1362.33;1362.33;1976.67;1966.67;1651.34;2436.01;3803.67;2263.34;1471.67;1769.33;1459.33;1362.33;2276.33;1187.00;1602.33;5515.00;310.00;534.67;0.00;1201.67;0.00;0.00;320.00;160.00
1763511631.2801757;0.00;194.00;611.00;0.00;0.00;0.00;0.00;0.00;0.00;0.00;0.00;0.00;0.00;0.00;0.00;97.00;0.00;776.00;0.00;0.00;0.00;0.00;97.00;1362.33;1362.33;2073.67;2063.67;1748.34;2580.68;3948.34;2423.34;1471.67;1769.33;1459.33;1362.33;2276.33;1187.00;1762.33;5815.00;310.00;534.67;0.00;1314.00;0.00;0.00;320.00;160.00
1763511631.2808952;0.00;194.00;611.00;0.00;0.00;0.00;0.00;0.00;0.00;0.00;0.00;0.00;0.00;0.00;0.00;97.00;0.00;776.00;0.00;0.00;0.00;0.00;97.00;1362.33;1362.33;2073.67;2063.67;1748.34;2580.68;3948.34;2423.34;1471.67;1769.33;1459.33;1362.33;2276.33;1187.00;1762.33;5815.00;310.00;534.67;0.00;1314.00;0.00;0.00;320.00;160.00
1763511643.4158158;0.00;0.00;611.00;0.00;0.00;0.00;0.00;0.00;0.00;0.00;0.00;97.00;0.00;0.00;0.00;0.00;0.00;582.00;0.00;0.00;0.00;0.00;97.00;1052.33;1052.33;1569.67;1656.67;1341.34;1804.34;3059.67;1529.34;851.67;1149.33;1149.33;1052.33;2164.00;1187.00;742.33;3781.00;310.00;534.67;0.00;657.00;0.00;0.00;320.00;160.00
1763511643.4166973;0.00;0.00;611.00;0.00;0.00;0.00;0.00;0.00;0.00;0.00;0.00;97.00;0.00;0.00;0.00;0.00;0.00;582.00;0.00;0.00;0.00;0.00;97.00;1052.33;1052.33;1569.67;1656.67;1341.34;1804.34;3059.67;1529.34;851.67;1149.33;1149.33;1052.33;2164.00;1187.00;742.33;3781.00;310.00;534.67;0.00;657.00;0.00;0.00;320.00;160.00
1763511643.493002;0.00;0.00;611.00;0.00;0.00;0.00;0.00;0.00;0.00;0.00;0.00;194.00;0.00;0.00;0.00;0.00;0.00;582.00;0.00;0.00;0.00;0.00;97.00;1052.33;1052.33;1569.67;1753.67;1438.34;2221.34;3476.67;1839.34;851.67;1149.33;1149.33;1052.33;2164.00;1187.00;1052.33;4188.00;310.00;534.67;0.00;977.00;0.00;0.00;320.00;160.00
1763511643.493886;0.00;0.00;611.00;0.00;0.00;0.00;0.00;0.00;0.00;0.00;0.00;194.00;0.00;0.00;0.00;0.00;0.00;582.00;0.00;0.00;0.00;0.00;97.00;1052.33;1052.33;1569.67;1753.67;1438.34;2221.34;3476.67;1839.34;851.67;1149.33;1149.33;1052.33;2164.00;1187.00;1052.33;4188.00;310.00;534.67;0.00;977.00;0.00;0.00;320.00;160.00
1763511643.5668092;0.00;0.00;611.00;0.00;0.00;0.00;0.00;0.00;0.00;0.00;0.00;291.00;0.00;0.00;0.00;0.00;0.00;582.00;0.00;0.00;0.00;0.00;97.00;1052.33;1052.33;1569.67;1850.67;1535.34;2318.34;3573.67;2379.34;851.67;1149.33;1149.33;1052.33;2164.00;1187.00;1592.33;4825.00;310.00;534.67;0.00;977.00;0.00;0.00;320.00;160.00
1763511643.5677025;0.00;0.00;611.00;0.00;0.00;0.00;0.00;0.00;0.00;0.00;0.00;291.00;0.00;0.00;0.00;0.00;0.00;582.00;0.00;0.00;0.00;0.00;97.00;1052.33;1052.33;1569.67;1850.67;1535.34;2318.34;3573.67;2379.34;851.67;1149.33;1149.33;1052.33;2164.00;1187.00;1592.33;4825.00;310.00;534.67;0.00;977.00;0.00;0.00;320.00;160.00
1763511643.6245303;0.00;0.00;611.00;0.00;0.00;0.00;0.00;0.00;0.00;0.00;0.00;388.00;0.00;0.00;0.00;0.00;0.00;582.00;0.00;0.00;0.00;0.00;97.00;1052.33;1052.33;1569.67;1947.67;1632.34;2415.34;3718.34;2834.01;851.67;1149.33;1149.33;1052.33;2276.33;1187.00;2047.00;5285.00;310.00;534.67;0.00;977.00;0.00;0.00;320.00;160.00
1763511643.6250725;0.00;0.00;611.00;0.00;0.00;0.00;0.00;0.00;0.00;0.00;0.00;388.00;0.00;0.00;0.00;0.00;0.00;582.00;0.00;0.00;0.00;0.00;97.00;1052.33;1052.33;1569.67;1947.67;1632.34;2415.34;3718.34;2834.01;851.67;1149.33;1149.33;1052.33;2276.33;1187.00;2047.00;5285.00;310.00;534.67;0.00;977.00;0.00;0.00;320.00;160.00
1763511643.7004635;0.00;0.00;611.00;0.00;0.00;0.00;0.00;0.00;0.00;0.00;0.00;485.00;0.00;0.00;0.00;0.00;0.00;582.00;0.00;0.00;0.00;0.00;97.00;1052.33;1052.33;1569.67;2044.67;1729.34;2655.34;3958.34;2834.01;851.67;1149.33;1149.33;1052.33;2276.33;1187.00;2047.00;5745.00;310.00;534.67;0.00;1314.00;0.00;0.00;320.00;160.00
1763511643.70134;0.00;0.00;611.00;0.00;0.00;0.00;0.00;0.00;0.00;0.00;0.00;485.00;0.00;0.00;0.00;0.00;0.00;582.00;0.00;0.00;0.00;0.00;97.00;1052.33;1052.33;1569.67;2044.67;1729.34;2655.34;3958.34;2834.01;851.67;1149.33;1149.33;1052.33;2276.33;1187.00;2047.00;5745.00;310.00;534.67;0.00;1314.00;0.00;0.00;320.00;160.00
1763511643.9287295;0.00;0.00;611.00;0.00;0.00;0.00;0.00;0.00;0.00;0.00;0.00;582.00;0.00;0.00;0.00;0.00;0.00;582.00;0.00;0.00;0.00;0.00;97.00;1212.33;1212.33;1729.67;2301.67;1976.34;2950.01;4253.01;2994.01;1011.67;1309.33;1309.33;1212.33;2276.33;1187.00;2047.00;6205.00;310.00;844.67;0.00;1426.33;0.00;320.00;320.00;160.00
1763511643.929631;0.00;0.00;611.00;0.00;0.00;0.00;0.00;0.00;0.00;0.00;0.00;582.00;0.00;0.00;0.00;0.00;0.00;582.00;0.00;0.00;0.00;0.00;97.00;1212.33;1212.33;1729.67;2301.67;1976.34;2950.01;4253.01;2994.01;1011.67;1309.33;1309.33;1212.33;2276.33;1187.00;2047.00;6205.00;310.00;844.67;0.00;1426.33;0.00;320.00;320.00;160.00
1763511646.2700722;0.00;97.00;514.00;0.00;0.00;0.00;0.00;0.00;0.00;0.00;0.00;582.00;0.00;0.00;0.00;0.00;0.00;582.00;0.00;0.00;0.00;0.00;97.00;1212.33;1212.33;1729.67;2301.67;1976.34;2950.01;4166.01;3401.01;1321.67;1309.33;1309.33;1212.33;2286.33;1497.00;2047.00;6205.00;310.00;844.67;0.00;1426.33;0.00;320.00;320.00;160.00
1763511646.2712367;0.00;97.00;514.00;0.00;0.00;0.00;0.00;0.00;0.00;0.00;0.00;582.00;0.00;0.00;0.00;0.00;0.00;582.00;0.00;0.00;0.00;0.00;97.00;1212.33;1212.33;1729.67;2301.67;1976.34;2950.01;4166.01;3401.01;1321.67;1309.33;1309.33;1212.33;2286.33;1497.00;2047.00;6205.00;310.00;844.67;0.00;1426.33;0.00;320.00;320.00;160.00
1763511651.2531297;0.00;97.00;417.00;0.00;0.00;0.00;0.00;0.00;0.00;0.00;0.00;582.00;0.00;0.00;0.00;0.00;97.00;485.00;0.00;0.00;0.00;0.00;97.00;1052.33;1052.33;1472.67;2044.67;1814.67;2885.34;3926.01;3021.01;941.67;1149.33;1149.33;1052.33;2126.33;957.00;2047.00;5745.00;310.00;620.00;0.00;1426.33;0.00;320.00;0.00;160.00
1763511651.2538393;0.00;97.00;417.00;0.00;0.00;0.00;0.00;0.00;0.00;0.00;0.00;582.00;0.00;0.00;0.00;0.00;97.00;485.00;0.00;0.00;0.00;0.00;97.00;1052.33;1052.33;1472.67;2044.67;1814.67;2885.34;3926.01;3021.01;941.67;1149.33;1149.33;1052.33;2126.33;957.00;2047.00;5745.00;310.00;620.00;0.00;1426.33;0.00;320.00;0.00;160.00
1763511651.3424547;0.00;194.00;417.00;0.00;0.00;0.00;0.00;0.00;0.00;0.00;0.00;582.00;0.00;0.00;0.00;0.00;97.00;485.00;0.00;0.00;0.00;0.00;97.00;1117.00;1117.00;1632.67;2204.67;1974.67;3045.34;4198.34;3593.34;1546.34;1214.00;1214.00;1117.00;2238.66;1497.00;2047.00;6045.00;310.00;620.00;0.00;1426.33;224.67;320.00;0.00;160.00
1763511651.3433015;0.00;194.00;417.00;0.00;0.00;0.00;0.00;0.00;0.00;0.00;0.00;582.00;0.00;0.00;0.00;0.00;97.00;485.00;0.00;0.00;0.00;0.00;97.00;1117.00;1117.00;1632.67;2204.67;1974.67;3045.34;4198.34;3593.34;1546.34;1214.00;1214.00;1117.00;2238.66;1497.00;2047.00;6045.00;310.00;620.00;0.00;1426.33;224.67;320.00;0.00;160.00
1763511656.289464;0.00;194.00;417.00;0.00;0.00;0.00;0.00;0.00;0.00;0.00;0.00;582.00;0.00;0.00;0.00;0.00;194.00;388.00;0.00;0.00;0.00;0.00;97.00;1117.00;1117.00;1535.67;2107.67;1877.67;3045.34;4428.34;3593.34;1546.34;1214.00;1214.00;1117.00;2238.66;1497.00;2047.00;6205.00;310.00;620.00;0.00;1426.33;224.67;320.00;0.00;160.00
1763511656.2906504;0.00;194.00;417.00;0.00;0.00;0.00;0.00;0.00;0.00;0.00;0.00;582.00;0.00;0.00;0.00;0.00;194.00;388.00;0.00;0.00;0.00;0.00;97.00;1117.00;1117.00;1535.67;2107.67;1877.67;3045.34;4428.34;3593.34;1546.34;1214.00;1214.00;1117.00;2238.66;1497.00;2047.00;6205.00;310.00;620.00;0.00;1426.33;224.67;320.00;0.00;160.00
1763511665.396449;0.00;194.00;417.00;0.00;0.00;0.00;0.00;0.00;0.00;97.00;0.00;582.00;0.00;0.00;0.00;0.00;194.00;388.00;0.00;0.00;0.00;0.00;97.00;1277.00;1277.00;1695.67;2267.67;1942.34;3110.01;4835.34;3903.34;1856.34;1524.00;1524.00;1277.00;2350.99;1497.00;2047.00;6505.00;310.00;844.67;0.00;1426.33;224.67;320.00;470.00;160.00
1763511665.39699;0.00;194.00;417.00;0.00;0.00;0.00;0.00;0.00;0.00;97.00;0.00;582.00;0.00;0.00;0.00;0.00;194.00;388.00;0.00;0.00;0.00;0.00;97.00;1277.00;1277.00;1695.67;2267.67;1942.34;3110.01;4835.34;3903.34;1856.34;1524.00;1524.00;1277.00;2350.99;1497.00;2047.00;6505.00;310.00;844.67;0.00;1426.33;224.67;320.00;470.00;160.00
1763511665.4395852;0.00;194.00;417.00;0.00;0.00;0.00;0.00;0.00;0.00;194.00;0.00;582.00;0.00;0.00;0.00;0.00;194.00;388.00;0.00;0.00;0.00;0.00;97.00;1737.00;1737.00;1845.67;2417.67;2092.34;3260.01;4915.34;4380.34;2381.01;1984.00;1984.00;1737.00;2350.99;1881.67;2159.33;6805.00;310.00;844.67;0.00;1426.33;534.67;320.00;470.00;160.00
1763511665.4401062;0.00;194.00;417.00;0.00;0.00;0.00;0.00;0.00;0.00;194.00;0.00;582.00;0.00;0.00;0.00;0.00;194.00;388.00;0.00;0.00;0.00;0.00;97.00;1737.00;1737.00;1845.67;2417.67;2092.34;3260.01;4915.34;4380.34;2381.01;1984.00;1984.00;1737.00;2350.99;1881.67;2159.33;6805.00;310.00;844.67;0.00;1426.33;534.67;320.00;470.00;160.00
1763511665.4833162;0.00;194.00;417.00;0.00;0.00;0.00;0.00;0.00;0.00;291.00;0.00;582.00;0.00;0.00;0.00;0.00;194.00;388.00;0.00;0.00;0.00;0.00;97.00;2197.00;2197.00;2305.67;2877.67;2552.34;3720.01;4995.34;4905.01;2905.68;2348.67;2348.67;2101.67;2350.99;2041.67;2159.33;7105.00;630.00;844.67;0.00;1426.33;534.67;320.00;470.00;384.67
1763511665.4838548;0.00;194.00;417.00;0.00;0.00;0.00;0.00;0.00;0.00;291.00;0.00;582.00;0.00;0.00;0.00;0.00;194.00;388.00;0.00;0.00;0.00;0.00;97.00;2197.00;2197.00;2305.67;2877.67;2552.34;3720.01;4995.34;4905.01;2905.68;2348.67;2348.67;2101.67;2350.99;2041.67;2159.33;7105.00;630.00;844.67;0.00;1426.33;534.67;320.00;470.00;384.67
1763511665.5371125;0.00;194.00;417.00;0.00;0.00;0.00;0.00;0.00;0.00;291.00;0.00;582.00;0.00;0.00;0.00;0.00;194.00;388.00;0.00;0.00;0.00;0.00;97.00;2197.00;2197.00;2305.67;2877.67;2552.34;3720.01;4995.34;4905.01;2905.68;2348.67;2348.67;2101.67;2350.99;2041.67;2159.33;7105.00;630.00;844.67;0.00;1426.33;534.67;320.00;470.00;384.67
1763511665.5377364;0.00;194.00;417.00;0.00;0.00;0.00;0.00;0.00;0.00;291.00;0.00;582.00;0.00;0.00;0.00;0.00;194.00;388.00;0.00;0.00;0.00;0.00;97.00;2197.00;2197.00;2305.67;2877.67;2552.34;3720.01;4995.34;4905.01;2905.68;2348.67;2348.67;2101.67;2350.99;2041.67;2159.33;7105.00;630.00;844.67;0.00;1426.33;534.67;320.00;470.00;384.67
1763511665.5861537;0.00;194.00;417.00;0.00;0.00;0.00;0.00;0.00;0.00;291.00;0.00;582.00;0.00;0.00;0.00;0.00;194.00;388.00;0.00;0.00;0.00;0.00;97.00;2197.00;2197.00;2305.67;2877.67;2552.34;3720.01;4995.34;4905.01;2905.68;2348.67;2348.67;2101.67;2350.99;2041.67;2159.33;7105.00;630.00;844.67;0.00;1426.33;534.67;320.00;470.00;384.67
1763511665.5866878;0.00;194.00;417.00;0.00;0.00;0.00;0.00;0.00;0.00;291.00;0.00;582.00;0.00;0.00;0.00;0.00;194.00;388.00;0.00;0.00;0.00;0.00;97.00;2197.00;2197.00;2305.67;2877.67;2552.34;3720.01;4995.34;4905.01;2905.68;2348.67;2348.67;2101.67;2350.99;2041.67;2159.33;7105.00;630.00;844.67;0.00;1426.33;534.67;320.00;470.00;384.67
1763511665.639006;0.00;194.00;417.00;0.00;0.00;0.00;0.00;0.00;0.00;291.00;0.00;582.00;0.00;0.00;0.00;0.00;194.00;388.00;0.00;0.00;0.00;0.00;97.00;2197.00;2197.00;2305.67;2877.67;2552.34;3720.01;4995.34;4905.01;2905.68;2348.67;2348.67;2101.67;2350.99;2041.67;2159.33;7105.00;630.00;844.67;0.00;1426.33;534.67;320.00;470.00;384.67
1763511665.6395864;0.00;194.00;417.00;0.00;0.00;0.00;0.00;0.00;0.00;291.00;0.00;582.00;0.00;0.00;0.00;0.00;194.00;388.00;0.00;0.00;0.00;0.00;97.00;2197.00;2197.00;2305.67;2877.67;2552.34;3720.01;4995.34;4905.01;2905.68;2348.67;2348.67;2101.67;2350.99;2041.67;2159.33;7105.00;630.00;844.67;0.00;1426.33;534.67;320.00;470.00;384.67
1763511666.2576153;0.00;291.00;0.00;0.00;0.00;0.00;0.00;0.00;0.00;291.00;0.00;582.00;0.00;0.00;0.00;0.00;194.00;388.00;0.00;0.00;0.00;0.00;97.00;1887.00;1887.00;1995.67;2567.67;2082.34;3250.01;4898.34;4920.34;3065.68;2423.34;2263.34;2016.34;2350.99;1827.00;2159.33;7105.00;630.00;684.67;0.00;1426.33;534.67;480.00;470.00;609.34
1763511666.2583451;0.00;291.00;0.00;0.00;0.00;0.00;0.00;0.00;0.00;291.00;0.00;582.00;0.00;0.00;0.00;0.00;194.00;388.00;0.00;0.00;0.00;0.00;97.00;1887.00;1887.00;1995.67;2567.67;2082.34;3250.01;4898.34;4920.34;3065.68;2423.34;2263.34;2016.34;2350.99;1827.00;2159.33;7105.00;630.00;684.67;0.00;1426.33;534.67;480.00;470.00;609.34
1763511685.434481;0.00;97.00;0.00;0.00;0.00;0.00;0.00;0.00;0.00;291.00;0.00;679.00;0.00;0.00;0.00;0.00;194.00;388.00;0.00;0.00;0.00;0.00;97.00;1822.33;1822.33;1835.67;2504.67;2019.34;3187.01;4723.01;4251.01;2461.01;2358.67;2198.67;1951.67;2238.66;1287.00;2159.33;6805.00;630.00;684.67;0.00;1426.33;310.00;480.00;470.00;609.34
1763511685.4353926;0.00;97.00;0.00;0.00;0.00;0.00;0.00;0.00;0.00;291.00;0.00;679.00;0.00;0.00;0.00;0.00;194.00;388.00;0.00;0.00;0.00;0.00;97.00;1822.33;1822.33;1835.67;2504.67;2019.34;3187.01;4723.01;4251.01;2461.01;2358.67;2198.67;1951.67;2238.66;1287.00;2159.33;6805.00;630.00;684.67;0.00;1426.33;310.00;480.00;470.00;609.34
1763511685.6054063;0.00;97.00;0.00;0.00;0.00;0.00;0.00;0.00;0.00;291.00;0.00;776.00;0.00;0.00;0.00;0.00;194.00;388.00;0.00;0.00;0.00;0.00;97.00;2132.33;2132.33;2145.67;2911.67;2116.34;3284.01;4867.68;4695.68;2905.68;2668.67;2508.67;2261.67;2350.99;1741.67;2159.33;7105.00;630.00;994.67;0.00;1426.33;310.00;480.00;470.00;609.34
1763511685.6059487;0.00;97.00;0.00;0.00;0.00;0.00;0.00;0.00;0.00;291.00;0.00;776.00;0.00;0.00;0.00;0.00;194.00;388.00;0.00;0.00;0.00;0.00;97.00;2132.33;2132.33;2145.67;2911.67;2116.34;3284.01;4867.68;4695.68;2905.68;2668.67;2508.67;2261.67;2350.99;1741.67;2159.33;7105.00;630.00;994.67;0.00;1426.33;310.00;480.00;470.00;609.34
1763511685.671227;0.00;97.00;0.00;0.00;0.00;0.00;0.00;0.00;0.00;291.00;0.00;873.00;0.00;0.00;0.00;0.00;194.00;388.00;0.00;0.00;0.00;0.00;97.00;2587.00;2587.00;2600.34;3334.00;2228.67;3396.34;4980.01;4995.68;3205.68;3123.34;2963.34;2716.34;2510.99;2196.34;2159.33;7405.00;630.00;994.67;0.00;1426.33;310.00;480.00;470.00;609.34
1763511685.6721401;0.00;97.00;0.00;0.00;0.00;0.00;0.00;0.00;0.00;291.00;0.00;873.00;0.00;0.00;0.00;0.00;194.00;388.00;0.00;0.00;0.00;0.00;97.00;2587.00;2587.00;2600.34;3334.00;2228.67;3396.34;4980.01;4995.68;3205.68;3123.34;2963.34;2716.34;2510.99;2196.34;2159.33;7405.00;630.00;994.67;0.00;1426.33;310.00;480.00;470.00;609.34
1763511685.7263155;0.00;97.00;0.00;0.00;0.00;0.00;0.00;0.00;0.00;291.00;0.00;873.00;0.00;0.00;0.00;0.00;194.00;388.00;0.00;0.00;0.00;0.00;97.00;2587.00;2587.00;2600.34;3334.00;2228.67;3396.34;4980.01;4995.68;3205.68;3123.34;2963.34;2716.34;2510.99;2196.34;2159.33;7405.00;630.00;994.67;0.00;1426.33;310.00;480.00;470.00;609.34
1763511685.7268686;0.00;97.00;0.00;0.00;0.00;0.00;0.00;0.00;0.00;291.00;0.00;873.00;0.00;0.00;0.00;0.00;194.00;388.00;0.00;0.00;0.00;0.00;97.00;2587.00;2587.00;2600.34;3334.00;2228.67;3396.34;4980.01;4995.68;3205.68;3123.34;2963.34;2716.34;2510.99;2196.34;2159.33;7405.00;630.00;994.67;0.00;1426.33;310.00;480.00;470.00;609.34
1763511685.810194;0.00;97.00;0.00;0.00;0.00;0.00;0.00;0.00;0.00;291.00;0.00;873.00;0.00;0.00;0.00;0.00;194.00;388.00;0.00;0.00;0.00;0.00;97.00;2587.00;2587.00;2600.34;3334.00;2228.67;3396.34;4980.01;4995.68;3205.68;3123.34;2963.34;2716.34;2510.99;2196.34;2159.33;7405.00;630.00;994.67;0.00;1426.33;310.00;480.00;470.00;609.34
1763511685.8111484;0.00;97.00;0.00;0.00;0.00;0.00;0.00;0.00;0.00;291.00;0.00;873.00;0.00;0.00;0.00;0.00;194.00;388.00;0.00;0.00;0.00;0.00;97.00;2587.00;2587.00;2600.34;3334.00;2228.67;3396.34;4980.01;4995.68;3205.68;3123.34;2963.34;2716.34;2510.99;2196.34;2159.33;7405.00;630.00;994.67;0.00;1426.33;310.00;480.00;470.00;609.34
1763511685.9013393;0.00;97.00;0.00;0.00;0.00;0.00;0.00;0.00;0.00;291.00;0.00;873.00;0.00;0.00;0.00;0.00;194.00;388.00;0.00;0.00;0.00;0.00;97.00;2587.00;2587.00;2600.34;3334.00;2228.67;3396.34;4980.01;4995.68;3205.68;3123.34;2963.34;2716.34;2510.99;2196.34;2159.33;7405.00;630.00;994.67;0.00;1426.33;310.00;480.00;470.00;609.34
1763511685.9023004;0.00;97.00;0.00;0.00;0.00;0.00;0.00;0.00;0.00;291.00;0.00;873.00;0.00;0.00;0.00;0.00;194.00;388.00;0.00;0.00;0.00;0.00;97.00;2587.00;2587.00;2600.34;3334.00;2228.67;3396.34;4980.01;4995.68;3205.68;3123.34;2963.34;2716.34;2510.99;2196.34;2159.33;7405.00;630.00;994.67;0.00;1426.33;310.00;480.00;470.00;609.34
1763511706.3118284;0.00;97.00;0.00;0.00;0.00;0.00;0.00;0.00;0.00;291.00;0.00;873.00;0.00;0.00;0.00;97.00;194.00;194.00;0.00;0.00;0.00;0.00;0.00;2164.67;2164.67;2048.67;2792.33;2297.00;3561.67;4985.34;4541.01;2798.68;2604.01;2444.01;2294.01;2190.99;2084.01;2047.00;6955.00;320.00;844.67;0.00;1426.33;310.00;480.00;470.00;449.34
1763511706.3126388;0.00;97.00;0.00;0.00;0.00;0.00;0.00;0.00;0.00;291.00;0.00;873.00;0.00;0.00;0.00;97.00;194.00;194.00;0.00;0.00;0.00;0.00;0.00;2164.67;2164.67;2048.67;2792.33;2297.00;3561.67;4985.34;4541.01;2798.68;2604.01;2444.01;2294.01;2190.99;2084.01;2047.00;6955.00;320.00;844.67;0.00;1426.33;310.00;480.00;470.00;449.34
1763511706.3751137;0.00;97.00;0.00;0.00;0.00;0.00;0.00;0.00;0.00;291.00;0.00;873.00;0.00;0.00;0.00;97.00;194.00;194.00;0.00;0.00;0.00;0.00;0.00;2164.67;2164.67;2048.67;2792.33;2297.00;3561.67;4985.34;4541.01;2798.68;2604.01;2444.01;2294.01;2190.99;2084.01;2047.00;6955.00;320.00;844.67;0.00;1426.33;310.00;480.00;470.00;449.34
1763511706.3756468;0.00;97.00;0.00;0.00;0.00;0.00;0.00;0.00;0.00;291.00;0.00;873.00;0.00;0.00;0.00;97.00;194.00;194.00;0.00;0.00;0.00;0.00;0.00;2164.67;2164.67;2048.67;2792.33;2297.00;3561.67;4985.34;4541.01;2798.68;2604.01;2444.01;2294.01;2190.99;2084.01;2047.00;6955.00;320.00;844.67;0.00;1426.33;310.00;480.00;470.00;449.34
1763511708.4272213;0.00;97.00;0.00;0.00;0.00;0.00;0.00;0.00;0.00;291.00;0.00;873.00;0.00;0.00;0.00;97.00;194.00;194.00;0.00;0.00;0.00;0.00;0.00;2164.67;2164.67;2048.67;2792.33;2297.00;3561.67;4985.34;4541.01;2798.68;2604.01;2444.01;2294.01;2190.99;2084.01;2047.00;6955.00;320.00;844.67;0.00;1426.33;310.00;480.00;470.00;449.34
1763511708.4277706;0.00;97.00;0.00;0.00;0.00;0.00;0.00;0.00;0.00;291.00;0.00;873.00;0.00;0.00;0.00;97.00;194.00;194.00;0.00;0.00;0.00;0.00;0.00;2164.67;2164.67;2048.67;2792.33;2297.00;3561.67;4985.34;4541.01;2798.68;2604.01;2444.01;2294.01;2190.99;2084.01;2047.00;6955.00;320.00;844.67;0.00;1426.33;310.00;480.00;470.00;449.34
1763511708.48373;0.00;97.00;0.00;0.00;0.00;0.00;0.00;0.00;0.00;291.00;0.00;873.00;0.00;0.00;0.00;97.00;194.00;194.00;0.00;0.00;0.00;0.00;0.00;2164.67;2164.67;2048.67;2792.33;2297.00;3561.67;4985.34;4541.01;2798.68;2604.01;2444.01;2294.01;2190.99;2084.01;2047.00;6955.00;320.00;844.67;0.00;1426.33;310.00;480.00;470.00;449.34
1763511708.484285;0.00;97.00;0.00;0.00;0.00;0.00;0.00;0.00;0.00;291.00;0.00;873.00;0.00;0.00;0.00;97.00;194.00;194.00;0.00;0.00;0.00;0.00;0.00;2164.67;2164.67;2048.67;2792.33;2297.00;3561.67;4985.34;4541.01;2798.68;2604.01;2444.01;2294.01;2190.99;2084.01;2047.00;6955.00;320.00;844.67;0.00;1426.33;310.00;480.00;470.00;449.34
1763511708.5587125;0.00;97.00;0.00;0.00;0.00;0.00;0.00;0.00;0.00;291.00;0.00;873.00;0.00;0.00;0.00;97.00;194.00;194.00;0.00;0.00;0.00;0.00;0.00;2164.67;2164.67;2048.67;2792.33;2297.00;3561.67;4985.34;4541.01;2798.68;2604.01;2444.01;2294.01;2190.99;2084.01;2047.00;6955.00;320.00;844.67;0.00;1426.33;310.00;480.00;470.00;449.34
1763511708.5596118;0.00;97.00;0.00;0.00;0.00;0.00;0.00;0.00;0.00;291.00;0.00;873.00;0.00;0.00;0.00;97.00;194.00;194.00;0.00;0.00;0.00;0.00;0.00;2164.67;2164.67;2048.67;2792.33;2297.00;3561.67;4985.34;4541.01;2798.68;2604.01;2444.01;2294.01;2190.99;2084.01;2047.00;6955.00;320.00;844.67;0.00;1426.33;310.00;480.00;470.00;449.34
1763511708.7829807;0.00;97.00;0.00;0.00;0.00;0.00;0.00;0.00;0.00;291.00;0.00;873.00;0.00;0.00;0.00;97.00;194.00;194.00;0.00;0.00;0.00;0.00;0.00;2164.67;2164.67;2048.67;2792.33;2297.00;3561.67;4985.34;4541.01;2798.68;2604.01;2444.01;2294.01;2190.99;2084.01;2047.00;6955.00;320.00;844.67;0.00;1426.33;310.00;480.00;470.00;449.34
1763511708.7839642;0.00;97.00;0.00;0.00;0.00;0.00;0.00;0.00;0.00;291.00;0.00;873.00;0.00;0.00;0.00;97.00;194.00;194.00;0.00;0.00;0.00;0.00;0.00;2164.67;2164.67;2048.67;2792.33;2297.00;3561.67;4985.34;4541.01;2798.68;2604.01;2444.01;2294.01;2190.99;2084.01;2047.00;6955.00;320.00;844.67;0.00;1426.33;310.00;480.00;470.00;449.34
1763511708.8578238;0.00;97.00;0.00;0.00;0.00;0.00;0.00;0.00;0.00;291.00;0.00;873.00;0.00;0.00;0.00;97.00;194.00;194.00;0.00;0.00;0.00;0.00;0.00;2164.67;2164.67;2048.67;2792.33;2297.00;3561.67;4985.34;4541.01;2798.68;2604.01;2444.01;2294.01;2190.99;2084.01;2047.00;6955.00;320.00;844.67;0.00;1426.33;310.00;480.00;470.00;449.34
1763511708.8588152;0.00;97.00;0.00;0.00;0.00;0.00;0.00;0.00;0.00;291.00;0.00;873.00;0.00;0.00;0.00;97.00;194.00;194.00;0.00;0.00;0.00;0.00;0.00;2164.67;2164.67;2048.67;2792.33;2297.00;3561.67;4985.34;4541.01;2798.68;2604.01;2444.01;2294.01;2190.99;2084.01;2047.00;6955.00;320.00;844.67;0.00;1426.33;310.00;480.00;470.00;449.34
1763511708.9301903;0.00;97.00;0.00;0.00;0.00;0.00;0.00;0.00;0.00;291.00;0.00;873.00;0.00;0.00;0.00;97.00;194.00;194.00;97.00;0.00;0.00;0.00;0.00;2394.67;2394.67;2278.67;3022.33;2527.00;3561.67;4985.34;4755.68;3125.68;2931.01;2674.01;2524.01;2190.99;2244.01;2159.33;7255.00;320.00;844.67;0.00;1426.33;310.00;480.00;470.00;449.34
1763511708.9311123;0.00;97.00;0.00;0.00;0.00;0.00;0.00;0.00;0.00;291.00;0.00;873.00;0.00;0.00;0.00;97.00;194.00;194.00;97.00;0.00;0.00;0.00;0.00;2394.67;2394.67;2278.67;3022.33;2527.00;3561.67;4985.34;4755.68;3125.68;2931.01;2674.01;2524.01;2190.99;2244.01;2159.33;7255.00;320.00;844.67;0.00;1426.33;310.00;480.00;470.00;449.34
1763511711.3326752;0.00;0.00;0.00;0.00;0.00;0.00;0.00;97.00;0.00;194.00;0.00;776.00;0.00;0.00;0.00;97.00;194.00;97.00;97.00;0.00;0.00;0.00;0.00;1774.67;1774.67;1871.67;2518.33;2023.00;3057.67;4418.34;3648.68;2376.34;1926.34;1829.34;1679.34;2013.99;1539.34;1497.00;6355.00;320.00;844.67;0.00;1426.33;0.00;320.00;470.00;224.67
1763511711.3334033;0.00;0.00;0.00;0.00;0.00;0.00;0.00;97.00;0.00;194.00;0.00;776.00;0.00;0.00;0.00;97.00;194.00;97.00;97.00;0.00;0.00;0.00;0.00;1774.67;1774.67;1871.67;2518.33;2023.00;3057.67;4418.34;3648.68;2376.34;1926.34;1829.34;1679.34;2013.99;1539.34;1497.00;6355.00;320.00;844.67;0.00;1426.33;0.00;320.00;470.00;224.67
1763511711.4156694;0.00;0.00;0.00;0.00;0.00;0.00;0.00;97.00;0.00;194.00;0.00;776.00;0.00;0.00;0.00;97.00;194.00;194.00;97.00;0.00;0.00;0.00;0.00;1839.34;1839.34;1904.00;2550.66;2055.33;3320.00;4728.34;4278.68;2751.01;1991.01;1894.01;1744.01;2126.32;1849.34;1881.67;6655.00;320.00;844.67;0.00;1426.33;0.00;320.00;470.00;224.67
1763511711.416523;0.00;0.00;0.00;0.00;0.00;0.00;0.00;97.00;0.00;194.00;0.00;776.00;0.00;0.00;0.00;97.00;194.00;194.00;97.00;0.00;0.00;0.00;0.00;1839.34;1839.34;1904.00;2550.66;2055.33;3320.00;4728.34;4278.68;2751.01;1991.01;1894.01;1744.01;2126.32;1849.34;1881.67;6655.00;320.00;844.67;0.00;1426.33;0.00;320.00;470.00;224.67
1763511711.4811513;0.00;0.00;0.00;0.00;0.00;0.00;0.00;97.00;0.00;194.00;0.00;776.00;0.00;407.00;0.00;97.00;194.00;194.00;97.00;0.00;0.00;0.00;0.00;2246.34;1839.34;1904.00;2550.66;2285.33;3550.00;4958.34;4508.68;3093.34;2493.34;2301.01;2151.01;2126.32;2329.34;1994.00;6955.00;320.00;844.67;0.00;1426.33;0.00;544.67;470.00;224.67
1763511711.4820333;0.00;0.00;0.00;0.00;0.00;0.00;0.00;97.00;0.00;194.00;0.00;776.00;0.00;407.00;0.00;97.00;194.00;194.00;97.00;0.00;0.00;0.00;0.00;2246.34;1839.34;1904.00;2550.66;2285.33;3550.00;4958.34;4508.68;3093.34;2493.34;2301.01;2151.01;2126.32;2329.34;1994.00;6955.00;320.00;844.67;0.00;1426.33;0.00;544.67;470.00;224.67
1763511721.3829799;0.00;0.00;0.00;0.00;0.00;0.00;0.00;97.00;0.00;194.00;0.00;679.00;0.00;407.00;0.00;97.00;194.00;291.00;97.00;0.00;0.00;0.00;0.00;2236.34;1829.34;2311.00;2860.66;2295.33;3560.00;4968.34;4728.68;3083.34;2483.34;2291.01;2141.01;2126.32;2329.34;2154.00;6795.00;320.00;844.67;0.00;1426.33;320.00;224.67;470.00;224.67
1763511721.3844151;0.00;0.00;0.00;0.00;0.00;0.00;0.00;97.00;0.00;194.00;0.00;679.00;0.00;407.00;0.00;97.00;194.00;291.00;97.00;0.00;0.00;0.00;0.00;2236.34;1829.34;2311.00;2860.66;2295.33;3560.00;4968.34;4728.68;3083.34;2483.34;2291.01;2141.01;2126.32;2329.34;2154.00;6795.00;320.00;844.67;0.00;1426.33;320.00;224.67;470.00;224.67
1763511726.4024901;0.00;0.00;0.00;0.00;0.00;0.00;0.00;97.00;0.00;194.00;0.00;582.00;0.00;407.00;0.00;97.00;194.00;291.00;97.00;0.00;0.00;0.00;0.00;2236.34;1829.34;2311.00;2763.66;2198.33;3463.00;4871.34;4728.68;3083.34;2483.34;2291.01;2141.01;2126.32;2329.34;2154.00;6725.00;320.00;844.67;0.00;1426.33;320.00;224.67;470.00;224.67
1763511726.4034004;0.00;0.00;0.00;0.00;0.00;0.00;0.00;97.00;0.00;194.00;0.00;582.00;0.00;407.00;0.00;97.00;194.00;291.00;97.00;0.00;0.00;0.00;0.00;2236.34;1829.34;2311.00;2763.66;2198.33;3463.00;4871.34;4728.68;3083.34;2483.34;2291.01;2141.01;2126.32;2329.34;2154.00;6725.00;320.00;844.67;0.00;1426.33;320.00;224.67;470.00;224.67
1763511726.4743967;0.00;0.00;0.00;0.00;0.00;0.00;0.00;97.00;0.00;194.00;0.00;582.00;0.00;407.00;0.00;97.00;194.00;291.00;97.00;0.00;0.00;0.00;0.00;2236.34;1829.34;2311.00;2763.66;2198.33;3463.00;4871.34;4728.68;3083.34;2483.34;2291.01;2141.01;2126.32;2329.34;2154.00;6725.00;320.00;844.67;0.00;1426.33;320.00;224.67;470.00;224.67
1763511726.4753187;0.00;0.00;0.00;0.00;0.00;0.00;0.00;97.00;0.00;194.00;0.00;582.00;0.00;407.00;0.00;97.00;194.00;291.00;97.00;0.00;0.00;0.00;0.00;2236.34;1829.34;2311.00;2763.66;2198.33;3463.00;4871.34;4728.68;3083.34;2483.34;2291.01;2141.01;2126.32;2329.34;2154.00;6725.00;320.00;844.67;0.00;1426.33;320.00;224.67;470.00;224.67
1763511729.442187;0.00;0.00;0.00;97.00;0.00;0.00;0.00;97.00;0.00;194.00;0.00;582.00;0.00;0.00;0.00;0.00;0.00;291.00;97.00;0.00;0.00;0.00;0.00;1829.34;1829.34;2311.00;2763.66;1738.33;2249.00;3604.34;4285.68;2838.01;1981.01;1884.01;1734.01;1789.32;1849.34;1731.67;5665.00;320.00;844.67;0.00;769.33;320.00;0.00;470.00;224.67
1763511729.4427269;0.00;0.00;0.00;97.00;0.00;0.00;0.00;97.00;0.00;194.00;0.00;582.00;0.00;0.00;0.00;0.00;0.00;291.00;97.00;0.00;0.00;0.00;0.00;1829.34;1829.34;2311.00;2763.66;1738.33;2249.00;3604.34;4285.68;2838.01;1981.01;1884.01;1734.01;1789.32;1849.34;1731.67;5665.00;320.00;844.67;0.00;769.33;320.00;0.00;470.00;224.67
1763511729.4901896;0.00;0.00;0.00;194.00;0.00;0.00;0.00;97.00;0.00;194.00;0.00;582.00;0.00;0.00;0.00;0.00;0.00;291.00;97.00;0.00;0.00;0.00;0.00;1829.34;1829.34;2311.00;2763.66;1738.33;2559.00;4251.34;4702.68;2935.01;1981.01;1884.01;1734.01;2126.32;1849.34;2051.67;6125.00;320.00;844.67;0.00;1079.33;320.00;0.00;470.00;224.67
1763511729.490734;0.00;0.00;0.00;194.00;0.00;0.00;0.00;97.00;0.00;194.00;0.00;582.00;0.00;0.00;0.00;0.00;0.00;291.00;97.00;0.00;0.00;0.00;0.00;1829.34;1829.34;2311.00;2763.66;1738.33;2559.00;4251.34;4702.68;2935.01;1981.01;1884.01;1734.01;2126.32;1849.34;2051.67;6125.00;320.00;844.67;0.00;1079.33;320.00;0.00;470.00;224.67
1763511729.566256;0.00;0.00;0.00;291.00;0.00;0.00;0.00;97.00;0.00;194.00;0.00;582.00;0.00;0.00;0.00;0.00;0.00;291.00;97.00;0.00;0.00;0.00;0.00;1829.34;1829.34;2311.00;2763.66;1738.33;2671.33;4363.67;4895.01;3032.01;1981.01;1884.01;1734.01;2126.32;1849.34;2276.34;6585.00;320.00;844.67;0.00;1191.66;320.00;0.00;470.00;224.67
1763511729.567172;0.00;0.00;0.00;291.00;0.00;0.00;0.00;97.00;0.00;194.00;0.00;582.00;0.00;0.00;0.00;0.00;0.00;291.00;97.00;0.00;0.00;0.00;0.00;1829.34;1829.34;2311.00;2763.66;1738.33;2671.33;4363.67;4895.01;3032.01;1981.01;1884.01;1734.01;2126.32;1849.34;2276.34;6585.00;320.00;844.67;0.00;1191.66;320.00;0.00;470.00;224.67
1763511729.699262;0.00;0.00;0.00;388.00;0.00;0.00;0.00;97.00;0.00;194.00;0.00;582.00;0.00;0.00;0.00;0.00;0.00;291.00;97.00;0.00;0.00;0.00;0.00;1829.34;1829.34;2311.00;2763.66;1738.33;2783.66;4476.00;4992.01;3129.01;1981.01;1884.01;1734.01;2126.32;1849.34;2276.34;7045.00;320.00;844.67;0.00;1303.99;320.00;0.00;470.00;224.67
1763511729.699783;0.00;0.00;0.00;388.00;0.00;0.00;0.00;97.00;0.00;194.00;0.00;582.00;0.00;0.00;0.00;0.00;0.00;291.00;97.00;0.00;0.00;0.00;0.00;1829.34;1829.34;2311.00;2763.66;1738.33;2783.66;4476.00;4992.01;3129.01;1981.01;1884.01;1734.01;2126.32;1849.34;2276.34;7045.00;320.00;844.67;0.00;1303.99;320.00;0.00;470.00;224.67
1763511729.7431328;0.00;0.00;0.00;485.00;0.00;0.00;0.00;97.00;0.00;194.00;0.00;582.00;0.00;0.00;0.00;0.00;0.00;291.00;97.00;0.00;0.00;0.00;0.00;2246.34;2246.34;2728.00;3170.66;2145.33;3238.33;4930.67;4992.01;3129.01;2398.01;2301.01;2151.01;2126.32;2169.34;2276.34;7505.00;630.00;844.67;0.00;1416.32;320.00;0.00;470.00;224.67
1763511729.7439742;0.00;0.00;0.00;485.00;0.00;0.00;0.00;97.00;0.00;194.00;0.00;582.00;0.00;0.00;0.00;0.00;0.00;291.00;97.00;0.00;0.00;0.00;0.00;2246.34;2246.34;2728.00;3170.66;2145.33;3238.33;4930.67;4992.01;3129.01;2398.01;2301.01;2151.01;2126.32;2169.34;2276.34;7505.00;630.00;844.67;0.00;1416.32;320.00;0.00;470.00;224.67
1763511729.8258011;0.00;0.00;0.00;485.00;0.00;0.00;0.00;97.00;0.00;194.00;0.00;582.00;0.00;0.00;0.00;0.00;0.00;291.00;97.00;0.00;0.00;0.00;0.00;2246.34;2246.34;2728.00;3170.66;2145.33;3238.33;4930.67;4992.01;3129.01;2398.01;2301.01;2151.01;2126.32;2169.34;2276.34;7505.00;630.00;844.67;0.00;1416.32;320.00;0.00;470.00;224.67
1763511729.8267415;0.00;0.00;0.00;485.00;0.00;0.00;0.00;97.00;0.00;194.00;0.00;582.00;0.00;0.00;0.00;0.00;0.00;291.00;97.00;0.00;0.00;0.00;0.00;2246.34;2246.34;2728.00;3170.66;2145.33;3238.33;4930.67;4992.01;3129.01;2398.01;2301.01;2151.01;2126.32;2169.34;2276.34;7505.00;630.00;844.67;0.00;1416.32;320.00;0.00;470.00;224.67
1763511731.4137478;0.00;0.00;0.00;485.00;0.00;0.00;0.00;97.00;0.00;194.00;0.00;485.00;0.00;0.00;0.00;0.00;0.00;291.00;97.00;0.00;0.00;0.00;0.00;2246.34;2246.34;2728.00;3073.66;2048.33;2998.33;4690.67;4992.01;3129.01;2398.01;2301.01;2151.01;2126.32;2169.34;2276.34;7045.00;630.00;844.67;0.00;1079.32;320.00;0.00;470.00;224.67
1763511731.4146457;0.00;0.00;0.00;485.00;0.00;0.00;0.00;97.00;0.00;194.00;0.00;485.00;0.00;0.00;0.00;0.00;0.00;291.00;97.00;0.00;0.00;0.00;0.00;2246.34;2246.34;2728.00;3073.66;2048.33;2998.33;4690.67;4992.01;3129.01;2398.01;2301.01;2151.01;2126.32;2169.34;2276.34;7045.00;630.00;844.67;0.00;1079.32;320.00;0.00;470.00;224.67
1763511746.4596853;0.00;0.00;0.00;485.00;0.00;0.00;0.00;97.00;0.00;194.00;0.00;485.00;0.00;0.00;0.00;0.00;0.00;291.00;97.00;0.00;0.00;0.00;0.00;2246.34;2246.34;2728.00;3073.66;2048.33;2998.33;4690.67;4992.01;3129.01;2398.01;2301.01;2151.01;2126.32;2169.34;2276.34;7045.00;630.00;844.67;0.00;1079.32;320.00;0.00;470.00;224.67
1763511746.460232;0.00;0.00;0.00;485.00;0.00;0.00;0.00;97.00;0.00;194.00;0.00;485.00;0.00;0.00;0.00;0.00;0.00;291.00;97.00;0.00;0.00;0.00;0.00;2246.34;2246.34;2728.00;3073.66;2048.33;2998.33;4690.67;4992.01;3129.01;2398.01;2301.01;2151.01;2126.32;2169.34;2276.34;7045.00;630.00;844.67;0.00;1079.32;320.00;0.00;470.00;224.67
1763511746.5371397;0.00;0.00;0.00;485.00;0.00;0.00;0.00;97.00;0.00;194.00;0.00;485.00;0.00;0.00;0.00;0.00;0.00;291.00;97.00;0.00;0.00;0.00;0.00;2246.34;2246.34;2728.00;3073.66;2048.33;2998.33;4690.67;4992.01;3129.01;2398.01;2301.01;2151.01;2126.32;2169.34;2276.34;7045.00;630.00;844.67;0.00;1079.32;320.00;0.00;470.00;224.67
1763511746.5380356;0.00;0.00;0.00;485.00;0.00;0.00;0.00;97.00;0.00;194.00;0.00;485.00;0.00;0.00;0.00;0.00;0.00;291.00;97.00;0.00;0.00;0.00;0.00;2246.34;2246.34;2728.00;3073.66;2048.33;2998.33;4690.67;4992.01;3129.01;2398.01;2301.01;2151.01;2126.32;2169.34;2276.34;7045.00;630.00;844.67;0.00;1079.32;320.00;0.00;470.00;224.67
1763511746.6188254;0.00;0.00;0.00;485.00;0.00;0.00;0.00;97.00;0.00;194.00;0.00;485.00;0.00;0.00;0.00;0.00;0.00;291.00;97.00;0.00;0.00;0.00;0.00;2246.34;2246.34;2728.00;3073.66;2048.33;2998.33;4690.67;4992.01;3129.01;2398.01;2301.01;2151.01;2126.32;2169.34;2276.34;7045.00;630.00;844.67;0.00;1079.32;320.00;0.00;470.00;224.67
1763511746.6197164;0.00;0.00;0.00;485.00;0.00;0.00;0.00;97.00;0.00;194.00;0.00;485.00;0.00;0.00;0.00;0.00;0.00;291.00;97.00;0.00;0.00;0.00;0.00;2246.34;2246.34;2728.00;3073.66;2048.33;2998.33;4690.67;4992.01;3129.01;2398.01;2301.01;2151.01;2126.32;2169.34;2276.34;7045.00;630.00;844.67;0.00;1079.32;320.00;0.00;470.00;224.67
1763511746.6776478;0.00;0.00;0.00;485.00;0.00;0.00;0.00;97.00;0.00;194.00;0.00;485.00;0.00;0.00;0.00;0.00;0.00;291.00;97.00;0.00;0.00;0.00;0.00;2246.34;2246.34;2728.00;3073.66;2048.33;2998.33;4690.67;4992.01;3129.01;2398.01;2301.01;2151.01;2126.32;2169.34;2276.34;7045.00;630.00;844.67;0.00;1079.32;320.00;0.00;470.00;224.67
1763511746.6781886;0.00;0.00;0.00;485.00;0.00;0.00;0.00;97.00;0.00;194.00;0.00;485.00;0.00;0.00;0.00;0.00;0.00;291.00;97.00;0.00;0.00;0.00;0.00;2246.34;2246.34;2728.00;3073.66;2048.33;2998.33;4690.67;4992.01;3129.01;2398.01;2301.01;2151.01;2126.32;2169.34;2276.34;7045.00;630.00;844.67;0.00;1079.32;320.00;0.00;470.00;224.67
1763511746.755299;0.00;0.00;0.00;485.00;0.00;0.00;0.00;97.00;0.00;194.00;0.00;485.00;0.00;0.00;0.00;0.00;0.00;291.00;97.00;0.00;0.00;0.00;0.00;2246.34;2246.34;2728.00;3073.66;2048.33;2998.33;4690.67;4992.01;3129.01;2398.01;2301.01;2151.01;2126.32;2169.34;2276.34;7045.00;630.00;844.67;0.00;1079.32;320.00;0.00;470.00;224.67
1763511746.7561944;0.00;0.00;0.00;485.00;0.00;0.00;0.00;97.00;0.00;194.00;0.00;485.00;0.00;0.00;0.00;0.00;0.00;291.00;97.00;0.00;0.00;0.00;0.00;2246.34;2246.34;2728.00;3073.66;2048.33;2998.33;4690.67;4992.01;3129.01;2398.01;2301.01;2151.01;2126.32;2169.34;2276.34;7045.00;630.00;844.67;0.00;1079.32;320.00;0.00;470.00;224.67
1763511746.8322628;0.00;0.00;0.00;485.00;0.00;0.00;0.00;97.00;0.00;194.00;0.00;485.00;0.00;0.00;0.00;0.00;0.00;291.00;97.00;0.00;0.00;0.00;0.00;2246.34;2246.34;2728.00;3073.66;2048.33;2998.33;4690.67;4992.01;3129.01;2398.01;2301.01;2151.01;2126.32;2169.34;2276.34;7045.00;630.00;844.67;0.00;1079.32;320.00;0.00;470.00;224.67
1763511746.8328023;0.00;0.00;0.00;485.00;0.00;0.00;0.00;97.00;0.00;194.00;0.00;485.00;0.00;0.00;0.00;0.00;0.00;291.00;97.00;0.00;0.00;0.00;0.00;2246.34;2246.34;2728.00;3073.66;2048.33;2998.33;4690.67;4992.01;3129.01;2398.01;2301.01;2151.01;2126.32;2169.34;2276.34;7045.00;630.00;844.67;0.00;1079.32;320.00;0.00;470.00;224.67
1763511751.429394;0.00;0.00;0.00;485.00;0.00;0.00;0.00;97.00;0.00;97.00;0.00;485.00;0.00;0.00;0.00;0.00;0.00;291.00;97.00;0.00;97.00;0.00;0.00;2086.34;2086.34;2568.00;2913.66;1983.66;3093.66;4428.34;4682.01;2819.01;2088.01;1991.01;1991.01;2126.32;2169.34;2276.34;7045.00;630.00;620.00;0.00;1239.32;320.00;0.00;0.00;224.67
1763511751.4302642;0.00;0.00;0.00;485.00;0.00;0.00;0.00;97.00;0.00;97.00;0.00;485.00;0.00;0.00;0.00;0.00;0.00;291.00;97.00;0.00;97.00;0.00;0.00;2086.34;2086.34;2568.00;2913.66;1983.66;3093.66;4428.34;4682.01;2819.01;2088.01;1991.01;1991.01;2126.32;2169.34;2276.34;7045.00;630.00;620.00;0.00;1239.32;320.00;0.00;0.00;224.67
1763511767.4884753;0.00;0.00;0.00;485.00;0.00;0.00;97.00;97.00;0.00;97.00;0.00;485.00;0.00;0.00;0.00;0.00;0.00;291.00;97.00;0.00;97.00;0.00;0.00;2086.34;2086.34;2568.00;3223.66;2405.99;3515.99;4920.67;4874.34;3043.68;2312.68;1991.01;1991.01;2126.32;2489.34;2276.34;7345.00;940.00;732.33;0.00;1239.32;320.00;224.67;0.00;224.67
1763511767.4893932;0.00;0.00;0.00;485.00;0.00;0.00;97.00;97.00;0.00;97.00;0.00;485.00;0.00;0.00;0.00;0.00;0.00;291.00;97.00;0.00;97.00;0.00;0.00;2086.34;2086.34;2568.00;3223.66;2405.99;3515.99;4920.67;4874.34;3043.68;2312.68;1991.01;1991.01;2126.32;2489.34;2276.34;7345.00;940.00;732.33;0.00;1239.32;320.00;224.67;0.00;224.67
1763511767.6265278;0.00;0.00;0.00;485.00;0.00;0.00;97.00;97.00;0.00;97.00;0.00;485.00;0.00;0.00;0.00;0.00;0.00;291.00;97.00;0.00;97.00;0.00;0.00;2086.34;2086.34;2568.00;3223.66;2405.99;3515.99;4920.67;4874.34;3043.68;2312.68;1991.01;1991.01;2126.32;2489.34;2276.34;7345.00;940.00;732.33;0.00;1239.32;320.00;224.67;0.00;224.67
1763511767.6271527;0.00;0.00;0.00;485.00;0.00;0.00;97.00;97.00;0.00;97.00;0.00;485.00;0.00;0.00;0.00;0.00;0.00;291.00;97.00;0.00;97.00;0.00;0.00;2086.34;2086.34;2568.00;3223.66;2405.99;3515.99;4920.67;4874.34;3043.68;2312.68;1991.01;1991.01;2126.32;2489.34;2276.34;7345.00;940.00;732.33;0.00;1239.32;320.00;224.67;0.00;224.67
1763511767.6873643;0.00;0.00;0.00;485.00;0.00;0.00;97.00;97.00;0.00;97.00;0.00;485.00;0.00;0.00;0.00;0.00;0.00;291.00;97.00;0.00;97.00;0.00;0.00;2086.34;2086.34;2568.00;3223.66;2405.99;3515.99;4920.67;4874.34;3043.68;2312.68;1991.01;1991.01;2126.32;2489.34;2276.34;7345.00;940.00;732.33;0.00;1239.32;320.00;224.67;0.00;224.67
1763511767.6879704;0.00;0.00;0.00;485.00;0.00;0.00;97.00;97.00;0.00;97.00;0.00;485.00;0.00;0.00;0.00;0.00;0.00;291.00;97.00;0.00;97.00;0.00;0.00;2086.34;2086.34;2568.00;3223.66;2405.99;3515.99;4920.67;4874.34;3043.68;2312.68;1991.01;1991.01;2126.32;2489.34;2276.34;7345.00;940.00;732.33;0.00;1239.32;320.00;224.67;0.00;224.67
1763511767.7702029;0.00;0.00;0.00;485.00;0.00;0.00;97.00;97.00;0.00;97.00;0.00;485.00;0.00;0.00;0.00;0.00;0.00;291.00;97.00;0.00;97.00;0.00;0.00;2086.34;2086.34;2568.00;3223.66;2405.99;3515.99;4920.67;4874.34;3043.68;2312.68;1991.01;1991.01;2126.32;2489.34;2276.34;7345.00;940.00;732.33;0.00;1239.32;320.00;224.67;0.00;224.67
1763511767.7707646;0.00;0.00;0.00;485.00;0.00;0.00;97.00;97.00;0.00;97.00;0.00;485.00;0.00;0.00;0.00;0.00;0.00;291.00;97.00;0.00;97.00;0.00;0.00;2086.34;2086.34;2568.00;3223.66;2405.99;3515.99;4920.67;4874.34;3043.68;2312.68;1991.01;1991.01;2126.32;2489.34;2276.34;7345.00;940.00;732.33;0.00;1239.32;320.00;224.67;0.00;224.67
1763511767.844415;0.00;0.00;0.00;485.00;0.00;0.00;194.00;97.00;0.00;97.00;0.00;485.00;0.00;0.00;0.00;0.00;0.00;291.00;97.00;0.00;97.00;0.00;0.00;2406.34;2406.34;2888.00;3543.66;2668.32;3778.32;4953.00;4906.67;3108.35;2377.35;2055.68;2311.01;2426.32;2489.34;2276.34;7345.00;940.00;844.66;320.00;1239.32;320.00;224.67;384.67;224.67
1763511767.8452961;0.00;0.00;0.00;485.00;0.00;0.00;194.00;97.00;0.00;97.00;0.00;485.00;0.00;0.00;0.00;0.00;0.00;291.00;97.00;0.00;97.00;0.00;0.00;2406.34;2406.34;2888.00;3543.66;2668.32;3778.32;4953.00;4906.67;3108.35;2377.35;2055.68;2311.01;2426.32;2489.34;2276.34;7345.00;940.00;844.66;320.00;1239.32;320.00;224.67;384.67;224.67
1763511767.9139268;0.00;0.00;0.00;485.00;0.00;0.00;194.00;97.00;0.00;97.00;0.00;485.00;0.00;0.00;0.00;0.00;0.00;291.00;97.00;0.00;97.00;0.00;0.00;2406.34;2406.34;2888.00;3543.66;2668.32;3778.32;4953.00;4906.67;3108.35;2377.35;2055.68;2311.01;2426.32;2489.34;2276.34;7345.00;940.00;844.66;320.00;1239.32;320.00;224.67;384.67;224.67
1763511767.9145029;0.00;0.00;0.00;485.00;0.00;0.00;194.00;97.00;0.00;97.00;0.00;485.00;0.00;0.00;0.00;0.00;0.00;291.00;97.00;0.00;97.00;0.00;0.00;2406.34;2406.34;2888.00;3543.66;2668.32;3778.32;4953.00;4906.67;3108.35;2377.35;2055.68;2311.01;2426.32;2489.34;2276.34;7345.00;940.00;844.66;320.00;1239.32;320.00;224.67;384.67;224.67
1763511781.428402;0.00;0.00;0.00;485.00;0.00;0.00;194.00;194.00;0.00;0.00;0.00;291.00;0.00;0.00;0.00;0.00;0.00;0.00;97.00;0.00;97.00;0.00;0.00;1731.67;1731.67;1731.67;2193.33;1627.99;2140.32;3439.66;2607.33;2059.01;1798.01;1476.34;1731.67;2041.66;2019.34;967.00;5348.00;620.00;534.66;320.00;806.99;0.00;224.67;384.67;0.00
1763511781.4291658;0.00;0.00;0.00;485.00;0.00;0.00;194.00;194.00;0.00;0.00;0.00;291.00;0.00;0.00;0.00;0.00;0.00;0.00;97.00;0.00;97.00;0.00;0.00;1731.67;1731.67;1731.67;2193.33;1627.99;2140.32;3439.66;2607.33;2059.01;1798.01;1476.34;1731.67;2041.66;2019.34;967.00;5348.00;620.00;534.66;320.00;806.99;0.00;224.67;384.67;0.00
1763511786.4738085;0.00;0.00;0.00;388.00;0.00;0.00;291.00;194.00;0.00;0.00;0.00;291.00;0.00;0.00;0.00;0.00;0.00;0.00;97.00;0.00;97.00;0.00;0.00;1731.67;1731.67;1731.67;2193.33;1627.99;2347.99;3807.33;3052.00;1962.01;1798.01;1476.34;1731.67;2201.66;2019.34;1282.33;5525.00;620.00;534.66;320.00;1014.66;0.00;224.67;384.67;0.00
1763511786.4747036;0.00;0.00;0.00;388.00;0.00;0.00;291.00;194.00;0.00;0.00;0.00;291.00;0.00;0.00;0.00;0.00;0.00;0.00;97.00;0.00;97.00;0.00;0.00;1731.67;1731.67;1731.67;2193.33;1627.99;2347.99;3807.33;3052.00;1962.01;1798.01;1476.34;1731.67;2201.66;2019.34;1282.33;5525.00;620.00;534.66;320.00;1014.66;0.00;224.67;384.67;0.00
1763511791.476818;0.00;0.00;0.00;388.00;0.00;0.00;291.00;0.00;0.00;0.00;0.00;194.00;0.00;0.00;0.00;0.00;0.00;97.00;97.00;0.00;0.00;0.00;0.00;1421.67;1421.67;1518.67;1883.33;1627.99;2187.99;3384.99;2297.33;1517.34;1488.01;1166.34;1421.67;1817.00;1564.67;972.33;4288.00;620.00;224.66;320.00;854.66;0.00;224.67;384.67;0.00
1763511791.4777064;0.00;0.00;0.00;388.00;0.00;0.00;291.00;0.00;0.00;0.00;0.00;194.00;0.00;0.00;0.00;0.00;0.00;97.00;97.00;0.00;0.00;0.00;0.00;1421.67;1421.67;1518.67;1883.33;1627.99;2187.99;3384.99;2297.33;1517.34;1488.01;1166.34;1421.67;1817.00;1564.67;972.33;4288.00;620.00;224.66;320.00;854.66;0.00;224.67;384.67;0.00
1763511792.4984896;0.00;0.00;0.00;388.00;0.00;0.00;291.00;0.00;0.00;0.00;0.00;291.00;0.00;0.00;0.00;0.00;0.00;97.00;97.00;0.00;0.00;0.00;0.00;1421.67;1421.67;1518.67;1980.33;1724.99;2604.99;3961.99;2607.33;1517.34;1488.01;1166.34;1421.67;1977.00;1564.67;1282.33;4925.00;620.00;224.66;320.00;1174.66;0.00;224.67;384.67;0.00
1763511792.4993737;0.00;0.00;0.00;388.00;0.00;0.00;291.00;0.00;0.00;0.00;0.00;291.00;0.00;0.00;0.00;0.00;0.00;97.00;97.00;0.00;0.00;0.00;0.00;1421.67;1421.67;1518.67;1980.33;1724.99;2604.99;3961.99;2607.33;1517.34;1488.01;1166.34;1421.67;1977.00;1564.67;1282.33;4925.00;620.00;224.66;320.00;1174.66;0.00;224.67;384.67;0.00
1763511792.5753286;0.00;0.00;0.00;388.00;0.00;0.00;291.00;0.00;0.00;0.00;0.00;388.00;0.00;0.00;0.00;0.00;0.00;97.00;97.00;0.00;0.00;0.00;0.00;1421.67;1421.67;1518.67;2077.33;1821.99;2701.99;4201.99;2917.33;1517.34;1488.01;1166.34;1421.67;2314.00;1564.67;1592.33;5225.00;620.00;224.66;320.00;1174.66;0.00;224.67;384.67;0.00
1763511792.5762134;0.00;0.00;0.00;388.00;0.00;0.00;291.00;0.00;0.00;0.00;0.00;388.00;0.00;0.00;0.00;0.00;0.00;97.00;97.00;0.00;0.00;0.00;0.00;1421.67;1421.67;1518.67;2077.33;1821.99;2701.99;4201.99;2917.33;1517.34;1488.01;1166.34;1421.67;2314.00;1564.67;1592.33;5225.00;620.00;224.66;320.00;1174.66;0.00;224.67;384.67;0.00
1763511792.654995;0.00;0.00;0.00;388.00;0.00;0.00;291.00;0.00;0.00;0.00;0.00;485.00;0.00;0.00;0.00;0.00;0.00;97.00;97.00;0.00;0.00;0.00;0.00;1421.67;1421.67;1518.67;2174.33;1918.99;2798.99;4346.66;3142.00;1517.34;1488.01;1166.34;1421.67;2426.33;1564.67;1817.00;5525.00;620.00;224.66;320.00;1174.66;0.00;224.67;384.67;0.00
1763511792.655897;0.00;0.00;0.00;388.00;0.00;0.00;291.00;0.00;0.00;0.00;0.00;485.00;0.00;0.00;0.00;0.00;0.00;97.00;97.00;0.00;0.00;0.00;0.00;1421.67;1421.67;1518.67;2174.33;1918.99;2798.99;4346.66;3142.00;1517.34;1488.01;1166.34;1421.67;2426.33;1564.67;1817.00;5525.00;620.00;224.66;320.00;1174.66;0.00;224.67;384.67;0.00
1763511792.7289743;0.00;0.00;0.00;388.00;0.00;0.00;291.00;0.00;0.00;0.00;0.00;582.00;0.00;0.00;0.00;0.00;0.00;97.00;97.00;0.00;0.00;0.00;0.00;1421.67;1421.67;1518.67;2271.33;2015.99;2895.99;4603.66;3254.33;1517.34;1488.01;1166.34;1421.67;2586.33;1564.67;1929.33;5825.00;620.00;224.66;320.00;1174.66;0.00;224.67;384.67;0.00
1763511792.7298574;0.00;0.00;0.00;388.00;0.00;0.00;291.00;0.00;0.00;0.00;0.00;582.00;0.00;0.00;0.00;0.00;0.00;97.00;97.00;0.00;0.00;0.00;0.00;1421.67;1421.67;1518.67;2271.33;2015.99;2895.99;4603.66;3254.33;1517.34;1488.01;1166.34;1421.67;2586.33;1564.67;1929.33;5825.00;620.00;224.66;320.00;1174.66;0.00;224.67;384.67;0.00
1763511792.953501;0.00;0.00;0.00;388.00;0.00;0.00;291.00;0.00;0.00;0.00;0.00;679.00;0.00;0.00;0.00;0.00;0.00;97.00;97.00;0.00;0.00;0.00;0.00;1421.67;1421.67;1518.67;2368.33;2112.99;2992.99;4860.66;3254.33;1517.34;1488.01;1166.34;1421.67;2746.33;1564.67;1929.33;6125.00;620.00;224.66;320.00;1174.66;0.00;224.67;384.67;0.00
1763511792.9544177;0.00;0.00;0.00;388.00;0.00;0.00;291.00;0.00;0.00;0.00;0.00;679.00;0.00;0.00;0.00;0.00;0.00;97.00;97.00;0.00;0.00;0.00;0.00;1421.67;1421.67;1518.67;2368.33;2112.99;2992.99;4860.66;3254.33;1517.34;1488.01;1166.34;1421.67;2746.33;1564.67;1929.33;6125.00;620.00;224.66;320.00;1174.66;0.00;224.67;384.67;0.00
1763511793.0323865;0.00;0.00;0.00;388.00;0.00;0.00;291.00;0.00;0.00;0.00;0.00;776.00;0.00;0.00;0.00;0.00;0.00;97.00;97.00;0.00;0.00;0.00;0.00;1876.34;1876.34;1663.34;2480.66;2225.32;3105.32;4972.99;3709.00;1972.01;1942.68;1621.01;1876.34;2906.33;1564.67;1929.33;6425.00;620.00;224.66;320.00;1174.66;0.00;224.67;384.67;0.00
1763511793.0329592;0.00;0.00;0.00;388.00;0.00;0.00;291.00;0.00;0.00;0.00;0.00;776.00;0.00;0.00;0.00;0.00;0.00;97.00;97.00;0.00;0.00;0.00;0.00;1876.34;1876.34;1663.34;2480.66;2225.32;3105.32;4972.99;3709.00;1972.01;1942.68;1621.01;1876.34;2906.33;1564.67;1929.33;6425.00;620.00;224.66;320.00;1174.66;0.00;224.67;384.67;0.00
1763511796.5011895;0.00;0.00;0.00;97.00;0.00;0.00;388.00;0.00;0.00;0.00;0.00;582.00;0.00;0.00;0.00;0.00;0.00;97.00;0.00;0.00;0.00;0.00;0.00;774.67;774.67;561.67;1324.33;1378.99;2018.99;3539.66;2467.33;841.01;744.01;519.34;774.67;2399.33;320.00;1497.00;4445.00;310.00;224.66;320.00;640.00;0.00;224.67;384.67;0.00
1763511796.5021074;0.00;0.00;0.00;97.00;0.00;0.00;388.00;0.00;0.00;0.00;0.00;582.00;0.00;0.00;0.00;0.00;0.00;97.00;0.00;0.00;0.00;0.00;0.00;774.67;774.67;561.67;1324.33;1378.99;2018.99;3539.66;2467.33;841.01;744.01;519.34;774.67;2399.33;320.00;1497.00;4445.00;310.00;224.66;320.00;640.00;0.00;224.67;384.67;0.00
1763511796.572593;0.00;0.00;0.00;97.00;0.00;0.00;485.00;0.00;0.00;0.00;0.00;582.00;0.00;0.00;0.00;0.00;0.00;97.00;0.00;0.00;0.00;0.00;0.00;774.67;774.67;561.67;1324.33;1378.99;2355.99;3876.66;3114.33;841.01;744.01;519.34;774.67;2559.33;320.00;2047.00;4745.00;310.00;224.66;320.00;977.00;0.00;224.67;384.67;0.00
1763511796.5734994;0.00;0.00;0.00;97.00;0.00;0.00;485.00;0.00;0.00;0.00;0.00;582.00;0.00;0.00;0.00;0.00;0.00;97.00;0.00;0.00;0.00;0.00;0.00;774.67;774.67;561.67;1324.33;1378.99;2355.99;3876.66;3114.33;841.01;744.01;519.34;774.67;2559.33;320.00;2047.00;4745.00;310.00;224.66;320.00;977.00;0.00;224.67;384.67;0.00
1763511796.6420121;0.00;0.00;0.00;97.00;0.00;0.00;582.00;0.00;0.00;0.00;0.00;582.00;0.00;0.00;0.00;0.00;0.00;97.00;0.00;0.00;0.00;0.00;0.00;774.67;774.67;561.67;1324.33;1378.99;2692.99;4213.66;3211.33;841.01;744.01;519.34;774.67;2719.33;320.00;2047.00;5045.00;310.00;224.66;320.00;1314.00;0.00;224.67;384.67;0.00
1763511796.6425927;0.00;0.00;0.00;97.00;0.00;0.00;582.00;0.00;0.00;0.00;0.00;582.00;0.00;0.00;0.00;0.00;0.00;97.00;0.00;0.00;0.00;0.00;0.00;774.67;774.67;561.67;1324.33;1378.99;2692.99;4213.66;3211.33;841.01;744.01;519.34;774.67;2719.33;320.00;2047.00;5045.00;310.00;224.66;320.00;1314.00;0.00;224.67;384.67;0.00
1763511796.712465;0.00;0.00;0.00;97.00;0.00;97.00;582.00;0.00;0.00;0.00;0.00;582.00;0.00;0.00;0.00;0.00;0.00;97.00;0.00;0.00;0.00;0.00;0.00;774.67;774.67;561.67;1324.33;1378.99;2805.32;4325.99;3538.33;1071.01;904.01;679.34;774.67;2719.33;550.00;2047.00;5345.00;310.00;224.66;320.00;1426.33;0.00;224.67;544.67;0.00
1763511796.713381;0.00;0.00;0.00;97.00;0.00;97.00;582.00;0.00;0.00;0.00;0.00;582.00;0.00;0.00;0.00;0.00;0.00;97.00;0.00;0.00;0.00;0.00;0.00;774.67;774.67;561.67;1324.33;1378.99;2805.32;4325.99;3538.33;1071.01;904.01;679.34;774.67;2719.33;550.00;2047.00;5345.00;310.00;224.66;320.00;1426.33;0.00;224.67;544.67;0.00
1763511796.7827923;0.00;0.00;0.00;97.00;0.00;97.00;582.00;0.00;0.00;0.00;0.00;582.00;0.00;0.00;0.00;0.00;0.00;194.00;0.00;0.00;0.00;0.00;0.00;807.00;807.00;626.34;1484.33;1538.99;2965.32;4715.99;3928.33;1413.34;936.34;711.67;807.00;2719.33;860.00;2159.33;5805.00;534.67;544.66;320.00;1426.33;0.00;224.67;544.67;0.00
1763511796.783705;0.00;0.00;0.00;97.00;0.00;97.00;582.00;0.00;0.00;0.00;0.00;582.00;0.00;0.00;0.00;0.00;0.00;194.00;0.00;0.00;0.00;0.00;0.00;807.00;807.00;626.34;1484.33;1538.99;2965.32;4715.99;3928.33;1413.34;936.34;711.67;807.00;2719.33;860.00;2159.33;5805.00;534.67;544.66;320.00;1426.33;0.00;224.67;544.67;0.00
1763511796.852987;0.00;0.00;0.00;97.00;0.00;97.00;582.00;0.00;0.00;0.00;0.00;582.00;0.00;0.00;0.00;0.00;0.00;291.00;0.00;0.00;0.00;0.00;0.00;807.00;807.00;723.34;1581.33;1731.32;3157.65;4908.32;4468.33;1723.34;936.34;711.67;807.00;2719.33;1170.00;2159.33;6265.00;534.67;769.33;320.00;1426.33;0.00;224.67;544.67;0.00
1763511796.853908;0.00;0.00;0.00;97.00;0.00;97.00;582.00;0.00;0.00;0.00;0.00;582.00;0.00;0.00;0.00;0.00;0.00;291.00;0.00;0.00;0.00;0.00;0.00;807.00;807.00;723.34;1581.33;1731.32;3157.65;4908.32;4468.33;1723.34;936.34;711.67;807.00;2719.33;1170.00;2159.33;6265.00;534.67;769.33;320.00;1426.33;0.00;224.67;544.67;0.00
1763511814.5079503;0.00;0.00;0.00;97.00;0.00;97.00;582.00;0.00;0.00;0.00;97.00;582.00;0.00;0.00;0.00;0.00;0.00;0.00;0.00;0.00;0.00;0.00;0.00;774.67;774.67;464.67;1324.33;1378.99;2805.32;4325.99;3538.33;1071.01;904.01;679.34;774.67;2719.33;550.00;2047.00;5345.00;310.00;224.66;320.00;1426.33;0.00;224.67;544.67;0.00
1763511814.5088933;0.00;0.00;0.00;97.00;0.00;97.00;582.00;0.00;0.00;0.00;97.00;582.00;0.00;0.00;0.00;0.00;0.00;0.00;0.00;0.00;0.00;0.00;0.00;774.67;774.67;464.67;1324.33;1378.99;2805.32;4325.99;3538.33;1071.01;904.01;679.34;774.67;2719.33;550.00;2047.00;5345.00;310.00;224.66;320.00;1426.33;0.00;224.67;544.67;0.00
1763511814.5641897;0.00;0.00;0.00;97.00;0.00;97.00;582.00;0.00;0.00;0.00;194.00;582.00;0.00;0.00;0.00;0.00;0.00;0.00;0.00;0.00;0.00;0.00;0.00;924.67;924.67;614.67;1571.33;1635.99;3062.32;4908.32;4120.66;1541.01;1054.01;829.34;924.67;2719.33;870.00;2159.33;5805.00;310.00;534.66;320.00;1426.33;0.00;224.67;544.67;0.00
1763511814.5651014;0.00;0.00;0.00;97.00;0.00;97.00;582.00;0.00;0.00;0.00;194.00;582.00;0.00;0.00;0.00;0.00;0.00;0.00;0.00;0.00;0.00;0.00;0.00;924.67;924.67;614.67;1571.33;1635.99;3062.32;4908.32;4120.66;1541.01;1054.01;829.34;924.67;2719.33;870.00;2159.33;5805.00;310.00;534.66;320.00;1426.33;0.00;224.67;544.67;0.00
1763511814.6378806;0.00;0.00;0.00;97.00;0.00;97.00;582.00;0.00;0.00;0.00;291.00;582.00;0.00;0.00;0.00;0.00;0.00;0.00;0.00;0.00;0.00;0.00;0.00;1074.67;1084.67;774.67;1828.33;1892.99;3319.32;4940.65;4500.66;1691.01;1204.01;979.34;1074.67;2719.33;870.00;2159.33;6265.00;310.00;534.66;630.00;1426.33;0.00;224.67;544.67;0.00
1763511814.6388037;0.00;0.00;0.00;97.00;0.00;97.00;582.00;0.00;0.00;0.00;291.00;582.00;0.00;0.00;0.00;0.00;0.00;0.00;0.00;0.00;0.00;0.00;0.00;1074.67;1084.67;774.67;1828.33;1892.99;3319.32;4940.65;4500.66;1691.01;1204.01;979.34;1074.67;2719.33;870.00;2159.33;6265.00;310.00;534.66;630.00;1426.33;0.00;224.67;544.67;0.00
1763511814.7153277;0.00;0.00;0.00;97.00;0.00;97.00;582.00;0.00;0.00;0.00;388.00;582.00;0.00;0.00;0.00;0.00;0.00;0.00;0.00;0.00;0.00;0.00;0.00;1711.67;1721.67;1411.67;2368.33;2432.99;3859.32;4940.65;4960.66;2151.01;1888.68;1664.01;1759.34;2719.33;1094.67;2159.33;6725.00;310.00;534.66;630.00;1426.33;0.00;224.67;544.67;0.00
1763511814.7162538;0.00;0.00;0.00;97.00;0.00;97.00;582.00;0.00;0.00;0.00;388.00;582.00;0.00;0.00;0.00;0.00;0.00;0.00;0.00;0.00;0.00;0.00;0.00;1711.67;1721.67;1411.67;2368.33;2432.99;3859.32;4940.65;4960.66;2151.01;1888.68;1664.01;1759.34;2719.33;1094.67;2159.33;6725.00;310.00;534.66;630.00;1426.33;0.00;224.67;544.67;0.00
1763511814.8652234;0.00;0.00;0.00;97.00;0.00;97.00;582.00;0.00;0.00;0.00;388.00;582.00;0.00;0.00;0.00;0.00;0.00;0.00;0.00;0.00;0.00;0.00;0.00;1711.67;1721.67;1411.67;2368.33;2432.99;3859.32;4940.65;4960.66;2151.01;1888.68;1664.01;1759.34;2719.33;1094.67;2159.33;6725.00;310.00;534.66;630.00;1426.33;0.00;224.67;544.67;0.00
1763511814.8657563;0.00;0.00;0.00;97.00;0.00;97.00;582.00;0.00;0.00;0.00;388.00;582.00;0.00;0.00;0.00;0.00;0.00;0.00;0.00;0.00;0.00;0.00;0.00;1711.67;1721.67;1411.67;2368.33;2432.99;3859.32;4940.65;4960.66;2151.01;1888.68;1664.01;1759.34;2719.33;1094.67;2159.33;6725.00;310.00;534.66;630.00;1426.33;0.00;224.67;544.67;0.00
1763511814.9519825;0.00;0.00;0.00;97.00;0.00;97.00;582.00;0.00;0.00;0.00;388.00;582.00;0.00;0.00;0.00;0.00;0.00;0.00;0.00;0.00;0.00;0.00;0.00;1711.67;1721.67;1411.67;2368.33;2432.99;3859.32;4940.65;4960.66;2151.01;1888.68;1664.01;1759.34;2719.33;1094.67;2159.33;6725.00;310.00;534.66;630.00;1426.33;0.00;224.67;544.67;0.00
1763511814.9529197;0.00;0.00;0.00;97.00;0.00;97.00;582.00;0.00;0.00;0.00;388.00;582.00;0.00;0.00;0.00;0.00;0.00;0.00;0.00;0.00;0.00;0.00;0.00;1711.67;1721.67;1411.67;2368.33;2432.99;3859.32;4940.65;4960.66;2151.01;1888.68;1664.01;1759.34;2719.33;1094.67;2159.33;6725.00;310.00;534.66;630.00;1426.33;0.00;224.67;544.67;0.00
1763511821.5263088;0.00;0.00;0.00;0.00;0.00;97.00;582.00;0.00;0.00;0.00;388.00;582.00;0.00;0.00;0.00;0.00;0.00;0.00;0.00;0.00;0.00;0.00;0.00;1711.67;1721.67;1411.67;2368.33;2432.99;3859.32;4630.65;4863.66;2054.01;1888.68;1664.01;1759.34;2409.33;1094.67;2159.33;6088.00;310.00;534.66;630.00;1426.33;0.00;224.67;544.67;0.00
1763511821.5272202;0.00;0.00;0.00;0.00;0.00;97.00;582.00;0.00;0.00;0.00;388.00;582.00;0.00;0.00;0.00;0.00;0.00;0.00;0.00;0.00;0.00;0.00;0.00;1711.67;1721.67;1411.67;2368.33;2432.99;3859.32;4630.65;4863.66;2054.01;1888.68;1664.01;1759.34;2409.33;1094.67;2159.33;6088.00;310.00;534.66;630.00;1426.33;0.00;224.67;544.67;0.00
1763511827.494557;0.00;0.00;0.00;0.00;0.00;0.00;582.00;0.00;0.00;0.00;485.00;582.00;0.00;0.00;0.00;0.00;0.00;0.00;0.00;0.00;0.00;0.00;0.00;1711.67;1721.67;1411.67;2465.33;2529.99;3843.99;4925.32;4536.66;1824.01;1728.68;1504.01;1759.34;2719.33;864.67;2159.33;6425.00;310.00;534.66;630.00;1314.00;0.00;224.67;384.67;0.00
1763511827.4950933;0.00;0.00;0.00;0.00;0.00;0.00;582.00;0.00;0.00;0.00;485.00;582.00;0.00;0.00;0.00;0.00;0.00;0.00;0.00;0.00;0.00;0.00;0.00;1711.67;1721.67;1411.67;2465.33;2529.99;3843.99;4925.32;4536.66;1824.01;1728.68;1504.01;1759.34;2719.33;864.67;2159.33;6425.00;310.00;534.66;630.00;1314.00;0.00;224.67;384.67;0.00
1763511827.5571244;0.00;0.00;0.00;0.00;0.00;0.00;582.00;0.00;0.00;0.00;582.00;582.00;0.00;0.00;0.00;0.00;0.00;0.00;0.00;0.00;0.00;0.00;0.00;1791.67;1801.67;1491.67;2642.33;2706.99;3908.66;4989.99;4616.66;1904.01;1808.68;1584.01;1839.34;2719.33;864.67;2159.33;6885.00;310.00;534.66;630.00;1426.33;0.00;224.67;384.67;0.00
1763511827.5576982;0.00;0.00;0.00;0.00;0.00;0.00;582.00;0.00;0.00;0.00;582.00;582.00;0.00;0.00;0.00;0.00;0.00;0.00;0.00;0.00;0.00;0.00;0.00;1791.67;1801.67;1491.67;2642.33;2706.99;3908.66;4989.99;4616.66;1904.01;1808.68;1584.01;1839.34;2719.33;864.67;2159.33;6885.00;310.00;534.66;630.00;1426.33;0.00;224.67;384.67;0.00
1763511827.6121666;0.00;0.00;0.00;0.00;0.00;0.00;582.00;0.00;0.00;0.00;582.00;582.00;0.00;0.00;0.00;0.00;0.00;0.00;0.00;0.00;0.00;0.00;0.00;1791.67;1801.67;1491.67;2642.33;2706.99;3908.66;4989.99;4616.66;1904.01;1808.68;1584.01;1839.34;2719.33;864.67;2159.33;6885.00;310.00;534.66;630.00;1426.33;0.00;224.67;384.67;0.00
1763511827.6127117;0.00;0.00;0.00;0.00;0.00;0.00;582.00;0.00;0.00;0.00;582.00;582.00;0.00;0.00;0.00;0.00;0.00;0.00;0.00;0.00;0.00;0.00;0.00;1791.67;1801.67;1491.67;2642.33;2706.99;3908.66;4989.99;4616.66;1904.01;1808.68;1584.01;1839.34;2719.33;864.67;2159.33;6885.00;310.00;534.66;630.00;1426.33;0.00;224.67;384.67;0.00
1763511827.6695263;0.00;0.00;0.00;0.00;0.00;0.00;582.00;0.00;0.00;0.00;989.00;582.00;0.00;0.00;0.00;0.00;0.00;0.00;0.00;0.00;0.00;0.00;0.00;2048.67;2058.67;1748.67;2792.33;2856.99;4058.66;4989.99;4926.66;2214.01;2065.68;1841.01;2096.34;2869.33;1431.67;2159.33;7195.00;310.00;534.66;630.00;1426.33;0.00;224.67;384.67;0.00
1763511827.6700652;0.00;0.00;0.00;0.00;0.00;0.00;582.00;0.00;0.00;0.00;989.00;582.00;0.00;0.00;0.00;0.00;0.00;0.00;0.00;0.00;0.00;0.00;0.00;2048.67;2058.67;1748.67;2792.33;2856.99;4058.66;4989.99;4926.66;2214.01;2065.68;1841.01;2096.34;2869.33;1431.67;2159.33;7195.00;310.00;534.66;630.00;1426.33;0.00;224.67;384.67;0.00
1763511827.760159;0.00;0.00;0.00;0.00;0.00;0.00;582.00;0.00;0.00;0.00;989.00;582.00;0.00;0.00;0.00;0.00;0.00;0.00;0.00;0.00;0.00;0.00;0.00;2048.67;2058.67;1748.67;2792.33;2856.99;4058.66;4989.99;4926.66;2214.01;2065.68;1841.01;2096.34;2869.33;1431.67;2159.33;7195.00;310.00;534.66;630.00;1426.33;0.00;224.67;384.67;0.00
1763511827.7611208;0.00;0.00;0.00;0.00;0.00;0.00;582.00;0.00;0.00;0.00;989.00;582.00;0.00;0.00;0.00;0.00;0.00;0.00;0.00;0.00;0.00;0.00;0.00;2048.67;2058.67;1748.67;2792.33;2856.99;4058.66;4989.99;4926.66;2214.01;2065.68;1841.01;2096.34;2869.33;1431.67;2159.33;7195.00;310.00;534.66;630.00;1426.33;0.00;224.67;384.67;0.00
1763511827.8253386;0.00;0.00;0.00;0.00;0.00;0.00;582.00;0.00;0.00;0.00;989.00;582.00;0.00;0.00;0.00;0.00;0.00;0.00;0.00;0.00;0.00;0.00;0.00;2048.67;2058.67;1748.67;2792.33;2856.99;4058.66;4989.99;4926.66;2214.01;2065.68;1841.01;2096.34;2869.33;1431.67;2159.33;7195.00;310.00;534.66;630.00;1426.33;0.00;224.67;384.67;0.00
1763511827.8258984;0.00;0.00;0.00;0.00;0.00;0.00;582.00;0.00;0.00;0.00;989.00;582.00;0.00;0.00;0.00;0.00;0.00;0.00;0.00;0.00;0.00;0.00;0.00;2048.67;2058.67;1748.67;2792.33;2856.99;4058.66;4989.99;4926.66;2214.01;2065.68;1841.01;2096.34;2869.33;1431.67;2159.33;7195.00;310.00;534.66;630.00;1426.33;0.00;224.67;384.67;0.00
1763511848.5379868;0.00;0.00;0.00;0.00;0.00;0.00;194.00;0.00;0.00;0.00;989.00;582.00;0.00;0.00;0.00;0.00;0.00;0.00;0.00;0.00;0.00;0.00;97.00;2048.67;2058.67;1748.67;2792.33;2856.99;3064.66;3685.99;3545.66;2311.01;2162.68;1938.01;2096.34;2239.33;1431.67;1069.33;5808.00;310.00;534.66;630.00;432.33;0.00;224.67;384.67;0.00
1763511848.5389047;0.00;0.00;0.00;0.00;0.00;0.00;194.00;0.00;0.00;0.00;989.00;582.00;0.00;0.00;0.00;0.00;0.00;0.00;0.00;0.00;0.00;0.00;97.00;2048.67;2058.67;1748.67;2792.33;2856.99;3064.66;3685.99;3545.66;2311.01;2162.68;1938.01;2096.34;2239.33;1431.67;1069.33;5808.00;310.00;534.66;630.00;432.33;0.00;224.67;384.67;0.00
1763511848.7557561;0.00;0.00;0.00;0.00;0.00;0.00;194.00;0.00;0.00;0.00;989.00;582.00;0.00;0.00;0.00;0.00;0.00;0.00;0.00;0.00;0.00;0.00;194.00;2048.67;2058.67;1748.67;2792.33;2856.99;3374.66;4012.99;3872.66;2408.01;2259.68;2035.01;2096.34;2576.33;1431.67;1299.33;6268.00;310.00;534.66;630.00;742.33;0.00;224.67;384.67;0.00
1763511848.7566822;0.00;0.00;0.00;0.00;0.00;0.00;194.00;0.00;0.00;0.00;989.00;582.00;0.00;0.00;0.00;0.00;0.00;0.00;0.00;0.00;0.00;0.00;194.00;2048.67;2058.67;1748.67;2792.33;2856.99;3374.66;4012.99;3872.66;2408.01;2259.68;2035.01;2096.34;2576.33;1431.67;1299.33;6268.00;310.00;534.66;630.00;742.33;0.00;224.67;384.67;0.00
1763511848.8374596;0.00;0.00;0.00;0.00;0.00;0.00;194.00;0.00;0.00;0.00;989.00;582.00;0.00;0.00;0.00;0.00;0.00;0.00;0.00;0.00;0.00;0.00;291.00;2048.67;2058.67;1748.67;2792.33;2856.99;3486.99;4125.32;4284.99;2815.01;2356.68;2132.01;2096.34;2576.33;1741.67;1754.00;6728.00;310.00;534.66;630.00;854.66;0.00;224.67;384.67;0.00
1763511848.8384163;0.00;0.00;0.00;0.00;0.00;0.00;194.00;0.00;0.00;0.00;989.00;582.00;0.00;0.00;0.00;0.00;0.00;0.00;0.00;0.00;0.00;0.00;291.00;2048.67;2058.67;1748.67;2792.33;2856.99;3486.99;4125.32;4284.99;2815.01;2356.68;2132.01;2096.34;2576.33;1741.67;1754.00;6728.00;310.00;534.66;630.00;854.66;0.00;224.67;384.67;0.00
1763511848.9202704;0.00;0.00;0.00;0.00;0.00;0.00;194.00;0.00;0.00;0.00;989.00;582.00;0.00;0.00;0.00;0.00;0.00;0.00;0.00;0.00;0.00;0.00;388.00;2048.67;2058.67;1748.67;2792.33;2856.99;3486.99;4125.32;4754.99;2912.01;2453.68;2229.01;2096.34;2576.33;1741.67;2321.00;7188.00;310.00;534.66;630.00;854.66;0.00;224.67;384.67;0.00
1763511848.921207;0.00;0.00;0.00;0.00;0.00;0.00;194.00;0.00;0.00;0.00;989.00;582.00;0.00;0.00;0.00;0.00;0.00;0.00;0.00;0.00;0.00;0.00;388.00;2048.67;2058.67;1748.67;2792.33;2856.99;3486.99;4125.32;4754.99;2912.01;2453.68;2229.01;2096.34;2576.33;1741.67;2321.00;7188.00;310.00;534.66;630.00;854.66;0.00;224.67;384.67;0.00
1763511849.0018046;0.00;0.00;0.00;0.00;0.00;0.00;194.00;0.00;0.00;0.00;989.00;582.00;0.00;0.00;0.00;0.00;0.00;0.00;0.00;0.00;0.00;0.00;485.00;2048.67;2058.67;2068.67;3112.33;3176.99;3806.99;4435.32;4851.99;3009.01;2550.68;2326.01;2096.34;2576.33;1741.67;2321.00;7648.00;310.00;534.66;630.00;854.66;0.00;224.67;384.67;0.00
1763511849.0027268;0.00;0.00;0.00;0.00;0.00;0.00;194.00;0.00;0.00;0.00;989.00;582.00;0.00;0.00;0.00;0.00;0.00;0.00;0.00;0.00;0.00;0.00;485.00;2048.67;2058.67;2068.67;3112.33;3176.99;3806.99;4435.32;4851.99;3009.01;2550.68;2326.01;2096.34;2576.33;1741.67;2321.00;7648.00;310.00;534.66;630.00;854.66;0.00;224.67;384.67;0.00
1763511849.0832405;0.00;0.00;0.00;0.00;0.00;0.00;194.00;0.00;0.00;0.00;989.00;582.00;0.00;0.00;0.00;0.00;0.00;0.00;0.00;0.00;0.00;0.00;582.00;2358.67;2368.67;2378.67;3422.33;3486.99;4346.99;4975.32;4948.99;3106.01;2647.68;2733.01;2406.34;2576.33;1741.67;2321.00;8108.00;310.00;854.66;630.00;854.66;0.00;534.67;384.67;0.00
1763511849.0841484;0.00;0.00;0.00;0.00;0.00;0.00;194.00;0.00;0.00;0.00;989.00;582.00;0.00;0.00;0.00;0.00;0.00;0.00;0.00;0.00;0.00;0.00;582.00;2358.67;2368.67;2378.67;3422.33;3486.99;4346.99;4975.32;4948.99;3106.01;2647.68;2733.01;2406.34;2576.33;1741.67;2321.00;8108.00;310.00;854.66;630.00;854.66;0.00;534.67;384.67;0.00
1763511859.5171258;0.00;0.00;0.00;0.00;0.00;0.00;194.00;0.00;0.00;0.00;989.00;582.00;0.00;0.00;0.00;0.00;0.00;0.00;0.00;0.00;0.00;0.00;582.00;2358.67;2368.67;2378.67;3422.33;3486.99;4346.99;4975.32;4948.99;3106.01;2647.68;2733.01;2406.34;2576.33;1741.67;2321.00;8108.00;310.00;854.66;630.00;854.66;0.00;534.67;384.67;0.00
1763511859.517726;0.00;0.00;0.00;0.00;0.00;0.00;194.00;0.00;0.00;0.00;989.00;582.00;0.00;0.00;0.00;0.00;0.00;0.00;0.00;0.00;0.00;0.00;582.00;2358.67;2368.67;2378.67;3422.33;3486.99;4346.99;4975.32;4948.99;3106.01;2647.68;2733.01;2406.34;2576.33;1741.67;2321.00;8108.00;310.00;854.66;630.00;854.66;0.00;534.67;384.67;0.00
1763511859.5769799;0.00;0.00;0.00;0.00;0.00;0.00;194.00;0.00;0.00;0.00;989.00;582.00;0.00;0.00;0.00;0.00;0.00;0.00;0.00;0.00;0.00;0.00;582.00;2358.67;2368.67;2378.67;3422.33;3486.99;4346.99;4975.32;4948.99;3106.01;2647.68;2733.01;2406.34;2576.33;1741.67;2321.00;8108.00;310.00;854.66;630.00;854.66;0.00;534.67;384.67;0.00
1763511859.5775468;0.00;0.00;0.00;0.00;0.00;0.00;194.00;0.00;0.00;0.00;989.00;582.00;0.00;0.00;0.00;0.00;0.00;0.00;0.00;0.00;0.00;0.00;582.00;2358.67;2368.67;2378.67;3422.33;3486.99;4346.99;4975.32;4948.99;3106.01;2647.68;2733.01;2406.34;2576.33;1741.67;2321.00;8108.00;310.00;854.66;630.00;854.66;0.00;534.67;384.67;0.00
1763511859.631193;0.00;0.00;0.00;0.00;0.00;0.00;194.00;0.00;0.00;0.00;989.00;582.00;0.00;0.00;0.00;0.00;0.00;0.00;0.00;0.00;0.00;0.00;582.00;2358.67;2368.67;2378.67;3422.33;3486.99;4346.99;4975.32;4948.99;3106.01;2647.68;2733.01;2406.34;2576.33;1741.67;2321.00;8108.00;310.00;854.66;630.00;854.66;0.00;534.67;384.67;0.00
1763511859.631769;0.00;0.00;0.00;0.00;0.00;0.00;194.00;0.00;0.00;0.00;989.00;582.00;0.00;0.00;0.00;0.00;0.00;0.00;0.00;0.00;0.00;0.00;582.00;2358.67;2368.67;2378.67;3422.33;3486.99;4346.99;4975.32;4948.99;3106.01;2647.68;2733.01;2406.34;2576.33;1741.67;2321.00;8108.00;310.00;854.66;630.00;854.66;0.00;534.67;384.67;0.00
1763511859.689795;0.00;0.00;0.00;0.00;0.00;0.00;194.00;0.00;0.00;0.00;989.00;582.00;0.00;0.00;0.00;0.00;0.00;0.00;0.00;0.00;0.00;0.00;582.00;2358.67;2368.67;2378.67;3422.33;3486.99;4346.99;4975.32;4948.99;3106.01;2647.68;2733.01;2406.34;2576.33;1741.67;2321.00;8108.00;310.00;854.66;630.00;854.66;0.00;534.67;384.67;0.00
1763511859.6903737;0.00;0.00;0.00;0.00;0.00;0.00;194.00;0.00;0.00;0.00;989.00;582.00;0.00;0.00;0.00;0.00;0.00;0.00;0.00;0.00;0.00;0.00;582.00;2358.67;2368.67;2378.67;3422.33;3486.99;4346.99;4975.32;4948.99;3106.01;2647.68;2733.01;2406.34;2576.33;1741.67;2321.00;8108.00;310.00;854.66;630.00;854.66;0.00;534.67;384.67;0.00
1763511859.8196666;0.00;0.00;0.00;0.00;0.00;0.00;194.00;0.00;0.00;0.00;989.00;582.00;0.00;0.00;97.00;0.00;0.00;0.00;0.00;0.00;0.00;0.00;582.00;2733.34;2743.34;2913.34;3957.00;3973.99;4426.99;4975.32;4948.99;3106.01;2797.68;2883.01;2556.34;2726.33;1891.67;2321.00;8108.00;310.00;966.99;630.00;854.66;320.00;534.67;384.67;0.00
1763511859.820217;0.00;0.00;0.00;0.00;0.00;0.00;194.00;0.00;0.00;0.00;989.00;582.00;0.00;0.00;97.00;0.00;0.00;0.00;0.00;0.00;0.00;0.00;582.00;2733.34;2743.34;2913.34;3957.00;3973.99;4426.99;4975.32;4948.99;3106.01;2797.68;2883.01;2556.34;2726.33;1891.67;2321.00;8108.00;310.00;966.99;630.00;854.66;320.00;534.67;384.67;0.00
1763511859.8709404;0.00;0.00;0.00;0.00;0.00;0.00;194.00;0.00;0.00;0.00;989.00;582.00;0.00;0.00;97.00;0.00;0.00;0.00;0.00;0.00;0.00;0.00;582.00;2733.34;2743.34;2913.34;3957.00;3973.99;4426.99;4975.32;4948.99;3106.01;2797.68;2883.01;2556.34;2726.33;1891.67;2321.00;8108.00;310.00;966.99;630.00;854.66;320.00;534.67;384.67;0.00
1763511859.8715003;0.00;0.00;0.00;0.00;0.00;0.00;194.00;0.00;0.00;0.00;989.00;582.00;0.00;0.00;97.00;0.00;0.00;0.00;0.00;0.00;0.00;0.00;582.00;2733.34;2743.34;2913.34;3957.00;3973.99;4426.99;4975.32;4948.99;3106.01;2797.68;2883.01;2556.34;2726.33;1891.67;2321.00;8108.00;310.00;966.99;630.00;854.66;320.00;534.67;384.67;0.00
1763511861.5477207;0.00;0.00;0.00;0.00;0.00;0.00;97.00;0.00;0.00;0.00;989.00;582.00;0.00;0.00;97.00;0.00;0.00;0.00;0.00;0.00;0.00;0.00;582.00;2733.34;2743.34;2913.34;3647.00;3551.66;4004.66;4482.99;4756.66;2881.34;2573.01;2883.01;2556.34;2726.33;1571.67;2321.00;7808.00;0.00;854.66;630.00;854.66;320.00;310.00;384.67;0.00
1763511861.548255;0.00;0.00;0.00;0.00;0.00;0.00;97.00;0.00;0.00;0.00;989.00;582.00;0.00;0.00;97.00;0.00;0.00;0.00;0.00;0.00;0.00;0.00;582.00;2733.34;2743.34;2913.34;3647.00;3551.66;4004.66;4482.99;4756.66;2881.34;2573.01;2883.01;2556.34;2726.33;1571.67;2321.00;7808.00;0.00;854.66;630.00;854.66;320.00;310.00;384.67;0.00
1763511871.5612326;0.00;0.00;0.00;0.00;0.00;0.00;97.00;0.00;0.00;0.00;989.00;291.00;0.00;0.00;97.00;0.00;0.00;97.00;0.00;0.00;0.00;0.00;582.00;2733.34;2743.34;3010.34;3453.00;3357.66;3720.66;3848.32;4221.99;2881.34;2573.01;2883.01;2556.34;2277.00;1571.67;1786.33;7208.00;0.00;854.66;630.00;534.66;320.00;310.00;384.67;0.00
1763511871.5618074;0.00;0.00;0.00;0.00;0.00;0.00;97.00;0.00;0.00;0.00;989.00;291.00;0.00;0.00;97.00;0.00;0.00;97.00;0.00;0.00;0.00;0.00;582.00;2733.34;2743.34;3010.34;3453.00;3357.66;3720.66;3848.32;4221.99;2881.34;2573.01;2883.01;2556.34;2277.00;1571.67;1786.33;7208.00;0.00;854.66;630.00;534.66;320.00;310.00;384.67;0.00
1763511871.6350791;0.00;0.00;0.00;0.00;0.00;0.00;97.00;0.00;0.00;0.00;989.00;291.00;0.00;0.00;97.00;0.00;0.00;194.00;0.00;0.00;0.00;0.00;582.00;2733.34;2743.34;3107.34;3550.00;3454.66;4142.99;4158.32;4541.99;2881.34;2573.01;2883.01;2556.34;2389.33;1571.67;2106.33;7508.00;0.00;854.66;630.00;759.33;320.00;310.00;384.67;0.00
1763511871.6359801;0.00;0.00;0.00;0.00;0.00;0.00;97.00;0.00;0.00;0.00;989.00;291.00;0.00;0.00;97.00;0.00;0.00;194.00;0.00;0.00;0.00;0.00;582.00;2733.34;2743.34;3107.34;3550.00;3454.66;4142.99;4158.32;4541.99;2881.34;2573.01;2883.01;2556.34;2389.33;1571.67;2106.33;7508.00;0.00;854.66;630.00;759.33;320.00;310.00;384.67;0.00
1763511871.7106378;0.00;0.00;0.00;0.00;0.00;0.00;97.00;0.00;0.00;0.00;989.00;291.00;0.00;0.00;97.00;0.00;0.00;291.00;0.00;0.00;0.00;0.00;582.00;2883.34;2893.34;3354.34;3797.00;3701.66;4532.99;4548.32;4931.99;3041.34;2723.01;3033.01;2706.34;2549.33;1881.67;2106.33;7808.00;0.00;854.66;630.00;1096.33;320.00;310.00;384.67;0.00
1763511871.711582;0.00;0.00;0.00;0.00;0.00;0.00;97.00;0.00;0.00;0.00;989.00;291.00;0.00;0.00;97.00;0.00;0.00;291.00;0.00;0.00;0.00;0.00;582.00;2883.34;2893.34;3354.34;3797.00;3701.66;4532.99;4548.32;4931.99;3041.34;2723.01;3033.01;2706.34;2549.33;1881.67;2106.33;7808.00;0.00;854.66;630.00;1096.33;320.00;310.00;384.67;0.00
1763511876.5598373;0.00;0.00;0.00;0.00;0.00;0.00;0.00;0.00;0.00;0.00;989.00;194.00;0.00;0.00;97.00;0.00;0.00;388.00;0.00;0.00;0.00;0.00;582.00;2141.00;2151.00;3264.34;3739.34;3701.67;4533.00;4938.33;4754.99;2554.33;2236.00;2546.00;1964.00;2249.33;1881.67;2218.66;7808.00;0.00;1062.33;310.00;1096.33;320.00;310.00;0.00;0.00
1763511876.560371;0.00;0.00;0.00;0.00;0.00;0.00;0.00;0.00;0.00;0.00;989.00;194.00;0.00;0.00;97.00;0.00;0.00;388.00;0.00;0.00;0.00;0.00;582.00;2141.00;2151.00;3264.34;3739.34;3701.67;4533.00;4938.33;4754.99;2554.33;2236.00;2546.00;1964.00;2249.33;1881.67;2218.66;7808.00;0.00;1062.33;310.00;1096.33;320.00;310.00;0.00;0.00
1763511876.6072855;0.00;0.00;0.00;0.00;0.00;0.00;0.00;0.00;0.00;0.00;989.00;194.00;0.00;0.00;97.00;0.00;0.00;388.00;0.00;0.00;0.00;0.00;582.00;2141.00;2151.00;3264.34;3739.34;3701.67;4533.00;4938.33;4754.99;2554.33;2236.00;2546.00;1964.00;2249.33;1881.67;2218.66;7808.00;0.00;1062.33;310.00;1096.33;320.00;310.00;0.00;0.00
1763511876.607843;0.00;0.00;0.00;0.00;0.00;0.00;0.00;0.00;0.00;0.00;989.00;194.00;0.00;0.00;97.00;0.00;0.00;388.00;0.00;0.00;0.00;0.00;582.00;2141.00;2151.00;3264.34;3739.34;3701.67;4533.00;4938.33;4754.99;2554.33;2236.00;2546.00;1964.00;2249.33;1881.67;2218.66;7808.00;0.00;1062.33;310.00;1096.33;320.00;310.00;0.00;0.00
1763511880.569082;0.00;0.00;0.00;0.00;0.00;0.00;0.00;0.00;0.00;0.00;989.00;194.00;0.00;0.00;97.00;0.00;0.00;388.00;0.00;0.00;0.00;0.00;582.00;2141.00;2151.00;3264.34;3739.34;3701.67;4533.00;4938.33;4754.99;2554.33;2236.00;2546.00;1964.00;2249.33;1881.67;2218.66;7808.00;0.00;1062.33;310.00;1096.33;320.00;310.00;0.00;0.00
1763511880.5700471;0.00;0.00;0.00;0.00;0.00;0.00;0.00;0.00;0.00;0.00;989.00;194.00;0.00;0.00;97.00;0.00;0.00;388.00;0.00;0.00;0.00;0.00;582.00;2141.00;2151.00;3264.34;3739.34;3701.67;4533.00;4938.33;4754.99;2554.33;2236.00;2546.00;1964.00;2249.33;1881.67;2218.66;7808.00;0.00;1062.33;310.00;1096.33;320.00;310.00;0.00;0.00
1763511880.6450796;0.00;0.00;0.00;0.00;0.00;0.00;0.00;0.00;0.00;0.00;989.00;291.00;0.00;0.00;97.00;0.00;0.00;388.00;0.00;0.00;0.00;0.00;582.00;2681.00;2595.67;3709.01;4151.67;4114.00;4945.33;4970.66;4937.32;2784.33;2466.00;3086.00;2504.00;2399.33;1881.67;2330.99;7958.00;0.00;1062.33;534.67;1096.33;320.00;310.00;0.00;160.00
1763511880.646007;0.00;0.00;0.00;0.00;0.00;0.00;0.00;0.00;0.00;0.00;989.00;291.00;0.00;0.00;97.00;0.00;0.00;388.00;0.00;0.00;0.00;0.00;582.00;2681.00;2595.67;3709.01;4151.67;4114.00;4945.33;4970.66;4937.32;2784.33;2466.00;3086.00;2504.00;2399.33;1881.67;2330.99;7958.00;0.00;1062.33;534.67;1096.33;320.00;310.00;0.00;160.00
1763511880.8390684;0.00;0.00;0.00;0.00;0.00;0.00;0.00;0.00;0.00;0.00;989.00;291.00;0.00;0.00;97.00;0.00;0.00;388.00;0.00;0.00;0.00;0.00;582.00;2681.00;2595.67;3709.01;4151.67;4114.00;4945.33;4970.66;4937.32;2784.33;2466.00;3086.00;2504.00;2399.33;1881.67;2330.99;7958.00;0.00;1062.33;534.67;1096.33;320.00;310.00;0.00;160.00
1763511880.8396308;0.00;0.00;0.00;0.00;0.00;0.00;0.00;0.00;0.00;0.00;989.00;291.00;0.00;0.00;97.00;0.00;0.00;388.00;0.00;0.00;0.00;0.00;582.00;2681.00;2595.67;3709.01;4151.67;4114.00;4945.33;4970.66;4937.32;2784.33;2466.00;3086.00;2504.00;2399.33;1881.67;2330.99;7958.00;0.00;1062.33;534.67;1096.33;320.00;310.00;0.00;160.00
1763511880.9250562;0.00;0.00;0.00;0.00;0.00;0.00;0.00;0.00;0.00;0.00;989.00;291.00;0.00;0.00;97.00;0.00;0.00;388.00;0.00;0.00;0.00;0.00;582.00;2681.00;2595.67;3709.01;4151.67;4114.00;4945.33;4970.66;4937.32;2784.33;2466.00;3086.00;2504.00;2399.33;1881.67;2330.99;7958.00;0.00;1062.33;534.67;1096.33;320.00;310.00;0.00;160.00
1763511880.9260333;0.00;0.00;0.00;0.00;0.00;0.00;0.00;0.00;0.00;0.00;989.00;291.00;0.00;0.00;97.00;0.00;0.00;388.00;0.00;0.00;0.00;0.00;582.00;2681.00;2595.67;3709.01;4151.67;4114.00;4945.33;4970.66;4937.32;2784.33;2466.00;3086.00;2504.00;2399.33;1881.67;2330.99;7958.00;0.00;1062.33;534.67;1096.33;320.00;310.00;0.00;160.00
1763511881.0195024;0.00;0.00;0.00;0.00;0.00;0.00;0.00;0.00;0.00;0.00;989.00;291.00;0.00;0.00;97.00;0.00;0.00;388.00;0.00;0.00;0.00;0.00;582.00;2681.00;2595.67;3709.01;4151.67;4114.00;4945.33;4970.66;4937.32;2784.33;2466.00;3086.00;2504.00;2399.33;1881.67;2330.99;7958.00;0.00;1062.33;534.67;1096.33;320.00;310.00;0.00;160.00
1763511881.0204723;0.00;0.00;0.00;0.00;0.00;0.00;0.00;0.00;0.00;0.00;989.00;291.00;0.00;0.00;97.00;0.00;0.00;388.00;0.00;0.00;0.00;0.00;582.00;2681.00;2595.67;3709.01;4151.67;4114.00;4945.33;4970.66;4937.32;2784.33;2466.00;3086.00;2504.00;2399.33;1881.67;2330.99;7958.00;0.00;1062.33;534.67;1096.33;320.00;310.00;0.00;160.00
1763511881.0818877;0.00;0.00;0.00;0.00;0.00;0.00;0.00;0.00;0.00;0.00;989.00;291.00;0.00;0.00;97.00;0.00;0.00;388.00;0.00;0.00;0.00;0.00;582.00;2681.00;2595.67;3709.01;4151.67;4114.00;4945.33;4970.66;4937.32;2784.33;2466.00;3086.00;2504.00;2399.33;1881.67;2330.99;7958.00;0.00;1062.33;534.67;1096.33;320.00;310.00;0.00;160.00
1763511881.0824666;0.00;0.00;0.00;0.00;0.00;0.00;0.00;0.00;0.00;0.00;989.00;291.00;0.00;0.00;97.00;0.00;0.00;388.00;0.00;0.00;0.00;0.00;582.00;2681.00;2595.67;3709.01;4151.67;4114.00;4945.33;4970.66;4937.32;2784.33;2466.00;3086.00;2504.00;2399.33;1881.67;2330.99;7958.00;0.00;1062.33;534.67;1096.33;320.00;310.00;0.00;160.00
1763511886.615226;0.00;0.00;0.00;0.00;0.00;0.00;0.00;0.00;0.00;0.00;989.00;194.00;0.00;0.00;97.00;0.00;0.00;388.00;0.00;0.00;0.00;0.00;582.00;2681.00;2595.67;3709.01;4054.67;4017.00;4848.33;4713.66;4824.99;2784.33;2466.00;3086.00;2504.00;2239.33;1881.67;2218.66;7658.00;0.00;1062.33;534.67;1096.33;320.00;310.00;0.00;160.00
1763511886.6161497;0.00;0.00;0.00;0.00;0.00;0.00;0.00;0.00;0.00;0.00;989.00;194.00;0.00;0.00;97.00;0.00;0.00;388.00;0.00;0.00;0.00;0.00;582.00;2681.00;2595.67;3709.01;4054.67;4017.00;4848.33;4713.66;4824.99;2784.33;2466.00;3086.00;2504.00;2239.33;1881.67;2218.66;7658.00;0.00;1062.33;534.67;1096.33;320.00;310.00;0.00;160.00
1763511891.587561;0.00;0.00;0.00;0.00;0.00;0.00;0.00;0.00;0.00;0.00;892.00;194.00;0.00;0.00;97.00;0.00;0.00;485.00;0.00;0.00;0.00;0.00;582.00;2563.33;2478.00;3623.68;3872.34;3824.67;4656.00;4196.00;4862.66;2656.66;2348.33;2968.33;2386.33;2239.33;1871.67;2218.66;7498.00;0.00;752.33;534.67;1096.33;320.00;310.00;0.00;160.00
1763511891.588106;0.00;0.00;0.00;0.00;0.00;0.00;0.00;0.00;0.00;0.00;892.00;194.00;0.00;0.00;97.00;0.00;0.00;485.00;0.00;0.00;0.00;0.00;582.00;2563.33;2478.00;3623.68;3872.34;3824.67;4656.00;4196.00;4862.66;2656.66;2348.33;2968.33;2386.33;2239.33;1871.67;2218.66;7498.00;0.00;752.33;534.67;1096.33;320.00;310.00;0.00;160.00
1763511896.619137;0.00;0.00;0.00;0.00;0.00;0.00;0.00;0.00;0.00;0.00;698.00;194.00;0.00;0.00;97.00;0.00;0.00;582.00;0.00;0.00;0.00;0.00;582.00;1926.33;1841.00;3083.68;3332.34;3284.67;4116.00;4196.00;4712.66;2506.66;1663.66;2283.66;1701.66;2239.33;1957.00;2218.66;7348.00;0.00;752.33;534.67;1096.33;320.00;310.00;0.00;160.00
1763511896.619668;0.00;0.00;0.00;0.00;0.00;0.00;0.00;0.00;0.00;0.00;698.00;194.00;0.00;0.00;97.00;0.00;0.00;582.00;0.00;0.00;0.00;0.00;582.00;1926.33;1841.00;3083.68;3332.34;3284.67;4116.00;4196.00;4712.66;2506.66;1663.66;2283.66;1701.66;2239.33;1957.00;2218.66;7348.00;0.00;752.33;534.67;1096.33;320.00;310.00;0.00;160.00
1763511896.6922228;0.00;0.00;0.00;0.00;0.00;0.00;0.00;0.00;0.00;0.00;698.00;194.00;0.00;0.00;97.00;0.00;0.00;679.00;0.00;0.00;0.00;0.00;582.00;2076.33;2001.00;3340.68;3589.34;3541.67;4373.00;4683.00;4862.66;2656.66;1813.66;2433.66;1851.66;2239.33;1957.00;2218.66;7985.00;0.00;752.33;844.67;1096.33;320.00;310.00;0.00;160.00
1763511896.693154;0.00;0.00;0.00;0.00;0.00;0.00;0.00;0.00;0.00;0.00;698.00;194.00;0.00;0.00;97.00;0.00;0.00;679.00;0.00;0.00;0.00;0.00;582.00;2076.33;2001.00;3340.68;3589.34;3541.67;4373.00;4683.00;4862.66;2656.66;1813.66;2433.66;1851.66;2239.33;1957.00;2218.66;7985.00;0.00;752.33;844.67;1096.33;320.00;310.00;0.00;160.00
1763511901.7081335;0.00;0.00;0.00;0.00;0.00;0.00;0.00;0.00;0.00;0.00;601.00;194.00;0.00;0.00;97.00;0.00;0.00;679.00;0.00;0.00;0.00;0.00;582.00;1996.33;1921.00;3260.68;3412.34;3364.67;4308.33;4618.33;4782.66;2576.66;1733.66;2353.66;1771.66;2239.33;1957.00;2218.66;7525.00;0.00;752.33;844.67;984.00;320.00;310.00;0.00;160.00
1763511901.7087731;0.00;0.00;0.00;0.00;0.00;0.00;0.00;0.00;0.00;0.00;601.00;194.00;0.00;0.00;97.00;0.00;0.00;679.00;0.00;0.00;0.00;0.00;582.00;1996.33;1921.00;3260.68;3412.34;3364.67;4308.33;4618.33;4782.66;2576.66;1733.66;2353.66;1771.66;2239.33;1957.00;2218.66;7525.00;0.00;752.33;844.67;984.00;320.00;310.00;0.00;160.00
1763511904.5652285;0.00;0.00;0.00;0.00;0.00;0.00;0.00;0.00;0.00;0.00;601.00;194.00;97.00;0.00;97.00;0.00;0.00;679.00;0.00;0.00;0.00;0.00;582.00;1996.33;1921.00;3260.68;3412.34;3691.67;4683.00;4993.00;4782.66;2576.66;1733.66;2353.66;1771.66;2239.33;1957.00;2218.66;7825.00;0.00;752.33;844.67;1096.33;320.00;310.00;0.00;160.00
1763511904.5661502;0.00;0.00;0.00;0.00;0.00;0.00;0.00;0.00;0.00;0.00;601.00;194.00;97.00;0.00;97.00;0.00;0.00;679.00;0.00;0.00;0.00;0.00;582.00;1996.33;1921.00;3260.68;3412.34;3691.67;4683.00;4993.00;4782.66;2576.66;1733.66;2353.66;1771.66;2239.33;1957.00;2218.66;7825.00;0.00;752.33;844.67;1096.33;320.00;310.00;0.00;160.00
1763511904.6474178;0.00;0.00;0.00;0.00;0.00;0.00;0.00;0.00;0.00;0.00;601.00;194.00;194.00;0.00;97.00;0.00;0.00;679.00;0.00;0.00;0.00;0.00;582.00;2268.66;2193.33;3757.68;3909.34;3841.67;4833.00;4993.00;4942.66;2838.99;1995.99;2615.99;2033.99;2389.33;1957.00;2480.99;7825.00;0.00;1072.33;844.67;1096.33;544.67;310.00;0.00;470.00
1763511904.6483622;0.00;0.00;0.00;0.00;0.00;0.00;0.00;0.00;0.00;0.00;601.00;194.00;194.00;0.00;97.00;0.00;0.00;679.00;0.00;0.00;0.00;0.00;582.00;2268.66;2193.33;3757.68;3909.34;3841.67;4833.00;4993.00;4942.66;2838.99;1995.99;2615.99;2033.99;2389.33;1957.00;2480.99;7825.00;0.00;1072.33;844.67;1096.33;544.67;310.00;0.00;470.00
1763511904.7430356;0.00;0.00;0.00;0.00;0.00;0.00;0.00;0.00;0.00;0.00;601.00;194.00;194.00;0.00;97.00;0.00;0.00;679.00;0.00;0.00;0.00;0.00;582.00;2268.66;2193.33;3757.68;3909.34;3841.67;4833.00;4993.00;4942.66;2838.99;1995.99;2615.99;2033.99;2389.33;1957.00;2480.99;7825.00;0.00;1072.33;844.67;1096.33;544.67;310.00;0.00;470.00
1763511904.744018;0.00;0.00;0.00;0.00;0.00;0.00;0.00;0.00;0.00;0.00;601.00;194.00;194.00;0.00;97.00;0.00;0.00;679.00;0.00;0.00;0.00;0.00;582.00;2268.66;2193.33;3757.68;3909.34;3841.67;4833.00;4993.00;4942.66;2838.99;1995.99;2615.99;2033.99;2389.33;1957.00;2480.99;7825.00;0.00;1072.33;844.67;1096.33;544.67;310.00;0.00;470.00
1763511904.8454874;0.00;0.00;0.00;0.00;0.00;0.00;0.00;0.00;0.00;0.00;601.00;194.00;194.00;0.00;97.00;0.00;0.00;679.00;0.00;0.00;0.00;0.00;582.00;2268.66;2193.33;3757.68;3909.34;3841.67;4833.00;4993.00;4942.66;2838.99;1995.99;2615.99;2033.99;2389.33;1957.00;2480.99;7825.00;0.00;1072.33;844.67;1096.33;544.67;310.00;0.00;470.00
1763511904.8464355;0.00;0.00;0.00;0.00;0.00;0.00;0.00;0.00;0.00;0.00;601.00;194.00;194.00;0.00;97.00;0.00;0.00;679.00;0.00;0.00;0.00;0.00;582.00;2268.66;2193.33;3757.68;3909.34;3841.67;4833.00;4993.00;4942.66;2838.99;1995.99;2615.99;2033.99;2389.33;1957.00;2480.99;7825.00;0.00;1072.33;844.67;1096.33;544.67;310.00;0.00;470.00
1763511904.947277;0.00;0.00;0.00;0.00;0.00;0.00;0.00;0.00;0.00;0.00;601.00;194.00;194.00;0.00;97.00;0.00;0.00;679.00;0.00;0.00;0.00;0.00;582.00;2268.66;2193.33;3757.68;3909.34;3841.67;4833.00;4993.00;4942.66;2838.99;1995.99;2615.99;2033.99;2389.33;1957.00;2480.99;7825.00;0.00;1072.33;844.67;1096.33;544.67;310.00;0.00;470.00
1763511904.9482226;0.00;0.00;0.00;0.00;0.00;0.00;0.00;0.00;0.00;0.00;601.00;194.00;194.00;0.00;97.00;0.00;0.00;679.00;0.00;0.00;0.00;0.00;582.00;2268.66;2193.33;3757.68;3909.34;3841.67;4833.00;4993.00;4942.66;2838.99;1995.99;2615.99;2033.99;2389.33;1957.00;2480.99;7825.00;0.00;1072.33;844.67;1096.33;544.67;310.00;0.00;470.00
1763511905.043898;0.00;0.00;0.00;0.00;0.00;0.00;0.00;0.00;0.00;0.00;601.00;194.00;194.00;0.00;97.00;0.00;0.00;679.00;0.00;0.00;0.00;0.00;582.00;2268.66;2193.33;3757.68;3909.34;3841.67;4833.00;4993.00;4942.66;2838.99;1995.99;2615.99;2033.99;2389.33;1957.00;2480.99;7825.00;0.00;1072.33;844.67;1096.33;544.67;310.00;0.00;470.00
1763511905.0448291;0.00;0.00;0.00;0.00;0.00;0.00;0.00;0.00;0.00;0.00;601.00;194.00;194.00;0.00;97.00;0.00;0.00;679.00;0.00;0.00;0.00;0.00;582.00;2268.66;2193.33;3757.68;3909.34;3841.67;4833.00;4993.00;4942.66;2838.99;1995.99;2615.99;2033.99;2389.33;1957.00;2480.99;7825.00;0.00;1072.33;844.67;1096.33;544.67;310.00;0.00;470.00
1763511906.7398047;0.00;0.00;0.00;0.00;0.00;0.00;0.00;0.00;0.00;0.00;194.00;194.00;194.00;0.00;97.00;0.00;0.00;679.00;0.00;0.00;0.00;0.00;582.00;2011.66;1936.33;3500.68;3759.34;3691.67;4683.00;4993.00;4632.66;2528.99;1738.99;2358.99;1776.99;2239.33;1390.00;2480.99;7515.00;0.00;1072.33;844.67;1096.33;544.67;310.00;0.00;470.00
1763511906.7407374;0.00;0.00;0.00;0.00;0.00;0.00;0.00;0.00;0.00;0.00;194.00;194.00;194.00;0.00;97.00;0.00;0.00;679.00;0.00;0.00;0.00;0.00;582.00;2011.66;1936.33;3500.68;3759.34;3691.67;4683.00;4993.00;4632.66;2528.99;1738.99;2358.99;1776.99;2239.33;1390.00;2480.99;7515.00;0.00;1072.33;844.67;1096.33;544.67;310.00;0.00;470.00
1763511927.5799618;0.00;0.00;0.00;0.00;0.00;0.00;0.00;0.00;97.00;0.00;194.00;97.00;194.00;0.00;97.00;0.00;0.00;291.00;0.00;0.00;0.00;0.00;582.00;1829.33;1754.00;2685.01;2846.67;2779.00;3392.00;3654.33;3612.66;2336.66;1556.66;2176.66;1594.66;1647.00;1080.00;2048.66;6315.00;0.00;752.33;844.67;854.66;544.67;310.00;0.00;470.00
1763511927.5808778;0.00;0.00;0.00;0.00;0.00;0.00;0.00;0.00;97.00;0.00;194.00;97.00;194.00;0.00;97.00;0.00;0.00;291.00;0.00;0.00;0.00;0.00;582.00;1829.33;1754.00;2685.01;2846.67;2779.00;3392.00;3654.33;3612.66;2336.66;1556.66;2176.66;1594.66;1647.00;1080.00;2048.66;6315.00;0.00;752.33;844.67;854.66;544.67;310.00;0.00;470.00
1763511927.660318;0.00;0.00;0.00;0.00;0.00;0.00;0.00;0.00;194.00;0.00;194.00;97.00;194.00;0.00;97.00;0.00;0.00;291.00;0.00;0.00;0.00;0.00;582.00;1829.33;1754.00;2685.01;2846.67;2779.00;3392.00;4141.33;3922.66;2336.66;1556.66;2176.66;1594.66;2134.00;1080.00;2358.66;6465.00;0.00;752.33;844.67;854.66;544.67;310.00;0.00;470.00
1763511927.6612535;0.00;0.00;0.00;0.00;0.00;0.00;0.00;0.00;194.00;0.00;194.00;97.00;194.00;0.00;97.00;0.00;0.00;291.00;0.00;0.00;0.00;0.00;582.00;1829.33;1754.00;2685.01;2846.67;2779.00;3392.00;4141.33;3922.66;2336.66;1556.66;2176.66;1594.66;2134.00;1080.00;2358.66;6465.00;0.00;752.33;844.67;854.66;544.67;310.00;0.00;470.00
1763511927.7450268;0.00;0.00;0.00;0.00;0.00;0.00;0.00;0.00;291.00;0.00;194.00;97.00;194.00;0.00;97.00;0.00;0.00;291.00;0.00;0.00;0.00;0.00;582.00;1829.33;1754.00;2685.01;2846.67;2779.00;3392.00;4253.66;3922.66;2336.66;1556.66;2176.66;1594.66;2246.33;1080.00;2358.66;6765.00;0.00;752.33;844.67;854.66;544.67;310.00;0.00;470.00
1763511927.745944;0.00;0.00;0.00;0.00;0.00;0.00;0.00;0.00;291.00;0.00;194.00;97.00;194.00;0.00;97.00;0.00;0.00;291.00;0.00;0.00;0.00;0.00;582.00;1829.33;1754.00;2685.01;2846.67;2779.00;3392.00;4253.66;3922.66;2336.66;1556.66;2176.66;1594.66;2246.33;1080.00;2358.66;6765.00;0.00;752.33;844.67;854.66;544.67;310.00;0.00;470.00
1763511927.827869;0.00;0.00;0.00;0.00;0.00;0.00;0.00;0.00;388.00;0.00;194.00;97.00;194.00;0.00;97.00;0.00;0.00;291.00;0.00;0.00;0.00;0.00;582.00;1829.33;1754.00;2685.01;2846.67;2779.00;3392.00;4413.66;4034.99;2336.66;1556.66;2176.66;1594.66;2406.33;1080.00;2470.99;7065.00;0.00;752.33;844.67;854.66;544.67;310.00;0.00;470.00
1763511927.8288403;0.00;0.00;0.00;0.00;0.00;0.00;0.00;0.00;388.00;0.00;194.00;97.00;194.00;0.00;97.00;0.00;0.00;291.00;0.00;0.00;0.00;0.00;582.00;1829.33;1754.00;2685.01;2846.67;2779.00;3392.00;4413.66;4034.99;2336.66;1556.66;2176.66;1594.66;2406.33;1080.00;2470.99;7065.00;0.00;752.33;844.67;854.66;544.67;310.00;0.00;470.00
1763511927.9102628;0.00;0.00;0.00;0.00;0.00;0.00;0.00;0.00;485.00;0.00;194.00;97.00;194.00;0.00;97.00;0.00;0.00;291.00;0.00;0.00;0.00;0.00;582.00;1829.33;1754.00;2685.01;2846.67;2779.00;3392.00;4573.66;4479.66;2781.33;1556.66;2176.66;1594.66;2566.33;1524.67;2470.99;7365.00;0.00;752.33;844.67;854.66;544.67;310.00;0.00;470.00
1763511927.9112258;0.00;0.00;0.00;0.00;0.00;0.00;0.00;0.00;485.00;0.00;194.00;97.00;194.00;0.00;97.00;0.00;0.00;291.00;0.00;0.00;0.00;0.00;582.00;1829.33;1754.00;2685.01;2846.67;2779.00;3392.00;4573.66;4479.66;2781.33;1556.66;2176.66;1594.66;2566.33;1524.67;2470.99;7365.00;0.00;752.33;844.67;854.66;544.67;310.00;0.00;470.00
1763511927.9940338;0.00;0.00;0.00;0.00;0.00;0.00;0.00;0.00;902.00;0.00;194.00;97.00;194.00;0.00;97.00;0.00;0.00;291.00;0.00;0.00;0.00;0.00;582.00;2299.33;2224.00;3155.01;3316.67;3169.00;3782.00;4868.33;4949.66;3251.33;2026.66;2646.66;2064.66;2726.33;1524.67;2470.99;7665.00;0.00;1062.33;844.67;854.66;544.67;310.00;0.00;470.00
1763511927.9949522;0.00;0.00;0.00;0.00;0.00;0.00;0.00;0.00;902.00;0.00;194.00;97.00;194.00;0.00;97.00;0.00;0.00;291.00;0.00;0.00;0.00;0.00;582.00;2299.33;2224.00;3155.01;3316.67;3169.00;3782.00;4868.33;4949.66;3251.33;2026.66;2646.66;2064.66;2726.33;1524.67;2470.99;7665.00;0.00;1062.33;844.67;854.66;544.67;310.00;0.00;470.00
