timestamp,2.,2.1,5.,5.1,6.,6.1,8.,8.1,9.,9.1,14.,14.1,18.,18.1,23.,23.1,25.,25.1,28.,28.1,33.,33.1,34.,34.1
1769956581.685543,0.00,None,0.00,None,0.00,None,None,None,4.00,None,0.00,None,0.00,None,0.00,None,0.00,None,0.00,None,0.00,None,0.00,None
1769956581.686296,0.00,None,0.00,None,0.00,None,None,None,4.00,None,0.00,None,0.00,None,0.00,None,0.00,None,0.00,None,0.00,None,0.00,None
1769956581.7098405,4.00,None,0.00,None,0.00,None,None,None,4.00,None,0.00,None,0.00,None,0.00,None,0.00,None,0.00,None,0.00,None,0.00,None
1769956581.7102222,4.00,None,0.00,None,0.00,None,None,None,4.00,None,0.00,None,0.00,None,0.00,None,0.00,None,0.00,None,0.00,None,0.00,None
1769956581.7357535,4.00,None,0.00,None,0.00,None,None,None,4.00,None,0.00,None,0.00,None,0.00,None,0.00,None,0.00,None,0.00,None,0.00,None
1769956581.7361383,4.00,None,0.00,None,0.00,None,None,None,4.00,None,0.00,None,0.00,None,0.00,None,0.00,None,0.00,None,0.00,None,0.00,None
1769956581.7564077,4.00,None,0.00,None,0.00,None,None,None,4.00,None,0.00,None,0.00,None,0.00,None,0.00,None,0.00,None,0.00,None,0.00,None
1769956581.7567918,4.00,None,0.00,None,0.00,None,None,None,4.00,None,0.00,None,0.00,None,0.00,None,0.00,None,0.00,None,0.00,None,0.00,None
1769956581.775062,4.00,None,0.00,None,0.00,None,None,None,4.00,None,0.00,None,0.00,None,0.00,None,0.00,None,0.00,None,0.00,None,0.00,None
1769956581.775508,4.00,None,0.00,None,0.00,None,None,None,4.00,None,0.00,None,0.00,None,0.00,None,0.00,None,0.00,None,0.00,None,0.00,None
1769956581.7948272,4.00,None,0.00,None,0.00,None,None,None,4.00,None,0.00,None,0.00,None,0.00,None,0.00,None,0.00,None,0.00,None,0.00,None
1769956581.7952254,4.00,None,0.00,None,0.00,None,None,None,4.00,None,0.00,None,0.00,None,0.00,None,0.00,None,0.00,None,0.00,None,0.00,None
1769956599.6881144,8.00,None,0.00,None,0.00,None,0.00,None,4.00,None,0.00,None,0.00,None,0.00,None,0.00,None,0.00,None,0.00,None,0.00,None
1769956599.6885204,8.00,None,0.00,None,0.00,None,0.00,None,4.00,None,0.00,None,0.00,None,0.00,None,0.00,None,0.00,None,0.00,None,0.00,None
1769956599.7082698,8.00,None,0.00,None,0.00,None,0.00,None,4.00,None,0.00,None,0.00,None,4.00,None,0.00,None,0.00,None,0.00,None,0.00,None
1769956599.7088428,8.00,None,0.00,None,0.00,None,0.00,None,4.00,None,0.00,None,0.00,None,4.00,None,0.00,None,0.00,None,0.00,None,0.00,None
1769956599.7434545,17.00,None,0.00,None,0.00,None,0.00,None,4.00,None,0.00,None,0.00,None,4.00,None,0.00,None,0.00,None,0.00,None,0.00,None
1769956599.7443001,17.00,None,0.00,None,0.00,None,0.00,None,4.00,None,0.00,None,0.00,None,4.00,None,0.00,None,0.00,None,0.00,None,0.00,None
1769956599.778868,17.00,None,0.00,None,0.00,None,0.00,None,4.00,None,0.00,None,0.00,None,4.00,None,0.00,None,0.00,None,0.00,None,0.00,None
1769956599.7797604,17.00,None,0.00,None,0.00,None,0.00,None,4.00,None,0.00,None,0.00,None,4.00,None,0.00,None,0.00,None,0.00,None,0.00,None
1769956599.8268461,17.00,None,0.00,None,0.00,None,0.00,None,4.00,None,0.00,None,0.00,None,4.00,None,0.00,None,0.00,None,0.00,None,0.00,None
1769956599.8273933,17.00,None,0.00,None,0.00,None,0.00,None,4.00,None,0.00,None,0.00,None,4.00,None,0.00,None,0.00,None,0.00,None,0.00,None
1769956599.8530245,17.00,None,0.00,None,0.00,None,0.00,None,4.00,None,0.00,None,0.00,None,4.00,None,0.00,None,0.00,None,0.00,None,0.00,None
1769956599.8540175,17.00,None,0.00,None,0.00,None,0.00,None,4.00,None,0.00,None,0.00,None,4.00,None,0.00,None,0.00,None,0.00,None,0.00,None
1769956619.7193706,17.00,None,0.00,None,0.00,None,0.00,None,4.00,None,0.00,None,0.00,None,4.00,None,0.00,None,0.00,None,9.00,None,0.00,None
1769956619.7201817,17.00,None,0.00,None,0.00,None,0.00,None,4.00,None,0.00,None,0.00,None,4.00,None,0.00,None,0.00,None,9.00,None,0.00,None
1769956619.7443025,17.00,None,0.00,None,0.00,None,0.00,None,4.00,None,0.00,None,0.00,None,4.00,None,0.00,None,0.00,None,9.00,None,0.00,None
1769956619.744736,17.00,None,0.00,None,0.00,None,0.00,None,4.00,None,0.00,None,0.00,None,4.00,None,0.00,None,0.00,None,9.00,None,0.00,None
1769956619.7767656,17.00,None,0.00,None,9.00,None,0.00,None,4.00,None,0.00,None,0.00,None,4.00,None,0.00,None,4.00,None,9.00,None,0.00,None
1769956619.7773755,17.00,None,0.00,None,9.00,None,0.00,None,4.00,None,0.00,None,0.00,None,4.00,None,0.00,None,4.00,None,9.00,None,0.00,None
1769956619.8102782,17.00,None,0.00,None,9.00,None,0.00,None,4.00,None,0.00,None,0.00,None,4.00,None,0.00,None,4.00,None,9.00,None,0.00,None
1769956619.8108892,17.00,None,0.00,None,9.00,None,0.00,None,4.00,None,0.00,None,0.00,None,4.00,None,0.00,None,4.00,None,9.00,None,0.00,None
1769956619.8417969,26.00,None,0.00,None,9.00,None,0.00,None,4.00,None,0.00,None,0.00,None,4.00,None,0.00,None,4.00,None,9.00,None,0.00,None
1769956619.842374,26.00,None,0.00,None,9.00,None,0.00,None,4.00,None,0.00,None,0.00,None,4.00,None,0.00,None,4.00,None,9.00,None,0.00,None
1769956619.882487,26.00,None,0.00,None,9.00,None,0.00,None,4.00,None,0.00,None,0.00,None,4.00,None,0.00,None,4.00,None,9.00,None,0.00,None
1769956619.8836043,26.00,None,0.00,None,9.00,None,0.00,None,4.00,None,0.00,None,0.00,None,4.00,None,0.00,None,4.00,None,9.00,None,0.00,None
1769956620.2813315,26.00,None,0.00,None,9.00,None,0.00,None,4.00,None,9.00,None,0.00,None,4.00,None,0.00,None,4.00,None,9.00,None,0.00,None
1769956620.2822385,26.00,None,0.00,None,9.00,None,0.00,None,4.00,None,9.00,None,0.00,None,4.00,None,0.00,None,4.00,None,9.00,None,0.00,None
1769956641.7402165,26.00,None,0.00,None,18.00,None,0.00,None,4.00,None,9.00,None,0.00,None,4.00,None,0.00,None,4.00,None,9.00,None,0.00,None
1769956641.740719,26.00,None,0.00,None,18.00,None,0.00,None,4.00,None,9.00,None,0.00,None,4.00,None,0.00,None,4.00,None,9.00,None,0.00,None
1769956641.7715707,26.00,None,0.00,None,18.00,None,0.00,None,4.00,None,9.00,None,0.00,None,4.00,None,0.00,None,4.00,None,9.00,None,0.00,None
1769956641.772077,26.00,None,0.00,None,18.00,None,0.00,None,4.00,None,9.00,None,0.00,None,4.00,None,0.00,None,4.00,None,9.00,None,0.00,None
1769956641.799701,26.00,None,0.00,None,18.00,None,0.00,None,4.00,None,9.00,None,0.00,None,4.00,None,0.00,None,4.00,None,9.00,None,0.00,None
1769956641.800197,26.00,None,0.00,None,18.00,None,0.00,None,4.00,None,9.00,None,0.00,None,4.00,None,0.00,None,4.00,None,9.00,None,0.00,None
1769956641.8198256,26.00,None,0.00,None,18.00,None,0.00,None,4.00,None,9.00,None,0.00,None,4.00,None,0.00,None,4.00,None,9.00,None,0.00,None
1769956641.8203385,26.00,None,0.00,None,18.00,None,0.00,None,4.00,None,9.00,None,0.00,None,4.00,None,0.00,None,4.00,None,9.00,None,0.00,None
1769956641.8414805,26.00,None,0.00,None,27.00,None,0.00,None,4.00,None,9.00,None,0.00,None,4.00,None,0.00,None,4.00,None,9.00,None,0.00,None
1769956641.8420305,26.00,None,0.00,None,27.00,None,0.00,None,4.00,None,9.00,None,0.00,None,4.00,None,0.00,None,4.00,None,9.00,None,0.00,None
1769956641.8647013,26.00,None,0.00,None,27.00,None,0.00,None,4.00,None,9.00,None,0.00,None,4.00,None,0.00,None,4.00,None,9.00,None,0.00,None
1769956641.8652196,26.00,None,0.00,None,27.00,None,0.00,None,4.00,None,9.00,None,0.00,None,4.00,None,0.00,None,4.00,None,9.00,None,0.00,None
1769956645.2881293,26.00,None,0.00,None,27.00,None,0.00,None,4.00,None,9.00,None,0.00,None,8.00,None,0.00,None,4.00,None,9.00,None,0.00,None
1769956645.2886758,26.00,None,0.00,None,27.00,None,0.00,None,4.00,None,9.00,None,0.00,None,8.00,None,0.00,None,4.00,None,9.00,None,0.00,None
1769956650.3038588,26.00,None,0.00,None,27.00,None,0.00,None,8.00,None,9.00,None,0.00,None,8.00,None,0.00,None,4.00,None,9.00,None,0.00,None
1769956650.3048108,26.00,None,0.00,None,27.00,None,0.00,None,8.00,None,9.00,None,0.00,None,8.00,None,0.00,None,4.00,None,9.00,None,0.00,None
1769956658.8305085,26.00,None,0.00,None,27.00,None,0.00,None,8.00,None,13.00,None,0.00,None,8.00,None,0.00,None,4.00,None,9.00,None,0.00,None
1769956658.8310401,26.00,None,0.00,None,27.00,None,0.00,None,8.00,None,13.00,None,0.00,None,8.00,None,0.00,None,4.00,None,9.00,None,0.00,None
1769956658.8635488,26.00,None,4.00,None,27.00,None,0.00,None,17.00,None,13.00,None,8.67,None,8.00,None,0.00,None,4.00,None,9.00,None,0.00,None
1769956658.8645022,26.00,None,4.00,None,27.00,None,0.00,None,17.00,None,13.00,None,8.67,None,8.00,None,0.00,None,4.00,None,9.00,None,0.00,None
1769956658.8994024,26.00,None,4.00,None,27.00,None,0.00,None,17.00,None,13.00,None,8.67,None,8.00,None,0.00,None,4.00,None,9.00,None,6.00,None
1769956658.9003363,26.00,None,4.00,None,27.00,None,0.00,None,17.00,None,13.00,None,8.67,None,8.00,None,0.00,None,4.00,None,9.00,None,6.00,None
1769956658.9387128,26.00,None,4.00,None,27.00,None,0.00,None,21.33,None,13.00,None,8.67,None,8.00,None,0.00,None,4.00,None,9.00,None,15.00,None
1769956658.9396973,26.00,None,4.00,None,27.00,None,0.00,None,21.33,None,13.00,None,8.67,None,8.00,None,0.00,None,4.00,None,9.00,None,15.00,None
1769956658.97629,26.00,None,4.00,None,27.00,None,0.00,None,21.33,None,13.00,None,8.67,None,8.00,None,0.00,None,4.00,None,9.00,None,15.00,None
1769956658.9772582,26.00,None,4.00,None,27.00,None,0.00,None,21.33,None,13.00,None,8.67,None,8.00,None,0.00,None,4.00,None,9.00,None,15.00,None
1769956659.0122502,26.00,None,4.00,None,27.00,None,0.00,None,21.33,None,13.00,None,8.67,None,8.00,None,0.00,None,4.00,None,9.00,None,15.00,None
1769956659.0132165,26.00,None,4.00,None,27.00,None,0.00,None,21.33,None,13.00,None,8.67,None,8.00,None,0.00,None,4.00,None,9.00,None,15.00,None
1769956659.1445227,17.00,None,8.00,None,27.00,None,0.00,None,21.33,None,13.00,None,8.67,None,17.00,None,None,None,4.00,None,0.00,None,15.00,None
1769956659.1455228,17.00,None,8.00,None,27.00,None,0.00,None,21.33,None,13.00,None,8.67,None,17.00,None,None,None,4.00,None,0.00,None,15.00,None
1769956659.165549,17.00,None,8.00,None,27.00,None,0.00,None,21.33,None,13.00,None,8.67,None,17.00,None,None,None,4.00,None,0.00,None,15.00,None
1769956659.166091,17.00,None,8.00,None,27.00,None,0.00,None,21.33,None,13.00,None,8.67,None,17.00,None,None,None,4.00,None,0.00,None,15.00,None
1769956659.1907742,26.00,None,8.00,None,27.00,None,0.00,None,21.33,None,13.00,None,8.67,None,17.00,None,None,None,4.00,None,0.00,None,15.00,None
1769956659.1912882,26.00,None,8.00,None,27.00,None,0.00,None,21.33,None,13.00,None,8.67,None,17.00,None,None,None,4.00,None,0.00,None,15.00,None
1769956659.2201207,26.00,None,8.00,None,27.00,None,0.00,None,21.33,None,13.00,None,8.67,None,17.00,None,None,None,4.00,None,0.00,None,15.00,None
1769956659.2206295,26.00,None,8.00,None,27.00,None,0.00,None,21.33,None,13.00,None,8.67,None,17.00,None,None,None,4.00,None,0.00,None,15.00,None
1769956660.3115697,35.00,None,8.00,None,27.00,None,0.00,None,21.33,None,13.00,None,8.67,None,13.00,None,None,None,4.00,None,0.00,None,15.00,None
1769956660.312544,35.00,None,8.00,None,27.00,None,0.00,None,21.33,None,13.00,None,8.67,None,13.00,None,None,None,4.00,None,0.00,None,15.00,None
1769956660.3428466,35.00,None,8.00,None,27.00,None,0.00,None,21.33,None,13.00,None,8.67,None,17.00,None,None,None,4.00,None,0.00,None,15.00,None
1769956660.3434002,35.00,None,8.00,None,27.00,None,0.00,None,21.33,None,13.00,None,8.67,None,17.00,None,None,None,4.00,None,0.00,None,15.00,None
1769956660.366927,35.00,None,16.67,None,27.00,None,0.00,None,21.33,None,17.00,None,8.67,None,17.00,None,None,None,4.00,None,0.00,None,15.00,None
1769956660.3674908,35.00,None,16.67,None,27.00,None,0.00,None,21.33,None,17.00,None,8.67,None,17.00,None,None,None,4.00,None,0.00,None,15.00,None
1769956660.385992,35.00,None,16.67,None,27.00,None,0.00,None,21.33,None,17.00,None,8.67,None,26.00,None,None,None,8.00,None,0.00,None,15.00,None
1769956660.3865545,35.00,None,16.67,None,27.00,None,0.00,None,21.33,None,17.00,None,8.67,None,26.00,None,None,None,8.00,None,0.00,None,15.00,None
1769956670.310521,35.00,None,16.67,None,27.00,None,0.00,None,21.33,None,17.00,None,8.67,None,22.00,None,None,None,12.00,None,0.00,None,15.00,None
1769956670.3111188,35.00,None,16.67,None,27.00,None,0.00,None,21.33,None,17.00,None,8.67,None,22.00,None,None,None,12.00,None,0.00,None,15.00,None
1769956670.7846346,35.00,None,16.67,None,27.00,None,0.00,None,21.33,None,17.00,None,8.67,None,26.00,None,None,None,12.00,None,0.00,None,15.00,None
1769956670.7852626,35.00,None,16.67,None,27.00,None,0.00,None,21.33,None,17.00,None,8.67,None,26.00,None,None,None,12.00,None,0.00,None,15.00,None
1769956670.8064196,35.00,None,25.34,None,27.00,None,0.00,None,21.33,None,17.00,None,8.67,None,26.00,None,None,None,12.00,None,0.00,None,15.00,None
1769956670.8070128,35.00,None,25.34,None,27.00,None,0.00,None,21.33,None,17.00,None,8.67,None,26.00,None,None,None,12.00,None,0.00,None,15.00,None
1769956670.8283484,39.33,None,34.01,None,27.00,None,0.00,None,21.33,None,17.00,None,8.67,None,26.00,None,None,None,12.00,None,0.00,None,15.00,None
1769956670.828945,39.33,None,34.01,None,27.00,None,0.00,None,21.33,None,17.00,None,8.67,None,26.00,None,None,None,12.00,None,0.00,None,15.00,None
1769956670.852793,44.33,None,42.68,None,27.00,None,0.00,None,21.33,None,17.00,None,8.67,None,26.00,None,None,None,12.00,None,0.00,None,15.00,None
1769956670.8533993,44.33,None,42.68,None,27.00,None,0.00,None,21.33,None,17.00,None,8.67,None,26.00,None,None,None,12.00,None,0.00,None,15.00,None
1769956670.8813565,44.33,None,42.68,None,27.00,None,0.00,None,21.33,None,17.00,None,8.67,None,26.00,None,None,None,12.00,None,0.00,None,15.00,None
1769956670.8819802,44.33,None,42.68,None,27.00,None,0.00,None,21.33,None,17.00,None,8.67,None,26.00,None,None,None,12.00,None,0.00,None,15.00,None
1769956670.9079368,44.33,None,42.68,None,27.00,None,0.00,None,21.33,None,17.00,None,8.67,None,26.00,None,None,None,12.00,None,0.00,None,15.00,None
1769956670.908551,44.33,None,42.68,None,27.00,None,0.00,None,21.33,None,17.00,None,8.67,None,26.00,None,None,None,12.00,None,0.00,None,15.00,None
1769956675.1568727,44.33,None,34.01,None,27.00,None,0.00,None,21.33,None,None,None,8.67,None,26.00,None,None,None,8.00,None,0.00,None,15.00,None
1769956675.1578836,44.33,None,34.01,None,27.00,None,0.00,None,21.33,None,None,None,8.67,None,26.00,None,None,None,8.00,None,0.00,None,15.00,None
1769956675.1820765,44.33,None,34.01,None,27.00,None,0.00,None,21.33,None,None,None,8.67,None,26.00,None,None,None,8.00,None,0.00,None,15.00,None
1769956675.1827435,44.33,None,34.01,None,27.00,None,0.00,None,21.33,None,None,None,8.67,None,26.00,None,None,None,8.00,None,0.00,None,15.00,None
1769956675.2107868,44.33,None,34.01,None,27.00,None,0.00,None,21.33,None,None,None,8.67,None,26.00,None,None,None,12.00,None,0.00,None,15.00,None
1769956675.2117233,44.33,None,34.01,None,27.00,None,0.00,None,21.33,None,None,None,8.67,None,26.00,None,None,None,12.00,None,0.00,None,15.00,None
1769956675.2456384,44.33,None,34.01,None,27.00,None,4.00,None,21.33,None,None,None,8.67,None,26.00,None,None,None,12.00,None,0.00,None,15.00,None
1769956675.2466838,44.33,None,34.01,None,27.00,None,4.00,None,21.33,None,None,None,8.67,None,26.00,None,None,None,12.00,None,0.00,None,15.00,None
1769956675.2759736,44.33,None,34.01,None,27.00,None,8.00,None,21.33,None,None,None,8.67,None,26.00,None,None,None,12.00,None,9.00,None,15.00,None
1769956675.2765846,44.33,None,34.01,None,27.00,None,8.00,None,21.33,None,None,None,8.67,None,26.00,None,None,None,12.00,None,9.00,None,15.00,None
1769956675.2962234,44.33,None,34.01,None,27.00,None,12.00,None,21.33,None,None,None,8.67,None,26.00,None,None,None,12.00,None,9.00,None,15.00,None
1769956675.2967913,44.33,None,34.01,None,27.00,None,12.00,None,21.33,None,None,None,8.67,None,26.00,None,None,None,12.00,None,9.00,None,15.00,None
1769956675.3321366,44.33,None,34.01,None,27.00,None,12.00,None,21.33,None,None,None,8.67,None,26.00,None,None,None,12.00,None,9.00,None,15.00,None
1769956675.3332813,44.33,None,34.01,None,27.00,None,12.00,None,21.33,None,None,None,8.67,None,26.00,None,None,None,12.00,None,9.00,None,15.00,None
1769956675.354514,44.33,None,34.01,None,27.00,None,12.00,None,21.33,None,None,None,8.67,None,26.00,None,None,None,12.00,None,9.00,None,15.00,None
1769956675.355114,44.33,None,34.01,None,27.00,None,12.00,None,21.33,None,None,None,8.67,None,26.00,None,None,None,12.00,None,9.00,None,15.00,None
1769956675.376469,53.00,None,34.01,None,27.00,None,12.00,None,25.66,None,None,None,8.67,None,26.00,None,None,None,12.00,None,9.00,None,15.00,None
1769956675.37704,53.00,None,34.01,None,27.00,None,12.00,None,25.66,None,None,None,8.67,None,26.00,None,None,None,12.00,None,9.00,None,15.00,None
1769956675.4027967,53.00,None,34.01,None,27.00,None,12.00,None,25.66,None,None,None,8.67,None,26.00,None,None,None,12.00,None,18.00,None,15.00,None
1769956675.403469,53.00,None,34.01,None,27.00,None,12.00,None,25.66,None,None,None,8.67,None,26.00,None,None,None,12.00,None,18.00,None,15.00,None
1769956675.5100439,44.00,None,34.01,None,27.00,None,12.00,None,21.66,None,None,None,8.67,None,26.00,None,None,None,12.00,None,18.00,None,15.00,None
1769956675.5106723,44.00,None,34.01,None,27.00,None,12.00,None,21.66,None,None,None,8.67,None,26.00,None,None,None,12.00,None,18.00,None,15.00,None
1769956685.4486659,44.00,None,34.01,None,27.00,None,12.00,None,21.66,None,None,None,8.67,None,17.00,None,0.00,None,8.00,None,18.00,None,15.00,None
1769956685.4493055,44.00,None,34.01,None,27.00,None,12.00,None,21.66,None,None,None,8.67,None,17.00,None,0.00,None,8.00,None,18.00,None,15.00,None
1769956687.8539352,44.00,None,34.01,None,27.00,None,12.00,None,25.66,None,None,None,17.67,None,17.00,None,0.00,None,8.00,None,18.00,None,15.00,None
1769956687.855029,44.00,None,34.01,None,27.00,None,12.00,None,25.66,None,None,None,17.67,None,17.00,None,0.00,None,8.00,None,18.00,None,15.00,None
1769956687.890964,44.00,None,34.01,None,27.00,None,12.00,None,25.66,None,None,None,17.67,None,17.00,None,0.00,None,8.00,None,18.00,None,15.00,None
1769956687.8916283,44.00,None,34.01,None,27.00,None,12.00,None,25.66,None,None,None,17.67,None,17.00,None,0.00,None,8.00,None,18.00,None,15.00,None
1769956687.91443,44.00,None,34.01,None,27.00,None,12.00,None,25.66,None,None,None,17.67,None,17.00,None,0.00,None,8.00,None,18.00,None,15.00,None
1769956687.9150612,44.00,None,34.01,None,27.00,None,12.00,None,25.66,None,None,None,17.67,None,17.00,None,0.00,None,8.00,None,18.00,None,15.00,None
1769956687.9387147,44.00,None,34.01,None,27.00,None,12.00,None,25.66,None,None,None,17.67,None,17.00,None,0.00,None,8.00,None,18.00,None,15.00,None
1769956687.9393559,44.00,None,34.01,None,27.00,None,12.00,None,25.66,None,None,None,17.67,None,17.00,None,0.00,None,8.00,None,18.00,None,15.00,None
1769956687.9612024,44.00,None,34.01,None,27.00,None,12.00,None,25.66,None,None,None,17.67,None,17.00,None,0.00,None,12.00,None,18.00,None,23.67,None
1769956687.961841,44.00,None,34.01,None,27.00,None,12.00,None,25.66,None,None,None,17.67,None,17.00,None,0.00,None,12.00,None,18.00,None,23.67,None
1769956688.0044515,44.00,None,34.01,None,27.00,None,12.00,None,25.66,None,None,None,22.00,None,17.00,None,0.00,None,12.00,None,18.00,None,23.67,None
1769956688.0055392,44.00,None,34.01,None,27.00,None,12.00,None,25.66,None,None,None,22.00,None,17.00,None,0.00,None,12.00,None,18.00,None,23.67,None
1769956690.455328,31.00,None,34.01,None,27.00,None,12.00,None,25.66,None,None,None,22.00,None,17.00,None,0.00,None,8.00,None,18.00,None,23.67,None
1769956690.4564888,31.00,None,34.01,None,27.00,None,12.00,None,25.66,None,None,None,22.00,None,17.00,None,0.00,None,8.00,None,18.00,None,23.67,None
1769956690.4797165,31.00,None,34.01,None,27.00,None,12.00,None,25.66,None,None,None,22.00,None,17.00,None,0.00,None,21.00,None,18.00,None,23.67,None
1769956690.4803922,31.00,None,34.01,None,27.00,None,12.00,None,25.66,None,None,None,22.00,None,17.00,None,0.00,None,21.00,None,18.00,None,23.67,None
1769956700.5025263,31.00,None,34.01,None,27.00,None,12.00,None,25.66,None,0.00,None,22.00,None,17.00,None,None,None,21.00,None,27.00,None,23.67,None
1769956700.5032167,31.00,None,34.01,None,27.00,None,12.00,None,25.66,None,0.00,None,22.00,None,17.00,None,None,None,21.00,None,27.00,None,23.67,None
1769956709.8962975,22.33,None,34.01,None,27.00,None,12.00,None,21.33,None,4.00,None,22.00,None,13.00,None,None,None,21.00,None,18.00,None,23.67,None
1769956709.897683,22.33,None,34.01,None,27.00,None,12.00,None,21.33,None,4.00,None,22.00,None,13.00,None,None,None,21.00,None,18.00,None,23.67,None
1769956709.9516678,22.33,None,34.01,None,27.00,None,12.00,None,21.33,None,4.00,None,22.00,None,13.00,None,None,None,21.00,None,18.00,None,23.67,None
1769956709.9530559,22.33,None,34.01,None,27.00,None,12.00,None,21.33,None,4.00,None,22.00,None,13.00,None,None,None,21.00,None,18.00,None,23.67,None
1769956710.0019765,22.33,None,34.01,None,27.00,None,12.00,None,21.33,None,4.00,None,22.00,None,13.00,None,None,None,21.00,None,18.00,None,23.67,None
1769956710.003341,22.33,None,34.01,None,27.00,None,12.00,None,21.33,None,4.00,None,22.00,None,13.00,None,None,None,21.00,None,18.00,None,23.67,None
1769956710.0591,22.33,None,34.01,None,27.00,None,12.00,None,21.33,None,4.00,None,22.00,None,13.00,None,None,None,21.00,None,18.00,None,23.67,None
1769956710.0604694,22.33,None,34.01,None,27.00,None,12.00,None,21.33,None,4.00,None,22.00,None,13.00,None,None,None,21.00,None,18.00,None,23.67,None
1769956710.11338,22.33,None,34.01,None,27.00,None,12.00,None,21.33,None,4.00,None,22.00,None,13.00,None,None,None,21.00,None,18.00,None,23.67,None
1769956710.114495,22.33,None,34.01,None,27.00,None,12.00,None,21.33,None,4.00,None,22.00,None,13.00,None,None,None,21.00,None,18.00,None,23.67,None
1769956710.1627848,22.33,None,34.01,None,27.00,None,12.00,None,21.33,None,4.00,None,22.00,None,13.00,None,None,None,21.00,None,18.00,None,23.67,None
1769956710.1639123,22.33,None,34.01,None,27.00,None,12.00,None,21.33,None,4.00,None,22.00,None,13.00,None,None,None,21.00,None,18.00,None,23.67,None
1769956725.4828844,18.33,None,30.01,None,27.00,None,12.00,None,17.33,None,4.00,None,22.00,None,4.00,None,0.00,None,8.00,None,18.00,None,23.67,None
1769956725.4839385,18.33,None,30.01,None,27.00,None,12.00,None,17.33,None,4.00,None,22.00,None,4.00,None,0.00,None,8.00,None,18.00,None,23.67,None
1769956730.4875436,27.33,None,30.01,None,18.00,None,12.00,None,17.33,None,4.00,None,22.00,None,8.00,None,0.00,None,8.00,None,18.00,None,23.67,None
1769956730.4886246,27.33,None,30.01,None,18.00,None,12.00,None,17.33,None,4.00,None,22.00,None,8.00,None,0.00,None,8.00,None,18.00,None,23.67,None
1769956735.9023042,31.33,None,30.01,None,18.00,None,12.00,None,17.33,None,4.00,None,22.00,None,8.00,None,0.00,None,8.00,None,18.00,None,23.67,None
1769956735.9034026,31.33,None,30.01,None,18.00,None,12.00,None,17.33,None,4.00,None,22.00,None,8.00,None,0.00,None,8.00,None,18.00,None,23.67,None
1769956736.0983806,31.33,None,30.01,None,18.00,None,12.00,None,17.33,None,4.00,None,22.00,None,8.00,None,0.00,None,8.00,None,18.00,None,23.67,None
1769956736.0995011,31.33,None,30.01,None,18.00,None,12.00,None,17.33,None,4.00,None,22.00,None,8.00,None,0.00,None,8.00,None,18.00,None,23.67,None
1769956736.1377525,31.33,None,30.01,None,18.00,None,12.00,None,17.33,None,4.00,None,22.00,None,8.00,None,0.00,None,8.00,None,18.00,None,23.67,None
1769956736.1388202,31.33,None,30.01,None,18.00,None,12.00,None,17.33,None,4.00,None,22.00,None,8.00,None,0.00,None,8.00,None,18.00,None,23.67,None
1769956736.1798215,31.33,None,30.01,None,18.00,None,12.00,None,17.33,None,4.00,None,22.00,None,8.00,None,0.00,None,8.00,None,18.00,None,23.67,None
1769956736.1805236,31.33,None,30.01,None,18.00,None,12.00,None,17.33,None,4.00,None,22.00,None,8.00,None,0.00,None,8.00,None,18.00,None,23.67,None
1769956736.2103932,31.33,None,30.01,None,18.00,None,12.00,None,17.33,None,4.00,None,22.00,None,8.00,None,0.00,None,8.00,None,18.00,None,23.67,None
1769956736.211223,31.33,None,30.01,None,18.00,None,12.00,None,17.33,None,4.00,None,22.00,None,8.00,None,0.00,None,8.00,None,18.00,None,23.67,None
1769956736.261547,31.33,None,30.01,None,18.00,None,12.00,None,17.33,None,4.00,None,22.00,None,8.00,None,0.00,None,8.00,None,18.00,None,23.67,None
1769956736.2628083,31.33,None,30.01,None,18.00,None,12.00,None,17.33,None,4.00,None,22.00,None,8.00,None,0.00,None,8.00,None,18.00,None,23.67,None
1769956745.4909294,26.33,None,30.01,None,18.00,None,12.00,None,17.33,None,4.00,None,22.00,None,8.00,None,0.00,None,4.00,None,18.00,None,23.67,None
1769956745.4916165,26.33,None,30.01,None,18.00,None,12.00,None,17.33,None,4.00,None,22.00,None,8.00,None,0.00,None,4.00,None,18.00,None,23.67,None
1769956745.5140557,26.33,None,30.01,None,18.00,None,12.00,None,21.33,None,4.00,None,22.00,None,8.00,None,0.00,None,4.00,None,18.00,None,23.67,None
1769956745.5147266,26.33,None,30.01,None,18.00,None,12.00,None,21.33,None,4.00,None,22.00,None,8.00,None,0.00,None,4.00,None,18.00,None,23.67,None
1769956745.537032,26.33,None,30.01,None,18.00,None,12.00,None,21.33,None,4.00,None,22.00,None,8.00,None,0.00,None,4.00,None,18.00,None,23.67,None
1769956745.5376532,26.33,None,30.01,None,18.00,None,12.00,None,21.33,None,4.00,None,22.00,None,8.00,None,0.00,None,4.00,None,18.00,None,23.67,None
1769956750.5131922,21.33,None,12.67,None,18.00,None,8.00,None,21.33,None,4.00,None,22.00,None,8.00,None,0.00,None,4.00,None,18.00,None,23.67,None
1769956750.5142791,21.33,None,12.67,None,18.00,None,8.00,None,21.33,None,4.00,None,22.00,None,8.00,None,0.00,None,4.00,None,18.00,None,23.67,None
1769956750.5506363,21.33,None,12.67,None,18.00,None,8.00,None,21.33,None,4.00,None,22.00,None,8.00,None,0.00,None,4.00,None,18.00,None,23.67,None
1769956750.5516546,21.33,None,12.67,None,18.00,None,8.00,None,21.33,None,4.00,None,22.00,None,8.00,None,0.00,None,4.00,None,18.00,None,23.67,None
1769956750.5894072,21.33,None,12.67,None,18.00,None,8.00,None,21.33,None,8.00,None,22.00,None,8.00,None,0.00,None,4.00,None,18.00,None,23.67,None
1769956750.5904164,21.33,None,12.67,None,18.00,None,8.00,None,21.33,None,8.00,None,22.00,None,8.00,None,0.00,None,4.00,None,18.00,None,23.67,None
1769956750.62832,21.33,None,12.67,None,18.00,None,8.00,None,21.33,None,8.00,None,22.00,None,17.00,None,0.00,None,4.00,None,18.00,None,23.67,None
1769956750.629373,21.33,None,12.67,None,18.00,None,8.00,None,21.33,None,8.00,None,22.00,None,17.00,None,0.00,None,4.00,None,18.00,None,23.67,None
1769956760.527076,12.33,None,12.67,None,9.00,None,4.00,None,17.33,None,8.00,None,22.00,None,4.00,None,0.00,None,8.00,None,9.00,None,23.67,None
1769956760.528134,12.33,None,12.67,None,9.00,None,4.00,None,17.33,None,8.00,None,22.00,None,4.00,None,0.00,None,8.00,None,9.00,None,23.67,None
1769956760.5658374,12.33,None,12.67,None,9.00,None,4.00,None,17.33,None,8.00,None,22.00,None,4.00,None,0.00,None,8.00,None,9.00,None,23.67,None
1769956760.566899,12.33,None,12.67,None,9.00,None,4.00,None,17.33,None,8.00,None,22.00,None,4.00,None,0.00,None,8.00,None,9.00,None,23.67,None
1769956760.5890334,12.33,None,16.67,None,9.00,None,4.00,None,17.33,None,8.00,None,22.00,None,4.00,None,0.00,None,8.00,None,9.00,None,23.67,None
1769956760.589605,12.33,None,16.67,None,9.00,None,4.00,None,17.33,None,8.00,None,22.00,None,4.00,None,0.00,None,8.00,None,9.00,None,23.67,None
1769956771.926544,12.33,None,12.67,None,0.00,None,4.00,None,17.33,None,8.00,None,22.00,None,4.00,None,0.00,None,4.00,None,9.00,None,23.67,None
1769956771.9271538,12.33,None,12.67,None,0.00,None,4.00,None,17.33,None,8.00,None,22.00,None,4.00,None,0.00,None,4.00,None,9.00,None,23.67,None
1769956771.9594042,12.33,None,12.67,None,0.00,None,4.00,None,17.33,None,8.00,None,22.00,None,4.00,None,0.00,None,8.00,None,9.00,None,23.67,None
1769956771.9600096,12.33,None,12.67,None,0.00,None,4.00,None,17.33,None,8.00,None,22.00,None,4.00,None,0.00,None,8.00,None,9.00,None,23.67,None
1769956772.0030863,12.33,None,12.67,None,0.00,None,4.00,None,17.33,None,8.00,None,22.00,None,4.00,None,0.00,None,8.00,None,18.00,None,23.67,None
1769956772.0040731,12.33,None,12.67,None,0.00,None,4.00,None,17.33,None,8.00,None,22.00,None,4.00,None,0.00,None,8.00,None,18.00,None,23.67,None
1769956772.0386348,12.33,None,12.67,None,0.00,None,4.00,None,17.33,None,17.00,None,22.00,None,4.00,None,0.00,None,8.00,None,18.00,None,23.67,None
1769956772.0392299,12.33,None,12.67,None,0.00,None,4.00,None,17.33,None,17.00,None,22.00,None,4.00,None,0.00,None,8.00,None,18.00,None,23.67,None
1769956772.1427243,12.33,None,12.67,None,0.00,None,4.00,None,17.33,None,17.00,None,22.00,None,4.00,None,0.00,None,8.00,None,18.00,None,23.67,None
1769956772.1433525,12.33,None,12.67,None,0.00,None,4.00,None,17.33,None,17.00,None,22.00,None,4.00,None,0.00,None,8.00,None,18.00,None,23.67,None
1769956772.1724517,12.33,None,12.67,None,0.00,None,4.00,None,17.33,None,17.00,None,22.00,None,4.00,None,0.00,None,8.00,None,18.00,None,23.67,None
1769956772.173088,12.33,None,12.67,None,0.00,None,4.00,None,17.33,None,17.00,None,22.00,None,4.00,None,0.00,None,8.00,None,18.00,None,23.67,None
1769956775.5383666,12.33,None,8.67,None,0.00,None,0.00,None,4.00,None,13.00,None,13.33,None,4.00,None,0.00,None,12.00,None,9.00,None,8.67,None
1769956775.53893,12.33,None,8.67,None,0.00,None,0.00,None,4.00,None,13.00,None,13.33,None,4.00,None,0.00,None,12.00,None,9.00,None,8.67,None
1769956775.5723603,12.33,None,12.67,None,0.00,None,0.00,None,4.00,None,13.00,None,13.33,None,4.00,None,0.00,None,12.00,None,9.00,None,8.67,None
1769956775.5728853,12.33,None,12.67,None,0.00,None,0.00,None,4.00,None,13.00,None,13.33,None,4.00,None,0.00,None,12.00,None,9.00,None,8.67,None
1769956778.5255444,12.33,None,12.67,None,0.00,None,4.00,None,None,None,13.00,None,0.00,None,4.00,None,0.00,None,8.00,None,9.00,None,0.00,None
1769956778.526458,12.33,None,12.67,None,0.00,None,4.00,None,None,None,13.00,None,0.00,None,4.00,None,0.00,None,8.00,None,9.00,None,0.00,None
1769956778.5616393,12.33,None,12.67,None,9.00,None,4.00,None,None,None,17.00,None,0.00,None,4.00,None,0.00,None,8.00,None,9.00,None,0.00,None
1769956778.5625706,12.33,None,12.67,None,9.00,None,4.00,None,None,None,17.00,None,0.00,None,4.00,None,0.00,None,8.00,None,9.00,None,0.00,None
1769956778.619304,12.33,None,12.67,None,9.00,None,4.00,None,None,None,17.00,None,0.00,None,4.00,None,0.00,None,8.00,None,18.00,None,0.00,None
1769956778.6202977,12.33,None,12.67,None,9.00,None,4.00,None,None,None,17.00,None,0.00,None,4.00,None,0.00,None,8.00,None,18.00,None,0.00,None
1769956778.6567981,12.33,None,16.67,None,9.00,None,4.00,None,None,None,17.00,None,0.00,None,4.00,None,0.00,None,8.00,None,18.00,None,0.00,None
1769956778.6580908,12.33,None,16.67,None,9.00,None,4.00,None,None,None,17.00,None,0.00,None,4.00,None,0.00,None,8.00,None,18.00,None,0.00,None
1769956778.688511,12.33,None,16.67,None,9.00,None,4.00,None,None,None,17.00,None,0.00,None,4.00,None,0.00,None,8.00,None,18.00,None,0.00,None
1769956778.6891277,12.33,None,16.67,None,9.00,None,4.00,None,None,None,17.00,None,0.00,None,4.00,None,0.00,None,8.00,None,18.00,None,0.00,None
1769956778.7102683,12.33,None,16.67,None,9.00,None,4.00,None,None,None,17.00,None,0.00,None,4.00,None,0.00,None,8.00,None,18.00,None,0.00,None
1769956778.7108605,12.33,None,16.67,None,9.00,None,4.00,None,None,None,17.00,None,0.00,None,4.00,None,0.00,None,8.00,None,18.00,None,0.00,None
1769956789.9544914,8.00,None,8.00,None,9.00,None,4.00,None,None,None,17.00,None,0.00,None,0.00,None,0.00,None,8.00,None,18.00,None,0.00,None
1769956789.955449,8.00,None,8.00,None,9.00,None,4.00,None,None,None,17.00,None,0.00,None,0.00,None,0.00,None,8.00,None,18.00,None,0.00,None
1769956789.9912765,8.00,None,8.00,None,9.00,None,4.00,None,None,None,17.00,None,0.00,None,4.00,None,0.00,None,8.00,None,18.00,None,0.00,None
1769956789.9919498,8.00,None,8.00,None,9.00,None,4.00,None,None,None,17.00,None,0.00,None,4.00,None,0.00,None,8.00,None,18.00,None,0.00,None
1769956790.0282125,9.67,None,8.00,None,9.00,None,4.00,None,None,None,17.00,None,0.00,None,4.00,None,0.00,None,8.00,None,18.00,None,0.00,None
1769956790.0288785,9.67,None,8.00,None,9.00,None,4.00,None,None,None,17.00,None,0.00,None,4.00,None,0.00,None,8.00,None,18.00,None,0.00,None
1769956790.0754294,11.34,None,8.00,None,9.00,None,4.00,None,None,None,17.00,None,0.00,None,4.00,None,0.00,None,8.00,None,18.00,None,0.00,None
1769956790.076146,11.34,None,8.00,None,9.00,None,4.00,None,None,None,17.00,None,0.00,None,4.00,None,0.00,None,8.00,None,18.00,None,0.00,None
1769956790.1277094,11.34,None,8.00,None,9.00,None,4.00,None,None,None,17.00,None,0.00,None,4.00,None,0.00,None,8.00,None,18.00,None,0.00,None
1769956790.128914,11.34,None,8.00,None,9.00,None,4.00,None,None,None,17.00,None,0.00,None,4.00,None,0.00,None,8.00,None,18.00,None,0.00,None
1769956790.1803792,11.34,None,8.00,None,9.00,None,4.00,None,None,None,17.00,None,0.00,None,4.00,None,0.00,None,12.00,None,18.00,None,0.00,None
1769956790.1813781,11.34,None,8.00,None,9.00,None,4.00,None,None,None,17.00,None,0.00,None,4.00,None,0.00,None,12.00,None,18.00,None,0.00,None
1769956790.566282,11.34,None,8.00,None,9.00,None,4.00,None,None,None,17.00,None,0.00,None,8.00,None,0.00,None,12.00,None,18.00,None,0.00,None
1769956790.5672853,11.34,None,8.00,None,9.00,None,4.00,None,None,None,17.00,None,0.00,None,8.00,None,0.00,None,12.00,None,18.00,None,0.00,None
1769956795.5513406,11.34,None,8.00,None,9.00,None,4.00,None,None,None,17.00,None,17.67,None,8.00,None,0.00,None,12.00,None,18.00,None,0.00,None
1769956795.551887,11.34,None,8.00,None,9.00,None,4.00,None,None,None,17.00,None,17.67,None,8.00,None,0.00,None,12.00,None,18.00,None,0.00,None
1769956795.574727,11.34,None,8.00,None,9.00,None,4.00,None,None,None,17.00,None,17.67,None,8.00,None,0.00,None,12.00,None,18.00,None,0.00,None
1769956795.5753374,11.34,None,8.00,None,9.00,None,4.00,None,None,None,17.00,None,17.67,None,8.00,None,0.00,None,12.00,None,18.00,None,0.00,None
1769956795.5971956,11.34,None,8.00,None,9.00,None,4.00,None,None,None,21.00,None,17.67,None,8.00,None,0.00,None,12.00,None,18.00,None,9.00,None
1769956795.5977883,11.34,None,8.00,None,9.00,None,4.00,None,None,None,21.00,None,17.67,None,8.00,None,0.00,None,12.00,None,18.00,None,9.00,None
1769956800.5719202,15.67,None,9.67,None,9.00,None,4.00,None,4.00,None,21.00,None,17.67,None,8.00,None,0.00,None,12.00,None,18.00,None,9.00,None
1769956800.5728796,15.67,None,9.67,None,9.00,None,4.00,None,4.00,None,21.00,None,17.67,None,8.00,None,0.00,None,12.00,None,18.00,None,9.00,None
1769956806.116107,15.67,None,9.67,None,9.00,None,4.00,None,8.00,None,21.00,None,17.67,None,8.00,None,0.00,None,12.00,None,18.00,None,18.00,None
1769956806.1167324,15.67,None,9.67,None,9.00,None,4.00,None,8.00,None,21.00,None,17.67,None,8.00,None,0.00,None,12.00,None,18.00,None,18.00,None
1769956806.158124,15.67,None,9.67,None,9.00,None,4.00,None,12.33,None,21.00,None,17.67,None,8.00,None,0.00,None,12.00,None,18.00,None,19.67,None
1769956806.1587431,15.67,None,9.67,None,9.00,None,4.00,None,12.33,None,21.00,None,17.67,None,8.00,None,0.00,None,12.00,None,18.00,None,19.67,None
1769956806.1914465,15.67,None,9.67,None,9.00,None,4.00,None,12.33,None,21.00,None,17.67,None,8.00,None,0.00,None,12.00,None,22.33,None,19.67,None
1769956806.1920571,15.67,None,9.67,None,9.00,None,4.00,None,12.33,None,21.00,None,17.67,None,8.00,None,0.00,None,12.00,None,22.33,None,19.67,None
1769956806.2189014,15.67,None,9.67,None,17.67,None,4.00,None,12.33,None,21.00,None,17.67,None,8.00,None,0.00,None,12.00,None,22.33,None,19.67,None
1769956806.2196639,15.67,None,9.67,None,17.67,None,4.00,None,12.33,None,21.00,None,17.67,None,8.00,None,0.00,None,12.00,None,22.33,None,19.67,None
1769956806.2602255,15.67,None,9.67,None,17.67,None,4.00,None,12.33,None,21.00,None,17.67,None,8.00,None,0.00,None,12.00,None,22.33,None,28.34,None
1769956806.261353,15.67,None,9.67,None,17.67,None,4.00,None,12.33,None,21.00,None,17.67,None,8.00,None,0.00,None,12.00,None,22.33,None,28.34,None
1769956806.299188,15.67,None,9.67,None,17.67,None,4.00,None,14.00,None,21.00,None,17.67,None,8.00,None,0.00,None,12.00,None,22.33,None,31.67,None
1769956806.299963,15.67,None,9.67,None,17.67,None,4.00,None,14.00,None,21.00,None,17.67,None,8.00,None,0.00,None,12.00,None,22.33,None,31.67,None
1769956809.124869,15.67,None,9.67,None,26.67,None,4.00,None,14.00,None,21.00,None,0.00,None,8.00,None,0.00,None,None,None,22.33,None,31.67,None
1769956809.1254938,15.67,None,9.67,None,26.67,None,4.00,None,14.00,None,21.00,None,0.00,None,8.00,None,0.00,None,None,None,22.33,None,31.67,None
1769956809.1488266,15.67,None,9.67,None,26.67,None,4.00,None,14.00,None,21.00,None,0.00,None,8.00,None,4.00,None,None,None,22.33,None,31.67,None
1769956809.1494524,15.67,None,9.67,None,26.67,None,4.00,None,14.00,None,21.00,None,0.00,None,8.00,None,4.00,None,None,None,22.33,None,31.67,None
1769956809.1900728,15.67,None,9.67,None,26.67,None,4.00,None,14.00,None,21.00,None,0.00,None,8.00,None,4.00,None,None,None,22.33,None,31.67,None
1769956809.1912477,15.67,None,9.67,None,26.67,None,4.00,None,14.00,None,21.00,None,0.00,None,8.00,None,4.00,None,None,None,22.33,None,31.67,None
1769956809.2318563,15.67,None,18.34,None,26.67,None,4.00,None,14.00,None,21.00,None,0.00,None,8.00,None,4.00,None,None,None,22.33,None,31.67,None
1769956809.233041,15.67,None,18.34,None,26.67,None,4.00,None,14.00,None,21.00,None,0.00,None,8.00,None,4.00,None,None,None,22.33,None,31.67,None
1769956809.2745292,15.67,None,18.34,None,26.67,None,8.00,None,14.00,None,21.00,None,0.00,None,8.00,None,4.00,None,None,None,22.33,None,31.67,None
1769956809.2757032,15.67,None,18.34,None,26.67,None,8.00,None,14.00,None,21.00,None,0.00,None,8.00,None,4.00,None,None,None,22.33,None,31.67,None
1769956809.3214176,15.67,None,18.34,None,26.67,None,8.00,None,14.00,None,21.00,None,0.00,None,8.00,None,4.00,None,None,None,22.33,None,31.67,None
1769956809.3225956,15.67,None,18.34,None,26.67,None,8.00,None,14.00,None,21.00,None,0.00,None,8.00,None,4.00,None,None,None,22.33,None,31.67,None
1769956809.7784956,15.67,None,18.34,None,17.67,None,8.00,None,14.00,None,None,None,0.00,None,8.00,None,4.00,None,None,None,13.33,None,22.67,None
1769956809.7792249,15.67,None,18.34,None,17.67,None,8.00,None,14.00,None,None,None,0.00,None,8.00,None,4.00,None,None,None,13.33,None,22.67,None
1769956809.8024223,15.67,None,18.34,None,17.67,None,8.00,None,14.00,None,None,None,0.00,None,8.00,None,4.00,None,None,None,13.33,None,22.67,None
1769956809.8030484,15.67,None,18.34,None,17.67,None,8.00,None,14.00,None,None,None,0.00,None,8.00,None,4.00,None,None,None,13.33,None,22.67,None
1769956809.8287172,15.67,None,18.34,None,17.67,None,12.00,None,14.00,None,None,None,0.00,None,8.00,None,4.00,None,None,None,13.33,None,22.67,None
1769956809.8295102,15.67,None,18.34,None,17.67,None,12.00,None,14.00,None,None,None,0.00,None,8.00,None,4.00,None,None,None,13.33,None,22.67,None
1769956809.8706257,24.67,None,18.34,None,17.67,None,12.00,None,14.00,None,None,None,0.00,None,8.00,None,4.00,None,None,None,13.33,None,22.67,None
1769956809.8717752,24.67,None,18.34,None,17.67,None,12.00,None,14.00,None,None,None,0.00,None,8.00,None,4.00,None,None,None,13.33,None,22.67,None
1769956809.9132009,24.67,None,18.34,None,17.67,None,12.00,None,14.00,None,None,None,0.00,None,8.00,None,4.00,None,None,None,13.33,None,22.67,None
1769956809.9139652,24.67,None,18.34,None,17.67,None,12.00,None,14.00,None,None,None,0.00,None,8.00,None,4.00,None,None,None,13.33,None,22.67,None
1769956810.037123,33.67,None,18.34,None,17.67,None,12.00,None,14.00,None,None,None,0.00,None,8.00,None,4.00,None,None,None,13.33,None,22.67,None
1769956810.0379033,33.67,None,18.34,None,17.67,None,12.00,None,14.00,None,None,None,0.00,None,8.00,None,4.00,None,None,None,13.33,None,22.67,None
1769956810.0678365,33.67,None,18.34,None,26.67,None,12.00,None,14.00,None,None,None,0.00,None,8.00,None,4.00,None,None,None,13.33,None,22.67,None
1769956810.068641,33.67,None,18.34,None,26.67,None,12.00,None,14.00,None,None,None,0.00,None,8.00,None,4.00,None,None,None,13.33,None,22.67,None
1769956810.5779586,33.67,None,18.34,None,17.67,None,12.00,None,14.00,None,None,None,0.00,None,8.00,None,4.00,None,None,None,22.33,None,22.67,None
1769956810.578559,33.67,None,18.34,None,17.67,None,12.00,None,14.00,None,None,None,0.00,None,8.00,None,4.00,None,None,None,22.33,None,22.67,None
1769956810.6153255,33.67,None,18.34,None,17.67,None,12.00,None,14.00,None,None,None,0.00,None,8.00,None,4.00,None,None,None,22.33,None,22.67,None
1769956810.6159306,33.67,None,18.34,None,17.67,None,12.00,None,14.00,None,None,None,0.00,None,8.00,None,4.00,None,None,None,22.33,None,22.67,None
1769956810.6505513,33.67,None,18.34,None,17.67,None,12.00,None,14.00,None,None,None,0.00,None,8.00,None,4.00,None,None,None,22.33,None,22.67,None
1769956810.6511304,33.67,None,18.34,None,17.67,None,12.00,None,14.00,None,None,None,0.00,None,8.00,None,4.00,None,None,None,22.33,None,22.67,None
1769956810.6918938,42.67,None,18.34,None,17.67,None,12.00,None,14.00,None,None,None,0.00,None,8.00,None,8.00,None,None,None,22.33,None,22.67,None
1769956810.6929767,42.67,None,18.34,None,17.67,None,12.00,None,14.00,None,None,None,0.00,None,8.00,None,8.00,None,None,None,22.33,None,22.67,None
1769956825.6014533,42.67,None,14.34,None,26.67,None,4.00,None,14.00,None,None,None,0.00,None,4.00,None,8.00,None,None,None,22.33,None,22.67,None
1769956825.6025224,42.67,None,14.34,None,26.67,None,4.00,None,14.00,None,None,None,0.00,None,4.00,None,8.00,None,None,None,22.33,None,22.67,None
1769956833.0050972,15.67,None,10.34,None,26.67,None,4.00,None,14.00,None,0.00,None,0.00,None,4.00,None,4.00,None,0.00,None,22.33,None,22.67,None
1769956833.0060837,15.67,None,10.34,None,26.67,None,4.00,None,14.00,None,0.00,None,0.00,None,4.00,None,4.00,None,0.00,None,22.33,None,22.67,None
1769956833.0490477,15.67,None,10.34,None,26.67,None,4.00,None,14.00,None,0.00,None,0.00,None,4.00,None,4.00,None,0.00,None,22.33,None,22.67,None
1769956833.050072,15.67,None,10.34,None,26.67,None,4.00,None,14.00,None,0.00,None,0.00,None,4.00,None,4.00,None,0.00,None,22.33,None,22.67,None
1769956833.0959694,15.67,None,10.34,None,26.67,None,4.00,None,14.00,None,0.00,None,0.00,None,4.00,None,4.00,None,0.00,None,31.33,None,22.67,None
1769956833.0970142,15.67,None,10.34,None,26.67,None,4.00,None,14.00,None,0.00,None,0.00,None,4.00,None,4.00,None,0.00,None,31.33,None,22.67,None
1769956833.1429527,15.67,None,10.34,None,26.67,None,4.00,None,14.00,None,0.00,None,0.00,None,4.00,None,4.00,None,4.00,None,31.33,None,22.67,None
1769956833.1439335,15.67,None,10.34,None,26.67,None,4.00,None,14.00,None,0.00,None,0.00,None,4.00,None,4.00,None,4.00,None,31.33,None,22.67,None
1769956833.2015095,15.67,None,10.34,None,26.67,None,4.00,None,14.00,None,0.00,None,0.00,None,4.00,None,4.00,None,4.00,None,31.33,None,22.67,None
1769956833.2025511,15.67,None,10.34,None,26.67,None,4.00,None,14.00,None,0.00,None,0.00,None,4.00,None,4.00,None,4.00,None,31.33,None,22.67,None
1769956833.2510777,15.67,None,10.34,None,26.67,None,4.00,None,14.00,None,0.00,None,0.00,None,4.00,None,4.00,None,4.00,None,31.33,None,22.67,None
1769956833.2521036,15.67,None,10.34,None,26.67,None,4.00,None,14.00,None,0.00,None,0.00,None,4.00,None,4.00,None,4.00,None,31.33,None,22.67,None
1769956835.6006536,11.34,None,0.00,None,17.67,None,4.00,None,8.00,None,0.00,None,0.00,None,4.00,None,0.00,None,4.00,None,27.00,None,8.67,None
1769956835.6012137,11.34,None,0.00,None,17.67,None,4.00,None,8.00,None,0.00,None,0.00,None,4.00,None,0.00,None,4.00,None,27.00,None,8.67,None
1769956835.6239514,11.34,None,0.00,None,17.67,None,4.00,None,8.00,None,0.00,None,0.00,None,4.00,None,0.00,None,4.00,None,27.00,None,8.67,None
1769956835.624478,11.34,None,0.00,None,17.67,None,4.00,None,8.00,None,0.00,None,0.00,None,4.00,None,0.00,None,4.00,None,27.00,None,8.67,None
1769956835.6469896,11.34,None,0.00,None,17.67,None,4.00,None,8.00,None,0.00,None,0.00,None,4.00,None,0.00,None,4.00,None,27.00,None,8.67,None
1769956835.6475246,11.34,None,0.00,None,17.67,None,4.00,None,8.00,None,0.00,None,0.00,None,4.00,None,0.00,None,4.00,None,27.00,None,8.67,None
1769956835.6741304,11.34,None,0.00,None,17.67,None,4.00,None,8.00,None,0.00,None,0.00,None,4.00,None,0.00,None,4.00,None,27.00,None,8.67,None
1769956835.674686,11.34,None,0.00,None,17.67,None,4.00,None,8.00,None,0.00,None,0.00,None,4.00,None,0.00,None,4.00,None,27.00,None,8.67,None
1769956835.8434918,11.34,None,0.00,None,26.67,None,4.00,None,8.00,None,0.00,None,0.00,None,8.00,None,0.00,None,4.00,None,27.00,None,8.67,None
1769956835.844477,11.34,None,0.00,None,26.67,None,4.00,None,8.00,None,0.00,None,0.00,None,8.00,None,0.00,None,4.00,None,27.00,None,8.67,None
1769956835.877788,11.34,None,0.00,None,26.67,None,4.00,None,8.00,None,0.00,None,0.00,None,8.00,None,0.00,None,4.00,None,27.00,None,8.67,None
1769956835.8787453,11.34,None,0.00,None,26.67,None,4.00,None,8.00,None,0.00,None,0.00,None,8.00,None,0.00,None,4.00,None,27.00,None,8.67,None
1769956835.9208994,11.34,None,0.00,None,26.67,None,4.00,None,8.00,None,0.00,None,0.00,None,8.00,None,0.00,None,4.00,None,27.00,None,8.67,None
1769956835.921885,11.34,None,0.00,None,26.67,None,4.00,None,8.00,None,0.00,None,0.00,None,8.00,None,0.00,None,4.00,None,27.00,None,8.67,None
1769956835.962413,20.34,None,12.67,None,26.67,None,4.00,None,8.00,None,0.00,None,0.00,None,8.00,None,0.00,None,4.00,None,27.00,None,8.67,None
1769956835.9633706,20.34,None,12.67,None,26.67,None,4.00,None,8.00,None,0.00,None,0.00,None,8.00,None,0.00,None,4.00,None,27.00,None,8.67,None
1769956836.0043802,20.34,None,12.67,None,26.67,None,4.00,None,8.00,None,0.00,None,0.00,None,8.00,None,0.00,None,4.00,None,27.00,None,8.67,None
1769956836.0054328,20.34,None,12.67,None,26.67,None,4.00,None,8.00,None,0.00,None,0.00,None,8.00,None,0.00,None,4.00,None,27.00,None,8.67,None
1769956836.0468996,20.34,None,12.67,None,26.67,None,4.00,None,8.00,None,0.00,None,0.00,None,8.00,None,0.00,None,4.00,None,27.00,None,26.34,None
1769956836.0479405,20.34,None,12.67,None,26.67,None,4.00,None,8.00,None,0.00,None,0.00,None,8.00,None,0.00,None,4.00,None,27.00,None,26.34,None
1769956840.623349,18.67,None,21.00,None,26.67,None,4.00,None,8.00,None,0.00,None,0.00,None,8.00,None,0.00,None,4.00,None,27.00,None,17.67,None
1769956840.624315,18.67,None,21.00,None,26.67,None,4.00,None,8.00,None,0.00,None,0.00,None,8.00,None,0.00,None,4.00,None,27.00,None,17.67,None
1769956840.665284,18.67,None,21.00,None,26.67,None,4.00,None,8.00,None,0.00,None,0.00,None,8.00,None,0.00,None,8.00,None,27.00,None,17.67,None
1769956840.6662085,18.67,None,21.00,None,26.67,None,4.00,None,8.00,None,0.00,None,0.00,None,8.00,None,0.00,None,8.00,None,27.00,None,17.67,None
1769956840.713475,18.67,None,21.00,None,26.67,None,4.00,None,8.00,None,0.00,None,0.00,None,8.00,None,0.00,None,8.00,None,27.00,None,17.67,None
1769956840.714434,18.67,None,21.00,None,26.67,None,4.00,None,8.00,None,0.00,None,0.00,None,8.00,None,0.00,None,8.00,None,27.00,None,17.67,None
1769956849.0473604,18.67,None,21.00,None,26.67,None,4.00,None,8.00,None,0.00,None,0.00,None,8.00,None,0.00,None,8.00,None,27.00,None,17.67,None
1769956849.0483727,18.67,None,21.00,None,26.67,None,4.00,None,8.00,None,0.00,None,0.00,None,8.00,None,0.00,None,8.00,None,27.00,None,17.67,None
1769956849.1002223,18.67,None,21.00,None,26.67,None,4.00,None,8.00,None,0.00,None,0.00,None,8.00,None,0.00,None,8.00,None,27.00,None,17.67,None
1769956849.101247,18.67,None,21.00,None,26.67,None,4.00,None,8.00,None,0.00,None,0.00,None,8.00,None,0.00,None,8.00,None,27.00,None,17.67,None
1769956849.1552138,18.67,None,21.00,None,26.67,None,4.00,None,8.00,None,0.00,None,0.00,None,8.00,None,0.00,None,8.00,None,27.00,None,17.67,None
1769956849.1562269,18.67,None,21.00,None,26.67,None,4.00,None,8.00,None,0.00,None,0.00,None,8.00,None,0.00,None,8.00,None,27.00,None,17.67,None
1769956849.3518996,18.67,None,21.00,None,26.67,None,4.00,None,8.00,None,0.00,None,0.00,None,8.00,None,0.00,None,8.00,None,27.00,None,17.67,None
1769956849.352919,18.67,None,21.00,None,26.67,None,4.00,None,8.00,None,0.00,None,0.00,None,8.00,None,0.00,None,8.00,None,27.00,None,17.67,None
1769956849.4058912,18.67,None,21.00,None,26.67,None,4.00,None,8.00,None,0.00,None,0.00,None,8.00,None,0.00,None,8.00,None,27.00,None,17.67,None
1769956849.4068499,18.67,None,21.00,None,26.67,None,4.00,None,8.00,None,0.00,None,0.00,None,8.00,None,0.00,None,8.00,None,27.00,None,17.67,None
1769956849.4654114,18.67,None,21.00,None,26.67,None,4.00,None,8.00,None,0.00,None,0.00,None,8.00,None,0.00,None,8.00,None,27.00,None,17.67,None
1769956849.4664075,18.67,None,21.00,None,26.67,None,4.00,None,8.00,None,0.00,None,0.00,None,8.00,None,0.00,None,8.00,None,27.00,None,17.67,None
1769956850.6122432,5.67,None,8.33,None,26.67,None,4.00,None,4.00,None,0.00,None,0.00,None,8.00,None,0.00,None,8.00,None,27.00,None,0.00,None
1769956850.6127687,5.67,None,8.33,None,26.67,None,4.00,None,4.00,None,0.00,None,0.00,None,8.00,None,0.00,None,8.00,None,27.00,None,0.00,None
1769956858.0569272,9.67,None,8.33,None,26.67,None,4.00,None,4.00,None,0.00,None,0.00,None,8.00,None,0.00,None,8.00,None,27.00,None,0.00,None
1769956858.0574675,9.67,None,8.33,None,26.67,None,4.00,None,4.00,None,0.00,None,0.00,None,8.00,None,0.00,None,8.00,None,27.00,None,0.00,None
1769956858.1008337,9.67,None,8.33,None,26.67,None,4.00,None,4.00,None,0.00,None,0.00,None,8.00,None,0.00,None,8.00,None,27.00,None,0.00,None
1769956858.1014082,9.67,None,8.33,None,26.67,None,4.00,None,4.00,None,0.00,None,0.00,None,8.00,None,0.00,None,8.00,None,27.00,None,0.00,None
1769956858.1383762,9.67,None,8.33,None,26.67,None,4.00,None,8.00,None,0.00,None,0.00,None,8.00,None,0.00,None,8.00,None,27.00,None,0.00,None
1769956858.1389573,9.67,None,8.33,None,26.67,None,4.00,None,8.00,None,0.00,None,0.00,None,8.00,None,0.00,None,8.00,None,27.00,None,0.00,None
1769956858.1832252,9.67,None,8.33,None,26.67,None,4.00,None,8.00,None,0.00,None,0.00,None,8.00,None,0.00,None,8.00,None,27.00,None,0.00,None
1769956858.1841674,9.67,None,8.33,None,26.67,None,4.00,None,8.00,None,0.00,None,0.00,None,8.00,None,0.00,None,8.00,None,27.00,None,0.00,None
1769956858.2183106,9.67,None,8.33,None,26.67,None,4.00,None,8.00,None,0.00,None,0.00,None,8.00,None,0.00,None,8.00,None,27.00,None,0.00,None
1769956858.2189205,9.67,None,8.33,None,26.67,None,4.00,None,8.00,None,0.00,None,0.00,None,8.00,None,0.00,None,8.00,None,27.00,None,0.00,None
1769956858.2541254,18.67,None,8.33,None,26.67,None,4.00,None,8.00,None,0.00,None,0.00,None,8.00,None,0.00,None,8.00,None,27.00,None,0.00,None
1769956858.2547207,18.67,None,8.33,None,26.67,None,4.00,None,8.00,None,0.00,None,0.00,None,8.00,None,0.00,None,8.00,None,27.00,None,0.00,None
1769956860.6263864,18.67,None,8.33,None,26.67,None,4.00,None,8.00,None,0.00,None,0.00,None,8.00,None,0.00,None,8.00,None,18.00,None,0.00,None
1769956860.626949,18.67,None,8.33,None,26.67,None,4.00,None,8.00,None,0.00,None,0.00,None,8.00,None,0.00,None,8.00,None,18.00,None,0.00,None
1769956865.6406412,13.00,None,8.33,None,26.67,None,4.00,None,8.00,None,4.00,None,0.00,None,8.00,None,0.00,None,8.00,None,18.00,None,0.00,None
1769956865.641615,13.00,None,8.33,None,26.67,None,4.00,None,8.00,None,4.00,None,0.00,None,8.00,None,0.00,None,8.00,None,18.00,None,0.00,None
1769956874.0751934,13.00,None,8.33,None,26.67,None,4.00,None,8.00,None,4.00,None,0.00,None,8.00,None,0.00,None,8.00,None,18.00,None,0.00,None
1769956874.075886,13.00,None,8.33,None,26.67,None,4.00,None,8.00,None,4.00,None,0.00,None,8.00,None,0.00,None,8.00,None,18.00,None,0.00,None
1769956874.2376907,13.00,None,8.33,None,26.67,None,4.00,None,8.00,None,4.00,None,0.00,None,8.00,None,0.00,None,8.00,None,18.00,None,0.00,None
1769956874.2387877,13.00,None,8.33,None,26.67,None,4.00,None,8.00,None,4.00,None,0.00,None,8.00,None,0.00,None,8.00,None,18.00,None,0.00,None
1769956874.2845557,13.00,None,8.33,None,26.67,None,4.00,None,8.00,None,4.00,None,0.00,None,8.00,None,0.00,None,8.00,None,18.00,None,0.00,None
1769956874.2851346,13.00,None,8.33,None,26.67,None,4.00,None,8.00,None,4.00,None,0.00,None,8.00,None,0.00,None,8.00,None,18.00,None,0.00,None
1769956874.3309321,13.00,None,8.33,None,26.67,None,4.00,None,8.00,None,4.00,None,0.00,None,8.00,None,0.00,None,8.00,None,18.00,None,0.00,None
1769956874.3315527,13.00,None,8.33,None,26.67,None,4.00,None,8.00,None,4.00,None,0.00,None,8.00,None,0.00,None,8.00,None,18.00,None,0.00,None
1769956874.3651161,13.00,None,8.33,None,26.67,None,4.00,None,8.00,None,4.00,None,0.00,None,8.00,None,0.00,None,8.00,None,18.00,None,0.00,None
1769956874.3657587,13.00,None,8.33,None,26.67,None,4.00,None,8.00,None,4.00,None,0.00,None,8.00,None,0.00,None,8.00,None,18.00,None,0.00,None
1769956874.4015176,13.00,None,8.33,None,26.67,None,4.00,None,8.00,None,4.00,None,0.00,None,8.00,None,0.00,None,8.00,None,18.00,None,0.00,None
1769956874.402125,13.00,None,8.33,None,26.67,None,4.00,None,8.00,None,4.00,None,0.00,None,8.00,None,0.00,None,8.00,None,18.00,None,0.00,None
1769956880.6528573,13.00,None,12.33,None,26.67,None,4.00,None,8.00,None,4.00,None,9.00,None,8.00,None,0.00,None,8.00,None,18.00,None,0.00,None
1769956880.6538012,13.00,None,12.33,None,26.67,None,4.00,None,8.00,None,4.00,None,9.00,None,8.00,None,0.00,None,8.00,None,18.00,None,0.00,None
1769956885.6569548,17.00,None,12.33,None,17.67,None,0.00,None,8.00,None,4.00,None,9.00,None,8.00,None,0.00,None,8.00,None,9.00,None,0.00,None
1769956885.6579065,17.00,None,12.33,None,17.67,None,0.00,None,8.00,None,4.00,None,9.00,None,8.00,None,0.00,None,8.00,None,9.00,None,0.00,None
1769956887.0847697,17.00,None,12.33,None,17.67,None,0.00,None,8.00,None,8.00,None,9.00,None,8.00,None,0.00,None,8.00,None,9.00,None,0.00,None
1769956887.0853212,17.00,None,12.33,None,17.67,None,0.00,None,8.00,None,8.00,None,9.00,None,8.00,None,0.00,None,8.00,None,9.00,None,0.00,None
1769956887.1144307,17.00,None,12.33,None,17.67,None,0.00,None,8.00,None,8.00,None,9.00,None,8.00,None,0.00,None,8.00,None,9.00,None,0.00,None
1769956887.115005,17.00,None,12.33,None,17.67,None,0.00,None,8.00,None,8.00,None,9.00,None,8.00,None,0.00,None,8.00,None,9.00,None,0.00,None
1769956887.145132,17.00,None,12.33,None,17.67,None,0.00,None,8.00,None,8.00,None,9.00,None,8.00,None,0.00,None,8.00,None,9.00,None,0.00,None
1769956887.1456895,17.00,None,12.33,None,17.67,None,0.00,None,8.00,None,8.00,None,9.00,None,8.00,None,0.00,None,8.00,None,9.00,None,0.00,None
1769956887.1731281,17.00,None,21.33,None,17.67,None,0.00,None,8.00,None,8.00,None,9.00,None,8.00,None,0.00,None,8.00,None,9.00,None,0.00,None
1769956887.1736982,17.00,None,21.33,None,17.67,None,0.00,None,8.00,None,8.00,None,9.00,None,8.00,None,0.00,None,8.00,None,9.00,None,0.00,None
1769956887.2007165,17.00,None,21.33,None,17.67,None,0.00,None,8.00,None,8.00,None,9.00,None,8.00,None,0.00,None,8.00,None,9.00,None,0.00,None
1769956887.2012646,17.00,None,21.33,None,17.67,None,0.00,None,8.00,None,8.00,None,9.00,None,8.00,None,0.00,None,8.00,None,9.00,None,0.00,None
1769956887.320129,17.00,None,21.33,None,17.67,None,0.00,None,8.00,None,8.00,None,9.00,None,8.00,None,0.00,None,8.00,None,9.00,None,0.00,None
1769956887.3207312,17.00,None,21.33,None,17.67,None,0.00,None,8.00,None,8.00,None,9.00,None,8.00,None,0.00,None,8.00,None,9.00,None,0.00,None
1769956900.6618779,17.00,None,13.00,None,17.67,None,0.00,None,17.00,None,12.00,None,9.00,None,4.00,None,0.00,None,4.00,None,9.00,None,0.00,None
1769956900.6624146,17.00,None,13.00,None,17.67,None,0.00,None,17.00,None,12.00,None,9.00,None,4.00,None,0.00,None,4.00,None,9.00,None,0.00,None
1769956900.693151,17.00,None,13.00,None,17.67,None,0.00,None,17.00,None,12.00,None,9.00,None,4.00,None,0.00,None,4.00,None,9.00,None,0.00,None
1769956900.69387,17.00,None,13.00,None,17.67,None,0.00,None,17.00,None,12.00,None,9.00,None,4.00,None,0.00,None,4.00,None,9.00,None,0.00,None
1769956900.7284522,17.00,None,13.00,None,17.67,None,0.00,None,17.00,None,12.00,None,9.00,None,8.00,None,0.00,None,4.00,None,9.00,None,0.00,None
1769956900.7290127,17.00,None,13.00,None,17.67,None,0.00,None,17.00,None,12.00,None,9.00,None,8.00,None,0.00,None,4.00,None,9.00,None,0.00,None
1769956900.7542071,17.00,None,13.00,None,17.67,None,0.00,None,17.00,None,12.00,None,9.00,None,8.00,None,0.00,None,4.00,None,9.00,None,0.00,None
1769956900.754778,17.00,None,13.00,None,17.67,None,0.00,None,17.00,None,12.00,None,9.00,None,8.00,None,0.00,None,4.00,None,9.00,None,0.00,None
1769956900.7803054,26.00,None,13.00,None,17.67,None,0.00,None,17.00,None,12.00,None,9.00,None,8.00,None,0.00,None,4.00,None,9.00,None,0.00,None
1769956900.7808814,26.00,None,13.00,None,17.67,None,0.00,None,17.00,None,12.00,None,9.00,None,8.00,None,0.00,None,4.00,None,9.00,None,0.00,None
1769956910.6903117,26.00,None,13.00,None,9.00,None,0.00,None,17.00,None,12.00,None,9.00,None,8.00,None,0.00,None,4.00,None,9.00,None,0.00,None
1769956910.691286,26.00,None,13.00,None,9.00,None,0.00,None,17.00,None,12.00,None,9.00,None,8.00,None,0.00,None,4.00,None,9.00,None,0.00,None
1769956910.7338946,30.33,None,17.00,None,9.00,None,0.00,None,17.00,None,12.00,None,9.00,None,8.00,None,0.00,None,4.00,None,17.67,None,0.00,None
1769956910.734881,30.33,None,17.00,None,9.00,None,0.00,None,17.00,None,12.00,None,9.00,None,8.00,None,0.00,None,4.00,None,17.67,None,0.00,None
1769956915.6925921,26.00,None,13.00,None,0.00,None,0.00,None,17.00,None,12.00,None,9.00,None,4.00,None,0.00,None,0.00,None,9.00,None,0.00,None
1769956915.6931293,26.00,None,13.00,None,0.00,None,0.00,None,17.00,None,12.00,None,9.00,None,4.00,None,0.00,None,0.00,None,9.00,None,0.00,None
1769956921.1259317,26.00,None,17.00,None,0.00,None,0.00,None,17.00,None,12.00,None,9.00,None,4.00,None,0.00,None,0.00,None,9.00,None,0.00,None
1769956921.1269283,26.00,None,17.00,None,0.00,None,0.00,None,17.00,None,12.00,None,9.00,None,4.00,None,0.00,None,0.00,None,9.00,None,0.00,None
1769956921.1730652,26.00,None,17.00,None,0.00,None,0.00,None,17.00,None,12.00,None,9.00,None,4.00,None,0.00,None,0.00,None,9.00,None,0.00,None
1769956921.1739812,26.00,None,17.00,None,0.00,None,0.00,None,17.00,None,12.00,None,9.00,None,4.00,None,0.00,None,0.00,None,9.00,None,0.00,None
1769956921.222795,26.00,None,17.00,None,0.00,None,0.00,None,17.00,None,12.00,None,9.00,None,4.00,None,0.00,None,0.00,None,9.00,None,0.00,None
1769956921.2235427,26.00,None,17.00,None,0.00,None,0.00,None,17.00,None,12.00,None,9.00,None,4.00,None,0.00,None,0.00,None,9.00,None,0.00,None
1769956921.428685,26.00,None,17.00,None,0.00,None,0.00,None,17.00,None,12.00,None,9.00,None,4.00,None,0.00,None,0.00,None,9.00,None,0.00,None
1769956921.429639,26.00,None,17.00,None,0.00,None,0.00,None,17.00,None,12.00,None,9.00,None,4.00,None,0.00,None,0.00,None,9.00,None,0.00,None
1769956921.485156,26.00,None,17.00,None,0.00,None,0.00,None,17.00,None,12.00,None,9.00,None,4.00,None,0.00,None,0.00,None,9.00,None,0.00,None
1769956921.4860835,26.00,None,17.00,None,0.00,None,0.00,None,17.00,None,12.00,None,9.00,None,4.00,None,0.00,None,0.00,None,9.00,None,0.00,None
1769956921.5393336,26.00,None,17.00,None,0.00,None,0.00,None,17.00,None,12.00,None,9.00,None,4.00,None,0.00,None,0.00,None,9.00,None,0.00,None
1769956921.5403016,26.00,None,17.00,None,0.00,None,0.00,None,17.00,None,12.00,None,9.00,None,4.00,None,0.00,None,0.00,None,9.00,None,0.00,None
1769956925.7072673,17.00,None,17.00,None,0.00,None,0.00,None,17.00,None,8.00,None,9.00,None,4.00,None,0.00,None,4.00,None,9.00,None,0.00,None
1769956925.7081952,17.00,None,17.00,None,0.00,None,0.00,None,17.00,None,8.00,None,9.00,None,4.00,None,0.00,None,4.00,None,9.00,None,0.00,None
1769956925.752195,17.00,None,17.00,None,0.00,None,0.00,None,17.00,None,12.00,None,9.00,None,4.00,None,0.00,None,4.00,None,9.00,None,0.00,None
1769956925.753066,17.00,None,17.00,None,0.00,None,0.00,None,17.00,None,12.00,None,9.00,None,4.00,None,0.00,None,4.00,None,9.00,None,0.00,None
1769956925.7967732,17.00,None,17.00,None,0.00,None,0.00,None,17.00,None,12.00,None,9.00,None,4.00,None,0.00,None,4.00,None,9.00,None,0.00,None
1769956925.7976673,17.00,None,17.00,None,0.00,None,0.00,None,17.00,None,12.00,None,9.00,None,4.00,None,0.00,None,4.00,None,9.00,None,0.00,None
1769956930.6983523,17.00,None,13.00,None,0.00,None,0.00,None,13.00,None,8.00,None,0.00,None,0.00,None,0.00,None,4.00,None,9.00,None,0.00,None
1769956930.698861,17.00,None,13.00,None,0.00,None,0.00,None,13.00,None,8.00,None,0.00,None,0.00,None,0.00,None,4.00,None,9.00,None,0.00,None
1769956940.710734,17.00,None,13.00,None,0.00,None,0.00,None,13.00,None,8.00,None,0.00,None,0.00,None,0.00,None,4.00,None,9.00,None,0.00,None
1769956940.7112446,17.00,None,13.00,None,0.00,None,0.00,None,13.00,None,8.00,None,0.00,None,0.00,None,0.00,None,4.00,None,9.00,None,0.00,None
1769956951.1525865,17.00,None,13.00,None,0.00,None,0.00,None,4.00,None,4.00,None,0.00,None,0.00,None,0.00,None,0.00,None,0.00,None,0.00,None
1769956951.1534333,17.00,None,13.00,None,0.00,None,0.00,None,4.00,None,4.00,None,0.00,None,0.00,None,0.00,None,0.00,None,0.00,None,0.00,None
1769956951.199888,17.00,None,17.00,None,0.00,None,0.00,None,4.00,None,4.00,None,0.00,None,3.33,None,0.00,None,0.00,None,0.00,None,0.00,None
1769956951.2007813,17.00,None,17.00,None,0.00,None,0.00,None,4.00,None,4.00,None,0.00,None,3.33,None,0.00,None,0.00,None,0.00,None,0.00,None
1769956951.241185,17.00,None,17.00,None,0.00,None,0.00,None,8.00,None,4.00,None,0.00,None,3.33,None,0.00,None,0.00,None,0.00,None,0.00,None
1769956951.241702,17.00,None,17.00,None,0.00,None,0.00,None,8.00,None,4.00,None,0.00,None,3.33,None,0.00,None,0.00,None,0.00,None,0.00,None
1769956951.270927,17.00,None,17.00,None,0.00,None,0.00,None,8.00,None,4.00,None,0.00,None,3.33,None,0.00,None,0.00,None,0.00,None,0.00,None
1769956951.27142,17.00,None,17.00,None,0.00,None,0.00,None,8.00,None,4.00,None,0.00,None,3.33,None,0.00,None,0.00,None,0.00,None,0.00,None
1769956951.3793802,26.00,None,17.00,None,0.00,None,0.00,None,8.00,None,4.00,None,0.00,None,3.33,None,0.00,None,0.00,None,0.00,None,0.00,None
1769956951.379915,26.00,None,17.00,None,0.00,None,0.00,None,8.00,None,4.00,None,0.00,None,3.33,None,0.00,None,0.00,None,0.00,None,0.00,None
1769956951.426686,26.00,None,17.00,None,0.00,None,0.00,None,8.00,None,4.00,None,0.00,None,3.33,None,0.00,None,0.00,None,0.00,None,0.00,None
1769956951.4276173,26.00,None,17.00,None,0.00,None,0.00,None,8.00,None,4.00,None,0.00,None,3.33,None,0.00,None,0.00,None,0.00,None,0.00,None
1769956955.7267666,26.00,None,17.00,None,0.00,None,0.00,None,4.00,None,4.00,None,0.00,None,3.33,None,0.00,None,0.00,None,0.00,None,0.00,None
1769956955.7272809,26.00,None,17.00,None,0.00,None,0.00,None,4.00,None,4.00,None,0.00,None,3.33,None,0.00,None,0.00,None,0.00,None,0.00,None
1769956955.760344,26.00,None,17.00,None,9.00,None,0.00,None,4.00,None,4.00,None,0.00,None,3.33,None,0.00,None,0.00,None,0.00,None,0.00,None
1769956955.7608461,26.00,None,17.00,None,9.00,None,0.00,None,4.00,None,4.00,None,0.00,None,3.33,None,0.00,None,0.00,None,0.00,None,0.00,None
1769956965.7421205,26.00,None,17.00,None,9.00,None,0.00,None,4.00,None,4.00,None,0.00,None,3.33,None,0.00,None,4.00,None,0.00,None,0.00,None
1769956965.7430787,26.00,None,17.00,None,9.00,None,0.00,None,4.00,None,4.00,None,0.00,None,3.33,None,0.00,None,4.00,None,0.00,None,0.00,None
1769956971.160119,26.00,None,17.00,None,9.00,None,0.00,None,8.00,None,4.00,None,0.00,None,3.33,None,0.00,None,4.00,None,0.00,None,0.00,None
1769956971.160773,26.00,None,17.00,None,9.00,None,0.00,None,8.00,None,4.00,None,0.00,None,3.33,None,0.00,None,4.00,None,0.00,None,0.00,None
1769956971.1953099,26.00,None,17.00,None,9.00,None,0.00,None,8.00,None,4.00,None,0.00,None,3.33,None,0.00,None,4.00,None,0.00,None,4.33,None
1769956971.1958926,26.00,None,17.00,None,9.00,None,0.00,None,8.00,None,4.00,None,0.00,None,3.33,None,0.00,None,4.00,None,0.00,None,4.33,None
1769956971.2276833,26.00,None,17.00,None,9.00,None,0.00,None,8.00,None,4.00,None,0.00,None,3.33,None,0.00,None,4.00,None,0.00,None,4.33,None
1769956971.2284935,26.00,None,17.00,None,9.00,None,0.00,None,8.00,None,4.00,None,0.00,None,3.33,None,0.00,None,4.00,None,0.00,None,4.33,None
1769956971.2780766,26.00,None,17.00,None,9.00,None,0.00,None,8.00,None,4.00,None,0.00,None,3.33,None,0.00,None,8.00,None,0.00,None,4.33,None
1769956971.279052,26.00,None,17.00,None,9.00,None,0.00,None,8.00,None,4.00,None,0.00,None,3.33,None,0.00,None,8.00,None,0.00,None,4.33,None
1769956971.319089,26.00,None,17.00,None,9.00,None,0.00,None,8.00,None,4.00,None,0.00,None,3.33,None,0.00,None,8.00,None,0.00,None,4.33,None
1769956971.3201241,26.00,None,17.00,None,9.00,None,0.00,None,8.00,None,4.00,None,0.00,None,3.33,None,0.00,None,8.00,None,0.00,None,4.33,None
1769956971.3734016,26.00,None,17.00,None,9.00,None,0.00,None,8.00,None,4.00,None,0.00,None,7.33,None,0.00,None,8.00,None,9.00,None,4.33,None
1769956971.374914,26.00,None,17.00,None,9.00,None,0.00,None,8.00,None,4.00,None,0.00,None,7.33,None,0.00,None,8.00,None,9.00,None,4.33,None
1769956972.4657335,35.00,None,17.00,None,9.00,None,0.00,None,8.00,None,4.00,None,0.00,None,7.33,None,0.00,None,None,None,9.00,None,4.33,None
1769956972.4667351,35.00,None,17.00,None,9.00,None,0.00,None,8.00,None,4.00,None,0.00,None,7.33,None,0.00,None,None,None,9.00,None,4.33,None
1769956972.6665604,35.00,None,17.00,None,9.00,None,0.00,None,8.00,None,4.00,None,9.00,None,7.33,None,0.00,None,None,None,9.00,None,4.33,None
1769956972.6676338,35.00,None,17.00,None,9.00,None,0.00,None,8.00,None,4.00,None,9.00,None,7.33,None,0.00,None,None,None,9.00,None,4.33,None
1769956972.6948276,35.00,None,17.00,None,9.00,None,0.00,None,8.00,None,4.00,None,9.00,None,7.33,None,0.00,None,None,None,9.00,None,4.33,None
1769956972.6954062,35.00,None,17.00,None,9.00,None,0.00,None,8.00,None,4.00,None,9.00,None,7.33,None,0.00,None,None,None,9.00,None,4.33,None
1769956972.7216568,35.00,None,17.00,None,9.00,None,0.00,None,8.00,None,13.00,None,9.00,None,11.33,None,0.00,None,None,None,9.00,None,4.33,None
1769956972.722304,35.00,None,17.00,None,9.00,None,0.00,None,8.00,None,13.00,None,9.00,None,11.33,None,0.00,None,None,None,9.00,None,4.33,None
1769957000.7524116,9.00,None,17.00,None,0.00,None,0.00,None,8.00,None,8.00,None,9.00,None,7.33,None,0.00,None,0.00,None,9.00,None,4.33,None
1769957000.7529714,9.00,None,17.00,None,0.00,None,0.00,None,8.00,None,8.00,None,9.00,None,7.33,None,0.00,None,0.00,None,9.00,None,4.33,None
1769957000.786321,13.00,None,17.00,None,0.00,None,0.00,None,8.00,None,8.00,None,9.00,None,7.33,None,0.00,None,0.00,None,9.00,None,4.33,None
1769957000.7868762,13.00,None,17.00,None,0.00,None,0.00,None,8.00,None,8.00,None,9.00,None,7.33,None,0.00,None,0.00,None,9.00,None,4.33,None
1769957001.204369,17.00,None,17.00,None,0.00,None,0.00,None,8.00,None,8.00,None,9.00,None,7.33,None,0.00,None,0.00,None,9.00,None,4.33,None
1769957001.205308,17.00,None,17.00,None,0.00,None,0.00,None,8.00,None,8.00,None,9.00,None,7.33,None,0.00,None,0.00,None,9.00,None,4.33,None
1769957001.2539592,17.00,None,17.00,None,0.00,None,0.00,None,8.00,None,8.00,None,9.00,None,7.33,None,0.00,None,0.00,None,9.00,None,4.33,None
1769957001.25491,17.00,None,17.00,None,0.00,None,0.00,None,8.00,None,8.00,None,9.00,None,7.33,None,0.00,None,0.00,None,9.00,None,4.33,None
1769957001.285777,17.00,None,17.00,None,0.00,None,0.00,None,8.00,None,8.00,None,9.00,None,7.33,None,0.00,None,0.00,None,9.00,None,4.33,None
1769957001.2863166,17.00,None,17.00,None,0.00,None,0.00,None,8.00,None,8.00,None,9.00,None,7.33,None,0.00,None,0.00,None,9.00,None,4.33,None
1769957001.3139207,17.00,None,17.00,None,0.00,None,0.00,None,8.00,None,8.00,None,9.00,None,7.33,None,0.00,None,0.00,None,9.00,None,4.33,None
1769957001.3144708,17.00,None,17.00,None,0.00,None,0.00,None,8.00,None,8.00,None,9.00,None,7.33,None,0.00,None,0.00,None,9.00,None,4.33,None
1769957001.3470452,17.00,None,17.00,None,0.00,None,0.00,None,8.00,None,8.00,None,9.00,None,7.33,None,0.00,None,0.00,None,9.00,None,4.33,None
1769957001.3476012,17.00,None,17.00,None,0.00,None,0.00,None,8.00,None,8.00,None,9.00,None,7.33,None,0.00,None,0.00,None,9.00,None,4.33,None
1769957001.3964555,17.00,None,17.00,None,0.00,None,0.00,None,8.00,None,8.00,None,9.00,None,7.33,None,0.00,None,0.00,None,9.00,None,4.33,None
1769957001.3970335,17.00,None,17.00,None,0.00,None,0.00,None,8.00,None,8.00,None,9.00,None,7.33,None,0.00,None,0.00,None,9.00,None,4.33,None
1769957005.74904,17.00,None,8.00,None,0.00,None,0.00,None,8.00,None,4.00,None,9.00,None,7.33,None,0.00,None,0.00,None,9.00,None,4.33,None
1769957005.7495792,17.00,None,8.00,None,0.00,None,0.00,None,8.00,None,4.00,None,9.00,None,7.33,None,0.00,None,0.00,None,9.00,None,4.33,None
1769957005.869367,17.00,None,8.00,None,0.00,None,0.00,None,8.00,None,4.00,None,9.00,None,7.33,None,0.00,None,0.00,None,9.00,None,4.33,None
1769957005.8703191,17.00,None,8.00,None,0.00,None,0.00,None,8.00,None,4.00,None,9.00,None,7.33,None,0.00,None,0.00,None,9.00,None,4.33,None
1769957005.9015615,17.00,None,8.00,None,0.00,None,0.00,None,8.00,None,4.00,None,9.00,None,7.33,None,0.00,None,0.00,None,9.00,None,4.33,None
1769957005.9021091,17.00,None,8.00,None,0.00,None,0.00,None,8.00,None,4.00,None,9.00,None,7.33,None,0.00,None,0.00,None,9.00,None,4.33,None
1769957010.7767372,13.00,None,8.00,None,0.00,None,0.00,None,8.00,None,4.00,None,9.00,None,11.33,None,0.00,None,0.00,None,9.00,None,4.33,None
1769957010.7776353,13.00,None,8.00,None,0.00,None,0.00,None,8.00,None,4.00,None,9.00,None,11.33,None,0.00,None,0.00,None,9.00,None,4.33,None
1769957010.8223064,17.00,None,8.00,None,0.00,None,0.00,None,8.00,None,4.00,None,9.00,None,11.33,None,0.00,None,0.00,None,9.00,None,4.33,None
1769957010.8232427,17.00,None,8.00,None,0.00,None,0.00,None,8.00,None,4.00,None,9.00,None,11.33,None,0.00,None,0.00,None,9.00,None,4.33,None
1769957021.2137892,17.00,None,8.00,None,0.00,None,0.00,None,8.00,None,4.00,None,9.00,None,11.33,None,0.00,None,0.00,None,9.00,None,4.33,None
1769957021.2144299,17.00,None,8.00,None,0.00,None,0.00,None,8.00,None,4.00,None,9.00,None,11.33,None,0.00,None,0.00,None,9.00,None,4.33,None
1769957021.2512884,17.00,None,8.00,None,9.00,None,0.00,None,8.00,None,4.00,None,9.00,None,11.33,None,0.00,None,0.00,None,9.00,None,4.33,None
1769957021.2518177,17.00,None,8.00,None,9.00,None,0.00,None,8.00,None,4.00,None,9.00,None,11.33,None,0.00,None,0.00,None,9.00,None,4.33,None
1769957021.2901914,17.00,None,8.00,None,9.00,None,0.00,None,8.00,None,4.00,None,9.00,None,11.33,None,0.00,None,0.00,None,9.00,None,4.33,None
1769957021.29073,17.00,None,8.00,None,9.00,None,0.00,None,8.00,None,4.00,None,9.00,None,11.33,None,0.00,None,0.00,None,9.00,None,4.33,None
1769957021.3225355,17.00,None,8.00,None,9.00,None,0.00,None,8.00,None,4.00,None,9.00,None,11.33,None,0.00,None,0.00,None,9.00,None,4.33,None
1769957021.3235552,17.00,None,8.00,None,9.00,None,0.00,None,8.00,None,4.00,None,9.00,None,11.33,None,0.00,None,0.00,None,9.00,None,4.33,None
1769957021.3537273,17.00,None,8.00,None,9.00,None,0.00,None,8.00,None,4.00,None,9.00,None,11.33,None,0.00,None,0.00,None,9.00,None,4.33,None
1769957021.3542764,17.00,None,8.00,None,9.00,None,0.00,None,8.00,None,4.00,None,9.00,None,11.33,None,0.00,None,0.00,None,9.00,None,4.33,None
1769957021.3873107,17.00,None,8.00,None,9.00,None,0.00,None,8.00,None,4.00,None,9.00,None,11.33,None,0.00,None,0.00,None,9.00,None,4.33,None
1769957021.387829,17.00,None,8.00,None,9.00,None,0.00,None,8.00,None,4.00,None,9.00,None,11.33,None,0.00,None,0.00,None,9.00,None,4.33,None
1769957025.7692904,17.00,None,8.00,None,9.00,None,0.00,None,8.00,None,4.00,None,9.00,None,11.33,None,0.00,None,0.00,None,9.00,None,4.33,None
1769957025.7698774,17.00,None,8.00,None,9.00,None,0.00,None,8.00,None,4.00,None,9.00,None,11.33,None,0.00,None,0.00,None,9.00,None,4.33,None
1769957044.3307927,17.00,None,8.00,None,9.00,None,0.00,None,8.00,None,4.00,None,9.00,None,11.33,None,0.00,None,0.00,None,9.00,None,4.33,None
1769957044.331395,17.00,None,8.00,None,9.00,None,0.00,None,8.00,None,4.00,None,9.00,None,11.33,None,0.00,None,0.00,None,9.00,None,4.33,None
1769957044.383788,17.00,None,8.00,None,9.00,None,0.00,None,8.00,None,4.00,None,9.00,None,11.33,None,0.00,None,0.00,None,9.00,None,4.33,None
1769957044.3844454,17.00,None,8.00,None,9.00,None,0.00,None,8.00,None,4.00,None,9.00,None,11.33,None,0.00,None,0.00,None,9.00,None,4.33,None
1769957044.4212618,26.00,None,8.00,None,9.00,None,0.00,None,8.00,None,4.00,None,9.00,None,11.33,None,0.00,None,0.00,None,9.00,None,4.33,None
1769957044.4218576,26.00,None,8.00,None,9.00,None,0.00,None,8.00,None,4.00,None,9.00,None,11.33,None,0.00,None,0.00,None,9.00,None,4.33,None
1769957044.460764,26.00,None,8.00,None,9.00,None,0.00,None,9.67,None,4.00,None,9.00,None,11.33,None,0.00,None,0.00,None,9.00,None,4.33,None
1769957044.4615152,26.00,None,8.00,None,9.00,None,0.00,None,9.67,None,4.00,None,9.00,None,11.33,None,0.00,None,0.00,None,9.00,None,4.33,None
1769957044.4982839,26.00,None,8.00,None,9.00,None,0.00,None,9.67,None,4.00,None,9.00,None,11.33,None,0.00,None,0.00,None,9.00,None,4.33,None
1769957044.4990067,26.00,None,8.00,None,9.00,None,0.00,None,9.67,None,4.00,None,9.00,None,11.33,None,0.00,None,0.00,None,9.00,None,4.33,None
1769957044.5309157,43.67,None,11.33,None,9.00,None,0.00,None,9.67,None,4.00,None,9.00,None,11.33,None,0.00,None,0.00,None,9.00,None,10.33,None
1769957044.5316327,43.67,None,11.33,None,9.00,None,0.00,None,9.67,None,4.00,None,9.00,None,11.33,None,0.00,None,0.00,None,9.00,None,10.33,None
1769957045.8048708,34.67,None,7.33,None,9.00,None,0.00,None,9.67,None,4.00,None,9.00,None,17.00,None,0.00,None,0.00,None,9.00,None,10.33,None
1769957045.805943,34.67,None,7.33,None,9.00,None,0.00,None,9.67,None,4.00,None,9.00,None,17.00,None,0.00,None,0.00,None,9.00,None,10.33,None
1769957045.8565974,34.67,None,20.33,None,9.00,None,0.00,None,14.00,None,4.00,None,9.00,None,17.00,None,0.00,None,0.00,None,9.00,None,10.33,None
1769957045.857686,34.67,None,20.33,None,9.00,None,0.00,None,14.00,None,4.00,None,9.00,None,17.00,None,0.00,None,0.00,None,9.00,None,10.33,None
1769957055.8103092,43.67,None,16.33,None,9.00,None,0.00,None,14.00,None,0.00,None,9.00,None,17.00,None,0.00,None,0.00,None,9.00,None,14.66,None
1769957055.8113685,43.67,None,16.33,None,9.00,None,0.00,None,14.00,None,0.00,None,9.00,None,17.00,None,0.00,None,0.00,None,9.00,None,14.66,None
1769957065.2893698,43.67,None,16.33,None,9.00,None,0.00,None,14.00,None,4.00,None,9.00,None,17.00,None,0.00,None,0.00,None,9.00,None,14.66,None
1769957065.290084,43.67,None,16.33,None,9.00,None,0.00,None,14.00,None,4.00,None,9.00,None,17.00,None,0.00,None,0.00,None,9.00,None,14.66,None
1769957065.3302138,43.67,None,16.33,None,9.00,None,0.00,None,14.00,None,4.00,None,9.00,None,17.00,None,0.00,None,4.00,None,9.00,None,14.66,None
1769957065.3309777,43.67,None,16.33,None,9.00,None,0.00,None,14.00,None,4.00,None,9.00,None,17.00,None,0.00,None,4.00,None,9.00,None,14.66,None
1769957065.453973,43.67,None,16.33,None,9.00,None,0.00,None,14.00,None,4.00,None,9.00,None,17.00,None,0.00,None,4.00,None,9.00,None,14.66,None
1769957065.4545715,43.67,None,16.33,None,9.00,None,0.00,None,14.00,None,4.00,None,9.00,None,17.00,None,0.00,None,4.00,None,9.00,None,14.66,None
1769957065.493372,43.67,None,16.33,None,9.00,None,4.00,None,14.00,None,4.00,None,9.00,None,17.00,None,0.00,None,4.00,None,9.00,None,14.66,None
1769957065.4939737,43.67,None,16.33,None,9.00,None,4.00,None,14.00,None,4.00,None,9.00,None,17.00,None,0.00,None,4.00,None,9.00,None,14.66,None
1769957065.5523198,43.67,None,16.33,None,9.00,None,4.00,None,14.00,None,4.00,None,9.00,None,17.00,None,0.00,None,4.00,None,9.00,None,14.66,None
1769957065.5533357,43.67,None,16.33,None,9.00,None,4.00,None,14.00,None,4.00,None,9.00,None,17.00,None,0.00,None,4.00,None,9.00,None,14.66,None
1769957065.60581,43.67,None,16.33,None,9.00,None,4.00,None,14.00,None,4.00,None,9.00,None,17.00,None,0.00,None,4.00,None,9.00,None,14.66,None
1769957065.6068678,43.67,None,16.33,None,9.00,None,4.00,None,14.00,None,4.00,None,9.00,None,17.00,None,0.00,None,4.00,None,9.00,None,14.66,None
1769957065.8000085,43.67,None,25.00,None,9.00,None,4.00,None,14.00,None,4.00,None,18.00,None,17.00,None,4.00,None,4.00,None,9.00,None,14.66,None
1769957065.800649,43.67,None,25.00,None,9.00,None,4.00,None,14.00,None,4.00,None,18.00,None,17.00,None,4.00,None,4.00,None,9.00,None,14.66,None
1769957065.8310707,43.67,None,29.00,None,9.00,None,4.00,None,14.00,None,4.00,None,18.00,None,17.00,None,4.00,None,4.00,None,9.00,None,23.33,None
1769957065.831688,43.67,None,29.00,None,9.00,None,4.00,None,14.00,None,4.00,None,18.00,None,17.00,None,4.00,None,4.00,None,9.00,None,23.33,None
1769957087.2999873,30.67,None,16.00,None,18.00,None,8.00,None,5.67,None,4.00,None,18.00,None,4.00,None,4.00,None,4.00,None,9.00,None,19.00,None
1769957087.301044,30.67,None,16.00,None,18.00,None,8.00,None,5.67,None,4.00,None,18.00,None,4.00,None,4.00,None,4.00,None,9.00,None,19.00,None
1769957087.3582942,30.67,None,16.00,None,18.00,None,8.00,None,5.67,None,8.00,None,18.00,None,4.00,None,4.00,None,4.00,None,18.00,None,19.00,None
1769957087.3593874,30.67,None,16.00,None,18.00,None,8.00,None,5.67,None,8.00,None,18.00,None,4.00,None,4.00,None,4.00,None,18.00,None,19.00,None
1769957087.3957446,30.67,None,20.00,None,18.00,None,8.00,None,5.67,None,8.00,None,18.00,None,4.00,None,4.00,None,4.00,None,18.00,None,19.00,None
1769957087.3963978,30.67,None,20.00,None,18.00,None,8.00,None,5.67,None,8.00,None,18.00,None,4.00,None,4.00,None,4.00,None,18.00,None,19.00,None
1769957087.4388456,34.67,None,20.00,None,18.00,None,8.00,None,5.67,None,8.00,None,18.00,None,4.00,None,4.00,None,4.00,None,18.00,None,19.00,None
1769957087.4395287,34.67,None,20.00,None,18.00,None,8.00,None,5.67,None,8.00,None,18.00,None,4.00,None,4.00,None,4.00,None,18.00,None,19.00,None
1769957087.5741222,34.67,None,20.00,None,18.00,None,8.00,None,5.67,None,8.00,None,18.00,None,8.00,None,4.00,None,4.00,None,18.00,None,19.00,None
1769957087.5747614,34.67,None,20.00,None,18.00,None,8.00,None,5.67,None,8.00,None,18.00,None,8.00,None,4.00,None,4.00,None,18.00,None,19.00,None
1769957087.620887,34.67,None,20.00,None,18.00,None,8.00,None,5.67,None,8.00,None,18.00,None,8.00,None,4.00,None,4.00,None,18.00,None,19.00,None
1769957087.6215703,34.67,None,20.00,None,18.00,None,8.00,None,5.67,None,8.00,None,18.00,None,8.00,None,4.00,None,4.00,None,18.00,None,19.00,None
1769957093.7122667,17.00,None,16.67,None,9.00,None,None,None,8.00,None,8.00,None,18.00,None,8.00,None,4.00,None,4.00,None,18.00,None,30.67,None
1769957093.713428,17.00,None,16.67,None,9.00,None,None,None,8.00,None,8.00,None,18.00,None,8.00,None,4.00,None,4.00,None,18.00,None,30.67,None
1769957093.7521334,17.00,None,16.67,None,9.00,None,None,None,8.00,None,8.00,None,18.00,None,8.00,None,4.00,None,4.00,None,18.00,None,30.67,None
1769957093.752782,17.00,None,16.67,None,9.00,None,None,None,8.00,None,8.00,None,18.00,None,8.00,None,4.00,None,4.00,None,18.00,None,30.67,None
1769957093.7998235,17.00,None,16.67,None,9.00,None,None,None,8.00,None,8.00,None,18.00,None,8.00,None,4.00,None,4.00,None,18.00,None,30.67,None
1769957093.8004313,17.00,None,16.67,None,9.00,None,None,None,8.00,None,8.00,None,18.00,None,8.00,None,4.00,None,4.00,None,18.00,None,30.67,None
1769957093.835751,20.33,None,21.00,None,9.00,None,None,None,8.00,None,8.00,None,18.00,None,8.00,None,4.00,None,4.00,None,18.00,None,30.67,None
1769957093.8363645,20.33,None,21.00,None,9.00,None,None,None,8.00,None,8.00,None,18.00,None,8.00,None,4.00,None,4.00,None,18.00,None,30.67,None
1769957093.8668475,20.33,None,21.00,None,9.00,None,None,None,8.00,None,8.00,None,18.00,None,8.00,None,4.00,None,4.00,None,18.00,None,30.67,None
1769957093.8674908,20.33,None,21.00,None,9.00,None,None,None,8.00,None,8.00,None,18.00,None,8.00,None,4.00,None,4.00,None,18.00,None,30.67,None
1769957102.3057897,20.33,None,21.00,None,9.00,None,None,None,8.00,None,8.00,None,9.00,None,4.00,None,4.00,None,4.00,None,9.00,None,30.67,None
1769957102.3064203,20.33,None,21.00,None,9.00,None,None,None,8.00,None,8.00,None,9.00,None,4.00,None,4.00,None,4.00,None,9.00,None,30.67,None
1769957102.3403828,20.33,None,21.00,None,9.00,None,None,None,8.00,None,8.00,None,9.00,None,4.00,None,4.00,None,4.00,None,9.00,None,30.67,None
1769957102.3410106,20.33,None,21.00,None,9.00,None,None,None,8.00,None,8.00,None,9.00,None,4.00,None,4.00,None,4.00,None,9.00,None,30.67,None
1769957102.471575,20.33,None,21.00,None,9.00,None,None,None,8.00,None,8.00,None,9.00,None,4.00,None,4.00,None,4.00,None,10.67,None,30.67,None
1769957102.4721851,20.33,None,21.00,None,9.00,None,None,None,8.00,None,8.00,None,9.00,None,4.00,None,4.00,None,4.00,None,10.67,None,30.67,None
1769957102.5066063,20.33,None,21.00,None,9.00,None,None,None,12.33,None,8.00,None,18.00,None,4.00,None,4.00,None,4.00,None,10.67,None,30.67,None
1769957102.5072184,20.33,None,21.00,None,9.00,None,None,None,12.33,None,8.00,None,18.00,None,4.00,None,4.00,None,4.00,None,10.67,None,30.67,None
1769957102.5528398,20.33,None,21.00,None,9.00,None,None,None,12.33,None,8.00,None,18.00,None,4.00,None,4.00,None,4.00,None,10.67,None,30.67,None
1769957102.5534894,20.33,None,21.00,None,9.00,None,None,None,12.33,None,8.00,None,18.00,None,4.00,None,4.00,None,4.00,None,10.67,None,30.67,None
1769957102.5939014,24.66,None,21.00,None,9.00,None,None,None,12.33,None,8.00,None,18.00,None,4.00,None,4.00,None,4.00,None,19.67,None,30.67,None
1769957102.5945444,24.66,None,21.00,None,9.00,None,None,None,12.33,None,8.00,None,18.00,None,4.00,None,4.00,None,4.00,None,19.67,None,30.67,None
1769957105.841326,24.66,None,21.00,None,9.00,None,None,None,12.33,None,8.00,None,18.00,None,4.00,None,4.00,None,8.00,None,19.67,None,30.67,None
1769957105.8419666,24.66,None,21.00,None,9.00,None,None,None,12.33,None,8.00,None,18.00,None,4.00,None,4.00,None,8.00,None,19.67,None,30.67,None
1769957120.8730931,24.66,None,21.00,None,18.00,None,0.00,None,12.33,None,12.00,None,18.00,None,4.00,None,4.00,None,8.00,None,19.67,None,30.67,None
1769957120.8742578,24.66,None,21.00,None,18.00,None,0.00,None,12.33,None,12.00,None,18.00,None,4.00,None,4.00,None,8.00,None,19.67,None,30.67,None
1769957120.9295697,33.66,None,33.00,None,18.00,None,0.00,None,12.33,None,12.00,None,18.00,None,4.00,None,4.00,None,8.00,None,19.67,None,30.67,None
1769957120.930746,33.66,None,33.00,None,18.00,None,0.00,None,12.33,None,12.00,None,18.00,None,4.00,None,4.00,None,8.00,None,19.67,None,30.67,None
1769957126.3438065,20.66,None,8.33,None,18.00,None,0.00,None,12.33,None,12.00,None,9.00,None,8.00,None,0.00,None,8.00,None,19.67,None,22.00,None
1769957126.3446393,20.66,None,8.33,None,18.00,None,0.00,None,12.33,None,12.00,None,9.00,None,8.00,None,0.00,None,8.00,None,19.67,None,22.00,None
1769957126.3968582,20.66,None,8.33,None,18.00,None,1.67,None,12.33,None,12.00,None,9.00,None,8.00,None,0.00,None,8.00,None,19.67,None,22.00,None
1769957126.3976207,20.66,None,8.33,None,18.00,None,1.67,None,12.33,None,12.00,None,9.00,None,8.00,None,0.00,None,8.00,None,19.67,None,22.00,None
1769957126.540046,20.66,None,8.33,None,18.00,None,1.67,None,12.33,None,12.00,None,9.00,None,8.00,None,0.00,None,8.00,None,19.67,None,22.00,None
1769957126.5406837,20.66,None,8.33,None,18.00,None,1.67,None,12.33,None,12.00,None,9.00,None,8.00,None,0.00,None,8.00,None,19.67,None,22.00,None
1769957126.5786033,29.66,None,8.33,None,18.00,None,1.67,None,12.33,None,12.00,None,9.00,None,8.00,None,0.00,None,12.00,None,19.67,None,22.00,None
1769957126.5793345,29.66,None,8.33,None,18.00,None,1.67,None,12.33,None,12.00,None,9.00,None,8.00,None,0.00,None,12.00,None,19.67,None,22.00,None
1769957126.6129327,29.66,None,8.33,None,18.00,None,1.67,None,12.33,None,12.00,None,9.00,None,8.00,None,0.00,None,12.00,None,19.67,None,22.00,None
1769957126.6136608,29.66,None,8.33,None,18.00,None,1.67,None,12.33,None,12.00,None,9.00,None,8.00,None,0.00,None,12.00,None,19.67,None,22.00,None
1769957126.6487112,33.66,None,8.33,None,18.00,None,1.67,None,12.33,None,12.00,None,9.00,None,8.00,None,0.00,None,12.00,None,19.67,None,22.00,None
1769957126.6494725,33.66,None,8.33,None,18.00,None,1.67,None,12.33,None,12.00,None,9.00,None,8.00,None,0.00,None,12.00,None,19.67,None,22.00,None
1769957130.8690553,33.66,None,12.33,None,18.00,None,1.67,None,12.33,None,12.00,None,9.00,None,8.00,None,0.00,None,12.00,None,19.67,None,22.00,None
1769957130.8697307,33.66,None,12.33,None,18.00,None,1.67,None,12.33,None,12.00,None,9.00,None,8.00,None,0.00,None,12.00,None,19.67,None,22.00,None
1769957140.8935406,33.66,None,12.33,None,18.00,None,1.67,None,12.33,None,12.00,None,9.00,None,8.00,None,0.00,None,12.00,None,18.00,None,22.00,None
1769957140.8941863,33.66,None,12.33,None,18.00,None,1.67,None,12.33,None,12.00,None,9.00,None,8.00,None,0.00,None,12.00,None,18.00,None,22.00,None
1769957146.3862782,33.66,None,12.33,None,9.00,None,1.67,None,12.33,None,12.00,None,9.00,None,8.00,None,0.00,None,8.00,None,18.00,None,22.00,None
1769957146.3870683,33.66,None,12.33,None,9.00,None,1.67,None,12.33,None,12.00,None,9.00,None,8.00,None,0.00,None,8.00,None,18.00,None,22.00,None
1769957146.440408,33.66,None,12.33,None,18.00,None,1.67,None,12.33,None,12.00,None,9.00,None,8.00,None,0.00,None,8.00,None,18.00,None,22.00,None
1769957146.4416645,33.66,None,12.33,None,18.00,None,1.67,None,12.33,None,12.00,None,9.00,None,8.00,None,0.00,None,8.00,None,18.00,None,22.00,None
1769957146.4900725,33.66,None,12.33,None,18.00,None,1.67,None,12.33,None,21.00,None,9.00,None,8.00,None,0.00,None,8.00,None,18.00,None,22.00,None
1769957146.4907296,33.66,None,12.33,None,18.00,None,1.67,None,12.33,None,21.00,None,9.00,None,8.00,None,0.00,None,8.00,None,18.00,None,22.00,None
1769957146.6898534,33.66,None,12.33,None,18.00,None,1.67,None,12.33,None,21.00,None,9.00,None,8.00,None,0.00,None,8.00,None,27.00,None,22.00,None
1769957146.690962,33.66,None,12.33,None,18.00,None,1.67,None,12.33,None,21.00,None,9.00,None,8.00,None,0.00,None,8.00,None,27.00,None,22.00,None
1769957146.7516189,33.66,None,12.33,None,18.00,None,1.67,None,12.33,None,21.00,None,9.00,None,8.00,None,0.00,None,8.00,None,27.00,None,22.00,None
1769957146.7522962,33.66,None,12.33,None,18.00,None,1.67,None,12.33,None,21.00,None,9.00,None,8.00,None,0.00,None,8.00,None,27.00,None,22.00,None
1769957146.8101838,33.66,None,12.33,None,18.00,None,1.67,None,12.33,None,21.00,None,9.00,None,8.00,None,0.00,None,8.00,None,27.00,None,22.00,None
1769957146.8108346,33.66,None,12.33,None,18.00,None,1.67,None,12.33,None,21.00,None,9.00,None,8.00,None,0.00,None,8.00,None,27.00,None,22.00,None
1769957150.89853,33.66,None,12.33,None,18.00,None,1.67,None,12.33,None,17.00,None,9.00,None,8.00,None,0.00,None,12.00,None,18.00,None,22.00,None
1769957150.8992317,33.66,None,12.33,None,18.00,None,1.67,None,12.33,None,17.00,None,9.00,None,8.00,None,0.00,None,12.00,None,18.00,None,22.00,None
1769957150.9770799,33.66,None,12.33,None,18.00,None,1.67,None,12.33,None,17.00,None,9.00,None,8.00,None,0.00,None,12.00,None,18.00,None,22.00,None
1769957150.9781907,33.66,None,12.33,None,18.00,None,1.67,None,12.33,None,17.00,None,9.00,None,8.00,None,0.00,None,12.00,None,18.00,None,22.00,None
1769957151.037432,33.66,None,12.33,None,18.00,None,1.67,None,12.33,None,17.00,None,9.00,None,8.00,None,0.00,None,12.00,None,18.00,None,22.00,None
1769957151.0380962,33.66,None,12.33,None,18.00,None,1.67,None,12.33,None,17.00,None,9.00,None,8.00,None,0.00,None,12.00,None,18.00,None,22.00,None
1769957151.0839992,33.66,None,12.33,None,18.00,None,1.67,None,12.33,None,17.00,None,9.00,None,8.00,None,0.00,None,12.00,None,18.00,None,22.00,None
1769957151.084666,33.66,None,12.33,None,18.00,None,1.67,None,12.33,None,17.00,None,9.00,None,8.00,None,0.00,None,12.00,None,18.00,None,22.00,None
1769957151.2096112,33.66,None,12.33,None,18.00,None,1.67,None,12.33,None,17.00,None,9.00,None,8.00,None,0.00,None,12.00,None,18.00,None,22.00,None
1769957151.210246,33.66,None,12.33,None,18.00,None,1.67,None,12.33,None,17.00,None,9.00,None,8.00,None,0.00,None,12.00,None,18.00,None,22.00,None
1769957155.9347098,21.33,None,4.00,None,18.00,None,1.67,None,8.33,None,17.00,None,9.00,None,8.00,None,0.00,None,12.00,None,18.00,None,4.33,None
1769957155.9357123,21.33,None,4.00,None,18.00,None,1.67,None,8.33,None,17.00,None,9.00,None,8.00,None,0.00,None,12.00,None,18.00,None,4.33,None
1769957160.4041982,21.33,None,4.00,None,18.00,None,1.67,None,12.33,None,17.00,None,9.00,None,8.00,None,0.00,None,12.00,None,18.00,None,4.33,None
1769957160.4048297,21.33,None,4.00,None,18.00,None,1.67,None,12.33,None,17.00,None,9.00,None,8.00,None,0.00,None,12.00,None,18.00,None,4.33,None
1769957160.4472342,21.33,None,4.00,None,18.00,None,5.67,None,12.33,None,17.00,None,9.00,None,8.00,None,0.00,None,12.00,None,18.00,None,4.33,None
1769957160.447804,21.33,None,4.00,None,18.00,None,5.67,None,12.33,None,17.00,None,9.00,None,8.00,None,0.00,None,12.00,None,18.00,None,4.33,None
1769957160.4958363,21.33,None,4.00,None,18.00,None,5.67,None,12.33,None,17.00,None,9.00,None,8.00,None,0.00,None,12.00,None,18.00,None,4.33,None
1769957160.4963996,21.33,None,4.00,None,18.00,None,5.67,None,12.33,None,17.00,None,9.00,None,8.00,None,0.00,None,12.00,None,18.00,None,4.33,None
1769957160.5340574,21.33,None,4.00,None,18.00,None,5.67,None,12.33,None,17.00,None,9.00,None,8.00,None,0.00,None,12.00,None,18.00,None,4.33,None
1769957160.534649,21.33,None,4.00,None,18.00,None,5.67,None,12.33,None,17.00,None,9.00,None,8.00,None,0.00,None,12.00,None,18.00,None,4.33,None
1769957160.5919628,21.33,None,4.00,None,18.00,None,5.67,None,12.33,None,17.00,None,9.00,None,8.00,None,0.00,None,12.00,None,18.00,None,4.33,None
1769957160.5925536,21.33,None,4.00,None,18.00,None,5.67,None,12.33,None,17.00,None,9.00,None,8.00,None,0.00,None,12.00,None,18.00,None,4.33,None
1769957160.7810938,21.33,None,4.00,None,18.00,None,5.67,None,12.33,None,17.00,None,9.00,None,8.00,None,0.00,None,12.00,None,18.00,None,4.33,None
1769957160.7817862,21.33,None,4.00,None,18.00,None,5.67,None,12.33,None,17.00,None,9.00,None,8.00,None,0.00,None,12.00,None,18.00,None,4.33,None
1769957160.9421234,21.33,None,4.00,None,18.00,None,5.67,None,12.33,None,17.00,None,9.00,None,4.00,None,0.00,None,12.00,None,18.00,None,4.33,None
1769957160.9431732,21.33,None,4.00,None,18.00,None,5.67,None,12.33,None,17.00,None,9.00,None,4.00,None,0.00,None,12.00,None,18.00,None,4.33,None
1769957170.9208739,21.33,None,4.00,None,18.00,None,5.67,None,12.33,None,13.00,None,9.00,None,4.00,None,0.00,None,12.00,None,18.00,None,4.33,None
1769957170.9214535,21.33,None,4.00,None,18.00,None,5.67,None,12.33,None,13.00,None,9.00,None,4.00,None,0.00,None,12.00,None,18.00,None,4.33,None
1769957170.9732218,21.33,None,4.00,None,18.00,None,5.67,None,12.33,None,13.00,None,9.00,None,4.00,None,0.00,None,12.00,None,18.00,None,4.33,None
1769957170.9738452,21.33,None,4.00,None,18.00,None,5.67,None,12.33,None,13.00,None,9.00,None,4.00,None,0.00,None,12.00,None,18.00,None,4.33,None
1769957171.0120313,21.33,None,4.00,None,18.00,None,5.67,None,12.33,None,13.00,None,9.00,None,4.00,None,0.00,None,12.00,None,18.00,None,4.33,None
1769957171.0126405,21.33,None,4.00,None,18.00,None,5.67,None,12.33,None,13.00,None,9.00,None,4.00,None,0.00,None,12.00,None,18.00,None,4.33,None
1769957180.9538693,21.33,None,4.00,None,18.00,None,5.67,None,12.33,None,13.00,None,9.00,None,4.00,None,0.00,None,8.00,None,18.00,None,4.33,None
1769957180.9548788,21.33,None,4.00,None,18.00,None,5.67,None,12.33,None,13.00,None,9.00,None,4.00,None,0.00,None,8.00,None,18.00,None,4.33,None
1769957185.4329965,21.33,None,8.00,None,9.00,None,5.67,None,12.33,None,9.00,None,9.00,None,4.00,None,0.00,None,8.00,None,18.00,None,7.66,None
1769957185.4340394,21.33,None,8.00,None,9.00,None,5.67,None,12.33,None,9.00,None,9.00,None,4.00,None,0.00,None,8.00,None,18.00,None,7.66,None
1769957185.4979308,21.33,None,8.00,None,9.00,None,9.67,None,12.33,None,9.00,None,9.00,None,4.00,None,0.00,None,8.00,None,18.00,None,11.99,None
1769957185.4991412,21.33,None,8.00,None,9.00,None,9.67,None,12.33,None,9.00,None,9.00,None,4.00,None,0.00,None,8.00,None,18.00,None,11.99,None
1769957185.647357,21.33,None,8.00,None,9.00,None,9.67,None,12.33,None,9.00,None,9.00,None,4.00,None,0.00,None,8.00,None,18.00,None,20.99,None
1769957185.6484573,21.33,None,8.00,None,9.00,None,9.67,None,12.33,None,9.00,None,9.00,None,4.00,None,0.00,None,8.00,None,18.00,None,20.99,None
1769957185.706944,21.33,None,8.00,None,9.00,None,9.67,None,12.33,None,9.00,None,9.00,None,4.00,None,0.00,None,8.00,None,22.33,None,29.99,None
1769957185.7075768,21.33,None,8.00,None,9.00,None,9.67,None,12.33,None,9.00,None,9.00,None,4.00,None,0.00,None,8.00,None,22.33,None,29.99,None
1769957185.7604582,21.33,None,8.00,None,9.00,None,9.67,None,12.33,None,9.00,None,9.00,None,4.00,None,0.00,None,8.00,None,22.33,None,29.99,None
1769957185.7610724,21.33,None,8.00,None,9.00,None,9.67,None,12.33,None,9.00,None,9.00,None,4.00,None,0.00,None,8.00,None,22.33,None,29.99,None
1769957185.7973137,21.33,None,12.33,None,9.00,None,9.67,None,12.33,None,9.00,None,10.67,None,4.00,None,0.00,None,8.00,None,22.33,None,29.99,None
1769957185.797916,21.33,None,12.33,None,9.00,None,9.67,None,12.33,None,9.00,None,10.67,None,4.00,None,0.00,None,8.00,None,22.33,None,29.99,None
1769957200.9678125,17.00,None,8.33,None,9.00,None,9.67,None,4.00,None,13.00,None,1.67,None,4.00,None,0.00,None,4.00,None,13.33,None,25.66,None
1769957200.9687448,17.00,None,8.33,None,9.00,None,9.67,None,4.00,None,13.00,None,1.67,None,4.00,None,0.00,None,4.00,None,13.33,None,25.66,None
1769957205.4652448,13.00,None,8.33,None,9.00,None,9.67,None,8.00,None,13.00,None,1.67,None,4.00,None,0.00,None,4.00,None,13.33,None,25.66,None
1769957205.4662445,13.00,None,8.33,None,9.00,None,9.67,None,8.00,None,13.00,None,1.67,None,4.00,None,0.00,None,4.00,None,13.33,None,25.66,None
1769957205.5272748,13.00,None,8.33,None,18.00,None,9.67,None,8.00,None,13.00,None,1.67,None,4.00,None,0.00,None,4.00,None,13.33,None,25.66,None
1769957205.5282936,13.00,None,8.33,None,18.00,None,9.67,None,8.00,None,13.00,None,1.67,None,4.00,None,0.00,None,4.00,None,13.33,None,25.66,None
1769957205.5900087,17.00,None,8.33,None,18.00,None,9.67,None,8.00,None,13.00,None,1.67,None,4.00,None,0.00,None,4.00,None,13.33,None,25.66,None
1769957205.5910249,17.00,None,8.33,None,18.00,None,9.67,None,8.00,None,13.00,None,1.67,None,4.00,None,0.00,None,4.00,None,13.33,None,25.66,None
1769957205.8143232,17.00,None,8.33,None,18.00,None,9.67,None,8.00,None,13.00,None,1.67,None,4.00,None,0.00,None,4.00,None,13.33,None,25.66,None
1769957205.8154387,17.00,None,8.33,None,18.00,None,9.67,None,8.00,None,13.00,None,1.67,None,4.00,None,0.00,None,4.00,None,13.33,None,25.66,None
1769957205.8657227,17.00,None,8.33,None,18.00,None,9.67,None,8.00,None,13.00,None,1.67,None,4.00,None,0.00,None,4.00,None,13.33,None,25.66,None
1769957205.866503,17.00,None,8.33,None,18.00,None,9.67,None,8.00,None,13.00,None,1.67,None,4.00,None,0.00,None,4.00,None,13.33,None,25.66,None
1769957205.920803,17.00,None,8.33,None,18.00,None,9.67,None,8.00,None,13.00,None,1.67,None,4.00,None,0.00,None,4.00,None,13.33,None,25.66,None
1769957205.921998,17.00,None,8.33,None,18.00,None,9.67,None,8.00,None,13.00,None,1.67,None,4.00,None,0.00,None,4.00,None,13.33,None,25.66,None
1769957210.9726343,17.00,None,8.33,None,18.00,None,9.67,None,8.00,None,13.00,None,1.67,None,8.00,None,0.00,None,4.00,None,13.33,None,22.33,None
1769957210.9732308,17.00,None,8.33,None,18.00,None,9.67,None,8.00,None,13.00,None,1.67,None,8.00,None,0.00,None,4.00,None,13.33,None,22.33,None
1769957211.006843,17.00,None,8.33,None,18.00,None,9.67,None,8.00,None,13.00,None,1.67,None,8.00,None,0.00,None,4.00,None,13.33,None,22.33,None
1769957211.007444,17.00,None,8.33,None,18.00,None,9.67,None,8.00,None,13.00,None,1.67,None,8.00,None,0.00,None,4.00,None,13.33,None,22.33,None
1769957216.4932382,17.00,None,8.33,None,18.00,None,9.67,None,8.00,None,13.00,None,1.67,None,8.00,None,0.00,None,8.00,None,13.33,None,22.33,None
1769957216.494595,17.00,None,8.33,None,18.00,None,9.67,None,8.00,None,13.00,None,1.67,None,8.00,None,0.00,None,8.00,None,13.33,None,22.33,None
1769957216.5555093,17.00,None,12.33,None,18.00,None,9.67,None,8.00,None,13.00,None,1.67,None,8.00,None,0.00,None,8.00,None,13.33,None,22.33,None
1769957216.556107,17.00,None,12.33,None,18.00,None,9.67,None,8.00,None,13.00,None,1.67,None,8.00,None,0.00,None,8.00,None,13.33,None,22.33,None
1769957216.5907004,17.00,None,12.33,None,18.00,None,9.67,None,8.00,None,13.00,None,1.67,None,8.00,None,0.00,None,8.00,None,13.33,None,22.33,None
1769957216.591285,17.00,None,12.33,None,18.00,None,9.67,None,8.00,None,13.00,None,1.67,None,8.00,None,0.00,None,8.00,None,13.33,None,22.33,None
1769957216.7085254,17.00,None,12.33,None,18.00,None,9.67,None,8.00,None,13.00,None,1.67,None,8.00,None,0.00,None,8.00,None,13.33,None,22.33,None
1769957216.7091665,17.00,None,12.33,None,18.00,None,9.67,None,8.00,None,13.00,None,1.67,None,8.00,None,0.00,None,8.00,None,13.33,None,22.33,None
1769957216.7590187,17.00,None,12.33,None,18.00,None,9.67,None,8.00,None,13.00,None,1.67,None,8.00,None,0.00,None,8.00,None,13.33,None,22.33,None
1769957216.7596538,17.00,None,12.33,None,18.00,None,9.67,None,8.00,None,13.00,None,1.67,None,8.00,None,0.00,None,8.00,None,13.33,None,22.33,None
1769957216.7970114,17.00,None,12.33,None,18.00,None,9.67,None,8.00,None,13.00,None,1.67,None,8.00,None,0.00,None,8.00,None,13.33,None,22.33,None
1769957216.7976792,17.00,None,12.33,None,18.00,None,9.67,None,8.00,None,13.00,None,1.67,None,8.00,None,0.00,None,8.00,None,13.33,None,22.33,None
1769957221.0127294,17.00,None,12.33,None,18.00,None,8.00,None,8.00,None,9.00,None,1.67,None,8.00,None,0.00,None,8.00,None,9.00,None,13.33,None
1769957221.0137825,17.00,None,12.33,None,18.00,None,8.00,None,8.00,None,9.00,None,1.67,None,8.00,None,0.00,None,8.00,None,9.00,None,13.33,None
1769957221.0707676,17.00,None,12.33,None,18.00,None,8.00,None,8.00,None,13.00,None,1.67,None,8.00,None,0.00,None,8.00,None,9.00,None,13.33,None
1769957221.0717604,17.00,None,12.33,None,18.00,None,8.00,None,8.00,None,13.00,None,1.67,None,8.00,None,0.00,None,8.00,None,9.00,None,13.33,None
1769957221.1284301,17.00,None,12.33,None,18.00,None,8.00,None,8.00,None,13.00,None,1.67,None,8.00,None,0.00,None,8.00,None,9.00,None,13.33,None
1769957221.12992,17.00,None,12.33,None,18.00,None,8.00,None,8.00,None,13.00,None,1.67,None,8.00,None,0.00,None,8.00,None,9.00,None,13.33,None
1769957226.0093155,17.00,None,12.33,None,18.00,None,8.00,None,8.00,None,13.00,None,1.67,None,8.00,None,0.00,None,8.00,None,9.00,None,13.33,None
1769957226.0104663,17.00,None,12.33,None,18.00,None,8.00,None,8.00,None,13.00,None,1.67,None,8.00,None,0.00,None,8.00,None,9.00,None,13.33,None
1769957234.6064448,17.00,None,12.33,None,18.00,None,12.00,None,8.00,None,13.00,None,1.67,None,8.00,None,0.00,None,8.00,None,9.00,None,13.33,None
1769957234.6075413,17.00,None,12.33,None,18.00,None,12.00,None,8.00,None,13.00,None,1.67,None,8.00,None,0.00,None,8.00,None,9.00,None,13.33,None
1769957234.6627824,17.00,None,12.33,None,18.00,None,12.00,None,8.00,None,17.00,None,1.67,None,8.00,None,0.00,None,8.00,None,9.00,None,13.33,None
1769957234.6634018,17.00,None,12.33,None,18.00,None,12.00,None,8.00,None,17.00,None,1.67,None,8.00,None,0.00,None,8.00,None,9.00,None,13.33,None
1769957234.706282,17.00,None,12.33,None,18.00,None,12.00,None,8.00,None,17.00,None,1.67,None,8.00,None,0.00,None,8.00,None,9.00,None,13.33,None
1769957234.7069137,17.00,None,12.33,None,18.00,None,12.00,None,8.00,None,17.00,None,1.67,None,8.00,None,0.00,None,8.00,None,9.00,None,13.33,None
1769957234.7596276,17.00,None,12.33,None,18.00,None,12.00,None,8.00,None,17.00,None,1.67,None,8.00,None,0.00,None,8.00,None,9.00,None,13.33,None
1769957234.7602513,17.00,None,12.33,None,18.00,None,12.00,None,8.00,None,17.00,None,1.67,None,8.00,None,0.00,None,8.00,None,9.00,None,13.33,None
1769957234.8115168,17.00,None,12.33,None,18.00,None,12.00,None,8.00,None,17.00,None,1.67,None,8.00,None,0.00,None,8.00,None,9.00,None,13.33,None
1769957234.8121796,17.00,None,12.33,None,18.00,None,12.00,None,8.00,None,17.00,None,1.67,None,8.00,None,0.00,None,8.00,None,9.00,None,13.33,None
1769957234.868811,17.00,None,12.33,None,18.00,None,12.00,None,8.00,None,17.00,None,1.67,None,8.00,None,0.00,None,8.00,None,9.00,None,13.33,None
1769957234.8694553,17.00,None,12.33,None,18.00,None,12.00,None,8.00,None,17.00,None,1.67,None,8.00,None,0.00,None,8.00,None,9.00,None,13.33,None
1769957236.1135104,8.00,None,12.33,None,18.00,None,12.00,None,8.00,None,8.00,None,1.67,None,8.00,None,0.00,None,8.00,None,9.00,None,4.33,None
1769957236.1141186,8.00,None,12.33,None,18.00,None,12.00,None,8.00,None,8.00,None,1.67,None,8.00,None,0.00,None,8.00,None,9.00,None,4.33,None
1769957236.1740854,8.00,None,12.33,None,18.00,None,12.00,None,8.00,None,8.00,None,1.67,None,8.00,None,0.00,None,8.00,None,9.00,None,4.33,None
1769957236.1751957,8.00,None,12.33,None,18.00,None,12.00,None,8.00,None,8.00,None,1.67,None,8.00,None,0.00,None,8.00,None,9.00,None,4.33,None
1769957236.2126641,8.00,None,12.33,None,18.00,None,12.00,None,8.00,None,12.00,None,1.67,None,8.00,None,0.00,None,8.00,None,9.00,None,4.33,None
1769957236.2133255,8.00,None,12.33,None,18.00,None,12.00,None,8.00,None,12.00,None,1.67,None,8.00,None,0.00,None,8.00,None,9.00,None,4.33,None
1769957236.2508397,8.00,None,12.33,None,18.00,None,12.00,None,8.00,None,12.00,None,1.67,None,8.00,None,0.00,None,8.00,None,9.00,None,4.33,None
1769957236.2514722,8.00,None,12.33,None,18.00,None,12.00,None,8.00,None,12.00,None,1.67,None,8.00,None,0.00,None,8.00,None,9.00,None,4.33,None
1769957236.3078,8.00,None,12.33,None,18.00,None,12.00,None,8.00,None,12.00,None,1.67,None,8.00,None,0.00,None,8.00,None,9.00,None,4.33,None
1769957236.3084471,8.00,None,12.33,None,18.00,None,12.00,None,8.00,None,12.00,None,1.67,None,8.00,None,0.00,None,8.00,None,9.00,None,4.33,None
1769957241.0483346,8.00,None,12.33,None,9.00,None,12.00,None,8.00,None,8.00,None,1.67,None,8.00,None,0.00,None,12.00,None,9.00,None,4.33,None
1769957241.0489545,8.00,None,12.33,None,9.00,None,12.00,None,8.00,None,8.00,None,1.67,None,8.00,None,0.00,None,12.00,None,9.00,None,4.33,None
1769957241.087684,8.00,None,12.33,None,9.00,None,12.00,None,8.00,None,8.00,None,1.67,None,8.00,None,0.00,None,12.00,None,9.00,None,4.33,None
1769957241.0887923,8.00,None,12.33,None,9.00,None,12.00,None,8.00,None,8.00,None,1.67,None,8.00,None,0.00,None,12.00,None,9.00,None,4.33,None
1769957241.2927086,8.00,None,12.33,None,9.00,None,12.00,None,8.00,None,8.00,None,1.67,None,8.00,None,0.00,None,12.00,None,9.00,None,4.33,None
1769957241.2933464,8.00,None,12.33,None,9.00,None,12.00,None,8.00,None,8.00,None,1.67,None,8.00,None,0.00,None,12.00,None,9.00,None,4.33,None
1769957251.0731475,8.00,None,12.33,None,9.00,None,12.00,None,8.00,None,8.00,None,10.67,None,4.00,None,0.00,None,12.00,None,0.00,None,4.33,None
1769957251.0741925,8.00,None,12.33,None,9.00,None,12.00,None,8.00,None,8.00,None,10.67,None,4.00,None,0.00,None,12.00,None,0.00,None,4.33,None
1769957251.1329496,8.00,None,12.33,None,9.00,None,12.00,None,8.00,None,8.00,None,10.67,None,4.00,None,0.00,None,12.00,None,0.00,None,4.33,None
1769957251.1340213,8.00,None,12.33,None,9.00,None,12.00,None,8.00,None,8.00,None,10.67,None,4.00,None,0.00,None,12.00,None,0.00,None,4.33,None
1769957251.5120583,8.00,None,12.33,None,9.00,None,12.00,None,8.00,None,8.00,None,10.67,None,4.00,None,0.00,None,12.00,None,0.00,None,4.33,None
1769957251.512803,8.00,None,12.33,None,9.00,None,12.00,None,8.00,None,8.00,None,10.67,None,4.00,None,0.00,None,12.00,None,0.00,None,4.33,None
1769957251.5751655,8.00,None,12.33,None,9.00,None,12.00,None,8.00,None,8.00,None,10.67,None,8.00,None,0.00,None,12.00,None,0.00,None,4.33,None
1769957251.5757945,8.00,None,12.33,None,9.00,None,12.00,None,8.00,None,8.00,None,10.67,None,8.00,None,0.00,None,12.00,None,0.00,None,4.33,None
1769957251.618236,8.00,None,12.33,None,9.00,None,12.00,None,9.67,None,8.00,None,10.67,None,8.00,None,0.00,None,12.00,None,0.00,None,13.33,None
1769957251.6188507,8.00,None,12.33,None,9.00,None,12.00,None,9.67,None,8.00,None,10.67,None,8.00,None,0.00,None,12.00,None,0.00,None,13.33,None
1769957251.6783192,8.00,None,12.33,None,9.00,None,12.00,None,9.67,None,8.00,None,15.00,None,8.00,None,0.00,None,12.00,None,9.00,None,13.33,None
1769957251.6789641,8.00,None,12.33,None,9.00,None,12.00,None,9.67,None,8.00,None,15.00,None,8.00,None,0.00,None,12.00,None,9.00,None,13.33,None
1769957251.8216455,8.00,None,12.33,None,9.00,None,12.00,None,9.67,None,8.00,None,15.00,None,8.00,None,0.00,None,12.00,None,9.00,None,13.33,None
1769957251.8222635,8.00,None,12.33,None,9.00,None,12.00,None,9.67,None,8.00,None,15.00,None,8.00,None,0.00,None,12.00,None,9.00,None,13.33,None
1769957251.8666453,8.00,None,12.33,None,9.00,None,12.00,None,9.67,None,8.00,None,15.00,None,8.00,None,0.00,None,12.00,None,9.00,None,13.33,None
1769957251.8672948,8.00,None,12.33,None,9.00,None,12.00,None,9.67,None,8.00,None,15.00,None,8.00,None,0.00,None,12.00,None,9.00,None,13.33,None
1769957256.0907924,8.00,None,12.33,None,9.00,None,12.00,None,9.67,None,8.00,None,15.00,None,8.00,None,0.00,None,8.00,None,9.00,None,13.33,None
1769957256.0918896,8.00,None,12.33,None,9.00,None,12.00,None,9.67,None,8.00,None,15.00,None,8.00,None,0.00,None,8.00,None,9.00,None,13.33,None
1769957256.1467183,8.00,None,12.33,None,9.00,None,12.00,None,9.67,None,8.00,None,15.00,None,8.00,None,0.00,None,8.00,None,9.00,None,13.33,None
1769957256.1475368,8.00,None,12.33,None,9.00,None,12.00,None,9.67,None,8.00,None,15.00,None,8.00,None,0.00,None,8.00,None,9.00,None,13.33,None
1769957256.1968322,8.00,None,12.33,None,9.00,None,12.00,None,9.67,None,8.00,None,15.00,None,8.00,None,0.00,None,8.00,None,9.00,None,13.33,None
1769957256.1976416,8.00,None,12.33,None,9.00,None,12.00,None,9.67,None,8.00,None,15.00,None,8.00,None,0.00,None,8.00,None,9.00,None,13.33,None
1769957261.1983669,8.00,None,12.33,None,9.00,None,12.00,None,9.67,None,4.00,None,15.00,None,8.00,None,0.00,None,None,None,9.00,None,13.33,None
1769957261.1990087,8.00,None,12.33,None,9.00,None,12.00,None,9.67,None,4.00,None,15.00,None,8.00,None,0.00,None,None,None,9.00,None,13.33,None
1769957261.2345164,8.00,None,12.33,None,9.00,None,12.00,None,9.67,None,4.00,None,15.00,None,8.00,None,0.00,None,None,None,9.00,None,13.33,None
1769957261.2351801,8.00,None,12.33,None,9.00,None,12.00,None,9.67,None,4.00,None,15.00,None,8.00,None,0.00,None,None,None,9.00,None,13.33,None
1769957261.3675337,8.00,None,12.33,None,18.00,None,12.00,None,9.67,None,4.00,None,15.00,None,8.00,None,4.00,None,None,None,9.00,None,13.33,None
1769957261.3683252,8.00,None,12.33,None,18.00,None,12.00,None,9.67,None,4.00,None,15.00,None,8.00,None,4.00,None,None,None,9.00,None,13.33,None
1769957266.569237,8.00,None,12.33,None,18.00,None,12.00,None,5.67,None,4.00,None,6.00,None,8.00,None,4.00,None,None,None,9.00,None,13.33,None
1769957266.5704331,8.00,None,12.33,None,18.00,None,12.00,None,5.67,None,4.00,None,6.00,None,8.00,None,4.00,None,None,None,9.00,None,13.33,None
1769957266.6450012,8.00,None,12.33,None,18.00,None,12.00,None,5.67,None,4.00,None,6.00,None,8.00,None,4.00,None,None,None,9.00,None,13.33,None
1769957266.646045,8.00,None,12.33,None,18.00,None,12.00,None,5.67,None,4.00,None,6.00,None,8.00,None,4.00,None,None,None,9.00,None,13.33,None
1769957266.715545,8.00,None,12.33,None,18.00,None,12.00,None,5.67,None,4.00,None,6.00,None,8.00,None,4.00,None,None,None,9.00,None,13.33,None
1769957266.7165232,8.00,None,12.33,None,18.00,None,12.00,None,5.67,None,4.00,None,6.00,None,8.00,None,4.00,None,None,None,9.00,None,13.33,None
1769957266.778002,17.00,None,12.33,None,18.00,None,12.00,None,5.67,None,4.00,None,6.00,None,8.00,None,4.00,None,None,None,9.00,None,13.33,None
1769957266.7786014,17.00,None,12.33,None,18.00,None,12.00,None,5.67,None,4.00,None,6.00,None,8.00,None,4.00,None,None,None,9.00,None,13.33,None
1769957266.819006,17.00,None,12.33,None,18.00,None,12.00,None,5.67,None,4.00,None,6.00,None,8.00,None,4.00,None,None,None,9.00,None,13.33,None
1769957266.8196347,17.00,None,12.33,None,18.00,None,12.00,None,5.67,None,4.00,None,6.00,None,8.00,None,4.00,None,None,None,9.00,None,13.33,None
1769957266.8634572,17.00,None,12.33,None,18.00,None,12.00,None,5.67,None,4.00,None,6.00,None,8.00,None,4.00,None,None,None,9.00,None,13.33,None
1769957266.8641343,17.00,None,12.33,None,18.00,None,12.00,None,5.67,None,4.00,None,6.00,None,8.00,None,4.00,None,None,None,9.00,None,13.33,None
1769957269.4381335,17.00,None,12.33,None,18.00,None,12.00,None,5.67,None,None,None,6.00,None,8.00,None,4.00,None,None,None,9.00,None,13.33,None
1769957269.4392254,17.00,None,12.33,None,18.00,None,12.00,None,5.67,None,None,None,6.00,None,8.00,None,4.00,None,None,None,9.00,None,13.33,None
1769957269.502747,17.00,None,12.33,None,18.00,None,12.00,None,9.67,None,None,None,6.00,None,8.00,None,4.00,None,None,None,9.00,None,22.33,None
1769957269.5037966,17.00,None,12.33,None,18.00,None,12.00,None,9.67,None,None,None,6.00,None,8.00,None,4.00,None,None,None,9.00,None,22.33,None
1769957269.5638528,17.00,None,12.33,None,18.00,None,12.00,None,9.67,None,None,None,6.00,None,8.00,None,4.00,None,None,None,9.00,None,22.33,None
1769957269.5649872,17.00,None,12.33,None,18.00,None,12.00,None,9.67,None,None,None,6.00,None,8.00,None,4.00,None,None,None,9.00,None,22.33,None
1769957269.626852,17.00,None,12.33,None,18.00,None,12.00,None,9.67,None,None,None,6.00,None,8.00,None,4.00,None,None,None,9.00,None,31.33,None
1769957269.6279957,17.00,None,12.33,None,18.00,None,12.00,None,9.67,None,None,None,6.00,None,8.00,None,4.00,None,None,None,9.00,None,31.33,None
1769957271.0936987,17.00,None,12.33,None,18.00,None,12.00,None,8.00,None,None,None,6.00,None,8.00,None,4.00,None,None,None,9.00,None,22.33,None
1769957271.0946531,17.00,None,12.33,None,18.00,None,12.00,None,8.00,None,None,None,6.00,None,8.00,None,4.00,None,None,None,9.00,None,22.33,None
1769957271.1570678,17.00,None,12.33,None,18.00,None,12.00,None,8.00,None,None,None,6.00,None,8.00,None,8.00,None,None,None,9.00,None,22.33,None
1769957271.1581366,17.00,None,12.33,None,18.00,None,12.00,None,8.00,None,None,None,6.00,None,8.00,None,8.00,None,None,None,9.00,None,22.33,None
1769957271.2193499,17.00,None,12.33,None,18.00,None,12.00,None,8.00,None,None,None,6.00,None,8.00,None,12.00,None,None,None,9.00,None,22.33,None
1769957271.2204046,17.00,None,12.33,None,18.00,None,12.00,None,8.00,None,None,None,6.00,None,8.00,None,12.00,None,None,None,9.00,None,22.33,None
1769957285.5613153,17.00,None,12.33,None,18.00,None,12.00,None,8.00,None,None,None,6.00,None,8.00,None,12.00,None,0.00,None,9.00,None,26.66,None
1769957285.5619493,17.00,None,12.33,None,18.00,None,12.00,None,8.00,None,None,None,6.00,None,8.00,None,12.00,None,0.00,None,9.00,None,26.66,None
1769957285.7059643,17.00,None,16.66,None,27.00,None,12.00,None,8.00,None,None,None,6.00,None,8.00,None,12.00,None,4.00,None,17.67,None,26.66,None
1769957285.7065945,17.00,None,16.66,None,27.00,None,12.00,None,8.00,None,None,None,6.00,None,8.00,None,12.00,None,4.00,None,17.67,None,26.66,None
1769957285.757751,17.00,None,16.66,None,27.00,None,12.00,None,8.00,None,None,None,6.00,None,8.00,None,12.00,None,4.00,None,26.34,None,26.66,None
1769957285.7583642,17.00,None,16.66,None,27.00,None,12.00,None,8.00,None,None,None,6.00,None,8.00,None,12.00,None,4.00,None,26.34,None,26.66,None
1769957285.827129,21.33,None,16.66,None,27.00,None,12.00,None,25.67,None,None,None,6.00,None,8.00,None,12.00,None,4.00,None,26.34,None,29.99,None
1769957285.828233,21.33,None,16.66,None,27.00,None,12.00,None,25.67,None,None,None,6.00,None,8.00,None,12.00,None,4.00,None,26.34,None,29.99,None
1769957285.8808105,21.33,None,16.66,None,27.00,None,12.00,None,25.67,None,None,None,6.00,None,8.00,None,12.00,None,4.00,None,26.34,None,29.99,None
1769957285.8814528,21.33,None,16.66,None,27.00,None,12.00,None,25.67,None,None,None,6.00,None,8.00,None,12.00,None,4.00,None,26.34,None,29.99,None
1769957285.929057,21.33,None,16.66,None,27.00,None,12.00,None,25.67,None,None,None,6.00,None,8.00,None,12.00,None,4.00,None,26.34,None,31.66,None
1769957285.929678,21.33,None,16.66,None,27.00,None,12.00,None,25.67,None,None,None,6.00,None,8.00,None,12.00,None,4.00,None,26.34,None,31.66,None
1769957286.1222963,21.33,None,16.66,None,27.00,None,12.00,None,25.67,None,None,None,1.67,None,8.00,None,12.00,None,4.00,None,17.34,None,31.66,None
1769957286.1234505,21.33,None,16.66,None,27.00,None,12.00,None,25.67,None,None,None,1.67,None,8.00,None,12.00,None,4.00,None,17.34,None,31.66,None
1769957291.2887754,21.33,None,16.66,None,27.00,None,12.00,None,25.67,None,0.00,None,1.67,None,8.00,None,12.00,None,4.00,None,17.34,None,22.66,None
1769957291.2899256,21.33,None,16.66,None,27.00,None,12.00,None,25.67,None,0.00,None,1.67,None,8.00,None,12.00,None,4.00,None,17.34,None,22.66,None
1769957301.146001,21.33,None,16.66,None,27.00,None,12.00,None,25.67,None,0.00,None,1.67,None,8.00,None,12.00,None,4.00,None,17.34,None,22.66,None
1769957301.1471837,21.33,None,16.66,None,27.00,None,12.00,None,25.67,None,0.00,None,1.67,None,8.00,None,12.00,None,4.00,None,17.34,None,22.66,None
1769957305.5958285,21.33,None,8.33,None,27.00,None,4.00,None,25.67,None,4.00,None,0.00,None,8.00,None,4.00,None,4.00,None,17.34,None,18.33,None
1769957305.5969076,21.33,None,8.33,None,27.00,None,4.00,None,25.67,None,4.00,None,0.00,None,8.00,None,4.00,None,4.00,None,17.34,None,18.33,None
1769957305.6609251,21.33,None,12.33,None,27.00,None,4.00,None,25.67,None,4.00,None,0.00,None,8.00,None,4.00,None,4.00,None,17.34,None,18.33,None
1769957305.66201,21.33,None,12.33,None,27.00,None,4.00,None,25.67,None,4.00,None,0.00,None,8.00,None,4.00,None,4.00,None,17.34,None,18.33,None
1769957305.7304542,21.33,None,12.33,None,27.00,None,4.00,None,25.67,None,4.00,None,0.00,None,8.00,None,4.00,None,8.00,None,17.34,None,18.33,None
1769957305.7315502,21.33,None,12.33,None,27.00,None,4.00,None,25.67,None,4.00,None,0.00,None,8.00,None,4.00,None,8.00,None,17.34,None,18.33,None
1769957305.7990894,21.33,None,12.33,None,27.00,None,4.00,None,25.67,None,4.00,None,0.00,None,8.00,None,4.00,None,8.00,None,17.34,None,18.33,None
1769957305.800211,21.33,None,12.33,None,27.00,None,4.00,None,25.67,None,4.00,None,0.00,None,8.00,None,4.00,None,8.00,None,17.34,None,18.33,None
1769957305.8683975,21.33,None,12.33,None,27.00,None,4.00,None,25.67,None,4.00,None,0.00,None,8.00,None,4.00,None,8.00,None,17.34,None,18.33,None
1769957305.8695183,21.33,None,12.33,None,27.00,None,4.00,None,25.67,None,4.00,None,0.00,None,8.00,None,4.00,None,8.00,None,17.34,None,18.33,None
1769957306.0524924,21.33,None,12.33,None,27.00,None,4.00,None,25.67,None,4.00,None,0.00,None,8.00,None,4.00,None,8.00,None,17.34,None,18.33,None
1769957306.0536253,21.33,None,12.33,None,27.00,None,4.00,None,25.67,None,4.00,None,0.00,None,8.00,None,4.00,None,8.00,None,17.34,None,18.33,None
1769957306.1279607,21.33,None,12.33,None,27.00,None,4.00,None,25.67,None,4.00,None,0.00,None,8.00,None,4.00,None,12.00,None,17.34,None,18.33,None
1769957306.128598,21.33,None,12.33,None,27.00,None,4.00,None,25.67,None,4.00,None,0.00,None,8.00,None,4.00,None,12.00,None,17.34,None,18.33,None
1769957306.192545,21.33,None,12.33,None,27.00,None,4.00,None,25.67,None,4.00,None,0.00,None,8.00,None,4.00,None,12.00,None,17.34,None,18.33,None
1769957306.1936977,21.33,None,12.33,None,27.00,None,4.00,None,25.67,None,4.00,None,0.00,None,8.00,None,4.00,None,12.00,None,17.34,None,18.33,None
1769957306.2351453,21.33,None,12.33,None,27.00,None,4.00,None,25.67,None,4.00,None,0.00,None,8.00,None,4.00,None,12.00,None,17.34,None,18.33,None
1769957306.2358341,21.33,None,12.33,None,27.00,None,4.00,None,25.67,None,4.00,None,0.00,None,8.00,None,4.00,None,12.00,None,17.34,None,18.33,None
1769957311.150421,21.33,None,8.33,None,27.00,None,4.00,None,25.67,None,4.00,None,0.00,None,8.00,None,4.00,None,12.00,None,17.34,None,18.33,None
1769957311.151217,21.33,None,8.33,None,27.00,None,4.00,None,25.67,None,4.00,None,0.00,None,8.00,None,4.00,None,12.00,None,17.34,None,18.33,None
1769957312.637335,21.33,None,8.33,None,27.00,None,4.00,None,25.67,None,4.00,None,0.00,None,None,None,4.00,None,8.00,None,17.34,None,18.33,None
1769957312.6379802,21.33,None,8.33,None,27.00,None,4.00,None,25.67,None,4.00,None,0.00,None,None,None,4.00,None,8.00,None,17.34,None,18.33,None
1769957312.8120215,21.33,None,8.33,None,27.00,None,4.00,None,25.67,None,4.00,None,0.00,None,None,None,4.00,None,8.00,None,17.34,None,18.33,None
1769957312.8131511,21.33,None,8.33,None,27.00,None,4.00,None,25.67,None,4.00,None,0.00,None,None,None,4.00,None,8.00,None,17.34,None,18.33,None
1769957312.8489282,21.33,None,21.33,None,27.00,None,4.00,None,25.67,None,4.00,None,0.00,None,None,None,4.00,None,8.00,None,17.34,None,18.33,None
1769957312.8495524,21.33,None,21.33,None,27.00,None,4.00,None,25.67,None,4.00,None,0.00,None,None,None,4.00,None,8.00,None,17.34,None,18.33,None
1769957312.884868,21.33,None,21.33,None,27.00,None,4.00,None,25.67,None,8.00,None,0.00,None,None,None,4.00,None,8.00,None,17.34,None,31.66,None
1769957312.8854914,21.33,None,21.33,None,27.00,None,4.00,None,25.67,None,8.00,None,0.00,None,None,None,4.00,None,8.00,None,17.34,None,31.66,None
1769957317.9071422,21.33,None,21.33,None,18.00,None,4.00,None,25.67,None,None,None,0.00,None,None,None,4.00,None,12.00,None,17.34,None,18.33,None
1769957317.908312,21.33,None,21.33,None,18.00,None,4.00,None,25.67,None,None,None,0.00,None,None,None,4.00,None,12.00,None,17.34,None,18.33,None
1769957317.9769638,21.33,None,21.33,None,18.00,None,4.00,None,25.67,None,None,None,0.00,None,None,None,4.00,None,12.00,None,17.34,None,18.33,None
1769957317.9780993,21.33,None,21.33,None,18.00,None,4.00,None,25.67,None,None,None,0.00,None,None,None,4.00,None,12.00,None,17.34,None,18.33,None
1769957318.0458305,21.33,None,21.33,None,18.00,None,4.00,None,25.67,None,None,None,0.00,None,None,None,8.00,None,12.00,None,17.34,None,18.33,None
1769957318.046977,21.33,None,21.33,None,18.00,None,4.00,None,25.67,None,None,None,0.00,None,None,None,8.00,None,12.00,None,17.34,None,18.33,None
1769957318.1128387,21.33,None,21.33,None,18.00,None,4.00,None,25.67,None,None,None,0.00,None,None,None,8.00,None,12.00,None,17.34,None,18.33,None
1769957318.1139898,21.33,None,21.33,None,18.00,None,4.00,None,25.67,None,None,None,0.00,None,None,None,8.00,None,12.00,None,17.34,None,18.33,None
1769957318.3373096,21.33,None,21.33,None,18.00,None,4.00,None,25.67,None,None,None,0.00,None,None,None,8.00,None,21.00,None,17.34,None,18.33,None
1769957318.3384995,21.33,None,21.33,None,18.00,None,4.00,None,25.67,None,None,None,0.00,None,None,None,8.00,None,21.00,None,17.34,None,18.33,None
1769957318.4076765,21.33,None,21.33,None,18.00,None,8.00,None,25.67,None,None,None,0.00,None,None,None,8.00,None,21.00,None,17.34,None,18.33,None
1769957318.4089203,21.33,None,21.33,None,18.00,None,8.00,None,25.67,None,None,None,0.00,None,None,None,8.00,None,21.00,None,17.34,None,18.33,None
1769957318.4571552,21.33,None,21.33,None,18.00,None,8.00,None,25.67,None,None,None,0.00,None,None,None,8.00,None,21.00,None,17.34,None,18.33,None
1769957318.4579587,21.33,None,21.33,None,18.00,None,8.00,None,25.67,None,None,None,0.00,None,None,None,8.00,None,21.00,None,17.34,None,18.33,None
1769957318.5221426,21.33,None,21.33,None,18.00,None,17.00,None,25.67,None,None,None,0.00,None,None,None,8.00,None,21.00,None,17.34,None,18.33,None
1769957318.5232897,21.33,None,21.33,None,18.00,None,17.00,None,25.67,None,None,None,0.00,None,None,None,8.00,None,21.00,None,17.34,None,18.33,None
1769957318.5858867,21.33,None,21.33,None,18.00,None,17.00,None,25.67,None,None,None,0.00,None,None,None,12.00,None,21.00,None,17.34,None,27.00,None
1769957318.5870821,21.33,None,21.33,None,18.00,None,17.00,None,25.67,None,None,None,0.00,None,None,None,12.00,None,21.00,None,17.34,None,27.00,None
1769957318.6354542,21.33,None,21.33,None,18.00,None,17.00,None,25.67,None,None,None,0.00,None,None,None,12.00,None,21.00,None,17.34,None,27.00,None
1769957318.636593,21.33,None,21.33,None,18.00,None,17.00,None,25.67,None,None,None,0.00,None,None,None,12.00,None,21.00,None,17.34,None,27.00,None
1769957321.2902825,21.33,None,12.33,None,18.00,None,17.00,None,25.67,None,None,None,0.00,None,None,None,8.00,None,21.00,None,17.34,None,27.00,None
1769957321.2909384,21.33,None,12.33,None,18.00,None,17.00,None,25.67,None,None,None,0.00,None,None,None,8.00,None,21.00,None,17.34,None,27.00,None
1769957321.3283925,21.33,None,12.33,None,18.00,None,17.00,None,25.67,None,None,None,0.00,None,None,None,8.00,None,21.00,None,17.34,None,27.00,None
1769957321.3290532,21.33,None,12.33,None,18.00,None,17.00,None,25.67,None,None,None,0.00,None,None,None,8.00,None,21.00,None,17.34,None,27.00,None
1769957326.1636734,21.33,None,8.00,None,0.00,None,13.00,None,21.67,None,None,None,0.00,None,None,None,8.00,None,13.00,None,8.67,None,27.00,None
1769957326.164259,21.33,None,8.00,None,0.00,None,13.00,None,21.67,None,None,None,0.00,None,None,None,8.00,None,13.00,None,8.67,None,27.00,None
1769957334.6015806,21.33,None,17.00,None,0.00,None,13.00,None,21.67,None,None,None,0.00,None,4.00,None,8.00,None,13.00,None,8.67,None,27.00,None
1769957334.6022258,21.33,None,17.00,None,0.00,None,13.00,None,21.67,None,None,None,0.00,None,4.00,None,8.00,None,13.00,None,8.67,None,27.00,None
1769957334.6522171,30.00,None,17.00,None,0.00,None,13.00,None,25.67,None,None,None,0.00,None,4.00,None,8.00,None,13.00,None,8.67,None,31.33,None
1769957334.6528425,30.00,None,17.00,None,0.00,None,13.00,None,25.67,None,None,None,0.00,None,4.00,None,8.00,None,13.00,None,8.67,None,31.33,None
1769957334.7079895,33.33,None,17.00,None,0.00,None,13.00,None,25.67,None,None,None,0.00,None,4.00,None,8.00,None,13.00,None,8.67,None,31.33,None
1769957334.708599,33.33,None,17.00,None,0.00,None,13.00,None,25.67,None,None,None,0.00,None,4.00,None,8.00,None,13.00,None,8.67,None,31.33,None
1769957334.7902403,49.99,None,17.00,None,0.00,None,13.00,None,25.67,None,None,None,0.00,None,4.00,None,8.00,None,13.00,None,8.67,None,31.33,None
1769957334.7914147,49.99,None,17.00,None,0.00,None,13.00,None,25.67,None,None,None,0.00,None,4.00,None,8.00,None,13.00,None,8.67,None,31.33,None
1769957334.937193,49.99,None,17.00,None,0.00,None,13.00,None,29.00,None,None,None,0.00,None,4.00,None,8.00,None,13.00,None,10.34,None,31.33,None
1769957334.9378264,49.99,None,17.00,None,0.00,None,13.00,None,29.00,None,None,None,0.00,None,4.00,None,8.00,None,13.00,None,10.34,None,31.33,None
1769957334.9812772,61.99,None,26.00,None,0.00,None,13.00,None,29.00,None,None,None,0.00,None,4.00,None,8.00,None,13.00,None,10.34,None,31.33,None
1769957334.9819353,61.99,None,26.00,None,0.00,None,13.00,None,29.00,None,None,None,0.00,None,4.00,None,8.00,None,13.00,None,10.34,None,31.33,None
1769957354.6159012,61.99,None,26.00,None,0.00,None,9.00,None,25.00,None,0.00,None,0.00,None,4.00,None,8.00,None,13.00,None,10.34,None,22.33,None
1769957354.6165316,61.99,None,26.00,None,0.00,None,9.00,None,25.00,None,0.00,None,0.00,None,4.00,None,8.00,None,13.00,None,10.34,None,22.33,None
1769957354.6589355,61.99,None,26.00,None,0.00,None,9.00,None,25.00,None,0.00,None,0.00,None,4.00,None,8.00,None,13.00,None,10.34,None,22.33,None
1769957354.6595733,61.99,None,26.00,None,0.00,None,9.00,None,25.00,None,0.00,None,0.00,None,4.00,None,8.00,None,13.00,None,10.34,None,22.33,None
1769957354.7095213,61.99,None,26.00,None,0.00,None,9.00,None,25.00,None,0.00,None,0.00,None,4.00,None,8.00,None,13.00,None,10.34,None,22.33,None
1769957354.7101614,61.99,None,26.00,None,0.00,None,9.00,None,25.00,None,0.00,None,0.00,None,4.00,None,8.00,None,13.00,None,10.34,None,22.33,None
1769957354.752852,61.99,None,26.00,None,0.00,None,9.00,None,25.00,None,0.00,None,0.00,None,4.00,None,8.00,None,13.00,None,10.34,None,22.33,None
1769957354.753511,61.99,None,26.00,None,0.00,None,9.00,None,25.00,None,0.00,None,0.00,None,4.00,None,8.00,None,13.00,None,10.34,None,22.33,None
1769957354.8890398,61.99,None,26.00,None,0.00,None,9.00,None,25.00,None,4.00,None,0.00,None,4.00,None,8.00,None,13.00,None,10.34,None,22.33,None
1769957354.8896673,61.99,None,26.00,None,0.00,None,9.00,None,25.00,None,4.00,None,0.00,None,4.00,None,8.00,None,13.00,None,10.34,None,22.33,None
1769957354.931765,61.99,None,26.00,None,0.00,None,9.00,None,25.00,None,4.00,None,0.00,None,4.00,None,8.00,None,13.00,None,10.34,None,22.33,None
1769957354.9323921,61.99,None,26.00,None,0.00,None,9.00,None,25.00,None,4.00,None,0.00,None,4.00,None,8.00,None,13.00,None,10.34,None,22.33,None
1769957356.2142107,61.99,None,22.00,None,0.00,None,9.00,None,25.00,None,4.00,None,0.00,None,8.00,None,8.00,None,13.00,None,10.34,None,22.33,None
1769957356.2148743,61.99,None,22.00,None,0.00,None,9.00,None,25.00,None,4.00,None,0.00,None,8.00,None,8.00,None,13.00,None,10.34,None,22.33,None
1769957356.2630284,61.99,None,22.00,None,0.00,None,9.00,None,25.00,None,4.00,None,0.00,None,8.00,None,8.00,None,13.00,None,10.34,None,22.33,None
1769957356.263659,61.99,None,22.00,None,0.00,None,9.00,None,25.00,None,4.00,None,0.00,None,8.00,None,8.00,None,13.00,None,10.34,None,22.33,None
1769957356.3014464,61.99,None,22.00,None,0.00,None,9.00,None,25.00,None,4.00,None,0.00,None,8.00,None,8.00,None,17.00,None,10.34,None,22.33,None
1769957356.3020256,61.99,None,22.00,None,0.00,None,9.00,None,25.00,None,4.00,None,0.00,None,8.00,None,8.00,None,17.00,None,10.34,None,22.33,None
1769957356.341474,61.99,None,22.00,None,0.00,None,9.00,None,25.00,None,8.00,None,0.00,None,8.00,None,8.00,None,17.00,None,10.34,None,22.33,None
1769957356.342075,61.99,None,22.00,None,0.00,None,9.00,None,25.00,None,8.00,None,0.00,None,8.00,None,8.00,None,17.00,None,10.34,None,22.33,None
1769957356.461233,61.99,None,22.00,None,0.00,None,9.00,None,25.00,None,8.00,None,0.00,None,8.00,None,8.00,None,17.00,None,10.34,None,22.33,None
1769957356.4620056,61.99,None,22.00,None,0.00,None,9.00,None,25.00,None,8.00,None,0.00,None,8.00,None,8.00,None,17.00,None,10.34,None,22.33,None
1769957361.2097907,52.99,None,22.00,None,0.00,None,9.00,None,25.00,None,8.00,None,0.00,None,8.00,None,8.00,None,17.00,None,10.34,None,22.33,None
1769957361.210425,52.99,None,22.00,None,0.00,None,9.00,None,25.00,None,8.00,None,0.00,None,8.00,None,8.00,None,17.00,None,10.34,None,22.33,None
1769957361.2504425,52.99,None,22.00,None,9.00,None,9.00,None,25.00,None,8.00,None,0.00,None,8.00,None,12.00,None,17.00,None,10.34,None,22.33,None
1769957361.2511017,52.99,None,22.00,None,9.00,None,9.00,None,25.00,None,8.00,None,0.00,None,8.00,None,12.00,None,17.00,None,10.34,None,22.33,None
1769957362.1624885,52.99,None,22.00,None,18.00,None,None,None,25.00,None,4.00,None,0.00,None,4.00,None,12.00,None,8.00,None,10.34,None,22.33,None
1769957362.1631267,52.99,None,22.00,None,18.00,None,None,None,25.00,None,4.00,None,0.00,None,4.00,None,12.00,None,8.00,None,10.34,None,22.33,None
1769957362.203079,52.99,None,22.00,None,18.00,None,None,None,25.00,None,8.00,None,0.00,None,4.00,None,12.00,None,8.00,None,10.34,None,22.33,None
1769957362.2037277,52.99,None,22.00,None,18.00,None,None,None,25.00,None,8.00,None,0.00,None,4.00,None,12.00,None,8.00,None,10.34,None,22.33,None
1769957362.243903,52.99,None,22.00,None,18.00,None,None,None,25.00,None,8.00,None,0.00,None,4.00,None,12.00,None,8.00,None,10.34,None,22.33,None
1769957362.2445703,52.99,None,22.00,None,18.00,None,None,None,25.00,None,8.00,None,0.00,None,4.00,None,12.00,None,8.00,None,10.34,None,22.33,None
1769957362.2838128,61.99,None,22.00,None,18.00,None,None,None,25.00,None,8.00,None,0.00,None,8.00,None,12.00,None,8.00,None,10.34,None,22.33,None
1769957362.284486,61.99,None,22.00,None,18.00,None,None,None,25.00,None,8.00,None,0.00,None,8.00,None,12.00,None,8.00,None,10.34,None,22.33,None
1769957377.8262815,61.99,None,22.00,None,18.00,None,None,None,29.00,None,4.00,None,0.00,None,8.00,None,8.00,None,4.00,None,10.34,None,17.99,None
1769957377.8273957,61.99,None,22.00,None,18.00,None,None,None,29.00,None,4.00,None,0.00,None,8.00,None,8.00,None,4.00,None,10.34,None,17.99,None
1769957377.8866718,61.99,None,26.00,None,18.00,None,None,None,29.00,None,4.00,None,0.00,None,8.00,None,8.00,None,4.00,None,10.34,None,17.99,None
1769957377.8873067,61.99,None,26.00,None,18.00,None,None,None,29.00,None,4.00,None,0.00,None,8.00,None,8.00,None,4.00,None,10.34,None,17.99,None
1769957377.936435,66.32,None,26.00,None,18.00,None,None,None,29.00,None,4.00,None,0.00,None,8.00,None,8.00,None,4.00,None,10.34,None,26.99,None
1769957377.9370804,66.32,None,26.00,None,18.00,None,None,None,29.00,None,4.00,None,0.00,None,8.00,None,8.00,None,4.00,None,10.34,None,26.99,None
1769957377.993271,66.32,None,26.00,None,18.00,None,None,None,39.67,None,4.00,None,0.00,None,8.00,None,8.00,None,4.00,None,13.67,None,26.99,None
1769957377.993915,66.32,None,26.00,None,18.00,None,None,None,39.67,None,4.00,None,0.00,None,8.00,None,8.00,None,4.00,None,13.67,None,26.99,None
1769957378.069233,69.65,None,34.67,None,18.00,None,None,None,39.67,None,4.00,None,0.00,None,8.00,None,8.00,None,4.00,None,13.67,None,26.99,None
1769957378.0703743,69.65,None,34.67,None,18.00,None,None,None,39.67,None,4.00,None,0.00,None,8.00,None,8.00,None,4.00,None,13.67,None,26.99,None
1769957378.1429722,69.65,None,34.67,None,18.00,None,None,None,39.67,None,4.00,None,0.00,None,8.00,None,8.00,None,4.00,None,22.67,None,26.99,None
1769957378.1441395,69.65,None,34.67,None,18.00,None,None,None,39.67,None,4.00,None,0.00,None,8.00,None,8.00,None,4.00,None,22.67,None,26.99,None
1769957381.3099246,65.32,None,34.67,None,18.00,None,None,None,22.00,None,8.00,None,0.00,None,8.00,None,8.00,None,None,None,14.00,None,17.66,None
1769957381.3106058,65.32,None,34.67,None,18.00,None,None,None,22.00,None,8.00,None,0.00,None,8.00,None,8.00,None,None,None,14.00,None,17.66,None
1769957381.3667169,65.32,None,34.67,None,18.00,None,None,None,22.00,None,8.00,None,0.00,None,8.00,None,8.00,None,None,None,14.00,None,26.33,None
1769957381.3676136,65.32,None,34.67,None,18.00,None,None,None,22.00,None,8.00,None,0.00,None,8.00,None,8.00,None,None,None,14.00,None,26.33,None
1769957381.435589,68.65,None,34.67,None,18.00,None,None,None,22.00,None,8.00,None,9.00,None,8.00,None,8.00,None,None,None,14.00,None,26.33,None
1769957381.4367833,68.65,None,34.67,None,18.00,None,None,None,22.00,None,8.00,None,9.00,None,8.00,None,8.00,None,None,None,14.00,None,26.33,None
1769957381.4868093,68.65,None,34.67,None,27.00,None,None,None,22.00,None,8.00,None,9.00,None,8.00,None,8.00,None,None,None,14.00,None,26.33,None
1769957381.4875486,68.65,None,34.67,None,27.00,None,None,None,22.00,None,8.00,None,9.00,None,8.00,None,8.00,None,None,None,14.00,None,26.33,None
1769957381.551988,68.65,None,34.67,None,27.00,None,None,None,39.67,None,8.00,None,12.33,None,8.00,None,8.00,None,None,None,18.33,None,26.33,None
1769957381.5533686,68.65,None,34.67,None,27.00,None,None,None,39.67,None,8.00,None,12.33,None,8.00,None,8.00,None,None,None,18.33,None,26.33,None
1769957381.655387,68.65,None,34.67,None,27.00,None,None,None,39.67,None,12.00,None,12.33,None,8.00,None,8.00,None,None,None,18.33,None,26.33,None
1769957381.6572957,68.65,None,34.67,None,27.00,None,None,None,39.67,None,12.00,None,12.33,None,8.00,None,8.00,None,None,None,18.33,None,26.33,None
1769957386.8160198,68.65,None,34.67,None,27.00,None,0.00,None,39.67,None,12.00,None,12.33,None,8.00,None,8.00,None,None,None,18.33,None,26.33,None
1769957386.817277,68.65,None,34.67,None,27.00,None,0.00,None,39.67,None,12.00,None,12.33,None,8.00,None,8.00,None,None,None,18.33,None,26.33,None
1769957391.6688428,64.65,None,34.67,None,9.00,None,0.00,None,39.67,None,12.00,None,12.33,None,8.00,None,4.00,None,None,None,18.33,None,26.33,None
1769957391.670248,64.65,None,34.67,None,9.00,None,0.00,None,39.67,None,12.00,None,12.33,None,8.00,None,4.00,None,None,None,18.33,None,26.33,None
1769957401.7229087,61.32,None,34.67,None,18.00,None,0.00,None,22.00,None,8.00,None,0.00,None,8.00,None,4.00,None,0.00,None,14.00,None,17.66,None
1769957401.7239294,61.32,None,34.67,None,18.00,None,0.00,None,22.00,None,8.00,None,0.00,None,8.00,None,4.00,None,0.00,None,14.00,None,17.66,None
1769957401.7919495,61.32,None,34.67,None,18.00,None,0.00,None,22.00,None,12.00,None,0.00,None,8.00,None,4.00,None,0.00,None,14.00,None,17.66,None
1769957401.7929842,61.32,None,34.67,None,18.00,None,0.00,None,22.00,None,12.00,None,0.00,None,8.00,None,4.00,None,0.00,None,14.00,None,17.66,None
1769957401.844457,61.32,None,34.67,None,18.00,None,0.00,None,22.00,None,12.00,None,0.00,None,8.00,None,4.00,None,0.00,None,14.00,None,17.66,None
1769957401.8450916,61.32,None,34.67,None,18.00,None,0.00,None,22.00,None,12.00,None,0.00,None,8.00,None,4.00,None,0.00,None,14.00,None,17.66,None
1769957401.8977344,61.32,None,34.67,None,18.00,None,0.00,None,22.00,None,12.00,None,0.00,None,8.00,None,4.00,None,0.00,None,14.00,None,17.66,None
1769957401.8985171,61.32,None,34.67,None,18.00,None,0.00,None,22.00,None,12.00,None,0.00,None,8.00,None,4.00,None,0.00,None,14.00,None,17.66,None
1769957402.0799341,61.32,None,34.67,None,27.00,None,0.00,None,22.00,None,12.00,None,0.00,None,8.00,None,4.00,None,0.00,None,14.00,None,17.66,None
1769957402.0805602,61.32,None,34.67,None,27.00,None,0.00,None,22.00,None,12.00,None,0.00,None,8.00,None,4.00,None,0.00,None,14.00,None,17.66,None
1769957402.140305,61.32,None,34.67,None,27.00,None,0.00,None,22.00,None,12.00,None,0.00,None,8.00,None,4.00,None,0.00,None,14.00,None,17.66,None
1769957402.141092,61.32,None,34.67,None,27.00,None,0.00,None,22.00,None,12.00,None,0.00,None,8.00,None,4.00,None,0.00,None,14.00,None,17.66,None
1769957406.6610596,52.32,None,34.67,None,27.00,None,0.00,None,22.00,None,12.00,None,0.00,None,4.00,None,4.00,None,0.00,None,14.00,None,17.66,None
1769957406.6618462,52.32,None,34.67,None,27.00,None,0.00,None,22.00,None,12.00,None,0.00,None,4.00,None,4.00,None,0.00,None,14.00,None,17.66,None
1769957406.7182708,52.32,None,34.67,None,27.00,None,0.00,None,22.00,None,12.00,None,0.00,None,8.00,None,4.00,None,0.00,None,14.00,None,17.66,None
1769957406.7198105,52.32,None,34.67,None,27.00,None,0.00,None,22.00,None,12.00,None,0.00,None,8.00,None,4.00,None,0.00,None,14.00,None,17.66,None
1769957406.7607734,56.32,None,34.67,None,27.00,None,0.00,None,22.00,None,12.00,None,0.00,None,8.00,None,4.00,None,0.00,None,14.00,None,17.66,None
1769957406.761401,56.32,None,34.67,None,27.00,None,0.00,None,22.00,None,12.00,None,0.00,None,8.00,None,4.00,None,0.00,None,14.00,None,17.66,None
1769957406.8013403,56.32,None,34.67,None,27.00,None,0.00,None,22.00,None,12.00,None,0.00,None,8.00,None,4.00,None,9.00,None,14.00,None,17.66,None
1769957406.8019862,56.32,None,34.67,None,27.00,None,0.00,None,22.00,None,12.00,None,0.00,None,8.00,None,4.00,None,9.00,None,14.00,None,17.66,None
1769957411.8611906,56.32,None,30.67,None,27.00,None,0.00,None,22.00,None,12.00,None,0.00,None,8.00,None,4.00,None,9.00,None,14.00,None,17.66,None
1769957411.862344,56.32,None,30.67,None,27.00,None,0.00,None,22.00,None,12.00,None,0.00,None,8.00,None,4.00,None,9.00,None,14.00,None,17.66,None
1769957411.9310021,56.32,None,30.67,None,27.00,None,0.00,None,22.00,None,12.00,None,0.00,None,8.00,None,4.00,None,9.00,None,14.00,None,17.66,None
1769957411.9321063,56.32,None,30.67,None,27.00,None,0.00,None,22.00,None,12.00,None,0.00,None,8.00,None,4.00,None,9.00,None,14.00,None,17.66,None
1769957417.212863,56.32,None,30.67,None,18.00,None,0.00,None,22.00,None,12.00,None,0.00,None,8.00,None,4.00,None,None,None,14.00,None,17.66,None
1769957417.2135253,56.32,None,30.67,None,18.00,None,0.00,None,22.00,None,12.00,None,0.00,None,8.00,None,4.00,None,None,None,14.00,None,17.66,None
1769957417.2588665,56.32,None,30.67,None,18.00,None,0.00,None,22.00,None,12.00,None,0.00,None,8.00,None,4.00,None,None,None,14.00,None,17.66,None
1769957417.2600713,56.32,None,30.67,None,18.00,None,0.00,None,22.00,None,12.00,None,0.00,None,8.00,None,4.00,None,None,None,14.00,None,17.66,None
1769957417.3057451,56.32,None,30.67,None,18.00,None,0.00,None,22.00,None,12.00,None,0.00,None,8.00,None,4.00,None,None,None,14.00,None,17.66,None
1769957417.306461,56.32,None,30.67,None,18.00,None,0.00,None,22.00,None,12.00,None,0.00,None,8.00,None,4.00,None,None,None,14.00,None,17.66,None
1769957421.7415712,56.32,None,30.67,None,18.00,None,0.00,None,22.00,None,8.00,None,0.00,None,8.00,None,4.00,None,None,None,14.00,None,17.66,None
1769957421.7427292,56.32,None,30.67,None,18.00,None,0.00,None,22.00,None,8.00,None,0.00,None,8.00,None,4.00,None,None,None,14.00,None,17.66,None
1769957426.5864384,40.66,None,21.67,None,18.00,None,0.00,None,22.00,None,8.00,None,0.00,None,None,None,4.00,None,None,None,14.00,None,17.66,None
1769957426.5877304,40.66,None,21.67,None,18.00,None,0.00,None,22.00,None,8.00,None,0.00,None,None,None,4.00,None,None,None,14.00,None,17.66,None
1769957426.6747344,40.66,None,21.67,None,18.00,None,0.00,None,22.00,None,8.00,None,0.00,None,None,None,4.00,None,None,None,14.00,None,17.66,None
1769957426.676046,40.66,None,21.67,None,18.00,None,0.00,None,22.00,None,8.00,None,0.00,None,None,None,4.00,None,None,None,14.00,None,17.66,None
1769957426.7632868,40.66,None,25.67,None,18.00,None,0.00,None,22.00,None,8.00,None,0.00,None,None,None,4.00,None,None,None,14.00,None,17.66,None
1769957426.7644136,40.66,None,25.67,None,18.00,None,0.00,None,22.00,None,8.00,None,0.00,None,None,None,4.00,None,None,None,14.00,None,17.66,None
1769957426.8325686,40.66,None,30.00,None,18.00,None,0.00,None,22.00,None,8.00,None,0.00,None,None,None,4.00,None,None,None,14.00,None,17.66,None
1769957426.8336873,40.66,None,30.00,None,18.00,None,0.00,None,22.00,None,8.00,None,0.00,None,None,None,4.00,None,None,None,14.00,None,17.66,None
1769957426.905157,40.66,None,39.00,None,18.00,None,0.00,None,22.00,None,12.00,None,0.00,None,None,None,4.00,None,None,None,14.00,None,17.66,None
1769957426.906337,40.66,None,39.00,None,18.00,None,0.00,None,22.00,None,12.00,None,0.00,None,None,None,4.00,None,None,None,14.00,None,17.66,None
1769957426.978957,40.66,None,39.00,None,18.00,None,0.00,None,22.00,None,12.00,None,0.00,None,None,None,4.00,None,None,None,14.00,None,17.66,None
1769957426.9800823,40.66,None,39.00,None,18.00,None,0.00,None,22.00,None,12.00,None,0.00,None,None,None,4.00,None,None,None,14.00,None,17.66,None
1769957427.2168312,40.66,None,39.00,None,18.00,None,4.00,None,22.00,None,12.00,None,9.00,None,None,None,4.00,None,None,None,14.00,None,21.99,None
1769957427.2179635,40.66,None,39.00,None,18.00,None,4.00,None,22.00,None,12.00,None,9.00,None,None,None,4.00,None,None,None,14.00,None,21.99,None
1769957427.3002436,40.66,None,47.67,None,18.00,None,4.00,None,22.00,None,12.00,None,9.00,None,None,None,4.00,None,None,None,18.33,None,21.99,None
1769957427.301405,40.66,None,47.67,None,18.00,None,4.00,None,22.00,None,12.00,None,9.00,None,None,None,4.00,None,None,None,18.33,None,21.99,None
1769957427.3821151,40.66,None,56.34,None,18.00,None,4.00,None,22.00,None,12.00,None,9.00,None,None,None,8.00,None,None,None,18.33,None,21.99,None
1769957427.383327,40.66,None,56.34,None,18.00,None,4.00,None,22.00,None,12.00,None,9.00,None,None,None,8.00,None,None,None,18.33,None,21.99,None
1769957427.4398608,40.66,None,56.34,None,18.00,None,8.00,None,22.00,None,12.00,None,9.00,None,None,None,8.00,None,None,None,27.33,None,21.99,None
1769957427.4405,40.66,None,56.34,None,18.00,None,8.00,None,22.00,None,12.00,None,9.00,None,None,None,8.00,None,None,None,27.33,None,21.99,None
1769957427.5142503,40.66,None,68.34,None,22.33,None,8.00,None,22.00,None,12.00,None,9.00,None,None,None,8.00,None,None,None,27.33,None,21.99,None
1769957427.5153883,40.66,None,68.34,None,22.33,None,8.00,None,22.00,None,12.00,None,9.00,None,None,None,8.00,None,None,None,27.33,None,21.99,None
1769957427.6036267,40.66,None,68.34,None,22.33,None,8.00,None,22.00,None,12.00,None,9.00,None,None,None,8.00,None,None,None,27.33,None,21.99,None
1769957427.6048024,40.66,None,68.34,None,22.33,None,8.00,None,22.00,None,12.00,None,9.00,None,None,None,8.00,None,None,None,27.33,None,21.99,None
1769957427.8551931,40.66,None,68.34,None,22.33,None,8.00,None,22.00,None,12.00,None,9.00,None,None,None,8.00,None,None,None,27.33,None,21.99,None
1769957427.8564014,40.66,None,68.34,None,22.33,None,8.00,None,22.00,None,12.00,None,9.00,None,None,None,8.00,None,None,None,27.33,None,21.99,None
1769957432.4404871,40.66,None,68.34,None,22.33,None,8.00,None,22.00,None,12.00,None,9.00,None,None,None,8.00,None,None,None,27.33,None,21.99,None
1769957432.4417446,40.66,None,68.34,None,22.33,None,8.00,None,22.00,None,12.00,None,9.00,None,None,None,8.00,None,None,None,27.33,None,21.99,None
1769957437.4432282,40.66,None,68.34,None,22.33,None,8.00,None,22.00,None,12.00,None,9.00,None,None,None,8.00,None,0.00,None,27.33,None,21.99,None
1769957437.4439456,40.66,None,68.34,None,22.33,None,8.00,None,22.00,None,12.00,None,9.00,None,None,None,8.00,None,0.00,None,27.33,None,21.99,None
1769957442.4592645,40.66,None,64.34,None,13.33,None,8.00,None,22.00,None,8.00,None,9.00,None,None,None,4.00,None,0.00,None,27.33,None,21.99,None
1769957442.459944,40.66,None,64.34,None,13.33,None,8.00,None,22.00,None,8.00,None,9.00,None,None,None,4.00,None,0.00,None,27.33,None,21.99,None
1769957447.4674182,40.66,None,64.34,None,13.33,None,8.00,None,22.00,None,8.00,None,9.00,None,0.00,None,4.00,None,0.00,None,27.33,None,21.99,None
1769957447.4680562,40.66,None,64.34,None,13.33,None,8.00,None,22.00,None,8.00,None,9.00,None,0.00,None,4.00,None,0.00,None,27.33,None,21.99,None
1769957447.8023694,40.66,None,64.34,None,22.33,None,12.00,None,22.00,None,8.00,None,9.00,None,0.00,None,4.00,None,0.00,None,27.33,None,21.99,None
1769957447.8030365,40.66,None,64.34,None,22.33,None,12.00,None,22.00,None,8.00,None,9.00,None,0.00,None,4.00,None,0.00,None,27.33,None,21.99,None
1769957447.862884,40.66,None,64.34,None,22.33,None,12.00,None,22.00,None,8.00,None,9.00,None,0.00,None,4.00,None,4.00,None,27.33,None,21.99,None
1769957447.8635228,40.66,None,64.34,None,22.33,None,12.00,None,22.00,None,8.00,None,9.00,None,0.00,None,4.00,None,4.00,None,27.33,None,21.99,None
1769957447.9173384,40.66,None,64.34,None,22.33,None,12.00,None,22.00,None,8.00,None,9.00,None,0.00,None,4.00,None,4.00,None,27.33,None,21.99,None
1769957447.9180002,40.66,None,64.34,None,22.33,None,12.00,None,22.00,None,8.00,None,9.00,None,0.00,None,4.00,None,4.00,None,27.33,None,21.99,None
1769957447.9778183,40.66,None,64.34,None,22.33,None,12.00,None,22.00,None,12.00,None,9.00,None,0.00,None,4.00,None,4.00,None,27.33,None,21.99,None
1769957447.9785063,40.66,None,64.34,None,22.33,None,12.00,None,22.00,None,12.00,None,9.00,None,0.00,None,4.00,None,4.00,None,27.33,None,21.99,None
1769957448.0327117,40.66,None,64.34,None,22.33,None,12.00,None,22.00,None,12.00,None,9.00,None,0.00,None,4.00,None,4.00,None,27.33,None,21.99,None
1769957448.0333555,40.66,None,64.34,None,22.33,None,12.00,None,22.00,None,12.00,None,9.00,None,0.00,None,4.00,None,4.00,None,27.33,None,21.99,None
1769957448.176996,40.66,None,64.34,None,22.33,None,12.00,None,22.00,None,12.00,None,9.00,None,0.00,None,4.00,None,4.00,None,27.33,None,21.99,None
1769957448.1781807,40.66,None,64.34,None,22.33,None,12.00,None,22.00,None,12.00,None,9.00,None,0.00,None,4.00,None,4.00,None,27.33,None,21.99,None
1769957452.5492609,16.00,None,55.34,None,22.33,None,12.00,None,22.00,None,12.00,None,9.00,None,0.00,None,4.00,None,4.00,None,27.33,None,12.99,None
1769957452.5503786,16.00,None,55.34,None,22.33,None,12.00,None,22.00,None,12.00,None,9.00,None,0.00,None,4.00,None,4.00,None,27.33,None,12.99,None
1769957452.6091135,16.00,None,55.34,None,22.33,None,12.00,None,22.00,None,12.00,None,9.00,None,0.00,None,4.00,None,4.00,None,27.33,None,12.99,None
1769957452.6096942,16.00,None,55.34,None,22.33,None,12.00,None,22.00,None,12.00,None,9.00,None,0.00,None,4.00,None,4.00,None,27.33,None,12.99,None
1769957452.6504865,16.00,None,55.34,None,22.33,None,12.00,None,22.00,None,12.00,None,9.00,None,0.00,None,4.00,None,8.00,None,27.33,None,12.99,None
1769957452.65107,16.00,None,55.34,None,22.33,None,12.00,None,22.00,None,12.00,None,9.00,None,0.00,None,4.00,None,8.00,None,27.33,None,12.99,None
1769957452.8193247,16.00,None,55.34,None,22.33,None,12.00,None,22.00,None,12.00,None,9.00,None,0.00,None,4.00,None,8.00,None,27.33,None,12.99,None
1769957452.819962,16.00,None,55.34,None,22.33,None,12.00,None,22.00,None,12.00,None,9.00,None,0.00,None,4.00,None,8.00,None,27.33,None,12.99,None
1769957452.884726,24.33,None,55.34,None,22.33,None,12.00,None,22.00,None,12.00,None,9.00,None,0.00,None,4.00,None,8.00,None,27.33,None,12.99,None
1769957452.8853958,24.33,None,55.34,None,22.33,None,12.00,None,22.00,None,12.00,None,9.00,None,0.00,None,4.00,None,8.00,None,27.33,None,12.99,None
1769957461.787214,24.33,None,55.34,None,22.33,None,12.00,None,22.00,None,12.00,None,9.00,None,0.00,None,4.00,None,8.00,None,27.33,None,12.99,None
1769957461.7883768,24.33,None,55.34,None,22.33,None,12.00,None,22.00,None,12.00,None,9.00,None,0.00,None,4.00,None,8.00,None,27.33,None,12.99,None
1769957461.8915813,24.33,None,55.34,None,22.33,None,12.00,None,22.00,None,12.00,None,9.00,None,0.00,None,4.00,None,8.00,None,27.33,None,12.99,None
1769957461.8922472,24.33,None,55.34,None,22.33,None,12.00,None,22.00,None,12.00,None,9.00,None,0.00,None,4.00,None,8.00,None,27.33,None,12.99,None
1769957461.9858668,24.33,None,55.34,None,22.33,None,12.00,None,22.00,None,12.00,None,9.00,None,0.00,None,4.00,None,8.00,None,27.33,None,12.99,None
1769957461.9870422,24.33,None,55.34,None,22.33,None,12.00,None,22.00,None,12.00,None,9.00,None,0.00,None,4.00,None,8.00,None,27.33,None,12.99,None
1769957462.2332802,24.33,None,55.34,None,22.33,None,12.00,None,22.00,None,12.00,None,9.00,None,0.00,None,4.00,None,8.00,None,27.33,None,12.99,None
1769957462.2344494,24.33,None,55.34,None,22.33,None,12.00,None,22.00,None,12.00,None,9.00,None,0.00,None,4.00,None,8.00,None,27.33,None,12.99,None
1769957462.3113282,24.33,None,55.34,None,22.33,None,12.00,None,22.00,None,12.00,None,9.00,None,0.00,None,4.00,None,8.00,None,27.33,None,12.99,None
1769957462.3125863,24.33,None,55.34,None,22.33,None,12.00,None,22.00,None,12.00,None,9.00,None,0.00,None,4.00,None,8.00,None,27.33,None,12.99,None
1769957462.3696759,24.33,None,55.34,None,22.33,None,12.00,None,22.00,None,12.00,None,9.00,None,0.00,None,4.00,None,8.00,None,27.33,None,12.99,None
1769957462.3703609,24.33,None,55.34,None,22.33,None,12.00,None,22.00,None,12.00,None,9.00,None,0.00,None,4.00,None,8.00,None,27.33,None,12.99,None
1769957462.5248017,12.33,None,42.00,None,22.33,None,12.00,None,7.33,None,12.00,None,9.00,None,0.00,None,4.00,None,8.00,None,19.67,None,4.33,None
1769957462.5255563,12.33,None,42.00,None,22.33,None,12.00,None,7.33,None,12.00,None,9.00,None,0.00,None,4.00,None,8.00,None,19.67,None,4.33,None
1769957462.7502966,12.33,None,42.00,None,22.33,None,12.00,None,11.33,None,12.00,None,9.00,None,0.00,None,4.00,None,8.00,None,19.67,None,13.00,None
1769957462.7513406,12.33,None,42.00,None,22.33,None,12.00,None,11.33,None,12.00,None,9.00,None,0.00,None,4.00,None,8.00,None,19.67,None,13.00,None
1769957462.7963743,12.33,None,42.00,None,22.33,None,12.00,None,11.33,None,12.00,None,18.00,None,0.00,None,4.00,None,8.00,None,19.67,None,13.00,None
1769957462.7971961,12.33,None,42.00,None,22.33,None,12.00,None,11.33,None,12.00,None,18.00,None,0.00,None,4.00,None,8.00,None,19.67,None,13.00,None
1769957462.8705673,12.33,None,46.33,None,22.33,None,12.00,None,11.33,None,12.00,None,30.33,None,4.00,None,4.00,None,8.00,None,19.67,None,21.67,None
1769957462.8716757,12.33,None,46.33,None,22.33,None,12.00,None,11.33,None,12.00,None,30.33,None,4.00,None,4.00,None,8.00,None,19.67,None,21.67,None
1769957462.9489665,21.33,None,46.33,None,22.33,None,12.00,None,11.33,None,12.00,None,30.33,None,8.00,None,4.00,None,8.00,None,19.67,None,21.67,None
1769957462.9501371,21.33,None,46.33,None,22.33,None,12.00,None,11.33,None,12.00,None,30.33,None,8.00,None,4.00,None,8.00,None,19.67,None,21.67,None
1769957463.017584,21.33,None,46.33,None,22.33,None,12.00,None,11.33,None,12.00,None,30.33,None,8.00,None,4.00,None,12.00,None,19.67,None,21.67,None
1769957463.018721,21.33,None,46.33,None,22.33,None,12.00,None,11.33,None,12.00,None,30.33,None,8.00,None,4.00,None,12.00,None,19.67,None,21.67,None
1769957464.9736238,21.33,None,46.33,None,22.33,None,12.00,None,None,None,12.00,None,21.33,None,8.00,None,4.00,None,12.00,None,18.00,None,22.00,None
1769957464.9747753,21.33,None,46.33,None,22.33,None,12.00,None,None,None,12.00,None,21.33,None,8.00,None,4.00,None,12.00,None,18.00,None,22.00,None
1769957465.194613,21.33,None,46.33,None,22.33,None,12.00,None,None,None,12.00,None,21.33,None,8.00,None,4.00,None,12.00,None,18.00,None,22.00,None
1769957465.1957386,21.33,None,46.33,None,22.33,None,12.00,None,None,None,12.00,None,21.33,None,8.00,None,4.00,None,12.00,None,18.00,None,22.00,None
1769957465.2677994,21.33,None,46.33,None,22.33,None,12.00,None,None,None,12.00,None,21.33,None,8.00,None,4.00,None,12.00,None,18.00,None,22.00,None
1769957465.2689538,21.33,None,46.33,None,22.33,None,12.00,None,None,None,12.00,None,21.33,None,8.00,None,4.00,None,12.00,None,18.00,None,22.00,None
1769957472.5349147,21.33,None,46.33,None,22.33,None,12.00,None,None,None,12.00,None,21.33,None,8.00,None,4.00,None,12.00,None,18.00,None,22.00,None
1769957472.53572,21.33,None,46.33,None,22.33,None,12.00,None,None,None,12.00,None,21.33,None,8.00,None,4.00,None,12.00,None,18.00,None,22.00,None
1769957482.6746283,17.00,None,33.00,None,22.33,None,12.00,None,None,None,8.00,None,21.33,None,8.00,None,4.00,None,None,None,9.00,None,22.00,None
1769957482.6755846,17.00,None,33.00,None,22.33,None,12.00,None,None,None,8.00,None,21.33,None,8.00,None,4.00,None,None,None,9.00,None,22.00,None
1769957482.72847,17.00,None,33.00,None,22.33,None,12.00,None,None,None,8.00,None,21.33,None,8.00,None,4.00,None,None,None,9.00,None,22.00,None
1769957482.7294292,17.00,None,33.00,None,22.33,None,12.00,None,None,None,8.00,None,21.33,None,8.00,None,4.00,None,None,None,9.00,None,22.00,None
1769957482.8848808,17.00,None,33.00,None,22.33,None,12.00,None,None,None,8.00,None,21.33,None,8.00,None,4.00,None,None,None,9.00,None,22.00,None
1769957482.8855963,17.00,None,33.00,None,22.33,None,12.00,None,None,None,8.00,None,21.33,None,8.00,None,4.00,None,None,None,9.00,None,22.00,None
1769957482.9318094,17.00,None,33.00,None,31.33,None,12.00,None,None,None,8.00,None,21.33,None,8.00,None,4.00,None,None,None,9.00,None,22.00,None
1769957482.9323976,17.00,None,33.00,None,31.33,None,12.00,None,None,None,8.00,None,21.33,None,8.00,None,4.00,None,None,None,9.00,None,22.00,None
1769957482.9748561,17.00,None,33.00,None,31.33,None,12.00,None,None,None,8.00,None,21.33,None,8.00,None,4.00,None,None,None,9.00,None,22.00,None
1769957482.9754393,17.00,None,33.00,None,31.33,None,12.00,None,None,None,8.00,None,21.33,None,8.00,None,4.00,None,None,None,9.00,None,22.00,None
1769957483.020023,17.00,None,33.00,None,31.33,None,12.00,None,None,None,12.00,None,21.33,None,8.00,None,4.00,None,None,None,9.00,None,22.00,None
1769957483.0210946,17.00,None,33.00,None,31.33,None,12.00,None,None,None,12.00,None,21.33,None,8.00,None,4.00,None,None,None,9.00,None,22.00,None
1769957483.0824363,17.00,None,33.00,None,31.33,None,12.00,None,None,None,12.00,None,21.33,None,8.00,None,4.00,None,None,None,9.00,None,26.33,None
1769957483.0830376,17.00,None,33.00,None,31.33,None,12.00,None,None,None,12.00,None,21.33,None,8.00,None,4.00,None,None,None,9.00,None,26.33,None
1769957483.2154388,17.00,None,33.00,None,31.33,None,12.00,None,None,None,12.00,None,21.33,None,8.00,None,4.00,None,None,None,9.00,None,26.33,None
1769957483.2160327,17.00,None,33.00,None,31.33,None,12.00,None,None,None,12.00,None,21.33,None,8.00,None,4.00,None,None,None,9.00,None,26.33,None
1769957483.2631462,17.00,None,33.00,None,31.33,None,12.00,None,None,None,12.00,None,21.33,None,8.00,None,4.00,None,None,None,9.00,None,26.33,None
1769957483.2637694,17.00,None,33.00,None,31.33,None,12.00,None,None,None,12.00,None,21.33,None,8.00,None,4.00,None,None,None,9.00,None,26.33,None
1769957483.3144834,26.00,None,33.00,None,31.33,None,12.00,None,None,None,12.00,None,21.33,None,8.00,None,8.00,None,None,None,12.33,None,26.33,None
1769957483.31507,26.00,None,33.00,None,31.33,None,12.00,None,None,None,12.00,None,21.33,None,8.00,None,8.00,None,None,None,12.33,None,26.33,None
1769957483.3772259,26.00,None,33.00,None,31.33,None,12.00,None,None,None,12.00,None,21.33,None,8.00,None,8.00,None,None,None,16.66,None,26.33,None
1769957483.3778846,26.00,None,33.00,None,31.33,None,12.00,None,None,None,12.00,None,21.33,None,8.00,None,8.00,None,None,None,16.66,None,26.33,None
1769957487.546488,26.00,None,33.00,None,22.33,None,12.00,None,0.00,None,12.00,None,21.33,None,8.00,None,8.00,None,None,None,16.66,None,26.33,None
1769957487.5471702,26.00,None,33.00,None,22.33,None,12.00,None,0.00,None,12.00,None,21.33,None,8.00,None,8.00,None,None,None,16.66,None,26.33,None
1769957497.650623,13.00,None,24.67,None,13.33,None,8.00,None,0.00,None,12.00,None,0.00,None,4.00,None,8.00,None,None,None,7.66,None,4.33,None
1769957497.6513152,13.00,None,24.67,None,13.33,None,8.00,None,0.00,None,12.00,None,0.00,None,4.00,None,8.00,None,None,None,7.66,None,4.33,None
1769957497.705815,13.00,None,24.67,None,13.33,None,8.00,None,0.00,None,12.00,None,0.00,None,4.00,None,8.00,None,None,None,7.66,None,4.33,None
1769957497.706517,13.00,None,24.67,None,13.33,None,8.00,None,0.00,None,12.00,None,0.00,None,4.00,None,8.00,None,None,None,7.66,None,4.33,None
1769957502.604277,13.00,None,24.67,None,13.33,None,8.00,None,0.00,None,12.00,None,0.00,None,4.00,None,8.00,None,None,None,7.66,None,4.33,None
1769957502.605299,13.00,None,24.67,None,13.33,None,8.00,None,0.00,None,12.00,None,0.00,None,4.00,None,8.00,None,None,None,7.66,None,4.33,None
1769957502.694262,13.00,None,24.67,None,13.33,None,8.00,None,4.00,None,12.00,None,0.00,None,4.00,None,8.00,None,None,None,7.66,None,4.33,None
1769957502.695439,13.00,None,24.67,None,13.33,None,8.00,None,4.00,None,12.00,None,0.00,None,4.00,None,8.00,None,None,None,7.66,None,4.33,None
1769957502.7933204,13.00,None,24.67,None,13.33,None,8.00,None,4.00,None,12.00,None,0.00,None,8.00,None,8.00,None,None,None,7.66,None,4.33,None
1769957502.7945492,13.00,None,24.67,None,13.33,None,8.00,None,4.00,None,12.00,None,0.00,None,8.00,None,8.00,None,None,None,7.66,None,4.33,None
1769957502.8863328,17.00,None,24.67,None,13.33,None,8.00,None,4.00,None,12.00,None,0.00,None,8.00,None,8.00,None,None,None,7.66,None,4.33,None
1769957502.8873188,17.00,None,24.67,None,13.33,None,8.00,None,4.00,None,12.00,None,0.00,None,8.00,None,8.00,None,None,None,7.66,None,4.33,None
1769957503.1164703,17.00,None,24.67,None,13.33,None,8.00,None,4.00,None,12.00,None,0.00,None,8.00,None,8.00,None,None,None,7.66,None,4.33,None
1769957503.1174674,17.00,None,24.67,None,13.33,None,8.00,None,4.00,None,12.00,None,0.00,None,8.00,None,8.00,None,None,None,7.66,None,4.33,None
1769957503.2020833,17.00,None,28.67,None,13.33,None,8.00,None,4.00,None,12.00,None,0.00,None,8.00,None,8.00,None,None,None,7.66,None,13.33,None
1769957503.2031097,17.00,None,28.67,None,13.33,None,8.00,None,4.00,None,12.00,None,0.00,None,8.00,None,8.00,None,None,None,7.66,None,13.33,None
1769957503.2649355,17.00,None,37.67,None,13.33,None,8.00,None,4.00,None,12.00,None,0.00,None,8.00,None,8.00,None,None,None,7.66,None,13.33,None
1769957503.2655365,17.00,None,37.67,None,13.33,None,8.00,None,4.00,None,12.00,None,0.00,None,8.00,None,8.00,None,None,None,7.66,None,13.33,None
1769957503.3142495,17.00,None,46.67,None,13.33,None,8.00,None,4.00,None,12.00,None,0.00,None,8.00,None,8.00,None,None,None,7.66,None,13.33,None
1769957503.3148363,17.00,None,46.67,None,13.33,None,8.00,None,4.00,None,12.00,None,0.00,None,8.00,None,8.00,None,None,None,7.66,None,13.33,None
1769957507.6297688,8.00,None,34.67,None,9.00,None,0.00,None,4.00,None,8.00,None,0.00,None,17.00,None,8.00,None,0.00,None,4.33,None,13.33,None
1769957507.6311252,8.00,None,34.67,None,9.00,None,0.00,None,4.00,None,8.00,None,0.00,None,17.00,None,8.00,None,0.00,None,4.33,None,13.33,None
1769957507.8065393,8.00,None,34.67,None,9.00,None,0.00,None,4.00,None,8.00,None,0.00,None,17.00,None,8.00,None,0.00,None,4.33,None,13.33,None
1769957507.8072927,8.00,None,34.67,None,9.00,None,0.00,None,4.00,None,8.00,None,0.00,None,17.00,None,8.00,None,0.00,None,4.33,None,13.33,None
1769957507.8624763,8.00,None,34.67,None,9.00,None,0.00,None,4.00,None,12.00,None,0.00,None,17.00,None,8.00,None,0.00,None,4.33,None,13.33,None
1769957507.86307,8.00,None,34.67,None,9.00,None,0.00,None,4.00,None,12.00,None,0.00,None,17.00,None,8.00,None,0.00,None,4.33,None,13.33,None
1769957507.9138043,8.00,None,34.67,None,9.00,None,0.00,None,4.00,None,12.00,None,0.00,None,17.00,None,8.00,None,0.00,None,4.33,None,13.33,None
1769957507.914879,8.00,None,34.67,None,9.00,None,0.00,None,4.00,None,12.00,None,0.00,None,17.00,None,8.00,None,0.00,None,4.33,None,13.33,None
1769957507.9633982,8.00,None,34.67,None,13.33,None,0.00,None,8.00,None,12.00,None,9.00,None,17.00,None,8.00,None,0.00,None,13.00,None,13.33,None
1769957507.9640164,8.00,None,34.67,None,13.33,None,0.00,None,8.00,None,12.00,None,9.00,None,17.00,None,8.00,None,0.00,None,13.00,None,13.33,None
1769957517.629799,8.00,None,34.67,None,13.33,None,0.00,None,8.00,None,12.00,None,9.00,None,17.00,None,8.00,None,4.00,None,13.00,None,13.33,None
1769957517.6303751,8.00,None,34.67,None,13.33,None,0.00,None,8.00,None,12.00,None,9.00,None,17.00,None,8.00,None,4.00,None,13.00,None,13.33,None
1769957522.718186,8.00,None,34.67,None,13.33,None,0.00,None,8.00,None,12.00,None,9.00,None,17.00,None,8.00,None,4.00,None,13.00,None,13.33,None
1769957522.7191226,8.00,None,34.67,None,13.33,None,0.00,None,8.00,None,12.00,None,9.00,None,17.00,None,8.00,None,4.00,None,13.00,None,13.33,None
1769957527.773759,4.00,None,34.67,None,13.33,None,0.00,None,4.00,None,8.00,None,9.00,None,17.00,None,8.00,None,4.00,None,13.00,None,13.33,None
1769957527.7751224,4.00,None,34.67,None,13.33,None,0.00,None,4.00,None,8.00,None,9.00,None,17.00,None,8.00,None,4.00,None,13.00,None,13.33,None
1769957527.8743844,4.00,None,34.67,None,13.33,None,0.00,None,4.00,None,8.00,None,9.00,None,17.00,None,8.00,None,4.00,None,13.00,None,13.33,None
1769957527.8754177,4.00,None,34.67,None,13.33,None,0.00,None,4.00,None,8.00,None,9.00,None,17.00,None,8.00,None,4.00,None,13.00,None,13.33,None
1769957527.9515443,4.00,None,34.67,None,13.33,None,0.00,None,4.00,None,8.00,None,9.00,None,17.00,None,8.00,None,4.00,None,13.00,None,13.33,None
1769957527.9525015,4.00,None,34.67,None,13.33,None,0.00,None,4.00,None,8.00,None,9.00,None,17.00,None,8.00,None,4.00,None,13.00,None,13.33,None
1769957528.0159209,4.00,None,34.67,None,13.33,None,0.00,None,4.00,None,8.00,None,9.00,None,17.00,None,8.00,None,4.00,None,13.00,None,13.33,None
1769957528.016648,4.00,None,34.67,None,13.33,None,0.00,None,4.00,None,8.00,None,9.00,None,17.00,None,8.00,None,4.00,None,13.00,None,13.33,None
1769957528.1663709,8.00,None,34.67,None,13.33,None,0.00,None,4.00,None,8.00,None,9.00,None,17.00,None,8.00,None,4.00,None,13.00,None,13.33,None
1769957528.1671126,8.00,None,34.67,None,13.33,None,0.00,None,4.00,None,8.00,None,9.00,None,17.00,None,8.00,None,4.00,None,13.00,None,13.33,None
1769957528.2530508,8.00,None,34.67,None,22.33,None,0.00,None,4.00,None,8.00,None,9.00,None,17.00,None,8.00,None,4.00,None,13.00,None,13.33,None
1769957528.2541244,8.00,None,34.67,None,22.33,None,0.00,None,4.00,None,8.00,None,9.00,None,17.00,None,8.00,None,4.00,None,13.00,None,13.33,None
1769957532.6371489,8.00,None,26.00,None,18.00,None,0.00,None,4.00,None,8.00,None,0.00,None,17.00,None,4.00,None,4.00,None,4.33,None,13.33,None
1769957532.6377318,8.00,None,26.00,None,18.00,None,0.00,None,4.00,None,8.00,None,0.00,None,17.00,None,4.00,None,4.00,None,4.33,None,13.33,None
1769957532.6912467,8.00,None,26.00,None,18.00,None,0.00,None,8.00,None,8.00,None,0.00,None,17.00,None,4.00,None,4.00,None,4.33,None,22.33,None
1769957532.6925085,8.00,None,26.00,None,18.00,None,0.00,None,8.00,None,8.00,None,0.00,None,17.00,None,4.00,None,4.00,None,4.33,None,22.33,None
1769957546.8195672,8.00,None,26.00,None,18.00,None,0.00,None,8.00,None,8.00,None,0.00,None,17.00,None,4.00,None,4.00,None,4.33,None,22.33,None
1769957546.8202524,8.00,None,26.00,None,18.00,None,0.00,None,8.00,None,8.00,None,0.00,None,17.00,None,4.00,None,4.00,None,4.33,None,22.33,None
1769957546.9881277,8.00,None,26.00,None,18.00,None,0.00,None,8.00,None,8.00,None,0.00,None,17.00,None,4.00,None,4.00,None,4.33,None,22.33,None
1769957546.9887419,8.00,None,26.00,None,18.00,None,0.00,None,8.00,None,8.00,None,0.00,None,17.00,None,4.00,None,4.00,None,4.33,None,22.33,None
1769957547.049898,8.00,None,26.00,None,18.00,None,0.00,None,8.00,None,8.00,None,0.00,None,17.00,None,4.00,None,8.00,None,4.33,None,22.33,None
1769957547.0504918,8.00,None,26.00,None,18.00,None,0.00,None,8.00,None,8.00,None,0.00,None,17.00,None,4.00,None,8.00,None,4.33,None,22.33,None
1769957547.1235423,8.00,None,26.00,None,18.00,None,0.00,None,8.00,None,8.00,None,0.00,None,17.00,None,4.00,None,8.00,None,4.33,None,22.33,None
1769957547.1241467,8.00,None,26.00,None,18.00,None,0.00,None,8.00,None,8.00,None,0.00,None,17.00,None,4.00,None,8.00,None,4.33,None,22.33,None
1769957547.1999059,8.00,None,26.00,None,18.00,None,0.00,None,8.00,None,12.00,None,0.00,None,17.00,None,4.00,None,8.00,None,4.33,None,22.33,None
1769957547.2005188,8.00,None,26.00,None,18.00,None,0.00,None,8.00,None,12.00,None,0.00,None,17.00,None,4.00,None,8.00,None,4.33,None,22.33,None
1769957547.4448478,8.00,None,26.00,None,18.00,None,0.00,None,8.00,None,12.00,None,0.00,None,17.00,None,4.00,None,8.00,None,4.33,None,22.33,None
1769957547.4459348,8.00,None,26.00,None,18.00,None,0.00,None,8.00,None,12.00,None,0.00,None,17.00,None,4.00,None,8.00,None,4.33,None,22.33,None
1769957549.0179303,16.67,None,17.00,None,18.00,None,0.00,None,8.00,None,12.00,None,0.00,None,None,None,4.00,None,8.00,None,0.00,None,22.33,None
1769957549.0189815,16.67,None,17.00,None,18.00,None,0.00,None,8.00,None,12.00,None,0.00,None,None,None,4.00,None,8.00,None,0.00,None,22.33,None
1769957549.1016033,16.67,None,17.00,None,18.00,None,0.00,None,8.00,None,12.00,None,0.00,None,None,None,4.00,None,8.00,None,0.00,None,22.33,None
1769957549.1026418,16.67,None,17.00,None,18.00,None,0.00,None,8.00,None,12.00,None,0.00,None,None,None,4.00,None,8.00,None,0.00,None,22.33,None
1769957549.1848776,25.67,None,17.00,None,18.00,None,0.00,None,8.00,None,12.00,None,0.00,None,None,None,4.00,None,8.00,None,0.00,None,22.33,None
1769957549.185979,25.67,None,17.00,None,18.00,None,0.00,None,8.00,None,12.00,None,0.00,None,None,None,4.00,None,8.00,None,0.00,None,22.33,None
1769957549.23922,25.67,None,17.00,None,18.00,None,0.00,None,8.00,None,12.00,None,0.00,None,None,None,4.00,None,8.00,None,0.00,None,22.33,None
1769957549.2399843,25.67,None,17.00,None,18.00,None,0.00,None,8.00,None,12.00,None,0.00,None,None,None,4.00,None,8.00,None,0.00,None,22.33,None
1769957549.4272892,25.67,None,17.00,None,18.00,None,4.00,None,8.00,None,12.00,None,0.00,None,None,None,4.00,None,8.00,None,0.00,None,22.33,None
1769957549.4284337,25.67,None,17.00,None,18.00,None,4.00,None,8.00,None,12.00,None,0.00,None,None,None,4.00,None,8.00,None,0.00,None,22.33,None
1769957549.5079384,25.67,None,17.00,None,18.00,None,4.00,None,8.00,None,12.00,None,0.00,None,None,None,4.00,None,8.00,None,0.00,None,22.33,None
1769957549.5090528,25.67,None,17.00,None,18.00,None,4.00,None,8.00,None,12.00,None,0.00,None,None,None,4.00,None,8.00,None,0.00,None,22.33,None
1769957549.6050568,25.67,None,17.00,None,18.00,None,4.00,None,8.00,None,12.00,None,0.00,None,None,None,4.00,None,8.00,None,0.00,None,22.33,None
1769957549.6061578,25.67,None,17.00,None,18.00,None,4.00,None,8.00,None,12.00,None,0.00,None,None,None,4.00,None,8.00,None,0.00,None,22.33,None
1769957552.6650722,25.67,None,13.00,None,18.00,None,4.00,None,0.00,None,12.00,None,0.00,None,None,None,4.00,None,4.00,None,0.00,None,13.33,None
1769957552.6664386,25.67,None,13.00,None,18.00,None,4.00,None,0.00,None,12.00,None,0.00,None,None,None,4.00,None,4.00,None,0.00,None,13.33,None
1769957552.7406192,25.67,None,17.00,None,18.00,None,4.00,None,0.00,None,12.00,None,0.00,None,None,None,4.00,None,4.00,None,0.00,None,13.33,None
1769957552.7414718,25.67,None,17.00,None,18.00,None,4.00,None,0.00,None,12.00,None,0.00,None,None,None,4.00,None,4.00,None,0.00,None,13.33,None
1769957552.9099753,34.67,None,17.00,None,18.00,None,4.00,None,0.00,None,12.00,None,0.00,None,None,None,4.00,None,4.00,None,0.00,None,13.33,None
1769957552.910538,34.67,None,17.00,None,18.00,None,4.00,None,0.00,None,12.00,None,0.00,None,None,None,4.00,None,4.00,None,0.00,None,13.33,None
1769957566.8241577,34.67,None,17.00,None,18.00,None,0.00,None,4.00,None,8.00,None,0.00,None,None,None,4.00,None,4.00,None,0.00,None,13.33,None
1769957566.8247542,34.67,None,17.00,None,18.00,None,0.00,None,4.00,None,8.00,None,0.00,None,None,None,4.00,None,4.00,None,0.00,None,13.33,None
1769957566.8871472,34.67,None,17.00,None,18.00,None,0.00,None,4.00,None,8.00,None,0.00,None,None,None,4.00,None,4.00,None,8.67,None,13.33,None
1769957566.887758,34.67,None,17.00,None,18.00,None,0.00,None,4.00,None,8.00,None,0.00,None,None,None,4.00,None,4.00,None,8.67,None,13.33,None
1769957566.9578993,43.67,None,17.00,None,18.00,None,0.00,None,4.00,None,8.00,None,0.00,None,None,None,8.00,None,4.00,None,8.67,None,13.33,None
1769957566.958481,43.67,None,17.00,None,18.00,None,0.00,None,4.00,None,8.00,None,0.00,None,None,None,8.00,None,4.00,None,8.67,None,13.33,None
1769957567.0091074,43.67,None,17.00,None,18.00,None,0.00,None,4.00,None,8.00,None,0.00,None,None,None,8.00,None,4.00,None,8.67,None,17.66,None
1769957567.009704,43.67,None,17.00,None,18.00,None,0.00,None,4.00,None,8.00,None,0.00,None,None,None,8.00,None,4.00,None,8.67,None,17.66,None
1769957567.1582923,48.00,None,17.00,None,18.00,None,0.00,None,4.00,None,8.00,None,0.00,None,None,None,8.00,None,4.00,None,8.67,None,17.66,None
1769957567.1588767,48.00,None,17.00,None,18.00,None,0.00,None,4.00,None,8.00,None,0.00,None,None,None,8.00,None,4.00,None,8.67,None,17.66,None
1769957567.2101886,48.00,None,17.00,None,18.00,None,0.00,None,4.00,None,8.00,None,0.00,None,None,None,8.00,None,4.00,None,8.67,None,26.66,None
1769957567.2108457,48.00,None,17.00,None,18.00,None,0.00,None,4.00,None,8.00,None,0.00,None,None,None,8.00,None,4.00,None,8.67,None,26.66,None
1769957572.6792738,39.00,None,17.00,None,18.00,None,0.00,None,4.00,None,8.00,None,0.00,None,4.00,None,8.00,None,4.00,None,8.67,None,26.66,None
1769957572.6798933,39.00,None,17.00,None,18.00,None,0.00,None,4.00,None,8.00,None,0.00,None,4.00,None,8.00,None,4.00,None,8.67,None,26.66,None
1769957572.7264519,39.00,None,17.00,None,18.00,None,0.00,None,4.00,None,8.00,None,0.00,None,4.00,None,8.00,None,4.00,None,8.67,None,26.66,None
1769957572.7270522,39.00,None,17.00,None,18.00,None,0.00,None,4.00,None,8.00,None,0.00,None,4.00,None,8.00,None,4.00,None,8.67,None,26.66,None
1769957577.7024412,39.00,None,13.00,None,18.00,None,0.00,None,4.00,None,8.00,None,0.00,None,4.00,None,8.00,None,4.00,None,8.67,None,17.66,None
1769957577.7030578,39.00,None,13.00,None,18.00,None,0.00,None,4.00,None,8.00,None,0.00,None,4.00,None,8.00,None,4.00,None,8.67,None,17.66,None
1769957577.852981,39.00,None,13.00,None,18.00,None,0.00,None,4.00,None,8.00,None,0.00,None,4.00,None,8.00,None,8.00,None,8.67,None,17.66,None
1769957577.8535893,39.00,None,13.00,None,18.00,None,0.00,None,4.00,None,8.00,None,0.00,None,4.00,None,8.00,None,8.00,None,8.67,None,17.66,None
1769957577.9123328,39.00,None,13.00,None,18.00,None,0.00,None,8.00,None,8.00,None,0.00,None,4.00,None,8.00,None,8.00,None,8.67,None,17.66,None
1769957577.9129558,39.00,None,13.00,None,18.00,None,0.00,None,8.00,None,8.00,None,0.00,None,4.00,None,8.00,None,8.00,None,8.67,None,17.66,None
1769957582.7211454,26.33,None,4.00,None,18.00,None,0.00,None,8.00,None,4.00,None,0.00,None,4.00,None,8.00,None,8.00,None,8.67,None,13.33,None
1769957582.7217565,26.33,None,4.00,None,18.00,None,0.00,None,8.00,None,4.00,None,0.00,None,4.00,None,8.00,None,8.00,None,8.67,None,13.33,None
1769957582.7691193,26.33,None,4.00,None,18.00,None,0.00,None,8.00,None,4.00,None,0.00,None,8.00,None,8.00,None,8.00,None,8.67,None,13.33,None
1769957582.7697623,26.33,None,4.00,None,18.00,None,0.00,None,8.00,None,4.00,None,0.00,None,8.00,None,8.00,None,8.00,None,8.67,None,13.33,None
1769957582.816384,30.33,None,4.00,None,18.00,None,0.00,None,8.00,None,4.00,None,0.00,None,8.00,None,8.00,None,8.00,None,8.67,None,13.33,None
1769957582.817001,30.33,None,4.00,None,18.00,None,0.00,None,8.00,None,4.00,None,0.00,None,8.00,None,8.00,None,8.00,None,8.67,None,13.33,None
1769957587.806883,30.33,None,4.00,None,18.00,None,0.00,None,8.00,None,4.00,None,0.00,None,8.00,None,8.00,None,12.00,None,8.67,None,13.33,None
1769957587.8074732,30.33,None,4.00,None,18.00,None,0.00,None,8.00,None,4.00,None,0.00,None,8.00,None,8.00,None,12.00,None,8.67,None,13.33,None
1769957587.852907,30.33,None,4.00,None,18.00,None,0.00,None,8.00,None,8.00,None,0.00,None,8.00,None,8.00,None,12.00,None,8.67,None,13.33,None
1769957587.853476,30.33,None,4.00,None,18.00,None,0.00,None,8.00,None,8.00,None,0.00,None,8.00,None,8.00,None,12.00,None,8.67,None,13.33,None
1769957587.903783,30.33,None,8.00,None,18.00,None,0.00,None,8.00,None,8.00,None,0.00,None,8.00,None,8.00,None,12.00,None,8.67,None,13.33,None
1769957587.9045026,30.33,None,8.00,None,18.00,None,0.00,None,8.00,None,8.00,None,0.00,None,8.00,None,8.00,None,12.00,None,8.67,None,13.33,None
1769957587.9557014,30.33,None,8.00,None,18.00,None,0.00,None,8.00,None,8.00,None,0.00,None,8.00,None,8.00,None,12.00,None,8.67,None,13.33,None
1769957587.956304,30.33,None,8.00,None,18.00,None,0.00,None,8.00,None,8.00,None,0.00,None,8.00,None,8.00,None,12.00,None,8.67,None,13.33,None
1769957588.0906422,30.33,None,8.00,None,18.00,None,0.00,None,8.00,None,8.00,None,4.33,None,8.00,None,8.00,None,12.00,None,8.67,None,13.33,None
1769957588.0912507,30.33,None,8.00,None,18.00,None,0.00,None,8.00,None,8.00,None,4.33,None,8.00,None,8.00,None,12.00,None,8.67,None,13.33,None
1769957588.1397445,30.33,None,8.00,None,18.00,None,0.00,None,8.00,None,8.00,None,4.33,None,8.00,None,8.00,None,12.00,None,8.67,None,22.00,None
1769957588.1403472,30.33,None,8.00,None,18.00,None,0.00,None,8.00,None,8.00,None,4.33,None,8.00,None,8.00,None,12.00,None,8.67,None,22.00,None
1769957588.1939425,39.33,None,8.00,None,18.00,None,0.00,None,8.00,None,8.00,None,4.33,None,8.00,None,8.00,None,12.00,None,8.67,None,22.00,None
1769957588.1945744,39.33,None,8.00,None,18.00,None,0.00,None,8.00,None,8.00,None,4.33,None,8.00,None,8.00,None,12.00,None,8.67,None,22.00,None
1769957588.246787,39.33,None,8.00,None,18.00,None,0.00,None,8.00,None,8.00,None,4.33,None,8.00,None,8.00,None,12.00,None,8.67,None,22.00,None
1769957588.2474556,39.33,None,8.00,None,18.00,None,0.00,None,8.00,None,8.00,None,4.33,None,8.00,None,8.00,None,12.00,None,8.67,None,22.00,None
