timestamp,2.,2.1,5.,5.1,6.,6.1,8.,8.1,9.,9.1,14.,14.1,18.,18.1,23.,23.1,25.,25.1,28.,28.1,33.,33.1,34.,34.1
1763508705.7372491,None,0.00,None,0.00,None,0.00,None,0.00,None,0.00,None,0.00,None,7.66,None,9.00,None,0.00,None,0.00,None,0.00,None,10.34
1763508705.7381501,None,0.00,None,0.00,None,0.00,None,0.00,None,0.00,None,0.00,None,7.66,None,9.00,None,0.00,None,0.00,None,0.00,None,10.34
1763508705.769011,None,0.00,None,0.00,None,0.00,None,0.00,None,0.00,None,0.00,None,7.66,None,9.00,None,0.00,None,0.00,None,0.00,None,10.34
1763508705.7697406,None,0.00,None,0.00,None,0.00,None,0.00,None,0.00,None,0.00,None,7.66,None,9.00,None,0.00,None,0.00,None,0.00,None,10.34
1763508705.7875984,None,0.00,None,0.00,None,0.00,None,0.00,None,0.00,None,0.00,None,7.66,None,9.00,None,0.00,None,0.00,None,9.00,None,10.34
1763508705.7880108,None,0.00,None,0.00,None,0.00,None,0.00,None,0.00,None,0.00,None,7.66,None,9.00,None,0.00,None,0.00,None,9.00,None,10.34
1763508705.811505,None,0.00,None,0.00,None,9.00,None,0.00,None,0.00,None,0.00,None,7.66,None,9.00,None,0.00,None,0.00,None,9.00,None,10.34
1763508705.8122687,None,0.00,None,0.00,None,9.00,None,0.00,None,0.00,None,0.00,None,7.66,None,9.00,None,0.00,None,0.00,None,9.00,None,10.34
1763508705.8384714,None,0.00,None,0.00,None,9.00,None,0.00,None,0.00,None,13.00,None,7.66,None,9.00,None,0.00,None,0.00,None,9.00,None,10.34
1763508705.8392131,None,0.00,None,0.00,None,9.00,None,0.00,None,0.00,None,13.00,None,7.66,None,9.00,None,0.00,None,0.00,None,9.00,None,10.34
1763508705.8720186,None,0.00,None,0.00,None,9.00,None,0.00,None,0.00,None,13.00,None,7.66,None,9.00,None,0.00,None,9.00,None,9.00,None,10.34
1763508705.8727467,None,0.00,None,0.00,None,9.00,None,0.00,None,0.00,None,13.00,None,7.66,None,9.00,None,0.00,None,9.00,None,9.00,None,10.34
1763508721.7297459,None,0.00,None,0.00,None,9.00,None,0.00,None,0.00,None,13.00,None,7.66,None,9.00,None,0.00,None,9.00,None,9.00,None,10.34
1763508721.7305675,None,0.00,None,0.00,None,9.00,None,0.00,None,0.00,None,13.00,None,7.66,None,9.00,None,0.00,None,9.00,None,9.00,None,10.34
1763508721.757242,None,0.00,None,0.00,None,9.00,None,0.00,None,0.00,None,22.00,None,11.99,None,9.00,None,0.00,None,9.00,None,9.00,None,12.01
1763508721.7576933,None,0.00,None,0.00,None,9.00,None,0.00,None,0.00,None,22.00,None,11.99,None,9.00,None,0.00,None,9.00,None,9.00,None,12.01
1763508721.7877803,None,0.00,None,0.00,None,9.00,None,4.00,None,0.00,None,22.00,None,11.99,None,9.00,None,0.00,None,9.00,None,9.00,None,12.01
1763508721.7885478,None,0.00,None,0.00,None,9.00,None,4.00,None,0.00,None,22.00,None,11.99,None,9.00,None,0.00,None,9.00,None,9.00,None,12.01
1763508721.8115685,None,0.00,None,0.00,None,9.00,None,4.00,None,0.00,None,22.00,None,11.99,None,9.00,None,0.00,None,9.00,None,9.00,None,12.01
1763508721.812055,None,0.00,None,0.00,None,9.00,None,4.00,None,0.00,None,22.00,None,11.99,None,9.00,None,0.00,None,9.00,None,9.00,None,12.01
1763508721.8338087,None,0.00,None,0.00,None,9.00,None,13.00,None,0.00,None,22.00,None,11.99,None,9.00,None,0.00,None,9.00,None,9.00,None,13.68
1763508721.834256,None,0.00,None,0.00,None,9.00,None,13.00,None,0.00,None,22.00,None,11.99,None,9.00,None,0.00,None,9.00,None,9.00,None,13.68
1763508721.864958,None,9.00,None,0.00,None,9.00,None,13.00,None,0.00,None,22.00,None,11.99,None,9.00,None,0.00,None,9.00,None,9.00,None,13.68
1763508721.8657315,None,9.00,None,0.00,None,9.00,None,13.00,None,0.00,None,22.00,None,11.99,None,9.00,None,0.00,None,9.00,None,9.00,None,13.68
1763508744.7417035,None,9.00,None,0.00,None,9.00,None,13.00,None,9.00,None,22.00,None,11.99,None,9.00,None,0.00,None,9.00,None,9.00,None,13.68
1763508744.742513,None,9.00,None,0.00,None,9.00,None,13.00,None,9.00,None,22.00,None,11.99,None,9.00,None,0.00,None,9.00,None,9.00,None,13.68
1763508744.778017,None,13.33,None,0.00,None,9.00,None,13.00,None,9.00,None,22.00,None,13.66,None,9.00,None,0.00,None,9.00,None,9.00,None,13.68
1763508744.778853,None,13.33,None,0.00,None,9.00,None,13.00,None,9.00,None,22.00,None,13.66,None,9.00,None,0.00,None,9.00,None,9.00,None,13.68
1763508744.812187,None,13.33,None,9.00,None,9.00,None,13.00,None,9.00,None,22.00,None,13.66,None,9.00,None,0.00,None,13.00,None,9.00,None,13.68
1763508744.812997,None,13.33,None,9.00,None,9.00,None,13.00,None,9.00,None,22.00,None,13.66,None,9.00,None,0.00,None,13.00,None,9.00,None,13.68
1763508744.84324,None,13.33,None,9.00,None,9.00,None,13.00,None,9.00,None,22.00,None,13.66,None,9.00,None,0.00,None,13.00,None,9.00,None,13.68
1763508744.8440604,None,13.33,None,9.00,None,9.00,None,13.00,None,9.00,None,22.00,None,13.66,None,9.00,None,0.00,None,13.00,None,9.00,None,13.68
1763508744.8813977,None,13.33,None,9.00,None,9.00,None,13.00,None,9.00,None,22.00,None,13.66,None,9.00,None,0.00,None,13.00,None,13.33,None,13.68
1763508744.882195,None,13.33,None,9.00,None,9.00,None,13.00,None,9.00,None,22.00,None,13.66,None,9.00,None,0.00,None,13.00,None,13.33,None,13.68
1763508744.919226,None,13.33,None,9.00,None,9.00,None,13.00,None,9.00,None,22.00,None,13.66,None,9.00,None,0.00,None,13.00,None,13.33,None,13.68
1763508744.920032,None,13.33,None,9.00,None,9.00,None,13.00,None,9.00,None,22.00,None,13.66,None,9.00,None,0.00,None,13.00,None,13.33,None,13.68
1763508757.7315333,None,13.33,None,9.00,None,9.00,None,13.00,None,9.00,None,22.00,None,13.66,None,9.00,None,0.00,None,13.00,None,13.33,None,13.68
1763508757.7319982,None,13.33,None,9.00,None,9.00,None,13.00,None,9.00,None,22.00,None,13.66,None,9.00,None,0.00,None,13.00,None,13.33,None,13.68
1763508757.7644446,None,13.33,None,9.00,None,9.00,None,13.00,None,9.00,None,22.00,None,13.66,None,9.00,None,0.00,None,13.00,None,13.33,None,13.68
1763508757.7652586,None,13.33,None,9.00,None,9.00,None,13.00,None,9.00,None,22.00,None,13.66,None,9.00,None,0.00,None,13.00,None,13.33,None,13.68
1763508757.7971466,None,13.33,None,9.00,None,9.00,None,13.00,None,9.00,None,31.00,None,13.66,None,9.00,None,0.00,None,13.00,None,13.33,None,13.68
1763508757.7979386,None,13.33,None,9.00,None,9.00,None,13.00,None,9.00,None,31.00,None,13.66,None,9.00,None,0.00,None,13.00,None,13.33,None,13.68
1763508757.8324387,None,13.33,None,9.00,None,9.00,None,13.00,None,9.00,None,31.00,None,13.66,None,18.00,None,0.00,None,13.00,None,13.33,None,13.68
1763508757.8332493,None,13.33,None,9.00,None,9.00,None,13.00,None,9.00,None,31.00,None,13.66,None,18.00,None,0.00,None,13.00,None,13.33,None,13.68
1763508757.8665204,None,22.33,None,9.00,None,9.00,None,13.00,None,9.00,None,31.00,None,13.66,None,18.00,None,0.00,None,13.00,None,13.33,None,13.68
1763508757.8673415,None,22.33,None,9.00,None,9.00,None,13.00,None,9.00,None,31.00,None,13.66,None,18.00,None,0.00,None,13.00,None,13.33,None,13.68
1763508757.902722,None,22.33,None,9.00,None,9.00,None,13.00,None,9.00,None,31.00,None,13.66,None,18.00,None,0.00,None,13.00,None,13.33,None,13.68
1763508757.9035478,None,22.33,None,9.00,None,9.00,None,13.00,None,9.00,None,31.00,None,13.66,None,18.00,None,0.00,None,13.00,None,13.33,None,13.68
1763508759.007137,None,22.33,None,24.00,None,9.00,None,13.00,None,9.00,None,31.00,None,6.00,None,9.00,None,0.00,None,13.00,None,13.33,None,3.34
1763508759.0079584,None,22.33,None,24.00,None,9.00,None,13.00,None,9.00,None,31.00,None,6.00,None,9.00,None,0.00,None,13.00,None,13.33,None,3.34
1763508769.013765,None,22.33,None,24.00,None,9.00,None,13.00,None,9.00,None,31.00,None,6.00,None,9.00,None,9.00,None,4.00,None,13.33,None,3.34
1763508769.0146122,None,22.33,None,24.00,None,9.00,None,13.00,None,9.00,None,31.00,None,6.00,None,9.00,None,9.00,None,4.00,None,13.33,None,3.34
1763508770.8757093,None,22.33,None,24.00,None,9.00,None,13.00,None,9.00,None,31.00,None,6.00,None,9.00,None,9.00,None,4.00,None,13.33,None,3.34
1763508770.876531,None,22.33,None,24.00,None,9.00,None,13.00,None,9.00,None,31.00,None,6.00,None,9.00,None,9.00,None,4.00,None,13.33,None,3.34
1763508770.9154217,None,22.33,None,24.00,None,9.00,None,13.00,None,9.00,None,31.00,None,6.00,None,9.00,None,9.00,None,4.00,None,13.33,None,3.34
1763508770.9162393,None,22.33,None,24.00,None,9.00,None,13.00,None,9.00,None,31.00,None,6.00,None,9.00,None,9.00,None,4.00,None,13.33,None,3.34
1763508770.954841,None,22.33,None,24.00,None,9.00,None,13.00,None,9.00,None,40.00,None,6.00,None,9.00,None,9.00,None,4.00,None,13.33,None,3.34
1763508770.9556828,None,22.33,None,24.00,None,9.00,None,13.00,None,9.00,None,40.00,None,6.00,None,9.00,None,9.00,None,4.00,None,13.33,None,3.34
1763508770.9902244,None,22.33,None,24.00,None,9.00,None,13.00,None,9.00,None,40.00,None,6.00,None,9.00,None,9.00,None,4.00,None,13.33,None,3.34
1763508770.991072,None,22.33,None,24.00,None,9.00,None,13.00,None,9.00,None,40.00,None,6.00,None,9.00,None,9.00,None,4.00,None,13.33,None,3.34
1763508771.0297852,None,22.33,None,24.00,None,9.00,None,13.00,None,9.00,None,40.00,None,6.00,None,9.00,None,13.00,None,4.00,None,13.33,None,3.34
1763508771.0306363,None,22.33,None,24.00,None,9.00,None,13.00,None,9.00,None,40.00,None,6.00,None,9.00,None,13.00,None,4.00,None,13.33,None,3.34
1763508771.0648289,None,22.33,None,24.00,None,9.00,None,13.00,None,9.00,None,49.00,None,6.00,None,9.00,None,13.00,None,4.00,None,13.33,None,3.34
1763508771.0656548,None,22.33,None,24.00,None,9.00,None,13.00,None,9.00,None,49.00,None,6.00,None,9.00,None,13.00,None,4.00,None,13.33,None,3.34
1763508774.025574,None,22.33,None,24.00,None,9.00,None,13.00,None,9.00,None,49.00,None,6.00,None,9.00,None,22.00,None,4.00,None,13.33,None,3.34
1763508774.0264497,None,22.33,None,24.00,None,9.00,None,13.00,None,9.00,None,49.00,None,6.00,None,9.00,None,22.00,None,4.00,None,13.33,None,3.34
1763508784.016905,None,22.33,None,24.00,None,9.00,None,13.00,None,9.00,None,49.00,None,6.00,None,9.00,None,22.00,None,4.00,None,13.33,None,12.34
1763508784.0173945,None,22.33,None,24.00,None,9.00,None,13.00,None,9.00,None,49.00,None,6.00,None,9.00,None,22.00,None,4.00,None,13.33,None,12.34
1763508785.7791822,None,25.66,None,30.00,None,9.00,None,13.00,None,9.00,None,49.00,None,6.00,None,9.00,None,22.00,None,4.00,None,13.33,None,12.34
1763508785.780006,None,25.66,None,30.00,None,9.00,None,13.00,None,9.00,None,49.00,None,6.00,None,9.00,None,22.00,None,4.00,None,13.33,None,12.34
1763508785.8204827,None,27.33,None,30.00,None,9.00,None,13.00,None,9.00,None,49.00,None,10.33,None,9.00,None,22.00,None,4.00,None,13.33,None,12.34
1763508785.8213046,None,27.33,None,30.00,None,9.00,None,13.00,None,9.00,None,49.00,None,10.33,None,9.00,None,22.00,None,4.00,None,13.33,None,12.34
1763508785.8563855,None,29.00,None,30.00,None,9.00,None,13.00,None,9.00,None,49.00,None,10.33,None,18.00,None,22.00,None,4.00,None,13.33,None,12.34
1763508785.8572145,None,29.00,None,30.00,None,9.00,None,13.00,None,9.00,None,49.00,None,10.33,None,18.00,None,22.00,None,4.00,None,13.33,None,12.34
1763508785.885145,None,29.00,None,30.00,None,9.00,None,13.00,None,9.00,None,49.00,None,13.66,None,18.00,None,22.00,None,4.00,None,13.33,None,12.34
1763508785.885644,None,29.00,None,30.00,None,9.00,None,13.00,None,9.00,None,49.00,None,13.66,None,18.00,None,22.00,None,4.00,None,13.33,None,12.34
1763508785.9285674,None,29.00,None,30.00,None,9.00,None,13.00,None,9.00,None,49.00,None,13.66,None,18.00,None,22.00,None,4.00,None,13.33,None,12.34
1763508785.9296978,None,29.00,None,30.00,None,9.00,None,13.00,None,9.00,None,49.00,None,13.66,None,18.00,None,22.00,None,4.00,None,13.33,None,12.34
1763508785.9667602,None,29.00,None,30.00,None,9.00,None,13.00,None,9.00,None,49.00,None,13.66,None,18.00,None,22.00,None,4.00,None,13.33,None,12.34
1763508785.9676235,None,29.00,None,30.00,None,9.00,None,13.00,None,9.00,None,49.00,None,13.66,None,18.00,None,22.00,None,4.00,None,13.33,None,12.34
1763508789.0415325,None,20.00,None,30.00,None,9.00,None,13.00,None,9.00,None,49.00,None,13.66,None,18.00,None,22.00,None,4.00,None,13.33,None,12.34
1763508789.0423973,None,20.00,None,30.00,None,9.00,None,13.00,None,9.00,None,49.00,None,13.66,None,18.00,None,22.00,None,4.00,None,13.33,None,12.34
1763508789.0778952,None,20.00,None,30.00,None,9.00,None,13.00,None,9.00,None,49.00,None,13.66,None,18.00,None,22.00,None,4.00,None,13.33,None,12.34
1763508789.0787497,None,20.00,None,30.00,None,9.00,None,13.00,None,9.00,None,49.00,None,13.66,None,18.00,None,22.00,None,4.00,None,13.33,None,12.34
1763508794.0469248,None,20.00,None,30.00,None,9.00,None,13.00,None,9.00,None,49.00,None,13.66,None,18.00,None,22.00,None,4.00,None,13.33,None,12.34
1763508794.0477993,None,20.00,None,30.00,None,9.00,None,13.00,None,9.00,None,49.00,None,13.66,None,18.00,None,22.00,None,4.00,None,13.33,None,12.34
1763508804.0562792,None,29.00,None,30.00,None,0.00,None,13.00,None,9.00,None,49.00,None,13.66,None,18.00,None,22.00,None,4.00,None,13.33,None,12.34
1763508804.0571475,None,29.00,None,30.00,None,0.00,None,13.00,None,9.00,None,49.00,None,13.66,None,18.00,None,22.00,None,4.00,None,13.33,None,12.34
1763508807.7851696,None,29.00,None,30.00,None,9.00,None,13.00,None,9.00,None,49.00,None,13.66,None,18.00,None,22.00,None,4.00,None,13.33,None,12.34
1763508807.786077,None,29.00,None,30.00,None,9.00,None,13.00,None,9.00,None,49.00,None,13.66,None,18.00,None,22.00,None,4.00,None,13.33,None,12.34
1763508807.8261647,None,29.00,None,30.00,None,9.00,None,13.00,None,9.00,None,49.00,None,13.66,None,18.00,None,22.00,None,4.00,None,13.33,None,12.34
1763508807.8270452,None,29.00,None,30.00,None,9.00,None,13.00,None,9.00,None,49.00,None,13.66,None,18.00,None,22.00,None,4.00,None,13.33,None,12.34
1763508807.870926,None,29.00,None,30.00,None,9.00,None,13.00,None,9.00,None,49.00,None,13.66,None,18.00,None,22.00,None,4.00,None,13.33,None,12.34
1763508807.871801,None,29.00,None,30.00,None,9.00,None,13.00,None,9.00,None,49.00,None,13.66,None,18.00,None,22.00,None,4.00,None,13.33,None,12.34
1763508807.9132476,None,29.00,None,30.00,None,9.00,None,22.00,None,9.00,None,49.00,None,13.66,None,18.00,None,22.00,None,4.00,None,13.33,None,12.34
1763508807.9141684,None,29.00,None,30.00,None,9.00,None,22.00,None,9.00,None,49.00,None,13.66,None,18.00,None,22.00,None,4.00,None,13.33,None,12.34
1763508807.9578695,None,29.00,None,30.00,None,9.00,None,22.00,None,18.00,None,49.00,None,13.66,None,18.00,None,22.00,None,4.00,None,13.33,None,12.34
1763508807.9587789,None,29.00,None,30.00,None,9.00,None,22.00,None,18.00,None,49.00,None,13.66,None,18.00,None,22.00,None,4.00,None,13.33,None,12.34
1763508807.9980733,None,29.00,None,30.00,None,9.00,None,22.00,None,27.00,None,49.00,None,13.66,None,18.00,None,22.00,None,4.00,None,13.33,None,12.34
1763508807.998946,None,29.00,None,30.00,None,9.00,None,22.00,None,27.00,None,49.00,None,13.66,None,18.00,None,22.00,None,4.00,None,13.33,None,12.34
1763508814.0712922,None,20.00,None,15.00,None,9.00,None,22.00,None,27.00,None,40.00,None,13.66,None,18.00,None,4.00,None,4.00,None,4.33,None,12.34
1763508814.0722046,None,20.00,None,15.00,None,9.00,None,22.00,None,27.00,None,40.00,None,13.66,None,18.00,None,4.00,None,4.00,None,4.33,None,12.34
1763508814.1082103,None,20.00,None,15.00,None,9.00,None,22.00,None,27.00,None,40.00,None,13.66,None,18.00,None,4.00,None,4.00,None,13.33,None,12.34
1763508814.1090906,None,20.00,None,15.00,None,9.00,None,22.00,None,27.00,None,40.00,None,13.66,None,18.00,None,4.00,None,4.00,None,13.33,None,12.34
1763508824.082603,None,11.00,None,15.00,None,9.00,None,9.00,None,27.00,None,31.00,None,9.33,None,18.00,None,4.00,None,4.00,None,13.33,None,9.00
1763508824.083461,None,11.00,None,15.00,None,9.00,None,9.00,None,27.00,None,31.00,None,9.33,None,18.00,None,4.00,None,4.00,None,13.33,None,9.00
1763508829.092171,None,11.00,None,15.00,None,9.00,None,9.00,None,27.00,None,31.00,None,9.33,None,18.00,None,4.00,None,4.00,None,13.33,None,9.00
1763508829.0930622,None,11.00,None,15.00,None,9.00,None,9.00,None,27.00,None,31.00,None,9.33,None,18.00,None,4.00,None,4.00,None,13.33,None,9.00
1763508833.7955148,None,17.00,None,27.00,None,9.00,None,9.00,None,27.00,None,31.00,None,9.33,None,18.00,None,4.00,None,4.00,None,13.33,None,9.00
1763508833.7963853,None,17.00,None,27.00,None,9.00,None,9.00,None,27.00,None,31.00,None,9.33,None,18.00,None,4.00,None,4.00,None,13.33,None,9.00
1763508833.8362534,None,22.00,None,27.00,None,9.00,None,9.00,None,27.00,None,31.00,None,13.66,None,26.67,None,4.00,None,4.00,None,13.33,None,9.00
1763508833.8371456,None,22.00,None,27.00,None,9.00,None,9.00,None,27.00,None,31.00,None,13.66,None,26.67,None,4.00,None,4.00,None,13.33,None,9.00
1763508834.023405,None,27.00,None,27.00,None,9.00,None,9.00,None,27.00,None,31.00,None,13.66,None,26.67,None,4.00,None,4.00,None,13.33,None,9.00
1763508834.024279,None,27.00,None,27.00,None,9.00,None,9.00,None,27.00,None,31.00,None,13.66,None,26.67,None,4.00,None,4.00,None,13.33,None,9.00
1763508834.0636313,None,27.00,None,28.67,None,9.00,None,9.00,None,27.00,None,31.00,None,13.66,None,26.67,None,4.00,None,4.00,None,13.33,None,9.00
1763508834.064485,None,27.00,None,28.67,None,9.00,None,9.00,None,27.00,None,31.00,None,13.66,None,26.67,None,4.00,None,4.00,None,13.33,None,9.00
1763508834.1032357,None,28.67,None,28.67,None,9.00,None,9.00,None,27.00,None,31.00,None,13.66,None,26.67,None,4.00,None,4.00,None,13.33,None,9.00
1763508834.104136,None,28.67,None,28.67,None,9.00,None,9.00,None,27.00,None,31.00,None,13.66,None,26.67,None,4.00,None,4.00,None,13.33,None,9.00
1763508834.1463444,None,28.67,None,28.67,None,9.00,None,9.00,None,27.00,None,31.00,None,13.66,None,26.67,None,4.00,None,4.00,None,13.33,None,9.00
1763508834.1472147,None,28.67,None,28.67,None,9.00,None,9.00,None,27.00,None,31.00,None,13.66,None,26.67,None,4.00,None,4.00,None,13.33,None,9.00
1763508834.1755133,None,28.67,None,28.67,None,9.00,None,13.00,None,27.00,None,31.00,None,13.66,None,26.67,None,4.00,None,4.00,None,13.33,None,9.00
1763508834.1760342,None,28.67,None,28.67,None,9.00,None,13.00,None,27.00,None,31.00,None,13.66,None,26.67,None,4.00,None,4.00,None,13.33,None,9.00
1763508854.2099214,None,28.67,None,28.67,None,9.00,None,13.00,None,27.00,None,31.00,None,13.66,None,26.67,None,4.00,None,4.00,None,13.33,None,9.00
1763508854.2107794,None,28.67,None,28.67,None,9.00,None,13.00,None,27.00,None,31.00,None,13.66,None,26.67,None,4.00,None,4.00,None,13.33,None,9.00
1763508855.818047,None,28.67,None,28.67,None,9.00,None,13.00,None,27.00,None,31.00,None,13.66,None,26.67,None,4.00,None,4.00,None,13.33,None,9.00
1763508855.8185453,None,28.67,None,28.67,None,9.00,None,13.00,None,27.00,None,31.00,None,13.66,None,26.67,None,4.00,None,4.00,None,13.33,None,9.00
1763508855.8613825,None,28.67,None,28.67,None,9.00,None,13.00,None,27.00,None,40.00,None,13.66,None,26.67,None,4.00,None,4.00,None,13.33,None,9.00
1763508855.8622346,None,28.67,None,28.67,None,9.00,None,13.00,None,27.00,None,40.00,None,13.66,None,26.67,None,4.00,None,4.00,None,13.33,None,9.00
1763508855.9061456,None,28.67,None,28.67,None,9.00,None,13.00,None,27.00,None,40.00,None,13.66,None,26.67,None,4.00,None,4.00,None,13.33,None,9.00
1763508855.9070287,None,28.67,None,28.67,None,9.00,None,13.00,None,27.00,None,40.00,None,13.66,None,26.67,None,4.00,None,4.00,None,13.33,None,9.00
1763508855.9404619,None,28.67,None,28.67,None,9.00,None,13.00,None,27.00,None,40.00,None,13.66,None,26.67,None,4.00,None,4.00,None,13.33,None,9.00
1763508855.9410992,None,28.67,None,28.67,None,9.00,None,13.00,None,27.00,None,40.00,None,13.66,None,26.67,None,4.00,None,4.00,None,13.33,None,9.00
1763508855.9854186,None,28.67,None,28.67,None,9.00,None,13.00,None,27.00,None,40.00,None,13.66,None,26.67,None,13.00,None,4.00,None,13.33,None,9.00
1763508855.9862847,None,28.67,None,28.67,None,9.00,None,13.00,None,27.00,None,40.00,None,13.66,None,26.67,None,13.00,None,4.00,None,13.33,None,9.00
1763508856.0443046,None,28.67,None,28.67,None,9.00,None,13.00,None,27.00,None,40.00,None,13.66,None,26.67,None,13.00,None,4.00,None,13.33,None,9.00
1763508856.045218,None,28.67,None,28.67,None,9.00,None,13.00,None,27.00,None,40.00,None,13.66,None,26.67,None,13.00,None,4.00,None,13.33,None,9.00
1763508859.219172,None,28.67,None,28.67,None,9.00,None,13.00,None,27.00,None,31.00,None,13.66,None,26.67,None,13.00,None,4.00,None,13.33,None,0.00
1763508859.2200608,None,28.67,None,28.67,None,9.00,None,13.00,None,27.00,None,31.00,None,13.66,None,26.67,None,13.00,None,4.00,None,13.33,None,0.00
1763508859.2589579,None,28.67,None,28.67,None,9.00,None,13.00,None,27.00,None,40.00,None,13.66,None,26.67,None,13.00,None,4.00,None,13.33,None,0.00
1763508859.259831,None,28.67,None,28.67,None,9.00,None,13.00,None,27.00,None,40.00,None,13.66,None,26.67,None,13.00,None,4.00,None,13.33,None,0.00
1763508859.2989168,None,28.67,None,28.67,None,9.00,None,13.00,None,27.00,None,40.00,None,13.66,None,26.67,None,13.00,None,4.00,None,13.33,None,0.00
1763508859.2998123,None,28.67,None,28.67,None,9.00,None,13.00,None,27.00,None,40.00,None,13.66,None,26.67,None,13.00,None,4.00,None,13.33,None,0.00
1763508864.2269208,None,28.67,None,28.67,None,9.00,None,13.00,None,27.00,None,40.00,None,13.66,None,26.67,None,13.00,None,4.00,None,8.66,None,0.00
1763508864.227806,None,28.67,None,28.67,None,9.00,None,13.00,None,27.00,None,40.00,None,13.66,None,26.67,None,13.00,None,4.00,None,8.66,None,0.00
1763508864.2694707,None,28.67,None,28.67,None,9.00,None,13.00,None,27.00,None,40.00,None,13.66,None,26.67,None,13.00,None,4.00,None,8.66,None,0.00
1763508864.2704687,None,28.67,None,28.67,None,9.00,None,13.00,None,27.00,None,40.00,None,13.66,None,26.67,None,13.00,None,4.00,None,8.66,None,0.00
1763508872.825688,None,26.01,None,19.67,None,9.00,None,13.00,None,22.33,None,40.00,None,11.99,None,26.67,None,13.00,None,0.00,None,4.33,None,0.00
1763508872.8265624,None,26.01,None,19.67,None,9.00,None,13.00,None,22.33,None,40.00,None,11.99,None,26.67,None,13.00,None,0.00,None,4.33,None,0.00
1763508872.8765428,None,26.01,None,19.67,None,9.00,None,13.00,None,22.33,None,40.00,None,11.99,None,26.67,None,13.00,None,0.00,None,4.33,None,0.00
1763508872.877461,None,26.01,None,19.67,None,9.00,None,13.00,None,22.33,None,40.00,None,11.99,None,26.67,None,13.00,None,0.00,None,4.33,None,0.00
1763508873.0794773,None,26.01,None,19.67,None,9.00,None,13.00,None,22.33,None,40.00,None,11.99,None,26.67,None,13.00,None,0.00,None,4.33,None,0.00
1763508873.0803683,None,26.01,None,19.67,None,9.00,None,13.00,None,22.33,None,40.00,None,11.99,None,26.67,None,13.00,None,0.00,None,4.33,None,0.00
1763508873.1325164,None,26.01,None,19.67,None,9.00,None,13.00,None,22.33,None,40.00,None,11.99,None,26.67,None,13.00,None,0.00,None,4.33,None,0.00
1763508873.1334026,None,26.01,None,19.67,None,9.00,None,13.00,None,22.33,None,40.00,None,11.99,None,26.67,None,13.00,None,0.00,None,4.33,None,0.00
1763508873.1813588,None,26.01,None,19.67,None,9.00,None,13.00,None,22.33,None,40.00,None,11.99,None,26.67,None,13.00,None,0.00,None,4.33,None,0.00
1763508873.1822326,None,26.01,None,19.67,None,9.00,None,13.00,None,22.33,None,40.00,None,11.99,None,26.67,None,13.00,None,0.00,None,4.33,None,0.00
1763508873.2288594,None,26.01,None,19.67,None,9.00,None,13.00,None,22.33,None,40.00,None,11.99,None,26.67,None,13.00,None,0.00,None,4.33,None,0.00
1763508873.2297661,None,26.01,None,19.67,None,9.00,None,13.00,None,22.33,None,40.00,None,11.99,None,26.67,None,13.00,None,0.00,None,4.33,None,0.00
1763508874.2244744,None,21.01,None,13.67,None,9.00,None,13.00,None,13.33,None,40.00,None,7.66,None,26.67,None,13.00,None,0.00,None,4.33,None,0.00
1763508874.2250295,None,21.01,None,13.67,None,9.00,None,13.00,None,13.33,None,40.00,None,7.66,None,26.67,None,13.00,None,0.00,None,4.33,None,0.00
1763508874.2616825,None,21.01,None,13.67,None,9.00,None,13.00,None,15.00,None,40.00,None,7.66,None,26.67,None,13.00,None,4.00,None,13.00,None,7.66
1763508874.262559,None,21.01,None,13.67,None,9.00,None,13.00,None,15.00,None,40.00,None,7.66,None,26.67,None,13.00,None,4.00,None,13.00,None,7.66
1763508874.3000355,None,24.34,None,22.34,None,9.00,None,13.00,None,15.00,None,40.00,None,13.66,None,26.67,None,13.00,None,4.00,None,13.00,None,7.66
1763508874.3009093,None,24.34,None,22.34,None,9.00,None,13.00,None,15.00,None,40.00,None,13.66,None,26.67,None,13.00,None,4.00,None,13.00,None,7.66
1763508892.8337772,None,24.34,None,22.34,None,9.00,None,13.00,None,24.00,None,13.00,None,13.66,None,17.67,None,9.00,None,4.00,None,13.00,None,13.66
1763508892.8346372,None,24.34,None,22.34,None,9.00,None,13.00,None,24.00,None,13.00,None,13.66,None,17.67,None,9.00,None,4.00,None,13.00,None,13.66
1763508892.8764634,None,24.34,None,22.34,None,9.00,None,13.00,None,24.00,None,13.00,None,13.66,None,17.67,None,9.00,None,4.00,None,13.00,None,13.66
1763508892.8773277,None,24.34,None,22.34,None,9.00,None,13.00,None,24.00,None,13.00,None,13.66,None,17.67,None,9.00,None,4.00,None,13.00,None,13.66
1763508892.9230998,None,24.34,None,22.34,None,9.00,None,13.00,None,24.00,None,13.00,None,13.66,None,17.67,None,9.00,None,4.00,None,13.00,None,13.66
1763508892.9239562,None,24.34,None,22.34,None,9.00,None,13.00,None,24.00,None,13.00,None,13.66,None,17.67,None,9.00,None,4.00,None,13.00,None,13.66
1763508892.9652936,None,24.34,None,22.34,None,9.00,None,13.00,None,24.00,None,13.00,None,13.66,None,17.67,None,9.00,None,4.00,None,13.00,None,13.66
1763508892.9657996,None,24.34,None,22.34,None,9.00,None,13.00,None,24.00,None,13.00,None,13.66,None,17.67,None,9.00,None,4.00,None,13.00,None,13.66
1763508892.992495,None,24.34,None,22.34,None,9.00,None,13.00,None,24.00,None,13.00,None,13.66,None,17.67,None,9.00,None,4.00,None,13.00,None,13.66
1763508892.9930148,None,24.34,None,22.34,None,9.00,None,13.00,None,24.00,None,13.00,None,13.66,None,17.67,None,9.00,None,4.00,None,13.00,None,13.66
1763508893.0211573,None,24.34,None,22.34,None,9.00,None,13.00,None,24.00,None,13.00,None,13.66,None,17.67,None,9.00,None,4.00,None,13.00,None,13.66
1763508893.021678,None,24.34,None,22.34,None,9.00,None,13.00,None,24.00,None,13.00,None,13.66,None,17.67,None,9.00,None,4.00,None,13.00,None,13.66
1763508894.2527866,None,29.34,None,26.67,None,9.00,None,13.00,None,24.00,None,13.00,None,10.33,None,17.67,None,9.00,None,4.00,None,13.00,None,13.66
1763508894.253647,None,29.34,None,26.67,None,9.00,None,13.00,None,24.00,None,13.00,None,10.33,None,17.67,None,9.00,None,4.00,None,13.00,None,13.66
1763508894.2901547,None,29.34,None,26.67,None,9.00,None,13.00,None,24.00,None,13.00,None,12.00,None,17.67,None,9.00,None,4.00,None,13.00,None,13.66
1763508894.2910206,None,29.34,None,26.67,None,9.00,None,13.00,None,24.00,None,13.00,None,12.00,None,17.67,None,9.00,None,4.00,None,13.00,None,13.66
1763508899.2406461,None,27.67,None,28.34,None,9.00,None,13.00,None,24.00,None,13.00,None,12.00,None,8.67,None,9.00,None,4.00,None,13.00,None,13.66
1763508899.241154,None,27.67,None,28.34,None,9.00,None,13.00,None,24.00,None,13.00,None,12.00,None,8.67,None,9.00,None,4.00,None,13.00,None,13.66
1763508909.2642071,None,28.34,None,13.67,None,9.00,None,13.00,None,22.33,None,13.00,None,4.33,None,8.67,None,9.00,None,0.00,None,4.33,None,6.00
1763508909.2650764,None,28.34,None,13.67,None,9.00,None,13.00,None,22.33,None,13.00,None,4.33,None,8.67,None,9.00,None,0.00,None,4.33,None,6.00
1763508911.8332617,None,28.34,None,22.67,None,9.00,None,13.00,None,22.33,None,13.00,None,4.33,None,8.67,None,9.00,None,0.00,None,4.33,None,6.00
1763508911.83377,None,28.34,None,22.67,None,9.00,None,13.00,None,22.33,None,13.00,None,4.33,None,8.67,None,9.00,None,0.00,None,4.33,None,6.00
1763508911.8561633,None,28.34,None,26.00,None,9.00,None,13.00,None,22.33,None,13.00,None,13.00,None,8.67,None,9.00,None,4.00,None,4.33,None,6.00
1763508911.8566792,None,28.34,None,26.00,None,9.00,None,13.00,None,22.33,None,13.00,None,13.00,None,8.67,None,9.00,None,4.00,None,4.33,None,6.00
1763508911.8815715,None,28.34,None,26.00,None,9.00,None,13.00,None,22.33,None,13.00,None,13.00,None,8.67,None,9.00,None,4.00,None,13.33,None,6.00
1763508911.882103,None,28.34,None,26.00,None,9.00,None,13.00,None,22.33,None,13.00,None,13.00,None,8.67,None,9.00,None,4.00,None,13.33,None,6.00
1763508911.9902713,None,28.34,None,26.00,None,9.00,None,13.00,None,22.33,None,13.00,None,13.00,None,8.67,None,9.00,None,4.00,None,13.33,None,6.00
1763508911.9907982,None,28.34,None,26.00,None,9.00,None,13.00,None,22.33,None,13.00,None,13.00,None,8.67,None,9.00,None,4.00,None,13.33,None,6.00
1763508912.0146384,None,28.34,None,26.00,None,9.00,None,13.00,None,22.33,None,13.00,None,13.00,None,17.34,None,9.00,None,4.00,None,13.33,None,6.00
1763508912.0151536,None,28.34,None,26.00,None,9.00,None,13.00,None,22.33,None,13.00,None,13.00,None,17.34,None,9.00,None,4.00,None,13.33,None,6.00
1763508912.0409648,None,28.34,None,27.67,None,9.00,None,13.00,None,22.33,None,13.00,None,13.00,None,17.34,None,9.00,None,4.00,None,13.33,None,6.00
1763508912.0414793,None,28.34,None,27.67,None,9.00,None,13.00,None,22.33,None,13.00,None,13.00,None,17.34,None,9.00,None,4.00,None,13.33,None,6.00
1763508929.886275,None,28.34,None,27.67,None,9.00,None,13.00,None,22.33,None,13.00,None,13.00,None,17.34,None,13.00,None,4.00,None,13.33,None,6.00
1763508929.8871593,None,28.34,None,27.67,None,9.00,None,13.00,None,22.33,None,13.00,None,13.00,None,17.34,None,13.00,None,4.00,None,13.33,None,6.00
1763508929.9144185,None,28.34,None,27.67,None,9.00,None,13.00,None,22.33,None,13.00,None,13.00,None,17.34,None,13.00,None,4.00,None,13.33,None,6.00
1763508929.9148984,None,28.34,None,27.67,None,9.00,None,13.00,None,22.33,None,13.00,None,13.00,None,17.34,None,13.00,None,4.00,None,13.33,None,6.00
1763508929.956443,None,28.34,None,27.67,None,9.00,None,13.00,None,22.33,None,13.00,None,13.00,None,17.34,None,13.00,None,4.00,None,13.33,None,6.00
1763508929.957349,None,28.34,None,27.67,None,9.00,None,13.00,None,22.33,None,13.00,None,13.00,None,17.34,None,13.00,None,4.00,None,13.33,None,6.00
1763508929.997359,None,28.34,None,27.67,None,9.00,None,22.00,None,22.33,None,13.00,None,13.00,None,17.34,None,13.00,None,4.00,None,13.33,None,6.00
1763508929.9982436,None,28.34,None,27.67,None,9.00,None,22.00,None,22.33,None,13.00,None,13.00,None,17.34,None,13.00,None,4.00,None,13.33,None,6.00
1763508930.0272205,None,28.34,None,27.67,None,9.00,None,22.00,None,22.33,None,13.00,None,13.00,None,17.34,None,13.00,None,4.00,None,13.33,None,6.00
1763508930.0278673,None,28.34,None,27.67,None,9.00,None,22.00,None,22.33,None,13.00,None,13.00,None,17.34,None,13.00,None,4.00,None,13.33,None,6.00
1763508930.0681953,None,28.34,None,27.67,None,9.00,None,22.00,None,22.33,None,13.00,None,13.00,None,17.34,None,13.00,None,4.00,None,13.33,None,6.00
1763508930.0687225,None,28.34,None,27.67,None,9.00,None,22.00,None,22.33,None,13.00,None,13.00,None,17.34,None,13.00,None,4.00,None,13.33,None,6.00
1763508934.2871103,None,28.34,None,27.67,None,0.00,None,13.00,None,13.33,None,4.00,None,13.00,None,17.34,None,13.00,None,4.00,None,9.00,None,6.00
1763508934.2880147,None,28.34,None,27.67,None,0.00,None,13.00,None,13.33,None,4.00,None,13.00,None,17.34,None,13.00,None,4.00,None,9.00,None,6.00
1763508934.3262956,None,28.34,None,27.67,None,0.00,None,13.00,None,13.33,None,4.00,None,13.00,None,26.01,None,13.00,None,4.00,None,9.00,None,10.33
1763508934.3271759,None,28.34,None,27.67,None,0.00,None,13.00,None,13.33,None,4.00,None,13.00,None,26.01,None,13.00,None,4.00,None,9.00,None,10.33
1763508934.3642893,None,28.34,None,27.67,None,0.00,None,13.00,None,13.33,None,4.00,None,13.00,None,26.01,None,13.00,None,4.00,None,9.00,None,10.33
1763508934.3651898,None,28.34,None,27.67,None,0.00,None,13.00,None,13.33,None,4.00,None,13.00,None,26.01,None,13.00,None,4.00,None,9.00,None,10.33
1763508939.2932243,None,26.00,None,27.67,None,0.00,None,13.00,None,13.33,None,4.00,None,10.34,None,17.34,None,13.00,None,4.00,None,9.00,None,10.33
1763508939.2940824,None,26.00,None,27.67,None,0.00,None,13.00,None,13.33,None,4.00,None,10.34,None,17.34,None,13.00,None,4.00,None,9.00,None,10.33
1763508939.3332977,None,29.33,None,27.67,None,0.00,None,13.00,None,13.33,None,4.00,None,10.34,None,26.34,None,13.00,None,4.00,None,13.33,None,10.33
1763508939.3341873,None,29.33,None,27.67,None,0.00,None,13.00,None,13.33,None,4.00,None,10.34,None,26.34,None,13.00,None,4.00,None,13.33,None,10.33
1763508944.3068464,None,21.66,None,14.00,None,0.00,None,13.00,None,13.33,None,4.00,None,10.34,None,26.34,None,13.00,None,4.00,None,13.33,None,10.33
1763508944.307731,None,21.66,None,14.00,None,0.00,None,13.00,None,13.33,None,4.00,None,10.34,None,26.34,None,13.00,None,4.00,None,13.33,None,10.33
1763508944.345136,None,24.99,None,22.67,None,0.00,None,13.00,None,13.33,None,4.00,None,12.01,None,26.34,None,13.00,None,4.00,None,13.33,None,10.33
1763508944.3460047,None,24.99,None,22.67,None,0.00,None,13.00,None,13.33,None,4.00,None,12.01,None,26.34,None,13.00,None,4.00,None,13.33,None,10.33
1763508944.3844273,None,29.99,None,27.00,None,0.00,None,13.00,None,13.33,None,4.00,None,12.01,None,26.34,None,13.00,None,4.00,None,13.33,None,10.33
1763508944.385296,None,29.99,None,27.00,None,0.00,None,13.00,None,13.33,None,4.00,None,12.01,None,26.34,None,13.00,None,4.00,None,13.33,None,10.33
1763508944.4103844,None,29.99,None,27.00,None,0.00,None,13.00,None,13.33,None,4.00,None,12.01,None,26.34,None,13.00,None,4.00,None,13.33,None,13.66
1763508944.4109046,None,29.99,None,27.00,None,0.00,None,13.00,None,13.33,None,4.00,None,12.01,None,26.34,None,13.00,None,4.00,None,13.33,None,13.66
1763508955.9977207,None,29.99,None,27.00,None,0.00,None,13.00,None,13.33,None,4.00,None,12.01,None,26.34,None,13.00,None,4.00,None,13.33,None,13.66
1763508955.9986002,None,29.99,None,27.00,None,0.00,None,13.00,None,13.33,None,4.00,None,12.01,None,26.34,None,13.00,None,4.00,None,13.33,None,13.66
1763508956.0428505,None,29.99,None,27.00,None,0.00,None,13.00,None,13.33,None,4.00,None,12.01,None,26.34,None,13.00,None,4.00,None,13.33,None,13.66
1763508956.043691,None,29.99,None,27.00,None,0.00,None,13.00,None,13.33,None,4.00,None,12.01,None,26.34,None,13.00,None,4.00,None,13.33,None,13.66
1763508956.1000433,None,29.99,None,27.00,None,0.00,None,13.00,None,13.33,None,4.00,None,12.01,None,26.34,None,13.00,None,4.00,None,13.33,None,13.66
1763508956.1009448,None,29.99,None,27.00,None,0.00,None,13.00,None,13.33,None,4.00,None,12.01,None,26.34,None,13.00,None,4.00,None,13.33,None,13.66
1763508956.1611412,None,29.99,None,27.00,None,0.00,None,13.00,None,13.33,None,4.00,None,12.01,None,26.34,None,13.00,None,4.00,None,13.33,None,13.66
1763508956.1620271,None,29.99,None,27.00,None,0.00,None,13.00,None,13.33,None,4.00,None,12.01,None,26.34,None,13.00,None,4.00,None,13.33,None,13.66
1763508956.1965742,None,29.99,None,27.00,None,0.00,None,13.00,None,13.33,None,4.00,None,12.01,None,26.34,None,13.00,None,4.00,None,13.33,None,13.66
1763508956.197106,None,29.99,None,27.00,None,0.00,None,13.00,None,13.33,None,4.00,None,12.01,None,26.34,None,13.00,None,4.00,None,13.33,None,13.66
1763508956.2408462,None,29.99,None,27.00,None,0.00,None,13.00,None,13.33,None,4.00,None,12.01,None,26.34,None,13.00,None,4.00,None,13.33,None,13.66
1763508956.241351,None,29.99,None,27.00,None,0.00,None,13.00,None,13.33,None,4.00,None,12.01,None,26.34,None,13.00,None,4.00,None,13.33,None,13.66
1763508959.3189676,None,20.99,None,27.00,None,0.00,None,13.00,None,13.33,None,13.00,None,12.01,None,26.34,None,13.00,None,4.00,None,13.33,None,13.66
1763508959.3198364,None,20.99,None,27.00,None,0.00,None,13.00,None,13.33,None,13.00,None,12.01,None,26.34,None,13.00,None,4.00,None,13.33,None,13.66
1763508964.3249254,None,1.67,None,14.00,None,0.00,None,13.00,None,13.33,None,22.00,None,8.67,None,17.34,None,4.00,None,4.00,None,9.00,None,10.33
1763508964.3258154,None,1.67,None,14.00,None,0.00,None,13.00,None,13.33,None,22.00,None,8.67,None,17.34,None,4.00,None,4.00,None,9.00,None,10.33
1763508974.8917792,None,1.67,None,23.00,None,0.00,None,13.00,None,13.33,None,22.00,None,8.67,None,17.34,None,4.00,None,4.00,None,9.00,None,10.33
1763508974.8922994,None,1.67,None,23.00,None,0.00,None,13.00,None,13.33,None,22.00,None,8.67,None,17.34,None,4.00,None,4.00,None,9.00,None,10.33
1763508974.9403043,None,23.67,None,26.33,None,0.00,None,13.00,None,15.00,None,22.00,None,8.67,None,17.34,None,4.00,None,4.00,None,9.00,None,10.33
1763508974.9411685,None,23.67,None,26.33,None,0.00,None,13.00,None,15.00,None,22.00,None,8.67,None,17.34,None,4.00,None,4.00,None,9.00,None,10.33
1763508974.9732482,None,23.67,None,26.33,None,0.00,None,13.00,None,15.00,None,22.00,None,8.67,None,17.34,None,13.00,None,4.00,None,9.00,None,10.33
1763508974.9737482,None,23.67,None,26.33,None,0.00,None,13.00,None,15.00,None,22.00,None,8.67,None,17.34,None,13.00,None,4.00,None,9.00,None,10.33
1763508975.0072665,None,23.67,None,26.33,None,0.00,None,13.00,None,15.00,None,22.00,None,8.67,None,17.34,None,13.00,None,4.00,None,9.00,None,10.33
1763508975.0077858,None,23.67,None,26.33,None,0.00,None,13.00,None,15.00,None,22.00,None,8.67,None,17.34,None,13.00,None,4.00,None,9.00,None,10.33
1763508975.0546715,None,23.67,None,26.33,None,0.00,None,13.00,None,15.00,None,22.00,None,8.67,None,17.34,None,13.00,None,4.00,None,9.00,None,10.33
1763508975.0555532,None,23.67,None,26.33,None,0.00,None,13.00,None,15.00,None,22.00,None,8.67,None,17.34,None,13.00,None,4.00,None,9.00,None,10.33
1763508975.1061907,None,23.67,None,26.33,None,0.00,None,13.00,None,15.00,None,22.00,None,8.67,None,17.34,None,13.00,None,4.00,None,9.00,None,10.33
1763508975.107102,None,23.67,None,26.33,None,0.00,None,13.00,None,15.00,None,22.00,None,8.67,None,17.34,None,13.00,None,4.00,None,9.00,None,10.33
1763508979.33788,None,23.67,None,21.33,None,0.00,None,13.00,None,15.00,None,4.00,None,0.00,None,8.67,None,13.00,None,4.00,None,9.00,None,6.00
1763508979.3387675,None,23.67,None,21.33,None,0.00,None,13.00,None,15.00,None,4.00,None,0.00,None,8.67,None,13.00,None,4.00,None,9.00,None,6.00
1763508979.379127,None,23.67,None,21.33,None,0.00,None,13.00,None,15.00,None,4.00,None,0.00,None,8.67,None,13.00,None,4.00,None,9.00,None,6.00
1763508979.3799934,None,23.67,None,21.33,None,0.00,None,13.00,None,15.00,None,4.00,None,0.00,None,8.67,None,13.00,None,4.00,None,9.00,None,6.00
1763508988.921538,None,29.67,None,24.66,None,0.00,None,13.00,None,15.00,None,4.00,None,0.00,None,17.34,None,13.00,None,4.00,None,9.00,None,6.00
1763508988.9224343,None,29.67,None,24.66,None,0.00,None,13.00,None,15.00,None,4.00,None,0.00,None,17.34,None,13.00,None,4.00,None,9.00,None,6.00
1763508989.0490088,None,29.67,None,27.99,None,0.00,None,13.00,None,15.00,None,4.00,None,1.67,None,17.34,None,13.00,None,4.00,None,9.00,None,10.33
1763508989.0495195,None,29.67,None,27.99,None,0.00,None,13.00,None,15.00,None,4.00,None,1.67,None,17.34,None,13.00,None,4.00,None,9.00,None,10.33
1763508989.0978937,None,29.67,None,29.66,None,0.00,None,13.00,None,15.00,None,4.00,None,10.34,None,17.34,None,13.00,None,4.00,None,9.00,None,10.33
1763508989.0987487,None,29.67,None,29.66,None,0.00,None,13.00,None,15.00,None,4.00,None,10.34,None,17.34,None,13.00,None,4.00,None,9.00,None,10.33
1763508989.1453211,None,29.67,None,29.66,None,0.00,None,13.00,None,15.00,None,4.00,None,12.01,None,17.34,None,13.00,None,4.00,None,9.00,None,10.33
1763508989.1462314,None,29.67,None,29.66,None,0.00,None,13.00,None,15.00,None,4.00,None,12.01,None,17.34,None,13.00,None,4.00,None,9.00,None,10.33
1763508989.1857755,None,29.67,None,29.66,None,0.00,None,13.00,None,15.00,None,4.00,None,12.01,None,17.34,None,13.00,None,4.00,None,9.00,None,10.33
1763508989.1862957,None,29.67,None,29.66,None,0.00,None,13.00,None,15.00,None,4.00,None,12.01,None,17.34,None,13.00,None,4.00,None,9.00,None,10.33
1763508989.2157888,None,29.67,None,29.66,None,0.00,None,13.00,None,24.00,None,4.00,None,13.68,None,21.67,None,13.00,None,4.00,None,12.33,None,10.33
1763508989.2163093,None,29.67,None,29.66,None,0.00,None,13.00,None,24.00,None,4.00,None,13.68,None,21.67,None,13.00,None,4.00,None,12.33,None,10.33
1763509012.9258397,None,28.00,None,29.66,None,0.00,None,9.00,None,10.67,None,13.00,None,13.68,None,21.67,None,13.00,None,4.00,None,12.33,None,4.33
1763509012.9267063,None,28.00,None,29.66,None,0.00,None,9.00,None,10.67,None,13.00,None,13.68,None,21.67,None,13.00,None,4.00,None,12.33,None,4.33
1763509012.971784,None,28.00,None,29.66,None,0.00,None,9.00,None,10.67,None,13.00,None,13.68,None,21.67,None,13.00,None,4.00,None,12.33,None,4.33
1763509012.9726617,None,28.00,None,29.66,None,0.00,None,9.00,None,10.67,None,13.00,None,13.68,None,21.67,None,13.00,None,4.00,None,12.33,None,4.33
1763509013.025009,None,28.00,None,29.66,None,0.00,None,9.00,None,10.67,None,13.00,None,13.68,None,21.67,None,13.00,None,4.00,None,12.33,None,4.33
1763509013.025878,None,28.00,None,29.66,None,0.00,None,9.00,None,10.67,None,13.00,None,13.68,None,21.67,None,13.00,None,4.00,None,12.33,None,4.33
1763509013.0764194,None,29.67,None,29.66,None,0.00,None,9.00,None,10.67,None,13.00,None,13.68,None,21.67,None,13.00,None,4.00,None,12.33,None,4.33
1763509013.077332,None,29.67,None,29.66,None,0.00,None,9.00,None,10.67,None,13.00,None,13.68,None,21.67,None,13.00,None,4.00,None,12.33,None,4.33
1763509013.1328778,None,29.67,None,29.66,None,0.00,None,9.00,None,10.67,None,13.00,None,13.68,None,21.67,None,13.00,None,4.00,None,12.33,None,4.33
1763509013.1337368,None,29.67,None,29.66,None,0.00,None,9.00,None,10.67,None,13.00,None,13.68,None,21.67,None,13.00,None,4.00,None,12.33,None,4.33
1763509013.1908019,None,29.67,None,29.66,None,0.00,None,9.00,None,10.67,None,13.00,None,13.68,None,21.67,None,13.00,None,4.00,None,12.33,None,4.33
1763509013.1917205,None,29.67,None,29.66,None,0.00,None,9.00,None,10.67,None,13.00,None,13.68,None,21.67,None,13.00,None,4.00,None,12.33,None,4.33
1763509014.3685133,None,29.67,None,20.66,None,0.00,None,9.00,None,10.67,None,13.00,None,13.68,None,21.67,None,13.00,None,0.00,None,3.33,None,4.33
1763509014.3690226,None,29.67,None,20.66,None,0.00,None,9.00,None,10.67,None,13.00,None,13.68,None,21.67,None,13.00,None,0.00,None,3.33,None,4.33
1763509014.4106882,None,29.67,None,20.66,None,9.00,None,13.00,None,10.67,None,13.00,None,13.68,None,21.67,None,13.00,None,0.00,None,3.33,None,4.33
1763509014.4115815,None,29.67,None,20.66,None,9.00,None,13.00,None,10.67,None,13.00,None,13.68,None,21.67,None,13.00,None,0.00,None,3.33,None,4.33
1763509014.4538457,None,29.67,None,20.66,None,9.00,None,13.00,None,10.67,None,13.00,None,13.68,None,21.67,None,13.00,None,0.00,None,12.33,None,4.33
1763509014.4547215,None,29.67,None,20.66,None,9.00,None,13.00,None,10.67,None,13.00,None,13.68,None,21.67,None,13.00,None,0.00,None,12.33,None,4.33
1763509024.3828392,None,29.67,None,20.66,None,0.00,None,9.00,None,10.67,None,13.00,None,13.68,None,13.00,None,13.00,None,0.00,None,3.33,None,13.66
1763509024.383359,None,29.67,None,20.66,None,0.00,None,9.00,None,10.67,None,13.00,None,13.68,None,13.00,None,13.00,None,0.00,None,3.33,None,13.66
1763509034.556558,None,29.67,None,20.66,None,0.00,None,9.00,None,10.67,None,13.00,None,13.68,None,13.00,None,13.00,None,0.00,None,5.00,None,13.66
1763509034.5574296,None,29.67,None,20.66,None,0.00,None,9.00,None,10.67,None,13.00,None,13.68,None,13.00,None,13.00,None,0.00,None,5.00,None,13.66
1763509034.5986104,None,29.67,None,20.66,None,0.00,None,13.00,None,10.67,None,13.00,None,13.68,None,13.00,None,13.00,None,0.00,None,5.00,None,13.66
1763509034.5994747,None,29.67,None,20.66,None,0.00,None,13.00,None,10.67,None,13.00,None,13.68,None,13.00,None,13.00,None,0.00,None,5.00,None,13.66
1763509035.964011,None,29.67,None,20.66,None,0.00,None,13.00,None,10.67,None,13.00,None,13.68,None,13.00,None,13.00,None,0.00,None,5.00,None,13.66
1763509035.9655292,None,29.67,None,20.66,None,0.00,None,13.00,None,10.67,None,13.00,None,13.68,None,13.00,None,13.00,None,0.00,None,5.00,None,13.66
1763509036.0161905,None,29.67,None,24.99,None,0.00,None,13.00,None,10.67,None,13.00,None,13.68,None,13.00,None,13.00,None,0.00,None,5.00,None,13.66
1763509036.017044,None,29.67,None,24.99,None,0.00,None,13.00,None,10.67,None,13.00,None,13.68,None,13.00,None,13.00,None,0.00,None,5.00,None,13.66
1763509036.0619483,None,29.67,None,26.66,None,0.00,None,13.00,None,28.34,None,13.00,None,13.68,None,13.00,None,13.00,None,4.00,None,12.66,None,13.66
1763509036.0627882,None,29.67,None,26.66,None,0.00,None,13.00,None,28.34,None,13.00,None,13.68,None,13.00,None,13.00,None,4.00,None,12.66,None,13.66
1763509036.1089306,None,29.67,None,28.33,None,0.00,None,13.00,None,28.34,None,13.00,None,13.68,None,13.00,None,13.00,None,4.00,None,12.66,None,13.66
1763509036.1097932,None,29.67,None,28.33,None,0.00,None,13.00,None,28.34,None,13.00,None,13.68,None,13.00,None,13.00,None,4.00,None,12.66,None,13.66
1763509036.1694474,None,29.67,None,28.33,None,0.00,None,13.00,None,28.34,None,13.00,None,13.68,None,13.00,None,13.00,None,4.00,None,12.66,None,13.66
1763509036.1703541,None,29.67,None,28.33,None,0.00,None,13.00,None,28.34,None,13.00,None,13.68,None,13.00,None,13.00,None,4.00,None,12.66,None,13.66
1763509036.23276,None,29.67,None,28.33,None,0.00,None,13.00,None,28.34,None,13.00,None,13.68,None,13.00,None,13.00,None,4.00,None,12.66,None,13.66
1763509036.2336783,None,29.67,None,28.33,None,0.00,None,13.00,None,28.34,None,13.00,None,13.68,None,13.00,None,13.00,None,4.00,None,12.66,None,13.66
1763509039.3936784,None,29.67,None,19.33,None,9.00,None,13.00,None,28.34,None,13.00,None,13.68,None,13.00,None,13.00,None,4.00,None,12.66,None,13.66
1763509039.3941772,None,29.67,None,19.33,None,9.00,None,13.00,None,28.34,None,13.00,None,13.68,None,13.00,None,13.00,None,4.00,None,12.66,None,13.66
1763509049.406888,None,29.67,None,19.33,None,9.00,None,13.00,None,28.34,None,22.00,None,13.68,None,13.00,None,4.00,None,4.00,None,12.66,None,13.66
1763509049.4074004,None,29.67,None,19.33,None,9.00,None,13.00,None,28.34,None,22.00,None,13.68,None,13.00,None,4.00,None,4.00,None,12.66,None,13.66
1763509051.9232602,None,29.67,None,19.33,None,9.00,None,13.00,None,28.34,None,22.00,None,13.68,None,13.00,None,4.00,None,4.00,None,12.66,None,13.66
1763509051.9237773,None,29.67,None,19.33,None,9.00,None,13.00,None,28.34,None,22.00,None,13.68,None,13.00,None,4.00,None,4.00,None,12.66,None,13.66
1763509051.9717553,None,29.67,None,28.33,None,9.00,None,13.00,None,28.34,None,22.00,None,13.68,None,13.00,None,4.00,None,4.00,None,12.66,None,13.66
1763509051.9726586,None,29.67,None,28.33,None,9.00,None,13.00,None,28.34,None,22.00,None,13.68,None,13.00,None,4.00,None,4.00,None,12.66,None,13.66
1763509052.0212612,None,29.67,None,28.33,None,9.00,None,13.00,None,28.34,None,22.00,None,13.68,None,13.00,None,4.00,None,4.00,None,12.66,None,13.66
1763509052.0221636,None,29.67,None,28.33,None,9.00,None,13.00,None,28.34,None,22.00,None,13.68,None,13.00,None,4.00,None,4.00,None,12.66,None,13.66
1763509052.226784,None,29.67,None,28.33,None,9.00,None,13.00,None,28.34,None,22.00,None,13.68,None,13.00,None,4.00,None,4.00,None,12.66,None,13.66
1763509052.2276754,None,29.67,None,28.33,None,9.00,None,13.00,None,28.34,None,22.00,None,13.68,None,13.00,None,4.00,None,4.00,None,12.66,None,13.66
1763509052.2816193,None,29.67,None,28.33,None,9.00,None,13.00,None,28.34,None,22.00,None,13.68,None,13.00,None,4.00,None,4.00,None,12.66,None,13.66
1763509052.2825546,None,29.67,None,28.33,None,9.00,None,13.00,None,28.34,None,22.00,None,13.68,None,13.00,None,4.00,None,4.00,None,12.66,None,13.66
1763509052.338328,None,29.67,None,28.33,None,9.00,None,13.00,None,28.34,None,22.00,None,13.68,None,13.00,None,4.00,None,4.00,None,12.66,None,13.66
1763509052.3392632,None,29.67,None,28.33,None,9.00,None,13.00,None,28.34,None,22.00,None,13.68,None,13.00,None,4.00,None,4.00,None,12.66,None,13.66
1763509054.414854,None,29.67,None,25.00,None,9.00,None,13.00,None,28.34,None,22.00,None,13.68,None,4.33,None,4.00,None,4.00,None,12.66,None,13.66
1763509054.4154325,None,29.67,None,25.00,None,9.00,None,13.00,None,28.34,None,22.00,None,13.68,None,4.33,None,4.00,None,4.00,None,12.66,None,13.66
1763509069.4484518,None,29.67,None,28.33,None,9.00,None,4.00,None,19.34,None,22.00,None,13.68,None,0.00,None,0.00,None,4.00,None,9.33,None,13.66
1763509069.4493494,None,29.67,None,28.33,None,9.00,None,4.00,None,19.34,None,22.00,None,13.68,None,0.00,None,0.00,None,4.00,None,9.33,None,13.66
1763509069.4941459,None,29.67,None,28.33,None,9.00,None,4.00,None,28.34,None,22.00,None,13.68,None,0.00,None,0.00,None,4.00,None,9.33,None,13.66
1763509069.495023,None,29.67,None,28.33,None,9.00,None,4.00,None,28.34,None,22.00,None,13.68,None,0.00,None,0.00,None,4.00,None,9.33,None,13.66
1763509074.4551785,None,29.67,None,26.66,None,9.00,None,4.00,None,28.34,None,22.00,None,11.01,None,0.00,None,0.00,None,4.00,None,9.33,None,13.66
1763509074.4560826,None,29.67,None,26.66,None,9.00,None,4.00,None,28.34,None,22.00,None,11.01,None,0.00,None,0.00,None,4.00,None,9.33,None,13.66
1763509075.9673877,None,29.67,None,29.99,None,9.00,None,4.00,None,28.34,None,22.00,None,11.01,None,9.00,None,0.00,None,4.00,None,9.33,None,13.66
1763509075.9685214,None,29.67,None,29.99,None,9.00,None,4.00,None,28.34,None,22.00,None,11.01,None,9.00,None,0.00,None,4.00,None,9.33,None,13.66
1763509076.0310946,None,29.67,None,29.99,None,9.00,None,4.00,None,28.34,None,22.00,None,12.68,None,9.00,None,0.00,None,4.00,None,9.33,None,13.66
1763509076.0319455,None,29.67,None,29.99,None,9.00,None,4.00,None,28.34,None,22.00,None,12.68,None,9.00,None,0.00,None,4.00,None,9.33,None,13.66
1763509076.0671148,None,29.67,None,29.99,None,9.00,None,4.00,None,28.34,None,22.00,None,12.68,None,9.00,None,0.00,None,4.00,None,9.33,None,13.66
1763509076.0676293,None,29.67,None,29.99,None,9.00,None,4.00,None,28.34,None,22.00,None,12.68,None,9.00,None,0.00,None,4.00,None,9.33,None,13.66
1763509076.118496,None,29.67,None,29.99,None,9.00,None,4.00,None,28.34,None,22.00,None,12.68,None,10.67,None,0.00,None,4.00,None,9.33,None,13.66
1763509076.1193678,None,29.67,None,29.99,None,9.00,None,4.00,None,28.34,None,22.00,None,12.68,None,10.67,None,0.00,None,4.00,None,9.33,None,13.66
1763509076.1707652,None,29.67,None,29.99,None,9.00,None,4.00,None,28.34,None,22.00,None,12.68,None,10.67,None,0.00,None,4.00,None,9.33,None,13.66
1763509076.1712966,None,29.67,None,29.99,None,9.00,None,4.00,None,28.34,None,22.00,None,12.68,None,10.67,None,0.00,None,4.00,None,9.33,None,13.66
1763509076.3839142,None,29.67,None,29.99,None,9.00,None,4.00,None,28.34,None,22.00,None,12.68,None,10.67,None,0.00,None,4.00,None,9.33,None,13.66
1763509076.3848147,None,29.67,None,29.99,None,9.00,None,4.00,None,28.34,None,22.00,None,12.68,None,10.67,None,0.00,None,4.00,None,9.33,None,13.66
1763509093.948221,None,7.67,None,26.66,None,0.00,None,4.00,None,26.67,None,13.00,None,12.68,None,10.67,None,0.00,None,4.00,None,7.66,None,4.33
1763509093.9487298,None,7.67,None,26.66,None,0.00,None,4.00,None,26.67,None,13.00,None,12.68,None,10.67,None,0.00,None,4.00,None,7.66,None,4.33
1763509093.9851787,None,7.67,None,26.66,None,0.00,None,4.00,None,26.67,None,13.00,None,12.68,None,10.67,None,0.00,None,4.00,None,7.66,None,4.33
1763509093.9856791,None,7.67,None,26.66,None,0.00,None,4.00,None,26.67,None,13.00,None,12.68,None,10.67,None,0.00,None,4.00,None,7.66,None,4.33
1763509094.0373116,None,7.67,None,26.66,None,0.00,None,4.00,None,26.67,None,13.00,None,12.68,None,19.67,None,0.00,None,4.00,None,7.66,None,4.33
1763509094.0382,None,7.67,None,26.66,None,0.00,None,4.00,None,26.67,None,13.00,None,12.68,None,19.67,None,0.00,None,4.00,None,7.66,None,4.33
1763509094.0827081,None,16.67,None,26.66,None,0.00,None,4.00,None,26.67,None,13.00,None,12.68,None,19.67,None,0.00,None,4.00,None,7.66,None,4.33
1763509094.0832448,None,16.67,None,26.66,None,0.00,None,4.00,None,26.67,None,13.00,None,12.68,None,19.67,None,0.00,None,4.00,None,7.66,None,4.33
1763509094.139935,None,22.67,None,26.66,None,0.00,None,4.00,None,26.67,None,13.00,None,12.68,None,19.67,None,0.00,None,4.00,None,7.66,None,4.33
1763509094.1405094,None,22.67,None,26.66,None,0.00,None,4.00,None,26.67,None,13.00,None,12.68,None,19.67,None,0.00,None,4.00,None,7.66,None,4.33
1763509094.197178,None,22.67,None,26.66,None,0.00,None,4.00,None,26.67,None,13.00,None,12.68,None,19.67,None,0.00,None,4.00,None,7.66,None,4.33
1763509094.1980672,None,22.67,None,26.66,None,0.00,None,4.00,None,26.67,None,13.00,None,12.68,None,19.67,None,0.00,None,4.00,None,7.66,None,4.33
1763509099.468335,None,21.00,None,26.66,None,0.00,None,4.00,None,26.67,None,13.00,None,12.68,None,19.67,None,0.00,None,4.00,None,7.66,None,4.33
1763509099.4695628,None,21.00,None,26.66,None,0.00,None,4.00,None,26.67,None,13.00,None,12.68,None,19.67,None,0.00,None,4.00,None,7.66,None,4.33
1763509099.516595,None,21.00,None,26.66,None,0.00,None,4.00,None,26.67,None,13.00,None,12.68,None,19.67,None,0.00,None,4.00,None,7.66,None,4.33
1763509099.5174708,None,21.00,None,26.66,None,0.00,None,4.00,None,26.67,None,13.00,None,12.68,None,19.67,None,0.00,None,4.00,None,7.66,None,4.33
1763509099.5624247,None,21.00,None,26.66,None,0.00,None,4.00,None,26.67,None,13.00,None,12.68,None,19.67,None,0.00,None,4.00,None,7.66,None,4.33
1763509099.5633097,None,21.00,None,26.66,None,0.00,None,4.00,None,26.67,None,13.00,None,12.68,None,19.67,None,0.00,None,4.00,None,7.66,None,4.33
1763509104.4819787,None,25.33,None,24.99,None,0.00,None,4.00,None,26.67,None,13.00,None,12.68,None,19.67,None,0.00,None,4.00,None,7.66,None,13.00
1763509104.4828606,None,25.33,None,24.99,None,0.00,None,4.00,None,26.67,None,13.00,None,12.68,None,19.67,None,0.00,None,4.00,None,7.66,None,13.00
1763509109.4814403,None,25.33,None,24.99,None,0.00,None,4.00,None,26.67,None,13.00,None,12.68,None,19.67,None,0.00,None,4.00,None,7.66,None,13.00
1763509109.4819767,None,25.33,None,24.99,None,0.00,None,4.00,None,26.67,None,13.00,None,12.68,None,19.67,None,0.00,None,4.00,None,7.66,None,13.00
1763509112.036282,None,25.33,None,24.99,None,0.00,None,4.00,None,26.67,None,13.00,None,12.68,None,19.67,None,4.00,None,4.00,None,7.66,None,13.00
1763509112.0368338,None,25.33,None,24.99,None,0.00,None,4.00,None,26.67,None,13.00,None,12.68,None,19.67,None,4.00,None,4.00,None,7.66,None,13.00
1763509112.0695028,None,25.33,None,24.99,None,0.00,None,4.00,None,26.67,None,13.00,None,12.68,None,19.67,None,4.00,None,4.00,None,7.66,None,13.00
1763509112.0700867,None,25.33,None,24.99,None,0.00,None,4.00,None,26.67,None,13.00,None,12.68,None,19.67,None,4.00,None,4.00,None,7.66,None,13.00
1763509112.1242797,None,25.33,None,24.99,None,0.00,None,4.00,None,26.67,None,13.00,None,12.68,None,28.67,None,4.00,None,4.00,None,7.66,None,13.00
1763509112.12515,None,25.33,None,24.99,None,0.00,None,4.00,None,26.67,None,13.00,None,12.68,None,28.67,None,4.00,None,4.00,None,7.66,None,13.00
1763509112.1812649,None,25.33,None,24.99,None,0.00,None,4.00,None,26.67,None,22.00,None,12.68,None,28.67,None,4.00,None,4.00,None,7.66,None,13.00
1763509112.1821966,None,25.33,None,24.99,None,0.00,None,4.00,None,26.67,None,22.00,None,12.68,None,28.67,None,4.00,None,4.00,None,7.66,None,13.00
1763509112.2569013,None,25.33,None,24.99,None,0.00,None,4.00,None,26.67,None,22.00,None,12.68,None,28.67,None,4.00,None,4.00,None,7.66,None,13.00
1763509112.2578619,None,25.33,None,24.99,None,0.00,None,4.00,None,26.67,None,22.00,None,12.68,None,28.67,None,4.00,None,4.00,None,7.66,None,13.00
1763509112.3180385,None,25.33,None,24.99,None,0.00,None,4.00,None,26.67,None,22.00,None,12.68,None,28.67,None,4.00,None,4.00,None,7.66,None,13.00
1763509112.3189387,None,25.33,None,24.99,None,0.00,None,4.00,None,26.67,None,22.00,None,12.68,None,28.67,None,4.00,None,4.00,None,7.66,None,13.00
1763509114.5129397,None,25.33,None,15.99,None,0.00,None,4.00,None,26.67,None,18.00,None,12.68,None,28.67,None,4.00,None,4.00,None,7.66,None,13.00
1763509114.5138113,None,25.33,None,15.99,None,0.00,None,4.00,None,26.67,None,18.00,None,12.68,None,28.67,None,4.00,None,4.00,None,7.66,None,13.00
1763509114.5673282,None,25.33,None,15.99,None,0.00,None,4.00,None,26.67,None,18.00,None,12.68,None,28.67,None,4.00,None,4.00,None,7.66,None,13.00
1763509114.568245,None,25.33,None,15.99,None,0.00,None,4.00,None,26.67,None,18.00,None,12.68,None,28.67,None,4.00,None,4.00,None,7.66,None,13.00
1763509114.6304643,None,25.33,None,15.99,None,0.00,None,4.00,None,26.67,None,18.00,None,12.68,None,28.67,None,4.00,None,4.00,None,7.66,None,13.00
1763509114.6313593,None,25.33,None,15.99,None,0.00,None,4.00,None,26.67,None,18.00,None,12.68,None,28.67,None,4.00,None,4.00,None,7.66,None,13.00
1763509114.7589355,None,25.33,None,15.99,None,0.00,None,4.00,None,26.67,None,18.00,None,12.68,None,28.67,None,4.00,None,4.00,None,7.66,None,13.00
1763509114.7598414,None,25.33,None,15.99,None,0.00,None,4.00,None,26.67,None,18.00,None,12.68,None,28.67,None,4.00,None,4.00,None,7.66,None,13.00
1763509119.5280297,None,25.33,None,15.99,None,0.00,None,4.00,None,26.67,None,18.00,None,12.68,None,28.67,None,4.00,None,4.00,None,7.66,None,13.00
1763509119.5289466,None,25.33,None,15.99,None,0.00,None,4.00,None,26.67,None,18.00,None,12.68,None,28.67,None,4.00,None,4.00,None,7.66,None,13.00
1763509119.574292,None,28.66,None,28.99,None,0.00,None,4.00,None,26.67,None,18.00,None,12.68,None,28.67,None,4.00,None,4.00,None,7.66,None,13.00
1763509119.5752196,None,28.66,None,28.99,None,0.00,None,4.00,None,26.67,None,18.00,None,12.68,None,28.67,None,4.00,None,4.00,None,7.66,None,13.00
1763509128.979311,None,28.66,None,28.99,None,0.00,None,4.00,None,26.67,None,31.00,None,12.68,None,28.67,None,4.00,None,4.00,None,7.66,None,13.00
1763509128.9802094,None,28.66,None,28.99,None,0.00,None,4.00,None,26.67,None,31.00,None,12.68,None,28.67,None,4.00,None,4.00,None,7.66,None,13.00
1763509129.0339723,None,28.66,None,28.99,None,0.00,None,4.00,None,26.67,None,40.00,None,12.68,None,28.67,None,4.00,None,4.00,None,7.66,None,13.00
1763509129.0348501,None,28.66,None,28.99,None,0.00,None,4.00,None,26.67,None,40.00,None,12.68,None,28.67,None,4.00,None,4.00,None,7.66,None,13.00
1763509129.0911882,None,28.66,None,28.99,None,0.00,None,4.00,None,26.67,None,40.00,None,12.68,None,28.67,None,4.00,None,4.00,None,7.66,None,13.00
1763509129.0921032,None,28.66,None,28.99,None,0.00,None,4.00,None,26.67,None,40.00,None,12.68,None,28.67,None,4.00,None,4.00,None,7.66,None,13.00
1763509129.1479754,None,28.66,None,28.99,None,0.00,None,4.00,None,26.67,None,40.00,None,12.68,None,28.67,None,4.00,None,4.00,None,7.66,None,13.00
1763509129.148881,None,28.66,None,28.99,None,0.00,None,4.00,None,26.67,None,40.00,None,12.68,None,28.67,None,4.00,None,4.00,None,7.66,None,13.00
1763509129.2101352,None,28.66,None,28.99,None,0.00,None,4.00,None,26.67,None,40.00,None,12.68,None,28.67,None,4.00,None,4.00,None,7.66,None,13.00
1763509129.211126,None,28.66,None,28.99,None,0.00,None,4.00,None,26.67,None,40.00,None,12.68,None,28.67,None,4.00,None,4.00,None,7.66,None,13.00
1763509129.2778885,None,28.66,None,28.99,None,0.00,None,4.00,None,26.67,None,40.00,None,12.68,None,28.67,None,4.00,None,4.00,None,7.66,None,13.00
1763509129.278835,None,28.66,None,28.99,None,0.00,None,4.00,None,26.67,None,40.00,None,12.68,None,28.67,None,4.00,None,4.00,None,7.66,None,13.00
1763509129.5199463,None,27.66,None,30.00,None,0.00,None,4.00,None,26.67,None,40.00,None,5.01,None,28.67,None,4.00,None,4.00,None,7.66,None,8.67
1763509129.5205088,None,27.66,None,30.00,None,0.00,None,4.00,None,26.67,None,40.00,None,5.01,None,28.67,None,4.00,None,4.00,None,7.66,None,8.67
1763509129.5689824,None,27.66,None,30.00,None,0.00,None,4.00,None,26.67,None,40.00,None,5.01,None,28.67,None,4.00,None,4.00,None,7.66,None,8.67
1763509129.56991,None,27.66,None,30.00,None,0.00,None,4.00,None,26.67,None,40.00,None,5.01,None,28.67,None,4.00,None,4.00,None,7.66,None,8.67
1763509129.766697,None,27.66,None,30.00,None,0.00,None,4.00,None,26.67,None,40.00,None,6.68,None,28.67,None,4.00,None,4.00,None,7.66,None,8.67
1763509129.7676358,None,27.66,None,30.00,None,0.00,None,4.00,None,26.67,None,40.00,None,6.68,None,28.67,None,4.00,None,4.00,None,7.66,None,8.67
1763509129.8151987,None,27.66,None,30.00,None,0.00,None,4.00,None,26.67,None,40.00,None,6.68,None,28.67,None,4.00,None,4.00,None,7.66,None,8.67
1763509129.8160994,None,27.66,None,30.00,None,0.00,None,4.00,None,26.67,None,40.00,None,6.68,None,28.67,None,4.00,None,4.00,None,7.66,None,8.67
1763509149.9735456,None,15.00,None,3.33,None,0.00,None,0.00,None,0.00,None,40.00,None,1.67,None,28.67,None,4.00,None,0.00,None,9.00,None,0.00
1763509149.9740708,None,15.00,None,3.33,None,0.00,None,0.00,None,0.00,None,40.00,None,1.67,None,28.67,None,4.00,None,0.00,None,9.00,None,0.00
1763509150.0104496,None,15.00,None,3.33,None,0.00,None,0.00,None,0.00,None,40.00,None,10.67,None,28.67,None,4.00,None,4.00,None,9.00,None,8.67
1763509150.0109608,None,15.00,None,3.33,None,0.00,None,0.00,None,0.00,None,40.00,None,10.67,None,28.67,None,4.00,None,4.00,None,9.00,None,8.67
1763509150.048258,None,15.00,None,3.33,None,0.00,None,4.00,None,0.00,None,40.00,None,10.67,None,28.67,None,4.00,None,4.00,None,9.00,None,8.67
1763509150.0487993,None,15.00,None,3.33,None,0.00,None,4.00,None,0.00,None,40.00,None,10.67,None,28.67,None,4.00,None,4.00,None,9.00,None,8.67
1763509150.0970373,None,15.00,None,3.33,None,9.00,None,4.00,None,0.00,None,40.00,None,10.67,None,28.67,None,4.00,None,4.00,None,9.00,None,8.67
1763509150.0975943,None,15.00,None,3.33,None,9.00,None,4.00,None,0.00,None,40.00,None,10.67,None,28.67,None,4.00,None,4.00,None,9.00,None,8.67
1763509150.1364985,None,15.00,None,3.33,None,9.00,None,4.00,None,0.00,None,40.00,None,10.67,None,28.67,None,4.00,None,4.00,None,9.00,None,8.67
1763509150.1370134,None,15.00,None,3.33,None,9.00,None,4.00,None,0.00,None,40.00,None,10.67,None,28.67,None,4.00,None,4.00,None,9.00,None,8.67
1763509150.1663482,None,15.00,None,3.33,None,9.00,None,4.00,None,0.00,None,40.00,None,10.67,None,28.67,None,4.00,None,4.00,None,9.00,None,8.67
1763509150.1668909,None,15.00,None,3.33,None,9.00,None,4.00,None,0.00,None,40.00,None,10.67,None,28.67,None,4.00,None,4.00,None,9.00,None,8.67
1763509154.529124,None,24.00,None,3.33,None,9.00,None,4.00,None,0.00,None,40.00,None,9.00,None,28.67,None,4.00,None,4.00,None,9.00,None,8.67
1763509154.5296502,None,24.00,None,3.33,None,9.00,None,4.00,None,0.00,None,40.00,None,9.00,None,28.67,None,4.00,None,4.00,None,9.00,None,8.67
1763509154.5748029,None,25.67,None,3.33,None,9.00,None,4.00,None,9.00,None,40.00,None,13.33,None,28.67,None,4.00,None,4.00,None,9.00,None,12.00
1763509154.575693,None,25.67,None,3.33,None,9.00,None,4.00,None,9.00,None,40.00,None,13.33,None,28.67,None,4.00,None,4.00,None,9.00,None,12.00
1763509159.5610516,None,16.67,None,12.33,None,9.00,None,4.00,None,9.00,None,40.00,None,13.33,None,27.00,None,4.00,None,4.00,None,9.00,None,12.00
1763509159.5619528,None,16.67,None,12.33,None,9.00,None,4.00,None,9.00,None,40.00,None,13.33,None,27.00,None,4.00,None,4.00,None,9.00,None,12.00
1763509159.608799,None,16.67,None,12.33,None,9.00,None,4.00,None,9.00,None,40.00,None,13.33,None,27.00,None,4.00,None,4.00,None,9.00,None,12.00
1763509159.6097019,None,16.67,None,12.33,None,9.00,None,4.00,None,9.00,None,40.00,None,13.33,None,27.00,None,4.00,None,4.00,None,9.00,None,12.00
1763509159.8055117,None,22.67,None,12.33,None,9.00,None,4.00,None,9.00,None,40.00,None,13.33,None,27.00,None,4.00,None,4.00,None,9.00,None,12.00
1763509159.8063967,None,22.67,None,12.33,None,9.00,None,4.00,None,9.00,None,40.00,None,13.33,None,27.00,None,4.00,None,4.00,None,9.00,None,12.00
1763509162.9832358,None,22.67,None,21.33,None,9.00,None,4.00,None,9.00,None,40.00,None,13.33,None,27.00,None,4.00,None,4.00,None,9.00,None,12.00
1763509162.9837675,None,22.67,None,21.33,None,9.00,None,4.00,None,9.00,None,40.00,None,13.33,None,27.00,None,4.00,None,4.00,None,9.00,None,12.00
1763509163.0141997,None,22.67,None,21.33,None,9.00,None,4.00,None,9.00,None,40.00,None,13.33,None,27.00,None,4.00,None,4.00,None,9.00,None,12.00
1763509163.0147223,None,22.67,None,21.33,None,9.00,None,4.00,None,9.00,None,40.00,None,13.33,None,27.00,None,4.00,None,4.00,None,9.00,None,12.00
1763509163.0592911,None,22.67,None,21.33,None,9.00,None,4.00,None,9.00,None,40.00,None,13.33,None,27.00,None,4.00,None,4.00,None,9.00,None,12.00
1763509163.059832,None,22.67,None,21.33,None,9.00,None,4.00,None,9.00,None,40.00,None,13.33,None,27.00,None,4.00,None,4.00,None,9.00,None,12.00
1763509163.1136022,None,28.67,None,21.33,None,9.00,None,4.00,None,9.00,None,40.00,None,13.33,None,27.00,None,4.00,None,4.00,None,9.00,None,12.00
1763509163.1141405,None,28.67,None,21.33,None,9.00,None,4.00,None,9.00,None,40.00,None,13.33,None,27.00,None,4.00,None,4.00,None,9.00,None,12.00
1763509163.1579864,None,28.67,None,30.00,None,9.00,None,4.00,None,9.00,None,40.00,None,13.33,None,27.00,None,4.00,None,4.00,None,9.00,None,12.00
1763509163.1586394,None,28.67,None,30.00,None,9.00,None,4.00,None,9.00,None,40.00,None,13.33,None,27.00,None,4.00,None,4.00,None,9.00,None,12.00
1763509163.1979115,None,28.67,None,30.00,None,9.00,None,4.00,None,9.00,None,40.00,None,13.33,None,27.00,None,4.00,None,4.00,None,9.00,None,12.00
1763509163.1985874,None,28.67,None,30.00,None,9.00,None,4.00,None,9.00,None,40.00,None,13.33,None,27.00,None,4.00,None,4.00,None,9.00,None,12.00
1763509174.5789344,None,28.67,None,30.00,None,9.00,None,4.00,None,9.00,None,31.00,None,13.33,None,18.00,None,4.00,None,4.00,None,9.00,None,12.00
1763509174.5798218,None,28.67,None,30.00,None,9.00,None,4.00,None,9.00,None,31.00,None,13.33,None,18.00,None,4.00,None,4.00,None,9.00,None,12.00
1763509174.6281865,None,28.67,None,30.00,None,9.00,None,4.00,None,9.00,None,31.00,None,13.33,None,18.00,None,4.00,None,4.00,None,9.00,None,12.00
1763509174.6291113,None,28.67,None,30.00,None,9.00,None,4.00,None,9.00,None,31.00,None,13.33,None,18.00,None,4.00,None,4.00,None,9.00,None,12.00
1763509174.6694622,None,28.67,None,30.00,None,9.00,None,4.00,None,9.00,None,31.00,None,13.33,None,18.00,None,4.00,None,4.00,None,9.00,None,12.00
1763509174.6700058,None,28.67,None,30.00,None,9.00,None,4.00,None,9.00,None,31.00,None,13.33,None,18.00,None,4.00,None,4.00,None,9.00,None,12.00
1763509179.6566236,None,22.67,None,30.00,None,9.00,None,4.00,None,9.00,None,22.00,None,13.33,None,18.00,None,4.00,None,4.00,None,9.00,None,12.00
1763509179.6571684,None,22.67,None,30.00,None,9.00,None,4.00,None,9.00,None,22.00,None,13.33,None,18.00,None,4.00,None,4.00,None,9.00,None,12.00
1763509179.7017264,None,22.67,None,30.00,None,9.00,None,4.00,None,9.00,None,22.00,None,13.33,None,18.00,None,4.00,None,4.00,None,9.00,None,12.00
1763509179.7026412,None,22.67,None,30.00,None,9.00,None,4.00,None,9.00,None,22.00,None,13.33,None,18.00,None,4.00,None,4.00,None,9.00,None,12.00
1763509185.0179534,None,22.67,None,30.00,None,9.00,None,4.00,None,9.00,None,22.00,None,13.33,None,18.00,None,4.00,None,4.00,None,9.00,None,12.00
1763509185.0188377,None,22.67,None,30.00,None,9.00,None,4.00,None,9.00,None,22.00,None,13.33,None,18.00,None,4.00,None,4.00,None,9.00,None,12.00
1763509185.0770133,None,22.67,None,30.00,None,9.00,None,4.00,None,9.00,None,22.00,None,13.33,None,18.00,None,4.00,None,4.00,None,9.00,None,12.00
1763509185.0779042,None,22.67,None,30.00,None,9.00,None,4.00,None,9.00,None,22.00,None,13.33,None,18.00,None,4.00,None,4.00,None,9.00,None,12.00
1763509185.1340675,None,22.67,None,30.00,None,9.00,None,4.00,None,9.00,None,22.00,None,13.33,None,18.00,None,4.00,None,4.00,None,9.00,None,12.00
1763509185.1349697,None,22.67,None,30.00,None,9.00,None,4.00,None,9.00,None,22.00,None,13.33,None,18.00,None,4.00,None,4.00,None,9.00,None,12.00
1763509185.1723917,None,22.67,None,30.00,None,9.00,None,4.00,None,9.00,None,22.00,None,13.33,None,18.00,None,4.00,None,4.00,None,9.00,None,12.00
1763509185.1729476,None,22.67,None,30.00,None,9.00,None,4.00,None,9.00,None,22.00,None,13.33,None,18.00,None,4.00,None,4.00,None,9.00,None,12.00
1763509185.2047102,None,22.67,None,30.00,None,9.00,None,4.00,None,9.00,None,22.00,None,13.33,None,18.00,None,4.00,None,4.00,None,9.00,None,12.00
1763509185.2052355,None,22.67,None,30.00,None,9.00,None,4.00,None,9.00,None,22.00,None,13.33,None,18.00,None,4.00,None,4.00,None,9.00,None,12.00
1763509185.2377775,None,22.67,None,30.00,None,9.00,None,4.00,None,9.00,None,22.00,None,13.33,None,18.00,None,4.00,None,4.00,None,9.00,None,12.00
1763509185.2383132,None,22.67,None,30.00,None,9.00,None,4.00,None,9.00,None,22.00,None,13.33,None,18.00,None,4.00,None,4.00,None,9.00,None,12.00
1763509189.578614,None,22.67,None,24.33,None,9.00,None,4.00,None,9.00,None,31.00,None,13.33,None,18.00,None,4.00,None,4.00,None,9.00,None,12.00
1763509189.5791512,None,22.67,None,24.33,None,9.00,None,4.00,None,9.00,None,31.00,None,13.33,None,18.00,None,4.00,None,4.00,None,9.00,None,12.00
1763509189.6077542,None,22.67,None,24.33,None,9.00,None,4.00,None,9.00,None,31.00,None,13.33,None,18.00,None,4.00,None,4.00,None,9.00,None,12.00
1763509189.6082861,None,22.67,None,24.33,None,9.00,None,4.00,None,9.00,None,31.00,None,13.33,None,18.00,None,4.00,None,4.00,None,9.00,None,12.00
1763509194.7582774,None,22.67,None,24.33,None,9.00,None,4.00,None,9.00,None,31.00,None,13.33,None,9.00,None,4.00,None,4.00,None,9.00,None,12.00
1763509194.759193,None,22.67,None,24.33,None,9.00,None,4.00,None,9.00,None,31.00,None,13.33,None,9.00,None,4.00,None,4.00,None,9.00,None,12.00
1763509194.8093803,None,22.67,None,24.33,None,9.00,None,4.00,None,9.00,None,31.00,None,13.33,None,18.00,None,4.00,None,4.00,None,9.00,None,12.00
1763509194.8103147,None,22.67,None,24.33,None,9.00,None,4.00,None,9.00,None,31.00,None,13.33,None,18.00,None,4.00,None,4.00,None,9.00,None,12.00
1763509199.6168363,None,22.67,None,24.33,None,9.00,None,4.00,None,9.00,None,40.00,None,13.33,None,18.00,None,4.00,None,4.00,None,9.00,None,12.00
1763509199.6177514,None,22.67,None,24.33,None,9.00,None,4.00,None,9.00,None,40.00,None,13.33,None,18.00,None,4.00,None,4.00,None,9.00,None,12.00
1763509204.6260421,None,15.00,None,21.00,None,9.00,None,4.00,None,0.00,None,40.00,None,9.00,None,9.00,None,4.00,None,4.00,None,9.00,None,8.67
1763509204.6269364,None,15.00,None,21.00,None,9.00,None,4.00,None,0.00,None,40.00,None,9.00,None,9.00,None,4.00,None,4.00,None,9.00,None,8.67
1763509219.6384635,None,0.00,None,12.00,None,9.00,None,4.00,None,0.00,None,31.00,None,9.00,None,9.00,None,4.00,None,4.00,None,9.00,None,8.67
1763509219.639408,None,0.00,None,12.00,None,9.00,None,4.00,None,0.00,None,31.00,None,9.00,None,9.00,None,4.00,None,4.00,None,9.00,None,8.67
1763509220.0214322,None,0.00,None,12.00,None,9.00,None,4.00,None,0.00,None,31.00,None,9.00,None,9.00,None,4.00,None,4.00,None,9.00,None,8.67
1763509220.0223672,None,0.00,None,12.00,None,9.00,None,4.00,None,0.00,None,31.00,None,9.00,None,9.00,None,4.00,None,4.00,None,9.00,None,8.67
1763509220.0774481,None,17.67,None,15.33,None,9.00,None,4.00,None,0.00,None,31.00,None,9.00,None,9.00,None,4.00,None,4.00,None,9.00,None,8.67
1763509220.078353,None,17.67,None,15.33,None,9.00,None,4.00,None,0.00,None,31.00,None,9.00,None,9.00,None,4.00,None,4.00,None,9.00,None,8.67
1763509220.120019,None,28.01,None,27.66,None,9.00,None,4.00,None,0.00,None,31.00,None,13.33,None,9.00,None,4.00,None,4.00,None,9.00,None,8.67
1763509220.1205597,None,28.01,None,27.66,None,9.00,None,4.00,None,0.00,None,31.00,None,13.33,None,9.00,None,4.00,None,4.00,None,9.00,None,8.67
1763509220.157274,None,28.01,None,27.66,None,9.00,None,4.00,None,0.00,None,31.00,None,13.33,None,9.00,None,4.00,None,4.00,None,9.00,None,8.67
1763509220.1578364,None,28.01,None,27.66,None,9.00,None,4.00,None,0.00,None,31.00,None,13.33,None,9.00,None,4.00,None,4.00,None,9.00,None,8.67
1763509220.202777,None,28.01,None,27.66,None,9.00,None,4.00,None,0.00,None,31.00,None,13.33,None,9.00,None,4.00,None,4.00,None,9.00,None,8.67
1763509220.2033575,None,28.01,None,27.66,None,9.00,None,4.00,None,0.00,None,31.00,None,13.33,None,9.00,None,4.00,None,4.00,None,9.00,None,8.67
1763509220.2428567,None,28.01,None,27.66,None,9.00,None,4.00,None,0.00,None,31.00,None,13.33,None,9.00,None,4.00,None,4.00,None,9.00,None,8.67
1763509220.2434063,None,28.01,None,27.66,None,9.00,None,4.00,None,0.00,None,31.00,None,13.33,None,9.00,None,4.00,None,4.00,None,9.00,None,8.67
1763509240.0982497,None,28.01,None,27.66,None,9.00,None,4.00,None,0.00,None,22.00,None,13.33,None,0.00,None,4.00,None,4.00,None,9.00,None,8.67
1763509240.0988138,None,28.01,None,27.66,None,9.00,None,4.00,None,0.00,None,22.00,None,13.33,None,0.00,None,4.00,None,4.00,None,9.00,None,8.67
1763509240.1333559,None,28.01,None,27.66,None,9.00,None,4.00,None,0.00,None,31.00,None,13.33,None,0.00,None,4.00,None,4.00,None,9.00,None,8.67
1763509240.1338866,None,28.01,None,27.66,None,9.00,None,4.00,None,0.00,None,31.00,None,13.33,None,0.00,None,4.00,None,4.00,None,9.00,None,8.67
1763509240.1788824,None,28.01,None,27.66,None,9.00,None,4.00,None,0.00,None,31.00,None,13.33,None,0.00,None,4.00,None,4.00,None,9.00,None,8.67
1763509240.1794236,None,28.01,None,27.66,None,9.00,None,4.00,None,0.00,None,31.00,None,13.33,None,0.00,None,4.00,None,4.00,None,9.00,None,8.67
1763509240.2325087,None,28.01,None,27.66,None,9.00,None,4.00,None,0.00,None,31.00,None,13.33,None,0.00,None,4.00,None,4.00,None,9.00,None,8.67
1763509240.233405,None,28.01,None,27.66,None,9.00,None,4.00,None,0.00,None,31.00,None,13.33,None,0.00,None,4.00,None,4.00,None,9.00,None,8.67
1763509240.3003635,None,28.01,None,27.66,None,9.00,None,4.00,None,0.00,None,31.00,None,13.33,None,0.00,None,4.00,None,4.00,None,9.00,None,8.67
1763509240.3012888,None,28.01,None,27.66,None,9.00,None,4.00,None,0.00,None,31.00,None,13.33,None,0.00,None,4.00,None,4.00,None,9.00,None,8.67
1763509240.3777723,None,28.01,None,27.66,None,9.00,None,4.00,None,0.00,None,31.00,None,13.33,None,0.00,None,4.00,None,4.00,None,9.00,None,8.67
1763509240.3786821,None,28.01,None,27.66,None,9.00,None,4.00,None,0.00,None,31.00,None,13.33,None,0.00,None,4.00,None,4.00,None,9.00,None,8.67
1763509253.035171,None,29.68,None,27.66,None,9.00,None,4.00,None,0.00,None,18.00,None,13.33,None,0.00,None,0.00,None,4.00,None,9.00,None,8.67
1763509253.0360692,None,29.68,None,27.66,None,9.00,None,4.00,None,0.00,None,18.00,None,13.33,None,0.00,None,0.00,None,4.00,None,9.00,None,8.67
1763509253.094934,None,29.68,None,27.66,None,9.00,None,4.00,None,9.00,None,18.00,None,13.33,None,0.00,None,0.00,None,4.00,None,9.00,None,13.00
1763509253.0958338,None,29.68,None,27.66,None,9.00,None,4.00,None,9.00,None,18.00,None,13.33,None,0.00,None,0.00,None,4.00,None,9.00,None,13.00
1763509253.1503906,None,29.68,None,27.66,None,9.00,None,4.00,None,9.00,None,18.00,None,13.33,None,13.00,None,0.00,None,4.00,None,9.00,None,13.00
1763509253.1509662,None,29.68,None,27.66,None,9.00,None,4.00,None,9.00,None,18.00,None,13.33,None,13.00,None,0.00,None,4.00,None,9.00,None,13.00
1763509253.2801318,None,29.68,None,29.33,None,9.00,None,4.00,None,17.67,None,22.00,None,13.33,None,13.00,None,0.00,None,4.00,None,9.00,None,13.00
1763509253.2810507,None,29.68,None,29.33,None,9.00,None,4.00,None,17.67,None,22.00,None,13.33,None,13.00,None,0.00,None,4.00,None,9.00,None,13.00
1763509253.3413076,None,29.68,None,29.33,None,9.00,None,4.00,None,21.00,None,22.00,None,13.33,None,22.00,None,0.00,None,4.00,None,9.00,None,13.00
1763509253.3422198,None,29.68,None,29.33,None,9.00,None,4.00,None,21.00,None,22.00,None,13.33,None,22.00,None,0.00,None,4.00,None,9.00,None,13.00
1763509253.401095,None,29.68,None,29.33,None,9.00,None,4.00,None,21.00,None,22.00,None,13.33,None,22.00,None,0.00,None,4.00,None,9.00,None,13.00
1763509253.4020157,None,29.68,None,29.33,None,9.00,None,4.00,None,21.00,None,22.00,None,13.33,None,22.00,None,0.00,None,4.00,None,9.00,None,13.00
1763509264.6947339,None,29.68,None,29.33,None,9.00,None,4.00,None,21.00,None,22.00,None,13.33,None,22.00,None,4.00,None,4.00,None,9.00,None,13.00
1763509264.6956592,None,29.68,None,29.33,None,9.00,None,4.00,None,21.00,None,22.00,None,13.33,None,22.00,None,4.00,None,4.00,None,9.00,None,13.00
1763509269.7070854,None,29.68,None,20.66,None,0.00,None,4.00,None,21.00,None,22.00,None,13.33,None,22.00,None,4.00,None,4.00,None,9.00,None,13.00
1763509269.7080145,None,29.68,None,20.66,None,0.00,None,4.00,None,21.00,None,22.00,None,13.33,None,22.00,None,4.00,None,4.00,None,9.00,None,13.00
1763509269.7606938,None,29.68,None,20.66,None,9.00,None,4.00,None,21.00,None,22.00,None,13.33,None,22.00,None,4.00,None,4.00,None,9.00,None,13.00
1763509269.7616153,None,29.68,None,20.66,None,9.00,None,4.00,None,21.00,None,22.00,None,13.33,None,22.00,None,4.00,None,4.00,None,9.00,None,13.00
1763509269.814871,None,29.68,None,20.66,None,9.00,None,4.00,None,21.00,None,22.00,None,13.33,None,22.00,None,4.00,None,4.00,None,9.00,None,13.00
1763509269.8157713,None,29.68,None,20.66,None,9.00,None,4.00,None,21.00,None,22.00,None,13.33,None,22.00,None,4.00,None,4.00,None,9.00,None,13.00
1763509281.0594325,None,29.68,None,17.33,None,0.00,None,0.00,None,21.00,None,13.00,None,4.33,None,22.00,None,0.00,None,0.00,None,0.00,None,4.33
1763509281.0601902,None,29.68,None,17.33,None,0.00,None,0.00,None,21.00,None,13.00,None,4.33,None,22.00,None,0.00,None,0.00,None,0.00,None,4.33
1763509281.1232576,None,29.68,None,17.33,None,0.00,None,4.00,None,21.00,None,13.00,None,4.33,None,22.00,None,0.00,None,0.00,None,0.00,None,4.33
1763509281.1239767,None,29.68,None,17.33,None,0.00,None,4.00,None,21.00,None,13.00,None,4.33,None,22.00,None,0.00,None,0.00,None,0.00,None,4.33
1763509281.2670596,None,29.68,None,17.33,None,0.00,None,4.00,None,21.00,None,13.00,None,4.33,None,22.00,None,0.00,None,0.00,None,0.00,None,4.33
1763509281.2675817,None,29.68,None,17.33,None,0.00,None,4.00,None,21.00,None,13.00,None,4.33,None,22.00,None,0.00,None,0.00,None,0.00,None,4.33
1763509281.3182633,None,29.68,None,17.33,None,0.00,None,4.00,None,21.00,None,13.00,None,4.33,None,22.00,None,0.00,None,0.00,None,0.00,None,4.33
1763509281.3187869,None,29.68,None,17.33,None,0.00,None,4.00,None,21.00,None,13.00,None,4.33,None,22.00,None,0.00,None,0.00,None,0.00,None,4.33
1763509281.3629284,None,29.68,None,17.33,None,0.00,None,4.00,None,21.00,None,13.00,None,4.33,None,22.00,None,0.00,None,0.00,None,0.00,None,4.33
1763509281.363492,None,29.68,None,17.33,None,0.00,None,4.00,None,21.00,None,13.00,None,4.33,None,22.00,None,0.00,None,0.00,None,0.00,None,4.33
1763509281.410024,None,29.68,None,17.33,None,0.00,None,4.00,None,21.00,None,13.00,None,4.33,None,22.00,None,0.00,None,0.00,None,0.00,None,4.33
1763509281.4105537,None,29.68,None,17.33,None,0.00,None,4.00,None,21.00,None,13.00,None,4.33,None,22.00,None,0.00,None,0.00,None,0.00,None,4.33
1763509284.7336178,None,29.68,None,17.33,None,0.00,None,4.00,None,30.00,None,13.00,None,4.33,None,22.00,None,4.00,None,0.00,None,0.00,None,4.33
1763509284.7345252,None,29.68,None,17.33,None,0.00,None,4.00,None,30.00,None,13.00,None,4.33,None,22.00,None,4.00,None,0.00,None,0.00,None,4.33
1763509284.7849283,None,29.68,None,17.33,None,0.00,None,4.00,None,30.00,None,22.00,None,4.33,None,22.00,None,4.00,None,4.00,None,0.00,None,4.33
1763509284.7858129,None,29.68,None,17.33,None,0.00,None,4.00,None,30.00,None,22.00,None,4.33,None,22.00,None,4.00,None,4.00,None,0.00,None,4.33
1763509284.836781,None,29.68,None,17.33,None,0.00,None,4.00,None,30.00,None,22.00,None,4.33,None,22.00,None,4.00,None,4.00,None,0.00,None,4.33
1763509284.8376997,None,29.68,None,17.33,None,0.00,None,4.00,None,30.00,None,22.00,None,4.33,None,22.00,None,4.00,None,4.00,None,0.00,None,4.33
1763509284.8885431,None,29.68,None,17.33,None,0.00,None,4.00,None,30.00,None,22.00,None,4.33,None,22.00,None,4.00,None,4.00,None,9.00,None,4.33
1763509284.8894246,None,29.68,None,17.33,None,0.00,None,4.00,None,30.00,None,22.00,None,4.33,None,22.00,None,4.00,None,4.00,None,9.00,None,4.33
1763509284.9255621,None,29.68,None,17.33,None,0.00,None,4.00,None,30.00,None,22.00,None,4.33,None,22.00,None,4.00,None,4.00,None,9.00,None,4.33
1763509284.9261014,None,29.68,None,17.33,None,0.00,None,4.00,None,30.00,None,22.00,None,4.33,None,22.00,None,4.00,None,4.00,None,9.00,None,4.33
1763509285.0820274,None,29.68,None,17.33,None,0.00,None,4.00,None,30.00,None,22.00,None,4.33,None,22.00,None,4.00,None,4.00,None,9.00,None,4.33
1763509285.0825667,None,29.68,None,17.33,None,0.00,None,4.00,None,30.00,None,22.00,None,4.33,None,22.00,None,4.00,None,4.00,None,9.00,None,4.33
1763509294.7238321,None,29.68,None,17.33,None,0.00,None,4.00,None,30.00,None,31.00,None,4.33,None,22.00,None,4.00,None,4.00,None,9.00,None,4.33
1763509294.7243912,None,29.68,None,17.33,None,0.00,None,4.00,None,30.00,None,31.00,None,4.33,None,22.00,None,4.00,None,4.00,None,9.00,None,4.33
1763509299.7507155,None,12.01,None,14.00,None,0.00,None,4.00,None,30.00,None,31.00,None,4.33,None,22.00,None,4.00,None,4.00,None,9.00,None,4.33
1763509299.7516017,None,12.01,None,14.00,None,0.00,None,4.00,None,30.00,None,31.00,None,4.33,None,22.00,None,4.00,None,4.00,None,9.00,None,4.33
1763509303.0670009,None,12.01,None,14.00,None,0.00,None,4.00,None,30.00,None,31.00,None,4.33,None,22.00,None,4.00,None,4.00,None,9.00,None,4.33
1763509303.0678985,None,12.01,None,14.00,None,0.00,None,4.00,None,30.00,None,31.00,None,4.33,None,22.00,None,4.00,None,4.00,None,9.00,None,4.33
1763509303.1327238,None,12.01,None,14.00,None,0.00,None,4.00,None,30.00,None,40.00,None,4.33,None,22.00,None,4.00,None,4.00,None,9.00,None,4.33
1763509303.133653,None,12.01,None,14.00,None,0.00,None,4.00,None,30.00,None,40.00,None,4.33,None,22.00,None,4.00,None,4.00,None,9.00,None,4.33
1763509303.1696017,None,12.01,None,23.00,None,0.00,None,4.00,None,30.00,None,40.00,None,4.33,None,22.00,None,4.00,None,4.00,None,9.00,None,4.33
1763509303.1701176,None,12.01,None,23.00,None,0.00,None,4.00,None,30.00,None,40.00,None,4.33,None,22.00,None,4.00,None,4.00,None,9.00,None,4.33
1763509303.2272499,None,12.01,None,23.00,None,0.00,None,4.00,None,30.00,None,40.00,None,4.33,None,22.00,None,4.00,None,4.00,None,9.00,None,4.33
1763509303.2281644,None,12.01,None,23.00,None,0.00,None,4.00,None,30.00,None,40.00,None,4.33,None,22.00,None,4.00,None,4.00,None,9.00,None,4.33
1763509303.2732863,None,12.01,None,23.00,None,0.00,None,4.00,None,30.00,None,40.00,None,4.33,None,22.00,None,4.00,None,4.00,None,9.00,None,4.33
1763509303.2738354,None,12.01,None,23.00,None,0.00,None,4.00,None,30.00,None,40.00,None,4.33,None,22.00,None,4.00,None,4.00,None,9.00,None,4.33
1763509303.3214633,None,12.01,None,23.00,None,0.00,None,4.00,None,30.00,None,40.00,None,4.33,None,22.00,None,4.00,None,4.00,None,9.00,None,4.33
1763509303.3220582,None,12.01,None,23.00,None,0.00,None,4.00,None,30.00,None,40.00,None,4.33,None,22.00,None,4.00,None,4.00,None,9.00,None,4.33
1763509304.7391553,None,16.34,None,23.00,None,0.00,None,4.00,None,21.33,None,40.00,None,4.33,None,22.00,None,4.00,None,4.00,None,9.00,None,4.33
1763509304.7397003,None,16.34,None,23.00,None,0.00,None,4.00,None,21.33,None,40.00,None,4.33,None,22.00,None,4.00,None,4.00,None,9.00,None,4.33
1763509304.854888,None,16.34,None,23.00,None,0.00,None,4.00,None,21.33,None,40.00,None,4.33,None,22.00,None,4.00,None,4.00,None,9.00,None,4.33
1763509304.8554583,None,16.34,None,23.00,None,0.00,None,4.00,None,21.33,None,40.00,None,4.33,None,22.00,None,4.00,None,4.00,None,9.00,None,4.33
1763509304.891643,None,16.34,None,23.00,None,0.00,None,4.00,None,21.33,None,40.00,None,4.33,None,22.00,None,4.00,None,4.00,None,9.00,None,4.33
1763509304.8925574,None,16.34,None,23.00,None,0.00,None,4.00,None,21.33,None,40.00,None,4.33,None,22.00,None,4.00,None,4.00,None,9.00,None,4.33
1763509314.7719922,None,16.34,None,23.00,None,1.67,None,4.00,None,12.33,None,22.00,None,4.33,None,22.00,None,0.00,None,0.00,None,0.00,None,8.66
1763509314.7729003,None,16.34,None,23.00,None,1.67,None,4.00,None,12.33,None,22.00,None,4.33,None,22.00,None,0.00,None,0.00,None,0.00,None,8.66
1763509314.8254154,None,16.34,None,23.00,None,1.67,None,4.00,None,12.33,None,22.00,None,4.33,None,22.00,None,0.00,None,0.00,None,0.00,None,8.66
1763509314.8263276,None,16.34,None,23.00,None,1.67,None,4.00,None,12.33,None,22.00,None,4.33,None,22.00,None,0.00,None,0.00,None,0.00,None,8.66
1763509318.0673115,None,16.34,None,23.00,None,1.67,None,4.00,None,12.33,None,22.00,None,8.66,None,22.00,None,0.00,None,0.00,None,0.00,None,10.33
1763509318.0678687,None,16.34,None,23.00,None,1.67,None,4.00,None,12.33,None,22.00,None,8.66,None,22.00,None,0.00,None,0.00,None,0.00,None,10.33
1763509318.1238165,None,16.34,None,23.00,None,1.67,None,4.00,None,12.33,None,22.00,None,8.66,None,22.00,None,0.00,None,0.00,None,9.00,None,12.00
1763509318.124695,None,16.34,None,23.00,None,1.67,None,4.00,None,12.33,None,22.00,None,8.66,None,22.00,None,0.00,None,0.00,None,9.00,None,12.00
1763509318.1708434,None,16.34,None,23.00,None,1.67,None,4.00,None,12.33,None,22.00,None,8.66,None,22.00,None,0.00,None,4.00,None,9.00,None,13.67
1763509318.1713789,None,16.34,None,23.00,None,1.67,None,4.00,None,12.33,None,22.00,None,8.66,None,22.00,None,0.00,None,4.00,None,9.00,None,13.67
1763509318.205635,None,16.34,None,23.00,None,1.67,None,4.00,None,12.33,None,22.00,None,8.66,None,22.00,None,0.00,None,4.00,None,9.00,None,13.67
1763509318.2061849,None,16.34,None,23.00,None,1.67,None,4.00,None,12.33,None,22.00,None,8.66,None,22.00,None,0.00,None,4.00,None,9.00,None,13.67
1763509318.2435312,None,16.34,None,23.00,None,1.67,None,4.00,None,21.33,None,22.00,None,8.66,None,22.00,None,0.00,None,4.00,None,9.00,None,13.67
1763509318.244103,None,16.34,None,23.00,None,1.67,None,4.00,None,21.33,None,22.00,None,8.66,None,22.00,None,0.00,None,4.00,None,9.00,None,13.67
1763509318.3815198,None,16.34,None,23.00,None,1.67,None,4.00,None,21.33,None,22.00,None,8.66,None,22.00,None,0.00,None,4.00,None,9.00,None,13.67
1763509318.3820608,None,16.34,None,23.00,None,1.67,None,4.00,None,21.33,None,22.00,None,8.66,None,22.00,None,0.00,None,4.00,None,9.00,None,13.67
1763509319.7819953,None,16.34,None,23.00,None,10.67,None,4.00,None,21.33,None,22.00,None,8.66,None,22.00,None,4.00,None,4.00,None,9.00,None,13.67
1763509319.7828968,None,16.34,None,23.00,None,10.67,None,4.00,None,21.33,None,22.00,None,8.66,None,22.00,None,4.00,None,4.00,None,9.00,None,13.67
1763509329.7992806,None,16.34,None,23.00,None,10.67,None,4.00,None,12.33,None,31.00,None,8.66,None,22.00,None,4.00,None,4.00,None,9.00,None,9.34
1763509329.8002222,None,16.34,None,23.00,None,10.67,None,4.00,None,12.33,None,31.00,None,8.66,None,22.00,None,4.00,None,4.00,None,9.00,None,9.34
1763509334.0860841,None,25.67,None,23.00,None,10.67,None,4.00,None,12.33,None,31.00,None,8.66,None,22.00,None,4.00,None,4.00,None,9.00,None,9.34
1763509334.086999,None,25.67,None,23.00,None,10.67,None,4.00,None,12.33,None,31.00,None,8.66,None,22.00,None,4.00,None,4.00,None,9.00,None,9.34
1763509334.1478465,None,27.34,None,26.33,None,10.67,None,4.00,None,12.33,None,31.00,None,12.99,None,22.00,None,4.00,None,4.00,None,9.00,None,9.34
1763509334.1487415,None,27.34,None,26.33,None,10.67,None,4.00,None,12.33,None,31.00,None,12.99,None,22.00,None,4.00,None,4.00,None,9.00,None,9.34
1763509334.2089553,None,29.01,None,26.33,None,10.67,None,4.00,None,12.33,None,31.00,None,12.99,None,22.00,None,4.00,None,4.00,None,13.33,None,9.34
1763509334.20988,None,29.01,None,26.33,None,10.67,None,4.00,None,12.33,None,31.00,None,12.99,None,22.00,None,4.00,None,4.00,None,13.33,None,9.34
1763509334.2705863,None,29.01,None,28.00,None,10.67,None,13.00,None,12.33,None,31.00,None,12.99,None,22.00,None,4.00,None,4.00,None,13.33,None,9.34
1763509334.2715034,None,29.01,None,28.00,None,10.67,None,13.00,None,12.33,None,31.00,None,12.99,None,22.00,None,4.00,None,4.00,None,13.33,None,9.34
1763509334.3323138,None,29.01,None,29.67,None,10.67,None,13.00,None,21.33,None,31.00,None,12.99,None,22.00,None,4.00,None,4.00,None,13.33,None,9.34
1763509334.3332312,None,29.01,None,29.67,None,10.67,None,13.00,None,21.33,None,31.00,None,12.99,None,22.00,None,4.00,None,4.00,None,13.33,None,9.34
1763509334.4142983,None,29.01,None,29.67,None,10.67,None,13.00,None,21.33,None,31.00,None,12.99,None,22.00,None,4.00,None,4.00,None,13.33,None,9.34
1763509334.4152646,None,29.01,None,29.67,None,10.67,None,13.00,None,21.33,None,31.00,None,12.99,None,22.00,None,4.00,None,4.00,None,13.33,None,9.34
1763509334.9258902,None,29.01,None,29.67,None,10.67,None,13.00,None,21.33,None,31.00,None,12.99,None,22.00,None,4.00,None,4.00,None,13.33,None,9.34
1763509334.9264863,None,29.01,None,29.67,None,10.67,None,13.00,None,21.33,None,31.00,None,12.99,None,22.00,None,4.00,None,4.00,None,13.33,None,9.34
1763509334.9755116,None,29.01,None,29.67,None,10.67,None,13.00,None,21.33,None,31.00,None,12.99,None,22.00,None,4.00,None,4.00,None,13.33,None,9.34
1763509334.9764256,None,29.01,None,29.67,None,10.67,None,13.00,None,21.33,None,31.00,None,12.99,None,22.00,None,4.00,None,4.00,None,13.33,None,9.34
1763509344.8298943,None,29.01,None,29.67,None,10.67,None,13.00,None,21.33,None,31.00,None,12.99,None,9.00,None,4.00,None,4.00,None,13.33,None,9.34
1763509344.830827,None,29.01,None,29.67,None,10.67,None,13.00,None,21.33,None,31.00,None,12.99,None,9.00,None,4.00,None,4.00,None,13.33,None,9.34
1763509349.8447256,None,18.67,None,17.34,None,10.67,None,13.00,None,21.33,None,13.00,None,8.66,None,9.00,None,4.00,None,4.00,None,13.33,None,9.34
1763509349.8456852,None,18.67,None,17.34,None,10.67,None,13.00,None,21.33,None,13.00,None,8.66,None,9.00,None,4.00,None,4.00,None,13.33,None,9.34
1763509349.9059227,None,18.67,None,26.34,None,10.67,None,13.00,None,21.33,None,13.00,None,8.66,None,9.00,None,4.00,None,4.00,None,13.33,None,9.34
1763509349.9068592,None,18.67,None,26.34,None,10.67,None,13.00,None,21.33,None,13.00,None,8.66,None,9.00,None,4.00,None,4.00,None,13.33,None,9.34
1763509354.8528154,None,18.67,None,26.34,None,10.67,None,13.00,None,21.33,None,22.00,None,8.66,None,9.00,None,4.00,None,4.00,None,13.33,None,9.34
1763509354.8537428,None,18.67,None,26.34,None,10.67,None,13.00,None,21.33,None,22.00,None,8.66,None,9.00,None,4.00,None,4.00,None,13.33,None,9.34
1763509364.0975688,None,22.00,None,24.67,None,10.67,None,13.00,None,18.00,None,9.00,None,8.66,None,0.00,None,4.00,None,4.00,None,13.33,None,9.34
1763509364.0984745,None,22.00,None,24.67,None,10.67,None,13.00,None,18.00,None,9.00,None,8.66,None,0.00,None,4.00,None,4.00,None,13.33,None,9.34
1763509364.156807,None,23.67,None,28.00,None,10.67,None,13.00,None,18.00,None,9.00,None,8.66,None,0.00,None,4.00,None,4.00,None,13.33,None,9.34
1763509364.1577234,None,23.67,None,28.00,None,10.67,None,13.00,None,18.00,None,9.00,None,8.66,None,0.00,None,4.00,None,4.00,None,13.33,None,9.34
1763509364.3749027,None,25.34,None,28.00,None,10.67,None,13.00,None,18.00,None,9.00,None,8.66,None,0.00,None,4.00,None,4.00,None,13.33,None,9.34
1763509364.3758128,None,25.34,None,28.00,None,10.67,None,13.00,None,18.00,None,9.00,None,8.66,None,0.00,None,4.00,None,4.00,None,13.33,None,9.34
1763509364.4360921,None,28.67,None,29.67,None,10.67,None,13.00,None,18.00,None,9.00,None,8.66,None,0.00,None,4.00,None,4.00,None,13.33,None,9.34
1763509364.4370964,None,28.67,None,29.67,None,10.67,None,13.00,None,18.00,None,9.00,None,8.66,None,0.00,None,4.00,None,4.00,None,13.33,None,9.34
1763509364.498327,None,28.67,None,29.67,None,10.67,None,13.00,None,18.00,None,9.00,None,13.66,None,0.00,None,4.00,None,4.00,None,13.33,None,9.34
1763509364.499241,None,28.67,None,29.67,None,10.67,None,13.00,None,18.00,None,9.00,None,13.66,None,0.00,None,4.00,None,4.00,None,13.33,None,9.34
1763509364.5605645,None,28.67,None,29.67,None,10.67,None,13.00,None,22.33,None,9.00,None,13.66,None,9.00,None,4.00,None,4.00,None,13.33,None,11.01
1763509364.5614717,None,28.67,None,29.67,None,10.67,None,13.00,None,22.33,None,9.00,None,13.66,None,9.00,None,4.00,None,4.00,None,13.33,None,11.01
1763509364.8666432,None,28.67,None,29.67,None,10.67,None,9.00,None,22.33,None,9.00,None,13.66,None,9.00,None,4.00,None,4.00,None,13.33,None,11.01
1763509364.8675776,None,28.67,None,29.67,None,10.67,None,9.00,None,22.33,None,9.00,None,13.66,None,9.00,None,4.00,None,4.00,None,13.33,None,11.01
1763509364.9242086,None,28.67,None,29.67,None,10.67,None,9.00,None,22.33,None,13.00,None,13.66,None,18.00,None,4.00,None,4.00,None,13.33,None,11.01
1763509364.9251378,None,28.67,None,29.67,None,10.67,None,9.00,None,22.33,None,13.00,None,13.66,None,18.00,None,4.00,None,4.00,None,13.33,None,11.01
1763509379.8689525,None,28.67,None,29.67,None,0.00,None,9.00,None,22.33,None,13.00,None,13.66,None,18.00,None,4.00,None,4.00,None,13.33,None,6.68
1763509379.8703978,None,28.67,None,29.67,None,0.00,None,9.00,None,22.33,None,13.00,None,13.66,None,18.00,None,4.00,None,4.00,None,13.33,None,6.68
1763509379.9287624,None,28.67,None,29.67,None,0.00,None,13.00,None,22.33,None,13.00,None,13.66,None,18.00,None,4.00,None,4.00,None,13.33,None,6.68
1763509379.9296637,None,28.67,None,29.67,None,0.00,None,13.00,None,22.33,None,13.00,None,13.66,None,18.00,None,4.00,None,4.00,None,13.33,None,6.68
1763509380.111355,None,28.67,None,29.67,None,0.00,None,13.00,None,22.33,None,22.00,None,13.66,None,18.00,None,4.00,None,4.00,None,13.33,None,6.68
1763509380.1122694,None,28.67,None,29.67,None,0.00,None,13.00,None,22.33,None,22.00,None,13.66,None,18.00,None,4.00,None,4.00,None,13.33,None,6.68
1763509380.259454,None,28.67,None,29.67,None,0.00,None,13.00,None,22.33,None,22.00,None,13.66,None,18.00,None,4.00,None,4.00,None,13.33,None,6.68
1763509380.2600071,None,28.67,None,29.67,None,0.00,None,13.00,None,22.33,None,22.00,None,13.66,None,18.00,None,4.00,None,4.00,None,13.33,None,6.68
1763509380.313585,None,28.67,None,29.67,None,0.00,None,13.00,None,22.33,None,22.00,None,13.66,None,18.00,None,4.00,None,4.00,None,13.33,None,6.68
1763509380.3141322,None,28.67,None,29.67,None,0.00,None,13.00,None,22.33,None,22.00,None,13.66,None,18.00,None,4.00,None,4.00,None,13.33,None,6.68
1763509380.3518102,None,28.67,None,29.67,None,0.00,None,13.00,None,22.33,None,22.00,None,13.66,None,18.00,None,4.00,None,4.00,None,13.33,None,6.68
1763509380.352421,None,28.67,None,29.67,None,0.00,None,13.00,None,22.33,None,22.00,None,13.66,None,18.00,None,4.00,None,4.00,None,13.33,None,6.68
1763509380.3928683,None,28.67,None,29.67,None,0.00,None,13.00,None,22.33,None,22.00,None,13.66,None,18.00,None,4.00,None,4.00,None,13.33,None,6.68
1763509380.3934166,None,28.67,None,29.67,None,0.00,None,13.00,None,22.33,None,22.00,None,13.66,None,18.00,None,4.00,None,4.00,None,13.33,None,6.68
1763509380.4330366,None,28.67,None,29.67,None,0.00,None,13.00,None,22.33,None,22.00,None,13.66,None,18.00,None,4.00,None,4.00,None,13.33,None,6.68
1763509380.4335825,None,28.67,None,29.67,None,0.00,None,13.00,None,22.33,None,22.00,None,13.66,None,18.00,None,4.00,None,4.00,None,13.33,None,6.68
1763509389.9019296,None,28.67,None,20.67,None,0.00,None,9.00,None,22.33,None,22.00,None,13.66,None,18.00,None,0.00,None,4.00,None,13.33,None,6.68
1763509389.9028351,None,28.67,None,20.67,None,0.00,None,9.00,None,22.33,None,22.00,None,13.66,None,18.00,None,0.00,None,4.00,None,13.33,None,6.68
1763509396.1561146,None,28.67,None,20.67,None,0.00,None,9.00,None,22.33,None,31.00,None,13.66,None,18.00,None,0.00,None,4.00,None,13.33,None,6.68
1763509396.1573286,None,28.67,None,20.67,None,0.00,None,9.00,None,22.33,None,31.00,None,13.66,None,18.00,None,0.00,None,4.00,None,13.33,None,6.68
1763509396.2436438,None,28.67,None,20.67,None,0.00,None,9.00,None,22.33,None,31.00,None,13.66,None,18.00,None,4.00,None,4.00,None,13.33,None,6.68
1763509396.2448497,None,28.67,None,20.67,None,0.00,None,9.00,None,22.33,None,31.00,None,13.66,None,18.00,None,4.00,None,4.00,None,13.33,None,6.68
1763509396.4322429,None,28.67,None,20.67,None,0.00,None,9.00,None,22.33,None,31.00,None,13.66,None,18.00,None,4.00,None,4.00,None,13.33,None,6.68
1763509396.432781,None,28.67,None,20.67,None,0.00,None,9.00,None,22.33,None,31.00,None,13.66,None,18.00,None,4.00,None,4.00,None,13.33,None,6.68
1763509396.4968085,None,28.67,None,20.67,None,0.00,None,9.00,None,22.33,None,31.00,None,13.66,None,18.00,None,4.00,None,4.00,None,13.33,None,6.68
1763509396.4977582,None,28.67,None,20.67,None,0.00,None,9.00,None,22.33,None,31.00,None,13.66,None,18.00,None,4.00,None,4.00,None,13.33,None,6.68
1763509396.5679274,None,28.67,None,20.67,None,0.00,None,9.00,None,22.33,None,31.00,None,13.66,None,18.00,None,4.00,None,4.00,None,13.33,None,6.68
1763509396.5689032,None,28.67,None,20.67,None,0.00,None,9.00,None,22.33,None,31.00,None,13.66,None,18.00,None,4.00,None,4.00,None,13.33,None,6.68
1763509396.6366165,None,28.67,None,20.67,None,0.00,None,9.00,None,22.33,None,40.00,None,13.66,None,18.00,None,4.00,None,4.00,None,13.33,None,6.68
1763509396.637575,None,28.67,None,20.67,None,0.00,None,9.00,None,22.33,None,40.00,None,13.66,None,18.00,None,4.00,None,4.00,None,13.33,None,6.68
1763509399.9131827,None,28.67,None,11.67,None,0.00,None,9.00,None,22.33,None,40.00,None,13.66,None,18.00,None,4.00,None,4.00,None,13.33,None,6.68
1763509399.9141154,None,28.67,None,11.67,None,0.00,None,9.00,None,22.33,None,40.00,None,13.66,None,18.00,None,4.00,None,4.00,None,13.33,None,6.68
1763509409.9333699,None,27.00,None,24.34,None,0.00,None,9.00,None,13.33,None,40.00,None,11.00,None,18.00,None,4.00,None,4.00,None,13.33,None,6.68
1763509409.9343216,None,27.00,None,24.34,None,0.00,None,9.00,None,13.33,None,40.00,None,11.00,None,18.00,None,4.00,None,4.00,None,13.33,None,6.68
1763509409.9933636,None,28.67,None,28.67,None,0.00,None,13.00,None,22.33,None,40.00,None,11.00,None,18.00,None,4.00,None,4.00,None,13.33,None,10.01
1763509409.9943178,None,28.67,None,28.67,None,0.00,None,13.00,None,22.33,None,40.00,None,11.00,None,18.00,None,4.00,None,4.00,None,13.33,None,10.01
1763509414.1402447,None,28.67,None,28.67,None,9.00,None,13.00,None,22.33,None,40.00,None,11.00,None,9.00,None,4.00,None,4.00,None,13.33,None,10.01
1763509414.141169,None,28.67,None,28.67,None,9.00,None,13.00,None,22.33,None,40.00,None,11.00,None,9.00,None,4.00,None,4.00,None,13.33,None,10.01
1763509414.3698566,None,28.67,None,28.67,None,9.00,None,13.00,None,22.33,None,49.00,None,11.00,None,9.00,None,4.00,None,4.00,None,13.33,None,10.01
1763509414.3708394,None,28.67,None,28.67,None,9.00,None,13.00,None,22.33,None,49.00,None,11.00,None,9.00,None,4.00,None,4.00,None,13.33,None,10.01
1763509414.437409,None,28.67,None,28.67,None,9.00,None,13.00,None,22.33,None,49.00,None,11.00,None,9.00,None,4.00,None,4.00,None,13.33,None,10.01
1763509414.43838,None,28.67,None,28.67,None,9.00,None,13.00,None,22.33,None,49.00,None,11.00,None,9.00,None,4.00,None,4.00,None,13.33,None,10.01
1763509414.5003784,None,28.67,None,28.67,None,9.00,None,13.00,None,22.33,None,49.00,None,11.00,None,9.00,None,4.00,None,4.00,None,13.33,None,10.01
1763509414.5009453,None,28.67,None,28.67,None,9.00,None,13.00,None,22.33,None,49.00,None,11.00,None,9.00,None,4.00,None,4.00,None,13.33,None,10.01
1763509414.5594475,None,28.67,None,28.67,None,9.00,None,13.00,None,22.33,None,49.00,None,11.00,None,9.00,None,4.00,None,4.00,None,13.33,None,10.01
1763509414.5604653,None,28.67,None,28.67,None,9.00,None,13.00,None,22.33,None,49.00,None,11.00,None,9.00,None,4.00,None,4.00,None,13.33,None,10.01
1763509414.6148288,None,28.67,None,28.67,None,9.00,None,13.00,None,22.33,None,49.00,None,11.00,None,9.00,None,4.00,None,4.00,None,13.33,None,10.01
1763509414.6154077,None,28.67,None,28.67,None,9.00,None,13.00,None,22.33,None,49.00,None,11.00,None,9.00,None,4.00,None,4.00,None,13.33,None,10.01
1763509419.9537485,None,28.67,None,28.67,None,9.00,None,13.00,None,22.33,None,49.00,None,11.00,None,9.00,None,4.00,None,4.00,None,13.33,None,10.01
1763509419.9547124,None,28.67,None,28.67,None,9.00,None,13.00,None,22.33,None,49.00,None,11.00,None,9.00,None,4.00,None,4.00,None,13.33,None,10.01
1763509432.3153014,None,28.67,None,28.67,None,9.00,None,13.00,None,22.33,None,49.00,None,11.00,None,9.00,None,4.00,None,4.00,None,13.33,None,10.01
1763509432.3163016,None,28.67,None,28.67,None,9.00,None,13.00,None,22.33,None,49.00,None,11.00,None,9.00,None,4.00,None,4.00,None,13.33,None,10.01
1763509432.387188,None,28.67,None,28.67,None,9.00,None,13.00,None,22.33,None,49.00,None,11.00,None,9.00,None,4.00,None,4.00,None,13.33,None,10.01
1763509432.3881514,None,28.67,None,28.67,None,9.00,None,13.00,None,22.33,None,49.00,None,11.00,None,9.00,None,4.00,None,4.00,None,13.33,None,10.01
1763509432.4700472,None,28.67,None,28.67,None,9.00,None,13.00,None,22.33,None,49.00,None,11.00,None,9.00,None,4.00,None,4.00,None,13.33,None,10.01
1763509432.4709892,None,28.67,None,28.67,None,9.00,None,13.00,None,22.33,None,49.00,None,11.00,None,9.00,None,4.00,None,4.00,None,13.33,None,10.01
1763509432.5516863,None,28.67,None,28.67,None,9.00,None,13.00,None,22.33,None,49.00,None,11.00,None,9.00,None,4.00,None,4.00,None,13.33,None,10.01
1763509432.5530157,None,28.67,None,28.67,None,9.00,None,13.00,None,22.33,None,49.00,None,11.00,None,9.00,None,4.00,None,4.00,None,13.33,None,10.01
1763509432.6429348,None,28.67,None,28.67,None,9.00,None,13.00,None,22.33,None,49.00,None,11.00,None,9.00,None,4.00,None,4.00,None,13.33,None,10.01
1763509432.6439133,None,28.67,None,28.67,None,9.00,None,13.00,None,22.33,None,49.00,None,11.00,None,9.00,None,4.00,None,4.00,None,13.33,None,10.01
1763509432.7269003,None,28.67,None,28.67,None,9.00,None,13.00,None,22.33,None,49.00,None,11.00,None,9.00,None,4.00,None,4.00,None,13.33,None,10.01
1763509432.727887,None,28.67,None,28.67,None,9.00,None,13.00,None,22.33,None,49.00,None,11.00,None,9.00,None,4.00,None,4.00,None,13.33,None,10.01
1763509435.1160638,None,27.00,None,28.67,None,9.00,None,13.00,None,22.33,None,40.00,None,11.00,None,17.67,None,4.00,None,4.00,None,13.33,None,11.68
1763509435.11663,None,27.00,None,28.67,None,9.00,None,13.00,None,22.33,None,40.00,None,11.00,None,17.67,None,4.00,None,4.00,None,13.33,None,11.68
1763509435.1514418,None,27.00,None,28.67,None,9.00,None,13.00,None,22.33,None,40.00,None,11.00,None,17.67,None,4.00,None,4.00,None,13.33,None,11.68
1763509435.1519861,None,27.00,None,28.67,None,9.00,None,13.00,None,22.33,None,40.00,None,11.00,None,17.67,None,4.00,None,4.00,None,13.33,None,11.68
1763509435.1871855,None,27.00,None,28.67,None,9.00,None,13.00,None,22.33,None,40.00,None,11.00,None,17.67,None,4.00,None,4.00,None,13.33,None,11.68
1763509435.1877327,None,27.00,None,28.67,None,9.00,None,13.00,None,22.33,None,40.00,None,11.00,None,17.67,None,4.00,None,4.00,None,13.33,None,11.68
1763509435.2256901,None,27.00,None,28.67,None,9.00,None,13.00,None,22.33,None,40.00,None,11.00,None,17.67,None,4.00,None,4.00,None,13.33,None,11.68
1763509435.226264,None,27.00,None,28.67,None,9.00,None,13.00,None,22.33,None,40.00,None,11.00,None,17.67,None,4.00,None,4.00,None,13.33,None,11.68
1763509435.261621,None,27.00,None,28.67,None,9.00,None,13.00,None,22.33,None,40.00,None,11.00,None,17.67,None,4.00,None,4.00,None,13.33,None,11.68
1763509435.2621763,None,27.00,None,28.67,None,9.00,None,13.00,None,22.33,None,40.00,None,11.00,None,17.67,None,4.00,None,4.00,None,13.33,None,11.68
1763509455.0048332,None,16.00,None,5.00,None,9.00,None,0.00,None,4.33,None,40.00,None,5.00,None,9.00,None,4.00,None,0.00,None,0.00,None,1.67
1763509455.0057366,None,16.00,None,5.00,None,9.00,None,0.00,None,4.33,None,40.00,None,5.00,None,9.00,None,4.00,None,0.00,None,0.00,None,1.67
1763509464.1504514,None,16.00,None,5.00,None,9.00,None,4.00,None,4.33,None,40.00,None,5.00,None,9.00,None,4.00,None,0.00,None,9.00,None,7.67
1763509464.1509876,None,16.00,None,5.00,None,9.00,None,4.00,None,4.33,None,40.00,None,5.00,None,9.00,None,4.00,None,0.00,None,9.00,None,7.67
1763509464.1886263,None,16.00,None,5.00,None,9.00,None,4.00,None,4.33,None,40.00,None,5.00,None,9.00,None,4.00,None,9.00,None,9.00,None,7.67
1763509464.1891716,None,16.00,None,5.00,None,9.00,None,4.00,None,4.33,None,40.00,None,5.00,None,9.00,None,4.00,None,9.00,None,9.00,None,7.67
1763509464.382828,None,16.00,None,5.00,None,9.00,None,13.00,None,4.33,None,40.00,None,5.00,None,9.00,None,4.00,None,9.00,None,9.00,None,9.34
1763509464.3837912,None,16.00,None,5.00,None,9.00,None,13.00,None,4.33,None,40.00,None,5.00,None,9.00,None,4.00,None,9.00,None,9.00,None,9.34
1763509464.428377,None,16.00,None,5.00,None,9.00,None,13.00,None,4.33,None,40.00,None,5.00,None,9.00,None,4.00,None,9.00,None,9.00,None,9.34
1763509464.4289336,None,16.00,None,5.00,None,9.00,None,13.00,None,4.33,None,40.00,None,5.00,None,9.00,None,4.00,None,9.00,None,9.00,None,9.34
1763509464.4675558,None,16.00,None,5.00,None,9.00,None,13.00,None,4.33,None,40.00,None,5.00,None,9.00,None,4.00,None,9.00,None,9.00,None,9.34
1763509464.4681363,None,16.00,None,5.00,None,9.00,None,13.00,None,4.33,None,40.00,None,5.00,None,9.00,None,4.00,None,9.00,None,9.00,None,9.34
1763509464.507759,None,16.00,None,5.00,None,9.00,None,13.00,None,4.33,None,40.00,None,13.67,None,9.00,None,4.00,None,13.00,None,12.33,None,9.34
1763509464.508338,None,16.00,None,5.00,None,9.00,None,13.00,None,4.33,None,40.00,None,13.67,None,9.00,None,4.00,None,13.00,None,12.33,None,9.34
1763509465.0314462,None,16.00,None,5.00,None,9.00,None,13.00,None,4.33,None,31.00,None,13.67,None,9.00,None,4.00,None,13.00,None,12.33,None,9.34
1763509465.032385,None,16.00,None,5.00,None,9.00,None,13.00,None,4.33,None,31.00,None,13.67,None,9.00,None,4.00,None,13.00,None,12.33,None,9.34
1763509465.0966513,None,16.00,None,5.00,None,9.00,None,13.00,None,4.33,None,40.00,None,13.67,None,9.00,None,4.00,None,13.00,None,12.33,None,9.34
1763509465.0975854,None,16.00,None,5.00,None,9.00,None,13.00,None,4.33,None,40.00,None,13.67,None,9.00,None,4.00,None,13.00,None,12.33,None,9.34
1763509470.0383089,None,16.00,None,14.00,None,9.00,None,13.00,None,4.33,None,40.00,None,13.67,None,9.00,None,4.00,None,13.00,None,12.33,None,9.34
1763509470.0392454,None,16.00,None,14.00,None,9.00,None,13.00,None,4.33,None,40.00,None,13.67,None,9.00,None,4.00,None,13.00,None,12.33,None,9.34
1763509480.2161772,None,0.00,None,9.00,None,9.00,None,13.00,None,0.00,None,31.00,None,8.67,None,0.00,None,4.00,None,13.00,None,12.33,None,7.67
1763509480.2170753,None,0.00,None,9.00,None,9.00,None,13.00,None,0.00,None,31.00,None,8.67,None,0.00,None,4.00,None,13.00,None,12.33,None,7.67
1763509485.1800735,None,0.00,None,18.00,None,9.00,None,13.00,None,0.00,None,31.00,None,8.67,None,0.00,None,4.00,None,13.00,None,12.33,None,7.67
1763509485.18102,None,0.00,None,18.00,None,9.00,None,13.00,None,0.00,None,31.00,None,8.67,None,0.00,None,4.00,None,13.00,None,12.33,None,7.67
1763509485.2480686,None,0.00,None,27.00,None,9.00,None,13.00,None,0.00,None,31.00,None,8.67,None,0.00,None,4.00,None,13.00,None,12.33,None,7.67
1763509485.2490113,None,0.00,None,27.00,None,9.00,None,13.00,None,0.00,None,31.00,None,8.67,None,0.00,None,4.00,None,13.00,None,12.33,None,7.67
1763509485.3180175,None,0.00,None,27.00,None,9.00,None,13.00,None,0.00,None,31.00,None,8.67,None,9.00,None,4.00,None,13.00,None,12.33,None,7.67
1763509485.3189375,None,0.00,None,27.00,None,9.00,None,13.00,None,0.00,None,31.00,None,8.67,None,9.00,None,4.00,None,13.00,None,12.33,None,7.67
1763509485.3853128,None,0.00,None,27.00,None,9.00,None,13.00,None,0.00,None,31.00,None,8.67,None,9.00,None,4.00,None,13.00,None,12.33,None,7.67
1763509485.3862352,None,0.00,None,27.00,None,9.00,None,13.00,None,0.00,None,31.00,None,8.67,None,9.00,None,4.00,None,13.00,None,12.33,None,7.67
1763509485.4646893,None,0.00,None,27.00,None,9.00,None,13.00,None,0.00,None,31.00,None,8.67,None,9.00,None,4.00,None,13.00,None,12.33,None,7.67
1763509485.4652748,None,0.00,None,27.00,None,9.00,None,13.00,None,0.00,None,31.00,None,8.67,None,9.00,None,4.00,None,13.00,None,12.33,None,7.67
1763509485.7066402,None,0.00,None,27.00,None,9.00,None,13.00,None,0.00,None,31.00,None,8.67,None,9.00,None,4.00,None,13.00,None,12.33,None,7.67
1763509485.7076347,None,0.00,None,27.00,None,9.00,None,13.00,None,0.00,None,31.00,None,8.67,None,9.00,None,4.00,None,13.00,None,12.33,None,7.67
1763509490.0669289,None,0.00,None,27.00,None,9.00,None,13.00,None,0.00,None,31.00,None,8.67,None,18.00,None,4.00,None,13.00,None,12.33,None,7.67
1763509490.067862,None,0.00,None,27.00,None,9.00,None,13.00,None,0.00,None,31.00,None,8.67,None,18.00,None,4.00,None,13.00,None,12.33,None,7.67
1763509495.0772345,None,0.00,None,27.00,None,9.00,None,13.00,None,0.00,None,31.00,None,8.67,None,18.00,None,4.00,None,13.00,None,12.33,None,7.67
1763509495.0781622,None,0.00,None,27.00,None,9.00,None,13.00,None,0.00,None,31.00,None,8.67,None,18.00,None,4.00,None,13.00,None,12.33,None,7.67
1763509508.1839623,None,0.00,None,18.00,None,9.00,None,13.00,None,0.00,None,13.00,None,8.67,None,9.00,None,0.00,None,13.00,None,12.33,None,7.67
1763509508.1848805,None,0.00,None,18.00,None,9.00,None,13.00,None,0.00,None,13.00,None,8.67,None,9.00,None,0.00,None,13.00,None,12.33,None,7.67
1763509508.252376,None,0.00,None,27.00,None,9.00,None,13.00,None,0.00,None,13.00,None,8.67,None,9.00,None,0.00,None,13.00,None,12.33,None,7.67
1763509508.2532635,None,0.00,None,27.00,None,9.00,None,13.00,None,0.00,None,13.00,None,8.67,None,9.00,None,0.00,None,13.00,None,12.33,None,7.67
1763509508.3204775,None,0.00,None,27.00,None,9.00,None,13.00,None,0.00,None,13.00,None,8.67,None,9.00,None,4.00,None,13.00,None,12.33,None,7.67
1763509508.3214161,None,0.00,None,27.00,None,9.00,None,13.00,None,0.00,None,13.00,None,8.67,None,9.00,None,4.00,None,13.00,None,12.33,None,7.67
1763509508.3874972,None,9.00,None,27.00,None,9.00,None,13.00,None,0.00,None,13.00,None,8.67,None,9.00,None,4.00,None,13.00,None,12.33,None,7.67
1763509508.3884282,None,9.00,None,27.00,None,9.00,None,13.00,None,0.00,None,13.00,None,8.67,None,9.00,None,4.00,None,13.00,None,12.33,None,7.67
1763509508.6080313,None,18.00,None,27.00,None,9.00,None,13.00,None,0.00,None,13.00,None,8.67,None,9.00,None,4.00,None,13.00,None,12.33,None,7.67
1763509508.608938,None,18.00,None,27.00,None,9.00,None,13.00,None,0.00,None,13.00,None,8.67,None,9.00,None,4.00,None,13.00,None,12.33,None,7.67
1763509508.6483421,None,18.00,None,27.00,None,9.00,None,13.00,None,0.00,None,13.00,None,8.67,None,9.00,None,4.00,None,13.00,None,12.33,None,7.67
1763509508.6488721,None,18.00,None,27.00,None,9.00,None,13.00,None,0.00,None,13.00,None,8.67,None,9.00,None,4.00,None,13.00,None,12.33,None,7.67
1763509524.1938527,None,18.00,None,27.00,None,9.00,None,13.00,None,0.00,None,13.00,None,8.67,None,9.00,None,4.00,None,13.00,None,12.33,None,13.67
1763509524.1947696,None,18.00,None,27.00,None,9.00,None,13.00,None,0.00,None,13.00,None,8.67,None,9.00,None,4.00,None,13.00,None,12.33,None,13.67
1763509524.2613883,None,18.00,None,27.00,None,9.00,None,13.00,None,0.00,None,13.00,None,8.67,None,9.00,None,4.00,None,13.00,None,12.33,None,13.67
1763509524.2623363,None,18.00,None,27.00,None,9.00,None,13.00,None,0.00,None,13.00,None,8.67,None,9.00,None,4.00,None,13.00,None,12.33,None,13.67
1763509524.3360693,None,18.00,None,27.00,None,9.00,None,13.00,None,1.67,None,13.00,None,13.00,None,9.00,None,4.00,None,13.00,None,12.33,None,13.67
1763509524.337018,None,18.00,None,27.00,None,9.00,None,13.00,None,1.67,None,13.00,None,13.00,None,9.00,None,4.00,None,13.00,None,12.33,None,13.67
1763509524.3834107,None,18.00,None,27.00,None,9.00,None,13.00,None,1.67,None,13.00,None,13.00,None,9.00,None,4.00,None,22.00,None,12.33,None,13.67
1763509524.3843207,None,18.00,None,27.00,None,9.00,None,13.00,None,1.67,None,13.00,None,13.00,None,9.00,None,4.00,None,22.00,None,12.33,None,13.67
1763509524.457136,None,26.67,None,27.00,None,9.00,None,13.00,None,1.67,None,13.00,None,13.00,None,9.00,None,4.00,None,22.00,None,12.33,None,13.67
1763509524.458085,None,26.67,None,27.00,None,9.00,None,13.00,None,1.67,None,13.00,None,13.00,None,9.00,None,4.00,None,22.00,None,12.33,None,13.67
1763509524.531729,None,26.67,None,27.00,None,9.00,None,13.00,None,1.67,None,13.00,None,13.00,None,9.00,None,4.00,None,22.00,None,12.33,None,13.67
1763509524.5326903,None,26.67,None,27.00,None,9.00,None,13.00,None,1.67,None,13.00,None,13.00,None,9.00,None,4.00,None,22.00,None,12.33,None,13.67
1763509530.2754667,None,26.67,None,27.00,None,9.00,None,0.00,None,1.67,None,22.00,None,4.33,None,9.00,None,4.00,None,9.00,None,0.00,None,6.00
1763509530.2764144,None,26.67,None,27.00,None,9.00,None,0.00,None,1.67,None,22.00,None,4.33,None,9.00,None,4.00,None,9.00,None,0.00,None,6.00
1763509530.338015,None,26.67,None,27.00,None,9.00,None,0.00,None,1.67,None,22.00,None,4.33,None,9.00,None,4.00,None,9.00,None,0.00,None,6.00
1763509530.3389504,None,26.67,None,27.00,None,9.00,None,0.00,None,1.67,None,22.00,None,4.33,None,9.00,None,4.00,None,9.00,None,0.00,None,6.00
1763509530.4012227,None,26.67,None,27.00,None,9.00,None,0.00,None,1.67,None,31.00,None,4.33,None,9.00,None,4.00,None,9.00,None,0.00,None,6.00
1763509530.4021425,None,26.67,None,27.00,None,9.00,None,0.00,None,1.67,None,31.00,None,4.33,None,9.00,None,4.00,None,9.00,None,0.00,None,6.00
1763509530.4636793,None,26.67,None,27.00,None,9.00,None,0.00,None,1.67,None,31.00,None,4.33,None,9.00,None,4.00,None,9.00,None,9.00,None,6.00
1763509530.4646297,None,26.67,None,27.00,None,9.00,None,0.00,None,1.67,None,31.00,None,4.33,None,9.00,None,4.00,None,9.00,None,9.00,None,6.00
1763509530.5268393,None,26.67,None,27.00,None,9.00,None,4.00,None,1.67,None,31.00,None,4.33,None,9.00,None,4.00,None,9.00,None,9.00,None,6.00
1763509530.5277748,None,26.67,None,27.00,None,9.00,None,4.00,None,1.67,None,31.00,None,4.33,None,9.00,None,4.00,None,9.00,None,9.00,None,6.00
1763509530.5925775,None,26.67,None,27.00,None,9.00,None,4.00,None,1.67,None,31.00,None,4.33,None,9.00,None,4.00,None,13.00,None,9.00,None,6.00
1763509530.593528,None,26.67,None,27.00,None,9.00,None,4.00,None,1.67,None,31.00,None,4.33,None,9.00,None,4.00,None,13.00,None,9.00,None,6.00
1763509530.656923,None,26.67,None,27.00,None,9.00,None,4.00,None,1.67,None,31.00,None,4.33,None,9.00,None,4.00,None,13.00,None,9.00,None,6.00
1763509530.657863,None,26.67,None,27.00,None,9.00,None,4.00,None,1.67,None,31.00,None,4.33,None,9.00,None,4.00,None,13.00,None,9.00,None,6.00
1763509548.3473604,None,26.67,None,27.00,None,0.00,None,4.00,None,1.67,None,22.00,None,4.33,None,9.00,None,4.00,None,13.00,None,9.00,None,6.00
1763509548.3482618,None,26.67,None,27.00,None,0.00,None,4.00,None,1.67,None,22.00,None,4.33,None,9.00,None,4.00,None,13.00,None,9.00,None,6.00
1763509548.41451,None,26.67,None,27.00,None,0.00,None,4.00,None,1.67,None,22.00,None,4.33,None,9.00,None,4.00,None,13.00,None,9.00,None,6.00
1763509548.4154258,None,26.67,None,27.00,None,0.00,None,4.00,None,1.67,None,22.00,None,4.33,None,9.00,None,4.00,None,13.00,None,9.00,None,6.00
1763509548.4804544,None,26.67,None,27.00,None,0.00,None,4.00,None,1.67,None,22.00,None,4.33,None,9.00,None,4.00,None,13.00,None,9.00,None,6.00
1763509548.4813507,None,26.67,None,27.00,None,0.00,None,4.00,None,1.67,None,22.00,None,4.33,None,9.00,None,4.00,None,13.00,None,9.00,None,6.00
1763509548.5457058,None,26.67,None,27.00,None,9.00,None,4.00,None,1.67,None,22.00,None,4.33,None,9.00,None,4.00,None,13.00,None,9.00,None,6.00
1763509548.5462976,None,26.67,None,27.00,None,9.00,None,4.00,None,1.67,None,22.00,None,4.33,None,9.00,None,4.00,None,13.00,None,9.00,None,6.00
1763509548.6163034,None,26.67,None,27.00,None,9.00,None,4.00,None,1.67,None,22.00,None,4.33,None,9.00,None,4.00,None,13.00,None,9.00,None,6.00
1763509548.6172183,None,26.67,None,27.00,None,9.00,None,4.00,None,1.67,None,22.00,None,4.33,None,9.00,None,4.00,None,13.00,None,9.00,None,6.00
1763509548.7015827,None,26.67,None,27.00,None,9.00,None,4.00,None,1.67,None,22.00,None,4.33,None,9.00,None,4.00,None,13.00,None,9.00,None,6.00
1763509548.7025177,None,26.67,None,27.00,None,9.00,None,4.00,None,1.67,None,22.00,None,4.33,None,9.00,None,4.00,None,13.00,None,9.00,None,6.00
1763509550.4587412,None,26.67,None,27.00,None,9.00,None,4.00,None,1.67,None,22.00,None,4.33,None,9.00,None,4.00,None,13.00,None,9.00,None,6.00
1763509550.45975,None,26.67,None,27.00,None,9.00,None,4.00,None,1.67,None,22.00,None,4.33,None,9.00,None,4.00,None,13.00,None,9.00,None,6.00
1763509555.310032,None,26.67,None,18.00,None,9.00,None,4.00,None,1.67,None,22.00,None,4.33,None,9.00,None,4.00,None,13.00,None,9.00,None,6.00
1763509555.3109672,None,26.67,None,18.00,None,9.00,None,4.00,None,1.67,None,22.00,None,4.33,None,9.00,None,4.00,None,13.00,None,9.00,None,6.00
1763509565.3257325,None,26.67,None,18.00,None,9.00,None,4.00,None,1.67,None,22.00,None,4.33,None,9.00,None,4.00,None,13.00,None,9.00,None,6.00
1763509565.3266962,None,26.67,None,18.00,None,9.00,None,4.00,None,1.67,None,22.00,None,4.33,None,9.00,None,4.00,None,13.00,None,9.00,None,6.00
1763509569.2029881,None,26.67,None,18.00,None,9.00,None,4.00,None,1.67,None,22.00,None,4.33,None,9.00,None,4.00,None,13.00,None,9.00,None,6.00
1763509569.2039135,None,26.67,None,18.00,None,9.00,None,4.00,None,1.67,None,22.00,None,4.33,None,9.00,None,4.00,None,13.00,None,9.00,None,6.00
1763509569.2697728,None,26.67,None,18.00,None,9.00,None,4.00,None,1.67,None,22.00,None,4.33,None,9.00,None,4.00,None,13.00,None,9.00,None,6.00
1763509569.2706974,None,26.67,None,18.00,None,9.00,None,4.00,None,1.67,None,22.00,None,4.33,None,9.00,None,4.00,None,13.00,None,9.00,None,6.00
1763509569.3403525,None,26.67,None,27.00,None,9.00,None,4.00,None,1.67,None,22.00,None,4.33,None,9.00,None,4.00,None,13.00,None,9.00,None,6.00
1763509569.341302,None,26.67,None,27.00,None,9.00,None,4.00,None,1.67,None,22.00,None,4.33,None,9.00,None,4.00,None,13.00,None,9.00,None,6.00
1763509569.397201,None,26.67,None,27.00,None,9.00,None,4.00,None,1.67,None,22.00,None,4.33,None,9.00,None,4.00,None,13.00,None,9.00,None,6.00
1763509569.3977652,None,26.67,None,27.00,None,9.00,None,4.00,None,1.67,None,22.00,None,4.33,None,9.00,None,4.00,None,13.00,None,9.00,None,6.00
1763509569.6000674,None,26.67,None,27.00,None,9.00,None,4.00,None,1.67,None,22.00,None,4.33,None,9.00,None,4.00,None,13.00,None,9.00,None,6.00
1763509569.6007645,None,26.67,None,27.00,None,9.00,None,4.00,None,1.67,None,22.00,None,4.33,None,9.00,None,4.00,None,13.00,None,9.00,None,6.00
1763509569.6686082,None,26.67,None,27.00,None,9.00,None,4.00,None,1.67,None,22.00,None,4.33,None,9.00,None,4.00,None,13.00,None,9.00,None,6.00
1763509569.6695294,None,26.67,None,27.00,None,9.00,None,4.00,None,1.67,None,22.00,None,4.33,None,9.00,None,4.00,None,13.00,None,9.00,None,6.00
1763509570.3417702,None,26.67,None,18.00,None,9.00,None,4.00,None,1.67,None,22.00,None,4.33,None,9.00,None,4.00,None,13.00,None,9.00,None,6.00
1763509570.3427198,None,26.67,None,18.00,None,9.00,None,4.00,None,1.67,None,22.00,None,4.33,None,9.00,None,4.00,None,13.00,None,9.00,None,6.00
1763509583.2035067,None,28.34,None,22.33,None,9.00,None,0.00,None,1.67,None,0.00,None,4.33,None,9.00,None,4.00,None,9.00,None,0.00,None,6.00
1763509583.2040505,None,28.34,None,22.33,None,9.00,None,0.00,None,1.67,None,0.00,None,4.33,None,9.00,None,4.00,None,9.00,None,0.00,None,6.00
1763509583.2444625,None,28.34,None,25.66,None,9.00,None,0.00,None,1.67,None,0.00,None,13.33,None,9.00,None,4.00,None,9.00,None,0.00,None,6.00
1763509583.244997,None,28.34,None,25.66,None,9.00,None,0.00,None,1.67,None,0.00,None,13.33,None,9.00,None,4.00,None,9.00,None,0.00,None,6.00
1763509583.28522,None,28.34,None,27.33,None,9.00,None,0.00,None,1.67,None,0.00,None,13.33,None,22.33,None,4.00,None,9.00,None,0.00,None,6.00
1763509583.2857804,None,28.34,None,27.33,None,9.00,None,0.00,None,1.67,None,0.00,None,13.33,None,22.33,None,4.00,None,9.00,None,0.00,None,6.00
1763509583.411228,None,28.34,None,27.33,None,9.00,None,0.00,None,1.67,None,0.00,None,13.33,None,22.33,None,4.00,None,9.00,None,0.00,None,6.00
1763509583.4117687,None,28.34,None,27.33,None,9.00,None,0.00,None,1.67,None,0.00,None,13.33,None,22.33,None,4.00,None,9.00,None,0.00,None,6.00
1763509583.451152,None,28.34,None,29.00,None,9.00,None,0.00,None,1.67,None,0.00,None,13.33,None,22.33,None,4.00,None,9.00,None,0.00,None,6.00
1763509583.451711,None,28.34,None,29.00,None,9.00,None,0.00,None,1.67,None,0.00,None,13.33,None,22.33,None,4.00,None,9.00,None,0.00,None,6.00
1763509583.4952593,None,28.34,None,29.00,None,9.00,None,0.00,None,1.67,None,0.00,None,13.33,None,22.33,None,4.00,None,9.00,None,0.00,None,6.00
1763509583.495809,None,28.34,None,29.00,None,9.00,None,0.00,None,1.67,None,0.00,None,13.33,None,22.33,None,4.00,None,9.00,None,0.00,None,6.00
1763509590.3817077,None,28.34,None,20.00,None,0.00,None,0.00,None,1.67,None,0.00,None,13.33,None,13.33,None,4.00,None,9.00,None,9.00,None,6.00
1763509590.3826542,None,28.34,None,20.00,None,0.00,None,0.00,None,1.67,None,0.00,None,13.33,None,13.33,None,4.00,None,9.00,None,9.00,None,6.00
1763509590.4492793,None,28.34,None,20.00,None,0.00,None,0.00,None,1.67,None,0.00,None,13.33,None,13.33,None,4.00,None,9.00,None,9.00,None,6.00
1763509590.4502246,None,28.34,None,20.00,None,0.00,None,0.00,None,1.67,None,0.00,None,13.33,None,13.33,None,4.00,None,9.00,None,9.00,None,6.00
1763509590.5178618,None,28.34,None,20.00,None,0.00,None,0.00,None,1.67,None,4.00,None,13.33,None,22.33,None,4.00,None,9.00,None,9.00,None,6.00
1763509590.5188239,None,28.34,None,20.00,None,0.00,None,0.00,None,1.67,None,4.00,None,13.33,None,22.33,None,4.00,None,9.00,None,9.00,None,6.00
1763509590.6932158,None,28.34,None,20.00,None,0.00,None,0.00,None,1.67,None,4.00,None,13.33,None,22.33,None,4.00,None,9.00,None,9.00,None,6.00
1763509590.6938262,None,28.34,None,20.00,None,0.00,None,0.00,None,1.67,None,4.00,None,13.33,None,22.33,None,4.00,None,9.00,None,9.00,None,6.00
1763509595.3590562,None,28.34,None,20.00,None,0.00,None,4.00,None,1.67,None,4.00,None,13.33,None,22.33,None,4.00,None,9.00,None,9.00,None,6.00
1763509595.3596032,None,28.34,None,20.00,None,0.00,None,4.00,None,1.67,None,4.00,None,13.33,None,22.33,None,4.00,None,9.00,None,9.00,None,6.00
1763509600.39908,None,19.34,None,20.00,None,0.00,None,4.00,None,1.67,None,4.00,None,13.33,None,22.33,None,4.00,None,9.00,None,9.00,None,6.00
1763509600.4000137,None,19.34,None,20.00,None,0.00,None,4.00,None,1.67,None,4.00,None,13.33,None,22.33,None,4.00,None,9.00,None,9.00,None,6.00
1763509605.377342,None,28.34,None,20.00,None,0.00,None,4.00,None,1.67,None,4.00,None,13.33,None,22.33,None,0.00,None,9.00,None,9.00,None,6.00
1763509605.3779,None,28.34,None,20.00,None,0.00,None,4.00,None,1.67,None,4.00,None,13.33,None,22.33,None,0.00,None,9.00,None,9.00,None,6.00
1763509608.2484305,None,28.34,None,29.00,None,0.00,None,4.00,None,1.67,None,4.00,None,13.33,None,22.33,None,0.00,None,9.00,None,9.00,None,6.00
1763509608.2493553,None,28.34,None,29.00,None,0.00,None,4.00,None,1.67,None,4.00,None,13.33,None,22.33,None,0.00,None,9.00,None,9.00,None,6.00
1763509608.3242402,None,28.34,None,29.00,None,0.00,None,4.00,None,1.67,None,4.00,None,13.33,None,22.33,None,0.00,None,22.00,None,9.00,None,6.00
1763509608.3252196,None,28.34,None,29.00,None,0.00,None,4.00,None,1.67,None,4.00,None,13.33,None,22.33,None,0.00,None,22.00,None,9.00,None,6.00
1763509608.3919778,None,28.34,None,29.00,None,0.00,None,4.00,None,1.67,None,13.00,None,13.33,None,22.33,None,0.00,None,22.00,None,9.00,None,6.00
1763509608.3929203,None,28.34,None,29.00,None,0.00,None,4.00,None,1.67,None,13.00,None,13.33,None,22.33,None,0.00,None,22.00,None,9.00,None,6.00
1763509608.6613932,None,28.34,None,29.00,None,0.00,None,4.00,None,1.67,None,13.00,None,13.33,None,22.33,None,0.00,None,22.00,None,9.00,None,6.00
1763509608.6624277,None,28.34,None,29.00,None,0.00,None,4.00,None,1.67,None,13.00,None,13.33,None,22.33,None,0.00,None,22.00,None,9.00,None,6.00
1763509608.7513483,None,28.34,None,29.00,None,0.00,None,4.00,None,1.67,None,13.00,None,13.33,None,22.33,None,0.00,None,22.00,None,9.00,None,6.00
1763509608.7523272,None,28.34,None,29.00,None,0.00,None,4.00,None,1.67,None,13.00,None,13.33,None,22.33,None,0.00,None,22.00,None,9.00,None,6.00
1763509608.8198147,None,28.34,None,29.00,None,0.00,None,4.00,None,1.67,None,13.00,None,13.33,None,22.33,None,0.00,None,22.00,None,9.00,None,6.00
1763509608.820386,None,28.34,None,29.00,None,0.00,None,4.00,None,1.67,None,13.00,None,13.33,None,22.33,None,0.00,None,22.00,None,9.00,None,6.00
1763509610.4188004,None,19.34,None,29.00,None,0.00,None,4.00,None,1.67,None,13.00,None,13.33,None,22.33,None,0.00,None,22.00,None,9.00,None,6.00
1763509610.419778,None,19.34,None,29.00,None,0.00,None,4.00,None,1.67,None,13.00,None,13.33,None,22.33,None,0.00,None,22.00,None,9.00,None,6.00
1763509610.4887812,None,19.34,None,29.00,None,0.00,None,4.00,None,1.67,None,13.00,None,13.33,None,22.33,None,4.00,None,22.00,None,9.00,None,6.00
1763509610.4897366,None,19.34,None,29.00,None,0.00,None,4.00,None,1.67,None,13.00,None,13.33,None,22.33,None,4.00,None,22.00,None,9.00,None,6.00
1763509610.6175148,None,19.34,None,29.00,None,0.00,None,4.00,None,1.67,None,13.00,None,13.33,None,22.33,None,4.00,None,22.00,None,9.00,None,6.00
1763509610.6181073,None,19.34,None,29.00,None,0.00,None,4.00,None,1.67,None,13.00,None,13.33,None,22.33,None,4.00,None,22.00,None,9.00,None,6.00
1763509623.2592826,None,19.34,None,29.00,None,0.00,None,4.00,None,1.67,None,13.00,None,13.33,None,22.33,None,4.00,None,22.00,None,9.00,None,6.00
1763509623.2602441,None,19.34,None,29.00,None,0.00,None,4.00,None,1.67,None,13.00,None,13.33,None,22.33,None,4.00,None,22.00,None,9.00,None,6.00
1763509623.3167982,None,19.34,None,29.00,None,0.00,None,4.00,None,1.67,None,13.00,None,13.33,None,22.33,None,4.00,None,22.00,None,9.00,None,6.00
1763509623.3173878,None,19.34,None,29.00,None,0.00,None,4.00,None,1.67,None,13.00,None,13.33,None,22.33,None,4.00,None,22.00,None,9.00,None,6.00
1763509623.375619,None,19.34,None,29.00,None,0.00,None,4.00,None,1.67,None,13.00,None,13.33,None,22.33,None,4.00,None,22.00,None,9.00,None,6.00
1763509623.3762019,None,19.34,None,29.00,None,0.00,None,4.00,None,1.67,None,13.00,None,13.33,None,22.33,None,4.00,None,22.00,None,9.00,None,6.00
1763509623.4403415,None,19.34,None,29.00,None,0.00,None,4.00,None,1.67,None,13.00,None,13.33,None,22.33,None,4.00,None,22.00,None,9.00,None,6.00
1763509623.440903,None,19.34,None,29.00,None,0.00,None,4.00,None,1.67,None,13.00,None,13.33,None,22.33,None,4.00,None,22.00,None,9.00,None,6.00
1763509623.5926874,None,19.34,None,29.00,None,0.00,None,4.00,None,1.67,None,13.00,None,13.33,None,22.33,None,4.00,None,22.00,None,9.00,None,6.00
1763509623.5932674,None,19.34,None,29.00,None,0.00,None,4.00,None,1.67,None,13.00,None,13.33,None,22.33,None,4.00,None,22.00,None,9.00,None,6.00
1763509623.6655266,None,19.34,None,29.00,None,0.00,None,4.00,None,1.67,None,13.00,None,13.33,None,22.33,None,4.00,None,22.00,None,9.00,None,6.00
1763509623.6664808,None,19.34,None,29.00,None,0.00,None,4.00,None,1.67,None,13.00,None,13.33,None,22.33,None,4.00,None,22.00,None,9.00,None,6.00
1763509625.427425,None,10.34,None,29.00,None,0.00,None,4.00,None,1.67,None,13.00,None,13.33,None,13.33,None,0.00,None,22.00,None,9.00,None,6.00
1763509625.4279778,None,10.34,None,29.00,None,0.00,None,4.00,None,1.67,None,13.00,None,13.33,None,13.33,None,0.00,None,22.00,None,9.00,None,6.00
1763509625.497532,None,10.34,None,29.00,None,0.00,None,4.00,None,1.67,None,13.00,None,13.33,None,13.33,None,4.00,None,22.00,None,9.00,None,6.00
1763509625.498454,None,10.34,None,29.00,None,0.00,None,4.00,None,1.67,None,13.00,None,13.33,None,13.33,None,4.00,None,22.00,None,9.00,None,6.00
1763509635.4583473,None,22.34,None,29.00,None,0.00,None,4.00,None,1.67,None,13.00,None,13.33,None,13.33,None,4.00,None,22.00,None,9.00,None,6.00
1763509635.4592714,None,22.34,None,29.00,None,0.00,None,4.00,None,1.67,None,13.00,None,13.33,None,13.33,None,4.00,None,22.00,None,9.00,None,6.00
1763509646.2953389,None,22.67,None,29.00,None,0.00,None,4.00,None,0.00,None,13.00,None,9.00,None,13.33,None,4.00,None,13.00,None,9.00,None,6.00
1763509646.2965982,None,22.67,None,29.00,None,0.00,None,4.00,None,0.00,None,13.00,None,9.00,None,13.33,None,4.00,None,13.00,None,9.00,None,6.00
1763509646.5606062,None,22.67,None,29.00,None,0.00,None,4.00,None,0.00,None,13.00,None,9.00,None,13.33,None,4.00,None,13.00,None,10.67,None,6.00
1763509646.561506,None,22.67,None,29.00,None,0.00,None,4.00,None,0.00,None,13.00,None,9.00,None,13.33,None,4.00,None,13.00,None,10.67,None,6.00
1763509646.6378593,None,22.67,None,29.00,None,0.00,None,4.00,None,9.00,None,13.00,None,9.00,None,13.33,None,4.00,None,13.00,None,10.67,None,7.67
1763509646.6387725,None,22.67,None,29.00,None,0.00,None,4.00,None,9.00,None,13.00,None,9.00,None,13.33,None,4.00,None,13.00,None,10.67,None,7.67
1763509646.7122257,None,22.67,None,29.00,None,0.00,None,4.00,None,9.00,None,13.00,None,9.00,None,13.33,None,4.00,None,13.00,None,10.67,None,11.00
1763509646.7131653,None,22.67,None,29.00,None,0.00,None,4.00,None,9.00,None,13.00,None,9.00,None,13.33,None,4.00,None,13.00,None,10.67,None,11.00
1763509646.7859013,None,22.67,None,29.00,None,0.00,None,4.00,None,9.00,None,22.00,None,9.00,None,13.33,None,4.00,None,13.00,None,10.67,None,11.00
1763509646.7868173,None,22.67,None,29.00,None,0.00,None,4.00,None,9.00,None,22.00,None,9.00,None,13.33,None,4.00,None,13.00,None,10.67,None,11.00
1763509646.8645165,None,22.67,None,29.00,None,4.33,None,4.00,None,9.00,None,22.00,None,9.00,None,13.33,None,4.00,None,13.00,None,10.67,None,11.00
1763509646.8654485,None,22.67,None,29.00,None,4.33,None,4.00,None,9.00,None,22.00,None,9.00,None,13.33,None,4.00,None,13.00,None,10.67,None,11.00
1763509650.495482,None,26.00,None,24.00,None,4.33,None,4.00,None,9.00,None,22.00,None,8.67,None,0.00,None,4.00,None,13.00,None,10.67,None,11.00
1763509650.4964733,None,26.00,None,24.00,None,4.33,None,4.00,None,9.00,None,22.00,None,8.67,None,0.00,None,4.00,None,13.00,None,10.67,None,11.00
1763509650.6546388,None,27.67,None,24.00,None,4.33,None,4.00,None,17.67,None,22.00,None,12.00,None,0.00,None,4.00,None,13.00,None,10.67,None,11.00
1763509650.6552057,None,27.67,None,24.00,None,4.33,None,4.00,None,17.67,None,22.00,None,12.00,None,0.00,None,4.00,None,13.00,None,10.67,None,11.00
1763509650.7250543,None,29.34,None,24.00,None,4.33,None,4.00,None,17.67,None,22.00,None,12.00,None,0.00,None,4.00,None,13.00,None,10.67,None,11.00
1763509650.726034,None,29.34,None,24.00,None,4.33,None,4.00,None,17.67,None,22.00,None,12.00,None,0.00,None,4.00,None,13.00,None,10.67,None,11.00
1763509650.7974555,None,29.34,None,25.67,None,4.33,None,4.00,None,17.67,None,22.00,None,12.00,None,0.00,None,4.00,None,13.00,None,10.67,None,11.00
1763509650.7984324,None,29.34,None,25.67,None,4.33,None,4.00,None,17.67,None,22.00,None,12.00,None,0.00,None,4.00,None,13.00,None,10.67,None,11.00
1763509650.8692293,None,29.34,None,25.67,None,4.33,None,4.00,None,17.67,None,22.00,None,12.00,None,0.00,None,4.00,None,13.00,None,10.67,None,11.00
1763509650.8701656,None,29.34,None,25.67,None,4.33,None,4.00,None,17.67,None,22.00,None,12.00,None,0.00,None,4.00,None,13.00,None,10.67,None,11.00
1763509656.286346,None,29.34,None,25.67,None,4.33,None,4.00,None,17.67,None,22.00,None,12.00,None,0.00,None,4.00,None,13.00,None,10.67,None,11.00
1763509656.2871,None,29.34,None,25.67,None,4.33,None,4.00,None,17.67,None,22.00,None,12.00,None,0.00,None,4.00,None,13.00,None,10.67,None,11.00
1763509656.3525352,None,29.34,None,25.67,None,4.33,None,4.00,None,17.67,None,31.00,None,12.00,None,0.00,None,4.00,None,13.00,None,10.67,None,11.00
1763509656.3532865,None,29.34,None,25.67,None,4.33,None,4.00,None,17.67,None,31.00,None,12.00,None,0.00,None,4.00,None,13.00,None,10.67,None,11.00
1763509656.5890977,None,29.34,None,25.67,None,4.33,None,4.00,None,17.67,None,40.00,None,12.00,None,0.00,None,4.00,None,13.00,None,10.67,None,11.00
1763509656.5896451,None,29.34,None,25.67,None,4.33,None,4.00,None,17.67,None,40.00,None,12.00,None,0.00,None,4.00,None,13.00,None,10.67,None,11.00
1763509656.6845872,None,29.34,None,25.67,None,4.33,None,4.00,None,17.67,None,40.00,None,12.00,None,0.00,None,4.00,None,13.00,None,10.67,None,11.00
1763509656.6855857,None,29.34,None,25.67,None,4.33,None,4.00,None,17.67,None,40.00,None,12.00,None,0.00,None,4.00,None,13.00,None,10.67,None,11.00
1763509656.7833998,None,29.34,None,25.67,None,4.33,None,4.00,None,17.67,None,40.00,None,12.00,None,0.00,None,4.00,None,13.00,None,10.67,None,11.00
1763509656.7843695,None,29.34,None,25.67,None,4.33,None,4.00,None,17.67,None,40.00,None,12.00,None,0.00,None,4.00,None,13.00,None,10.67,None,11.00
1763509656.8782306,None,29.34,None,25.67,None,4.33,None,4.00,None,17.67,None,40.00,None,12.00,None,0.00,None,4.00,None,13.00,None,10.67,None,11.00
1763509656.879221,None,29.34,None,25.67,None,4.33,None,4.00,None,17.67,None,40.00,None,12.00,None,0.00,None,4.00,None,13.00,None,10.67,None,11.00
1763509670.5153537,None,29.34,None,29.00,None,4.33,None,0.00,None,22.00,None,40.00,None,12.00,None,0.00,None,4.00,None,13.00,None,1.67,None,12.67
1763509670.5162714,None,29.34,None,29.00,None,4.33,None,0.00,None,22.00,None,40.00,None,12.00,None,0.00,None,4.00,None,13.00,None,1.67,None,12.67
1763509671.4958098,None,29.34,None,29.00,None,4.33,None,4.00,None,22.00,None,40.00,None,12.00,None,0.00,None,4.00,None,13.00,None,11.00,None,12.67
1763509671.4970253,None,29.34,None,29.00,None,4.33,None,4.00,None,22.00,None,40.00,None,12.00,None,0.00,None,4.00,None,13.00,None,11.00,None,12.67
1763509671.5753229,None,29.34,None,29.00,None,4.33,None,4.00,None,22.00,None,40.00,None,12.00,None,0.00,None,4.00,None,13.00,None,11.00,None,12.67
1763509671.5758643,None,29.34,None,29.00,None,4.33,None,4.00,None,22.00,None,40.00,None,12.00,None,0.00,None,4.00,None,13.00,None,11.00,None,12.67
1763509671.6662617,None,29.34,None,29.00,None,4.33,None,4.00,None,22.00,None,40.00,None,12.00,None,0.00,None,4.00,None,13.00,None,11.00,None,12.67
1763509671.667191,None,29.34,None,29.00,None,4.33,None,4.00,None,22.00,None,40.00,None,12.00,None,0.00,None,4.00,None,13.00,None,11.00,None,12.67
1763509671.7816508,None,29.34,None,29.00,None,4.33,None,4.00,None,22.00,None,40.00,None,12.00,None,0.00,None,4.00,None,13.00,None,11.00,None,12.67
1763509671.7826555,None,29.34,None,29.00,None,4.33,None,4.00,None,22.00,None,40.00,None,12.00,None,0.00,None,4.00,None,13.00,None,11.00,None,12.67
1763509672.0332813,None,29.34,None,29.00,None,4.33,None,4.00,None,22.00,None,40.00,None,12.00,None,0.00,None,4.00,None,13.00,None,11.00,None,12.67
1763509672.0342689,None,29.34,None,29.00,None,4.33,None,4.00,None,22.00,None,40.00,None,12.00,None,0.00,None,4.00,None,13.00,None,11.00,None,12.67
1763509672.126562,None,29.34,None,29.00,None,4.33,None,4.00,None,22.00,None,40.00,None,12.00,None,0.00,None,4.00,None,13.00,None,11.00,None,12.67
1763509672.1275432,None,29.34,None,29.00,None,4.33,None,4.00,None,22.00,None,40.00,None,12.00,None,0.00,None,4.00,None,13.00,None,11.00,None,12.67
