timestamp;(0,34);(14,17);(25,24);(8,13);(8,22);(14,10);(14,11);(28,27);(28,29);(28,30);(2,3);(2,32);(5,4);(9,12);(23,15);(23,19);(23,20);(18,21);(6,7);(2,16);(25,26);(33,1);(33,31);(34,9);(9,18);(18,2);(2,5);(5,23);(23,25);(25,28);(28,14);(14,8);(8,6);(6,33);(33,34);(25,25.1);(8,8.1);(14,14.1);(28,28.1);(2,2.1);(5,5.1);(9,9.1);(23,23.1);(18,18.1);(6,6.1);(33,33.1);(34,34.1)
1759110295.3400037;0.00;0.00;0.00;0.00;0.00;0.00;0.00;0.00;0.00;0.00;144.67;0.00;0.00;0.00;0.00;0.00;0.00;0.00;0.00;0.00;0.00;0.00;0.00;0.00;0.00;0.00;144.67;144.67;144.67;144.67;230.00;230.00;0.00;0.00;0.00;0.00;0.00;0.00;224.67;0.00;0.00;0.00;0.00;0.00;0.00;0.00;0.00
1759110295.3403347;0.00;0.00;0.00;0.00;0.00;0.00;0.00;0.00;0.00;0.00;144.67;0.00;0.00;0.00;0.00;0.00;0.00;0.00;0.00;0.00;0.00;0.00;0.00;0.00;0.00;0.00;144.67;144.67;144.67;144.67;230.00;230.00;0.00;0.00;0.00;0.00;0.00;0.00;224.67;0.00;0.00;0.00;0.00;0.00;0.00;0.00;0.00
1759110295.3625526;0.00;0.00;0.00;0.00;0.00;0.00;0.00;0.00;0.00;0.00;289.34;0.00;0.00;0.00;0.00;0.00;0.00;0.00;0.00;0.00;0.00;0.00;0.00;0.00;0.00;0.00;289.34;289.34;289.34;289.34;460.00;460.00;0.00;0.00;0.00;0.00;0.00;0.00;439.34;0.00;0.00;0.00;0.00;0.00;0.00;0.00;0.00
1759110295.3628075;0.00;0.00;0.00;0.00;0.00;0.00;0.00;0.00;0.00;0.00;289.34;0.00;0.00;0.00;0.00;0.00;0.00;0.00;0.00;0.00;0.00;0.00;0.00;0.00;0.00;0.00;289.34;289.34;289.34;289.34;460.00;460.00;0.00;0.00;0.00;0.00;0.00;0.00;439.34;0.00;0.00;0.00;0.00;0.00;0.00;0.00;0.00
1759110295.3831165;0.00;0.00;0.00;0.00;0.00;0.00;0.00;0.00;0.00;0.00;434.01;0.00;0.00;0.00;0.00;0.00;0.00;0.00;0.00;0.00;0.00;0.00;0.00;0.00;0.00;0.00;434.01;434.01;434.01;744.01;690.00;690.00;0.00;0.00;0.00;310.00;0.00;0.00;664.01;0.00;0.00;0.00;0.00;0.00;0.00;0.00;0.00
1759110295.3833625;0.00;0.00;0.00;0.00;0.00;0.00;0.00;0.00;0.00;0.00;434.01;0.00;0.00;0.00;0.00;0.00;0.00;0.00;0.00;0.00;0.00;0.00;0.00;0.00;0.00;0.00;434.01;434.01;434.01;744.01;690.00;690.00;0.00;0.00;0.00;310.00;0.00;0.00;664.01;0.00;0.00;0.00;0.00;0.00;0.00;0.00;0.00
1759110295.4042568;0.00;0.00;0.00;0.00;0.00;0.00;0.00;0.00;0.00;0.00;578.68;0.00;0.00;0.00;0.00;0.00;0.00;0.00;0.00;0.00;0.00;0.00;0.00;0.00;0.00;0.00;578.68;578.68;578.68;984.01;920.00;690.00;0.00;0.00;0.00;534.67;0.00;230.00;974.01;0.00;0.00;0.00;0.00;0.00;0.00;0.00;0.00
1759110295.4044967;0.00;0.00;0.00;0.00;0.00;0.00;0.00;0.00;0.00;0.00;578.68;0.00;0.00;0.00;0.00;0.00;0.00;0.00;0.00;0.00;0.00;0.00;0.00;0.00;0.00;0.00;578.68;578.68;578.68;984.01;920.00;690.00;0.00;0.00;0.00;534.67;0.00;230.00;974.01;0.00;0.00;0.00;0.00;0.00;0.00;0.00;0.00
1759110308.917341;0.00;0.00;0.00;0.00;0.00;0.00;0.00;0.00;0.00;0.00;578.68;0.00;0.00;0.00;0.00;0.00;0.00;144.67;0.00;0.00;0.00;0.00;0.00;144.67;144.67;0.00;578.68;578.68;578.68;1294.01;1230.00;1000.00;240.00;144.67;144.67;844.67;0.00;230.00;1274.01;0.00;0.00;0.00;0.00;0.00;0.00;0.00;0.00
1759110308.9176147;0.00;0.00;0.00;0.00;0.00;0.00;0.00;0.00;0.00;0.00;578.68;0.00;0.00;0.00;0.00;0.00;0.00;144.67;0.00;0.00;0.00;0.00;0.00;144.67;144.67;0.00;578.68;578.68;578.68;1294.01;1230.00;1000.00;240.00;144.67;144.67;844.67;0.00;230.00;1274.01;0.00;0.00;0.00;0.00;0.00;0.00;0.00;0.00
1759110308.9375787;0.00;0.00;0.00;0.00;0.00;0.00;0.00;0.00;0.00;0.00;578.68;0.00;0.00;0.00;0.00;0.00;0.00;289.34;0.00;0.00;0.00;0.00;0.00;224.67;224.67;64.67;643.35;643.35;643.35;1444.01;1380.00;1150.00;320.00;224.67;224.67;1059.34;0.00;230.00;1574.01;0.00;0.00;0.00;0.00;0.00;0.00;0.00;0.00
1759110308.9378195;0.00;0.00;0.00;0.00;0.00;0.00;0.00;0.00;0.00;0.00;578.68;0.00;0.00;0.00;0.00;0.00;0.00;289.34;0.00;0.00;0.00;0.00;0.00;224.67;224.67;64.67;643.35;643.35;643.35;1444.01;1380.00;1150.00;320.00;224.67;224.67;1059.34;0.00;230.00;1574.01;0.00;0.00;0.00;0.00;0.00;0.00;0.00;0.00
1759110308.9602463;0.00;0.00;0.00;0.00;0.00;0.00;0.00;0.00;0.00;0.00;578.68;0.00;0.00;0.00;0.00;0.00;0.00;434.01;0.00;0.00;0.00;0.00;0.00;304.67;304.67;129.34;708.02;708.02;708.02;1508.68;1530.00;1300.00;400.00;304.67;304.67;1059.34;0.00;230.00;1874.01;0.00;0.00;0.00;0.00;0.00;0.00;0.00;0.00
1759110308.960485;0.00;0.00;0.00;0.00;0.00;0.00;0.00;0.00;0.00;0.00;578.68;0.00;0.00;0.00;0.00;0.00;0.00;434.01;0.00;0.00;0.00;0.00;0.00;304.67;304.67;129.34;708.02;708.02;708.02;1508.68;1530.00;1300.00;400.00;304.67;304.67;1059.34;0.00;230.00;1874.01;0.00;0.00;0.00;0.00;0.00;0.00;0.00;0.00
1759110308.982875;0.00;0.00;0.00;0.00;0.00;0.00;0.00;0.00;0.00;0.00;578.68;0.00;0.00;0.00;0.00;0.00;0.00;578.68;0.00;0.00;0.00;0.00;0.00;304.67;304.67;274.01;852.69;852.69;852.69;1818.68;1530.00;1300.00;400.00;304.67;304.67;1284.01;0.00;230.00;2174.01;0.00;0.00;0.00;0.00;0.00;0.00;0.00;0.00
1759110308.9831455;0.00;0.00;0.00;0.00;0.00;0.00;0.00;0.00;0.00;0.00;578.68;0.00;0.00;0.00;0.00;0.00;0.00;578.68;0.00;0.00;0.00;0.00;0.00;304.67;304.67;274.01;852.69;852.69;852.69;1818.68;1530.00;1300.00;400.00;304.67;304.67;1284.01;0.00;230.00;2174.01;0.00;0.00;0.00;0.00;0.00;0.00;0.00;0.00
1759110330.9289875;0.00;0.00;0.00;0.00;0.00;0.00;0.00;0.00;0.00;0.00;578.68;0.00;0.00;0.00;144.67;0.00;0.00;578.68;0.00;0.00;0.00;0.00;0.00;304.67;304.67;274.01;852.69;852.69;997.36;2033.35;1530.00;1300.00;400.00;304.67;304.67;1584.01;0.00;230.00;2174.01;0.00;0.00;0.00;0.00;0.00;0.00;0.00;0.00
1759110330.9292598;0.00;0.00;0.00;0.00;0.00;0.00;0.00;0.00;0.00;0.00;578.68;0.00;0.00;0.00;144.67;0.00;0.00;578.68;0.00;0.00;0.00;0.00;0.00;304.67;304.67;274.01;852.69;852.69;997.36;2033.35;1530.00;1300.00;400.00;304.67;304.67;1584.01;0.00;230.00;2174.01;0.00;0.00;0.00;0.00;0.00;0.00;0.00;0.00
1759110330.949592;0.00;0.00;0.00;0.00;0.00;0.00;0.00;0.00;0.00;0.00;578.68;0.00;0.00;0.00;289.34;0.00;0.00;578.68;0.00;0.00;0.00;0.00;0.00;304.67;304.67;274.01;852.69;852.69;1142.03;2248.02;1530.00;1300.00;400.00;304.67;304.67;1884.01;0.00;230.00;2174.01;0.00;0.00;0.00;0.00;0.00;0.00;0.00;0.00
1759110330.9498389;0.00;0.00;0.00;0.00;0.00;0.00;0.00;0.00;0.00;0.00;578.68;0.00;0.00;0.00;289.34;0.00;0.00;578.68;0.00;0.00;0.00;0.00;0.00;304.67;304.67;274.01;852.69;852.69;1142.03;2248.02;1530.00;1300.00;400.00;304.67;304.67;1884.01;0.00;230.00;2174.01;0.00;0.00;0.00;0.00;0.00;0.00;0.00;0.00
1759110330.9738946;0.00;0.00;0.00;0.00;0.00;0.00;0.00;0.00;0.00;0.00;578.68;0.00;0.00;0.00;434.01;0.00;0.00;578.68;0.00;0.00;0.00;0.00;0.00;304.67;304.67;274.01;852.69;852.69;1286.70;2462.69;1530.00;1300.00;400.00;304.67;304.67;2184.01;0.00;230.00;2174.01;0.00;0.00;0.00;0.00;0.00;0.00;0.00;0.00
1759110330.9741626;0.00;0.00;0.00;0.00;0.00;0.00;0.00;0.00;0.00;0.00;578.68;0.00;0.00;0.00;434.01;0.00;0.00;578.68;0.00;0.00;0.00;0.00;0.00;304.67;304.67;274.01;852.69;852.69;1286.70;2462.69;1530.00;1300.00;400.00;304.67;304.67;2184.01;0.00;230.00;2174.01;0.00;0.00;0.00;0.00;0.00;0.00;0.00;0.00
1759110330.992711;0.00;0.00;0.00;0.00;0.00;0.00;0.00;0.00;0.00;0.00;578.68;0.00;0.00;0.00;578.68;0.00;0.00;578.68;0.00;0.00;0.00;0.00;0.00;304.67;304.67;274.01;852.69;852.69;1431.37;2782.69;1530.00;1300.00;400.00;304.67;304.67;2484.01;0.00;230.00;2174.01;0.00;0.00;0.00;0.00;0.00;0.00;0.00;0.00
1759110330.9929423;0.00;0.00;0.00;0.00;0.00;0.00;0.00;0.00;0.00;0.00;578.68;0.00;0.00;0.00;578.68;0.00;0.00;578.68;0.00;0.00;0.00;0.00;0.00;304.67;304.67;274.01;852.69;852.69;1431.37;2782.69;1530.00;1300.00;400.00;304.67;304.67;2484.01;0.00;230.00;2174.01;0.00;0.00;0.00;0.00;0.00;0.00;0.00;0.00
1759110346.9431925;0.00;0.00;0.00;0.00;0.00;0.00;0.00;0.00;0.00;0.00;578.68;0.00;0.00;0.00;578.68;0.00;0.00;578.68;0.00;144.67;0.00;0.00;0.00;304.67;304.67;274.01;997.36;997.36;1576.04;3082.69;1530.00;1300.00;400.00;304.67;304.67;2484.01;0.00;230.00;2174.01;0.00;0.00;0.00;0.00;0.00;0.00;0.00;0.00
1759110346.9434733;0.00;0.00;0.00;0.00;0.00;0.00;0.00;0.00;0.00;0.00;578.68;0.00;0.00;0.00;578.68;0.00;0.00;578.68;0.00;144.67;0.00;0.00;0.00;304.67;304.67;274.01;997.36;997.36;1576.04;3082.69;1530.00;1300.00;400.00;304.67;304.67;2484.01;0.00;230.00;2174.01;0.00;0.00;0.00;0.00;0.00;0.00;0.00;0.00
1759110346.9657862;0.00;0.00;0.00;0.00;0.00;0.00;0.00;0.00;0.00;0.00;578.68;0.00;0.00;0.00;578.68;0.00;0.00;578.68;0.00;289.34;0.00;0.00;0.00;304.67;304.67;274.01;1142.03;1212.03;1790.71;3382.69;1530.00;1300.00;400.00;304.67;304.67;2484.01;0.00;230.00;2174.01;0.00;0.00;0.00;0.00;0.00;0.00;0.00;0.00
1759110346.9660287;0.00;0.00;0.00;0.00;0.00;0.00;0.00;0.00;0.00;0.00;578.68;0.00;0.00;0.00;578.68;0.00;0.00;578.68;0.00;289.34;0.00;0.00;0.00;304.67;304.67;274.01;1142.03;1212.03;1790.71;3382.69;1530.00;1300.00;400.00;304.67;304.67;2484.01;0.00;230.00;2174.01;0.00;0.00;0.00;0.00;0.00;0.00;0.00;0.00
1759110346.98527;0.00;0.00;0.00;0.00;0.00;0.00;0.00;0.00;0.00;0.00;578.68;0.00;0.00;0.00;578.68;0.00;0.00;578.68;0.00;434.01;0.00;0.00;0.00;304.67;304.67;274.01;1286.70;1356.70;2005.38;3682.69;1530.00;1300.00;400.00;304.67;304.67;2484.01;0.00;230.00;2174.01;0.00;0.00;0.00;0.00;0.00;0.00;0.00;0.00
1759110346.9855404;0.00;0.00;0.00;0.00;0.00;0.00;0.00;0.00;0.00;0.00;578.68;0.00;0.00;0.00;578.68;0.00;0.00;578.68;0.00;434.01;0.00;0.00;0.00;304.67;304.67;274.01;1286.70;1356.70;2005.38;3682.69;1530.00;1300.00;400.00;304.67;304.67;2484.01;0.00;230.00;2174.01;0.00;0.00;0.00;0.00;0.00;0.00;0.00;0.00
1759110347.0084987;0.00;0.00;0.00;0.00;0.00;0.00;0.00;0.00;0.00;0.00;578.68;0.00;0.00;0.00;578.68;0.00;0.00;578.68;0.00;578.68;0.00;0.00;0.00;304.67;304.67;274.01;1431.37;1571.37;2220.05;3982.69;1530.00;1300.00;400.00;304.67;304.67;2484.01;0.00;230.00;2174.01;0.00;0.00;0.00;0.00;0.00;0.00;0.00;0.00
1759110347.0087566;0.00;0.00;0.00;0.00;0.00;0.00;0.00;0.00;0.00;0.00;578.68;0.00;0.00;0.00;578.68;0.00;0.00;578.68;0.00;578.68;0.00;0.00;0.00;304.67;304.67;274.01;1431.37;1571.37;2220.05;3982.69;1530.00;1300.00;400.00;304.67;304.67;2484.01;0.00;230.00;2174.01;0.00;0.00;0.00;0.00;0.00;0.00;0.00;0.00
1759110363.507111;0.00;0.00;0.00;0.00;0.00;0.00;0.00;0.00;0.00;0.00;578.68;0.00;0.00;0.00;434.01;144.67;0.00;578.68;0.00;578.68;0.00;0.00;0.00;304.67;304.67;274.01;1431.37;1571.37;2220.05;4308.02;1530.00;1300.00;400.00;304.67;304.67;2484.01;0.00;230.00;2174.01;0.00;0.00;0.00;0.00;0.00;0.00;0.00;0.00
1759110363.507374;0.00;0.00;0.00;0.00;0.00;0.00;0.00;0.00;0.00;0.00;578.68;0.00;0.00;0.00;434.01;144.67;0.00;578.68;0.00;578.68;0.00;0.00;0.00;304.67;304.67;274.01;1431.37;1571.37;2220.05;4308.02;1530.00;1300.00;400.00;304.67;304.67;2484.01;0.00;230.00;2174.01;0.00;0.00;0.00;0.00;0.00;0.00;0.00;0.00
1759110373.506764;0.00;0.00;0.00;0.00;0.00;0.00;0.00;0.00;0.00;0.00;434.01;0.00;0.00;0.00;434.01;144.67;0.00;723.35;0.00;578.68;0.00;0.00;0.00;304.67;304.67;418.68;1431.37;1571.37;2220.05;4592.69;1300.00;1300.00;400.00;304.67;304.67;2489.34;0.00;0.00;2088.68;0.00;0.00;0.00;0.00;0.00;0.00;0.00;0.00
1759110373.5070305;0.00;0.00;0.00;0.00;0.00;0.00;0.00;0.00;0.00;0.00;434.01;0.00;0.00;0.00;434.01;144.67;0.00;723.35;0.00;578.68;0.00;0.00;0.00;304.67;304.67;418.68;1431.37;1571.37;2220.05;4592.69;1300.00;1300.00;400.00;304.67;304.67;2489.34;0.00;0.00;2088.68;0.00;0.00;0.00;0.00;0.00;0.00;0.00;0.00
1759110374.9539175;0.00;0.00;0.00;0.00;0.00;0.00;144.67;0.00;0.00;0.00;434.01;0.00;0.00;0.00;434.01;144.67;0.00;723.35;0.00;578.68;0.00;0.00;0.00;304.67;304.67;418.68;1741.37;1881.37;2530.05;4902.69;1540.00;1524.67;624.67;529.34;304.67;2489.34;0.00;0.00;2318.68;310.00;0.00;0.00;0.00;0.00;0.00;224.67;0.00
1759110374.9541838;0.00;0.00;0.00;0.00;0.00;0.00;144.67;0.00;0.00;0.00;434.01;0.00;0.00;0.00;434.01;144.67;0.00;723.35;0.00;578.68;0.00;0.00;0.00;304.67;304.67;418.68;1741.37;1881.37;2530.05;4902.69;1540.00;1524.67;624.67;529.34;304.67;2489.34;0.00;0.00;2318.68;310.00;0.00;0.00;0.00;0.00;0.00;224.67;0.00
1759110374.9799178;0.00;0.00;0.00;0.00;0.00;0.00;289.34;0.00;0.00;0.00;434.01;0.00;0.00;0.00;434.01;144.67;0.00;723.35;0.00;578.68;0.00;0.00;0.00;304.67;304.67;418.68;1741.37;1881.37;2840.05;4967.36;1754.67;1754.67;624.67;529.34;304.67;2639.34;0.00;0.00;2318.68;310.00;0.00;0.00;310.00;0.00;0.00;224.67;0.00
1759110374.9801607;0.00;0.00;0.00;0.00;0.00;0.00;289.34;0.00;0.00;0.00;434.01;0.00;0.00;0.00;434.01;144.67;0.00;723.35;0.00;578.68;0.00;0.00;0.00;304.67;304.67;418.68;1741.37;1881.37;2840.05;4967.36;1754.67;1754.67;624.67;529.34;304.67;2639.34;0.00;0.00;2318.68;310.00;0.00;0.00;310.00;0.00;0.00;224.67;0.00
1759110375.007541;0.00;0.00;0.00;0.00;0.00;0.00;434.01;0.00;0.00;0.00;434.01;0.00;0.00;0.00;434.01;144.67;0.00;723.35;0.00;578.68;0.00;0.00;0.00;369.34;369.34;483.35;1806.04;1946.04;3214.72;4967.36;1904.67;2049.34;689.34;594.01;369.34;2789.34;230.00;0.00;2318.68;310.00;0.00;0.00;620.00;0.00;0.00;224.67;0.00
1759110375.007793;0.00;0.00;0.00;0.00;0.00;0.00;434.01;0.00;0.00;0.00;434.01;0.00;0.00;0.00;434.01;144.67;0.00;723.35;0.00;578.68;0.00;0.00;0.00;369.34;369.34;483.35;1806.04;1946.04;3214.72;4967.36;1904.67;2049.34;689.34;594.01;369.34;2789.34;230.00;0.00;2318.68;310.00;0.00;0.00;620.00;0.00;0.00;224.67;0.00
1759110375.0296197;0.00;0.00;0.00;0.00;0.00;0.00;578.68;0.00;0.00;0.00;434.01;0.00;0.00;0.00;434.01;144.67;0.00;723.35;0.00;578.68;0.00;0.00;0.00;369.34;369.34;483.35;1806.04;1946.04;3214.72;4967.36;2204.67;2264.01;689.34;594.01;369.34;2789.34;230.00;230.00;2318.68;310.00;0.00;0.00;620.00;0.00;0.00;224.67;0.00
1759110375.029859;0.00;0.00;0.00;0.00;0.00;0.00;578.68;0.00;0.00;0.00;434.01;0.00;0.00;0.00;434.01;144.67;0.00;723.35;0.00;578.68;0.00;0.00;0.00;369.34;369.34;483.35;1806.04;1946.04;3214.72;4967.36;2204.67;2264.01;689.34;594.01;369.34;2789.34;230.00;230.00;2318.68;310.00;0.00;0.00;620.00;0.00;0.00;224.67;0.00
1759110383.5234892;0.00;0.00;0.00;0.00;0.00;0.00;578.68;0.00;0.00;0.00;289.34;0.00;0.00;0.00;434.01;144.67;0.00;868.02;0.00;578.68;0.00;0.00;0.00;434.01;434.01;563.35;1741.37;1951.37;3220.05;4972.69;2039.34;2098.68;754.01;658.68;434.01;2789.34;230.00;230.00;2478.68;310.00;0.00;0.00;620.00;0.00;0.00;224.67;0.00
1759110383.5239708;0.00;0.00;0.00;0.00;0.00;0.00;578.68;0.00;0.00;0.00;289.34;0.00;0.00;0.00;434.01;144.67;0.00;868.02;0.00;578.68;0.00;0.00;0.00;434.01;434.01;563.35;1741.37;1951.37;3220.05;4972.69;2039.34;2098.68;754.01;658.68;434.01;2789.34;230.00;230.00;2478.68;310.00;0.00;0.00;620.00;0.00;0.00;224.67;0.00
1759110388.5175037;0.00;0.00;0.00;0.00;0.00;0.00;578.68;0.00;0.00;0.00;289.34;0.00;0.00;0.00;434.01;0.00;0.00;1012.69;0.00;578.68;0.00;0.00;0.00;434.01;434.01;708.02;1886.04;2096.04;3220.05;4972.69;2039.34;2098.68;754.01;658.68;434.01;2789.34;230.00;230.00;2478.68;310.00;0.00;0.00;620.00;0.00;0.00;224.67;0.00
1759110388.5177674;0.00;0.00;0.00;0.00;0.00;0.00;578.68;0.00;0.00;0.00;289.34;0.00;0.00;0.00;434.01;0.00;0.00;1012.69;0.00;578.68;0.00;0.00;0.00;434.01;434.01;708.02;1886.04;2096.04;3220.05;4972.69;2039.34;2098.68;754.01;658.68;434.01;2789.34;230.00;230.00;2478.68;310.00;0.00;0.00;620.00;0.00;0.00;224.67;0.00
1759110393.5260332;0.00;0.00;0.00;0.00;0.00;0.00;578.68;0.00;0.00;0.00;144.67;0.00;0.00;0.00;434.01;0.00;0.00;1157.36;0.00;578.68;0.00;0.00;0.00;584.01;584.01;1002.69;2106.04;2316.04;3440.05;4892.69;1959.34;2018.68;904.01;808.68;584.01;2789.34;230.00;230.00;2778.68;310.00;0.00;0.00;620.00;0.00;0.00;224.67;0.00
1759110393.5264976;0.00;0.00;0.00;0.00;0.00;0.00;578.68;0.00;0.00;0.00;144.67;0.00;0.00;0.00;434.01;0.00;0.00;1157.36;0.00;578.68;0.00;0.00;0.00;584.01;584.01;1002.69;2106.04;2316.04;3440.05;4892.69;1959.34;2018.68;904.01;808.68;584.01;2789.34;230.00;230.00;2778.68;310.00;0.00;0.00;620.00;0.00;0.00;224.67;0.00
1759110394.9662225;0.00;144.67;0.00;0.00;0.00;0.00;578.68;0.00;0.00;0.00;144.67;0.00;0.00;0.00;434.01;0.00;0.00;1157.36;0.00;578.68;0.00;0.00;0.00;584.01;584.01;1002.69;2106.04;2316.04;3440.05;4892.69;2259.34;2233.35;904.01;808.68;584.01;2789.34;230.00;230.00;3078.68;310.00;0.00;0.00;620.00;0.00;0.00;224.67;0.00
1759110394.966487;0.00;144.67;0.00;0.00;0.00;0.00;578.68;0.00;0.00;0.00;144.67;0.00;0.00;0.00;434.01;0.00;0.00;1157.36;0.00;578.68;0.00;0.00;0.00;584.01;584.01;1002.69;2106.04;2316.04;3440.05;4892.69;2259.34;2233.35;904.01;808.68;584.01;2789.34;230.00;230.00;3078.68;310.00;0.00;0.00;620.00;0.00;0.00;224.67;0.00
1759110394.9965918;0.00;289.34;0.00;0.00;0.00;0.00;578.68;0.00;0.00;0.00;144.67;0.00;0.00;0.00;434.01;0.00;0.00;1157.36;0.00;578.68;0.00;0.00;0.00;584.01;584.01;1002.69;2106.04;2316.04;3440.05;4892.69;2559.34;2553.35;904.01;808.68;584.01;2789.34;230.00;230.00;3378.68;310.00;0.00;0.00;620.00;0.00;0.00;224.67;0.00
1759110394.9968479;0.00;289.34;0.00;0.00;0.00;0.00;578.68;0.00;0.00;0.00;144.67;0.00;0.00;0.00;434.01;0.00;0.00;1157.36;0.00;578.68;0.00;0.00;0.00;584.01;584.01;1002.69;2106.04;2316.04;3440.05;4892.69;2559.34;2553.35;904.01;808.68;584.01;2789.34;230.00;230.00;3378.68;310.00;0.00;0.00;620.00;0.00;0.00;224.67;0.00
1759110395.022247;0.00;434.01;0.00;0.00;0.00;0.00;578.68;0.00;0.00;0.00;144.67;0.00;0.00;0.00;434.01;0.00;0.00;1157.36;0.00;578.68;0.00;0.00;0.00;744.01;744.01;1162.69;2266.04;2476.04;3590.05;4892.69;2709.34;2618.02;968.68;873.35;744.01;2939.34;230.00;230.00;3528.68;310.00;0.00;0.00;620.00;0.00;0.00;449.34;0.00
1759110395.022504;0.00;434.01;0.00;0.00;0.00;0.00;578.68;0.00;0.00;0.00;144.67;0.00;0.00;0.00;434.01;0.00;0.00;1157.36;0.00;578.68;0.00;0.00;0.00;744.01;744.01;1162.69;2266.04;2476.04;3590.05;4892.69;2709.34;2618.02;968.68;873.35;744.01;2939.34;230.00;230.00;3528.68;310.00;0.00;0.00;620.00;0.00;0.00;449.34;0.00
1759110395.052023;0.00;674.01;0.00;0.00;0.00;0.00;578.68;0.00;0.00;0.00;144.67;0.00;0.00;0.00;434.01;0.00;0.00;1157.36;0.00;578.68;0.00;0.00;0.00;744.01;744.01;1162.69;2266.04;2476.04;3590.05;4892.69;3009.34;2618.02;968.68;873.35;744.01;2939.34;230.00;230.00;3828.68;310.00;0.00;0.00;620.00;0.00;0.00;449.34;0.00
1759110395.0522778;0.00;674.01;0.00;0.00;0.00;0.00;578.68;0.00;0.00;0.00;144.67;0.00;0.00;0.00;434.01;0.00;0.00;1157.36;0.00;578.68;0.00;0.00;0.00;744.01;744.01;1162.69;2266.04;2476.04;3590.05;4892.69;3009.34;2618.02;968.68;873.35;744.01;2939.34;230.00;230.00;3828.68;310.00;0.00;0.00;620.00;0.00;0.00;449.34;0.00
1759110410.0464177;0.00;674.01;0.00;0.00;0.00;0.00;578.68;0.00;0.00;0.00;384.67;0.00;0.00;0.00;434.01;0.00;0.00;1157.36;0.00;578.68;0.00;0.00;0.00;1054.01;1054.01;1472.69;2496.04;2706.04;3890.05;4892.69;3009.34;2618.02;1278.68;1183.35;1054.01;3239.34;540.00;230.00;3828.68;310.00;0.00;0.00;620.00;0.00;0.00;449.34;0.00
1759110410.04669;0.00;674.01;0.00;0.00;0.00;0.00;578.68;0.00;0.00;0.00;384.67;0.00;0.00;0.00;434.01;0.00;0.00;1157.36;0.00;578.68;0.00;0.00;0.00;1054.01;1054.01;1472.69;2496.04;2706.04;3890.05;4892.69;3009.34;2618.02;1278.68;1183.35;1054.01;3239.34;540.00;230.00;3828.68;310.00;0.00;0.00;620.00;0.00;0.00;449.34;0.00
1759110410.0726402;0.00;674.01;0.00;0.00;0.00;0.00;578.68;0.00;0.00;0.00;624.67;0.00;0.00;0.00;434.01;0.00;0.00;1157.36;0.00;578.68;0.00;0.00;0.00;1054.01;1054.01;1472.69;2736.04;2936.04;4120.05;4972.69;3239.34;2618.02;1278.68;1183.35;1054.01;3389.34;540.00;230.00;3828.68;310.00;0.00;0.00;620.00;0.00;0.00;449.34;0.00
1759110410.072903;0.00;674.01;0.00;0.00;0.00;0.00;578.68;0.00;0.00;0.00;624.67;0.00;0.00;0.00;434.01;0.00;0.00;1157.36;0.00;578.68;0.00;0.00;0.00;1054.01;1054.01;1472.69;2736.04;2936.04;4120.05;4972.69;3239.34;2618.02;1278.68;1183.35;1054.01;3389.34;540.00;230.00;3828.68;310.00;0.00;0.00;620.00;0.00;0.00;449.34;0.00
1759110410.098644;0.00;674.01;0.00;0.00;0.00;0.00;578.68;0.00;0.00;0.00;864.67;0.00;0.00;0.00;434.01;0.00;0.00;1157.36;0.00;578.68;0.00;0.00;0.00;1054.01;1054.01;1472.69;3046.04;3236.04;4420.05;4972.69;3239.34;2618.02;1278.68;1183.35;1054.01;3689.34;540.00;230.00;3828.68;310.00;0.00;0.00;620.00;0.00;0.00;449.34;0.00
1759110410.0988944;0.00;674.01;0.00;0.00;0.00;0.00;578.68;0.00;0.00;0.00;864.67;0.00;0.00;0.00;434.01;0.00;0.00;1157.36;0.00;578.68;0.00;0.00;0.00;1054.01;1054.01;1472.69;3046.04;3236.04;4420.05;4972.69;3239.34;2618.02;1278.68;1183.35;1054.01;3689.34;540.00;230.00;3828.68;310.00;0.00;0.00;620.00;0.00;0.00;449.34;0.00
1759110410.127093;0.00;674.01;0.00;0.00;0.00;0.00;578.68;0.00;0.00;0.00;1104.67;0.00;0.00;0.00;434.01;0.00;0.00;1157.36;0.00;578.68;0.00;0.00;0.00;1134.01;1134.01;1552.69;3206.04;3386.04;4570.05;4972.69;3389.34;2698.02;1358.68;1263.35;1134.01;3839.34;540.00;230.00;3828.68;310.00;310.00;0.00;620.00;0.00;0.00;449.34;0.00
1759110410.127348;0.00;674.01;0.00;0.00;0.00;0.00;578.68;0.00;0.00;0.00;1104.67;0.00;0.00;0.00;434.01;0.00;0.00;1157.36;0.00;578.68;0.00;0.00;0.00;1134.01;1134.01;1552.69;3206.04;3386.04;4570.05;4972.69;3389.34;2698.02;1358.68;1263.35;1134.01;3839.34;540.00;230.00;3828.68;310.00;310.00;0.00;620.00;0.00;0.00;449.34;0.00
1759110413.5293853;0.00;674.01;0.00;0.00;0.00;0.00;578.68;0.00;0.00;0.00;960.00;0.00;0.00;0.00;434.01;0.00;0.00;1397.36;0.00;578.68;0.00;0.00;0.00;1214.01;1214.01;1712.69;3221.37;3401.37;4585.38;4988.02;3309.34;2618.02;1438.68;1343.35;1214.01;3839.34;540.00;230.00;3924.01;310.00;310.00;0.00;620.00;0.00;0.00;449.34;0.00
1759110413.5296602;0.00;674.01;0.00;0.00;0.00;0.00;578.68;0.00;0.00;0.00;960.00;0.00;0.00;0.00;434.01;0.00;0.00;1397.36;0.00;578.68;0.00;0.00;0.00;1214.01;1214.01;1712.69;3221.37;3401.37;4585.38;4988.02;3309.34;2618.02;1438.68;1343.35;1214.01;3839.34;540.00;230.00;3924.01;310.00;310.00;0.00;620.00;0.00;0.00;449.34;0.00
1759110429.9811554;0.00;674.01;0.00;0.00;0.00;0.00;723.35;0.00;0.00;0.00;960.00;0.00;0.00;0.00;434.01;0.00;0.00;723.35;0.00;578.68;0.00;0.00;0.00;919.34;919.34;1033.35;2472.03;2582.03;3766.04;3778.68;3089.34;2253.35;1144.01;1048.68;919.34;3299.34;540.00;230.00;2790.00;310.00;310.00;0.00;620.00;0.00;0.00;449.34;0.00
1759110429.9814386;0.00;674.01;0.00;0.00;0.00;0.00;723.35;0.00;0.00;0.00;960.00;0.00;0.00;0.00;434.01;0.00;0.00;723.35;0.00;578.68;0.00;0.00;0.00;919.34;919.34;1033.35;2472.03;2582.03;3766.04;3778.68;3089.34;2253.35;1144.01;1048.68;919.34;3299.34;540.00;230.00;2790.00;310.00;310.00;0.00;620.00;0.00;0.00;449.34;0.00
1759110430.005366;0.00;674.01;0.00;0.00;0.00;0.00;868.02;0.00;0.00;0.00;960.00;0.00;0.00;0.00;434.01;0.00;0.00;723.35;0.00;578.68;0.00;0.00;0.00;919.34;919.34;1033.35;2472.03;2582.03;3766.04;3778.68;3234.01;2253.35;1144.01;1048.68;919.34;3299.34;540.00;230.00;3014.67;310.00;310.00;0.00;620.00;0.00;0.00;449.34;0.00
1759110430.0056145;0.00;674.01;0.00;0.00;0.00;0.00;868.02;0.00;0.00;0.00;960.00;0.00;0.00;0.00;434.01;0.00;0.00;723.35;0.00;578.68;0.00;0.00;0.00;919.34;919.34;1033.35;2472.03;2582.03;3766.04;3778.68;3234.01;2253.35;1144.01;1048.68;919.34;3299.34;540.00;230.00;3014.67;310.00;310.00;0.00;620.00;0.00;0.00;449.34;0.00
1759110430.0303202;0.00;674.01;0.00;0.00;0.00;0.00;1108.02;0.00;0.00;0.00;960.00;0.00;0.00;0.00;434.01;0.00;0.00;723.35;0.00;578.68;0.00;0.00;0.00;919.34;919.34;1033.35;2472.03;2582.03;3766.04;3778.68;3544.01;2483.35;1144.01;1048.68;919.34;3299.34;540.00;230.00;3324.67;310.00;310.00;0.00;620.00;0.00;0.00;449.34;0.00
1759110430.0305612;0.00;674.01;0.00;0.00;0.00;0.00;1108.02;0.00;0.00;0.00;960.00;0.00;0.00;0.00;434.01;0.00;0.00;723.35;0.00;578.68;0.00;0.00;0.00;919.34;919.34;1033.35;2472.03;2582.03;3766.04;3778.68;3544.01;2483.35;1144.01;1048.68;919.34;3299.34;540.00;230.00;3324.67;310.00;310.00;0.00;620.00;0.00;0.00;449.34;0.00
1759110430.057021;0.00;674.01;0.00;0.00;0.00;0.00;1348.02;0.00;0.00;0.00;960.00;0.00;0.00;0.00;434.01;0.00;0.00;723.35;0.00;578.68;0.00;0.00;0.00;919.34;919.34;1033.35;2472.03;2582.03;3766.04;3778.68;3854.01;2483.35;1144.01;1048.68;919.34;3299.34;540.00;230.00;3634.67;310.00;310.00;0.00;620.00;0.00;0.00;449.34;0.00
1759110430.057259;0.00;674.01;0.00;0.00;0.00;0.00;1348.02;0.00;0.00;0.00;960.00;0.00;0.00;0.00;434.01;0.00;0.00;723.35;0.00;578.68;0.00;0.00;0.00;919.34;919.34;1033.35;2472.03;2582.03;3766.04;3778.68;3854.01;2483.35;1144.01;1048.68;919.34;3299.34;540.00;230.00;3634.67;310.00;310.00;0.00;620.00;0.00;0.00;449.34;0.00
1759110442.994687;0.00;674.01;0.00;0.00;0.00;0.00;1348.02;0.00;0.00;0.00;960.00;0.00;0.00;0.00;434.01;0.00;0.00;144.67;0.00;578.68;0.00;144.67;0.00;614.67;614.67;759.34;2198.02;2308.02;3492.03;2944.01;3458.68;2088.02;888.68;888.68;614.67;2550.00;540.00;230.00;2959.34;310.00;310.00;0.00;620.00;0.00;0.00;449.34;0.00
1759110442.9949565;0.00;674.01;0.00;0.00;0.00;0.00;1348.02;0.00;0.00;0.00;960.00;0.00;0.00;0.00;434.01;0.00;0.00;144.67;0.00;578.68;0.00;144.67;0.00;614.67;614.67;759.34;2198.02;2308.02;3492.03;2944.01;3458.68;2088.02;888.68;888.68;614.67;2550.00;540.00;230.00;2959.34;310.00;310.00;0.00;620.00;0.00;0.00;449.34;0.00
1759110443.0219998;0.00;674.01;0.00;0.00;0.00;0.00;1348.02;0.00;0.00;0.00;960.00;0.00;0.00;0.00;434.01;0.00;0.00;144.67;0.00;578.68;0.00;289.34;0.00;614.67;614.67;759.34;2198.02;2308.02;3492.03;3254.01;3603.35;2232.69;1033.35;1033.35;614.67;2860.00;540.00;230.00;3259.34;310.00;310.00;0.00;620.00;0.00;0.00;449.34;0.00
1759110443.0222623;0.00;674.01;0.00;0.00;0.00;0.00;1348.02;0.00;0.00;0.00;960.00;0.00;0.00;0.00;434.01;0.00;0.00;144.67;0.00;578.68;0.00;289.34;0.00;614.67;614.67;759.34;2198.02;2308.02;3492.03;3254.01;3603.35;2232.69;1033.35;1033.35;614.67;2860.00;540.00;230.00;3259.34;310.00;310.00;0.00;620.00;0.00;0.00;449.34;0.00
1759110443.0486374;0.00;674.01;0.00;0.00;0.00;0.00;1348.02;0.00;0.00;0.00;960.00;0.00;0.00;0.00;434.01;0.00;0.00;144.67;0.00;578.68;0.00;529.34;0.00;694.67;694.67;839.34;2278.02;2458.02;3642.03;3404.01;3753.35;2382.69;1193.35;1193.35;694.67;2860.00;540.00;230.00;3559.34;310.00;310.00;0.00;620.00;0.00;0.00;449.34;0.00
1759110443.048911;0.00;674.01;0.00;0.00;0.00;0.00;1348.02;0.00;0.00;0.00;960.00;0.00;0.00;0.00;434.01;0.00;0.00;144.67;0.00;578.68;0.00;529.34;0.00;694.67;694.67;839.34;2278.02;2458.02;3642.03;3404.01;3753.35;2382.69;1193.35;1193.35;694.67;2860.00;540.00;230.00;3559.34;310.00;310.00;0.00;620.00;0.00;0.00;449.34;0.00
1759110443.144553;0.00;674.01;0.00;0.00;0.00;0.00;1348.02;0.00;0.00;0.00;960.00;0.00;0.00;0.00;434.01;0.00;0.00;144.67;0.00;578.68;0.00;769.34;0.00;924.67;694.67;839.34;2278.02;2458.02;3642.03;3404.01;4053.35;2682.69;1493.35;1503.35;924.67;2860.00;540.00;230.00;3859.34;310.00;310.00;0.00;620.00;0.00;310.00;449.34;0.00
1759110443.144826;0.00;674.01;0.00;0.00;0.00;0.00;1348.02;0.00;0.00;0.00;960.00;0.00;0.00;0.00;434.01;0.00;0.00;144.67;0.00;578.68;0.00;769.34;0.00;924.67;694.67;839.34;2278.02;2458.02;3642.03;3404.01;4053.35;2682.69;1493.35;1503.35;924.67;2860.00;540.00;230.00;3859.34;310.00;310.00;0.00;620.00;0.00;310.00;449.34;0.00
1759110443.5297697;0.00;674.01;0.00;0.00;0.00;0.00;1348.02;0.00;0.00;0.00;960.00;0.00;0.00;0.00;289.34;0.00;240.00;144.67;0.00;578.68;0.00;769.34;0.00;924.67;694.67;839.34;2278.02;2458.02;3737.36;3189.34;4053.35;2682.69;1493.35;1503.35;924.67;2870.00;540.00;230.00;3859.34;310.00;310.00;0.00;620.00;0.00;310.00;449.34;0.00
1759110443.5300515;0.00;674.01;0.00;0.00;0.00;0.00;1348.02;0.00;0.00;0.00;960.00;0.00;0.00;0.00;289.34;0.00;240.00;144.67;0.00;578.68;0.00;769.34;0.00;924.67;694.67;839.34;2278.02;2458.02;3737.36;3189.34;4053.35;2682.69;1493.35;1503.35;924.67;2870.00;540.00;230.00;3859.34;310.00;310.00;0.00;620.00;0.00;310.00;449.34;0.00
1759110448.5407307;0.00;818.68;0.00;0.00;0.00;0.00;1058.68;0.00;0.00;0.00;960.00;0.00;0.00;0.00;289.34;0.00;240.00;144.67;0.00;578.68;0.00;769.34;0.00;924.67;694.67;839.34;2278.02;2458.02;3427.36;3124.67;3753.35;2468.02;1493.35;1503.35;924.67;2720.00;540.00;0.00;3859.34;310.00;310.00;0.00;310.00;0.00;310.00;449.34;0.00
1759110448.5410206;0.00;818.68;0.00;0.00;0.00;0.00;1058.68;0.00;0.00;0.00;960.00;0.00;0.00;0.00;289.34;0.00;240.00;144.67;0.00;578.68;0.00;769.34;0.00;924.67;694.67;839.34;2278.02;2458.02;3427.36;3124.67;3753.35;2468.02;1493.35;1503.35;924.67;2720.00;540.00;0.00;3859.34;310.00;310.00;0.00;310.00;0.00;310.00;449.34;0.00
1759110448.565334;0.00;1058.68;0.00;0.00;0.00;0.00;1058.68;0.00;0.00;0.00;960.00;0.00;0.00;0.00;289.34;0.00;240.00;144.67;0.00;578.68;0.00;769.34;0.00;924.67;694.67;839.34;2278.02;2458.02;3427.36;3364.67;3993.35;2468.02;1493.35;1503.35;924.67;2960.00;540.00;0.00;3859.34;310.00;310.00;0.00;310.00;0.00;310.00;449.34;0.00
1759110448.5656087;0.00;1058.68;0.00;0.00;0.00;0.00;1058.68;0.00;0.00;0.00;960.00;0.00;0.00;0.00;289.34;0.00;240.00;144.67;0.00;578.68;0.00;769.34;0.00;924.67;694.67;839.34;2278.02;2458.02;3427.36;3364.67;3993.35;2468.02;1493.35;1503.35;924.67;2960.00;540.00;0.00;3859.34;310.00;310.00;0.00;310.00;0.00;310.00;449.34;0.00
1759110463.545393;0.00;1058.68;0.00;0.00;144.67;0.00;914.01;0.00;0.00;0.00;960.00;0.00;0.00;0.00;0.00;0.00;0.00;0.00;0.00;578.68;0.00;769.34;0.00;860.00;630.00;630.00;2068.68;2248.68;2378.68;2600.00;3988.02;2318.02;1428.68;1438.68;860.00;1910.00;310.00;0.00;3859.34;310.00;310.00;0.00;0.00;0.00;310.00;449.34;0.00
1759110463.5456629;0.00;1058.68;0.00;0.00;144.67;0.00;914.01;0.00;0.00;0.00;960.00;0.00;0.00;0.00;0.00;0.00;0.00;0.00;0.00;578.68;0.00;769.34;0.00;860.00;630.00;630.00;2068.68;2248.68;2378.68;2600.00;3988.02;2318.02;1428.68;1438.68;860.00;1910.00;310.00;0.00;3859.34;310.00;310.00;0.00;0.00;0.00;310.00;449.34;0.00
1759110464.0070834;0.00;1058.68;0.00;0.00;144.67;0.00;914.01;0.00;144.67;0.00;960.00;0.00;0.00;0.00;0.00;0.00;0.00;0.00;0.00;578.68;0.00;769.34;0.00;860.00;630.00;630.00;2068.68;2248.68;2378.68;2744.67;3988.02;2318.02;1428.68;1438.68;860.00;2124.67;310.00;0.00;3859.34;310.00;310.00;0.00;0.00;0.00;310.00;449.34;0.00
1759110464.0073633;0.00;1058.68;0.00;0.00;144.67;0.00;914.01;0.00;144.67;0.00;960.00;0.00;0.00;0.00;0.00;0.00;0.00;0.00;0.00;578.68;0.00;769.34;0.00;860.00;630.00;630.00;2068.68;2248.68;2378.68;2744.67;3988.02;2318.02;1428.68;1438.68;860.00;2124.67;310.00;0.00;3859.34;310.00;310.00;0.00;0.00;0.00;310.00;449.34;0.00
1759110464.0334585;0.00;1058.68;0.00;0.00;144.67;0.00;914.01;0.00;289.34;0.00;960.00;0.00;0.00;0.00;0.00;0.00;0.00;0.00;0.00;578.68;0.00;769.34;0.00;860.00;630.00;630.00;2068.68;2248.68;2378.68;2974.67;3988.02;2318.02;1428.68;1438.68;860.00;2424.67;310.00;0.00;3859.34;310.00;310.00;0.00;0.00;0.00;310.00;449.34;0.00
1759110464.0337214;0.00;1058.68;0.00;0.00;144.67;0.00;914.01;0.00;289.34;0.00;960.00;0.00;0.00;0.00;0.00;0.00;0.00;0.00;0.00;578.68;0.00;769.34;0.00;860.00;630.00;630.00;2068.68;2248.68;2378.68;2974.67;3988.02;2318.02;1428.68;1438.68;860.00;2424.67;310.00;0.00;3859.34;310.00;310.00;0.00;0.00;0.00;310.00;449.34;0.00
1759110464.0596435;0.00;1058.68;0.00;0.00;144.67;0.00;914.01;0.00;434.01;0.00;960.00;0.00;0.00;0.00;0.00;0.00;0.00;0.00;0.00;578.68;0.00;769.34;0.00;860.00;630.00;630.00;2068.68;2248.68;2378.68;3429.34;3988.02;2318.02;1428.68;1438.68;860.00;2949.34;310.00;0.00;3859.34;310.00;310.00;0.00;0.00;0.00;310.00;449.34;0.00
1759110464.0599065;0.00;1058.68;0.00;0.00;144.67;0.00;914.01;0.00;434.01;0.00;960.00;0.00;0.00;0.00;0.00;0.00;0.00;0.00;0.00;578.68;0.00;769.34;0.00;860.00;630.00;630.00;2068.68;2248.68;2378.68;3429.34;3988.02;2318.02;1428.68;1438.68;860.00;2949.34;310.00;0.00;3859.34;310.00;310.00;0.00;0.00;0.00;310.00;449.34;0.00
1759110464.0864615;0.00;1058.68;0.00;0.00;144.67;0.00;914.01;0.00;578.68;0.00;960.00;0.00;0.00;0.00;0.00;0.00;0.00;0.00;0.00;578.68;0.00;769.34;0.00;860.00;630.00;630.00;2068.68;2248.68;2378.68;3669.34;3988.02;2318.02;1428.68;1438.68;860.00;3249.34;310.00;0.00;3859.34;310.00;310.00;0.00;0.00;0.00;310.00;449.34;0.00
1759110464.08671;0.00;1058.68;0.00;0.00;144.67;0.00;914.01;0.00;578.68;0.00;960.00;0.00;0.00;0.00;0.00;0.00;0.00;0.00;0.00;578.68;0.00;769.34;0.00;860.00;630.00;630.00;2068.68;2248.68;2378.68;3669.34;3988.02;2318.02;1428.68;1438.68;860.00;3249.34;310.00;0.00;3859.34;310.00;310.00;0.00;0.00;0.00;310.00;449.34;0.00
1759110483.0183604;0.00;1058.68;0.00;0.00;289.34;0.00;914.01;0.00;578.68;0.00;960.00;0.00;0.00;0.00;0.00;0.00;0.00;0.00;0.00;0.00;0.00;769.34;0.00;860.00;630.00;630.00;1490.00;1530.00;1590.00;2684.01;4202.69;2462.69;1428.68;1438.68;860.00;3249.34;310.00;230.00;4159.34;310.00;310.00;0.00;0.00;0.00;310.00;449.34;0.00
1759110483.0186436;0.00;1058.68;0.00;0.00;289.34;0.00;914.01;0.00;578.68;0.00;960.00;0.00;0.00;0.00;0.00;0.00;0.00;0.00;0.00;0.00;0.00;769.34;0.00;860.00;630.00;630.00;1490.00;1530.00;1590.00;2684.01;4202.69;2462.69;1428.68;1438.68;860.00;3249.34;310.00;230.00;4159.34;310.00;310.00;0.00;0.00;0.00;310.00;449.34;0.00
1759110483.046704;0.00;1058.68;0.00;0.00;434.01;0.00;914.01;0.00;578.68;0.00;960.00;0.00;0.00;0.00;0.00;0.00;0.00;0.00;0.00;0.00;0.00;769.34;0.00;860.00;630.00;630.00;1490.00;1530.00;1590.00;2914.01;4432.69;2692.69;1428.68;1438.68;860.00;3249.34;310.00;230.00;4459.34;310.00;310.00;0.00;0.00;0.00;310.00;449.34;0.00
1759110483.0469666;0.00;1058.68;0.00;0.00;434.01;0.00;914.01;0.00;578.68;0.00;960.00;0.00;0.00;0.00;0.00;0.00;0.00;0.00;0.00;0.00;0.00;769.34;0.00;860.00;630.00;630.00;1490.00;1530.00;1590.00;2914.01;4432.69;2692.69;1428.68;1438.68;860.00;3249.34;310.00;230.00;4459.34;310.00;310.00;0.00;0.00;0.00;310.00;449.34;0.00
1759110483.0730448;0.00;1058.68;0.00;0.00;578.68;0.00;914.01;0.00;578.68;0.00;960.00;0.00;0.00;0.00;0.00;0.00;0.00;0.00;0.00;0.00;0.00;769.34;0.00;860.00;630.00;630.00;1490.00;1760.00;2044.67;3358.68;4577.36;2837.36;1428.68;1438.68;860.00;3249.34;310.00;230.00;4759.34;310.00;310.00;0.00;224.67;0.00;310.00;449.34;0.00
1759110483.0732963;0.00;1058.68;0.00;0.00;578.68;0.00;914.01;0.00;578.68;0.00;960.00;0.00;0.00;0.00;0.00;0.00;0.00;0.00;0.00;0.00;0.00;769.34;0.00;860.00;630.00;630.00;1490.00;1760.00;2044.67;3358.68;4577.36;2837.36;1428.68;1438.68;860.00;3249.34;310.00;230.00;4759.34;310.00;310.00;0.00;224.67;0.00;310.00;449.34;0.00
1759110483.0994837;0.00;1058.68;0.00;0.00;723.35;0.00;914.01;0.00;578.68;0.00;960.00;0.00;0.00;0.00;0.00;0.00;0.00;0.00;0.00;0.00;0.00;769.34;0.00;860.00;630.00;630.00;1490.00;1760.00;2044.67;3588.68;4807.36;3067.36;1428.68;1438.68;860.00;3249.34;310.00;230.00;5059.34;310.00;310.00;0.00;224.67;0.00;310.00;449.34;0.00
1759110483.0997477;0.00;1058.68;0.00;0.00;723.35;0.00;914.01;0.00;578.68;0.00;960.00;0.00;0.00;0.00;0.00;0.00;0.00;0.00;0.00;0.00;0.00;769.34;0.00;860.00;630.00;630.00;1490.00;1760.00;2044.67;3588.68;4807.36;3067.36;1428.68;1438.68;860.00;3249.34;310.00;230.00;5059.34;310.00;310.00;0.00;224.67;0.00;310.00;449.34;0.00
1759110483.555253;0.00;1058.68;144.67;0.00;578.68;0.00;914.01;0.00;578.68;0.00;960.00;0.00;0.00;0.00;0.00;0.00;0.00;0.00;0.00;0.00;0.00;769.34;0.00;860.00;630.00;630.00;1490.00;1760.00;2044.67;3438.68;4662.69;2922.69;1428.68;1438.68;860.00;3409.34;310.00;230.00;5059.34;310.00;310.00;0.00;224.67;0.00;310.00;449.34;0.00
1759110483.5555267;0.00;1058.68;144.67;0.00;578.68;0.00;914.01;0.00;578.68;0.00;960.00;0.00;0.00;0.00;0.00;0.00;0.00;0.00;0.00;0.00;0.00;769.34;0.00;860.00;630.00;630.00;1490.00;1760.00;2044.67;3438.68;4662.69;2922.69;1428.68;1438.68;860.00;3409.34;310.00;230.00;5059.34;310.00;310.00;0.00;224.67;0.00;310.00;449.34;0.00
1759110488.554326;0.00;1058.68;144.67;0.00;578.68;144.67;769.34;0.00;578.68;0.00;960.00;0.00;0.00;0.00;0.00;0.00;0.00;0.00;0.00;0.00;0.00;769.34;0.00;860.00;630.00;630.00;1180.00;1450.00;1734.67;3288.68;4567.36;2698.02;1204.01;1214.01;860.00;3559.34;310.00;230.00;5054.01;0.00;310.00;0.00;224.67;0.00;310.00;224.67;0.00
1759110488.5546117;0.00;1058.68;144.67;0.00;578.68;144.67;769.34;0.00;578.68;0.00;960.00;0.00;0.00;0.00;0.00;0.00;0.00;0.00;0.00;0.00;0.00;769.34;0.00;860.00;630.00;630.00;1180.00;1450.00;1734.67;3288.68;4567.36;2698.02;1204.01;1214.01;860.00;3559.34;310.00;230.00;5054.01;0.00;310.00;0.00;224.67;0.00;310.00;224.67;0.00
1759110493.5544322;0.00;1058.68;144.67;0.00;578.68;144.67;769.34;0.00;578.68;0.00;720.00;0.00;0.00;0.00;0.00;0.00;0.00;240.00;0.00;0.00;0.00;769.34;0.00;780.00;550.00;790.00;1260.00;1540.00;1894.67;3288.68;4417.36;2618.02;1124.01;1134.01;780.00;3709.34;310.00;230.00;5054.01;0.00;0.00;0.00;224.67;0.00;310.00;224.67;0.00
1759110493.5547316;0.00;1058.68;144.67;0.00;578.68;144.67;769.34;0.00;578.68;0.00;720.00;0.00;0.00;0.00;0.00;0.00;0.00;240.00;0.00;0.00;0.00;769.34;0.00;780.00;550.00;790.00;1260.00;1540.00;1894.67;3288.68;4417.36;2618.02;1124.01;1134.01;780.00;3709.34;310.00;230.00;5054.01;0.00;0.00;0.00;224.67;0.00;310.00;224.67;0.00
1759110503.0443153;0.00;384.67;144.67;0.00;578.68;144.67;769.34;0.00;578.68;0.00;720.00;0.00;0.00;0.00;0.00;0.00;0.00;384.67;0.00;0.00;0.00;769.34;0.00;700.00;470.00;694.67;1164.67;1444.67;1809.34;3438.68;3517.36;2168.68;1139.34;1149.34;700.00;3559.34;540.00;230.00;4304.01;0.00;0.00;0.00;224.67;0.00;310.00;0.00;0.00
1759110503.0445905;0.00;384.67;144.67;0.00;578.68;144.67;769.34;0.00;578.68;0.00;720.00;0.00;0.00;0.00;0.00;0.00;0.00;384.67;0.00;0.00;0.00;769.34;0.00;700.00;470.00;694.67;1164.67;1444.67;1809.34;3438.68;3517.36;2168.68;1139.34;1149.34;700.00;3559.34;540.00;230.00;4304.01;0.00;0.00;0.00;224.67;0.00;310.00;0.00;0.00
1759110503.07437;0.00;384.67;144.67;0.00;578.68;144.67;769.34;0.00;578.68;0.00;720.00;0.00;0.00;0.00;0.00;0.00;0.00;849.34;0.00;0.00;0.00;769.34;0.00;700.00;470.00;1159.34;1699.34;1979.34;2334.01;3738.68;3517.36;2168.68;1139.34;1149.34;700.00;3559.34;540.00;230.00;4604.01;0.00;0.00;0.00;534.67;0.00;310.00;0.00;0.00
1759110503.0746577;0.00;384.67;144.67;0.00;578.68;144.67;769.34;0.00;578.68;0.00;720.00;0.00;0.00;0.00;0.00;0.00;0.00;849.34;0.00;0.00;0.00;769.34;0.00;700.00;470.00;1159.34;1699.34;1979.34;2334.01;3738.68;3517.36;2168.68;1139.34;1149.34;700.00;3559.34;540.00;230.00;4604.01;0.00;0.00;0.00;534.67;0.00;310.00;0.00;0.00
1759110503.101665;0.00;384.67;144.67;0.00;578.68;144.67;769.34;0.00;578.68;0.00;720.00;0.00;0.00;0.00;0.00;0.00;0.00;994.01;0.00;0.00;0.00;769.34;0.00;700.00;470.00;1304.01;1844.01;2124.01;2788.68;3968.68;3747.36;2168.68;1139.34;1149.34;700.00;3559.34;540.00;230.00;4904.01;0.00;0.00;0.00;534.67;0.00;310.00;0.00;0.00
1759110503.1019318;0.00;384.67;144.67;0.00;578.68;144.67;769.34;0.00;578.68;0.00;720.00;0.00;0.00;0.00;0.00;0.00;0.00;994.01;0.00;0.00;0.00;769.34;0.00;700.00;470.00;1304.01;1844.01;2124.01;2788.68;3968.68;3747.36;2168.68;1139.34;1149.34;700.00;3559.34;540.00;230.00;4904.01;0.00;0.00;0.00;534.67;0.00;310.00;0.00;0.00
1759110503.133254;0.00;384.67;144.67;0.00;578.68;144.67;769.34;0.00;578.68;0.00;720.00;0.00;0.00;0.00;0.00;0.00;0.00;1234.01;0.00;0.00;0.00;769.34;0.00;850.00;550.00;1464.01;2004.01;2284.01;2938.68;4118.68;3897.36;2318.68;1289.34;1299.34;850.00;3559.34;540.00;230.00;5204.01;0.00;0.00;0.00;844.67;0.00;310.00;0.00;0.00
1759110503.133511;0.00;384.67;144.67;0.00;578.68;144.67;769.34;0.00;578.68;0.00;720.00;0.00;0.00;0.00;0.00;0.00;0.00;1234.01;0.00;0.00;0.00;769.34;0.00;850.00;550.00;1464.01;2004.01;2284.01;2938.68;4118.68;3897.36;2318.68;1289.34;1299.34;850.00;3559.34;540.00;230.00;5204.01;0.00;0.00;0.00;844.67;0.00;310.00;0.00;0.00
1759110508.5677428;0.00;0.00;0.00;0.00;578.68;0.00;769.34;0.00;578.68;0.00;480.00;0.00;0.00;0.00;0.00;0.00;0.00;1378.68;0.00;0.00;0.00;769.34;0.00;540.00;240.00;1298.68;1918.68;2198.68;2783.35;3558.68;3298.02;2088.68;979.34;989.34;540.00;2854.01;230.00;230.00;4979.34;0.00;0.00;0.00;844.67;0.00;310.00;0.00;0.00
1759110508.5680363;0.00;0.00;0.00;0.00;578.68;0.00;769.34;0.00;578.68;0.00;480.00;0.00;0.00;0.00;0.00;0.00;0.00;1378.68;0.00;0.00;0.00;769.34;0.00;540.00;240.00;1298.68;1918.68;2198.68;2783.35;3558.68;3298.02;2088.68;979.34;989.34;540.00;2854.01;230.00;230.00;4979.34;0.00;0.00;0.00;844.67;0.00;310.00;0.00;0.00
1759110521.0515447;0.00;0.00;0.00;0.00;578.68;0.00;769.34;0.00;578.68;0.00;0.00;0.00;0.00;0.00;0.00;0.00;0.00;994.01;0.00;0.00;0.00;914.01;0.00;540.00;240.00;914.01;984.01;1284.01;1798.68;3478.68;3282.69;2303.35;1124.01;1134.01;540.00;1649.34;230.00;230.00;5204.01;0.00;0.00;0.00;844.67;0.00;310.00;0.00;0.00
1759110521.051823;0.00;0.00;0.00;0.00;578.68;0.00;769.34;0.00;578.68;0.00;0.00;0.00;0.00;0.00;0.00;0.00;0.00;994.01;0.00;0.00;0.00;914.01;0.00;540.00;240.00;914.01;984.01;1284.01;1798.68;3478.68;3282.69;2303.35;1124.01;1134.01;540.00;1649.34;230.00;230.00;5204.01;0.00;0.00;0.00;844.67;0.00;310.00;0.00;0.00
1759110521.0789351;0.00;0.00;0.00;0.00;578.68;0.00;769.34;0.00;578.68;0.00;0.00;0.00;0.00;0.00;0.00;0.00;0.00;994.01;0.00;0.00;0.00;1058.68;0.00;540.00;240.00;914.01;984.01;1284.01;1798.68;3788.68;3427.36;2448.02;1268.68;1278.68;540.00;1649.34;230.00;230.00;5204.01;0.00;0.00;0.00;844.67;0.00;310.00;0.00;0.00
1759110521.0792046;0.00;0.00;0.00;0.00;578.68;0.00;769.34;0.00;578.68;0.00;0.00;0.00;0.00;0.00;0.00;0.00;0.00;994.01;0.00;0.00;0.00;1058.68;0.00;540.00;240.00;914.01;984.01;1284.01;1798.68;3788.68;3427.36;2448.02;1268.68;1278.68;540.00;1649.34;230.00;230.00;5204.01;0.00;0.00;0.00;844.67;0.00;310.00;0.00;0.00
1759110521.1046367;0.00;0.00;0.00;0.00;578.68;0.00;769.34;0.00;578.68;0.00;0.00;0.00;0.00;0.00;0.00;0.00;0.00;994.01;0.00;0.00;0.00;1203.35;0.00;540.00;240.00;914.01;984.01;1284.01;1798.68;4328.68;3572.03;2592.69;1413.35;1423.35;540.00;1959.34;230.00;230.00;5204.01;0.00;0.00;0.00;844.67;0.00;310.00;0.00;0.00
1759110521.1048932;0.00;0.00;0.00;0.00;578.68;0.00;769.34;0.00;578.68;0.00;0.00;0.00;0.00;0.00;0.00;0.00;0.00;994.01;0.00;0.00;0.00;1203.35;0.00;540.00;240.00;914.01;984.01;1284.01;1798.68;4328.68;3572.03;2592.69;1413.35;1423.35;540.00;1959.34;230.00;230.00;5204.01;0.00;0.00;0.00;844.67;0.00;310.00;0.00;0.00
1759110521.1334853;0.00;0.00;0.00;0.00;578.68;0.00;769.34;0.00;578.68;0.00;0.00;0.00;0.00;0.00;0.00;0.00;0.00;994.01;0.00;0.00;0.00;1348.02;0.00;620.00;320.00;994.01;1134.01;1434.01;1948.68;4788.68;3732.03;2752.69;1478.02;1488.02;620.00;1959.34;454.67;230.00;5204.01;0.00;0.00;0.00;844.67;0.00;310.00;0.00;0.00
1759110521.133771;0.00;0.00;0.00;0.00;578.68;0.00;769.34;0.00;578.68;0.00;0.00;0.00;0.00;0.00;0.00;0.00;0.00;994.01;0.00;0.00;0.00;1348.02;0.00;620.00;320.00;994.01;1134.01;1434.01;1948.68;4788.68;3732.03;2752.69;1478.02;1488.02;620.00;1959.34;454.67;230.00;5204.01;0.00;0.00;0.00;844.67;0.00;310.00;0.00;0.00
1759110533.5690107;0.00;0.00;0.00;0.00;578.68;0.00;769.34;0.00;434.01;144.67;0.00;0.00;0.00;0.00;0.00;0.00;0.00;994.01;0.00;0.00;0.00;1348.02;0.00;620.00;320.00;994.01;1134.01;1434.01;1948.68;4788.68;3732.03;2752.69;1478.02;1488.02;620.00;1889.34;454.67;230.00;5204.01;0.00;0.00;0.00;844.67;0.00;310.00;0.00;0.00
1759110533.5692918;0.00;0.00;0.00;0.00;578.68;0.00;769.34;0.00;434.01;144.67;0.00;0.00;0.00;0.00;0.00;0.00;0.00;994.01;0.00;0.00;0.00;1348.02;0.00;620.00;320.00;994.01;1134.01;1434.01;1948.68;4788.68;3732.03;2752.69;1478.02;1488.02;620.00;1889.34;454.67;230.00;5204.01;0.00;0.00;0.00;844.67;0.00;310.00;0.00;0.00
1759110538.5784242;0.00;0.00;0.00;0.00;578.68;0.00;769.34;144.67;289.34;144.67;0.00;0.00;0.00;0.00;0.00;0.00;0.00;994.01;0.00;0.00;0.00;1348.02;0.00;620.00;320.00;994.01;1134.01;1434.01;2178.68;4788.68;3732.03;2752.69;1478.02;1488.02;620.00;1889.34;454.67;230.00;5204.01;0.00;0.00;0.00;844.67;0.00;310.00;0.00;0.00
1759110538.5787141;0.00;0.00;0.00;0.00;578.68;0.00;769.34;144.67;289.34;144.67;0.00;0.00;0.00;0.00;0.00;0.00;0.00;994.01;0.00;0.00;0.00;1348.02;0.00;620.00;320.00;994.01;1134.01;1434.01;2178.68;4788.68;3732.03;2752.69;1478.02;1488.02;620.00;1889.34;454.67;230.00;5204.01;0.00;0.00;0.00;844.67;0.00;310.00;0.00;0.00
1759110543.5790935;0.00;0.00;0.00;0.00;578.68;0.00;624.67;289.34;144.67;144.67;0.00;0.00;0.00;0.00;0.00;0.00;0.00;994.01;0.00;0.00;0.00;1348.02;0.00;620.00;320.00;994.01;1134.01;1434.01;2178.68;4634.01;3587.36;2752.69;1478.02;1488.02;620.00;1664.67;454.67;230.00;5519.34;0.00;0.00;0.00;844.67;0.00;310.00;0.00;0.00
1759110543.5793736;0.00;0.00;0.00;0.00;578.68;0.00;624.67;289.34;144.67;144.67;0.00;0.00;0.00;0.00;0.00;0.00;0.00;994.01;0.00;0.00;0.00;1348.02;0.00;620.00;320.00;994.01;1134.01;1434.01;2178.68;4634.01;3587.36;2752.69;1478.02;1488.02;620.00;1664.67;454.67;230.00;5519.34;0.00;0.00;0.00;844.67;0.00;310.00;0.00;0.00
1759110543.6075299;0.00;144.67;0.00;0.00;578.68;0.00;624.67;289.34;144.67;144.67;0.00;0.00;0.00;0.00;0.00;0.00;0.00;994.01;0.00;0.00;0.00;1348.02;0.00;620.00;320.00;994.01;1134.01;1434.01;2178.68;4944.01;3802.03;2752.69;1478.02;1488.02;620.00;1664.67;454.67;230.00;5519.34;0.00;0.00;0.00;844.67;0.00;310.00;0.00;0.00
1759110543.6077893;0.00;144.67;0.00;0.00;578.68;0.00;624.67;289.34;144.67;144.67;0.00;0.00;0.00;0.00;0.00;0.00;0.00;994.01;0.00;0.00;0.00;1348.02;0.00;620.00;320.00;994.01;1134.01;1434.01;2178.68;4944.01;3802.03;2752.69;1478.02;1488.02;620.00;1664.67;454.67;230.00;5519.34;0.00;0.00;0.00;844.67;0.00;310.00;0.00;0.00
1759110545.0659287;0.00;144.67;0.00;0.00;578.68;0.00;624.67;289.34;144.67;144.67;0.00;0.00;0.00;144.67;0.00;0.00;0.00;994.01;0.00;0.00;0.00;1348.02;0.00;620.00;784.67;1458.68;1598.68;1888.68;2703.35;4944.01;3802.03;2752.69;1478.02;1488.02;620.00;2189.34;454.67;230.00;5519.34;0.00;0.00;320.00;844.67;0.00;310.00;0.00;0.00
1759110545.0662076;0.00;144.67;0.00;0.00;578.68;0.00;624.67;289.34;144.67;144.67;0.00;0.00;0.00;144.67;0.00;0.00;0.00;994.01;0.00;0.00;0.00;1348.02;0.00;620.00;784.67;1458.68;1598.68;1888.68;2703.35;4944.01;3802.03;2752.69;1478.02;1488.02;620.00;2189.34;454.67;230.00;5519.34;0.00;0.00;320.00;844.67;0.00;310.00;0.00;0.00
1759110545.097323;0.00;144.67;0.00;0.00;578.68;0.00;624.67;289.34;144.67;144.67;0.00;0.00;0.00;144.67;0.00;0.00;0.00;994.01;0.00;0.00;0.00;1348.02;0.00;620.00;784.67;1458.68;1598.68;1888.68;2703.35;4944.01;3802.03;2752.69;1478.02;1488.02;620.00;2189.34;454.67;230.00;5519.34;0.00;0.00;320.00;844.67;0.00;310.00;0.00;0.00
1759110545.097595;0.00;144.67;0.00;0.00;578.68;0.00;624.67;289.34;144.67;144.67;0.00;0.00;0.00;144.67;0.00;0.00;0.00;994.01;0.00;0.00;0.00;1348.02;0.00;620.00;784.67;1458.68;1598.68;1888.68;2703.35;4944.01;3802.03;2752.69;1478.02;1488.02;620.00;2189.34;454.67;230.00;5519.34;0.00;0.00;320.00;844.67;0.00;310.00;0.00;0.00
1759110545.1274428;0.00;144.67;0.00;0.00;578.68;0.00;624.67;289.34;144.67;144.67;0.00;0.00;0.00;144.67;0.00;0.00;0.00;994.01;0.00;0.00;0.00;1348.02;0.00;620.00;784.67;1458.68;1598.68;1888.68;2703.35;4944.01;3802.03;2752.69;1478.02;1488.02;620.00;2189.34;454.67;230.00;5519.34;0.00;0.00;320.00;844.67;0.00;310.00;0.00;0.00
1759110545.127716;0.00;144.67;0.00;0.00;578.68;0.00;624.67;289.34;144.67;144.67;0.00;0.00;0.00;144.67;0.00;0.00;0.00;994.01;0.00;0.00;0.00;1348.02;0.00;620.00;784.67;1458.68;1598.68;1888.68;2703.35;4944.01;3802.03;2752.69;1478.02;1488.02;620.00;2189.34;454.67;230.00;5519.34;0.00;0.00;320.00;844.67;0.00;310.00;0.00;0.00
1759110545.154096;0.00;144.67;0.00;0.00;578.68;0.00;624.67;289.34;144.67;144.67;0.00;0.00;0.00;144.67;0.00;0.00;0.00;994.01;0.00;0.00;0.00;1348.02;0.00;620.00;784.67;1458.68;1598.68;1888.68;2703.35;4944.01;3802.03;2752.69;1478.02;1488.02;620.00;2189.34;454.67;230.00;5519.34;0.00;0.00;320.00;844.67;0.00;310.00;0.00;0.00
1759110545.1543572;0.00;144.67;0.00;0.00;578.68;0.00;624.67;289.34;144.67;144.67;0.00;0.00;0.00;144.67;0.00;0.00;0.00;994.01;0.00;0.00;0.00;1348.02;0.00;620.00;784.67;1458.68;1598.68;1888.68;2703.35;4944.01;3802.03;2752.69;1478.02;1488.02;620.00;2189.34;454.67;230.00;5519.34;0.00;0.00;320.00;844.67;0.00;310.00;0.00;0.00
1759110548.580462;0.00;144.67;0.00;0.00;578.68;0.00;240.00;434.01;0.00;144.67;0.00;0.00;0.00;144.67;0.00;0.00;0.00;994.01;0.00;0.00;0.00;1348.02;0.00;620.00;784.67;1458.68;1598.68;1888.68;2703.35;4854.01;3347.36;2522.69;1478.02;1488.02;620.00;2039.34;454.67;230.00;5059.34;0.00;0.00;320.00;844.67;0.00;310.00;0.00;0.00
1759110548.5807478;0.00;144.67;0.00;0.00;578.68;0.00;240.00;434.01;0.00;144.67;0.00;0.00;0.00;144.67;0.00;0.00;0.00;994.01;0.00;0.00;0.00;1348.02;0.00;620.00;784.67;1458.68;1598.68;1888.68;2703.35;4854.01;3347.36;2522.69;1478.02;1488.02;620.00;2039.34;454.67;230.00;5059.34;0.00;0.00;320.00;844.67;0.00;310.00;0.00;0.00
1759110548.606303;0.00;289.34;0.00;0.00;578.68;0.00;240.00;434.01;0.00;144.67;0.00;0.00;0.00;144.67;0.00;0.00;0.00;994.01;0.00;0.00;0.00;1348.02;0.00;620.00;784.67;1458.68;1598.68;1888.68;2703.35;4854.01;3872.03;2752.69;1478.02;1488.02;620.00;2039.34;454.67;230.00;5284.01;0.00;0.00;320.00;844.67;0.00;310.00;0.00;0.00
1759110548.6065528;0.00;289.34;0.00;0.00;578.68;0.00;240.00;434.01;0.00;144.67;0.00;0.00;0.00;144.67;0.00;0.00;0.00;994.01;0.00;0.00;0.00;1348.02;0.00;620.00;784.67;1458.68;1598.68;1888.68;2703.35;4854.01;3872.03;2752.69;1478.02;1488.02;620.00;2039.34;454.67;230.00;5284.01;0.00;0.00;320.00;844.67;0.00;310.00;0.00;0.00
1759110548.6339893;0.00;529.34;0.00;0.00;578.68;0.00;240.00;434.01;0.00;144.67;0.00;0.00;0.00;144.67;0.00;0.00;0.00;994.01;0.00;0.00;0.00;1348.02;0.00;930.00;1094.67;1768.68;1908.68;1888.68;2703.35;4934.01;4102.03;3062.69;1788.02;1798.02;930.00;2039.34;454.67;230.00;5284.01;0.00;310.00;320.00;844.67;0.00;310.00;0.00;0.00
1759110548.6342325;0.00;529.34;0.00;0.00;578.68;0.00;240.00;434.01;0.00;144.67;0.00;0.00;0.00;144.67;0.00;0.00;0.00;994.01;0.00;0.00;0.00;1348.02;0.00;930.00;1094.67;1768.68;1908.68;1888.68;2703.35;4934.01;4102.03;3062.69;1788.02;1798.02;930.00;2039.34;454.67;230.00;5284.01;0.00;310.00;320.00;844.67;0.00;310.00;0.00;0.00
1759110553.586026;0.00;529.34;0.00;0.00;578.68;240.00;0.00;434.01;0.00;144.67;0.00;0.00;0.00;144.67;0.00;0.00;0.00;994.01;0.00;0.00;0.00;1348.02;0.00;930.00;1094.67;1768.68;1908.68;1888.68;2703.35;4934.01;4102.03;3062.69;1788.02;1798.02;930.00;2039.34;454.67;230.00;5284.01;0.00;310.00;320.00;844.67;0.00;310.00;0.00;0.00
1759110553.5863125;0.00;529.34;0.00;0.00;578.68;240.00;0.00;434.01;0.00;144.67;0.00;0.00;0.00;144.67;0.00;0.00;0.00;994.01;0.00;0.00;0.00;1348.02;0.00;930.00;1094.67;1768.68;1908.68;1888.68;2703.35;4934.01;4102.03;3062.69;1788.02;1798.02;930.00;2039.34;454.67;230.00;5284.01;0.00;310.00;320.00;844.67;0.00;310.00;0.00;0.00
1759110567.0707984;0.00;0.00;0.00;0.00;578.68;0.00;0.00;434.01;0.00;144.67;144.67;0.00;0.00;144.67;0.00;0.00;0.00;994.01;0.00;0.00;0.00;1058.68;0.00;620.00;784.67;1458.68;1743.35;2033.35;2848.02;4544.01;2463.35;2163.35;1188.68;1198.68;620.00;2254.01;454.67;230.00;4234.67;0.00;0.00;320.00;844.67;0.00;310.00;0.00;0.00
1759110567.0710907;0.00;0.00;0.00;0.00;578.68;0.00;0.00;434.01;0.00;144.67;144.67;0.00;0.00;144.67;0.00;0.00;0.00;994.01;0.00;0.00;0.00;1058.68;0.00;620.00;784.67;1458.68;1743.35;2033.35;2848.02;4544.01;2463.35;2163.35;1188.68;1198.68;620.00;2254.01;454.67;230.00;4234.67;0.00;0.00;320.00;844.67;0.00;310.00;0.00;0.00
1759110567.1056392;0.00;0.00;0.00;0.00;578.68;0.00;0.00;434.01;0.00;144.67;289.34;0.00;0.00;144.67;0.00;0.00;0.00;994.01;0.00;0.00;0.00;1058.68;0.00;620.00;784.67;1458.68;1888.02;2178.02;2992.69;4774.01;2463.35;2163.35;1188.68;1198.68;620.00;2778.68;454.67;230.00;4234.67;0.00;0.00;320.00;844.67;0.00;310.00;0.00;0.00
1759110567.1059213;0.00;0.00;0.00;0.00;578.68;0.00;0.00;434.01;0.00;144.67;289.34;0.00;0.00;144.67;0.00;0.00;0.00;994.01;0.00;0.00;0.00;1058.68;0.00;620.00;784.67;1458.68;1888.02;2178.02;2992.69;4774.01;2463.35;2163.35;1188.68;1198.68;620.00;2778.68;454.67;230.00;4234.67;0.00;0.00;320.00;844.67;0.00;310.00;0.00;0.00
1759110567.139081;0.00;0.00;0.00;0.00;578.68;0.00;0.00;434.01;0.00;144.67;434.01;0.00;0.00;144.67;0.00;0.00;0.00;994.01;0.00;0.00;0.00;1058.68;0.00;620.00;784.67;1458.68;2032.69;2322.69;3137.36;4918.68;2693.35;2163.35;1188.68;1198.68;620.00;2778.68;454.67;230.00;4554.67;0.00;0.00;320.00;844.67;0.00;310.00;0.00;0.00
1759110567.1393602;0.00;0.00;0.00;0.00;578.68;0.00;0.00;434.01;0.00;144.67;434.01;0.00;0.00;144.67;0.00;0.00;0.00;994.01;0.00;0.00;0.00;1058.68;0.00;620.00;784.67;1458.68;2032.69;2322.69;3137.36;4918.68;2693.35;2163.35;1188.68;1198.68;620.00;2778.68;454.67;230.00;4554.67;0.00;0.00;320.00;844.67;0.00;310.00;0.00;0.00
1759110567.1686068;0.00;0.00;0.00;0.00;578.68;0.00;0.00;434.01;0.00;144.67;578.68;0.00;0.00;144.67;0.00;0.00;0.00;994.01;0.00;0.00;0.00;1058.68;0.00;780.00;944.67;1618.68;2337.36;2627.36;3442.03;4998.68;3083.35;2323.35;1348.68;1358.68;780.00;2778.68;454.67;230.00;4554.67;0.00;0.00;320.00;844.67;320.00;310.00;0.00;0.00
1759110567.1688612;0.00;0.00;0.00;0.00;578.68;0.00;0.00;434.01;0.00;144.67;578.68;0.00;0.00;144.67;0.00;0.00;0.00;994.01;0.00;0.00;0.00;1058.68;0.00;780.00;944.67;1618.68;2337.36;2627.36;3442.03;4998.68;3083.35;2323.35;1348.68;1358.68;780.00;2778.68;454.67;230.00;4554.67;0.00;0.00;320.00;844.67;320.00;310.00;0.00;0.00
1759110583.0884304;0.00;0.00;0.00;0.00;578.68;0.00;0.00;434.01;0.00;144.67;578.68;0.00;144.67;144.67;0.00;0.00;0.00;994.01;0.00;0.00;0.00;578.68;0.00;630.00;1024.67;1698.68;2417.36;2852.03;3666.70;4998.68;2793.35;2033.35;1048.68;1048.68;630.00;3078.68;454.67;230.00;3954.67;0.00;0.00;320.00;844.67;320.00;0.00;0.00;0.00
1759110583.0887082;0.00;0.00;0.00;0.00;578.68;0.00;0.00;434.01;0.00;144.67;578.68;0.00;144.67;144.67;0.00;0.00;0.00;994.01;0.00;0.00;0.00;578.68;0.00;630.00;1024.67;1698.68;2417.36;2852.03;3666.70;4998.68;2793.35;2033.35;1048.68;1048.68;630.00;3078.68;454.67;230.00;3954.67;0.00;0.00;320.00;844.67;320.00;0.00;0.00;0.00
1759110583.1226015;0.00;0.00;0.00;0.00;578.68;0.00;0.00;434.01;0.00;144.67;578.68;0.00;289.34;144.67;0.00;0.00;0.00;994.01;0.00;0.00;0.00;578.68;0.00;710.00;1104.67;2098.68;2817.36;3226.70;4041.37;4998.68;2943.35;2113.35;1128.68;1128.68;710.00;3228.68;454.67;230.00;4104.67;0.00;310.00;320.00;844.67;320.00;0.00;0.00;0.00
1759110583.1229098;0.00;0.00;0.00;0.00;578.68;0.00;0.00;434.01;0.00;144.67;578.68;0.00;289.34;144.67;0.00;0.00;0.00;994.01;0.00;0.00;0.00;578.68;0.00;710.00;1104.67;2098.68;2817.36;3226.70;4041.37;4998.68;2943.35;2113.35;1128.68;1128.68;710.00;3228.68;454.67;230.00;4104.67;0.00;310.00;320.00;844.67;320.00;0.00;0.00;0.00
1759110583.1535935;0.00;0.00;0.00;0.00;578.68;0.00;0.00;434.01;0.00;144.67;578.68;0.00;529.34;144.67;0.00;0.00;0.00;994.01;0.00;0.00;0.00;578.68;0.00;790.00;1184.67;2178.68;2897.36;3386.70;4191.37;4998.68;3093.35;2263.35;1208.68;1208.68;790.00;3378.68;454.67;230.00;4254.67;0.00;310.00;320.00;844.67;320.00;0.00;0.00;0.00
1759110583.1538763;0.00;0.00;0.00;0.00;578.68;0.00;0.00;434.01;0.00;144.67;578.68;0.00;529.34;144.67;0.00;0.00;0.00;994.01;0.00;0.00;0.00;578.68;0.00;790.00;1184.67;2178.68;2897.36;3386.70;4191.37;4998.68;3093.35;2263.35;1208.68;1208.68;790.00;3378.68;454.67;230.00;4254.67;0.00;310.00;320.00;844.67;320.00;0.00;0.00;0.00
1759110583.1839042;0.00;0.00;0.00;0.00;578.68;0.00;0.00;434.01;0.00;144.67;578.68;0.00;769.34;144.67;0.00;0.00;0.00;994.01;0.00;0.00;0.00;578.68;0.00;870.00;1264.67;2258.68;2977.36;3536.70;4341.37;4998.68;3243.35;2413.35;1288.68;1288.68;870.00;3528.68;454.67;230.00;4404.67;0.00;620.00;320.00;844.67;320.00;0.00;0.00;0.00
1759110583.1841812;0.00;0.00;0.00;0.00;578.68;0.00;0.00;434.01;0.00;144.67;578.68;0.00;769.34;144.67;0.00;0.00;0.00;994.01;0.00;0.00;0.00;578.68;0.00;870.00;1264.67;2258.68;2977.36;3536.70;4341.37;4998.68;3243.35;2413.35;1288.68;1288.68;870.00;3528.68;454.67;230.00;4404.67;0.00;620.00;320.00;844.67;320.00;0.00;0.00;0.00
1759110583.5929575;0.00;144.67;0.00;0.00;434.01;0.00;0.00;289.34;0.00;144.67;578.68;0.00;769.34;144.67;0.00;0.00;0.00;994.01;0.00;0.00;0.00;578.68;0.00;870.00;1264.67;2258.68;2977.36;3536.70;4341.37;4794.01;3243.35;2498.68;1288.68;1288.68;870.00;3228.68;454.67;0.00;4184.67;0.00;620.00;320.00;844.67;320.00;0.00;0.00;0.00
1759110583.593254;0.00;144.67;0.00;0.00;434.01;0.00;0.00;289.34;0.00;144.67;578.68;0.00;769.34;144.67;0.00;0.00;0.00;994.01;0.00;0.00;0.00;578.68;0.00;870.00;1264.67;2258.68;2977.36;3536.70;4341.37;4794.01;3243.35;2498.68;1288.68;1288.68;870.00;3228.68;454.67;0.00;4184.67;0.00;620.00;320.00;844.67;320.00;0.00;0.00;0.00
1759110583.624478;0.00;144.67;0.00;0.00;434.01;0.00;0.00;289.34;0.00;144.67;578.68;0.00;769.34;144.67;0.00;0.00;0.00;994.01;0.00;0.00;240.00;578.68;0.00;1020.00;1414.67;2408.68;3127.36;3686.70;4491.37;4874.01;3393.35;2648.68;1438.68;1438.68;1020.00;3228.68;454.67;0.00;4414.67;0.00;620.00;320.00;844.67;320.00;0.00;0.00;0.00
1759110583.6247644;0.00;144.67;0.00;0.00;434.01;0.00;0.00;289.34;0.00;144.67;578.68;0.00;769.34;144.67;0.00;0.00;0.00;994.01;0.00;0.00;240.00;578.68;0.00;1020.00;1414.67;2408.68;3127.36;3686.70;4491.37;4874.01;3393.35;2648.68;1438.68;1438.68;1020.00;3228.68;454.67;0.00;4414.67;0.00;620.00;320.00;844.67;320.00;0.00;0.00;0.00
1759110588.6007144;0.00;144.67;0.00;0.00;434.01;0.00;0.00;144.67;0.00;144.67;578.68;0.00;769.34;144.67;0.00;0.00;0.00;994.01;0.00;0.00;384.67;578.68;0.00;1020.00;1414.67;2408.68;3127.36;3686.70;4491.37;4729.34;3393.35;2648.68;1438.68;1438.68;1020.00;3228.68;454.67;0.00;4414.67;0.00;620.00;320.00;844.67;320.00;0.00;0.00;0.00
1759110588.6010337;0.00;144.67;0.00;0.00;434.01;0.00;0.00;144.67;0.00;144.67;578.68;0.00;769.34;144.67;0.00;0.00;0.00;994.01;0.00;0.00;384.67;578.68;0.00;1020.00;1414.67;2408.68;3127.36;3686.70;4491.37;4729.34;3393.35;2648.68;1438.68;1438.68;1020.00;3228.68;454.67;0.00;4414.67;0.00;620.00;320.00;844.67;320.00;0.00;0.00;0.00
1759110593.598083;0.00;144.67;0.00;144.67;289.34;0.00;0.00;0.00;0.00;0.00;578.68;0.00;769.34;144.67;0.00;0.00;0.00;994.01;0.00;0.00;0.00;578.68;0.00;870.00;1264.67;2258.68;2977.36;3536.70;4111.37;4039.34;3158.02;2413.35;1288.68;1288.68;870.00;2634.01;454.67;0.00;4259.34;0.00;620.00;320.00;844.67;320.00;0.00;0.00;0.00
1759110593.5983632;0.00;144.67;0.00;144.67;289.34;0.00;0.00;0.00;0.00;0.00;578.68;0.00;769.34;144.67;0.00;0.00;0.00;994.01;0.00;0.00;0.00;578.68;0.00;870.00;1264.67;2258.68;2977.36;3536.70;4111.37;4039.34;3158.02;2413.35;1288.68;1288.68;870.00;2634.01;454.67;0.00;4259.34;0.00;620.00;320.00;844.67;320.00;0.00;0.00;0.00
1759110604.0971076;0.00;0.00;0.00;0.00;0.00;0.00;0.00;0.00;0.00;0.00;578.68;0.00;769.34;144.67;0.00;0.00;0.00;994.01;0.00;144.67;0.00;578.68;0.00;870.00;1264.67;2258.68;3122.03;3451.37;3801.37;3054.67;2424.01;1664.01;1288.68;1288.68;870.00;2848.68;454.67;0.00;2504.67;0.00;620.00;320.00;620.00;320.00;0.00;0.00;0.00
1759110604.0973918;0.00;0.00;0.00;0.00;0.00;0.00;0.00;0.00;0.00;0.00;578.68;0.00;769.34;144.67;0.00;0.00;0.00;994.01;0.00;144.67;0.00;578.68;0.00;870.00;1264.67;2258.68;3122.03;3451.37;3801.37;3054.67;2424.01;1664.01;1288.68;1288.68;870.00;2848.68;454.67;0.00;2504.67;0.00;620.00;320.00;620.00;320.00;0.00;0.00;0.00
1759110604.1220741;0.00;0.00;0.00;0.00;0.00;0.00;0.00;0.00;0.00;0.00;578.68;0.00;769.34;144.67;0.00;0.00;0.00;994.01;0.00;289.34;0.00;578.68;0.00;870.00;1264.67;2258.68;3266.70;3596.04;3946.04;3269.34;2424.01;1664.01;1288.68;1288.68;870.00;3078.68;454.67;0.00;2729.34;0.00;620.00;320.00;620.00;320.00;0.00;0.00;0.00
1759110604.122348;0.00;0.00;0.00;0.00;0.00;0.00;0.00;0.00;0.00;0.00;578.68;0.00;769.34;144.67;0.00;0.00;0.00;994.01;0.00;289.34;0.00;578.68;0.00;870.00;1264.67;2258.68;3266.70;3596.04;3946.04;3269.34;2424.01;1664.01;1288.68;1288.68;870.00;3078.68;454.67;0.00;2729.34;0.00;620.00;320.00;620.00;320.00;0.00;0.00;0.00
1759110604.1522574;0.00;0.00;0.00;0.00;0.00;0.00;0.00;0.00;0.00;0.00;578.68;0.00;769.34;144.67;0.00;0.00;0.00;994.01;0.00;434.01;0.00;578.68;0.00;870.00;1264.67;2258.68;3411.37;3810.71;4160.71;3579.34;2424.01;1664.01;1288.68;1288.68;870.00;3378.68;454.67;0.00;2729.34;0.00;620.00;320.00;620.00;320.00;0.00;0.00;0.00
1759110604.1525326;0.00;0.00;0.00;0.00;0.00;0.00;0.00;0.00;0.00;0.00;578.68;0.00;769.34;144.67;0.00;0.00;0.00;994.01;0.00;434.01;0.00;578.68;0.00;870.00;1264.67;2258.68;3411.37;3810.71;4160.71;3579.34;2424.01;1664.01;1288.68;1288.68;870.00;3378.68;454.67;0.00;2729.34;0.00;620.00;320.00;620.00;320.00;0.00;0.00;0.00
1759110604.179503;0.00;0.00;0.00;0.00;0.00;0.00;0.00;0.00;0.00;0.00;578.68;0.00;769.34;144.67;0.00;0.00;0.00;994.01;0.00;578.68;0.00;578.68;0.00;870.00;1264.67;2258.68;3556.04;3955.38;4305.38;4119.34;2424.01;1664.01;1288.68;1288.68;870.00;3678.68;454.67;0.00;3039.34;0.00;620.00;320.00;620.00;320.00;0.00;0.00;0.00
1759110604.1797624;0.00;0.00;0.00;0.00;0.00;0.00;0.00;0.00;0.00;0.00;578.68;0.00;769.34;144.67;0.00;0.00;0.00;994.01;0.00;578.68;0.00;578.68;0.00;870.00;1264.67;2258.68;3556.04;3955.38;4305.38;4119.34;2424.01;1664.01;1288.68;1288.68;870.00;3678.68;454.67;0.00;3039.34;0.00;620.00;320.00;620.00;320.00;0.00;0.00;0.00
1759110628.1117344;0.00;0.00;0.00;0.00;0.00;0.00;0.00;0.00;0.00;0.00;578.68;0.00;769.34;144.67;0.00;0.00;0.00;994.01;0.00;578.68;0.00;578.68;144.67;870.00;1264.67;2258.68;3556.04;3955.38;4305.38;4429.34;2568.68;1808.68;1433.35;1433.35;870.00;3678.68;454.67;0.00;3494.01;0.00;620.00;320.00;620.00;320.00;0.00;0.00;0.00
1759110628.1120257;0.00;0.00;0.00;0.00;0.00;0.00;0.00;0.00;0.00;0.00;578.68;0.00;769.34;144.67;0.00;0.00;0.00;994.01;0.00;578.68;0.00;578.68;144.67;870.00;1264.67;2258.68;3556.04;3955.38;4305.38;4429.34;2568.68;1808.68;1433.35;1433.35;870.00;3678.68;454.67;0.00;3494.01;0.00;620.00;320.00;620.00;320.00;0.00;0.00;0.00
1759110628.1430569;0.00;0.00;0.00;0.00;0.00;0.00;0.00;0.00;0.00;0.00;578.68;0.00;769.34;144.67;0.00;0.00;0.00;994.01;0.00;578.68;0.00;578.68;289.34;870.00;1264.67;2258.68;3556.04;3955.38;4625.38;4739.34;2783.35;2023.35;1578.02;1578.02;870.00;3678.68;454.67;0.00;3718.68;0.00;620.00;320.00;940.00;320.00;0.00;0.00;0.00
1759110628.1433296;0.00;0.00;0.00;0.00;0.00;0.00;0.00;0.00;0.00;0.00;578.68;0.00;769.34;144.67;0.00;0.00;0.00;994.01;0.00;578.68;0.00;578.68;289.34;870.00;1264.67;2258.68;3556.04;3955.38;4625.38;4739.34;2783.35;2023.35;1578.02;1578.02;870.00;3678.68;454.67;0.00;3718.68;0.00;620.00;320.00;940.00;320.00;0.00;0.00;0.00
1759110628.1745517;0.00;0.00;0.00;0.00;0.00;0.00;0.00;0.00;0.00;0.00;578.68;0.00;769.34;144.67;0.00;0.00;0.00;994.01;0.00;578.68;0.00;578.68;434.01;870.00;1264.67;2258.68;3556.04;3955.38;4625.38;4739.34;3083.35;2253.35;1722.69;1722.69;870.00;3678.68;774.67;230.00;3718.68;0.00;620.00;320.00;940.00;320.00;0.00;0.00;0.00
1759110628.174815;0.00;0.00;0.00;0.00;0.00;0.00;0.00;0.00;0.00;0.00;578.68;0.00;769.34;144.67;0.00;0.00;0.00;994.01;0.00;578.68;0.00;578.68;434.01;870.00;1264.67;2258.68;3556.04;3955.38;4625.38;4739.34;3083.35;2253.35;1722.69;1722.69;870.00;3678.68;774.67;230.00;3718.68;0.00;620.00;320.00;940.00;320.00;0.00;0.00;0.00
1759110628.2094145;0.00;0.00;0.00;0.00;0.00;0.00;0.00;0.00;0.00;0.00;578.68;0.00;769.34;144.67;0.00;0.00;0.00;994.01;0.00;578.68;0.00;578.68;674.01;1100.00;1264.67;2258.68;3556.04;3955.38;4625.38;4739.34;3383.35;2563.35;2032.69;2032.69;1100.00;3678.68;774.67;230.00;3718.68;0.00;620.00;320.00;940.00;320.00;0.00;0.00;0.00
1759110628.2097013;0.00;0.00;0.00;0.00;0.00;0.00;0.00;0.00;0.00;0.00;578.68;0.00;769.34;144.67;0.00;0.00;0.00;994.01;0.00;578.68;0.00;578.68;674.01;1100.00;1264.67;2258.68;3556.04;3955.38;4625.38;4739.34;3383.35;2563.35;2032.69;2032.69;1100.00;3678.68;774.67;230.00;3718.68;0.00;620.00;320.00;940.00;320.00;0.00;0.00;0.00
1759110633.6203413;0.00;0.00;0.00;0.00;0.00;0.00;0.00;0.00;0.00;0.00;578.68;144.67;624.67;144.67;0.00;0.00;0.00;609.34;0.00;578.68;0.00;578.68;674.01;790.00;1024.67;1634.01;3076.04;3500.71;4346.04;4439.34;2933.35;2183.35;1722.69;1722.69;790.00;3828.68;544.67;230.00;2968.68;0.00;310.00;320.00;854.67;320.00;0.00;0.00;0.00
1759110633.6206272;0.00;0.00;0.00;0.00;0.00;0.00;0.00;0.00;0.00;0.00;578.68;144.67;624.67;144.67;0.00;0.00;0.00;609.34;0.00;578.68;0.00;578.68;674.01;790.00;1024.67;1634.01;3076.04;3500.71;4346.04;4439.34;2933.35;2183.35;1722.69;1722.69;790.00;3828.68;544.67;230.00;2968.68;0.00;310.00;320.00;854.67;320.00;0.00;0.00;0.00
1759110633.646378;0.00;0.00;0.00;0.00;0.00;0.00;0.00;0.00;0.00;0.00;578.68;144.67;624.67;144.67;0.00;144.67;0.00;609.34;0.00;578.68;0.00;578.68;674.01;790.00;1024.67;1634.01;3076.04;3500.71;4490.71;4679.34;3473.35;2723.35;2032.69;2032.69;790.00;3828.68;774.67;230.00;3268.68;0.00;310.00;320.00;854.67;320.00;0.00;0.00;0.00
1759110633.6466353;0.00;0.00;0.00;0.00;0.00;0.00;0.00;0.00;0.00;0.00;578.68;144.67;624.67;144.67;0.00;144.67;0.00;609.34;0.00;578.68;0.00;578.68;674.01;790.00;1024.67;1634.01;3076.04;3500.71;4490.71;4679.34;3473.35;2723.35;2032.69;2032.69;790.00;3828.68;774.67;230.00;3268.68;0.00;310.00;320.00;854.67;320.00;0.00;0.00;0.00
1759110633.6727085;0.00;0.00;0.00;0.00;0.00;0.00;0.00;0.00;0.00;0.00;578.68;144.67;624.67;144.67;0.00;384.67;0.00;609.34;0.00;578.68;0.00;578.68;674.01;790.00;1024.67;1634.01;3076.04;3500.71;4730.71;4919.34;4013.35;2723.35;2032.69;2032.69;790.00;3828.68;774.67;230.00;3568.68;0.00;310.00;320.00;854.67;320.00;0.00;0.00;0.00
1759110633.67297;0.00;0.00;0.00;0.00;0.00;0.00;0.00;0.00;0.00;0.00;578.68;144.67;624.67;144.67;0.00;384.67;0.00;609.34;0.00;578.68;0.00;578.68;674.01;790.00;1024.67;1634.01;3076.04;3500.71;4730.71;4919.34;4013.35;2723.35;2032.69;2032.69;790.00;3828.68;774.67;230.00;3568.68;0.00;310.00;320.00;854.67;320.00;0.00;0.00;0.00
1759110643.698217;0.00;0.00;0.00;0.00;0.00;144.67;0.00;0.00;0.00;0.00;578.68;144.67;624.67;0.00;0.00;384.67;0.00;609.34;0.00;578.68;0.00;0.00;674.01;710.00;480.00;1089.34;2461.37;2896.04;4056.04;3609.34;3494.01;2059.34;1534.01;1534.01;710.00;2994.01;550.00;230.00;3868.68;0.00;310.00;0.00;854.67;320.00;0.00;0.00;0.00
1759110643.6985126;0.00;0.00;0.00;0.00;0.00;144.67;0.00;0.00;0.00;0.00;578.68;144.67;624.67;0.00;0.00;384.67;0.00;609.34;0.00;578.68;0.00;0.00;674.01;710.00;480.00;1089.34;2461.37;2896.04;4056.04;3609.34;3494.01;2059.34;1534.01;1534.01;710.00;2994.01;550.00;230.00;3868.68;0.00;310.00;0.00;854.67;320.00;0.00;0.00;0.00
1759110645.1127412;0.00;0.00;0.00;0.00;0.00;144.67;0.00;0.00;0.00;0.00;578.68;144.67;624.67;0.00;0.00;384.67;0.00;754.01;0.00;578.68;0.00;0.00;674.01;710.00;480.00;1234.01;2606.04;3040.71;4200.71;3609.34;3494.01;2059.34;1534.01;1534.01;710.00;3304.01;550.00;230.00;3868.68;0.00;310.00;0.00;854.67;320.00;0.00;0.00;0.00
1759110645.1130219;0.00;0.00;0.00;0.00;0.00;144.67;0.00;0.00;0.00;0.00;578.68;144.67;624.67;0.00;0.00;384.67;0.00;754.01;0.00;578.68;0.00;0.00;674.01;710.00;480.00;1234.01;2606.04;3040.71;4200.71;3609.34;3494.01;2059.34;1534.01;1534.01;710.00;3304.01;550.00;230.00;3868.68;0.00;310.00;0.00;854.67;320.00;0.00;0.00;0.00
1759110645.1422014;0.00;0.00;0.00;0.00;0.00;144.67;0.00;0.00;0.00;0.00;578.68;144.67;624.67;0.00;0.00;384.67;0.00;898.68;0.00;578.68;0.00;0.00;674.01;710.00;480.00;1378.68;2820.71;3255.38;4415.38;3609.34;3494.01;2059.34;1534.01;1534.01;710.00;3828.68;550.00;230.00;3868.68;0.00;310.00;0.00;854.67;320.00;0.00;0.00;0.00
1759110645.142462;0.00;0.00;0.00;0.00;0.00;144.67;0.00;0.00;0.00;0.00;578.68;144.67;624.67;0.00;0.00;384.67;0.00;898.68;0.00;578.68;0.00;0.00;674.01;710.00;480.00;1378.68;2820.71;3255.38;4415.38;3609.34;3494.01;2059.34;1534.01;1534.01;710.00;3828.68;550.00;230.00;3868.68;0.00;310.00;0.00;854.67;320.00;0.00;0.00;0.00
1759110645.1774542;0.00;0.00;0.00;0.00;0.00;144.67;0.00;0.00;0.00;0.00;578.68;144.67;624.67;0.00;0.00;384.67;0.00;1043.35;0.00;578.68;0.00;0.00;674.01;710.00;480.00;1523.35;2965.38;3400.05;4630.05;3824.01;3804.01;2059.34;1534.01;1534.01;710.00;4128.68;550.00;540.00;3868.68;0.00;310.00;0.00;854.67;320.00;0.00;0.00;0.00
1759110645.1777244;0.00;0.00;0.00;0.00;0.00;144.67;0.00;0.00;0.00;0.00;578.68;144.67;624.67;0.00;0.00;384.67;0.00;1043.35;0.00;578.68;0.00;0.00;674.01;710.00;480.00;1523.35;2965.38;3400.05;4630.05;3824.01;3804.01;2059.34;1534.01;1534.01;710.00;4128.68;550.00;540.00;3868.68;0.00;310.00;0.00;854.67;320.00;0.00;0.00;0.00
1759110645.205686;0.00;0.00;0.00;0.00;0.00;144.67;0.00;0.00;0.00;0.00;578.68;144.67;624.67;0.00;0.00;384.67;0.00;1283.35;0.00;578.68;0.00;0.00;674.01;790.00;560.00;1683.35;3125.38;3550.05;4780.05;3974.01;3954.01;2209.34;1614.01;1614.01;790.00;4428.68;550.00;540.00;3868.68;0.00;620.00;0.00;854.67;320.00;0.00;0.00;0.00
1759110645.205953;0.00;0.00;0.00;0.00;0.00;144.67;0.00;0.00;0.00;0.00;578.68;144.67;624.67;0.00;0.00;384.67;0.00;1283.35;0.00;578.68;0.00;0.00;674.01;790.00;560.00;1683.35;3125.38;3550.05;4780.05;3974.01;3954.01;2209.34;1614.01;1614.01;790.00;4428.68;550.00;540.00;3868.68;0.00;620.00;0.00;854.67;320.00;0.00;0.00;0.00
1759110648.6220114;0.00;0.00;0.00;0.00;0.00;144.67;0.00;0.00;0.00;0.00;578.68;384.67;384.67;0.00;0.00;384.67;0.00;1283.35;0.00;578.68;0.00;0.00;674.01;860.00;560.00;1683.35;3205.38;3550.05;4780.05;3974.01;3954.01;2209.34;1684.01;1684.01;860.00;4428.68;550.00;540.00;3868.68;0.00;620.00;0.00;854.67;320.00;0.00;0.00;0.00
1759110648.622302;0.00;0.00;0.00;0.00;0.00;144.67;0.00;0.00;0.00;0.00;578.68;384.67;384.67;0.00;0.00;384.67;0.00;1283.35;0.00;578.68;0.00;0.00;674.01;860.00;560.00;1683.35;3205.38;3550.05;4780.05;3974.01;3954.01;2209.34;1684.01;1684.01;860.00;4428.68;550.00;540.00;3868.68;0.00;620.00;0.00;854.67;320.00;0.00;0.00;0.00
1759110653.6320682;0.00;0.00;0.00;0.00;0.00;144.67;0.00;0.00;0.00;0.00;144.67;529.34;240.00;0.00;0.00;384.67;0.00;1283.35;0.00;578.68;0.00;0.00;674.01;700.00;400.00;1523.35;2756.04;2886.04;4116.04;3299.34;3564.01;2049.34;1524.01;1524.01;700.00;3454.01;550.00;540.00;3398.68;0.00;620.00;0.00;854.67;320.00;0.00;0.00;0.00
1759110653.6323607;0.00;0.00;0.00;0.00;0.00;144.67;0.00;0.00;0.00;0.00;144.67;529.34;240.00;0.00;0.00;384.67;0.00;1283.35;0.00;578.68;0.00;0.00;674.01;700.00;400.00;1523.35;2756.04;2886.04;4116.04;3299.34;3564.01;2049.34;1524.01;1524.01;700.00;3454.01;550.00;540.00;3398.68;0.00;620.00;0.00;854.67;320.00;0.00;0.00;0.00
1759110653.662338;0.00;0.00;0.00;0.00;0.00;144.67;0.00;0.00;0.00;0.00;144.67;529.34;240.00;0.00;0.00;384.67;0.00;1428.02;0.00;578.68;0.00;0.00;674.01;700.00;400.00;1668.02;2900.71;3100.71;4330.71;3609.34;3564.01;2049.34;1524.01;1524.01;700.00;3678.68;550.00;540.00;3708.68;0.00;620.00;0.00;854.67;320.00;0.00;0.00;0.00
1759110653.6626084;0.00;0.00;0.00;0.00;0.00;144.67;0.00;0.00;0.00;0.00;144.67;529.34;240.00;0.00;0.00;384.67;0.00;1428.02;0.00;578.68;0.00;0.00;674.01;700.00;400.00;1668.02;2900.71;3100.71;4330.71;3609.34;3564.01;2049.34;1524.01;1524.01;700.00;3678.68;550.00;540.00;3708.68;0.00;620.00;0.00;854.67;320.00;0.00;0.00;0.00
1759110653.6899824;0.00;0.00;0.00;0.00;0.00;144.67;0.00;0.00;0.00;0.00;144.67;529.34;240.00;0.00;0.00;384.67;0.00;1572.69;0.00;578.68;0.00;0.00;674.01;700.00;400.00;1812.69;3045.38;3245.38;4475.38;3849.34;3564.01;2049.34;1524.01;1524.01;700.00;3678.68;550.00;540.00;3708.68;0.00;620.00;0.00;854.67;320.00;0.00;0.00;0.00
1759110653.6902292;0.00;0.00;0.00;0.00;0.00;144.67;0.00;0.00;0.00;0.00;144.67;529.34;240.00;0.00;0.00;384.67;0.00;1572.69;0.00;578.68;0.00;0.00;674.01;700.00;400.00;1812.69;3045.38;3245.38;4475.38;3849.34;3564.01;2049.34;1524.01;1524.01;700.00;3678.68;550.00;540.00;3708.68;0.00;620.00;0.00;854.67;320.00;0.00;0.00;0.00
1759110653.7191331;0.00;0.00;0.00;0.00;0.00;144.67;0.00;0.00;0.00;0.00;144.67;529.34;240.00;0.00;0.00;384.67;0.00;1572.69;0.00;578.68;0.00;0.00;674.01;700.00;400.00;1812.69;3045.38;3245.38;4475.38;3849.34;3564.01;2049.34;1524.01;1524.01;700.00;3678.68;550.00;540.00;3708.68;0.00;620.00;0.00;854.67;320.00;0.00;0.00;0.00
1759110653.7193987;0.00;0.00;0.00;0.00;0.00;144.67;0.00;0.00;0.00;0.00;144.67;529.34;240.00;0.00;0.00;384.67;0.00;1572.69;0.00;578.68;0.00;0.00;674.01;700.00;400.00;1812.69;3045.38;3245.38;4475.38;3849.34;3564.01;2049.34;1524.01;1524.01;700.00;3678.68;550.00;540.00;3708.68;0.00;620.00;0.00;854.67;320.00;0.00;0.00;0.00
1759110658.6305335;0.00;0.00;0.00;0.00;0.00;0.00;0.00;0.00;0.00;0.00;289.34;529.34;240.00;0.00;0.00;384.67;0.00;1428.02;0.00;578.68;0.00;0.00;674.01;700.00;400.00;1668.02;3045.38;3245.38;4165.38;3859.34;3189.34;2049.34;1524.01;1524.01;700.00;3678.68;550.00;540.00;3184.01;0.00;620.00;0.00;854.67;320.00;0.00;0.00;0.00
1759110658.6308374;0.00;0.00;0.00;0.00;0.00;0.00;0.00;0.00;0.00;0.00;289.34;529.34;240.00;0.00;0.00;384.67;0.00;1428.02;0.00;578.68;0.00;0.00;674.01;700.00;400.00;1668.02;3045.38;3245.38;4165.38;3859.34;3189.34;2049.34;1524.01;1524.01;700.00;3678.68;550.00;540.00;3184.01;0.00;620.00;0.00;854.67;320.00;0.00;0.00;0.00
1759110667.1291087;0.00;0.00;0.00;0.00;0.00;0.00;0.00;144.67;0.00;0.00;144.67;529.34;240.00;0.00;0.00;0.00;0.00;963.35;0.00;578.68;0.00;0.00;674.01;700.00;400.00;1203.35;2366.04;2566.04;3111.37;2839.34;2109.34;1509.34;1214.01;1214.01;700.00;3678.68;320.00;540.00;2208.68;0.00;620.00;0.00;544.67;320.00;0.00;0.00;0.00
1759110667.1294153;0.00;0.00;0.00;0.00;0.00;0.00;0.00;144.67;0.00;0.00;144.67;529.34;240.00;0.00;0.00;0.00;0.00;963.35;0.00;578.68;0.00;0.00;674.01;700.00;400.00;1203.35;2366.04;2566.04;3111.37;2839.34;2109.34;1509.34;1214.01;1214.01;700.00;3678.68;320.00;540.00;2208.68;0.00;620.00;0.00;544.67;320.00;0.00;0.00;0.00
1759110667.1627314;0.00;0.00;0.00;0.00;0.00;0.00;0.00;289.34;0.00;0.00;144.67;529.34;240.00;0.00;0.00;0.00;0.00;963.35;0.00;578.68;0.00;0.00;674.01;700.00;400.00;1203.35;2366.04;2566.04;3111.37;3149.34;2339.34;1509.34;1214.01;1214.01;700.00;3678.68;320.00;540.00;2208.68;0.00;620.00;0.00;544.67;320.00;0.00;0.00;0.00
1759110667.1630678;0.00;0.00;0.00;0.00;0.00;0.00;0.00;289.34;0.00;0.00;144.67;529.34;240.00;0.00;0.00;0.00;0.00;963.35;0.00;578.68;0.00;0.00;674.01;700.00;400.00;1203.35;2366.04;2566.04;3111.37;3149.34;2339.34;1509.34;1214.01;1214.01;700.00;3678.68;320.00;540.00;2208.68;0.00;620.00;0.00;544.67;320.00;0.00;0.00;0.00
1759110667.195836;0.00;0.00;0.00;0.00;0.00;0.00;0.00;434.01;0.00;0.00;144.67;529.34;240.00;0.00;0.00;0.00;0.00;963.35;0.00;578.68;0.00;0.00;674.01;700.00;400.00;1203.35;2366.04;2566.04;3431.37;3459.34;2569.34;1509.34;1214.01;1214.01;700.00;3678.68;320.00;540.00;2208.68;0.00;620.00;0.00;864.67;320.00;0.00;0.00;0.00
1759110667.1961327;0.00;0.00;0.00;0.00;0.00;0.00;0.00;434.01;0.00;0.00;144.67;529.34;240.00;0.00;0.00;0.00;0.00;963.35;0.00;578.68;0.00;0.00;674.01;700.00;400.00;1203.35;2366.04;2566.04;3431.37;3459.34;2569.34;1509.34;1214.01;1214.01;700.00;3678.68;320.00;540.00;2208.68;0.00;620.00;0.00;864.67;320.00;0.00;0.00;0.00
1759110667.2245784;0.00;0.00;0.00;0.00;0.00;0.00;0.00;578.68;0.00;0.00;144.67;529.34;240.00;0.00;0.00;0.00;0.00;963.35;0.00;578.68;0.00;0.00;674.01;700.00;400.00;1203.35;2366.04;2566.04;3751.37;3684.01;3109.34;1819.34;1214.01;1214.01;700.00;3678.68;630.00;540.00;2208.68;0.00;620.00;0.00;1184.67;320.00;0.00;0.00;0.00
1759110667.2248409;0.00;0.00;0.00;0.00;0.00;0.00;0.00;578.68;0.00;0.00;144.67;529.34;240.00;0.00;0.00;0.00;0.00;963.35;0.00;578.68;0.00;0.00;674.01;700.00;400.00;1203.35;2366.04;2566.04;3751.37;3684.01;3109.34;1819.34;1214.01;1214.01;700.00;3678.68;630.00;540.00;2208.68;0.00;620.00;0.00;1184.67;320.00;0.00;0.00;0.00
1759110678.640677;0.00;0.00;0.00;0.00;0.00;0.00;0.00;578.68;0.00;0.00;0.00;529.34;240.00;0.00;0.00;0.00;0.00;1108.02;0.00;578.68;0.00;0.00;674.01;620.00;320.00;1108.02;2126.04;2326.04;3511.37;3764.01;3179.34;1809.34;1134.01;1134.01;620.00;3678.68;860.00;540.00;2208.68;0.00;620.00;0.00;1184.67;0.00;0.00;0.00;0.00
1759110678.640977;0.00;0.00;0.00;0.00;0.00;0.00;0.00;578.68;0.00;0.00;0.00;529.34;240.00;0.00;0.00;0.00;0.00;1108.02;0.00;578.68;0.00;0.00;674.01;620.00;320.00;1108.02;2126.04;2326.04;3511.37;3764.01;3179.34;1809.34;1134.01;1134.01;620.00;3678.68;860.00;540.00;2208.68;0.00;620.00;0.00;1184.67;0.00;0.00;0.00;0.00
1759110686.141125;0.00;0.00;0.00;144.67;0.00;0.00;0.00;578.68;0.00;0.00;0.00;529.34;240.00;0.00;0.00;0.00;0.00;1108.02;0.00;578.68;0.00;0.00;674.01;620.00;320.00;1108.02;2126.04;2326.04;3511.37;3764.01;3479.34;2039.34;1444.01;1444.01;930.00;3678.68;860.00;540.00;2208.68;0.00;620.00;0.00;1184.67;0.00;0.00;0.00;310.00
1759110686.1414118;0.00;0.00;0.00;144.67;0.00;0.00;0.00;578.68;0.00;0.00;0.00;529.34;240.00;0.00;0.00;0.00;0.00;1108.02;0.00;578.68;0.00;0.00;674.01;620.00;320.00;1108.02;2126.04;2326.04;3511.37;3764.01;3479.34;2039.34;1444.01;1444.01;930.00;3678.68;860.00;540.00;2208.68;0.00;620.00;0.00;1184.67;0.00;0.00;0.00;310.00
1759110686.1717277;0.00;0.00;0.00;384.67;0.00;0.00;0.00;578.68;0.00;0.00;0.00;529.34;240.00;0.00;0.00;0.00;0.00;1108.02;0.00;578.68;0.00;0.00;674.01;620.00;320.00;1108.02;2126.04;2326.04;3511.37;3764.01;3779.34;2279.34;1444.01;1444.01;930.00;3678.68;860.00;850.00;2208.68;0.00;620.00;0.00;1184.67;0.00;0.00;0.00;310.00
1759110686.172016;0.00;0.00;0.00;384.67;0.00;0.00;0.00;578.68;0.00;0.00;0.00;529.34;240.00;0.00;0.00;0.00;0.00;1108.02;0.00;578.68;0.00;0.00;674.01;620.00;320.00;1108.02;2126.04;2326.04;3511.37;3764.01;3779.34;2279.34;1444.01;1444.01;930.00;3678.68;860.00;850.00;2208.68;0.00;620.00;0.00;1184.67;0.00;0.00;0.00;310.00
1759110686.2047043;0.00;0.00;0.00;624.67;0.00;0.00;0.00;578.68;0.00;0.00;0.00;529.34;240.00;0.00;0.00;0.00;0.00;1108.02;0.00;578.68;0.00;0.00;674.01;620.00;320.00;1108.02;2126.04;2326.04;3511.37;3764.01;4079.34;2509.34;1754.01;1754.01;1240.00;3678.68;860.00;850.00;2208.68;0.00;620.00;0.00;1184.67;0.00;0.00;0.00;310.00
1759110686.2049713;0.00;0.00;0.00;624.67;0.00;0.00;0.00;578.68;0.00;0.00;0.00;529.34;240.00;0.00;0.00;0.00;0.00;1108.02;0.00;578.68;0.00;0.00;674.01;620.00;320.00;1108.02;2126.04;2326.04;3511.37;3764.01;4079.34;2509.34;1754.01;1754.01;1240.00;3678.68;860.00;850.00;2208.68;0.00;620.00;0.00;1184.67;0.00;0.00;0.00;310.00
1759110686.2336984;0.00;0.00;0.00;864.67;0.00;0.00;0.00;578.68;0.00;0.00;0.00;529.34;240.00;0.00;0.00;0.00;0.00;1108.02;0.00;578.68;0.00;0.00;674.01;620.00;320.00;1108.02;2126.04;2326.04;3511.37;3764.01;4379.34;2749.34;1754.01;1754.01;1240.00;3678.68;860.00;1160.00;2208.68;0.00;620.00;0.00;1184.67;0.00;0.00;0.00;310.00
1759110686.2339747;0.00;0.00;0.00;864.67;0.00;0.00;0.00;578.68;0.00;0.00;0.00;529.34;240.00;0.00;0.00;0.00;0.00;1108.02;0.00;578.68;0.00;0.00;674.01;620.00;320.00;1108.02;2126.04;2326.04;3511.37;3764.01;4379.34;2749.34;1754.01;1754.01;1240.00;3678.68;860.00;1160.00;2208.68;0.00;620.00;0.00;1184.67;0.00;0.00;0.00;310.00
1759110688.6489663;0.00;0.00;0.00;864.67;0.00;0.00;0.00;578.68;0.00;0.00;0.00;529.34;0.00;0.00;0.00;0.00;240.00;963.35;0.00;578.68;0.00;0.00;674.01;540.00;240.00;883.35;1831.37;1961.37;3386.70;3994.01;4459.34;2599.34;1674.01;1674.01;1160.00;3304.01;860.00;1160.00;2058.68;0.00;310.00;0.00;1184.67;0.00;0.00;0.00;310.00
1759110688.649247;0.00;0.00;0.00;864.67;0.00;0.00;0.00;578.68;0.00;0.00;0.00;529.34;0.00;0.00;0.00;0.00;240.00;963.35;0.00;578.68;0.00;0.00;674.01;540.00;240.00;883.35;1831.37;1961.37;3386.70;3994.01;4459.34;2599.34;1674.01;1674.01;1160.00;3304.01;860.00;1160.00;2058.68;0.00;310.00;0.00;1184.67;0.00;0.00;0.00;310.00
1759110688.6774127;0.00;0.00;0.00;864.67;0.00;0.00;0.00;578.68;0.00;0.00;0.00;769.34;0.00;0.00;0.00;0.00;240.00;963.35;0.00;578.68;0.00;0.00;674.01;540.00;240.00;883.35;2141.37;2271.37;3696.70;3994.01;4459.34;2599.34;1674.01;1674.01;1160.00;3604.01;860.00;1160.00;2058.68;0.00;310.00;0.00;1184.67;0.00;0.00;0.00;310.00
1759110688.6776993;0.00;0.00;0.00;864.67;0.00;0.00;0.00;578.68;0.00;0.00;0.00;769.34;0.00;0.00;0.00;0.00;240.00;963.35;0.00;578.68;0.00;0.00;674.01;540.00;240.00;883.35;2141.37;2271.37;3696.70;3994.01;4459.34;2599.34;1674.01;1674.01;1160.00;3604.01;860.00;1160.00;2058.68;0.00;310.00;0.00;1184.67;0.00;0.00;0.00;310.00
1759110708.6555812;0.00;0.00;0.00;864.67;0.00;0.00;0.00;578.68;0.00;0.00;0.00;769.34;0.00;0.00;0.00;0.00;384.67;384.67;0.00;578.68;0.00;0.00;674.01;460.00;160.00;384.67;1642.69;1702.69;3202.69;3609.34;3689.34;2449.34;1594.01;1594.01;1080.00;3604.01;630.00;850.00;1748.68;0.00;310.00;0.00;1184.67;0.00;0.00;0.00;310.00
1759110708.6558657;0.00;0.00;0.00;864.67;0.00;0.00;0.00;578.68;0.00;0.00;0.00;769.34;0.00;0.00;0.00;0.00;384.67;384.67;0.00;578.68;0.00;0.00;674.01;460.00;160.00;384.67;1642.69;1702.69;3202.69;3609.34;3689.34;2449.34;1594.01;1594.01;1080.00;3604.01;630.00;850.00;1748.68;0.00;310.00;0.00;1184.67;0.00;0.00;0.00;310.00
1759110711.1505995;0.00;0.00;0.00;864.67;0.00;0.00;0.00;578.68;0.00;0.00;0.00;769.34;0.00;0.00;0.00;0.00;384.67;384.67;0.00;578.68;0.00;144.67;674.01;460.00;160.00;384.67;1642.69;1702.69;3202.69;3609.34;3904.01;2664.01;1738.68;1738.68;1080.00;3604.01;630.00;850.00;1973.35;0.00;310.00;0.00;1184.67;0.00;0.00;0.00;310.00
1759110711.1508913;0.00;0.00;0.00;864.67;0.00;0.00;0.00;578.68;0.00;0.00;0.00;769.34;0.00;0.00;0.00;0.00;384.67;384.67;0.00;578.68;0.00;144.67;674.01;460.00;160.00;384.67;1642.69;1702.69;3202.69;3609.34;3904.01;2664.01;1738.68;1738.68;1080.00;3604.01;630.00;850.00;1973.35;0.00;310.00;0.00;1184.67;0.00;0.00;0.00;310.00
1759110711.1830513;0.00;0.00;0.00;864.67;0.00;0.00;0.00;578.68;0.00;0.00;0.00;769.34;0.00;0.00;0.00;0.00;384.67;384.67;0.00;578.68;0.00;289.34;674.01;540.00;240.00;464.67;1792.69;1852.69;3352.69;3759.34;3968.68;2728.68;1803.35;1803.35;1160.00;3604.01;630.00;850.00;2198.02;0.00;310.00;0.00;1184.67;0.00;0.00;0.00;310.00
1759110711.183324;0.00;0.00;0.00;864.67;0.00;0.00;0.00;578.68;0.00;0.00;0.00;769.34;0.00;0.00;0.00;0.00;384.67;384.67;0.00;578.68;0.00;289.34;674.01;540.00;240.00;464.67;1792.69;1852.69;3352.69;3759.34;3968.68;2728.68;1803.35;1803.35;1160.00;3604.01;630.00;850.00;2198.02;0.00;310.00;0.00;1184.67;0.00;0.00;0.00;310.00
1759110711.2133698;0.00;0.00;0.00;864.67;0.00;0.00;0.00;578.68;0.00;0.00;0.00;769.34;0.00;0.00;0.00;0.00;384.67;384.67;0.00;578.68;0.00;529.34;674.01;620.00;320.00;544.67;1872.69;2002.69;3502.69;3909.34;4118.68;2878.68;1963.35;1963.35;1240.00;3604.01;940.00;850.00;2198.02;0.00;310.00;0.00;1184.67;0.00;0.00;0.00;310.00
1759110711.213644;0.00;0.00;0.00;864.67;0.00;0.00;0.00;578.68;0.00;0.00;0.00;769.34;0.00;0.00;0.00;0.00;384.67;384.67;0.00;578.68;0.00;529.34;674.01;620.00;320.00;544.67;1872.69;2002.69;3502.69;3909.34;4118.68;2878.68;1963.35;1963.35;1240.00;3604.01;940.00;850.00;2198.02;0.00;310.00;0.00;1184.67;0.00;0.00;0.00;310.00
1759110711.2456195;0.00;0.00;0.00;864.67;0.00;0.00;0.00;578.68;0.00;0.00;0.00;769.34;0.00;0.00;0.00;0.00;384.67;384.67;0.00;578.68;0.00;769.34;674.01;620.00;320.00;544.67;1872.69;2002.69;3502.69;3909.34;4418.68;3188.68;2203.35;2203.35;1240.00;3604.01;1170.00;850.00;2198.02;0.00;310.00;0.00;1184.67;0.00;0.00;0.00;310.00
1759110711.2459123;0.00;0.00;0.00;864.67;0.00;0.00;0.00;578.68;0.00;0.00;0.00;769.34;0.00;0.00;0.00;0.00;384.67;384.67;0.00;578.68;0.00;769.34;674.01;620.00;320.00;544.67;1872.69;2002.69;3502.69;3909.34;4418.68;3188.68;2203.35;2203.35;1240.00;3604.01;1170.00;850.00;2198.02;0.00;310.00;0.00;1184.67;0.00;0.00;0.00;310.00
1759110723.1644728;0.00;0.00;0.00;864.67;0.00;0.00;0.00;578.68;0.00;0.00;0.00;0.00;0.00;0.00;0.00;0.00;384.67;384.67;144.67;578.68;0.00;769.34;674.01;550.00;320.00;544.67;1263.35;1393.35;2738.02;3899.34;4333.35;3103.35;2118.02;2133.35;1170.00;2779.34;1170.00;850.00;2112.69;0.00;310.00;0.00;960.00;0.00;0.00;0.00;310.00
1759110723.1647553;0.00;0.00;0.00;864.67;0.00;0.00;0.00;578.68;0.00;0.00;0.00;0.00;0.00;0.00;0.00;0.00;384.67;384.67;144.67;578.68;0.00;769.34;674.01;550.00;320.00;544.67;1263.35;1393.35;2738.02;3899.34;4333.35;3103.35;2118.02;2133.35;1170.00;2779.34;1170.00;850.00;2112.69;0.00;310.00;0.00;960.00;0.00;0.00;0.00;310.00
1759110723.1973999;0.00;0.00;0.00;864.67;0.00;0.00;0.00;578.68;0.00;0.00;0.00;0.00;0.00;0.00;0.00;0.00;384.67;384.67;289.34;578.68;0.00;769.34;674.01;550.00;320.00;544.67;1263.35;1393.35;2738.02;4139.34;4478.02;3248.02;2262.69;2133.35;1170.00;3399.34;1170.00;850.00;2112.69;0.00;310.00;0.00;960.00;0.00;0.00;0.00;310.00
1759110723.1976697;0.00;0.00;0.00;864.67;0.00;0.00;0.00;578.68;0.00;0.00;0.00;0.00;0.00;0.00;0.00;0.00;384.67;384.67;289.34;578.68;0.00;769.34;674.01;550.00;320.00;544.67;1263.35;1393.35;2738.02;4139.34;4478.02;3248.02;2262.69;2133.35;1170.00;3399.34;1170.00;850.00;2112.69;0.00;310.00;0.00;960.00;0.00;0.00;0.00;310.00
1759110723.2356062;0.00;0.00;0.00;864.67;0.00;0.00;0.00;578.68;0.00;0.00;0.00;0.00;0.00;0.00;0.00;0.00;384.67;384.67;529.34;578.68;0.00;769.34;674.01;790.00;630.00;854.67;1573.35;1693.35;3038.02;4139.34;4478.02;3248.02;2262.69;2373.35;1410.00;3699.34;1170.00;850.00;2112.69;0.00;620.00;0.00;960.00;0.00;0.00;0.00;310.00
1759110723.2358925;0.00;0.00;0.00;864.67;0.00;0.00;0.00;578.68;0.00;0.00;0.00;0.00;0.00;0.00;0.00;0.00;384.67;384.67;529.34;578.68;0.00;769.34;674.01;790.00;630.00;854.67;1573.35;1693.35;3038.02;4139.34;4478.02;3248.02;2262.69;2373.35;1410.00;3699.34;1170.00;850.00;2112.69;0.00;620.00;0.00;960.00;0.00;0.00;0.00;310.00
1759110723.2729006;0.00;0.00;0.00;864.67;0.00;0.00;0.00;578.68;0.00;0.00;0.00;0.00;0.00;0.00;0.00;0.00;384.67;384.67;769.34;578.68;0.00;769.34;674.01;790.00;630.00;854.67;1573.35;1693.35;3268.02;4369.34;4708.02;3478.02;2502.69;2373.35;1410.00;3999.34;1170.00;850.00;2112.69;0.00;620.00;0.00;960.00;0.00;0.00;0.00;310.00
1759110723.2733529;0.00;0.00;0.00;864.67;0.00;0.00;0.00;578.68;0.00;0.00;0.00;0.00;0.00;0.00;0.00;0.00;384.67;384.67;769.34;578.68;0.00;769.34;674.01;790.00;630.00;854.67;1573.35;1693.35;3268.02;4369.34;4708.02;3478.02;2502.69;2373.35;1410.00;3999.34;1170.00;850.00;2112.69;0.00;620.00;0.00;960.00;0.00;0.00;0.00;310.00
1759110723.6637166;0.00;0.00;0.00;864.67;0.00;0.00;0.00;578.68;0.00;0.00;0.00;0.00;0.00;0.00;0.00;144.67;384.67;0.00;769.34;434.01;0.00;769.34;674.01;710.00;550.00;550.00;1124.01;1254.01;2973.35;3679.34;4558.02;3328.02;2422.69;2293.35;1330.00;3614.01;1170.00;850.00;1802.69;0.00;310.00;0.00;960.00;0.00;0.00;0.00;310.00
1759110723.664002;0.00;0.00;0.00;864.67;0.00;0.00;0.00;578.68;0.00;0.00;0.00;0.00;0.00;0.00;0.00;144.67;384.67;0.00;769.34;434.01;0.00;769.34;674.01;710.00;550.00;550.00;1124.01;1254.01;2973.35;3679.34;4558.02;3328.02;2422.69;2293.35;1330.00;3614.01;1170.00;850.00;1802.69;0.00;310.00;0.00;960.00;0.00;0.00;0.00;310.00
1759110723.6932206;0.00;0.00;0.00;864.67;0.00;0.00;0.00;578.68;0.00;0.00;0.00;0.00;0.00;0.00;0.00;289.34;384.67;0.00;769.34;434.01;0.00;769.34;674.01;710.00;550.00;550.00;1124.01;1254.01;3118.02;3909.34;4558.02;3328.02;2422.69;2293.35;1330.00;4138.68;1170.00;850.00;1802.69;0.00;310.00;0.00;960.00;0.00;0.00;0.00;310.00
1759110723.6937006;0.00;0.00;0.00;864.67;0.00;0.00;0.00;578.68;0.00;0.00;0.00;0.00;0.00;0.00;0.00;289.34;384.67;0.00;769.34;434.01;0.00;769.34;674.01;710.00;550.00;550.00;1124.01;1254.01;3118.02;3909.34;4558.02;3328.02;2422.69;2293.35;1330.00;4138.68;1170.00;850.00;1802.69;0.00;310.00;0.00;960.00;0.00;0.00;0.00;310.00
1759110723.7250893;0.00;0.00;0.00;864.67;0.00;0.00;0.00;578.68;0.00;0.00;0.00;0.00;240.00;0.00;0.00;289.34;384.67;0.00;769.34;434.01;0.00;769.34;674.01;710.00;550.00;550.00;1124.01;1494.01;3428.02;4219.34;4558.02;3328.02;2422.69;2293.35;1330.00;4438.68;1170.00;850.00;2112.69;0.00;310.00;0.00;960.00;0.00;0.00;0.00;310.00
1759110723.7253551;0.00;0.00;0.00;864.67;0.00;0.00;0.00;578.68;0.00;0.00;0.00;0.00;240.00;0.00;0.00;289.34;384.67;0.00;769.34;434.01;0.00;769.34;674.01;710.00;550.00;550.00;1124.01;1494.01;3428.02;4219.34;4558.02;3328.02;2422.69;2293.35;1330.00;4438.68;1170.00;850.00;2112.69;0.00;310.00;0.00;960.00;0.00;0.00;0.00;310.00
1759110747.171441;0.00;144.67;0.00;864.67;0.00;0.00;0.00;578.68;0.00;0.00;0.00;0.00;0.00;0.00;0.00;289.34;384.67;0.00;769.34;0.00;0.00;769.34;674.01;710.00;550.00;550.00;690.00;750.00;2614.01;3614.67;4702.69;3328.02;2422.69;2293.35;1330.00;3694.01;1170.00;850.00;1792.69;0.00;310.00;0.00;960.00;0.00;0.00;0.00;310.00
1759110747.1717317;0.00;144.67;0.00;864.67;0.00;0.00;0.00;578.68;0.00;0.00;0.00;0.00;0.00;0.00;0.00;289.34;384.67;0.00;769.34;0.00;0.00;769.34;674.01;710.00;550.00;550.00;690.00;750.00;2614.01;3614.67;4702.69;3328.02;2422.69;2293.35;1330.00;3694.01;1170.00;850.00;1792.69;0.00;310.00;0.00;960.00;0.00;0.00;0.00;310.00
1759110747.2037055;0.00;289.34;0.00;864.67;0.00;0.00;0.00;578.68;0.00;0.00;0.00;0.00;0.00;0.00;0.00;289.34;384.67;0.00;769.34;0.00;0.00;769.34;674.01;710.00;550.00;550.00;690.00;750.00;2614.01;3924.67;4917.36;3558.02;2422.69;2293.35;1330.00;4004.01;1170.00;850.00;1792.69;0.00;310.00;0.00;960.00;0.00;0.00;0.00;310.00
1759110747.2039893;0.00;289.34;0.00;864.67;0.00;0.00;0.00;578.68;0.00;0.00;0.00;0.00;0.00;0.00;0.00;289.34;384.67;0.00;769.34;0.00;0.00;769.34;674.01;710.00;550.00;550.00;690.00;750.00;2614.01;3924.67;4917.36;3558.02;2422.69;2293.35;1330.00;4004.01;1170.00;850.00;1792.69;0.00;310.00;0.00;960.00;0.00;0.00;0.00;310.00
1759110747.2327328;0.00;434.01;0.00;864.67;0.00;0.00;0.00;578.68;0.00;0.00;0.00;0.00;0.00;0.00;0.00;289.34;384.67;0.00;769.34;0.00;0.00;769.34;674.01;774.67;614.67;614.67;754.67;814.67;2678.68;4314.67;4997.36;3622.69;2487.36;2358.02;1394.67;4458.68;1170.00;850.00;1792.69;0.00;310.00;0.00;960.00;0.00;0.00;0.00;310.00
1759110747.2330155;0.00;434.01;0.00;864.67;0.00;0.00;0.00;578.68;0.00;0.00;0.00;0.00;0.00;0.00;0.00;289.34;384.67;0.00;769.34;0.00;0.00;769.34;674.01;774.67;614.67;614.67;754.67;814.67;2678.68;4314.67;4997.36;3622.69;2487.36;2358.02;1394.67;4458.68;1170.00;850.00;1792.69;0.00;310.00;0.00;960.00;0.00;0.00;0.00;310.00
1759110747.2649271;0.00;674.01;0.00;864.67;0.00;0.00;0.00;578.68;0.00;0.00;0.00;0.00;0.00;0.00;0.00;289.34;384.67;0.00;769.34;0.00;0.00;769.34;674.01;1014.67;854.67;854.67;994.67;1054.67;2988.68;4624.67;4997.36;3862.69;2727.36;2598.02;1634.67;4758.68;1170.00;850.00;1792.69;0.00;310.00;0.00;960.00;0.00;0.00;0.00;310.00
1759110747.2651973;0.00;674.01;0.00;864.67;0.00;0.00;0.00;578.68;0.00;0.00;0.00;0.00;0.00;0.00;0.00;289.34;384.67;0.00;769.34;0.00;0.00;769.34;674.01;1014.67;854.67;854.67;994.67;1054.67;2988.68;4624.67;4997.36;3862.69;2727.36;2598.02;1634.67;4758.68;1170.00;850.00;1792.69;0.00;310.00;0.00;960.00;0.00;0.00;0.00;310.00
1759110748.6771517;0.00;674.01;0.00;240.00;0.00;0.00;144.67;578.68;0.00;0.00;0.00;0.00;0.00;0.00;0.00;289.34;384.67;0.00;769.34;0.00;0.00;769.34;674.01;1174.67;1014.67;1004.67;1144.67;1434.67;3368.68;4854.67;4402.03;3312.69;2577.36;2448.02;1484.67;4908.68;1170.00;230.00;1792.69;0.00;310.00;0.00;960.00;0.00;0.00;0.00;0.00
1759110748.67743;0.00;674.01;0.00;240.00;0.00;0.00;144.67;578.68;0.00;0.00;0.00;0.00;0.00;0.00;0.00;289.34;384.67;0.00;769.34;0.00;0.00;769.34;674.01;1174.67;1014.67;1004.67;1144.67;1434.67;3368.68;4854.67;4402.03;3312.69;2577.36;2448.02;1484.67;4908.68;1170.00;230.00;1792.69;0.00;310.00;0.00;960.00;0.00;0.00;0.00;0.00
1759110748.7041976;0.00;674.01;0.00;240.00;0.00;0.00;144.67;578.68;0.00;0.00;0.00;0.00;0.00;0.00;0.00;289.34;384.67;0.00;769.34;0.00;0.00;769.34;674.01;1174.67;1014.67;1004.67;1144.67;1434.67;3368.68;4854.67;4402.03;3312.69;2577.36;2448.02;1484.67;4908.68;1170.00;230.00;1792.69;0.00;310.00;0.00;960.00;0.00;0.00;0.00;0.00
1759110748.7044594;0.00;674.01;0.00;240.00;0.00;0.00;144.67;578.68;0.00;0.00;0.00;0.00;0.00;0.00;0.00;289.34;384.67;0.00;769.34;0.00;0.00;769.34;674.01;1174.67;1014.67;1004.67;1144.67;1434.67;3368.68;4854.67;4402.03;3312.69;2577.36;2448.02;1484.67;4908.68;1170.00;230.00;1792.69;0.00;310.00;0.00;960.00;0.00;0.00;0.00;0.00
1759110748.734088;0.00;674.01;0.00;240.00;0.00;0.00;144.67;578.68;0.00;0.00;0.00;0.00;0.00;0.00;0.00;289.34;384.67;0.00;769.34;0.00;0.00;769.34;674.01;1174.67;1014.67;1004.67;1144.67;1434.67;3368.68;4854.67;4402.03;3312.69;2577.36;2448.02;1484.67;4908.68;1170.00;230.00;1792.69;0.00;310.00;0.00;960.00;0.00;0.00;0.00;0.00
1759110748.73435;0.00;674.01;0.00;240.00;0.00;0.00;144.67;578.68;0.00;0.00;0.00;0.00;0.00;0.00;0.00;289.34;384.67;0.00;769.34;0.00;0.00;769.34;674.01;1174.67;1014.67;1004.67;1144.67;1434.67;3368.68;4854.67;4402.03;3312.69;2577.36;2448.02;1484.67;4908.68;1170.00;230.00;1792.69;0.00;310.00;0.00;960.00;0.00;0.00;0.00;0.00
1759110753.6844141;0.00;674.01;0.00;0.00;0.00;0.00;384.67;578.68;0.00;0.00;0.00;0.00;0.00;0.00;0.00;289.34;384.67;0.00;769.34;0.00;0.00;769.34;674.01;1334.67;1174.67;1164.67;1294.67;1584.67;3518.68;4854.67;4252.03;3242.69;2427.36;2298.02;1334.67;5058.68;1170.00;230.00;1792.69;310.00;310.00;0.00;960.00;0.00;0.00;0.00;0.00
1759110753.6846974;0.00;674.01;0.00;0.00;0.00;0.00;384.67;578.68;0.00;0.00;0.00;0.00;0.00;0.00;0.00;289.34;384.67;0.00;769.34;0.00;0.00;769.34;674.01;1334.67;1174.67;1164.67;1294.67;1584.67;3518.68;4854.67;4252.03;3242.69;2427.36;2298.02;1334.67;5058.68;1170.00;230.00;1792.69;310.00;310.00;0.00;960.00;0.00;0.00;0.00;0.00
1759110772.1817021;0.00;674.01;0.00;0.00;0.00;0.00;384.67;578.68;0.00;0.00;0.00;0.00;0.00;144.67;0.00;0.00;0.00;0.00;769.34;0.00;0.00;769.34;0.00;1104.67;1319.34;1309.34;1439.34;1729.34;2669.34;3234.67;3062.69;2343.35;1683.35;1554.01;1104.67;3399.34;850.00;0.00;1113.35;310.00;310.00;0.00;640.00;0.00;0.00;0.00;0.00
1759110772.1820107;0.00;674.01;0.00;0.00;0.00;0.00;384.67;578.68;0.00;0.00;0.00;0.00;0.00;144.67;0.00;0.00;0.00;0.00;769.34;0.00;0.00;769.34;0.00;1104.67;1319.34;1309.34;1439.34;1729.34;2669.34;3234.67;3062.69;2343.35;1683.35;1554.01;1104.67;3399.34;850.00;0.00;1113.35;310.00;310.00;0.00;640.00;0.00;0.00;0.00;0.00
1759110772.2167604;0.00;674.01;0.00;0.00;0.00;0.00;384.67;578.68;0.00;0.00;0.00;0.00;0.00;289.34;0.00;0.00;0.00;0.00;769.34;0.00;0.00;769.34;0.00;1184.67;1384.01;1374.01;1504.01;1794.01;2734.01;3694.67;3212.69;2493.35;1763.35;1634.01;1184.67;3699.34;850.00;0.00;1423.35;310.00;310.00;0.00;640.00;0.00;0.00;0.00;0.00
1759110772.2171261;0.00;674.01;0.00;0.00;0.00;0.00;384.67;578.68;0.00;0.00;0.00;0.00;0.00;289.34;0.00;0.00;0.00;0.00;769.34;0.00;0.00;769.34;0.00;1184.67;1384.01;1374.01;1504.01;1794.01;2734.01;3694.67;3212.69;2493.35;1763.35;1634.01;1184.67;3699.34;850.00;0.00;1423.35;310.00;310.00;0.00;640.00;0.00;0.00;0.00;0.00
1759110772.2531302;0.00;674.01;0.00;0.00;0.00;0.00;384.67;578.68;0.00;0.00;0.00;0.00;0.00;434.01;0.00;0.00;0.00;0.00;769.34;0.00;0.00;769.34;0.00;1329.34;1384.01;1374.01;1504.01;1794.01;2734.01;4004.67;3357.36;2638.02;1908.02;1778.68;1329.34;3999.34;850.00;0.00;1648.02;310.00;310.00;0.00;640.00;0.00;0.00;0.00;0.00
1759110772.2534087;0.00;674.01;0.00;0.00;0.00;0.00;384.67;578.68;0.00;0.00;0.00;0.00;0.00;434.01;0.00;0.00;0.00;0.00;769.34;0.00;0.00;769.34;0.00;1329.34;1384.01;1374.01;1504.01;1794.01;2734.01;4004.67;3357.36;2638.02;1908.02;1778.68;1329.34;3999.34;850.00;0.00;1648.02;310.00;310.00;0.00;640.00;0.00;0.00;0.00;0.00
1759110772.374159;0.00;674.01;0.00;0.00;0.00;0.00;384.67;578.68;0.00;0.00;0.00;0.00;0.00;578.68;0.00;0.00;0.00;0.00;769.34;0.00;0.00;769.34;0.00;1409.34;1448.68;1438.68;1568.68;1858.68;2798.68;4154.67;3437.36;2718.02;1988.02;1858.68;1409.34;4299.34;850.00;0.00;1648.02;310.00;310.00;0.00;640.00;0.00;0.00;0.00;0.00
1759110772.374461;0.00;674.01;0.00;0.00;0.00;0.00;384.67;578.68;0.00;0.00;0.00;0.00;0.00;578.68;0.00;0.00;0.00;0.00;769.34;0.00;0.00;769.34;0.00;1409.34;1448.68;1438.68;1568.68;1858.68;2798.68;4154.67;3437.36;2718.02;1988.02;1858.68;1409.34;4299.34;850.00;0.00;1648.02;310.00;310.00;0.00;640.00;0.00;0.00;0.00;0.00
1759110796.183524;0.00;674.01;0.00;0.00;0.00;0.00;0.00;0.00;0.00;0.00;0.00;0.00;0.00;578.68;0.00;0.00;0.00;144.67;769.34;0.00;0.00;769.34;0.00;1089.34;1128.68;1273.35;1413.35;1473.35;1773.35;3224.67;1982.69;2088.02;1668.02;1538.68;1089.34;3999.34;540.00;0.00;1723.35;0.00;310.00;0.00;0.00;0.00;0.00;0.00;0.00
1759110796.1838112;0.00;674.01;0.00;0.00;0.00;0.00;0.00;0.00;0.00;0.00;0.00;0.00;0.00;578.68;0.00;0.00;0.00;144.67;769.34;0.00;0.00;769.34;0.00;1089.34;1128.68;1273.35;1413.35;1473.35;1773.35;3224.67;1982.69;2088.02;1668.02;1538.68;1089.34;3999.34;540.00;0.00;1723.35;0.00;310.00;0.00;0.00;0.00;0.00;0.00;0.00
1759110796.216687;0.00;674.01;0.00;0.00;0.00;0.00;0.00;0.00;0.00;0.00;0.00;0.00;0.00;578.68;0.00;0.00;0.00;289.34;769.34;0.00;0.00;769.34;0.00;1089.34;1128.68;1418.02;1558.02;1618.02;1918.02;3679.34;1982.69;2088.02;1668.02;1538.68;1089.34;3999.34;540.00;0.00;2248.02;0.00;310.00;0.00;0.00;0.00;0.00;0.00;0.00
1759110796.217185;0.00;674.01;0.00;0.00;0.00;0.00;0.00;0.00;0.00;0.00;0.00;0.00;0.00;578.68;0.00;0.00;0.00;289.34;769.34;0.00;0.00;769.34;0.00;1089.34;1128.68;1418.02;1558.02;1618.02;1918.02;3679.34;1982.69;2088.02;1668.02;1538.68;1089.34;3999.34;540.00;0.00;2248.02;0.00;310.00;0.00;0.00;0.00;0.00;0.00;0.00
1759110796.2531528;0.00;674.01;0.00;0.00;0.00;0.00;0.00;0.00;0.00;0.00;0.00;0.00;0.00;578.68;0.00;0.00;0.00;434.01;769.34;0.00;0.00;769.34;0.00;1089.34;1128.68;1562.69;1702.69;1762.69;2062.69;3909.34;1982.69;2088.02;1668.02;1538.68;1089.34;3999.34;540.00;0.00;2548.02;0.00;310.00;0.00;0.00;0.00;0.00;0.00;0.00
1759110796.2534342;0.00;674.01;0.00;0.00;0.00;0.00;0.00;0.00;0.00;0.00;0.00;0.00;0.00;578.68;0.00;0.00;0.00;434.01;769.34;0.00;0.00;769.34;0.00;1089.34;1128.68;1562.69;1702.69;1762.69;2062.69;3909.34;1982.69;2088.02;1668.02;1538.68;1089.34;3999.34;540.00;0.00;2548.02;0.00;310.00;0.00;0.00;0.00;0.00;0.00;0.00
1759110796.2822094;0.00;674.01;0.00;0.00;0.00;0.00;0.00;0.00;0.00;0.00;0.00;0.00;0.00;578.68;0.00;0.00;0.00;578.68;769.34;0.00;0.00;769.34;0.00;1089.34;1128.68;1707.36;1847.36;1907.36;2207.36;4139.34;1982.69;2088.02;1668.02;1538.68;1089.34;3999.34;540.00;0.00;2848.02;0.00;310.00;0.00;0.00;0.00;0.00;0.00;0.00
1759110796.2824667;0.00;674.01;0.00;0.00;0.00;0.00;0.00;0.00;0.00;0.00;0.00;0.00;0.00;578.68;0.00;0.00;0.00;578.68;769.34;0.00;0.00;769.34;0.00;1089.34;1128.68;1707.36;1847.36;1907.36;2207.36;4139.34;1982.69;2088.02;1668.02;1538.68;1089.34;3999.34;540.00;0.00;2848.02;0.00;310.00;0.00;0.00;0.00;0.00;0.00;0.00
1759110803.6990602;0.00;674.01;0.00;0.00;0.00;0.00;0.00;0.00;0.00;0.00;0.00;0.00;0.00;434.01;0.00;144.67;0.00;578.68;769.34;0.00;0.00;769.34;0.00;1009.34;1064.01;1642.69;1782.69;1842.69;2287.36;4229.34;1832.69;1938.02;1588.02;1458.68;1009.34;3999.34;540.00;0.00;2768.02;0.00;310.00;0.00;0.00;0.00;0.00;0.00;0.00
1759110803.6993525;0.00;674.01;0.00;0.00;0.00;0.00;0.00;0.00;0.00;0.00;0.00;0.00;0.00;434.01;0.00;144.67;0.00;578.68;769.34;0.00;0.00;769.34;0.00;1009.34;1064.01;1642.69;1782.69;1842.69;2287.36;4229.34;1832.69;1938.02;1588.02;1458.68;1009.34;3999.34;540.00;0.00;2768.02;0.00;310.00;0.00;0.00;0.00;0.00;0.00;0.00
1759110816.2001846;0.00;674.01;0.00;0.00;0.00;0.00;144.67;0.00;0.00;0.00;0.00;0.00;0.00;434.01;0.00;144.67;0.00;578.68;769.34;0.00;0.00;769.34;0.00;1009.34;1064.01;1642.69;1782.69;1842.69;2597.36;4389.34;1977.36;1938.02;1588.02;1458.68;1009.34;4149.34;540.00;0.00;3142.69;0.00;310.00;0.00;310.00;0.00;0.00;0.00;0.00
1759110816.2004757;0.00;674.01;0.00;0.00;0.00;0.00;144.67;0.00;0.00;0.00;0.00;0.00;0.00;434.01;0.00;144.67;0.00;578.68;769.34;0.00;0.00;769.34;0.00;1009.34;1064.01;1642.69;1782.69;1842.69;2597.36;4389.34;1977.36;1938.02;1588.02;1458.68;1009.34;4149.34;540.00;0.00;3142.69;0.00;310.00;0.00;310.00;0.00;0.00;0.00;0.00
1759110816.2308702;0.00;674.01;0.00;0.00;0.00;0.00;289.34;0.00;0.00;0.00;0.00;0.00;0.00;434.01;0.00;144.67;0.00;578.68;769.34;0.00;0.00;769.34;0.00;1009.34;1064.01;1642.69;1782.69;1842.69;2917.36;4614.01;2502.03;2168.02;1588.02;1458.68;1009.34;4149.34;540.00;310.00;3442.69;0.00;310.00;0.00;630.00;0.00;0.00;0.00;0.00
1759110816.2311535;0.00;674.01;0.00;0.00;0.00;0.00;289.34;0.00;0.00;0.00;0.00;0.00;0.00;434.01;0.00;144.67;0.00;578.68;769.34;0.00;0.00;769.34;0.00;1009.34;1064.01;1642.69;1782.69;1842.69;2917.36;4614.01;2502.03;2168.02;1588.02;1458.68;1009.34;4149.34;540.00;310.00;3442.69;0.00;310.00;0.00;630.00;0.00;0.00;0.00;0.00
1759110816.2668443;0.00;674.01;0.00;0.00;0.00;0.00;434.01;0.00;0.00;0.00;0.00;0.00;0.00;434.01;0.00;144.67;0.00;578.68;769.34;0.00;0.00;769.34;0.00;1009.34;1064.01;1962.69;2102.69;2162.69;3237.36;4934.01;3122.03;2168.02;1588.02;1458.68;1009.34;4149.34;540.00;540.00;3742.69;0.00;310.00;0.00;630.00;320.00;0.00;0.00;0.00
1759110816.2671237;0.00;674.01;0.00;0.00;0.00;0.00;434.01;0.00;0.00;0.00;0.00;0.00;0.00;434.01;0.00;144.67;0.00;578.68;769.34;0.00;0.00;769.34;0.00;1009.34;1064.01;1962.69;2102.69;2162.69;3237.36;4934.01;3122.03;2168.02;1588.02;1458.68;1009.34;4149.34;540.00;540.00;3742.69;0.00;310.00;0.00;630.00;320.00;0.00;0.00;0.00
1759110816.301292;0.00;674.01;0.00;0.00;0.00;0.00;578.68;0.00;0.00;0.00;0.00;0.00;0.00;434.01;0.00;144.67;0.00;578.68;769.34;0.00;0.00;769.34;0.00;1009.34;1064.01;2272.69;2412.69;2472.69;3452.03;4998.68;3336.70;2168.02;1588.02;1458.68;1009.34;4299.34;540.00;540.00;3892.69;0.00;310.00;0.00;854.67;320.00;0.00;0.00;0.00
1759110816.3015609;0.00;674.01;0.00;0.00;0.00;0.00;578.68;0.00;0.00;0.00;0.00;0.00;0.00;434.01;0.00;144.67;0.00;578.68;769.34;0.00;0.00;769.34;0.00;1009.34;1064.01;2272.69;2412.69;2472.69;3452.03;4998.68;3336.70;2168.02;1588.02;1458.68;1009.34;4299.34;540.00;540.00;3892.69;0.00;310.00;0.00;854.67;320.00;0.00;0.00;0.00
1759110828.2039685;0.00;674.01;0.00;0.00;0.00;0.00;578.68;0.00;0.00;144.67;0.00;0.00;0.00;434.01;0.00;144.67;0.00;578.68;769.34;0.00;0.00;0.00;0.00;849.34;904.01;2112.69;2182.69;2172.69;3152.03;4698.68;2837.36;1658.68;978.68;849.34;849.34;4299.34;0.00;540.00;3968.02;0.00;310.00;0.00;854.67;320.00;0.00;0.00;0.00
1759110828.2042549;0.00;674.01;0.00;0.00;0.00;0.00;578.68;0.00;0.00;144.67;0.00;0.00;0.00;434.01;0.00;144.67;0.00;578.68;769.34;0.00;0.00;0.00;0.00;849.34;904.01;2112.69;2182.69;2172.69;3152.03;4698.68;2837.36;1658.68;978.68;849.34;849.34;4299.34;0.00;540.00;3968.02;0.00;310.00;0.00;854.67;320.00;0.00;0.00;0.00
1759110828.2431746;0.00;674.01;0.00;0.00;0.00;0.00;578.68;0.00;0.00;289.34;0.00;0.00;0.00;434.01;0.00;144.67;0.00;578.68;769.34;0.00;0.00;0.00;0.00;849.34;904.01;2112.69;2182.69;2172.69;3152.03;4698.68;3067.36;1888.68;978.68;849.34;849.34;4299.34;230.00;540.00;4492.69;0.00;310.00;0.00;854.67;320.00;0.00;0.00;0.00
1759110828.2434778;0.00;674.01;0.00;0.00;0.00;0.00;578.68;0.00;0.00;289.34;0.00;0.00;0.00;434.01;0.00;144.67;0.00;578.68;769.34;0.00;0.00;0.00;0.00;849.34;904.01;2112.69;2182.69;2172.69;3152.03;4698.68;3067.36;1888.68;978.68;849.34;849.34;4299.34;230.00;540.00;4492.69;0.00;310.00;0.00;854.67;320.00;0.00;0.00;0.00
1759110828.274622;0.00;674.01;0.00;0.00;0.00;0.00;578.68;0.00;0.00;434.01;0.00;0.00;0.00;434.01;0.00;144.67;0.00;578.68;769.34;0.00;0.00;0.00;0.00;999.34;1064.01;2272.69;2342.69;2557.36;3216.70;4763.35;3447.36;2038.68;1128.68;999.34;999.34;4299.34;230.00;540.00;4792.69;0.00;534.67;0.00;854.67;320.00;0.00;0.00;0.00
1759110828.2749186;0.00;674.01;0.00;0.00;0.00;0.00;578.68;0.00;0.00;434.01;0.00;0.00;0.00;434.01;0.00;144.67;0.00;578.68;769.34;0.00;0.00;0.00;0.00;999.34;1064.01;2272.69;2342.69;2557.36;3216.70;4763.35;3447.36;2038.68;1128.68;999.34;999.34;4299.34;230.00;540.00;4792.69;0.00;534.67;0.00;854.67;320.00;0.00;0.00;0.00
1759110828.3142369;0.00;674.01;0.00;0.00;0.00;0.00;578.68;0.00;0.00;578.68;0.00;0.00;0.00;434.01;0.00;144.67;0.00;578.68;769.34;0.00;0.00;0.00;0.00;1159.34;1224.01;2432.69;2502.69;2622.03;3281.37;4828.02;3827.36;2188.68;1288.68;1159.34;1159.34;4299.34;230.00;540.00;5092.69;0.00;534.67;0.00;854.67;320.00;0.00;0.00;320.00
1759110828.3145144;0.00;674.01;0.00;0.00;0.00;0.00;578.68;0.00;0.00;578.68;0.00;0.00;0.00;434.01;0.00;144.67;0.00;578.68;769.34;0.00;0.00;0.00;0.00;1159.34;1224.01;2432.69;2502.69;2622.03;3281.37;4828.02;3827.36;2188.68;1288.68;1159.34;1159.34;4299.34;230.00;540.00;5092.69;0.00;534.67;0.00;854.67;320.00;0.00;0.00;320.00
1759110828.7058835;0.00;674.01;0.00;0.00;0.00;144.67;578.68;0.00;0.00;578.68;0.00;0.00;0.00;434.01;0.00;144.67;0.00;578.68;384.67;0.00;0.00;0.00;0.00;919.34;914.01;2122.69;2192.69;2322.03;2981.37;4828.02;3827.36;2044.01;1144.01;919.34;919.34;3999.34;230.00;540.00;5092.69;0.00;224.67;0.00;854.67;320.00;0.00;0.00;320.00
1759110828.7061727;0.00;674.01;0.00;0.00;0.00;144.67;578.68;0.00;0.00;578.68;0.00;0.00;0.00;434.01;0.00;144.67;0.00;578.68;384.67;0.00;0.00;0.00;0.00;919.34;914.01;2122.69;2192.69;2322.03;2981.37;4828.02;3827.36;2044.01;1144.01;919.34;919.34;3999.34;230.00;540.00;5092.69;0.00;224.67;0.00;854.67;320.00;0.00;0.00;320.00
1759110828.7349188;0.00;674.01;0.00;0.00;0.00;384.67;578.68;0.00;0.00;578.68;0.00;0.00;0.00;434.01;0.00;144.67;0.00;578.68;384.67;0.00;0.00;0.00;0.00;919.34;914.01;2122.69;2192.69;2322.03;2981.37;4978.02;4127.36;2044.01;1144.01;919.34;919.34;4149.34;230.00;850.00;5092.69;0.00;224.67;0.00;854.67;320.00;0.00;0.00;320.00
1759110828.735189;0.00;674.01;0.00;0.00;0.00;384.67;578.68;0.00;0.00;578.68;0.00;0.00;0.00;434.01;0.00;144.67;0.00;578.68;384.67;0.00;0.00;0.00;0.00;919.34;914.01;2122.69;2192.69;2322.03;2981.37;4978.02;4127.36;2044.01;1144.01;919.34;919.34;4149.34;230.00;850.00;5092.69;0.00;224.67;0.00;854.67;320.00;0.00;0.00;320.00
1759110833.7127824;0.00;674.01;0.00;0.00;0.00;529.34;578.68;0.00;0.00;578.68;0.00;0.00;0.00;434.01;0.00;144.67;0.00;578.68;0.00;0.00;0.00;0.00;0.00;839.34;834.01;2042.69;2042.69;2172.03;2831.37;4678.02;3977.36;1749.34;839.34;839.34;839.34;3699.34;230.00;850.00;5242.69;0.00;224.67;0.00;854.67;320.00;0.00;0.00;320.00
1759110833.7130785;0.00;674.01;0.00;0.00;0.00;529.34;578.68;0.00;0.00;578.68;0.00;0.00;0.00;434.01;0.00;144.67;0.00;578.68;0.00;0.00;0.00;0.00;0.00;839.34;834.01;2042.69;2042.69;2172.03;2831.37;4678.02;3977.36;1749.34;839.34;839.34;839.34;3699.34;230.00;850.00;5242.69;0.00;224.67;0.00;854.67;320.00;0.00;0.00;320.00
1759110833.7419052;0.00;674.01;0.00;0.00;0.00;769.34;578.68;0.00;0.00;578.68;0.00;0.00;0.00;434.01;0.00;144.67;0.00;578.68;0.00;0.00;0.00;0.00;0.00;839.34;834.01;2042.69;2042.69;2712.03;3371.37;4918.02;4217.36;1749.34;839.34;839.34;839.34;3999.34;230.00;850.00;5242.69;0.00;534.67;0.00;854.67;320.00;0.00;0.00;320.00
1759110833.7421694;0.00;674.01;0.00;0.00;0.00;769.34;578.68;0.00;0.00;578.68;0.00;0.00;0.00;434.01;0.00;144.67;0.00;578.68;0.00;0.00;0.00;0.00;0.00;839.34;834.01;2042.69;2042.69;2712.03;3371.37;4918.02;4217.36;1749.34;839.34;839.34;839.34;3999.34;230.00;850.00;5242.69;0.00;534.67;0.00;854.67;320.00;0.00;0.00;320.00
1759110842.220534;0.00;674.01;0.00;0.00;0.00;769.34;578.68;0.00;0.00;578.68;0.00;0.00;0.00;434.01;0.00;144.67;0.00;578.68;0.00;240.00;0.00;0.00;0.00;839.34;1144.01;2352.69;2272.69;3012.03;3671.37;4918.02;4217.36;1749.34;839.34;839.34;839.34;4299.34;230.00;850.00;5242.69;0.00;534.67;310.00;854.67;320.00;0.00;0.00;320.00
1759110842.2208242;0.00;674.01;0.00;0.00;0.00;769.34;578.68;0.00;0.00;578.68;0.00;0.00;0.00;434.01;0.00;144.67;0.00;578.68;0.00;240.00;0.00;0.00;0.00;839.34;1144.01;2352.69;2272.69;3012.03;3671.37;4918.02;4217.36;1749.34;839.34;839.34;839.34;4299.34;230.00;850.00;5242.69;0.00;534.67;310.00;854.67;320.00;0.00;0.00;320.00
1759110842.252467;0.00;674.01;0.00;0.00;0.00;769.34;578.68;0.00;0.00;578.68;0.00;0.00;0.00;434.01;0.00;144.67;0.00;578.68;0.00;480.00;0.00;0.00;0.00;999.34;1304.01;2512.69;2422.69;3162.03;3821.37;4918.02;4367.36;1899.34;999.34;999.34;999.34;4449.34;540.00;850.00;5242.69;0.00;534.67;310.00;854.67;320.00;0.00;0.00;320.00
1759110842.2527514;0.00;674.01;0.00;0.00;0.00;769.34;578.68;0.00;0.00;578.68;0.00;0.00;0.00;434.01;0.00;144.67;0.00;578.68;0.00;480.00;0.00;0.00;0.00;999.34;1304.01;2512.69;2422.69;3162.03;3821.37;4918.02;4367.36;1899.34;999.34;999.34;999.34;4449.34;540.00;850.00;5242.69;0.00;534.67;310.00;854.67;320.00;0.00;0.00;320.00
1759110842.290385;0.00;674.01;0.00;0.00;0.00;769.34;578.68;0.00;0.00;578.68;0.00;0.00;0.00;434.01;0.00;144.67;0.00;578.68;0.00;720.00;0.00;0.00;0.00;999.34;1304.01;2512.69;2732.69;3462.03;4121.37;4918.02;4367.36;1899.34;999.34;999.34;999.34;4749.34;540.00;850.00;5242.69;0.00;844.67;310.00;854.67;320.00;0.00;0.00;320.00
1759110842.2906656;0.00;674.01;0.00;0.00;0.00;769.34;578.68;0.00;0.00;578.68;0.00;0.00;0.00;434.01;0.00;144.67;0.00;578.68;0.00;720.00;0.00;0.00;0.00;999.34;1304.01;2512.69;2732.69;3462.03;4121.37;4918.02;4367.36;1899.34;999.34;999.34;999.34;4749.34;540.00;850.00;5242.69;0.00;844.67;310.00;854.67;320.00;0.00;0.00;320.00
1759110842.3214343;0.00;674.01;0.00;0.00;0.00;769.34;578.68;0.00;0.00;578.68;0.00;0.00;0.00;434.01;0.00;144.67;0.00;578.68;0.00;960.00;0.00;0.00;0.00;1149.34;1464.01;2672.69;2882.69;3612.03;4271.37;4918.02;4517.36;2049.34;1149.34;1149.34;1149.34;4899.34;540.00;850.00;5242.69;0.00;844.67;620.00;854.67;320.00;0.00;0.00;320.00
1759110842.321703;0.00;674.01;0.00;0.00;0.00;769.34;578.68;0.00;0.00;578.68;0.00;0.00;0.00;434.01;0.00;144.67;0.00;578.68;0.00;960.00;0.00;0.00;0.00;1149.34;1464.01;2672.69;2882.69;3612.03;4271.37;4918.02;4517.36;2049.34;1149.34;1149.34;1149.34;4899.34;540.00;850.00;5242.69;0.00;844.67;620.00;854.67;320.00;0.00;0.00;320.00
1759110858.7215488;0.00;674.01;0.00;0.00;0.00;0.00;578.68;0.00;0.00;578.68;0.00;0.00;0.00;434.01;0.00;0.00;0.00;723.35;0.00;960.00;0.00;0.00;0.00;1149.34;1464.01;2817.36;3027.36;3286.70;3571.37;3968.02;3688.02;2049.34;1149.34;1149.34;1149.34;3904.01;540.00;540.00;4948.02;0.00;534.67;620.00;854.67;320.00;0.00;0.00;320.00
1759110858.7218447;0.00;674.01;0.00;0.00;0.00;0.00;578.68;0.00;0.00;578.68;0.00;0.00;0.00;434.01;0.00;0.00;0.00;723.35;0.00;960.00;0.00;0.00;0.00;1149.34;1464.01;2817.36;3027.36;3286.70;3571.37;3968.02;3688.02;2049.34;1149.34;1149.34;1149.34;3904.01;540.00;540.00;4948.02;0.00;534.67;620.00;854.67;320.00;0.00;0.00;320.00
1759110859.2269795;0.00;674.01;0.00;0.00;0.00;0.00;578.68;0.00;144.67;578.68;0.00;0.00;0.00;434.01;0.00;0.00;0.00;723.35;0.00;960.00;0.00;0.00;0.00;1149.34;1464.01;2817.36;3027.36;3286.70;3571.37;4198.02;3688.02;2049.34;1149.34;1149.34;1149.34;4204.01;540.00;540.00;4948.02;0.00;534.67;620.00;854.67;320.00;0.00;0.00;320.00
1759110859.2272704;0.00;674.01;0.00;0.00;0.00;0.00;578.68;0.00;144.67;578.68;0.00;0.00;0.00;434.01;0.00;0.00;0.00;723.35;0.00;960.00;0.00;0.00;0.00;1149.34;1464.01;2817.36;3027.36;3286.70;3571.37;4198.02;3688.02;2049.34;1149.34;1149.34;1149.34;4204.01;540.00;540.00;4948.02;0.00;534.67;620.00;854.67;320.00;0.00;0.00;320.00
1759110859.2625988;0.00;674.01;0.00;0.00;0.00;0.00;578.68;0.00;384.67;578.68;0.00;0.00;0.00;434.01;0.00;0.00;0.00;723.35;0.00;960.00;0.00;0.00;0.00;1149.34;1464.01;2817.36;3027.36;3286.70;3571.37;4508.02;3918.02;2049.34;1149.34;1149.34;1149.34;4504.01;540.00;540.00;4948.02;0.00;534.67;620.00;854.67;320.00;0.00;0.00;320.00
1759110859.2628863;0.00;674.01;0.00;0.00;0.00;0.00;578.68;0.00;384.67;578.68;0.00;0.00;0.00;434.01;0.00;0.00;0.00;723.35;0.00;960.00;0.00;0.00;0.00;1149.34;1464.01;2817.36;3027.36;3286.70;3571.37;4508.02;3918.02;2049.34;1149.34;1149.34;1149.34;4504.01;540.00;540.00;4948.02;0.00;534.67;620.00;854.67;320.00;0.00;0.00;320.00
1759110859.29735;0.00;674.01;0.00;0.00;0.00;0.00;578.68;0.00;624.67;578.68;0.00;0.00;0.00;434.01;0.00;0.00;0.00;723.35;0.00;960.00;0.00;0.00;0.00;1149.34;1464.01;2817.36;3027.36;3286.70;3801.37;4738.02;4228.02;2049.34;1149.34;1149.34;1149.34;4804.01;540.00;850.00;4948.02;0.00;534.67;620.00;854.67;320.00;0.00;0.00;320.00
1759110859.297625;0.00;674.01;0.00;0.00;0.00;0.00;578.68;0.00;624.67;578.68;0.00;0.00;0.00;434.01;0.00;0.00;0.00;723.35;0.00;960.00;0.00;0.00;0.00;1149.34;1464.01;2817.36;3027.36;3286.70;3801.37;4738.02;4228.02;2049.34;1149.34;1149.34;1149.34;4804.01;540.00;850.00;4948.02;0.00;534.67;620.00;854.67;320.00;0.00;0.00;320.00
1759110859.3331194;0.00;674.01;0.00;0.00;0.00;0.00;578.68;0.00;864.67;578.68;0.00;0.00;0.00;434.01;0.00;0.00;0.00;723.35;0.00;960.00;0.00;0.00;0.00;1149.34;1464.01;2817.36;3257.36;3516.70;4031.37;4978.02;4228.02;2049.34;1149.34;1149.34;1149.34;5104.01;540.00;850.00;4948.02;0.00;534.67;620.00;854.67;320.00;0.00;0.00;320.00
1759110859.3334;0.00;674.01;0.00;0.00;0.00;0.00;578.68;0.00;864.67;578.68;0.00;0.00;0.00;434.01;0.00;0.00;0.00;723.35;0.00;960.00;0.00;0.00;0.00;1149.34;1464.01;2817.36;3257.36;3516.70;4031.37;4978.02;4228.02;2049.34;1149.34;1149.34;1149.34;5104.01;540.00;850.00;4948.02;0.00;534.67;620.00;854.67;320.00;0.00;0.00;320.00
1759110876.24407;0.00;0.00;0.00;0.00;0.00;0.00;578.68;0.00;864.67;578.68;0.00;0.00;0.00;434.01;0.00;0.00;0.00;723.35;0.00;960.00;144.67;0.00;0.00;844.67;1159.34;2512.69;2952.69;3212.03;3656.70;3738.02;3788.68;1514.67;844.67;844.67;844.67;3884.01;540.00;850.00;4733.35;0.00;534.67;620.00;854.67;320.00;0.00;0.00;320.00
1759110876.2443783;0.00;0.00;0.00;0.00;0.00;0.00;578.68;0.00;864.67;578.68;0.00;0.00;0.00;434.01;0.00;0.00;0.00;723.35;0.00;960.00;144.67;0.00;0.00;844.67;1159.34;2512.69;2952.69;3212.03;3656.70;3738.02;3788.68;1514.67;844.67;844.67;844.67;3884.01;540.00;850.00;4733.35;0.00;534.67;620.00;854.67;320.00;0.00;0.00;320.00
1759110876.2831209;0.00;0.00;0.00;0.00;0.00;0.00;578.68;0.00;864.67;578.68;0.00;0.00;0.00;434.01;0.00;0.00;0.00;723.35;0.00;960.00;289.34;0.00;0.00;844.67;1159.34;2512.69;2952.69;3212.03;3656.70;4048.02;3788.68;1514.67;844.67;844.67;844.67;4408.68;540.00;850.00;5043.35;0.00;534.67;620.00;854.67;320.00;0.00;0.00;320.00
1759110876.2834215;0.00;0.00;0.00;0.00;0.00;0.00;578.68;0.00;864.67;578.68;0.00;0.00;0.00;434.01;0.00;0.00;0.00;723.35;0.00;960.00;289.34;0.00;0.00;844.67;1159.34;2512.69;2952.69;3212.03;3656.70;4048.02;3788.68;1514.67;844.67;844.67;844.67;4408.68;540.00;850.00;5043.35;0.00;534.67;620.00;854.67;320.00;0.00;0.00;320.00
1759110876.3194292;0.00;0.00;0.00;0.00;0.00;0.00;578.68;0.00;864.67;578.68;0.00;0.00;0.00;434.01;0.00;0.00;0.00;723.35;0.00;960.00;529.34;0.00;0.00;844.67;1159.34;2512.69;2952.69;3212.03;3656.70;4588.02;3788.68;1514.67;844.67;844.67;844.67;4708.68;540.00;850.00;5273.35;0.00;534.67;620.00;854.67;320.00;0.00;0.00;320.00
1759110876.3197246;0.00;0.00;0.00;0.00;0.00;0.00;578.68;0.00;864.67;578.68;0.00;0.00;0.00;434.01;0.00;0.00;0.00;723.35;0.00;960.00;529.34;0.00;0.00;844.67;1159.34;2512.69;2952.69;3212.03;3656.70;4588.02;3788.68;1514.67;844.67;844.67;844.67;4708.68;540.00;850.00;5273.35;0.00;534.67;620.00;854.67;320.00;0.00;0.00;320.00
1759110876.3534403;0.00;0.00;0.00;0.00;0.00;0.00;578.68;0.00;864.67;578.68;0.00;0.00;0.00;434.01;0.00;0.00;0.00;723.35;0.00;960.00;769.34;0.00;0.00;844.67;1159.34;2512.69;2952.69;3212.03;3886.70;4898.02;3788.68;1514.67;844.67;844.67;844.67;5008.68;540.00;850.00;5273.35;0.00;534.67;620.00;854.67;320.00;0.00;0.00;320.00
1759110876.3537266;0.00;0.00;0.00;0.00;0.00;0.00;578.68;0.00;864.67;578.68;0.00;0.00;0.00;434.01;0.00;0.00;0.00;723.35;0.00;960.00;769.34;0.00;0.00;844.67;1159.34;2512.69;2952.69;3212.03;3886.70;4898.02;3788.68;1514.67;844.67;844.67;844.67;5008.68;540.00;850.00;5273.35;0.00;534.67;620.00;854.67;320.00;0.00;0.00;320.00
1759110878.7376745;0.00;0.00;0.00;0.00;0.00;0.00;578.68;144.67;864.67;289.34;0.00;0.00;0.00;434.01;0.00;0.00;0.00;723.35;0.00;960.00;769.34;0.00;0.00;684.67;999.34;2352.69;2792.69;3147.36;3822.03;4833.35;3408.68;1364.67;684.67;684.67;684.67;5008.68;310.00;850.00;5068.68;0.00;534.67;620.00;854.67;320.00;0.00;0.00;0.00
1759110878.738005;0.00;0.00;0.00;0.00;0.00;0.00;578.68;144.67;864.67;289.34;0.00;0.00;0.00;434.01;0.00;0.00;0.00;723.35;0.00;960.00;769.34;0.00;0.00;684.67;999.34;2352.69;2792.69;3147.36;3822.03;4833.35;3408.68;1364.67;684.67;684.67;684.67;5008.68;310.00;850.00;5068.68;0.00;534.67;620.00;854.67;320.00;0.00;0.00;0.00
1759110878.769008;0.00;0.00;0.00;0.00;0.00;0.00;578.68;384.67;864.67;289.34;0.00;0.00;0.00;434.01;0.00;0.00;0.00;723.35;0.00;960.00;769.34;0.00;0.00;684.67;999.34;2352.69;2792.69;3147.36;3822.03;4833.35;3638.68;1594.67;684.67;684.67;684.67;5008.68;540.00;850.00;5368.68;0.00;534.67;620.00;854.67;320.00;0.00;0.00;0.00
1759110878.7693005;0.00;0.00;0.00;0.00;0.00;0.00;578.68;384.67;864.67;289.34;0.00;0.00;0.00;434.01;0.00;0.00;0.00;723.35;0.00;960.00;769.34;0.00;0.00;684.67;999.34;2352.69;2792.69;3147.36;3822.03;4833.35;3638.68;1594.67;684.67;684.67;684.67;5008.68;540.00;850.00;5368.68;0.00;534.67;620.00;854.67;320.00;0.00;0.00;0.00
1759110897.2603397;0.00;0.00;144.67;0.00;0.00;0.00;578.68;384.67;864.67;289.34;0.00;0.00;0.00;0.00;0.00;0.00;0.00;578.68;0.00;960.00;769.34;0.00;0.00;460.00;790.00;1998.68;2438.68;2723.35;3398.02;4363.35;3414.01;1370.00;460.00;460.00;460.00;3884.01;540.00;850.00;4834.01;0.00;534.67;620.00;854.67;320.00;0.00;0.00;0.00
1759110897.2606301;0.00;0.00;144.67;0.00;0.00;0.00;578.68;384.67;864.67;289.34;0.00;0.00;0.00;0.00;0.00;0.00;0.00;578.68;0.00;960.00;769.34;0.00;0.00;460.00;790.00;1998.68;2438.68;2723.35;3398.02;4363.35;3414.01;1370.00;460.00;460.00;460.00;3884.01;540.00;850.00;4834.01;0.00;534.67;620.00;854.67;320.00;0.00;0.00;0.00
1759110897.2938745;0.00;0.00;289.34;0.00;0.00;0.00;578.68;384.67;864.67;289.34;0.00;0.00;0.00;0.00;0.00;0.00;0.00;578.68;0.00;960.00;769.34;0.00;0.00;460.00;790.00;1998.68;2438.68;2723.35;3398.02;4603.35;3414.01;1370.00;460.00;460.00;460.00;4108.68;540.00;850.00;5144.01;0.00;534.67;620.00;854.67;320.00;0.00;0.00;0.00
1759110897.294156;0.00;0.00;289.34;0.00;0.00;0.00;578.68;384.67;864.67;289.34;0.00;0.00;0.00;0.00;0.00;0.00;0.00;578.68;0.00;960.00;769.34;0.00;0.00;460.00;790.00;1998.68;2438.68;2723.35;3398.02;4603.35;3414.01;1370.00;460.00;460.00;460.00;4108.68;540.00;850.00;5144.01;0.00;534.67;620.00;854.67;320.00;0.00;0.00;0.00
1759110897.3329406;0.00;0.00;434.01;0.00;0.00;0.00;578.68;384.67;864.67;289.34;0.00;0.00;0.00;0.00;0.00;0.00;0.00;578.68;0.00;960.00;769.34;0.00;0.00;460.00;790.00;1998.68;2438.68;2953.35;3628.02;4978.02;3414.01;1370.00;460.00;460.00;460.00;4258.68;540.00;850.00;5368.68;0.00;534.67;620.00;854.67;320.00;0.00;0.00;0.00
1759110897.3332362;0.00;0.00;434.01;0.00;0.00;0.00;578.68;384.67;864.67;289.34;0.00;0.00;0.00;0.00;0.00;0.00;0.00;578.68;0.00;960.00;769.34;0.00;0.00;460.00;790.00;1998.68;2438.68;2953.35;3628.02;4978.02;3414.01;1370.00;460.00;460.00;460.00;4258.68;540.00;850.00;5368.68;0.00;534.67;620.00;854.67;320.00;0.00;0.00;0.00
1759110897.3703706;0.00;0.00;674.01;0.00;0.00;0.00;578.68;384.67;864.67;289.34;0.00;0.00;0.00;0.00;0.00;0.00;0.00;578.68;0.00;960.00;769.34;0.00;0.00;460.00;1020.00;2228.68;2668.68;3183.35;3858.02;4978.02;3414.01;1370.00;460.00;460.00;460.00;4558.68;540.00;850.00;5368.68;0.00;534.67;620.00;854.67;320.00;0.00;0.00;0.00
1759110897.3706465;0.00;0.00;674.01;0.00;0.00;0.00;578.68;384.67;864.67;289.34;0.00;0.00;0.00;0.00;0.00;0.00;0.00;578.68;0.00;960.00;769.34;0.00;0.00;460.00;1020.00;2228.68;2668.68;3183.35;3858.02;4978.02;3414.01;1370.00;460.00;460.00;460.00;4558.68;540.00;850.00;5368.68;0.00;534.67;620.00;854.67;320.00;0.00;0.00;0.00
1759110903.751857;0.00;0.00;674.01;0.00;0.00;0.00;434.01;529.34;864.67;144.67;0.00;0.00;0.00;0.00;0.00;0.00;0.00;578.68;0.00;960.00;769.34;0.00;0.00;460.00;1020.00;2228.68;2668.68;3183.35;3548.02;4818.02;3039.34;1140.00;460.00;460.00;460.00;4408.68;540.00;850.00;4994.01;0.00;534.67;620.00;544.67;320.00;0.00;0.00;0.00
1759110903.752165;0.00;0.00;674.01;0.00;0.00;0.00;434.01;529.34;864.67;144.67;0.00;0.00;0.00;0.00;0.00;0.00;0.00;578.68;0.00;960.00;769.34;0.00;0.00;460.00;1020.00;2228.68;2668.68;3183.35;3548.02;4818.02;3039.34;1140.00;460.00;460.00;460.00;4408.68;540.00;850.00;4994.01;0.00;534.67;620.00;544.67;320.00;0.00;0.00;0.00
1759110903.791733;0.00;144.67;674.01;0.00;0.00;0.00;434.01;529.34;864.67;144.67;0.00;0.00;0.00;0.00;0.00;0.00;0.00;578.68;0.00;960.00;769.34;0.00;0.00;620.00;1180.00;2388.68;2828.68;3343.35;3708.02;4968.02;3414.01;1530.00;620.00;620.00;620.00;4708.68;540.00;850.00;5218.68;0.00;534.67;620.00;864.67;320.00;0.00;0.00;0.00
1759110903.7920253;0.00;144.67;674.01;0.00;0.00;0.00;434.01;529.34;864.67;144.67;0.00;0.00;0.00;0.00;0.00;0.00;0.00;578.68;0.00;960.00;769.34;0.00;0.00;620.00;1180.00;2388.68;2828.68;3343.35;3708.02;4968.02;3414.01;1530.00;620.00;620.00;620.00;4708.68;540.00;850.00;5218.68;0.00;534.67;620.00;864.67;320.00;0.00;0.00;0.00
1759110908.758535;0.00;144.67;674.01;0.00;0.00;0.00;434.01;529.34;864.67;144.67;0.00;0.00;0.00;0.00;0.00;144.67;0.00;144.67;0.00;960.00;769.34;0.00;0.00;770.00;1260.00;2034.67;2474.67;2989.34;3338.68;4523.35;3564.01;1680.00;770.00;770.00;770.00;4708.68;540.00;850.00;4394.01;0.00;534.67;620.00;864.67;320.00;0.00;0.00;0.00
1759110908.7588289;0.00;144.67;674.01;0.00;0.00;0.00;434.01;529.34;864.67;144.67;0.00;0.00;0.00;0.00;0.00;144.67;0.00;144.67;0.00;960.00;769.34;0.00;0.00;770.00;1260.00;2034.67;2474.67;2989.34;3338.68;4523.35;3564.01;1680.00;770.00;770.00;770.00;4708.68;540.00;850.00;4394.01;0.00;534.67;620.00;864.67;320.00;0.00;0.00;0.00
1759110908.8810868;0.00;144.67;674.01;0.00;0.00;0.00;434.01;529.34;864.67;144.67;0.00;0.00;0.00;0.00;0.00;144.67;0.00;144.67;0.00;960.00;769.34;0.00;0.00;770.00;1260.00;2034.67;2474.67;2989.34;3338.68;4523.35;3564.01;1680.00;770.00;770.00;770.00;4708.68;540.00;850.00;4394.01;0.00;534.67;620.00;864.67;320.00;0.00;0.00;0.00
1759110908.8814125;0.00;144.67;674.01;0.00;0.00;0.00;434.01;529.34;864.67;144.67;0.00;0.00;0.00;0.00;0.00;144.67;0.00;144.67;0.00;960.00;769.34;0.00;0.00;770.00;1260.00;2034.67;2474.67;2989.34;3338.68;4523.35;3564.01;1680.00;770.00;770.00;770.00;4708.68;540.00;850.00;4394.01;0.00;534.67;620.00;864.67;320.00;0.00;0.00;0.00
1759110908.9117246;0.00;144.67;674.01;0.00;0.00;0.00;434.01;529.34;864.67;144.67;0.00;0.00;0.00;0.00;0.00;144.67;0.00;144.67;0.00;960.00;769.34;0.00;0.00;770.00;1260.00;2034.67;2474.67;2989.34;3338.68;4523.35;3564.01;1680.00;770.00;770.00;770.00;4708.68;540.00;850.00;4394.01;0.00;534.67;620.00;864.67;320.00;0.00;0.00;0.00
1759110908.9120138;0.00;144.67;674.01;0.00;0.00;0.00;434.01;529.34;864.67;144.67;0.00;0.00;0.00;0.00;0.00;144.67;0.00;144.67;0.00;960.00;769.34;0.00;0.00;770.00;1260.00;2034.67;2474.67;2989.34;3338.68;4523.35;3564.01;1680.00;770.00;770.00;770.00;4708.68;540.00;850.00;4394.01;0.00;534.67;620.00;864.67;320.00;0.00;0.00;0.00
1759110913.7648137;0.00;144.67;674.01;0.00;0.00;144.67;289.34;529.34;864.67;144.67;0.00;0.00;0.00;0.00;0.00;144.67;0.00;144.67;0.00;960.00;769.34;0.00;0.00;770.00;1260.00;2034.67;2474.67;2989.34;3018.68;4458.68;3254.01;1680.00;770.00;770.00;770.00;4858.68;540.00;540.00;4468.68;0.00;534.67;620.00;544.67;320.00;0.00;0.00;0.00
1759110913.765118;0.00;144.67;674.01;0.00;0.00;144.67;289.34;529.34;864.67;144.67;0.00;0.00;0.00;0.00;0.00;144.67;0.00;144.67;0.00;960.00;769.34;0.00;0.00;770.00;1260.00;2034.67;2474.67;2989.34;3018.68;4458.68;3254.01;1680.00;770.00;770.00;770.00;4858.68;540.00;540.00;4468.68;0.00;534.67;620.00;544.67;320.00;0.00;0.00;0.00
1759110917.3816254;0.00;144.67;674.01;0.00;0.00;144.67;289.34;529.34;864.67;144.67;0.00;0.00;0.00;0.00;0.00;144.67;0.00;144.67;0.00;960.00;769.34;0.00;0.00;770.00;1260.00;2034.67;2474.67;2989.34;3018.68;4458.68;3254.01;1680.00;770.00;770.00;770.00;4858.68;540.00;540.00;4468.68;0.00;534.67;620.00;544.67;320.00;0.00;0.00;0.00
1759110917.3819401;0.00;144.67;674.01;0.00;0.00;144.67;289.34;529.34;864.67;144.67;0.00;0.00;0.00;0.00;0.00;144.67;0.00;144.67;0.00;960.00;769.34;0.00;0.00;770.00;1260.00;2034.67;2474.67;2989.34;3018.68;4458.68;3254.01;1680.00;770.00;770.00;770.00;4858.68;540.00;540.00;4468.68;0.00;534.67;620.00;544.67;320.00;0.00;0.00;0.00
1759110917.421948;0.00;144.67;674.01;0.00;0.00;144.67;289.34;529.34;864.67;144.67;0.00;0.00;0.00;0.00;0.00;144.67;0.00;144.67;0.00;960.00;769.34;0.00;0.00;770.00;1260.00;2034.67;2474.67;2989.34;3018.68;4458.68;3254.01;1680.00;770.00;770.00;770.00;4858.68;540.00;540.00;4468.68;0.00;534.67;620.00;544.67;320.00;0.00;0.00;0.00
1759110917.4222414;0.00;144.67;674.01;0.00;0.00;144.67;289.34;529.34;864.67;144.67;0.00;0.00;0.00;0.00;0.00;144.67;0.00;144.67;0.00;960.00;769.34;0.00;0.00;770.00;1260.00;2034.67;2474.67;2989.34;3018.68;4458.68;3254.01;1680.00;770.00;770.00;770.00;4858.68;540.00;540.00;4468.68;0.00;534.67;620.00;544.67;320.00;0.00;0.00;0.00
1759110917.456947;0.00;144.67;674.01;0.00;0.00;144.67;289.34;529.34;864.67;144.67;0.00;0.00;0.00;0.00;0.00;144.67;0.00;144.67;0.00;960.00;769.34;0.00;0.00;770.00;1260.00;2034.67;2474.67;2989.34;3018.68;4458.68;3254.01;1680.00;770.00;770.00;770.00;4858.68;540.00;540.00;4468.68;0.00;534.67;620.00;544.67;320.00;0.00;0.00;0.00
1759110917.457238;0.00;144.67;674.01;0.00;0.00;144.67;289.34;529.34;864.67;144.67;0.00;0.00;0.00;0.00;0.00;144.67;0.00;144.67;0.00;960.00;769.34;0.00;0.00;770.00;1260.00;2034.67;2474.67;2989.34;3018.68;4458.68;3254.01;1680.00;770.00;770.00;770.00;4858.68;540.00;540.00;4468.68;0.00;534.67;620.00;544.67;320.00;0.00;0.00;0.00
1759110917.4944987;0.00;144.67;674.01;0.00;0.00;144.67;289.34;529.34;864.67;144.67;0.00;0.00;0.00;0.00;0.00;144.67;0.00;144.67;0.00;960.00;769.34;0.00;0.00;770.00;1260.00;2034.67;2474.67;2989.34;3018.68;4458.68;3254.01;1680.00;770.00;770.00;770.00;4858.68;540.00;540.00;4468.68;0.00;534.67;620.00;544.67;320.00;0.00;0.00;0.00
1759110917.494793;0.00;144.67;674.01;0.00;0.00;144.67;289.34;529.34;864.67;144.67;0.00;0.00;0.00;0.00;0.00;144.67;0.00;144.67;0.00;960.00;769.34;0.00;0.00;770.00;1260.00;2034.67;2474.67;2989.34;3018.68;4458.68;3254.01;1680.00;770.00;770.00;770.00;4858.68;540.00;540.00;4468.68;0.00;534.67;620.00;544.67;320.00;0.00;0.00;0.00
1759110918.7678244;0.00;144.67;674.01;0.00;0.00;144.67;289.34;674.01;864.67;0.00;0.00;0.00;0.00;0.00;0.00;144.67;0.00;0.00;0.00;960.00;769.34;0.00;0.00;620.00;1100.00;1730.00;2170.00;2460.00;2809.34;4249.34;2874.01;1530.00;620.00;620.00;620.00;4858.68;540.00;540.00;4168.68;0.00;310.00;620.00;544.67;320.00;0.00;0.00;0.00
1759110918.7681358;0.00;144.67;674.01;0.00;0.00;144.67;289.34;674.01;864.67;0.00;0.00;0.00;0.00;0.00;0.00;144.67;0.00;0.00;0.00;960.00;769.34;0.00;0.00;620.00;1100.00;1730.00;2170.00;2460.00;2809.34;4249.34;2874.01;1530.00;620.00;620.00;620.00;4858.68;540.00;540.00;4168.68;0.00;310.00;620.00;544.67;320.00;0.00;0.00;0.00
1759110918.804931;0.00;144.67;674.01;0.00;0.00;144.67;289.34;674.01;864.67;0.00;0.00;144.67;0.00;0.00;0.00;144.67;0.00;0.00;0.00;960.00;769.34;0.00;0.00;620.00;1100.00;1730.00;2314.67;2604.67;2954.01;4479.34;2874.01;1530.00;620.00;620.00;620.00;4858.68;540.00;540.00;4468.68;0.00;310.00;620.00;544.67;320.00;0.00;0.00;0.00
1759110918.8052254;0.00;144.67;674.01;0.00;0.00;144.67;289.34;674.01;864.67;0.00;0.00;144.67;0.00;0.00;0.00;144.67;0.00;0.00;0.00;960.00;769.34;0.00;0.00;620.00;1100.00;1730.00;2314.67;2604.67;2954.01;4479.34;2874.01;1530.00;620.00;620.00;620.00;4858.68;540.00;540.00;4468.68;0.00;310.00;620.00;544.67;320.00;0.00;0.00;0.00
1759110928.7669425;0.00;144.67;674.01;0.00;0.00;144.67;289.34;818.68;624.67;0.00;0.00;144.67;0.00;0.00;0.00;144.67;0.00;0.00;0.00;960.00;769.34;0.00;0.00;620.00;1100.00;1730.00;2314.67;2604.67;2954.01;4384.01;2874.01;1530.00;620.00;620.00;620.00;4858.68;540.00;540.00;4468.68;0.00;310.00;620.00;544.67;320.00;0.00;0.00;0.00
1759110928.7672377;0.00;144.67;674.01;0.00;0.00;144.67;289.34;818.68;624.67;0.00;0.00;144.67;0.00;0.00;0.00;144.67;0.00;0.00;0.00;960.00;769.34;0.00;0.00;620.00;1100.00;1730.00;2314.67;2604.67;2954.01;4384.01;2874.01;1530.00;620.00;620.00;620.00;4858.68;540.00;540.00;4468.68;0.00;310.00;620.00;544.67;320.00;0.00;0.00;0.00
1759110933.7714434;0.00;0.00;674.01;0.00;0.00;0.00;0.00;963.35;384.67;0.00;0.00;144.67;0.00;0.00;0.00;144.67;0.00;0.00;0.00;960.00;769.34;0.00;0.00;460.00;940.00;940.00;1294.67;1584.67;2029.34;3759.34;1680.00;1140.00;460.00;460.00;460.00;4258.68;540.00;310.00;3644.01;0.00;310.00;620.00;0.00;0.00;0.00;0.00;0.00
1759110933.7717333;0.00;0.00;674.01;0.00;0.00;0.00;0.00;963.35;384.67;0.00;0.00;144.67;0.00;0.00;0.00;144.67;0.00;0.00;0.00;960.00;769.34;0.00;0.00;460.00;940.00;940.00;1294.67;1584.67;2029.34;3759.34;1680.00;1140.00;460.00;460.00;460.00;4258.68;540.00;310.00;3644.01;0.00;310.00;620.00;0.00;0.00;0.00;0.00;0.00
1759110943.7820475;0.00;0.00;674.01;0.00;0.00;0.00;0.00;723.35;0.00;144.67;0.00;144.67;0.00;0.00;0.00;144.67;0.00;0.00;0.00;960.00;769.34;0.00;0.00;460.00;940.00;940.00;1294.67;1584.67;1799.34;3599.34;1370.00;1140.00;460.00;460.00;460.00;3958.68;310.00;0.00;3568.68;0.00;310.00;620.00;0.00;0.00;0.00;0.00;0.00
1759110943.7823431;0.00;0.00;674.01;0.00;0.00;0.00;0.00;723.35;0.00;144.67;0.00;144.67;0.00;0.00;0.00;144.67;0.00;0.00;0.00;960.00;769.34;0.00;0.00;460.00;940.00;940.00;1294.67;1584.67;1799.34;3599.34;1370.00;1140.00;460.00;460.00;460.00;3958.68;310.00;0.00;3568.68;0.00;310.00;620.00;0.00;0.00;0.00;0.00;0.00
1759110943.8141856;0.00;0.00;674.01;0.00;0.00;0.00;0.00;723.35;0.00;289.34;0.00;144.67;0.00;0.00;0.00;144.67;0.00;0.00;0.00;960.00;769.34;0.00;0.00;460.00;940.00;940.00;1294.67;1584.67;1799.34;3829.34;1680.00;1140.00;460.00;460.00;460.00;4258.68;310.00;0.00;3568.68;0.00;310.00;620.00;0.00;0.00;0.00;0.00;0.00
1759110943.81447;0.00;0.00;674.01;0.00;0.00;0.00;0.00;723.35;0.00;289.34;0.00;144.67;0.00;0.00;0.00;144.67;0.00;0.00;0.00;960.00;769.34;0.00;0.00;460.00;940.00;940.00;1294.67;1584.67;1799.34;3829.34;1680.00;1140.00;460.00;460.00;460.00;4258.68;310.00;0.00;3568.68;0.00;310.00;620.00;0.00;0.00;0.00;0.00;0.00
1759110943.84801;0.00;0.00;674.01;0.00;0.00;0.00;0.00;723.35;0.00;289.34;0.00;144.67;0.00;0.00;0.00;144.67;0.00;0.00;0.00;960.00;914.01;0.00;0.00;460.00;940.00;940.00;1294.67;1584.67;1799.34;4069.34;2220.00;1680.00;770.00;770.00;770.00;4258.68;540.00;0.00;3868.68;0.00;310.00;620.00;0.00;0.00;0.00;0.00;310.00
1759110943.848289;0.00;0.00;674.01;0.00;0.00;0.00;0.00;723.35;0.00;289.34;0.00;144.67;0.00;0.00;0.00;144.67;0.00;0.00;0.00;960.00;914.01;0.00;0.00;460.00;940.00;940.00;1294.67;1584.67;1799.34;4069.34;2220.00;1680.00;770.00;770.00;770.00;4258.68;540.00;0.00;3868.68;0.00;310.00;620.00;0.00;0.00;0.00;0.00;310.00
1759110945.335427;0.00;0.00;674.01;0.00;144.67;0.00;0.00;578.68;0.00;289.34;0.00;144.67;0.00;0.00;0.00;144.67;0.00;0.00;0.00;960.00;914.01;0.00;0.00;460.00;940.00;940.00;1294.67;1584.67;1799.34;4069.34;2744.67;2134.67;770.00;770.00;770.00;4258.68;540.00;230.00;3344.01;0.00;310.00;620.00;0.00;0.00;0.00;0.00;310.00
1759110945.335741;0.00;0.00;674.01;0.00;144.67;0.00;0.00;578.68;0.00;289.34;0.00;144.67;0.00;0.00;0.00;144.67;0.00;0.00;0.00;960.00;914.01;0.00;0.00;460.00;940.00;940.00;1294.67;1584.67;1799.34;4069.34;2744.67;2134.67;770.00;770.00;770.00;4258.68;540.00;230.00;3344.01;0.00;310.00;620.00;0.00;0.00;0.00;0.00;310.00
1759110945.3717415;0.00;0.00;674.01;0.00;289.34;0.00;0.00;578.68;0.00;289.34;0.00;144.67;0.00;0.00;0.00;144.67;0.00;0.00;0.00;960.00;914.01;0.00;0.00;610.00;1100.00;1100.00;1454.67;1744.67;1959.34;4229.34;3109.34;2429.34;920.00;920.00;920.00;4258.68;540.00;230.00;3344.01;0.00;310.00;620.00;0.00;0.00;0.00;0.00;310.00
1759110945.3720388;0.00;0.00;674.01;0.00;289.34;0.00;0.00;578.68;0.00;289.34;0.00;144.67;0.00;0.00;0.00;144.67;0.00;0.00;0.00;960.00;914.01;0.00;0.00;610.00;1100.00;1100.00;1454.67;1744.67;1959.34;4229.34;3109.34;2429.34;920.00;920.00;920.00;4258.68;540.00;230.00;3344.01;0.00;310.00;620.00;0.00;0.00;0.00;0.00;310.00
1759110945.4039009;0.00;0.00;674.01;0.00;434.01;0.00;0.00;578.68;0.00;289.34;0.00;144.67;0.00;0.00;0.00;144.67;0.00;0.00;0.00;960.00;914.01;0.00;0.00;610.00;1100.00;1100.00;1454.67;1744.67;2269.34;4539.34;3324.01;2574.01;920.00;920.00;920.00;4258.68;540.00;230.00;3568.68;0.00;310.00;620.00;310.00;0.00;0.00;0.00;310.00
1759110945.4041917;0.00;0.00;674.01;0.00;434.01;0.00;0.00;578.68;0.00;289.34;0.00;144.67;0.00;0.00;0.00;144.67;0.00;0.00;0.00;960.00;914.01;0.00;0.00;610.00;1100.00;1100.00;1454.67;1744.67;2269.34;4539.34;3324.01;2574.01;920.00;920.00;920.00;4258.68;540.00;230.00;3568.68;0.00;310.00;620.00;310.00;0.00;0.00;0.00;310.00
1759110945.4361274;0.00;0.00;674.01;0.00;578.68;0.00;0.00;578.68;0.00;289.34;0.00;144.67;0.00;0.00;0.00;144.67;0.00;0.00;0.00;960.00;914.01;0.00;0.00;610.00;1100.00;1100.00;1454.67;1744.67;2269.34;4539.34;3848.68;2718.68;920.00;920.00;920.00;4258.68;540.00;540.00;3568.68;0.00;310.00;620.00;310.00;0.00;0.00;0.00;310.00
1759110945.436415;0.00;0.00;674.01;0.00;578.68;0.00;0.00;578.68;0.00;289.34;0.00;144.67;0.00;0.00;0.00;144.67;0.00;0.00;0.00;960.00;914.01;0.00;0.00;610.00;1100.00;1100.00;1454.67;1744.67;2269.34;4539.34;3848.68;2718.68;920.00;920.00;920.00;4258.68;540.00;540.00;3568.68;0.00;310.00;620.00;310.00;0.00;0.00;0.00;310.00
1759110964.3459754;0.00;0.00;674.01;0.00;578.68;0.00;0.00;289.34;0.00;289.34;0.00;0.00;0.00;0.00;0.00;0.00;0.00;0.00;144.67;0.00;769.34;0.00;0.00;150.00;390.00;390.00;390.00;620.00;1160.00;3599.34;2843.35;1713.35;294.67;150.00;150.00;3358.68;0.00;540.00;1973.35;0.00;0.00;0.00;310.00;0.00;0.00;0.00;0.00
1759110964.3462698;0.00;0.00;674.01;0.00;578.68;0.00;0.00;289.34;0.00;289.34;0.00;0.00;0.00;0.00;0.00;0.00;0.00;0.00;144.67;0.00;769.34;0.00;0.00;150.00;390.00;390.00;390.00;620.00;1160.00;3599.34;2843.35;1713.35;294.67;150.00;150.00;3358.68;0.00;540.00;1973.35;0.00;0.00;0.00;310.00;0.00;0.00;0.00;0.00
1759110964.3792045;0.00;0.00;674.01;0.00;578.68;0.00;0.00;289.34;0.00;289.34;0.00;0.00;0.00;0.00;0.00;0.00;0.00;0.00;289.34;0.00;769.34;0.00;0.00;150.00;390.00;390.00;390.00;620.00;1160.00;3599.34;2988.02;1858.02;439.34;150.00;150.00;3358.68;0.00;540.00;2198.02;0.00;0.00;0.00;310.00;0.00;0.00;0.00;0.00
1759110964.3795063;0.00;0.00;674.01;0.00;578.68;0.00;0.00;289.34;0.00;289.34;0.00;0.00;0.00;0.00;0.00;0.00;0.00;0.00;289.34;0.00;769.34;0.00;0.00;150.00;390.00;390.00;390.00;620.00;1160.00;3599.34;2988.02;1858.02;439.34;150.00;150.00;3358.68;0.00;540.00;2198.02;0.00;0.00;0.00;310.00;0.00;0.00;0.00;0.00
1759110964.4134438;0.00;0.00;674.01;0.00;578.68;0.00;0.00;289.34;0.00;289.34;0.00;0.00;0.00;0.00;0.00;0.00;0.00;0.00;434.01;0.00;769.34;0.00;0.00;150.00;390.00;390.00;390.00;620.00;1160.00;3599.34;3442.69;2312.69;894.01;460.00;150.00;3358.68;0.00;540.00;2422.69;0.00;0.00;0.00;310.00;0.00;0.00;310.00;0.00
1759110964.4137237;0.00;0.00;674.01;0.00;578.68;0.00;0.00;289.34;0.00;289.34;0.00;0.00;0.00;0.00;0.00;0.00;0.00;0.00;434.01;0.00;769.34;0.00;0.00;150.00;390.00;390.00;390.00;620.00;1160.00;3599.34;3442.69;2312.69;894.01;460.00;150.00;3358.68;0.00;540.00;2422.69;0.00;0.00;0.00;310.00;0.00;0.00;310.00;0.00
1759110964.4470274;0.00;0.00;674.01;0.00;578.68;0.00;0.00;289.34;0.00;289.34;0.00;0.00;0.00;0.00;0.00;0.00;0.00;0.00;578.68;0.00;769.34;0.00;0.00;150.00;390.00;390.00;390.00;620.00;1160.00;3599.34;3742.69;2542.69;1038.68;460.00;150.00;3358.68;0.00;540.00;2422.69;0.00;0.00;0.00;310.00;0.00;0.00;310.00;0.00
1759110964.4473062;0.00;0.00;674.01;0.00;578.68;0.00;0.00;289.34;0.00;289.34;0.00;0.00;0.00;0.00;0.00;0.00;0.00;0.00;578.68;0.00;769.34;0.00;0.00;150.00;390.00;390.00;390.00;620.00;1160.00;3599.34;3742.69;2542.69;1038.68;460.00;150.00;3358.68;0.00;540.00;2422.69;0.00;0.00;0.00;310.00;0.00;0.00;310.00;0.00
