No.,timestamp,time_seconds,users,cpu_utilization,gpu_utilization,bandwidth_utilization,cache_utilization,network_cpu_utilization,network_gpu_utilization,network_cache_utilization,mobile_cpu_utilization,mobile_gpu_utilization,mobile_cache_utilization,latency,comp_latency,comm_latency,latency_diff,queue_time,decision_time_ms,success,fail_reason,sfc_id,recovery_time,sfc_recovered,cpu_saved,gpu_saved,cache_saved,shared_vnfs,running_sfcs,running_players,running_sessions,trascode_bw,crashing,acceptance_rate,cpu_per_flow,gpu_per_flow,cache_per_flow,jain_cpu,jain_gpu,jain_cache,jain_bw,server_energy_consumption,mobile_energy_consumption,total_energy_consumption
0,1763421919.468723,0,1,0.0,0.0781,0.0051,0.0249,0.0,7.8117,2.4947,0.0,0.0,0.0,2.05,0.16,1.88,None,0.00019216537475585938,21.888,True,None,sfc_cache_p1_1,0,None,0,0,0,1,2,0,0,0,False,100.0,0.0,15.5,16.5,1.0,0.0833,0.04,0.0597,2095.5687973997833,10.0,2105.5687973997833
0,1763421919.46965,0.0,1,0.0,0.0781,0.0051,0.0249,0.0,7.8117,2.4947,0.0,0.0,0.0,3.06,0.22,2.84,None,0.00019216537475585938,24.489,True,None,sfc_unique_p1_1,0,None,0,0,0,1,2,0,0,0,False,100.0,0.0,15.5,16.5,1.0,0.0833,0.04,0.0597,2095.5687973997833,10.0,2105.5687973997833
0,1763421919.5204287,0.1,2,0.0,0.1352,0.0101,0.0249,0.0,13.5243,2.4947,0.0,0.0,0.0,2.41,0.16,2.25,None,0.08191776275634766,20.91,True,None,sfc_cache_p2_1,0,None,0,8.33,33.0,5,4,0,0,0,False,100.0,0.0,13.4175,8.25,1.0,0.0833,0.0385,0.0597,2110.0,20.0,2130.0
0,1763421919.5211976,0.1,2,0.0,0.1352,0.0101,0.0249,0.0,13.5243,2.4947,0.0,0.0,0.0,3.8,0.22,3.58,None,0.08191776275634766,24.197,True,None,sfc_unique_p2_1,0,None,0,8.33,33.0,5,4,0,0,0,False,100.0,0.0,13.4175,8.25,1.0,0.0833,0.0385,0.0597,2110.0,20.0,2130.0
0,1763421919.577689,0.1,3,0.025,0.1395,0.0179,0.0499,2.6999,13.9452,4.9894,0.0,0.0,0.0,3.58,1.35,2.23,None,0.13338994979858398,20.772,True,None,sfc_cache_p3_1,0,None,0,12.66,33.0,8,6,0,0,0,False,100.0,4.166666666666667,9.223333333333334,11.0,0.0667,0.0833,0.0639,0.0597,2124.5101377495744,30.0,2154.5101377495744
0,1763421919.5784636,0.1,3,0.025,0.1395,0.0179,0.0499,2.6999,13.9452,4.9894,0.0,0.0,0.0,7.48,3.96,3.53,None,0.13338994979858398,23.79,True,None,sfc_unique_p3_1,0,None,0,12.66,33.0,8,6,0,0,0,False,100.0,4.166666666666667,9.223333333333334,11.0,0.0667,0.0833,0.0639,0.0597,2124.5101377495744,30.0,2154.5101377495744
0,1763421919.6314418,0.2,4,0.0465,0.1395,0.0261,0.0499,5.1482,13.9452,4.9894,0.0,0.0,0.0,4.37,1.99,2.38,None,0.1906442642211914,20.722,True,None,sfc_cache_p4_1,0,None,4,16.99,66.0,12,8,0,0,0,False,100.0,5.95875,6.9175,8.25,0.0625,0.0833,0.0616,0.0597,2139.802275189599,40.0,2179.802275189599
0,1763421919.6322134,0.2,4,0.0465,0.1395,0.0261,0.0499,5.1482,13.9452,4.9894,0.0,0.0,0.0,7.79,3.96,3.83,None,0.1906442642211914,23.653,True,None,sfc_unique_p4_1,0,None,4,16.99,66.0,12,8,0,0,0,False,100.0,5.95875,6.9175,8.25,0.0625,0.0833,0.0616,0.0597,2139.802275189599,40.0,2179.802275189599
0,1763421919.6827304,0.2,5,0.0673,0.1395,0.0344,0.0499,7.5964,13.9452,4.9894,0.0,0.0,0.0,3.87,1.99,1.88,None,0.24437236785888672,20.77,True,None,sfc_cache_p5_1,0,None,8,21.32,99.0,16,10,0,0,0,False,100.0,7.034000000000001,5.534000000000001,6.6,0.0588,0.0833,0.0595,0.0597,2163.4863024299643,50.0,2213.4863024299643
0,1763421919.683511,0.2,5,0.0673,0.1395,0.0344,0.0499,7.5964,13.9452,4.9894,0.0,0.0,0.0,6.8,3.96,2.84,None,0.24437236785888672,23.747,True,None,sfc_unique_p5_1,0,None,8,21.32,99.0,16,10,0,0,0,False,100.0,7.034000000000001,5.534000000000001,6.6,0.0588,0.0833,0.0595,0.0597,2163.4863024299643,50.0,2213.4863024299643
0,1763421919.739703,0.3,6,0.0864,0.1395,0.0426,0.0499,10.0447,13.9452,4.9894,0.0,0.0,0.0,4.05,1.99,2.06,None,0.29566168785095215,21.207,True,None,sfc_cache_p6_1,0,None,12,25.65,132.0,20,12,0,0,0,False,100.0,7.7508333333333335,4.611666666666667,5.5,0.0556,0.0833,0.0575,0.0597,2180.0,60.0,2240.0
0,1763421919.7404716,0.3,6,0.0864,0.1395,0.0426,0.0499,10.0447,13.9452,4.9894,0.0,0.0,0.0,7.14,3.96,3.19,None,0.29566168785095215,23.787,True,None,sfc_unique_p6_1,0,None,12,25.65,132.0,20,12,0,0,0,False,100.0,7.7508333333333335,4.611666666666667,5.5,0.0556,0.0833,0.0575,0.0597,2180.0,60.0,2240.0
0,1763421940.468887,21.0,6,0.112,0.1395,0.0486,0.0748,13.3926,13.9452,7.4841,0.0,0.0,0.0,3.97,2.63,1.34,None,0.00019097328186035156,20.64,True,None,sfc_cache_p1_2,0,None,12,25.65,132.0,21,14,0,0,0,False,100.0,8.857857142857144,3.9528571428571433,7.071428571428571,0.0526,0.0833,0.0641,0.0759,2180.0,70.0,2250.0
0,1763421940.4697106,21.0,6,0.112,0.1395,0.0486,0.0748,13.3926,13.9452,7.4841,0.0,0.0,0.0,6.1,3.96,2.15,None,0.00019097328186035156,24.381,True,None,sfc_unique_p1_2,0,None,12,25.65,132.0,21,14,0,0,0,False,100.0,8.857857142857144,3.9528571428571433,7.071428571428571,0.0526,0.0833,0.0641,0.0759,2180.0,70.0,2250.0
0,1763421940.5227923,21.1,7,0.1146,0.184,0.0655,0.0748,13.9326,18.3978,7.4841,0.0,0.0,0.0,4.07,2.63,1.44,None,0.055963993072509766,20.539,True,None,sfc_cache_p2_2,0,None,20.33,25.65,165.0,25,16,0,0,0,False,100.0,8.063125,4.563125,6.1875,0.05,0.1582,0.0621,0.1021,2213.8635157096423,80.0,2293.8635157096423
0,1763421940.5236044,21.1,7,0.1146,0.184,0.0655,0.0748,13.9326,18.3978,7.4841,0.0,0.0,0.0,4.55,1.58,2.97,None,0.055963993072509766,24.464,True,None,sfc_unique_p2_2,0,None,20.33,25.65,165.0,25,16,0,0,0,False,100.0,8.063125,4.563125,6.1875,0.05,0.1582,0.0621,0.1021,2213.8635157096423,80.0,2293.8635157096423
0,1763421940.5742168,21.1,8,0.1225,0.2109,0.0763,0.0748,15.2285,21.0866,7.4841,0.0,0.0,0.0,4.06,2.0,2.06,None,0.10982680320739746,20.27,True,None,sfc_cache_p3_2,0,None,28.66,25.65,198.0,29,18,0,0,0,False,100.0,7.833888888888889,4.648888888888889,5.5,0.0564,0.1863,0.0602,0.1096,2236.5894869215294,90.0,2326.5894869215294
0,1763421940.575038,21.1,8,0.1225,0.2109,0.0763,0.0748,15.2285,21.0866,7.4841,0.0,0.0,0.0,6.52,2.93,3.59,None,0.10982680320739746,24.041,True,None,sfc_unique_p3_2,0,None,28.66,25.65,198.0,29,18,0,0,0,False,100.0,7.833888888888889,4.648888888888889,5.5,0.0564,0.1863,0.0602,0.1096,2236.5894869215294,90.0,2326.5894869215294
0,1763421940.6267579,21.2,9,0.1199,0.268,0.0922,0.0748,15.2285,26.7992,7.4841,0.0,0.0,0.0,3.44,2.03,1.41,None,0.1612260341644287,20.66,True,None,sfc_cache_p4_2,0,None,36.99,25.65,231.0,33,20,0,0,0,False,100.0,7.0504999999999995,5.3175,4.95,0.0538,0.235,0.0585,0.1124,2287.846924624671,100.0,2387.846924624671
0,1763421940.6275673,21.2,9,0.1199,0.268,0.0922,0.0748,15.2285,26.7992,7.4841,0.0,0.0,0.0,2.73,0.32,2.41,None,0.1612260341644287,24.209,True,None,sfc_unique_p4_2,0,None,36.99,25.65,231.0,33,20,0,0,0,False,100.0,7.0504999999999995,5.3175,4.95,0.0538,0.235,0.0585,0.1124,2287.846924624671,100.0,2387.846924624671
0,1763421940.678987,21.2,10,0.1182,0.3209,0.115,0.0748,15.4089,32.091,7.4841,0.0,0.0,0.0,4.11,2.67,1.44,None,0.21372008323669434,20.415,True,None,sfc_cache_p5_2,0,None,45.32,25.65,264.0,37,22,0,0,0,False,100.0,6.485454545454545,5.788636363636363,4.5,0.0526,0.27,0.0568,0.1149,2310.442268998607,110.0,2420.442268998607
0,1763421940.6797915,21.2,10,0.1182,0.3209,0.115,0.0748,15.4089,32.091,7.4841,0.0,0.0,0.0,3.32,0.32,3.0,None,0.21372008323669434,23.93,True,None,sfc_unique_p5_2,0,None,45.32,25.65,264.0,37,22,0,0,0,False,100.0,6.485454545454545,5.788636363636363,4.5,0.0526,0.27,0.0568,0.1149,2310.442268998607,110.0,2420.442268998607
0,1763421940.7371843,21.3,11,0.1264,0.347,0.1343,0.0748,16.7405,34.6966,7.4841,0.0,0.0,0.0,3.46,2.0,1.46,None,0.2659635543823242,20.687,True,None,sfc_cache_p6_2,0,None,53.65,25.65,297.0,41,24,0,0,0,False,100.0,6.458749999999999,5.7370833333333335,4.125,0.0578,0.3198,0.0552,0.1236,2343.3446331837176,120.0,2463.3446331837176
0,1763421940.7379916,21.3,11,0.1264,0.347,0.1343,0.0748,16.7405,34.6966,7.4841,0.0,0.0,0.0,5.87,2.9,2.97,None,0.2659635543823242,23.673,True,None,sfc_unique_p6_2,0,None,53.65,25.65,297.0,41,24,0,0,0,False,100.0,6.458749999999999,5.7370833333333335,4.125,0.0578,0.3198,0.0552,0.1236,2343.3446331837176,120.0,2463.3446331837176
0,1763421960.4844546,41.0,11,0.1394,0.3763,0.1544,0.0998,18.8291,37.6348,9.9788,0.0,0.0,0.0,5.43,2.27,3.16,None,0.0010333061218261719,16.794,True,None,sfc_cache_p1_3,0,None,53.65,25.65,297.0,42,26,0,0,0,False,100.0,6.7057692307692305,5.744230769230769,5.076923076923077,0.0692,0.3337,0.0807,0.1322,2361.4565148860793,130.0,2491.4565148860793
0,1763421960.4849234,41.0,11,0.1394,0.3763,0.1544,0.0998,18.8291,37.6348,9.9788,0.0,0.0,0.0,5.98,2.85,3.13,None,0.0010333061218261719,14.102,True,None,sfc_unique_p1_3,0,None,53.65,25.65,297.0,42,26,0,0,0,False,100.0,6.7057692307692305,5.744230769230769,5.076923076923077,0.0692,0.3337,0.0807,0.1322,2361.4565148860793,130.0,2491.4565148860793
0,1763421960.522747,41.1,12,0.1531,0.4015,0.1743,0.1247,21.097,40.1547,12.4735,0.0,0.0,0.0,4.38,0.2,4.17,None,0.04240775108337402,13.885,True,None,sfc_cache_p2_3,0,None,53.65,25.65,297.0,44,28,0,0,0,False,100.0,6.976785714285714,5.691071428571428,5.892857142857143,0.074,0.3596,0.1048,0.1434,2394.2208431634353,140.0,2534.2208431634353
0,1763421960.5232363,41.1,12,0.1531,0.4015,0.1743,0.1247,21.097,40.1547,12.4735,0.0,0.0,0.0,8.21,4.18,4.03,None,0.04240775108337402,16.296,True,None,sfc_unique_p2_3,0,None,53.65,25.65,297.0,44,28,0,0,0,False,100.0,6.976785714285714,5.691071428571428,5.892857142857143,0.074,0.3596,0.1048,0.1434,2394.2208431634353,140.0,2534.2208431634353
0,1763421960.5785997,41.1,13,0.154,0.4587,0.2072,0.1497,21.529,45.8674,14.9682,0.0,0.0,0.0,3.55,1.43,2.12,None,0.08069825172424316,20.084,True,None,sfc_cache_p3_3,0,None,53.65,29.98,297.0,47,30,0,0,0,False,100.0,6.645,6.067333333333334,6.6,0.0723,0.4346,0.1202,0.1386,2438.3808029219867,150.0,2588.3808029219867
0,1763421960.5794072,41.1,13,0.154,0.4587,0.2072,0.1497,21.529,45.8674,14.9682,0.0,0.0,0.0,4.74,0.32,4.42,None,0.08069825172424316,23.217,True,None,sfc_unique_p3_3,0,None,53.65,29.98,297.0,47,30,0,0,0,False,100.0,6.645,6.067333333333334,6.6,0.0723,0.4346,0.1202,0.1386,2438.3808029219867,150.0,2588.3808029219867
0,1763421960.613397,41.1,14,0.1601,0.4965,0.2281,0.1497,22.825,49.6472,14.9682,0.0,0.0,0.0,3.65,1.43,2.22,None,0.13714194297790527,11.949,True,None,sfc_cache_p4_3,0,None,57.65,29.98,330.0,50,32,0,0,0,False,100.0,6.6046875,6.156875,6.1875,0.0721,0.4801,0.1172,0.1365,2479.352556520501,160.0,2639.352556520501
0,1763421960.6138551,41.1,14,0.1601,0.4965,0.2281,0.1497,22.825,49.6472,14.9682,0.0,0.0,0.0,6.37,3.0,3.36,None,0.13714194297790527,14.141,True,None,sfc_unique_p4_3,0,None,57.65,29.98,330.0,50,32,0,0,0,False,100.0,6.6046875,6.156875,6.1875,0.0721,0.4801,0.1172,0.1365,2479.352556520501,160.0,2639.352556520501
0,1763421960.6594157,41.2,15,0.1673,0.5275,0.2535,0.1497,24.4093,52.7543,14.9682,0.0,0.0,0.0,6.77,4.2,2.56,None,0.17127180099487305,19.964,True,None,sfc_cache_p5_3,0,None,61.65,29.98,363.0,53,34,0,0,0,False,100.0,6.64764705882353,6.1573529411764705,5.823529411764706,0.0751,0.4964,0.1143,0.1348,2512.5660478808104,170.0,2682.5660478808104
0,1763421960.6598957,41.2,15,0.1673,0.5275,0.2535,0.1497,24.4093,52.7543,14.9682,0.0,0.0,0.0,5.46,1.67,3.79,None,0.17127180099487305,16.245,True,None,sfc_unique_p5_3,0,None,61.65,29.98,363.0,53,34,0,0,0,False,100.0,6.64764705882353,6.1573529411764705,5.823529411764706,0.0751,0.4964,0.1143,0.1348,2512.5660478808104,170.0,2682.5660478808104
0,1763421960.6991353,41.2,16,0.173,0.5645,0.2746,0.1746,25.7052,56.451,17.463,0.0,0.0,0.0,2.69,0.17,2.51,None,0.21728229522705078,17.969,True,None,sfc_cache_p6_3,0,None,61.65,34.31,363.0,56,36,0,0,0,False,100.0,6.611666666666667,6.222777777777778,6.416666666666667,0.0733,0.5131,0.1352,0.1319,2529.1478463640174,180.0,2709.1478463640174
0,1763421960.699633,41.2,16,0.173,0.5645,0.2746,0.1746,25.7052,56.451,17.463,0.0,0.0,0.0,6.57,2.92,3.65,None,0.21728229522705078,13.815,True,None,sfc_unique_p6_3,0,None,61.65,34.31,363.0,56,36,0,0,0,False,100.0,6.611666666666667,6.222777777777778,6.416666666666667,0.0733,0.5131,0.1352,0.1319,2529.1478463640174,180.0,2709.1478463640174
0,1763421976.5180378,57.0,16,0.1858,0.5864,0.3023,0.1996,28.1168,58.6357,19.9577,0.0,0.0,0.0,5.38,2.78,2.6,None,0.0011515617370605469,19.403,True,None,sfc_cache_p1_4,0,None,61.65,34.31,363.0,57,38,0,0,0,False,100.0,6.851315789473685,6.123421052631579,6.947368421052632,0.0858,0.5118,0.1388,0.135,2537.5147506094468,190.0,2727.5147506094468
0,1763421976.5185413,57.0,16,0.1858,0.5864,0.3023,0.1996,28.1168,58.6357,19.9577,0.0,0.0,0.0,10.97,5.6,5.37,None,0.0011515617370605469,17.799,True,None,sfc_unique_p1_4,0,None,61.65,34.31,363.0,57,38,0,0,0,False,100.0,6.851315789473685,6.123421052631579,6.947368421052632,0.0858,0.5118,0.1388,0.135,2537.5147506094468,190.0,2727.5147506094468
0,1763421976.5607662,57.1,17,0.1892,0.6275,0.3395,0.1996,29.2691,62.7507,19.9577,0.0,0.0,0.0,5.82,2.01,3.82,None,0.05010080337524414,15.065,True,None,sfc_cache_p2_4,0,None,65.65,34.31,396.0,60,40,0,0,0,False,100.0,6.775499999999999,6.2255,6.6,0.0929,0.6161,0.1357,0.1516,2578.9518849539754,200.0,2778.9518849539754
0,1763421976.561264,57.1,17,0.1892,0.6275,0.3395,0.1996,29.2691,62.7507,19.9577,0.0,0.0,0.0,7.48,1.7,5.78,None,0.05010080337524414,13.697,True,None,sfc_unique_p2_4,0,None,65.65,34.31,396.0,60,40,0,0,0,False,100.0,6.775499999999999,6.2255,6.6,0.0929,0.6161,0.1357,0.1516,2578.9518849539754,200.0,2778.9518849539754
0,1763421976.6009135,57.1,18,0.1919,0.6628,0.3863,0.1996,30.2054,66.2786,19.9577,0.0,0.0,0.0,7.28,2.23,5.06,None,0.09281325340270996,13.63,True,None,sfc_cache_p3_4,0,None,73.98,34.31,429.0,64,42,0,0,0,False,100.0,6.659285714285714,6.262380952380952,6.285714285714286,0.1071,0.6997,0.1327,0.1738,2607.012002710406,210.0,2817.012002710406
0,1763421976.6013908,57.1,18,0.1919,0.6628,0.3863,0.1996,30.2054,66.2786,19.9577,0.0,0.0,0.0,10.32,3.63,6.69,None,0.09281325340270996,12.409,True,None,sfc_unique_p3_4,0,None,73.98,34.31,429.0,64,42,0,0,0,False,100.0,6.659285714285714,6.262380952380952,6.285714285714286,0.1071,0.6997,0.1327,0.1738,2607.012002710406,210.0,2817.012002710406
0,1763421976.6558084,57.2,19,0.1887,0.7199,0.4256,0.1996,30.2054,71.9912,19.9577,0.0,0.0,0.0,9.18,3.3,5.88,None,0.13193035125732422,18.527,True,None,sfc_cache_p4_4,0,None,82.31,34.31,462.0,67,44,0,0,0,False,100.0,6.356590909090909,6.492954545454546,6.0,0.104,0.7302,0.1298,0.1826,2631.9740828837535,220.0,2851.9740828837535
0,1763421976.6566496,57.2,19,0.1887,0.7199,0.4256,0.1996,30.2054,71.9912,19.9577,0.0,0.0,0.0,4.03,0.22,3.8,None,0.13193035125732422,19.817,True,None,sfc_unique_p4_4,0,None,82.31,34.31,462.0,67,44,0,0,0,False,100.0,6.356590909090909,6.492954545454546,6.0,0.104,0.7302,0.1298,0.1826,2631.9740828837535,220.0,2851.9740828837535
0,1763421976.7100039,57.2,20,0.1878,0.7686,0.4715,0.1996,30.565,76.8647,19.9577,0.0,0.0,0.0,7.0,2.14,4.86,None,0.18747258186340332,18.53,True,None,sfc_cache_p5_4,0,None,90.64,34.31,495.0,71,46,0,0,0,False,100.0,6.152608695652174,6.631086956521739,5.739130434782608,0.1006,0.7564,0.127,0.1934,2667.4742074774695,230.0,2897.4742074774695
0,1763421976.710822,57.2,20,0.1878,0.7686,0.4715,0.1996,30.565,76.8647,19.9577,0.0,0.0,0.0,8.07,1.57,6.5,None,0.18747258186340332,19.575,True,None,sfc_unique_p5_4,0,None,90.64,34.31,495.0,71,46,0,0,0,False,100.0,6.152608695652174,6.631086956521739,5.739130434782608,0.1006,0.7564,0.127,0.1934,2667.4742074774695,230.0,2897.4742074774695
0,1763421976.7573378,57.3,21,0.1878,0.7686,0.4715,0.1996,30.565,76.8647,19.9577,0.0,0.0,0.0,7.9,2.78,5.12,None,0.241607666015625,18.145,False,None,sfc_cache_p6_4,0,None,90.64,34.31,495.0,71,46,0,0,0,False,97.87234042553192,6.152608695652174,6.631086956521739,5.739130434782608,0.1006,0.7564,0.127,0.1934,2667.4742074774695,230.0,2897.4742074774695
0,1763421976.7578325,57.3,21,0.1878,0.7686,0.4715,0.1996,30.565,76.8647,19.9577,0.0,0.0,0.0,15.26,0,15.26,None,0.241607666015625,13.461,False,None,sfc_unique_p6_4,0,None,90.64,34.31,495.0,71,46,0,0,0,False,95.83333333333334,6.152608695652174,6.631086956521739,5.739130434782608,0.1006,0.7564,0.127,0.1934,2667.4742074774695,230.0,2897.4742074774695
0,1763421980.8114567,61.3,21,0.1922,0.7729,0.5185,0.2245,31.2843,77.2856,22.4524,0.0,0.0,0.0,9.78,3.74,6.04,None,3.2901763916015625e-05,19.347,True,None,sfc_cache_p5_2,0,None,82.31,34.31,462.0,69,46,0,0,0,False,95.91836734693877,6.297391304347826,6.6673913043478255,6.456521739130435,0.1094,0.7845,0.1257,0.2044,2690.169618075548,230.0,2920.169618075548
0,1763421980.8122768,61.3,21,0.1922,0.7729,0.5185,0.2245,31.2843,77.2856,22.4524,0.0,0.0,0.0,10.12,0.28,9.85,None,3.2901763916015625e-05,20.63,True,None,sfc_unique_p5_2,0,None,82.31,34.31,462.0,69,46,0,0,0,False,96.0,6.297391304347826,6.6673913043478255,6.456521739130435,0.1094,0.7845,0.1257,0.2044,2690.169618075548,230.0,2920.169618075548
0,1763421990.7943113,71.3,21,0.1809,0.7729,0.5125,0.2245,28.836,77.2856,22.4524,0.0,0.0,0.0,9.88,5.81,4.07,None,2.2411346435546875e-05,10.89,False,None,sfc_cache_p1_2,0,None,73.98,34.31,429.0,65,44,0,0,0,False,94.11764705882352,6.068409090909091,6.970454545454545,6.75,0.1164,0.7845,0.1284,0.203,2690.169618075548,220.0,2910.169618075548
0,1763421990.7948084,71.3,21,0.1809,0.7729,0.5125,0.2245,28.836,77.2856,22.4524,0.0,0.0,0.0,15.66,0,15.66,None,2.2411346435546875e-05,9.679,False,None,sfc_unique_p1_2,0,None,73.98,34.31,429.0,65,44,0,0,0,False,92.3076923076923,6.068409090909091,6.970454545454545,6.75,0.1164,0.7845,0.1284,0.203,2690.169618075548,220.0,2910.169618075548
0,1763421995.8082728,76.3,21,0.1713,0.7023,0.4763,0.2245,26.9644,70.2273,22.4524,0.0,0.0,0.0,5.93,3.97,1.96,None,2.4557113647460938e-05,15.65,False,None,sfc_cache_p6_2,0,None,57.32,34.31,363.0,57,40,0,0,0,False,90.56603773584906,6.242,6.96725,7.425,0.1242,0.724,0.1313,0.2011,2653.344618075548,210.0,2863.344618075548
0,1763421995.8088145,76.3,21,0.1713,0.7023,0.4763,0.2245,26.9644,70.2273,22.4524,0.0,0.0,0.0,None,None,None,None,2.4557113647460938e-05,10.981,False,None,sfc_unique_p6_2,0,None,57.32,34.31,363.0,57,40,0,0,0,False,88.88888888888889,6.242,6.96725,7.425,0.1242,0.724,0.1313,0.2011,2653.344618075548,210.0,2863.344618075548
0,1763421995.8408084,76.4,21,0.1736,0.7023,0.4763,0.2245,26.9644,70.2273,22.4524,0.0,0.0,0.0,4.4,2.63,1.78,None,0.0378568172454834,12.711,False,None,sfc_cache_p2_2,0,None,57.32,34.31,363.0,57,40,0,0,0,False,87.27272727272727,6.242,6.96725,7.425,0.1281,0.724,0.1343,0.2011,2653.344618075548,200.0,2853.344618075548
0,1763421995.8413472,76.4,21,0.1736,0.7023,0.4763,0.2245,26.9644,70.2273,22.4524,0.0,0.0,0.0,None,None,None,None,0.0378568172454834,11.138,False,None,sfc_unique_p2_2,0,None,57.32,34.31,363.0,57,40,0,0,0,False,85.71428571428571,6.242,6.96725,7.425,0.1281,0.724,0.1343,0.2011,2653.344618075548,200.0,2853.344618075548
0,1763421996.5323434,77.1,21,0.1819,0.7359,0.5116,0.2495,28.8727,73.5863,24.9471,0.0,0.0,0.0,6.11,2.2,3.91,None,7.534027099609375e-05,11.726,True,None,sfc_cache_p1_5,0,None,57.32,34.31,363.0,57,42,0,0,0,False,85.96491228070175,6.365476190476191,6.952857142857143,7.857142857142857,0.1368,0.7317,0.1523,0.2071,2671.5996180755483,210.0,2881.5996180755483
0,1763421996.5328329,77.1,21,0.1819,0.7359,0.5116,0.2495,28.8727,73.5863,24.9471,0.0,0.0,0.0,8.15,2.84,5.31,None,7.534027099609375e-05,12.674,True,None,sfc_unique_p1_5,0,None,57.32,34.31,363.0,57,42,0,0,0,False,86.20689655172413,6.365476190476191,6.952857142857143,7.857142857142857,0.1368,0.7317,0.1523,0.2071,2671.5996180755483,210.0,2881.5996180755483
0,1763421996.5685313,77.1,22,0.1819,0.7359,0.5116,0.2495,28.8727,73.5863,24.9471,0.0,0.0,0.0,3.93,2.03,1.9,None,0.03746819496154785,11.88,False,None,sfc_cache_p2_5,0,None,57.32,34.31,363.0,57,42,0,0,0,False,84.7457627118644,6.365476190476191,6.952857142857143,7.857142857142857,0.1368,0.7317,0.1523,0.2071,2671.5996180755483,210.0,2881.5996180755483
0,1763421996.569032,77.1,22,0.1819,0.7359,0.5116,0.2495,28.8727,73.5863,24.9471,0.0,0.0,0.0,None,None,None,None,0.03746819496154785,11.581,False,None,sfc_unique_p2_5,0,None,57.32,34.31,363.0,57,42,0,0,0,False,83.33333333333334,6.365476190476191,6.952857142857143,7.857142857142857,0.1368,0.7317,0.1523,0.2071,2671.5996180755483,210.0,2881.5996180755483
0,1763421996.6017337,77.1,23,0.1819,0.7359,0.5116,0.2495,28.8727,73.5863,24.9471,0.0,0.0,0.0,None,None,None,None,0.07353806495666504,9.709,False,None,sfc_cache_p3_5,0,None,57.32,34.31,363.0,57,42,0,0,0,False,81.9672131147541,6.365476190476191,6.952857142857143,7.857142857142857,0.1368,0.7317,0.1523,0.2071,2671.5996180755483,210.0,2881.5996180755483
0,1763421996.602221,77.1,23,0.1819,0.7359,0.5116,0.2495,28.8727,73.5863,24.9471,0.0,0.0,0.0,5.76,1.7,4.06,None,0.07353806495666504,12.586,False,None,sfc_unique_p3_5,0,None,57.32,34.31,363.0,57,42,0,0,0,False,80.64516129032258,6.365476190476191,6.952857142857143,7.857142857142857,0.1368,0.7317,0.1523,0.2071,2671.5996180755483,210.0,2881.5996180755483
0,1763421996.6624844,77.2,24,0.1819,0.7359,0.5116,0.2495,28.8727,73.5863,24.9471,0.0,0.0,0.0,9.5,3.45,6.05,None,0.10669994354248047,18.789,False,None,sfc_cache_p4_5,0,None,57.32,34.31,363.0,57,42,0,0,0,False,79.36507936507937,6.365476190476191,6.952857142857143,7.857142857142857,0.1368,0.7317,0.1523,0.2071,2671.5996180755483,210.0,2881.5996180755483
0,1763421996.6633284,77.2,24,0.1819,0.7359,0.5116,0.2495,28.8727,73.5863,24.9471,0.0,0.0,0.0,None,None,None,None,0.10669994354248047,20.206,False,None,sfc_unique_p4_5,0,None,57.32,34.31,363.0,57,42,0,0,0,False,78.125,6.365476190476191,6.952857142857143,7.857142857142857,0.1368,0.7317,0.1523,0.2071,2671.5996180755483,210.0,2881.5996180755483
0,1763421996.7047768,77.2,25,0.1819,0.7359,0.5116,0.2495,28.8727,73.5863,24.9471,0.0,0.0,0.0,None,None,None,None,0.1680891513824463,12.611,False,None,sfc_cache_p5_5,0,None,57.32,34.31,363.0,57,42,0,0,0,False,76.92307692307693,6.365476190476191,6.952857142857143,7.857142857142857,0.1368,0.7317,0.1523,0.2071,2671.5996180755483,210.0,2881.5996180755483
0,1763421996.7052667,77.2,25,0.1819,0.7359,0.5116,0.2495,28.8727,73.5863,24.9471,0.0,0.0,0.0,9.8,5.4,4.4,None,0.1680891513824463,12.325,False,None,sfc_unique_p5_5,0,None,57.32,34.31,363.0,57,42,0,0,0,False,75.75757575757575,6.365476190476191,6.952857142857143,7.857142857142857,0.1368,0.7317,0.1523,0.2071,2671.5996180755483,210.0,2881.5996180755483
0,1763421996.7498627,77.3,26,0.1819,0.7359,0.5116,0.2495,28.8727,73.5863,24.9471,0.0,0.0,0.0,8.27,3.26,5.01,None,0.20969080924987793,18.737,False,None,sfc_cache_p6_5,0,None,57.32,34.31,363.0,57,42,0,0,0,False,74.6268656716418,6.365476190476191,6.952857142857143,7.857142857142857,0.1368,0.7317,0.1523,0.2071,2671.5996180755483,210.0,2881.5996180755483
0,1763421996.7503805,77.3,26,0.1819,0.7359,0.5116,0.2495,28.8727,73.5863,24.9471,0.0,0.0,0.0,None,None,None,None,0.20969080924987793,11.396,False,None,sfc_unique_p6_5,0,None,57.32,34.31,363.0,57,42,0,0,0,False,73.52941176470588,6.365476190476191,6.952857142857143,7.857142857142857,0.1368,0.7317,0.1523,0.2071,2671.5996180755483,210.0,2881.5996180755483
0,1763422000.8726285,81.4,26,0.1369,0.6972,0.4791,0.2744,21.6359,69.7208,27.4418,0.0,0.0,0.0,3.24,1.35,1.89,None,1.7642974853515625e-05,13.416,True,None,sfc_cache_p3_2,0,None,36.99,12.99,198.0,39,34,0,0,0,False,73.91304347826086,5.892352941176471,8.13764705882353,10.676470588235293,0.1482,0.7309,0.1519,0.2024,2635.2256047649153,210.0,2845.2256047649153
0,1763422000.8731422,81.4,26,0.1369,0.6972,0.4791,0.2744,21.6359,69.7208,27.4418,0.0,0.0,0.0,4.95,1.41,3.54,None,1.7642974853515625e-05,13.596,True,None,sfc_unique_p3_2,0,None,36.99,12.99,198.0,39,34,0,0,0,False,74.28571428571429,5.892352941176471,8.13764705882353,10.676470588235293,0.1482,0.7309,0.1519,0.2024,2635.2256047649153,210.0,2845.2256047649153
0,1763422000.9047887,81.4,26,0.1576,0.7014,0.4872,0.2994,24.8034,70.1416,29.9365,0.0,0.0,0.0,4.5,1.58,2.93,None,0.09655261039733887,12.042,True,None,sfc_cache_p6_1,0,None,36.99,12.99,198.0,41,36,0,0,0,False,74.64788732394366,6.379722222222222,7.731944444444445,11.0,0.1514,0.7302,0.1662,0.2039,2664.010235627011,210.0,2874.010235627011
0,1763422000.9053082,81.4,26,0.1576,0.7014,0.4872,0.2994,24.8034,70.1416,29.9365,0.0,0.0,0.0,8.55,3.96,4.59,None,0.09655261039733887,13.0,True,None,sfc_unique_p6_1,0,None,36.99,12.99,198.0,41,36,0,0,0,False,75.0,6.379722222222222,7.731944444444445,11.0,0.1514,0.7302,0.1662,0.2039,2664.010235627011,210.0,2874.010235627011
0,1763422000.9371135,81.5,26,0.172,0.7056,0.546,0.2994,27.0714,70.5624,29.9365,0.0,0.0,0.0,8.18,1.58,6.6,None,0.129302978515625,11.795,True,None,sfc_cache_p5_1,0,None,45.32,12.99,231.0,45,38,0,0,0,False,75.34246575342466,6.596578947368421,7.368947368421052,10.421052631578947,0.1507,0.7293,0.1662,0.2085,2681.98135787191,210.0,2891.98135787191
0,1763422000.9376054,81.5,26,0.172,0.7056,0.546,0.2994,27.0714,70.5624,29.9365,0.0,0.0,0.0,16.76,6.88,9.88,None,0.129302978515625,13.147,True,None,sfc_unique_p5_1,0,None,45.32,12.99,231.0,45,38,0,0,0,False,75.67567567567568,6.596578947368421,7.368947368421052,10.421052631578947,0.1507,0.7293,0.1662,0.2085,2681.98135787191,210.0,2891.98135787191
0,1763422000.971347,81.5,26,0.175,0.7056,0.546,0.2994,27.0714,70.5624,29.9365,0.0,0.0,0.0,15.01,0,15.01,None,0.16222691535949707,11.878,False,None,sfc_cache_p4_1,0,None,45.32,12.99,231.0,45,38,0,0,0,False,74.66666666666667,6.596578947368421,7.368947368421052,10.421052631578947,0.1554,0.7293,0.17,0.2085,2681.98135787191,200.0,2881.98135787191
0,1763422000.9718497,81.5,26,0.175,0.7056,0.546,0.2994,27.0714,70.5624,29.9365,0.0,0.0,0.0,17.07,0,17.07,None,0.16222691535949707,11.217,False,None,sfc_unique_p4_1,0,None,45.32,12.99,231.0,45,38,0,0,0,False,73.68421052631578,6.596578947368421,7.368947368421052,10.421052631578947,0.1554,0.7293,0.17,0.2085,2681.98135787191,200.0,2881.98135787191
0,1763422001.004511,81.5,26,0.1773,0.7056,0.546,0.2994,27.0714,70.5624,29.9365,0.0,0.0,0.0,14.84,0,14.84,None,0.19708752632141113,10.382,False,None,sfc_cache_p1_1,0,None,45.32,12.99,231.0,45,38,0,0,0,False,72.72727272727273,6.596578947368421,7.368947368421052,10.421052631578947,0.1604,0.7293,0.1739,0.2085,2681.98135787191,190.0,2871.98135787191
0,1763422001.0050154,81.5,26,0.1773,0.7056,0.546,0.2994,27.0714,70.5624,29.9365,0.0,0.0,0.0,16.73,0,16.73,None,0.19708752632141113,11.317,False,None,sfc_unique_p1_1,0,None,45.32,12.99,231.0,45,38,0,0,0,False,71.7948717948718,6.596578947368421,7.368947368421052,10.421052631578947,0.1604,0.7293,0.1739,0.2085,2681.98135787191,190.0,2871.98135787191
0,1763422005.8354776,86.4,26,0.1794,0.6367,0.4772,0.2744,27.1437,63.673,27.4418,0.0,0.0,0.0,2.29,0.16,2.13,None,2.8133392333984375e-05,20.434,True,None,sfc_cache_p5_2,0,None,45.32,8.66,231.0,42,36,0,0,0,False,72.15189873417721,6.9816666666666665,7.018888888888889,10.083333333333334,0.1468,0.719,0.1752,0.206,2664.4267381730738,190.0,2854.4267381730738
0,1763422005.83598,86.4,26,0.1794,0.6367,0.4772,0.2744,27.1437,63.673,27.4418,0.0,0.0,0.0,5.17,1.41,3.76,None,2.8133392333984375e-05,23.482,True,None,sfc_unique_p5_2,0,None,45.32,8.66,231.0,42,36,0,0,0,False,72.5,6.9816666666666665,7.018888888888889,10.083333333333334,0.1468,0.719,0.1752,0.206,2664.4267381730738,190.0,2854.4267381730738
0,1763422005.880208,86.4,26,0.1973,0.6518,0.4983,0.2994,29.8436,65.185,29.9365,0.0,0.0,0.0,6.22,1.43,4.79,None,0.056031227111816406,20.185,True,None,sfc_cache_p2_1,0,None,45.32,8.66,231.0,44,38,0,0,0,False,72.8395061728395,7.272105263157894,6.807368421052632,10.421052631578947,0.1413,0.7144,0.1739,0.2079,2664.4267381730738,190.0,2854.4267381730738
0,1763422005.880714,86.4,26,0.1973,0.6518,0.4983,0.2994,29.8436,65.185,29.9365,0.0,0.0,0.0,8.42,3.96,4.47,None,0.056031227111816406,13.597,True,None,sfc_unique_p2_1,0,None,45.32,8.66,231.0,44,38,0,0,0,False,73.17073170731707,7.272105263157894,6.807368421052632,10.421052631578947,0.1413,0.7144,0.1739,0.2079,2664.4267381730738,190.0,2854.4267381730738
0,1763422019.5836203,100.1,26,0.1973,0.6518,0.4983,0.2994,29.8436,65.185,29.9365,0.0,0.0,0.0,4.05,2.47,1.58,None,0.00017523765563964844,19.593,False,None,sfc_cache_p1_6,0,None,45.32,8.66,231.0,44,38,0,0,0,False,72.28915662650603,7.272105263157894,6.807368421052632,10.421052631578947,0.1413,0.7144,0.1739,0.2079,2664.4267381730738,190.0,2854.4267381730738
0,1763422019.5844672,100.1,26,0.1973,0.6518,0.4983,0.2994,29.8436,65.185,29.9365,0.0,0.0,0.0,None,None,None,None,0.00017523765563964844,19.606,False,None,sfc_unique_p1_6,0,None,45.32,8.66,231.0,44,38,0,0,0,False,71.42857142857143,7.272105263157894,6.807368421052632,10.421052631578947,0.1413,0.7144,0.1739,0.2079,2664.4267381730738,190.0,2854.4267381730738
0,1763422019.6419108,100.2,27,0.1973,0.6518,0.4983,0.2994,29.8436,65.185,29.9365,0.0,0.0,0.0,4.17,2.47,1.7,None,0.06342554092407227,20.878,False,None,sfc_cache_p2_6,0,None,45.32,8.66,231.0,44,38,0,0,0,False,70.58823529411765,7.272105263157894,6.807368421052632,10.421052631578947,0.1413,0.7144,0.1739,0.2079,2664.4267381730738,190.0,2854.4267381730738
0,1763422019.642805,100.2,27,0.1973,0.6518,0.4983,0.2994,29.8436,65.185,29.9365,0.0,0.0,0.0,None,None,None,None,0.06342554092407227,19.52,False,None,sfc_unique_p2_6,0,None,45.32,8.66,231.0,44,38,0,0,0,False,69.76744186046511,7.272105263157894,6.807368421052632,10.421052631578947,0.1413,0.7144,0.1739,0.2079,2664.4267381730738,190.0,2854.4267381730738
0,1763422019.6844583,100.2,28,0.1973,0.6518,0.4983,0.2994,29.8436,65.185,29.9365,0.0,0.0,0.0,3.62,2.21,1.4,None,0.12175846099853516,13.885,False,None,sfc_cache_p3_6,0,None,45.32,8.66,231.0,44,38,0,0,0,False,68.96551724137932,7.272105263157894,6.807368421052632,10.421052631578947,0.1413,0.7144,0.1739,0.2079,2664.4267381730738,190.0,2854.4267381730738
0,1763422019.68495,100.2,28,0.1973,0.6518,0.4983,0.2994,29.8436,65.185,29.9365,0.0,0.0,0.0,None,None,None,None,0.12175846099853516,11.853,False,None,sfc_unique_p3_6,0,None,45.32,8.66,231.0,44,38,0,0,0,False,68.18181818181817,7.272105263157894,6.807368421052632,10.421052631578947,0.1413,0.7144,0.1739,0.2079,2664.4267381730738,190.0,2854.4267381730738
0,1763422019.7266822,100.3,29,0.1973,0.6518,0.4983,0.2994,29.8436,65.185,29.9365,0.0,0.0,0.0,6.06,2.65,3.42,None,0.16354870796203613,12.199,False,None,sfc_cache_p4_6,0,None,45.32,8.66,231.0,44,38,0,0,0,False,67.41573033707866,7.272105263157894,6.807368421052632,10.421052631578947,0.1413,0.7144,0.1739,0.2079,2664.4267381730738,190.0,2854.4267381730738
0,1763422019.7271721,100.3,29,0.1973,0.6518,0.4983,0.2994,29.8436,65.185,29.9365,0.0,0.0,0.0,14.97,0,14.97,None,0.16354870796203613,11.895,False,None,sfc_unique_p4_6,0,None,45.32,8.66,231.0,44,38,0,0,0,False,66.66666666666666,7.272105263157894,6.807368421052632,10.421052631578947,0.1413,0.7144,0.1739,0.2079,2664.4267381730738,190.0,2854.4267381730738
0,1763422019.7711382,100.3,30,0.1973,0.6518,0.4983,0.2994,29.8436,65.185,29.9365,0.0,0.0,0.0,6.21,2.83,3.37,None,0.20573830604553223,15.312,False,None,sfc_cache_p5_6,0,None,45.32,8.66,231.0,44,38,0,0,0,False,65.93406593406593,7.272105263157894,6.807368421052632,10.421052631578947,0.1413,0.7144,0.1739,0.2079,2664.4267381730738,190.0,2854.4267381730738
0,1763422019.771639,100.3,30,0.1973,0.6518,0.4983,0.2994,29.8436,65.185,29.9365,0.0,0.0,0.0,14.89,0,14.89,None,0.20573830604553223,12.01,False,None,sfc_unique_p5_6,0,None,45.32,8.66,231.0,44,38,0,0,0,False,65.21739130434783,7.272105263157894,6.807368421052632,10.421052631578947,0.1413,0.7144,0.1739,0.2079,2664.4267381730738,190.0,2854.4267381730738
0,1763422019.8150518,100.3,31,0.1973,0.6518,0.4983,0.2994,29.8436,65.185,29.9365,0.0,0.0,0.0,4.51,2.47,2.04,None,0.2501816749572754,15.053,False,None,sfc_cache_p6_6,0,None,45.32,8.66,231.0,44,38,0,0,0,False,64.51612903225806,7.272105263157894,6.807368421052632,10.421052631578947,0.1413,0.7144,0.1739,0.2079,2664.4267381730738,190.0,2854.4267381730738
0,1763422019.8155677,100.3,31,0.1973,0.6518,0.4983,0.2994,29.8436,65.185,29.9365,0.0,0.0,0.0,None,None,None,None,0.2501816749572754,11.808,False,None,sfc_unique_p6_6,0,None,45.32,8.66,231.0,44,38,0,0,0,False,63.829787234042556,7.272105263157894,6.807368421052632,10.421052631578947,0.1413,0.7144,0.1739,0.2079,2664.4267381730738,190.0,2854.4267381730738
0,1763422020.8313768,101.4,31,0.1957,0.6493,0.4986,0.2994,29.484,64.933,29.9365,0.0,0.0,0.0,3.72,1.35,2.36,None,2.9325485229492188e-05,16.626,True,None,sfc_cache_p3_1,0,None,45.32,12.99,231.0,45,38,0,0,0,False,64.21052631578948,7.184473684210526,6.781052631578947,10.421052631578947,0.1421,0.7153,0.1739,0.2073,2664.4267381730738,190.0,2854.4267381730738
0,1763422020.8318713,101.4,31,0.1957,0.6493,0.4986,0.2994,29.484,64.933,29.9365,0.0,0.0,0.0,6.92,2.68,4.23,None,2.9325485229492188e-05,13.409,True,None,sfc_unique_p3_1,0,None,45.32,12.99,231.0,45,38,0,0,0,False,64.58333333333334,7.184473684210526,6.781052631578947,10.421052631578947,0.1421,0.7153,0.1739,0.2073,2664.4267381730738,190.0,2854.4267381730738
0,1763422031.6074424,112.1,31,0.1957,0.6493,0.4986,0.2994,29.484,64.933,29.9365,0.0,0.0,0.0,5.41,2.47,2.93,None,0.00017714500427246094,19.618,False,None,sfc_cache_p1_7,0,None,45.32,12.99,231.0,45,38,0,0,0,False,63.91752577319587,7.184473684210526,6.781052631578947,10.421052631578947,0.1421,0.7153,0.1739,0.2073,2664.4267381730738,190.0,2854.4267381730738
0,1763422031.6082988,112.1,31,0.1957,0.6493,0.4986,0.2994,29.484,64.933,29.9365,0.0,0.0,0.0,16.07,0,16.07,None,0.00017714500427246094,18.345,False,None,sfc_unique_p1_7,0,None,45.32,12.99,231.0,45,38,0,0,0,False,63.26530612244898,7.184473684210526,6.781052631578947,10.421052631578947,0.1421,0.7153,0.1739,0.2073,2664.4267381730738,190.0,2854.4267381730738
0,1763422031.666374,112.2,32,0.1957,0.6493,0.4986,0.2994,29.484,64.933,29.9365,0.0,0.0,0.0,7.23,2.67,4.55,None,0.05671501159667969,19.469,False,None,sfc_cache_p2_7,0,None,45.32,12.99,231.0,45,38,0,0,0,False,62.62626262626263,7.184473684210526,6.781052631578947,10.421052631578947,0.1421,0.7153,0.1739,0.2073,2664.4267381730738,190.0,2854.4267381730738
0,1763422031.6672442,112.2,32,0.1957,0.6493,0.4986,0.2994,29.484,64.933,29.9365,0.0,0.0,0.0,15.72,0,15.72,None,0.05671501159667969,18.19,False,None,sfc_unique_p2_7,0,None,45.32,12.99,231.0,45,38,0,0,0,False,62.0,7.184473684210526,6.781052631578947,10.421052631578947,0.1421,0.7153,0.1739,0.2073,2664.4267381730738,190.0,2854.4267381730738
0,1763422031.7293007,112.3,33,0.1957,0.6493,0.4986,0.2994,29.484,64.933,29.9365,0.0,0.0,0.0,5.3,2.47,2.83,None,0.11564874649047852,19.753,False,None,sfc_cache_p3_7,0,None,45.32,12.99,231.0,45,38,0,0,0,False,61.386138613861384,7.184473684210526,6.781052631578947,10.421052631578947,0.1421,0.7153,0.1739,0.2073,2664.4267381730738,190.0,2854.4267381730738
0,1763422031.7301593,112.3,33,0.1957,0.6493,0.4986,0.2994,29.484,64.933,29.9365,0.0,0.0,0.0,15.87,0,15.87,None,0.11564874649047852,18.171,False,None,sfc_unique_p3_7,0,None,45.32,12.99,231.0,45,38,0,0,0,False,60.78431372549019,7.184473684210526,6.781052631578947,10.421052631578947,0.1421,0.7153,0.1739,0.2073,2664.4267381730738,190.0,2854.4267381730738
0,1763422031.7835789,112.3,34,0.1957,0.6493,0.4986,0.2994,29.484,64.933,29.9365,0.0,0.0,0.0,5.07,2.51,2.56,None,0.17851471900939941,19.358,False,None,sfc_cache_p4_7,0,None,45.32,12.99,231.0,45,38,0,0,0,False,60.19417475728155,7.184473684210526,6.781052631578947,10.421052631578947,0.1421,0.7153,0.1739,0.2073,2664.4267381730738,190.0,2854.4267381730738
0,1763422031.7844265,112.3,34,0.1957,0.6493,0.4986,0.2994,29.484,64.933,29.9365,0.0,0.0,0.0,15.32,0,15.32,None,0.17851471900939941,16.41,False,None,sfc_unique_p4_7,0,None,45.32,12.99,231.0,45,38,0,0,0,False,59.61538461538461,7.184473684210526,6.781052631578947,10.421052631578947,0.1421,0.7153,0.1739,0.2073,2664.4267381730738,190.0,2854.4267381730738
0,1763422031.8412583,112.4,35,0.1957,0.6493,0.4986,0.2994,29.484,64.933,29.9365,0.0,0.0,0.0,5.3,2.47,2.83,None,0.23274588584899902,19.535,False,None,sfc_cache_p5_7,0,None,45.32,12.99,231.0,45,38,0,0,0,False,59.04761904761905,7.184473684210526,6.781052631578947,10.421052631578947,0.1421,0.7153,0.1739,0.2073,2664.4267381730738,190.0,2854.4267381730738
0,1763422031.8421204,112.4,35,0.1957,0.6493,0.4986,0.2994,29.484,64.933,29.9365,0.0,0.0,0.0,15.87,0,15.87,None,0.23274588584899902,18.198,False,None,sfc_unique_p5_7,0,None,45.32,12.99,231.0,45,38,0,0,0,False,58.490566037735846,7.184473684210526,6.781052631578947,10.421052631578947,0.1421,0.7153,0.1739,0.2073,2664.4267381730738,190.0,2854.4267381730738
0,1763422031.903257,112.4,36,0.1957,0.6493,0.4986,0.2994,29.484,64.933,29.9365,0.0,0.0,0.0,6.82,2.67,4.15,None,0.29044437408447266,19.498,False,None,sfc_cache_p6_7,0,None,45.32,12.99,231.0,45,38,0,0,0,False,57.943925233644855,7.184473684210526,6.781052631578947,10.421052631578947,0.1421,0.7153,0.1739,0.2073,2664.4267381730738,190.0,2854.4267381730738
0,1763422031.904114,112.4,36,0.1957,0.6493,0.4986,0.2994,29.484,64.933,29.9365,0.0,0.0,0.0,14.91,0,14.91,None,0.29044437408447266,17.953,False,None,sfc_unique_p6_7,0,None,45.32,12.99,231.0,45,38,0,0,0,False,57.407407407407405,7.184473684210526,6.781052631578947,10.421052631578947,0.1421,0.7153,0.1739,0.2073,2664.4267381730738,190.0,2854.4267381730738
0,1763422046.6254606,127.2,36,0.1957,0.6493,0.4986,0.2994,29.484,64.933,29.9365,0.0,0.0,0.0,6.13,2.47,3.66,None,0.0001811981201171875,20.171,False,None,sfc_cache_p1_8,0,None,45.32,12.99,231.0,45,38,0,0,0,False,56.88073394495413,7.184473684210526,6.781052631578947,10.421052631578947,0.1421,0.7153,0.1739,0.2073,2664.4267381730738,190.0,2854.4267381730738
0,1763422046.625983,127.2,36,0.1957,0.6493,0.4986,0.2994,29.484,64.933,29.9365,0.0,0.0,0.0,18.25,0,18.25,None,0.0001811981201171875,11.516,False,None,sfc_unique_p1_8,0,None,45.32,12.99,231.0,45,38,0,0,0,False,56.36363636363636,7.184473684210526,6.781052631578947,10.421052631578947,0.1421,0.7153,0.1739,0.2073,2664.4267381730738,190.0,2854.4267381730738
0,1763422046.666756,127.2,37,0.1957,0.6493,0.4986,0.2994,29.484,64.933,29.9365,0.0,0.0,0.0,5.15,2.47,2.68,None,0.048159122467041016,15.335,False,None,sfc_cache_p2_8,0,None,45.32,12.99,231.0,45,38,0,0,0,False,55.85585585585585,7.184473684210526,6.781052631578947,10.421052631578947,0.1421,0.7153,0.1739,0.2073,2664.4267381730738,190.0,2854.4267381730738
0,1763422046.6672945,127.2,37,0.1957,0.6493,0.4986,0.2994,29.484,64.933,29.9365,0.0,0.0,0.0,16.28,0,16.28,None,0.048159122467041016,11.187,False,None,sfc_unique_p2_8,0,None,45.32,12.99,231.0,45,38,0,0,0,False,55.35714285714286,7.184473684210526,6.781052631578947,10.421052631578947,0.1421,0.7153,0.1739,0.2073,2664.4267381730738,190.0,2854.4267381730738
0,1763422046.7051885,127.2,38,0.1957,0.6493,0.4986,0.2994,29.484,64.933,29.9365,0.0,0.0,0.0,6.03,2.47,3.56,None,0.08943653106689453,12.157,False,None,sfc_cache_p3_8,0,None,45.32,12.99,231.0,45,38,0,0,0,False,54.86725663716814,7.184473684210526,6.781052631578947,10.421052631578947,0.1421,0.7153,0.1739,0.2073,2664.4267381730738,190.0,2854.4267381730738
0,1763422046.7056878,127.2,38,0.1957,0.6493,0.4986,0.2994,29.484,64.933,29.9365,0.0,0.0,0.0,18.06,0,18.06,None,0.08943653106689453,11.381,False,None,sfc_unique_p3_8,0,None,45.32,12.99,231.0,45,38,0,0,0,False,54.385964912280706,7.184473684210526,6.781052631578947,10.421052631578947,0.1421,0.7153,0.1739,0.2073,2664.4267381730738,190.0,2854.4267381730738
0,1763422046.7464018,127.3,39,0.1957,0.6493,0.4986,0.2994,29.484,64.933,29.9365,0.0,0.0,0.0,5.4,2.47,2.92,None,0.12781691551208496,12.26,False,None,sfc_cache_p4_8,0,None,45.32,12.99,231.0,45,38,0,0,0,False,53.91304347826087,7.184473684210526,6.781052631578947,10.421052631578947,0.1421,0.7153,0.1739,0.2073,2664.4267381730738,190.0,2854.4267381730738
0,1763422046.7469134,127.3,39,0.1957,0.6493,0.4986,0.2994,29.484,64.933,29.9365,0.0,0.0,0.0,16.78,0,16.78,None,0.12781691551208496,11.402,False,None,sfc_unique_p4_8,0,None,45.32,12.99,231.0,45,38,0,0,0,False,53.44827586206896,7.184473684210526,6.781052631578947,10.421052631578947,0.1421,0.7153,0.1739,0.2073,2664.4267381730738,190.0,2854.4267381730738
0,1763422046.7934246,127.3,40,0.1957,0.6493,0.4986,0.2994,29.484,64.933,29.9365,0.0,0.0,0.0,5.15,2.47,2.68,None,0.16902804374694824,17.054,False,None,sfc_cache_p5_8,0,None,45.32,12.99,231.0,45,38,0,0,0,False,52.991452991452995,7.184473684210526,6.781052631578947,10.421052631578947,0.1421,0.7153,0.1739,0.2073,2664.4267381730738,190.0,2854.4267381730738
0,1763422046.7939448,127.3,40,0.1957,0.6493,0.4986,0.2994,29.484,64.933,29.9365,0.0,0.0,0.0,16.28,0,16.28,None,0.16902804374694824,11.449,False,None,sfc_unique_p5_8,0,None,45.32,12.99,231.0,45,38,0,0,0,False,52.54237288135594,7.184473684210526,6.781052631578947,10.421052631578947,0.1421,0.7153,0.1739,0.2073,2664.4267381730738,190.0,2854.4267381730738
0,1763422046.8304734,127.4,41,0.1957,0.6493,0.4986,0.2994,29.484,64.933,29.9365,0.0,0.0,0.0,5.4,2.47,2.92,None,0.21601557731628418,12.012,False,None,sfc_cache_p6_8,0,None,45.32,12.99,231.0,45,38,0,0,0,False,52.10084033613446,7.184473684210526,6.781052631578947,10.421052631578947,0.1421,0.7153,0.1739,0.2073,2664.4267381730738,190.0,2854.4267381730738
0,1763422046.8310063,127.4,41,0.1957,0.6493,0.4986,0.2994,29.484,64.933,29.9365,0.0,0.0,0.0,16.78,0,16.78,None,0.21601557731628418,13.499,False,None,sfc_unique_p6_8,0,None,45.32,12.99,231.0,45,38,0,0,0,False,51.66666666666667,7.184473684210526,6.781052631578947,10.421052631578947,0.1421,0.7153,0.1739,0.2073,2664.4267381730738,190.0,2854.4267381730738
0,1763422065.8737192,146.4,41,0.0978,0.4015,0.3009,0.1497,13.141,40.1497,14.9682,0.0,0.0,0.0,2.05,0.16,1.89,None,2.47955322265625e-05,20.928,True,None,sfc_cache_p6_3,0,None,28.99,0.0,132.0,22,20,0,0,0,False,52.066115702479344,6.0840000000000005,7.966500000000001,9.9,0.1715,0.625,0.1376,0.2037,2433.311560828344,120.0,2553.311560828344
0,1763422065.8745751,146.4,41,0.0978,0.4015,0.3009,0.1497,13.141,40.1497,14.9682,0.0,0.0,0.0,3.76,0.22,3.54,None,2.47955322265625e-05,24.641,True,None,sfc_unique_p6_3,0,None,28.99,0.0,132.0,22,20,0,0,0,False,52.459016393442624,6.0840000000000005,7.966500000000001,9.9,0.1715,0.625,0.1376,0.2037,2433.311560828344,120.0,2553.311560828344
0,1763422065.9283814,146.5,41,0.0983,0.4586,0.3042,0.1497,13.141,45.8623,14.9682,0.0,0.0,0.0,2.06,0.16,1.9,None,0.0560154914855957,20.699,True,None,sfc_cache_p4_3,0,None,28.99,8.33,165.0,26,22,0,0,0,False,52.84552845528455,5.530909090909091,8.272727272727273,9.0,0.1715,0.6062,0.1376,0.2073,2447.742763428561,120.0,2567.742763428561
0,1763422065.9292324,146.5,41,0.0983,0.4586,0.3042,0.1497,13.141,45.8623,14.9682,0.0,0.0,0.0,3.78,0.22,3.56,None,0.0560154914855957,24.511,True,None,sfc_unique_p4_3,0,None,28.99,8.33,165.0,26,22,0,0,0,False,53.2258064516129,5.530909090909091,8.272727272727273,9.0,0.1715,0.6062,0.1376,0.2073,2447.742763428561,120.0,2567.742763428561
0,1763422065.982776,146.5,41,0.1184,0.4628,0.3104,0.1746,15.8409,46.2831,17.463,0.0,0.0,0.0,3.28,1.35,1.93,None,0.11129617691040039,20.619,True,None,sfc_cache_p3_3,0,None,28.99,12.66,165.0,29,24,0,0,0,False,53.6,6.111666666666667,7.652916666666666,9.625,0.199,0.6031,0.1576,0.2104,2462.2529011781353,120.0,2582.2529011781353
0,1763422065.9835992,146.5,41,0.1184,0.4628,0.3104,0.1746,15.8409,46.2831,17.463,0.0,0.0,0.0,7.58,3.96,3.62,None,0.11129617691040039,23.488,True,None,sfc_unique_p3_3,0,None,28.99,12.66,165.0,29,24,0,0,0,False,53.96825396825397,6.111666666666667,7.652916666666666,9.625,0.199,0.6031,0.1576,0.2104,2462.2529011781353,120.0,2582.2529011781353
0,1763422066.6483319,147.2,41,0.1413,0.4628,0.3155,0.1996,19.1887,46.2831,19.9577,0.0,0.0,0.0,3.97,2.63,1.34,None,0.0002760887145996094,20.194,True,None,sfc_cache_p1_9,0,None,28.99,12.66,165.0,30,26,0,0,0,False,54.330708661417326,6.833846153846154,7.064230769230769,10.153846153846153,0.1958,0.6031,0.1608,0.213,2488.5692608747763,130.0,2618.5692608747763
0,1763422066.6492057,147.2,41,0.1413,0.4628,0.3155,0.1996,19.1887,46.2831,19.9577,0.0,0.0,0.0,6.4,3.96,2.45,None,0.0002760887145996094,23.468,True,None,sfc_unique_p1_9,0,None,28.99,12.66,165.0,30,26,0,0,0,False,54.6875,6.833846153846154,7.064230769230769,10.153846153846153,0.1958,0.6031,0.1608,0.213,2488.5692608747763,130.0,2618.5692608747763
0,1763422066.7075865,147.2,42,0.1555,0.4628,0.3206,0.1996,21.637,46.2831,19.9577,0.0,0.0,0.0,3.91,2.63,1.29,None,0.05582690238952637,20.081,True,None,sfc_cache_p2_9,0,None,37.32,12.66,198.0,34,28,0,0,0,False,55.03875968992248,7.1553571428571425,6.559642857142856,9.428571428571429,0.1797,0.6031,0.1565,0.215,2512.253288115142,140.0,2652.253288115142
0,1763422066.7084196,147.2,42,0.1555,0.4628,0.3206,0.1996,21.637,46.2831,19.9577,0.0,0.0,0.0,6.29,3.96,2.33,None,0.05582690238952637,25.283,True,None,sfc_unique_p2_9,0,None,37.32,12.66,198.0,34,28,0,0,0,False,55.38461538461539,7.1553571428571425,6.559642857142856,9.428571428571429,0.1797,0.6031,0.1565,0.215,2512.253288115142,140.0,2652.253288115142
0,1763422066.7638566,147.3,43,0.1706,0.4628,0.3258,0.1996,24.0853,46.2831,19.9577,0.0,0.0,0.0,4.31,2.63,1.69,None,0.11502671241760254,20.022,True,None,sfc_cache_p3_9,0,None,45.65,12.66,231.0,38,30,0,0,0,False,55.72519083969466,7.434,6.122333333333333,8.8,0.1611,0.6031,0.1525,0.2164,2514.8407358786462,150.0,2664.8407358786462
0,1763422066.7646942,147.3,43,0.1706,0.4628,0.3258,0.1996,24.0853,46.2831,19.9577,0.0,0.0,0.0,7.09,3.96,3.14,None,0.11502671241760254,23.615,True,None,sfc_unique_p3_9,0,None,45.65,12.66,231.0,38,30,0,0,0,False,56.060606060606055,7.434,6.122333333333333,8.8,0.1611,0.6031,0.1525,0.2164,2514.8407358786462,150.0,2664.8407358786462
0,1763422066.8217924,147.4,44,0.1853,0.4628,0.3309,0.1996,26.5335,46.2831,19.9577,0.0,0.0,0.0,4.03,2.63,1.4,None,0.17129015922546387,20.118,True,None,sfc_cache_p4_9,0,None,53.98,12.66,264.0,42,32,0,0,0,False,56.390977443609025,7.6778125,5.7396875,8.25,0.1435,0.6031,0.1487,0.2174,2514.8407358786462,160.0,2674.8407358786462
0,1763422066.822701,147.4,44,0.1853,0.4628,0.3309,0.1996,26.5335,46.2831,19.9577,0.0,0.0,0.0,6.53,3.96,2.57,None,0.17129015922546387,24.34,True,None,sfc_unique_p4_9,0,None,53.98,12.66,264.0,42,32,0,0,0,False,56.71641791044776,7.6778125,5.7396875,8.25,0.1435,0.6031,0.1487,0.2174,2514.8407358786462,160.0,2674.8407358786462
0,1763422066.8794043,147.4,45,0.1827,0.52,0.3417,0.1996,26.5335,51.9958,19.9577,0.0,0.0,0.0,4.16,2.0,2.16,None,0.2291548252105713,20.309,True,None,sfc_cache_p5_9,0,None,62.31,12.66,297.0,46,34,0,0,0,False,57.03703703703704,7.226176470588236,6.068823529411765,7.764705882352941,0.1385,0.6282,0.1451,0.217,2560.924159497281,170.0,2730.924159497281
0,1763422066.8802822,147.4,45,0.1827,0.52,0.3417,0.1996,26.5335,51.9958,19.9577,0.0,0.0,0.0,3.87,0.26,3.62,None,0.2291548252105713,23.275,True,None,sfc_unique_p5_9,0,None,62.31,12.66,297.0,46,34,0,0,0,False,57.35294117647059,7.226176470588236,6.068823529411765,7.764705882352941,0.1385,0.6282,0.1451,0.217,2560.924159497281,170.0,2730.924159497281
0,1763422066.9448693,147.5,46,0.1872,0.5611,0.3606,0.1996,27.6859,56.1108,19.9577,0.0,0.0,0.0,4.2,2.04,2.16,None,0.2867140769958496,21.622,True,None,sfc_cache_p6_9,0,None,66.31,12.66,330.0,49,36,0,0,0,False,57.66423357664233,7.121111111111111,6.185277777777777,7.333333333333333,0.1344,0.6675,0.1416,0.2145,2596.396427722014,180.0,2776.396427722014
0,1763422066.9457006,147.5,46,0.1872,0.5611,0.3606,0.1996,27.6859,56.1108,19.9577,0.0,0.0,0.0,5.58,1.65,3.93,None,0.2867140769958496,23.604,True,None,sfc_unique_p6_9,0,None,66.31,12.66,330.0,49,36,0,0,0,False,57.971014492753625,7.121111111111111,6.185277777777777,7.333333333333333,0.1344,0.6675,0.1416,0.2145,2596.396427722014,180.0,2776.396427722014
0,1763422070.8769498,151.4,46,0.165,0.562,0.3359,0.1746,24.3013,56.1965,17.463,0.0,0.0,0.0,2.81,0.18,2.62,None,2.6941299438476562e-05,20.746,True,None,sfc_cache_p2_3,0,None,66.31,12.66,330.0,47,34,0,0,0,False,58.27338129496403,6.618235294117647,6.559117647058823,6.794117647058823,0.1281,0.6489,0.118,0.2159,2549.506917169628,180.0,2729.506917169628
0,1763422070.877801,151.4,46,0.165,0.562,0.3359,0.1746,24.3013,56.1965,17.463,0.0,0.0,0.0,5.52,1.51,4.01,None,2.6941299438476562e-05,23.665,True,None,sfc_unique_p2_3,0,None,66.31,12.66,330.0,47,34,0,0,0,False,58.57142857142858,6.618235294117647,6.559117647058823,6.794117647058823,0.1281,0.6489,0.118,0.2159,2549.506917169628,180.0,2729.506917169628
0,1763422070.9320652,151.5,46,0.1825,0.5662,0.3455,0.1996,27.0012,56.6173,19.9577,0.0,0.0,0.0,3.94,1.44,2.5,None,0.055657386779785156,20.266,True,None,sfc_cache_p1_3,0,None,66.31,16.99,330.0,50,36,0,0,0,False,58.86524822695035,6.945,6.2411111111111115,7.333333333333333,0.1319,0.6472,0.1156,0.2171,2575.6251651188622,180.0,2755.6251651188622
0,1763422070.932928,151.5,46,0.1825,0.5662,0.3455,0.1996,27.0012,56.6173,19.9577,0.0,0.0,0.0,8.2,4.18,4.02,None,0.055657386779785156,22.995,True,None,sfc_unique_p1_3,0,None,66.31,16.99,330.0,50,36,0,0,0,False,59.154929577464785,6.945,6.2411111111111115,7.333333333333333,0.1319,0.6472,0.1156,0.2171,2575.6251651188622,180.0,2755.6251651188622
0,1763422084.6741588,165.2,46,0.1863,0.6224,0.3787,0.2245,27.9375,62.2442,22.4524,0.0,0.0,0.0,4.24,0.23,4.01,None,0.0001862049102783203,20.051,True,None,sfc_cache_p1_10,0,None,66.31,16.99,330.0,51,38,0,0,0,False,59.44055944055944,6.807631578947368,6.500263157894737,7.815789473684211,0.1277,0.7115,0.1362,0.2129,2614.09958833092,190.0,2804.09958833092
0,1763422084.6750045,165.2,46,0.1863,0.6224,0.3787,0.2245,27.9375,62.2442,22.4524,0.0,0.0,0.0,6.03,1.57,4.46,None,0.0001862049102783203,22.871,True,None,sfc_unique_p1_10,0,None,66.31,16.99,330.0,51,38,0,0,0,False,59.72222222222222,6.807631578947368,6.500263157894737,7.815789473684211,0.1277,0.7115,0.1362,0.2129,2614.09958833092,190.0,2804.09958833092
0,1763422084.730261,165.3,47,0.185,0.6905,0.4119,0.2495,28.3695,69.048,24.9471,0.0,0.0,0.0,5.08,1.38,3.7,None,0.05924415588378906,20.04,True,None,sfc_cache_p2_10,0,None,66.31,16.99,330.0,53,40,0,0,0,False,60.0,6.56725,6.85025,8.25,0.1268,0.7219,0.1548,0.2061,2645.005020926493,200.0,2845.005020926493
0,1763422084.7308202,165.3,47,0.185,0.6905,0.4119,0.2495,28.3695,69.048,24.9471,0.0,0.0,0.0,5.47,0.32,5.15,None,0.05924415588378906,14.252,True,None,sfc_unique_p2_10,0,None,66.31,16.99,330.0,53,40,0,0,0,False,60.273972602739725,6.56725,6.85025,8.25,0.1268,0.7219,0.1548,0.2061,2645.005020926493,200.0,2845.005020926493
0,1763422084.793467,165.3,48,0.1892,0.7308,0.4407,0.2744,29.5218,73.0798,27.4418,0.0,0.0,0.0,3.82,0.85,2.97,None,0.11472845077514648,19.773,True,None,sfc_cache_p3_10,0,None,66.31,21.32,330.0,56,42,0,0,0,False,60.544217687074834,6.508571428571429,6.904999999999999,8.642857142857142,0.1224,0.7283,0.1736,0.2054,2651.6650209264935,210.0,2861.6650209264935
0,1763422084.7943358,165.3,48,0.1892,0.7308,0.4407,0.2744,29.5218,73.0798,27.4418,0.0,0.0,0.0,7.25,1.53,5.72,None,0.11472845077514648,22.307,True,None,sfc_unique_p3_10,0,None,66.31,21.32,330.0,56,42,0,0,0,False,60.810810810810814,6.508571428571429,6.904999999999999,8.642857142857142,0.1224,0.7283,0.1736,0.2054,2651.6650209264935,210.0,2861.6650209264935
0,1763422084.8445826,165.4,49,0.1948,0.7661,0.4646,0.2744,30.9257,76.6077,27.4418,0.0,0.0,0.0,3.37,0.85,2.52,None,0.17851805686950684,18.914,True,None,sfc_cache_p4_10,0,None,66.31,25.32,363.0,59,44,0,0,0,False,61.07382550335571,6.508181818181819,6.909318181818182,8.25,0.1174,0.7779,0.1698,0.2033,2679.660020926494,220.0,2899.660020926494
0,1763422084.845086,165.4,49,0.1948,0.7661,0.4646,0.2744,30.9257,76.6077,27.4418,0.0,0.0,0.0,4.92,1.72,3.2,None,0.17851805686950684,15.722,True,None,sfc_unique_p4_10,0,None,66.31,25.32,363.0,59,44,0,0,0,False,61.33333333333333,6.508181818181819,6.909318181818182,8.25,0.1174,0.7779,0.1698,0.2033,2679.660020926494,220.0,2899.660020926494
0,1763422084.890787,165.4,50,0.2065,0.7703,0.5129,0.2744,33.1937,77.0285,27.4418,0.0,0.0,0.0,9.24,0.91,8.33,None,0.2289106845855713,13.606,True,None,sfc_cache_p5_10,0,None,70.64,29.32,396.0,62,46,0,0,0,False,61.58940397350994,6.681739130434783,6.645217391304348,7.891304347826087,0.1251,0.776,0.1662,0.2106,2690.54363264016,230.0,2920.54363264016
0,1763422084.8912807,165.4,50,0.2065,0.7703,0.5129,0.2744,33.1937,77.0285,27.4418,0.0,0.0,0.0,13.7,7.41,6.29,None,0.2289106845855713,11.519,True,None,sfc_unique_p5_10,0,None,70.64,29.32,396.0,62,46,0,0,0,False,61.8421052631579,6.681739130434783,6.645217391304348,7.891304347826087,0.1251,0.776,0.1662,0.2106,2690.54363264016,230.0,2920.54363264016
0,1763422084.928775,165.5,51,0.2065,0.7703,0.5129,0.2744,33.1937,77.0285,27.4418,0.0,0.0,0.0,14.12,0,14.12,None,0.2750718593597412,10.968,False,None,sfc_cache_p6_10,0,None,70.64,29.32,396.0,62,46,0,0,0,False,61.43790849673203,6.681739130434783,6.645217391304348,7.891304347826087,0.1251,0.776,0.1662,0.2106,2690.54363264016,230.0,2920.54363264016
0,1763422084.9292774,165.5,51,0.2065,0.7703,0.5129,0.2744,33.1937,77.0285,27.4418,0.0,0.0,0.0,12.33,5.48,6.85,None,0.2750718593597412,11.482,False,None,sfc_unique_p6_10,0,None,70.64,29.32,396.0,62,46,0,0,0,False,61.038961038961034,6.681739130434783,6.645217391304348,7.891304347826087,0.1251,0.776,0.1662,0.2106,2690.54363264016,230.0,2920.54363264016
0,1763422085.8859704,166.4,51,0.2054,0.7921,0.519,0.2994,33.1569,79.2133,29.9365,0.0,0.0,0.0,10.88,1.88,9.0,None,3.528594970703125e-05,18.954,True,None,sfc_cache_p3_4,0,None,62.31,29.32,363.0,60,46,0,0,0,False,61.29032258064516,6.674347826086956,6.833695652173914,8.608695652173912,0.1097,0.7835,0.1808,0.2122,2692.292078355332,230.0,2922.292078355332
0,1763422085.8868148,166.4,51,0.2054,0.7921,0.519,0.2994,33.1569,79.2133,29.9365,0.0,0.0,0.0,13.86,0.55,13.31,None,3.528594970703125e-05,21.289,True,None,sfc_unique_p3_4,0,None,62.31,29.32,363.0,60,46,0,0,0,False,61.53846153846154,6.674347826086956,6.833695652173914,8.608695652173912,0.1097,0.7835,0.1808,0.2122,2692.292078355332,230.0,2922.292078355332
0,1763422090.8921628,171.4,51,0.2031,0.6997,0.4327,0.3243,32.1861,69.9703,32.4312,0.7698,0.0,0.0,33.02,2.74,30.28,None,2.86102294921875e-05,19.827,True,None,sfc_cache_p5_4,0,None,41.65,29.32,264.0,52,42,0,0,0,False,61.78343949044586,7.199047619047618,6.611190476190477,10.214285714285714,0.1178,0.7722,0.1957,0.2107,2684.056782993976,230.0,2914.056782993976
0,1763422090.8926876,171.4,51,0.2031,0.6997,0.4327,0.3243,32.1861,69.9703,32.4312,0.7698,0.0,0.0,11.37,1.32,10.04,None,2.86102294921875e-05,21.416,True,None,sfc_unique_p5_4,0,None,41.65,29.32,264.0,52,42,0,0,0,False,62.0253164556962,7.199047619047618,6.611190476190477,10.214285714285714,0.1178,0.7722,0.1957,0.2107,2684.056782993976,230.0,2914.056782993976
0,1763422090.937477,171.5,51,0.2058,0.7677,0.4818,0.3493,32.618,76.774,34.9259,0.7698,0.0,0.0,7.53,1.38,6.15,None,0.05509614944458008,19.435,True,None,sfc_cache_p4_4,0,None,41.65,29.32,264.0,54,44,0,0,0,False,62.264150943396224,6.962727272727272,6.924318181818182,10.5,0.1193,0.783,0.1891,0.2148,2697.212483349958,230.0,2927.212483349958
0,1763422090.9379861,171.5,51,0.2058,0.7677,0.4818,0.3493,32.618,76.774,34.9259,0.7698,0.0,0.0,14.48,0.35,14.13,None,0.05509614944458008,13.464,True,None,sfc_unique_p4_4,0,None,41.65,29.32,264.0,54,44,0,0,0,False,62.5,6.962727272727272,6.924318181818182,10.5,0.1193,0.783,0.1891,0.2148,2697.212483349958,230.0,2927.212483349958
0,1763422090.9761155,171.5,51,0.2108,0.803,0.533,0.3493,33.5544,80.3019,34.9259,0.7613,0.0,0.0,9.62,1.93,7.69,None,0.10126519203186035,14.123,True,None,sfc_cache_p1_4,0,None,49.98,29.32,297.0,58,46,0,0,0,False,62.732919254658384,6.848478260869564,6.927608695652174,10.043478260869565,0.118,0.8548,0.1891,0.2176,2723.3350430028863,230.0,2953.3350430028863
0,1763422090.9766154,171.5,51,0.2108,0.803,0.533,0.3493,33.5544,80.3019,34.9259,0.7613,0.0,0.0,15.23,1.63,13.6,None,0.10126519203186035,12.616,True,None,sfc_unique_p1_4,0,None,49.98,29.32,297.0,58,46,0,0,0,False,62.96296296296296,6.848478260869564,6.927608695652174,10.043478260869565,0.118,0.8548,0.1891,0.2176,2723.3350430028863,230.0,2953.3350430028863
0,1763422095.8987522,176.4,51,0.1848,0.588,0.3154,0.2245,26.9655,58.7995,22.4524,0.0,0.0,0.0,5.34,2.78,2.56,None,3.743171691894531e-05,20.126,True,None,sfc_cache_p5_3,0,None,45.65,29.32,297.0,48,36,0,0,0,False,63.190184049079754,6.935833333333333,6.4816666666666665,8.25,0.098,0.622,0.182,0.19,2602.029129635145,180.0,2782.029129635145
0,1763422095.8996112,176.4,51,0.1848,0.588,0.3154,0.2245,26.9655,58.7995,22.4524,0.0,0.0,0.0,6.11,0.27,5.84,None,3.743171691894531e-05,24.209,True,None,sfc_unique_p5_3,0,None,45.65,29.32,297.0,48,36,0,0,0,False,63.41463414634146,6.935833333333333,6.4816666666666665,8.25,0.098,0.622,0.182,0.19,2602.029129635145,180.0,2782.029129635145
0,1763422103.6942437,184.2,51,0.1972,0.6115,0.3382,0.2495,29.3058,61.1506,24.9471,0.0,0.0,0.0,4.81,1.5,3.31,None,0.00016927719116210938,20.827,True,None,sfc_cache_p1_11,0,None,45.65,29.32,297.0,49,38,0,0,0,False,63.63636363636363,7.1410526315789475,6.386052631578947,8.68421052631579,0.0943,0.6288,0.1842,0.1879,2613.0762585625553,190.0,2803.0762585625553
0,1763422103.694751,184.2,51,0.1972,0.6115,0.3382,0.2495,29.3058,61.1506,24.9471,0.0,0.0,0.0,7.54,2.84,4.7,None,0.00016927719116210938,14.213,True,None,sfc_unique_p1_11,0,None,45.65,29.32,297.0,49,38,0,0,0,False,63.85542168674698,7.1410526315789475,6.386052631578947,8.68421052631579,0.0943,0.6288,0.1842,0.1879,2613.0762585625553,190.0,2803.0762585625553
0,1763422103.7390845,184.3,52,0.2097,0.6199,0.3626,0.2495,31.8621,61.9897,24.9471,0.0,0.0,0.0,6.12,2.85,3.27,None,0.052643537521362305,11.973,True,None,sfc_cache_p2_11,0,None,49.65,29.32,330.0,52,40,0,0,0,False,64.07185628742515,7.375749999999999,6.15,8.25,0.1099,0.6273,0.18,0.1893,2623.23244852227,200.0,2823.23244852227
0,1763422103.739588,184.3,52,0.2097,0.6199,0.3626,0.2495,31.8621,61.9897,24.9471,0.0,0.0,0.0,10.12,5.6,4.52,None,0.052643537521362305,14.152,True,None,sfc_unique_p2_11,0,None,49.65,29.32,330.0,52,40,0,0,0,False,64.28571428571429,7.375749999999999,6.15,8.25,0.1099,0.6273,0.18,0.1893,2623.23244852227,200.0,2823.23244852227
0,1763422103.8001788,184.3,53,0.2069,0.677,0.4277,0.2495,31.8621,67.7023,24.9471,0.0,0.0,0.0,7.25,2.11,5.14,None,0.09746336936950684,20.189,True,None,sfc_cache_p3_11,0,None,57.98,29.32,363.0,56,42,0,0,0,False,64.49704142011834,7.024523809523809,6.3969047619047625,7.857142857142857,0.1065,0.6765,0.176,0.2042,2650.30055624419,210.0,2860.30055624419
0,1763422103.801072,184.3,53,0.2069,0.677,0.4277,0.2495,31.8621,67.7023,24.9471,0.0,0.0,0.0,8.86,0.42,8.44,None,0.09746336936950684,22.536,True,None,sfc_unique_p3_11,0,None,57.98,29.32,363.0,56,42,0,0,0,False,64.70588235294117,7.024523809523809,6.3969047619047625,7.857142857142857,0.1065,0.6765,0.176,0.2042,2650.30055624419,210.0,2860.30055624419
0,1763422103.8624613,184.4,54,0.2077,0.7216,0.4685,0.2495,32.0424,72.155,24.9471,0.6419,0.0,0.0,6.91,2.76,4.15,None,0.15923786163330078,19.551,True,None,sfc_cache_p4_11,0,None,66.31,29.32,396.0,60,44,0,0,0,False,64.91228070175438,6.818863636363636,6.507727272727272,7.5,0.1174,0.6756,0.1722,0.2124,2652.0898419584755,220.0,2872.0898419584755
0,1763422103.8633428,184.4,54,0.2077,0.7216,0.4685,0.2495,32.0424,72.155,24.9471,0.6419,0.0,0.0,13.16,3.72,9.44,None,0.15923786163330078,21.917,True,None,sfc_unique_p4_11,0,None,66.31,29.32,396.0,60,44,0,0,0,False,65.11627906976744,6.818863636363636,6.507727272727272,7.5,0.1174,0.6756,0.1722,0.2124,2652.0898419584755,220.0,2872.0898419584755
0,1763422103.9348962,184.5,55,0.2109,0.7677,0.5181,0.2495,32.9787,76.774,24.9471,0.6195,0.0,0.0,7.62,1.43,6.19,None,0.2215745449066162,22.128,True,None,sfc_cache_p5_11,0,None,70.31,29.32,429.0,63,46,0,0,0,False,65.3179190751445,6.710869565217391,6.623260869565217,7.173913043478261,0.1232,0.7026,0.1685,0.2184,2672.713387046793,230.0,2902.713387046793
0,1763422103.936004,184.5,55,0.2109,0.7677,0.5181,0.2495,32.9787,76.774,24.9471,0.6195,0.0,0.0,10.73,4.6,6.13,None,0.2215745449066162,29.024,True,None,sfc_unique_p5_11,0,None,70.31,29.32,429.0,63,46,0,0,0,False,65.51724137931035,6.710869565217391,6.623260869565217,7.173913043478261,0.1232,0.7026,0.1685,0.2184,2672.713387046793,230.0,2902.713387046793
0,1763422104.134079,184.7,56,0.2094,0.8316,0.5691,0.2495,33.1591,83.1569,24.9471,0.5987,0.0,0.0,6.4,2.14,4.25,None,0.2943301200866699,14.343,True,None,sfc_cache_p6_11,0,None,74.31,29.32,462.0,66,48,0,0,0,False,65.71428571428571,6.4660416666666665,6.875,6.875,0.1195,0.7753,0.165,0.2214,2713.053387046793,240.0,2953.053387046793
0,1763422104.134574,184.7,56,0.2094,0.8316,0.5691,0.2495,33.1591,83.1569,24.9471,0.5987,0.0,0.0,8.52,0.35,8.16,None,0.2943301200866699,21.136,True,None,sfc_unique_p6_11,0,None,74.31,29.32,462.0,66,48,0,0,0,False,65.9090909090909,6.4660416666666665,6.875,6.875,0.1195,0.7753,0.165,0.2214,2713.053387046793,240.0,2953.053387046793
0,1763422121.7315197,202.3,56,0.1709,0.6241,0.4757,0.1497,24.2311,62.408,14.9682,0.8197,0.0,0.0,1.63,0.16,1.46,None,0.0001595020294189453,20.499,True,None,sfc_cache_p1_12,0,None,70.31,12.33,396.0,51,36,0,0,0,False,66.10169491525424,6.325,6.879444444444444,5.5,0.1465,0.7663,0.1288,0.215,2652.9361335256663,180.0,2832.9361335256663
0,1763422121.7323518,202.3,56,0.1709,0.6241,0.4757,0.1497,24.2311,62.408,14.9682,0.8197,0.0,0.0,2.62,0.22,2.4,None,0.0001595020294189453,23.929,True,None,sfc_unique_p1_12,0,None,70.31,12.33,396.0,51,36,0,0,0,False,66.29213483146067,6.325,6.879444444444444,5.5,0.1465,0.7663,0.1288,0.215,2652.9361335256663,180.0,2832.9361335256663
0,1763422121.7932549,202.3,57,0.167,0.6812,0.4799,0.1497,24.2311,68.1207,14.9682,0.7611,0.0,0.0,1.6,0.16,1.44,None,0.06459999084472656,20.538,True,None,sfc_cache_p2_12,0,None,70.31,20.66,429.0,55,38,0,0,0,False,66.4804469273743,5.992105263157895,7.113947368421052,5.2105263157894735,0.1417,0.7617,0.1258,0.2175,2667.367336125883,190.0,2857.367336125883
0,1763422121.794121,202.3,57,0.167,0.6812,0.4799,0.1497,24.2311,68.1207,14.9682,0.7611,0.0,0.0,2.57,0.22,2.36,None,0.06459999084472656,24.191,True,None,sfc_unique_p2_12,0,None,70.31,20.66,429.0,55,38,0,0,0,False,66.66666666666666,5.992105263157895,7.113947368421052,5.2105263157894735,0.1417,0.7617,0.1258,0.2175,2667.367336125883,190.0,2857.367336125883
0,1763422121.8554893,202.4,58,0.1828,0.6854,0.4869,0.1746,26.931,68.5415,17.463,0.7299,0.0,0.0,3.34,1.35,1.98,None,0.1263577938079834,20.562,True,None,sfc_cache_p3_12,0,None,70.31,24.99,429.0,58,40,0,0,0,False,66.85082872928176,6.317500000000001,6.8,5.775,0.1292,0.7597,0.1289,0.2197,2667.367336125883,200.0,2867.367336125883
0,1763422121.8563383,202.4,58,0.1828,0.6854,0.4869,0.1746,26.931,68.5415,17.463,0.7299,0.0,0.0,7.39,3.96,3.43,None,0.1263577938079834,23.395,True,None,sfc_unique_p3_12,0,None,70.31,24.99,429.0,58,40,0,0,0,False,67.03296703296702,6.317500000000001,6.8,5.775,0.1292,0.7597,0.1289,0.2197,2667.367336125883,200.0,2867.367336125883
0,1763422121.9211917,202.5,59,0.1839,0.7299,0.4996,0.1746,27.4709,72.9942,17.463,0.7011,0.0,0.0,4.05,1.99,2.06,None,0.18856406211853027,21.802,True,None,sfc_cache_p4_12,0,None,74.31,29.32,462.0,62,42,0,0,0,False,67.21311475409836,6.135714285714285,6.8969047619047625,5.5,0.1236,0.7681,0.126,0.2205,2687.478387046793,210.0,2897.478387046793
0,1763422121.9220421,202.5,59,0.1839,0.7299,0.4996,0.1746,27.4709,72.9942,17.463,0.7011,0.0,0.0,5.58,1.52,4.06,None,0.18856406211853027,22.787,True,None,sfc_unique_p4_12,0,None,74.31,29.32,462.0,62,42,0,0,0,False,67.3913043478261,6.135714285714285,6.8969047619047625,5.5,0.1236,0.7681,0.126,0.2205,2687.478387046793,210.0,2897.478387046793
0,1763422121.9848185,202.5,60,0.1815,0.7871,0.532,0.1746,27.4709,78.7068,17.463,0.6744,0.0,0.0,3.28,1.36,1.92,None,0.25421977043151855,20.084,True,None,sfc_cache_p5_12,0,None,78.31,33.65,495.0,66,44,0,0,0,False,67.56756756756756,5.8568181818181815,7.098636363636363,5.25,0.1199,0.7778,0.1233,0.221,2699.478387046793,220.0,2919.478387046793
0,1763422121.9856577,202.5,60,0.1815,0.7871,0.532,0.1746,27.4709,78.7068,17.463,0.6744,0.0,0.0,4.39,0.28,4.12,None,0.25421977043151855,23.186,True,None,sfc_unique_p5_12,0,None,78.31,33.65,495.0,66,44,0,0,0,False,67.74193548387096,5.8568181818181815,7.098636363636363,5.25,0.1199,0.7778,0.1233,0.221,2699.478387046793,220.0,2919.478387046793
0,1763422122.046363,202.6,61,0.1906,0.7997,0.5435,0.1746,29.3792,79.9667,17.463,0.6419,0.0,0.0,3.34,1.36,1.98,None,0.31784510612487793,19.978,True,None,sfc_cache_p6_12,0,None,82.31,37.98,528.0,70,46,0,0,0,False,67.9144385026738,5.986304347826087,6.898695652173912,5.021739130434782,0.1155,0.7756,0.1207,0.2219,2699.478387046793,230.0,2929.478387046793
0,1763422122.0472252,202.6,61,0.1906,0.7997,0.5435,0.1746,29.3792,79.9667,17.463,0.6419,0.0,0.0,6.28,2.85,3.43,None,0.31784510612487793,21.884,True,None,sfc_unique_p6_12,0,None,82.31,37.98,528.0,70,46,0,0,0,False,68.08510638297872,5.986304347826087,6.898695652173912,5.021739130434782,0.1155,0.7756,0.1207,0.2219,2699.478387046793,230.0,2929.478387046793
0,1763422142.7350888,223.3,61,0.2059,0.8123,0.5857,0.1996,32.1871,81.2267,19.9577,0.6195,0.0,0.0,5.39,2.11,3.28,None,0.0001621246337890625,18.146,True,None,sfc_cache_p1_13,0,None,82.31,37.98,528.0,71,48,0,0,0,False,68.25396825396825,6.2785416666666665,6.715416666666666,5.5,0.1273,0.8166,0.1239,0.2209,2715.06871862411,240.0,2955.06871862411
0,1763422142.7356248,223.3,61,0.2059,0.8123,0.5857,0.1996,32.1871,81.2267,19.9577,0.6195,0.0,0.0,12.45,4.59,7.85,None,0.0001621246337890625,13.198,True,None,sfc_unique_p1_13,0,None,82.31,37.98,528.0,71,48,0,0,0,False,68.42105263157895,6.2785416666666665,6.715416666666666,5.5,0.1273,0.8166,0.1239,0.2209,2715.06871862411,240.0,2955.06871862411
0,1763422142.7792363,223.3,62,0.205,0.8568,0.6198,0.1996,32.7271,85.6794,19.9577,0.5855,0.0,0.0,5.09,2.78,2.32,None,0.04745769500732422,16.253,True,None,sfc_cache_p2_13,0,None,90.64,37.98,561.0,75,50,0,0,0,False,68.58638743455498,6.1274,6.8002,5.28,0.1254,0.8671,0.1214,0.2224,2734.438041640465,250.0,2984.438041640465
0,1763422142.779737,223.3,62,0.205,0.8568,0.6198,0.1996,32.7271,85.6794,19.9577,0.5855,0.0,0.0,9.59,1.51,8.09,None,0.04745769500732422,12.233,True,None,sfc_unique_p2_13,0,None,90.64,37.98,561.0,75,50,0,0,0,False,68.75,6.1274,6.8002,5.28,0.1254,0.8671,0.1214,0.2224,2734.438041640465,250.0,2984.438041640465
0,1763422142.831272,223.4,63,0.205,0.8568,0.6198,0.1996,32.7271,85.6794,19.9577,0.5855,0.0,0.0,11.63,4.71,6.93,None,0.0915365219116211,17.471,False,None,sfc_cache_p3_13,0,None,90.64,37.98,561.0,75,50,0,0,0,False,68.39378238341969,6.1274,6.8002,5.28,0.1254,0.8671,0.1214,0.2224,2734.438041640465,250.0,2984.438041640465
0,1763422142.8321655,223.4,63,0.205,0.8568,0.6198,0.1996,32.7271,85.6794,19.9577,0.5855,0.0,0.0,15.72,0,15.72,None,0.0915365219116211,13.914,False,None,sfc_unique_p3_13,0,None,90.64,37.98,561.0,75,50,0,0,0,False,68.04123711340206,6.1274,6.8002,5.28,0.1254,0.8671,0.1214,0.2224,2734.438041640465,250.0,2984.438041640465
0,1763422142.8839626,223.4,64,0.2161,0.8761,0.642,0.2245,35.0674,87.6096,22.4524,0.8333,0.0,0.0,6.27,2.65,3.61,None,0.14426040649414062,17.326,True,None,sfc_cache_p4_13,0,None,90.64,37.98,561.0,75,52,0,0,0,False,68.2051282051282,6.340576923076923,6.685961538461539,5.711538461538462,0.1461,0.9145,0.1386,0.2243,2767.0485235121732,260.0,3027.0485235121732
0,1763422142.8848233,223.4,64,0.2161,0.8761,0.642,0.2245,35.0674,87.6096,22.4524,0.8333,0.0,0.0,7.04,3.03,4.01,None,0.14426040649414062,18.286,True,None,sfc_unique_p4_13,0,None,90.64,37.98,561.0,75,52,0,0,0,False,68.36734693877551,6.340576923076923,6.685961538461539,5.711538461538462,0.1461,0.9145,0.1386,0.2243,2767.0485235121732,260.0,3027.0485235121732
0,1763422142.9395573,223.5,65,0.2315,0.8803,0.673,0.2495,37.8753,88.0304,24.9471,1.3328,0.0,0.0,10.98,6.6,4.38,None,0.19691038131713867,16.703,True,None,sfc_cache_p5_13,0,None,90.64,37.98,561.0,75,54,0,0,0,False,68.52791878172589,6.648888888888888,6.469259259259259,6.111111111111111,0.1822,0.9156,0.1296,0.2268,2789.25729085845,270.0,3059.25729085845
0,1763422142.9404202,223.5,65,0.2315,0.8803,0.673,0.2495,37.8753,88.0304,24.9471,1.3328,0.0,0.0,17.68,7.27,10.41,None,0.19691038131713867,17.419,True,None,sfc_unique_p5_13,0,None,90.64,37.98,561.0,75,54,0,0,0,False,68.68686868686868,6.648888888888888,6.469259259259259,6.111111111111111,0.1822,0.9156,0.1296,0.2268,2789.25729085845,270.0,3059.25729085845
0,1763422142.995716,223.5,66,0.2315,0.8803,0.673,0.2495,37.8753,88.0304,24.9471,1.3328,0.0,0.0,9.03,4.05,4.98,None,0.25243425369262695,16.879,False,None,sfc_cache_p6_13,0,None,90.64,37.98,561.0,75,54,0,0,0,False,68.34170854271356,6.648888888888888,6.469259259259259,6.111111111111111,0.1822,0.9156,0.1296,0.2268,2789.25729085845,270.0,3059.25729085845
0,1763422142.9962468,223.5,66,0.2315,0.8803,0.673,0.2495,37.8753,88.0304,24.9471,1.3328,0.0,0.0,15.87,0,15.87,None,0.25243425369262695,16.23,False,None,sfc_unique_p6_13,0,None,90.64,37.98,561.0,75,54,0,0,0,False,68.0,6.648888888888888,6.469259259259259,6.111111111111111,0.1822,0.9156,0.1296,0.2268,2789.25729085845,270.0,3059.25729085845
0,1763422145.9237142,226.5,66,0.2455,0.8467,0.6961,0.2744,40.2156,84.6689,27.4418,1.3328,0.0,0.0,7.29,2.89,4.4,None,4.291534423828125e-05,17.665,True,None,sfc_cache_p2_12,0,None,90.64,29.65,528.0,71,54,0,0,0,False,68.1592039800995,7.0501851851851844,6.222222222222222,6.722222222222222,0.1984,0.9396,0.148,0.227,2809.5390404197256,270.0,3079.5390404197256
0,1763422145.9245925,226.5,66,0.2455,0.8467,0.6961,0.2744,40.2156,84.6689,27.4418,1.3328,0.0,0.0,11.45,6.07,5.38,None,4.291534423828125e-05,17.585,True,None,sfc_unique_p2_12,0,None,90.64,29.65,528.0,71,54,0,0,0,False,68.31683168316832,7.0501851851851844,6.222222222222222,6.722222222222222,0.1984,0.9396,0.148,0.227,2809.5390404197256,270.0,3079.5390404197256
0,1763422169.7599676,250.3,66,0.2455,0.8467,0.6961,0.2744,40.2156,84.6689,27.4418,1.3328,0.0,0.0,14.12,0,14.12,None,0.00019693374633789062,16.568,False,None,sfc_cache_p1_14,0,None,90.64,29.65,528.0,71,54,0,0,0,False,67.98029556650246,7.0501851851851844,6.222222222222222,6.722222222222222,0.1984,0.9396,0.148,0.227,2809.5390404197256,270.0,3079.5390404197256
0,1763422169.7604866,250.3,66,0.2455,0.8467,0.6961,0.2744,40.2156,84.6689,27.4418,1.3328,0.0,0.0,3.3,0.22,3.09,None,0.00019693374633789062,10.992,False,None,sfc_unique_p1_14,0,None,90.64,29.65,528.0,71,54,0,0,0,False,67.64705882352942,7.0501851851851844,6.222222222222222,6.722222222222222,0.1984,0.9396,0.148,0.227,2809.5390404197256,270.0,3079.5390404197256
0,1763422169.806471,250.3,67,0.2455,0.8467,0.6961,0.2744,40.2156,84.6689,27.4418,1.3328,0.0,0.0,14.27,0,14.27,None,0.05307459831237793,10.99,False,None,sfc_cache_p2_14,0,None,90.64,29.65,528.0,71,54,0,0,0,False,67.31707317073172,7.0501851851851844,6.222222222222222,6.722222222222222,0.1984,0.9396,0.148,0.227,2809.5390404197256,270.0,3079.5390404197256
0,1763422169.8070107,250.3,67,0.2455,0.8467,0.6961,0.2744,40.2156,84.6689,27.4418,1.3328,0.0,0.0,15.5,0,15.5,None,0.05307459831237793,10.296,False,None,sfc_unique_p2_14,0,None,90.64,29.65,528.0,71,54,0,0,0,False,66.99029126213593,7.0501851851851844,6.222222222222222,6.722222222222222,0.1984,0.9396,0.148,0.227,2809.5390404197256,270.0,3079.5390404197256
0,1763422169.859434,250.4,68,0.2455,0.8467,0.6961,0.2744,40.2156,84.6689,27.4418,1.3328,0.0,0.0,14.11,0,14.11,None,0.0995638370513916,18.18,False,None,sfc_cache_p3_14,0,None,90.64,29.65,528.0,71,54,0,0,0,False,66.66666666666666,7.0501851851851844,6.222222222222222,6.722222222222222,0.1984,0.9396,0.148,0.227,2809.5390404197256,270.0,3079.5390404197256
0,1763422169.8599594,250.4,68,0.2455,0.8467,0.6961,0.2744,40.2156,84.6689,27.4418,1.3328,0.0,0.0,15.17,0,15.17,None,0.0995638370513916,11.543,False,None,sfc_unique_p3_14,0,None,90.64,29.65,528.0,71,54,0,0,0,False,66.34615384615384,7.0501851851851844,6.222222222222222,6.722222222222222,0.1984,0.9396,0.148,0.227,2809.5390404197256,270.0,3079.5390404197256
0,1763422169.9129598,250.4,69,0.2455,0.8467,0.6961,0.2744,40.2156,84.6689,27.4418,1.3328,0.0,0.0,14.49,0,14.49,None,0.15248799324035645,16.612,False,None,sfc_cache_p4_14,0,None,90.64,29.65,528.0,71,54,0,0,0,False,66.02870813397129,7.0501851851851844,6.222222222222222,6.722222222222222,0.1984,0.9396,0.148,0.227,2809.5390404197256,270.0,3079.5390404197256
0,1763422169.9134812,250.4,69,0.2455,0.8467,0.6961,0.2744,40.2156,84.6689,27.4418,1.3328,0.0,0.0,15.94,0,15.94,None,0.15248799324035645,11.443,False,None,sfc_unique_p4_14,0,None,90.64,29.65,528.0,71,54,0,0,0,False,65.71428571428571,7.0501851851851844,6.222222222222222,6.722222222222222,0.1984,0.9396,0.148,0.227,2809.5390404197256,270.0,3079.5390404197256
0,1763422169.95898,250.5,70,0.2455,0.8467,0.6961,0.2744,40.2156,84.6689,27.4418,1.3328,0.0,0.0,14.49,0,14.49,None,0.2059800624847412,10.562,False,None,sfc_cache_p5_14,0,None,90.64,29.65,528.0,71,54,0,0,0,False,65.40284360189574,7.0501851851851844,6.222222222222222,6.722222222222222,0.1984,0.9396,0.148,0.227,2809.5390404197256,270.0,3079.5390404197256
0,1763422169.9595063,250.5,70,0.2455,0.8467,0.6961,0.2744,40.2156,84.6689,27.4418,1.3328,0.0,0.0,27.53,7.22,20.31,None,0.2059800624847412,11.127,False,None,sfc_unique_p5_14,0,None,90.64,29.65,528.0,71,54,0,0,0,False,65.09433962264151,7.0501851851851844,6.222222222222222,6.722222222222222,0.1984,0.9396,0.148,0.227,2809.5390404197256,270.0,3079.5390404197256
0,1763422169.9964638,250.5,71,0.2455,0.8467,0.6961,0.2744,40.2156,84.6689,27.4418,1.3328,0.0,0.0,14.27,0,14.27,None,0.2519834041595459,10.174,False,None,sfc_cache_p6_14,0,None,90.64,29.65,528.0,71,54,0,0,0,False,64.7887323943662,7.0501851851851844,6.222222222222222,6.722222222222222,0.1984,0.9396,0.148,0.227,2809.5390404197256,270.0,3079.5390404197256
0,1763422169.9969854,250.5,71,0.2455,0.8467,0.6961,0.2744,40.2156,84.6689,27.4418,1.3328,0.0,0.0,3.62,0.22,3.4,None,0.2519834041595459,11.018,False,None,sfc_unique_p6_14,0,None,90.64,29.65,528.0,71,54,0,0,0,False,64.48598130841121,7.0501851851851844,6.222222222222222,6.722222222222222,0.1984,0.9396,0.148,0.227,2809.5390404197256,270.0,3079.5390404197256
0,1763422170.9571166,251.5,71,0.221,0.7703,0.6499,0.2994,36.1106,77.026,29.9365,1.3328,0.0,0.0,4.34,1.35,2.99,None,4.0531158447265625e-05,19.202,True,None,sfc_cache_p1_11,0,None,65.98,29.65,396.0,59,48,0,0,0,False,64.65116279069767,7.139583333333333,6.368125,8.25,0.2126,0.9206,0.148,0.2251,2785.350524710083,270.0,3055.350524710083
0,1763422170.957645,251.5,71,0.221,0.7703,0.6499,0.2994,36.1106,77.026,29.9365,1.3328,0.0,0.0,6.58,1.41,5.16,None,4.0531158447265625e-05,22.456,True,None,sfc_unique_p1_11,0,None,65.98,29.65,396.0,59,48,0,0,0,False,64.81481481481481,7.139583333333333,6.368125,8.25,0.2126,0.9206,0.148,0.2251,2785.350524710083,270.0,3055.350524710083
0,1763422171.013194,251.5,71,0.2373,0.7845,0.6628,0.3243,38.8462,78.4548,32.4312,1.3328,0.0,0.0,3.42,0.81,2.61,None,0.05816149711608887,19.64,True,None,sfc_cache_p6_9,0,None,65.98,29.65,396.0,61,50,0,0,0,False,64.97695852534562,7.3606,6.2268,8.58,0.2031,0.9247,0.1675,0.2273,2795.101337277797,270.0,3065.101337277797
0,1763422171.0140817,251.5,71,0.2373,0.7845,0.6628,0.3243,38.8462,78.4548,32.4312,1.3328,0.0,0.0,8.21,4.11,4.1,None,0.05816149711608887,21.428,True,None,sfc_unique_p6_9,0,None,65.98,29.65,396.0,61,50,0,0,0,False,65.13761467889908,7.3606,6.2268,8.58,0.2031,0.9247,0.1675,0.2273,2795.101337277797,270.0,3065.101337277797
0,1763422171.0711756,251.6,71,0.2437,0.819,0.6747,0.3493,40.2501,81.8995,34.9259,1.3067,0.0,0.0,4.63,2.06,2.57,None,0.11603021621704102,19.722,True,None,sfc_cache_p5_9,0,None,70.31,29.65,396.0,64,52,0,0,0,False,65.29680365296804,7.3275,6.250192307692307,8.884615384615385,0.1983,0.9312,0.168,0.229,2807.8992787729217,270.0,3077.8992787729217
0,1763422171.072079,251.6,71,0.2437,0.819,0.6747,0.3493,40.2501,81.8995,34.9259,1.3067,0.0,0.0,5.52,1.51,4.01,None,0.11603021621704102,21.286,True,None,sfc_unique_p5_9,0,None,70.31,29.65,396.0,64,52,0,0,0,False,65.45454545454545,7.3275,6.250192307692307,8.884615384615385,0.1983,0.9312,0.168,0.229,2807.8992787729217,270.0,3077.8992787729217
0,1763422171.1091487,251.6,71,0.2467,0.819,0.6747,0.3493,40.2501,81.8995,34.9259,1.3463,0.0,0.0,4.79,1.84,2.95,None,0.1751420497894287,11.229,False,None,sfc_cache_p1_9,0,None,70.31,29.65,396.0,64,52,0,0,0,False,65.15837104072398,7.3275,6.250192307692307,8.884615384615385,0.2035,0.9312,0.1714,0.229,2807.8992787729217,260.0,3067.8992787729217
0,1763422171.1096559,251.6,71,0.2467,0.819,0.6747,0.3493,40.2501,81.8995,34.9259,1.3463,0.0,0.0,None,None,None,None,0.1751420497894287,9.597,False,None,sfc_unique_p1_9,0,None,70.31,29.65,396.0,64,52,0,0,0,False,64.86486486486487,7.3275,6.250192307692307,8.884615384615385,0.2035,0.9312,0.1714,0.229,2807.8992787729217,260.0,3067.8992787729217
0,1763422175.960191,256.5,71,0.2444,0.8417,0.675,0.3742,39.7101,84.1674,37.4206,1.36,0.0,0.0,5.42,1.84,3.58,None,4.315376281738281e-05,18.795,True,None,sfc_cache_p2_11,0,None,61.98,33.98,363.0,63,52,0,0,0,False,65.02242152466367,7.231346153846153,6.423269230769231,9.51923076923077,0.1956,0.9438,0.1838,0.2303,2811.4047108531386,260.0,3071.4047108531386
0,1763422175.9610448,256.5,71,0.2444,0.8417,0.675,0.3742,39.7101,84.1674,37.4206,1.36,0.0,0.0,7.31,1.67,5.64,None,4.315376281738281e-05,21.017,True,None,sfc_unique_p2_11,0,None,61.98,33.98,363.0,63,52,0,0,0,False,65.17857142857143,7.231346153846153,6.423269230769231,9.51923076923077,0.1956,0.9438,0.1838,0.2303,2811.4047108531386,260.0,3071.4047108531386
0,1763422187.785252,268.3,71,0.2444,0.8417,0.675,0.3742,39.7101,84.1674,37.4206,1.36,0.0,0.0,4.84,0.99,3.84,None,0.00025200843811035156,18.822,False,None,sfc_cache_p1_15,0,None,61.98,33.98,363.0,63,52,0,0,0,False,64.88888888888889,7.231346153846153,6.423269230769231,9.51923076923077,0.1956,0.9438,0.1838,0.2303,2811.4047108531386,260.0,3071.4047108531386
0,1763422187.785789,268.3,71,0.2444,0.8417,0.675,0.3742,39.7101,84.1674,37.4206,1.36,0.0,0.0,18.25,0,18.25,None,0.00025200843811035156,12.831,False,None,sfc_unique_p1_15,0,None,61.98,33.98,363.0,63,52,0,0,0,False,64.60176991150442,7.231346153846153,6.423269230769231,9.51923076923077,0.1956,0.9438,0.1838,0.2303,2811.4047108531386,260.0,3071.4047108531386
0,1763422187.8293712,268.4,72,0.2444,0.8417,0.675,0.3742,39.7101,84.1674,37.4206,1.36,0.0,0.0,3.67,1.42,2.25,None,0.052391767501831055,11.154,False,None,sfc_cache_p2_15,0,None,61.98,33.98,363.0,63,52,0,0,0,False,64.31718061674009,7.231346153846153,6.423269230769231,9.51923076923077,0.1956,0.9438,0.1838,0.2303,2811.4047108531386,260.0,3071.4047108531386
0,1763422187.829912,268.4,72,0.2444,0.8417,0.675,0.3742,39.7101,84.1674,37.4206,1.36,0.0,0.0,None,None,None,None,0.052391767501831055,13.139,False,None,sfc_unique_p2_15,0,None,61.98,33.98,363.0,63,52,0,0,0,False,64.03508771929825,7.231346153846153,6.423269230769231,9.51923076923077,0.1956,0.9438,0.1838,0.2303,2811.4047108531386,260.0,3071.4047108531386
0,1763422187.8779027,268.4,73,0.2444,0.8417,0.675,0.3742,39.7101,84.1674,37.4206,1.36,0.0,0.0,7.16,3.76,3.4,None,0.09649014472961426,18.585,False,None,sfc_cache_p3_15,0,None,61.98,33.98,363.0,63,52,0,0,0,False,63.75545851528385,7.231346153846153,6.423269230769231,9.51923076923077,0.1956,0.9438,0.1838,0.2303,2811.4047108531386,260.0,3071.4047108531386
0,1763422187.8784301,268.4,73,0.2444,0.8417,0.675,0.3742,39.7101,84.1674,37.4206,1.36,0.0,0.0,16.75,0,16.75,None,0.09649014472961426,9.46,False,None,sfc_unique_p3_15,0,None,61.98,33.98,363.0,63,52,0,0,0,False,63.47826086956522,7.231346153846153,6.423269230769231,9.51923076923077,0.1956,0.9438,0.1838,0.2303,2811.4047108531386,260.0,3071.4047108531386
0,1763422187.923626,268.5,74,0.2444,0.8417,0.675,0.3742,39.7101,84.1674,37.4206,1.36,0.0,0.0,4.81,1.88,2.92,None,0.1449735164642334,12.333,False,None,sfc_cache_p4_15,0,None,61.98,33.98,363.0,63,52,0,0,0,False,63.20346320346321,7.231346153846153,6.423269230769231,9.51923076923077,0.1956,0.9438,0.1838,0.2303,2811.4047108531386,260.0,3071.4047108531386
0,1763422187.9241502,268.5,74,0.2444,0.8417,0.675,0.3742,39.7101,84.1674,37.4206,1.36,0.0,0.0,16.78,0,16.78,None,0.1449735164642334,12.684,False,None,sfc_unique_p4_15,0,None,61.98,33.98,363.0,63,52,0,0,0,False,62.93103448275862,7.231346153846153,6.423269230769231,9.51923076923077,0.1956,0.9438,0.1838,0.2303,2811.4047108531386,260.0,3071.4047108531386
0,1763422187.9618099,268.5,75,0.2444,0.8417,0.675,0.3742,39.7101,84.1674,37.4206,1.36,0.0,0.0,7.94,3.63,4.31,None,0.1906728744506836,11.031,False,None,sfc_cache_p5_15,0,None,61.98,33.98,363.0,63,52,0,0,0,False,62.66094420600859,7.231346153846153,6.423269230769231,9.51923076923077,0.1956,0.9438,0.1838,0.2303,2811.4047108531386,260.0,3071.4047108531386
0,1763422187.9623253,268.5,75,0.2444,0.8417,0.675,0.3742,39.7101,84.1674,37.4206,1.36,0.0,0.0,None,None,None,None,0.1906728744506836,10.517,False,None,sfc_unique_p5_15,0,None,61.98,33.98,363.0,63,52,0,0,0,False,62.39316239316239,7.231346153846153,6.423269230769231,9.51923076923077,0.1956,0.9438,0.1838,0.2303,2811.4047108531386,260.0,3071.4047108531386
0,1763422188.1711028,268.7,76,0.2478,0.887,0.7105,0.3992,41.1141,88.7033,39.9153,1.294,0.0,0.0,5.82,0.99,4.83,None,0.22879481315612793,18.517,True,None,sfc_cache_p6_15,0,None,61.98,33.98,363.0,63,54,0,0,0,False,62.5531914893617,7.204259259259259,6.518703703703704,9.777777777777779,0.2074,0.9458,0.1925,0.2305,2822.7532371384996,270.0,3092.7532371384996
0,1763422188.1719792,268.7,76,0.2478,0.887,0.7105,0.3992,41.1141,88.7033,39.9153,1.294,0.0,0.0,12.16,4.67,7.49,None,0.22879481315612793,20.198,True,None,sfc_unique_p6_15,0,None,61.98,33.98,363.0,63,54,0,0,0,False,62.71186440677966,7.204259259259259,6.518703703703704,9.777777777777779,0.2074,0.9458,0.1925,0.2305,2822.7532371384996,270.0,3092.7532371384996
0,1763422190.9793656,271.5,76,0.198,0.6476,0.5302,0.3493,30.3501,64.7591,34.9259,0.9639,0.0,0.0,4.09,1.99,2.1,None,3.790855407714844e-05,20.246,True,None,sfc_cache_p5_12,0,None,20.66,25.32,165.0,36,38,0,0,0,False,62.869198312236286,7.527105263157894,6.762894736842106,12.157894736842104,0.2694,0.8781,0.192,0.2237,2710.178667412451,220.0,2930.178667412451
0,1763422190.9798846,271.5,76,0.198,0.6476,0.5302,0.3493,30.3501,64.7591,34.9259,0.9639,0.0,0.0,6.78,2.69,4.09,None,3.790855407714844e-05,22.467,True,None,sfc_unique_p5_12,0,None,20.66,25.32,165.0,36,38,0,0,0,False,63.02521008403361,7.527105263157894,6.762894736842106,12.157894736842104,0.2694,0.8781,0.192,0.2237,2710.178667412451,220.0,2930.178667412451
0,1763422191.0174978,271.5,76,0.2116,0.6518,0.5364,0.3493,32.618,65.1799,34.9259,0.9524,0.0,0.0,4.08,1.99,2.09,None,0.05987119674682617,11.952,True,None,sfc_cache_p4_12,0,None,28.99,25.32,198.0,40,40,0,0,0,False,63.17991631799163,7.675749999999999,6.466500000000001,11.55,0.2614,0.8761,0.192,0.2264,2731.5712536994038,220.0,2951.5712536994038
0,1763422191.018011,271.5,76,0.2116,0.6518,0.5364,0.3493,32.618,65.1799,34.9259,0.9524,0.0,0.0,7.9,3.96,3.95,None,0.05987119674682617,13.816,True,None,sfc_unique_p4_12,0,None,28.99,25.32,198.0,40,40,0,0,0,False,63.33333333333333,7.675749999999999,6.466500000000001,11.55,0.2614,0.8761,0.192,0.2264,2731.5712536994038,220.0,2951.5712536994038
0,1763422191.0734344,271.6,76,0.2263,0.6518,0.5463,0.3493,35.0663,65.1799,34.9259,0.9412,0.0,0.0,5.01,1.99,3.01,None,0.09914970397949219,20.311,True,None,sfc_cache_p4_11,0,None,32.99,29.65,231.0,44,42,0,0,0,False,63.48547717842323,7.85,6.158571428571429,11.0,0.2481,0.8761,0.192,0.2283,2731.5712536994038,220.0,2951.5712536994038
0,1763422191.0739589,271.6,76,0.2263,0.6518,0.5463,0.3493,35.0663,65.1799,34.9259,0.9412,0.0,0.0,9.18,3.96,5.22,None,0.09914970397949219,19.536,True,None,sfc_unique_p4_11,0,None,32.99,29.65,231.0,44,42,0,0,0,False,63.63636363636363,7.85,6.158571428571429,11.0,0.2481,0.8761,0.192,0.2283,2731.5712536994038,220.0,2951.5712536994038
0,1763422191.1129029,271.6,76,0.2346,0.6745,0.5642,0.3493,36.5426,67.4478,34.9259,0.9302,0.0,0.0,4.96,1.99,2.97,None,0.15627145767211914,12.218,True,None,sfc_cache_p3_11,0,None,36.99,33.98,264.0,48,44,0,0,0,False,63.78600823045267,7.803863636363636,6.083181818181819,10.5,0.2387,0.8695,0.192,0.2291,2731.5712536994038,220.0,2951.5712536994038
0,1763422191.1134043,271.6,76,0.2346,0.6745,0.5642,0.3493,36.5426,67.4478,34.9259,0.9302,0.0,0.0,8.41,2.77,5.65,None,0.15627145767211914,13.612,True,None,sfc_unique_p3_11,0,None,36.99,33.98,264.0,48,44,0,0,0,False,63.934426229508205,7.803863636363636,6.083181818181819,10.5,0.2387,0.8695,0.192,0.2291,2731.5712536994038,220.0,2951.5712536994038
0,1763422205.822023,286.4,76,0.2134,0.5359,0.4175,0.2994,30.8901,53.5883,29.9365,1.1429,0.0,0.0,3.61,0.85,2.77,None,0.00016498565673828125,20.608,True,None,sfc_cache_p1_16,0,None,32.66,21.65,198.0,37,36,0,0,0,False,64.08163265306122,8.084166666666667,5.907222222222222,11.0,0.2542,0.7879,0.1952,0.2301,2610.0756916671066,180.0,2790.0756916671066
0,1763422205.8228896,286.4,76,0.2134,0.5359,0.4175,0.2994,30.8901,53.5883,29.9365,1.1429,0.0,0.0,5.49,1.52,3.98,None,0.00016498565673828125,23.256,True,None,sfc_unique_p1_16,0,None,32.66,21.65,198.0,37,36,0,0,0,False,64.22764227642277,8.084166666666667,5.907222222222222,11.0,0.2542,0.7879,0.1952,0.2301,2610.0756916671066,180.0,2790.0756916671066
0,1763422205.8900247,286.4,77,0.2213,0.5695,0.4341,0.3243,32.7984,56.9474,32.4312,1.0667,0.0,0.0,2.82,0.17,2.64,None,0.06436514854431152,20.245,True,None,sfc_cache_p2_16,0,None,32.66,21.65,198.0,39,38,0,0,0,False,64.37246963562752,8.123684210526315,5.947105263157895,11.289473684210526,0.2472,0.8055,0.2136,0.2316,2650.8220931529445,190.0,2840.8220931529445
0,1763422205.8908892,286.4,77,0.2213,0.5695,0.4341,0.3243,32.7984,56.9474,32.4312,1.0667,0.0,0.0,6.56,2.85,3.71,None,0.06436514854431152,22.879,True,None,sfc_unique_p2_16,0,None,32.66,21.65,198.0,39,38,0,0,0,False,64.51612903225806,8.123684210526315,5.947105263157895,11.289473684210526,0.2472,0.8055,0.2136,0.2316,2650.8220931529445,190.0,2840.8220931529445
0,1763422205.9593534,286.5,78,0.2165,0.6367,0.4581,0.3493,32.7984,63.668,34.9259,1.0,0.0,0.0,2.35,0.18,2.17,None,0.1323258876800537,20.374,True,None,sfc_cache_p3_16,0,None,32.66,25.98,198.0,42,40,0,0,0,False,64.65863453815261,7.717499999999999,6.3165,11.55,0.2394,0.823,0.2313,0.2321,2672.761421430301,200.0,2872.761421430301
0,1763422205.9602196,286.5,78,0.2165,0.6367,0.4581,0.3493,32.7984,63.668,34.9259,1.0,0.0,0.0,3.12,0.24,2.88,None,0.1323258876800537,23.213,True,None,sfc_unique_p3_16,0,None,32.66,25.98,198.0,42,40,0,0,0,False,64.8,7.717499999999999,6.3165,11.55,0.2394,0.823,0.2313,0.2321,2672.761421430301,200.0,2872.761421430301
0,1763422206.0222154,286.6,79,0.2167,0.6896,0.476,0.3742,33.4107,68.9598,37.4206,0.9524,0.0,0.0,3.82,2.11,1.71,None,0.20158100128173828,20.046,True,None,sfc_cache_p4_16,0,None,32.66,30.31,198.0,45,42,0,0,0,False,64.9402390438247,7.485,6.515714285714286,11.785714285714286,0.2317,0.8383,0.2235,0.2324,2701.3650400651873,210.0,2911.3650400651873
0,1763422206.0231266,286.6,79,0.2167,0.6896,0.476,0.3742,33.4107,68.9598,37.4206,0.9524,0.0,0.0,3.08,0.46,2.62,None,0.20158100128173828,22.442,True,None,sfc_unique_p4_16,0,None,32.66,30.31,198.0,45,42,0,0,0,False,65.07936507936508,7.485,6.515714285714286,11.785714285714286,0.2317,0.8383,0.2235,0.2324,2701.3650400651873,210.0,2911.3650400651873
0,1763422206.0916312,286.6,80,0.2272,0.6938,0.4945,0.3742,35.6786,69.3806,37.4206,0.9091,0.0,0.0,3.7,1.44,2.26,None,0.26447010040283203,20.155,True,None,sfc_cache_p5_16,0,None,36.66,34.64,231.0,49,44,0,0,0,False,65.21739130434783,7.622045454545455,6.257499999999999,11.25,0.2202,0.8367,0.2187,0.2308,2717.1298861079044,220.0,2937.1298861079044
0,1763422206.0925171,286.6,80,0.2272,0.6938,0.4945,0.3742,35.6786,69.3806,37.4206,0.9091,0.0,0.0,11.17,5.94,5.24,None,0.26447010040283203,22.017,True,None,sfc_unique_p5_16,0,None,36.66,34.64,231.0,49,44,0,0,0,False,65.35433070866141,7.622045454545455,6.257499999999999,11.25,0.2202,0.8367,0.2187,0.2308,2717.1298861079044,220.0,2937.1298861079044
0,1763422206.1547747,286.7,81,0.2384,0.7089,0.5077,0.3742,37.9466,70.8926,37.4206,0.8791,0.0,0.0,3.94,1.43,2.51,None,0.3338344097137451,19.831,True,None,sfc_cache_p6_16,0,None,40.66,34.64,264.0,52,46,0,0,0,False,65.49019607843137,7.747173913043478,6.115869565217391,10.76086956521739,0.2076,0.8486,0.214,0.2299,2731.2577300949033,230.0,2961.2577300949033
0,1763422206.15567,286.7,81,0.2384,0.7089,0.5077,0.3742,37.9466,70.8926,37.4206,0.8791,0.0,0.0,6.68,4.18,2.5,None,0.3338344097137451,21.86,True,None,sfc_unique_p6_16,0,None,40.66,34.64,264.0,52,46,0,0,0,False,65.625,7.747173913043478,6.115869565217391,10.76086956521739,0.2076,0.8486,0.214,0.2299,2731.2577300949033,230.0,2961.2577300949033
0,1763422206.220222,286.8,81,0.2458,0.6804,0.4884,0.3992,39.1345,68.0375,39.9153,0.8791,0.0,0.0,5.17,1.41,3.75,None,4.5299530029296875e-05,20.175,True,None,sfc_cache_p6_11,0,None,36.66,38.97,231.0,52,46,0,0,0,False,65.75875486381322,7.986304347826087,5.869565217391305,11.478260869565217,0.2085,0.8565,0.2089,0.2239,2742.1427726579736,230.0,2972.1427726579736
0,1763422206.2211192,286.8,81,0.2458,0.6804,0.4884,0.3992,39.1345,68.0375,39.9153,0.8791,0.0,0.0,8.07,1.57,6.49,None,4.5299530029296875e-05,23.017,True,None,sfc_unique_p6_11,0,None,36.66,38.97,231.0,52,46,0,0,0,False,65.89147286821705,7.986304347826087,5.869565217391305,11.478260869565217,0.2085,0.8565,0.2089,0.2239,2742.1427726579736,230.0,2972.1427726579736
0,1763422211.2094302,291.7,81,0.2468,0.6913,0.5011,0.3992,39.1345,69.1286,39.9153,0.8889,0.0,0.0,2.33,0.16,2.17,None,5.030632019042969e-05,12.366,True,None,sfc_cache_p1_12,0,None,36.66,34.64,231.0,51,46,0,0,0,False,66.02316602316603,7.986304347826087,5.963695652173913,11.478260869565217,0.2085,0.8589,0.2089,0.2213,2745.482772657974,230.0,2975.482772657974
0,1763422211.2099473,291.7,81,0.2468,0.6913,0.5011,0.3992,39.1345,69.1286,39.9153,0.8889,0.0,0.0,5.19,0.3,4.89,None,5.030632019042969e-05,14.096,True,None,sfc_unique_p1_12,0,None,36.66,34.64,231.0,51,46,0,0,0,False,66.15384615384615,7.986304347826087,5.963695652173913,11.478260869565217,0.2085,0.8589,0.2089,0.2213,2745.482772657974,230.0,2975.482772657974
0,1763422226.244541,306.8,81,0.2081,0.698,0.4145,0.3742,33.4107,69.7989,37.4206,0.2936,0.0,0.0,5.05,1.43,3.62,None,4.00543212890625e-05,20.267,True,None,sfc_cache_p5_13,0,None,28.33,34.64,198.0,47,42,0,0,0,False,66.28352490421456,7.405714285714287,6.595000000000001,11.785714285714286,0.1613,0.7224,0.214,0.1966,2678.1595890712206,230.0,2908.1595890712206
0,1763422226.2454517,306.8,81,0.2081,0.698,0.4145,0.3742,33.4107,69.7989,37.4206,0.2936,0.0,0.0,6.22,0.23,5.99,None,4.00543212890625e-05,22.76,True,None,sfc_unique_p5_13,0,None,28.33,34.64,198.0,47,42,0,0,0,False,66.41221374045801,7.405714285714287,6.595000000000001,11.785714285714286,0.1613,0.7224,0.214,0.1966,2678.1595890712206,230.0,2908.1595890712206
0,1763422226.305165,306.8,81,0.2159,0.7324,0.466,0.3742,34.3827,73.2436,37.4206,0.3002,0.0,0.0,5.51,1.43,4.08,None,0.06198310852050781,19.726,True,None,sfc_cache_p2_13,0,None,32.33,38.97,231.0,51,44,0,0,0,False,66.53992395437263,7.273636363636364,6.605909090909091,11.25,0.1588,0.7699,0.214,0.1959,2702.218537010483,230.0,2932.218537010483
0,1763422226.3060627,306.8,81,0.2159,0.7324,0.466,0.3742,34.3827,73.2436,37.4206,0.3002,0.0,0.0,10.97,1.69,9.28,None,0.06198310852050781,22.648,True,None,sfc_unique_p2_13,0,None,32.33,38.97,231.0,51,44,0,0,0,False,66.66666666666666,7.273636363636364,6.605909090909091,11.25,0.1588,0.7699,0.214,0.1959,2702.218537010483,230.0,2932.218537010483
0,1763422226.362605,306.9,81,0.2278,0.745,0.5216,0.3742,36.291,74.5036,37.4206,0.3002,0.0,0.0,8.97,1.43,7.54,None,0.12396979331970215,18.967,True,None,sfc_cache_p1_13,0,None,36.33,43.3,264.0,55,46,0,0,0,False,66.79245283018868,7.341521739130435,6.427391304347827,10.76086956521739,0.1617,0.7842,0.214,0.2004,2718.6731508473504,230.0,2948.6731508473504
0,1763422226.3634706,306.9,81,0.2278,0.745,0.5216,0.3742,36.291,74.5036,37.4206,0.3002,0.0,0.0,10.69,2.65,8.04,None,0.12396979331970215,19.992,True,None,sfc_unique_p1_13,0,None,36.33,43.3,264.0,55,46,0,0,0,False,66.9172932330827,7.341521739130435,6.427391304347827,10.76086956521739,0.1617,0.7842,0.214,0.2004,2718.6731508473504,230.0,2948.6731508473504
0,1763422231.2460437,311.8,81,0.2315,0.745,0.531,0.3992,37.1906,74.5036,39.9153,0.2936,0.0,0.0,4.18,1.84,2.34,None,4.363059997558594e-05,19.941,True,None,sfc_cache_p3_12,0,None,32.33,38.97,231.0,53,46,0,0,0,False,67.04119850187266,7.522608695652174,6.427391304347827,11.478260869565217,0.1705,0.7842,0.2204,0.199,2726.218422477129,230.0,2956.218422477129
0,1763422231.2465606,311.8,81,0.2315,0.745,0.531,0.3992,37.1906,74.5036,39.9153,0.2936,0.0,0.0,7.45,3.8,3.65,None,4.363059997558594e-05,17.576,True,None,sfc_unique_p3_12,0,None,32.33,38.97,231.0,53,46,0,0,0,False,67.16417910447761,7.522608695652174,6.427391304347827,11.478260869565217,0.1705,0.7842,0.2204,0.199,2726.218422477129,230.0,2956.218422477129
0,1763422232.8472738,313.4,81,0.2315,0.745,0.531,0.3992,37.1906,74.5036,39.9153,0.2936,0.0,0.0,14.82,0,14.82,None,7.033348083496094e-05,18.468,False,None,sfc_cache_p1_17,0,None,32.33,38.97,231.0,53,46,0,0,0,False,66.91449814126395,7.522608695652174,6.427391304347827,11.478260869565217,0.1705,0.7842,0.2204,0.199,2726.218422477129,230.0,2956.218422477129
0,1763422232.847834,313.4,81,0.2315,0.745,0.531,0.3992,37.1906,74.5036,39.9153,0.2936,0.0,0.0,17.05,0,17.05,None,7.033348083496094e-05,12.966,False,None,sfc_unique_p1_17,0,None,32.33,38.97,231.0,53,46,0,0,0,False,66.66666666666666,7.522608695652174,6.427391304347827,11.478260869565217,0.1705,0.7842,0.2204,0.199,2726.218422477129,230.0,2956.218422477129
0,1763422232.9022346,313.4,82,0.2315,0.745,0.531,0.3992,37.1906,74.5036,39.9153,0.2936,0.0,0.0,4.1,1.84,2.25,None,0.05959510803222656,18.533,False,None,sfc_cache_p2_17,0,None,32.33,38.97,231.0,53,46,0,0,0,False,66.42066420664207,7.522608695652174,6.427391304347827,11.478260869565217,0.1705,0.7842,0.2204,0.199,2726.218422477129,230.0,2956.218422477129
0,1763422232.902747,313.4,82,0.2315,0.745,0.531,0.3992,37.1906,74.5036,39.9153,0.2936,0.0,0.0,16.04,0,16.04,None,0.05959510803222656,10.233,False,None,sfc_unique_p2_17,0,None,32.33,38.97,231.0,53,46,0,0,0,False,66.17647058823529,7.522608695652174,6.427391304347827,11.478260869565217,0.1705,0.7842,0.2204,0.199,2726.218422477129,230.0,2956.218422477129
0,1763422232.9627168,313.5,83,0.2315,0.745,0.531,0.3992,37.1906,74.5036,39.9153,0.2936,0.0,0.0,6.81,2.7,4.11,None,0.11442923545837402,18.799,False,None,sfc_cache_p3_17,0,None,32.33,38.97,231.0,53,46,0,0,0,False,65.93406593406593,7.522608695652174,6.427391304347827,11.478260869565217,0.1705,0.7842,0.2204,0.199,2726.218422477129,230.0,2956.218422477129
0,1763422232.9632514,313.5,83,0.2315,0.745,0.531,0.3992,37.1906,74.5036,39.9153,0.2936,0.0,0.0,15.49,0,15.49,None,0.11442923545837402,13.224,False,None,sfc_unique_p3_17,0,None,32.33,38.97,231.0,53,46,0,0,0,False,65.69343065693431,7.522608695652174,6.427391304347827,11.478260869565217,0.1705,0.7842,0.2204,0.199,2726.218422477129,230.0,2956.218422477129
0,1763422233.0301704,313.6,84,0.2315,0.745,0.531,0.3992,37.1906,74.5036,39.9153,0.2936,0.0,0.0,9.9,2.58,7.32,None,0.17490291595458984,18.928,False,None,sfc_cache_p4_17,0,None,32.33,38.97,231.0,53,46,0,0,0,False,65.45454545454545,7.522608695652174,6.427391304347827,11.478260869565217,0.1705,0.7842,0.2204,0.199,2726.218422477129,230.0,2956.218422477129
0,1763422233.031078,313.6,84,0.2315,0.745,0.531,0.3992,37.1906,74.5036,39.9153,0.2936,0.0,0.0,15.41,0,15.41,None,0.17490291595458984,16.505,False,None,sfc_unique_p4_17,0,None,32.33,38.97,231.0,53,46,0,0,0,False,65.21739130434783,7.522608695652174,6.427391304347827,11.478260869565217,0.1705,0.7842,0.2204,0.199,2726.218422477129,230.0,2956.218422477129
0,1763422233.1108665,313.6,85,0.2315,0.745,0.531,0.3992,37.1906,74.5036,39.9153,0.2936,0.0,0.0,14.04,0,14.04,None,0.24304604530334473,19.56,False,None,sfc_cache_p5_17,0,None,32.33,38.97,231.0,53,46,0,0,0,False,64.98194945848375,7.522608695652174,6.427391304347827,11.478260869565217,0.1705,0.7842,0.2204,0.199,2726.218422477129,230.0,2956.218422477129
0,1763422233.1117494,313.6,85,0.2315,0.745,0.531,0.3992,37.1906,74.5036,39.9153,0.2936,0.0,0.0,15.49,0,15.49,None,0.24304604530334473,21.693,False,None,sfc_unique_p5_17,0,None,32.33,38.97,231.0,53,46,0,0,0,False,64.74820143884892,7.522608695652174,6.427391304347827,11.478260869565217,0.1705,0.7842,0.2204,0.199,2726.218422477129,230.0,2956.218422477129
0,1763422233.184181,313.7,86,0.2315,0.745,0.531,0.3992,37.1906,74.5036,39.9153,0.2936,0.0,0.0,14.14,0,14.14,None,0.3236734867095947,19.569,False,None,sfc_cache_p6_17,0,None,32.33,38.97,231.0,53,46,0,0,0,False,64.51612903225806,7.522608695652174,6.427391304347827,11.478260869565217,0.1705,0.7842,0.2204,0.199,2726.218422477129,230.0,2956.218422477129
0,1763422233.1850681,313.7,86,0.2315,0.745,0.531,0.3992,37.1906,74.5036,39.9153,0.2936,0.0,0.0,15.7,0,15.7,None,0.3236734867095947,21.453,False,None,sfc_unique_p6_17,0,None,32.33,38.97,231.0,53,46,0,0,0,False,64.28571428571429,7.522608695652174,6.427391304347827,11.478260869565217,0.1705,0.7842,0.2204,0.199,2726.218422477129,230.0,2956.218422477129
0,1763422236.423011,317.0,86,0.2057,0.7022,0.4814,0.3493,32.51,70.2223,34.9259,0.0,0.0,0.0,15.01,0,15.01,None,4.57763671875e-05,19.757,False,None,sfc_cache_p4_13,0,None,32.33,38.97,231.0,53,42,0,0,0,False,64.05693950177937,7.1673809523809515,6.635000000000001,11.0,0.1179,0.6643,0.1837,0.1873,2651.517678752307,220.0,2871.517678752307
0,1763422236.4239082,317.0,86,0.2057,0.7022,0.4814,0.3493,32.51,70.2223,34.9259,0.0,0.0,0.0,17.17,0,17.17,None,4.57763671875e-05,21.58,False,None,sfc_unique_p4_13,0,None,32.33,38.97,231.0,53,42,0,0,0,False,63.829787234042556,7.1673809523809515,6.635000000000001,11.0,0.1179,0.6643,0.1837,0.1873,2651.517678752307,220.0,2871.517678752307
0,1763422236.4661465,317.0,86,0.2102,0.7022,0.4814,0.3493,32.51,70.2223,34.9259,0.0,0.0,0.0,14.19,0,14.19,None,0.22831058502197266,12.181,False,None,sfc_cache_p2_12,0,None,32.33,38.97,231.0,53,42,0,0,0,False,63.60424028268551,7.1673809523809515,6.635000000000001,11.0,0.1215,0.6643,0.1878,0.1873,2651.517678752307,210.0,2861.517678752307
0,1763422236.4666748,317.0,86,0.2102,0.7022,0.4814,0.3493,32.51,70.2223,34.9259,0.0,0.0,0.0,15.52,0,15.52,None,0.22831058502197266,13.089,False,None,sfc_unique_p2_12,0,None,32.33,38.97,231.0,53,42,0,0,0,False,63.38028169014085,7.1673809523809515,6.635000000000001,11.0,0.1215,0.6643,0.1878,0.1873,2651.517678752307,210.0,2861.517678752307
0,1763422241.2474802,321.8,86,0.2084,0.7022,0.4814,0.3493,32.51,70.2223,34.9259,0.0,0.0,0.0,2.24,0.16,2.07,None,4.553794860839844e-05,14.955,True,None,sfc_cache_p1_12,0,None,32.33,38.97,231.0,53,42,0,0,0,False,63.50877192982456,7.1673809523809515,6.635000000000001,11.0,0.1215,0.6643,0.1878,0.1876,2651.517678752307,210.0,2861.517678752307
0,1763422241.247997,321.8,86,0.2084,0.7022,0.4814,0.3493,32.51,70.2223,34.9259,0.0,0.0,0.0,4.75,0.3,4.44,None,4.553794860839844e-05,14.498,True,None,sfc_unique_p1_12,0,None,32.33,38.97,231.0,53,42,0,0,0,False,63.63636363636363,7.1673809523809515,6.635000000000001,11.0,0.1215,0.6643,0.1878,0.1876,2651.517678752307,210.0,2861.517678752307
0,1763422252.8774683,333.4,86,0.1357,0.5426,0.2953,0.2495,18.6142,54.2612,24.9471,0.0,0.0,0.0,1.32,0.16,1.15,None,0.00016450881958007812,21.162,True,None,sfc_cache_p1_18,0,None,16.0,30.31,132.0,34,28,0,0,0,False,63.76306620209059,6.155714285714287,7.690357142857144,11.785714285714286,0.1707,0.573,0.214,0.1739,2534.984173259145,140.0,2674.984173259145
0,1763422252.878349,333.4,86,0.1357,0.5426,0.2953,0.2495,18.6142,54.2612,24.9471,0.0,0.0,0.0,2.28,0.22,2.06,None,0.00016450881958007812,24.662,True,None,sfc_unique_p1_18,0,None,16.0,30.31,132.0,34,28,0,0,0,False,63.888888888888886,6.155714285714287,7.690357142857144,11.785714285714286,0.1707,0.573,0.214,0.1739,2534.984173259145,140.0,2674.984173259145
0,1763422252.9415195,333.5,87,0.1468,0.5552,0.3014,0.2495,20.5225,55.5211,24.9471,0.0,0.0,0.0,1.86,0.16,1.7,None,0.06446337699890137,20.866,True,None,sfc_cache_p2_18,0,None,16.0,38.64,165.0,38,30,0,0,0,False,64.01384083044984,6.334333333333333,7.344333333333334,11.0,0.1609,0.5669,0.2085,0.1769,2553.444550909663,150.0,2703.444550909663
0,1763422252.9423616,333.5,87,0.1468,0.5552,0.3014,0.2495,20.5225,55.5211,24.9471,0.0,0.0,0.0,5.83,2.68,3.15,None,0.06446337699890137,23.963,True,None,sfc_unique_p2_18,0,None,16.0,38.64,165.0,38,30,0,0,0,False,64.13793103448275,6.334333333333333,7.344333333333334,11.0,0.1609,0.5669,0.2085,0.1769,2553.444550909663,150.0,2703.444550909663
0,1763422253.0098445,333.5,88,0.165,0.5552,0.3099,0.2744,23.4027,55.5211,27.4418,0.0,0.0,0.0,3.48,2.06,1.42,None,0.12844538688659668,20.615,True,None,sfc_cache_p3_18,0,None,16.0,42.97,165.0,41,32,0,0,0,False,64.26116838487972,6.771875,6.8853125,11.34375,0.1455,0.5669,0.1984,0.1767,2569.3906118909354,160.0,2729.3906118909354
0,1763422253.0106938,333.5,88,0.165,0.5552,0.3099,0.2744,23.4027,55.5211,27.4418,0.0,0.0,0.0,5.59,3.96,1.63,None,0.12844538688659668,23.887,True,None,sfc_unique_p3_18,0,None,16.0,42.97,165.0,41,32,0,0,0,False,64.38356164383562,6.771875,6.8853125,11.34375,0.1455,0.5669,0.1984,0.1767,2569.3906118909354,160.0,2729.3906118909354
0,1763422253.054865,333.6,89,0.1827,0.5552,0.3165,0.2994,26.283,55.5211,29.9365,0.0,0.0,0.0,3.2,1.99,1.21,None,0.19675970077514648,12.495,True,None,sfc_cache_p4_18,0,None,16.0,47.3,165.0,44,34,0,0,0,False,64.50511945392492,7.1579411764705885,6.480294117647059,11.647058823529411,0.1297,0.5669,0.2006,0.1786,2569.3906118909354,170.0,2739.3906118909354
0,1763422253.0553901,333.6,89,0.1827,0.5552,0.3165,0.2994,26.283,55.5211,29.9365,0.0,0.0,0.0,6.12,3.96,2.17,None,0.19675970077514648,14.795,True,None,sfc_unique_p4_18,0,None,16.0,47.3,165.0,44,34,0,0,0,False,64.62585034013605,7.1579411764705885,6.480294117647059,11.647058823529411,0.1297,0.5669,0.2006,0.1786,2569.3906118909354,170.0,2739.3906118909354
0,1763422253.0997958,333.6,90,0.1969,0.5552,0.3257,0.2994,28.7313,55.5211,29.9365,0.0,0.0,0.0,3.69,1.99,1.7,None,0.24112296104431152,12.53,True,None,sfc_cache_p5_18,0,None,20.0,51.63,198.0,48,36,0,0,0,False,64.7457627118644,7.390000000000001,6.120277777777778,11.0,0.1221,0.5669,0.1958,0.1759,2569.3906118909354,180.0,2749.3906118909354
0,1763422253.1003206,333.6,90,0.1969,0.5552,0.3257,0.2994,28.7313,55.5211,29.9365,0.0,0.0,0.0,7.73,4.11,3.62,None,0.24112296104431152,14.328,True,None,sfc_unique_p5_18,0,None,20.0,51.63,198.0,48,36,0,0,0,False,64.86486486486487,7.390000000000001,6.120277777777778,11.0,0.1221,0.5669,0.1958,0.1759,2569.3906118909354,180.0,2749.3906118909354
0,1763422253.153888,333.7,91,0.2008,0.5897,0.3632,0.2994,29.7032,58.9658,29.9365,0.0,0.0,0.0,2.81,1.36,1.45,None,0.28603601455688477,18.337,True,None,sfc_cache_p6_18,0,None,24.0,55.96,231.0,52,38,0,0,0,False,64.98316498316498,7.237894736842105,6.157894736842105,10.421052631578947,0.117,0.5789,0.1913,0.1787,2597.794923916937,190.0,2787.794923916937
0,1763422253.1543972,333.7,91,0.2008,0.5897,0.3632,0.2994,29.7032,58.9658,29.9365,0.0,0.0,0.0,6.22,1.58,4.64,None,0.28603601455688477,14.44,True,None,sfc_unique_p6_18,0,None,24.0,55.96,231.0,52,38,0,0,0,False,65.1006711409396,7.237894736842105,6.157894736842105,10.421052631578947,0.117,0.5789,0.1913,0.1787,2597.794923916937,190.0,2787.794923916937
0,1763422256.277678,336.8,91,0.151,0.4091,0.1902,0.1996,20.0894,40.9082,19.9577,0.0,0.0,0.0,3.88,1.35,2.52,None,4.9114227294921875e-05,21.064,True,None,sfc_cache_p6_15,0,None,16.0,38.64,165.0,36,26,0,0,0,False,65.21739130434783,7.154615384615385,6.243846153846154,10.153846153846153,0.0911,0.3787,0.1614,0.1372,2439.875765405045,130.0,2569.875765405045
0,1763422256.278577,336.8,91,0.151,0.4091,0.1902,0.1996,20.0894,40.9082,19.9577,0.0,0.0,0.0,5.8,1.41,4.39,None,4.9114227294921875e-05,25.384,True,None,sfc_unique_p6_15,0,None,16.0,38.64,165.0,36,26,0,0,0,False,65.33333333333333,7.154615384615385,6.243846153846154,10.153846153846153,0.0911,0.3787,0.1614,0.1372,2439.875765405045,130.0,2569.875765405045
0,1763422274.8889453,355.4,91,0.1718,0.4091,0.197,0.2245,23.4373,40.9082,22.4524,0.0,0.0,0.0,4.85,2.63,2.23,None,0.00016951560974121094,17.743,True,None,sfc_cache_p1_19,0,None,16.0,38.64,165.0,37,28,0,0,0,False,65.4485049833887,7.750714285714286,5.797857142857143,10.607142857142858,0.0847,0.3787,0.1555,0.1457,2439.875765405045,140.0,2579.875765405045
0,1763422274.889444,355.4,91,0.1718,0.4091,0.197,0.2245,23.4373,40.9082,22.4524,0.0,0.0,0.0,7.48,3.96,3.53,None,0.00016951560974121094,14.819,True,None,sfc_unique_p1_19,0,None,16.0,38.64,165.0,37,28,0,0,0,False,65.56291390728477,7.750714285714286,5.797857142857143,10.607142857142858,0.0847,0.3787,0.1555,0.1457,2439.875765405045,140.0,2579.875765405045
0,1763422274.9400713,355.5,92,0.1715,0.4536,0.2148,0.2245,23.9773,45.3609,22.4524,0.0,0.0,0.0,4.88,2.63,2.25,None,0.04931163787841797,20.71,True,None,sfc_cache_p2_19,0,None,24.33,38.64,198.0,41,30,0,0,0,False,65.67656765676567,7.400666666666667,6.000333333333333,9.9,0.0809,0.3812,0.1515,0.1452,2461.8150936824018,150.0,2611.8150936824018
0,1763422274.9405673,355.5,92,0.1715,0.4536,0.2148,0.2245,23.9773,45.3609,22.4524,0.0,0.0,0.0,5.94,1.5,4.44,None,0.04931163787841797,15.406,True,None,sfc_unique_p2_19,0,None,24.33,38.64,198.0,41,30,0,0,0,False,65.78947368421053,7.400666666666667,6.000333333333333,9.9,0.0809,0.3812,0.1515,0.1452,2461.8150936824018,150.0,2611.8150936824018
0,1763422274.9788568,355.5,93,0.1751,0.4981,0.2473,0.2495,24.9492,49.8135,24.9471,0.0,0.0,0.0,5.06,2.7,2.36,None,0.10039567947387695,12.362,True,None,sfc_cache_p3_19,0,None,28.66,38.64,198.0,44,32,0,0,0,False,65.90163934426229,7.219375,6.1775,10.3125,0.0783,0.4641,0.1478,0.1423,2481.947296040552,160.0,2641.947296040552
0,1763422274.9794004,355.5,93,0.1751,0.4981,0.2473,0.2495,24.9492,49.8135,24.9471,0.0,0.0,0.0,6.6,1.8,4.8,None,0.10039567947387695,14.465,True,None,sfc_unique_p3_19,0,None,28.66,38.64,198.0,44,32,0,0,0,False,66.01307189542483,7.219375,6.1775,10.3125,0.0783,0.4641,0.1478,0.1423,2481.947296040552,160.0,2641.947296040552
0,1763422275.0187345,355.6,94,0.1853,0.5065,0.2799,0.2495,27.0379,50.6527,24.9471,0.0,0.0,0.0,5.79,2.74,3.05,None,0.13919591903686523,12.421,True,None,sfc_cache_p4_19,0,None,36.99,38.64,231.0,48,34,0,0,0,False,66.12377850162866,7.3635294117647065,5.912058823529412,9.705882352941176,0.0761,0.4857,0.1442,0.1538,2490.2722960405517,170.0,2660.2722960405517
0,1763422275.0192623,355.6,94,0.1853,0.5065,0.2799,0.2495,27.0379,50.6527,24.9471,0.0,0.0,0.0,9.05,2.9,6.15,None,0.13919591903686523,13.701,True,None,sfc_unique_p4_19,0,None,36.99,38.64,231.0,48,34,0,0,0,False,66.23376623376623,7.3635294117647065,5.912058823529412,9.705882352941176,0.0761,0.4857,0.1442,0.1538,2490.2722960405517,170.0,2660.2722960405517
0,1763422275.0593593,355.6,95,0.1832,0.5594,0.3412,0.2495,27.2182,55.9445,24.9471,0.0,0.0,0.0,12.18,2.74,9.44,None,0.17905640602111816,12.194,True,None,sfc_cache_p5_19,0,None,45.32,38.64,264.0,52,36,0,0,0,False,66.34304207119742,7.0008333333333335,6.166944444444444,9.166666666666666,0.0735,0.5534,0.1407,0.1853,2523.135811750194,180.0,2703.135811750194
0,1763422275.0598698,355.6,95,0.1832,0.5594,0.3412,0.2495,27.2182,55.9445,24.9471,0.0,0.0,0.0,6.67,0.37,6.3,None,0.17905640602111816,13.485,True,None,sfc_unique_p5_19,0,None,45.32,38.64,264.0,52,36,0,0,0,False,66.45161290322581,7.0008333333333335,6.166944444444444,9.166666666666666,0.0735,0.5534,0.1407,0.1853,2523.135811750194,180.0,2703.135811750194
0,1763422275.0993974,355.6,96,0.1887,0.5855,0.3915,0.2495,28.5498,58.55,24.9471,0.0,0.0,0.0,8.46,2.06,6.4,None,0.2196342945098877,12.121,True,None,sfc_cache_p6_19,0,None,53.65,38.64,297.0,56,38,0,0,0,False,66.55948553054662,6.956842105263158,6.114473684210526,8.68421052631579,0.0796,0.5857,0.1375,0.1998,2551.788668893051,190.0,2741.788668893051
0,1763422275.0999138,355.6,96,0.1887,0.5855,0.3915,0.2495,28.5498,58.55,24.9471,0.0,0.0,0.0,9.7,2.87,6.82,None,0.2196342945098877,13.167,True,None,sfc_unique_p6_19,0,None,53.65,38.64,297.0,56,38,0,0,0,False,66.66666666666666,6.956842105263158,6.114473684210526,8.68421052631579,0.0796,0.5857,0.1375,0.1998,2551.788668893051,190.0,2741.788668893051
0,1763422286.2912366,366.8,96,0.1877,0.5998,0.3952,0.2495,28.4051,59.9788,24.9471,0.0,0.0,0.0,3.5,0.84,2.66,None,5.054473876953125e-05,20.804,True,None,sfc_cache_p2_16,0,None,53.65,34.31,297.0,55,38,0,0,0,False,66.77316293929712,6.92157894736842,6.263684210526316,8.68421052631579,0.0797,0.6082,0.1375,0.2001,2569.6218216557813,190.0,2759.6218216557813
0,1763422286.2921288,366.8,96,0.1877,0.5998,0.3952,0.2495,28.4051,59.9788,24.9471,0.0,0.0,0.0,7.46,2.92,4.54,None,5.054473876953125e-05,23.449,True,None,sfc_unique_p2_16,0,None,53.65,34.31,297.0,55,38,0,0,0,False,66.87898089171973,6.92157894736842,6.263684210526316,8.68421052631579,0.0797,0.6082,0.1375,0.2001,2569.6218216557813,190.0,2759.6218216557813
0,1763422292.9247546,373.5,96,0.1895,0.6569,0.4365,0.2744,29.3047,65.6915,27.4418,0.0,0.0,0.0,6.52,2.06,4.46,None,0.0001747608184814453,18.757,True,None,sfc_cache_p1_20,0,None,53.65,34.31,297.0,56,40,0,0,0,False,66.98412698412697,6.78375,6.51725,9.075,0.0803,0.7028,0.1553,0.2084,2609.430312514164,200.0,2809.430312514164
0,1763422292.9252822,373.5,96,0.1895,0.6569,0.4365,0.2744,29.3047,65.6915,27.4418,0.0,0.0,0.0,6.63,0.49,6.14,None,0.0001747608184814453,15.842,True,None,sfc_unique_p1_20,0,None,53.65,34.31,297.0,56,40,0,0,0,False,67.08860759493672,6.78375,6.51725,9.075,0.0803,0.7028,0.1553,0.2084,2609.430312514164,200.0,2809.430312514164
0,1763422292.9703426,373.5,97,0.189,0.714,0.4736,0.2994,29.7367,71.4041,29.9365,0.0,0.0,0.0,6.5,2.08,4.41,None,0.05921792984008789,14.617,True,None,sfc_cache_p2_20,0,None,57.98,34.31,297.0,59,42,0,0,0,False,67.19242902208202,6.555952380952381,6.746666666666667,9.428571428571429,0.0817,0.7615,0.1726,0.2141,2645.556026799878,210.0,2855.556026799878
0,1763422292.9708395,373.5,97,0.189,0.714,0.4736,0.2994,29.7367,71.4041,29.9365,0.0,0.0,0.0,6.31,0.45,5.87,None,0.05921792984008789,12.392,True,None,sfc_unique_p2_20,0,None,57.98,34.31,297.0,59,42,0,0,0,False,67.29559748427673,6.555952380952381,6.746666666666667,9.428571428571429,0.0817,0.7615,0.1726,0.2141,2645.556026799878,210.0,2855.556026799878
0,1763422293.009163,373.5,98,0.1908,0.7493,0.5225,0.2994,30.673,74.932,29.9365,0.0,0.0,0.0,9.72,2.08,7.65,None,0.1047520637512207,11.059,True,None,sfc_cache_p3_20,0,None,66.31,34.31,330.0,63,44,0,0,0,False,67.39811912225704,6.454999999999999,6.758181818181819,9.0,0.0928,0.7723,0.1689,0.2197,2675.5554728336647,220.0,2895.5554728336647
0,1763422293.0096757,373.5,98,0.1908,0.7493,0.5225,0.2994,30.673,74.932,29.9365,0.0,0.0,0.0,10.64,3.33,7.31,None,0.1047520637512207,12.068,True,None,sfc_unique_p3_20,0,None,66.31,34.31,330.0,63,44,0,0,0,False,67.5,6.454999999999999,6.758181818181819,9.0,0.0928,0.7723,0.1689,0.2197,2675.5554728336647,220.0,2895.5554728336647
0,1763422293.064546,373.6,99,0.1908,0.7493,0.5225,0.2994,30.673,74.932,29.9365,0.0,0.0,0.0,14.71,0,14.71,None,0.14357709884643555,19.139,False,None,sfc_cache_p4_20,0,None,66.31,34.31,330.0,63,44,0,0,0,False,67.28971962616822,6.454999999999999,6.758181818181819,9.0,0.0928,0.7723,0.1689,0.2197,2675.5554728336647,220.0,2895.5554728336647
0,1763422293.0650842,373.6,99,0.1908,0.7493,0.5225,0.2994,30.673,74.932,29.9365,0.0,0.0,0.0,16.51,0,16.51,None,0.14357709884643555,12.377,False,None,sfc_unique_p4_20,0,None,66.31,34.31,330.0,63,44,0,0,0,False,67.08074534161491,6.454999999999999,6.758181818181819,9.0,0.0928,0.7723,0.1689,0.2197,2675.5554728336647,220.0,2895.5554728336647
0,1763422293.1134257,373.6,100,0.1908,0.7493,0.5225,0.2994,30.673,74.932,29.9365,0.0,0.0,0.0,14.68,0,14.68,None,0.19896626472473145,11.635,False,None,sfc_cache_p5_20,0,None,66.31,34.31,330.0,63,44,0,0,0,False,66.87306501547987,6.454999999999999,6.758181818181819,9.0,0.0928,0.7723,0.1689,0.2197,2675.5554728336647,220.0,2895.5554728336647
0,1763422293.113978,373.6,100,0.1908,0.7493,0.5225,0.2994,30.673,74.932,29.9365,0.0,0.0,0.0,16.45,0,16.45,None,0.19896626472473145,12.334,False,None,sfc_unique_p5_20,0,None,66.31,34.31,330.0,63,44,0,0,0,False,66.66666666666666,6.454999999999999,6.758181818181819,9.0,0.0928,0.7723,0.1689,0.2197,2675.5554728336647,220.0,2895.5554728336647
0,1763422293.1744294,373.7,101,0.1908,0.7493,0.5225,0.2994,30.673,74.932,29.9365,0.0,0.0,0.0,14.36,0,14.36,None,0.2478175163269043,18.938,False,None,sfc_cache_p6_20,0,None,66.31,34.31,330.0,63,44,0,0,0,False,66.46153846153847,6.454999999999999,6.758181818181819,9.0,0.0928,0.7723,0.1689,0.2197,2675.5554728336647,220.0,2895.5554728336647
0,1763422293.1749716,373.7,101,0.1908,0.7493,0.5225,0.2994,30.673,74.932,29.9365,0.0,0.0,0.0,15.81,0,15.81,None,0.2478175163269043,13.967,False,None,sfc_unique_p6_20,0,None,66.31,34.31,330.0,63,44,0,0,0,False,66.25766871165644,6.454999999999999,6.758181818181819,9.0,0.0928,0.7723,0.1689,0.2197,2675.5554728336647,220.0,2895.5554728336647
0,1763422311.2914279,391.8,101,0.1763,0.6015,0.4654,0.2495,27.8651,60.1477,24.9471,0.0,0.0,0.0,3.05,1.35,1.69,None,3.147125244140625e-05,14.616,True,None,sfc_cache_p6_16,0,None,62.31,29.98,297.0,56,38,0,0,0,False,66.36085626911316,6.789999999999999,6.281315789473684,8.68421052631579,0.0984,0.7572,0.1283,0.2232,2623.7786580991037,210.0,2833.7786580991037
0,1763422311.2919962,391.8,101,0.1763,0.6015,0.4654,0.2495,27.8651,60.1477,24.9471,0.0,0.0,0.0,4.27,1.41,2.86,None,3.147125244140625e-05,14.726,True,None,sfc_unique_p6_16,0,None,62.31,29.98,297.0,56,38,0,0,0,False,66.46341463414635,6.789999999999999,6.281315789473684,8.68421052631579,0.0984,0.7572,0.1283,0.2232,2623.7786580991037,210.0,2833.7786580991037
0,1763422311.3469276,391.9,101,0.1797,0.646,0.4864,0.2495,28.4051,64.6003,24.9471,0.0,0.0,0.0,3.62,1.99,1.63,None,0.04408597946166992,20.904,True,None,sfc_cache_p3_16,0,None,66.31,34.31,330.0,60,40,0,0,0,False,66.56534954407294,6.5755,6.409000000000001,8.25,0.0975,0.7782,0.1283,0.2222,2665.0245952605337,210.0,2875.0245952605337
0,1763422311.3474405,391.9,101,0.1797,0.646,0.4864,0.2495,28.4051,64.6003,24.9471,0.0,0.0,0.0,5.23,1.51,3.72,None,0.04408597946166992,18.97,True,None,sfc_unique_p3_16,0,None,66.31,34.31,330.0,60,40,0,0,0,False,66.66666666666666,6.5755,6.409000000000001,8.25,0.0975,0.7782,0.1283,0.2222,2665.0245952605337,210.0,2875.0245952605337
0,1763422311.408149,391.9,101,0.1902,0.6687,0.5077,0.2744,30.3134,66.8683,27.4418,0.0,0.0,0.0,2.22,0.18,2.04,None,0.10052275657653809,20.749,True,None,sfc_cache_p1_16,0,None,66.31,38.64,330.0,63,42,0,0,0,False,66.76737160120845,6.683095238095238,6.318095238095238,8.642857142857142,0.096,0.7843,0.1505,0.2195,2678.8463720752684,210.0,2888.8463720752684
0,1763422311.4090002,391.9,101,0.1902,0.6687,0.5077,0.2744,30.3134,66.8683,27.4418,0.0,0.0,0.0,6.43,2.84,3.58,None,0.10052275657653809,23.067,True,None,sfc_unique_p1_16,0,None,66.31,38.64,330.0,63,42,0,0,0,False,66.86746987951807,6.683095238095238,6.318095238095238,8.642857142857142,0.096,0.7843,0.1505,0.2195,2678.8463720752684,210.0,2888.8463720752684
0,1763422316.294538,396.8,101,0.1824,0.6947,0.5259,0.2744,29.1978,69.4713,27.4418,0.0,0.0,0.0,2.93,0.85,2.08,None,5.14984130859375e-05,13.777,True,None,sfc_cache_p5_16,0,None,62.31,42.64,330.0,63,42,0,0,0,False,66.96696696696696,6.437142857142858,6.564047619047619,8.642857142857142,0.092,0.7746,0.1505,0.2176,2671.679653257439,210.0,2881.679653257439
0,1763422316.2950602,396.8,101,0.1824,0.6947,0.5259,0.2744,29.1978,69.4713,27.4418,0.0,0.0,0.0,6.57,1.63,4.94,None,5.14984130859375e-05,13.317,True,None,sfc_unique_p5_16,0,None,62.31,42.64,330.0,63,42,0,0,0,False,67.06586826347305,6.437142857142858,6.564047619047619,8.642857142857142,0.092,0.7746,0.1505,0.2176,2671.679653257439,210.0,2881.679653257439
0,1763422320.0230782,400.6,101,0.1881,0.7426,0.5809,0.2994,29.5574,74.2591,29.9365,1.5078,0.0,0.0,4.16,0.21,3.95,None,0.0001621246337890625,12.012,True,None,sfc_cache_p1_21,0,None,62.31,42.64,330.0,63,44,0,0,0,False,67.16417910447761,6.417272727272728,6.6975,9.0,0.1136,0.7997,0.1689,0.2281,2690.179653257439,224.4,2914.579653257439
0,1763422320.0235846,400.6,101,0.1881,0.7426,0.5809,0.2994,29.5574,74.2591,29.9365,1.5078,0.0,0.0,25.11,6.35,18.76,None,0.0001621246337890625,12.0,True,None,sfc_unique_p1_21,0,None,62.31,42.64,330.0,63,44,0,0,0,False,67.26190476190477,6.417272727272728,6.6975,9.0,0.1136,0.7997,0.1689,0.2281,2690.179653257439,224.4,2914.579653257439
0,1763422320.080839,400.6,102,0.1881,0.7426,0.5809,0.2994,29.5574,74.2591,29.9365,1.5078,0.0,0.0,14.06,0,14.06,None,0.13158917427062988,18.668,False,None,sfc_cache_p2_21,0,None,62.31,42.64,330.0,63,44,0,0,0,False,67.06231454005935,6.417272727272728,6.6975,9.0,0.1136,0.7997,0.1689,0.2281,2690.179653257439,224.4,2914.579653257439
0,1763422320.081404,400.6,102,0.1881,0.7426,0.5809,0.2994,29.5574,74.2591,29.9365,1.5078,0.0,0.0,15.02,0,15.02,None,0.13158917427062988,12.465,False,None,sfc_unique_p2_21,0,None,62.31,42.64,330.0,63,44,0,0,0,False,66.86390532544378,6.417272727272728,6.6975,9.0,0.1136,0.7997,0.1689,0.2281,2690.179653257439,224.4,2914.579653257439
0,1763422320.1276374,400.7,103,0.1881,0.7426,0.5809,0.2994,29.5574,74.2591,29.9365,1.5078,0.0,0.0,14.1,0,14.1,None,0.18936562538146973,11.837,False,None,sfc_cache_p3_21,0,None,62.31,42.64,330.0,63,44,0,0,0,False,66.66666666666666,6.417272727272728,6.6975,9.0,0.1136,0.7997,0.1689,0.2281,2690.179653257439,224.4,2914.579653257439
0,1763422320.128166,400.7,103,0.1881,0.7426,0.5809,0.2994,29.5574,74.2591,29.9365,1.5078,0.0,0.0,15.1,0,15.1,None,0.18936562538146973,12.474,False,None,sfc_unique_p3_21,0,None,62.31,42.64,330.0,63,44,0,0,0,False,66.47058823529412,6.417272727272728,6.6975,9.0,0.1136,0.7997,0.1689,0.2281,2690.179653257439,224.4,2914.579653257439
0,1763422320.1842213,400.7,104,0.1881,0.7426,0.5809,0.2994,29.5574,74.2591,29.9365,1.5078,0.0,0.0,14.55,0,14.55,None,0.2361128330230713,18.816,False,None,sfc_cache_p4_21,0,None,62.31,42.64,330.0,63,44,0,0,0,False,66.27565982404691,6.417272727272728,6.6975,9.0,0.1136,0.7997,0.1689,0.2281,2690.179653257439,224.4,2914.579653257439
0,1763422320.184771,400.7,104,0.1881,0.7426,0.5809,0.2994,29.5574,74.2591,29.9365,1.5078,0.0,0.0,16.0,0,16.0,None,0.2361128330230713,12.666,False,None,sfc_unique_p4_21,0,None,62.31,42.64,330.0,63,44,0,0,0,False,66.08187134502924,6.417272727272728,6.6975,9.0,0.1136,0.7997,0.1689,0.2281,2690.179653257439,224.4,2914.579653257439
0,1763422320.2610922,400.8,105,0.1881,0.7426,0.5809,0.2994,29.5574,74.2591,29.9365,1.5078,0.0,0.0,14.55,0,14.55,None,0.2926909923553467,19.392,False,None,sfc_cache_p5_21,0,None,62.31,42.64,330.0,63,44,0,0,0,False,65.88921282798835,6.417272727272728,6.6975,9.0,0.1136,0.7997,0.1689,0.2281,2690.179653257439,224.4,2914.579653257439
0,1763422320.2619627,400.8,105,0.1881,0.7426,0.5809,0.2994,29.5574,74.2591,29.9365,1.5078,0.0,0.0,16.0,0,16.0,None,0.2926909923553467,20.772,False,None,sfc_unique_p5_21,0,None,62.31,42.64,330.0,63,44,0,0,0,False,65.69767441860465,6.417272727272728,6.6975,9.0,0.1136,0.7997,0.1689,0.2281,2690.179653257439,224.4,2914.579653257439
0,1763422320.3276007,400.9,106,0.1881,0.7426,0.5809,0.2994,29.5574,74.2591,29.9365,1.5078,0.0,0.0,14.02,0,14.02,None,0.370164155960083,19.601,False,None,sfc_cache_p6_21,0,None,62.31,42.64,330.0,63,44,0,0,0,False,65.5072463768116,6.417272727272728,6.6975,9.0,0.1136,0.7997,0.1689,0.2281,2690.179653257439,224.4,2914.579653257439
0,1763422320.3281426,400.9,106,0.1881,0.7426,0.5809,0.2994,29.5574,74.2591,29.9365,1.5078,0.0,0.0,14.94,0,14.94,None,0.370164155960083,16.343,False,None,sfc_unique_p6_21,0,None,62.31,42.64,330.0,63,44,0,0,0,False,65.3179190751445,6.417272727272728,6.6975,9.0,0.1136,0.7997,0.1689,0.2281,2690.179653257439,224.4,2914.579653257439
0,1763422321.3025453,401.8,106,0.192,0.725,0.591,0.2994,30.3134,72.4952,29.9365,1.4916,0.0,0.0,8.58,1.47,7.11,None,5.221366882324219e-05,18.217,True,None,sfc_cache_p4_16,0,None,62.31,42.64,330.0,63,44,0,0,0,False,65.4178674351585,6.576363636363637,6.538409090909091,9.0,0.1125,0.7913,0.1689,0.2277,2687.979956616052,224.4,2912.379956616052
0,1763422321.3030565,401.8,106,0.192,0.725,0.591,0.2994,30.3134,72.4952,29.9365,1.4916,0.0,0.0,8.02,1.59,6.42,None,5.221366882324219e-05,12.487,True,None,sfc_unique_p4_16,0,None,62.31,42.64,330.0,63,44,0,0,0,False,65.51724137931035,6.576363636363637,6.538409090909091,9.0,0.1125,0.7913,0.1689,0.2277,2687.979956616052,224.4,2912.379956616052
0,1763422341.3339806,421.9,106,0.1644,0.5099,0.4567,0.2245,22.609,50.9903,22.4524,2.1675,0.0,0.0,4.82,1.35,3.47,None,5.53131103515625e-05,21.233,True,None,sfc_cache_p1_18,0,None,58.31,17.32,231.0,45,32,0,0,0,False,65.61604584527221,6.813124999999999,6.3234375,9.28125,0.1473,0.7588,0.1453,0.2261,2575.26521663772,164.4,2739.6652166377203
0,1763422341.33483,421.9,106,0.1644,0.5099,0.4567,0.2245,22.609,50.9903,22.4524,2.1675,0.0,0.0,6.44,0.22,6.22,None,5.53131103515625e-05,24.042,True,None,sfc_unique_p1_18,0,None,58.31,17.32,231.0,45,32,0,0,0,False,65.71428571428571,6.813124999999999,6.3234375,9.28125,0.1473,0.7588,0.1453,0.2261,2575.26521663772,164.4,2739.6652166377203
0,1763422342.9780953,423.5,106,0.17,0.5561,0.4749,0.2495,23.9773,55.6093,24.9471,2.0104,0.0,0.0,3.55,1.43,2.12,None,0.0001513957977294922,21.631,True,None,sfc_cache_p1_22,0,None,58.31,17.32,231.0,46,34,0,0,0,False,65.8119658119658,6.785,6.490588235294118,9.705882352941176,0.1385,0.7738,0.1408,0.2276,2598.2791363095976,174.4,2772.6791363095977
0,1763422342.9789672,423.5,106,0.17,0.5561,0.4749,0.2495,23.9773,55.6093,24.9471,2.0104,0.0,0.0,4.81,1.56,3.24,None,0.0001513957977294922,24.962,True,None,sfc_unique_p1_22,0,None,58.31,17.32,231.0,46,34,0,0,0,False,65.9090909090909,6.785,6.490588235294118,9.705882352941176,0.1385,0.7738,0.1408,0.2276,2598.2791363095976,174.4,2772.6791363095977
0,1763422343.0436304,423.6,107,0.1753,0.5914,0.4931,0.2744,25.3456,59.1372,27.4418,1.8746,0.0,0.0,2.89,0.94,1.95,None,0.07151269912719727,21.53,True,None,sfc_cache_p2_22,0,None,58.31,21.65,231.0,49,36,0,0,0,False,66.0056657223796,6.76,6.518888888888889,10.083333333333334,0.1373,0.7623,0.153,0.2275,2614.998566738324,184.4,2799.398566738324
0,1763422343.044462,423.6,107,0.1753,0.5914,0.4931,0.2744,25.3456,59.1372,27.4418,1.8746,0.0,0.0,4.74,1.64,3.1,None,0.07151269912719727,23.993,True,None,sfc_unique_p2_22,0,None,58.31,21.65,231.0,49,36,0,0,0,False,66.10169491525424,6.76,6.518888888888889,10.083333333333334,0.1373,0.7623,0.153,0.2275,2614.998566738324,184.4,2799.398566738324
0,1763422343.1122322,423.6,108,0.1749,0.646,0.509,0.2994,25.8856,64.5978,29.9365,1.7559,0.0,0.0,3.39,0.81,2.58,None,0.13697218894958496,21.115,True,None,sfc_cache_p3_22,0,None,58.31,25.98,231.0,52,38,0,0,0,False,66.19718309859155,6.53578947368421,6.746052631578948,10.421052631578947,0.1309,0.801,0.1727,0.2271,2660.8355114837195,194.4,2855.2355114837196
0,1763422343.1131024,423.6,108,0.1749,0.646,0.509,0.2994,25.8856,64.5978,29.9365,1.7559,0.0,0.0,5.54,1.52,4.03,None,0.13697218894958496,23.398,True,None,sfc_unique_p3_22,0,None,58.31,25.98,231.0,52,38,0,0,0,False,66.29213483146067,6.53578947368421,6.746052631578948,10.421052631578947,0.1309,0.801,0.1727,0.2271,2660.8355114837195,194.4,2855.2355114837196
0,1763422343.1782894,423.7,109,0.1791,0.677,0.5315,0.2994,27.0022,67.7049,29.9365,1.6713,0.0,0.0,3.39,0.81,2.58,None,0.2055811882019043,20.865,True,None,sfc_cache_p4_22,0,None,58.31,34.31,264.0,56,40,0,0,0,False,66.38655462184873,6.467499999999999,6.7170000000000005,9.9,0.1323,0.8101,0.1688,0.2244,2695.5100974611223,204.4,2899.9100974611224
0,1763422343.17917,423.7,109,0.1791,0.677,0.5315,0.2994,27.0022,67.7049,29.9365,1.6713,0.0,0.0,5.89,1.34,4.54,None,0.2055811882019043,23.557,True,None,sfc_unique_p4_22,0,None,58.31,34.31,264.0,56,40,0,0,0,False,66.4804469273743,6.467499999999999,6.7170000000000005,9.9,0.1323,0.8101,0.1688,0.2244,2695.5100974611223,204.4,2899.9100974611224
0,1763422343.2486613,423.8,110,0.1791,0.677,0.5315,0.2994,27.0022,67.7049,29.9365,1.6713,0.0,0.0,6.32,1.43,4.89,None,0.27165889739990234,20.814,False,None,sfc_cache_p5_22,0,None,58.31,34.31,264.0,56,40,0,0,0,False,66.29526462395543,6.467499999999999,6.7170000000000005,9.9,0.1323,0.8101,0.1688,0.2244,2695.5100974611223,204.4,2899.9100974611224
0,1763422343.2495573,423.8,110,0.1791,0.677,0.5315,0.2994,27.0022,67.7049,29.9365,1.6713,0.0,0.0,16.0,0,16.0,None,0.27165889739990234,22.725,False,None,sfc_unique_p5_22,0,None,58.31,34.31,264.0,56,40,0,0,0,False,66.11111111111111,6.467499999999999,6.7170000000000005,9.9,0.1323,0.8101,0.1688,0.2244,2695.5100974611223,204.4,2899.9100974611224
0,1763422343.3237514,423.9,111,0.1791,0.677,0.5315,0.2994,27.0022,67.7049,29.9365,1.6713,0.0,0.0,5.23,0.21,5.02,None,0.3420238494873047,21.069,False,None,sfc_cache_p6_22,0,None,58.31,34.31,264.0,56,40,0,0,0,False,65.92797783933518,6.467499999999999,6.7170000000000005,9.9,0.1323,0.8101,0.1688,0.2244,2695.5100974611223,204.4,2899.9100974611224
0,1763422343.3246193,423.9,111,0.1791,0.677,0.5315,0.2994,27.0022,67.7049,29.9365,1.6713,0.0,0.0,16.0,0,16.0,None,0.3420238494873047,22.265,False,None,sfc_unique_p6_22,0,None,58.31,34.31,264.0,56,40,0,0,0,False,65.74585635359117,6.467499999999999,6.7170000000000005,9.9,0.1323,0.8101,0.1688,0.2244,2695.5100974611223,204.4,2899.9100974611224
0,1763422346.3528025,426.9,111,0.1006,0.5981,0.4304,0.2495,14.8333,59.8075,24.9471,1.6514,0.0,0.0,2.3,0.16,2.13,None,5.1021575927734375e-05,21.232,True,None,sfc_cache_p3_19,0,None,33.65,16.99,132.0,34,28,0,0,0,False,65.84022038567493,5.214999999999999,8.476428571428572,11.785714285714286,0.1695,0.699,0.1741,0.221,2559.9352391673588,204.4,2764.335239167359
0,1763422346.353673,426.9,111,0.1006,0.5981,0.4304,0.2495,14.8333,59.8075,24.9471,1.6514,0.0,0.0,6.45,2.68,3.77,None,5.1021575927734375e-05,24.714,True,None,sfc_unique_p3_19,0,None,33.65,16.99,132.0,34,28,0,0,0,False,65.93406593406593,5.214999999999999,8.476428571428572,11.785714285714286,0.1695,0.699,0.1741,0.221,2559.9352391673588,204.4,2764.335239167359
0,1763422346.4159102,426.9,111,0.1201,0.5981,0.4369,0.2744,17.7135,59.8075,27.4418,1.6917,0.0,0.0,4.13,1.99,2.14,None,0.06455111503601074,20.931,True,None,sfc_cache_p1_19,0,None,33.65,21.32,132.0,37,30,0,0,0,False,66.02739726027397,5.756333333333333,7.911333333333333,12.1,0.1581,0.699,0.1705,0.2239,2587.7981860796012,204.4,2792.1981860796013
0,1763422346.4167964,426.9,111,0.1201,0.5981,0.4369,0.2744,17.7135,59.8075,27.4418,1.6917,0.0,0.0,7.74,3.96,3.78,None,0.06455111503601074,24.499,True,None,sfc_unique_p1_19,0,None,33.65,21.32,132.0,37,30,0,0,0,False,66.12021857923497,5.756333333333333,7.911333333333333,12.1,0.1581,0.699,0.1705,0.2239,2587.7981860796012,204.4,2792.1981860796013
0,1763422346.4541845,427.0,111,0.1358,0.5981,0.4435,0.2744,20.1618,59.8075,27.4418,1.6917,0.0,0.0,5.38,1.99,3.39,None,0.12933611869812012,12.499,True,None,sfc_cache_p6_18,0,None,37.65,25.65,165.0,41,32,0,0,0,False,66.21253405994551,6.1049999999999995,7.416875,11.34375,0.1445,0.699,0.1705,0.2271,2597.3435350967816,204.4,2801.7435350967817
0,1763422346.4546933,427.0,111,0.1358,0.5981,0.4435,0.2744,20.1618,59.8075,27.4418,1.6917,0.0,0.0,10.02,3.96,6.07,None,0.12933611869812012,14.389,True,None,sfc_unique_p6_18,0,None,37.65,25.65,165.0,41,32,0,0,0,False,66.30434782608695,6.1049999999999995,7.416875,11.34375,0.1445,0.699,0.1705,0.2271,2597.3435350967816,204.4,2801.7435350967817
0,1763422346.516354,427.0,111,0.1516,0.5981,0.45,0.2744,22.61,59.8075,27.4418,1.6917,0.0,0.0,5.4,1.99,3.41,None,0.16863417625427246,20.935,True,None,sfc_cache_p5_18,0,None,41.65,29.98,198.0,45,34,0,0,0,False,66.39566395663957,6.41264705882353,6.9805882352941175,10.676470588235293,0.1311,0.699,0.1705,0.2301,2597.3435350967816,204.4,2801.7435350967817
0,1763422346.5172398,427.0,111,0.1516,0.5981,0.45,0.2744,22.61,59.8075,27.4418,1.6917,0.0,0.0,10.06,3.96,6.11,None,0.16863417625427246,23.813,True,None,sfc_unique_p5_18,0,None,41.65,29.98,198.0,45,34,0,0,0,False,66.48648648648648,6.41264705882353,6.9805882352941175,10.676470588235293,0.1311,0.699,0.1705,0.2301,2597.3435350967816,204.4,2801.7435350967817
0,1763422346.578533,427.1,111,0.1659,0.5981,0.4592,0.2744,25.0583,59.8075,27.4418,1.6514,0.0,0.0,5.38,1.99,3.39,None,0.23314523696899414,20.976,True,None,sfc_cache_p4_18,0,None,45.65,34.31,231.0,49,36,0,0,0,False,66.57681940700809,6.686111111111111,6.592777777777778,10.083333333333334,0.1321,0.699,0.1705,0.232,2615.8039127473,204.4,2820.2039127473
0,1763422346.5794497,427.1,111,0.1659,0.5981,0.4592,0.2744,25.0583,59.8075,27.4418,1.6514,0.0,0.0,10.66,4.11,6.56,None,0.23314523696899414,23.857,True,None,sfc_unique_p4_18,0,None,45.65,34.31,231.0,49,36,0,0,0,False,66.66666666666666,6.686111111111111,6.592777777777778,10.083333333333334,0.1321,0.699,0.1705,0.232,2615.8039127473,204.4,2820.2039127473
0,1763422346.6405272,427.2,111,0.1752,0.6283,0.4744,0.2994,26.6426,62.8314,29.9365,1.632,0.0,0.0,5.94,2.06,3.87,None,0.2970130443572998,20.648,True,None,sfc_cache_p3_18,0,None,45.65,38.64,231.0,52,38,0,0,0,False,66.75603217158177,6.7202631578947365,6.561578947368421,10.421052631578947,0.1322,0.7219,0.1688,0.2308,2655.615087488052,204.4,2860.015087488052
0,1763422346.6413956,427.2,111,0.1752,0.6283,0.4744,0.2994,26.6426,62.8314,29.9365,1.632,0.0,0.0,8.42,1.48,6.94,None,0.2970130443572998,23.796,True,None,sfc_unique_p3_18,0,None,45.65,38.64,231.0,52,38,0,0,0,False,66.84491978609626,6.7202631578947365,6.561578947368421,10.421052631578947,0.1322,0.7219,0.1688,0.2308,2655.615087488052,204.4,2860.015087488052
0,1763422346.8423693,427.4,111,0.1905,0.6426,0.487,0.3243,28.9105,64.2602,32.4312,1.6514,0.0,0.0,4.02,0.17,3.86,None,0.360567569732666,20.525,True,None,sfc_cache_p2_18,0,None,45.65,42.97,231.0,55,40,0,0,0,False,66.93333333333334,6.90925,6.375249999999999,10.725,0.1313,0.7267,0.1915,0.2305,2672.4770283640773,204.4,2876.8770283640774
0,1763422346.84289,427.4,111,0.1905,0.6426,0.487,0.3243,28.9105,64.2602,32.4312,1.6514,0.0,0.0,10.42,4.18,6.24,None,0.360567569732666,14.387,True,None,sfc_unique_p2_18,0,None,45.65,42.97,231.0,55,40,0,0,0,False,67.02127659574468,6.90925,6.375249999999999,10.725,0.1313,0.7267,0.1915,0.2305,2672.4770283640773,204.4,2876.8770283640774
0,1763422368.0410388,448.6,111,0.1958,0.6888,0.5054,0.3493,30.2788,68.8791,34.9259,1.5764,0.0,0.0,3.35,0.95,2.4,None,0.00016164779663085938,20.279,True,None,sfc_cache_p1_23,0,None,45.65,42.97,231.0,56,42,0,0,0,False,67.10875331564988,6.881904761904762,6.508095238095238,11.0,0.1288,0.7157,0.1942,0.2302,2674.798650404009,214.4,2889.198650404009
0,1763422368.041916,448.6,111,0.1958,0.6888,0.5054,0.3493,30.2788,68.8791,34.9259,1.5764,0.0,0.0,5.04,1.66,3.38,None,0.00016164779663085938,23.807,True,None,sfc_unique_p1_23,0,None,45.65,42.97,231.0,56,42,0,0,0,False,67.1957671957672,6.881904761904762,6.508095238095238,11.0,0.1288,0.7157,0.1942,0.2302,2674.798650404009,214.4,2889.198650404009
0,1763422368.1070771,448.6,112,0.201,0.7241,0.5498,0.3742,31.6472,72.407,37.4206,1.5078,0.0,0.0,3.53,1.21,2.32,None,0.07215571403503418,19.727,True,None,sfc_cache_p2_23,0,None,45.65,47.3,231.0,59,44,0,0,0,False,67.28232189973615,6.857045454545456,6.530454545454545,11.25,0.1259,0.7208,0.2044,0.2288,2689.1137719022295,224.4,2913.5137719022296
0,1763422368.1079438,448.6,112,0.201,0.7241,0.5498,0.3742,31.6472,72.407,37.4206,1.5078,0.0,0.0,8.03,1.57,6.46,None,0.07215571403503418,23.331,True,None,sfc_unique_p2_23,0,None,45.65,47.3,231.0,59,44,0,0,0,False,67.36842105263158,6.857045454545456,6.530454545454545,11.25,0.1259,0.7208,0.2044,0.2288,2689.1137719022295,224.4,2913.5137719022296
0,1763422368.1871555,448.7,113,0.201,0.7241,0.5498,0.3742,31.6472,72.407,37.4206,1.5078,0.0,0.0,13.46,0,13.46,None,0.13815784454345703,19.531,False,None,sfc_cache_p3_23,0,None,45.65,47.3,231.0,59,44,0,0,0,False,67.19160104986877,6.857045454545456,6.530454545454545,11.25,0.1259,0.7208,0.2044,0.2288,2689.1137719022295,224.4,2913.5137719022296
0,1763422368.1880293,448.7,113,0.201,0.7241,0.5498,0.3742,31.6472,72.407,37.4206,1.5078,0.0,0.0,14.3,0,14.3,None,0.13815784454345703,21.667,False,None,sfc_unique_p3_23,0,None,45.65,47.3,231.0,59,44,0,0,0,False,67.01570680628272,6.857045454545456,6.530454545454545,11.25,0.1259,0.7208,0.2044,0.2288,2689.1137719022295,224.4,2913.5137719022296
0,1763422368.261072,448.8,114,0.201,0.7241,0.5498,0.3742,31.6472,72.407,37.4206,1.5078,0.0,0.0,8.3,1.94,6.36,None,0.21822118759155273,18.817,False,None,sfc_cache_p4_23,0,None,45.65,47.3,231.0,59,44,0,0,0,False,66.84073107049609,6.857045454545456,6.530454545454545,11.25,0.1259,0.7208,0.2044,0.2288,2689.1137719022295,224.4,2913.5137719022296
0,1763422368.2619715,448.8,114,0.201,0.7241,0.5498,0.3742,31.6472,72.407,37.4206,1.5078,0.0,0.0,14.93,0,14.93,None,0.21822118759155273,21.358,False,None,sfc_unique_p4_23,0,None,45.65,47.3,231.0,59,44,0,0,0,False,66.66666666666666,6.857045454545456,6.530454545454545,11.25,0.1259,0.7208,0.2044,0.2288,2689.1137719022295,224.4,2913.5137719022296
0,1763422368.3422213,448.9,115,0.201,0.7241,0.5498,0.3742,31.6472,72.407,37.4206,1.5078,0.0,0.0,14.07,0,14.07,None,0.29215121269226074,19.808,False,None,sfc_cache_p5_23,0,None,45.65,47.3,231.0,59,44,0,0,0,False,66.49350649350649,6.857045454545456,6.530454545454545,11.25,0.1259,0.7208,0.2044,0.2288,2689.1137719022295,224.4,2913.5137719022296
0,1763422368.3431234,448.9,115,0.201,0.7241,0.5498,0.3742,31.6472,72.407,37.4206,1.5078,0.0,0.0,15.52,0,15.52,None,0.29215121269226074,21.746,False,None,sfc_unique_p5_23,0,None,45.65,47.3,231.0,59,44,0,0,0,False,66.32124352331607,6.857045454545456,6.530454545454545,11.25,0.1259,0.7208,0.2044,0.2288,2689.1137719022295,224.4,2913.5137719022296
0,1763422368.4192119,449.0,116,0.201,0.7241,0.5498,0.3742,31.6472,72.407,37.4206,1.5078,0.0,0.0,13.65,0,13.65,None,0.3732717037200928,19.631,False,None,sfc_cache_p6_23,0,None,45.65,47.3,231.0,59,44,0,0,0,False,66.1498708010336,6.857045454545456,6.530454545454545,11.25,0.1259,0.7208,0.2044,0.2288,2689.1137719022295,224.4,2913.5137719022296
0,1763422368.4201467,449.0,116,0.201,0.7241,0.5498,0.3742,31.6472,72.407,37.4206,1.5078,0.0,0.0,14.67,0,14.67,None,0.3732717037200928,21.798,False,None,sfc_unique_p6_23,0,None,45.65,47.3,231.0,59,44,0,0,0,False,65.97938144329896,6.857045454545456,6.530454545454545,11.25,0.1259,0.7208,0.2044,0.2288,2689.1137719022295,224.4,2913.5137719022296
0,1763422380.0718393,460.6,116,0.201,0.7241,0.5498,0.3742,31.6472,72.407,37.4206,1.5078,0.0,0.0,2.77,0.94,1.83,None,0.0001723766326904297,19.916,False,None,sfc_cache_p1_24,0,None,45.65,47.3,231.0,59,44,0,0,0,False,65.80976863753213,6.857045454545456,6.530454545454545,11.25,0.1259,0.7208,0.2044,0.2288,2689.1137719022295,224.4,2913.5137719022296
0,1763422380.0727704,460.6,116,0.201,0.7241,0.5498,0.3742,31.6472,72.407,37.4206,1.5078,0.0,0.0,15.27,0,15.27,None,0.0001723766326904297,22.065,False,None,sfc_unique_p1_24,0,None,45.65,47.3,231.0,59,44,0,0,0,False,65.64102564102564,6.857045454545456,6.530454545454545,11.25,0.1259,0.7208,0.2044,0.2288,2689.1137719022295,224.4,2913.5137719022296
0,1763422380.1483243,460.7,117,0.201,0.7241,0.5498,0.3742,31.6472,72.407,37.4206,1.5078,0.0,0.0,13.91,0,13.91,None,0.07707095146179199,19.773,False,None,sfc_cache_p2_24,0,None,45.65,47.3,231.0,59,44,0,0,0,False,65.47314578005115,6.857045454545456,6.530454545454545,11.25,0.1259,0.7208,0.2044,0.2288,2689.1137719022295,224.4,2913.5137719022296
0,1763422380.149249,460.7,117,0.201,0.7241,0.5498,0.3742,31.6472,72.407,37.4206,1.5078,0.0,0.0,15.46,0,15.46,None,0.07707095146179199,21.636,False,None,sfc_unique_p2_24,0,None,45.65,47.3,231.0,59,44,0,0,0,False,65.3061224489796,6.857045454545456,6.530454545454545,11.25,0.1259,0.7208,0.2044,0.2288,2689.1137719022295,224.4,2913.5137719022296
0,1763422380.2252326,460.8,118,0.201,0.7241,0.5498,0.3742,31.6472,72.407,37.4206,1.5078,0.0,0.0,13.91,0,13.91,None,0.15354108810424805,19.38,False,None,sfc_cache_p3_24,0,None,45.65,47.3,231.0,59,44,0,0,0,False,65.13994910941476,6.857045454545456,6.530454545454545,11.25,0.1259,0.7208,0.2044,0.2288,2689.1137719022295,224.4,2913.5137719022296
0,1763422380.2261422,460.8,118,0.201,0.7241,0.5498,0.3742,31.6472,72.407,37.4206,1.5078,0.0,0.0,15.47,0,15.47,None,0.15354108810424805,21.701,False,None,sfc_unique_p3_24,0,None,45.65,47.3,231.0,59,44,0,0,0,False,64.9746192893401,6.857045454545456,6.530454545454545,11.25,0.1259,0.7208,0.2044,0.2288,2689.1137719022295,224.4,2913.5137719022296
0,1763422380.3012323,460.8,119,0.201,0.7241,0.5498,0.3742,31.6472,72.407,37.4206,1.5078,0.0,0.0,9.92,3.14,6.77,None,0.23039698600769043,18.746,False,None,sfc_cache_p4_24,0,None,45.65,47.3,231.0,59,44,0,0,0,False,64.81012658227849,6.857045454545456,6.530454545454545,11.25,0.1259,0.7208,0.2044,0.2288,2689.1137719022295,224.4,2913.5137719022296
0,1763422380.3021443,460.8,119,0.201,0.7241,0.5498,0.3742,31.6472,72.407,37.4206,1.5078,0.0,0.0,15.19,0,15.19,None,0.23039698600769043,21.602,False,None,sfc_unique_p4_24,0,None,45.65,47.3,231.0,59,44,0,0,0,False,64.64646464646465,6.857045454545456,6.530454545454545,11.25,0.1259,0.7208,0.2044,0.2288,2689.1137719022295,224.4,2913.5137719022296
0,1763422380.3754852,460.9,120,0.201,0.7241,0.5498,0.3742,31.6472,72.407,37.4206,1.5078,0.0,0.0,13.81,0,13.81,None,0.30638670921325684,19.568,False,None,sfc_cache_p5_24,0,None,45.65,47.3,231.0,59,44,0,0,0,False,64.48362720403023,6.857045454545456,6.530454545454545,11.25,0.1259,0.7208,0.2044,0.2288,2689.1137719022295,224.4,2913.5137719022296
0,1763422380.3760626,460.9,120,0.201,0.7241,0.5498,0.3742,31.6472,72.407,37.4206,1.5078,0.0,0.0,15.27,0,15.27,None,0.30638670921325684,19.058,False,None,sfc_unique_p5_24,0,None,45.65,47.3,231.0,59,44,0,0,0,False,64.321608040201,6.857045454545456,6.530454545454545,11.25,0.1259,0.7208,0.2044,0.2288,2689.1137719022295,224.4,2913.5137719022296
0,1763422380.452538,461.0,121,0.201,0.7241,0.5498,0.3742,31.6472,72.407,37.4206,1.5078,0.0,0.0,13.81,0,13.81,None,0.3799440860748291,19.506,False,None,sfc_cache_p6_24,0,None,45.65,47.3,231.0,59,44,0,0,0,False,64.16040100250626,6.857045454545456,6.530454545454545,11.25,0.1259,0.7208,0.2044,0.2288,2689.1137719022295,224.4,2913.5137719022296
0,1763422380.4530776,461.0,121,0.201,0.7241,0.5498,0.3742,31.6472,72.407,37.4206,1.5078,0.0,0.0,15.26,0,15.26,None,0.3799440860748291,18.952,False,None,sfc_unique_p6_24,0,None,45.65,47.3,231.0,59,44,0,0,0,False,64.0,6.857045454545456,6.530454545454545,11.25,0.1259,0.7208,0.2044,0.2288,2689.1137719022295,224.4,2913.5137719022296
0,1763422386.3556998,466.9,121,0.0684,0.4443,0.2891,0.1996,7.8492,44.4335,19.9577,3.3029,0.0,0.0,2.09,0.16,1.93,None,3.743171691894531e-05,12.487,True,None,sfc_cache_p3_22,0,None,12.66,8.66,33.0,18,18,0,0,0,False,64.08977556109726,4.519444444444445,9.796111111111111,14.666666666666666,0.1987,0.6662,0.1959,0.2173,2434.0498398483674,104.4,2538.4498398483674
0,1763422386.356195,466.9,121,0.0684,0.4443,0.2891,0.1996,7.8492,44.4335,19.9577,3.3029,0.0,0.0,3.83,0.22,3.62,None,3.743171691894531e-05,14.637,True,None,sfc_unique_p3_22,0,None,12.66,8.66,33.0,18,18,0,0,0,False,64.17910447761194,4.519444444444445,9.796111111111111,14.666666666666666,0.1987,0.6662,0.1959,0.2173,2434.0498398483674,104.4,2538.4498398483674
0,1763422386.3939831,466.9,121,0.0802,0.4788,0.2972,0.2245,9.2531,47.8782,22.4524,3.468,0.0,0.0,3.28,1.35,1.93,None,0.03807878494262695,12.778,True,None,sfc_cache_p1_22,0,None,12.66,12.99,33.0,21,20,0,0,0,False,64.26799007444168,4.7175,9.5,14.85,0.2236,0.6365,0.2178,0.2211,2441.595111478146,104.4,2545.995111478146
0,1763422386.3944867,466.9,121,0.0802,0.4788,0.2972,0.2245,9.2531,47.8782,22.4524,3.468,0.0,0.0,5.03,1.41,3.62,None,0.03807878494262695,15.145,True,None,sfc_unique_p1_22,0,None,12.66,12.99,33.0,21,20,0,0,0,False,64.35643564356435,4.7175,9.5,14.85,0.2236,0.6365,0.2178,0.2211,2441.595111478146,104.4,2545.995111478146
0,1763422401.389045,481.9,121,0.0968,0.3864,0.2154,0.2245,11.2327,38.6377,22.4524,3.6505,0.0,0.0,5.9,2.63,3.28,None,4.863739013671875e-05,20.906,True,None,sfc_cache_p3_20,0,None,0.0,12.99,0.0,16,18,0,0,0,False,64.44444444444444,6.260000000000001,8.518333333333334,16.5,0.1796,0.4625,0.1962,0.2273,2367.808079244699,104.4,2472.208079244699
0,1763422401.3899024,481.9,121,0.0968,0.3864,0.2154,0.2245,11.2327,38.6377,22.4524,3.6505,0.0,0.0,9.7,3.96,5.74,None,4.863739013671875e-05,24.787,True,None,sfc_unique_p3_20,0,None,0.0,12.99,0.0,16,18,0,0,0,False,64.5320197044335,6.260000000000001,8.518333333333334,16.5,0.1796,0.4625,0.1962,0.2273,2367.808079244699,104.4,2472.208079244699
0,1763422401.439828,482.0,121,0.117,0.3864,0.224,0.2245,13.6809,38.6377,22.4524,3.7492,0.0,0.0,5.99,2.63,3.36,None,0.06503081321716309,20.098,True,None,sfc_cache_p1_20,0,None,8.33,12.99,33.0,20,20,0,0,0,False,64.61916461916462,6.7675,7.666500000000001,14.85,0.1697,0.4625,0.1962,0.2327,2391.492106485064,104.4,2495.8921064850642
0,1763422401.4403417,482.0,121,0.117,0.3864,0.224,0.2245,13.6809,38.6377,22.4524,3.7492,0.0,0.0,9.87,3.96,5.92,None,0.06503081321716309,15.003,True,None,sfc_unique_p1_20,0,None,8.33,12.99,33.0,20,20,0,0,0,False,64.70588235294117,6.7675,7.666500000000001,14.85,0.1697,0.4625,0.1962,0.2327,2391.492106485064,104.4,2495.8921064850642
0,1763422405.0794394,485.6,121,0.14,0.3864,0.2291,0.2495,17.0288,38.6377,24.9471,3.3029,0.0,0.0,5.67,2.63,3.05,None,0.00016570091247558594,20.858,True,None,sfc_cache_p1_25,0,None,8.33,12.99,33.0,21,22,0,0,0,False,64.79217603911981,7.5613636363636365,6.969545454545455,15.0,0.1427,0.4625,0.1866,0.2389,2410.0952638910385,114.4,2524.4952638910386
0,1763422405.0799592,485.6,121,0.14,0.3864,0.2291,0.2495,17.0288,38.6377,24.9471,3.3029,0.0,0.0,9.34,3.96,5.38,None,0.00016570091247558594,15.1,True,None,sfc_unique_p1_25,0,None,8.33,12.99,33.0,21,22,0,0,0,False,64.8780487804878,7.5613636363636365,6.969545454545455,15.0,0.1427,0.4625,0.1866,0.2389,2410.0952638910385,114.4,2524.4952638910386
0,1763422405.1267102,485.7,122,0.1558,0.3864,0.2342,0.2495,19.4771,38.6377,24.9471,3.0157,0.0,0.0,5.04,2.63,2.41,None,0.05799055099487305,12.699,True,None,sfc_cache_p2_25,0,None,16.66,12.99,66.0,25,24,0,0,0,False,64.96350364963503,7.875833333333333,6.388750000000001,13.75,0.1243,0.4625,0.1815,0.2437,2410.0952638910385,124.4,2534.4952638910386
0,1763422405.1272137,485.7,122,0.1558,0.3864,0.2342,0.2495,19.4771,38.6377,24.9471,3.0157,0.0,0.0,8.07,3.96,4.11,None,0.05799055099487305,14.928,True,None,sfc_unique_p2_25,0,None,16.66,12.99,66.0,25,24,0,0,0,False,65.0485436893204,7.875833333333333,6.388750000000001,13.75,0.1243,0.4625,0.1815,0.2437,2410.0952638910385,124.4,2534.4952638910386
0,1763422405.2651205,485.8,123,0.1559,0.4309,0.2448,0.2495,20.0171,43.0904,24.9471,2.72,0.0,0.0,4.79,2.63,2.16,None,0.10520744323730469,12.674,True,None,sfc_cache_p3_25,0,None,24.99,12.99,99.0,29,26,0,0,0,False,65.13317191283294,7.462307692307691,6.576923076923077,12.692307692307692,0.117,0.4655,0.1765,0.2425,2437.519424237734,134.4,2571.919424237734
0,1763422405.2656355,485.8,123,0.1559,0.4309,0.2448,0.2495,20.0171,43.0904,24.9471,2.72,0.0,0.0,5.6,1.52,4.09,None,0.10520744323730469,14.786,True,None,sfc_unique_p3_25,0,None,24.99,12.99,99.0,29,26,0,0,0,False,65.21739130434783,7.462307692307691,6.576923076923077,12.692307692307692,0.117,0.4655,0.1765,0.2425,2437.519424237734,134.4,2571.919424237734
0,1763422405.3364167,485.9,124,0.1573,0.4838,0.26,0.2744,20.6294,48.3822,27.4418,2.5222,0.0,0.0,6.32,2.7,3.62,None,0.24361085891723633,20.66,True,None,sfc_cache_p4_25,0,None,29.32,12.99,99.0,32,28,0,0,0,False,65.3012048192771,7.131785714285714,6.857142857142857,12.964285714285714,0.1138,0.4637,0.1902,0.2376,2451.841046277666,144.4,2596.241046277666
0,1763422405.3372815,485.9,124,0.1573,0.4838,0.26,0.2744,20.6294,48.3822,27.4418,2.5222,0.0,0.0,6.03,0.32,5.71,None,0.24361085891723633,24.879,True,None,sfc_unique_p4_25,0,None,29.32,12.99,99.0,32,28,0,0,0,False,65.38461538461539,7.131785714285714,6.857142857142857,12.964285714285714,0.1138,0.4637,0.1902,0.2376,2451.841046277666,144.4,2596.241046277666
0,1763422405.409024,485.9,125,0.1656,0.5065,0.2864,0.2744,22.1057,50.6501,27.4418,2.3917,0.0,0.0,5.9,2.71,3.18,None,0.3155517578125,20.457,True,None,sfc_cache_p5_25,0,None,37.65,12.99,132.0,36,30,0,0,0,False,65.46762589928058,7.111999999999999,6.7,12.1,0.1173,0.4671,0.1853,0.2317,2467.658191456431,154.4,2622.058191456431
0,1763422405.4099169,485.9,125,0.1656,0.5065,0.2864,0.2744,22.1057,50.6501,27.4418,2.3917,0.0,0.0,8.64,2.96,5.67,None,0.3155517578125,23.757,True,None,sfc_unique_p5_25,0,None,37.65,12.99,132.0,36,30,0,0,0,False,65.55023923444976,7.111999999999999,6.7,12.1,0.1173,0.4671,0.1853,0.2317,2467.658191456431,154.4,2622.058191456431
0,1763422405.4785464,486.0,126,0.1624,0.5737,0.3123,0.2994,22.1057,57.3707,29.9365,2.2374,0.0,0.0,3.72,0.8,2.93,None,0.3881673812866211,20.185,True,None,sfc_cache_p6_25,0,None,41.98,12.99,132.0,39,32,0,0,0,False,65.63245823389022,6.6674999999999995,7.1146875,12.375,0.1131,0.5179,0.2056,0.2243,2513.276284630862,164.4,2677.676284630862
0,1763422405.4794278,486.0,126,0.1624,0.5737,0.3123,0.2994,22.1057,57.3707,29.9365,2.2374,0.0,0.0,4.85,0.41,4.44,None,0.3881673812866211,23.326,True,None,sfc_unique_p6_25,0,None,41.98,12.99,132.0,39,32,0,0,0,False,65.71428571428571,6.6674999999999995,7.1146875,12.375,0.1131,0.5179,0.2056,0.2243,2513.276284630862,164.4,2677.676284630862
0,1763422406.3938162,486.9,126,0.1637,0.5611,0.3029,0.2994,22.1781,56.1108,29.9365,2.2741,0.0,0.0,8.06,3.61,4.44,None,5.745887756347656e-05,20.466,True,None,sfc_cache_p2_20,0,None,46.31,12.99,132.0,40,32,0,0,0,False,65.7957244655582,6.6884375,6.9584375,12.375,0.1136,0.5366,0.1888,0.2045,2521.865801374239,164.4,2686.265801374239
0,1763422406.3946996,486.9,126,0.1637,0.5611,0.3029,0.2994,22.1781,56.1108,29.9365,2.2741,0.0,0.0,7.05,1.66,5.39,None,5.745887756347656e-05,23.852,True,None,sfc_unique_p2_20,0,None,46.31,12.99,132.0,40,32,0,0,0,False,65.87677725118483,6.6884375,6.9584375,12.375,0.1136,0.5366,0.1888,0.2045,2521.865801374239,164.4,2686.265801374239
0,1763422411.399699,491.9,126,0.1356,0.4813,0.2449,0.2495,17.3895,48.1302,24.9471,2.6677,0.0,0.0,4.85,2.63,2.22,None,6.437301635742188e-05,20.986,True,None,sfc_cache_p1_23,0,None,33.65,8.66,99.0,31,26,0,0,0,False,65.95744680851064,6.526538461538461,7.346153846153846,12.692307692307692,0.1209,0.5023,0.1881,0.2054,2475.400683330754,134.4,2609.800683330754
0,1763422411.4006047,491.9,126,0.1356,0.4813,0.2449,0.2495,17.3895,48.1302,24.9471,2.6677,0.0,0.0,7.76,3.96,3.8,None,6.437301635742188e-05,25.442,True,None,sfc_unique_p1_23,0,None,33.65,8.66,99.0,31,26,0,0,0,False,66.0377358490566,6.526538461538461,7.346153846153846,12.692307692307692,0.1209,0.5023,0.1881,0.2054,2475.400683330754,134.4,2609.800683330754
0,1763422416.3894234,496.9,126,0.1374,0.457,0.2224,0.2245,17.5332,45.696,22.4524,2.72,0.0,0.0,4.94,2.63,2.31,None,5.817413330078125e-05,19.936,True,None,sfc_cache_p2_23,0,None,41.98,8.66,132.0,33,26,0,0,0,False,66.11764705882352,6.577692307692307,6.974615384615385,11.423076923076923,0.106,0.5678,0.1694,0.1862,2460.4048078610153,134.4,2594.8048078610154
0,1763422416.3899412,496.9,126,0.1374,0.457,0.2224,0.2245,17.5332,45.696,22.4524,2.72,0.0,0.0,8.0,2.94,5.06,None,5.817413330078125e-05,15.363,True,None,sfc_unique_p2_23,0,None,41.98,8.66,132.0,33,26,0,0,0,False,66.19718309859155,6.577692307692307,6.974615384615385,11.423076923076923,0.106,0.5678,0.1694,0.1862,2460.4048078610153,134.4,2594.8048078610154
0,1763422421.4058309,501.9,126,0.1391,0.4603,0.2132,0.2245,17.8561,46.0337,22.4524,2.6677,0.0,0.0,5.17,2.7,2.46,None,5.745887756347656e-05,20.924,True,None,sfc_cache_p4_22,0,None,41.98,4.33,132.0,32,26,0,0,0,False,66.27634660421545,6.692692307692307,7.026153846153846,11.423076923076923,0.0981,0.5453,0.1506,0.1914,2436.979254541096,134.4,2571.379254541096
0,1763422421.4066918,501.9,126,0.1391,0.4603,0.2132,0.2245,17.8561,46.0337,22.4524,2.6677,0.0,0.0,5.66,1.52,4.15,None,5.745887756347656e-05,24.475,True,None,sfc_unique_p4_22,0,None,41.98,4.33,132.0,32,26,0,0,0,False,66.35514018691589,6.692692307692307,7.026153846153846,11.423076923076923,0.0981,0.5453,0.1506,0.1914,2436.979254541096,134.4,2571.379254541096
0,1763422424.113848,504.6,126,0.1539,0.4796,0.2425,0.2495,20.3767,47.9639,24.9471,2.4337,0.0,0.0,4.71,2.11,2.6,None,0.00017762184143066406,20.87,True,None,sfc_cache_p1_26,0,None,41.98,4.33,132.0,33,28,0,0,0,False,66.43356643356644,7.048214285714286,6.797857142857143,11.785714285714286,0.1263,0.5496,0.146,0.1973,2461.8459668657697,144.4,2606.24596686577
0,1763422424.114723,504.6,126,0.1539,0.4796,0.2425,0.2495,20.3767,47.9639,24.9471,2.4337,0.0,0.0,11.43,5.92,5.51,None,0.00017762184143066406,23.661,True,None,sfc_unique_p1_26,0,None,41.98,4.33,132.0,33,28,0,0,0,False,66.51162790697674,7.048214285714286,6.797857142857143,11.785714285714286,0.1263,0.5496,0.146,0.1973,2461.8459668657697,144.4,2606.24596686577
0,1763422424.1836212,504.7,127,0.1576,0.5149,0.2644,0.2495,21.313,51.4918,24.9471,2.2741,0.0,0.0,3.94,1.44,2.5,None,0.06711149215698242,20.843,True,None,sfc_cache_p2_26,0,None,45.98,8.66,165.0,37,30,0,0,0,False,66.5893271461717,6.867333333333333,6.811333333333334,11.0,0.1465,0.5461,0.1422,0.2001,2474.5660846221995,154.4,2628.9660846221996
0,1763422424.1844952,504.7,127,0.1576,0.5149,0.2644,0.2495,21.313,51.4918,24.9471,2.2741,0.0,0.0,8.25,3.51,4.74,None,0.06711149215698242,23.301,True,None,sfc_unique_p2_26,0,None,45.98,8.66,165.0,37,30,0,0,0,False,66.66666666666666,6.867333333333333,6.811333333333334,11.0,0.1465,0.5461,0.1422,0.2001,2474.5660846221995,154.4,2628.9660846221996
0,1763422424.2677834,504.8,128,0.17,0.5342,0.2847,0.2495,23.4017,53.422,24.9471,2.1675,0.0,0.0,5.7,2.11,3.59,None,0.13684439659118652,25.811,True,None,sfc_cache_p3_26,0,None,49.98,8.66,198.0,40,32,0,0,0,False,66.74364896073904,7.0424999999999995,6.625,10.3125,0.1464,0.5659,0.1387,0.1925,2508.6118979637877,164.4,2673.0118979637878
0,1763422424.2684343,504.8,128,0.17,0.5342,0.2847,0.2495,23.4017,53.422,24.9471,2.1675,0.0,0.0,6.99,2.83,4.15,None,0.13684439659118652,27.627,True,None,sfc_unique_p3_26,0,None,49.98,8.66,198.0,40,32,0,0,0,False,66.82027649769586,7.0424999999999995,6.625,10.3125,0.1464,0.5659,0.1387,0.1925,2508.6118979637877,164.4,2673.0118979637878
0,1763422424.3388927,504.9,129,0.1668,0.5913,0.3191,0.2495,23.4017,59.1347,24.9471,2.04,0.0,0.0,4.04,1.44,2.6,None,0.2205798625946045,25.332,True,None,sfc_cache_p4_26,0,None,53.98,12.99,231.0,44,34,0,0,0,False,66.89655172413794,6.628235294117647,6.902058823529411,9.705882352941176,0.1414,0.6527,0.1353,0.1973,2536.758839395458,174.4,2711.158839395458
0,1763422424.339544,504.9,129,0.1668,0.5913,0.3191,0.2495,23.4017,59.1347,24.9471,2.04,0.0,0.0,6.84,0.53,6.31,None,0.2205798625946045,23.461,True,None,sfc_unique_p4_26,0,None,53.98,12.99,231.0,44,34,0,0,0,False,66.97247706422019,6.628235294117647,6.902058823529411,9.705882352941176,0.1414,0.6527,0.1353,0.1973,2536.758839395458,174.4,2711.158839395458
0,1763422424.3964043,504.9,130,0.1703,0.6258,0.3597,0.2495,24.3736,62.5794,24.9471,1.9267,0.0,0.0,4.03,1.44,2.6,None,0.2916560173034668,15.463,True,None,sfc_cache_p5_26,0,None,57.98,17.32,264.0,48,36,0,0,0,False,67.04805491990847,6.51,6.898333333333333,9.166666666666666,0.1377,0.6713,0.1321,0.2077,2579.4848106073446,184.4,2763.8848106073447
0,1763422424.3970516,504.9,130,0.1703,0.6258,0.3597,0.2495,24.3736,62.5794,24.9471,1.9267,0.0,0.0,8.8,1.5,7.3,None,0.2916560173034668,16.278,True,None,sfc_unique_p5_26,0,None,57.98,17.32,264.0,48,36,0,0,0,False,67.12328767123287,6.51,6.898333333333333,9.166666666666666,0.1377,0.6713,0.1321,0.2077,2579.4848106073446,184.4,2763.8848106073447
0,1763422424.4548364,505.0,131,0.1751,0.6527,0.4038,0.2495,25.6696,65.2681,24.9471,1.8016,0.0,0.0,5.87,1.43,4.44,None,0.34912610054016113,13.386,True,None,sfc_cache_p6_26,0,None,61.98,21.65,297.0,52,38,0,0,0,False,67.19817767653758,6.483157894736841,6.816052631578947,8.68421052631579,0.1399,0.6958,0.129,0.216,2604.060340711044,194.4,2798.460340711044
0,1763422424.4553459,505.0,131,0.1751,0.6527,0.4038,0.2495,25.6696,65.2681,24.9471,1.8016,0.0,0.0,9.46,2.68,6.79,None,0.34912610054016113,11.932,True,None,sfc_unique_p6_26,0,None,61.98,21.65,297.0,52,38,0,0,0,False,67.27272727272727,6.483157894736841,6.816052631578947,8.68421052631579,0.1399,0.6958,0.129,0.216,2604.060340711044,194.4,2798.460340711044
0,1763422426.4138322,506.9,131,0.1815,0.63,0.3984,0.2495,26.6415,63.0002,24.9471,1.8016,0.0,0.0,3.34,0.94,2.39,None,5.8650970458984375e-05,20.102,True,None,sfc_cache_p2_22,0,None,61.98,21.65,297.0,52,38,0,0,0,False,67.3469387755102,6.72,6.579210526315789,8.68421052631579,0.1399,0.6965,0.129,0.2189,2611.900959810255,194.4,2806.300959810255
0,1763422426.4147127,506.9,131,0.1815,0.63,0.3984,0.2495,26.6415,63.0002,24.9471,1.8016,0.0,0.0,6.84,2.83,4.0,None,5.8650970458984375e-05,22.92,True,None,sfc_unique_p2_22,0,None,61.98,21.65,297.0,52,38,0,0,0,False,67.42081447963801,6.72,6.579210526315789,8.68421052631579,0.1399,0.6965,0.129,0.2189,2611.900959810255,194.4,2806.300959810255
0,1763422441.122865,521.7,131,0.1996,0.6342,0.4298,0.2744,29.8091,63.421,27.4418,1.734,0.0,0.0,6.37,1.91,4.46,None,0.00016999244689941406,19.939,True,None,sfc_cache_p1_27,0,None,61.98,21.65,297.0,53,40,0,0,0,False,67.49435665914221,7.11725,6.292,9.075,0.1353,0.698,0.1407,0.2241,2614.8825818501864,204.4,2819.2825818501865
0,1763422441.1237729,521.7,131,0.1996,0.6342,0.4298,0.2744,29.8091,63.421,27.4418,1.734,0.0,0.0,10.46,4.18,6.28,None,0.00016999244689941406,21.06,True,None,sfc_unique_p1_27,0,None,61.98,21.65,297.0,53,40,0,0,0,False,67.56756756756756,7.11725,6.292,9.075,0.1353,0.698,0.1407,0.2241,2614.8825818501864,204.4,2819.2825818501865
0,1763422441.1933208,521.7,132,0.2041,0.6804,0.4723,0.2994,31.1774,68.04,29.9365,1.632,0.0,0.0,5.77,1.46,4.31,None,0.06584453582763672,19.303,True,None,sfc_cache_p2_27,0,None,61.98,21.65,297.0,55,42,0,0,0,False,67.64044943820224,7.08,6.428809523809524,9.428571428571429,0.1341,0.7103,0.1587,0.2281,2640.609249548685,214.4,2855.009249548685
0,1763422441.1942074,521.7,132,0.2041,0.6804,0.4723,0.2994,31.1774,68.04,29.9365,1.632,0.0,0.0,7.89,1.65,6.24,None,0.06584453582763672,21.216,True,None,sfc_unique_p2_27,0,None,61.98,21.65,297.0,55,42,0,0,0,False,67.71300448430493,7.08,6.428809523809524,9.428571428571429,0.1341,0.7103,0.1587,0.2281,2640.609249548685,214.4,2855.009249548685
0,1763422441.2593167,521.8,133,0.2134,0.7031,0.5053,0.3243,33.0857,70.3079,32.4312,1.5764,0.0,0.0,6.39,2.29,4.09,None,0.1362602710723877,18.719,True,None,sfc_cache_p3_27,0,None,66.31,21.65,297.0,58,44,0,0,0,False,67.78523489932886,7.159772727272728,6.341136363636363,9.75,0.1363,0.7206,0.162,0.2298,2669.9023156375256,224.4,2894.3023156375257
0,1763422441.2602146,521.8,133,0.2134,0.7031,0.5053,0.3243,33.0857,70.3079,32.4312,1.5764,0.0,0.0,7.94,2.4,5.54,None,0.1362602710723877,20.946,True,None,sfc_unique_p3_27,0,None,66.31,21.65,297.0,58,44,0,0,0,False,67.85714285714286,7.159772727272728,6.341136363636363,9.75,0.1363,0.7206,0.162,0.2298,2669.9023156375256,224.4,2894.3023156375257
0,1763422441.324944,521.9,134,0.2148,0.7627,0.5443,0.3493,33.8773,76.2726,34.9259,1.5078,0.0,0.0,8.82,1.44,7.38,None,0.20225858688354492,18.788,True,None,sfc_cache_p4_27,0,None,66.31,21.65,297.0,60,46,0,0,0,False,67.92873051224944,7.007826086956522,6.58,10.043478260869565,0.1448,0.7366,0.1788,0.2324,2683.701471384623,234.4,2918.101471384623
0,1763422441.3258386,521.9,134,0.2148,0.7627,0.5443,0.3493,33.8773,76.2726,34.9259,1.5078,0.0,0.0,10.12,4.42,5.7,None,0.20225858688354492,20.509,True,None,sfc_unique_p4_27,0,None,66.31,21.65,297.0,60,46,0,0,0,False,68.0,7.007826086956522,6.58,10.043478260869565,0.1448,0.7366,0.1788,0.2324,2683.701471384623,234.4,2918.101471384623
0,1763422441.3913057,521.9,135,0.2113,0.8199,0.6,0.3493,33.8773,81.9852,34.9259,1.445,0.0,0.0,8.25,1.62,6.63,None,0.26784801483154297,19.11,True,None,sfc_cache_p5_27,0,None,74.64,21.65,330.0,64,48,0,0,0,False,68.07095343680709,6.715833333333333,6.778125,9.625,0.1407,0.788,0.1751,0.2331,2707.0595299529527,244.4,2951.459529952953
0,1763422441.392186,521.9,135,0.2113,0.8199,0.6,0.3493,33.8773,81.9852,34.9259,1.445,0.0,0.0,9.02,0.54,8.48,None,0.26784801483154297,20.258,True,None,sfc_unique_p5_27,0,None,74.64,21.65,330.0,64,48,0,0,0,False,68.14159292035397,6.715833333333333,6.778125,9.625,0.1407,0.788,0.1751,0.2331,2707.0595299529527,244.4,2951.459529952953
0,1763422441.6154578,522.1,136,0.2147,0.861,0.6417,0.3493,35.0296,86.1002,34.9259,1.3872,0.0,0.0,8.05,2.12,5.93,None,0.3341686725616455,17.879,True,None,sfc_cache_p6_27,0,None,78.64,21.65,363.0,67,50,0,0,0,False,68.21192052980133,6.6606000000000005,6.833600000000001,9.24,0.1543,0.874,0.1715,0.2329,2735.426434198382,254.4,2989.8264341983822
0,1763422441.6163707,522.1,136,0.2147,0.861,0.6417,0.3493,35.0296,86.1002,34.9259,1.3872,0.0,0.0,9.23,3.31,5.93,None,0.3341686725616455,19.245,True,None,sfc_unique_p6_27,0,None,78.64,21.65,363.0,67,50,0,0,0,False,68.28193832599119,6.6606000000000005,6.833600000000001,9.24,0.1543,0.874,0.1715,0.2329,2735.426434198382,254.4,2989.8264341983822
0,1763422468.1635711,548.7,136,0.1882,0.7106,0.5551,0.2495,29.4862,71.0639,24.9471,0.0,0.0,0.0,2.28,0.16,2.12,None,0.00017595291137695312,20.503,True,None,sfc_cache_p1_28,0,None,78.64,17.32,363.0,60,42,0,0,0,False,68.35164835164835,6.5007142857142854,6.71452380952381,7.857142857142857,0.1601,0.8531,0.1654,0.2212,2709.993609558234,210.0,2919.993609558234
0,1763422468.1644804,548.7,136,0.1882,0.7106,0.5551,0.2495,29.4862,71.0639,24.9471,0.0,0.0,0.0,3.89,0.22,3.67,None,0.00017595291137695312,22.73,True,None,sfc_unique_p1_28,0,None,78.64,17.32,363.0,60,42,0,0,0,False,68.42105263157895,6.5007142857142854,6.71452380952381,7.857142857142857,0.1601,0.8531,0.1654,0.2212,2709.993609558234,210.0,2919.993609558234
0,1763422468.217356,548.7,137,0.185,0.7678,0.561,0.2495,29.4862,76.7765,24.9471,0.0,0.0,0.0,2.29,0.16,2.13,None,0.07187175750732422,17.234,True,None,sfc_cache_p2_28,0,None,78.64,25.65,396.0,64,44,0,0,0,False,68.49015317286651,6.205227272727272,6.924545454545455,7.5,0.1554,0.8585,0.1618,0.2224,2724.4248121584505,220.0,2944.4248121584505
0,1763422468.217928,548.7,137,0.185,0.7678,0.561,0.2495,29.4862,76.7765,24.9471,0.0,0.0,0.0,3.9,0.22,3.68,None,0.07187175750732422,13.777,True,None,sfc_unique_p2_28,0,None,78.64,25.65,396.0,64,44,0,0,0,False,68.5589519650655,6.205227272727272,6.924545454545455,7.5,0.1554,0.8585,0.1618,0.2224,2724.4248121584505,220.0,2944.4248121584505
0,1763422468.2618847,548.8,138,0.1926,0.7947,0.575,0.2744,31.2141,79.4653,27.4418,0.0,0.0,0.0,3.37,1.35,2.02,None,0.12498044967651367,12.396,True,None,sfc_cache_p3_28,0,None,78.64,29.98,396.0,67,46,0,0,0,False,68.62745098039215,6.283260869565217,6.855434782608696,7.891304347826087,0.1442,0.8608,0.1535,0.2228,2724.4248121584505,230.0,2954.4248121584505
0,1763422468.2624204,548.8,138,0.1926,0.7947,0.575,0.2744,31.2141,79.4653,27.4418,0.0,0.0,0.0,6.72,2.77,3.95,None,0.12498044967651367,13.463,True,None,sfc_unique_p3_28,0,None,78.64,29.98,396.0,67,46,0,0,0,False,68.69565217391305,6.283260869565217,6.855434782608696,7.891304347826087,0.1442,0.8608,0.1535,0.2228,2724.4248121584505,230.0,2954.4248121584505
0,1763422468.3053093,548.8,139,0.1994,0.8165,0.5896,0.2744,32.726,81.65,27.4418,0.0,0.0,0.0,3.97,1.99,1.98,None,0.1694469451904297,12.537,True,None,sfc_cache_p4_28,0,None,82.64,34.31,429.0,71,48,0,0,0,False,68.76355748373102,6.313124999999999,6.750416666666666,7.5625,0.136,0.8588,0.1503,0.2228,2724.4248121584505,240.0,2964.4248121584505
0,1763422468.3058388,548.8,139,0.1994,0.8165,0.5896,0.2744,32.726,81.65,27.4418,0.0,0.0,0.0,6.64,2.77,3.87,None,0.1694469451904297,13.391,True,None,sfc_unique_p4_28,0,None,82.64,34.31,429.0,71,48,0,0,0,False,68.83116883116884,6.313124999999999,6.750416666666666,7.5625,0.136,0.8588,0.1503,0.2228,2724.4248121584505,240.0,2964.4248121584505
0,1763422468.3448498,548.9,140,0.2068,0.8392,0.6202,0.2994,34.6343,83.918,29.9365,0.0,0.0,0.0,4.66,2.06,2.6,None,0.21284008026123047,11.854,True,None,sfc_cache_p5_28,0,None,82.64,38.64,429.0,74,50,0,0,0,False,68.89848812095032,6.414,6.660399999999999,7.92,0.1277,0.8603,0.1448,0.2222,2724.4248121584505,250.0,2974.4248121584505
0,1763422468.345386,548.9,140,0.2068,0.8392,0.6202,0.2994,34.6343,83.918,29.9365,0.0,0.0,0.0,9.7,2.92,6.77,None,0.21284008026123047,11.784,True,None,sfc_unique_p5_28,0,None,82.64,38.64,429.0,74,50,0,0,0,False,68.96551724137932,6.414,6.660399999999999,7.92,0.1277,0.8603,0.1448,0.2222,2724.4248121584505,250.0,2974.4248121584505
0,1763422468.3898706,548.9,141,0.2068,0.8392,0.6202,0.2994,34.6343,83.918,29.9365,0.0,0.0,0.0,13.81,0,13.81,None,0.25234365463256836,11.837,False,None,sfc_cache_p6_28,0,None,82.64,38.64,429.0,74,50,0,0,0,False,68.81720430107528,6.414,6.660399999999999,7.92,0.1277,0.8603,0.1448,0.2222,2724.4248121584505,250.0,2974.4248121584505
0,1763422468.3904133,548.9,141,0.2068,0.8392,0.6202,0.2994,34.6343,83.918,29.9365,0.0,0.0,0.0,8.43,1.42,7.01,None,0.25234365463256836,11.528,False,None,sfc_unique_p6_28,0,None,82.64,38.64,429.0,74,50,0,0,0,False,68.6695278969957,6.414,6.660399999999999,7.92,0.1277,0.8603,0.1448,0.2222,2724.4248121584505,250.0,2974.4248121584505
0,1763422481.6976295,562.2,141,0.2035,0.7518,0.592,0.2994,33.9496,75.1814,29.9365,0.0,0.0,0.0,4.43,1.45,2.98,None,6.508827209472656e-05,13.708,True,None,sfc_cache_p6_25,0,None,61.65,38.64,363.0,65,46,0,0,0,False,68.73661670235546,6.833913043478261,6.485869565217392,8.608695652173912,0.1294,0.8588,0.1448,0.2205,2719.0848121584504,250.0,2969.0848121584504
0,1763422481.6983018,562.2,141,0.2035,0.7518,0.592,0.2994,33.9496,75.1814,29.9365,0.0,0.0,0.0,8.18,2.84,5.34,None,6.508827209472656e-05,14.308,True,None,sfc_unique_p6_25,0,None,61.65,38.64,363.0,65,46,0,0,0,False,68.80341880341881,6.833913043478261,6.485869565217392,8.608695652173912,0.1294,0.8588,0.1448,0.2205,2719.0848121584504,250.0,2969.0848121584504
0,1763422481.7414327,562.3,141,0.2126,0.7837,0.6212,0.3243,35.4616,78.3742,32.4312,0.0,0.0,0.0,4.3,1.43,2.87,None,0.044677734375,13.144,True,None,sfc_cache_p4_25,0,None,65.98,38.64,363.0,68,48,0,0,0,False,68.86993603411514,6.840833333333333,6.479583333333333,8.9375,0.1424,0.8639,0.1653,0.2211,2732.79171640388,250.0,2982.79171640388
0,1763422481.7421012,562.3,141,0.2126,0.7837,0.6212,0.3243,35.4616,78.3742,32.4312,0.0,0.0,0.0,12.53,5.52,7.01,None,0.044677734375,15.265,True,None,sfc_unique_p4_25,0,None,65.98,38.64,363.0,68,48,0,0,0,False,68.93617021276596,6.840833333333333,6.479583333333333,8.9375,0.1424,0.8639,0.1653,0.2211,2732.79171640388,250.0,2982.79171640388
0,1763422481.8002834,562.3,141,0.2161,0.7837,0.6212,0.3243,35.4616,78.3742,32.4312,0.0,0.0,0.0,4.31,0.87,3.44,None,0.09156608581542969,13.776,False,None,sfc_cache_p2_25,0,None,65.98,38.64,363.0,68,48,0,0,0,False,68.78980891719745,6.840833333333333,6.479583333333333,8.9375,0.1463,0.8639,0.1687,0.2211,2732.79171640388,240.0,2972.79171640388
0,1763422481.8012216,562.3,141,0.2161,0.7837,0.6212,0.3243,35.4616,78.3742,32.4312,0.0,0.0,0.0,17.02,0,17.02,None,0.09156608581542969,21.743,False,None,sfc_unique_p2_25,0,None,65.98,38.64,363.0,68,48,0,0,0,False,68.64406779661016,6.840833333333333,6.479583333333333,8.9375,0.1463,0.8639,0.1687,0.2211,2732.79171640388,240.0,2972.79171640388
0,1763422482.1719542,562.7,141,0.2182,0.8367,0.6658,0.3493,36.5415,83.666,34.9259,0.0,0.0,0.0,7.55,3.39,4.17,None,0.00019669532775878906,19.732,True,None,sfc_cache_p1_29,0,None,65.98,38.64,363.0,68,50,0,0,0,False,68.71035940803382,6.7672,6.6404,9.24,0.1492,0.9556,0.1715,0.2213,2767.341525614558,250.0,3017.341525614558
0,1763422482.1728425,562.7,141,0.2182,0.8367,0.6658,0.3493,36.5415,83.666,34.9259,0.0,0.0,0.0,8.26,0.39,7.87,None,0.00019669532775878906,19.717,True,None,sfc_unique_p1_29,0,None,65.98,38.64,363.0,68,50,0,0,0,False,68.77637130801688,6.7672,6.6404,9.24,0.1492,0.9556,0.1715,0.2213,2767.341525614558,250.0,3017.341525614558
0,1763422482.222362,562.8,142,0.2182,0.8367,0.6658,0.3493,36.5415,83.666,34.9259,0.0,0.0,0.0,14.09,0,14.09,None,0.06969404220581055,11.637,False,None,sfc_cache_p2_29,0,None,65.98,38.64,363.0,68,50,0,0,0,False,68.63157894736842,6.7672,6.6404,9.24,0.1492,0.9556,0.1715,0.2213,2767.341525614558,250.0,3017.341525614558
0,1763422482.2229106,562.8,142,0.2182,0.8367,0.6658,0.3493,36.5415,83.666,34.9259,0.0,0.0,0.0,15.15,0,15.15,None,0.06969404220581055,10.419,False,None,sfc_unique_p2_29,0,None,65.98,38.64,363.0,68,50,0,0,0,False,68.4873949579832,6.7672,6.6404,9.24,0.1492,0.9556,0.1715,0.2213,2767.341525614558,250.0,3017.341525614558
0,1763422482.2789671,562.8,143,0.2182,0.8367,0.6658,0.3493,36.5415,83.666,34.9259,0.0,0.0,0.0,14.27,0,14.27,None,0.11941909790039062,14.543,False,None,sfc_cache_p3_29,0,None,65.98,38.64,363.0,68,50,0,0,0,False,68.34381551362684,6.7672,6.6404,9.24,0.1492,0.9556,0.1715,0.2213,2767.341525614558,250.0,3017.341525614558
0,1763422482.27951,562.8,143,0.2182,0.8367,0.6658,0.3493,36.5415,83.666,34.9259,0.0,0.0,0.0,15.5,0,15.5,None,0.11941909790039062,11.547,False,None,sfc_unique_p3_29,0,None,65.98,38.64,363.0,68,50,0,0,0,False,68.20083682008368,6.7672,6.6404,9.24,0.1492,0.9556,0.1715,0.2213,2767.341525614558,250.0,3017.341525614558
0,1763422482.3396204,562.9,144,0.2182,0.8367,0.6658,0.3493,36.5415,83.666,34.9259,0.0,0.0,0.0,14.49,0,14.49,None,0.17599010467529297,15.624,False,None,sfc_cache_p4_29,0,None,65.98,38.64,363.0,68,50,0,0,0,False,68.05845511482255,6.7672,6.6404,9.24,0.1492,0.9556,0.1715,0.2213,2767.341525614558,250.0,3017.341525614558
0,1763422482.3401954,562.9,144,0.2182,0.8367,0.6658,0.3493,36.5415,83.666,34.9259,0.0,0.0,0.0,15.94,0,15.94,None,0.17599010467529297,9.525,False,None,sfc_unique_p4_29,0,None,65.98,38.64,363.0,68,50,0,0,0,False,67.91666666666667,6.7672,6.6404,9.24,0.1492,0.9556,0.1715,0.2213,2767.341525614558,250.0,3017.341525614558
0,1763422482.4024935,562.9,145,0.2182,0.8367,0.6658,0.3493,36.5415,83.666,34.9259,0.0,0.0,0.0,14.49,0,14.49,None,0.23662900924682617,17.459,False,None,sfc_cache_p5_29,0,None,65.98,38.64,363.0,68,50,0,0,0,False,67.77546777546777,6.7672,6.6404,9.24,0.1492,0.9556,0.1715,0.2213,2767.341525614558,250.0,3017.341525614558
0,1763422482.403048,562.9,145,0.2182,0.8367,0.6658,0.3493,36.5415,83.666,34.9259,0.0,0.0,0.0,15.94,0,15.94,None,0.23662900924682617,10.675,False,None,sfc_unique_p5_29,0,None,65.98,38.64,363.0,68,50,0,0,0,False,67.63485477178423,6.7672,6.6404,9.24,0.1492,0.9556,0.1715,0.2213,2767.341525614558,250.0,3017.341525614558
0,1763422482.5343885,563.1,146,0.2182,0.8367,0.6658,0.3493,36.5415,83.666,34.9259,0.0,0.0,0.0,14.27,0,14.27,None,0.2994718551635742,9.423,False,None,sfc_cache_p6_29,0,None,65.98,38.64,363.0,68,50,0,0,0,False,67.49482401656314,6.7672,6.6404,9.24,0.1492,0.9556,0.1715,0.2213,2767.341525614558,250.0,3017.341525614558
0,1763422482.5349388,563.1,146,0.2182,0.8367,0.6658,0.3493,36.5415,83.666,34.9259,0.0,0.0,0.0,15.5,0,15.5,None,0.2994718551635742,10.75,False,None,sfc_unique_p6_29,0,None,65.98,38.64,363.0,68,50,0,0,0,False,67.35537190082644,6.7672,6.6404,9.24,0.1492,0.9556,0.1715,0.2213,2767.341525614558,250.0,3017.341525614558
0,1763422486.7010605,567.2,146,0.1948,0.7501,0.5967,0.2994,31.5737,75.0126,29.9365,0.0,0.0,0.0,5.0,2.63,2.37,None,4.4345855712890625e-05,12.322,True,None,sfc_cache_p6_25,0,None,53.32,38.64,330.0,60,44,0,0,0,False,67.42268041237114,6.6445454545454545,6.765454545454546,9.0,0.1513,0.9088,0.1362,0.2174,2737.518048701016,230.0,2967.518048701016
0,1763422486.701628,567.2,146,0.1948,0.7501,0.5967,0.2994,31.5737,75.0126,29.9365,0.0,0.0,0.0,8.05,3.96,4.1,None,4.4345855712890625e-05,13.578,True,None,sfc_unique_p6_25,0,None,53.32,38.64,330.0,60,44,0,0,0,False,67.48971193415639,6.6445454545454545,6.765454545454546,9.0,0.1513,0.9088,0.1362,0.2174,2737.518048701016,230.0,2967.518048701016
0,1763422486.7405086,567.3,146,0.2099,0.7501,0.6018,0.2994,34.022,75.0126,29.9365,0.0,0.0,0.0,5.08,2.63,2.45,None,0.04030799865722656,12.177,True,None,sfc_cache_p4_25,0,None,61.65,38.64,363.0,64,46,0,0,0,False,67.5564681724846,6.848478260869564,6.471304347826087,8.608695652173912,0.1466,0.9088,0.1362,0.2197,2737.518048701016,230.0,2967.518048701016
0,1763422486.7410455,567.3,146,0.2099,0.7501,0.6018,0.2994,34.022,75.0126,29.9365,0.0,0.0,0.0,8.21,3.96,4.26,None,0.04030799865722656,13.658,True,None,sfc_unique_p4_25,0,None,61.65,38.64,363.0,64,46,0,0,0,False,67.62295081967213,6.848478260869564,6.471304347826087,8.608695652173912,0.1466,0.9088,0.1362,0.2197,2737.518048701016,230.0,2967.518048701016
0,1763422499.1843653,579.7,146,0.2126,0.8047,0.6211,0.3243,35.0296,80.4732,32.4312,0.0,0.0,0.0,3.35,1.43,1.92,None,9.1552734375e-05,18.512,True,None,sfc_cache_p1_30,0,None,61.65,38.64,363.0,65,48,0,0,0,False,67.68916155419224,6.7575,6.653125,8.9375,0.1401,0.9052,0.1542,0.2218,2740.8580487010163,240.0,2980.8580487010163
0,1763422499.1848912,579.7,146,0.2126,0.8047,0.6211,0.3243,35.0296,80.4732,32.4312,0.0,0.0,0.0,4.77,1.58,3.19,None,9.1552734375e-05,13.714,True,None,sfc_unique_p1_30,0,None,61.65,38.64,363.0,65,48,0,0,0,False,67.75510204081633,6.7575,6.653125,8.9375,0.1401,0.9052,0.1542,0.2218,2740.8580487010163,240.0,2980.8580487010163
0,1763422499.2277315,579.8,147,0.2179,0.8375,0.6505,0.3493,36.5059,83.7491,34.9259,0.0,0.0,0.0,3.55,1.44,2.11,None,0.05736565589904785,11.963,True,None,sfc_cache_p2_30,0,None,65.98,38.64,363.0,68,50,0,0,0,False,67.82077393075356,6.760599999999999,6.647,9.24,0.1392,0.9121,0.1715,0.2222,2751.2301644725685,250.0,3001.2301644725685
0,1763422499.2282722,579.8,147,0.2179,0.8375,0.6505,0.3493,36.5059,83.7491,34.9259,0.0,0.0,0.0,7.42,2.41,5.01,None,0.05736565589904785,13.021,True,None,sfc_unique_p2_30,0,None,65.98,38.64,363.0,68,50,0,0,0,False,67.88617886178862,6.760599999999999,6.647,9.24,0.1392,0.9121,0.1715,0.2222,2751.2301644725685,250.0,3001.2301644725685
0,1763422499.2824337,579.8,148,0.2179,0.8375,0.6505,0.3493,36.5059,83.7491,34.9259,0.0,0.0,0.0,8.11,3.16,4.95,None,0.10066580772399902,14.902,False,None,sfc_cache_p3_30,0,None,65.98,38.64,363.0,68,50,0,0,0,False,67.74847870182555,6.760599999999999,6.647,9.24,0.1392,0.9121,0.1715,0.2222,2751.2301644725685,250.0,3001.2301644725685
0,1763422499.283131,579.8,148,0.2179,0.8375,0.6505,0.3493,36.5059,83.7491,34.9259,0.0,0.0,0.0,None,None,None,None,0.10066580772399902,13.577,False,None,sfc_unique_p3_30,0,None,65.98,38.64,363.0,68,50,0,0,0,False,67.61133603238866,6.760599999999999,6.647,9.24,0.1392,0.9121,0.1715,0.2222,2751.2301644725685,250.0,3001.2301644725685
0,1763422499.3507016,579.9,149,0.2179,0.8375,0.6505,0.3493,36.5059,83.7491,34.9259,0.0,0.0,0.0,14.78,0,14.78,None,0.1556398868560791,17.919,False,None,sfc_cache_p4_30,0,None,65.98,38.64,363.0,68,50,0,0,0,False,67.47474747474747,6.760599999999999,6.647,9.24,0.1392,0.9121,0.1715,0.2222,2751.2301644725685,250.0,3001.2301644725685
0,1763422499.3513732,579.9,149,0.2179,0.8375,0.6505,0.3493,36.5059,83.7491,34.9259,0.0,0.0,0.0,28.52,6.64,21.88,None,0.1556398868560791,15.047,False,None,sfc_unique_p4_30,0,None,65.98,38.64,363.0,68,50,0,0,0,False,67.33870967741935,6.760599999999999,6.647,9.24,0.1392,0.9121,0.1715,0.2222,2751.2301644725685,250.0,3001.2301644725685
0,1763422499.418983,580.0,150,0.2179,0.8375,0.6505,0.3493,36.5059,83.7491,34.9259,0.0,0.0,0.0,14.41,0,14.41,None,0.22384095191955566,20.241,False,None,sfc_cache_p5_30,0,None,65.98,38.64,363.0,68,50,0,0,0,False,67.20321931589537,6.760599999999999,6.647,9.24,0.1392,0.9121,0.1715,0.2222,2751.2301644725685,250.0,3001.2301644725685
0,1763422499.419663,580.0,150,0.2179,0.8375,0.6505,0.3493,36.5059,83.7491,34.9259,0.0,0.0,0.0,6.53,1.79,4.74,None,0.22384095191955566,14.779,False,None,sfc_unique_p5_30,0,None,65.98,38.64,363.0,68,50,0,0,0,False,67.06827309236948,6.760599999999999,6.647,9.24,0.1392,0.9121,0.1715,0.2222,2751.2301644725685,250.0,3001.2301644725685
0,1763422499.491964,580.0,151,0.2179,0.8375,0.6505,0.3493,36.5059,83.7491,34.9259,0.0,0.0,0.0,14.37,0,14.37,None,0.2921140193939209,20.272,False,None,sfc_cache_p6_30,0,None,65.98,38.64,363.0,68,50,0,0,0,False,66.93386773547094,6.760599999999999,6.647,9.24,0.1392,0.9121,0.1715,0.2222,2751.2301644725685,250.0,3001.2301644725685
0,1763422499.4925096,580.0,151,0.2179,0.8375,0.6505,0.3493,36.5059,83.7491,34.9259,0.0,0.0,0.0,4.21,0.54,3.68,None,0.2921140193939209,16.874,False,None,sfc_unique_p6_30,0,None,65.98,38.64,363.0,68,50,0,0,0,False,66.8,6.760599999999999,6.647,9.24,0.1392,0.9121,0.1715,0.2222,2751.2301644725685,250.0,3001.2301644725685
0,1763422506.7270935,587.3,151,0.2235,0.8366,0.6712,0.3742,37.4422,83.6634,37.4206,0.0,0.0,0.0,3.63,0.82,2.82,None,6.389617919921875e-05,17.303,True,None,sfc_cache_p3_25,0,None,57.65,38.64,330.0,66,50,0,0,0,False,66.86626746506987,6.934,6.6402,9.9,0.1479,0.9122,0.1919,0.2215,2759.290282228999,250.0,3009.290282228999
0,1763422506.7276196,587.3,151,0.2235,0.8366,0.6712,0.3742,37.4422,83.6634,37.4206,0.0,0.0,0.0,12.13,4.67,7.47,None,6.389617919921875e-05,11.965,True,None,sfc_unique_p3_25,0,None,57.65,38.64,330.0,66,50,0,0,0,False,66.93227091633466,6.934,6.6402,9.9,0.1479,0.9122,0.1919,0.2215,2759.290282228999,250.0,3009.290282228999
0,1763422521.7641633,602.3,151,0.2106,0.8366,0.6661,0.3493,34.562,83.6634,34.9259,0.0,0.0,0.0,6.86,2.0,4.86,None,6.842613220214844e-05,19.605,False,None,sfc_cache_p1_25,0,None,53.32,38.64,330.0,63,48,0,0,0,False,66.79920477137176,6.667291666666666,6.916875,9.625,0.1584,0.9122,0.1977,0.2194,2759.290282228999,240.0,2999.290282228999
0,1763422521.765103,602.3,151,0.2106,0.8366,0.6661,0.3493,34.562,83.6634,34.9259,0.0,0.0,0.0,None,None,None,None,6.842613220214844e-05,16.825,False,None,sfc_unique_p1_25,0,None,53.32,38.64,330.0,63,48,0,0,0,False,66.66666666666666,6.667291666666666,6.916875,9.625,0.1584,0.9122,0.1977,0.2194,2759.290282228999,240.0,2999.290282228999
0,1763422523.2143285,603.7,151,0.2106,0.8366,0.6661,0.3493,34.562,83.6634,34.9259,0.0,0.0,0.0,4.76,2.65,2.11,None,0.00021791458129882812,18.589,False,None,sfc_cache_p1_31,0,None,53.32,38.64,330.0,63,48,0,0,0,False,66.53465346534654,6.667291666666666,6.916875,9.625,0.1584,0.9122,0.1977,0.2194,2759.290282228999,240.0,2999.290282228999
0,1763422523.214863,603.7,151,0.2106,0.8366,0.6661,0.3493,34.562,83.6634,34.9259,0.0,0.0,0.0,None,None,None,None,0.00021791458129882812,13.719,False,None,sfc_unique_p1_31,0,None,53.32,38.64,330.0,63,48,0,0,0,False,66.40316205533597,6.667291666666666,6.916875,9.625,0.1584,0.9122,0.1977,0.2194,2759.290282228999,240.0,2999.290282228999
0,1763422523.2822456,603.8,152,0.2205,0.8593,0.6853,0.3742,36.9379,85.9314,37.4206,0.0,0.0,0.0,5.11,3.82,1.29,None,0.06577444076538086,18.514,True,None,sfc_cache_p2_31,0,None,53.32,38.64,330.0,63,50,0,0,0,False,66.46942800788955,6.840599999999999,6.8202,9.9,0.1492,0.9548,0.1919,0.2207,2772.0668548971116,250.0,3022.0668548971116
0,1763422523.2831166,603.8,152,0.2205,0.8593,0.6853,0.3742,36.9379,85.9314,37.4206,0.0,0.0,0.0,6.48,3.0,3.48,None,0.06577444076538086,18.619,True,None,sfc_unique_p2_31,0,None,53.32,38.64,330.0,63,50,0,0,0,False,66.53543307086615,6.840599999999999,6.8202,9.9,0.1492,0.9548,0.1919,0.2207,2772.0668548971116,250.0,3022.0668548971116
0,1763422523.3580701,603.9,153,0.2205,0.8593,0.6853,0.3742,36.9379,85.9314,37.4206,0.0,0.0,0.0,None,None,None,None,0.1343061923980713,17.3,False,None,sfc_cache_p3_31,0,None,53.32,38.64,330.0,63,50,0,0,0,False,66.40471512770138,6.840599999999999,6.8202,9.9,0.1492,0.9548,0.1919,0.2207,2772.0668548971116,250.0,3022.0668548971116
0,1763422523.3589854,603.9,153,0.2205,0.8593,0.6853,0.3742,36.9379,85.9314,37.4206,0.0,0.0,0.0,None,None,None,None,0.1343061923980713,15.633,False,None,sfc_unique_p3_31,0,None,53.32,38.64,330.0,63,50,0,0,0,False,66.27450980392156,6.840599999999999,6.8202,9.9,0.1492,0.9548,0.1919,0.2207,2772.0668548971116,250.0,3022.0668548971116
0,1763422523.512366,604.0,154,0.2205,0.8593,0.6853,0.3742,36.9379,85.9314,37.4206,0.0,0.0,0.0,None,None,None,None,0.2101595401763916,15.428,False,None,sfc_cache_p4_31,0,None,53.32,38.64,330.0,63,50,0,0,0,False,66.14481409001957,6.840599999999999,6.8202,9.9,0.1492,0.9548,0.1919,0.2207,2772.0668548971116,250.0,3022.0668548971116
0,1763422523.512933,604.0,154,0.2205,0.8593,0.6853,0.3742,36.9379,85.9314,37.4206,0.0,0.0,0.0,None,None,None,None,0.2101595401763916,8.304,False,None,sfc_unique_p4_31,0,None,53.32,38.64,330.0,63,50,0,0,0,False,66.015625,6.840599999999999,6.8202,9.9,0.1492,0.9548,0.1919,0.2207,2772.0668548971116,250.0,3022.0668548971116
0,1763422523.5625477,604.1,155,0.2205,0.8593,0.6853,0.3742,36.9379,85.9314,37.4206,0.0,0.0,0.0,None,None,None,None,0.3637542724609375,9.212,False,None,sfc_cache_p5_31,0,None,53.32,38.64,330.0,63,50,0,0,0,False,65.8869395711501,6.840599999999999,6.8202,9.9,0.1492,0.9548,0.1919,0.2207,2772.0668548971116,250.0,3022.0668548971116
0,1763422523.5630896,604.1,155,0.2205,0.8593,0.6853,0.3742,36.9379,85.9314,37.4206,0.0,0.0,0.0,None,None,None,None,0.3637542724609375,9.46,False,None,sfc_unique_p5_31,0,None,53.32,38.64,330.0,63,50,0,0,0,False,65.75875486381322,6.840599999999999,6.8202,9.9,0.1492,0.9548,0.1919,0.2207,2772.0668548971116,250.0,3022.0668548971116
0,1763422523.6216948,604.2,156,0.2205,0.8593,0.6853,0.3742,36.9379,85.9314,37.4206,0.0,0.0,0.0,None,None,None,None,0.4138913154602051,16.973,False,None,sfc_cache_p6_31,0,None,53.32,38.64,330.0,63,50,0,0,0,False,65.63106796116504,6.840599999999999,6.8202,9.9,0.1492,0.9548,0.1919,0.2207,2772.0668548971116,250.0,3022.0668548971116
0,1763422523.6222355,604.2,156,0.2205,0.8593,0.6853,0.3742,36.9379,85.9314,37.4206,0.0,0.0,0.0,None,None,None,None,0.4138913154602051,11.505,False,None,sfc_unique_p6_31,0,None,53.32,38.64,330.0,63,50,0,0,0,False,65.50387596899225,6.840599999999999,6.8202,9.9,0.1492,0.9548,0.1919,0.2207,2772.0668548971116,250.0,3022.0668548971116
0,1763422526.770942,607.3,156,0.2147,0.8249,0.6572,0.3742,35.9659,82.4866,37.4206,0.0,0.0,0.0,6.82,2.04,4.78,None,6.365776062011719e-05,19.85,True,None,sfc_cache_p4_27,0,None,49.32,34.31,297.0,58,48,0,0,0,False,65.57059961315281,6.938124999999999,6.819583333333333,10.3125,0.1238,0.9459,0.1919,0.221,2756.7641960808737,250.0,3006.7641960808737
0,1763422526.771846,607.3,156,0.2147,0.8249,0.6572,0.3742,35.9659,82.4866,37.4206,0.0,0.0,0.0,14.52,4.09,10.43,None,6.365776062011719e-05,21.947,True,None,sfc_unique_p4_27,0,None,49.32,34.31,297.0,58,48,0,0,0,False,65.63706563706563,6.938124999999999,6.819583333333333,10.3125,0.1238,0.9459,0.1919,0.221,2756.7641960808737,250.0,3006.7641960808737
0,1763422526.834459,607.4,156,0.2191,0.8249,0.6572,0.3742,35.9659,82.4866,37.4206,0.0,0.0,0.0,10.36,3.14,7.22,None,0.06854724884033203,18.465,False,None,sfc_cache_p1_26,0,None,49.32,34.31,297.0,58,48,0,0,0,False,65.51059730250482,6.938124999999999,6.819583333333333,10.3125,0.1272,0.9459,0.1959,0.221,2756.7641960808737,240.0,2996.7641960808737
0,1763422526.835388,607.4,156,0.2191,0.8249,0.6572,0.3742,35.9659,82.4866,37.4206,0.0,0.0,0.0,17.93,0,17.93,None,0.06854724884033203,13.489,False,None,sfc_unique_p1_26,0,None,49.32,34.31,297.0,58,48,0,0,0,False,65.38461538461539,6.938124999999999,6.819583333333333,10.3125,0.1272,0.9459,0.1959,0.221,2756.7641960808737,240.0,2996.7641960808737
0,1763422551.2454154,631.8,156,0.1672,0.5746,0.4339,0.2994,23.9406,57.4564,29.9365,0.0,0.0,0.0,4.08,2.63,1.45,None,0.00018095970153808594,20.485,True,None,sfc_cache_p1_32,0,None,24.99,21.32,132.0,34,32,0,0,0,False,65.4510556621881,6.9275,7.1253125,12.375,0.1403,0.8781,0.2051,0.22,2618.371543507667,160.0,2778.371543507667
0,1763422551.2459671,631.8,156,0.1672,0.5746,0.4339,0.2994,23.9406,57.4564,29.9365,0.0,0.0,0.0,6.33,3.96,2.37,None,0.00018095970153808594,21.509,True,None,sfc_unique_p1_32,0,None,24.99,21.32,132.0,34,32,0,0,0,False,65.51724137931035,6.9275,7.1253125,12.375,0.1403,0.8781,0.2051,0.22,2618.371543507667,160.0,2778.371543507667
0,1763422551.3130615,631.8,157,0.1817,0.5746,0.4398,0.2994,26.3888,57.4564,29.9365,0.0,0.0,0.0,4.69,2.63,2.06,None,0.06870722770690918,20.207,True,None,sfc_cache_p2_32,0,None,33.32,21.32,165.0,38,34,0,0,0,False,65.5831739961759,7.186764705882353,6.706176470588235,11.647058823529411,0.1258,0.8781,0.2001,0.2232,2618.371543507667,170.0,2788.371543507667
0,1763422551.31357,631.8,157,0.1817,0.5746,0.4398,0.2994,26.3888,57.4564,29.9365,0.0,0.0,0.0,7.54,3.96,3.59,None,0.06870722770690918,18.563,True,None,sfc_unique_p2_32,0,None,33.32,21.32,165.0,38,34,0,0,0,False,65.64885496183206,7.186764705882353,6.706176470588235,11.647058823529411,0.1258,0.8781,0.2001,0.2232,2618.371543507667,170.0,2788.371543507667
0,1763422551.3717701,631.9,158,0.1851,0.6056,0.452,0.2994,27.5055,60.5635,29.9365,0.0,0.0,0.0,4.61,2.63,1.98,None,0.13626623153686523,17.906,True,None,sfc_cache_p3_32,0,None,41.65,21.32,198.0,42,36,0,0,0,False,65.71428571428571,7.074722222222222,6.676111111111111,11.0,0.1212,0.8835,0.1954,0.2259,2653.368680173818,180.0,2833.368680173818
0,1763422551.3726592,631.9,158,0.1851,0.6056,0.452,0.2994,27.5055,60.5635,29.9365,0.0,0.0,0.0,5.09,1.66,3.43,None,0.13626623153686523,15.973,True,None,sfc_unique_p3_32,0,None,41.65,21.32,198.0,42,36,0,0,0,False,65.77946768060836,7.074722222222222,6.676111111111111,11.0,0.1212,0.8835,0.1954,0.2259,2653.368680173818,180.0,2833.368680173818
0,1763422551.4458344,632.0,159,0.1854,0.6502,0.4743,0.2994,28.0455,65.0161,29.9365,0.0,0.0,0.0,4.61,2.63,1.98,None,0.19567489624023438,20.286,True,None,sfc_cache_p4_32,0,None,49.98,21.32,231.0,46,38,0,0,0,False,65.84440227703985,6.833947368421053,6.789736842105263,10.421052631578947,0.1155,0.9054,0.1908,0.2268,2674.9158091012287,190.0,2864.9158091012287
0,1763422551.4467244,632.0,159,0.1854,0.6502,0.4743,0.2994,28.0455,65.0161,29.9365,0.0,0.0,0.0,6.05,1.57,4.48,None,0.19567489624023438,23.522,True,None,sfc_unique_p4_32,0,None,49.98,21.32,231.0,46,38,0,0,0,False,65.9090909090909,6.833947368421053,6.789736842105263,10.421052631578947,0.1155,0.9054,0.1908,0.2268,2674.9158091012287,190.0,2864.9158091012287
0,1763422551.5198133,632.1,160,0.1902,0.6913,0.4924,0.3243,29.1622,69.1311,32.4312,0.0,0.0,0.0,3.39,1.45,1.94,None,0.2696988582611084,20.288,True,None,sfc_cache_p5_32,0,None,54.31,21.32,231.0,49,40,0,0,0,False,65.97353497164461,6.750749999999999,6.858499999999999,10.725,0.1113,0.9043,0.2091,0.2278,2699.937090636595,200.0,2899.937090636595
0,1763422551.5207162,632.1,160,0.1902,0.6913,0.4924,0.3243,29.1622,69.1311,32.4312,0.0,0.0,0.0,4.36,1.58,2.78,None,0.2696988582611084,23.063,True,None,sfc_unique_p5_32,0,None,54.31,21.32,231.0,49,40,0,0,0,False,66.0377358490566,6.750749999999999,6.858499999999999,10.725,0.1113,0.9043,0.2091,0.2278,2699.937090636595,200.0,2899.937090636595
0,1763422551.5935206,632.1,161,0.198,0.7182,0.5107,0.3493,30.8901,71.8199,34.9259,0.0,0.0,0.0,4.01,2.07,1.94,None,0.3436872959136963,19.994,True,None,sfc_cache_p6_32,0,None,58.64,21.32,231.0,52,42,0,0,0,False,66.10169491525424,6.810238095238095,6.785952380952381,11.0,0.107,0.9037,0.2108,0.2279,2707.055183811026,210.0,2917.055183811026
0,1763422551.594422,632.1,161,0.198,0.7182,0.5107,0.3493,30.8901,71.8199,34.9259,0.0,0.0,0.0,5.84,2.92,2.91,None,0.3436872959136963,22.947,True,None,sfc_unique_p6_32,0,None,58.64,21.32,231.0,52,42,0,0,0,False,66.16541353383458,6.810238095238095,6.785952380952381,11.0,0.107,0.9037,0.2108,0.2279,2707.055183811026,210.0,2917.055183811026
0,1763422556.7931466,637.3,161,0.207,0.7064,0.5201,0.3742,32.2941,70.6431,37.4206,0.0,0.0,0.0,5.78,1.43,4.35,None,6.794929504394531e-05,19.859,True,None,sfc_cache_p2_28,0,None,58.64,12.99,198.0,50,42,0,0,0,False,66.22889305816135,7.119761904761904,6.674761904761904,11.785714285714286,0.1055,0.9098,0.2089,0.2268,2707.055183811026,210.0,2917.055183811026
0,1763422556.794065,637.3,161,0.207,0.7064,0.5201,0.3742,32.2941,70.6431,37.4206,0.0,0.0,0.0,9.0,1.48,7.52,None,6.794929504394531e-05,23.003,True,None,sfc_unique_p2_28,0,None,58.64,12.99,198.0,50,42,0,0,0,False,66.29213483146067,7.119761904761904,6.674761904761904,11.785714285714286,0.1055,0.9098,0.2089,0.2268,2707.055183811026,210.0,2917.055183811026
0,1763422571.2721307,651.8,161,0.1745,0.5284,0.293,0.2994,24.9849,52.8374,29.9365,0.0,0.0,0.0,4.03,1.84,2.2,None,0.00012826919555664062,20.545,True,None,sfc_cache_p1_33,0,None,41.98,12.99,132.0,37,32,0,0,0,False,66.35514018691589,7.2296875,6.5525,12.375,0.0907,0.6817,0.1716,0.1944,2540.841769346263,160.0,2700.841769346263
0,1763422571.273033,651.8,161,0.1745,0.5284,0.293,0.2994,24.9849,52.8374,29.9365,0.0,0.0,0.0,6.47,2.99,3.48,None,0.00012826919555664062,23.38,True,None,sfc_unique_p1_33,0,None,41.98,12.99,132.0,37,32,0,0,0,False,66.4179104477612,7.2296875,6.5525,12.375,0.0907,0.6817,0.1716,0.1944,2540.841769346263,160.0,2700.841769346263
0,1763422571.3470907,651.9,162,0.172,0.5855,0.3281,0.2994,24.9849,58.55,29.9365,0.0,0.0,0.0,3.73,1.84,1.89,None,0.07520866394042969,20.53,True,None,sfc_cache_p2_33,0,None,50.31,12.99,165.0,41,34,0,0,0,False,66.4804469273743,6.804411764705883,6.833823529411765,11.647058823529411,0.0876,0.7103,0.1674,0.1845,2580.476655586783,170.0,2750.476655586783
0,1763422571.3479738,651.9,162,0.172,0.5855,0.3281,0.2994,24.9849,58.55,29.9365,0.0,0.0,0.0,4.56,0.39,4.17,None,0.07520866394042969,23.571,True,None,sfc_unique_p2_33,0,None,50.31,12.99,165.0,41,34,0,0,0,False,66.54275092936803,6.804411764705883,6.833823529411765,11.647058823529411,0.0876,0.7103,0.1674,0.1845,2580.476655586783,170.0,2750.476655586783
0,1763422571.4233468,652.0,163,0.1788,0.6157,0.3566,0.3243,26.5692,61.5739,32.4312,0.0,0.0,0.0,5.23,2.67,2.56,None,0.1501004695892334,20.321,True,None,sfc_cache_p3_33,0,None,54.64,12.99,165.0,44,36,0,0,0,False,66.60482374768088,6.83388888888889,6.7875,11.916666666666666,0.0897,0.7206,0.1856,0.1877,2599.3224224959304,180.0,2779.3224224959304
0,1763422571.424267,652.0,163,0.1788,0.6157,0.3566,0.3243,26.5692,61.5739,32.4312,0.0,0.0,0.0,6.82,1.49,5.33,None,0.1501004695892334,22.724,True,None,sfc_unique_p3_33,0,None,54.64,12.99,165.0,44,36,0,0,0,False,66.66666666666666,6.83388888888889,6.7875,11.916666666666666,0.0897,0.7206,0.1856,0.1877,2599.3224224959304,180.0,2779.3224224959304
0,1763422571.648809,652.2,164,0.1855,0.651,0.4242,0.3493,27.9375,65.1018,34.9259,0.0,0.0,0.0,11.01,2.02,8.99,None,0.22632670402526855,21.319,True,None,sfc_cache_p4_33,0,None,58.97,12.99,165.0,47,38,0,0,0,False,66.72828096118299,6.807631578947368,6.798684210526316,12.157894736842104,0.0916,0.7409,0.2032,0.2072,2631.357324213931,190.0,2821.357324213931
0,1763422571.6496944,652.2,164,0.1855,0.651,0.4242,0.3493,27.9375,65.1018,34.9259,0.0,0.0,0.0,7.63,1.57,6.06,None,0.22632670402526855,22.271,True,None,sfc_unique_p4_33,0,None,58.97,12.99,165.0,47,38,0,0,0,False,66.78966789667896,6.807631578947368,6.798684210526316,12.157894736842104,0.0916,0.7409,0.2032,0.2072,2631.357324213931,190.0,2821.357324213931
0,1763422571.717503,652.2,165,0.1898,0.6779,0.4739,0.3493,29.2334,67.7905,34.9259,0.0,0.0,0.0,7.51,2.04,5.47,None,0.45169878005981445,19.777,True,None,sfc_cache_p5_33,0,None,67.3,12.99,198.0,51,40,0,0,0,False,66.85082872928176,6.76725,6.725499999999999,11.55,0.0882,0.7412,0.1986,0.2138,2635.357324213931,200.0,2835.357324213931
0,1763422571.718387,652.2,165,0.1898,0.6779,0.4739,0.3493,29.2334,67.7905,34.9259,0.0,0.0,0.0,8.93,3.0,5.92,None,0.45169878005981445,21.897,True,None,sfc_unique_p5_33,0,None,67.3,12.99,198.0,51,40,0,0,0,False,66.91176470588235,6.76725,6.725499999999999,11.55,0.0882,0.7412,0.1986,0.2138,2635.357324213931,200.0,2835.357324213931
0,1763422571.7883656,652.3,166,0.1996,0.6905,0.5389,0.3493,31.1417,69.0505,34.9259,0.0,0.0,0.0,11.17,2.08,9.09,None,0.520374059677124,19.718,True,None,sfc_cache_p6_33,0,None,75.63,12.99,231.0,55,42,0,0,0,False,66.97247706422019,6.865714285714286,6.524285714285714,11.0,0.1019,0.7441,0.1942,0.2178,2651.5349934329824,210.0,2861.5349934329824
0,1763422571.7892575,652.3,166,0.1996,0.6905,0.5389,0.3493,31.1417,69.0505,34.9259,0.0,0.0,0.0,11.86,5.68,6.18,None,0.520374059677124,21.752,True,None,sfc_unique_p6_33,0,None,75.63,12.99,231.0,55,42,0,0,0,False,67.03296703296702,6.865714285714286,6.524285714285714,11.0,0.1019,0.7441,0.1942,0.2178,2651.5349934329824,210.0,2861.5349934329824
0,1763422594.2737694,674.8,166,0.1685,0.5737,0.4645,0.2744,24.5896,57.3732,27.4418,0.0,0.0,0.0,2.74,0.16,2.58,None,0.0001780986785888672,13.616,True,None,sfc_cache_p1_34,0,None,71.63,0.0,198.0,43,34,0,0,0,False,67.09323583180988,6.6967647058823525,6.696470588235294,10.676470588235293,0.1287,0.7616,0.2108,0.2139,2639.1619087711656,170.0,2809.1619087711656
0,1763422594.2743058,674.8,166,0.1685,0.5737,0.4645,0.2744,24.5896,57.3732,27.4418,0.0,0.0,0.0,4.57,0.22,4.35,None,0.0001780986785888672,14.768,True,None,sfc_unique_p1_34,0,None,71.63,0.0,198.0,43,34,0,0,0,False,67.15328467153284,6.6967647058823525,6.696470588235294,10.676470588235293,0.1287,0.7616,0.2108,0.2139,2639.1619087711656,170.0,2809.1619087711656
0,1763422594.3179243,674.8,167,0.172,0.6082,0.4731,0.2744,25.5616,60.818,27.4418,0.0,0.0,0.0,2.79,0.16,2.63,None,0.049907684326171875,12.641,True,None,sfc_cache_p2_34,0,None,71.63,8.33,231.0,47,36,0,0,0,False,67.21311475409836,6.574722222222222,6.704166666666667,10.083333333333334,0.1207,0.7571,0.2058,0.2161,2645.451182877341,180.0,2825.451182877341
0,1763422594.3184512,674.8,167,0.172,0.6082,0.4731,0.2744,25.5616,60.818,27.4418,0.0,0.0,0.0,5.85,1.41,4.44,None,0.049907684326171875,14.612,True,None,sfc_unique_p2_34,0,None,71.63,8.33,231.0,47,36,0,0,0,False,67.27272727272727,6.574722222222222,6.704166666666667,10.083333333333334,0.1207,0.7571,0.2058,0.2161,2645.451182877341,180.0,2825.451182877341
0,1763422594.3766863,674.9,168,0.1824,0.6208,0.4844,0.2744,27.4699,62.0779,27.4418,0.0,0.0,0.0,2.79,0.16,2.62,None,0.09400773048400879,18.772,True,None,sfc_cache_p3_34,0,None,71.63,16.66,264.0,51,38,0,0,0,False,67.33212341197822,6.693684210526317,6.4828947368421055,9.552631578947368,0.1131,0.7512,0.201,0.2168,2647.6834224687354,190.0,2837.6834224687354
0,1763422594.3773584,674.9,168,0.1824,0.6208,0.4844,0.2744,27.4699,62.0779,27.4418,0.0,0.0,0.0,7.67,2.76,4.92,None,0.09400773048400879,17.195,True,None,sfc_unique_p3_34,0,None,71.63,16.66,264.0,51,38,0,0,0,False,67.3913043478261,6.693684210526317,6.4828947368421055,9.552631578947368,0.1131,0.7512,0.201,0.2168,2647.6834224687354,190.0,2837.6834224687354
0,1763422594.4331577,675.0,169,0.1883,0.6552,0.5043,0.2994,28.8738,65.5226,29.9365,0.0,0.0,0.0,3.93,1.35,2.58,None,0.15300989151000977,16.148,True,None,sfc_cache_p4_34,0,None,71.63,20.99,264.0,54,40,0,0,0,False,67.45027124773961,6.684,6.5005,9.9,0.1077,0.7495,0.1931,0.2158,2651.5349934329824,200.0,2851.5349934329824
0,1763422594.433837,675.0,169,0.1883,0.6552,0.5043,0.2994,28.8738,65.5226,29.9365,0.0,0.0,0.0,6.84,1.5,5.34,None,0.15300989151000977,18.415,True,None,sfc_unique_p4_34,0,None,71.63,20.99,264.0,54,40,0,0,0,False,67.50902527075813,6.684,6.5005,9.9,0.1077,0.7495,0.1931,0.2158,2651.5349934329824,200.0,2851.5349934329824
0,1763422594.5007248,675.0,170,0.1992,0.6678,0.5207,0.3243,31.2141,66.7826,32.4312,0.0,0.0,0.0,3.84,0.98,2.87,None,0.20949363708496094,19.38,True,None,sfc_cache_p5_34,0,None,71.63,25.32,264.0,57,42,0,0,0,False,67.56756756756756,6.881666666666666,6.31,10.214285714285714,0.1047,0.7546,0.2044,0.2154,2657.6966154729143,210.0,2867.6966154729143
0,1763422594.5013993,675.0,170,0.1992,0.6678,0.5207,0.3243,31.2141,66.7826,32.4312,0.0,0.0,0.0,7.01,2.85,4.16,None,0.20949363708496094,18.069,True,None,sfc_unique_p5_34,0,None,71.63,25.32,264.0,57,42,0,0,0,False,67.62589928057554,6.881666666666666,6.31,10.214285714285714,0.1047,0.7546,0.2044,0.2154,2657.6966154729143,210.0,2867.6966154729143
0,1763422594.5750186,675.1,171,0.1992,0.6678,0.5207,0.3243,31.2141,66.7826,32.4312,0.0,0.0,0.0,6.38,1.43,4.95,None,0.2770042419433594,18.307,False,None,sfc_cache_p6_34,0,None,71.63,25.32,264.0,57,42,0,0,0,False,67.50448833034112,6.881666666666666,6.31,10.214285714285714,0.1047,0.7546,0.2044,0.2154,2657.6966154729143,210.0,2867.6966154729143
0,1763422594.5755515,675.1,171,0.1992,0.6678,0.5207,0.3243,31.2141,66.7826,32.4312,0.0,0.0,0.0,15.81,0,15.81,None,0.2770042419433594,13.171,False,None,sfc_unique_p6_34,0,None,71.63,25.32,264.0,57,42,0,0,0,False,67.38351254480287,6.881666666666666,6.31,10.214285714285714,0.1047,0.7546,0.2044,0.2154,2657.6966154729143,210.0,2867.6966154729143
0,1763422606.8811796,687.4,171,0.2041,0.6678,0.5168,0.3493,32.1137,66.7826,34.9259,0.0,0.0,0.0,4.82,2.1,2.72,None,7.843971252441406e-05,20.583,True,None,sfc_cache_p2_33,0,None,63.3,25.32,231.0,55,42,0,0,0,False,67.44186046511628,7.08,6.31,11.0,0.1034,0.7745,0.2108,0.2208,2658.832709730769,210.0,2868.832709730769
0,1763422606.8817196,687.4,171,0.2041,0.6678,0.5168,0.3493,32.1137,66.7826,34.9259,0.0,0.0,0.0,6.27,0.36,5.9,None,7.843971252441406e-05,14.776,True,None,sfc_unique_p2_33,0,None,63.3,25.32,231.0,55,42,0,0,0,False,67.5,7.08,6.31,11.0,0.1034,0.7745,0.2108,0.2208,2658.832709730769,210.0,2868.832709730769
0,1763422611.8714275,692.4,171,0.2056,0.6796,0.5144,0.3493,32.0781,67.9569,34.9259,0.0,0.0,0.0,4.98,2.1,2.87,None,7.534027099609375e-05,12.164,True,None,sfc_cache_p3_33,0,None,58.97,25.32,231.0,54,42,0,0,0,False,67.5579322638146,7.072142857142857,6.420952380952381,11.0,0.1034,0.7803,0.2108,0.218,2655.697823490249,210.0,2865.697823490249
0,1763422611.8719683,692.4,171,0.2056,0.6796,0.5144,0.3493,32.0781,67.9569,34.9259,0.0,0.0,0.0,6.56,1.63,4.93,None,7.534027099609375e-05,13.716,True,None,sfc_unique_p3_33,0,None,58.97,25.32,231.0,54,42,0,0,0,False,67.61565836298932,7.072142857142857,6.420952380952381,11.0,0.1034,0.7803,0.2108,0.218,2655.697823490249,210.0,2865.697823490249
0,1763422614.294475,694.8,171,0.2065,0.6796,0.4963,0.3493,32.0781,67.9569,34.9259,0.0,0.0,0.0,3.9,2.39,1.52,None,0.00017499923706054688,12.611,True,None,sfc_cache_p1_35,0,None,58.97,25.32,231.0,55,42,0,0,0,False,67.67317939609237,7.072142857142857,6.420952380952381,11.0,0.0963,0.7515,0.2108,0.2142,2640.5792686420546,210.0,2850.5792686420546
0,1763422614.2950096,694.8,171,0.2065,0.6796,0.4963,0.3493,32.0781,67.9569,34.9259,0.0,0.0,0.0,4.1,0.35,3.75,None,0.00017499923706054688,13.072,True,None,sfc_unique_p1_35,0,None,58.97,25.32,231.0,55,42,0,0,0,False,67.73049645390071,7.072142857142857,6.420952380952381,11.0,0.0963,0.7515,0.2108,0.2142,2640.5792686420546,210.0,2850.5792686420546
0,1763422614.347581,694.9,172,0.2141,0.7031,0.5333,0.3493,33.9863,70.3079,34.9259,0.0,0.0,0.0,6.41,1.23,5.18,None,0.049781084060668945,17.258,True,None,sfc_cache_p2_35,0,None,62.97,25.32,264.0,58,44,0,0,0,False,67.78761061946904,7.152272727272727,6.341136363636363,10.5,0.1206,0.7711,0.2063,0.2185,2669.903880026362,220.0,2889.903880026362
0,1763422614.3481271,694.9,172,0.2141,0.7031,0.5333,0.3493,33.9863,70.3079,34.9259,0.0,0.0,0.0,13.16,7.33,5.84,None,0.049781084060668945,12.589,True,None,sfc_unique_p2_35,0,None,62.97,25.32,264.0,58,44,0,0,0,False,67.84452296819788,7.152272727272727,6.341136363636363,10.5,0.1206,0.7711,0.2063,0.2185,2669.903880026362,220.0,2889.903880026362
0,1763422614.4021876,694.9,173,0.2097,0.7711,0.5715,0.3493,33.9863,77.1117,34.9259,0.0,0.0,0.0,4.32,1.33,2.99,None,0.1028599739074707,14.842,True,None,sfc_cache_p3_35,0,None,66.97,25.32,297.0,61,46,0,0,0,False,67.90123456790124,6.841304347826087,6.652391304347826,10.043478260869565,0.1171,0.8634,0.2019,0.2196,2711.1273731627207,230.0,2941.1273731627207
0,1763422614.4028628,694.9,173,0.2097,0.7711,0.5715,0.3493,33.9863,77.1117,34.9259,0.0,0.0,0.0,4.91,0.36,4.55,None,0.1028599739074707,16.234,True,None,sfc_unique_p3_35,0,None,66.97,25.32,297.0,61,46,0,0,0,False,67.95774647887323,6.841304347826087,6.652391304347826,10.043478260869565,0.1171,0.8634,0.2019,0.2196,2711.1273731627207,230.0,2941.1273731627207
0,1763422614.4927762,695.0,174,0.2097,0.7711,0.5715,0.3493,33.9863,77.1117,34.9259,0.0,0.0,0.0,6.68,1.61,5.07,None,0.15770840644836426,21.049,False,None,sfc_cache_p4_35,0,None,66.97,25.32,297.0,61,46,0,0,0,False,67.83831282952548,6.841304347826087,6.652391304347826,10.043478260869565,0.1171,0.8634,0.2019,0.2196,2711.1273731627207,230.0,2941.1273731627207
0,1763422614.493931,695.0,174,0.2097,0.7711,0.5715,0.3493,33.9863,77.1117,34.9259,0.0,0.0,0.0,14.84,0,14.84,None,0.15770840644836426,25.922,False,None,sfc_unique_p4_35,0,None,66.97,25.32,297.0,61,46,0,0,0,False,67.71929824561404,6.841304347826087,6.652391304347826,10.043478260869565,0.1171,0.8634,0.2019,0.2196,2711.1273731627207,230.0,2941.1273731627207
0,1763422614.7021842,695.2,175,0.2145,0.8173,0.6258,0.3742,35.3547,81.7307,37.4206,0.0,0.0,0.0,7.7,1.41,6.28,None,0.2491316795349121,11.334,True,None,sfc_cache_p5_35,0,None,66.97,25.32,297.0,62,48,0,0,0,False,67.77583187390543,6.820208333333333,6.757083333333333,10.3125,0.1266,0.8726,0.1918,0.2227,2744.244256125775,240.0,2984.244256125775
0,1763422614.7027154,695.2,175,0.2145,0.8173,0.6258,0.3742,35.3547,81.7307,37.4206,0.0,0.0,0.0,8.47,3.48,4.99,None,0.2491316795349121,11.591,True,None,sfc_unique_p5_35,0,None,66.97,25.32,297.0,62,48,0,0,0,False,67.83216783216784,6.820208333333333,6.757083333333333,10.3125,0.1266,0.8726,0.1918,0.2227,2744.244256125775,240.0,2984.244256125775
0,1763422614.7602243,695.3,176,0.2145,0.8173,0.6258,0.3742,35.3547,81.7307,37.4206,0.0,0.0,0.0,13.99,0,13.99,None,0.4573850631713867,16.641,False,None,sfc_cache_p6_35,0,None,66.97,25.32,297.0,62,48,0,0,0,False,67.71378708551484,6.820208333333333,6.757083333333333,10.3125,0.1266,0.8726,0.1918,0.2227,2744.244256125775,240.0,2984.244256125775
0,1763422614.7607572,695.3,176,0.2145,0.8173,0.6258,0.3742,35.3547,81.7307,37.4206,0.0,0.0,0.0,10.39,2.58,7.81,None,0.4573850631713867,11.276,False,None,sfc_unique_p6_35,0,None,66.97,25.32,297.0,62,48,0,0,0,False,67.59581881533101,6.820208333333333,6.757083333333333,10.3125,0.1266,0.8726,0.1918,0.2227,2744.244256125775,240.0,2984.244256125775
0,1763422631.8987918,712.4,176,0.2141,0.7073,0.5623,0.3243,33.8427,70.7262,32.4312,0.0,0.0,0.0,4.83,2.63,2.2,None,7.62939453125e-05,18.476,True,None,sfc_cache_p2_31,0,None,62.64,25.32,297.0,59,44,0,0,0,False,67.65217391304348,7.122045454545455,6.378863636363636,9.75,0.1301,0.85,0.1569,0.2239,2716.6822298718057,220.0,2936.6822298718057
0,1763422631.8993282,712.4,176,0.2141,0.7073,0.5623,0.3243,33.8427,70.7262,32.4312,0.0,0.0,0.0,7.86,3.96,3.91,None,7.62939453125e-05,14.159,True,None,sfc_unique_p2_31,0,None,62.64,25.32,297.0,59,44,0,0,0,False,67.70833333333334,7.122045454545455,6.378863636363636,9.75,0.1301,0.85,0.1569,0.2239,2716.6822298718057,220.0,2936.6822298718057
0,1763422641.9203665,722.5,176,0.218,0.7173,0.5663,0.3493,34.3103,71.7342,34.9259,0.0,0.0,0.0,3.65,1.43,2.22,None,7.915496826171875e-05,20.033,True,None,sfc_cache_p1_32,0,None,54.31,25.32,264.0,57,44,0,0,0,False,67.76429809358753,7.220454545454545,6.469772727272727,10.5,0.1294,0.8449,0.1785,0.2242,2716.6822298718057,220.0,2936.6822298718057
0,1763422641.9212766,722.5,176,0.218,0.7173,0.5663,0.3493,34.3103,71.7342,34.9259,0.0,0.0,0.0,7.1,3.96,3.14,None,7.915496826171875e-05,23.037,True,None,sfc_unique_p1_32,0,None,54.31,25.32,264.0,57,44,0,0,0,False,67.82006920415225,7.220454545454545,6.469772727272727,10.5,0.1294,0.8449,0.1785,0.2242,2716.6822298718057,220.0,2936.6822298718057
0,1763422643.3479147,723.9,176,0.2191,0.7812,0.5863,0.3742,34.9227,78.1171,37.4206,0.0,0.0,0.0,5.41,1.84,3.57,None,0.00017189979553222656,19.982,True,None,sfc_cache_p1_36,0,None,54.31,25.32,264.0,58,46,0,0,0,False,67.87564766839378,7.029782608695652,6.739130434782608,10.76086956521739,0.1274,0.8388,0.1751,0.2222,2726.926387123005,230.0,2956.926387123005
0,1763422643.3488116,723.9,176,0.2191,0.7812,0.5863,0.3742,34.9227,78.1171,37.4206,0.0,0.0,0.0,5.1,0.24,4.86,None,0.00017189979553222656,22.46,True,None,sfc_unique_p1_36,0,None,54.31,25.32,264.0,58,46,0,0,0,False,67.93103448275862,7.029782608695652,6.739130434782608,10.76086956521739,0.1274,0.8388,0.1751,0.2222,2726.926387123005,230.0,2956.926387123005
0,1763422643.4193099,724.0,177,0.2241,0.8265,0.6213,0.3992,36.3266,82.653,39.9153,0.0,0.0,0.0,5.45,2.65,2.8,None,0.07797574996948242,18.011,True,None,sfc_cache_p2_36,0,None,54.31,25.32,264.0,59,48,0,0,0,False,67.98623063683304,7.007708333333333,6.833333333333333,11.0,0.1447,0.8467,0.1711,0.2225,2744.0562290814805,240.0,2984.0562290814805
0,1763422643.420202,724.0,177,0.2241,0.8265,0.6213,0.3992,36.3266,82.653,39.9153,0.0,0.0,0.0,9.63,3.4,6.23,None,0.07797574996948242,20.076,True,None,sfc_unique_p2_36,0,None,54.31,25.32,264.0,59,48,0,0,0,False,68.04123711340206,7.007708333333333,6.833333333333333,11.0,0.1447,0.8467,0.1711,0.2225,2744.0562290814805,240.0,2984.0562290814805
0,1763422643.5000374,724.0,178,0.2241,0.8265,0.6213,0.3992,36.3266,82.653,39.9153,0.0,0.0,0.0,6.84,1.27,5.57,None,0.1493215560913086,19.148,False,None,sfc_cache_p3_36,0,None,54.31,25.32,264.0,59,48,0,0,0,False,67.9245283018868,7.007708333333333,6.833333333333333,11.0,0.1447,0.8467,0.1711,0.2225,2744.0562290814805,240.0,2984.0562290814805
0,1763422643.5009544,724.0,178,0.2241,0.8265,0.6213,0.3992,36.3266,82.653,39.9153,0.0,0.0,0.0,15.81,0,15.81,None,0.1493215560913086,14.73,False,None,sfc_unique_p3_36,0,None,54.31,25.32,264.0,59,48,0,0,0,False,67.8082191780822,7.007708333333333,6.833333333333333,11.0,0.1447,0.8467,0.1711,0.2225,2744.0562290814805,240.0,2984.0562290814805
0,1763422643.5789049,724.1,179,0.2241,0.8265,0.6213,0.3992,36.3266,82.653,39.9153,0.0,0.0,0.0,13.55,6.81,6.74,None,0.23003792762756348,17.244,False,None,sfc_cache_p4_36,0,None,54.31,25.32,264.0,59,48,0,0,0,False,67.6923076923077,7.007708333333333,6.833333333333333,11.0,0.1447,0.8467,0.1711,0.2225,2744.0562290814805,240.0,2984.0562290814805
0,1763422643.5798404,724.1,179,0.2241,0.8265,0.6213,0.3992,36.3266,82.653,39.9153,0.0,0.0,0.0,16.54,0,16.54,None,0.23003792762756348,18.417,False,None,sfc_unique_p4_36,0,None,54.31,25.32,264.0,59,48,0,0,0,False,67.57679180887372,7.007708333333333,6.833333333333333,11.0,0.1447,0.8467,0.1711,0.2225,2744.0562290814805,240.0,2984.0562290814805
0,1763422643.6522138,724.2,180,0.2337,0.8391,0.644,0.4241,38.6669,83.9129,42.41,0.0,0.0,0.0,5.5,1.7,3.8,None,0.30891871452331543,17.252,True,None,sfc_cache_p5_36,0,None,54.31,29.65,264.0,60,50,0,0,0,False,67.6320272572402,7.1608,6.66,11.22,0.1537,0.8692,0.1856,0.224,2768.4276344115083,250.0,3018.4276344115083
0,1763422643.653144,724.2,180,0.2337,0.8391,0.644,0.4241,38.6669,83.9129,42.41,0.0,0.0,0.0,11.55,6.11,5.43,None,0.30891871452331543,18.895,True,None,sfc_unique_p5_36,0,None,54.31,29.65,264.0,60,50,0,0,0,False,67.68707482993197,7.1608,6.66,11.22,0.1537,0.8692,0.1856,0.224,2768.4276344115083,250.0,3018.4276344115083
0,1763422643.7259185,724.3,181,0.2337,0.8391,0.644,0.4241,38.6669,83.9129,42.41,0.0,0.0,0.0,4.63,2.06,2.57,None,0.3822031021118164,15.387,False,None,sfc_cache_p6_36,0,None,54.31,29.65,264.0,60,50,0,0,0,False,67.57215619694398,7.1608,6.66,11.22,0.1537,0.8692,0.1856,0.224,2768.4276344115083,250.0,3018.4276344115083
0,1763422643.7268527,724.3,181,0.2337,0.8391,0.644,0.4241,38.6669,83.9129,42.41,0.0,0.0,0.0,15.81,0,15.81,None,0.3822031021118164,16.172,False,None,sfc_unique_p6_36,0,None,54.31,29.65,264.0,60,50,0,0,0,False,67.45762711864407,7.1608,6.66,11.22,0.1537,0.8692,0.1856,0.224,2768.4276344115083,250.0,3018.4276344115083
0,1763422646.9277842,727.5,181,0.2108,0.8164,0.6225,0.3992,34.3103,81.645,39.9153,0.0,0.0,0.0,3.97,2.0,1.98,None,6.818771362304688e-05,19.105,True,None,sfc_cache_p6_32,0,None,41.65,29.65,231.0,54,46,0,0,0,False,67.51269035532995,6.906521739130435,7.043478260869565,11.478260869565217,0.1658,0.8716,0.1825,0.2221,2768.4276344115083,240.0,3008.4276344115083
0,1763422646.92871,727.5,181,0.2108,0.8164,0.6225,0.3992,34.3103,81.645,39.9153,0.0,0.0,0.0,6.72,3.96,2.76,None,6.818771362304688e-05,20.746,True,None,sfc_unique_p6_32,0,None,41.65,29.65,231.0,54,46,0,0,0,False,67.56756756756756,6.906521739130435,7.043478260869565,11.478260869565217,0.1658,0.8716,0.1825,0.2221,2768.4276344115083,240.0,3008.4276344115083
0,1763422646.9954774,727.5,181,0.2258,0.8164,0.6277,0.3992,36.7586,81.645,39.9153,0.0,0.0,0.0,4.16,2.63,1.53,None,0.06981587409973145,19.214,True,None,sfc_cache_p2_32,0,None,49.98,29.65,264.0,58,48,0,0,0,False,67.62225969645868,7.0910416666666665,6.75,11.0,0.1611,0.8716,0.1825,0.2243,2768.4276344115083,240.0,3008.4276344115083
0,1763422646.9963965,727.5,181,0.2258,0.8164,0.6277,0.3992,36.7586,81.645,39.9153,0.0,0.0,0.0,6.79,3.96,2.83,None,0.06981587409973145,20.882,True,None,sfc_unique_p2_32,0,None,49.98,29.65,264.0,58,48,0,0,0,False,67.67676767676768,7.0910416666666665,6.75,11.0,0.1611,0.8716,0.1825,0.2243,2768.4276344115083,240.0,3008.4276344115083
0,1763422659.3834422,739.9,181,0.1836,0.6854,0.558,0.3243,27.9019,68.5415,32.4312,0.0,0.0,0.0,3.63,2.63,1.0,None,0.00018668174743652344,21.059,True,None,sfc_cache_p1_37,0,None,28.99,29.65,198.0,43,38,0,0,0,False,67.73109243697479,6.798947368421053,7.157894736842105,11.289473684210526,0.1997,0.8575,0.1568,0.2145,2705.4204373831844,190.0,2895.4204373831844
0,1763422659.3843455,739.9,181,0.1836,0.6854,0.558,0.3243,27.9019,68.5415,32.4312,0.0,0.0,0.0,5.71,3.96,1.76,None,0.00018668174743652344,23.041,True,None,sfc_unique_p1_37,0,None,28.99,29.65,198.0,43,38,0,0,0,False,67.78523489932886,6.798947368421053,7.157894736842105,11.289473684210526,0.1997,0.8575,0.1568,0.2145,2705.4204373831844,190.0,2895.4204373831844
0,1763422659.6439285,740.2,182,0.1959,0.6896,0.5693,0.3243,30.1698,68.9623,32.4312,0.0,0.0,0.0,3.15,2.0,1.15,None,0.07612967491149902,25.387,True,None,sfc_cache_p2_37,0,None,37.32,29.65,231.0,47,40,0,0,0,False,67.8391959798995,6.984,6.84175,10.725,0.1978,0.8598,0.1532,0.2161,2731.519636423581,200.0,2931.519636423581
0,1763422659.644823,740.2,182,0.1959,0.6896,0.5693,0.3243,30.1698,68.9623,32.4312,0.0,0.0,0.0,6.35,3.98,2.38,None,0.07612967491149902,23.472,True,None,sfc_unique_p2_37,0,None,37.32,29.65,231.0,47,40,0,0,0,False,67.89297658862876,6.984,6.84175,10.725,0.1978,0.8598,0.1532,0.2161,2731.519636423581,200.0,2931.519636423581
0,1763422659.7206779,740.3,183,0.2073,0.6896,0.5773,0.3243,32.618,68.9623,32.4312,0.0,0.0,0.0,6.31,4.09,2.22,None,0.3365645408630371,20.105,True,None,sfc_cache_p3_37,0,None,45.65,29.65,264.0,51,42,0,0,0,False,67.9465776293823,7.191190476190475,6.515952380952381,10.214285714285714,0.189,0.8598,0.1498,0.2174,2739.828082125323,210.0,2949.828082125323
0,1763422659.7215612,740.3,183,0.2073,0.6896,0.5773,0.3243,32.618,68.9623,32.4312,0.0,0.0,0.0,6.35,3.96,2.39,None,0.3365645408630371,22.507,True,None,sfc_unique_p3_37,0,None,45.65,29.65,264.0,51,42,0,0,0,False,68.0,7.191190476190475,6.515952380952381,10.214285714285714,0.189,0.8598,0.1498,0.2174,2739.828082125323,210.0,2949.828082125323
0,1763422659.799183,740.3,184,0.2181,0.6896,0.5825,0.3243,35.0663,68.9623,32.4312,0.0,0.0,0.0,4.32,2.63,1.7,None,0.41327738761901855,19.967,True,None,sfc_cache_p4_37,0,None,53.98,29.65,297.0,55,44,0,0,0,False,68.05324459234609,7.379545454545454,6.219772727272727,9.75,0.1776,0.8598,0.1466,0.219,2739.828082125323,220.0,2959.828082125323
0,1763422659.800107,740.3,184,0.2181,0.6896,0.5825,0.3243,35.0663,68.9623,32.4312,0.0,0.0,0.0,7.1,3.96,3.15,None,0.41327738761901855,22.766,True,None,sfc_unique_p4_37,0,None,53.98,29.65,297.0,55,44,0,0,0,False,68.10631229235881,7.379545454545454,6.219772727272727,9.75,0.1776,0.8598,0.1466,0.219,2739.828082125323,220.0,2959.828082125323
0,1763422659.8726704,740.4,185,0.2227,0.7123,0.6011,0.3243,36.5426,71.2302,32.4312,0.0,0.0,0.0,3.95,2.63,1.32,None,0.4918360710144043,20.086,True,None,sfc_cache_p5_37,0,None,62.31,29.65,330.0,59,46,0,0,0,False,68.1592039800995,7.355869565217391,6.1450000000000005,9.326086956521738,0.1703,0.8716,0.1434,0.2189,2751.828082125323,230.0,2981.828082125323
0,1763422659.873572,740.4,185,0.2227,0.7123,0.6011,0.3243,36.5426,71.2302,32.4312,0.0,0.0,0.0,6.35,2.91,3.44,None,0.4918360710144043,22.561,True,None,sfc_unique_p5_37,0,None,62.31,29.65,330.0,59,46,0,0,0,False,68.21192052980133,7.355869565217391,6.1450000000000005,9.326086956521738,0.1703,0.8716,0.1434,0.2189,2751.828082125323,230.0,2981.828082125323
0,1763422659.9453216,740.5,186,0.224,0.7467,0.6283,0.3243,37.5146,74.6749,32.4312,0.0,0.0,0.0,3.69,2.0,1.7,None,0.565239429473877,20.586,True,None,sfc_cache_p6_37,0,None,70.64,29.65,363.0,63,48,0,0,0,False,68.26446280991736,7.236875,6.173749999999999,8.9375,0.1733,0.8892,0.1405,0.2189,2789.850874262763,240.0,3029.850874262763
0,1763422659.9462266,740.5,186,0.224,0.7467,0.6283,0.3243,37.5146,74.6749,32.4312,0.0,0.0,0.0,7.11,1.52,5.59,None,0.565239429473877,21.542,True,None,sfc_unique_p6_37,0,None,70.64,29.65,363.0,63,48,0,0,0,False,68.31683168316832,7.236875,6.173749999999999,8.9375,0.1733,0.8892,0.1405,0.2189,2789.850874262763,240.0,3029.850874262763
0,1763422661.9248307,742.5,186,0.2124,0.7174,0.6165,0.3243,35.8579,71.7367,32.4312,0.0,0.0,0.0,6.68,0.21,6.47,None,5.5789947509765625e-05,12.834,True,None,sfc_cache_p3_33,0,None,66.64,29.65,330.0,60,46,0,0,0,False,68.36902800658979,7.218043478260869,6.188695652173913,9.326086956521738,0.1779,0.8531,0.1484,0.2174,2770.085951650165,240.0,3010.085951650165
0,1763422661.9253645,742.5,186,0.2124,0.7174,0.6165,0.3243,35.8579,71.7367,32.4312,0.0,0.0,0.0,8.1,1.59,6.5,None,5.5789947509765625e-05,12.711,True,None,sfc_unique_p3_33,0,None,66.64,29.65,330.0,60,46,0,0,0,False,68.42105263157895,7.218043478260869,6.188695652173913,9.326086956521738,0.1779,0.8531,0.1484,0.2174,2770.085951650165,240.0,3010.085951650165
0,1763422661.9837723,742.5,186,0.2158,0.7174,0.6165,0.3243,35.8579,71.7367,32.4312,0.0,0.0,0.0,5.82,0.81,5.01,None,0.04314279556274414,20.078,False,None,sfc_cache_p2_33,0,None,66.64,29.65,330.0,60,46,0,0,0,False,68.30870279146141,7.218043478260869,6.188695652173913,9.326086956521738,0.183,0.8531,0.1516,0.2174,2770.085951650165,230.0,3000.085951650165
0,1763422661.9843252,742.5,186,0.2158,0.7174,0.6165,0.3243,35.8579,71.7367,32.4312,0.0,0.0,0.0,16.75,0,16.75,None,0.04314279556274414,8.281,False,None,sfc_unique_p2_33,0,None,66.64,29.65,330.0,60,46,0,0,0,False,68.1967213114754,7.218043478260869,6.188695652173913,9.326086956521738,0.183,0.8531,0.1516,0.2174,2770.085951650165,230.0,3000.085951650165
0,1763422678.4088864,758.9,186,0.2264,0.74,0.6354,0.3493,38.2338,74.0046,34.9259,0.0,0.0,0.0,6.59,2.48,4.11,None,0.0002033710479736328,19.514,True,None,sfc_cache_p1_38,0,None,66.64,29.65,330.0,60,48,0,0,0,False,68.24877250409165,7.375624999999999,6.118333333333333,9.625,0.1843,0.8838,0.1608,0.2191,2799.2712419569984,240.0,3039.2712419569984
0,1763422678.409805,758.9,186,0.2264,0.74,0.6354,0.3493,38.2338,74.0046,34.9259,0.0,0.0,0.0,11.13,6.97,4.16,None,0.0002033710479736328,19.257,True,None,sfc_unique_p1_38,0,None,66.64,29.65,330.0,60,48,0,0,0,False,68.30065359477125,7.375624999999999,6.118333333333333,9.625,0.1843,0.8838,0.1608,0.2191,2799.2712419569984,240.0,3039.2712419569984
0,1763422678.488977,759.0,187,0.2264,0.74,0.6354,0.3493,38.2338,74.0046,34.9259,0.0,0.0,0.0,5.0,1.47,3.52,None,0.07563304901123047,18.886,False,None,sfc_cache_p2_38,0,None,66.64,29.65,330.0,60,48,0,0,0,False,68.18923327895595,7.375624999999999,6.118333333333333,9.625,0.1843,0.8838,0.1608,0.2191,2799.2712419569984,240.0,3039.2712419569984
0,1763422678.4895647,759.0,187,0.2264,0.74,0.6354,0.3493,38.2338,74.0046,34.9259,0.0,0.0,0.0,15.47,0,15.47,None,0.07563304901123047,18.188,False,None,sfc_unique_p2_38,0,None,66.64,29.65,330.0,60,48,0,0,0,False,68.07817589576547,7.375624999999999,6.118333333333333,9.625,0.1843,0.8838,0.1608,0.2191,2799.2712419569984,240.0,3039.2712419569984
0,1763422678.5566978,759.1,188,0.2264,0.74,0.6354,0.3493,38.2338,74.0046,34.9259,0.0,0.0,0.0,13.81,0,13.81,None,0.1550295352935791,15.815,False,None,sfc_cache_p3_38,0,None,66.64,29.65,330.0,60,48,0,0,0,False,67.96747967479675,7.375624999999999,6.118333333333333,9.625,0.1843,0.8838,0.1608,0.2191,2799.2712419569984,240.0,3039.2712419569984
0,1763422678.5573022,759.1,188,0.2264,0.74,0.6354,0.3493,38.2338,74.0046,34.9259,0.0,0.0,0.0,15.26,0,15.26,None,0.1550295352935791,9.134,False,None,sfc_unique_p3_38,0,None,66.64,29.65,330.0,60,48,0,0,0,False,67.85714285714286,7.375624999999999,6.118333333333333,9.625,0.1843,0.8838,0.1608,0.2191,2799.2712419569984,240.0,3039.2712419569984
0,1763422678.6164272,759.1,189,0.2264,0.74,0.6354,0.3493,38.2338,74.0046,34.9259,0.0,0.0,0.0,5.56,2.14,3.42,None,0.22274255752563477,14.077,False,None,sfc_cache_p4_38,0,None,66.64,29.65,330.0,60,48,0,0,0,False,67.74716369529983,7.375624999999999,6.118333333333333,9.625,0.1843,0.8838,0.1608,0.2191,2799.2712419569984,240.0,3039.2712419569984
0,1763422678.6170082,759.1,189,0.2264,0.74,0.6354,0.3493,38.2338,74.0046,34.9259,0.0,0.0,0.0,15.26,0,15.26,None,0.22274255752563477,8.944,False,None,sfc_unique_p4_38,0,None,66.64,29.65,330.0,60,48,0,0,0,False,67.63754045307444,7.375624999999999,6.118333333333333,9.625,0.1843,0.8838,0.1608,0.2191,2799.2712419569984,240.0,3039.2712419569984
0,1763422678.7729232,759.3,190,0.2264,0.74,0.6354,0.3493,38.2338,74.0046,34.9259,0.0,0.0,0.0,13.92,0,13.92,None,0.2824077606201172,16.28,False,None,sfc_cache_p5_38,0,None,66.64,29.65,330.0,60,48,0,0,0,False,67.52827140549273,7.375624999999999,6.118333333333333,9.625,0.1843,0.8838,0.1608,0.2191,2799.2712419569984,240.0,3039.2712419569984
0,1763422678.7745945,759.3,190,0.2264,0.74,0.6354,0.3493,38.2338,74.0046,34.9259,0.0,0.0,0.0,15.48,0,15.48,None,0.2824077606201172,9.693,False,None,sfc_unique_p5_38,0,None,66.64,29.65,330.0,60,48,0,0,0,False,67.41935483870968,7.375624999999999,6.118333333333333,9.625,0.1843,0.8838,0.1608,0.2191,2799.2712419569984,240.0,3039.2712419569984
0,1763422678.853593,759.4,191,0.2264,0.74,0.6354,0.3493,38.2338,74.0046,34.9259,0.0,0.0,0.0,13.91,0,13.91,None,0.4405062198638916,15.401,False,None,sfc_cache_p6_38,0,None,66.64,29.65,330.0,60,48,0,0,0,False,67.31078904991948,7.375624999999999,6.118333333333333,9.625,0.1843,0.8838,0.1608,0.2191,2799.2712419569984,240.0,3039.2712419569984
0,1763422678.8545213,759.4,191,0.2264,0.74,0.6354,0.3493,38.2338,74.0046,34.9259,0.0,0.0,0.0,15.46,0,15.46,None,0.4405062198638916,16.053,False,None,sfc_unique_p6_38,0,None,66.64,29.65,330.0,60,48,0,0,0,False,67.20257234726688,7.375624999999999,6.118333333333333,9.625,0.1843,0.8838,0.1608,0.2191,2799.2712419569984,240.0,3039.2712419569984
0,1763422691.948295,772.5,191,0.2294,0.7384,0.6481,0.3742,38.7382,73.8358,37.4206,0.0,0.0,0.0,5.12,0.81,4.31,None,8.296966552734375e-05,12.325,True,None,sfc_cache_p1_35,0,None,62.64,29.65,297.0,59,48,0,0,0,False,67.25521669341894,7.472916666666666,6.104375,10.3125,0.1909,0.8314,0.1813,0.2202,2777.868461013033,240.0,3017.868461013033
0,1763422691.948835,772.5,191,0.2294,0.7384,0.6481,0.3742,38.7382,73.8358,37.4206,0.0,0.0,0.0,13.13,3.28,9.86,None,8.296966552734375e-05,13.484,True,None,sfc_unique_p1_35,0,None,62.64,29.65,297.0,59,48,0,0,0,False,67.3076923076923,7.472916666666666,6.104375,10.3125,0.1909,0.8314,0.1813,0.2202,2777.868461013033,240.0,3017.868461013033
0,1763422698.4244761,779.0,191,0.2023,0.6443,0.5893,0.3243,32.1137,64.4265,32.4312,0.0,0.0,0.0,3.21,0.16,3.05,None,0.0001888275146484375,20.646,True,None,sfc_cache_p1_39,0,None,62.64,4.33,231.0,45,40,0,0,0,False,67.36,7.434,6.39175,10.725,0.2157,0.8491,0.1766,0.2152,2736.028188609381,200.0,2936.028188609381
0,1763422698.4254024,779.0,191,0.2023,0.6443,0.5893,0.3243,32.1137,64.4265,32.4312,0.0,0.0,0.0,5.6,0.22,5.38,None,0.0001888275146484375,24.348,True,None,sfc_unique_p1_39,0,None,62.64,4.33,231.0,45,40,0,0,0,False,67.41214057507987,7.434,6.39175,10.725,0.2157,0.8491,0.1766,0.2152,2736.028188609381,200.0,2936.028188609381
0,1763422698.4983745,779.0,192,0.2058,0.6787,0.5953,0.3243,33.0857,67.8712,32.4312,0.0,0.0,0.0,2.56,0.16,2.39,None,0.07536888122558594,20.52,True,None,sfc_cache_p2_39,0,None,62.64,12.66,264.0,49,42,0,0,0,False,67.46411483253588,7.2942857142857145,6.412857142857142,10.214285714285714,0.2064,0.8453,0.1727,0.2176,2742.3174627155563,210.0,2952.3174627155563
0,1763422698.4992754,779.0,192,0.2058,0.6787,0.5953,0.3243,33.0857,67.8712,32.4312,0.0,0.0,0.0,5.49,1.41,4.08,None,0.07536888122558594,23.971,True,None,sfc_unique_p2_39,0,None,62.64,12.66,264.0,49,42,0,0,0,False,67.51592356687898,7.2942857142857145,6.412857142857142,10.214285714285714,0.2064,0.8453,0.1727,0.2176,2742.3174627155563,210.0,2952.3174627155563
0,1763422698.5754557,779.1,193,0.2082,0.714,0.6122,0.3243,34.022,71.3991,32.4312,0.0,0.0,0.0,2.57,0.16,2.41,None,0.14920425415039062,20.634,True,None,sfc_cache_p3_39,0,None,62.64,20.99,297.0,53,44,0,0,0,False,67.56756756756756,7.159772727272727,6.439545454545454,9.75,0.1973,0.84,0.1689,0.2195,2746.997462715556,220.0,2966.997462715556
0,1763422698.5763605,779.1,193,0.2082,0.714,0.6122,0.3243,34.022,71.3991,32.4312,0.0,0.0,0.0,6.48,1.58,4.9,None,0.14920425415039062,24.049,True,None,sfc_unique_p3_39,0,None,62.64,20.99,297.0,53,44,0,0,0,False,67.61904761904762,7.159772727272727,6.439545454545454,9.75,0.1973,0.84,0.1689,0.2195,2746.997462715556,220.0,2966.997462715556
0,1763422698.6578996,779.2,194,0.2074,0.7711,0.6348,0.3493,34.454,77.1117,34.9259,0.0,0.0,0.0,3.52,1.35,2.16,None,0.22628235816955566,21.918,True,None,sfc_cache_p4_39,0,None,62.64,25.32,297.0,56,46,0,0,0,False,67.67036450079239,6.935434782608695,6.652391304347826,10.043478260869565,0.1902,0.8318,0.1724,0.2204,2746.997462715556,230.0,2976.997462715556
0,1763422698.6588058,779.2,194,0.2074,0.7711,0.6348,0.3493,34.454,77.1117,34.9259,0.0,0.0,0.0,4.5,0.31,4.18,None,0.22628235816955566,23.137,True,None,sfc_unique_p4_39,0,None,62.64,25.32,297.0,56,46,0,0,0,False,67.72151898734177,6.935434782608695,6.652391304347826,10.043478260869565,0.1902,0.8318,0.1724,0.2204,2746.997462715556,230.0,2976.997462715556
0,1763422698.7344053,779.3,195,0.2166,0.7753,0.649,0.3493,36.7219,77.5325,34.9259,0.0,0.0,0.0,4.51,1.36,3.15,None,0.3087012767791748,19.798,True,None,sfc_cache_p5_39,0,None,66.64,29.65,330.0,60,48,0,0,0,False,67.77251184834124,7.0839583333333325,6.41,9.625,0.1914,0.8309,0.1688,0.2217,2764.757871321035,240.0,3004.757871321035
0,1763422698.7353318,779.3,195,0.2166,0.7753,0.649,0.3493,36.7219,77.5325,34.9259,0.0,0.0,0.0,10.05,3.96,6.1,None,0.3087012767791748,21.663,True,None,sfc_unique_p5_39,0,None,66.64,29.65,330.0,60,48,0,0,0,False,67.82334384858044,7.0839583333333325,6.41,9.625,0.1914,0.8309,0.1688,0.2217,2764.757871321035,240.0,3004.757871321035
0,1763422698.8066418,779.3,196,0.2252,0.7879,0.6635,0.3493,38.6302,78.7925,34.9259,0.0,0.0,0.0,3.48,1.36,2.12,None,0.38520240783691406,19.5,True,None,sfc_cache_p6_39,0,None,70.64,33.98,363.0,64,50,0,0,0,False,67.8740157480315,7.154,6.2536000000000005,9.24,0.1875,0.8267,0.1653,0.2226,2783.2182489715537,250.0,3033.2182489715537
0,1763422698.8075957,779.3,196,0.2252,0.7879,0.6635,0.3493,38.6302,78.7925,34.9259,0.0,0.0,0.0,6.77,2.93,3.85,None,0.38520240783691406,22.233,True,None,sfc_unique_p6_39,0,None,70.64,33.98,363.0,64,50,0,0,0,False,67.9245283018868,7.154,6.2536000000000005,9.24,0.1875,0.8267,0.1653,0.2226,2783.2182489715537,250.0,3033.2182489715537
0,1763422701.9856133,782.5,196,0.2101,0.777,0.6017,0.3493,36.1808,77.7039,34.9259,0.0,0.0,0.0,5.8,0.81,4.99,None,7.939338684082031e-05,19.134,True,None,sfc_cache_p5_35,0,None,66.64,33.98,330.0,61,48,0,0,0,False,67.97488226059654,6.979583333333333,6.424166666666667,9.625,0.18,0.8303,0.1873,0.2225,2765.66120394988,250.0,3015.66120394988
0,1763422701.9865534,782.5,196,0.2101,0.777,0.6017,0.3493,36.1808,77.7039,34.9259,0.0,0.0,0.0,10.24,2.44,7.8,None,7.939338684082031e-05,22.153,True,None,sfc_unique_p5_35,0,None,66.64,33.98,330.0,61,48,0,0,0,False,68.02507836990596,6.979583333333333,6.424166666666667,9.625,0.18,0.8303,0.1873,0.2225,2765.66120394988,250.0,3015.66120394988
0,1763422702.0525608,782.6,196,0.2282,0.7896,0.6365,0.3742,38.9887,78.9638,37.4206,0.0,0.0,0.0,9.16,3.5,5.66,None,0.07097315788269043,18.902,True,None,sfc_cache_p2_35,0,None,66.64,33.98,330.0,62,50,0,0,0,False,68.07511737089203,7.2204,6.2672,9.9,0.1788,0.8348,0.1938,0.2225,2783.3370907406734,250.0,3033.3370907406734
0,1763422702.0534682,782.6,196,0.2282,0.7896,0.6365,0.3742,38.9887,78.9638,37.4206,0.0,0.0,0.0,17.26,7.39,9.86,None,0.07097315788269043,20.979,True,None,sfc_unique_p2_35,0,None,66.64,33.98,330.0,62,50,0,0,0,False,68.125,7.2204,6.2672,9.9,0.1788,0.8348,0.1938,0.2225,2783.3370907406734,250.0,3033.3370907406734
0,1763422717.002694,797.5,196,0.207,0.5847,0.366,0.2495,32.4366,58.4669,24.9471,0.0,0.0,0.0,4.66,0.8,3.87,None,8.726119995117188e-05,21.176,True,None,sfc_cache_p3_35,0,None,49.65,37.98,330.0,50,40,0,0,0,False,68.17472698907956,7.508750000000001,5.8005,8.25,0.1865,0.6618,0.1741,0.2018,2620.595158659281,200.0,2820.595158659281
0,1763422717.0036044,797.5,196,0.207,0.5847,0.366,0.2495,32.4366,58.4669,24.9471,0.0,0.0,0.0,7.77,1.51,6.26,None,8.726119995117188e-05,23.987,True,None,sfc_unique_p3_35,0,None,49.65,37.98,330.0,50,40,0,0,0,False,68.22429906542055,7.508750000000001,5.8005,8.25,0.1865,0.6618,0.1741,0.2018,2620.595158659281,200.0,2820.595158659281
0,1763422722.4351895,803.0,196,0.2114,0.6334,0.3894,0.2744,33.6958,63.3404,27.4418,0.0,0.0,0.0,3.99,2.1,1.89,None,0.00021696090698242188,19.945,True,None,sfc_cache_p1_40,0,None,49.65,37.98,330.0,51,42,0,0,0,False,68.27371695178849,7.428809523809524,5.984761904761905,8.642857142857142,0.1822,0.6736,0.1667,0.1989,2660.0360377801603,210.0,2870.0360377801603
0,1763422722.4357264,803.0,196,0.2114,0.6334,0.3894,0.2744,33.6958,63.3404,27.4418,0.0,0.0,0.0,4.6,1.65,2.95,None,0.00021696090698242188,17.376,True,None,sfc_unique_p1_40,0,None,49.65,37.98,330.0,51,42,0,0,0,False,68.32298136645963,7.428809523809524,5.984761904761905,8.642857142857142,0.1822,0.6736,0.1667,0.1989,2660.0360377801603,210.0,2870.0360377801603
0,1763422722.6441433,803.2,197,0.2148,0.6754,0.4514,0.2744,34.8125,67.5386,27.4418,0.0,0.0,0.0,5.78,2.15,3.63,None,0.07363486289978027,19.496,True,None,sfc_cache_p2_40,0,None,53.65,37.98,363.0,54,44,0,0,0,False,68.37209302325581,7.326136363636365,6.091363636363636,8.25,0.177,0.7076,0.163,0.2106,2700.2189785014107,220.0,2920.2189785014107
0,1763422722.644675,803.2,197,0.2148,0.6754,0.4514,0.2744,34.8125,67.5386,27.4418,0.0,0.0,0.0,9.47,1.57,7.9,None,0.07363486289978027,13.189,True,None,sfc_unique_p2_40,0,None,53.65,37.98,363.0,54,44,0,0,0,False,68.42105263157895,7.326136363636365,6.091363636363636,8.25,0.177,0.7076,0.163,0.2106,2700.2189785014107,220.0,2920.2189785014107
0,1763422722.7088082,803.2,198,0.2182,0.7056,0.5066,0.2744,35.9648,70.5624,27.4418,0.0,0.0,0.0,6.12,2.78,3.34,None,0.28255701065063477,18.95,True,None,sfc_cache_p3_40,0,None,61.98,37.98,396.0,58,46,0,0,0,False,68.46986089644514,7.239565217391304,6.087391304347825,7.891304347826087,0.1714,0.7884,0.1596,0.2164,2720.2238769056853,230.0,2950.2238769056853
0,1763422722.7093234,803.2,198,0.2182,0.7056,0.5066,0.2744,35.9648,70.5624,27.4418,0.0,0.0,0.0,8.99,1.71,7.29,None,0.28255701065063477,13.786,True,None,sfc_unique_p3_40,0,None,61.98,37.98,396.0,58,46,0,0,0,False,68.51851851851852,7.239565217391304,6.087391304347825,7.891304347826087,0.1714,0.7884,0.1596,0.2164,2720.2238769056853,230.0,2950.2238769056853
0,1763422722.775912,803.3,199,0.2182,0.7056,0.5066,0.2744,35.9648,70.5624,27.4418,0.0,0.0,0.0,8.29,2.17,6.12,None,0.34718942642211914,19.206,False,None,sfc_cache_p4_40,0,None,61.98,37.98,396.0,58,46,0,0,0,False,68.41294298921417,7.239565217391304,6.087391304347825,7.891304347826087,0.1714,0.7884,0.1596,0.2164,2720.2238769056853,230.0,2950.2238769056853
0,1763422722.7764556,803.3,199,0.2182,0.7056,0.5066,0.2744,35.9648,70.5624,27.4418,0.0,0.0,0.0,15.97,0,15.97,None,0.34718942642211914,10.423,False,None,sfc_unique_p4_40,0,None,61.98,37.98,396.0,58,46,0,0,0,False,68.3076923076923,7.239565217391304,6.087391304347825,7.891304347826087,0.1714,0.7884,0.1596,0.2164,2720.2238769056853,230.0,2950.2238769056853
0,1763422722.83094,803.4,200,0.2158,0.7585,0.539,0.2744,36.1452,75.8542,27.4418,0.0,0.0,0.0,6.08,2.78,3.31,None,0.41428399085998535,16.678,True,None,sfc_cache_p5_40,0,None,70.31,37.98,429.0,62,48,0,0,0,False,68.3563748079877,6.972708333333333,6.271249999999999,7.5625,0.1665,0.7958,0.1563,0.2193,2730.168289753539,240.0,2970.168289753539
0,1763422722.831484,803.4,200,0.2158,0.7585,0.539,0.2744,36.1452,75.8542,27.4418,0.0,0.0,0.0,4.48,0.36,4.12,None,0.41428399085998535,12.431,True,None,sfc_unique_p5_40,0,None,70.31,37.98,429.0,62,48,0,0,0,False,68.40490797546013,6.972708333333333,6.271249999999999,7.5625,0.1665,0.7958,0.1563,0.2193,2730.168289753539,240.0,2970.168289753539
0,1763422722.889875,803.4,201,0.2158,0.7585,0.539,0.2744,36.1452,75.8542,27.4418,0.0,0.0,0.0,13.95,0,13.95,None,0.4693024158477783,12.293,False,None,sfc_cache_p6_40,0,None,70.31,37.98,429.0,62,48,0,0,0,False,68.30015313935681,6.972708333333333,6.271249999999999,7.5625,0.1665,0.7958,0.1563,0.2193,2730.168289753539,240.0,2970.168289753539
0,1763422722.890414,803.4,201,0.2158,0.7585,0.539,0.2744,36.1452,75.8542,27.4418,0.0,0.0,0.0,14.84,0,14.84,None,0.4693024158477783,11.608,False,None,sfc_unique_p6_40,0,None,70.31,37.98,429.0,62,48,0,0,0,False,68.19571865443424,6.972708333333333,6.271249999999999,7.5625,0.1665,0.7958,0.1563,0.2193,2730.168289753539,240.0,2970.168289753539
0,1763422737.0188427,817.6,201,0.21,0.7812,0.5301,0.2744,35.1732,78.1222,27.4418,0.0,0.0,0.0,4.69,0.94,3.74,None,8.296966552734375e-05,19.623,True,None,sfc_cache_p2_36,0,None,70.31,37.98,429.0,63,48,0,0,0,False,68.24427480916032,6.785208333333333,6.458749999999999,7.5625,0.1677,0.7712,0.1506,0.2191,2749.209703260444,240.0,2989.209703260444
0,1763422737.0197194,817.6,201,0.21,0.7812,0.5301,0.2744,35.1732,78.1222,27.4418,0.0,0.0,0.0,6.42,0.39,6.03,None,8.296966552734375e-05,22.26,True,None,sfc_unique_p2_36,0,None,70.31,37.98,429.0,63,48,0,0,0,False,68.29268292682927,6.785208333333333,6.458749999999999,7.5625,0.1677,0.7712,0.1506,0.2191,2749.209703260444,240.0,2989.209703260444
0,1763422742.0024183,822.5,201,0.2058,0.7367,0.5122,0.2495,34.2002,73.672,24.9471,0.0,0.0,0.0,5.78,1.48,4.3,None,5.626678466796875e-05,12.172,True,None,sfc_cache_p5_36,0,None,70.31,33.65,429.0,62,46,0,0,0,False,68.34094368340944,6.884347826086957,6.355652173913044,7.173913043478261,0.1364,0.7329,0.1369,0.2136,2722.946399233042,240.0,2962.946399233042
0,1763422742.0029607,822.5,201,0.2058,0.7367,0.5122,0.2495,34.2002,73.672,24.9471,0.0,0.0,0.0,8.93,2.61,6.32,None,5.626678466796875e-05,13.591,True,None,sfc_unique_p5_36,0,None,70.31,33.65,429.0,62,46,0,0,0,False,68.38905775075987,6.884347826086957,6.355652173913044,7.173913043478261,0.1364,0.7329,0.1369,0.2136,2722.946399233042,240.0,2962.946399233042
0,1763422742.0787964,822.6,201,0.2084,0.7367,0.5122,0.2495,34.2002,73.672,24.9471,0.0,0.0,0.0,5.86,0.85,5.01,None,0.04318881034851074,19.573,False,None,sfc_cache_p1_36,0,None,70.31,33.65,429.0,62,46,0,0,0,False,68.28528072837634,6.884347826086957,6.355652173913044,7.173913043478261,0.1403,0.7329,0.1398,0.2136,2722.946399233042,230.0,2952.946399233042
0,1763422742.0796962,822.6,201,0.2084,0.7367,0.5122,0.2495,34.2002,73.672,24.9471,0.0,0.0,0.0,17.59,0,17.59,None,0.04318881034851074,22.745,False,None,sfc_unique_p1_36,0,None,70.31,33.65,429.0,62,46,0,0,0,False,68.18181818181817,6.884347826086957,6.355652173913044,7.173913043478261,0.1403,0.7329,0.1398,0.2136,2722.946399233042,230.0,2952.946399233042
0,1763422743.4334548,824.0,201,0.2126,0.7821,0.5656,0.2744,35.6041,78.2078,27.4418,0.0,0.0,0.0,4.66,1.39,3.28,None,0.00016641616821289062,11.771,True,None,sfc_cache_p1_41,0,None,70.31,33.65,429.0,63,48,0,0,0,False,68.22995461422087,6.868333333333333,6.465833333333333,7.5625,0.1387,0.7424,0.1569,0.217,2731.8921135187566,240.0,2971.8921135187566
0,1763422743.4340062,824.0,201,0.2126,0.7821,0.5656,0.2744,35.6041,78.2078,27.4418,0.0,0.0,0.0,8.05,1.55,6.5,None,0.00016641616821289062,13.332,True,None,sfc_unique_p1_41,0,None,70.31,33.65,429.0,63,48,0,0,0,False,68.27794561933534,6.868333333333333,6.465833333333333,7.5625,0.1387,0.7424,0.1569,0.217,2731.8921135187566,240.0,2971.8921135187566
0,1763422743.5169787,824.0,202,0.2126,0.7821,0.5656,0.2744,35.6041,78.2078,27.4418,0.0,0.0,0.0,13.88,0,13.88,None,0.04593014717102051,19.504,False,None,sfc_cache_p2_41,0,None,70.31,33.65,429.0,63,48,0,0,0,False,68.17496229260935,6.868333333333333,6.465833333333333,7.5625,0.1387,0.7424,0.1569,0.217,2731.8921135187566,240.0,2971.8921135187566
0,1763422743.5178912,824.0,202,0.2126,0.7821,0.5656,0.2744,35.6041,78.2078,27.4418,0.0,0.0,0.0,20.11,11.17,8.93,None,0.04593014717102051,20.07,False,None,sfc_unique_p2_41,0,None,70.31,33.65,429.0,63,48,0,0,0,False,68.07228915662651,6.868333333333333,6.465833333333333,7.5625,0.1387,0.7424,0.1569,0.217,2731.8921135187566,240.0,2971.8921135187566
0,1763422743.6006484,824.1,203,0.2126,0.7821,0.5656,0.2744,35.6041,78.2078,27.4418,0.0,0.0,0.0,14.0,0,14.0,None,0.13013029098510742,15.467,False,None,sfc_cache_p3_41,0,None,70.31,33.65,429.0,63,48,0,0,0,False,67.96992481203009,6.868333333333333,6.465833333333333,7.5625,0.1387,0.7424,0.1569,0.217,2731.8921135187566,240.0,2971.8921135187566
0,1763422743.6015894,824.1,203,0.2126,0.7821,0.5656,0.2744,35.6041,78.2078,27.4418,0.0,0.0,0.0,14.94,0,14.94,None,0.13013029098510742,20.828,False,None,sfc_unique_p3_41,0,None,70.31,33.65,429.0,63,48,0,0,0,False,67.86786786786787,6.868333333333333,6.465833333333333,7.5625,0.1387,0.7424,0.1569,0.217,2731.8921135187566,240.0,2971.8921135187566
0,1763422743.796119,824.3,204,0.2185,0.8199,0.5972,0.2994,37.3321,81.9877,29.9365,0.0,0.0,0.0,4.44,1.85,2.59,None,0.21380066871643066,18.263,True,None,sfc_cache_p4_41,0,None,70.31,33.65,429.0,63,50,0,0,0,False,67.9160419790105,6.9136,6.5072,7.92,0.1467,0.7933,0.1734,0.2214,2757.9554928184157,250.0,3007.9554928184157
0,1763422743.7966757,824.3,204,0.2185,0.8199,0.5972,0.2994,37.3321,81.9877,29.9365,0.0,0.0,0.0,8.85,4.69,4.16,None,0.21380066871643066,12.039,True,None,sfc_unique_p4_41,0,None,70.31,33.65,429.0,63,50,0,0,0,False,67.96407185628742,6.9136,6.5072,7.92,0.1467,0.7933,0.1734,0.2214,2757.9554928184157,250.0,3007.9554928184157
0,1763422743.87991,824.4,205,0.2185,0.8199,0.5972,0.2994,37.3321,81.9877,29.9365,0.0,0.0,0.0,14.0,0,14.0,None,0.40853047370910645,15.398,False,None,sfc_cache_p5_41,0,None,70.31,33.65,429.0,63,50,0,0,0,False,67.86248131539611,6.9136,6.5072,7.92,0.1467,0.7933,0.1734,0.2214,2757.9554928184157,250.0,3007.9554928184157
0,1763422743.8808322,824.4,205,0.2185,0.8199,0.5972,0.2994,37.3321,81.9877,29.9365,0.0,0.0,0.0,14.94,0,14.94,None,0.40853047370910645,19.835,False,None,sfc_unique_p5_41,0,None,70.31,33.65,429.0,63,50,0,0,0,False,67.76119402985074,6.9136,6.5072,7.92,0.1467,0.7933,0.1734,0.2214,2757.9554928184157,250.0,3007.9554928184157
0,1763422743.9532378,824.5,206,0.2185,0.8199,0.5972,0.2994,37.3321,81.9877,29.9365,0.0,0.0,0.0,13.98,0,13.98,None,0.49300718307495117,15.158,False,None,sfc_cache_p6_41,0,None,70.31,33.65,429.0,63,50,0,0,0,False,67.6602086438152,6.9136,6.5072,7.92,0.1467,0.7933,0.1734,0.2214,2757.9554928184157,250.0,3007.9554928184157
0,1763422743.954199,824.5,206,0.2185,0.8199,0.5972,0.2994,37.3321,81.9877,29.9365,0.0,0.0,0.0,7.68,2.22,5.46,None,0.49300718307495117,19.067,False,None,sfc_unique_p6_41,0,None,70.31,33.65,429.0,63,50,0,0,0,False,67.55952380952381,6.9136,6.5072,7.92,0.1467,0.7933,0.1734,0.2214,2757.9554928184157,250.0,3007.9554928184157
0,1763422747.0279727,827.6,206,0.1862,0.6628,0.4677,0.2495,29.5564,66.2786,24.9471,0.0,0.0,0.0,5.49,1.99,3.5,None,8.296966552734375e-05,20.513,True,None,sfc_cache_p3_37,0,None,53.65,29.65,330.0,51,40,0,0,0,False,67.60772659732541,6.8420000000000005,6.5755,8.25,0.1283,0.7681,0.1445,0.2239,2694.1127757215745,210.0,2904.1127757215745
0,1763422747.0285287,827.6,206,0.1862,0.6628,0.4677,0.2495,29.5564,66.2786,24.9471,0.0,0.0,0.0,10.25,3.96,6.29,None,8.296966552734375e-05,14.181,True,None,sfc_unique_p3_37,0,None,53.65,29.65,330.0,51,40,0,0,0,False,67.65578635014838,6.8420000000000005,6.5755,8.25,0.1283,0.7681,0.1445,0.2239,2694.1127757215745,210.0,2904.1127757215745
0,1763422747.0869875,827.6,206,0.2008,0.6628,0.4755,0.2495,32.0046,66.2786,24.9471,0.0,0.0,0.0,5.92,2.63,3.29,None,0.06088447570800781,20.25,True,None,sfc_cache_p2_37,0,None,61.98,29.65,363.0,55,42,0,0,0,False,67.7037037037037,7.055952380952381,6.262380952380952,7.857142857142857,0.1283,0.7681,0.1445,0.2244,2699.3364253114214,210.0,2909.3364253114214
0,1763422747.0875206,827.6,206,0.2008,0.6628,0.4755,0.2495,32.0046,66.2786,24.9471,0.0,0.0,0.0,9.81,3.54,6.26,None,0.06088447570800781,14.494,True,None,sfc_unique_p2_37,0,None,61.98,29.65,363.0,55,42,0,0,0,False,67.75147928994083,7.055952380952381,6.262380952380952,7.857142857142857,0.1283,0.7681,0.1445,0.2244,2699.3364253114214,210.0,2909.3364253114214
0,1763422752.017399,832.5,206,0.1975,0.6913,0.473,0.2744,31.213,69.1337,27.4418,0.0,0.0,0.0,5.47,1.45,4.02,None,9.298324584960938e-05,12.986,True,None,sfc_cache_p6_37,0,None,57.98,29.65,330.0,54,42,0,0,0,False,67.79911373707533,6.881428571428571,6.5321428571428575,8.642857142857142,0.1165,0.7567,0.1667,0.2217,2690.1934164892577,210.0,2900.1934164892577
0,1763422752.0179708,832.5,206,0.1975,0.6913,0.473,0.2744,31.213,69.1337,27.4418,0.0,0.0,0.0,7.34,0.32,7.03,None,9.298324584960938e-05,14.709,True,None,sfc_unique_p6_37,0,None,57.98,29.65,330.0,54,42,0,0,0,False,67.84660766961652,6.881428571428571,6.5321428571428575,8.642857142857142,0.1165,0.7567,0.1667,0.2217,2690.1934164892577,210.0,2900.1934164892577
0,1763422754.4883022,835.0,206,0.2017,0.7443,0.4946,0.2994,32.293,74.4255,29.9365,0.0,0.0,0.0,6.16,3.69,2.47,None,0.0002002716064453125,20.538,True,None,sfc_cache_p1_42,0,None,57.98,29.65,330.0,55,44,0,0,0,False,67.8939617083947,6.795909090909091,6.7125,9.0,0.1215,0.7619,0.1614,0.2205,2700.508101193512,220.0,2920.508101193512
0,1763422754.489215,835.0,206,0.2017,0.7443,0.4946,0.2994,32.293,74.4255,29.9365,0.0,0.0,0.0,3.61,0.24,3.37,None,0.0002002716064453125,24.266,True,None,sfc_unique_p1_42,0,None,57.98,29.65,330.0,55,44,0,0,0,False,67.94117647058823,6.795909090909091,6.7125,9.0,0.1215,0.7619,0.1614,0.2205,2700.508101193512,220.0,2920.508101193512
0,1763422754.549677,835.1,207,0.211,0.7778,0.5179,0.3243,34.2013,77.7845,32.4312,0.0,0.0,0.0,2.4,0.17,2.23,None,0.07553362846374512,14.151,True,None,sfc_cache_p2_42,0,None,57.98,29.65,330.0,57,46,0,0,0,False,67.98825256975036,6.884565217391304,6.710434782608695,9.326086956521738,0.1204,0.7574,0.1793,0.2164,2705.5402169650642,230.0,2935.5402169650642
0,1763422754.550358,835.1,207,0.211,0.7778,0.5179,0.3243,34.2013,77.7845,32.4312,0.0,0.0,0.0,6.58,2.6,3.98,None,0.07553362846374512,17.351,True,None,sfc_unique_p2_42,0,None,57.98,29.65,330.0,57,46,0,0,0,False,68.03519061583577,6.884565217391304,6.710434782608695,9.326086956521738,0.1204,0.7574,0.1793,0.2164,2705.5402169650642,230.0,2935.5402169650642
0,1763422754.6400895,835.2,208,0.211,0.7778,0.5179,0.3243,34.2013,77.7845,32.4312,0.0,0.0,0.0,13.79,0,13.79,None,0.1364295482635498,26.892,False,None,sfc_cache_p3_42,0,None,57.98,29.65,330.0,57,46,0,0,0,False,67.93557833089312,6.884565217391304,6.710434782608695,9.326086956521738,0.1204,0.7574,0.1793,0.2164,2705.5402169650642,230.0,2935.5402169650642
0,1763422754.64076,835.2,208,0.211,0.7778,0.5179,0.3243,34.2013,77.7845,32.4312,0.0,0.0,0.0,7.6,2.85,4.76,None,0.1364295482635498,17.302,False,None,sfc_unique_p3_42,0,None,57.98,29.65,330.0,57,46,0,0,0,False,67.83625730994152,6.884565217391304,6.710434782608695,9.326086956521738,0.1204,0.7574,0.1793,0.2164,2705.5402169650642,230.0,2935.5402169650642
0,1763422754.7252386,835.3,209,0.211,0.7778,0.5179,0.3243,34.2013,77.7845,32.4312,0.0,0.0,0.0,5.6,1.47,4.13,None,0.2268049716949463,19.414,False,None,sfc_cache_p4_42,0,None,57.98,29.65,330.0,57,46,0,0,0,False,67.73722627737226,6.884565217391304,6.710434782608695,9.326086956521738,0.1204,0.7574,0.1793,0.2164,2705.5402169650642,230.0,2935.5402169650642
0,1763422754.7257912,835.3,209,0.211,0.7778,0.5179,0.3243,34.2013,77.7845,32.4312,0.0,0.0,0.0,15.59,0,15.59,None,0.2268049716949463,22.232,False,None,sfc_unique_p4_42,0,None,57.98,29.65,330.0,57,46,0,0,0,False,67.63848396501457,6.884565217391304,6.710434782608695,9.326086956521738,0.1204,0.7574,0.1793,0.2164,2705.5402169650642,230.0,2935.5402169650642
0,1763422754.7875023,835.3,210,0.211,0.7778,0.5179,0.3243,34.2013,77.7845,32.4312,0.0,0.0,0.0,6.11,2.11,4.0,None,0.3116769790649414,16.566,False,None,sfc_cache_p5_42,0,None,57.98,29.65,330.0,57,46,0,0,0,False,67.54002911208151,6.884565217391304,6.710434782608695,9.326086956521738,0.1204,0.7574,0.1793,0.2164,2705.5402169650642,230.0,2935.5402169650642
0,1763422754.7880752,835.3,210,0.211,0.7778,0.5179,0.3243,34.2013,77.7845,32.4312,0.0,0.0,0.0,15.59,0,15.59,None,0.3116769790649414,12.369,False,None,sfc_unique_p5_42,0,None,57.98,29.65,330.0,57,46,0,0,0,False,67.44186046511628,6.884565217391304,6.710434782608695,9.326086956521738,0.1204,0.7574,0.1793,0.2164,2705.5402169650642,230.0,2935.5402169650642
0,1763422754.9340875,835.5,211,0.211,0.7778,0.5179,0.3243,34.2013,77.7845,32.4312,0.0,0.0,0.0,5.79,2.11,3.68,None,0.37393903732299805,11.588,False,None,sfc_cache_p6_42,0,None,57.98,29.65,330.0,57,46,0,0,0,False,67.34397677793905,6.884565217391304,6.710434782608695,9.326086956521738,0.1204,0.7574,0.1793,0.2164,2705.5402169650642,230.0,2935.5402169650642
0,1763422754.9346526,835.5,211,0.211,0.7778,0.5179,0.3243,34.2013,77.7845,32.4312,0.0,0.0,0.0,14.96,0,14.96,None,0.37393903732299805,12.348,False,None,sfc_unique_p6_42,0,None,57.98,29.65,330.0,57,46,0,0,0,False,67.2463768115942,6.884565217391304,6.710434782608695,9.326086956521738,0.1204,0.7574,0.1793,0.2164,2705.5402169650642,230.0,2935.5402169650642
0,1763422757.0488365,837.6,211,0.2188,0.7552,0.5071,0.3243,35.1732,75.5166,32.4312,0.0,0.0,0.0,6.02,2.63,3.39,None,8.58306884765625e-05,20.408,True,None,sfc_cache_p5_37,0,None,57.98,29.65,330.0,57,46,0,0,0,False,67.29377713458756,7.080217391304347,6.514782608695652,9.326086956521738,0.1188,0.7498,0.1793,0.2164,2700.220216965064,230.0,2930.220216965064
0,1763422757.049759,837.6,211,0.2188,0.7552,0.5071,0.3243,35.1732,75.5166,32.4312,0.0,0.0,0.0,10.66,4.11,6.56,None,8.58306884765625e-05,22.31,True,None,sfc_unique_p5_37,0,None,57.98,29.65,330.0,57,46,0,0,0,False,67.34104046242774,7.080217391304347,6.514782608695652,9.326086956521738,0.1188,0.7498,0.1793,0.2164,2700.220216965064,230.0,2930.220216965064
0,1763422762.0594692,842.6,211,0.193,0.6838,0.4596,0.2994,29.9894,68.3752,29.9365,0.0,0.0,0.0,4.47,1.44,3.03,None,7.677078247070312e-05,20.927,True,None,sfc_cache_p5_39,0,None,45.65,25.32,264.0,48,40,0,0,0,False,67.38816738816739,6.94225,6.783499999999999,9.9,0.1204,0.7378,0.1726,0.2185,2674.791295745439,210.0,2884.791295745439
0,1763422762.060397,842.6,211,0.193,0.6838,0.4596,0.2994,29.9894,68.3752,29.9365,0.0,0.0,0.0,8.4,2.85,5.55,None,7.677078247070312e-05,24.155,True,None,sfc_unique_p5_39,0,None,45.65,25.32,264.0,48,40,0,0,0,False,67.43515850144092,6.94225,6.783499999999999,9.9,0.1204,0.7378,0.1726,0.2185,2674.791295745439,210.0,2884.791295745439
0,1763422762.1299765,842.7,211,0.1974,0.7283,0.4825,0.2994,30.5294,72.8278,29.9365,0.0,0.0,0.0,7.3,3.82,3.48,None,0.07412862777709961,20.35,True,None,sfc_cache_p4_37,0,None,53.98,25.32,297.0,51,42,0,0,0,False,67.4820143884892,6.730714285714286,6.881190476190476,9.428571428571429,0.1185,0.7415,0.1726,0.2138,2680.1112957454393,210.0,2890.1112957454393
0,1763422762.1308708,842.7,211,0.1974,0.7283,0.4825,0.2994,30.5294,72.8278,29.9365,0.0,0.0,0.0,9.24,1.56,7.69,None,0.07412862777709961,23.499,True,None,sfc_unique_p4_37,0,None,53.98,25.32,297.0,51,42,0,0,0,False,67.52873563218391,6.730714285714286,6.881190476190476,9.428571428571429,0.1185,0.7415,0.1726,0.2138,2680.1112957454393,210.0,2890.1112957454393
0,1763422777.0729814,857.6,211,0.1271,0.572,0.3899,0.2245,17.8571,57.2019,22.4524,0.0,0.0,0.0,3.8,1.35,2.44,None,7.963180541992188e-05,21.312,True,None,sfc_cache_p5_39,0,None,24.66,16.99,165.0,30,28,0,0,0,False,67.57532281205165,5.9053571428571425,8.107142857142858,10.607142857142858,0.1722,0.7403,0.149,0.2191,2582.2372050474046,150.0,2732.2372050474046
0,1763422777.0738795,857.6,211,0.1271,0.572,0.3899,0.2245,17.8571,57.2019,22.4524,0.0,0.0,0.0,5.64,1.41,4.23,None,7.963180541992188e-05,25.449,True,None,sfc_unique_p5_39,0,None,24.66,16.99,165.0,30,28,0,0,0,False,67.621776504298,5.9053571428571425,8.107142857142858,10.607142857142858,0.1722,0.7403,0.149,0.2191,2582.2372050474046,150.0,2732.2372050474046
0,1763422777.1255848,857.7,211,0.1463,0.5871,0.396,0.2495,20.557,58.7138,24.9471,0.0,0.0,0.0,3.5,1.35,2.14,None,0.07480239868164062,15.484,True,None,sfc_cache_p1_39,0,None,24.66,16.99,165.0,32,30,0,0,0,False,67.66809728183118,6.345,7.766666666666667,11.0,0.1719,0.73,0.1481,0.2221,2605.2290019828633,150.0,2755.2290019828633
0,1763422777.126147,857.7,211,0.1463,0.5871,0.396,0.2495,20.557,58.7138,24.9471,0.0,0.0,0.0,8.01,3.96,4.05,None,0.07480239868164062,14.75,True,None,sfc_unique_p1_39,0,None,24.66,16.99,165.0,32,30,0,0,0,False,67.71428571428572,6.345,7.766666666666667,11.0,0.1719,0.73,0.1481,0.2221,2605.2290019828633,150.0,2755.2290019828633
0,1763422781.514516,862.0,211,0.1607,0.6081,0.4043,0.2744,23.0053,60.8129,27.4418,0.0,0.0,0.0,2.61,0.82,1.8,None,7.653236389160156e-05,22.052,True,None,sfc_cache_p1_43,0,None,24.66,16.99,165.0,33,32,0,0,0,False,67.76034236804564,6.656875,7.5415625,11.34375,0.1565,0.7272,0.1693,0.2255,2628.9130292232285,160.0,2788.9130292232285
0,1763422781.5154448,862.0,211,0.1607,0.6081,0.4043,0.2744,23.0053,60.8129,27.4418,0.0,0.0,0.0,6.4,3.96,2.45,None,7.653236389160156e-05,24.933,True,None,sfc_unique_p1_43,0,None,24.66,16.99,165.0,33,32,0,0,0,False,67.80626780626781,6.656875,7.5415625,11.34375,0.1565,0.7272,0.1693,0.2255,2628.9130292232285,160.0,2788.9130292232285
0,1763422781.5956337,862.1,212,0.1785,0.6081,0.4126,0.2744,25.9212,60.8129,27.4418,0.0,0.0,0.0,3.57,1.45,2.12,None,0.08078432083129883,20.739,True,None,sfc_cache_p2_43,0,None,24.66,20.99,198.0,36,34,0,0,0,False,67.85206258890469,7.0594117647058825,7.097941176470589,10.676470588235293,0.1373,0.7272,0.1651,0.2283,2631.145268814623,170.0,2801.145268814623
0,1763422781.5965366,862.1,212,0.1785,0.6081,0.4126,0.2744,25.9212,60.8129,27.4418,0.0,0.0,0.0,7.05,3.96,3.09,None,0.08078432083129883,24.699,True,None,sfc_unique_p2_43,0,None,24.66,20.99,198.0,36,34,0,0,0,False,67.89772727272727,7.0594117647058825,7.097941176470589,10.676470588235293,0.1373,0.7272,0.1651,0.2283,2631.145268814623,170.0,2801.145268814623
0,1763422781.6614716,862.2,213,0.1861,0.6308,0.4263,0.2744,27.3975,63.0808,27.4418,0.0,0.0,0.0,3.21,1.45,1.77,None,0.16178131103515625,20.348,True,None,sfc_cache_p3_43,0,None,28.99,24.99,231.0,40,36,0,0,0,False,67.94326241134752,7.046944444444445,6.953611111111112,10.083333333333334,0.126,0.7173,0.1612,0.2285,2631.145268814623,180.0,2811.145268814623
0,1763422781.6620047,862.2,213,0.1861,0.6308,0.4263,0.2744,27.3975,63.0808,27.4418,0.0,0.0,0.0,5.64,2.77,2.87,None,0.16178131103515625,15.043,True,None,sfc_unique_p3_43,0,None,28.99,24.99,231.0,40,36,0,0,0,False,67.98866855524079,7.046944444444445,6.953611111111112,10.083333333333334,0.126,0.7173,0.1612,0.2285,2631.145268814623,180.0,2811.145268814623
0,1763422781.7270594,862.3,214,0.1913,0.6711,0.4525,0.2994,28.5498,67.1127,29.9365,0.0,0.0,0.0,3.6,1.44,2.16,None,0.22689127922058105,18.893,True,None,sfc_cache_p4_43,0,None,33.32,24.99,231.0,43,38,0,0,0,False,68.03394625176803,6.956842105263158,7.008684210526315,10.421052631578947,0.1265,0.745,0.1807,0.2255,2663.479730972184,190.0,2853.479730972184
0,1763422781.727604,862.3,214,0.1913,0.6711,0.4525,0.2994,28.5498,67.1127,29.9365,0.0,0.0,0.0,5.82,1.43,4.4,None,0.22689127922058105,14.167,True,None,sfc_unique_p4_43,0,None,33.32,24.99,231.0,43,38,0,0,0,False,68.07909604519774,6.956842105263158,7.008684210526315,10.421052631578947,0.1265,0.745,0.1807,0.2255,2663.479730972184,190.0,2853.479730972184
0,1763422781.778483,862.3,215,0.1906,0.7157,0.4822,0.2994,29.0898,71.5654,29.9365,0.0,0.0,0.0,3.6,1.44,2.16,None,0.29248976707458496,12.409,True,None,sfc_cache_p5_43,0,None,37.65,28.99,264.0,47,40,0,0,0,False,68.12411847672779,6.734,7.1,9.9,0.1296,0.7751,0.1766,0.2251,2689.735485542993,200.0,2889.735485542993
0,1763422781.7790124,862.3,215,0.1906,0.7157,0.4822,0.2994,29.0898,71.5654,29.9365,0.0,0.0,0.0,9.94,4.53,5.4,None,0.29248976707458496,14.108,True,None,sfc_unique_p5_43,0,None,37.65,28.99,264.0,47,40,0,0,0,False,68.16901408450704,6.734,7.1,9.9,0.1296,0.7751,0.1766,0.2251,2689.735485542993,200.0,2889.735485542993
0,1763422781.8348422,862.4,216,0.2021,0.7157,0.502,0.2994,31.5381,71.5654,29.9365,0.0,0.0,0.0,3.79,1.48,2.31,None,0.3438401222229004,15.216,True,None,sfc_cache_p6_43,0,None,41.98,32.99,297.0,51,42,0,0,0,False,68.21378340365682,6.953095238095237,6.761904761904762,9.428571428571429,0.1301,0.7751,0.1726,0.2219,2699.5871602500033,210.0,2909.5871602500033
0,1763422781.835388,862.4,216,0.2021,0.7157,0.502,0.2994,31.5381,71.5654,29.9365,0.0,0.0,0.0,10.86,7.03,3.82,None,0.3438401222229004,14.056,True,None,sfc_unique_p6_43,0,None,41.98,32.99,297.0,51,42,0,0,0,False,68.25842696629213,6.953095238095237,6.761904761904762,9.428571428571429,0.1301,0.7751,0.1726,0.2219,2699.5871602500033,210.0,2909.5871602500033
0,1763422782.147272,862.7,216,0.2134,0.6779,0.4935,0.2994,33.158,67.7855,29.9365,0.0,0.0,0.0,5.63,2.55,3.08,None,8.654594421386719e-05,15.095,True,None,sfc_cache_p4_41,0,None,41.98,32.99,297.0,53,42,0,0,0,False,68.30294530154278,7.310238095238095,6.404761904761905,9.428571428571429,0.1231,0.7145,0.1662,0.2139,2670.9853473989274,210.0,2880.9853473989274
0,1763422782.1478086,862.7,216,0.2134,0.6779,0.4935,0.2994,33.158,67.7855,29.9365,0.0,0.0,0.0,11.03,6.0,5.03,None,8.654594421386719e-05,13.858,True,None,sfc_unique_p4_41,0,None,41.98,32.99,297.0,53,42,0,0,0,False,68.34733893557423,7.310238095238095,6.404761904761905,9.428571428571429,0.1231,0.7145,0.1662,0.2139,2670.9853473989274,210.0,2880.9853473989274
0,1763422787.0873837,867.6,216,0.2153,0.6779,0.4751,0.2994,33.158,67.7855,29.9365,0.0,0.0,0.0,4.09,0.99,3.1,None,8.273124694824219e-05,19.981,True,None,sfc_cache_p1_41,0,None,41.98,32.99,297.0,53,42,0,0,0,False,68.3916083916084,7.310238095238095,6.404761904761905,9.428571428571429,0.1209,0.7106,0.1598,0.2063,2661.563703690523,210.0,2871.563703690523
0,1763422787.088298,867.6,216,0.2153,0.6779,0.4751,0.2994,33.158,67.7855,29.9365,0.0,0.0,0.0,8.27,1.65,6.61,None,8.273124694824219e-05,22.07,True,None,sfc_unique_p1_41,0,None,41.98,32.99,297.0,53,42,0,0,0,False,68.43575418994413,7.310238095238095,6.404761904761905,9.428571428571429,0.1209,0.7106,0.1598,0.2063,2661.563703690523,210.0,2871.563703690523
0,1763422797.0944693,877.6,216,0.2251,0.6602,0.4848,0.3243,34.8136,66.0216,32.4312,0.0,0.0,0.0,5.5,1.62,3.87,None,8.487701416015625e-05,18.81,True,None,sfc_cache_p5_40,0,None,33.65,32.99,264.0,51,42,0,0,0,False,68.47977684797767,7.675238095238096,6.238095238095238,10.214285714285714,0.1211,0.6846,0.1668,0.2069,2647.891270412396,210.0,2857.891270412396
0,1763422797.095364,877.6,216,0.2251,0.6602,0.4848,0.3243,34.8136,66.0216,32.4312,0.0,0.0,0.0,7.7,1.62,6.08,None,8.487701416015625e-05,20.959,True,None,sfc_unique_p5_40,0,None,33.65,32.99,264.0,51,42,0,0,0,False,68.52367688022284,7.675238095238096,6.238095238095238,10.214285714285714,0.1211,0.6846,0.1668,0.2069,2647.891270412396,210.0,2857.891270412396
0,1763422802.089364,882.6,216,0.2246,0.6795,0.4958,0.3493,34.886,67.9518,34.9259,0.0,0.0,0.0,5.07,1.27,3.8,None,8.654594421386719e-05,12.408,True,None,sfc_cache_p1_40,0,None,25.32,32.99,231.0,48,42,0,0,0,False,68.56745479833101,7.691190476190475,6.420476190476191,11.0,0.1234,0.7071,0.1739,0.2073,2647.4170014715355,210.0,2857.4170014715355
0,1763422802.0899131,882.6,216,0.2246,0.6795,0.4958,0.3493,34.886,67.9518,34.9259,0.0,0.0,0.0,4.51,0.47,4.04,None,8.654594421386719e-05,14.106,True,None,sfc_unique_p1_40,0,None,25.32,32.99,231.0,48,42,0,0,0,False,68.61111111111111,7.691190476190475,6.420476190476191,11.0,0.1234,0.7071,0.1739,0.2073,2647.4170014715355,210.0,2857.4170014715355
0,1763422807.1208775,887.7,216,0.1914,0.5846,0.3631,0.2994,29.3414,58.4618,29.9365,0.0,0.0,0.0,3.38,1.35,2.02,None,7.677078247070312e-05,20.466,True,None,sfc_cache_p3_40,0,None,21.32,32.99,198.0,43,36,0,0,0,False,68.65464632454923,7.546944444444445,6.444444444444445,11.0,0.1196,0.6093,0.1717,0.1724,2597.2886438067753,200.0,2797.2886438067753
0,1763422807.1217763,887.7,216,0.1914,0.5846,0.3631,0.2994,29.3414,58.4618,29.9365,0.0,0.0,0.0,7.19,3.96,3.24,None,7.677078247070312e-05,23.353,True,None,sfc_unique_p3_40,0,None,21.32,32.99,198.0,43,36,0,0,0,False,68.69806094182826,7.546944444444445,6.444444444444445,11.0,0.1196,0.6093,0.1717,0.1724,2597.2886438067753,200.0,2797.2886438067753
0,1763422807.1888871,887.7,216,0.1954,0.6484,0.3946,0.3243,29.9538,64.8448,32.4312,0.0,0.0,0.0,4.98,2.07,2.91,None,0.07290959358215332,19.528,True,None,sfc_cache_p2_40,0,None,21.32,32.99,198.0,45,38,0,0,0,False,68.74135546334716,7.298947368421053,6.771842105263158,11.289473684210526,0.1189,0.6497,0.1786,0.1783,2619.574667642095,200.0,2819.574667642095
0,1763422807.1897774,887.7,216,0.1954,0.6484,0.3946,0.3243,29.9538,64.8448,32.4312,0.0,0.0,0.0,5.32,0.32,5.01,None,0.07290959358215332,21.532,True,None,sfc_unique_p2_40,0,None,21.32,32.99,198.0,45,38,0,0,0,False,68.78453038674033,7.298947368421053,6.771842105263158,11.289473684210526,0.1189,0.6497,0.1786,0.1783,2619.574667642095,200.0,2819.574667642095
0,1763422807.2561486,887.8,216,0.212,0.6703,0.4596,0.3493,32.3653,67.0295,34.9259,0.0,0.0,0.0,10.25,3.69,6.56,None,0.14407801628112793,18.885,True,None,sfc_cache_p1_39,0,None,21.32,32.99,198.0,47,40,0,0,0,False,68.82758620689656,7.49225,6.65,11.55,0.1299,0.6468,0.1778,0.1983,2626.6958328109827,200.0,2826.6958328109827
0,1763422807.2570388,887.8,216,0.212,0.6703,0.4596,0.3493,32.3653,67.0295,34.9259,0.0,0.0,0.0,14.18,4.59,9.59,None,0.14407801628112793,21.232,True,None,sfc_unique_p1_39,0,None,21.32,32.99,198.0,47,40,0,0,0,False,68.87052341597796,7.49225,6.65,11.55,0.1299,0.6468,0.1778,0.1983,2626.6958328109827,200.0,2826.6958328109827
0,1763422808.5398216,889.1,216,0.212,0.6703,0.4596,0.3493,32.3653,67.0295,34.9259,0.0,0.0,0.0,6.59,1.88,4.71,None,0.00011992454528808594,18.649,False,None,sfc_cache_p1_44,0,None,21.32,32.99,198.0,47,40,0,0,0,False,68.7757909215956,7.49225,6.65,11.55,0.1299,0.6468,0.1778,0.1983,2626.6958328109827,200.0,2826.6958328109827
0,1763422808.5407412,889.1,216,0.212,0.6703,0.4596,0.3493,32.3653,67.0295,34.9259,0.0,0.0,0.0,14.18,0,14.18,None,0.00011992454528808594,20.995,False,None,sfc_unique_p1_44,0,None,21.32,32.99,198.0,47,40,0,0,0,False,68.68131868131869,7.49225,6.65,11.55,0.1299,0.6468,0.1778,0.1983,2626.6958328109827,200.0,2826.6958328109827
0,1763422808.6216822,889.2,217,0.212,0.6703,0.4596,0.3493,32.3653,67.0295,34.9259,0.0,0.0,0.0,6.95,2.05,4.9,None,0.08008003234863281,19.032,False,None,sfc_cache_p2_44,0,None,21.32,32.99,198.0,47,40,0,0,0,False,68.58710562414267,7.49225,6.65,11.55,0.1299,0.6468,0.1778,0.1983,2626.6958328109827,200.0,2826.6958328109827
0,1763422808.6226065,889.2,217,0.212,0.6703,0.4596,0.3493,32.3653,67.0295,34.9259,0.0,0.0,0.0,14.3,0,14.3,None,0.08008003234863281,21.325,False,None,sfc_unique_p2_44,0,None,21.32,32.99,198.0,47,40,0,0,0,False,68.4931506849315,7.49225,6.65,11.55,0.1299,0.6468,0.1778,0.1983,2626.6958328109827,200.0,2826.6958328109827
0,1763422808.7084823,889.2,218,0.212,0.6703,0.4596,0.3493,32.3653,67.0295,34.9259,0.0,0.0,0.0,5.64,1.26,4.39,None,0.16190433502197266,18.424,False,None,sfc_cache_p3_44,0,None,21.32,32.99,198.0,47,40,0,0,0,False,68.39945280437757,7.49225,6.65,11.55,0.1299,0.6468,0.1778,0.1983,2626.6958328109827,200.0,2826.6958328109827
0,1763422808.7094045,889.2,218,0.212,0.6703,0.4596,0.3493,32.3653,67.0295,34.9259,0.0,0.0,0.0,14.67,0,14.67,None,0.16190433502197266,22.456,False,None,sfc_unique_p3_44,0,None,21.32,32.99,198.0,47,40,0,0,0,False,68.30601092896174,7.49225,6.65,11.55,0.1299,0.6468,0.1778,0.1983,2626.6958328109827,200.0,2826.6958328109827
0,1763422808.7906334,889.3,219,0.212,0.6703,0.4596,0.3493,32.3653,67.0295,34.9259,0.0,0.0,0.0,2.96,1.21,1.76,None,0.2486412525177002,18.329,False,None,sfc_cache_p4_44,0,None,21.32,32.99,198.0,47,40,0,0,0,False,68.21282401091405,7.49225,6.65,11.55,0.1299,0.6468,0.1778,0.1983,2626.6958328109827,200.0,2826.6958328109827
0,1763422808.7915654,889.3,219,0.212,0.6703,0.4596,0.3493,32.3653,67.0295,34.9259,0.0,0.0,0.0,15.52,0,15.52,None,0.2486412525177002,21.187,False,None,sfc_unique_p4_44,0,None,21.32,32.99,198.0,47,40,0,0,0,False,68.11989100817438,7.49225,6.65,11.55,0.1299,0.6468,0.1778,0.1983,2626.6958328109827,200.0,2826.6958328109827
0,1763422809.0237343,889.6,220,0.212,0.6703,0.4596,0.3493,32.3653,67.0295,34.9259,0.0,0.0,0.0,10.27,1.86,8.4,None,0.3307535648345947,18.724,False,None,sfc_cache_p5_44,0,None,21.32,32.99,198.0,47,40,0,0,0,False,68.02721088435374,7.49225,6.65,11.55,0.1299,0.6468,0.1778,0.1983,2626.6958328109827,200.0,2826.6958328109827
0,1763422809.0246584,889.6,220,0.212,0.6703,0.4596,0.3493,32.3653,67.0295,34.9259,0.0,0.0,0.0,14.93,0,14.93,None,0.3307535648345947,21.083,False,None,sfc_unique_p5_44,0,None,21.32,32.99,198.0,47,40,0,0,0,False,67.93478260869566,7.49225,6.65,11.55,0.1299,0.6468,0.1778,0.1983,2626.6958328109827,200.0,2826.6958328109827
0,1763422809.1084156,889.6,221,0.212,0.6703,0.4596,0.3493,32.3653,67.0295,34.9259,0.0,0.0,0.0,7.3,1.44,5.86,None,0.5638391971588135,18.556,False,None,sfc_cache_p6_44,0,None,21.32,32.99,198.0,47,40,0,0,0,False,67.84260515603799,7.49225,6.65,11.55,0.1299,0.6468,0.1778,0.1983,2626.6958328109827,200.0,2826.6958328109827
0,1763422809.1093585,889.6,221,0.212,0.6703,0.4596,0.3493,32.3653,67.0295,34.9259,0.0,0.0,0.0,14.18,0,14.18,None,0.5638391971588135,21.06,False,None,sfc_unique_p6_44,0,None,21.32,32.99,198.0,47,40,0,0,0,False,67.75067750677508,7.49225,6.65,11.55,0.1299,0.6468,0.1778,0.1983,2626.6958328109827,200.0,2826.6958328109827
0,1763422812.1395233,892.7,221,0.1988,0.525,0.3985,0.3243,30.349,52.4972,32.4312,0.0,0.0,0.0,4.06,1.35,2.7,None,7.677078247070312e-05,20.995,True,None,sfc_cache_p1_42,0,None,17.32,20.33,132.0,37,34,0,0,0,False,67.79431664411368,8.26529411764706,6.127352941176471,12.617647058823529,0.1294,0.6354,0.1786,0.2029,2581.261516470759,200.0,2781.261516470759
0,1763422812.1404488,892.7,221,0.1988,0.525,0.3985,0.3243,30.349,52.4972,32.4312,0.0,0.0,0.0,6.16,1.41,4.75,None,7.677078247070312e-05,24.666,True,None,sfc_unique_p1_42,0,None,17.32,20.33,132.0,37,34,0,0,0,False,67.83783783783784,8.26529411764706,6.127352941176471,12.617647058823529,0.1294,0.6354,0.1786,0.2029,2581.261516470759,200.0,2781.261516470759
0,1763422812.2122335,892.7,221,0.2058,0.5846,0.4121,0.3493,31.1407,58.4618,34.9259,0.0,0.0,0.0,3.82,1.43,2.39,None,0.0760955810546875,20.618,True,None,sfc_cache_p5_39,0,None,17.32,20.33,132.0,39,36,0,0,0,False,67.88124156545209,8.009722222222223,6.444444444444445,12.833333333333334,0.1277,0.6255,0.1778,0.2007,2598.1304222129043,200.0,2798.1304222129043
0,1763422812.2131345,892.7,221,0.2058,0.5846,0.4121,0.3493,31.1407,58.4618,34.9259,0.0,0.0,0.0,5.59,1.52,4.07,None,0.0760955810546875,24.225,True,None,sfc_unique_p5_39,0,None,17.32,20.33,132.0,39,36,0,0,0,False,67.9245283018868,8.009722222222223,6.444444444444445,12.833333333333334,0.1277,0.6255,0.1778,0.2007,2598.1304222129043,200.0,2798.1304222129043
0,1763422812.284516,892.8,221,0.2073,0.6334,0.4443,0.3493,31.5003,63.3353,34.9259,0.0,0.0,0.0,4.15,1.43,2.72,None,0.15191102027893066,20.489,True,None,sfc_cache_p4_39,0,None,21.32,24.66,165.0,43,38,0,0,0,False,67.96769851951548,7.675789473684211,6.61421052631579,12.157894736842104,0.1268,0.6231,0.1778,0.1988,2604.830422212904,200.0,2804.830422212904
0,1763422812.2854414,892.8,221,0.2073,0.6334,0.4443,0.3493,31.5003,63.3353,34.9259,0.0,0.0,0.0,8.53,1.58,6.95,None,0.15191102027893066,23.907,True,None,sfc_unique_p4_39,0,None,21.32,24.66,165.0,43,38,0,0,0,False,68.01075268817203,7.675789473684211,6.61421052631579,12.157894736842104,0.1268,0.6231,0.1778,0.1988,2604.830422212904,200.0,2804.830422212904
0,1763422812.3718886,892.9,221,0.211,0.6334,0.4443,0.3493,31.5003,63.3353,34.9259,0.0,0.0,0.0,14.97,0,14.97,None,0.22743678092956543,20.973,False,None,sfc_cache_p3_39,0,None,21.32,24.66,165.0,43,38,0,0,0,False,67.91946308724832,7.675789473684211,6.61421052631579,12.157894736842104,0.1308,0.6231,0.1819,0.1988,2604.830422212904,190.0,2794.830422212904
0,1763422812.3728237,892.9,221,0.211,0.6334,0.4443,0.3493,31.5003,63.3353,34.9259,0.0,0.0,0.0,17.25,0,17.25,None,0.22743678092956543,21.495,False,None,sfc_unique_p3_39,0,None,21.32,24.66,165.0,43,38,0,0,0,False,67.828418230563,7.675789473684211,6.61421052631579,12.157894736842104,0.1308,0.6231,0.1819,0.1988,2604.830422212904,190.0,2794.830422212904
0,1763422817.147087,897.7,221,0.1747,0.4452,0.284,0.2495,24.1933,44.5167,24.9471,0.0,0.0,0.0,2.26,0.16,2.1,None,9.417533874511719e-05,21.092,True,None,sfc_cache_p1_41,0,None,17.32,16.0,132.0,31,28,0,0,0,False,67.8714859437751,8.000714285714286,6.309285714285714,11.785714285714286,0.1406,0.6498,0.1947,0.1761,2511.0450742549747,140.0,2651.0450742549747
0,1763422817.148025,897.7,221,0.1747,0.4452,0.284,0.2495,24.1933,44.5167,24.9471,0.0,0.0,0.0,5.11,1.41,3.69,None,9.417533874511719e-05,26.026,True,None,sfc_unique_p1_41,0,None,17.32,16.0,132.0,31,28,0,0,0,False,67.9144385026738,8.000714285714286,6.309285714285714,11.785714285714286,0.1406,0.6498,0.1947,0.1761,2511.0450742549747,140.0,2651.0450742549747
0,1763422827.152843,907.7,221,0.1747,0.4452,0.2848,0.2495,24.1933,44.5167,24.9471,0.0,0.0,0.0,3.39,1.35,2.03,None,9.059906005859375e-05,21.014,True,None,sfc_cache_p1_42,0,None,17.32,16.0,132.0,31,28,0,0,0,False,67.95727636849132,8.000714285714286,6.309285714285714,11.785714285714286,0.1406,0.6498,0.1947,0.1756,2511.0450742549747,140.0,2651.0450742549747
0,1763422827.1537738,907.7,221,0.1747,0.4452,0.2848,0.2495,24.1933,44.5167,24.9471,0.0,0.0,0.0,5.2,1.41,3.79,None,9.059906005859375e-05,25.251,True,None,sfc_unique_p1_42,0,None,17.32,16.0,132.0,31,28,0,0,0,False,68.0,8.000714285714286,6.309285714285714,11.785714285714286,0.1406,0.6498,0.1947,0.1756,2511.0450742549747,140.0,2651.0450742549747
0,1763422829.526984,910.1,221,0.1761,0.5048,0.2972,0.2744,24.9849,50.4813,27.4418,0.0,0.0,0.0,3.33,1.35,1.97,None,7.891654968261719e-05,15.805,True,None,sfc_cache_p1_45,0,None,17.32,16.0,132.0,32,30,0,0,0,False,68.04260985352862,7.711666666666667,6.677666666666667,12.1,0.1314,0.6275,0.186,0.1755,2542.5401988486906,150.0,2692.5401988486906
0,1763422829.527515,910.1,221,0.1761,0.5048,0.2972,0.2744,24.9849,50.4813,27.4418,0.0,0.0,0.0,5.16,1.52,3.64,None,7.891654968261719e-05,15.166,True,None,sfc_unique_p1_45,0,None,17.32,16.0,132.0,32,30,0,0,0,False,68.08510638297872,7.711666666666667,6.677666666666667,12.1,0.1314,0.6275,0.186,0.1755,2542.5401988486906,150.0,2692.5401988486906
0,1763422829.5790713,910.1,222,0.1894,0.509,0.3176,0.2744,27.2528,50.9021,27.4418,0.0,0.0,0.0,3.58,1.35,2.23,None,0.060860633850097656,12.522,True,None,sfc_cache_p2_45,0,None,21.32,20.33,165.0,36,32,0,0,0,False,68.12749003984064,7.8859375,6.3125,11.34375,0.1375,0.6226,0.1813,0.1785,2559.964911482914,160.0,2719.964911482914
0,1763422829.5797215,910.1,222,0.1894,0.509,0.3176,0.2744,27.2528,50.9021,27.4418,0.0,0.0,0.0,10.59,5.81,4.78,None,0.060860633850097656,17.351,True,None,sfc_unique_p2_45,0,None,21.32,20.33,165.0,36,32,0,0,0,False,68.16976127320955,7.8859375,6.3125,11.34375,0.1375,0.6226,0.1813,0.1785,2559.964911482914,160.0,2719.964911482914
0,1763422829.6518161,910.2,223,0.191,0.5619,0.3378,0.2994,27.8651,56.1939,29.9365,0.0,0.0,0.0,4.47,2.06,2.4,None,0.11318445205688477,18.004,True,None,sfc_cache_p3_45,0,None,21.32,24.66,165.0,39,34,0,0,0,False,68.21192052980133,7.588823529411764,6.5588235294117645,11.647058823529411,0.1325,0.6248,0.1842,0.1766,2582.148831154792,170.0,2752.148831154792
0,1763422829.6525383,910.2,223,0.191,0.5619,0.3378,0.2994,27.8651,56.1939,29.9365,0.0,0.0,0.0,3.72,0.33,3.39,None,0.11318445205688477,19.299,True,None,sfc_unique_p3_45,0,None,21.32,24.66,165.0,39,34,0,0,0,False,68.25396825396825,7.588823529411764,6.5588235294117645,11.647058823529411,0.1325,0.6248,0.1842,0.1766,2582.148831154792,170.0,2752.148831154792
0,1763422829.7225368,910.3,224,0.1953,0.5922,0.3953,0.2994,29.0175,59.2178,29.9365,0.0,0.0,0.0,6.38,2.1,4.27,None,0.18594098091125488,18.393,True,None,sfc_cache_p4_45,0,None,25.32,28.99,198.0,43,36,0,0,0,False,68.29590488771467,7.463611111111111,6.527777777777778,11.0,0.1287,0.6901,0.1798,0.1934,2619.170664306211,180.0,2799.170664306211
0,1763422829.72324,910.3,224,0.1953,0.5922,0.3953,0.2994,29.0175,59.2178,29.9365,0.0,0.0,0.0,9.28,1.61,7.68,None,0.18594098091125488,18.262,True,None,sfc_unique_p4_45,0,None,25.32,28.99,198.0,43,36,0,0,0,False,68.33773087071239,7.463611111111111,6.527777777777778,11.0,0.1287,0.6901,0.1798,0.1934,2619.170664306211,180.0,2799.170664306211
0,1763422829.875212,910.4,225,0.1961,0.6409,0.4341,0.3243,29.8091,64.0913,32.4312,0.0,0.0,0.0,5.38,1.24,4.14,None,0.2566220760345459,12.039,True,None,sfc_cache_p5_45,0,None,25.32,33.32,198.0,46,38,0,0,0,False,68.37944664031622,7.263684210526315,6.693157894736842,11.289473684210526,0.1265,0.6914,0.1746,0.1984,2648.0916146234995,190.0,2838.0916146234995
0,1763422829.875734,910.4,225,0.1961,0.6409,0.4341,0.3243,29.8091,64.0913,32.4312,0.0,0.0,0.0,6.57,1.65,4.91,None,0.2566220760345459,13.892,True,None,sfc_unique_p5_45,0,None,25.32,33.32,198.0,46,38,0,0,0,False,68.42105263157895,7.263684210526315,6.693157894736842,11.289473684210526,0.1265,0.6914,0.1746,0.1984,2648.0916146234995,190.0,2838.0916146234995
0,1763422829.9485457,910.5,226,0.2095,0.6409,0.4846,0.3243,32.2573,64.0913,32.4312,0.0,0.0,0.0,10.01,2.1,7.9,None,0.40897274017333984,20.164,True,None,sfc_cache_p6_45,0,None,29.32,37.65,231.0,50,40,0,0,0,False,68.46254927726675,7.46725,6.3585,10.725,0.121,0.6914,0.1706,0.2052,2648.0916146234995,200.0,2848.0916146234995
0,1763422829.9494386,910.5,226,0.2095,0.6409,0.4846,0.3243,32.2573,64.0913,32.4312,0.0,0.0,0.0,9.09,4.18,4.91,None,0.40897274017333984,22.504,True,None,sfc_unique_p6_45,0,None,29.32,37.65,231.0,50,40,0,0,0,False,68.50393700787401,7.46725,6.3585,10.725,0.121,0.6914,0.1706,0.2052,2648.0916146234995,200.0,2848.0916146234995
0,1763422832.1652787,912.7,226,0.1914,0.5435,0.4215,0.2744,29.7367,54.3494,27.4418,0.0,0.0,0.0,3.89,1.43,2.45,None,8.0108642578125e-05,20.859,True,None,sfc_cache_p2_42,0,None,29.32,37.65,231.0,47,36,0,0,0,False,68.54521625163828,7.648611111111112,5.9911111111111115,10.083333333333334,0.116,0.6053,0.1489,0.2097,2567.0440169802396,200.0,2767.0440169802396
0,1763422832.1662235,912.7,226,0.1914,0.5435,0.4215,0.2744,29.7367,54.3494,27.4418,0.0,0.0,0.0,4.95,0.45,4.5,None,8.0108642578125e-05,24.473,True,None,sfc_unique_p2_42,0,None,29.32,37.65,231.0,47,36,0,0,0,False,68.58638743455498,7.648611111111112,5.9911111111111115,10.083333333333334,0.116,0.6053,0.1489,0.2097,2567.0440169802396,200.0,2767.0440169802396
0,1763422832.2368472,912.8,226,0.2023,0.5855,0.4502,0.2994,31.2854,58.5475,29.9365,0.0,0.0,0.0,4.81,2.1,2.7,None,0.07561421394348145,20.149,True,None,sfc_cache_p2_40,0,None,29.32,37.65,231.0,49,38,0,0,0,False,68.62745098039215,7.623421052631579,6.11421052631579,10.421052631578947,0.1144,0.6721,0.1479,0.2088,2586.455960021769,200.0,2786.455960021769
0,1763422832.2377977,912.8,226,0.2023,0.5855,0.4502,0.2994,31.2854,58.5475,29.9365,0.0,0.0,0.0,7.97,1.7,6.26,None,0.07561421394348145,24.195,True,None,sfc_unique_p2_40,0,None,29.32,37.65,231.0,49,38,0,0,0,False,68.66840731070496,7.623421052631579,6.11421052631579,10.421052631578947,0.1144,0.6721,0.1479,0.2088,2586.455960021769,200.0,2786.455960021769
0,1763422832.296266,912.8,226,0.2043,0.6485,0.4918,0.3243,31.4657,64.8473,32.4312,0.0,0.0,0.0,3.5,0.88,2.63,None,0.15087175369262695,19.468,True,None,sfc_cache_p1_40,0,None,29.32,41.98,231.0,52,40,0,0,0,False,68.70925684485006,7.284000000000001,6.4334999999999996,10.725,0.1142,0.7307,0.1706,0.2072,2633.6198566335443,200.0,2833.6198566335443
0,1763422832.2968035,912.8,226,0.2043,0.6485,0.4918,0.3243,31.4657,64.8473,32.4312,0.0,0.0,0.0,6.5,0.42,6.08,None,0.15087175369262695,14.958,True,None,sfc_unique_p1_40,0,None,29.32,41.98,231.0,52,40,0,0,0,False,68.75,7.284000000000001,6.4334999999999996,10.725,0.1142,0.7307,0.1706,0.2072,2633.6198566335443,200.0,2833.6198566335443
0,1763422851.5594323,932.1,226,0.1912,0.5082,0.3739,0.2495,27.9008,50.8215,24.9471,0.0,0.0,0.0,2.64,1.35,1.29,None,0.00017881393432617188,15.417,True,None,sfc_cache_p1_46,0,None,29.32,37.65,231.0,44,34,0,0,0,False,68.79063719115734,7.598529411764707,5.931764705882353,9.705882352941176,0.1256,0.5607,0.1434,0.2038,2545.2088792306654,170.0,2715.2088792306654
0,1763422851.559978,932.1,226,0.1912,0.5082,0.3739,0.2495,27.9008,50.8215,24.9471,0.0,0.0,0.0,7.54,5.15,2.39,None,0.00017881393432617188,14.915,True,None,sfc_unique_p1_46,0,None,29.32,37.65,231.0,44,34,0,0,0,False,68.83116883116884,7.598529411764707,5.931764705882353,9.705882352941176,0.1256,0.5607,0.1434,0.2038,2545.2088792306654,170.0,2715.2088792306654
0,1763422851.6183133,932.1,227,0.1984,0.5385,0.3938,0.2744,29.4851,53.8454,27.4418,0.0,0.0,0.0,4.38,2.06,2.31,None,0.057656049728393555,17.916,True,None,sfc_cache_p2_46,0,None,29.32,41.98,231.0,47,36,0,0,0,False,68.8715953307393,7.583888888888889,5.935555555555556,10.083333333333334,0.1205,0.5884,0.1398,0.1967,2556.950482697621,180.0,2736.950482697621
0,1763422851.618846,932.2,227,0.1984,0.5385,0.3938,0.2744,29.4851,53.8454,27.4418,0.0,0.0,0.0,6.31,1.5,4.81,None,0.057656049728393555,14.674,True,None,sfc_unique_p2_46,0,None,29.32,41.98,231.0,47,36,0,0,0,False,68.9119170984456,7.583888888888889,5.935555555555556,10.083333333333334,0.1205,0.5884,0.1398,0.1967,2556.950482697621,180.0,2736.950482697621
0,1763422851.6809185,932.2,228,0.2013,0.5729,0.4474,0.2744,30.457,57.2901,27.4418,0.0,0.0,0.0,5.54,1.43,4.11,None,0.11649203300476074,18.211,True,None,sfc_cache_p3_46,0,None,33.32,46.31,264.0,51,38,0,0,0,False,68.95213454075032,7.42157894736842,5.9828947368421055,9.552631578947368,0.116,0.605,0.1365,0.2037,2590.2738846477832,190.0,2780.2738846477832
0,1763422851.6814654,932.2,228,0.2013,0.5729,0.4474,0.2744,30.457,57.2901,27.4418,0.0,0.0,0.0,8.02,1.5,6.53,None,0.11649203300476074,14.149,True,None,sfc_unique_p3_46,0,None,33.32,46.31,264.0,51,38,0,0,0,False,68.9922480620155,7.42157894736842,5.9828947368421055,9.552631578947368,0.116,0.605,0.1365,0.2037,2590.2738846477832,190.0,2780.2738846477832
0,1763422851.7308824,932.3,229,0.1978,0.63,0.5176,0.2744,30.457,63.0027,27.4418,0.0,0.0,0.0,8.3,1.46,6.83,None,0.1790933609008789,12.839,True,None,sfc_cache_p4_46,0,None,37.32,50.64,297.0,55,40,0,0,0,False,69.03225806451613,7.0504999999999995,6.250500000000001,9.075,0.1123,0.7111,0.1334,0.2084,2624.878264687407,200.0,2824.878264687407
0,1763422851.7314308,932.3,229,0.1978,0.63,0.5176,0.2744,30.457,63.0027,27.4418,0.0,0.0,0.0,9.14,0.42,8.72,None,0.1790933609008789,14.134,True,None,sfc_unique_p4_46,0,None,37.32,50.64,297.0,55,40,0,0,0,False,69.0721649484536,7.0504999999999995,6.250500000000001,9.075,0.1123,0.7111,0.1334,0.2084,2624.878264687407,200.0,2824.878264687407
0,1763422851.7914548,932.3,230,0.2038,0.6527,0.5865,0.2744,31.9333,65.2706,27.4418,0.0,0.0,0.0,12.03,2.1,9.93,None,0.22903084754943848,16.076,True,None,sfc_cache_p5_46,0,None,41.32,54.97,330.0,59,42,0,0,0,False,69.1119691119691,7.040238095238095,6.167142857142856,8.642857142857142,0.1132,0.7932,0.1304,0.2099,2647.496795830884,210.0,2857.496795830884
0,1763422851.7919974,932.3,230,0.2038,0.6527,0.5865,0.2744,31.9333,65.2706,27.4418,0.0,0.0,0.0,13.13,5.89,7.24,None,0.22903084754943848,13.963,True,None,sfc_unique_p5_46,0,None,41.32,54.97,330.0,59,42,0,0,0,False,69.1516709511568,7.040238095238095,6.167142857142856,8.642857142857142,0.1132,0.7932,0.1304,0.2099,2647.496795830884,210.0,2857.496795830884
0,1763422851.857129,932.4,231,0.2038,0.6527,0.5865,0.2744,31.9333,65.2706,27.4418,0.0,0.0,0.0,None,None,None,None,0.28957414627075195,15.164,False,None,sfc_cache_p6_46,0,None,41.32,54.97,330.0,59,42,0,0,0,False,69.06290115532734,7.040238095238095,6.167142857142856,8.642857142857142,0.1132,0.7932,0.1304,0.2099,2647.496795830884,210.0,2857.496795830884
0,1763422851.8576853,932.4,231,0.2038,0.6527,0.5865,0.2744,31.9333,65.2706,27.4418,0.0,0.0,0.0,None,None,None,None,0.28957414627075195,11.131,False,None,sfc_unique_p6_46,0,None,41.32,54.97,330.0,59,42,0,0,0,False,68.97435897435898,7.040238095238095,6.167142857142856,8.642857142857142,0.1132,0.7932,0.1304,0.2099,2647.496795830884,210.0,2857.496795830884
0,1763422852.2526395,932.8,231,0.1915,0.6418,0.5782,0.2744,29.4851,64.1795,27.4418,0.0,0.0,0.0,7.55,1.43,6.12,None,9.1552734375e-05,12.216,False,None,sfc_cache_p1_43,0,None,41.32,50.97,297.0,56,40,0,0,0,False,68.88604353393086,6.8255,6.36725,9.075,0.1196,0.7987,0.1334,0.2093,2647.496795830884,200.0,2847.496795830884
0,1763422852.2531917,932.8,231,0.1915,0.6418,0.5782,0.2744,29.4851,64.1795,27.4418,0.0,0.0,0.0,None,None,None,None,9.1552734375e-05,11.89,False,None,sfc_unique_p1_43,0,None,41.32,50.97,297.0,56,40,0,0,0,False,68.79795396419436,6.8255,6.36725,9.075,0.1196,0.7987,0.1334,0.2093,2647.496795830884,200.0,2847.496795830884
0,1763422867.201268,947.7,231,0.2019,0.5746,0.5432,0.2994,30.8167,57.4589,29.9365,0.0,0.0,0.0,5.33,2.67,2.65,None,8.630752563476562e-05,20.722,True,None,sfc_cache_p5_43,0,None,32.66,42.97,231.0,50,38,0,0,0,False,68.83780332056195,7.5092105263157904,6.000526315789474,10.421052631578947,0.1173,0.7307,0.1545,0.2108,2609.0117555457896,200.0,2809.0117555457896
0,1763422867.2021956,947.7,231,0.2019,0.5746,0.5432,0.2994,30.8167,57.4589,29.9365,0.0,0.0,0.0,7.97,3.96,4.02,None,8.630752563476562e-05,23.86,True,None,sfc_unique_p5_43,0,None,32.66,42.97,231.0,50,38,0,0,0,False,68.87755102040816,7.5092105263157904,6.000526315789474,10.421052631578947,0.1173,0.7307,0.1545,0.2108,2609.0117555457896,200.0,2809.0117555457896
0,1763422867.2832675,947.8,231,0.2046,0.5746,0.5432,0.2994,30.8167,57.4589,29.9365,0.0,0.0,0.0,3.85,1.43,2.41,None,0.07557559013366699,20.768,False,None,sfc_cache_p3_43,0,None,32.66,42.97,231.0,50,38,0,0,0,False,68.78980891719745,7.5092105263157904,6.000526315789474,10.421052631578947,0.1211,0.7307,0.1581,0.2108,2609.0117555457896,190.0,2799.0117555457896
0,1763422867.2841995,947.8,231,0.2046,0.5746,0.5432,0.2994,30.8167,57.4589,29.9365,0.0,0.0,0.0,16.82,0,16.82,None,0.07557559013366699,24.493,False,None,sfc_unique_p3_43,0,None,32.66,42.97,231.0,50,38,0,0,0,False,68.70229007633588,7.5092105263157904,6.000526315789474,10.421052631578947,0.1211,0.7307,0.1581,0.2108,2609.0117555457896,190.0,2799.0117555457896
0,1763422872.5962894,953.1,231,0.2046,0.5746,0.5432,0.2994,30.8167,57.4589,29.9365,0.0,0.0,0.0,3.27,1.43,1.84,None,0.00017499923706054688,20.816,False,None,sfc_cache_p1_47,0,None,32.66,42.97,231.0,50,38,0,0,0,False,68.61499364675984,7.5092105263157904,6.000526315789474,10.421052631578947,0.1211,0.7307,0.1581,0.2108,2609.0117555457896,190.0,2799.0117555457896
0,1763422872.5969613,953.1,231,0.2046,0.5746,0.5432,0.2994,30.8167,57.4589,29.9365,0.0,0.0,0.0,14.87,0,14.87,None,0.00017499923706054688,20.59,False,None,sfc_unique_p1_47,0,None,32.66,42.97,231.0,50,38,0,0,0,False,68.52791878172589,7.5092105263157904,6.000526315789474,10.421052631578947,0.1211,0.7307,0.1581,0.2108,2609.0117555457896,190.0,2799.0117555457896
0,1763422872.6622148,953.2,232,0.2046,0.5746,0.5432,0.2994,30.8167,57.4589,29.9365,0.0,0.0,0.0,4.39,2.47,1.91,None,0.07891249656677246,13.39,False,None,sfc_cache_p2_47,0,None,32.66,42.97,231.0,50,38,0,0,0,False,68.44106463878326,7.5092105263157904,6.000526315789474,10.421052631578947,0.1211,0.7307,0.1581,0.2108,2609.0117555457896,190.0,2799.0117555457896
0,1763422872.6631596,953.2,232,0.2046,0.5746,0.5432,0.2994,30.8167,57.4589,29.9365,0.0,0.0,0.0,14.75,0,14.75,None,0.07891249656677246,15.026,False,None,sfc_unique_p2_47,0,None,32.66,42.97,231.0,50,38,0,0,0,False,68.35443037974683,7.5092105263157904,6.000526315789474,10.421052631578947,0.1211,0.7307,0.1581,0.2108,2609.0117555457896,190.0,2799.0117555457896
0,1763422872.7482328,953.3,233,0.2046,0.5746,0.5432,0.2994,30.8167,57.4589,29.9365,0.0,0.0,0.0,3.15,1.43,1.71,None,0.14535760879516602,20.595,False,None,sfc_cache_p3_47,0,None,32.66,42.97,231.0,50,38,0,0,0,False,68.26801517067004,7.5092105263157904,6.000526315789474,10.421052631578947,0.1211,0.7307,0.1581,0.2108,2609.0117555457896,190.0,2799.0117555457896
0,1763422872.7491913,953.3,233,0.2046,0.5746,0.5432,0.2994,30.8167,57.4589,29.9365,0.0,0.0,0.0,14.61,0,14.61,None,0.14535760879516602,23.484,False,None,sfc_unique_p3_47,0,None,32.66,42.97,231.0,50,38,0,0,0,False,68.18181818181817,7.5092105263157904,6.000526315789474,10.421052631578947,0.1211,0.7307,0.1581,0.2108,2609.0117555457896,190.0,2799.0117555457896
0,1763422872.8340464,953.4,234,0.2046,0.5746,0.5432,0.2994,30.8167,57.4589,29.9365,0.0,0.0,0.0,3.22,1.43,1.78,None,0.23135852813720703,20.649,False,None,sfc_cache_p4_47,0,None,32.66,42.97,231.0,50,38,0,0,0,False,68.09583858764186,7.5092105263157904,6.000526315789474,10.421052631578947,0.1211,0.7307,0.1581,0.2108,2609.0117555457896,190.0,2799.0117555457896
0,1763422872.8349862,953.4,234,0.2046,0.5746,0.5432,0.2994,30.8167,57.4589,29.9365,0.0,0.0,0.0,14.75,0,14.75,None,0.23135852813720703,23.263,False,None,sfc_unique_p4_47,0,None,32.66,42.97,231.0,50,38,0,0,0,False,68.01007556675063,7.5092105263157904,6.000526315789474,10.421052631578947,0.1211,0.7307,0.1581,0.2108,2609.0117555457896,190.0,2799.0117555457896
0,1763422872.9211586,953.5,235,0.2046,0.5746,0.5432,0.2994,30.8167,57.4589,29.9365,0.0,0.0,0.0,3.27,1.43,1.84,None,0.3170912265777588,20.802,False,None,sfc_cache_p5_47,0,None,32.66,42.97,231.0,50,38,0,0,0,False,67.9245283018868,7.5092105263157904,6.000526315789474,10.421052631578947,0.1211,0.7307,0.1581,0.2108,2609.0117555457896,190.0,2799.0117555457896
0,1763422872.9220958,953.5,235,0.2046,0.5746,0.5432,0.2994,30.8167,57.4589,29.9365,0.0,0.0,0.0,14.87,0,14.87,None,0.3170912265777588,23.495,False,None,sfc_unique_p5_47,0,None,32.66,42.97,231.0,50,38,0,0,0,False,67.8391959798995,7.5092105263157904,6.000526315789474,10.421052631578947,0.1211,0.7307,0.1581,0.2108,2609.0117555457896,190.0,2799.0117555457896
0,1763422872.9938462,953.5,236,0.2046,0.5746,0.5432,0.2994,30.8167,57.4589,29.9365,0.0,0.0,0.0,3.77,1.43,2.33,None,0.4041922092437744,21.95,False,None,sfc_cache_p6_47,0,None,32.66,42.97,231.0,50,38,0,0,0,False,67.75407779171894,7.5092105263157904,6.000526315789474,10.421052631578947,0.1211,0.7307,0.1581,0.2108,2609.0117555457896,190.0,2799.0117555457896
0,1763422872.9943964,953.5,236,0.2046,0.5746,0.5432,0.2994,30.8167,57.4589,29.9365,0.0,0.0,0.0,15.85,0,15.85,None,0.4041922092437744,13.873,False,None,sfc_unique_p6_47,0,None,32.66,42.97,231.0,50,38,0,0,0,False,67.66917293233082,7.5092105263157904,6.000526315789474,10.421052631578947,0.1211,0.7307,0.1581,0.2108,2609.0117555457896,190.0,2799.0117555457896
0,1763422877.295389,957.8,236,0.1592,0.5343,0.474,0.2495,23.8682,53.4271,24.9471,0.0,0.0,0.0,4.04,1.45,2.6,None,8.320808410644531e-05,21.133,True,None,sfc_cache_p6_43,0,None,24.0,38.97,198.0,41,32,0,0,0,False,67.70963704630788,6.9065625,6.625625,10.3125,0.0997,0.7315,0.1275,0.2147,2569.4122583926724,190.0,2759.4122583926724
0,1763422877.2959378,957.8,236,0.1592,0.5343,0.474,0.2495,23.8682,53.4271,24.9471,0.0,0.0,0.0,7.7,3.96,3.75,None,8.320808410644531e-05,14.977,True,None,sfc_unique_p6_43,0,None,24.0,38.97,198.0,41,32,0,0,0,False,67.75,6.9065625,6.625625,10.3125,0.0997,0.7315,0.1275,0.2147,2569.4122583926724,190.0,2759.4122583926724
0,1763422877.3402855,957.9,236,0.1683,0.5569,0.4904,0.2495,25.3445,55.695,24.9471,0.0,0.0,0.0,4.04,1.45,2.6,None,0.1498873233795166,12.895,True,None,sfc_cache_p4_43,0,None,28.33,42.97,231.0,45,34,0,0,0,False,67.79026217228464,6.902352941176471,6.500588235294118,9.705882352941176,0.096,0.7258,0.1275,0.2155,2575.4122583926724,190.0,2765.4122583926724
0,1763422877.3408303,957.9,236,0.1683,0.5569,0.4904,0.2495,25.3445,55.695,24.9471,0.0,0.0,0.0,7.2,2.84,4.36,None,0.1498873233795166,14.955,True,None,sfc_unique_p4_43,0,None,28.33,42.97,231.0,45,34,0,0,0,False,67.83042394014963,6.902352941176471,6.500588235294118,9.705882352941176,0.096,0.7258,0.1275,0.2155,2575.4122583926724,190.0,2765.4122583926724
0,1763422877.3840005,957.9,236,0.1809,0.5695,0.5173,0.2495,27.2528,56.9549,24.9471,0.0,0.0,0.0,4.22,0.86,3.37,None,0.1981208324432373,12.568,True,None,sfc_cache_p2_43,0,None,32.66,46.97,264.0,49,36,0,0,0,False,67.87048567870487,7.009722222222222,6.278333333333333,9.166666666666666,0.1166,0.7256,0.1275,0.2151,2587.606703266487,190.0,2777.606703266487
0,1763422877.3845472,957.9,236,0.1809,0.5695,0.5173,0.2495,27.2528,56.9549,24.9471,0.0,0.0,0.0,11.06,5.84,5.23,None,0.1981208324432373,14.394,True,None,sfc_unique_p2_43,0,None,32.66,46.97,264.0,49,36,0,0,0,False,67.91044776119402,7.009722222222222,6.278333333333333,9.166666666666666,0.1166,0.7256,0.1275,0.2151,2587.606703266487,190.0,2777.606703266487
0,1763422877.4280283,958.0,236,0.188,0.6258,0.5475,0.2744,28.1891,62.5819,27.4418,0.0,0.0,0.0,3.56,0.2,3.36,None,0.2455892562866211,12.192,True,None,sfc_cache_p4_41,0,None,32.66,46.97,264.0,51,38,0,0,0,False,67.95031055900621,6.868947368421052,6.535526315789474,9.552631578947368,0.116,0.7566,0.1507,0.2161,2624.69933598588,190.0,2814.69933598588
0,1763422877.4285924,958.0,236,0.188,0.6258,0.5475,0.2744,28.1891,62.5819,27.4418,0.0,0.0,0.0,8.47,1.65,6.82,None,0.2455892562866211,14.523,True,None,sfc_unique_p4_41,0,None,32.66,46.97,264.0,51,38,0,0,0,False,67.99007444168734,6.868947368421052,6.535526315789474,9.552631578947368,0.116,0.7566,0.1507,0.2161,2624.69933598588,190.0,2814.69933598588
0,1763422887.2166495,967.7,236,0.1634,0.4679,0.4457,0.1996,23.4017,46.7871,19.9577,0.0,0.0,0.0,2.23,0.16,2.07,None,8.559226989746094e-05,12.944,True,None,sfc_cache_p5_45,0,None,28.66,33.98,231.0,40,30,0,0,0,False,68.02973977695167,7.223,6.188999999999999,8.8,0.1025,0.7291,0.1184,0.2154,2518.1259652491963,170.0,2688.1259652491963
0,1763422887.217222,967.7,236,0.1634,0.4679,0.4457,0.1996,23.4017,46.7871,19.9577,0.0,0.0,0.0,5.31,1.41,3.9,None,8.559226989746094e-05,15.012,True,None,sfc_unique_p5_45,0,None,28.66,33.98,231.0,40,30,0,0,0,False,68.06930693069307,7.223,6.188999999999999,8.8,0.1025,0.7291,0.1184,0.2154,2518.1259652491963,170.0,2688.1259652491963
0,1763422887.2611241,967.8,236,0.1689,0.5166,0.4572,0.2245,24.1933,51.6606,22.4524,0.0,0.0,0.0,3.45,1.35,2.1,None,0.04890751838684082,12.944,True,None,sfc_cache_p2_45,0,None,28.66,38.31,231.0,43,32,0,0,0,False,68.1087762669963,7.000625,6.4065625,9.28125,0.1004,0.7208,0.1182,0.2173,2542.332357448546,170.0,2712.332357448546
0,1763422887.261678,967.8,236,0.1689,0.5166,0.4572,0.2245,24.1933,51.6606,22.4524,0.0,0.0,0.0,5.95,1.52,4.44,None,0.04890751838684082,14.527,True,None,sfc_unique_p2_45,0,None,28.66,38.31,231.0,43,32,0,0,0,False,68.14814814814815,7.000625,6.4065625,9.28125,0.1004,0.7208,0.1182,0.2173,2542.332357448546,170.0,2712.332357448546
0,1763422887.3053834,967.8,236,0.1731,0.5863,0.4763,0.2495,24.5529,58.6332,24.9471,0.0,0.0,0.0,2.72,0.17,2.55,None,0.09724259376525879,12.735,True,None,sfc_cache_p1_45,0,None,28.66,38.31,231.0,45,34,0,0,0,False,68.18742293464858,6.686764705882353,6.843529411764706,9.705882352941176,0.0994,0.7348,0.1424,0.2178,2588.849150514635,170.0,2758.849150514635
0,1763422887.3059325,967.8,236,0.1731,0.5863,0.4763,0.2495,24.5529,58.6332,24.9471,0.0,0.0,0.0,4.73,1.49,3.24,None,0.09724259376525879,14.414,True,None,sfc_unique_p1_45,0,None,28.66,38.31,231.0,45,34,0,0,0,False,68.22660098522168,6.686764705882353,6.843529411764706,9.705882352941176,0.0994,0.7348,0.1424,0.2178,2588.849150514635,170.0,2758.849150514635
0,1763422889.6196816,970.2,236,0.1725,0.5183,0.4503,0.2245,24.1209,51.8295,22.4524,0.0,0.0,0.0,2.44,1.35,1.08,None,0.00016546249389648438,22.089,True,None,sfc_cache_p1_48,0,None,28.66,38.31,231.0,43,32,0,0,0,False,68.26568265682657,6.9796875,6.4275,9.28125,0.1026,0.6649,0.1464,0.2176,2538.5052308427576,160.0,2698.5052308427576
0,1763422889.6202276,970.2,236,0.1725,0.5183,0.4503,0.2245,24.1209,51.8295,22.4524,0.0,0.0,0.0,3.27,1.41,1.86,None,0.00016546249389648438,17.756,True,None,sfc_unique_p1_48,0,None,28.66,38.31,231.0,43,32,0,0,0,False,68.3046683046683,6.9796875,6.4275,9.28125,0.1026,0.6649,0.1464,0.2176,2538.5052308427576,160.0,2698.5052308427576
0,1763422889.6804278,970.2,237,0.1808,0.5444,0.4774,0.2495,25.8845,54.435,24.9471,0.0,0.0,0.0,3.23,1.43,1.81,None,0.07616233825683594,12.416,True,None,sfc_cache_p2_48,0,None,28.66,42.64,231.0,46,34,0,0,0,False,68.34355828220859,7.049411764705883,6.353529411764706,9.705882352941176,0.1217,0.6497,0.1424,0.2181,2554.5300053869023,170.0,2724.5300053869023
0,1763422889.6815534,970.2,237,0.1808,0.5444,0.4774,0.2495,25.8845,54.435,24.9471,0.0,0.0,0.0,9.15,4.49,4.66,None,0.07616233825683594,19.947,True,None,sfc_unique_p2_48,0,None,28.66,42.64,231.0,46,34,0,0,0,False,68.38235294117648,7.049411764705883,6.353529411764706,9.705882352941176,0.1217,0.6497,0.1424,0.2181,2554.5300053869023,170.0,2724.5300053869023
0,1763422889.779829,970.3,238,0.1766,0.6015,0.5093,0.2495,25.8845,60.1477,24.9471,0.0,0.0,0.0,4.09,1.47,2.62,None,0.1379866600036621,25.731,True,None,sfc_cache_p3_48,0,None,32.66,46.97,264.0,50,36,0,0,0,False,68.42105263157895,6.657777777777778,6.630277777777778,9.166666666666666,0.1177,0.6948,0.139,0.217,2583.535005386902,180.0,2763.535005386902
0,1763422889.7809656,970.3,238,0.1766,0.6015,0.5093,0.2495,25.8845,60.1477,24.9471,0.0,0.0,0.0,5.3,0.36,4.95,None,0.1379866600036621,29.19,True,None,sfc_unique_p3_48,0,None,32.66,46.97,264.0,50,36,0,0,0,False,68.45965770171149,6.657777777777778,6.630277777777778,9.166666666666666,0.1177,0.6948,0.139,0.217,2583.535005386902,180.0,2763.535005386902
0,1763422889.8739154,970.4,239,0.1813,0.6284,0.5424,0.2495,27.1804,62.8364,24.9471,0.0,0.0,0.0,4.88,1.55,3.33,None,0.23737645149230957,29.712,True,None,sfc_cache_p4_48,0,None,36.66,51.3,297.0,54,38,0,0,0,False,68.4981684981685,6.623157894736842,6.562105263157895,8.68421052631579,0.1136,0.7149,0.1358,0.2163,2588.965105668216,190.0,2778.965105668216
0,1763422889.874819,970.4,239,0.1813,0.6284,0.5424,0.2495,27.1804,62.8364,24.9471,0.0,0.0,0.0,8.52,3.0,5.52,None,0.23737645149230957,21.68,True,None,sfc_unique_p4_48,0,None,36.66,51.3,297.0,54,38,0,0,0,False,68.53658536585367,6.623157894736842,6.562105263157895,8.68421052631579,0.1136,0.7149,0.1358,0.2163,2588.965105668216,190.0,2778.965105668216
0,1763422889.9556665,970.5,240,0.1813,0.6284,0.5424,0.2495,27.1804,62.8364,24.9471,0.0,0.0,0.0,9.0,1.47,7.53,None,0.33100318908691406,19.746,False,None,sfc_cache_p5_48,0,None,36.66,51.3,297.0,54,38,0,0,0,False,68.4531059683313,6.623157894736842,6.562105263157895,8.68421052631579,0.1136,0.7149,0.1358,0.2163,2588.965105668216,190.0,2778.965105668216
0,1763422889.9566145,970.5,240,0.1813,0.6284,0.5424,0.2495,27.1804,62.8364,24.9471,0.0,0.0,0.0,14.18,0,14.18,None,0.33100318908691406,20.911,False,None,sfc_unique_p5_48,0,None,36.66,51.3,297.0,54,38,0,0,0,False,68.3698296836983,6.623157894736842,6.562105263157895,8.68421052631579,0.1136,0.7149,0.1358,0.2163,2588.965105668216,190.0,2778.965105668216
0,1763422890.190226,970.7,241,0.1813,0.6284,0.5424,0.2495,27.1804,62.8364,24.9471,0.0,0.0,0.0,9.68,1.47,8.21,None,0.41280198097229004,19.563,False,None,sfc_cache_p6_48,0,None,36.66,51.3,297.0,54,38,0,0,0,False,68.28675577156743,6.623157894736842,6.562105263157895,8.68421052631579,0.1136,0.7149,0.1358,0.2163,2588.965105668216,190.0,2778.965105668216
0,1763422890.191184,970.7,241,0.1813,0.6284,0.5424,0.2495,27.1804,62.8364,24.9471,0.0,0.0,0.0,15.52,0,15.52,None,0.41280198097229004,20.341,False,None,sfc_unique_p6_48,0,None,36.66,51.3,297.0,54,38,0,0,0,False,68.20388349514563,6.623157894736842,6.562105263157895,8.68421052631579,0.1136,0.7149,0.1358,0.2163,2588.965105668216,190.0,2778.965105668216
0,1763422892.2472517,972.8,241,0.1699,0.6158,0.4944,0.2744,25.7041,61.5765,27.4418,0.0,0.0,0.0,3.3,0.8,2.5,None,6.961822509765625e-05,20.44,True,None,sfc_cache_p6_45,0,None,28.66,46.97,231.0,49,36,0,0,0,False,68.24242424242424,6.6113888888888885,6.787777777777778,10.083333333333334,0.1138,0.7354,0.1589,0.2145,2603.281230107157,190.0,2793.281230107157
0,1763422892.2477973,972.8,241,0.1699,0.6158,0.4944,0.2744,25.7041,61.5765,27.4418,0.0,0.0,0.0,5.84,1.5,4.34,None,6.961822509765625e-05,15.116,True,None,sfc_unique_p6_45,0,None,28.66,46.97,231.0,49,36,0,0,0,False,68.28087167070218,6.6113888888888885,6.787777777777778,10.083333333333334,0.1138,0.7354,0.1589,0.2145,2603.281230107157,190.0,2793.281230107157
0,1763422892.298556,972.8,241,0.1809,0.6284,0.5303,0.2744,27.6124,62.8364,27.4418,0.0,0.0,0.0,3.13,0.17,2.96,None,0.0655374526977539,13.133,True,None,sfc_cache_p3_45,0,None,28.66,55.3,264.0,53,38,0,0,0,False,68.31922611850061,6.728421052631579,6.562105263157895,9.552631578947368,0.1133,0.7286,0.1589,0.2145,2605.5134696985515,190.0,2795.5134696985515
0,1763422892.2991095,972.8,241,0.1809,0.6284,0.5303,0.2744,27.6124,62.8364,27.4418,0.0,0.0,0.0,10.3,2.85,7.46,None,0.0655374526977539,13.21,True,None,sfc_unique_p3_45,0,None,28.66,55.3,264.0,53,38,0,0,0,False,68.35748792270532,6.728421052631579,6.562105263157895,9.552631578947368,0.1133,0.7286,0.1589,0.2145,2605.5134696985515,190.0,2795.5134696985515
0,1763422897.264419,977.8,241,0.1809,0.6284,0.53,0.2744,27.6124,62.8364,27.4418,0.0,0.0,0.0,2.59,0.16,2.43,None,9.560585021972656e-05,21.069,True,None,sfc_cache_p1_45,0,None,28.66,55.3,264.0,53,38,0,0,0,False,68.39565741857659,6.728421052631579,6.562105263157895,9.552631578947368,0.1133,0.7298,0.1589,0.2154,2605.5134696985515,190.0,2795.5134696985515
0,1763422897.2653415,977.8,241,0.1809,0.6284,0.53,0.2744,27.6124,62.8364,27.4418,0.0,0.0,0.0,5.16,1.49,3.67,None,9.560585021972656e-05,24.37,True,None,sfc_unique_p1_45,0,None,28.66,55.3,264.0,53,38,0,0,0,False,68.43373493975903,6.728421052631579,6.562105263157895,9.552631578947368,0.1133,0.7298,0.1589,0.2154,2605.5134696985515,190.0,2795.5134696985515
0,1763422902.2723792,982.8,241,0.142,0.4814,0.3937,0.2245,20.34,48.1353,22.4524,0.0,0.0,0.0,3.57,1.99,1.58,None,9.250640869140625e-05,20.998,True,None,sfc_cache_p4_46,0,None,16.0,38.64,165.0,37,28,0,0,0,False,68.47172081829122,6.726428571428571,6.8221428571428575,10.607142857142858,0.1106,0.5801,0.1262,0.2145,2506.286497439501,150.0,2656.286497439501
0,1763422902.2733057,982.8,241,0.142,0.4814,0.3937,0.2245,20.34,48.1353,22.4524,0.0,0.0,0.0,7.04,3.96,3.08,None,9.250640869140625e-05,24.585,True,None,sfc_unique_p4_46,0,None,16.0,38.64,165.0,37,28,0,0,0,False,68.50961538461539,6.726428571428571,6.8221428571428575,10.607142857142858,0.1106,0.5801,0.1262,0.2145,2506.286497439501,150.0,2656.286497439501
0,1763422902.3452048,982.9,241,0.1616,0.4914,0.4028,0.2495,23.2559,49.1432,24.9471,0.0,0.0,0.0,4.05,1.45,2.61,None,0.07631778717041016,20.52,True,None,sfc_cache_p2_45,0,None,16.0,38.64,165.0,39,30,0,0,0,False,68.54741896758703,7.178,6.500666666666667,11.0,0.1061,0.5845,0.1516,0.217,2519.324726815759,150.0,2669.324726815759
0,1763422902.3461127,982.9,241,0.1616,0.4914,0.4028,0.2495,23.2559,49.1432,24.9471,0.0,0.0,0.0,7.72,3.96,3.76,None,0.07631778717041016,24.607,True,None,sfc_unique_p2_45,0,None,16.0,38.64,165.0,39,30,0,0,0,False,68.5851318944844,7.178,6.500666666666667,11.0,0.1061,0.5845,0.1516,0.217,2519.324726815759,150.0,2669.324726815759
0,1763422906.6323388,987.2,241,0.1741,0.5141,0.4179,0.2744,25.6318,51.4111,27.4418,0.0,0.0,0.0,4.6,2.21,2.39,None,0.000194549560546875,17.708,True,None,sfc_cache_p1_49,0,None,16.0,38.64,165.0,40,32,0,0,0,False,68.62275449101797,7.416875,6.375625,11.34375,0.1014,0.5877,0.1636,0.2171,2539.3196966346723,160.0,2699.3196966346723
0,1763422906.6328847,987.2,241,0.1741,0.5141,0.4179,0.2744,25.6318,51.4111,27.4418,0.0,0.0,0.0,6.32,2.77,3.55,None,0.000194549560546875,15.414,True,None,sfc_unique_p1_49,0,None,16.0,38.64,165.0,40,32,0,0,0,False,68.6602870813397,7.416875,6.375625,11.34375,0.1014,0.5877,0.1636,0.2171,2539.3196966346723,160.0,2699.3196966346723
0,1763422906.7051075,987.2,242,0.1709,0.5712,0.437,0.2744,25.6318,57.1238,27.4418,0.0,0.0,0.0,4.14,1.58,2.55,None,0.06284952163696289,20.733,True,None,sfc_cache_p2_49,0,None,24.33,38.64,198.0,44,34,0,0,0,False,68.69772998805257,6.9805882352941175,6.66735294117647,10.676470588235293,0.0979,0.6275,0.1596,0.2167,2561.484696634672,170.0,2731.484696634672
0,1763422906.7056608,987.2,242,0.1709,0.5712,0.437,0.2744,25.6318,57.1238,27.4418,0.0,0.0,0.0,3.85,0.32,3.54,None,0.06284952163696289,18.802,True,None,sfc_unique_p2_49,0,None,24.33,38.64,198.0,44,34,0,0,0,False,68.73508353221956,6.9805882352941175,6.66735294117647,10.676470588235293,0.0979,0.6275,0.1596,0.2167,2561.484696634672,170.0,2731.484696634672
0,1763422906.7765357,987.3,243,0.1856,0.5754,0.46,0.2994,28.3317,57.5446,29.9365,0.0,0.0,0.0,4.39,1.88,2.51,None,0.13562679290771484,19.907,True,None,sfc_cache_p3_49,0,None,28.66,38.64,198.0,47,36,0,0,0,False,68.77234803337306,7.287222222222222,6.343333333333334,11.0,0.102,0.6292,0.1712,0.2164,2570.2420732454125,180.0,2750.2420732454125
0,1763422906.777095,987.3,243,0.1856,0.5754,0.46,0.2994,28.3317,57.5446,29.9365,0.0,0.0,0.0,10.56,5.94,4.62,None,0.13562679290771484,13.986,True,None,sfc_unique_p3_49,0,None,28.66,38.64,198.0,47,36,0,0,0,False,68.80952380952381,7.287222222222222,6.343333333333334,11.0,0.102,0.6292,0.1712,0.2164,2570.2420732454125,180.0,2750.2420732454125
0,1763422906.8338678,987.4,244,0.1907,0.6023,0.4929,0.2994,29.6276,60.2333,29.9365,0.0,0.0,0.0,6.29,1.58,4.7,None,0.20701861381530762,12.22,True,None,sfc_cache_p4_49,0,None,36.99,38.64,231.0,51,38,0,0,0,False,68.84661117717003,7.219473684210525,6.290263157894737,10.421052631578947,0.0978,0.6222,0.1672,0.2158,2571.5620732454126,190.0,2761.5620732454126
0,1763422906.8344123,987.4,244,0.1907,0.6023,0.4929,0.2994,29.6276,60.2333,29.9365,0.0,0.0,0.0,7.16,3.0,4.16,None,0.20701861381530762,13.633,True,None,sfc_unique_p4_49,0,None,36.99,38.64,231.0,51,38,0,0,0,False,68.88361045130641,7.219473684210525,6.290263157894737,10.421052631578947,0.0978,0.6222,0.1672,0.2158,2571.5620732454126,190.0,2761.5620732454126
0,1763422906.8929243,987.4,245,0.1975,0.6326,0.5291,0.3243,31.2119,63.2572,32.4312,0.0,0.0,0.0,5.87,2.69,3.18,None,0.2642991542816162,14.582,True,None,sfc_cache_p5_49,0,None,41.32,38.64,231.0,54,40,0,0,0,False,68.92052194543298,7.22525,6.27575,10.725,0.1171,0.6221,0.185,0.2157,2592.3322432391783,200.0,2792.3322432391783
0,1763422906.8934615,987.4,245,0.1975,0.6326,0.5291,0.3243,31.2119,63.2572,32.4312,0.0,0.0,0.0,10.23,3.19,7.03,None,0.2642991542816162,13.073,True,None,sfc_unique_p5_49,0,None,41.32,38.64,231.0,54,40,0,0,0,False,68.95734597156398,7.22525,6.27575,10.725,0.1171,0.6221,0.185,0.2157,2592.3322432391783,200.0,2792.3322432391783
0,1763422907.0621471,987.6,246,0.1975,0.6326,0.5291,0.3243,31.2119,63.2572,32.4312,0.0,0.0,0.0,14.49,0,14.49,None,0.3233203887939453,16.082,False,None,sfc_cache_p6_49,0,None,41.32,38.64,231.0,54,40,0,0,0,False,68.87573964497041,7.22525,6.27575,10.725,0.1171,0.6221,0.185,0.2157,2592.3322432391783,200.0,2792.3322432391783
0,1763422907.0627236,987.6,246,0.1975,0.6326,0.5291,0.3243,31.2119,63.2572,32.4312,0.0,0.0,0.0,7.13,1.69,5.44,None,0.3233203887939453,18.811,False,None,sfc_unique_p6_49,0,None,41.32,38.64,231.0,54,40,0,0,0,False,68.79432624113475,7.22525,6.27575,10.725,0.1171,0.6221,0.185,0.2157,2592.3322432391783,200.0,2792.3322432391783
0,1763422907.2689672,987.8,246,0.1894,0.5981,0.4768,0.2994,29.808,59.8125,29.9365,0.0,0.0,0.0,4.02,1.99,2.03,None,8.273124694824219e-05,13.358,True,None,sfc_cache_p3_46,0,None,45.65,29.98,231.0,52,38,0,0,0,False,68.83116883116884,7.263421052631578,6.246315789473685,10.421052631578947,0.1195,0.6011,0.1869,0.2146,2559.0088412890154,200.0,2759.0088412890154
0,1763422907.2699087,987.8,246,0.1894,0.5981,0.4768,0.2994,29.808,59.8125,29.9365,0.0,0.0,0.0,7.95,3.96,3.99,None,8.273124694824219e-05,23.012,True,None,sfc_unique_p3_46,0,None,45.65,29.98,231.0,52,38,0,0,0,False,68.86792452830188,7.263421052631578,6.246315789473685,10.421052631578947,0.1195,0.6011,0.1869,0.2146,2559.0088412890154,200.0,2759.0088412890154
0,1763422907.3223839,987.9,246,0.2035,0.6309,0.5237,0.3243,31.7519,63.0884,32.4312,0.0,0.0,0.0,5.34,2.01,3.32,None,0.06286120414733887,13.207,True,None,sfc_cache_p1_46,0,None,45.65,29.98,231.0,54,40,0,0,0,False,68.90459363957598,7.35025,6.259,10.725,0.1211,0.632,0.1808,0.214,2591.18981017928,200.0,2791.18981017928
0,1763422907.3229215,987.9,246,0.2035,0.6309,0.5237,0.3243,31.7519,63.0884,32.4312,0.0,0.0,0.0,10.52,2.84,7.69,None,0.06286120414733887,14.101,True,None,sfc_unique_p1_46,0,None,45.65,29.98,231.0,54,40,0,0,0,False,68.94117647058823,7.35025,6.259,10.725,0.1211,0.632,0.1808,0.214,2591.18981017928,200.0,2791.18981017928
0,1763422930.6451297,1011.2,246,0.2035,0.6309,0.5237,0.3243,31.7519,63.0884,32.4312,0.0,0.0,0.0,14.02,0,14.02,None,0.00016641616821289062,11.965,False,None,sfc_cache_p1_50,0,None,45.65,29.98,231.0,54,40,0,0,0,False,68.86016451233843,7.35025,6.259,10.725,0.1211,0.632,0.1808,0.214,2591.18981017928,200.0,2791.18981017928
0,1763422930.6456783,1011.2,246,0.2035,0.6309,0.5237,0.3243,31.7519,63.0884,32.4312,0.0,0.0,0.0,20.05,4.2,15.85,None,0.00016641616821289062,12.662,False,None,sfc_unique_p1_50,0,None,45.65,29.98,231.0,54,40,0,0,0,False,68.7793427230047,7.35025,6.259,10.725,0.1211,0.632,0.1808,0.214,2591.18981017928,200.0,2791.18981017928
0,1763422930.7017992,1011.2,247,0.2035,0.6309,0.5237,0.3243,31.7519,63.0884,32.4312,0.0,0.0,0.0,14.55,0,14.55,None,0.04970979690551758,11.816,False,None,sfc_cache_p2_50,0,None,45.65,29.98,231.0,54,40,0,0,0,False,68.69871043376318,7.35025,6.259,10.725,0.1211,0.632,0.1808,0.214,2591.18981017928,200.0,2791.18981017928
0,1763422930.702358,1011.2,247,0.2035,0.6309,0.5237,0.3243,31.7519,63.0884,32.4312,0.0,0.0,0.0,16.0,0,16.0,None,0.04970979690551758,12.893,False,None,sfc_unique_p2_50,0,None,45.65,29.98,231.0,54,40,0,0,0,False,68.61826697892272,7.35025,6.259,10.725,0.1211,0.632,0.1808,0.214,2591.18981017928,200.0,2791.18981017928
0,1763422930.7594683,1011.3,248,0.2035,0.6309,0.5237,0.3243,31.7519,63.0884,32.4312,0.0,0.0,0.0,14.09,0,14.09,None,0.1063532829284668,12.002,False,None,sfc_cache_p3_50,0,None,45.65,29.98,231.0,54,40,0,0,0,False,68.53801169590643,7.35025,6.259,10.725,0.1211,0.632,0.1808,0.214,2591.18981017928,200.0,2791.18981017928
0,1763422930.7600257,1011.3,248,0.2035,0.6309,0.5237,0.3243,31.7519,63.0884,32.4312,0.0,0.0,0.0,15.08,0,15.08,None,0.1063532829284668,13.14,False,None,sfc_unique_p3_50,0,None,45.65,29.98,231.0,54,40,0,0,0,False,68.45794392523365,7.35025,6.259,10.725,0.1211,0.632,0.1808,0.214,2591.18981017928,200.0,2791.18981017928
0,1763422930.8150396,1011.3,249,0.2035,0.6309,0.5237,0.3243,31.7519,63.0884,32.4312,0.0,0.0,0.0,14.55,0,14.55,None,0.16399407386779785,11.965,False,None,sfc_cache_p4_50,0,None,45.65,29.98,231.0,54,40,0,0,0,False,68.37806301050176,7.35025,6.259,10.725,0.1211,0.632,0.1808,0.214,2591.18981017928,200.0,2791.18981017928
0,1763422930.815594,1011.3,249,0.2035,0.6309,0.5237,0.3243,31.7519,63.0884,32.4312,0.0,0.0,0.0,16.0,0,16.0,None,0.16399407386779785,12.863,False,None,sfc_unique_p4_50,0,None,45.65,29.98,231.0,54,40,0,0,0,False,68.29836829836829,7.35025,6.259,10.725,0.1211,0.632,0.1808,0.214,2591.18981017928,200.0,2791.18981017928
0,1763422930.873515,1011.4,250,0.2035,0.6309,0.5237,0.3243,31.7519,63.0884,32.4312,0.0,0.0,0.0,14.55,0,14.55,None,0.21954345703125,12.047,False,None,sfc_cache_p5_50,0,None,45.65,29.98,231.0,54,40,0,0,0,False,68.21885913853319,7.35025,6.259,10.725,0.1211,0.632,0.1808,0.214,2591.18981017928,200.0,2791.18981017928
0,1763422930.8740675,1011.4,250,0.2035,0.6309,0.5237,0.3243,31.7519,63.0884,32.4312,0.0,0.0,0.0,16.0,0,16.0,None,0.21954345703125,12.931,False,None,sfc_unique_p5_50,0,None,45.65,29.98,231.0,54,40,0,0,0,False,68.13953488372093,7.35025,6.259,10.725,0.1211,0.632,0.1808,0.214,2591.18981017928,200.0,2791.18981017928
0,1763422930.9281347,1011.5,251,0.2035,0.6309,0.5237,0.3243,31.7519,63.0884,32.4312,0.0,0.0,0.0,14.1,0,14.1,None,0.27798938751220703,11.815,False,None,sfc_cache_p6_50,0,None,45.65,29.98,231.0,54,40,0,0,0,False,68.06039488966317,7.35025,6.259,10.725,0.1211,0.632,0.1808,0.214,2591.18981017928,200.0,2791.18981017928
0,1763422930.928682,1011.5,251,0.2035,0.6309,0.5237,0.3243,31.7519,63.0884,32.4312,0.0,0.0,0.0,15.1,0,15.1,None,0.27798938751220703,12.897,False,None,sfc_unique_p6_50,0,None,45.65,29.98,231.0,54,40,0,0,0,False,67.98143851508121,7.35025,6.259,10.725,0.1211,0.632,0.1808,0.214,2591.18981017928,200.0,2791.18981017928
