timestamp;(0,34);(14,17);(25,24);(8,13);(8,22);(14,10);(14,11);(28,27);(28,29);(28,30);(2,3);(2,32);(5,4);(9,12);(23,15);(23,19);(23,20);(18,21);(6,7);(2,16);(25,26);(33,1);(33,31);(34,9);(9,18);(18,2);(2,5);(5,23);(23,25);(25,28);(28,14);(14,8);(8,6);(6,33);(33,34);(25,25.1);(8,8.1);(14,14.1);(28,28.1);(2,2.1);(5,5.1);(9,9.1);(23,23.1);(18,18.1);(6,6.1);(33,33.1);(34,34.1)
1762062525.956635;0.00;0.00;0.00;0.00;0.00;0.00;0.00;0.00;0.00;0.00;0.00;0.00;0.00;0.00;0.00;0.00;0.00;0.00;97.00;0.00;0.00;0.00;0.00;0.00;0.00;0.00;0.00;0.00;0.00;0.00;0.00;0.00;97.00;0.00;0.00;0.00;0.00;0.00;0.00;0.00;0.00;0.00;0.00;0.00;0.00;0.00;0.00
1762062525.9573965;0.00;0.00;0.00;0.00;0.00;0.00;0.00;0.00;0.00;0.00;0.00;0.00;0.00;0.00;0.00;0.00;0.00;0.00;97.00;0.00;0.00;0.00;0.00;0.00;0.00;0.00;0.00;0.00;0.00;0.00;0.00;0.00;97.00;0.00;0.00;0.00;0.00;0.00;0.00;0.00;0.00;0.00;0.00;0.00;0.00;0.00;0.00
1762062525.981473;0.00;0.00;0.00;0.00;0.00;0.00;0.00;0.00;0.00;0.00;0.00;0.00;0.00;0.00;0.00;0.00;0.00;0.00;194.00;0.00;0.00;0.00;0.00;0.00;0.00;0.00;0.00;0.00;0.00;0.00;0.00;0.00;194.00;0.00;0.00;0.00;0.00;0.00;0.00;0.00;0.00;0.00;0.00;0.00;0.00;0.00;0.00
1762062525.9820483;0.00;0.00;0.00;0.00;0.00;0.00;0.00;0.00;0.00;0.00;0.00;0.00;0.00;0.00;0.00;0.00;0.00;0.00;194.00;0.00;0.00;0.00;0.00;0.00;0.00;0.00;0.00;0.00;0.00;0.00;0.00;0.00;194.00;0.00;0.00;0.00;0.00;0.00;0.00;0.00;0.00;0.00;0.00;0.00;0.00;0.00;0.00
1762062526.005666;0.00;0.00;0.00;0.00;0.00;0.00;0.00;0.00;0.00;0.00;0.00;0.00;0.00;0.00;0.00;0.00;0.00;0.00;291.00;0.00;0.00;0.00;0.00;0.00;0.00;0.00;0.00;0.00;0.00;0.00;0.00;0.00;291.00;0.00;0.00;0.00;0.00;0.00;0.00;0.00;0.00;0.00;0.00;0.00;0.00;0.00;0.00
1762062526.0062518;0.00;0.00;0.00;0.00;0.00;0.00;0.00;0.00;0.00;0.00;0.00;0.00;0.00;0.00;0.00;0.00;0.00;0.00;291.00;0.00;0.00;0.00;0.00;0.00;0.00;0.00;0.00;0.00;0.00;0.00;0.00;0.00;291.00;0.00;0.00;0.00;0.00;0.00;0.00;0.00;0.00;0.00;0.00;0.00;0.00;0.00;0.00
1762062526.0297527;0.00;0.00;0.00;0.00;0.00;0.00;0.00;0.00;0.00;0.00;0.00;0.00;0.00;0.00;0.00;0.00;0.00;0.00;388.00;0.00;0.00;0.00;0.00;0.00;0.00;0.00;0.00;0.00;0.00;0.00;0.00;0.00;388.00;0.00;0.00;0.00;0.00;0.00;0.00;0.00;0.00;0.00;0.00;0.00;0.00;0.00;0.00
1762062526.0303547;0.00;0.00;0.00;0.00;0.00;0.00;0.00;0.00;0.00;0.00;0.00;0.00;0.00;0.00;0.00;0.00;0.00;0.00;388.00;0.00;0.00;0.00;0.00;0.00;0.00;0.00;0.00;0.00;0.00;0.00;0.00;0.00;388.00;0.00;0.00;0.00;0.00;0.00;0.00;0.00;0.00;0.00;0.00;0.00;0.00;0.00;0.00
1762062526.0551732;0.00;0.00;0.00;0.00;0.00;0.00;0.00;0.00;0.00;0.00;0.00;0.00;0.00;0.00;0.00;0.00;0.00;0.00;485.00;0.00;0.00;0.00;0.00;0.00;0.00;0.00;0.00;0.00;0.00;0.00;0.00;0.00;485.00;0.00;0.00;0.00;0.00;0.00;0.00;0.00;0.00;0.00;0.00;0.00;0.00;0.00;0.00
1762062526.0557334;0.00;0.00;0.00;0.00;0.00;0.00;0.00;0.00;0.00;0.00;0.00;0.00;0.00;0.00;0.00;0.00;0.00;0.00;485.00;0.00;0.00;0.00;0.00;0.00;0.00;0.00;0.00;0.00;0.00;0.00;0.00;0.00;485.00;0.00;0.00;0.00;0.00;0.00;0.00;0.00;0.00;0.00;0.00;0.00;0.00;0.00;0.00
1762062526.0827897;0.00;0.00;0.00;0.00;0.00;0.00;0.00;0.00;0.00;0.00;0.00;0.00;0.00;0.00;0.00;0.00;0.00;0.00;582.00;0.00;0.00;0.00;0.00;0.00;0.00;0.00;0.00;0.00;0.00;0.00;150.00;160.00;582.00;0.00;0.00;0.00;320.00;0.00;0.00;0.00;0.00;0.00;0.00;0.00;0.00;0.00;0.00
1762062526.0833683;0.00;0.00;0.00;0.00;0.00;0.00;0.00;0.00;0.00;0.00;0.00;0.00;0.00;0.00;0.00;0.00;0.00;0.00;582.00;0.00;0.00;0.00;0.00;0.00;0.00;0.00;0.00;0.00;0.00;0.00;150.00;160.00;582.00;0.00;0.00;0.00;320.00;0.00;0.00;0.00;0.00;0.00;0.00;0.00;0.00;0.00;0.00
1762062538.9286978;0.00;0.00;0.00;0.00;0.00;0.00;0.00;0.00;0.00;0.00;97.00;0.00;0.00;0.00;0.00;0.00;0.00;0.00;582.00;0.00;0.00;0.00;0.00;0.00;0.00;0.00;0.00;0.00;0.00;0.00;150.00;160.00;582.00;0.00;0.00;0.00;320.00;0.00;0.00;0.00;0.00;0.00;0.00;0.00;0.00;0.00;0.00
1762062538.9290454;0.00;0.00;0.00;0.00;0.00;0.00;0.00;0.00;0.00;0.00;97.00;0.00;0.00;0.00;0.00;0.00;0.00;0.00;582.00;0.00;0.00;0.00;0.00;0.00;0.00;0.00;0.00;0.00;0.00;0.00;150.00;160.00;582.00;0.00;0.00;0.00;320.00;0.00;0.00;0.00;0.00;0.00;0.00;0.00;0.00;0.00;0.00
1762062538.9435425;0.00;0.00;0.00;0.00;0.00;0.00;0.00;0.00;0.00;0.00;194.00;0.00;0.00;0.00;0.00;0.00;0.00;0.00;582.00;0.00;0.00;0.00;0.00;0.00;0.00;0.00;0.00;0.00;0.00;0.00;150.00;160.00;582.00;0.00;0.00;0.00;320.00;0.00;0.00;0.00;0.00;0.00;0.00;0.00;0.00;0.00;0.00
1762062538.9438837;0.00;0.00;0.00;0.00;0.00;0.00;0.00;0.00;0.00;0.00;194.00;0.00;0.00;0.00;0.00;0.00;0.00;0.00;582.00;0.00;0.00;0.00;0.00;0.00;0.00;0.00;0.00;0.00;0.00;0.00;150.00;160.00;582.00;0.00;0.00;0.00;320.00;0.00;0.00;0.00;0.00;0.00;0.00;0.00;0.00;0.00;0.00
1762062538.9614987;0.00;0.00;0.00;0.00;0.00;0.00;0.00;0.00;0.00;0.00;291.00;0.00;0.00;0.00;0.00;0.00;0.00;0.00;582.00;0.00;0.00;0.00;0.00;0.00;0.00;0.00;160.00;160.00;160.00;0.00;150.00;160.00;582.00;0.00;0.00;0.00;320.00;0.00;0.00;0.00;0.00;0.00;0.00;0.00;0.00;0.00;0.00
1762062538.9618516;0.00;0.00;0.00;0.00;0.00;0.00;0.00;0.00;0.00;0.00;291.00;0.00;0.00;0.00;0.00;0.00;0.00;0.00;582.00;0.00;0.00;0.00;0.00;0.00;0.00;0.00;160.00;160.00;160.00;0.00;150.00;160.00;582.00;0.00;0.00;0.00;320.00;0.00;0.00;0.00;0.00;0.00;0.00;0.00;0.00;0.00;0.00
1762062538.9792957;0.00;0.00;0.00;0.00;0.00;0.00;0.00;0.00;0.00;0.00;388.00;0.00;0.00;0.00;0.00;0.00;0.00;0.00;582.00;0.00;0.00;0.00;0.00;0.00;0.00;0.00;304.67;304.67;304.67;0.00;150.00;160.00;582.00;0.00;0.00;0.00;320.00;0.00;0.00;0.00;0.00;0.00;0.00;0.00;0.00;0.00;0.00
1762062538.9796357;0.00;0.00;0.00;0.00;0.00;0.00;0.00;0.00;0.00;0.00;388.00;0.00;0.00;0.00;0.00;0.00;0.00;0.00;582.00;0.00;0.00;0.00;0.00;0.00;0.00;0.00;304.67;304.67;304.67;0.00;150.00;160.00;582.00;0.00;0.00;0.00;320.00;0.00;0.00;0.00;0.00;0.00;0.00;0.00;0.00;0.00;0.00
1762062538.9993577;0.00;0.00;0.00;0.00;0.00;0.00;0.00;0.00;0.00;0.00;485.00;0.00;0.00;0.00;0.00;0.00;0.00;0.00;582.00;0.00;0.00;0.00;0.00;0.00;0.00;0.00;401.67;401.67;401.67;0.00;150.00;160.00;582.00;0.00;0.00;0.00;320.00;0.00;0.00;0.00;0.00;0.00;0.00;0.00;0.00;0.00;0.00
1762062538.9996974;0.00;0.00;0.00;0.00;0.00;0.00;0.00;0.00;0.00;0.00;485.00;0.00;0.00;0.00;0.00;0.00;0.00;0.00;582.00;0.00;0.00;0.00;0.00;0.00;0.00;0.00;401.67;401.67;401.67;0.00;150.00;160.00;582.00;0.00;0.00;0.00;320.00;0.00;0.00;0.00;0.00;0.00;0.00;0.00;0.00;0.00;0.00
1762062539.0215833;0.00;0.00;0.00;0.00;0.00;0.00;0.00;0.00;0.00;0.00;582.00;0.00;0.00;0.00;0.00;0.00;0.00;0.00;582.00;0.00;0.00;0.00;0.00;0.00;0.00;0.00;498.67;498.67;498.67;0.00;150.00;160.00;582.00;0.00;0.00;0.00;320.00;0.00;0.00;0.00;0.00;0.00;0.00;0.00;0.00;0.00;0.00
1762062539.0219173;0.00;0.00;0.00;0.00;0.00;0.00;0.00;0.00;0.00;0.00;582.00;0.00;0.00;0.00;0.00;0.00;0.00;0.00;582.00;0.00;0.00;0.00;0.00;0.00;0.00;0.00;498.67;498.67;498.67;0.00;150.00;160.00;582.00;0.00;0.00;0.00;320.00;0.00;0.00;0.00;0.00;0.00;0.00;0.00;0.00;0.00;0.00
1762062558.9434767;0.00;0.00;0.00;0.00;0.00;0.00;0.00;0.00;0.00;0.00;582.00;0.00;0.00;0.00;0.00;0.00;0.00;0.00;582.00;0.00;0.00;97.00;0.00;0.00;0.00;0.00;498.67;498.67;498.67;0.00;390.00;400.00;679.00;97.00;0.00;0.00;704.67;0.00;0.00;0.00;0.00;0.00;0.00;0.00;0.00;0.00;0.00
1762062558.9438405;0.00;0.00;0.00;0.00;0.00;0.00;0.00;0.00;0.00;0.00;582.00;0.00;0.00;0.00;0.00;0.00;0.00;0.00;582.00;0.00;0.00;97.00;0.00;0.00;0.00;0.00;498.67;498.67;498.67;0.00;390.00;400.00;679.00;97.00;0.00;0.00;704.67;0.00;0.00;0.00;0.00;0.00;0.00;0.00;0.00;0.00;0.00
1762062558.959337;0.00;0.00;0.00;0.00;0.00;0.00;0.00;0.00;0.00;0.00;582.00;0.00;0.00;0.00;0.00;0.00;0.00;0.00;582.00;0.00;0.00;194.00;0.00;0.00;0.00;0.00;498.67;498.67;498.67;0.00;572.33;592.33;776.00;194.00;0.00;0.00;929.34;0.00;0.00;0.00;0.00;0.00;0.00;0.00;0.00;0.00;0.00
1762062558.959687;0.00;0.00;0.00;0.00;0.00;0.00;0.00;0.00;0.00;0.00;582.00;0.00;0.00;0.00;0.00;0.00;0.00;0.00;582.00;0.00;0.00;194.00;0.00;0.00;0.00;0.00;498.67;498.67;498.67;0.00;572.33;592.33;776.00;194.00;0.00;0.00;929.34;0.00;0.00;0.00;0.00;0.00;0.00;0.00;0.00;0.00;0.00
1762062558.9759064;0.00;0.00;0.00;0.00;0.00;0.00;0.00;0.00;0.00;0.00;582.00;0.00;0.00;0.00;0.00;0.00;0.00;0.00;582.00;0.00;0.00;291.00;0.00;0.00;0.00;0.00;498.67;498.67;498.67;0.00;802.33;832.33;873.00;291.00;0.00;0.00;1266.34;0.00;0.00;0.00;0.00;0.00;0.00;0.00;0.00;0.00;0.00
1762062558.9762719;0.00;0.00;0.00;0.00;0.00;0.00;0.00;0.00;0.00;0.00;582.00;0.00;0.00;0.00;0.00;0.00;0.00;0.00;582.00;0.00;0.00;291.00;0.00;0.00;0.00;0.00;498.67;498.67;498.67;0.00;802.33;832.33;873.00;291.00;0.00;0.00;1266.34;0.00;0.00;0.00;0.00;0.00;0.00;0.00;0.00;0.00;0.00
1762062558.9926808;0.00;0.00;0.00;0.00;0.00;0.00;0.00;0.00;0.00;0.00;582.00;0.00;0.00;0.00;0.00;0.00;0.00;0.00;582.00;0.00;0.00;388.00;0.00;0.00;0.00;0.00;498.67;498.67;498.67;0.00;1042.33;1024.66;970.00;388.00;0.00;0.00;1491.01;112.33;0.00;0.00;0.00;0.00;0.00;0.00;0.00;0.00;0.00
1762062558.9930375;0.00;0.00;0.00;0.00;0.00;0.00;0.00;0.00;0.00;0.00;582.00;0.00;0.00;0.00;0.00;0.00;0.00;0.00;582.00;0.00;0.00;388.00;0.00;0.00;0.00;0.00;498.67;498.67;498.67;0.00;1042.33;1024.66;970.00;388.00;0.00;0.00;1491.01;112.33;0.00;0.00;0.00;0.00;0.00;0.00;0.00;0.00;0.00
1762062559.0104024;0.00;0.00;0.00;0.00;0.00;0.00;0.00;0.00;0.00;0.00;582.00;0.00;0.00;0.00;0.00;0.00;0.00;0.00;582.00;0.00;0.00;485.00;0.00;0.00;0.00;0.00;498.67;498.67;498.67;0.00;1282.33;1121.66;1067.00;485.00;0.00;0.00;1491.01;112.33;0.00;0.00;0.00;0.00;0.00;0.00;0.00;0.00;0.00
1762062559.0107517;0.00;0.00;0.00;0.00;0.00;0.00;0.00;0.00;0.00;0.00;582.00;0.00;0.00;0.00;0.00;0.00;0.00;0.00;582.00;0.00;0.00;485.00;0.00;0.00;0.00;0.00;498.67;498.67;498.67;0.00;1282.33;1121.66;1067.00;485.00;0.00;0.00;1491.01;112.33;0.00;0.00;0.00;0.00;0.00;0.00;0.00;0.00;0.00
1762062559.0289016;0.00;0.00;0.00;0.00;0.00;0.00;0.00;0.00;0.00;0.00;582.00;0.00;0.00;0.00;0.00;0.00;0.00;0.00;582.00;0.00;0.00;582.00;0.00;0.00;0.00;0.00;498.67;498.67;498.67;0.00;1522.33;1218.66;1164.00;582.00;0.00;0.00;1491.01;112.33;0.00;0.00;0.00;0.00;0.00;0.00;0.00;0.00;0.00
1762062559.0292509;0.00;0.00;0.00;0.00;0.00;0.00;0.00;0.00;0.00;0.00;582.00;0.00;0.00;0.00;0.00;0.00;0.00;0.00;582.00;0.00;0.00;582.00;0.00;0.00;0.00;0.00;498.67;498.67;498.67;0.00;1522.33;1218.66;1164.00;582.00;0.00;0.00;1491.01;112.33;0.00;0.00;0.00;0.00;0.00;0.00;0.00;0.00;0.00
1762062572.9683764;0.00;0.00;0.00;0.00;0.00;0.00;0.00;0.00;0.00;0.00;582.00;0.00;0.00;0.00;0.00;97.00;0.00;0.00;582.00;0.00;0.00;582.00;0.00;0.00;0.00;0.00;498.67;498.67;595.67;0.00;1522.33;1218.66;1164.00;582.00;0.00;0.00;1491.01;112.33;0.00;0.00;0.00;0.00;0.00;0.00;0.00;0.00;0.00
1762062572.9689977;0.00;0.00;0.00;0.00;0.00;0.00;0.00;0.00;0.00;0.00;582.00;0.00;0.00;0.00;0.00;97.00;0.00;0.00;582.00;0.00;0.00;582.00;0.00;0.00;0.00;0.00;498.67;498.67;595.67;0.00;1522.33;1218.66;1164.00;582.00;0.00;0.00;1491.01;112.33;0.00;0.00;0.00;0.00;0.00;0.00;0.00;0.00;0.00
1762062572.9896762;0.00;0.00;0.00;0.00;0.00;0.00;0.00;0.00;0.00;0.00;582.00;0.00;0.00;0.00;0.00;194.00;0.00;0.00;582.00;0.00;0.00;582.00;0.00;0.00;0.00;0.00;498.67;498.67;692.67;160.00;1522.33;1218.66;1164.00;582.00;0.00;0.00;1491.01;112.33;0.00;0.00;0.00;0.00;0.00;0.00;0.00;0.00;0.00
1762062572.9900365;0.00;0.00;0.00;0.00;0.00;0.00;0.00;0.00;0.00;0.00;582.00;0.00;0.00;0.00;0.00;194.00;0.00;0.00;582.00;0.00;0.00;582.00;0.00;0.00;0.00;0.00;498.67;498.67;692.67;160.00;1522.33;1218.66;1164.00;582.00;0.00;0.00;1491.01;112.33;0.00;0.00;0.00;0.00;0.00;0.00;0.00;0.00;0.00
1762062573.009265;0.00;0.00;0.00;0.00;0.00;0.00;0.00;0.00;0.00;0.00;582.00;0.00;0.00;0.00;0.00;291.00;0.00;0.00;582.00;0.00;0.00;582.00;0.00;0.00;0.00;0.00;498.67;723.34;875.00;192.33;1522.33;1218.66;1164.00;582.00;0.00;0.00;1491.01;112.33;0.00;0.00;0.00;0.00;0.00;0.00;0.00;0.00;0.00
1762062573.0096273;0.00;0.00;0.00;0.00;0.00;0.00;0.00;0.00;0.00;0.00;582.00;0.00;0.00;0.00;0.00;291.00;0.00;0.00;582.00;0.00;0.00;582.00;0.00;0.00;0.00;0.00;498.67;723.34;875.00;192.33;1522.33;1218.66;1164.00;582.00;0.00;0.00;1491.01;112.33;0.00;0.00;0.00;0.00;0.00;0.00;0.00;0.00;0.00
1762062573.0275471;0.00;0.00;0.00;0.00;0.00;0.00;0.00;0.00;0.00;0.00;582.00;0.00;0.00;0.00;0.00;388.00;0.00;0.00;582.00;0.00;0.00;582.00;0.00;0.00;0.00;0.00;498.67;723.34;1175.00;192.33;1522.33;1218.66;1164.00;582.00;0.00;0.00;1491.01;112.33;0.00;0.00;0.00;0.00;0.00;0.00;0.00;0.00;0.00
1762062573.0279138;0.00;0.00;0.00;0.00;0.00;0.00;0.00;0.00;0.00;0.00;582.00;0.00;0.00;0.00;0.00;388.00;0.00;0.00;582.00;0.00;0.00;582.00;0.00;0.00;0.00;0.00;498.67;723.34;1175.00;192.33;1522.33;1218.66;1164.00;582.00;0.00;0.00;1491.01;112.33;0.00;0.00;0.00;0.00;0.00;0.00;0.00;0.00;0.00
1762062573.0482764;0.00;0.00;0.00;0.00;0.00;0.00;0.00;0.00;0.00;0.00;582.00;0.00;0.00;0.00;0.00;485.00;0.00;0.00;582.00;0.00;0.00;582.00;0.00;0.00;0.00;0.00;498.67;723.34;1485.00;352.33;1522.33;1218.66;1164.00;582.00;0.00;0.00;1491.01;112.33;0.00;0.00;0.00;0.00;0.00;0.00;0.00;0.00;0.00
1762062573.04865;0.00;0.00;0.00;0.00;0.00;0.00;0.00;0.00;0.00;0.00;582.00;0.00;0.00;0.00;0.00;485.00;0.00;0.00;582.00;0.00;0.00;582.00;0.00;0.00;0.00;0.00;498.67;723.34;1485.00;352.33;1522.33;1218.66;1164.00;582.00;0.00;0.00;1491.01;112.33;0.00;0.00;0.00;0.00;0.00;0.00;0.00;0.00;0.00
1762062573.067453;0.00;0.00;0.00;0.00;0.00;0.00;0.00;0.00;0.00;0.00;582.00;0.00;0.00;0.00;0.00;582.00;0.00;0.00;582.00;0.00;0.00;582.00;0.00;0.00;0.00;0.00;498.67;723.34;1795.00;512.33;1522.33;1218.66;1164.00;582.00;0.00;0.00;1491.01;112.33;320.00;0.00;0.00;0.00;0.00;0.00;0.00;0.00;0.00
1762062573.0678208;0.00;0.00;0.00;0.00;0.00;0.00;0.00;0.00;0.00;0.00;582.00;0.00;0.00;0.00;0.00;582.00;0.00;0.00;582.00;0.00;0.00;582.00;0.00;0.00;0.00;0.00;498.67;723.34;1795.00;512.33;1522.33;1218.66;1164.00;582.00;0.00;0.00;1491.01;112.33;320.00;0.00;0.00;0.00;0.00;0.00;0.00;0.00;0.00
1762062594.982247;0.00;0.00;0.00;0.00;0.00;0.00;0.00;0.00;0.00;0.00;582.00;0.00;0.00;0.00;0.00;582.00;97.00;0.00;582.00;0.00;0.00;582.00;0.00;0.00;0.00;0.00;498.67;723.34;1939.67;657.00;1522.33;1218.66;1164.00;582.00;0.00;0.00;1491.01;112.33;630.00;0.00;0.00;0.00;0.00;0.00;0.00;0.00;0.00
1762062594.982901;0.00;0.00;0.00;0.00;0.00;0.00;0.00;0.00;0.00;0.00;582.00;0.00;0.00;0.00;0.00;582.00;97.00;0.00;582.00;0.00;0.00;582.00;0.00;0.00;0.00;0.00;498.67;723.34;1939.67;657.00;1522.33;1218.66;1164.00;582.00;0.00;0.00;1491.01;112.33;630.00;0.00;0.00;0.00;0.00;0.00;0.00;0.00;0.00
1762062595.0170267;0.00;0.00;0.00;0.00;0.00;0.00;0.00;0.00;0.00;0.00;582.00;0.00;0.00;0.00;0.00;582.00;194.00;0.00;582.00;0.00;0.00;582.00;0.00;0.00;0.00;0.00;498.67;723.34;2036.67;754.00;1842.33;1218.66;1164.00;582.00;0.00;0.00;1491.01;112.33;940.00;0.00;0.00;0.00;0.00;0.00;0.00;0.00;0.00
1762062595.0176687;0.00;0.00;0.00;0.00;0.00;0.00;0.00;0.00;0.00;0.00;582.00;0.00;0.00;0.00;0.00;582.00;194.00;0.00;582.00;0.00;0.00;582.00;0.00;0.00;0.00;0.00;498.67;723.34;2036.67;754.00;1842.33;1218.66;1164.00;582.00;0.00;0.00;1491.01;112.33;940.00;0.00;0.00;0.00;0.00;0.00;0.00;0.00;0.00
1762062595.0520196;0.00;0.00;0.00;0.00;0.00;0.00;0.00;0.00;0.00;0.00;582.00;0.00;0.00;0.00;0.00;582.00;291.00;0.00;582.00;0.00;0.00;582.00;0.00;0.00;0.00;0.00;648.67;755.67;2101.34;818.67;1842.33;1218.66;1164.00;582.00;0.00;0.00;1491.01;112.33;1250.00;0.00;0.00;0.00;0.00;0.00;0.00;0.00;0.00
1762062595.0526605;0.00;0.00;0.00;0.00;0.00;0.00;0.00;0.00;0.00;0.00;582.00;0.00;0.00;0.00;0.00;582.00;291.00;0.00;582.00;0.00;0.00;582.00;0.00;0.00;0.00;0.00;648.67;755.67;2101.34;818.67;1842.33;1218.66;1164.00;582.00;0.00;0.00;1491.01;112.33;1250.00;0.00;0.00;0.00;0.00;0.00;0.00;0.00;0.00
1762062595.0864718;0.00;0.00;0.00;0.00;0.00;0.00;0.00;0.00;0.00;0.00;582.00;0.00;0.00;0.00;0.00;582.00;435.67;0.00;582.00;0.00;0.00;582.00;0.00;0.00;0.00;0.00;798.67;835.67;2166.01;978.67;2002.33;1368.66;1164.00;582.00;0.00;224.67;1491.01;112.33;1570.00;0.00;0.00;0.00;0.00;0.00;0.00;0.00;0.00
1762062595.087099;0.00;0.00;0.00;0.00;0.00;0.00;0.00;0.00;0.00;0.00;582.00;0.00;0.00;0.00;0.00;582.00;435.67;0.00;582.00;0.00;0.00;582.00;0.00;0.00;0.00;0.00;798.67;835.67;2166.01;978.67;2002.33;1368.66;1164.00;582.00;0.00;224.67;1491.01;112.33;1570.00;0.00;0.00;0.00;0.00;0.00;0.00;0.00;0.00
1762062595.1208274;0.00;0.00;0.00;0.00;0.00;0.00;0.00;0.00;0.00;0.00;582.00;0.00;0.00;0.00;0.00;582.00;580.34;0.00;582.00;0.00;0.00;582.00;0.00;0.00;0.00;0.00;1098.67;1075.67;2390.68;978.67;2002.33;1368.66;1164.00;582.00;0.00;449.34;1491.01;112.33;1570.00;0.00;320.00;0.00;0.00;0.00;0.00;0.00;0.00
1762062595.1215026;0.00;0.00;0.00;0.00;0.00;0.00;0.00;0.00;0.00;0.00;582.00;0.00;0.00;0.00;0.00;582.00;580.34;0.00;582.00;0.00;0.00;582.00;0.00;0.00;0.00;0.00;1098.67;1075.67;2390.68;978.67;2002.33;1368.66;1164.00;582.00;0.00;449.34;1491.01;112.33;1570.00;0.00;320.00;0.00;0.00;0.00;0.00;0.00;0.00
1762062595.1576629;0.00;0.00;0.00;0.00;0.00;0.00;0.00;0.00;0.00;0.00;582.00;0.00;0.00;0.00;0.00;582.00;725.01;0.00;582.00;0.00;0.00;582.00;0.00;0.00;0.00;0.00;1398.67;1220.34;2390.68;978.67;2002.33;1368.66;1164.00;582.00;0.00;449.34;1491.01;112.33;1570.00;0.00;320.00;0.00;0.00;0.00;0.00;0.00;0.00
1762062595.1583717;0.00;0.00;0.00;0.00;0.00;0.00;0.00;0.00;0.00;0.00;582.00;0.00;0.00;0.00;0.00;582.00;725.01;0.00;582.00;0.00;0.00;582.00;0.00;0.00;0.00;0.00;1398.67;1220.34;2390.68;978.67;2002.33;1368.66;1164.00;582.00;0.00;449.34;1491.01;112.33;1570.00;0.00;320.00;0.00;0.00;0.00;0.00;0.00;0.00
1762062609.9928403;0.00;0.00;0.00;0.00;0.00;0.00;0.00;0.00;0.00;0.00;582.00;0.00;0.00;0.00;0.00;582.00;725.01;0.00;582.00;0.00;0.00;726.67;0.00;0.00;0.00;0.00;1398.67;1220.34;2390.68;978.67;2302.33;1513.33;1308.67;726.67;0.00;449.34;1491.01;112.33;1570.00;0.00;320.00;0.00;0.00;0.00;0.00;0.00;0.00
1762062609.993492;0.00;0.00;0.00;0.00;0.00;0.00;0.00;0.00;0.00;0.00;582.00;0.00;0.00;0.00;0.00;582.00;725.01;0.00;582.00;0.00;0.00;726.67;0.00;0.00;0.00;0.00;1398.67;1220.34;2390.68;978.67;2302.33;1513.33;1308.67;726.67;0.00;449.34;1491.01;112.33;1570.00;0.00;320.00;0.00;0.00;0.00;0.00;0.00;0.00
1762062610.0270705;0.00;0.00;0.00;0.00;0.00;0.00;0.00;0.00;0.00;0.00;582.00;0.00;0.00;0.00;0.00;582.00;725.01;0.00;582.00;0.00;0.00;871.34;0.00;0.00;0.00;0.00;1398.67;1220.34;2390.68;978.67;2452.33;1808.00;1453.34;871.34;0.00;449.34;1491.01;112.33;1570.00;0.00;320.00;0.00;0.00;0.00;0.00;0.00;0.00
1762062610.02771;0.00;0.00;0.00;0.00;0.00;0.00;0.00;0.00;0.00;0.00;582.00;0.00;0.00;0.00;0.00;582.00;725.01;0.00;582.00;0.00;0.00;871.34;0.00;0.00;0.00;0.00;1398.67;1220.34;2390.68;978.67;2452.33;1808.00;1453.34;871.34;0.00;449.34;1491.01;112.33;1570.00;0.00;320.00;0.00;0.00;0.00;0.00;0.00;0.00
1762062610.0625055;0.00;0.00;0.00;0.00;0.00;0.00;0.00;0.00;0.00;0.00;582.00;0.00;0.00;0.00;0.00;582.00;725.01;0.00;582.00;0.00;0.00;1016.01;0.00;0.00;0.00;0.00;1398.67;1220.34;2390.68;978.67;2752.33;1952.67;1598.01;1016.01;0.00;449.34;1491.01;422.33;1570.00;0.00;320.00;0.00;0.00;0.00;0.00;0.00;0.00
1762062610.0631757;0.00;0.00;0.00;0.00;0.00;0.00;0.00;0.00;0.00;0.00;582.00;0.00;0.00;0.00;0.00;582.00;725.01;0.00;582.00;0.00;0.00;1016.01;0.00;0.00;0.00;0.00;1398.67;1220.34;2390.68;978.67;2752.33;1952.67;1598.01;1016.01;0.00;449.34;1491.01;422.33;1570.00;0.00;320.00;0.00;0.00;0.00;0.00;0.00;0.00
1762062610.0956092;0.00;0.00;0.00;0.00;0.00;0.00;0.00;0.00;0.00;0.00;582.00;0.00;0.00;0.00;0.00;582.00;725.01;0.00;582.00;0.00;0.00;1256.01;0.00;160.00;150.00;150.00;1398.67;1220.34;2390.68;978.67;2752.33;2182.67;1678.01;1416.01;160.00;449.34;1491.01;422.33;1570.00;0.00;320.00;310.00;0.00;0.00;0.00;0.00;0.00
1762062610.0962527;0.00;0.00;0.00;0.00;0.00;0.00;0.00;0.00;0.00;0.00;582.00;0.00;0.00;0.00;0.00;582.00;725.01;0.00;582.00;0.00;0.00;1256.01;0.00;160.00;150.00;150.00;1398.67;1220.34;2390.68;978.67;2752.33;2182.67;1678.01;1416.01;160.00;449.34;1491.01;422.33;1570.00;0.00;320.00;310.00;0.00;0.00;0.00;0.00;0.00
1762062610.133237;0.00;0.00;0.00;0.00;0.00;0.00;0.00;0.00;0.00;0.00;582.00;0.00;0.00;0.00;0.00;582.00;725.01;0.00;582.00;0.00;0.00;1496.01;0.00;310.00;300.00;300.00;1398.67;1220.34;2390.68;978.67;2752.33;2412.67;1758.01;1816.01;320.00;449.34;1491.01;422.33;1570.00;0.00;320.00;310.00;0.00;0.00;0.00;0.00;0.00
1762062610.133908;0.00;0.00;0.00;0.00;0.00;0.00;0.00;0.00;0.00;0.00;582.00;0.00;0.00;0.00;0.00;582.00;725.01;0.00;582.00;0.00;0.00;1496.01;0.00;310.00;300.00;300.00;1398.67;1220.34;2390.68;978.67;2752.33;2412.67;1758.01;1816.01;320.00;449.34;1491.01;422.33;1570.00;0.00;320.00;310.00;0.00;0.00;0.00;0.00;0.00
1762062610.16687;0.00;0.00;0.00;0.00;0.00;0.00;0.00;0.00;0.00;0.00;582.00;0.00;0.00;0.00;0.00;582.00;725.01;0.00;582.00;0.00;0.00;1736.01;0.00;470.00;450.00;450.00;1398.67;1220.34;2390.68;978.67;2752.33;2642.67;1838.01;2216.01;480.00;449.34;1491.01;422.33;1570.00;0.00;320.00;620.00;0.00;0.00;0.00;0.00;0.00
1762062610.1675282;0.00;0.00;0.00;0.00;0.00;0.00;0.00;0.00;0.00;0.00;582.00;0.00;0.00;0.00;0.00;582.00;725.01;0.00;582.00;0.00;0.00;1736.01;0.00;470.00;450.00;450.00;1398.67;1220.34;2390.68;978.67;2752.33;2642.67;1838.01;2216.01;480.00;449.34;1491.01;422.33;1570.00;0.00;320.00;620.00;0.00;0.00;0.00;0.00;0.00
1762062611.4774992;0.00;0.00;0.00;0.00;0.00;0.00;0.00;0.00;0.00;0.00;485.00;0.00;0.00;0.00;0.00;582.00;725.01;144.67;97.00;0.00;0.00;1736.01;0.00;780.00;760.00;904.67;1398.67;1220.34;2390.68;978.67;2752.33;2642.67;1353.01;2216.01;480.00;449.34;1491.01;422.33;1570.00;0.00;320.00;620.00;0.00;0.00;0.00;0.00;0.00
1762062611.4778883;0.00;0.00;0.00;0.00;0.00;0.00;0.00;0.00;0.00;0.00;485.00;0.00;0.00;0.00;0.00;582.00;725.01;144.67;97.00;0.00;0.00;1736.01;0.00;780.00;760.00;904.67;1398.67;1220.34;2390.68;978.67;2752.33;2642.67;1353.01;2216.01;480.00;449.34;1491.01;422.33;1570.00;0.00;320.00;620.00;0.00;0.00;0.00;0.00;0.00
1762062611.495772;0.00;0.00;0.00;0.00;0.00;144.67;0.00;0.00;0.00;0.00;485.00;0.00;0.00;0.00;0.00;582.00;725.01;144.67;97.00;0.00;0.00;1736.01;0.00;780.00;760.00;904.67;1398.67;1220.34;2390.68;978.67;2902.33;2802.67;1353.01;2216.01;480.00;449.34;1491.01;422.33;1570.00;0.00;320.00;620.00;0.00;0.00;0.00;0.00;0.00
1762062611.496142;0.00;0.00;0.00;0.00;0.00;144.67;0.00;0.00;0.00;0.00;485.00;0.00;0.00;0.00;0.00;582.00;725.01;144.67;97.00;0.00;0.00;1736.01;0.00;780.00;760.00;904.67;1398.67;1220.34;2390.68;978.67;2902.33;2802.67;1353.01;2216.01;480.00;449.34;1491.01;422.33;1570.00;0.00;320.00;620.00;0.00;0.00;0.00;0.00;0.00
1762062611.5201538;0.00;0.00;0.00;0.00;0.00;289.34;0.00;0.00;0.00;0.00;485.00;0.00;0.00;0.00;0.00;582.00;725.01;144.67;97.00;0.00;0.00;1736.01;0.00;780.00;760.00;904.67;1398.67;1220.34;2390.68;978.67;2902.33;2947.34;1353.01;2216.01;480.00;449.34;1491.01;422.33;1570.00;0.00;320.00;620.00;0.00;0.00;0.00;0.00;0.00
1762062611.5205445;0.00;0.00;0.00;0.00;0.00;289.34;0.00;0.00;0.00;0.00;485.00;0.00;0.00;0.00;0.00;582.00;725.01;144.67;97.00;0.00;0.00;1736.01;0.00;780.00;760.00;904.67;1398.67;1220.34;2390.68;978.67;2902.33;2947.34;1353.01;2216.01;480.00;449.34;1491.01;422.33;1570.00;0.00;320.00;620.00;0.00;0.00;0.00;0.00;0.00
1762062611.5452108;0.00;0.00;0.00;0.00;0.00;529.34;0.00;0.00;0.00;0.00;485.00;0.00;0.00;0.00;0.00;582.00;725.01;144.67;97.00;0.00;0.00;1736.01;0.00;780.00;760.00;904.67;1398.67;1220.34;2390.68;978.67;2902.33;3187.34;1353.01;2216.01;480.00;449.34;1491.01;422.33;1570.00;0.00;320.00;620.00;0.00;0.00;0.00;0.00;0.00
1762062611.545597;0.00;0.00;0.00;0.00;0.00;529.34;0.00;0.00;0.00;0.00;485.00;0.00;0.00;0.00;0.00;582.00;725.01;144.67;97.00;0.00;0.00;1736.01;0.00;780.00;760.00;904.67;1398.67;1220.34;2390.68;978.67;2902.33;3187.34;1353.01;2216.01;480.00;449.34;1491.01;422.33;1570.00;0.00;320.00;620.00;0.00;0.00;0.00;0.00;0.00
1762062611.563966;0.00;0.00;0.00;0.00;0.00;769.34;0.00;0.00;0.00;0.00;485.00;0.00;0.00;0.00;0.00;582.00;725.01;144.67;97.00;0.00;0.00;1736.01;0.00;780.00;760.00;904.67;1398.67;1220.34;2390.68;978.67;2902.33;3427.34;1353.01;2216.01;480.00;449.34;1491.01;422.33;1570.00;0.00;320.00;620.00;0.00;0.00;0.00;0.00;0.00
1762062611.5643392;0.00;0.00;0.00;0.00;0.00;769.34;0.00;0.00;0.00;0.00;485.00;0.00;0.00;0.00;0.00;582.00;725.01;144.67;97.00;0.00;0.00;1736.01;0.00;780.00;760.00;904.67;1398.67;1220.34;2390.68;978.67;2902.33;3427.34;1353.01;2216.01;480.00;449.34;1491.01;422.33;1570.00;0.00;320.00;620.00;0.00;0.00;0.00;0.00;0.00
1762062611.5883942;0.00;0.00;0.00;0.00;0.00;1009.34;0.00;0.00;0.00;0.00;485.00;0.00;0.00;0.00;0.00;582.00;725.01;144.67;97.00;0.00;0.00;1736.01;0.00;780.00;760.00;904.67;1398.67;1220.34;2390.68;978.67;2902.33;3667.34;1353.01;2216.01;480.00;449.34;1491.01;422.33;1570.00;0.00;320.00;620.00;0.00;0.00;0.00;0.00;0.00
1762062611.5887551;0.00;0.00;0.00;0.00;0.00;1009.34;0.00;0.00;0.00;0.00;485.00;0.00;0.00;0.00;0.00;582.00;725.01;144.67;97.00;0.00;0.00;1736.01;0.00;780.00;760.00;904.67;1398.67;1220.34;2390.68;978.67;2902.33;3667.34;1353.01;2216.01;480.00;449.34;1491.01;422.33;1570.00;0.00;320.00;620.00;0.00;0.00;0.00;0.00;0.00
1762062616.4985065;0.00;0.00;0.00;0.00;0.00;1009.34;0.00;0.00;0.00;0.00;291.00;0.00;0.00;0.00;0.00;582.00;725.01;384.67;97.00;0.00;0.00;1736.01;0.00;780.00;760.00;1144.67;1364.67;1186.34;2356.68;978.67;2902.33;3667.34;1353.01;2216.01;480.00;449.34;1491.01;422.33;1570.00;0.00;320.00;620.00;0.00;0.00;0.00;0.00;0.00
1762062616.499194;0.00;0.00;0.00;0.00;0.00;1009.34;0.00;0.00;0.00;0.00;291.00;0.00;0.00;0.00;0.00;582.00;725.01;384.67;97.00;0.00;0.00;1736.01;0.00;780.00;760.00;1144.67;1364.67;1186.34;2356.68;978.67;2902.33;3667.34;1353.01;2216.01;480.00;449.34;1491.01;422.33;1570.00;0.00;320.00;620.00;0.00;0.00;0.00;0.00;0.00
1762062616.5291262;0.00;0.00;0.00;0.00;0.00;1009.34;0.00;0.00;0.00;0.00;291.00;0.00;0.00;0.00;0.00;582.00;725.01;624.67;97.00;0.00;0.00;1736.01;0.00;780.00;760.00;1384.67;1524.67;1346.34;2516.68;978.67;2902.33;3667.34;1353.01;2216.01;480.00;449.34;1491.01;422.33;1570.00;0.00;320.00;620.00;0.00;0.00;0.00;0.00;0.00
1762062616.5297759;0.00;0.00;0.00;0.00;0.00;1009.34;0.00;0.00;0.00;0.00;291.00;0.00;0.00;0.00;0.00;582.00;725.01;624.67;97.00;0.00;0.00;1736.01;0.00;780.00;760.00;1384.67;1524.67;1346.34;2516.68;978.67;2902.33;3667.34;1353.01;2216.01;480.00;449.34;1491.01;422.33;1570.00;0.00;320.00;620.00;0.00;0.00;0.00;0.00;0.00
1762062625.0012963;0.00;0.00;0.00;0.00;0.00;1009.34;0.00;0.00;0.00;0.00;291.00;0.00;0.00;0.00;0.00;582.00;725.01;624.67;337.00;0.00;0.00;1736.01;0.00;940.00;910.00;1534.67;1524.67;1346.34;2516.68;978.67;2902.33;3667.34;1753.01;2376.01;640.00;449.34;1491.01;422.33;1570.00;0.00;320.00;930.00;0.00;0.00;0.00;0.00;0.00
1762062625.0019886;0.00;0.00;0.00;0.00;0.00;1009.34;0.00;0.00;0.00;0.00;291.00;0.00;0.00;0.00;0.00;582.00;725.01;624.67;337.00;0.00;0.00;1736.01;0.00;940.00;910.00;1534.67;1524.67;1346.34;2516.68;978.67;2902.33;3667.34;1753.01;2376.01;640.00;449.34;1491.01;422.33;1570.00;0.00;320.00;930.00;0.00;0.00;0.00;0.00;0.00
1762062625.041027;0.00;0.00;0.00;0.00;0.00;1009.34;0.00;0.00;0.00;0.00;291.00;0.00;0.00;0.00;0.00;582.00;725.01;624.67;577.00;0.00;0.00;1736.01;0.00;1100.00;1070.00;1694.67;1684.67;1506.34;2676.68;978.67;2902.33;3667.34;1833.01;2536.01;800.00;449.34;1491.01;422.33;1570.00;320.00;320.00;930.00;0.00;0.00;0.00;0.00;0.00
1762062625.0417533;0.00;0.00;0.00;0.00;0.00;1009.34;0.00;0.00;0.00;0.00;291.00;0.00;0.00;0.00;0.00;582.00;725.01;624.67;577.00;0.00;0.00;1736.01;0.00;1100.00;1070.00;1694.67;1684.67;1506.34;2676.68;978.67;2902.33;3667.34;1833.01;2536.01;800.00;449.34;1491.01;422.33;1570.00;320.00;320.00;930.00;0.00;0.00;0.00;0.00;0.00
1762062625.079413;0.00;0.00;0.00;0.00;0.00;1009.34;0.00;0.00;0.00;0.00;291.00;0.00;0.00;0.00;0.00;582.00;725.01;624.67;817.00;0.00;0.00;1736.01;0.00;1100.00;1070.00;1694.67;1684.67;1506.34;2676.68;1138.67;3062.33;3827.34;2073.01;2536.01;800.00;759.34;1491.01;742.33;1570.00;320.00;320.00;930.00;0.00;0.00;0.00;0.00;0.00
1762062625.0801246;0.00;0.00;0.00;0.00;0.00;1009.34;0.00;0.00;0.00;0.00;291.00;0.00;0.00;0.00;0.00;582.00;725.01;624.67;817.00;0.00;0.00;1736.01;0.00;1100.00;1070.00;1694.67;1684.67;1506.34;2676.68;1138.67;3062.33;3827.34;2073.01;2536.01;800.00;759.34;1491.01;742.33;1570.00;320.00;320.00;930.00;0.00;0.00;0.00;0.00;0.00
1762062625.1212628;0.00;0.00;0.00;0.00;0.00;1009.34;0.00;0.00;0.00;0.00;291.00;0.00;0.00;0.00;0.00;582.00;725.01;624.67;1057.00;0.00;0.00;1736.01;0.00;1100.00;1070.00;1694.67;1684.67;1506.34;2676.68;1138.67;3212.33;3987.34;2313.01;2536.01;800.00;759.34;1491.01;1052.33;1570.00;320.00;320.00;930.00;0.00;0.00;0.00;0.00;0.00
1762062625.1219778;0.00;0.00;0.00;0.00;0.00;1009.34;0.00;0.00;0.00;0.00;291.00;0.00;0.00;0.00;0.00;582.00;725.01;624.67;1057.00;0.00;0.00;1736.01;0.00;1100.00;1070.00;1694.67;1684.67;1506.34;2676.68;1138.67;3212.33;3987.34;2313.01;2536.01;800.00;759.34;1491.01;1052.33;1570.00;320.00;320.00;930.00;0.00;0.00;0.00;0.00;0.00
1762062625.1624622;0.00;0.00;0.00;0.00;0.00;1009.34;0.00;0.00;0.00;0.00;291.00;0.00;0.00;0.00;0.00;582.00;725.01;624.67;1297.00;0.00;0.00;1736.01;0.00;1100.00;1070.00;1694.67;1684.67;1506.34;2986.68;1298.67;3372.33;4147.34;2553.01;2536.01;800.00;759.34;1491.01;1372.33;1570.00;320.00;320.00;930.00;310.00;0.00;0.00;0.00;0.00
1762062625.1631718;0.00;0.00;0.00;0.00;0.00;1009.34;0.00;0.00;0.00;0.00;291.00;0.00;0.00;0.00;0.00;582.00;725.01;624.67;1297.00;0.00;0.00;1736.01;0.00;1100.00;1070.00;1694.67;1684.67;1506.34;2986.68;1298.67;3372.33;4147.34;2553.01;2536.01;800.00;759.34;1491.01;1372.33;1570.00;320.00;320.00;930.00;310.00;0.00;0.00;0.00;0.00
1762062625.2010643;0.00;0.00;0.00;0.00;0.00;1009.34;0.00;0.00;0.00;0.00;291.00;0.00;0.00;0.00;0.00;582.00;725.01;624.67;1537.00;0.00;0.00;1736.01;0.00;1250.00;1220.00;1844.67;1684.67;1506.34;2986.68;1298.67;3372.33;4467.34;2953.01;2696.01;950.00;759.34;1491.01;1692.33;1570.00;320.00;320.00;930.00;310.00;0.00;0.00;310.00;0.00
1762062625.2017813;0.00;0.00;0.00;0.00;0.00;1009.34;0.00;0.00;0.00;0.00;291.00;0.00;0.00;0.00;0.00;582.00;725.01;624.67;1537.00;0.00;0.00;1736.01;0.00;1250.00;1220.00;1844.67;1684.67;1506.34;2986.68;1298.67;3372.33;4467.34;2953.01;2696.01;950.00;759.34;1491.01;1692.33;1570.00;320.00;320.00;930.00;310.00;0.00;0.00;310.00;0.00
1762062631.5128877;0.00;0.00;0.00;0.00;0.00;1009.34;0.00;0.00;0.00;0.00;194.00;0.00;0.00;0.00;0.00;582.00;725.01;864.67;1537.00;0.00;0.00;1736.01;0.00;1250.00;1220.00;2084.67;1524.67;1346.34;2826.68;1298.67;3372.33;4467.34;2953.01;2696.01;950.00;759.34;1491.01;1692.33;1570.00;320.00;320.00;930.00;310.00;0.00;0.00;310.00;0.00
1762062631.5135612;0.00;0.00;0.00;0.00;0.00;1009.34;0.00;0.00;0.00;0.00;194.00;0.00;0.00;0.00;0.00;582.00;725.01;864.67;1537.00;0.00;0.00;1736.01;0.00;1250.00;1220.00;2084.67;1524.67;1346.34;2826.68;1298.67;3372.33;4467.34;2953.01;2696.01;950.00;759.34;1491.01;1692.33;1570.00;320.00;320.00;930.00;310.00;0.00;0.00;310.00;0.00
1762062650.0150113;0.00;0.00;0.00;0.00;0.00;0.00;0.00;0.00;0.00;0.00;194.00;0.00;0.00;0.00;240.00;582.00;725.01;864.67;1440.00;0.00;0.00;1736.01;0.00;1250.00;1220.00;2394.67;1684.67;1506.34;3226.68;1298.67;3072.33;3282.67;2856.01;2696.01;950.00;1079.34;1171.01;1692.33;1570.00;320.00;320.00;930.00;310.00;0.00;0.00;310.00;0.00
1762062650.0156915;0.00;0.00;0.00;0.00;0.00;0.00;0.00;0.00;0.00;0.00;194.00;0.00;0.00;0.00;240.00;582.00;725.01;864.67;1440.00;0.00;0.00;1736.01;0.00;1250.00;1220.00;2394.67;1684.67;1506.34;3226.68;1298.67;3072.33;3282.67;2856.01;2696.01;950.00;1079.34;1171.01;1692.33;1570.00;320.00;320.00;930.00;310.00;0.00;0.00;310.00;0.00
1762062650.0522022;0.00;0.00;0.00;0.00;0.00;0.00;0.00;0.00;0.00;0.00;194.00;0.00;0.00;0.00;480.00;582.00;725.01;864.67;1440.00;0.00;0.00;1736.01;0.00;1250.00;1220.00;2394.67;1684.67;1506.34;3466.68;1298.67;3072.33;3282.67;2856.01;2696.01;950.00;1389.34;1171.01;1692.33;1570.00;320.00;320.00;930.00;310.00;0.00;0.00;310.00;0.00
1762062650.052852;0.00;0.00;0.00;0.00;0.00;0.00;0.00;0.00;0.00;0.00;194.00;0.00;0.00;0.00;480.00;582.00;725.01;864.67;1440.00;0.00;0.00;1736.01;0.00;1250.00;1220.00;2394.67;1684.67;1506.34;3466.68;1298.67;3072.33;3282.67;2856.01;2696.01;950.00;1389.34;1171.01;1692.33;1570.00;320.00;320.00;930.00;310.00;0.00;0.00;310.00;0.00
1762062650.092795;0.00;0.00;0.00;0.00;0.00;0.00;0.00;0.00;0.00;0.00;194.00;0.00;0.00;0.00;720.00;582.00;725.01;864.67;1440.00;0.00;0.00;1736.01;0.00;1250.00;1220.00;2394.67;1684.67;1816.34;3696.68;1298.67;3072.33;3282.67;2856.01;2696.01;950.00;1389.34;1171.01;1692.33;1570.00;320.00;320.00;930.00;310.00;0.00;0.00;310.00;0.00
1762062650.093503;0.00;0.00;0.00;0.00;0.00;0.00;0.00;0.00;0.00;0.00;194.00;0.00;0.00;0.00;720.00;582.00;725.01;864.67;1440.00;0.00;0.00;1736.01;0.00;1250.00;1220.00;2394.67;1684.67;1816.34;3696.68;1298.67;3072.33;3282.67;2856.01;2696.01;950.00;1389.34;1171.01;1692.33;1570.00;320.00;320.00;930.00;310.00;0.00;0.00;310.00;0.00
1762062650.1339307;0.00;0.00;0.00;0.00;0.00;0.00;0.00;0.00;0.00;0.00;194.00;0.00;0.00;0.00;960.00;582.00;725.01;864.67;1440.00;0.00;0.00;1736.01;0.00;1250.00;1530.00;2704.67;1844.67;1976.34;3776.68;1298.67;3072.33;3282.67;2856.01;2696.01;950.00;1389.34;1171.01;1692.33;1570.00;320.00;320.00;930.00;310.00;320.00;0.00;310.00;0.00
1762062650.1346;0.00;0.00;0.00;0.00;0.00;0.00;0.00;0.00;0.00;0.00;194.00;0.00;0.00;0.00;960.00;582.00;725.01;864.67;1440.00;0.00;0.00;1736.01;0.00;1250.00;1530.00;2704.67;1844.67;1976.34;3776.68;1298.67;3072.33;3282.67;2856.01;2696.01;950.00;1389.34;1171.01;1692.33;1570.00;320.00;320.00;930.00;310.00;320.00;0.00;310.00;0.00
1762062650.1749804;0.00;0.00;0.00;0.00;0.00;0.00;0.00;0.00;0.00;0.00;194.00;0.00;0.00;0.00;1200.00;582.00;725.01;864.67;1440.00;0.00;0.00;1736.01;0.00;1250.00;1530.00;2704.67;2004.67;2136.34;3856.68;1298.67;3072.33;3282.67;2856.01;2696.01;950.00;1389.34;1171.01;1692.33;1570.00;630.00;320.00;930.00;310.00;320.00;0.00;310.00;0.00
1762062650.1756964;0.00;0.00;0.00;0.00;0.00;0.00;0.00;0.00;0.00;0.00;194.00;0.00;0.00;0.00;1200.00;582.00;725.01;864.67;1440.00;0.00;0.00;1736.01;0.00;1250.00;1530.00;2704.67;2004.67;2136.34;3856.68;1298.67;3072.33;3282.67;2856.01;2696.01;950.00;1389.34;1171.01;1692.33;1570.00;630.00;320.00;930.00;310.00;320.00;0.00;310.00;0.00
1762062650.215544;0.00;0.00;0.00;0.00;0.00;0.00;0.00;0.00;0.00;0.00;194.00;0.00;0.00;0.00;1440.00;582.00;725.01;864.67;1440.00;0.00;0.00;1736.01;0.00;1250.00;1530.00;2704.67;2004.67;2136.34;4096.68;1608.67;3232.33;3442.67;2856.01;2696.01;950.00;1389.34;1171.01;1692.33;1570.00;630.00;320.00;930.00;310.00;320.00;0.00;310.00;0.00
1762062650.2162187;0.00;0.00;0.00;0.00;0.00;0.00;0.00;0.00;0.00;0.00;194.00;0.00;0.00;0.00;1440.00;582.00;725.01;864.67;1440.00;0.00;0.00;1736.01;0.00;1250.00;1530.00;2704.67;2004.67;2136.34;4096.68;1608.67;3232.33;3442.67;2856.01;2696.01;950.00;1389.34;1171.01;1692.33;1570.00;630.00;320.00;930.00;310.00;320.00;0.00;310.00;0.00
1762062651.5386665;0.00;0.00;0.00;0.00;0.00;0.00;0.00;0.00;0.00;0.00;97.00;0.00;0.00;0.00;1440.00;582.00;725.01;1104.67;1440.00;0.00;0.00;1736.01;0.00;1250.00;1530.00;2944.67;2020.00;2151.67;4112.01;1758.67;3232.33;3442.67;2856.01;2696.01;950.00;1389.34;1171.01;1692.33;1570.00;630.00;320.00;930.00;310.00;320.00;0.00;310.00;0.00
1762062651.5390828;0.00;0.00;0.00;0.00;0.00;0.00;0.00;0.00;0.00;0.00;97.00;0.00;0.00;0.00;1440.00;582.00;725.01;1104.67;1440.00;0.00;0.00;1736.01;0.00;1250.00;1530.00;2944.67;2020.00;2151.67;4112.01;1758.67;3232.33;3442.67;2856.01;2696.01;950.00;1389.34;1171.01;1692.33;1570.00;630.00;320.00;930.00;310.00;320.00;0.00;310.00;0.00
1762062661.5371413;0.00;0.00;0.00;0.00;0.00;0.00;0.00;0.00;0.00;0.00;0.00;0.00;0.00;0.00;1440.00;485.00;869.68;0.00;1440.00;0.00;0.00;1736.01;0.00;940.00;1220.00;1530.00;1540.00;1447.00;3594.35;1576.34;3232.33;3442.67;2856.01;2696.01;950.00;1389.34;1171.01;1692.33;1570.00;630.00;320.00;930.00;310.00;320.00;0.00;310.00;0.00
1762062661.5375495;0.00;0.00;0.00;0.00;0.00;0.00;0.00;0.00;0.00;0.00;0.00;0.00;0.00;0.00;1440.00;485.00;869.68;0.00;1440.00;0.00;0.00;1736.01;0.00;940.00;1220.00;1530.00;1540.00;1447.00;3594.35;1576.34;3232.33;3442.67;2856.01;2696.01;950.00;1389.34;1171.01;1692.33;1570.00;630.00;320.00;930.00;310.00;320.00;0.00;310.00;0.00
1762062673.037777;0.00;0.00;0.00;0.00;0.00;0.00;144.67;0.00;0.00;0.00;0.00;0.00;0.00;0.00;1440.00;485.00;869.68;0.00;1440.00;0.00;0.00;1736.01;0.00;940.00;1220.00;1530.00;1540.00;1447.00;3594.35;1736.34;3377.00;3442.67;2856.01;2696.01;950.00;1389.34;1171.01;1692.33;1570.00;630.00;320.00;930.00;310.00;320.00;0.00;310.00;0.00
1762062673.038202;0.00;0.00;0.00;0.00;0.00;0.00;144.67;0.00;0.00;0.00;0.00;0.00;0.00;0.00;1440.00;485.00;869.68;0.00;1440.00;0.00;0.00;1736.01;0.00;940.00;1220.00;1530.00;1540.00;1447.00;3594.35;1736.34;3377.00;3442.67;2856.01;2696.01;950.00;1389.34;1171.01;1692.33;1570.00;630.00;320.00;930.00;310.00;320.00;0.00;310.00;0.00
1762062673.0711699;0.00;0.00;0.00;0.00;0.00;0.00;384.67;0.00;0.00;0.00;0.00;0.00;0.00;0.00;1440.00;485.00;869.68;0.00;1440.00;0.00;0.00;1736.01;0.00;940.00;1220.00;1530.00;1540.00;1447.00;3594.35;1896.34;3537.00;3522.67;2856.01;2696.01;950.00;1389.34;1171.01;1692.33;1570.00;630.00;320.00;930.00;310.00;320.00;0.00;310.00;0.00
1762062673.0715573;0.00;0.00;0.00;0.00;0.00;0.00;384.67;0.00;0.00;0.00;0.00;0.00;0.00;0.00;1440.00;485.00;869.68;0.00;1440.00;0.00;0.00;1736.01;0.00;940.00;1220.00;1530.00;1540.00;1447.00;3594.35;1896.34;3537.00;3522.67;2856.01;2696.01;950.00;1389.34;1171.01;1692.33;1570.00;630.00;320.00;930.00;310.00;320.00;0.00;310.00;0.00
1762062673.105403;0.00;0.00;0.00;0.00;0.00;0.00;624.67;0.00;0.00;0.00;0.00;0.00;0.00;0.00;1440.00;485.00;869.68;0.00;1440.00;0.00;0.00;1736.01;0.00;940.00;1220.00;1530.00;1540.00;1447.00;3594.35;1896.34;3687.00;3682.67;2856.01;2696.01;950.00;1389.34;1171.01;1692.33;1570.00;630.00;320.00;930.00;310.00;320.00;0.00;310.00;0.00
1762062673.1057866;0.00;0.00;0.00;0.00;0.00;0.00;624.67;0.00;0.00;0.00;0.00;0.00;0.00;0.00;1440.00;485.00;869.68;0.00;1440.00;0.00;0.00;1736.01;0.00;940.00;1220.00;1530.00;1540.00;1447.00;3594.35;1896.34;3687.00;3682.67;2856.01;2696.01;950.00;1389.34;1171.01;1692.33;1570.00;630.00;320.00;930.00;310.00;320.00;0.00;310.00;0.00
1762062673.1333563;0.00;0.00;0.00;0.00;0.00;0.00;864.67;0.00;0.00;0.00;0.00;0.00;0.00;0.00;1440.00;485.00;869.68;0.00;1440.00;0.00;0.00;1736.01;0.00;940.00;1220.00;1530.00;1540.00;1447.00;3904.35;2056.34;3997.00;3682.67;2856.01;2696.01;950.00;1389.34;1171.01;1692.33;1570.00;630.00;320.00;930.00;310.00;320.00;0.00;310.00;0.00
1762062673.1337426;0.00;0.00;0.00;0.00;0.00;0.00;864.67;0.00;0.00;0.00;0.00;0.00;0.00;0.00;1440.00;485.00;869.68;0.00;1440.00;0.00;0.00;1736.01;0.00;940.00;1220.00;1530.00;1540.00;1447.00;3904.35;2056.34;3997.00;3682.67;2856.01;2696.01;950.00;1389.34;1171.01;1692.33;1570.00;630.00;320.00;930.00;310.00;320.00;0.00;310.00;0.00
1762062673.2719135;0.00;0.00;0.00;0.00;0.00;0.00;1104.67;0.00;0.00;0.00;0.00;0.00;0.00;0.00;1440.00;485.00;869.68;0.00;1440.00;0.00;0.00;1736.01;0.00;940.00;1220.00;1530.00;1540.00;1447.00;3904.35;2056.34;3997.00;3922.67;2856.01;2696.01;950.00;1389.34;1171.01;1692.33;1570.00;630.00;320.00;930.00;310.00;320.00;0.00;310.00;0.00
1762062673.2723098;0.00;0.00;0.00;0.00;0.00;0.00;1104.67;0.00;0.00;0.00;0.00;0.00;0.00;0.00;1440.00;485.00;869.68;0.00;1440.00;0.00;0.00;1736.01;0.00;940.00;1220.00;1530.00;1540.00;1447.00;3904.35;2056.34;3997.00;3922.67;2856.01;2696.01;950.00;1389.34;1171.01;1692.33;1570.00;630.00;320.00;930.00;310.00;320.00;0.00;310.00;0.00
1762062673.3052237;0.00;0.00;0.00;0.00;0.00;0.00;1344.67;0.00;0.00;0.00;0.00;0.00;0.00;0.00;1440.00;485.00;869.68;0.00;1440.00;0.00;0.00;1736.01;0.00;940.00;1220.00;1530.00;1540.00;1447.00;3904.35;2056.34;3997.00;4162.67;2856.01;2696.01;950.00;1389.34;1171.01;1692.33;1570.00;630.00;320.00;930.00;310.00;320.00;0.00;310.00;0.00
1762062673.305605;0.00;0.00;0.00;0.00;0.00;0.00;1344.67;0.00;0.00;0.00;0.00;0.00;0.00;0.00;1440.00;485.00;869.68;0.00;1440.00;0.00;0.00;1736.01;0.00;940.00;1220.00;1530.00;1540.00;1447.00;3904.35;2056.34;3997.00;4162.67;2856.01;2696.01;950.00;1389.34;1171.01;1692.33;1570.00;630.00;320.00;930.00;310.00;320.00;0.00;310.00;0.00
1762062676.5706203;0.00;240.00;0.00;0.00;0.00;0.00;1344.67;0.00;0.00;0.00;0.00;0.00;0.00;0.00;1440.00;485.00;628.01;0.00;1440.00;0.00;0.00;1639.01;0.00;940.00;1220.00;1530.00;1240.00;1207.00;3892.68;2119.34;3734.67;3970.34;2759.01;2599.01;950.00;1164.67;946.34;1692.33;1490.00;630.00;0.00;930.00;310.00;320.00;0.00;310.00;0.00
1762062676.571316;0.00;240.00;0.00;0.00;0.00;0.00;1344.67;0.00;0.00;0.00;0.00;0.00;0.00;0.00;1440.00;485.00;628.01;0.00;1440.00;0.00;0.00;1639.01;0.00;940.00;1220.00;1530.00;1240.00;1207.00;3892.68;2119.34;3734.67;3970.34;2759.01;2599.01;950.00;1164.67;946.34;1692.33;1490.00;630.00;0.00;930.00;310.00;320.00;0.00;310.00;0.00
1762062676.6056776;0.00;480.00;0.00;0.00;0.00;0.00;1344.67;0.00;0.00;0.00;0.00;0.00;0.00;0.00;1440.00;485.00;628.01;0.00;1440.00;0.00;0.00;1639.01;0.00;940.00;1220.00;1530.00;1240.00;1207.00;3892.68;2119.34;3964.67;3970.34;2759.01;2599.01;950.00;1164.67;946.34;1692.33;1720.00;630.00;0.00;930.00;310.00;320.00;0.00;310.00;0.00
1762062676.6063414;0.00;480.00;0.00;0.00;0.00;0.00;1344.67;0.00;0.00;0.00;0.00;0.00;0.00;0.00;1440.00;485.00;628.01;0.00;1440.00;0.00;0.00;1639.01;0.00;940.00;1220.00;1530.00;1240.00;1207.00;3892.68;2119.34;3964.67;3970.34;2759.01;2599.01;950.00;1164.67;946.34;1692.33;1720.00;630.00;0.00;930.00;310.00;320.00;0.00;310.00;0.00
1762062676.630458;0.00;480.00;0.00;0.00;0.00;0.00;1344.67;0.00;0.00;0.00;0.00;0.00;0.00;0.00;1440.00;485.00;628.01;0.00;1440.00;0.00;0.00;1639.01;240.00;940.00;1220.00;1530.00;1240.00;1207.00;3892.68;2119.34;3964.67;3970.34;2999.01;2839.01;950.00;1164.67;946.34;1692.33;1720.00;630.00;0.00;930.00;310.00;320.00;0.00;310.00;0.00
1762062676.6308491;0.00;480.00;0.00;0.00;0.00;0.00;1344.67;0.00;0.00;0.00;0.00;0.00;0.00;0.00;1440.00;485.00;628.01;0.00;1440.00;0.00;0.00;1639.01;240.00;940.00;1220.00;1530.00;1240.00;1207.00;3892.68;2119.34;3964.67;3970.34;2999.01;2839.01;950.00;1164.67;946.34;1692.33;1720.00;630.00;0.00;930.00;310.00;320.00;0.00;310.00;0.00
1762062681.5737371;0.00;480.00;0.00;0.00;0.00;0.00;1344.67;0.00;0.00;0.00;0.00;0.00;0.00;0.00;1440.00;388.00;772.68;0.00;1440.00;0.00;0.00;1154.01;0.00;940.00;1220.00;1530.00;1400.00;1367.00;3732.68;1959.34;2774.67;3104.01;2274.01;2114.01;950.00;1164.67;0.00;1580.00;1720.00;630.00;0.00;930.00;310.00;320.00;0.00;310.00;0.00
1762062681.57413;0.00;480.00;0.00;0.00;0.00;0.00;1344.67;0.00;0.00;0.00;0.00;0.00;0.00;0.00;1440.00;388.00;772.68;0.00;1440.00;0.00;0.00;1154.01;0.00;940.00;1220.00;1530.00;1400.00;1367.00;3732.68;1959.34;2774.67;3104.01;2274.01;2114.01;950.00;1164.67;0.00;1580.00;1720.00;630.00;0.00;930.00;310.00;320.00;0.00;310.00;0.00
1762062686.579674;0.00;480.00;0.00;0.00;0.00;0.00;1344.67;0.00;0.00;0.00;0.00;0.00;0.00;0.00;1200.00;435.67;675.68;0.00;1440.00;0.00;0.00;1154.01;0.00;940.00;910.00;1220.00;1480.00;1447.00;3198.01;1654.67;2774.67;3104.01;2274.01;2114.01;950.00;1164.67;0.00;1580.00;1090.00;630.00;0.00;930.00;310.00;0.00;0.00;310.00;0.00
1762062686.5803869;0.00;480.00;0.00;0.00;0.00;0.00;1344.67;0.00;0.00;0.00;0.00;0.00;0.00;0.00;1200.00;435.67;675.68;0.00;1440.00;0.00;0.00;1154.01;0.00;940.00;910.00;1220.00;1480.00;1447.00;3198.01;1654.67;2774.67;3104.01;2274.01;2114.01;950.00;1164.67;0.00;1580.00;1090.00;630.00;0.00;930.00;310.00;0.00;0.00;310.00;0.00
1762062686.604727;0.00;480.00;0.00;0.00;0.00;0.00;1344.67;0.00;0.00;0.00;0.00;0.00;0.00;0.00;1200.00;580.34;675.68;0.00;1440.00;0.00;0.00;1154.01;0.00;940.00;910.00;1220.00;1624.67;1591.67;3198.01;1654.67;2774.67;3104.01;2274.01;2114.01;950.00;1164.67;0.00;1580.00;1090.00;630.00;0.00;930.00;310.00;0.00;0.00;310.00;0.00
1762062686.605087;0.00;480.00;0.00;0.00;0.00;0.00;1344.67;0.00;0.00;0.00;0.00;0.00;0.00;0.00;1200.00;580.34;675.68;0.00;1440.00;0.00;0.00;1154.01;0.00;940.00;910.00;1220.00;1624.67;1591.67;3198.01;1654.67;2774.67;3104.01;2274.01;2114.01;950.00;1164.67;0.00;1580.00;1090.00;630.00;0.00;930.00;310.00;0.00;0.00;310.00;0.00
1762062686.6322358;0.00;480.00;0.00;0.00;0.00;0.00;1344.67;0.00;0.00;0.00;0.00;0.00;0.00;0.00;1200.00;580.34;820.35;0.00;1440.00;0.00;0.00;1154.01;0.00;940.00;910.00;1220.00;1999.34;1656.34;3278.01;1734.67;2774.67;3104.01;2274.01;2114.01;950.00;1164.67;0.00;1580.00;1090.00;630.00;0.00;930.00;310.00;0.00;0.00;310.00;0.00
1762062686.6325986;0.00;480.00;0.00;0.00;0.00;0.00;1344.67;0.00;0.00;0.00;0.00;0.00;0.00;0.00;1200.00;580.34;820.35;0.00;1440.00;0.00;0.00;1154.01;0.00;940.00;910.00;1220.00;1999.34;1656.34;3278.01;1734.67;2774.67;3104.01;2274.01;2114.01;950.00;1164.67;0.00;1580.00;1090.00;630.00;0.00;930.00;310.00;0.00;0.00;310.00;0.00
1762062691.5876715;0.00;577.00;0.00;0.00;0.00;0.00;1344.67;0.00;0.00;0.00;0.00;0.00;0.00;0.00;1200.00;386.34;578.68;0.00;1440.00;0.00;0.00;1154.01;0.00;940.00;910.00;1220.00;1549.34;1479.34;2816.34;1510.00;2871.67;3104.01;2274.01;2114.01;950.00;1164.67;0.00;1580.00;780.00;630.00;0.00;930.00;310.00;0.00;0.00;310.00;0.00
1762062691.5880797;0.00;577.00;0.00;0.00;0.00;0.00;1344.67;0.00;0.00;0.00;0.00;0.00;0.00;0.00;1200.00;386.34;578.68;0.00;1440.00;0.00;0.00;1154.01;0.00;940.00;910.00;1220.00;1549.34;1479.34;2816.34;1510.00;2871.67;3104.01;2274.01;2114.01;950.00;1164.67;0.00;1580.00;780.00;630.00;0.00;930.00;310.00;0.00;0.00;310.00;0.00
1762062691.6190917;0.00;721.67;0.00;0.00;0.00;0.00;1344.67;0.00;0.00;0.00;0.00;0.00;0.00;0.00;1200.00;386.34;578.68;0.00;1440.00;0.00;0.00;1154.01;0.00;940.00;910.00;1220.00;1549.34;1479.34;2816.34;1510.00;3016.34;3104.01;2274.01;2114.01;950.00;1164.67;0.00;1580.00;780.00;630.00;0.00;930.00;310.00;0.00;0.00;310.00;0.00
1762062691.619476;0.00;721.67;0.00;0.00;0.00;0.00;1344.67;0.00;0.00;0.00;0.00;0.00;0.00;0.00;1200.00;386.34;578.68;0.00;1440.00;0.00;0.00;1154.01;0.00;940.00;910.00;1220.00;1549.34;1479.34;2816.34;1510.00;3016.34;3104.01;2274.01;2114.01;950.00;1164.67;0.00;1580.00;780.00;630.00;0.00;930.00;310.00;0.00;0.00;310.00;0.00
1762062691.6505785;0.00;721.67;0.00;0.00;0.00;0.00;1344.67;0.00;0.00;0.00;0.00;0.00;0.00;0.00;1200.00;386.34;723.35;0.00;1440.00;0.00;0.00;1154.01;0.00;940.00;910.00;1220.00;1549.34;1479.34;2961.01;1670.00;3016.34;3104.01;2274.01;2114.01;950.00;1164.67;0.00;1580.00;780.00;630.00;0.00;930.00;310.00;0.00;0.00;310.00;0.00
1762062691.6509695;0.00;721.67;0.00;0.00;0.00;0.00;1344.67;0.00;0.00;0.00;0.00;0.00;0.00;0.00;1200.00;386.34;723.35;0.00;1440.00;0.00;0.00;1154.01;0.00;940.00;910.00;1220.00;1549.34;1479.34;2961.01;1670.00;3016.34;3104.01;2274.01;2114.01;950.00;1164.67;0.00;1580.00;780.00;630.00;0.00;930.00;310.00;0.00;0.00;310.00;0.00
1762062691.6789765;0.00;721.67;0.00;0.00;0.00;0.00;1344.67;0.00;0.00;0.00;0.00;0.00;0.00;0.00;1200.00;386.34;868.02;0.00;1440.00;0.00;0.00;1154.01;0.00;940.00;910.00;1220.00;1549.34;1479.34;3415.68;1670.00;3016.34;3104.01;2274.01;2114.01;950.00;1164.67;0.00;1580.00;780.00;630.00;0.00;930.00;310.00;0.00;0.00;310.00;0.00
1762062691.6793537;0.00;721.67;0.00;0.00;0.00;0.00;1344.67;0.00;0.00;0.00;0.00;0.00;0.00;0.00;1200.00;386.34;868.02;0.00;1440.00;0.00;0.00;1154.01;0.00;940.00;910.00;1220.00;1549.34;1479.34;3415.68;1670.00;3016.34;3104.01;2274.01;2114.01;950.00;1164.67;0.00;1580.00;780.00;630.00;0.00;930.00;310.00;0.00;0.00;310.00;0.00
1762062692.049772;0.00;721.67;0.00;0.00;0.00;0.00;1344.67;0.00;0.00;0.00;0.00;0.00;0.00;0.00;1200.00;386.34;868.02;0.00;1440.00;0.00;0.00;1154.01;144.67;940.00;910.00;1220.00;1549.34;1479.34;3415.68;1670.00;3016.34;3104.01;2418.68;2258.68;950.00;1164.67;0.00;1580.00;780.00;630.00;0.00;930.00;310.00;0.00;0.00;310.00;0.00
1762062692.0501783;0.00;721.67;0.00;0.00;0.00;0.00;1344.67;0.00;0.00;0.00;0.00;0.00;0.00;0.00;1200.00;386.34;868.02;0.00;1440.00;0.00;0.00;1154.01;144.67;940.00;910.00;1220.00;1549.34;1479.34;3415.68;1670.00;3016.34;3104.01;2418.68;2258.68;950.00;1164.67;0.00;1580.00;780.00;630.00;0.00;930.00;310.00;0.00;0.00;310.00;0.00
1762062692.0868747;0.00;721.67;0.00;0.00;0.00;0.00;1344.67;0.00;0.00;0.00;0.00;0.00;0.00;0.00;1200.00;386.34;868.02;0.00;1440.00;0.00;0.00;1154.01;289.34;940.00;910.00;1220.00;1549.34;1479.34;3415.68;1670.00;3016.34;3104.01;2563.35;2403.35;950.00;1164.67;0.00;1580.00;780.00;630.00;0.00;930.00;310.00;0.00;0.00;310.00;0.00
1762062692.0873175;0.00;721.67;0.00;0.00;0.00;0.00;1344.67;0.00;0.00;0.00;0.00;0.00;0.00;0.00;1200.00;386.34;868.02;0.00;1440.00;0.00;0.00;1154.01;289.34;940.00;910.00;1220.00;1549.34;1479.34;3415.68;1670.00;3016.34;3104.01;2563.35;2403.35;950.00;1164.67;0.00;1580.00;780.00;630.00;0.00;930.00;310.00;0.00;0.00;310.00;0.00
1762062692.1238906;0.00;721.67;0.00;0.00;0.00;0.00;1344.67;0.00;0.00;0.00;0.00;0.00;0.00;0.00;1200.00;386.34;868.02;0.00;1440.00;0.00;0.00;1154.01;434.01;940.00;910.00;1220.00;1549.34;1479.34;3415.68;1670.00;3176.34;3264.01;2708.02;2548.02;950.00;1164.67;0.00;1580.00;780.00;630.00;0.00;930.00;310.00;0.00;0.00;310.00;0.00
1762062692.1243296;0.00;721.67;0.00;0.00;0.00;0.00;1344.67;0.00;0.00;0.00;0.00;0.00;0.00;0.00;1200.00;386.34;868.02;0.00;1440.00;0.00;0.00;1154.01;434.01;940.00;910.00;1220.00;1549.34;1479.34;3415.68;1670.00;3176.34;3264.01;2708.02;2548.02;950.00;1164.67;0.00;1580.00;780.00;630.00;0.00;930.00;310.00;0.00;0.00;310.00;0.00
1762062692.1626296;0.00;721.67;0.00;0.00;0.00;0.00;1344.67;0.00;0.00;0.00;0.00;0.00;0.00;0.00;1200.00;386.34;868.02;0.00;1440.00;0.00;0.00;1154.01;674.01;940.00;910.00;1220.00;1549.34;1479.34;3415.68;1670.00;3176.34;3264.01;2948.02;2788.02;950.00;1164.67;540.00;1580.00;780.00;630.00;0.00;930.00;310.00;0.00;0.00;310.00;0.00
1762062692.1630588;0.00;721.67;0.00;0.00;0.00;0.00;1344.67;0.00;0.00;0.00;0.00;0.00;0.00;0.00;1200.00;386.34;868.02;0.00;1440.00;0.00;0.00;1154.01;674.01;940.00;910.00;1220.00;1549.34;1479.34;3415.68;1670.00;3176.34;3264.01;2948.02;2788.02;950.00;1164.67;540.00;1580.00;780.00;630.00;0.00;930.00;310.00;0.00;0.00;310.00;0.00
1762062692.191921;0.00;721.67;0.00;0.00;0.00;0.00;1344.67;0.00;0.00;0.00;0.00;0.00;0.00;0.00;1200.00;386.34;868.02;0.00;1440.00;0.00;0.00;1154.01;914.01;940.00;910.00;1220.00;1549.34;1479.34;3415.68;1670.00;3326.34;3424.01;3188.02;3028.02;950.00;1164.67;1090.00;1580.00;780.00;630.00;0.00;930.00;310.00;0.00;0.00;310.00;0.00
1762062692.1923485;0.00;721.67;0.00;0.00;0.00;0.00;1344.67;0.00;0.00;0.00;0.00;0.00;0.00;0.00;1200.00;386.34;868.02;0.00;1440.00;0.00;0.00;1154.01;914.01;940.00;910.00;1220.00;1549.34;1479.34;3415.68;1670.00;3326.34;3424.01;3188.02;3028.02;950.00;1164.67;1090.00;1580.00;780.00;630.00;0.00;930.00;310.00;0.00;0.00;310.00;0.00
1762062692.229282;0.00;721.67;0.00;0.00;0.00;0.00;1344.67;0.00;0.00;0.00;0.00;0.00;0.00;0.00;1200.00;386.34;868.02;0.00;1440.00;0.00;0.00;1154.01;1154.01;940.00;910.00;1220.00;1549.34;1479.34;3415.68;1670.00;3326.34;3424.01;3428.02;3268.02;950.00;1164.67;1630.00;1580.00;780.00;630.00;0.00;930.00;310.00;0.00;0.00;310.00;0.00
1762062692.229701;0.00;721.67;0.00;0.00;0.00;0.00;1344.67;0.00;0.00;0.00;0.00;0.00;0.00;0.00;1200.00;386.34;868.02;0.00;1440.00;0.00;0.00;1154.01;1154.01;940.00;910.00;1220.00;1549.34;1479.34;3415.68;1670.00;3326.34;3424.01;3428.02;3268.02;950.00;1164.67;1630.00;1580.00;780.00;630.00;0.00;930.00;310.00;0.00;0.00;310.00;0.00
1762062696.6096373;0.00;241.67;0.00;0.00;0.00;0.00;1344.67;0.00;0.00;0.00;0.00;0.00;0.00;0.00;960.00;289.34;1012.69;0.00;1200.00;0.00;0.00;1154.01;1154.01;780.00;750.00;750.00;1229.34;1159.34;2593.35;1510.00;2856.34;3424.01;3348.02;3108.02;790.00;844.67;1630.00;1580.00;320.00;310.00;0.00;930.00;310.00;0.00;0.00;310.00;0.00
1762062696.6103609;0.00;241.67;0.00;0.00;0.00;0.00;1344.67;0.00;0.00;0.00;0.00;0.00;0.00;0.00;960.00;289.34;1012.69;0.00;1200.00;0.00;0.00;1154.01;1154.01;780.00;750.00;750.00;1229.34;1159.34;2593.35;1510.00;2856.34;3424.01;3348.02;3108.02;790.00;844.67;1630.00;1580.00;320.00;310.00;0.00;930.00;310.00;0.00;0.00;310.00;0.00
1762062696.6463428;0.00;241.67;0.00;0.00;0.00;144.67;1344.67;0.00;0.00;0.00;0.00;0.00;0.00;0.00;960.00;289.34;1012.69;0.00;1200.00;0.00;0.00;1154.01;1154.01;780.00;750.00;750.00;1229.34;1159.34;2593.35;1660.00;3001.01;3424.01;3348.02;3108.02;790.00;844.67;1630.00;1580.00;550.00;310.00;0.00;930.00;310.00;0.00;0.00;310.00;0.00
1762062696.6470027;0.00;241.67;0.00;0.00;0.00;144.67;1344.67;0.00;0.00;0.00;0.00;0.00;0.00;0.00;960.00;289.34;1012.69;0.00;1200.00;0.00;0.00;1154.01;1154.01;780.00;750.00;750.00;1229.34;1159.34;2593.35;1660.00;3001.01;3424.01;3348.02;3108.02;790.00;844.67;1630.00;1580.00;550.00;310.00;0.00;930.00;310.00;0.00;0.00;310.00;0.00
1762062696.6835346;0.00;241.67;0.00;0.00;0.00;384.67;1344.67;0.00;0.00;0.00;0.00;0.00;0.00;0.00;960.00;289.34;1012.69;0.00;1200.00;0.00;0.00;1154.01;1154.01;780.00;750.00;750.00;1229.34;1159.34;2593.35;1820.00;3311.01;3424.01;3348.02;3108.02;790.00;844.67;1630.00;1580.00;550.00;310.00;0.00;930.00;310.00;0.00;0.00;310.00;0.00
1762062696.6841595;0.00;241.67;0.00;0.00;0.00;384.67;1344.67;0.00;0.00;0.00;0.00;0.00;0.00;0.00;960.00;289.34;1012.69;0.00;1200.00;0.00;0.00;1154.01;1154.01;780.00;750.00;750.00;1229.34;1159.34;2593.35;1820.00;3311.01;3424.01;3348.02;3108.02;790.00;844.67;1630.00;1580.00;550.00;310.00;0.00;930.00;310.00;0.00;0.00;310.00;0.00
1762062696.7156463;0.00;241.67;0.00;0.00;0.00;624.67;1344.67;0.00;0.00;0.00;0.00;0.00;0.00;0.00;960.00;289.34;1012.69;0.00;1200.00;0.00;0.00;1154.01;1154.01;780.00;750.00;750.00;1229.34;1159.34;2593.35;1970.00;3621.01;3424.01;3348.02;3108.02;790.00;844.67;1630.00;1580.00;550.00;310.00;0.00;930.00;310.00;0.00;0.00;310.00;0.00
1762062696.7160256;0.00;241.67;0.00;0.00;0.00;624.67;1344.67;0.00;0.00;0.00;0.00;0.00;0.00;0.00;960.00;289.34;1012.69;0.00;1200.00;0.00;0.00;1154.01;1154.01;780.00;750.00;750.00;1229.34;1159.34;2593.35;1970.00;3621.01;3424.01;3348.02;3108.02;790.00;844.67;1630.00;1580.00;550.00;310.00;0.00;930.00;310.00;0.00;0.00;310.00;0.00
1762062696.7471943;0.00;241.67;0.00;0.00;0.00;624.67;1344.67;0.00;0.00;0.00;0.00;0.00;0.00;0.00;1200.00;289.34;1012.69;0.00;1200.00;0.00;0.00;1154.01;1154.01;780.00;750.00;750.00;1229.34;1159.34;2893.35;1970.00;3621.01;3424.01;3348.02;3108.02;790.00;844.67;1630.00;1580.00;550.00;310.00;0.00;930.00;310.00;0.00;0.00;310.00;0.00
1762062696.7475684;0.00;241.67;0.00;0.00;0.00;624.67;1344.67;0.00;0.00;0.00;0.00;0.00;0.00;0.00;1200.00;289.34;1012.69;0.00;1200.00;0.00;0.00;1154.01;1154.01;780.00;750.00;750.00;1229.34;1159.34;2893.35;1970.00;3621.01;3424.01;3348.02;3108.02;790.00;844.67;1630.00;1580.00;550.00;310.00;0.00;930.00;310.00;0.00;0.00;310.00;0.00
1762062701.6173337;0.00;386.34;0.00;0.00;0.00;624.67;1344.67;0.00;0.00;0.00;0.00;0.00;0.00;0.00;720.00;289.34;144.67;0.00;1200.00;0.00;0.00;1154.01;1154.01;780.00;750.00;750.00;544.67;544.67;1324.67;1880.00;3605.68;3274.01;3348.02;3108.02;790.00;620.00;1630.00;1580.00;230.00;310.00;0.00;930.00;310.00;0.00;0.00;310.00;0.00
1762062701.61804;0.00;386.34;0.00;0.00;0.00;624.67;1344.67;0.00;0.00;0.00;0.00;0.00;0.00;0.00;720.00;289.34;144.67;0.00;1200.00;0.00;0.00;1154.01;1154.01;780.00;750.00;750.00;544.67;544.67;1324.67;1880.00;3605.68;3274.01;3348.02;3108.02;790.00;620.00;1630.00;1580.00;230.00;310.00;0.00;930.00;310.00;0.00;0.00;310.00;0.00
1762062701.6540377;0.00;531.01;0.00;0.00;0.00;624.67;1344.67;0.00;0.00;0.00;0.00;0.00;0.00;0.00;720.00;289.34;144.67;0.00;1200.00;0.00;0.00;1154.01;1154.01;780.00;750.00;750.00;544.67;544.67;1324.67;2190.00;3750.35;3274.01;3348.02;3108.02;790.00;620.00;1630.00;1580.00;230.00;310.00;0.00;930.00;310.00;0.00;0.00;310.00;0.00
1762062701.6546738;0.00;531.01;0.00;0.00;0.00;624.67;1344.67;0.00;0.00;0.00;0.00;0.00;0.00;0.00;720.00;289.34;144.67;0.00;1200.00;0.00;0.00;1154.01;1154.01;780.00;750.00;750.00;544.67;544.67;1324.67;2190.00;3750.35;3274.01;3348.02;3108.02;790.00;620.00;1630.00;1580.00;230.00;310.00;0.00;930.00;310.00;0.00;0.00;310.00;0.00
1762062706.6225815;0.00;531.01;0.00;0.00;0.00;624.67;1344.67;0.00;0.00;0.00;0.00;0.00;0.00;0.00;720.00;144.67;144.67;144.67;960.00;0.00;0.00;1154.01;1154.01;780.00;750.00;894.67;304.67;304.67;1014.67;2030.00;3590.35;3114.01;3108.02;3108.02;790.00;620.00;1630.00;1260.00;230.00;310.00;0.00;930.00;0.00;0.00;0.00;310.00;0.00
1762062706.6232631;0.00;531.01;0.00;0.00;0.00;624.67;1344.67;0.00;0.00;0.00;0.00;0.00;0.00;0.00;720.00;144.67;144.67;144.67;960.00;0.00;0.00;1154.01;1154.01;780.00;750.00;894.67;304.67;304.67;1014.67;2030.00;3590.35;3114.01;3108.02;3108.02;790.00;620.00;1630.00;1260.00;230.00;310.00;0.00;930.00;0.00;0.00;0.00;310.00;0.00
1762062706.6591911;0.00;531.01;0.00;0.00;0.00;769.34;1344.67;0.00;0.00;0.00;0.00;0.00;0.00;0.00;720.00;144.67;144.67;144.67;960.00;0.00;0.00;1154.01;1154.01;780.00;750.00;894.67;304.67;304.67;1324.67;2340.00;3735.02;3114.01;3108.02;3108.02;790.00;620.00;1630.00;1260.00;684.67;310.00;0.00;930.00;0.00;0.00;0.00;310.00;0.00
1762062706.6598427;0.00;531.01;0.00;0.00;0.00;769.34;1344.67;0.00;0.00;0.00;0.00;0.00;0.00;0.00;720.00;144.67;144.67;144.67;960.00;0.00;0.00;1154.01;1154.01;780.00;750.00;894.67;304.67;304.67;1324.67;2340.00;3735.02;3114.01;3108.02;3108.02;790.00;620.00;1630.00;1260.00;684.67;310.00;0.00;930.00;0.00;0.00;0.00;310.00;0.00
1762062708.062697;0.00;531.01;0.00;0.00;0.00;769.34;1344.67;144.67;0.00;0.00;0.00;0.00;0.00;0.00;720.00;144.67;144.67;144.67;960.00;0.00;0.00;1154.01;1154.01;780.00;750.00;894.67;304.67;304.67;1554.67;2570.00;3735.02;3114.01;3108.02;3108.02;790.00;620.00;1630.00;1260.00;899.34;310.00;0.00;930.00;0.00;0.00;0.00;310.00;0.00
1762062708.063395;0.00;531.01;0.00;0.00;0.00;769.34;1344.67;144.67;0.00;0.00;0.00;0.00;0.00;0.00;720.00;144.67;144.67;144.67;960.00;0.00;0.00;1154.01;1154.01;780.00;750.00;894.67;304.67;304.67;1554.67;2570.00;3735.02;3114.01;3108.02;3108.02;790.00;620.00;1630.00;1260.00;899.34;310.00;0.00;930.00;0.00;0.00;0.00;310.00;0.00
1762062708.1050613;0.00;531.01;0.00;0.00;0.00;769.34;1344.67;289.34;0.00;0.00;0.00;0.00;0.00;0.00;720.00;144.67;144.67;144.67;960.00;0.00;0.00;1154.01;1154.01;780.00;750.00;894.67;304.67;304.67;1784.67;2800.00;3735.02;3114.01;3108.02;3108.02;790.00;620.00;1630.00;1260.00;1114.01;310.00;0.00;930.00;0.00;0.00;0.00;310.00;0.00
1762062708.105769;0.00;531.01;0.00;0.00;0.00;769.34;1344.67;289.34;0.00;0.00;0.00;0.00;0.00;0.00;720.00;144.67;144.67;144.67;960.00;0.00;0.00;1154.01;1154.01;780.00;750.00;894.67;304.67;304.67;1784.67;2800.00;3735.02;3114.01;3108.02;3108.02;790.00;620.00;1630.00;1260.00;1114.01;310.00;0.00;930.00;0.00;0.00;0.00;310.00;0.00
1762062708.146527;0.00;531.01;0.00;0.00;0.00;769.34;1344.67;434.01;0.00;0.00;0.00;0.00;0.00;0.00;720.00;144.67;144.67;144.67;960.00;0.00;0.00;1154.01;1154.01;780.00;750.00;894.67;464.67;464.67;2174.67;3040.00;3735.02;3114.01;3108.02;3108.02;790.00;620.00;1630.00;1260.00;1338.68;310.00;0.00;930.00;0.00;0.00;0.00;310.00;0.00
1762062708.1472235;0.00;531.01;0.00;0.00;0.00;769.34;1344.67;434.01;0.00;0.00;0.00;0.00;0.00;0.00;720.00;144.67;144.67;144.67;960.00;0.00;0.00;1154.01;1154.01;780.00;750.00;894.67;464.67;464.67;2174.67;3040.00;3735.02;3114.01;3108.02;3108.02;790.00;620.00;1630.00;1260.00;1338.68;310.00;0.00;930.00;0.00;0.00;0.00;310.00;0.00
1762062708.186642;0.00;531.01;0.00;0.00;0.00;769.34;1344.67;674.01;0.00;0.00;0.00;0.00;0.00;0.00;720.00;144.67;144.67;144.67;960.00;0.00;0.00;1154.01;1154.01;780.00;750.00;894.67;624.67;624.67;2334.67;3200.00;3815.02;3264.01;3108.02;3108.02;790.00;620.00;1630.00;1490.00;1338.68;310.00;0.00;930.00;0.00;0.00;0.00;310.00;0.00
1762062708.1873202;0.00;531.01;0.00;0.00;0.00;769.34;1344.67;674.01;0.00;0.00;0.00;0.00;0.00;0.00;720.00;144.67;144.67;144.67;960.00;0.00;0.00;1154.01;1154.01;780.00;750.00;894.67;624.67;624.67;2334.67;3200.00;3815.02;3264.01;3108.02;3108.02;790.00;620.00;1630.00;1490.00;1338.68;310.00;0.00;930.00;0.00;0.00;0.00;310.00;0.00
1762062708.232395;0.00;531.01;0.00;0.00;0.00;769.34;1344.67;914.01;0.00;0.00;0.00;0.00;0.00;0.00;720.00;144.67;144.67;144.67;960.00;0.00;0.00;1154.01;1154.01;780.00;750.00;894.67;624.67;624.67;2564.67;3280.00;3975.02;3414.01;3108.02;3108.02;790.00;620.00;1630.00;1490.00;1338.68;310.00;0.00;930.00;0.00;0.00;0.00;310.00;0.00
1762062708.2330685;0.00;531.01;0.00;0.00;0.00;769.34;1344.67;914.01;0.00;0.00;0.00;0.00;0.00;0.00;720.00;144.67;144.67;144.67;960.00;0.00;0.00;1154.01;1154.01;780.00;750.00;894.67;624.67;624.67;2564.67;3280.00;3975.02;3414.01;3108.02;3108.02;790.00;620.00;1630.00;1490.00;1338.68;310.00;0.00;930.00;0.00;0.00;0.00;310.00;0.00
1762062708.2744546;0.00;531.01;0.00;0.00;0.00;769.34;1344.67;1154.01;0.00;0.00;0.00;0.00;0.00;0.00;720.00;144.67;144.67;144.67;960.00;0.00;0.00;1154.01;1154.01;780.00;750.00;894.67;774.67;774.67;2954.67;3520.00;3975.02;3414.01;3108.02;3108.02;790.00;620.00;1630.00;1490.00;1338.68;310.00;0.00;930.00;320.00;0.00;0.00;310.00;0.00
1762062708.275172;0.00;531.01;0.00;0.00;0.00;769.34;1344.67;1154.01;0.00;0.00;0.00;0.00;0.00;0.00;720.00;144.67;144.67;144.67;960.00;0.00;0.00;1154.01;1154.01;780.00;750.00;894.67;774.67;774.67;2954.67;3520.00;3975.02;3414.01;3108.02;3108.02;790.00;620.00;1630.00;1490.00;1338.68;310.00;0.00;930.00;320.00;0.00;0.00;310.00;0.00
1762062711.6320689;0.00;771.01;0.00;0.00;0.00;769.34;1344.67;1154.01;0.00;0.00;0.00;0.00;0.00;0.00;240.00;144.67;144.67;144.67;720.00;0.00;0.00;1154.01;1154.01;710.00;750.00;894.67;934.67;934.67;2634.67;3370.00;3975.02;3334.01;2788.02;3028.02;720.00;310.00;1630.00;1170.00;1338.68;620.00;0.00;930.00;320.00;0.00;0.00;0.00;0.00
1762062711.6327703;0.00;771.01;0.00;0.00;0.00;769.34;1344.67;1154.01;0.00;0.00;0.00;0.00;0.00;0.00;240.00;144.67;144.67;144.67;720.00;0.00;0.00;1154.01;1154.01;710.00;750.00;894.67;934.67;934.67;2634.67;3370.00;3975.02;3334.01;2788.02;3028.02;720.00;310.00;1630.00;1170.00;1338.68;620.00;0.00;930.00;320.00;0.00;0.00;0.00;0.00
1762062711.6688702;0.00;771.01;0.00;0.00;0.00;769.34;1344.67;1154.01;0.00;0.00;0.00;0.00;0.00;240.00;240.00;144.67;144.67;144.67;720.00;0.00;0.00;1154.01;1154.01;710.00;990.00;1134.67;1324.67;1094.67;2784.67;3370.00;3975.02;3334.01;2788.02;3028.02;720.00;310.00;1630.00;1170.00;1338.68;620.00;0.00;930.00;320.00;0.00;0.00;0.00;0.00
1762062711.669525;0.00;771.01;0.00;0.00;0.00;769.34;1344.67;1154.01;0.00;0.00;0.00;0.00;0.00;240.00;240.00;144.67;144.67;144.67;720.00;0.00;0.00;1154.01;1154.01;710.00;990.00;1134.67;1324.67;1094.67;2784.67;3370.00;3975.02;3334.01;2788.02;3028.02;720.00;310.00;1630.00;1170.00;1338.68;620.00;0.00;930.00;320.00;0.00;0.00;0.00;0.00
1762062711.8328264;0.00;771.01;0.00;0.00;0.00;1009.34;1344.67;1154.01;0.00;0.00;0.00;0.00;0.00;240.00;240.00;144.67;144.67;144.67;720.00;0.00;0.00;1154.01;1154.01;710.00;990.00;1134.67;1324.67;1094.67;2784.67;3450.00;4205.02;3334.01;2788.02;3028.02;720.00;540.00;1630.00;1170.00;1338.68;620.00;0.00;930.00;320.00;0.00;0.00;0.00;0.00
1762062711.8332667;0.00;771.01;0.00;0.00;0.00;1009.34;1344.67;1154.01;0.00;0.00;0.00;0.00;0.00;240.00;240.00;144.67;144.67;144.67;720.00;0.00;0.00;1154.01;1154.01;710.00;990.00;1134.67;1324.67;1094.67;2784.67;3450.00;4205.02;3334.01;2788.02;3028.02;720.00;540.00;1630.00;1170.00;1338.68;620.00;0.00;930.00;320.00;0.00;0.00;0.00;0.00
1762062716.6355836;0.00;384.67;0.00;0.00;0.00;626.34;1344.67;1154.01;0.00;0.00;0.00;0.00;0.00;240.00;240.00;0.00;144.67;144.67;480.00;0.00;0.00;0.00;1154.01;80.00;390.00;534.67;1180.00;950.00;2784.67;2830.00;2545.68;2060.00;1714.01;1234.01;80.00;540.00;1630.00;860.00;1338.68;620.00;0.00;0.00;320.00;0.00;0.00;0.00;0.00
1762062716.6362875;0.00;384.67;0.00;0.00;0.00;626.34;1344.67;1154.01;0.00;0.00;0.00;0.00;0.00;240.00;240.00;0.00;144.67;144.67;480.00;0.00;0.00;0.00;1154.01;80.00;390.00;534.67;1180.00;950.00;2784.67;2830.00;2545.68;2060.00;1714.01;1234.01;80.00;540.00;1630.00;860.00;1338.68;620.00;0.00;0.00;320.00;0.00;0.00;0.00;0.00
1762062726.6471896;0.00;384.67;0.00;0.00;0.00;481.67;1441.67;1154.01;0.00;0.00;0.00;0.00;0.00;240.00;240.00;0.00;144.67;144.67;480.00;0.00;0.00;0.00;1154.01;80.00;390.00;534.67;1180.00;950.00;2784.67;2680.00;2728.01;2060.00;1714.01;1234.01;80.00;540.00;1630.00;860.00;1108.68;620.00;0.00;0.00;320.00;0.00;0.00;0.00;0.00
1762062726.647888;0.00;384.67;0.00;0.00;0.00;481.67;1441.67;1154.01;0.00;0.00;0.00;0.00;0.00;240.00;240.00;0.00;144.67;144.67;480.00;0.00;0.00;0.00;1154.01;80.00;390.00;534.67;1180.00;950.00;2784.67;2680.00;2728.01;2060.00;1714.01;1234.01;80.00;540.00;1630.00;860.00;1108.68;620.00;0.00;0.00;320.00;0.00;0.00;0.00;0.00
1762062730.0656514;0.00;384.67;0.00;0.00;0.00;481.67;1441.67;1154.01;0.00;97.00;0.00;0.00;0.00;240.00;240.00;0.00;144.67;144.67;480.00;0.00;0.00;0.00;1154.01;80.00;390.00;534.67;1180.00;950.00;2784.67;2680.00;2808.01;2210.00;1714.01;1234.01;80.00;540.00;1630.00;860.00;1108.68;620.00;0.00;0.00;320.00;0.00;0.00;0.00;0.00
1762062730.0660598;0.00;384.67;0.00;0.00;0.00;481.67;1441.67;1154.01;0.00;97.00;0.00;0.00;0.00;240.00;240.00;0.00;144.67;144.67;480.00;0.00;0.00;0.00;1154.01;80.00;390.00;534.67;1180.00;950.00;2784.67;2680.00;2808.01;2210.00;1714.01;1234.01;80.00;540.00;1630.00;860.00;1108.68;620.00;0.00;0.00;320.00;0.00;0.00;0.00;0.00
1762062730.109111;0.00;384.67;0.00;0.00;0.00;481.67;1441.67;1154.01;0.00;241.67;0.00;0.00;0.00;240.00;240.00;0.00;144.67;144.67;480.00;0.00;0.00;0.00;1154.01;80.00;390.00;534.67;1180.00;950.00;2784.67;2840.00;2888.01;2360.00;1714.01;1234.01;80.00;540.00;1630.00;860.00;1108.68;620.00;0.00;0.00;320.00;0.00;0.00;0.00;0.00
1762062730.1097493;0.00;384.67;0.00;0.00;0.00;481.67;1441.67;1154.01;0.00;241.67;0.00;0.00;0.00;240.00;240.00;0.00;144.67;144.67;480.00;0.00;0.00;0.00;1154.01;80.00;390.00;534.67;1180.00;950.00;2784.67;2840.00;2888.01;2360.00;1714.01;1234.01;80.00;540.00;1630.00;860.00;1108.68;620.00;0.00;0.00;320.00;0.00;0.00;0.00;0.00
1762062730.1492398;0.00;384.67;0.00;0.00;0.00;481.67;1441.67;1154.01;0.00;386.34;0.00;0.00;0.00;240.00;240.00;0.00;144.67;144.67;480.00;0.00;0.00;0.00;1154.01;80.00;390.00;534.67;1180.00;950.00;2784.67;2840.00;3128.01;2670.00;1714.01;1234.01;80.00;540.00;1630.00;860.00;1108.68;620.00;0.00;0.00;320.00;0.00;0.00;0.00;0.00
1762062730.149921;0.00;384.67;0.00;0.00;0.00;481.67;1441.67;1154.01;0.00;386.34;0.00;0.00;0.00;240.00;240.00;0.00;144.67;144.67;480.00;0.00;0.00;0.00;1154.01;80.00;390.00;534.67;1180.00;950.00;2784.67;2840.00;3128.01;2670.00;1714.01;1234.01;80.00;540.00;1630.00;860.00;1108.68;620.00;0.00;0.00;320.00;0.00;0.00;0.00;0.00
1762062730.1886988;0.00;384.67;0.00;0.00;0.00;481.67;1441.67;1154.01;0.00;531.01;0.00;0.00;0.00;240.00;240.00;0.00;144.67;144.67;480.00;0.00;0.00;0.00;1154.01;80.00;390.00;534.67;1180.00;950.00;2784.67;3000.00;3208.01;2820.00;1714.01;1234.01;80.00;540.00;1630.00;860.00;1108.68;620.00;0.00;0.00;320.00;0.00;0.00;0.00;0.00
1762062730.1890886;0.00;384.67;0.00;0.00;0.00;481.67;1441.67;1154.01;0.00;531.01;0.00;0.00;0.00;240.00;240.00;0.00;144.67;144.67;480.00;0.00;0.00;0.00;1154.01;80.00;390.00;534.67;1180.00;950.00;2784.67;3000.00;3208.01;2820.00;1714.01;1234.01;80.00;540.00;1630.00;860.00;1108.68;620.00;0.00;0.00;320.00;0.00;0.00;0.00;0.00
1762062730.2246375;0.00;384.67;0.00;0.00;0.00;481.67;1441.67;1154.01;0.00;675.68;0.00;0.00;0.00;240.00;240.00;0.00;144.67;144.67;480.00;0.00;0.00;0.00;1154.01;80.00;390.00;534.67;1180.00;950.00;2784.67;3000.00;3352.68;3120.00;1714.01;1234.01;80.00;540.00;1630.00;860.00;1108.68;620.00;0.00;0.00;320.00;0.00;0.00;0.00;0.00
1762062730.225018;0.00;384.67;0.00;0.00;0.00;481.67;1441.67;1154.01;0.00;675.68;0.00;0.00;0.00;240.00;240.00;0.00;144.67;144.67;480.00;0.00;0.00;0.00;1154.01;80.00;390.00;534.67;1180.00;950.00;2784.67;3000.00;3352.68;3120.00;1714.01;1234.01;80.00;540.00;1630.00;860.00;1108.68;620.00;0.00;0.00;320.00;0.00;0.00;0.00;0.00
1762062730.2613811;0.00;384.67;0.00;0.00;0.00;481.67;1441.67;1154.01;0.00;820.35;0.00;0.00;0.00;240.00;240.00;0.00;144.67;144.67;480.00;0.00;0.00;0.00;1154.01;80.00;390.00;534.67;1180.00;950.00;2784.67;3000.00;3497.35;3420.00;1714.01;1234.01;80.00;540.00;1630.00;860.00;1108.68;620.00;0.00;0.00;320.00;0.00;0.00;0.00;0.00
1762062730.2617717;0.00;384.67;0.00;0.00;0.00;481.67;1441.67;1154.01;0.00;820.35;0.00;0.00;0.00;240.00;240.00;0.00;144.67;144.67;480.00;0.00;0.00;0.00;1154.01;80.00;390.00;534.67;1180.00;950.00;2784.67;3000.00;3497.35;3420.00;1714.01;1234.01;80.00;540.00;1630.00;860.00;1108.68;620.00;0.00;0.00;320.00;0.00;0.00;0.00;0.00
1762062746.0873513;0.00;384.67;0.00;0.00;0.00;481.67;1441.67;1154.01;0.00;820.35;0.00;0.00;0.00;240.00;240.00;0.00;144.67;144.67;480.00;0.00;144.67;0.00;1154.01;80.00;390.00;534.67;1340.00;1110.00;3079.34;3000.00;3497.35;3420.00;1714.01;1234.01;80.00;540.00;1630.00;860.00;1108.68;620.00;0.00;0.00;320.00;0.00;0.00;0.00;0.00
1762062746.088033;0.00;384.67;0.00;0.00;0.00;481.67;1441.67;1154.01;0.00;820.35;0.00;0.00;0.00;240.00;240.00;0.00;144.67;144.67;480.00;0.00;144.67;0.00;1154.01;80.00;390.00;534.67;1340.00;1110.00;3079.34;3000.00;3497.35;3420.00;1714.01;1234.01;80.00;540.00;1630.00;860.00;1108.68;620.00;0.00;0.00;320.00;0.00;0.00;0.00;0.00
1762062746.133284;0.00;384.67;0.00;0.00;0.00;481.67;1441.67;1154.01;0.00;820.35;0.00;0.00;0.00;240.00;240.00;0.00;144.67;144.67;480.00;0.00;384.67;0.00;1154.01;80.00;390.00;534.67;1810.00;1270.00;3469.34;3000.00;3497.35;3420.00;1714.01;1234.01;80.00;540.00;1630.00;860.00;1108.68;620.00;0.00;0.00;320.00;0.00;0.00;0.00;0.00
1762062746.1339748;0.00;384.67;0.00;0.00;0.00;481.67;1441.67;1154.01;0.00;820.35;0.00;0.00;0.00;240.00;240.00;0.00;144.67;144.67;480.00;0.00;384.67;0.00;1154.01;80.00;390.00;534.67;1810.00;1270.00;3469.34;3000.00;3497.35;3420.00;1714.01;1234.01;80.00;540.00;1630.00;860.00;1108.68;620.00;0.00;0.00;320.00;0.00;0.00;0.00;0.00
1762062746.1751397;0.00;384.67;0.00;0.00;0.00;481.67;1441.67;1154.01;0.00;820.35;0.00;0.00;0.00;240.00;240.00;0.00;144.67;144.67;480.00;0.00;624.67;0.00;1154.01;80.00;390.00;534.67;1970.00;1430.00;3859.34;3320.00;3817.35;3420.00;1714.01;1234.01;80.00;540.00;1630.00;860.00;1108.68;930.00;0.00;0.00;320.00;0.00;0.00;0.00;0.00
1762062746.1758287;0.00;384.67;0.00;0.00;0.00;481.67;1441.67;1154.01;0.00;820.35;0.00;0.00;0.00;240.00;240.00;0.00;144.67;144.67;480.00;0.00;624.67;0.00;1154.01;80.00;390.00;534.67;1970.00;1430.00;3859.34;3320.00;3817.35;3420.00;1714.01;1234.01;80.00;540.00;1630.00;860.00;1108.68;930.00;0.00;0.00;320.00;0.00;0.00;0.00;0.00
1762062746.2160053;0.00;384.67;0.00;0.00;0.00;481.67;1441.67;1154.01;0.00;820.35;0.00;0.00;0.00;240.00;240.00;0.00;144.67;144.67;480.00;0.00;864.67;0.00;1154.01;80.00;390.00;534.67;1970.00;1430.00;4089.34;3320.00;3817.35;3420.00;1714.01;1234.01;80.00;850.00;1630.00;860.00;1108.68;930.00;0.00;0.00;320.00;0.00;0.00;0.00;0.00
1762062746.2167158;0.00;384.67;0.00;0.00;0.00;481.67;1441.67;1154.01;0.00;820.35;0.00;0.00;0.00;240.00;240.00;0.00;144.67;144.67;480.00;0.00;864.67;0.00;1154.01;80.00;390.00;534.67;1970.00;1430.00;4089.34;3320.00;3817.35;3420.00;1714.01;1234.01;80.00;850.00;1630.00;860.00;1108.68;930.00;0.00;0.00;320.00;0.00;0.00;0.00;0.00
1762062746.2600002;0.00;384.67;0.00;0.00;0.00;481.67;1441.67;1154.01;0.00;820.35;0.00;0.00;0.00;240.00;240.00;0.00;144.67;144.67;480.00;0.00;1104.67;0.00;1154.01;80.00;390.00;534.67;2120.00;1580.00;4169.34;3320.00;3817.35;3420.00;1714.01;1234.01;80.00;1160.00;1630.00;860.00;1108.68;930.00;0.00;0.00;320.00;0.00;0.00;0.00;0.00
1762062746.2607276;0.00;384.67;0.00;0.00;0.00;481.67;1441.67;1154.01;0.00;820.35;0.00;0.00;0.00;240.00;240.00;0.00;144.67;144.67;480.00;0.00;1104.67;0.00;1154.01;80.00;390.00;534.67;2120.00;1580.00;4169.34;3320.00;3817.35;3420.00;1714.01;1234.01;80.00;1160.00;1630.00;860.00;1108.68;930.00;0.00;0.00;320.00;0.00;0.00;0.00;0.00
1762062746.3017614;0.00;384.67;0.00;0.00;0.00;481.67;1441.67;1154.01;0.00;820.35;0.00;0.00;0.00;240.00;240.00;0.00;144.67;144.67;480.00;0.00;1344.67;0.00;1154.01;240.00;550.00;684.67;2120.00;1580.00;4399.34;3480.00;3977.35;3580.00;1874.01;1394.01;240.00;1160.00;1630.00;860.00;1108.68;930.00;0.00;0.00;320.00;0.00;0.00;0.00;0.00
1762062746.3024726;0.00;384.67;0.00;0.00;0.00;481.67;1441.67;1154.01;0.00;820.35;0.00;0.00;0.00;240.00;240.00;0.00;144.67;144.67;480.00;0.00;1344.67;0.00;1154.01;240.00;550.00;684.67;2120.00;1580.00;4399.34;3480.00;3977.35;3580.00;1874.01;1394.01;240.00;1160.00;1630.00;860.00;1108.68;930.00;0.00;0.00;320.00;0.00;0.00;0.00;0.00
1762062762.093193;0.00;0.00;0.00;0.00;0.00;0.00;1344.67;1154.01;0.00;820.35;0.00;0.00;0.00;0.00;0.00;0.00;0.00;0.00;0.00;0.00;1344.67;97.00;1154.01;160.00;160.00;150.00;1410.00;1100.00;3554.67;2460.00;2714.01;3020.00;1731.01;1411.01;160.00;620.00;1630.00;230.00;654.01;310.00;0.00;0.00;320.00;0.00;0.00;0.00;0.00
1762062762.0935965;0.00;0.00;0.00;0.00;0.00;0.00;1344.67;1154.01;0.00;820.35;0.00;0.00;0.00;0.00;0.00;0.00;0.00;0.00;0.00;0.00;1344.67;97.00;1154.01;160.00;160.00;150.00;1410.00;1100.00;3554.67;2460.00;2714.01;3020.00;1731.01;1411.01;160.00;620.00;1630.00;230.00;654.01;310.00;0.00;0.00;320.00;0.00;0.00;0.00;0.00
1762062762.1271274;0.00;0.00;0.00;0.00;0.00;0.00;1344.67;1154.01;0.00;820.35;0.00;0.00;0.00;0.00;0.00;0.00;0.00;0.00;0.00;0.00;1344.67;194.00;1154.01;160.00;160.00;150.00;1410.00;1100.00;3554.67;2460.00;2954.01;3117.00;1828.01;1508.01;160.00;620.00;1630.00;230.00;654.01;310.00;0.00;0.00;320.00;0.00;0.00;0.00;0.00
1762062762.1275287;0.00;0.00;0.00;0.00;0.00;0.00;1344.67;1154.01;0.00;820.35;0.00;0.00;0.00;0.00;0.00;0.00;0.00;0.00;0.00;0.00;1344.67;194.00;1154.01;160.00;160.00;150.00;1410.00;1100.00;3554.67;2460.00;2954.01;3117.00;1828.01;1508.01;160.00;620.00;1630.00;230.00;654.01;310.00;0.00;0.00;320.00;0.00;0.00;0.00;0.00
1762062762.1635234;0.00;0.00;0.00;0.00;0.00;0.00;1344.67;1154.01;0.00;820.35;0.00;0.00;0.00;0.00;0.00;0.00;0.00;0.00;0.00;0.00;1344.67;338.67;1154.01;160.00;160.00;150.00;1410.00;1100.00;3554.67;2460.00;3114.01;3507.00;1972.68;1652.68;160.00;620.00;1854.67;230.00;654.01;310.00;0.00;0.00;320.00;0.00;0.00;0.00;0.00
1762062762.1639142;0.00;0.00;0.00;0.00;0.00;0.00;1344.67;1154.01;0.00;820.35;0.00;0.00;0.00;0.00;0.00;0.00;0.00;0.00;0.00;0.00;1344.67;338.67;1154.01;160.00;160.00;150.00;1410.00;1100.00;3554.67;2460.00;3114.01;3507.00;1972.68;1652.68;160.00;620.00;1854.67;230.00;654.01;310.00;0.00;0.00;320.00;0.00;0.00;0.00;0.00
1762062762.1960535;0.00;0.00;0.00;0.00;0.00;0.00;1344.67;1154.01;0.00;820.35;0.00;0.00;0.00;0.00;0.00;0.00;0.00;0.00;0.00;0.00;1344.67;483.34;1154.01;240.00;240.00;230.00;1410.00;1100.00;3554.67;2460.00;3274.01;3667.00;2037.35;1717.35;240.00;620.00;2079.34;230.00;654.01;310.00;0.00;0.00;320.00;0.00;0.00;0.00;0.00
1762062762.196449;0.00;0.00;0.00;0.00;0.00;0.00;1344.67;1154.01;0.00;820.35;0.00;0.00;0.00;0.00;0.00;0.00;0.00;0.00;0.00;0.00;1344.67;483.34;1154.01;240.00;240.00;230.00;1410.00;1100.00;3554.67;2460.00;3274.01;3667.00;2037.35;1717.35;240.00;620.00;2079.34;230.00;654.01;310.00;0.00;0.00;320.00;0.00;0.00;0.00;0.00
1762062762.2284245;0.00;0.00;0.00;0.00;0.00;0.00;1344.67;1154.01;0.00;820.35;0.00;0.00;0.00;0.00;0.00;0.00;0.00;0.00;0.00;0.00;1344.67;628.01;1154.01;304.67;304.67;294.67;1410.00;1100.00;3554.67;2460.00;3424.01;3747.00;2117.35;1797.35;304.67;620.00;2079.34;230.00;654.01;310.00;0.00;0.00;320.00;0.00;0.00;0.00;0.00
1762062762.2288246;0.00;0.00;0.00;0.00;0.00;0.00;1344.67;1154.01;0.00;820.35;0.00;0.00;0.00;0.00;0.00;0.00;0.00;0.00;0.00;0.00;1344.67;628.01;1154.01;304.67;304.67;294.67;1410.00;1100.00;3554.67;2460.00;3424.01;3747.00;2117.35;1797.35;304.67;620.00;2079.34;230.00;654.01;310.00;0.00;0.00;320.00;0.00;0.00;0.00;0.00
1762062762.261315;0.00;0.00;0.00;0.00;0.00;0.00;1344.67;1154.01;0.00;820.35;0.00;0.00;0.00;0.00;0.00;0.00;0.00;0.00;0.00;0.00;1344.67;772.68;1154.01;464.67;464.67;454.67;1720.00;1410.00;3554.67;2460.00;3574.01;3827.00;2197.35;2102.02;464.67;620.00;2079.34;230.00;654.01;310.00;0.00;0.00;320.00;0.00;0.00;0.00;320.00
1762062762.2617059;0.00;0.00;0.00;0.00;0.00;0.00;1344.67;1154.01;0.00;820.35;0.00;0.00;0.00;0.00;0.00;0.00;0.00;0.00;0.00;0.00;1344.67;772.68;1154.01;464.67;464.67;454.67;1720.00;1410.00;3554.67;2460.00;3574.01;3827.00;2197.35;2102.02;464.67;620.00;2079.34;230.00;654.01;310.00;0.00;0.00;320.00;0.00;0.00;0.00;320.00
1762062766.6857708;0.00;0.00;0.00;0.00;0.00;0.00;240.00;1251.01;0.00;675.68;0.00;0.00;0.00;0.00;0.00;0.00;0.00;0.00;0.00;0.00;1344.67;772.68;1154.01;464.67;464.67;454.67;1720.00;1410.00;3244.67;2140.00;2569.34;3037.00;2197.35;2102.02;464.67;620.00;2079.34;230.00;974.01;310.00;0.00;0.00;320.00;0.00;0.00;0.00;320.00
1762062766.6861656;0.00;0.00;0.00;0.00;0.00;0.00;240.00;1251.01;0.00;675.68;0.00;0.00;0.00;0.00;0.00;0.00;0.00;0.00;0.00;0.00;1344.67;772.68;1154.01;464.67;464.67;454.67;1720.00;1410.00;3244.67;2140.00;2569.34;3037.00;2197.35;2102.02;464.67;620.00;2079.34;230.00;974.01;310.00;0.00;0.00;320.00;0.00;0.00;0.00;320.00
1762062766.7151506;0.00;144.67;0.00;0.00;0.00;0.00;240.00;1251.01;0.00;675.68;0.00;0.00;0.00;0.00;0.00;0.00;0.00;0.00;0.00;0.00;1344.67;772.68;1154.01;464.67;464.67;454.67;1720.00;1410.00;3244.67;2204.67;2784.01;3037.00;2197.35;2102.02;464.67;620.00;2079.34;230.00;974.01;310.00;0.00;0.00;320.00;0.00;0.00;0.00;320.00
1762062766.7155452;0.00;144.67;0.00;0.00;0.00;0.00;240.00;1251.01;0.00;675.68;0.00;0.00;0.00;0.00;0.00;0.00;0.00;0.00;0.00;0.00;1344.67;772.68;1154.01;464.67;464.67;454.67;1720.00;1410.00;3244.67;2204.67;2784.01;3037.00;2197.35;2102.02;464.67;620.00;2079.34;230.00;974.01;310.00;0.00;0.00;320.00;0.00;0.00;0.00;320.00
1762062766.7526093;0.00;289.34;0.00;0.00;0.00;0.00;240.00;1251.01;0.00;675.68;0.00;0.00;0.00;0.00;0.00;0.00;0.00;0.00;0.00;0.00;1344.67;772.68;1154.01;464.67;464.67;454.67;1720.00;1410.00;3244.67;2204.67;2934.01;3101.67;2197.35;2102.02;464.67;620.00;2079.34;230.00;974.01;310.00;0.00;0.00;320.00;0.00;0.00;0.00;320.00
1762062766.753243;0.00;289.34;0.00;0.00;0.00;0.00;240.00;1251.01;0.00;675.68;0.00;0.00;0.00;0.00;0.00;0.00;0.00;0.00;0.00;0.00;1344.67;772.68;1154.01;464.67;464.67;454.67;1720.00;1410.00;3244.67;2204.67;2934.01;3101.67;2197.35;2102.02;464.67;620.00;2079.34;230.00;974.01;310.00;0.00;0.00;320.00;0.00;0.00;0.00;320.00
1762062766.7902389;0.00;434.01;0.00;0.00;0.00;0.00;240.00;1251.01;0.00;675.68;0.00;0.00;0.00;0.00;0.00;0.00;0.00;0.00;0.00;0.00;1344.67;772.68;1154.01;464.67;464.67;454.67;1720.00;1410.00;3244.67;2204.67;3084.01;3261.67;2197.35;2102.02;464.67;620.00;2079.34;230.00;974.01;310.00;0.00;0.00;320.00;0.00;0.00;0.00;320.00
1762062766.7908888;0.00;434.01;0.00;0.00;0.00;0.00;240.00;1251.01;0.00;675.68;0.00;0.00;0.00;0.00;0.00;0.00;0.00;0.00;0.00;0.00;1344.67;772.68;1154.01;464.67;464.67;454.67;1720.00;1410.00;3244.67;2204.67;3084.01;3261.67;2197.35;2102.02;464.67;620.00;2079.34;230.00;974.01;310.00;0.00;0.00;320.00;0.00;0.00;0.00;320.00
1762062766.8148367;0.00;578.68;0.00;0.00;0.00;0.00;240.00;1251.01;0.00;675.68;0.00;0.00;0.00;0.00;0.00;0.00;0.00;0.00;0.00;0.00;1344.67;772.68;1154.01;464.67;464.67;454.67;1720.00;1410.00;3244.67;2204.67;3234.01;3421.67;2507.35;2412.02;464.67;620.00;2079.34;230.00;974.01;310.00;0.00;0.00;320.00;0.00;0.00;310.00;320.00
1762062766.8152084;0.00;578.68;0.00;0.00;0.00;0.00;240.00;1251.01;0.00;675.68;0.00;0.00;0.00;0.00;0.00;0.00;0.00;0.00;0.00;0.00;1344.67;772.68;1154.01;464.67;464.67;454.67;1720.00;1410.00;3244.67;2204.67;3234.01;3421.67;2507.35;2412.02;464.67;620.00;2079.34;230.00;974.01;310.00;0.00;0.00;320.00;0.00;0.00;310.00;320.00
1762062766.8520458;0.00;723.35;0.00;0.00;0.00;0.00;240.00;1251.01;0.00;675.68;0.00;0.00;0.00;0.00;0.00;0.00;0.00;0.00;0.00;0.00;1344.67;772.68;1154.01;464.67;464.67;454.67;1720.00;1410.00;3244.67;2284.67;3314.01;3486.34;2817.35;2412.02;464.67;620.00;2079.34;230.00;974.01;310.00;0.00;0.00;320.00;0.00;0.00;310.00;320.00
1762062766.8526819;0.00;723.35;0.00;0.00;0.00;0.00;240.00;1251.01;0.00;675.68;0.00;0.00;0.00;0.00;0.00;0.00;0.00;0.00;0.00;0.00;1344.67;772.68;1154.01;464.67;464.67;454.67;1720.00;1410.00;3244.67;2284.67;3314.01;3486.34;2817.35;2412.02;464.67;620.00;2079.34;230.00;974.01;310.00;0.00;0.00;320.00;0.00;0.00;310.00;320.00
1762062771.6950712;0.00;723.35;0.00;0.00;0.00;144.67;0.00;1251.01;0.00;675.68;0.00;0.00;0.00;0.00;0.00;0.00;0.00;0.00;0.00;0.00;1344.67;772.68;1154.01;464.67;464.67;454.67;1720.00;1410.00;3244.67;2284.67;3464.01;3551.01;2817.35;2412.02;464.67;620.00;2079.34;540.00;974.01;310.00;0.00;0.00;320.00;0.00;0.00;310.00;320.00
1762062771.6954975;0.00;723.35;0.00;0.00;0.00;144.67;0.00;1251.01;0.00;675.68;0.00;0.00;0.00;0.00;0.00;0.00;0.00;0.00;0.00;0.00;1344.67;772.68;1154.01;464.67;464.67;454.67;1720.00;1410.00;3244.67;2284.67;3464.01;3551.01;2817.35;2412.02;464.67;620.00;2079.34;540.00;974.01;310.00;0.00;0.00;320.00;0.00;0.00;310.00;320.00
1762062781.712106;0.00;723.35;0.00;0.00;0.00;144.67;0.00;1395.68;0.00;386.34;0.00;0.00;0.00;0.00;0.00;0.00;0.00;0.00;0.00;0.00;1344.67;772.68;1154.01;464.67;464.67;454.67;1720.00;1410.00;3244.67;2124.67;3304.01;3251.01;2817.35;2412.02;464.67;620.00;2079.34;540.00;974.01;310.00;0.00;0.00;320.00;0.00;0.00;310.00;320.00
1762062781.712523;0.00;723.35;0.00;0.00;0.00;144.67;0.00;1395.68;0.00;386.34;0.00;0.00;0.00;0.00;0.00;0.00;0.00;0.00;0.00;0.00;1344.67;772.68;1154.01;464.67;464.67;454.67;1720.00;1410.00;3244.67;2124.67;3304.01;3251.01;2817.35;2412.02;464.67;620.00;2079.34;540.00;974.01;310.00;0.00;0.00;320.00;0.00;0.00;310.00;320.00
1762062781.7505143;0.00;723.35;0.00;0.00;0.00;144.67;0.00;1540.35;0.00;386.34;0.00;0.00;0.00;0.00;0.00;0.00;0.00;0.00;0.00;0.00;1344.67;772.68;1154.01;464.67;464.67;454.67;1720.00;1410.00;3564.67;2284.67;3304.01;3251.01;2817.35;2412.02;464.67;620.00;2079.34;540.00;974.01;310.00;0.00;0.00;320.00;0.00;0.00;310.00;320.00
1762062781.7511349;0.00;723.35;0.00;0.00;0.00;144.67;0.00;1540.35;0.00;386.34;0.00;0.00;0.00;0.00;0.00;0.00;0.00;0.00;0.00;0.00;1344.67;772.68;1154.01;464.67;464.67;454.67;1720.00;1410.00;3564.67;2284.67;3304.01;3251.01;2817.35;2412.02;464.67;620.00;2079.34;540.00;974.01;310.00;0.00;0.00;320.00;0.00;0.00;310.00;320.00
1762062785.1119099;0.00;723.35;0.00;0.00;0.00;144.67;0.00;1540.35;0.00;386.34;0.00;0.00;0.00;0.00;0.00;0.00;0.00;0.00;0.00;0.00;1344.67;772.68;1618.68;694.67;764.67;754.67;1720.00;1410.00;3564.67;2284.67;3304.01;3251.01;3042.02;2636.69;704.67;620.00;2079.34;540.00;974.01;310.00;0.00;0.00;320.00;0.00;0.00;310.00;320.00
1762062785.1126204;0.00;723.35;0.00;0.00;0.00;144.67;0.00;1540.35;0.00;386.34;0.00;0.00;0.00;0.00;0.00;0.00;0.00;0.00;0.00;0.00;1344.67;772.68;1618.68;694.67;764.67;754.67;1720.00;1410.00;3564.67;2284.67;3304.01;3251.01;3042.02;2636.69;704.67;620.00;2079.34;540.00;974.01;310.00;0.00;0.00;320.00;0.00;0.00;310.00;320.00
1762062785.3303473;0.00;723.35;0.00;0.00;0.00;144.67;0.00;1540.35;0.00;386.34;0.00;0.00;0.00;0.00;0.00;0.00;0.00;0.00;0.00;0.00;1344.67;772.68;1858.68;774.67;914.67;904.67;1720.00;1410.00;3564.67;2444.67;3464.01;3411.01;3202.02;2796.69;784.67;620.00;2079.34;540.00;974.01;310.00;0.00;0.00;320.00;0.00;0.00;310.00;320.00
1762062785.33077;0.00;723.35;0.00;0.00;0.00;144.67;0.00;1540.35;0.00;386.34;0.00;0.00;0.00;0.00;0.00;0.00;0.00;0.00;0.00;0.00;1344.67;772.68;1858.68;774.67;914.67;904.67;1720.00;1410.00;3564.67;2444.67;3464.01;3411.01;3202.02;2796.69;784.67;620.00;2079.34;540.00;974.01;310.00;0.00;0.00;320.00;0.00;0.00;310.00;320.00
1762062785.360522;0.00;723.35;0.00;0.00;0.00;144.67;0.00;1540.35;0.00;386.34;0.00;0.00;0.00;0.00;0.00;0.00;0.00;0.00;0.00;0.00;1344.67;772.68;1858.68;774.67;914.67;904.67;1720.00;1410.00;3564.67;2444.67;3464.01;3411.01;3202.02;2796.69;784.67;620.00;2079.34;540.00;974.01;310.00;0.00;0.00;320.00;0.00;0.00;310.00;320.00
1762062785.3609421;0.00;723.35;0.00;0.00;0.00;144.67;0.00;1540.35;0.00;386.34;0.00;0.00;0.00;0.00;0.00;0.00;0.00;0.00;0.00;0.00;1344.67;772.68;1858.68;774.67;914.67;904.67;1720.00;1410.00;3564.67;2444.67;3464.01;3411.01;3202.02;2796.69;784.67;620.00;2079.34;540.00;974.01;310.00;0.00;0.00;320.00;0.00;0.00;310.00;320.00
1762062785.394519;0.00;723.35;0.00;0.00;0.00;144.67;0.00;1540.35;0.00;386.34;0.00;0.00;0.00;0.00;0.00;0.00;0.00;0.00;0.00;0.00;1344.67;772.68;1858.68;774.67;914.67;904.67;1720.00;1410.00;3564.67;2444.67;3464.01;3411.01;3202.02;2796.69;784.67;620.00;2079.34;540.00;974.01;310.00;0.00;0.00;320.00;0.00;0.00;310.00;320.00
1762062785.39492;0.00;723.35;0.00;0.00;0.00;144.67;0.00;1540.35;0.00;386.34;0.00;0.00;0.00;0.00;0.00;0.00;0.00;0.00;0.00;0.00;1344.67;772.68;1858.68;774.67;914.67;904.67;1720.00;1410.00;3564.67;2444.67;3464.01;3411.01;3202.02;2796.69;784.67;620.00;2079.34;540.00;974.01;310.00;0.00;0.00;320.00;0.00;0.00;310.00;320.00
1762062785.4254296;0.00;723.35;0.00;0.00;0.00;144.67;0.00;1540.35;0.00;386.34;0.00;0.00;0.00;0.00;0.00;0.00;0.00;0.00;0.00;0.00;1344.67;772.68;1858.68;774.67;914.67;904.67;1720.00;1410.00;3564.67;2444.67;3464.01;3411.01;3202.02;2796.69;784.67;620.00;2079.34;540.00;974.01;310.00;0.00;0.00;320.00;0.00;0.00;310.00;320.00
1762062785.4258273;0.00;723.35;0.00;0.00;0.00;144.67;0.00;1540.35;0.00;386.34;0.00;0.00;0.00;0.00;0.00;0.00;0.00;0.00;0.00;0.00;1344.67;772.68;1858.68;774.67;914.67;904.67;1720.00;1410.00;3564.67;2444.67;3464.01;3411.01;3202.02;2796.69;784.67;620.00;2079.34;540.00;974.01;310.00;0.00;0.00;320.00;0.00;0.00;310.00;320.00
1762062785.4587388;0.00;723.35;0.00;0.00;0.00;144.67;0.00;1540.35;0.00;386.34;0.00;0.00;0.00;0.00;0.00;0.00;0.00;0.00;0.00;0.00;1344.67;772.68;1858.68;774.67;914.67;904.67;1720.00;1410.00;3564.67;2444.67;3464.01;3411.01;3202.02;2796.69;784.67;620.00;2079.34;540.00;974.01;310.00;0.00;0.00;320.00;0.00;0.00;310.00;320.00
1762062785.4591405;0.00;723.35;0.00;0.00;0.00;144.67;0.00;1540.35;0.00;386.34;0.00;0.00;0.00;0.00;0.00;0.00;0.00;0.00;0.00;0.00;1344.67;772.68;1858.68;774.67;914.67;904.67;1720.00;1410.00;3564.67;2444.67;3464.01;3411.01;3202.02;2796.69;784.67;620.00;2079.34;540.00;974.01;310.00;0.00;0.00;320.00;0.00;0.00;310.00;320.00
1762062786.7167852;0.00;0.00;0.00;0.00;0.00;0.00;0.00;1155.68;0.00;386.34;0.00;0.00;0.00;0.00;0.00;0.00;0.00;0.00;0.00;0.00;1441.67;772.68;1858.68;774.67;914.67;904.67;1560.00;1250.00;2944.67;1980.00;2409.34;2507.00;2582.02;2486.69;784.67;620.00;2079.34;230.00;749.34;310.00;0.00;0.00;320.00;0.00;0.00;0.00;320.00
1762062786.7172012;0.00;0.00;0.00;0.00;0.00;0.00;0.00;1155.68;0.00;386.34;0.00;0.00;0.00;0.00;0.00;0.00;0.00;0.00;0.00;0.00;1441.67;772.68;1858.68;774.67;914.67;904.67;1560.00;1250.00;2944.67;1980.00;2409.34;2507.00;2582.02;2486.69;784.67;620.00;2079.34;230.00;749.34;310.00;0.00;0.00;320.00;0.00;0.00;0.00;320.00
1762062786.755285;0.00;0.00;0.00;0.00;0.00;0.00;0.00;1155.68;0.00;386.34;0.00;0.00;0.00;0.00;0.00;0.00;0.00;0.00;0.00;0.00;1586.34;772.68;1858.68;774.67;914.67;904.67;1560.00;1250.00;2944.67;1980.00;2409.34;2507.00;2582.02;2486.69;784.67;620.00;2079.34;230.00;749.34;310.00;0.00;0.00;320.00;0.00;0.00;0.00;320.00
1762062786.7559657;0.00;0.00;0.00;0.00;0.00;0.00;0.00;1155.68;0.00;386.34;0.00;0.00;0.00;0.00;0.00;0.00;0.00;0.00;0.00;0.00;1586.34;772.68;1858.68;774.67;914.67;904.67;1560.00;1250.00;2944.67;1980.00;2409.34;2507.00;2582.02;2486.69;784.67;620.00;2079.34;230.00;749.34;310.00;0.00;0.00;320.00;0.00;0.00;0.00;320.00
1762062791.7209334;0.00;0.00;0.00;0.00;0.00;0.00;0.00;1252.68;0.00;144.67;0.00;0.00;0.00;0.00;0.00;0.00;0.00;0.00;0.00;0.00;1586.34;772.68;1858.68;774.67;914.67;904.67;1560.00;1250.00;2944.67;1980.00;2184.67;2057.00;2582.02;2486.69;784.67;620.00;2079.34;230.00;749.34;310.00;0.00;0.00;320.00;0.00;0.00;0.00;320.00
1762062791.7213454;0.00;0.00;0.00;0.00;0.00;0.00;0.00;1252.68;0.00;144.67;0.00;0.00;0.00;0.00;0.00;0.00;0.00;0.00;0.00;0.00;1586.34;772.68;1858.68;774.67;914.67;904.67;1560.00;1250.00;2944.67;1980.00;2184.67;2057.00;2582.02;2486.69;784.67;620.00;2079.34;230.00;749.34;310.00;0.00;0.00;320.00;0.00;0.00;0.00;320.00
1762062791.743534;0.00;0.00;0.00;0.00;0.00;0.00;0.00;1397.35;0.00;144.67;0.00;0.00;0.00;0.00;0.00;0.00;0.00;0.00;0.00;0.00;1586.34;772.68;1858.68;774.67;914.67;904.67;1560.00;1250.00;2944.67;1980.00;2344.67;2217.00;2582.02;2486.69;784.67;620.00;2079.34;230.00;749.34;310.00;0.00;0.00;320.00;0.00;0.00;0.00;320.00
1762062791.7439115;0.00;0.00;0.00;0.00;0.00;0.00;0.00;1397.35;0.00;144.67;0.00;0.00;0.00;0.00;0.00;0.00;0.00;0.00;0.00;0.00;1586.34;772.68;1858.68;774.67;914.67;904.67;1560.00;1250.00;2944.67;1980.00;2344.67;2217.00;2582.02;2486.69;784.67;620.00;2079.34;230.00;749.34;310.00;0.00;0.00;320.00;0.00;0.00;0.00;320.00
1762062801.7402282;0.00;0.00;0.00;0.00;0.00;0.00;0.00;1542.02;0.00;0.00;0.00;0.00;0.00;0.00;0.00;0.00;0.00;0.00;0.00;0.00;1586.34;772.68;1858.68;774.67;914.67;904.67;1560.00;1250.00;2944.67;1980.00;2360.00;2077.00;2582.02;2486.69;784.67;620.00;2079.34;230.00;749.34;310.00;0.00;0.00;320.00;0.00;0.00;0.00;320.00
1762062801.7409263;0.00;0.00;0.00;0.00;0.00;0.00;0.00;1542.02;0.00;0.00;0.00;0.00;0.00;0.00;0.00;0.00;0.00;0.00;0.00;0.00;1586.34;772.68;1858.68;774.67;914.67;904.67;1560.00;1250.00;2944.67;1980.00;2360.00;2077.00;2582.02;2486.69;784.67;620.00;2079.34;230.00;749.34;310.00;0.00;0.00;320.00;0.00;0.00;0.00;320.00
1762062810.102732;0.00;0.00;0.00;0.00;0.00;0.00;0.00;1542.02;0.00;0.00;0.00;144.67;0.00;0.00;0.00;0.00;0.00;0.00;0.00;0.00;1586.34;772.68;1858.68;774.67;914.67;904.67;1720.00;1410.00;3104.67;1980.00;2360.00;2077.00;2582.02;2486.69;784.67;620.00;2079.34;230.00;749.34;310.00;0.00;0.00;320.00;0.00;0.00;0.00;320.00
1762062810.1031384;0.00;0.00;0.00;0.00;0.00;0.00;0.00;1542.02;0.00;0.00;0.00;144.67;0.00;0.00;0.00;0.00;0.00;0.00;0.00;0.00;1586.34;772.68;1858.68;774.67;914.67;904.67;1720.00;1410.00;3104.67;1980.00;2360.00;2077.00;2582.02;2486.69;784.67;620.00;2079.34;230.00;749.34;310.00;0.00;0.00;320.00;0.00;0.00;0.00;320.00
1762062810.1463244;0.00;0.00;0.00;0.00;0.00;0.00;0.00;1542.02;0.00;0.00;0.00;289.34;0.00;0.00;0.00;0.00;0.00;0.00;0.00;0.00;1586.34;772.68;1858.68;774.67;914.67;904.67;1864.67;1554.67;3559.34;1980.00;2360.00;2077.00;2582.02;2486.69;784.67;620.00;2079.34;230.00;749.34;310.00;0.00;0.00;320.00;0.00;0.00;0.00;320.00
1762062810.1470182;0.00;0.00;0.00;0.00;0.00;0.00;0.00;1542.02;0.00;0.00;0.00;289.34;0.00;0.00;0.00;0.00;0.00;0.00;0.00;0.00;1586.34;772.68;1858.68;774.67;914.67;904.67;1864.67;1554.67;3559.34;1980.00;2360.00;2077.00;2582.02;2486.69;784.67;620.00;2079.34;230.00;749.34;310.00;0.00;0.00;320.00;0.00;0.00;0.00;320.00
1762062810.1745167;0.00;0.00;0.00;0.00;0.00;0.00;0.00;1542.02;0.00;0.00;0.00;434.01;0.00;0.00;0.00;0.00;0.00;0.00;0.00;0.00;1586.34;772.68;1858.68;774.67;914.67;904.67;2009.34;1699.34;4014.01;2130.00;2360.00;2077.00;2582.02;2486.69;784.67;940.00;2079.34;230.00;749.34;310.00;0.00;0.00;320.00;0.00;0.00;0.00;320.00
1762062810.1749616;0.00;0.00;0.00;0.00;0.00;0.00;0.00;1542.02;0.00;0.00;0.00;434.01;0.00;0.00;0.00;0.00;0.00;0.00;0.00;0.00;1586.34;772.68;1858.68;774.67;914.67;904.67;2009.34;1699.34;4014.01;2130.00;2360.00;2077.00;2582.02;2486.69;784.67;940.00;2079.34;230.00;749.34;310.00;0.00;0.00;320.00;0.00;0.00;0.00;320.00
1762062810.2006464;0.00;0.00;0.00;0.00;0.00;0.00;0.00;1542.02;0.00;0.00;0.00;578.68;0.00;0.00;0.00;0.00;0.00;0.00;0.00;0.00;1586.34;772.68;1858.68;774.67;914.67;904.67;2154.01;1844.01;4158.68;2440.00;2520.00;2237.00;2582.02;2486.69;784.67;940.00;2079.34;230.00;749.34;310.00;0.00;0.00;320.00;0.00;0.00;0.00;320.00
1762062810.2010677;0.00;0.00;0.00;0.00;0.00;0.00;0.00;1542.02;0.00;0.00;0.00;578.68;0.00;0.00;0.00;0.00;0.00;0.00;0.00;0.00;1586.34;772.68;1858.68;774.67;914.67;904.67;2154.01;1844.01;4158.68;2440.00;2520.00;2237.00;2582.02;2486.69;784.67;940.00;2079.34;230.00;749.34;310.00;0.00;0.00;320.00;0.00;0.00;0.00;320.00
1762062810.2416575;0.00;0.00;0.00;0.00;0.00;0.00;0.00;1542.02;0.00;0.00;0.00;723.35;0.00;0.00;0.00;0.00;0.00;0.00;0.00;0.00;1586.34;772.68;1858.68;934.67;1074.67;1064.67;2608.68;2068.68;4158.68;2440.00;2520.00;2237.00;2742.02;2646.69;944.67;940.00;2079.34;230.00;749.34;310.00;0.00;0.00;320.00;0.00;0.00;320.00;320.00
1762062810.242067;0.00;0.00;0.00;0.00;0.00;0.00;0.00;1542.02;0.00;0.00;0.00;723.35;0.00;0.00;0.00;0.00;0.00;0.00;0.00;0.00;1586.34;772.68;1858.68;934.67;1074.67;1064.67;2608.68;2068.68;4158.68;2440.00;2520.00;2237.00;2742.02;2646.69;944.67;940.00;2079.34;230.00;749.34;310.00;0.00;0.00;320.00;0.00;0.00;320.00;320.00
1762062810.2726607;0.00;0.00;0.00;0.00;0.00;0.00;0.00;1542.02;0.00;0.00;0.00;963.35;0.00;0.00;0.00;0.00;0.00;0.00;0.00;0.00;1586.34;772.68;1858.68;934.67;1394.67;1384.67;3148.68;2068.68;4158.68;2440.00;2520.00;2237.00;2742.02;2646.69;944.67;940.00;2079.34;230.00;749.34;310.00;0.00;0.00;320.00;0.00;0.00;320.00;320.00
1762062810.2730746;0.00;0.00;0.00;0.00;0.00;0.00;0.00;1542.02;0.00;0.00;0.00;963.35;0.00;0.00;0.00;0.00;0.00;0.00;0.00;0.00;1586.34;772.68;1858.68;934.67;1394.67;1384.67;3148.68;2068.68;4158.68;2440.00;2520.00;2237.00;2742.02;2646.69;944.67;940.00;2079.34;230.00;749.34;310.00;0.00;0.00;320.00;0.00;0.00;320.00;320.00
1762062837.1389546;0.00;0.00;0.00;0.00;0.00;0.00;0.00;1686.69;0.00;0.00;0.00;963.35;0.00;0.00;0.00;0.00;0.00;0.00;0.00;0.00;1586.34;772.68;704.67;934.67;1394.67;1384.67;3148.68;2068.68;4158.68;2440.00;2370.00;2077.00;1588.01;1492.68;944.67;940.00;449.34;230.00;749.34;310.00;0.00;0.00;320.00;0.00;0.00;320.00;320.00
1762062837.139661;0.00;0.00;0.00;0.00;0.00;0.00;0.00;1686.69;0.00;0.00;0.00;963.35;0.00;0.00;0.00;0.00;0.00;0.00;0.00;0.00;1586.34;772.68;704.67;934.67;1394.67;1384.67;3148.68;2068.68;4158.68;2440.00;2370.00;2077.00;1588.01;1492.68;944.67;940.00;449.34;230.00;749.34;310.00;0.00;0.00;320.00;0.00;0.00;320.00;320.00
1762062837.1844091;0.00;0.00;0.00;0.00;0.00;0.00;0.00;1831.36;0.00;0.00;0.00;963.35;0.00;0.00;0.00;0.00;0.00;0.00;0.00;0.00;1586.34;772.68;704.67;934.67;1394.67;1384.67;3148.68;2068.68;4158.68;2440.00;2514.67;2291.67;1588.01;1492.68;944.67;940.00;449.34;230.00;909.34;310.00;0.00;0.00;320.00;0.00;0.00;320.00;320.00
1762062837.1850758;0.00;0.00;0.00;0.00;0.00;0.00;0.00;1831.36;0.00;0.00;0.00;963.35;0.00;0.00;0.00;0.00;0.00;0.00;0.00;0.00;1586.34;772.68;704.67;934.67;1394.67;1384.67;3148.68;2068.68;4158.68;2440.00;2514.67;2291.67;1588.01;1492.68;944.67;940.00;449.34;230.00;909.34;310.00;0.00;0.00;320.00;0.00;0.00;320.00;320.00
1762062837.233815;0.00;0.00;0.00;0.00;0.00;0.00;0.00;1976.03;0.00;0.00;0.00;963.35;0.00;0.00;0.00;0.00;0.00;0.00;0.00;0.00;1586.34;772.68;704.67;934.67;1394.67;1384.67;3148.68;2068.68;4158.68;2750.00;2969.34;2521.67;1588.01;1492.68;944.67;1250.00;449.34;550.00;909.34;310.00;0.00;0.00;320.00;0.00;0.00;320.00;320.00
1762062837.2345214;0.00;0.00;0.00;0.00;0.00;0.00;0.00;1976.03;0.00;0.00;0.00;963.35;0.00;0.00;0.00;0.00;0.00;0.00;0.00;0.00;1586.34;772.68;704.67;934.67;1394.67;1384.67;3148.68;2068.68;4158.68;2750.00;2969.34;2521.67;1588.01;1492.68;944.67;1250.00;449.34;550.00;909.34;310.00;0.00;0.00;320.00;0.00;0.00;320.00;320.00
1762062837.2818935;0.00;0.00;0.00;0.00;0.00;0.00;0.00;1976.03;0.00;0.00;0.00;963.35;0.00;0.00;0.00;0.00;0.00;0.00;0.00;0.00;1586.34;772.68;704.67;934.67;1394.67;1384.67;3148.68;2068.68;4158.68;2750.00;2969.34;2521.67;1588.01;1492.68;944.67;1250.00;449.34;550.00;909.34;310.00;0.00;0.00;320.00;0.00;0.00;320.00;320.00
1762062837.2826004;0.00;0.00;0.00;0.00;0.00;0.00;0.00;1976.03;0.00;0.00;0.00;963.35;0.00;0.00;0.00;0.00;0.00;0.00;0.00;0.00;1586.34;772.68;704.67;934.67;1394.67;1384.67;3148.68;2068.68;4158.68;2750.00;2969.34;2521.67;1588.01;1492.68;944.67;1250.00;449.34;550.00;909.34;310.00;0.00;0.00;320.00;0.00;0.00;320.00;320.00
1762062837.3326035;0.00;0.00;0.00;0.00;0.00;0.00;0.00;1976.03;0.00;0.00;0.00;963.35;0.00;0.00;0.00;0.00;0.00;0.00;0.00;0.00;1586.34;772.68;704.67;934.67;1394.67;1384.67;3148.68;2068.68;4158.68;2750.00;2969.34;2521.67;1588.01;1492.68;944.67;1250.00;449.34;550.00;909.34;310.00;0.00;0.00;320.00;0.00;0.00;320.00;320.00
1762062837.333293;0.00;0.00;0.00;0.00;0.00;0.00;0.00;1976.03;0.00;0.00;0.00;963.35;0.00;0.00;0.00;0.00;0.00;0.00;0.00;0.00;1586.34;772.68;704.67;934.67;1394.67;1384.67;3148.68;2068.68;4158.68;2750.00;2969.34;2521.67;1588.01;1492.68;944.67;1250.00;449.34;550.00;909.34;310.00;0.00;0.00;320.00;0.00;0.00;320.00;320.00
1762062837.3868911;0.00;0.00;0.00;0.00;0.00;0.00;0.00;1976.03;0.00;0.00;0.00;963.35;0.00;0.00;0.00;0.00;0.00;0.00;0.00;0.00;1586.34;772.68;704.67;934.67;1394.67;1384.67;3148.68;2068.68;4158.68;2750.00;2969.34;2521.67;1588.01;1492.68;944.67;1250.00;449.34;550.00;909.34;310.00;0.00;0.00;320.00;0.00;0.00;320.00;320.00
1762062837.3876104;0.00;0.00;0.00;0.00;0.00;0.00;0.00;1976.03;0.00;0.00;0.00;963.35;0.00;0.00;0.00;0.00;0.00;0.00;0.00;0.00;1586.34;772.68;704.67;934.67;1394.67;1384.67;3148.68;2068.68;4158.68;2750.00;2969.34;2521.67;1588.01;1492.68;944.67;1250.00;449.34;550.00;909.34;310.00;0.00;0.00;320.00;0.00;0.00;320.00;320.00
1762062841.788878;0.00;0.00;144.67;0.00;0.00;0.00;0.00;1591.36;0.00;0.00;0.00;963.35;0.00;0.00;0.00;0.00;0.00;0.00;0.00;0.00;1441.67;772.68;704.67;934.67;1394.67;1384.67;2828.68;1748.68;3474.01;2504.67;3049.34;2531.67;1588.01;1492.68;944.67;1250.00;449.34;320.00;1149.34;310.00;0.00;0.00;320.00;0.00;0.00;320.00;320.00
1762062841.7895749;0.00;0.00;144.67;0.00;0.00;0.00;0.00;1591.36;0.00;0.00;0.00;963.35;0.00;0.00;0.00;0.00;0.00;0.00;0.00;0.00;1441.67;772.68;704.67;934.67;1394.67;1384.67;2828.68;1748.68;3474.01;2504.67;3049.34;2531.67;1588.01;1492.68;944.67;1250.00;449.34;320.00;1149.34;310.00;0.00;0.00;320.00;0.00;0.00;320.00;320.00
1762062841.830883;0.00;0.00;144.67;0.00;0.00;0.00;0.00;1591.36;0.00;144.67;0.00;963.35;0.00;0.00;0.00;0.00;0.00;0.00;0.00;0.00;1441.67;772.68;704.67;934.67;1394.67;1384.67;2828.68;1748.68;3474.01;2504.67;3289.34;2841.67;1588.01;1492.68;944.67;1250.00;449.34;320.00;1374.01;310.00;0.00;0.00;320.00;0.00;0.00;320.00;320.00
1762062841.8315706;0.00;0.00;144.67;0.00;0.00;0.00;0.00;1591.36;0.00;144.67;0.00;963.35;0.00;0.00;0.00;0.00;0.00;0.00;0.00;0.00;1441.67;772.68;704.67;934.67;1394.67;1384.67;2828.68;1748.68;3474.01;2504.67;3289.34;2841.67;1588.01;1492.68;944.67;1250.00;449.34;320.00;1374.01;310.00;0.00;0.00;320.00;0.00;0.00;320.00;320.00
1762062841.8723907;0.00;0.00;144.67;0.00;0.00;0.00;0.00;1591.36;0.00;144.67;0.00;963.35;0.00;0.00;0.00;0.00;0.00;0.00;0.00;0.00;1586.34;772.68;704.67;934.67;1394.67;1384.67;2978.68;1828.68;3554.01;2569.34;3354.01;3001.67;1588.01;1492.68;944.67;1250.00;759.34;320.00;1374.01;310.00;0.00;0.00;320.00;0.00;0.00;320.00;320.00
1762062841.873033;0.00;0.00;144.67;0.00;0.00;0.00;0.00;1591.36;0.00;144.67;0.00;963.35;0.00;0.00;0.00;0.00;0.00;0.00;0.00;0.00;1586.34;772.68;704.67;934.67;1394.67;1384.67;2978.68;1828.68;3554.01;2569.34;3354.01;3001.67;1588.01;1492.68;944.67;1250.00;759.34;320.00;1374.01;310.00;0.00;0.00;320.00;0.00;0.00;320.00;320.00
1762062847.0576594;0.00;0.00;289.34;0.00;0.00;0.00;0.00;1591.36;0.00;144.67;0.00;963.35;0.00;0.00;0.00;0.00;0.00;0.00;0.00;0.00;1346.34;772.68;704.67;774.67;1234.67;1234.67;3138.68;1988.68;3388.68;2489.34;3274.01;2991.67;1428.01;1332.68;784.67;1250.00;759.34;550.00;1374.01;310.00;0.00;0.00;320.00;0.00;0.00;320.00;320.00
1762062847.0583806;0.00;0.00;289.34;0.00;0.00;0.00;0.00;1591.36;0.00;144.67;0.00;963.35;0.00;0.00;0.00;0.00;0.00;0.00;0.00;0.00;1346.34;772.68;704.67;774.67;1234.67;1234.67;3138.68;1988.68;3388.68;2489.34;3274.01;2991.67;1428.01;1332.68;784.67;1250.00;759.34;550.00;1374.01;310.00;0.00;0.00;320.00;0.00;0.00;320.00;320.00
1762062851.803639;0.00;0.00;434.01;0.00;0.00;0.00;0.00;1591.36;0.00;144.67;0.00;963.35;0.00;0.00;0.00;0.00;0.00;0.00;0.00;0.00;866.34;772.68;704.67;774.67;1234.67;1234.67;2828.68;1678.68;2918.68;2234.01;3168.68;2991.67;1428.01;1332.68;784.67;1170.00;759.34;550.00;1374.01;0.00;0.00;0.00;320.00;0.00;0.00;320.00;320.00
1762062851.8043318;0.00;0.00;434.01;0.00;0.00;0.00;0.00;1591.36;0.00;144.67;0.00;963.35;0.00;0.00;0.00;0.00;0.00;0.00;0.00;0.00;866.34;772.68;704.67;774.67;1234.67;1234.67;2828.68;1678.68;2918.68;2234.01;3168.68;2991.67;1428.01;1332.68;784.67;1170.00;759.34;550.00;1374.01;0.00;0.00;0.00;320.00;0.00;0.00;320.00;320.00
1762062851.846818;0.00;0.00;674.01;0.00;0.00;0.00;0.00;1591.36;0.00;144.67;0.00;963.35;0.00;0.00;0.00;0.00;0.00;0.00;0.00;0.00;866.34;772.68;704.67;774.67;1234.67;1234.67;2988.68;1838.68;3078.68;2234.01;3168.68;2991.67;1428.01;1332.68;784.67;1400.00;759.34;550.00;1374.01;0.00;0.00;0.00;640.00;0.00;0.00;320.00;320.00
1762062851.8474915;0.00;0.00;674.01;0.00;0.00;0.00;0.00;1591.36;0.00;144.67;0.00;963.35;0.00;0.00;0.00;0.00;0.00;0.00;0.00;0.00;866.34;772.68;704.67;774.67;1234.67;1234.67;2988.68;1838.68;3078.68;2234.01;3168.68;2991.67;1428.01;1332.68;784.67;1400.00;759.34;550.00;1374.01;0.00;0.00;0.00;640.00;0.00;0.00;320.00;320.00
1762062852.1487567;0.00;0.00;674.01;0.00;0.00;0.00;240.00;1591.36;0.00;144.67;0.00;963.35;0.00;0.00;0.00;0.00;0.00;0.00;0.00;0.00;866.34;772.68;704.67;774.67;1234.67;1234.67;2988.68;1838.68;3078.68;2234.01;3318.68;3071.67;1428.01;1332.68;784.67;1400.00;989.34;550.00;1374.01;0.00;0.00;0.00;640.00;0.00;0.00;320.00;320.00
1762062852.1494648;0.00;0.00;674.01;0.00;0.00;0.00;240.00;1591.36;0.00;144.67;0.00;963.35;0.00;0.00;0.00;0.00;0.00;0.00;0.00;0.00;866.34;772.68;704.67;774.67;1234.67;1234.67;2988.68;1838.68;3078.68;2234.01;3318.68;3071.67;1428.01;1332.68;784.67;1400.00;989.34;550.00;1374.01;0.00;0.00;0.00;640.00;0.00;0.00;320.00;320.00
1762062852.1998665;0.00;0.00;674.01;0.00;0.00;0.00;480.00;1591.36;0.00;144.67;0.00;963.35;0.00;0.00;0.00;0.00;0.00;0.00;0.00;0.00;866.34;772.68;704.67;774.67;1234.67;1234.67;2988.68;1838.68;3078.68;2234.01;3468.68;3151.67;1428.01;1332.68;784.67;1400.00;1219.34;550.00;1374.01;0.00;0.00;0.00;640.00;0.00;0.00;320.00;320.00
1762062852.2005665;0.00;0.00;674.01;0.00;0.00;0.00;480.00;1591.36;0.00;144.67;0.00;963.35;0.00;0.00;0.00;0.00;0.00;0.00;0.00;0.00;866.34;772.68;704.67;774.67;1234.67;1234.67;2988.68;1838.68;3078.68;2234.01;3468.68;3151.67;1428.01;1332.68;784.67;1400.00;1219.34;550.00;1374.01;0.00;0.00;0.00;640.00;0.00;0.00;320.00;320.00
1762062852.2521951;0.00;0.00;674.01;0.00;0.00;0.00;720.00;1591.36;0.00;144.67;0.00;963.35;0.00;0.00;0.00;0.00;0.00;0.00;0.00;0.00;866.34;772.68;704.67;774.67;1234.67;1234.67;2988.68;1838.68;3078.68;2234.01;3468.68;3391.67;1428.01;1332.68;784.67;1400.00;1759.34;550.00;1374.01;0.00;0.00;0.00;640.00;0.00;0.00;320.00;320.00
1762062852.252905;0.00;0.00;674.01;0.00;0.00;0.00;720.00;1591.36;0.00;144.67;0.00;963.35;0.00;0.00;0.00;0.00;0.00;0.00;0.00;0.00;866.34;772.68;704.67;774.67;1234.67;1234.67;2988.68;1838.68;3078.68;2234.01;3468.68;3391.67;1428.01;1332.68;784.67;1400.00;1759.34;550.00;1374.01;0.00;0.00;0.00;640.00;0.00;0.00;320.00;320.00
1762062852.298737;0.00;0.00;674.01;0.00;0.00;0.00;960.00;1591.36;0.00;144.67;0.00;963.35;0.00;0.00;0.00;0.00;0.00;0.00;0.00;0.00;866.34;772.68;704.67;774.67;1234.67;1234.67;2988.68;1838.68;3078.68;2234.01;3468.68;3631.67;1428.01;1332.68;784.67;1400.00;2299.34;550.00;1374.01;0.00;0.00;0.00;640.00;0.00;0.00;320.00;320.00
1762062852.2994218;0.00;0.00;674.01;0.00;0.00;0.00;960.00;1591.36;0.00;144.67;0.00;963.35;0.00;0.00;0.00;0.00;0.00;0.00;0.00;0.00;866.34;772.68;704.67;774.67;1234.67;1234.67;2988.68;1838.68;3078.68;2234.01;3468.68;3631.67;1428.01;1332.68;784.67;1400.00;2299.34;550.00;1374.01;0.00;0.00;0.00;640.00;0.00;0.00;320.00;320.00
1762062852.3451543;0.00;0.00;674.01;0.00;0.00;0.00;1200.00;1591.36;0.00;144.67;0.00;963.35;0.00;0.00;0.00;0.00;0.00;0.00;0.00;0.00;866.34;772.68;704.67;854.67;1384.67;1384.67;2988.68;1838.68;3078.68;2234.01;3618.68;3711.67;1508.01;1412.68;864.67;1400.00;2299.34;860.00;1374.01;0.00;0.00;0.00;640.00;0.00;0.00;320.00;320.00
1762062852.345849;0.00;0.00;674.01;0.00;0.00;0.00;1200.00;1591.36;0.00;144.67;0.00;963.35;0.00;0.00;0.00;0.00;0.00;0.00;0.00;0.00;866.34;772.68;704.67;854.67;1384.67;1384.67;2988.68;1838.68;3078.68;2234.01;3618.68;3711.67;1508.01;1412.68;864.67;1400.00;2299.34;860.00;1374.01;0.00;0.00;0.00;640.00;0.00;0.00;320.00;320.00
1762062852.3963988;0.00;0.00;674.01;0.00;0.00;0.00;1440.00;1591.36;0.00;144.67;0.00;963.35;0.00;0.00;0.00;0.00;0.00;0.00;0.00;0.00;866.34;772.68;704.67;934.67;1534.67;1534.67;3148.68;1998.68;3238.68;2394.01;3778.68;3791.67;1588.01;1492.68;944.67;1400.00;2299.34;860.00;1374.01;0.00;320.00;0.00;640.00;0.00;0.00;320.00;320.00
1762062852.3970997;0.00;0.00;674.01;0.00;0.00;0.00;1440.00;1591.36;0.00;144.67;0.00;963.35;0.00;0.00;0.00;0.00;0.00;0.00;0.00;0.00;866.34;772.68;704.67;934.67;1534.67;1534.67;3148.68;1998.68;3238.68;2394.01;3778.68;3791.67;1588.01;1492.68;944.67;1400.00;2299.34;860.00;1374.01;0.00;320.00;0.00;640.00;0.00;0.00;320.00;320.00
1762062856.8177316;0.00;0.00;914.01;0.00;0.00;0.00;1440.00;1591.36;0.00;144.67;0.00;963.35;0.00;0.00;0.00;0.00;0.00;0.00;0.00;0.00;384.67;772.68;704.67;934.67;1534.67;1534.67;3148.68;1998.68;3008.68;2394.01;3778.68;3791.67;1588.01;1492.68;944.67;1090.00;2299.34;860.00;1374.01;0.00;320.00;0.00;640.00;0.00;0.00;320.00;320.00
1762062856.8184378;0.00;0.00;914.01;0.00;0.00;0.00;1440.00;1591.36;0.00;144.67;0.00;963.35;0.00;0.00;0.00;0.00;0.00;0.00;0.00;0.00;384.67;772.68;704.67;934.67;1534.67;1534.67;3148.68;1998.68;3008.68;2394.01;3778.68;3791.67;1588.01;1492.68;944.67;1090.00;2299.34;860.00;1374.01;0.00;320.00;0.00;640.00;0.00;0.00;320.00;320.00
1762062856.8624842;0.00;0.00;1154.01;0.00;0.00;0.00;1440.00;1591.36;0.00;144.67;0.00;963.35;0.00;0.00;0.00;0.00;0.00;0.00;0.00;0.00;384.67;772.68;704.67;934.67;1534.67;1534.67;3148.68;1998.68;3008.68;2394.01;3778.68;3791.67;1588.01;1492.68;944.67;1090.00;2299.34;860.00;1374.01;0.00;320.00;0.00;640.00;0.00;0.00;320.00;320.00
1762062856.8631883;0.00;0.00;1154.01;0.00;0.00;0.00;1440.00;1591.36;0.00;144.67;0.00;963.35;0.00;0.00;0.00;0.00;0.00;0.00;0.00;0.00;384.67;772.68;704.67;934.67;1534.67;1534.67;3148.68;1998.68;3008.68;2394.01;3778.68;3791.67;1588.01;1492.68;944.67;1090.00;2299.34;860.00;1374.01;0.00;320.00;0.00;640.00;0.00;0.00;320.00;320.00
1762062856.9073057;0.00;0.00;1394.01;0.00;0.00;0.00;1440.00;1591.36;0.00;144.67;0.00;963.35;0.00;0.00;0.00;0.00;0.00;0.00;0.00;0.00;384.67;772.68;704.67;934.67;1534.67;1534.67;3148.68;1998.68;3318.68;2394.01;3778.68;3791.67;1588.01;1492.68;944.67;1090.00;2299.34;860.00;1374.01;0.00;320.00;0.00;950.00;0.00;0.00;320.00;320.00
1762062856.9079602;0.00;0.00;1394.01;0.00;0.00;0.00;1440.00;1591.36;0.00;144.67;0.00;963.35;0.00;0.00;0.00;0.00;0.00;0.00;0.00;0.00;384.67;772.68;704.67;934.67;1534.67;1534.67;3148.68;1998.68;3318.68;2394.01;3778.68;3791.67;1588.01;1492.68;944.67;1090.00;2299.34;860.00;1374.01;0.00;320.00;0.00;950.00;0.00;0.00;320.00;320.00
1762062861.8270924;0.00;0.00;1634.01;0.00;0.00;0.00;1440.00;1591.36;0.00;144.67;0.00;963.35;0.00;0.00;0.00;0.00;0.00;0.00;0.00;0.00;240.00;772.68;704.67;934.67;1534.67;1534.67;3148.68;1998.68;3318.68;2329.34;3714.01;3631.67;1588.01;1492.68;944.67;1400.00;1989.34;860.00;1374.01;0.00;320.00;0.00;950.00;0.00;0.00;320.00;320.00
1762062861.827816;0.00;0.00;1634.01;0.00;0.00;0.00;1440.00;1591.36;0.00;144.67;0.00;963.35;0.00;0.00;0.00;0.00;0.00;0.00;0.00;0.00;240.00;772.68;704.67;934.67;1534.67;1534.67;3148.68;1998.68;3318.68;2329.34;3714.01;3631.67;1588.01;1492.68;944.67;1400.00;1989.34;860.00;1374.01;0.00;320.00;0.00;950.00;0.00;0.00;320.00;320.00
1762062869.1512618;0.00;0.00;914.01;0.00;0.00;0.00;1440.00;434.01;0.00;0.00;0.00;963.35;0.00;0.00;0.00;0.00;0.00;0.00;97.00;0.00;240.00;772.68;704.67;934.67;1534.67;1534.67;2848.68;1768.68;1988.68;1379.34;3154.01;3001.67;1685.01;1492.68;944.67;1090.00;2299.34;860.00;614.67;0.00;320.00;0.00;320.00;0.00;0.00;320.00;320.00
1762062869.1516864;0.00;0.00;914.01;0.00;0.00;0.00;1440.00;434.01;0.00;0.00;0.00;963.35;0.00;0.00;0.00;0.00;0.00;0.00;97.00;0.00;240.00;772.68;704.67;934.67;1534.67;1534.67;2848.68;1768.68;1988.68;1379.34;3154.01;3001.67;1685.01;1492.68;944.67;1090.00;2299.34;860.00;614.67;0.00;320.00;0.00;320.00;0.00;0.00;320.00;320.00
1762062869.1929362;0.00;0.00;914.01;0.00;0.00;0.00;1440.00;434.01;0.00;0.00;0.00;963.35;0.00;0.00;0.00;0.00;0.00;0.00;241.67;0.00;240.00;772.68;704.67;934.67;1534.67;1534.67;2848.68;1768.68;1988.68;1379.34;3304.01;3161.67;1829.68;1492.68;944.67;1090.00;2619.34;860.00;614.67;0.00;320.00;0.00;320.00;0.00;0.00;320.00;320.00
1762062869.1933827;0.00;0.00;914.01;0.00;0.00;0.00;1440.00;434.01;0.00;0.00;0.00;963.35;0.00;0.00;0.00;0.00;0.00;0.00;241.67;0.00;240.00;772.68;704.67;934.67;1534.67;1534.67;2848.68;1768.68;1988.68;1379.34;3304.01;3161.67;1829.68;1492.68;944.67;1090.00;2619.34;860.00;614.67;0.00;320.00;0.00;320.00;0.00;0.00;320.00;320.00
1762062869.2316222;0.00;0.00;914.01;0.00;0.00;0.00;1440.00;434.01;0.00;0.00;0.00;963.35;0.00;0.00;0.00;0.00;0.00;0.00;386.34;0.00;240.00;772.68;704.67;934.67;1534.67;1534.67;2848.68;1768.68;1988.68;1529.34;3464.01;3321.67;1974.35;1492.68;944.67;1090.00;2619.34;860.00;614.67;0.00;320.00;0.00;320.00;0.00;0.00;320.00;320.00
1762062869.2320251;0.00;0.00;914.01;0.00;0.00;0.00;1440.00;434.01;0.00;0.00;0.00;963.35;0.00;0.00;0.00;0.00;0.00;0.00;386.34;0.00;240.00;772.68;704.67;934.67;1534.67;1534.67;2848.68;1768.68;1988.68;1529.34;3464.01;3321.67;1974.35;1492.68;944.67;1090.00;2619.34;860.00;614.67;0.00;320.00;0.00;320.00;0.00;0.00;320.00;320.00
1762062869.2710478;0.00;0.00;914.01;0.00;0.00;0.00;1440.00;434.01;0.00;0.00;0.00;963.35;0.00;0.00;0.00;0.00;0.00;0.00;531.01;0.00;240.00;772.68;704.67;934.67;1534.67;1534.67;2848.68;1768.68;1988.68;1689.34;3774.01;3466.34;2119.02;1492.68;944.67;1090.00;2619.34;860.00;614.67;0.00;320.00;0.00;320.00;0.00;0.00;320.00;320.00
1762062869.2714758;0.00;0.00;914.01;0.00;0.00;0.00;1440.00;434.01;0.00;0.00;0.00;963.35;0.00;0.00;0.00;0.00;0.00;0.00;531.01;0.00;240.00;772.68;704.67;934.67;1534.67;1534.67;2848.68;1768.68;1988.68;1689.34;3774.01;3466.34;2119.02;1492.68;944.67;1090.00;2619.34;860.00;614.67;0.00;320.00;0.00;320.00;0.00;0.00;320.00;320.00
1762062869.3064058;0.00;0.00;914.01;0.00;0.00;0.00;1440.00;434.01;0.00;0.00;0.00;963.35;0.00;0.00;0.00;0.00;0.00;0.00;675.68;0.00;240.00;772.68;704.67;934.67;1534.67;1534.67;2848.68;1768.68;1988.68;1999.34;4014.01;3611.01;2263.69;1492.68;944.67;1090.00;2619.34;860.00;614.67;0.00;320.00;0.00;320.00;0.00;0.00;320.00;320.00
1762062869.30683;0.00;0.00;914.01;0.00;0.00;0.00;1440.00;434.01;0.00;0.00;0.00;963.35;0.00;0.00;0.00;0.00;0.00;0.00;675.68;0.00;240.00;772.68;704.67;934.67;1534.67;1534.67;2848.68;1768.68;1988.68;1999.34;4014.01;3611.01;2263.69;1492.68;944.67;1090.00;2619.34;860.00;614.67;0.00;320.00;0.00;320.00;0.00;0.00;320.00;320.00
1762062869.3404644;0.00;0.00;914.01;0.00;0.00;0.00;1440.00;434.01;0.00;0.00;0.00;963.35;0.00;0.00;0.00;0.00;0.00;0.00;820.35;0.00;240.00;772.68;704.67;934.67;1534.67;1534.67;2848.68;1768.68;1988.68;2159.34;4174.01;3905.68;2408.36;1492.68;944.67;1090.00;2619.34;860.00;614.67;0.00;320.00;0.00;320.00;0.00;0.00;320.00;320.00
1762062869.340884;0.00;0.00;914.01;0.00;0.00;0.00;1440.00;434.01;0.00;0.00;0.00;963.35;0.00;0.00;0.00;0.00;0.00;0.00;820.35;0.00;240.00;772.68;704.67;934.67;1534.67;1534.67;2848.68;1768.68;1988.68;2159.34;4174.01;3905.68;2408.36;1492.68;944.67;1090.00;2619.34;860.00;614.67;0.00;320.00;0.00;320.00;0.00;0.00;320.00;320.00
1762062887.1808014;0.00;0.00;0.00;0.00;97.00;0.00;1440.00;434.01;0.00;0.00;0.00;963.35;0.00;0.00;0.00;0.00;0.00;0.00;820.35;0.00;0.00;0.00;704.67;630.00;1230.00;1230.00;1748.68;978.68;1374.01;1870.00;2859.34;2788.68;1525.02;704.67;640.00;630.00;2170.00;630.00;160.00;0.00;320.00;0.00;0.00;0.00;0.00;320.00;0.00
1762062887.1817498;0.00;0.00;0.00;0.00;97.00;0.00;1440.00;434.01;0.00;0.00;0.00;963.35;0.00;0.00;0.00;0.00;0.00;0.00;820.35;0.00;0.00;0.00;704.67;630.00;1230.00;1230.00;1748.68;978.68;1374.01;1870.00;2859.34;2788.68;1525.02;704.67;640.00;630.00;2170.00;630.00;160.00;0.00;320.00;0.00;0.00;0.00;0.00;320.00;0.00
1762062887.2330844;0.00;0.00;0.00;0.00;194.00;0.00;1440.00;434.01;0.00;0.00;0.00;963.35;0.00;0.00;0.00;0.00;0.00;0.00;820.35;0.00;0.00;0.00;704.67;630.00;1230.00;1230.00;1748.68;978.68;1374.01;1870.00;3099.34;2933.35;1525.02;704.67;640.00;630.00;2282.33;630.00;160.00;0.00;320.00;0.00;0.00;0.00;0.00;320.00;0.00
1762062887.2337685;0.00;0.00;0.00;0.00;194.00;0.00;1440.00;434.01;0.00;0.00;0.00;963.35;0.00;0.00;0.00;0.00;0.00;0.00;820.35;0.00;0.00;0.00;704.67;630.00;1230.00;1230.00;1748.68;978.68;1374.01;1870.00;3099.34;2933.35;1525.02;704.67;640.00;630.00;2282.33;630.00;160.00;0.00;320.00;0.00;0.00;0.00;0.00;320.00;0.00
1762062887.2859588;0.00;0.00;0.00;0.00;291.00;0.00;1440.00;434.01;0.00;0.00;0.00;963.35;0.00;0.00;0.00;0.00;0.00;0.00;820.35;0.00;0.00;0.00;704.67;630.00;1230.00;1230.00;1748.68;978.68;1374.01;1870.00;3291.67;3125.68;1525.02;704.67;640.00;630.00;2507.00;630.00;272.33;0.00;320.00;0.00;0.00;0.00;0.00;320.00;0.00
1762062887.2866607;0.00;0.00;0.00;0.00;291.00;0.00;1440.00;434.01;0.00;0.00;0.00;963.35;0.00;0.00;0.00;0.00;0.00;0.00;820.35;0.00;0.00;0.00;704.67;630.00;1230.00;1230.00;1748.68;978.68;1374.01;1870.00;3291.67;3125.68;1525.02;704.67;640.00;630.00;2507.00;630.00;272.33;0.00;320.00;0.00;0.00;0.00;0.00;320.00;0.00
1762062887.5982401;0.00;0.00;0.00;0.00;388.00;0.00;1440.00;434.01;0.00;0.00;0.00;963.35;0.00;0.00;0.00;0.00;0.00;0.00;820.35;0.00;0.00;0.00;704.67;630.00;1230.00;1230.00;1748.68;978.68;1374.01;2110.00;3436.34;3222.68;1525.02;704.67;640.00;630.00;2507.00;630.00;272.33;0.00;320.00;0.00;0.00;0.00;0.00;320.00;0.00
1762062887.5989528;0.00;0.00;0.00;0.00;388.00;0.00;1440.00;434.01;0.00;0.00;0.00;963.35;0.00;0.00;0.00;0.00;0.00;0.00;820.35;0.00;0.00;0.00;704.67;630.00;1230.00;1230.00;1748.68;978.68;1374.01;2110.00;3436.34;3222.68;1525.02;704.67;640.00;630.00;2507.00;630.00;272.33;0.00;320.00;0.00;0.00;0.00;0.00;320.00;0.00
1762062887.6475325;0.00;0.00;0.00;0.00;485.00;0.00;1440.00;434.01;0.00;0.00;0.00;963.35;0.00;0.00;0.00;0.00;0.00;0.00;820.35;0.00;0.00;0.00;704.67;630.00;1230.00;1230.00;1748.68;978.68;1374.01;2420.00;3676.34;3367.35;1525.02;704.67;640.00;630.00;2619.33;630.00;272.33;0.00;320.00;0.00;0.00;0.00;0.00;320.00;0.00
1762062887.6482093;0.00;0.00;0.00;0.00;485.00;0.00;1440.00;434.01;0.00;0.00;0.00;963.35;0.00;0.00;0.00;0.00;0.00;0.00;820.35;0.00;0.00;0.00;704.67;630.00;1230.00;1230.00;1748.68;978.68;1374.01;2420.00;3676.34;3367.35;1525.02;704.67;640.00;630.00;2619.33;630.00;272.33;0.00;320.00;0.00;0.00;0.00;0.00;320.00;0.00
1762062887.6956463;0.00;0.00;0.00;0.00;582.00;0.00;1440.00;434.01;0.00;0.00;0.00;963.35;0.00;0.00;0.00;0.00;0.00;0.00;820.35;0.00;0.00;0.00;704.67;630.00;1230.00;1230.00;1748.68;978.68;1374.01;2650.00;3916.34;3559.68;1749.69;704.67;640.00;630.00;2619.33;630.00;272.33;0.00;320.00;0.00;0.00;0.00;0.00;320.00;0.00
1762062887.6963456;0.00;0.00;0.00;0.00;582.00;0.00;1440.00;434.01;0.00;0.00;0.00;963.35;0.00;0.00;0.00;0.00;0.00;0.00;820.35;0.00;0.00;0.00;704.67;630.00;1230.00;1230.00;1748.68;978.68;1374.01;2650.00;3916.34;3559.68;1749.69;704.67;640.00;630.00;2619.33;630.00;272.33;0.00;320.00;0.00;0.00;0.00;0.00;320.00;0.00
1762062906.8637917;0.00;0.00;0.00;0.00;582.00;0.00;1440.00;289.34;0.00;97.00;0.00;963.35;0.00;0.00;0.00;0.00;0.00;0.00;820.35;0.00;0.00;0.00;0.00;320.00;780.00;780.00;1748.68;978.68;1374.01;2420.00;3301.67;3169.68;1365.02;320.00;320.00;320.00;2619.33;310.00;592.33;0.00;320.00;0.00;0.00;0.00;0.00;320.00;0.00
1762062906.864477;0.00;0.00;0.00;0.00;582.00;0.00;1440.00;289.34;0.00;97.00;0.00;963.35;0.00;0.00;0.00;0.00;0.00;0.00;820.35;0.00;0.00;0.00;0.00;320.00;780.00;780.00;1748.68;978.68;1374.01;2420.00;3301.67;3169.68;1365.02;320.00;320.00;320.00;2619.33;310.00;592.33;0.00;320.00;0.00;0.00;0.00;0.00;320.00;0.00
1762062907.1785104;0.00;0.00;0.00;0.00;582.00;0.00;1440.00;289.34;0.00;97.00;0.00;963.35;0.00;0.00;97.00;0.00;0.00;0.00;820.35;0.00;0.00;0.00;0.00;320.00;780.00;780.00;1908.68;1138.68;1861.01;2420.00;3301.67;3169.68;1365.02;320.00;320.00;320.00;2619.33;310.00;592.33;0.00;320.00;0.00;0.00;0.00;0.00;320.00;0.00
1762062907.1789217;0.00;0.00;0.00;0.00;582.00;0.00;1440.00;289.34;0.00;97.00;0.00;963.35;0.00;0.00;97.00;0.00;0.00;0.00;820.35;0.00;0.00;0.00;0.00;320.00;780.00;780.00;1908.68;1138.68;1861.01;2420.00;3301.67;3169.68;1365.02;320.00;320.00;320.00;2619.33;310.00;592.33;0.00;320.00;0.00;0.00;0.00;0.00;320.00;0.00
1762062907.2174919;0.00;0.00;0.00;0.00;582.00;0.00;1440.00;289.34;0.00;97.00;0.00;963.35;0.00;0.00;194.00;0.00;0.00;0.00;820.35;0.00;0.00;0.00;0.00;320.00;780.00;780.00;1908.68;1138.68;2498.01;2420.00;3301.67;3169.68;1365.02;320.00;320.00;320.00;2619.33;310.00;592.33;0.00;320.00;0.00;0.00;0.00;0.00;320.00;0.00
1762062907.217877;0.00;0.00;0.00;0.00;582.00;0.00;1440.00;289.34;0.00;97.00;0.00;963.35;0.00;0.00;194.00;0.00;0.00;0.00;820.35;0.00;0.00;0.00;0.00;320.00;780.00;780.00;1908.68;1138.68;2498.01;2420.00;3301.67;3169.68;1365.02;320.00;320.00;320.00;2619.33;310.00;592.33;0.00;320.00;0.00;0.00;0.00;0.00;320.00;0.00
1762062907.261686;0.00;0.00;0.00;0.00;582.00;0.00;1440.00;289.34;0.00;97.00;0.00;963.35;0.00;0.00;338.67;0.00;0.00;0.00;820.35;0.00;0.00;0.00;0.00;320.00;780.00;780.00;2068.68;1298.68;2872.68;2420.00;3301.67;3169.68;1365.02;320.00;320.00;320.00;2619.33;310.00;592.33;0.00;320.00;0.00;0.00;0.00;0.00;320.00;0.00
1762062907.2621233;0.00;0.00;0.00;0.00;582.00;0.00;1440.00;289.34;0.00;97.00;0.00;963.35;0.00;0.00;338.67;0.00;0.00;0.00;820.35;0.00;0.00;0.00;0.00;320.00;780.00;780.00;2068.68;1298.68;2872.68;2420.00;3301.67;3169.68;1365.02;320.00;320.00;320.00;2619.33;310.00;592.33;0.00;320.00;0.00;0.00;0.00;0.00;320.00;0.00
1762062907.2959087;0.00;0.00;0.00;0.00;582.00;0.00;1440.00;289.34;0.00;97.00;0.00;963.35;0.00;0.00;483.34;0.00;0.00;0.00;820.35;0.00;0.00;0.00;0.00;320.00;780.00;780.00;2068.68;1298.68;3182.68;2580.00;3301.67;3169.68;1365.02;320.00;320.00;320.00;2619.33;310.00;902.33;0.00;320.00;0.00;0.00;0.00;0.00;320.00;0.00
1762062907.296338;0.00;0.00;0.00;0.00;582.00;0.00;1440.00;289.34;0.00;97.00;0.00;963.35;0.00;0.00;483.34;0.00;0.00;0.00;820.35;0.00;0.00;0.00;0.00;320.00;780.00;780.00;2068.68;1298.68;3182.68;2580.00;3301.67;3169.68;1365.02;320.00;320.00;320.00;2619.33;310.00;902.33;0.00;320.00;0.00;0.00;0.00;0.00;320.00;0.00
1762062907.341425;0.00;0.00;0.00;0.00;582.00;0.00;1440.00;289.34;0.00;97.00;0.00;963.35;0.00;0.00;628.01;0.00;0.00;0.00;820.35;0.00;0.00;0.00;0.00;320.00;780.00;780.00;2308.68;1538.68;3182.68;2580.00;3301.67;3169.68;1365.02;320.00;320.00;320.00;2619.33;310.00;902.33;0.00;320.00;0.00;0.00;0.00;0.00;320.00;0.00
1762062907.341861;0.00;0.00;0.00;0.00;582.00;0.00;1440.00;289.34;0.00;97.00;0.00;963.35;0.00;0.00;628.01;0.00;0.00;0.00;820.35;0.00;0.00;0.00;0.00;320.00;780.00;780.00;2308.68;1538.68;3182.68;2580.00;3301.67;3169.68;1365.02;320.00;320.00;320.00;2619.33;310.00;902.33;0.00;320.00;0.00;0.00;0.00;0.00;320.00;0.00
1762062907.3829405;0.00;0.00;0.00;0.00;582.00;0.00;1440.00;289.34;0.00;97.00;0.00;963.35;0.00;0.00;772.68;0.00;0.00;0.00;820.35;0.00;0.00;0.00;0.00;320.00;780.00;780.00;2613.35;1833.35;3332.68;2580.00;3301.67;3169.68;1365.02;320.00;320.00;320.00;2619.33;310.00;902.33;0.00;630.00;0.00;0.00;0.00;0.00;320.00;0.00
1762062907.383374;0.00;0.00;0.00;0.00;582.00;0.00;1440.00;289.34;0.00;97.00;0.00;963.35;0.00;0.00;772.68;0.00;0.00;0.00;820.35;0.00;0.00;0.00;0.00;320.00;780.00;780.00;2613.35;1833.35;3332.68;2580.00;3301.67;3169.68;1365.02;320.00;320.00;320.00;2619.33;310.00;902.33;0.00;630.00;0.00;0.00;0.00;0.00;320.00;0.00
1762062911.862732;0.00;0.00;0.00;0.00;582.00;0.00;1440.00;289.34;144.67;0.00;0.00;963.35;0.00;0.00;772.68;0.00;0.00;0.00;820.35;0.00;0.00;0.00;0.00;320.00;780.00;780.00;2613.35;1833.35;3332.68;2340.00;3301.67;3169.68;1365.02;320.00;320.00;320.00;2619.33;310.00;1122.33;0.00;630.00;0.00;0.00;0.00;0.00;320.00;0.00
1762062911.8631418;0.00;0.00;0.00;0.00;582.00;0.00;1440.00;289.34;144.67;0.00;0.00;963.35;0.00;0.00;772.68;0.00;0.00;0.00;820.35;0.00;0.00;0.00;0.00;320.00;780.00;780.00;2613.35;1833.35;3332.68;2340.00;3301.67;3169.68;1365.02;320.00;320.00;320.00;2619.33;310.00;1122.33;0.00;630.00;0.00;0.00;0.00;0.00;320.00;0.00
1762062916.8592906;0.00;0.00;0.00;97.00;485.00;0.00;1440.00;289.34;144.67;0.00;0.00;0.00;0.00;0.00;772.68;0.00;0.00;0.00;820.35;0.00;0.00;0.00;0.00;160.00;300.00;300.00;1024.67;1014.67;2118.67;1880.00;2949.34;2817.35;1205.02;160.00;160.00;0.00;2394.66;310.00;1010.00;0.00;630.00;0.00;0.00;0.00;0.00;0.00;0.00
1762062916.8597276;0.00;0.00;0.00;97.00;485.00;0.00;1440.00;289.34;144.67;0.00;0.00;0.00;0.00;0.00;772.68;0.00;0.00;0.00;820.35;0.00;0.00;0.00;0.00;160.00;300.00;300.00;1024.67;1014.67;2118.67;1880.00;2949.34;2817.35;1205.02;160.00;160.00;0.00;2394.66;310.00;1010.00;0.00;630.00;0.00;0.00;0.00;0.00;0.00;0.00
1762062926.877674;0.00;0.00;0.00;194.00;388.00;0.00;1440.00;289.34;144.67;0.00;0.00;0.00;0.00;0.00;772.68;0.00;0.00;0.00;820.35;0.00;0.00;0.00;0.00;160.00;300.00;300.00;1024.67;1014.67;2118.67;1650.00;2869.34;2785.02;980.35;160.00;160.00;0.00;2394.66;310.00;1010.00;0.00;630.00;0.00;0.00;0.00;0.00;0.00;0.00
1762062926.878095;0.00;0.00;0.00;194.00;388.00;0.00;1440.00;289.34;144.67;0.00;0.00;0.00;0.00;0.00;772.68;0.00;0.00;0.00;820.35;0.00;0.00;0.00;0.00;160.00;300.00;300.00;1024.67;1014.67;2118.67;1650.00;2869.34;2785.02;980.35;160.00;160.00;0.00;2394.66;310.00;1010.00;0.00;630.00;0.00;0.00;0.00;0.00;0.00;0.00
1762062930.1965923;0.00;0.00;97.00;194.00;388.00;0.00;1440.00;289.34;144.67;0.00;0.00;0.00;0.00;0.00;772.68;0.00;0.00;0.00;820.35;0.00;0.00;0.00;0.00;160.00;300.00;300.00;1024.67;1014.67;2118.67;1650.00;2869.34;2785.02;980.35;160.00;160.00;0.00;2394.66;310.00;1010.00;0.00;630.00;0.00;0.00;0.00;0.00;0.00;0.00
1762062930.1970098;0.00;0.00;97.00;194.00;388.00;0.00;1440.00;289.34;144.67;0.00;0.00;0.00;0.00;0.00;772.68;0.00;0.00;0.00;820.35;0.00;0.00;0.00;0.00;160.00;300.00;300.00;1024.67;1014.67;2118.67;1650.00;2869.34;2785.02;980.35;160.00;160.00;0.00;2394.66;310.00;1010.00;0.00;630.00;0.00;0.00;0.00;0.00;0.00;0.00
1762062930.2293904;0.00;0.00;241.67;194.00;388.00;0.00;1440.00;289.34;144.67;0.00;0.00;0.00;0.00;0.00;772.68;0.00;0.00;0.00;820.35;0.00;0.00;0.00;0.00;160.00;300.00;300.00;1024.67;1014.67;2118.67;1650.00;2869.34;2785.02;980.35;160.00;160.00;0.00;2394.66;310.00;1010.00;0.00;630.00;0.00;0.00;0.00;0.00;0.00;0.00
1762062930.2297978;0.00;0.00;241.67;194.00;388.00;0.00;1440.00;289.34;144.67;0.00;0.00;0.00;0.00;0.00;772.68;0.00;0.00;0.00;820.35;0.00;0.00;0.00;0.00;160.00;300.00;300.00;1024.67;1014.67;2118.67;1650.00;2869.34;2785.02;980.35;160.00;160.00;0.00;2394.66;310.00;1010.00;0.00;630.00;0.00;0.00;0.00;0.00;0.00;0.00
1762062930.2692127;0.00;0.00;386.34;194.00;388.00;0.00;1440.00;289.34;144.67;0.00;0.00;0.00;0.00;0.00;772.68;0.00;0.00;0.00;820.35;0.00;0.00;0.00;0.00;160.00;300.00;300.00;1104.67;1094.67;2198.67;1714.67;2869.34;2785.02;980.35;160.00;160.00;0.00;2394.66;310.00;1320.00;0.00;630.00;0.00;0.00;0.00;0.00;0.00;0.00
1762062930.2696311;0.00;0.00;386.34;194.00;388.00;0.00;1440.00;289.34;144.67;0.00;0.00;0.00;0.00;0.00;772.68;0.00;0.00;0.00;820.35;0.00;0.00;0.00;0.00;160.00;300.00;300.00;1104.67;1094.67;2198.67;1714.67;2869.34;2785.02;980.35;160.00;160.00;0.00;2394.66;310.00;1320.00;0.00;630.00;0.00;0.00;0.00;0.00;0.00;0.00
1762062930.3114133;0.00;0.00;531.01;194.00;388.00;0.00;1440.00;289.34;144.67;0.00;0.00;0.00;0.00;0.00;772.68;0.00;0.00;0.00;820.35;0.00;0.00;0.00;0.00;160.00;300.00;300.00;1264.67;1254.67;2493.34;1714.67;2869.34;2785.02;980.35;160.00;160.00;0.00;2394.66;310.00;1320.00;310.00;630.00;0.00;0.00;0.00;0.00;0.00;0.00
1762062930.3118353;0.00;0.00;531.01;194.00;388.00;0.00;1440.00;289.34;144.67;0.00;0.00;0.00;0.00;0.00;772.68;0.00;0.00;0.00;820.35;0.00;0.00;0.00;0.00;160.00;300.00;300.00;1264.67;1254.67;2493.34;1714.67;2869.34;2785.02;980.35;160.00;160.00;0.00;2394.66;310.00;1320.00;310.00;630.00;0.00;0.00;0.00;0.00;0.00;0.00
1762062930.3546898;0.00;0.00;675.68;194.00;388.00;0.00;1440.00;289.34;144.67;0.00;0.00;0.00;0.00;0.00;772.68;0.00;0.00;0.00;820.35;0.00;0.00;0.00;0.00;160.00;300.00;300.00;1264.67;1254.67;2948.01;1714.67;2869.34;2785.02;980.35;160.00;160.00;310.00;2394.66;310.00;1320.00;310.00;630.00;0.00;0.00;0.00;0.00;0.00;0.00
1762062930.3550978;0.00;0.00;675.68;194.00;388.00;0.00;1440.00;289.34;144.67;0.00;0.00;0.00;0.00;0.00;772.68;0.00;0.00;0.00;820.35;0.00;0.00;0.00;0.00;160.00;300.00;300.00;1264.67;1254.67;2948.01;1714.67;2869.34;2785.02;980.35;160.00;160.00;310.00;2394.66;310.00;1320.00;310.00;630.00;0.00;0.00;0.00;0.00;0.00;0.00
1762062930.3904662;0.00;0.00;820.35;194.00;388.00;0.00;1440.00;289.34;144.67;0.00;0.00;0.00;0.00;0.00;772.68;0.00;0.00;0.00;820.35;0.00;0.00;0.00;0.00;160.00;300.00;300.00;1414.67;1414.67;3242.68;1714.67;2869.34;2785.02;980.35;160.00;160.00;310.00;2394.66;310.00;1320.00;310.00;630.00;0.00;0.00;0.00;0.00;0.00;0.00
1762062930.3909113;0.00;0.00;820.35;194.00;388.00;0.00;1440.00;289.34;144.67;0.00;0.00;0.00;0.00;0.00;772.68;0.00;0.00;0.00;820.35;0.00;0.00;0.00;0.00;160.00;300.00;300.00;1414.67;1414.67;3242.68;1714.67;2869.34;2785.02;980.35;160.00;160.00;310.00;2394.66;310.00;1320.00;310.00;630.00;0.00;0.00;0.00;0.00;0.00;0.00
1762062937.1605566;0.00;0.00;820.35;97.00;532.67;0.00;1440.00;289.34;144.67;0.00;0.00;0.00;0.00;0.00;772.68;0.00;0.00;0.00;820.35;0.00;0.00;0.00;0.00;160.00;300.00;300.00;1414.67;1414.67;3242.68;1714.67;2869.34;2785.02;980.35;160.00;160.00;310.00;2394.66;310.00;1320.00;310.00;630.00;0.00;0.00;0.00;0.00;0.00;0.00
1762062937.1612692;0.00;0.00;820.35;97.00;532.67;0.00;1440.00;289.34;144.67;0.00;0.00;0.00;0.00;0.00;772.68;0.00;0.00;0.00;820.35;0.00;0.00;0.00;0.00;160.00;300.00;300.00;1414.67;1414.67;3242.68;1714.67;2869.34;2785.02;980.35;160.00;160.00;310.00;2394.66;310.00;1320.00;310.00;630.00;0.00;0.00;0.00;0.00;0.00;0.00
1762062941.9044619;0.00;144.67;820.35;97.00;532.67;0.00;1200.00;289.34;144.67;0.00;0.00;0.00;0.00;0.00;772.68;0.00;0.00;0.00;820.35;0.00;0.00;0.00;0.00;160.00;300.00;300.00;1414.67;1414.67;3242.68;1714.67;2869.34;2759.69;980.35;160.00;160.00;310.00;2164.66;310.00;1320.00;310.00;630.00;0.00;0.00;0.00;0.00;0.00;0.00
1762062941.9051635;0.00;144.67;820.35;97.00;532.67;0.00;1200.00;289.34;144.67;0.00;0.00;0.00;0.00;0.00;772.68;0.00;0.00;0.00;820.35;0.00;0.00;0.00;0.00;160.00;300.00;300.00;1414.67;1414.67;3242.68;1714.67;2869.34;2759.69;980.35;160.00;160.00;310.00;2164.66;310.00;1320.00;310.00;630.00;0.00;0.00;0.00;0.00;0.00;0.00
1762062946.9041257;0.00;144.67;820.35;0.00;677.34;0.00;1200.00;289.34;144.67;0.00;0.00;0.00;0.00;0.00;772.68;0.00;0.00;0.00;820.35;0.00;0.00;0.00;0.00;160.00;300.00;300.00;1414.67;1414.67;3242.68;1714.67;2709.34;2599.69;1290.35;160.00;160.00;310.00;2164.66;310.00;1320.00;310.00;630.00;0.00;0.00;0.00;0.00;0.00;0.00
1762062946.904552;0.00;144.67;820.35;0.00;677.34;0.00;1200.00;289.34;144.67;0.00;0.00;0.00;0.00;0.00;772.68;0.00;0.00;0.00;820.35;0.00;0.00;0.00;0.00;160.00;300.00;300.00;1414.67;1414.67;3242.68;1714.67;2709.34;2599.69;1290.35;160.00;160.00;310.00;2164.66;310.00;1320.00;310.00;630.00;0.00;0.00;0.00;0.00;0.00;0.00
1762062951.9057992;0.00;289.34;820.35;0.00;580.34;0.00;1200.00;0.00;0.00;0.00;0.00;0.00;0.00;0.00;772.68;0.00;0.00;0.00;820.35;0.00;0.00;0.00;0.00;160.00;300.00;300.00;1414.67;1414.67;3242.68;1474.67;2324.67;2208.02;1290.35;160.00;160.00;310.00;2164.66;310.00;620.00;310.00;630.00;0.00;0.00;0.00;0.00;0.00;0.00
1762062951.9062247;0.00;289.34;820.35;0.00;580.34;0.00;1200.00;0.00;0.00;0.00;0.00;0.00;0.00;0.00;772.68;0.00;0.00;0.00;820.35;0.00;0.00;0.00;0.00;160.00;300.00;300.00;1414.67;1414.67;3242.68;1474.67;2324.67;2208.02;1290.35;160.00;160.00;310.00;2164.66;310.00;620.00;310.00;630.00;0.00;0.00;0.00;0.00;0.00;0.00
1762062954.2273128;0.00;289.34;820.35;0.00;580.34;0.00;1344.67;0.00;0.00;0.00;0.00;0.00;0.00;0.00;772.68;0.00;0.00;0.00;820.35;0.00;0.00;0.00;0.00;160.00;300.00;300.00;1414.67;1414.67;3242.68;1474.67;2469.34;2208.02;1290.35;160.00;160.00;310.00;2164.66;310.00;620.00;310.00;630.00;0.00;0.00;0.00;0.00;0.00;0.00
1762062954.2277238;0.00;289.34;820.35;0.00;580.34;0.00;1344.67;0.00;0.00;0.00;0.00;0.00;0.00;0.00;772.68;0.00;0.00;0.00;820.35;0.00;0.00;0.00;0.00;160.00;300.00;300.00;1414.67;1414.67;3242.68;1474.67;2469.34;2208.02;1290.35;160.00;160.00;310.00;2164.66;310.00;620.00;310.00;630.00;0.00;0.00;0.00;0.00;0.00;0.00
1762062954.2629158;0.00;289.34;820.35;0.00;580.34;0.00;1489.34;0.00;0.00;0.00;0.00;0.00;0.00;0.00;772.68;0.00;0.00;0.00;820.35;0.00;0.00;0.00;0.00;160.00;300.00;300.00;1414.67;1414.67;3242.68;1474.67;2549.34;2272.69;1290.35;160.00;160.00;310.00;2164.66;310.00;850.00;310.00;630.00;0.00;0.00;0.00;0.00;0.00;0.00
1762062954.2633276;0.00;289.34;820.35;0.00;580.34;0.00;1489.34;0.00;0.00;0.00;0.00;0.00;0.00;0.00;772.68;0.00;0.00;0.00;820.35;0.00;0.00;0.00;0.00;160.00;300.00;300.00;1414.67;1414.67;3242.68;1474.67;2549.34;2272.69;1290.35;160.00;160.00;310.00;2164.66;310.00;850.00;310.00;630.00;0.00;0.00;0.00;0.00;0.00;0.00
1762062954.3093774;0.00;289.34;820.35;0.00;580.34;0.00;1634.01;0.00;0.00;0.00;0.00;0.00;0.00;0.00;772.68;0.00;0.00;0.00;820.35;0.00;0.00;0.00;0.00;160.00;300.00;300.00;1414.67;1414.67;3242.68;1474.67;2699.34;2647.36;1290.35;160.00;160.00;310.00;2164.66;310.00;850.00;310.00;630.00;0.00;0.00;0.00;0.00;0.00;0.00
1762062954.3097744;0.00;289.34;820.35;0.00;580.34;0.00;1634.01;0.00;0.00;0.00;0.00;0.00;0.00;0.00;772.68;0.00;0.00;0.00;820.35;0.00;0.00;0.00;0.00;160.00;300.00;300.00;1414.67;1414.67;3242.68;1474.67;2699.34;2647.36;1290.35;160.00;160.00;310.00;2164.66;310.00;850.00;310.00;630.00;0.00;0.00;0.00;0.00;0.00;0.00
1762062954.3515942;0.00;289.34;820.35;0.00;580.34;0.00;1778.68;0.00;0.00;0.00;0.00;0.00;0.00;0.00;772.68;0.00;0.00;0.00;820.35;0.00;0.00;0.00;0.00;160.00;300.00;300.00;1414.67;1414.67;3242.68;1474.67;2859.34;3022.03;1290.35;160.00;160.00;310.00;2164.66;310.00;1160.00;310.00;630.00;0.00;0.00;0.00;0.00;0.00;0.00
1762062954.3520024;0.00;289.34;820.35;0.00;580.34;0.00;1778.68;0.00;0.00;0.00;0.00;0.00;0.00;0.00;772.68;0.00;0.00;0.00;820.35;0.00;0.00;0.00;0.00;160.00;300.00;300.00;1414.67;1414.67;3242.68;1474.67;2859.34;3022.03;1290.35;160.00;160.00;310.00;2164.66;310.00;1160.00;310.00;630.00;0.00;0.00;0.00;0.00;0.00;0.00
1762062954.3916252;0.00;289.34;820.35;0.00;580.34;0.00;1923.35;0.00;0.00;0.00;0.00;0.00;0.00;0.00;772.68;0.00;0.00;0.00;820.35;0.00;0.00;0.00;0.00;160.00;610.00;610.00;1724.67;1724.67;3552.68;1784.67;3074.01;3022.03;1290.35;160.00;160.00;310.00;2164.66;310.00;1384.67;310.00;630.00;310.00;0.00;0.00;0.00;0.00;0.00
1762062954.3920884;0.00;289.34;820.35;0.00;580.34;0.00;1923.35;0.00;0.00;0.00;0.00;0.00;0.00;0.00;772.68;0.00;0.00;0.00;820.35;0.00;0.00;0.00;0.00;160.00;610.00;610.00;1724.67;1724.67;3552.68;1784.67;3074.01;3022.03;1290.35;160.00;160.00;310.00;2164.66;310.00;1384.67;310.00;630.00;310.00;0.00;0.00;0.00;0.00;0.00
1762062954.4317937;0.00;289.34;820.35;0.00;580.34;0.00;1923.35;0.00;0.00;0.00;0.00;0.00;0.00;0.00;772.68;0.00;0.00;0.00;820.35;0.00;0.00;0.00;0.00;160.00;610.00;610.00;1724.67;1724.67;3552.68;1784.67;3074.01;3022.03;1290.35;160.00;160.00;310.00;2164.66;310.00;1384.67;310.00;630.00;310.00;0.00;0.00;0.00;0.00;0.00
1762062954.432333;0.00;289.34;820.35;0.00;580.34;0.00;1923.35;0.00;0.00;0.00;0.00;0.00;0.00;0.00;772.68;0.00;0.00;0.00;820.35;0.00;0.00;0.00;0.00;160.00;610.00;610.00;1724.67;1724.67;3552.68;1784.67;3074.01;3022.03;1290.35;160.00;160.00;310.00;2164.66;310.00;1384.67;310.00;630.00;310.00;0.00;0.00;0.00;0.00;0.00
1762062956.928876;0.00;434.01;820.35;0.00;435.67;0.00;1923.35;0.00;0.00;0.00;0.00;0.00;0.00;0.00;386.34;0.00;0.00;0.00;578.68;0.00;0.00;0.00;0.00;160.00;610.00;610.00;1484.67;1484.67;2605.68;1314.67;2978.68;2877.36;1048.68;160.00;160.00;310.00;1854.66;310.00;1384.67;310.00;630.00;310.00;0.00;0.00;0.00;0.00;0.00
1762062956.9293084;0.00;434.01;820.35;0.00;435.67;0.00;1923.35;0.00;0.00;0.00;0.00;0.00;0.00;0.00;386.34;0.00;0.00;0.00;578.68;0.00;0.00;0.00;0.00;160.00;610.00;610.00;1484.67;1484.67;2605.68;1314.67;2978.68;2877.36;1048.68;160.00;160.00;310.00;1854.66;310.00;1384.67;310.00;630.00;310.00;0.00;0.00;0.00;0.00;0.00
1762062956.9623132;0.00;578.68;820.35;0.00;435.67;0.00;1923.35;0.00;0.00;0.00;0.00;0.00;0.00;0.00;386.34;0.00;0.00;0.00;578.68;0.00;0.00;0.00;0.00;160.00;610.00;610.00;1484.67;1484.67;2605.68;1474.67;3123.35;2877.36;1048.68;160.00;160.00;310.00;1854.66;310.00;1384.67;310.00;630.00;310.00;0.00;0.00;0.00;0.00;0.00
1762062956.962712;0.00;578.68;820.35;0.00;435.67;0.00;1923.35;0.00;0.00;0.00;0.00;0.00;0.00;0.00;386.34;0.00;0.00;0.00;578.68;0.00;0.00;0.00;0.00;160.00;610.00;610.00;1484.67;1484.67;2605.68;1474.67;3123.35;2877.36;1048.68;160.00;160.00;310.00;1854.66;310.00;1384.67;310.00;630.00;310.00;0.00;0.00;0.00;0.00;0.00
1762062956.9951968;0.00;578.68;820.35;0.00;435.67;0.00;1923.35;0.00;0.00;0.00;0.00;0.00;0.00;0.00;386.34;144.67;0.00;0.00;578.68;0.00;0.00;0.00;0.00;160.00;610.00;610.00;1484.67;1484.67;2750.35;1539.34;3283.35;3037.36;1048.68;160.00;160.00;540.00;2174.66;310.00;1384.67;310.00;630.00;310.00;0.00;0.00;0.00;0.00;0.00
1762062956.9956074;0.00;578.68;820.35;0.00;435.67;0.00;1923.35;0.00;0.00;0.00;0.00;0.00;0.00;0.00;386.34;144.67;0.00;0.00;578.68;0.00;0.00;0.00;0.00;160.00;610.00;610.00;1484.67;1484.67;2750.35;1539.34;3283.35;3037.36;1048.68;160.00;160.00;540.00;2174.66;310.00;1384.67;310.00;630.00;310.00;0.00;0.00;0.00;0.00;0.00
1762062957.0270772;0.00;723.35;820.35;0.00;435.67;0.00;1923.35;0.00;0.00;0.00;0.00;0.00;0.00;0.00;386.34;144.67;0.00;0.00;578.68;0.00;0.00;0.00;0.00;160.00;610.00;610.00;1484.67;1484.67;2750.35;1539.34;3283.35;3277.36;1048.68;160.00;160.00;540.00;2174.66;310.00;1384.67;310.00;630.00;310.00;0.00;0.00;0.00;0.00;0.00
1762062957.0274718;0.00;723.35;820.35;0.00;435.67;0.00;1923.35;0.00;0.00;0.00;0.00;0.00;0.00;0.00;386.34;144.67;0.00;0.00;578.68;0.00;0.00;0.00;0.00;160.00;610.00;610.00;1484.67;1484.67;2750.35;1539.34;3283.35;3277.36;1048.68;160.00;160.00;540.00;2174.66;310.00;1384.67;310.00;630.00;310.00;0.00;0.00;0.00;0.00;0.00
1762062957.0753868;0.00;723.35;820.35;0.00;435.67;144.67;1923.35;0.00;0.00;0.00;0.00;0.00;0.00;0.00;386.34;144.67;0.00;0.00;578.68;0.00;0.00;0.00;0.00;160.00;610.00;610.00;1484.67;1484.67;2750.35;1539.34;3508.02;3587.36;1048.68;160.00;160.00;540.00;2174.66;540.00;1609.34;310.00;630.00;310.00;0.00;0.00;0.00;0.00;0.00
1762062957.0758016;0.00;723.35;820.35;0.00;435.67;144.67;1923.35;0.00;0.00;0.00;0.00;0.00;0.00;0.00;386.34;144.67;0.00;0.00;578.68;0.00;0.00;0.00;0.00;160.00;610.00;610.00;1484.67;1484.67;2750.35;1539.34;3508.02;3587.36;1048.68;160.00;160.00;540.00;2174.66;540.00;1609.34;310.00;630.00;310.00;0.00;0.00;0.00;0.00;0.00
1762062957.1051068;0.00;723.35;820.35;0.00;435.67;384.67;1923.35;0.00;0.00;0.00;0.00;0.00;0.00;0.00;386.34;144.67;0.00;0.00;578.68;0.00;0.00;0.00;0.00;160.00;610.00;610.00;1484.67;1484.67;3060.35;1699.34;3818.02;3587.36;1048.68;160.00;160.00;860.00;2174.66;770.00;1609.34;310.00;630.00;310.00;0.00;0.00;0.00;0.00;0.00
1762062957.105529;0.00;723.35;820.35;0.00;435.67;384.67;1923.35;0.00;0.00;0.00;0.00;0.00;0.00;0.00;386.34;144.67;0.00;0.00;578.68;0.00;0.00;0.00;0.00;160.00;610.00;610.00;1484.67;1484.67;3060.35;1699.34;3818.02;3587.36;1048.68;160.00;160.00;860.00;2174.66;770.00;1609.34;310.00;630.00;310.00;0.00;0.00;0.00;0.00;0.00
1762062962.089029;0.00;723.35;820.35;0.00;291.00;384.67;1923.35;0.00;0.00;0.00;0.00;0.00;0.00;0.00;386.34;144.67;0.00;0.00;289.34;0.00;0.00;0.00;0.00;160.00;610.00;610.00;1484.67;1484.67;3060.35;1389.34;3348.02;3282.69;449.34;160.00;160.00;860.00;2174.66;770.00;1609.34;310.00;630.00;310.00;0.00;0.00;0.00;0.00;0.00
1762062962.089554;0.00;723.35;820.35;0.00;291.00;384.67;1923.35;0.00;0.00;0.00;0.00;0.00;0.00;0.00;386.34;144.67;0.00;0.00;289.34;0.00;0.00;0.00;0.00;160.00;610.00;610.00;1484.67;1484.67;3060.35;1389.34;3348.02;3282.69;449.34;160.00;160.00;860.00;2174.66;770.00;1609.34;310.00;630.00;310.00;0.00;0.00;0.00;0.00;0.00
1762062962.1189172;0.00;723.35;820.35;0.00;291.00;529.34;1923.35;0.00;0.00;0.00;0.00;0.00;0.00;0.00;386.34;144.67;0.00;0.00;289.34;0.00;0.00;0.00;0.00;160.00;610.00;610.00;1484.67;1484.67;3060.35;1389.34;3562.69;3282.69;449.34;160.00;160.00;860.00;2174.66;1000.00;1609.34;310.00;630.00;310.00;0.00;0.00;0.00;0.00;0.00
1762062962.1193254;0.00;723.35;820.35;0.00;291.00;529.34;1923.35;0.00;0.00;0.00;0.00;0.00;0.00;0.00;386.34;144.67;0.00;0.00;289.34;0.00;0.00;0.00;0.00;160.00;610.00;610.00;1484.67;1484.67;3060.35;1389.34;3562.69;3282.69;449.34;160.00;160.00;860.00;2174.66;1000.00;1609.34;310.00;630.00;310.00;0.00;0.00;0.00;0.00;0.00
1762062962.1495068;0.00;723.35;820.35;0.00;291.00;674.01;1923.35;0.00;0.00;0.00;0.00;0.00;0.00;0.00;386.34;144.67;0.00;0.00;289.34;0.00;0.00;0.00;0.00;160.00;610.00;610.00;1484.67;1484.67;3370.35;1549.34;3627.36;3432.69;449.34;160.00;160.00;860.00;2174.66;1230.00;1609.34;310.00;630.00;310.00;0.00;0.00;0.00;0.00;0.00
1762062962.1499135;0.00;723.35;820.35;0.00;291.00;674.01;1923.35;0.00;0.00;0.00;0.00;0.00;0.00;0.00;386.34;144.67;0.00;0.00;289.34;0.00;0.00;0.00;0.00;160.00;610.00;610.00;1484.67;1484.67;3370.35;1549.34;3627.36;3432.69;449.34;160.00;160.00;860.00;2174.66;1230.00;1609.34;310.00;630.00;310.00;0.00;0.00;0.00;0.00;0.00
1762062971.9592302;0.00;578.68;820.35;0.00;291.00;0.00;723.35;0.00;0.00;0.00;0.00;0.00;0.00;0.00;386.34;0.00;0.00;97.00;0.00;0.00;0.00;0.00;0.00;0.00;310.00;407.00;1404.67;1404.67;2525.68;844.67;1733.35;1583.35;0.00;0.00;0.00;310.00;224.66;0.00;1384.67;310.00;310.00;310.00;0.00;0.00;0.00;0.00;0.00
1762062971.95965;0.00;578.68;820.35;0.00;291.00;0.00;723.35;0.00;0.00;0.00;0.00;0.00;0.00;0.00;386.34;0.00;0.00;97.00;0.00;0.00;0.00;0.00;0.00;0.00;310.00;407.00;1404.67;1404.67;2525.68;844.67;1733.35;1583.35;0.00;0.00;0.00;310.00;224.66;0.00;1384.67;310.00;310.00;310.00;0.00;0.00;0.00;0.00;0.00
1762062972.2501395;0.00;578.68;820.35;0.00;291.00;0.00;820.35;0.00;0.00;0.00;0.00;0.00;0.00;0.00;386.34;0.00;0.00;97.00;0.00;0.00;0.00;0.00;0.00;0.00;310.00;407.00;1404.67;1404.67;2525.68;844.67;1910.35;1733.35;0.00;0.00;0.00;310.00;224.66;0.00;1384.67;310.00;310.00;310.00;0.00;0.00;0.00;0.00;0.00
1762062972.250548;0.00;578.68;820.35;0.00;291.00;0.00;820.35;0.00;0.00;0.00;0.00;0.00;0.00;0.00;386.34;0.00;0.00;97.00;0.00;0.00;0.00;0.00;0.00;0.00;310.00;407.00;1404.67;1404.67;2525.68;844.67;1910.35;1733.35;0.00;0.00;0.00;310.00;224.66;0.00;1384.67;310.00;310.00;310.00;0.00;0.00;0.00;0.00;0.00
1762062972.2952778;0.00;578.68;820.35;0.00;291.00;0.00;917.35;0.00;0.00;0.00;0.00;0.00;0.00;0.00;386.34;0.00;0.00;97.00;0.00;0.00;0.00;0.00;0.00;0.00;310.00;407.00;1404.67;1404.67;2525.68;844.67;2247.35;2043.35;0.00;0.00;0.00;310.00;224.66;0.00;1384.67;310.00;310.00;310.00;0.00;0.00;0.00;0.00;0.00
1762062972.2956834;0.00;578.68;820.35;0.00;291.00;0.00;917.35;0.00;0.00;0.00;0.00;0.00;0.00;0.00;386.34;0.00;0.00;97.00;0.00;0.00;0.00;0.00;0.00;0.00;310.00;407.00;1404.67;1404.67;2525.68;844.67;2247.35;2043.35;0.00;0.00;0.00;310.00;224.66;0.00;1384.67;310.00;310.00;310.00;0.00;0.00;0.00;0.00;0.00
1762062972.3270814;0.00;578.68;820.35;0.00;291.00;0.00;1014.35;0.00;0.00;0.00;0.00;0.00;0.00;0.00;386.34;0.00;0.00;97.00;0.00;0.00;0.00;0.00;0.00;0.00;310.00;407.00;1404.67;1404.67;2525.68;924.67;2504.35;2203.35;0.00;0.00;0.00;310.00;224.66;0.00;1384.67;310.00;310.00;310.00;0.00;0.00;0.00;0.00;0.00
1762062972.3274932;0.00;578.68;820.35;0.00;291.00;0.00;1014.35;0.00;0.00;0.00;0.00;0.00;0.00;0.00;386.34;0.00;0.00;97.00;0.00;0.00;0.00;0.00;0.00;0.00;310.00;407.00;1404.67;1404.67;2525.68;924.67;2504.35;2203.35;0.00;0.00;0.00;310.00;224.66;0.00;1384.67;310.00;310.00;310.00;0.00;0.00;0.00;0.00;0.00
1762062972.373089;0.00;578.68;820.35;0.00;291.00;0.00;1111.35;0.00;0.00;0.00;0.00;0.00;0.00;0.00;386.34;0.00;0.00;97.00;0.00;0.00;0.00;0.00;0.00;0.00;310.00;407.00;1404.67;1404.67;2525.68;924.67;2616.68;2348.02;0.00;0.00;0.00;310.00;224.66;0.00;1384.67;310.00;310.00;310.00;0.00;0.00;0.00;0.00;0.00
1762062972.3735058;0.00;578.68;820.35;0.00;291.00;0.00;1111.35;0.00;0.00;0.00;0.00;0.00;0.00;0.00;386.34;0.00;0.00;97.00;0.00;0.00;0.00;0.00;0.00;0.00;310.00;407.00;1404.67;1404.67;2525.68;924.67;2616.68;2348.02;0.00;0.00;0.00;310.00;224.66;0.00;1384.67;310.00;310.00;310.00;0.00;0.00;0.00;0.00;0.00
1762062972.415429;0.00;578.68;820.35;0.00;291.00;0.00;1208.35;0.00;0.00;0.00;0.00;0.00;0.00;0.00;386.34;0.00;0.00;97.00;0.00;0.00;0.00;0.00;0.00;0.00;310.00;407.00;1404.67;1404.67;2525.68;924.67;2991.35;2380.35;0.00;0.00;0.00;310.00;454.66;0.00;1609.34;310.00;310.00;310.00;0.00;0.00;0.00;0.00;0.00
1762062972.4158497;0.00;578.68;820.35;0.00;291.00;0.00;1208.35;0.00;0.00;0.00;0.00;0.00;0.00;0.00;386.34;0.00;0.00;97.00;0.00;0.00;0.00;0.00;0.00;0.00;310.00;407.00;1404.67;1404.67;2525.68;924.67;2991.35;2380.35;0.00;0.00;0.00;310.00;454.66;0.00;1609.34;310.00;310.00;310.00;0.00;0.00;0.00;0.00;0.00
1762062972.4533923;0.00;578.68;820.35;0.00;291.00;0.00;1353.02;0.00;0.00;0.00;0.00;0.00;0.00;0.00;386.34;0.00;0.00;97.00;0.00;0.00;0.00;0.00;0.00;0.00;310.00;407.00;1404.67;1404.67;2525.68;924.67;3141.35;2530.35;0.00;0.00;0.00;310.00;454.66;0.00;1609.34;310.00;310.00;310.00;0.00;0.00;0.00;0.00;0.00
1762062972.4537938;0.00;578.68;820.35;0.00;291.00;0.00;1353.02;0.00;0.00;0.00;0.00;0.00;0.00;0.00;386.34;0.00;0.00;97.00;0.00;0.00;0.00;0.00;0.00;0.00;310.00;407.00;1404.67;1404.67;2525.68;924.67;3141.35;2530.35;0.00;0.00;0.00;310.00;454.66;0.00;1609.34;310.00;310.00;310.00;0.00;0.00;0.00;0.00;0.00
1762062976.9619825;0.00;578.68;820.35;144.67;194.00;0.00;1353.02;0.00;0.00;0.00;0.00;0.00;0.00;0.00;386.34;0.00;0.00;97.00;0.00;0.00;0.00;0.00;0.00;0.00;310.00;407.00;1404.67;1404.67;2525.68;924.67;2991.35;2370.35;0.00;0.00;0.00;310.00;764.66;0.00;1609.34;310.00;310.00;310.00;0.00;0.00;0.00;0.00;0.00
1762062976.962404;0.00;578.68;820.35;144.67;194.00;0.00;1353.02;0.00;0.00;0.00;0.00;0.00;0.00;0.00;386.34;0.00;0.00;97.00;0.00;0.00;0.00;0.00;0.00;0.00;310.00;407.00;1404.67;1404.67;2525.68;924.67;2991.35;2370.35;0.00;0.00;0.00;310.00;764.66;0.00;1609.34;310.00;310.00;310.00;0.00;0.00;0.00;0.00;0.00
1762062981.9677012;0.00;723.35;820.35;144.67;194.00;0.00;1353.02;0.00;0.00;0.00;0.00;0.00;0.00;0.00;241.67;0.00;0.00;97.00;0.00;0.00;0.00;0.00;0.00;0.00;310.00;407.00;1244.67;1244.67;2151.01;924.67;3141.35;2435.02;0.00;0.00;0.00;310.00;1074.66;0.00;1609.34;310.00;310.00;310.00;0.00;0.00;0.00;0.00;0.00
1762062981.9681168;0.00;723.35;820.35;144.67;194.00;0.00;1353.02;0.00;0.00;0.00;0.00;0.00;0.00;0.00;241.67;0.00;0.00;97.00;0.00;0.00;0.00;0.00;0.00;0.00;310.00;407.00;1244.67;1244.67;2151.01;924.67;3141.35;2435.02;0.00;0.00;0.00;310.00;1074.66;0.00;1609.34;310.00;310.00;310.00;0.00;0.00;0.00;0.00;0.00
1762062986.9721625;0.00;578.68;965.02;144.67;194.00;0.00;1353.02;0.00;0.00;0.00;0.00;0.00;0.00;0.00;241.67;0.00;0.00;97.00;0.00;0.00;0.00;0.00;0.00;0.00;310.00;407.00;1394.67;1324.67;2231.01;1084.67;3076.68;2355.02;0.00;0.00;0.00;310.00;1074.66;0.00;1609.34;310.00;310.00;310.00;0.00;0.00;0.00;0.00;0.00
1762062986.9725761;0.00;578.68;965.02;144.67;194.00;0.00;1353.02;0.00;0.00;0.00;0.00;0.00;0.00;0.00;241.67;0.00;0.00;97.00;0.00;0.00;0.00;0.00;0.00;0.00;310.00;407.00;1394.67;1324.67;2231.01;1084.67;3076.68;2355.02;0.00;0.00;0.00;310.00;1074.66;0.00;1609.34;310.00;310.00;310.00;0.00;0.00;0.00;0.00;0.00
1762062990.2438257;0.00;578.68;965.02;144.67;194.00;144.67;1353.02;0.00;0.00;0.00;0.00;0.00;0.00;0.00;241.67;0.00;0.00;97.00;0.00;0.00;0.00;0.00;0.00;0.00;310.00;407.00;1394.67;1324.67;2231.01;1084.67;3451.35;2505.02;0.00;0.00;0.00;310.00;1074.66;230.00;1609.34;310.00;310.00;310.00;0.00;0.00;0.00;0.00;0.00
1762062990.2442405;0.00;578.68;965.02;144.67;194.00;144.67;1353.02;0.00;0.00;0.00;0.00;0.00;0.00;0.00;241.67;0.00;0.00;97.00;0.00;0.00;0.00;0.00;0.00;0.00;310.00;407.00;1394.67;1324.67;2231.01;1084.67;3451.35;2505.02;0.00;0.00;0.00;310.00;1074.66;230.00;1609.34;310.00;310.00;310.00;0.00;0.00;0.00;0.00;0.00
1762062990.2863147;0.00;578.68;965.02;144.67;194.00;289.34;1353.02;0.00;0.00;0.00;0.00;0.00;0.00;0.00;241.67;0.00;0.00;97.00;0.00;0.00;0.00;0.00;0.00;0.00;310.00;407.00;1394.67;1324.67;2231.01;1084.67;3451.35;2815.02;0.00;0.00;0.00;310.00;1384.66;460.00;1609.34;310.00;310.00;310.00;0.00;0.00;0.00;0.00;0.00
1762062990.286732;0.00;578.68;965.02;144.67;194.00;289.34;1353.02;0.00;0.00;0.00;0.00;0.00;0.00;0.00;241.67;0.00;0.00;97.00;0.00;0.00;0.00;0.00;0.00;0.00;310.00;407.00;1394.67;1324.67;2231.01;1084.67;3451.35;2815.02;0.00;0.00;0.00;310.00;1384.66;460.00;1609.34;310.00;310.00;310.00;0.00;0.00;0.00;0.00;0.00
1762062990.3344064;0.00;578.68;965.02;144.67;194.00;434.01;1353.02;0.00;0.00;0.00;0.00;0.00;0.00;0.00;241.67;0.00;0.00;97.00;0.00;0.00;0.00;0.00;0.00;0.00;310.00;407.00;1394.67;1324.67;2231.01;1084.67;3451.35;2965.02;0.00;0.00;0.00;310.00;1384.66;1000.00;1609.34;310.00;310.00;310.00;0.00;0.00;0.00;0.00;0.00
1762062990.3348167;0.00;578.68;965.02;144.67;194.00;434.01;1353.02;0.00;0.00;0.00;0.00;0.00;0.00;0.00;241.67;0.00;0.00;97.00;0.00;0.00;0.00;0.00;0.00;0.00;310.00;407.00;1394.67;1324.67;2231.01;1084.67;3451.35;2965.02;0.00;0.00;0.00;310.00;1384.66;1000.00;1609.34;310.00;310.00;310.00;0.00;0.00;0.00;0.00;0.00
1762062990.3749795;0.00;578.68;965.02;144.67;194.00;674.01;1353.02;0.00;0.00;0.00;0.00;0.00;0.00;0.00;241.67;0.00;0.00;97.00;0.00;0.00;0.00;0.00;0.00;0.00;310.00;407.00;1394.67;1324.67;2231.01;1084.67;3451.35;3265.02;0.00;0.00;0.00;310.00;1384.66;1540.00;1609.34;310.00;310.00;310.00;0.00;0.00;0.00;0.00;0.00
1762062990.3753877;0.00;578.68;965.02;144.67;194.00;674.01;1353.02;0.00;0.00;0.00;0.00;0.00;0.00;0.00;241.67;0.00;0.00;97.00;0.00;0.00;0.00;0.00;0.00;0.00;310.00;407.00;1394.67;1324.67;2231.01;1084.67;3451.35;3265.02;0.00;0.00;0.00;310.00;1384.66;1540.00;1609.34;310.00;310.00;310.00;0.00;0.00;0.00;0.00;0.00
1762062990.5646973;0.00;578.68;965.02;144.67;194.00;818.68;1353.02;0.00;0.00;0.00;0.00;0.00;0.00;0.00;241.67;0.00;0.00;97.00;0.00;0.00;0.00;0.00;0.00;0.00;310.00;407.00;1394.67;1324.67;2231.01;1084.67;3601.35;3329.69;310.00;310.00;0.00;310.00;1609.33;1770.00;1609.34;310.00;310.00;310.00;0.00;0.00;0.00;0.00;0.00
1762062990.5651054;0.00;578.68;965.02;144.67;194.00;818.68;1353.02;0.00;0.00;0.00;0.00;0.00;0.00;0.00;241.67;0.00;0.00;97.00;0.00;0.00;0.00;0.00;0.00;0.00;310.00;407.00;1394.67;1324.67;2231.01;1084.67;3601.35;3329.69;310.00;310.00;0.00;310.00;1609.33;1770.00;1609.34;310.00;310.00;310.00;0.00;0.00;0.00;0.00;0.00
1762062990.6033251;0.00;578.68;965.02;144.67;194.00;1058.68;1353.02;0.00;0.00;0.00;0.00;0.00;0.00;0.00;241.67;0.00;0.00;97.00;0.00;0.00;0.00;0.00;0.00;160.00;460.00;557.00;1394.67;1324.67;2231.01;1084.67;3751.35;3489.69;470.00;470.00;160.00;310.00;1609.33;2000.00;1609.34;310.00;310.00;310.00;0.00;0.00;0.00;320.00;0.00
1762062990.603734;0.00;578.68;965.02;144.67;194.00;1058.68;1353.02;0.00;0.00;0.00;0.00;0.00;0.00;0.00;241.67;0.00;0.00;97.00;0.00;0.00;0.00;0.00;0.00;160.00;460.00;557.00;1394.67;1324.67;2231.01;1084.67;3751.35;3489.69;470.00;470.00;160.00;310.00;1609.33;2000.00;1609.34;310.00;310.00;310.00;0.00;0.00;0.00;320.00;0.00
1762063015.2578287;0.00;434.01;820.35;0.00;0.00;1058.68;1353.02;0.00;0.00;0.00;0.00;0.00;0.00;0.00;241.67;0.00;0.00;97.00;0.00;0.00;0.00;144.67;0.00;160.00;460.00;557.00;1244.67;1244.67;2151.01;614.67;3271.35;2960.35;614.67;614.67;160.00;310.00;1074.67;2000.00;1609.34;310.00;310.00;310.00;0.00;0.00;0.00;320.00;0.00
1762063015.2582388;0.00;434.01;820.35;0.00;0.00;1058.68;1353.02;0.00;0.00;0.00;0.00;0.00;0.00;0.00;241.67;0.00;0.00;97.00;0.00;0.00;0.00;144.67;0.00;160.00;460.00;557.00;1244.67;1244.67;2151.01;614.67;3271.35;2960.35;614.67;614.67;160.00;310.00;1074.67;2000.00;1609.34;310.00;310.00;310.00;0.00;0.00;0.00;320.00;0.00
1762063015.3007417;0.00;434.01;820.35;0.00;0.00;1058.68;1353.02;0.00;0.00;0.00;0.00;0.00;0.00;0.00;241.67;0.00;0.00;97.00;0.00;0.00;0.00;289.34;0.00;160.00;460.00;557.00;1244.67;1244.67;2151.01;614.67;3271.35;2960.35;759.34;759.34;160.00;310.00;1384.67;2000.00;1609.34;310.00;310.00;310.00;0.00;0.00;0.00;320.00;0.00
1762063015.301155;0.00;434.01;820.35;0.00;0.00;1058.68;1353.02;0.00;0.00;0.00;0.00;0.00;0.00;0.00;241.67;0.00;0.00;97.00;0.00;0.00;0.00;289.34;0.00;160.00;460.00;557.00;1244.67;1244.67;2151.01;614.67;3271.35;2960.35;759.34;759.34;160.00;310.00;1384.67;2000.00;1609.34;310.00;310.00;310.00;0.00;0.00;0.00;320.00;0.00
1762063015.3354814;0.00;434.01;820.35;0.00;0.00;1058.68;1353.02;0.00;0.00;0.00;0.00;0.00;0.00;0.00;241.67;0.00;0.00;97.00;0.00;0.00;0.00;434.01;0.00;160.00;460.00;557.00;1244.67;1244.67;2151.01;914.67;3511.35;3200.35;904.01;904.01;160.00;310.00;1384.67;2000.00;1609.34;310.00;310.00;310.00;0.00;0.00;0.00;320.00;0.00
1762063015.3358884;0.00;434.01;820.35;0.00;0.00;1058.68;1353.02;0.00;0.00;0.00;0.00;0.00;0.00;0.00;241.67;0.00;0.00;97.00;0.00;0.00;0.00;434.01;0.00;160.00;460.00;557.00;1244.67;1244.67;2151.01;914.67;3511.35;3200.35;904.01;904.01;160.00;310.00;1384.67;2000.00;1609.34;310.00;310.00;310.00;0.00;0.00;0.00;320.00;0.00
1762063015.3753777;0.00;434.01;820.35;0.00;0.00;1058.68;1353.02;0.00;0.00;0.00;0.00;0.00;0.00;0.00;241.67;0.00;0.00;97.00;0.00;0.00;0.00;578.68;0.00;240.00;610.00;707.00;1244.67;1244.67;2151.01;1074.67;3671.35;3360.35;968.68;968.68;240.00;310.00;1609.34;2000.00;1609.34;310.00;310.00;310.00;0.00;0.00;0.00;320.00;0.00
1762063015.3757844;0.00;434.01;820.35;0.00;0.00;1058.68;1353.02;0.00;0.00;0.00;0.00;0.00;0.00;0.00;241.67;0.00;0.00;97.00;0.00;0.00;0.00;578.68;0.00;240.00;610.00;707.00;1244.67;1244.67;2151.01;1074.67;3671.35;3360.35;968.68;968.68;240.00;310.00;1609.34;2000.00;1609.34;310.00;310.00;310.00;0.00;0.00;0.00;320.00;0.00
1762063015.4215014;0.00;434.01;820.35;0.00;0.00;1058.68;1353.02;0.00;0.00;0.00;0.00;0.00;0.00;0.00;241.67;0.00;0.00;97.00;0.00;0.00;0.00;723.35;0.00;400.00;770.00;867.00;1244.67;1244.67;2151.01;1224.67;3751.35;3440.35;1273.35;1273.35;400.00;310.00;1834.01;2000.00;1609.34;310.00;310.00;310.00;0.00;0.00;0.00;320.00;0.00
1762063015.421924;0.00;434.01;820.35;0.00;0.00;1058.68;1353.02;0.00;0.00;0.00;0.00;0.00;0.00;0.00;241.67;0.00;0.00;97.00;0.00;0.00;0.00;723.35;0.00;400.00;770.00;867.00;1244.67;1244.67;2151.01;1224.67;3751.35;3440.35;1273.35;1273.35;400.00;310.00;1834.01;2000.00;1609.34;310.00;310.00;310.00;0.00;0.00;0.00;320.00;0.00
1762063015.4634445;0.00;434.01;820.35;0.00;0.00;1058.68;1353.02;0.00;0.00;0.00;0.00;0.00;0.00;0.00;241.67;0.00;0.00;97.00;0.00;0.00;0.00;963.35;0.00;640.00;1000.00;1097.00;1474.67;1244.67;2151.01;1224.67;3751.35;3440.35;1273.35;1593.35;640.00;310.00;1834.01;2000.00;1609.34;310.00;310.00;620.00;0.00;0.00;0.00;320.00;0.00
1762063015.4638464;0.00;434.01;820.35;0.00;0.00;1058.68;1353.02;0.00;0.00;0.00;0.00;0.00;0.00;0.00;241.67;0.00;0.00;97.00;0.00;0.00;0.00;963.35;0.00;640.00;1000.00;1097.00;1474.67;1244.67;2151.01;1224.67;3751.35;3440.35;1273.35;1593.35;640.00;310.00;1834.01;2000.00;1609.34;310.00;310.00;620.00;0.00;0.00;0.00;320.00;0.00
1762063032.020755;0.00;97.00;820.35;0.00;0.00;1058.68;1208.35;0.00;0.00;0.00;0.00;0.00;0.00;0.00;0.00;0.00;0.00;0.00;0.00;0.00;0.00;963.35;0.00;640.00;1000.00;1000.00;930.00;710.00;1434.01;1304.67;3329.01;3311.01;1273.35;1593.35;640.00;310.00;1524.01;2000.00;1069.34;310.00;0.00;620.00;0.00;0.00;0.00;320.00;0.00
1762063032.021162;0.00;97.00;820.35;0.00;0.00;1058.68;1208.35;0.00;0.00;0.00;0.00;0.00;0.00;0.00;0.00;0.00;0.00;0.00;0.00;0.00;0.00;963.35;0.00;640.00;1000.00;1000.00;930.00;710.00;1434.01;1304.67;3329.01;3311.01;1273.35;1593.35;640.00;310.00;1524.01;2000.00;1069.34;310.00;0.00;620.00;0.00;0.00;0.00;320.00;0.00
1762063032.281616;0.00;97.00;820.35;0.00;0.00;1058.68;1208.35;0.00;0.00;0.00;0.00;0.00;0.00;0.00;0.00;0.00;0.00;0.00;144.67;0.00;0.00;963.35;0.00;640.00;1000.00;1000.00;930.00;710.00;1434.01;1304.67;3329.01;3311.01;1418.02;1593.35;640.00;310.00;1834.01;2000.00;1069.34;310.00;0.00;620.00;0.00;0.00;0.00;320.00;0.00
1762063032.2822962;0.00;97.00;820.35;0.00;0.00;1058.68;1208.35;0.00;0.00;0.00;0.00;0.00;0.00;0.00;0.00;0.00;0.00;0.00;144.67;0.00;0.00;963.35;0.00;640.00;1000.00;1000.00;930.00;710.00;1434.01;1304.67;3329.01;3311.01;1418.02;1593.35;640.00;310.00;1834.01;2000.00;1069.34;310.00;0.00;620.00;0.00;0.00;0.00;320.00;0.00
1762063032.3435788;0.00;97.00;820.35;0.00;0.00;1058.68;1208.35;0.00;0.00;0.00;0.00;0.00;0.00;0.00;0.00;0.00;0.00;0.00;289.34;0.00;0.00;963.35;0.00;640.00;1000.00;1000.00;930.00;710.00;1434.01;1304.67;3479.01;3471.01;1562.69;1593.35;640.00;310.00;2154.01;2000.00;1069.34;310.00;0.00;620.00;0.00;0.00;0.00;320.00;0.00
1762063032.3442907;0.00;97.00;820.35;0.00;0.00;1058.68;1208.35;0.00;0.00;0.00;0.00;0.00;0.00;0.00;0.00;0.00;0.00;0.00;289.34;0.00;0.00;963.35;0.00;640.00;1000.00;1000.00;930.00;710.00;1434.01;1304.67;3479.01;3471.01;1562.69;1593.35;640.00;310.00;2154.01;2000.00;1069.34;310.00;0.00;620.00;0.00;0.00;0.00;320.00;0.00
1762063032.404156;0.00;97.00;820.35;0.00;0.00;1058.68;1208.35;0.00;0.00;0.00;0.00;0.00;0.00;0.00;0.00;0.00;0.00;0.00;434.01;0.00;0.00;963.35;0.00;640.00;1000.00;1000.00;930.00;710.00;1434.01;1464.67;3639.01;3631.01;1707.36;1593.35;640.00;310.00;2154.01;2000.00;1069.34;310.00;0.00;620.00;0.00;0.00;0.00;320.00;0.00
1762063032.4048753;0.00;97.00;820.35;0.00;0.00;1058.68;1208.35;0.00;0.00;0.00;0.00;0.00;0.00;0.00;0.00;0.00;0.00;0.00;434.01;0.00;0.00;963.35;0.00;640.00;1000.00;1000.00;930.00;710.00;1434.01;1464.67;3639.01;3631.01;1707.36;1593.35;640.00;310.00;2154.01;2000.00;1069.34;310.00;0.00;620.00;0.00;0.00;0.00;320.00;0.00
1762063032.4599166;0.00;97.00;820.35;0.00;0.00;1058.68;1208.35;0.00;0.00;0.00;0.00;0.00;0.00;0.00;0.00;0.00;0.00;0.00;898.68;0.00;0.00;963.35;0.00;640.00;1000.00;1000.00;930.00;710.00;1434.01;1614.67;3719.01;3711.01;1937.36;1593.35;640.00;310.00;2154.01;2000.00;1069.34;310.00;0.00;620.00;0.00;0.00;0.00;320.00;0.00
1762063032.4606256;0.00;97.00;820.35;0.00;0.00;1058.68;1208.35;0.00;0.00;0.00;0.00;0.00;0.00;0.00;0.00;0.00;0.00;0.00;898.68;0.00;0.00;963.35;0.00;640.00;1000.00;1000.00;930.00;710.00;1434.01;1614.67;3719.01;3711.01;1937.36;1593.35;640.00;310.00;2154.01;2000.00;1069.34;310.00;0.00;620.00;0.00;0.00;0.00;320.00;0.00
1762063032.520673;0.00;97.00;820.35;0.00;0.00;1058.68;1208.35;0.00;0.00;0.00;0.00;0.00;0.00;0.00;0.00;0.00;0.00;0.00;1043.35;0.00;0.00;963.35;0.00;640.00;1000.00;1000.00;930.00;710.00;1434.01;1924.67;3863.68;3855.68;2082.03;1593.35;640.00;310.00;2154.01;2000.00;1299.34;310.00;0.00;620.00;0.00;0.00;0.00;320.00;0.00
1762063032.5213974;0.00;97.00;820.35;0.00;0.00;1058.68;1208.35;0.00;0.00;0.00;0.00;0.00;0.00;0.00;0.00;0.00;0.00;0.00;1043.35;0.00;0.00;963.35;0.00;640.00;1000.00;1000.00;930.00;710.00;1434.01;1924.67;3863.68;3855.68;2082.03;1593.35;640.00;310.00;2154.01;2000.00;1299.34;310.00;0.00;620.00;0.00;0.00;0.00;320.00;0.00
1762063032.848494;0.00;97.00;820.35;0.00;0.00;1058.68;1208.35;0.00;0.00;0.00;0.00;0.00;0.00;0.00;0.00;0.00;0.00;0.00;1283.35;0.00;0.00;963.35;0.00;800.00;1160.00;1160.00;930.00;710.00;1434.01;2074.67;3943.68;3935.68;2162.03;1753.35;800.00;310.00;2154.01;2000.00;1299.34;310.00;0.00;620.00;0.00;0.00;0.00;320.00;0.00
1762063032.849206;0.00;97.00;820.35;0.00;0.00;1058.68;1208.35;0.00;0.00;0.00;0.00;0.00;0.00;0.00;0.00;0.00;0.00;0.00;1283.35;0.00;0.00;963.35;0.00;800.00;1160.00;1160.00;930.00;710.00;1434.01;2074.67;3943.68;3935.68;2162.03;1753.35;800.00;310.00;2154.01;2000.00;1299.34;310.00;0.00;620.00;0.00;0.00;0.00;320.00;0.00
1762063037.040639;0.00;97.00;820.35;0.00;0.00;1203.35;774.34;0.00;0.00;0.00;0.00;0.00;0.00;0.00;0.00;0.00;0.00;0.00;1283.35;0.00;0.00;963.35;0.00;800.00;1160.00;1160.00;930.00;710.00;1434.01;2374.67;3643.68;3411.01;2162.03;1753.35;800.00;310.00;2154.01;2000.00;1299.34;310.00;0.00;620.00;0.00;0.00;0.00;320.00;0.00
1762063037.04136;0.00;97.00;820.35;0.00;0.00;1203.35;774.34;0.00;0.00;0.00;0.00;0.00;0.00;0.00;0.00;0.00;0.00;0.00;1283.35;0.00;0.00;963.35;0.00;800.00;1160.00;1160.00;930.00;710.00;1434.01;2374.67;3643.68;3411.01;2162.03;1753.35;800.00;310.00;2154.01;2000.00;1299.34;310.00;0.00;620.00;0.00;0.00;0.00;320.00;0.00
1762063037.0949883;0.00;97.00;820.35;0.00;0.00;1348.02;774.34;0.00;0.00;0.00;0.00;0.00;0.00;0.00;0.00;0.00;0.00;0.00;1283.35;0.00;0.00;963.35;0.00;800.00;1160.00;1160.00;1090.00;870.00;1594.01;2534.67;3858.35;3411.01;2162.03;1753.35;800.00;310.00;2154.01;2000.00;1299.34;310.00;0.00;620.00;0.00;0.00;0.00;320.00;0.00
1762063037.0956707;0.00;97.00;820.35;0.00;0.00;1348.02;774.34;0.00;0.00;0.00;0.00;0.00;0.00;0.00;0.00;0.00;0.00;0.00;1283.35;0.00;0.00;963.35;0.00;800.00;1160.00;1160.00;1090.00;870.00;1594.01;2534.67;3858.35;3411.01;2162.03;1753.35;800.00;310.00;2154.01;2000.00;1299.34;310.00;0.00;620.00;0.00;0.00;0.00;320.00;0.00
1762063037.1502879;0.00;97.00;820.35;0.00;0.00;1492.69;774.34;0.00;0.00;0.00;0.00;0.00;0.00;0.00;0.00;0.00;0.00;0.00;1283.35;0.00;0.00;963.35;0.00;800.00;1160.00;1160.00;1090.00;870.00;1904.01;2694.67;3923.02;3561.01;2162.03;1753.35;800.00;310.00;2154.01;2000.00;1299.34;310.00;0.00;620.00;320.00;0.00;0.00;320.00;0.00
1762063037.1510053;0.00;97.00;820.35;0.00;0.00;1492.69;774.34;0.00;0.00;0.00;0.00;0.00;0.00;0.00;0.00;0.00;0.00;0.00;1283.35;0.00;0.00;963.35;0.00;800.00;1160.00;1160.00;1090.00;870.00;1904.01;2694.67;3923.02;3561.01;2162.03;1753.35;800.00;310.00;2154.01;2000.00;1299.34;310.00;0.00;620.00;320.00;0.00;0.00;320.00;0.00
1762063047.0419497;0.00;241.67;531.01;0.00;0.00;1492.69;774.34;0.00;0.00;0.00;0.00;0.00;0.00;0.00;0.00;0.00;0.00;0.00;1283.35;0.00;0.00;963.35;0.00;960.00;1310.00;1310.00;930.00;710.00;1609.34;2710.00;4003.02;3625.68;2322.03;1913.35;960.00;310.00;2154.01;2000.00;989.34;0.00;0.00;930.00;320.00;0.00;0.00;320.00;0.00
1762063047.042364;0.00;241.67;531.01;0.00;0.00;1492.69;774.34;0.00;0.00;0.00;0.00;0.00;0.00;0.00;0.00;0.00;0.00;0.00;1283.35;0.00;0.00;963.35;0.00;960.00;1310.00;1310.00;930.00;710.00;1609.34;2710.00;4003.02;3625.68;2322.03;1913.35;960.00;310.00;2154.01;2000.00;989.34;0.00;0.00;930.00;320.00;0.00;0.00;320.00;0.00
1762063047.077247;0.00;481.67;531.01;0.00;0.00;1492.69;774.34;0.00;0.00;0.00;0.00;0.00;0.00;0.00;0.00;0.00;0.00;0.00;1283.35;0.00;0.00;963.35;0.00;960.00;1310.00;1310.00;930.00;710.00;1609.34;2790.00;4083.02;3775.68;2322.03;1913.35;960.00;540.00;2154.01;2000.00;989.34;0.00;0.00;930.00;320.00;0.00;0.00;320.00;0.00
1762063047.0776784;0.00;481.67;531.01;0.00;0.00;1492.69;774.34;0.00;0.00;0.00;0.00;0.00;0.00;0.00;0.00;0.00;0.00;0.00;1283.35;0.00;0.00;963.35;0.00;960.00;1310.00;1310.00;930.00;710.00;1609.34;2790.00;4083.02;3775.68;2322.03;1913.35;960.00;540.00;2154.01;2000.00;989.34;0.00;0.00;930.00;320.00;0.00;0.00;320.00;0.00
1762063051.2858214;0.00;481.67;531.01;240.00;0.00;1492.69;774.34;0.00;0.00;0.00;0.00;0.00;0.00;0.00;0.00;0.00;0.00;0.00;1283.35;0.00;0.00;963.35;0.00;1040.00;1460.00;1460.00;930.00;710.00;1919.34;2950.00;4243.02;3935.68;2402.03;1993.35;1040.00;540.00;2154.01;2000.00;1309.34;0.00;0.00;930.00;320.00;0.00;0.00;320.00;0.00
1762063051.2862544;0.00;481.67;531.01;240.00;0.00;1492.69;774.34;0.00;0.00;0.00;0.00;0.00;0.00;0.00;0.00;0.00;0.00;0.00;1283.35;0.00;0.00;963.35;0.00;1040.00;1460.00;1460.00;930.00;710.00;1919.34;2950.00;4243.02;3935.68;2402.03;1993.35;1040.00;540.00;2154.01;2000.00;1309.34;0.00;0.00;930.00;320.00;0.00;0.00;320.00;0.00
1762063051.333877;0.00;481.67;531.01;480.00;0.00;1492.69;774.34;0.00;0.00;0.00;0.00;0.00;0.00;0.00;0.00;0.00;0.00;0.00;1283.35;0.00;0.00;963.35;0.00;1040.00;1460.00;1460.00;1010.00;790.00;1999.34;3180.00;4483.02;4175.68;2402.03;1993.35;1040.00;540.00;2154.01;2000.00;1619.34;0.00;0.00;930.00;320.00;0.00;0.00;320.00;0.00
1762063051.3343182;0.00;481.67;531.01;480.00;0.00;1492.69;774.34;0.00;0.00;0.00;0.00;0.00;0.00;0.00;0.00;0.00;0.00;0.00;1283.35;0.00;0.00;963.35;0.00;1040.00;1460.00;1460.00;1010.00;790.00;1999.34;3180.00;4483.02;4175.68;2402.03;1993.35;1040.00;540.00;2154.01;2000.00;1619.34;0.00;0.00;930.00;320.00;0.00;0.00;320.00;0.00
1762063051.371632;0.00;481.67;531.01;720.00;0.00;1492.69;774.34;0.00;0.00;0.00;0.00;0.00;0.00;0.00;0.00;0.00;0.00;0.00;1283.35;0.00;0.00;963.35;0.00;1040.00;1460.00;1460.00;1250.00;1030.00;2239.34;3420.00;4723.02;4415.68;2402.03;1993.35;1040.00;540.00;2154.01;2000.00;1939.34;0.00;0.00;930.00;320.00;0.00;0.00;320.00;0.00
1762063051.3720598;0.00;481.67;531.01;720.00;0.00;1492.69;774.34;0.00;0.00;0.00;0.00;0.00;0.00;0.00;0.00;0.00;0.00;0.00;1283.35;0.00;0.00;963.35;0.00;1040.00;1460.00;1460.00;1250.00;1030.00;2239.34;3420.00;4723.02;4415.68;2402.03;1993.35;1040.00;540.00;2154.01;2000.00;1939.34;0.00;0.00;930.00;320.00;0.00;0.00;320.00;0.00
1762063051.4143178;0.00;481.67;531.01;960.00;0.00;1492.69;774.34;0.00;0.00;0.00;0.00;0.00;0.00;0.00;0.00;0.00;0.00;0.00;1283.35;0.00;0.00;963.35;0.00;1200.00;1620.00;1620.00;1330.00;1110.00;2319.34;3500.00;4803.02;4495.68;2562.03;2153.35;1200.00;540.00;2154.01;2000.00;1939.34;0.00;0.00;930.00;320.00;0.00;0.00;320.00;0.00
1762063051.414784;0.00;481.67;531.01;960.00;0.00;1492.69;774.34;0.00;0.00;0.00;0.00;0.00;0.00;0.00;0.00;0.00;0.00;0.00;1283.35;0.00;0.00;963.35;0.00;1200.00;1620.00;1620.00;1330.00;1110.00;2319.34;3500.00;4803.02;4495.68;2562.03;2153.35;1200.00;540.00;2154.01;2000.00;1939.34;0.00;0.00;930.00;320.00;0.00;0.00;320.00;0.00
1762063051.4623516;0.00;481.67;531.01;1200.00;0.00;1492.69;774.34;0.00;0.00;0.00;0.00;0.00;0.00;0.00;0.00;0.00;0.00;0.00;1283.35;0.00;0.00;963.35;0.00;1360.00;1780.00;1780.00;1720.00;1500.00;2399.34;3580.00;4883.02;4575.68;2722.03;2313.35;1360.00;540.00;2154.01;2000.00;1939.34;0.00;0.00;930.00;320.00;0.00;0.00;320.00;0.00
1762063051.4627836;0.00;481.67;531.01;1200.00;0.00;1492.69;774.34;0.00;0.00;0.00;0.00;0.00;0.00;0.00;0.00;0.00;0.00;0.00;1283.35;0.00;0.00;963.35;0.00;1360.00;1780.00;1780.00;1720.00;1500.00;2399.34;3580.00;4883.02;4575.68;2722.03;2313.35;1360.00;540.00;2154.01;2000.00;1939.34;0.00;0.00;930.00;320.00;0.00;0.00;320.00;0.00
1762063051.5162241;0.00;481.67;531.01;1440.00;0.00;1492.69;774.34;0.00;0.00;0.00;0.00;0.00;0.00;0.00;0.00;0.00;0.00;0.00;1283.35;0.00;0.00;963.35;0.00;1520.00;1930.00;1930.00;1800.00;1580.00;2479.34;3660.00;4963.02;4655.68;2882.03;2473.35;1520.00;540.00;2154.01;2000.00;1939.34;0.00;0.00;930.00;320.00;0.00;0.00;320.00;0.00
1762063051.5166662;0.00;481.67;531.01;1440.00;0.00;1492.69;774.34;0.00;0.00;0.00;0.00;0.00;0.00;0.00;0.00;0.00;0.00;0.00;1283.35;0.00;0.00;963.35;0.00;1520.00;1930.00;1930.00;1800.00;1580.00;2479.34;3660.00;4963.02;4655.68;2882.03;2473.35;1520.00;540.00;2154.01;2000.00;1939.34;0.00;0.00;930.00;320.00;0.00;0.00;320.00;0.00
1762063052.0606694;0.00;721.67;0.00;1440.00;0.00;1492.69;774.34;0.00;0.00;0.00;0.00;0.00;0.00;0.00;0.00;0.00;0.00;0.00;1283.35;0.00;0.00;963.35;0.00;1760.00;2170.00;2170.00;2190.00;1730.00;2040.00;3660.00;4963.02;4895.68;3122.03;2713.35;1760.00;230.00;2154.01;2000.00;1939.34;0.00;0.00;930.00;320.00;0.00;0.00;320.00;0.00
1762063052.0611422;0.00;721.67;0.00;1440.00;0.00;1492.69;774.34;0.00;0.00;0.00;0.00;0.00;0.00;0.00;0.00;0.00;0.00;0.00;1283.35;0.00;0.00;963.35;0.00;1760.00;2170.00;2170.00;2190.00;1730.00;2040.00;3660.00;4963.02;4895.68;3122.03;2713.35;1760.00;230.00;2154.01;2000.00;1939.34;0.00;0.00;930.00;320.00;0.00;0.00;320.00;0.00
1762063052.1067748;0.00;721.67;0.00;1440.00;0.00;1492.69;774.34;0.00;0.00;0.00;0.00;0.00;0.00;0.00;0.00;0.00;0.00;0.00;1283.35;0.00;0.00;963.35;0.00;1760.00;2170.00;2170.00;2190.00;1730.00;2040.00;3660.00;4963.02;4895.68;3122.03;2713.35;1760.00;230.00;2154.01;2000.00;1939.34;0.00;0.00;930.00;320.00;0.00;0.00;320.00;0.00
1762063052.1075008;0.00;721.67;0.00;1440.00;0.00;1492.69;774.34;0.00;0.00;0.00;0.00;0.00;0.00;0.00;0.00;0.00;0.00;0.00;1283.35;0.00;0.00;963.35;0.00;1760.00;2170.00;2170.00;2190.00;1730.00;2040.00;3660.00;4963.02;4895.68;3122.03;2713.35;1760.00;230.00;2154.01;2000.00;1939.34;0.00;0.00;930.00;320.00;0.00;0.00;320.00;0.00
1762063052.3113737;0.00;721.67;0.00;1440.00;0.00;1492.69;774.34;0.00;0.00;0.00;0.00;0.00;0.00;0.00;0.00;0.00;0.00;0.00;1283.35;0.00;0.00;963.35;0.00;1760.00;2170.00;2170.00;2190.00;1730.00;2040.00;3660.00;4963.02;4895.68;3122.03;2713.35;1760.00;230.00;2154.01;2000.00;1939.34;0.00;0.00;930.00;320.00;0.00;0.00;320.00;0.00
1762063052.31184;0.00;721.67;0.00;1440.00;0.00;1492.69;774.34;0.00;0.00;0.00;0.00;0.00;0.00;0.00;0.00;0.00;0.00;0.00;1283.35;0.00;0.00;963.35;0.00;1760.00;2170.00;2170.00;2190.00;1730.00;2040.00;3660.00;4963.02;4895.68;3122.03;2713.35;1760.00;230.00;2154.01;2000.00;1939.34;0.00;0.00;930.00;320.00;0.00;0.00;320.00;0.00
1762063052.3810077;0.00;721.67;0.00;1440.00;0.00;1492.69;774.34;0.00;0.00;0.00;0.00;0.00;0.00;0.00;0.00;0.00;0.00;0.00;1283.35;0.00;0.00;963.35;0.00;1760.00;2170.00;2170.00;2190.00;1730.00;2040.00;3660.00;4963.02;4895.68;3122.03;2713.35;1760.00;230.00;2154.01;2000.00;1939.34;0.00;0.00;930.00;320.00;0.00;0.00;320.00;0.00
1762063052.38176;0.00;721.67;0.00;1440.00;0.00;1492.69;774.34;0.00;0.00;0.00;0.00;0.00;0.00;0.00;0.00;0.00;0.00;0.00;1283.35;0.00;0.00;963.35;0.00;1760.00;2170.00;2170.00;2190.00;1730.00;2040.00;3660.00;4963.02;4895.68;3122.03;2713.35;1760.00;230.00;2154.01;2000.00;1939.34;0.00;0.00;930.00;320.00;0.00;0.00;320.00;0.00
1762063067.0821762;0.00;0.00;0.00;1440.00;0.00;1300.35;388.00;0.00;0.00;0.00;0.00;0.00;0.00;0.00;0.00;0.00;0.00;0.00;1283.35;0.00;0.00;963.35;0.00;1360.00;1470.00;1470.00;1100.00;870.00;870.00;2870.00;4036.68;3771.67;2722.03;2313.35;1360.00;0.00;2154.01;2000.00;1404.67;0.00;0.00;310.00;0.00;0.00;0.00;320.00;0.00
1762063067.0828824;0.00;0.00;0.00;1440.00;0.00;1300.35;388.00;0.00;0.00;0.00;0.00;0.00;0.00;0.00;0.00;0.00;0.00;0.00;1283.35;0.00;0.00;963.35;0.00;1360.00;1470.00;1470.00;1100.00;870.00;870.00;2870.00;4036.68;3771.67;2722.03;2313.35;1360.00;0.00;2154.01;2000.00;1404.67;0.00;0.00;310.00;0.00;0.00;0.00;320.00;0.00
1762063069.2850363;0.00;0.00;0.00;1440.00;0.00;1300.35;388.00;0.00;0.00;0.00;0.00;0.00;0.00;97.00;0.00;0.00;0.00;0.00;1283.35;0.00;0.00;963.35;0.00;1360.00;1567.00;1567.00;1260.00;1030.00;1030.00;2870.00;4036.68;3771.67;2722.03;2313.35;1360.00;0.00;2154.01;2000.00;1404.67;0.00;0.00;310.00;0.00;0.00;0.00;320.00;0.00
1762063069.2854872;0.00;0.00;0.00;1440.00;0.00;1300.35;388.00;0.00;0.00;0.00;0.00;0.00;0.00;97.00;0.00;0.00;0.00;0.00;1283.35;0.00;0.00;963.35;0.00;1360.00;1567.00;1567.00;1260.00;1030.00;1030.00;2870.00;4036.68;3771.67;2722.03;2313.35;1360.00;0.00;2154.01;2000.00;1404.67;0.00;0.00;310.00;0.00;0.00;0.00;320.00;0.00
1762063069.334312;0.00;0.00;0.00;1440.00;0.00;1300.35;388.00;0.00;0.00;0.00;0.00;0.00;0.00;241.67;0.00;0.00;0.00;0.00;1283.35;0.00;0.00;963.35;0.00;1360.00;1711.67;1711.67;1420.00;1190.00;1190.00;2870.00;4036.68;3771.67;2722.03;2313.35;1360.00;0.00;2154.01;2000.00;1404.67;0.00;0.00;310.00;0.00;0.00;0.00;320.00;0.00
1762063069.3347638;0.00;0.00;0.00;1440.00;0.00;1300.35;388.00;0.00;0.00;0.00;0.00;0.00;0.00;241.67;0.00;0.00;0.00;0.00;1283.35;0.00;0.00;963.35;0.00;1360.00;1711.67;1711.67;1420.00;1190.00;1190.00;2870.00;4036.68;3771.67;2722.03;2313.35;1360.00;0.00;2154.01;2000.00;1404.67;0.00;0.00;310.00;0.00;0.00;0.00;320.00;0.00
1762063069.3783739;0.00;0.00;0.00;1440.00;0.00;1300.35;388.00;0.00;0.00;0.00;0.00;0.00;0.00;386.34;0.00;0.00;0.00;0.00;1283.35;0.00;0.00;963.35;0.00;1360.00;1856.34;1856.34;1580.00;1350.00;1350.00;2870.00;4036.68;3771.67;2722.03;2313.35;1360.00;0.00;2154.01;2000.00;1404.67;0.00;0.00;310.00;0.00;0.00;0.00;320.00;0.00
1762063069.3788016;0.00;0.00;0.00;1440.00;0.00;1300.35;388.00;0.00;0.00;0.00;0.00;0.00;0.00;386.34;0.00;0.00;0.00;0.00;1283.35;0.00;0.00;963.35;0.00;1360.00;1856.34;1856.34;1580.00;1350.00;1350.00;2870.00;4036.68;3771.67;2722.03;2313.35;1360.00;0.00;2154.01;2000.00;1404.67;0.00;0.00;310.00;0.00;0.00;0.00;320.00;0.00
1762063069.4291646;0.00;0.00;0.00;1440.00;0.00;1300.35;388.00;0.00;0.00;0.00;0.00;0.00;0.00;531.01;0.00;0.00;0.00;0.00;1283.35;0.00;0.00;963.35;0.00;1360.00;2001.01;2001.01;1724.67;1564.67;1874.67;2870.00;4036.68;3771.67;2722.03;2313.35;1360.00;0.00;2154.01;2000.00;1404.67;0.00;0.00;310.00;0.00;0.00;0.00;320.00;0.00
1762063069.4295888;0.00;0.00;0.00;1440.00;0.00;1300.35;388.00;0.00;0.00;0.00;0.00;0.00;0.00;531.01;0.00;0.00;0.00;0.00;1283.35;0.00;0.00;963.35;0.00;1360.00;2001.01;2001.01;1724.67;1564.67;1874.67;2870.00;4036.68;3771.67;2722.03;2313.35;1360.00;0.00;2154.01;2000.00;1404.67;0.00;0.00;310.00;0.00;0.00;0.00;320.00;0.00
1762063069.4712949;0.00;0.00;0.00;1440.00;0.00;1300.35;388.00;0.00;0.00;0.00;0.00;0.00;0.00;675.68;0.00;0.00;0.00;0.00;1283.35;0.00;0.00;963.35;0.00;1360.00;2145.68;2145.68;1869.34;1709.34;2104.67;2870.00;4036.68;3771.67;2722.03;2313.35;1360.00;0.00;2154.01;2000.00;1404.67;0.00;0.00;310.00;0.00;0.00;0.00;320.00;0.00
1762063069.4717078;0.00;0.00;0.00;1440.00;0.00;1300.35;388.00;0.00;0.00;0.00;0.00;0.00;0.00;675.68;0.00;0.00;0.00;0.00;1283.35;0.00;0.00;963.35;0.00;1360.00;2145.68;2145.68;1869.34;1709.34;2104.67;2870.00;4036.68;3771.67;2722.03;2313.35;1360.00;0.00;2154.01;2000.00;1404.67;0.00;0.00;310.00;0.00;0.00;0.00;320.00;0.00
1762063069.5218256;0.00;0.00;0.00;1440.00;0.00;1300.35;388.00;0.00;0.00;0.00;0.00;0.00;0.00;820.35;0.00;0.00;0.00;0.00;1283.35;0.00;0.00;963.35;0.00;1360.00;2290.35;2290.35;2014.01;1854.01;2414.67;3180.00;4036.68;3771.67;2722.03;2313.35;1360.00;0.00;2154.01;2000.00;1714.67;0.00;0.00;310.00;0.00;0.00;0.00;320.00;0.00
1762063069.5222423;0.00;0.00;0.00;1440.00;0.00;1300.35;388.00;0.00;0.00;0.00;0.00;0.00;0.00;820.35;0.00;0.00;0.00;0.00;1283.35;0.00;0.00;963.35;0.00;1360.00;2290.35;2290.35;2014.01;1854.01;2414.67;3180.00;4036.68;3771.67;2722.03;2313.35;1360.00;0.00;2154.01;2000.00;1714.67;0.00;0.00;310.00;0.00;0.00;0.00;320.00;0.00
1762063090.3211818;0.00;0.00;0.00;1440.00;0.00;1300.35;628.00;0.00;0.00;0.00;0.00;0.00;0.00;820.35;0.00;0.00;0.00;0.00;1283.35;0.00;0.00;963.35;0.00;1360.00;2290.35;2290.35;2014.01;1854.01;2414.67;3180.00;4036.68;4011.67;2722.03;2313.35;1360.00;0.00;2154.01;2000.00;1714.67;0.00;0.00;310.00;0.00;0.00;0.00;320.00;0.00
1762063090.321619;0.00;0.00;0.00;1440.00;0.00;1300.35;628.00;0.00;0.00;0.00;0.00;0.00;0.00;820.35;0.00;0.00;0.00;0.00;1283.35;0.00;0.00;963.35;0.00;1360.00;2290.35;2290.35;2014.01;1854.01;2414.67;3180.00;4036.68;4011.67;2722.03;2313.35;1360.00;0.00;2154.01;2000.00;1714.67;0.00;0.00;310.00;0.00;0.00;0.00;320.00;0.00
1762063090.370271;0.00;0.00;0.00;1440.00;0.00;1300.35;868.00;0.00;0.00;0.00;0.00;0.00;0.00;820.35;0.00;0.00;0.00;0.00;1283.35;0.00;0.00;963.35;0.00;1360.00;2290.35;2290.35;2014.01;1854.01;2414.67;3340.00;4196.68;4091.67;2722.03;2313.35;1360.00;310.00;2154.01;2000.00;2034.67;0.00;0.00;310.00;0.00;0.00;0.00;320.00;0.00
1762063090.3707008;0.00;0.00;0.00;1440.00;0.00;1300.35;868.00;0.00;0.00;0.00;0.00;0.00;0.00;820.35;0.00;0.00;0.00;0.00;1283.35;0.00;0.00;963.35;0.00;1360.00;2290.35;2290.35;2014.01;1854.01;2414.67;3340.00;4196.68;4091.67;2722.03;2313.35;1360.00;310.00;2154.01;2000.00;2034.67;0.00;0.00;310.00;0.00;0.00;0.00;320.00;0.00
1762063090.409639;0.00;0.00;0.00;1440.00;0.00;1300.35;1108.00;0.00;0.00;0.00;0.00;0.00;0.00;820.35;0.00;0.00;0.00;0.00;1283.35;0.00;0.00;963.35;0.00;1360.00;2290.35;2290.35;2014.01;1854.01;2414.67;3340.00;4196.68;4331.67;2722.03;2313.35;1360.00;310.00;2154.01;2000.00;2034.67;0.00;0.00;310.00;0.00;0.00;0.00;320.00;0.00
1762063090.4100473;0.00;0.00;0.00;1440.00;0.00;1300.35;1108.00;0.00;0.00;0.00;0.00;0.00;0.00;820.35;0.00;0.00;0.00;0.00;1283.35;0.00;0.00;963.35;0.00;1360.00;2290.35;2290.35;2014.01;1854.01;2414.67;3340.00;4196.68;4331.67;2722.03;2313.35;1360.00;310.00;2154.01;2000.00;2034.67;0.00;0.00;310.00;0.00;0.00;0.00;320.00;0.00
1762063090.4584079;0.00;0.00;0.00;1440.00;0.00;1300.35;1348.00;0.00;0.00;0.00;0.00;0.00;0.00;820.35;0.00;0.00;0.00;0.00;1283.35;0.00;0.00;963.35;0.00;1360.00;2290.35;2290.35;2014.01;1854.01;2414.67;3340.00;4496.68;4331.67;2722.03;2313.35;1360.00;310.00;2154.01;2000.00;2034.67;0.00;0.00;310.00;0.00;0.00;0.00;320.00;0.00
1762063090.4588118;0.00;0.00;0.00;1440.00;0.00;1300.35;1348.00;0.00;0.00;0.00;0.00;0.00;0.00;820.35;0.00;0.00;0.00;0.00;1283.35;0.00;0.00;963.35;0.00;1360.00;2290.35;2290.35;2014.01;1854.01;2414.67;3340.00;4496.68;4331.67;2722.03;2313.35;1360.00;310.00;2154.01;2000.00;2034.67;0.00;0.00;310.00;0.00;0.00;0.00;320.00;0.00
1762063090.654788;0.00;0.00;0.00;1440.00;0.00;1300.35;1588.00;0.00;0.00;0.00;0.00;0.00;0.00;820.35;0.00;0.00;0.00;0.00;1283.35;0.00;0.00;963.35;0.00;1360.00;2290.35;2290.35;2014.01;1854.01;2414.67;3340.00;4646.68;4411.67;2722.03;2313.35;1360.00;310.00;2154.01;2000.00;2034.67;0.00;0.00;310.00;0.00;0.00;0.00;320.00;0.00
1762063090.6552184;0.00;0.00;0.00;1440.00;0.00;1300.35;1588.00;0.00;0.00;0.00;0.00;0.00;0.00;820.35;0.00;0.00;0.00;0.00;1283.35;0.00;0.00;963.35;0.00;1360.00;2290.35;2290.35;2014.01;1854.01;2414.67;3340.00;4646.68;4411.67;2722.03;2313.35;1360.00;310.00;2154.01;2000.00;2034.67;0.00;0.00;310.00;0.00;0.00;0.00;320.00;0.00
1762063090.691973;0.00;0.00;0.00;1440.00;0.00;1300.35;1828.00;0.00;0.00;0.00;0.00;0.00;0.00;820.35;0.00;0.00;0.00;0.00;1283.35;0.00;0.00;963.35;0.00;1360.00;2290.35;2290.35;2014.01;2164.01;2724.67;3500.00;4806.68;4491.67;2722.03;2313.35;1360.00;310.00;2154.01;2320.00;2034.67;0.00;0.00;310.00;0.00;0.00;0.00;320.00;0.00
1762063090.692396;0.00;0.00;0.00;1440.00;0.00;1300.35;1828.00;0.00;0.00;0.00;0.00;0.00;0.00;820.35;0.00;0.00;0.00;0.00;1283.35;0.00;0.00;963.35;0.00;1360.00;2290.35;2290.35;2014.01;2164.01;2724.67;3500.00;4806.68;4491.67;2722.03;2313.35;1360.00;310.00;2154.01;2320.00;2034.67;0.00;0.00;310.00;0.00;0.00;0.00;320.00;0.00
1762063092.122246;0.00;0.00;0.00;1200.00;0.00;1300.35;1828.00;0.00;0.00;0.00;0.00;0.00;0.00;434.01;0.00;240.00;0.00;0.00;1283.35;0.00;0.00;963.35;0.00;1280.00;1754.01;1754.01;1549.34;1699.34;2094.67;3030.00;4646.68;4331.67;2642.03;2233.35;1280.00;310.00;2154.01;2320.00;1404.67;0.00;0.00;310.00;0.00;0.00;0.00;320.00;0.00
1762063092.1229963;0.00;0.00;0.00;1200.00;0.00;1300.35;1828.00;0.00;0.00;0.00;0.00;0.00;0.00;434.01;0.00;240.00;0.00;0.00;1283.35;0.00;0.00;963.35;0.00;1280.00;1754.01;1754.01;1549.34;1699.34;2094.67;3030.00;4646.68;4331.67;2642.03;2233.35;1280.00;310.00;2154.01;2320.00;1404.67;0.00;0.00;310.00;0.00;0.00;0.00;320.00;0.00
1762063092.179663;0.00;0.00;0.00;1200.00;0.00;1300.35;1828.00;0.00;0.00;0.00;0.00;0.00;0.00;434.01;0.00;480.00;0.00;0.00;1283.35;0.00;0.00;963.35;0.00;1280.00;1754.01;1754.01;1549.34;1699.34;2334.67;3030.00;4646.68;4331.67;2642.03;2233.35;1280.00;540.00;2154.01;2320.00;1404.67;0.00;0.00;310.00;0.00;0.00;0.00;320.00;0.00
1762063092.1804252;0.00;0.00;0.00;1200.00;0.00;1300.35;1828.00;0.00;0.00;0.00;0.00;0.00;0.00;434.01;0.00;480.00;0.00;0.00;1283.35;0.00;0.00;963.35;0.00;1280.00;1754.01;1754.01;1549.34;1699.34;2334.67;3030.00;4646.68;4331.67;2642.03;2233.35;1280.00;540.00;2154.01;2320.00;1404.67;0.00;0.00;310.00;0.00;0.00;0.00;320.00;0.00
1762063092.2376566;0.00;0.00;0.00;1200.00;0.00;1300.35;1828.00;0.00;0.00;0.00;0.00;0.00;0.00;434.01;0.00;720.00;0.00;0.00;1283.35;0.00;0.00;963.35;0.00;1280.00;1754.01;1754.01;2019.34;1859.34;2484.67;3030.00;4646.68;4331.67;2642.03;2233.35;1280.00;540.00;2154.01;2320.00;1404.67;0.00;310.00;310.00;0.00;0.00;0.00;320.00;0.00
1762063092.2384093;0.00;0.00;0.00;1200.00;0.00;1300.35;1828.00;0.00;0.00;0.00;0.00;0.00;0.00;434.01;0.00;720.00;0.00;0.00;1283.35;0.00;0.00;963.35;0.00;1280.00;1754.01;1754.01;2019.34;1859.34;2484.67;3030.00;4646.68;4331.67;2642.03;2233.35;1280.00;540.00;2154.01;2320.00;1404.67;0.00;310.00;310.00;0.00;0.00;0.00;320.00;0.00
1762063092.2956922;0.00;0.00;0.00;1200.00;0.00;1300.35;1972.67;0.00;0.00;0.00;0.00;0.00;0.00;434.01;0.00;720.00;0.00;0.00;1283.35;0.00;0.00;963.35;0.00;1360.00;1904.01;1904.01;2169.34;2319.34;2944.67;3190.00;4711.35;4411.67;2722.03;2313.35;1360.00;540.00;2154.01;2320.00;1404.67;0.00;310.00;310.00;0.00;0.00;0.00;320.00;0.00
1762063092.2964518;0.00;0.00;0.00;1200.00;0.00;1300.35;1972.67;0.00;0.00;0.00;0.00;0.00;0.00;434.01;0.00;720.00;0.00;0.00;1283.35;0.00;0.00;963.35;0.00;1360.00;1904.01;1904.01;2169.34;2319.34;2944.67;3190.00;4711.35;4411.67;2722.03;2313.35;1360.00;540.00;2154.01;2320.00;1404.67;0.00;310.00;310.00;0.00;0.00;0.00;320.00;0.00
1762063097.1119545;0.00;0.00;0.00;960.00;0.00;1058.68;1729.34;0.00;0.00;0.00;0.00;0.00;0.00;434.01;0.00;720.00;0.00;0.00;1283.35;0.00;0.00;963.35;0.00;1360.00;1904.01;1904.01;2089.34;2239.34;2864.67;2340.00;3228.68;3519.34;2722.03;2313.35;1360.00;540.00;1924.01;2320.00;870.00;0.00;310.00;310.00;0.00;0.00;0.00;320.00;0.00
1762063097.112382;0.00;0.00;0.00;960.00;0.00;1058.68;1729.34;0.00;0.00;0.00;0.00;0.00;0.00;434.01;0.00;720.00;0.00;0.00;1283.35;0.00;0.00;963.35;0.00;1360.00;1904.01;1904.01;2089.34;2239.34;2864.67;2340.00;3228.68;3519.34;2722.03;2313.35;1360.00;540.00;1924.01;2320.00;870.00;0.00;310.00;310.00;0.00;0.00;0.00;320.00;0.00
1762063107.1259973;0.00;0.00;0.00;960.00;0.00;1058.68;1729.34;0.00;0.00;0.00;0.00;0.00;0.00;289.34;0.00;864.67;0.00;0.00;1283.35;0.00;0.00;963.35;0.00;1360.00;1759.34;1759.34;1944.67;2094.67;2779.34;2340.00;3228.68;3519.34;2722.03;2313.35;1360.00;540.00;1924.01;2320.00;870.00;0.00;310.00;310.00;0.00;0.00;0.00;320.00;0.00
1762063107.1264238;0.00;0.00;0.00;960.00;0.00;1058.68;1729.34;0.00;0.00;0.00;0.00;0.00;0.00;289.34;0.00;864.67;0.00;0.00;1283.35;0.00;0.00;963.35;0.00;1360.00;1759.34;1759.34;1944.67;2094.67;2779.34;2340.00;3228.68;3519.34;2722.03;2313.35;1360.00;540.00;1924.01;2320.00;870.00;0.00;310.00;310.00;0.00;0.00;0.00;320.00;0.00
1762063112.1353037;0.00;0.00;0.00;720.00;0.00;914.01;1874.01;0.00;0.00;0.00;0.00;0.00;0.00;289.34;0.00;864.67;0.00;0.00;1283.35;0.00;0.00;963.35;0.00;1200.00;1599.34;1599.34;1554.67;1704.67;2699.34;2730.00;3228.68;3289.34;2562.03;2153.35;1200.00;540.00;1924.01;2090.00;870.00;0.00;310.00;310.00;0.00;0.00;0.00;320.00;0.00
1762063112.1357446;0.00;0.00;0.00;720.00;0.00;914.01;1874.01;0.00;0.00;0.00;0.00;0.00;0.00;289.34;0.00;864.67;0.00;0.00;1283.35;0.00;0.00;963.35;0.00;1200.00;1599.34;1599.34;1554.67;1704.67;2699.34;2730.00;3228.68;3289.34;2562.03;2153.35;1200.00;540.00;1924.01;2090.00;870.00;0.00;310.00;310.00;0.00;0.00;0.00;320.00;0.00
1762063112.1705353;0.00;144.67;0.00;720.00;0.00;914.01;1874.01;0.00;0.00;0.00;0.00;0.00;0.00;289.34;0.00;864.67;0.00;0.00;1283.35;0.00;0.00;963.35;0.00;1200.00;1599.34;1599.34;1554.67;1704.67;2699.34;2730.00;3443.35;3289.34;2562.03;2153.35;1200.00;540.00;1924.01;2090.00;870.00;0.00;310.00;310.00;0.00;0.00;0.00;320.00;0.00
1762063112.170958;0.00;144.67;0.00;720.00;0.00;914.01;1874.01;0.00;0.00;0.00;0.00;0.00;0.00;289.34;0.00;864.67;0.00;0.00;1283.35;0.00;0.00;963.35;0.00;1200.00;1599.34;1599.34;1554.67;1704.67;2699.34;2730.00;3443.35;3289.34;2562.03;2153.35;1200.00;540.00;1924.01;2090.00;870.00;0.00;310.00;310.00;0.00;0.00;0.00;320.00;0.00
1762063112.3116703;0.00;144.67;0.00;720.00;144.67;914.01;1874.01;0.00;0.00;0.00;0.00;0.00;0.00;289.34;0.00;864.67;0.00;0.00;1283.35;0.00;0.00;963.35;0.00;1200.00;1599.34;1599.34;1554.67;1704.67;2699.34;2730.00;3593.35;3369.34;2562.03;2153.35;1200.00;540.00;1924.01;2090.00;870.00;0.00;310.00;310.00;0.00;0.00;0.00;320.00;0.00
1762063112.3121219;0.00;144.67;0.00;720.00;144.67;914.01;1874.01;0.00;0.00;0.00;0.00;0.00;0.00;289.34;0.00;864.67;0.00;0.00;1283.35;0.00;0.00;963.35;0.00;1200.00;1599.34;1599.34;1554.67;1704.67;2699.34;2730.00;3593.35;3369.34;2562.03;2153.35;1200.00;540.00;1924.01;2090.00;870.00;0.00;310.00;310.00;0.00;0.00;0.00;320.00;0.00
1762063112.3505785;0.00;144.67;0.00;720.00;384.67;914.01;1874.01;0.00;0.00;0.00;0.00;0.00;0.00;289.34;0.00;864.67;0.00;0.00;1283.35;0.00;0.00;963.35;0.00;1200.00;1599.34;1599.34;1554.67;1704.67;2699.34;2880.00;3903.35;3609.34;2562.03;2153.35;1200.00;540.00;1924.01;2090.00;870.00;0.00;310.00;310.00;0.00;0.00;0.00;320.00;0.00
1762063112.3510022;0.00;144.67;0.00;720.00;384.67;914.01;1874.01;0.00;0.00;0.00;0.00;0.00;0.00;289.34;0.00;864.67;0.00;0.00;1283.35;0.00;0.00;963.35;0.00;1200.00;1599.34;1599.34;1554.67;1704.67;2699.34;2880.00;3903.35;3609.34;2562.03;2153.35;1200.00;540.00;1924.01;2090.00;870.00;0.00;310.00;310.00;0.00;0.00;0.00;320.00;0.00
1762063112.5377202;0.00;144.67;0.00;720.00;624.67;914.01;1874.01;0.00;0.00;0.00;0.00;0.00;0.00;289.34;0.00;864.67;0.00;0.00;1283.35;0.00;0.00;963.35;0.00;1200.00;1599.34;1599.34;1554.67;1704.67;2699.34;3030.00;4063.35;3769.34;2562.03;2153.35;1200.00;540.00;2154.01;2090.00;870.00;0.00;310.00;310.00;0.00;0.00;0.00;320.00;0.00
1762063112.538135;0.00;144.67;0.00;720.00;624.67;914.01;1874.01;0.00;0.00;0.00;0.00;0.00;0.00;289.34;0.00;864.67;0.00;0.00;1283.35;0.00;0.00;963.35;0.00;1200.00;1599.34;1599.34;1554.67;1704.67;2699.34;3030.00;4063.35;3769.34;2562.03;2153.35;1200.00;540.00;2154.01;2090.00;870.00;0.00;310.00;310.00;0.00;0.00;0.00;320.00;0.00
1762063112.5820556;0.00;144.67;0.00;720.00;864.67;914.01;1874.01;0.00;0.00;0.00;0.00;0.00;0.00;289.34;0.00;864.67;0.00;0.00;1283.35;0.00;0.00;963.35;0.00;1200.00;1599.34;1599.34;1554.67;1704.67;2699.34;3180.00;4223.35;3929.34;2562.03;2153.35;1200.00;540.00;2384.01;2090.00;1180.00;0.00;310.00;310.00;0.00;0.00;0.00;320.00;0.00
1762063112.582519;0.00;144.67;0.00;720.00;864.67;914.01;1874.01;0.00;0.00;0.00;0.00;0.00;0.00;289.34;0.00;864.67;0.00;0.00;1283.35;0.00;0.00;963.35;0.00;1200.00;1599.34;1599.34;1554.67;1704.67;2699.34;3180.00;4223.35;3929.34;2562.03;2153.35;1200.00;540.00;2384.01;2090.00;1180.00;0.00;310.00;310.00;0.00;0.00;0.00;320.00;0.00
1762063112.622297;0.00;144.67;0.00;720.00;1104.67;914.01;1874.01;0.00;0.00;0.00;0.00;0.00;0.00;289.34;0.00;864.67;0.00;0.00;1283.35;0.00;0.00;963.35;0.00;1200.00;1599.34;1599.34;1554.67;1704.67;2699.34;3180.00;4223.35;4239.34;2562.03;2153.35;1200.00;540.00;2614.01;2090.00;1180.00;0.00;310.00;310.00;0.00;0.00;0.00;320.00;0.00
1762063112.6227837;0.00;144.67;0.00;720.00;1104.67;914.01;1874.01;0.00;0.00;0.00;0.00;0.00;0.00;289.34;0.00;864.67;0.00;0.00;1283.35;0.00;0.00;963.35;0.00;1200.00;1599.34;1599.34;1554.67;1704.67;2699.34;3180.00;4223.35;4239.34;2562.03;2153.35;1200.00;540.00;2614.01;2090.00;1180.00;0.00;310.00;310.00;0.00;0.00;0.00;320.00;0.00
1762063112.6625626;0.00;144.67;0.00;720.00;1344.67;914.01;1874.01;0.00;0.00;0.00;0.00;0.00;0.00;289.34;0.00;864.67;0.00;0.00;1283.35;0.00;0.00;963.35;0.00;1200.00;1599.34;1599.34;1554.67;1704.67;2699.34;3330.00;4383.35;4399.34;2562.03;2153.35;1200.00;540.00;2844.01;2090.00;1490.00;0.00;310.00;310.00;0.00;0.00;0.00;320.00;0.00
1762063112.6630032;0.00;144.67;0.00;720.00;1344.67;914.01;1874.01;0.00;0.00;0.00;0.00;0.00;0.00;289.34;0.00;864.67;0.00;0.00;1283.35;0.00;0.00;963.35;0.00;1200.00;1599.34;1599.34;1554.67;1704.67;2699.34;3330.00;4383.35;4399.34;2562.03;2153.35;1200.00;540.00;2844.01;2090.00;1490.00;0.00;310.00;310.00;0.00;0.00;0.00;320.00;0.00
1762063126.332999;0.00;144.67;0.00;720.00;1344.67;914.01;1874.01;0.00;0.00;0.00;0.00;0.00;240.00;289.34;0.00;864.67;0.00;0.00;1283.35;0.00;0.00;963.35;0.00;1200.00;1599.34;1599.34;1874.67;1944.67;2999.34;3330.00;4383.35;4399.34;2562.03;2153.35;1200.00;540.00;2844.01;2090.00;1490.00;0.00;310.00;310.00;0.00;0.00;0.00;320.00;0.00
1762063126.3334494;0.00;144.67;0.00;720.00;1344.67;914.01;1874.01;0.00;0.00;0.00;0.00;0.00;240.00;289.34;0.00;864.67;0.00;0.00;1283.35;0.00;0.00;963.35;0.00;1200.00;1599.34;1599.34;1874.67;1944.67;2999.34;3330.00;4383.35;4399.34;2562.03;2153.35;1200.00;540.00;2844.01;2090.00;1490.00;0.00;310.00;310.00;0.00;0.00;0.00;320.00;0.00
1762063126.3775458;0.00;144.67;0.00;720.00;1344.67;914.01;1874.01;0.00;0.00;0.00;0.00;0.00;480.00;289.34;0.00;864.67;0.00;0.00;1283.35;0.00;0.00;963.35;0.00;1200.00;1599.34;1599.34;1874.67;2184.67;3299.34;3330.00;4383.35;4399.34;2562.03;2153.35;1200.00;540.00;2844.01;2090.00;1490.00;0.00;310.00;310.00;0.00;0.00;0.00;320.00;0.00
1762063126.3779886;0.00;144.67;0.00;720.00;1344.67;914.01;1874.01;0.00;0.00;0.00;0.00;0.00;480.00;289.34;0.00;864.67;0.00;0.00;1283.35;0.00;0.00;963.35;0.00;1200.00;1599.34;1599.34;1874.67;2184.67;3299.34;3330.00;4383.35;4399.34;2562.03;2153.35;1200.00;540.00;2844.01;2090.00;1490.00;0.00;310.00;310.00;0.00;0.00;0.00;320.00;0.00
1762063126.4292805;0.00;144.67;0.00;720.00;1344.67;914.01;1874.01;0.00;0.00;0.00;0.00;0.00;720.00;289.34;0.00;864.67;0.00;0.00;1283.35;0.00;0.00;963.35;0.00;1200.00;1599.34;1599.34;2024.67;2584.67;3449.34;3330.00;4383.35;4399.34;2562.03;2153.35;1200.00;540.00;2844.01;2090.00;1490.00;0.00;310.00;310.00;0.00;0.00;0.00;320.00;0.00
1762063126.4297318;0.00;144.67;0.00;720.00;1344.67;914.01;1874.01;0.00;0.00;0.00;0.00;0.00;720.00;289.34;0.00;864.67;0.00;0.00;1283.35;0.00;0.00;963.35;0.00;1200.00;1599.34;1599.34;2024.67;2584.67;3449.34;3330.00;4383.35;4399.34;2562.03;2153.35;1200.00;540.00;2844.01;2090.00;1490.00;0.00;310.00;310.00;0.00;0.00;0.00;320.00;0.00
1762063126.470948;0.00;144.67;0.00;720.00;1344.67;914.01;1874.01;0.00;0.00;0.00;0.00;0.00;960.00;289.34;0.00;864.67;0.00;0.00;1283.35;0.00;0.00;963.35;0.00;1200.00;1599.34;1599.34;2174.67;2984.67;3599.34;3330.00;4383.35;4399.34;2562.03;2153.35;1200.00;540.00;2844.01;2090.00;1490.00;0.00;310.00;310.00;0.00;0.00;0.00;320.00;0.00
1762063126.4713824;0.00;144.67;0.00;720.00;1344.67;914.01;1874.01;0.00;0.00;0.00;0.00;0.00;960.00;289.34;0.00;864.67;0.00;0.00;1283.35;0.00;0.00;963.35;0.00;1200.00;1599.34;1599.34;2174.67;2984.67;3599.34;3330.00;4383.35;4399.34;2562.03;2153.35;1200.00;540.00;2844.01;2090.00;1490.00;0.00;310.00;310.00;0.00;0.00;0.00;320.00;0.00
1762063126.520691;0.00;144.67;0.00;720.00;1344.67;914.01;1874.01;0.00;0.00;0.00;0.00;0.00;960.00;289.34;0.00;864.67;0.00;0.00;1283.35;0.00;0.00;963.35;0.00;1200.00;1599.34;1599.34;2174.67;2984.67;3599.34;3330.00;4383.35;4399.34;2562.03;2153.35;1200.00;540.00;2844.01;2090.00;1490.00;0.00;310.00;310.00;0.00;0.00;0.00;320.00;0.00
1762063126.5211341;0.00;144.67;0.00;720.00;1344.67;914.01;1874.01;0.00;0.00;0.00;0.00;0.00;960.00;289.34;0.00;864.67;0.00;0.00;1283.35;0.00;0.00;963.35;0.00;1200.00;1599.34;1599.34;2174.67;2984.67;3599.34;3330.00;4383.35;4399.34;2562.03;2153.35;1200.00;540.00;2844.01;2090.00;1490.00;0.00;310.00;310.00;0.00;0.00;0.00;320.00;0.00
1762063126.5660408;0.00;144.67;0.00;720.00;1344.67;914.01;1874.01;0.00;0.00;0.00;0.00;0.00;960.00;289.34;0.00;864.67;0.00;0.00;1283.35;0.00;0.00;963.35;0.00;1200.00;1599.34;1599.34;2174.67;2984.67;3599.34;3330.00;4383.35;4399.34;2562.03;2153.35;1200.00;540.00;2844.01;2090.00;1490.00;0.00;310.00;310.00;0.00;0.00;0.00;320.00;0.00
1762063126.56648;0.00;144.67;0.00;720.00;1344.67;914.01;1874.01;0.00;0.00;0.00;0.00;0.00;960.00;289.34;0.00;864.67;0.00;0.00;1283.35;0.00;0.00;963.35;0.00;1200.00;1599.34;1599.34;2174.67;2984.67;3599.34;3330.00;4383.35;4399.34;2562.03;2153.35;1200.00;540.00;2844.01;2090.00;1490.00;0.00;310.00;310.00;0.00;0.00;0.00;320.00;0.00
1762063127.1536503;0.00;144.67;0.00;0.00;1344.67;529.34;1971.01;0.00;0.00;0.00;0.00;0.00;960.00;289.34;0.00;864.67;0.00;0.00;1138.68;0.00;0.00;963.35;0.00;880.00;1289.34;1289.34;1774.67;2894.67;3509.34;3240.00;4223.35;3886.34;2097.36;1833.35;880.00;540.00;2534.01;1010.00;1170.00;0.00;310.00;310.00;320.00;0.00;0.00;320.00;0.00
1762063127.1540844;0.00;144.67;0.00;0.00;1344.67;529.34;1971.01;0.00;0.00;0.00;0.00;0.00;960.00;289.34;0.00;864.67;0.00;0.00;1138.68;0.00;0.00;963.35;0.00;880.00;1289.34;1289.34;1774.67;2894.67;3509.34;3240.00;4223.35;3886.34;2097.36;1833.35;880.00;540.00;2534.01;1010.00;1170.00;0.00;310.00;310.00;320.00;0.00;0.00;320.00;0.00
1762063127.3447297;0.00;144.67;0.00;0.00;1344.67;529.34;1971.01;0.00;0.00;0.00;0.00;0.00;960.00;289.34;0.00;864.67;0.00;0.00;1138.68;0.00;0.00;963.35;0.00;880.00;1289.34;1289.34;1774.67;2894.67;3509.34;3240.00;4223.35;3886.34;2097.36;1833.35;880.00;540.00;2534.01;1010.00;1170.00;0.00;310.00;310.00;320.00;0.00;0.00;320.00;0.00
1762063127.3454309;0.00;144.67;0.00;0.00;1344.67;529.34;1971.01;0.00;0.00;0.00;0.00;0.00;960.00;289.34;0.00;864.67;0.00;0.00;1138.68;0.00;0.00;963.35;0.00;880.00;1289.34;1289.34;1774.67;2894.67;3509.34;3240.00;4223.35;3886.34;2097.36;1833.35;880.00;540.00;2534.01;1010.00;1170.00;0.00;310.00;310.00;320.00;0.00;0.00;320.00;0.00
1762063127.3911407;0.00;144.67;0.00;0.00;1344.67;529.34;1971.01;0.00;0.00;0.00;0.00;0.00;960.00;289.34;0.00;864.67;0.00;0.00;1138.68;0.00;0.00;963.35;0.00;880.00;1289.34;1289.34;1774.67;2894.67;3509.34;3240.00;4223.35;3886.34;2097.36;1833.35;880.00;540.00;2534.01;1010.00;1170.00;0.00;310.00;310.00;320.00;0.00;0.00;320.00;0.00
1762063127.3918557;0.00;144.67;0.00;0.00;1344.67;529.34;1971.01;0.00;0.00;0.00;0.00;0.00;960.00;289.34;0.00;864.67;0.00;0.00;1138.68;0.00;0.00;963.35;0.00;880.00;1289.34;1289.34;1774.67;2894.67;3509.34;3240.00;4223.35;3886.34;2097.36;1833.35;880.00;540.00;2534.01;1010.00;1170.00;0.00;310.00;310.00;320.00;0.00;0.00;320.00;0.00
1762063127.4526422;0.00;144.67;0.00;0.00;1344.67;769.34;1971.01;0.00;0.00;0.00;0.00;0.00;960.00;289.34;0.00;864.67;0.00;0.00;1138.68;0.00;0.00;963.35;0.00;1030.00;1439.34;1439.34;1854.67;2974.67;3589.34;3320.00;4303.35;4046.34;2257.36;1993.35;1040.00;540.00;2854.01;1010.00;1170.00;0.00;310.00;310.00;320.00;0.00;0.00;320.00;0.00
1762063127.4533992;0.00;144.67;0.00;0.00;1344.67;769.34;1971.01;0.00;0.00;0.00;0.00;0.00;960.00;289.34;0.00;864.67;0.00;0.00;1138.68;0.00;0.00;963.35;0.00;1030.00;1439.34;1439.34;1854.67;2974.67;3589.34;3320.00;4303.35;4046.34;2257.36;1993.35;1040.00;540.00;2854.01;1010.00;1170.00;0.00;310.00;310.00;320.00;0.00;0.00;320.00;0.00
1762063127.5235975;0.00;144.67;0.00;0.00;1344.67;769.34;1971.01;0.00;0.00;0.00;0.00;0.00;960.00;289.34;0.00;864.67;0.00;0.00;1138.68;0.00;0.00;963.35;0.00;1030.00;1439.34;1439.34;1854.67;2974.67;3589.34;3320.00;4303.35;4046.34;2257.36;1993.35;1040.00;540.00;2854.01;1010.00;1170.00;0.00;310.00;310.00;320.00;0.00;0.00;320.00;0.00
1762063127.524045;0.00;144.67;0.00;0.00;1344.67;769.34;1971.01;0.00;0.00;0.00;0.00;0.00;960.00;289.34;0.00;864.67;0.00;0.00;1138.68;0.00;0.00;963.35;0.00;1030.00;1439.34;1439.34;1854.67;2974.67;3589.34;3320.00;4303.35;4046.34;2257.36;1993.35;1040.00;540.00;2854.01;1010.00;1170.00;0.00;310.00;310.00;320.00;0.00;0.00;320.00;0.00
1762063127.571897;0.00;144.67;0.00;0.00;1344.67;769.34;1971.01;0.00;0.00;0.00;0.00;0.00;960.00;289.34;0.00;864.67;0.00;0.00;1138.68;0.00;0.00;963.35;0.00;1030.00;1439.34;1439.34;1854.67;2974.67;3589.34;3320.00;4303.35;4046.34;2257.36;1993.35;1040.00;540.00;2854.01;1010.00;1170.00;0.00;310.00;310.00;320.00;0.00;0.00;320.00;0.00
1762063127.572348;0.00;144.67;0.00;0.00;1344.67;769.34;1971.01;0.00;0.00;0.00;0.00;0.00;960.00;289.34;0.00;864.67;0.00;0.00;1138.68;0.00;0.00;963.35;0.00;1030.00;1439.34;1439.34;1854.67;2974.67;3589.34;3320.00;4303.35;4046.34;2257.36;1993.35;1040.00;540.00;2854.01;1010.00;1170.00;0.00;310.00;310.00;320.00;0.00;0.00;320.00;0.00
1762063132.1770308;0.00;0.00;0.00;0.00;1344.67;384.67;1971.01;0.00;0.00;0.00;0.00;0.00;960.00;289.34;0.00;864.67;0.00;0.00;384.67;0.00;0.00;963.35;0.00;870.00;1289.34;1289.34;1854.67;2974.67;3589.34;3010.00;3463.35;3191.67;1268.02;1523.35;880.00;540.00;1999.34;320.00;1170.00;0.00;310.00;310.00;320.00;0.00;0.00;0.00;0.00
1762063132.1774669;0.00;0.00;0.00;0.00;1344.67;384.67;1971.01;0.00;0.00;0.00;0.00;0.00;960.00;289.34;0.00;864.67;0.00;0.00;384.67;0.00;0.00;963.35;0.00;870.00;1289.34;1289.34;1854.67;2974.67;3589.34;3010.00;3463.35;3191.67;1268.02;1523.35;880.00;540.00;1999.34;320.00;1170.00;0.00;310.00;310.00;320.00;0.00;0.00;0.00;0.00
1762063132.2141182;0.00;0.00;0.00;0.00;1344.67;529.34;1971.01;0.00;0.00;0.00;0.00;0.00;960.00;289.34;0.00;864.67;0.00;0.00;384.67;0.00;0.00;963.35;0.00;870.00;1289.34;1289.34;1854.67;2974.67;3589.34;3010.00;3463.35;3336.34;1268.02;1523.35;880.00;540.00;2309.34;320.00;1170.00;0.00;310.00;310.00;320.00;0.00;0.00;0.00;0.00
1762063132.2145402;0.00;0.00;0.00;0.00;1344.67;529.34;1971.01;0.00;0.00;0.00;0.00;0.00;960.00;289.34;0.00;864.67;0.00;0.00;384.67;0.00;0.00;963.35;0.00;870.00;1289.34;1289.34;1854.67;2974.67;3589.34;3010.00;3463.35;3336.34;1268.02;1523.35;880.00;540.00;2309.34;320.00;1170.00;0.00;310.00;310.00;320.00;0.00;0.00;0.00;0.00
1762063132.249689;0.00;0.00;0.00;0.00;1344.67;674.01;1971.01;0.00;0.00;0.00;0.00;0.00;960.00;289.34;0.00;864.67;0.00;0.00;384.67;0.00;0.00;963.35;0.00;870.00;1289.34;1289.34;1854.67;2974.67;3589.34;3010.00;3528.02;3486.34;1268.02;1523.35;880.00;540.00;2309.34;320.00;1480.00;0.00;310.00;310.00;320.00;0.00;0.00;0.00;0.00
1762063132.2500987;0.00;0.00;0.00;0.00;1344.67;674.01;1971.01;0.00;0.00;0.00;0.00;0.00;960.00;289.34;0.00;864.67;0.00;0.00;384.67;0.00;0.00;963.35;0.00;870.00;1289.34;1289.34;1854.67;2974.67;3589.34;3010.00;3528.02;3486.34;1268.02;1523.35;880.00;540.00;2309.34;320.00;1480.00;0.00;310.00;310.00;320.00;0.00;0.00;0.00;0.00
1762063142.1854124;0.00;0.00;0.00;240.00;1200.00;674.01;1971.01;0.00;0.00;0.00;0.00;0.00;960.00;289.34;0.00;864.67;0.00;0.00;384.67;0.00;0.00;963.35;0.00;870.00;1289.34;1289.34;1854.67;2974.67;3589.34;3010.00;3378.02;3636.34;1268.02;1523.35;880.00;540.00;2309.34;550.00;1480.00;0.00;310.00;310.00;320.00;0.00;0.00;0.00;0.00
1762063142.1858745;0.00;0.00;0.00;240.00;1200.00;674.01;1971.01;0.00;0.00;0.00;0.00;0.00;960.00;289.34;0.00;864.67;0.00;0.00;384.67;0.00;0.00;963.35;0.00;870.00;1289.34;1289.34;1854.67;2974.67;3589.34;3010.00;3378.02;3636.34;1268.02;1523.35;880.00;540.00;2309.34;550.00;1480.00;0.00;310.00;310.00;320.00;0.00;0.00;0.00;0.00
1762063143.3520145;0.00;240.00;0.00;240.00;1200.00;674.01;1971.01;0.00;0.00;0.00;0.00;0.00;960.00;289.34;0.00;864.67;0.00;0.00;384.67;0.00;0.00;963.35;0.00;870.00;1289.34;1289.34;1854.67;2974.67;3589.34;3090.00;3608.02;3636.34;1268.02;1523.35;880.00;540.00;2309.34;550.00;1480.00;0.00;310.00;310.00;320.00;0.00;0.00;0.00;0.00
1762063143.3524554;0.00;240.00;0.00;240.00;1200.00;674.01;1971.01;0.00;0.00;0.00;0.00;0.00;960.00;289.34;0.00;864.67;0.00;0.00;384.67;0.00;0.00;963.35;0.00;870.00;1289.34;1289.34;1854.67;2974.67;3589.34;3090.00;3608.02;3636.34;1268.02;1523.35;880.00;540.00;2309.34;550.00;1480.00;0.00;310.00;310.00;320.00;0.00;0.00;0.00;0.00
1762063143.5463169;0.00;480.00;0.00;240.00;1200.00;674.01;1971.01;0.00;0.00;0.00;0.00;0.00;960.00;289.34;0.00;864.67;0.00;0.00;384.67;0.00;0.00;963.35;0.00;870.00;1289.34;1289.34;1854.67;2974.67;3589.34;3170.00;3688.02;3796.34;1268.02;1523.35;880.00;540.00;2619.34;550.00;1480.00;0.00;310.00;310.00;320.00;0.00;0.00;0.00;0.00
1762063143.5467525;0.00;480.00;0.00;240.00;1200.00;674.01;1971.01;0.00;0.00;0.00;0.00;0.00;960.00;289.34;0.00;864.67;0.00;0.00;384.67;0.00;0.00;963.35;0.00;870.00;1289.34;1289.34;1854.67;2974.67;3589.34;3170.00;3688.02;3796.34;1268.02;1523.35;880.00;540.00;2619.34;550.00;1480.00;0.00;310.00;310.00;320.00;0.00;0.00;0.00;0.00
1762063143.5911005;0.00;720.00;0.00;240.00;1200.00;674.01;1971.01;0.00;0.00;0.00;0.00;0.00;960.00;289.34;0.00;864.67;0.00;0.00;384.67;0.00;0.00;963.35;0.00;1030.00;1449.34;1439.34;1854.67;2974.67;3589.34;3250.00;3768.02;3956.34;1428.02;1683.35;1040.00;540.00;2939.34;550.00;1480.00;0.00;310.00;310.00;320.00;310.00;0.00;0.00;0.00
1762063143.5915613;0.00;720.00;0.00;240.00;1200.00;674.01;1971.01;0.00;0.00;0.00;0.00;0.00;960.00;289.34;0.00;864.67;0.00;0.00;384.67;0.00;0.00;963.35;0.00;1030.00;1449.34;1439.34;1854.67;2974.67;3589.34;3250.00;3768.02;3956.34;1428.02;1683.35;1040.00;540.00;2939.34;550.00;1480.00;0.00;310.00;310.00;320.00;310.00;0.00;0.00;0.00
1762063143.6362586;0.00;960.00;0.00;240.00;1200.00;674.01;1971.01;0.00;0.00;0.00;0.00;0.00;960.00;289.34;0.00;864.67;0.00;0.00;384.67;0.00;0.00;963.35;0.00;1030.00;1449.34;1439.34;1854.67;2974.67;3589.34;3330.00;3998.02;3956.34;1428.02;1683.35;1040.00;540.00;2939.34;860.00;1480.00;0.00;310.00;310.00;320.00;310.00;0.00;0.00;0.00
1762063143.6367035;0.00;960.00;0.00;240.00;1200.00;674.01;1971.01;0.00;0.00;0.00;0.00;0.00;960.00;289.34;0.00;864.67;0.00;0.00;384.67;0.00;0.00;963.35;0.00;1030.00;1449.34;1439.34;1854.67;2974.67;3589.34;3330.00;3998.02;3956.34;1428.02;1683.35;1040.00;540.00;2939.34;860.00;1480.00;0.00;310.00;310.00;320.00;310.00;0.00;0.00;0.00
1762063143.6760864;0.00;1200.00;0.00;240.00;1200.00;674.01;1971.01;0.00;0.00;0.00;0.00;0.00;960.00;289.34;0.00;864.67;0.00;0.00;384.67;0.00;0.00;963.35;0.00;1030.00;1449.34;1439.34;1854.67;2974.67;3589.34;3410.00;4078.02;4116.34;1738.02;1683.35;1040.00;540.00;2939.34;1180.00;1480.00;0.00;310.00;310.00;320.00;310.00;0.00;0.00;0.00
1762063143.6765225;0.00;1200.00;0.00;240.00;1200.00;674.01;1971.01;0.00;0.00;0.00;0.00;0.00;960.00;289.34;0.00;864.67;0.00;0.00;384.67;0.00;0.00;963.35;0.00;1030.00;1449.34;1439.34;1854.67;2974.67;3589.34;3410.00;4078.02;4116.34;1738.02;1683.35;1040.00;540.00;2939.34;1180.00;1480.00;0.00;310.00;310.00;320.00;310.00;0.00;0.00;0.00
1762063143.7171948;0.00;1440.00;0.00;240.00;1200.00;674.01;1971.01;0.00;0.00;0.00;0.00;0.00;960.00;289.34;0.00;864.67;0.00;0.00;384.67;0.00;0.00;963.35;0.00;1030.00;1449.34;1439.34;1854.67;2974.67;3589.34;3490.00;4158.02;4276.34;2048.02;1993.35;1040.00;540.00;2939.34;1500.00;1480.00;0.00;310.00;310.00;320.00;310.00;0.00;310.00;0.00
1762063143.7176256;0.00;1440.00;0.00;240.00;1200.00;674.01;1971.01;0.00;0.00;0.00;0.00;0.00;960.00;289.34;0.00;864.67;0.00;0.00;384.67;0.00;0.00;963.35;0.00;1030.00;1449.34;1439.34;1854.67;2974.67;3589.34;3490.00;4158.02;4276.34;2048.02;1993.35;1040.00;540.00;2939.34;1500.00;1480.00;0.00;310.00;310.00;320.00;310.00;0.00;310.00;0.00
1762063147.2149749;0.00;1440.00;0.00;384.67;960.00;674.01;1971.01;0.00;0.00;0.00;0.00;0.00;960.00;289.34;0.00;864.67;0.00;0.00;384.67;0.00;0.00;0.00;0.00;550.00;909.34;899.34;1624.67;2974.67;3589.34;2730.00;3518.02;3636.34;1244.67;870.00;560.00;540.00;1950.00;1500.00;1480.00;0.00;310.00;0.00;320.00;310.00;0.00;310.00;0.00
1762063147.215446;0.00;1440.00;0.00;384.67;960.00;674.01;1971.01;0.00;0.00;0.00;0.00;0.00;960.00;289.34;0.00;864.67;0.00;0.00;384.67;0.00;0.00;0.00;0.00;550.00;909.34;899.34;1624.67;2974.67;3589.34;2730.00;3518.02;3636.34;1244.67;870.00;560.00;540.00;1950.00;1500.00;1480.00;0.00;310.00;0.00;320.00;310.00;0.00;310.00;0.00
1762063165.3775346;0.00;1440.00;0.00;384.67;960.00;674.01;1971.01;0.00;144.67;0.00;0.00;0.00;960.00;289.34;0.00;864.67;0.00;0.00;384.67;0.00;0.00;0.00;0.00;550.00;909.34;899.34;1624.67;2974.67;3589.34;2730.00;3518.02;3636.34;1244.67;870.00;560.00;540.00;1950.00;1500.00;1480.00;0.00;310.00;0.00;320.00;310.00;0.00;310.00;0.00
1762063165.378252;0.00;1440.00;0.00;384.67;960.00;674.01;1971.01;0.00;144.67;0.00;0.00;0.00;960.00;289.34;0.00;864.67;0.00;0.00;384.67;0.00;0.00;0.00;0.00;550.00;909.34;899.34;1624.67;2974.67;3589.34;2730.00;3518.02;3636.34;1244.67;870.00;560.00;540.00;1950.00;1500.00;1480.00;0.00;310.00;0.00;320.00;310.00;0.00;310.00;0.00
1762063165.4305744;0.00;1440.00;0.00;384.67;960.00;674.01;1971.01;0.00;384.67;0.00;0.00;0.00;960.00;289.34;0.00;864.67;0.00;0.00;384.67;0.00;0.00;0.00;0.00;550.00;909.34;899.34;1624.67;2974.67;3589.34;2730.00;3518.02;3636.34;1244.67;870.00;560.00;540.00;1950.00;1500.00;1480.00;0.00;310.00;0.00;320.00;310.00;0.00;310.00;0.00
1762063165.4310129;0.00;1440.00;0.00;384.67;960.00;674.01;1971.01;0.00;384.67;0.00;0.00;0.00;960.00;289.34;0.00;864.67;0.00;0.00;384.67;0.00;0.00;0.00;0.00;550.00;909.34;899.34;1624.67;2974.67;3589.34;2730.00;3518.02;3636.34;1244.67;870.00;560.00;540.00;1950.00;1500.00;1480.00;0.00;310.00;0.00;320.00;310.00;0.00;310.00;0.00
1762063165.4879947;0.00;1440.00;0.00;384.67;960.00;674.01;1971.01;0.00;624.67;0.00;0.00;0.00;960.00;289.34;0.00;864.67;0.00;0.00;384.67;0.00;0.00;0.00;0.00;550.00;909.34;899.34;1624.67;2974.67;3589.34;2970.00;3518.02;3636.34;1244.67;870.00;560.00;850.00;1950.00;1500.00;1480.00;0.00;310.00;0.00;320.00;310.00;0.00;310.00;0.00
1762063165.4884732;0.00;1440.00;0.00;384.67;960.00;674.01;1971.01;0.00;624.67;0.00;0.00;0.00;960.00;289.34;0.00;864.67;0.00;0.00;384.67;0.00;0.00;0.00;0.00;550.00;909.34;899.34;1624.67;2974.67;3589.34;2970.00;3518.02;3636.34;1244.67;870.00;560.00;850.00;1950.00;1500.00;1480.00;0.00;310.00;0.00;320.00;310.00;0.00;310.00;0.00
1762063165.5347402;0.00;1440.00;0.00;384.67;960.00;674.01;1971.01;0.00;864.67;0.00;0.00;0.00;960.00;289.34;0.00;864.67;0.00;0.00;384.67;0.00;0.00;0.00;0.00;550.00;909.34;899.34;1624.67;2974.67;3589.34;3050.00;3678.02;3796.34;1244.67;870.00;560.00;850.00;1950.00;1500.00;1480.00;0.00;310.00;0.00;320.00;310.00;0.00;310.00;0.00
1762063165.535173;0.00;1440.00;0.00;384.67;960.00;674.01;1971.01;0.00;864.67;0.00;0.00;0.00;960.00;289.34;0.00;864.67;0.00;0.00;384.67;0.00;0.00;0.00;0.00;550.00;909.34;899.34;1624.67;2974.67;3589.34;3050.00;3678.02;3796.34;1244.67;870.00;560.00;850.00;1950.00;1500.00;1480.00;0.00;310.00;0.00;320.00;310.00;0.00;310.00;0.00
1762063165.5750978;0.00;1440.00;0.00;384.67;960.00;674.01;1971.01;0.00;1104.67;0.00;0.00;0.00;960.00;289.34;0.00;864.67;0.00;0.00;384.67;0.00;0.00;0.00;0.00;550.00;909.34;899.34;1624.67;2974.67;3589.34;3130.00;3838.02;3956.34;1244.67;870.00;560.00;850.00;2260.00;1500.00;1480.00;0.00;310.00;0.00;320.00;310.00;0.00;310.00;0.00
1762063165.575562;0.00;1440.00;0.00;384.67;960.00;674.01;1971.01;0.00;1104.67;0.00;0.00;0.00;960.00;289.34;0.00;864.67;0.00;0.00;384.67;0.00;0.00;0.00;0.00;550.00;909.34;899.34;1624.67;2974.67;3589.34;3130.00;3838.02;3956.34;1244.67;870.00;560.00;850.00;2260.00;1500.00;1480.00;0.00;310.00;0.00;320.00;310.00;0.00;310.00;0.00
1762063165.6151457;0.00;1440.00;0.00;384.67;960.00;674.01;1971.01;0.00;1344.67;0.00;0.00;0.00;960.00;289.34;0.00;864.67;0.00;0.00;384.67;0.00;0.00;0.00;0.00;550.00;909.34;899.34;1784.67;3134.67;3749.34;3370.00;3838.02;3956.34;1244.67;870.00;560.00;1170.00;2260.00;1500.00;1480.00;0.00;310.00;0.00;320.00;310.00;0.00;310.00;0.00
1762063165.6156;0.00;1440.00;0.00;384.67;960.00;674.01;1971.01;0.00;1344.67;0.00;0.00;0.00;960.00;289.34;0.00;864.67;0.00;0.00;384.67;0.00;0.00;0.00;0.00;550.00;909.34;899.34;1784.67;3134.67;3749.34;3370.00;3838.02;3956.34;1244.67;870.00;560.00;1170.00;2260.00;1500.00;1480.00;0.00;310.00;0.00;320.00;310.00;0.00;310.00;0.00
1762063172.4758596;0.00;1440.00;0.00;144.67;1104.67;0.00;1971.01;0.00;1344.67;0.00;0.00;0.00;960.00;289.34;0.00;864.67;0.00;0.00;0.00;0.00;0.00;0.00;0.00;240.00;599.34;589.34;1704.67;3054.67;3669.34;2830.00;3404.01;2967.00;860.00;550.00;240.00;1170.00;1630.00;1270.00;940.00;0.00;310.00;0.00;320.00;310.00;0.00;310.00;0.00
1762063172.4762964;0.00;1440.00;0.00;144.67;1104.67;0.00;1971.01;0.00;1344.67;0.00;0.00;0.00;960.00;289.34;0.00;864.67;0.00;0.00;0.00;0.00;0.00;0.00;0.00;240.00;599.34;589.34;1704.67;3054.67;3669.34;2830.00;3404.01;2967.00;860.00;550.00;240.00;1170.00;1630.00;1270.00;940.00;0.00;310.00;0.00;320.00;310.00;0.00;310.00;0.00
1762063177.2500045;0.00;1440.00;0.00;0.00;1249.34;0.00;1971.01;0.00;1344.67;0.00;0.00;0.00;960.00;289.34;0.00;864.67;0.00;0.00;0.00;0.00;0.00;0.00;0.00;240.00;599.34;589.34;1704.67;3054.67;3669.34;2830.00;3404.01;2967.00;860.00;550.00;240.00;1170.00;1630.00;1270.00;940.00;0.00;310.00;0.00;320.00;310.00;0.00;310.00;0.00
1762063177.250757;0.00;1440.00;0.00;0.00;1249.34;0.00;1971.01;0.00;1344.67;0.00;0.00;0.00;960.00;289.34;0.00;864.67;0.00;0.00;0.00;0.00;0.00;0.00;0.00;240.00;599.34;589.34;1704.67;3054.67;3669.34;2830.00;3404.01;2967.00;860.00;550.00;240.00;1170.00;1630.00;1270.00;940.00;0.00;310.00;0.00;320.00;310.00;0.00;310.00;0.00
1762063182.2323434;0.00;1440.00;0.00;0.00;1249.34;0.00;1971.01;0.00;1344.67;0.00;0.00;0.00;960.00;289.34;0.00;384.67;144.67;0.00;0.00;0.00;0.00;0.00;0.00;240.00;599.34;589.34;1314.67;2974.67;3274.01;2830.00;3404.01;2967.00;860.00;550.00;240.00;1170.00;1630.00;1270.00;940.00;0.00;0.00;0.00;320.00;310.00;0.00;310.00;0.00
1762063182.2327828;0.00;1440.00;0.00;0.00;1249.34;0.00;1971.01;0.00;1344.67;0.00;0.00;0.00;960.00;289.34;0.00;384.67;144.67;0.00;0.00;0.00;0.00;0.00;0.00;240.00;599.34;589.34;1314.67;2974.67;3274.01;2830.00;3404.01;2967.00;860.00;550.00;240.00;1170.00;1630.00;1270.00;940.00;0.00;0.00;0.00;320.00;310.00;0.00;310.00;0.00
1762063182.2677364;0.00;1440.00;0.00;0.00;1249.34;0.00;1971.01;0.00;1344.67;0.00;0.00;0.00;960.00;289.34;0.00;384.67;289.34;0.00;0.00;0.00;0.00;0.00;0.00;240.00;599.34;589.34;1314.67;2974.67;3488.68;2990.00;3404.01;2967.00;860.00;550.00;240.00;1170.00;1630.00;1270.00;940.00;0.00;0.00;0.00;320.00;310.00;0.00;310.00;0.00
1762063182.268163;0.00;1440.00;0.00;0.00;1249.34;0.00;1971.01;0.00;1344.67;0.00;0.00;0.00;960.00;289.34;0.00;384.67;289.34;0.00;0.00;0.00;0.00;0.00;0.00;240.00;599.34;589.34;1314.67;2974.67;3488.68;2990.00;3404.01;2967.00;860.00;550.00;240.00;1170.00;1630.00;1270.00;940.00;0.00;0.00;0.00;320.00;310.00;0.00;310.00;0.00
1762063187.401668;0.00;1440.00;0.00;144.67;1249.34;0.00;1971.01;0.00;1344.67;0.00;0.00;0.00;960.00;289.34;0.00;384.67;289.34;0.00;0.00;0.00;0.00;0.00;0.00;240.00;599.34;589.34;1314.67;2974.67;3488.68;2990.00;3404.01;2967.00;860.00;550.00;240.00;1170.00;1940.00;1270.00;940.00;0.00;0.00;0.00;320.00;310.00;0.00;310.00;0.00
1762063187.4021065;0.00;1440.00;0.00;144.67;1249.34;0.00;1971.01;0.00;1344.67;0.00;0.00;0.00;960.00;289.34;0.00;384.67;289.34;0.00;0.00;0.00;0.00;0.00;0.00;240.00;599.34;589.34;1314.67;2974.67;3488.68;2990.00;3404.01;2967.00;860.00;550.00;240.00;1170.00;1940.00;1270.00;940.00;0.00;0.00;0.00;320.00;310.00;0.00;310.00;0.00
1762063187.4597733;0.00;1440.00;0.00;384.67;1249.34;0.00;1971.01;0.00;1344.67;0.00;0.00;0.00;960.00;289.34;0.00;384.67;289.34;0.00;0.00;0.00;0.00;0.00;0.00;240.00;599.34;589.34;1314.67;2974.67;3488.68;2990.00;3564.01;3357.00;860.00;550.00;240.00;1170.00;2260.00;1270.00;940.00;0.00;0.00;0.00;320.00;310.00;0.00;310.00;0.00
1762063187.4601917;0.00;1440.00;0.00;384.67;1249.34;0.00;1971.01;0.00;1344.67;0.00;0.00;0.00;960.00;289.34;0.00;384.67;289.34;0.00;0.00;0.00;0.00;0.00;0.00;240.00;599.34;589.34;1314.67;2974.67;3488.68;2990.00;3564.01;3357.00;860.00;550.00;240.00;1170.00;2260.00;1270.00;940.00;0.00;0.00;0.00;320.00;310.00;0.00;310.00;0.00
1762063187.505865;0.00;1440.00;0.00;624.67;1249.34;0.00;1971.01;0.00;1344.67;0.00;0.00;0.00;960.00;289.34;0.00;384.67;289.34;0.00;0.00;0.00;0.00;0.00;0.00;400.00;759.34;749.34;1314.67;2974.67;3488.68;2990.00;3644.01;3437.00;1020.00;710.00;400.00;1170.00;2260.00;1270.00;940.00;0.00;0.00;0.00;320.00;310.00;0.00;310.00;0.00
1762063187.5063055;0.00;1440.00;0.00;624.67;1249.34;0.00;1971.01;0.00;1344.67;0.00;0.00;0.00;960.00;289.34;0.00;384.67;289.34;0.00;0.00;0.00;0.00;0.00;0.00;400.00;759.34;749.34;1314.67;2974.67;3488.68;2990.00;3644.01;3437.00;1020.00;710.00;400.00;1170.00;2260.00;1270.00;940.00;0.00;0.00;0.00;320.00;310.00;0.00;310.00;0.00
1762063187.5593174;0.00;1440.00;0.00;864.67;1249.34;0.00;1971.01;0.00;1344.67;0.00;0.00;0.00;960.00;289.34;0.00;384.67;289.34;0.00;0.00;0.00;0.00;0.00;0.00;560.00;919.34;909.34;1314.67;2974.67;3488.68;2990.00;3724.01;3517.00;1180.00;870.00;560.00;1170.00;2260.00;1270.00;940.00;0.00;0.00;320.00;320.00;310.00;0.00;310.00;0.00
1762063187.5597527;0.00;1440.00;0.00;864.67;1249.34;0.00;1971.01;0.00;1344.67;0.00;0.00;0.00;960.00;289.34;0.00;384.67;289.34;0.00;0.00;0.00;0.00;0.00;0.00;560.00;919.34;909.34;1314.67;2974.67;3488.68;2990.00;3724.01;3517.00;1180.00;870.00;560.00;1170.00;2260.00;1270.00;940.00;0.00;0.00;320.00;320.00;310.00;0.00;310.00;0.00
1762063187.6034322;0.00;1440.00;0.00;1104.67;1249.34;0.00;1971.01;0.00;1344.67;0.00;0.00;0.00;960.00;289.34;0.00;384.67;289.34;0.00;0.00;0.00;0.00;0.00;0.00;560.00;919.34;909.34;1314.67;2974.67;3488.68;2990.00;3964.01;3757.00;1180.00;870.00;560.00;1170.00;2260.00;1270.00;1260.00;0.00;0.00;320.00;320.00;310.00;0.00;310.00;0.00
1762063187.6038842;0.00;1440.00;0.00;1104.67;1249.34;0.00;1971.01;0.00;1344.67;0.00;0.00;0.00;960.00;289.34;0.00;384.67;289.34;0.00;0.00;0.00;0.00;0.00;0.00;560.00;919.34;909.34;1314.67;2974.67;3488.68;2990.00;3964.01;3757.00;1180.00;870.00;560.00;1170.00;2260.00;1270.00;1260.00;0.00;0.00;320.00;320.00;310.00;0.00;310.00;0.00
1762063187.6493256;0.00;1440.00;0.00;1344.67;1249.34;0.00;1971.01;0.00;1344.67;0.00;0.00;0.00;960.00;289.34;0.00;384.67;289.34;0.00;0.00;0.00;0.00;0.00;0.00;560.00;919.34;909.34;1314.67;2974.67;3488.68;3140.00;4204.01;3997.00;1500.00;870.00;560.00;1170.00;2260.00;1270.00;1260.00;0.00;0.00;320.00;320.00;310.00;0.00;310.00;0.00
1762063187.6497626;0.00;1440.00;0.00;1344.67;1249.34;0.00;1971.01;0.00;1344.67;0.00;0.00;0.00;960.00;289.34;0.00;384.67;289.34;0.00;0.00;0.00;0.00;0.00;0.00;560.00;919.34;909.34;1314.67;2974.67;3488.68;3140.00;4204.01;3997.00;1500.00;870.00;560.00;1170.00;2260.00;1270.00;1260.00;0.00;0.00;320.00;320.00;310.00;0.00;310.00;0.00
1762063192.2699533;0.00;1440.00;0.00;1344.67;1249.34;0.00;1440.00;0.00;1344.67;0.00;0.00;144.67;720.00;289.34;0.00;384.67;289.34;0.00;0.00;0.00;0.00;0.00;0.00;480.00;999.34;989.34;1164.67;1964.67;2418.68;2200.00;3300.00;3580.00;1420.00;790.00;480.00;1170.00;2260.00;1270.00;1260.00;0.00;0.00;320.00;0.00;310.00;0.00;310.00;0.00
1762063192.2704043;0.00;1440.00;0.00;1344.67;1249.34;0.00;1440.00;0.00;1344.67;0.00;0.00;144.67;720.00;289.34;0.00;384.67;289.34;0.00;0.00;0.00;0.00;0.00;0.00;480.00;999.34;989.34;1164.67;1964.67;2418.68;2200.00;3300.00;3580.00;1420.00;790.00;480.00;1170.00;2260.00;1270.00;1260.00;0.00;0.00;320.00;0.00;310.00;0.00;310.00;0.00
1762063207.2823389;0.00;1537.00;0.00;1344.67;1249.34;0.00;960.00;0.00;1344.67;0.00;0.00;144.67;720.00;0.00;0.00;0.00;0.00;0.00;0.00;0.00;0.00;0.00;0.00;480.00;710.00;700.00;780.00;1510.00;1070.00;2040.00;2937.00;3500.00;1420.00;790.00;480.00;630.00;2260.00;1270.00;940.00;0.00;0.00;320.00;0.00;310.00;0.00;310.00;0.00
1762063207.282787;0.00;1537.00;0.00;1344.67;1249.34;0.00;960.00;0.00;1344.67;0.00;0.00;144.67;720.00;0.00;0.00;0.00;0.00;0.00;0.00;0.00;0.00;0.00;0.00;480.00;710.00;700.00;780.00;1510.00;1070.00;2040.00;2937.00;3500.00;1420.00;790.00;480.00;630.00;2260.00;1270.00;940.00;0.00;0.00;320.00;0.00;310.00;0.00;310.00;0.00
1762063207.4723377;0.00;1634.00;0.00;1344.67;1249.34;0.00;960.00;0.00;1344.67;0.00;0.00;144.67;720.00;0.00;0.00;0.00;0.00;0.00;0.00;0.00;0.00;0.00;0.00;480.00;710.00;700.00;780.00;1510.00;1070.00;2040.00;3034.00;3500.00;1420.00;790.00;480.00;630.00;2260.00;1270.00;940.00;0.00;0.00;320.00;0.00;310.00;0.00;310.00;0.00
1762063207.4727628;0.00;1634.00;0.00;1344.67;1249.34;0.00;960.00;0.00;1344.67;0.00;0.00;144.67;720.00;0.00;0.00;0.00;0.00;0.00;0.00;0.00;0.00;0.00;0.00;480.00;710.00;700.00;780.00;1510.00;1070.00;2040.00;3034.00;3500.00;1420.00;790.00;480.00;630.00;2260.00;1270.00;940.00;0.00;0.00;320.00;0.00;310.00;0.00;310.00;0.00
1762063212.2915258;0.00;1634.00;0.00;1344.67;1249.34;97.00;720.00;0.00;1344.67;0.00;0.00;144.67;720.00;0.00;0.00;0.00;0.00;0.00;0.00;0.00;0.00;0.00;0.00;480.00;710.00;700.00;780.00;1510.00;1070.00;2280.00;3131.00;3260.00;1420.00;790.00;480.00;630.00;2260.00;1270.00;940.00;0.00;0.00;320.00;0.00;310.00;0.00;310.00;0.00
1762063212.2919452;0.00;1634.00;0.00;1344.67;1249.34;97.00;720.00;0.00;1344.67;0.00;0.00;144.67;720.00;0.00;0.00;0.00;0.00;0.00;0.00;0.00;0.00;0.00;0.00;480.00;710.00;700.00;780.00;1510.00;1070.00;2280.00;3131.00;3260.00;1420.00;790.00;480.00;630.00;2260.00;1270.00;940.00;0.00;0.00;320.00;0.00;310.00;0.00;310.00;0.00
1762063213.4189909;0.00;1634.00;0.00;1344.67;1249.34;97.00;720.00;0.00;1344.67;0.00;0.00;144.67;720.00;0.00;0.00;0.00;144.67;0.00;0.00;0.00;0.00;0.00;0.00;480.00;710.00;700.00;780.00;1510.00;1284.67;2280.00;3131.00;3260.00;1420.00;790.00;480.00;630.00;2260.00;1270.00;940.00;0.00;0.00;320.00;0.00;310.00;0.00;310.00;0.00
1762063213.4194434;0.00;1634.00;0.00;1344.67;1249.34;97.00;720.00;0.00;1344.67;0.00;0.00;144.67;720.00;0.00;0.00;0.00;144.67;0.00;0.00;0.00;0.00;0.00;0.00;480.00;710.00;700.00;780.00;1510.00;1284.67;2280.00;3131.00;3260.00;1420.00;790.00;480.00;630.00;2260.00;1270.00;940.00;0.00;0.00;320.00;0.00;310.00;0.00;310.00;0.00
1762063213.466844;0.00;1634.00;0.00;1344.67;1249.34;97.00;720.00;0.00;1344.67;0.00;0.00;144.67;720.00;0.00;0.00;0.00;289.34;0.00;0.00;0.00;0.00;0.00;0.00;480.00;710.00;700.00;780.00;1510.00;1499.34;2280.00;3131.00;3260.00;1420.00;790.00;480.00;630.00;2260.00;1270.00;940.00;0.00;0.00;320.00;0.00;310.00;0.00;310.00;0.00
1762063213.4672792;0.00;1634.00;0.00;1344.67;1249.34;97.00;720.00;0.00;1344.67;0.00;0.00;144.67;720.00;0.00;0.00;0.00;289.34;0.00;0.00;0.00;0.00;0.00;0.00;480.00;710.00;700.00;780.00;1510.00;1499.34;2280.00;3131.00;3260.00;1420.00;790.00;480.00;630.00;2260.00;1270.00;940.00;0.00;0.00;320.00;0.00;310.00;0.00;310.00;0.00
1762063213.513429;0.00;1634.00;0.00;1344.67;1249.34;97.00;720.00;0.00;1344.67;0.00;0.00;144.67;720.00;0.00;0.00;0.00;434.01;0.00;0.00;0.00;0.00;0.00;0.00;480.00;710.00;700.00;780.00;1510.00;1714.01;2280.00;3131.00;3260.00;1420.00;790.00;480.00;630.00;2260.00;1270.00;940.00;0.00;0.00;320.00;0.00;310.00;0.00;310.00;0.00
1762063213.5138612;0.00;1634.00;0.00;1344.67;1249.34;97.00;720.00;0.00;1344.67;0.00;0.00;144.67;720.00;0.00;0.00;0.00;434.01;0.00;0.00;0.00;0.00;0.00;0.00;480.00;710.00;700.00;780.00;1510.00;1714.01;2280.00;3131.00;3260.00;1420.00;790.00;480.00;630.00;2260.00;1270.00;940.00;0.00;0.00;320.00;0.00;310.00;0.00;310.00;0.00
1762063213.5737607;0.00;1634.00;0.00;1344.67;1249.34;97.00;720.00;0.00;1344.67;0.00;0.00;144.67;720.00;0.00;0.00;0.00;578.68;0.00;0.00;0.00;0.00;0.00;0.00;480.00;710.00;700.00;780.00;1510.00;2238.68;2280.00;3131.00;3260.00;1420.00;790.00;480.00;630.00;2260.00;1270.00;940.00;0.00;0.00;320.00;0.00;310.00;0.00;310.00;0.00
1762063213.574192;0.00;1634.00;0.00;1344.67;1249.34;97.00;720.00;0.00;1344.67;0.00;0.00;144.67;720.00;0.00;0.00;0.00;578.68;0.00;0.00;0.00;0.00;0.00;0.00;480.00;710.00;700.00;780.00;1510.00;2238.68;2280.00;3131.00;3260.00;1420.00;790.00;480.00;630.00;2260.00;1270.00;940.00;0.00;0.00;320.00;0.00;310.00;0.00;310.00;0.00
1762063213.6251063;0.00;1634.00;0.00;1344.67;1249.34;97.00;720.00;0.00;1344.67;0.00;0.00;144.67;720.00;0.00;0.00;0.00;723.35;0.00;0.00;0.00;0.00;0.00;0.00;480.00;710.00;700.00;940.00;1670.00;2613.35;2280.00;3131.00;3260.00;1420.00;790.00;480.00;630.00;2260.00;1270.00;940.00;0.00;0.00;320.00;0.00;310.00;0.00;310.00;0.00
1762063213.6255503;0.00;1634.00;0.00;1344.67;1249.34;97.00;720.00;0.00;1344.67;0.00;0.00;144.67;720.00;0.00;0.00;0.00;723.35;0.00;0.00;0.00;0.00;0.00;0.00;480.00;710.00;700.00;940.00;1670.00;2613.35;2280.00;3131.00;3260.00;1420.00;790.00;480.00;630.00;2260.00;1270.00;940.00;0.00;0.00;320.00;0.00;310.00;0.00;310.00;0.00
1762063213.679023;0.00;1634.00;0.00;1344.67;1249.34;97.00;720.00;0.00;1344.67;0.00;0.00;144.67;720.00;0.00;0.00;0.00;963.35;0.00;0.00;0.00;0.00;0.00;0.00;480.00;710.00;700.00;1020.00;2060.00;2763.35;2280.00;3131.00;3260.00;1420.00;790.00;480.00;630.00;2260.00;1270.00;940.00;0.00;0.00;320.00;0.00;310.00;0.00;310.00;0.00
1762063213.6794593;0.00;1634.00;0.00;1344.67;1249.34;97.00;720.00;0.00;1344.67;0.00;0.00;144.67;720.00;0.00;0.00;0.00;963.35;0.00;0.00;0.00;0.00;0.00;0.00;480.00;710.00;700.00;1020.00;2060.00;2763.35;2280.00;3131.00;3260.00;1420.00;790.00;480.00;630.00;2260.00;1270.00;940.00;0.00;0.00;320.00;0.00;310.00;0.00;310.00;0.00
1762063217.330065;0.00;1394.00;0.00;1344.67;960.00;97.00;384.67;0.00;1344.67;0.00;0.00;144.67;720.00;0.00;0.00;0.00;963.35;0.00;0.00;0.00;0.00;0.00;0.00;480.00;710.00;700.00;1020.00;1750.00;2453.35;2040.00;3265.67;2860.00;1110.00;790.00;480.00;630.00;2260.00;630.00;1164.67;0.00;0.00;320.00;0.00;310.00;0.00;310.00;0.00
1762063217.3308058;0.00;1394.00;0.00;1344.67;960.00;97.00;384.67;0.00;1344.67;0.00;0.00;144.67;720.00;0.00;0.00;0.00;963.35;0.00;0.00;0.00;0.00;0.00;0.00;480.00;710.00;700.00;1020.00;1750.00;2453.35;2040.00;3265.67;2860.00;1110.00;790.00;480.00;630.00;2260.00;630.00;1164.67;0.00;0.00;320.00;0.00;310.00;0.00;310.00;0.00
1762063217.3914726;0.00;1538.67;0.00;1344.67;960.00;97.00;384.67;0.00;1344.67;0.00;0.00;144.67;720.00;0.00;0.00;0.00;963.35;0.00;0.00;0.00;0.00;0.00;0.00;480.00;710.00;700.00;1020.00;1750.00;2453.35;2040.00;3345.67;2924.67;1110.00;790.00;480.00;630.00;2260.00;630.00;1394.67;0.00;0.00;320.00;0.00;310.00;0.00;310.00;0.00
1762063217.392194;0.00;1538.67;0.00;1344.67;960.00;97.00;384.67;0.00;1344.67;0.00;0.00;144.67;720.00;0.00;0.00;0.00;963.35;0.00;0.00;0.00;0.00;0.00;0.00;480.00;710.00;700.00;1020.00;1750.00;2453.35;2040.00;3345.67;2924.67;1110.00;790.00;480.00;630.00;2260.00;630.00;1394.67;0.00;0.00;320.00;0.00;310.00;0.00;310.00;0.00
1762063217.5803485;0.00;1683.34;0.00;1344.67;960.00;97.00;384.67;0.00;1344.67;0.00;0.00;144.67;720.00;0.00;0.00;0.00;963.35;0.00;0.00;0.00;0.00;0.00;0.00;480.00;710.00;700.00;1020.00;1750.00;2453.35;2040.00;3425.67;2989.34;1110.00;790.00;480.00;630.00;2260.00;630.00;1624.67;0.00;0.00;320.00;0.00;310.00;0.00;310.00;0.00
1762063217.580808;0.00;1683.34;0.00;1344.67;960.00;97.00;384.67;0.00;1344.67;0.00;0.00;144.67;720.00;0.00;0.00;0.00;963.35;0.00;0.00;0.00;0.00;0.00;0.00;480.00;710.00;700.00;1020.00;1750.00;2453.35;2040.00;3425.67;2989.34;1110.00;790.00;480.00;630.00;2260.00;630.00;1624.67;0.00;0.00;320.00;0.00;310.00;0.00;310.00;0.00
1762063217.6416185;0.00;1683.34;0.00;1344.67;960.00;241.67;384.67;0.00;1344.67;0.00;0.00;144.67;720.00;0.00;0.00;0.00;963.35;0.00;0.00;0.00;0.00;0.00;0.00;480.00;710.00;700.00;1020.00;1750.00;2453.35;2040.00;3575.67;3054.01;1110.00;790.00;480.00;630.00;2260.00;630.00;1624.67;0.00;0.00;320.00;0.00;310.00;0.00;310.00;0.00
1762063217.6423645;0.00;1683.34;0.00;1344.67;960.00;241.67;384.67;0.00;1344.67;0.00;0.00;144.67;720.00;0.00;0.00;0.00;963.35;0.00;0.00;0.00;0.00;0.00;0.00;480.00;710.00;700.00;1020.00;1750.00;2453.35;2040.00;3575.67;3054.01;1110.00;790.00;480.00;630.00;2260.00;630.00;1624.67;0.00;0.00;320.00;0.00;310.00;0.00;310.00;0.00
1762063217.679776;0.00;1683.34;0.00;1344.67;1200.00;241.67;384.67;0.00;1344.67;0.00;0.00;144.67;720.00;0.00;0.00;0.00;963.35;0.00;0.00;0.00;0.00;0.00;0.00;480.00;710.00;700.00;1020.00;1750.00;2453.35;2040.00;3575.67;3284.01;1110.00;790.00;480.00;630.00;2260.00;860.00;1624.67;0.00;0.00;320.00;0.00;310.00;0.00;310.00;0.00
1762063217.6802175;0.00;1683.34;0.00;1344.67;1200.00;241.67;384.67;0.00;1344.67;0.00;0.00;144.67;720.00;0.00;0.00;0.00;963.35;0.00;0.00;0.00;0.00;0.00;0.00;480.00;710.00;700.00;1020.00;1750.00;2453.35;2040.00;3575.67;3284.01;1110.00;790.00;480.00;630.00;2260.00;860.00;1624.67;0.00;0.00;320.00;0.00;310.00;0.00;310.00;0.00
1762063222.3234644;0.00;1200.00;0.00;1344.67;0.00;0.00;144.67;97.00;1200.00;0.00;0.00;144.67;720.00;0.00;0.00;0.00;963.35;0.00;0.00;0.00;0.00;0.00;0.00;480.00;710.00;700.00;1020.00;1750.00;2453.35;1190.00;2194.67;1910.00;1110.00;790.00;480.00;630.00;1570.00;630.00;544.67;0.00;0.00;320.00;0.00;310.00;0.00;310.00;0.00
1762063222.3239007;0.00;1200.00;0.00;1344.67;0.00;0.00;144.67;97.00;1200.00;0.00;0.00;144.67;720.00;0.00;0.00;0.00;963.35;0.00;0.00;0.00;0.00;0.00;0.00;480.00;710.00;700.00;1020.00;1750.00;2453.35;1190.00;2194.67;1910.00;1110.00;790.00;480.00;630.00;1570.00;630.00;544.67;0.00;0.00;320.00;0.00;310.00;0.00;310.00;0.00
1762063232.4175808;0.00;1200.00;0.00;1344.67;0.00;0.00;144.67;97.00;1200.00;0.00;97.00;144.67;720.00;0.00;0.00;0.00;963.35;0.00;0.00;0.00;0.00;0.00;0.00;480.00;710.00;700.00;1117.00;1847.00;2550.35;1190.00;2194.67;1910.00;1110.00;790.00;480.00;630.00;1570.00;630.00;544.67;0.00;0.00;320.00;0.00;310.00;0.00;310.00;0.00
1762063232.418016;0.00;1200.00;0.00;1344.67;0.00;0.00;144.67;97.00;1200.00;0.00;97.00;144.67;720.00;0.00;0.00;0.00;963.35;0.00;0.00;0.00;0.00;0.00;0.00;480.00;710.00;700.00;1117.00;1847.00;2550.35;1190.00;2194.67;1910.00;1110.00;790.00;480.00;630.00;1570.00;630.00;544.67;0.00;0.00;320.00;0.00;310.00;0.00;310.00;0.00
1762063232.4563198;0.00;1200.00;0.00;1344.67;0.00;0.00;144.67;97.00;1200.00;0.00;194.00;144.67;720.00;0.00;0.00;0.00;963.35;0.00;0.00;0.00;0.00;0.00;0.00;480.00;710.00;700.00;1214.00;1944.00;2647.35;1350.00;2194.67;1910.00;1110.00;790.00;480.00;630.00;1570.00;630.00;544.67;0.00;0.00;320.00;0.00;310.00;0.00;310.00;0.00
1762063232.4567542;0.00;1200.00;0.00;1344.67;0.00;0.00;144.67;97.00;1200.00;0.00;194.00;144.67;720.00;0.00;0.00;0.00;963.35;0.00;0.00;0.00;0.00;0.00;0.00;480.00;710.00;700.00;1214.00;1944.00;2647.35;1350.00;2194.67;1910.00;1110.00;790.00;480.00;630.00;1570.00;630.00;544.67;0.00;0.00;320.00;0.00;310.00;0.00;310.00;0.00
1762063232.5086246;0.00;1200.00;0.00;1344.67;0.00;0.00;144.67;97.00;1200.00;0.00;291.00;144.67;720.00;0.00;0.00;0.00;963.35;0.00;0.00;0.00;0.00;0.00;0.00;480.00;710.00;700.00;1311.00;2041.00;2744.35;1510.00;2194.67;1910.00;1110.00;790.00;480.00;630.00;1570.00;630.00;544.67;0.00;0.00;320.00;0.00;310.00;0.00;310.00;0.00
1762063232.509069;0.00;1200.00;0.00;1344.67;0.00;0.00;144.67;97.00;1200.00;0.00;291.00;144.67;720.00;0.00;0.00;0.00;963.35;0.00;0.00;0.00;0.00;0.00;0.00;480.00;710.00;700.00;1311.00;2041.00;2744.35;1510.00;2194.67;1910.00;1110.00;790.00;480.00;630.00;1570.00;630.00;544.67;0.00;0.00;320.00;0.00;310.00;0.00;310.00;0.00
1762063232.5554593;0.00;1200.00;0.00;1344.67;0.00;0.00;144.67;97.00;1200.00;0.00;388.00;144.67;720.00;0.00;0.00;0.00;963.35;0.00;0.00;0.00;0.00;0.00;0.00;480.00;710.00;700.00;1558.00;2073.33;2776.68;1590.00;2194.67;1910.00;1110.00;790.00;480.00;630.00;1570.00;630.00;774.67;0.00;0.00;320.00;0.00;310.00;0.00;310.00;0.00
1762063232.5558937;0.00;1200.00;0.00;1344.67;0.00;0.00;144.67;97.00;1200.00;0.00;388.00;144.67;720.00;0.00;0.00;0.00;963.35;0.00;0.00;0.00;0.00;0.00;0.00;480.00;710.00;700.00;1558.00;2073.33;2776.68;1590.00;2194.67;1910.00;1110.00;790.00;480.00;630.00;1570.00;630.00;774.67;0.00;0.00;320.00;0.00;310.00;0.00;310.00;0.00
1762063232.6286287;0.00;1200.00;0.00;1344.67;0.00;0.00;144.67;97.00;1200.00;0.00;532.67;144.67;720.00;0.00;0.00;0.00;963.35;0.00;0.00;0.00;0.00;0.00;0.00;480.00;1020.00;1010.00;2012.67;2073.33;2776.68;1590.00;2194.67;1910.00;1110.00;790.00;480.00;630.00;1570.00;630.00;774.67;0.00;0.00;320.00;0.00;310.00;0.00;310.00;0.00
1762063232.6293933;0.00;1200.00;0.00;1344.67;0.00;0.00;144.67;97.00;1200.00;0.00;532.67;144.67;720.00;0.00;0.00;0.00;963.35;0.00;0.00;0.00;0.00;0.00;0.00;480.00;1020.00;1010.00;2012.67;2073.33;2776.68;1590.00;2194.67;1910.00;1110.00;790.00;480.00;630.00;1570.00;630.00;774.67;0.00;0.00;320.00;0.00;310.00;0.00;310.00;0.00
1762063232.6978667;0.00;1200.00;0.00;1344.67;0.00;0.00;144.67;97.00;1200.00;0.00;677.34;144.67;720.00;0.00;0.00;0.00;963.35;0.00;0.00;0.00;0.00;0.00;0.00;480.00;1020.00;1010.00;2307.34;2233.33;2926.68;1590.00;2194.67;1910.00;1110.00;790.00;480.00;630.00;1570.00;630.00;774.67;0.00;0.00;320.00;310.00;310.00;0.00;310.00;0.00
1762063232.6986153;0.00;1200.00;0.00;1344.67;0.00;0.00;144.67;97.00;1200.00;0.00;677.34;144.67;720.00;0.00;0.00;0.00;963.35;0.00;0.00;0.00;0.00;0.00;0.00;480.00;1020.00;1010.00;2307.34;2233.33;2926.68;1590.00;2194.67;1910.00;1110.00;790.00;480.00;630.00;1570.00;630.00;774.67;0.00;0.00;320.00;310.00;310.00;0.00;310.00;0.00
1762063237.3517234;0.00;1200.00;0.00;720.00;0.00;0.00;97.00;97.00;720.00;0.00;677.34;0.00;0.00;0.00;0.00;0.00;963.35;0.00;0.00;0.00;0.00;0.00;0.00;480.00;790.00;780.00;1687.34;1193.33;2326.68;1510.00;1357.00;1040.00;1110.00;790.00;480.00;630.00;630.00;630.00;230.00;0.00;0.00;320.00;310.00;310.00;0.00;310.00;0.00
1762063237.3521714;0.00;1200.00;0.00;720.00;0.00;0.00;97.00;97.00;720.00;0.00;677.34;0.00;0.00;0.00;0.00;0.00;963.35;0.00;0.00;0.00;0.00;0.00;0.00;480.00;790.00;780.00;1687.34;1193.33;2326.68;1510.00;1357.00;1040.00;1110.00;790.00;480.00;630.00;630.00;630.00;230.00;0.00;0.00;320.00;310.00;310.00;0.00;310.00;0.00
1762063237.6710799;0.00;1200.00;0.00;720.00;0.00;0.00;194.00;97.00;720.00;0.00;677.34;0.00;0.00;0.00;0.00;0.00;963.35;0.00;0.00;0.00;0.00;0.00;0.00;480.00;790.00;780.00;1687.34;1193.33;2326.68;1510.00;1454.00;1040.00;1110.00;790.00;480.00;630.00;630.00;630.00;540.00;0.00;0.00;320.00;310.00;310.00;0.00;310.00;0.00
1762063237.6718001;0.00;1200.00;0.00;720.00;0.00;0.00;194.00;97.00;720.00;0.00;677.34;0.00;0.00;0.00;0.00;0.00;963.35;0.00;0.00;0.00;0.00;0.00;0.00;480.00;790.00;780.00;1687.34;1193.33;2326.68;1510.00;1454.00;1040.00;1110.00;790.00;480.00;630.00;630.00;630.00;540.00;0.00;0.00;320.00;310.00;310.00;0.00;310.00;0.00
1762063237.7335093;0.00;1200.00;0.00;720.00;0.00;0.00;291.00;97.00;720.00;0.00;677.34;0.00;0.00;0.00;0.00;0.00;963.35;0.00;0.00;0.00;0.00;0.00;0.00;480.00;790.00;780.00;1687.34;1193.33;2326.68;1510.00;1678.67;1190.00;1110.00;790.00;480.00;630.00;630.00;630.00;914.67;0.00;0.00;320.00;310.00;310.00;0.00;310.00;0.00
1762063237.7342277;0.00;1200.00;0.00;720.00;0.00;0.00;291.00;97.00;720.00;0.00;677.34;0.00;0.00;0.00;0.00;0.00;963.35;0.00;0.00;0.00;0.00;0.00;0.00;480.00;790.00;780.00;1687.34;1193.33;2326.68;1510.00;1678.67;1190.00;1110.00;790.00;480.00;630.00;630.00;630.00;914.67;0.00;0.00;320.00;310.00;310.00;0.00;310.00;0.00
1762063237.798295;0.00;1200.00;0.00;720.00;0.00;0.00;291.00;194.00;720.00;0.00;677.34;0.00;0.00;0.00;0.00;0.00;963.35;0.00;0.00;0.00;0.00;0.00;0.00;480.00;790.00;780.00;1687.34;1193.33;2326.68;1510.00;2068.67;1350.00;1110.00;790.00;480.00;630.00;630.00;630.00;1251.67;0.00;0.00;320.00;310.00;310.00;0.00;310.00;0.00
1762063237.7990336;0.00;1200.00;0.00;720.00;0.00;0.00;291.00;194.00;720.00;0.00;677.34;0.00;0.00;0.00;0.00;0.00;963.35;0.00;0.00;0.00;0.00;0.00;0.00;480.00;790.00;780.00;1687.34;1193.33;2326.68;1510.00;2068.67;1350.00;1110.00;790.00;480.00;630.00;630.00;630.00;1251.67;0.00;0.00;320.00;310.00;310.00;0.00;310.00;0.00
1762063237.8623292;0.00;1200.00;0.00;720.00;0.00;0.00;291.00;291.00;720.00;0.00;677.34;0.00;0.00;0.00;0.00;0.00;963.35;0.00;0.00;0.00;0.00;0.00;0.00;480.00;790.00;780.00;1687.34;1193.33;2326.68;1510.00;2213.34;1660.00;1110.00;790.00;480.00;630.00;630.00;630.00;1364.00;0.00;0.00;320.00;310.00;310.00;0.00;310.00;0.00
1762063237.8630798;0.00;1200.00;0.00;720.00;0.00;0.00;291.00;291.00;720.00;0.00;677.34;0.00;0.00;0.00;0.00;0.00;963.35;0.00;0.00;0.00;0.00;0.00;0.00;480.00;790.00;780.00;1687.34;1193.33;2326.68;1510.00;2213.34;1660.00;1110.00;790.00;480.00;630.00;630.00;630.00;1364.00;0.00;0.00;320.00;310.00;310.00;0.00;310.00;0.00
1762063237.9261444;0.00;1200.00;0.00;720.00;97.00;0.00;291.00;291.00;720.00;0.00;677.34;0.00;0.00;0.00;0.00;0.00;963.35;0.00;0.00;0.00;0.00;0.00;0.00;480.00;790.00;780.00;1687.34;1193.33;2326.68;1510.00;2213.34;1660.00;1110.00;790.00;480.00;630.00;630.00;630.00;1364.00;0.00;0.00;320.00;310.00;310.00;0.00;310.00;0.00
1762063237.9268353;0.00;1200.00;0.00;720.00;97.00;0.00;291.00;291.00;720.00;0.00;677.34;0.00;0.00;0.00;0.00;0.00;963.35;0.00;0.00;0.00;0.00;0.00;0.00;480.00;790.00;780.00;1687.34;1193.33;2326.68;1510.00;2213.34;1660.00;1110.00;790.00;480.00;630.00;630.00;630.00;1364.00;0.00;0.00;320.00;310.00;310.00;0.00;310.00;0.00
1762063252.372987;0.00;1200.00;0.00;480.00;97.00;0.00;388.00;291.00;720.00;0.00;677.34;0.00;0.00;0.00;0.00;0.00;963.35;0.00;0.00;0.00;0.00;0.00;0.00;320.00;630.00;620.00;1687.34;1193.33;2326.68;1510.00;2395.67;1644.67;950.00;630.00;320.00;630.00;630.00;630.00;1476.33;0.00;0.00;0.00;310.00;310.00;0.00;310.00;0.00
1762063252.373417;0.00;1200.00;0.00;480.00;97.00;0.00;388.00;291.00;720.00;0.00;677.34;0.00;0.00;0.00;0.00;0.00;963.35;0.00;0.00;0.00;0.00;0.00;0.00;320.00;630.00;620.00;1687.34;1193.33;2326.68;1510.00;2395.67;1644.67;950.00;630.00;320.00;630.00;630.00;630.00;1476.33;0.00;0.00;0.00;310.00;310.00;0.00;310.00;0.00
1762063254.4220731;0.00;1200.00;0.00;480.00;97.00;0.00;388.00;291.00;720.00;144.67;677.34;0.00;0.00;0.00;0.00;0.00;963.35;0.00;0.00;0.00;0.00;0.00;0.00;320.00;630.00;620.00;1687.34;1193.33;2326.68;1510.00;2635.67;1884.67;950.00;630.00;320.00;630.00;630.00;630.00;1701.00;0.00;0.00;0.00;310.00;310.00;0.00;310.00;0.00
1762063254.422522;0.00;1200.00;0.00;480.00;97.00;0.00;388.00;291.00;720.00;144.67;677.34;0.00;0.00;0.00;0.00;0.00;963.35;0.00;0.00;0.00;0.00;0.00;0.00;320.00;630.00;620.00;1687.34;1193.33;2326.68;1510.00;2635.67;1884.67;950.00;630.00;320.00;630.00;630.00;630.00;1701.00;0.00;0.00;0.00;310.00;310.00;0.00;310.00;0.00
1762063254.4742932;0.00;1200.00;0.00;480.00;97.00;0.00;388.00;291.00;720.00;289.34;677.34;0.00;0.00;0.00;0.00;0.00;963.35;0.00;0.00;0.00;0.00;0.00;0.00;320.00;630.00;620.00;1687.34;1193.33;2326.68;1510.00;2930.34;2044.67;950.00;630.00;320.00;630.00;630.00;630.00;1701.00;0.00;0.00;0.00;310.00;310.00;0.00;310.00;0.00
1762063254.4747214;0.00;1200.00;0.00;480.00;97.00;0.00;388.00;291.00;720.00;289.34;677.34;0.00;0.00;0.00;0.00;0.00;963.35;0.00;0.00;0.00;0.00;0.00;0.00;320.00;630.00;620.00;1687.34;1193.33;2326.68;1510.00;2930.34;2044.67;950.00;630.00;320.00;630.00;630.00;630.00;1701.00;0.00;0.00;0.00;310.00;310.00;0.00;310.00;0.00
1762063254.515953;0.00;1200.00;0.00;480.00;97.00;0.00;388.00;291.00;720.00;434.01;677.34;0.00;0.00;0.00;0.00;0.00;963.35;0.00;0.00;0.00;0.00;0.00;0.00;320.00;630.00;620.00;1687.34;1193.33;2326.68;1510.00;3225.01;2514.67;950.00;630.00;320.00;630.00;950.00;630.00;1701.00;0.00;0.00;0.00;310.00;310.00;0.00;310.00;0.00
1762063254.5163956;0.00;1200.00;0.00;480.00;97.00;0.00;388.00;291.00;720.00;434.01;677.34;0.00;0.00;0.00;0.00;0.00;963.35;0.00;0.00;0.00;0.00;0.00;0.00;320.00;630.00;620.00;1687.34;1193.33;2326.68;1510.00;3225.01;2514.67;950.00;630.00;320.00;630.00;950.00;630.00;1701.00;0.00;0.00;0.00;310.00;310.00;0.00;310.00;0.00
1762063254.5841126;0.00;1200.00;0.00;480.00;97.00;0.00;388.00;291.00;720.00;578.68;677.34;0.00;0.00;0.00;0.00;0.00;963.35;0.00;0.00;0.00;0.00;0.00;0.00;320.00;630.00;620.00;1767.34;1273.33;2406.68;1590.00;3289.68;2664.67;950.00;630.00;320.00;630.00;950.00;630.00;1701.00;0.00;0.00;0.00;310.00;310.00;0.00;310.00;0.00
1762063254.58485;0.00;1200.00;0.00;480.00;97.00;0.00;388.00;291.00;720.00;578.68;677.34;0.00;0.00;0.00;0.00;0.00;963.35;0.00;0.00;0.00;0.00;0.00;0.00;320.00;630.00;620.00;1767.34;1273.33;2406.68;1590.00;3289.68;2664.67;950.00;630.00;320.00;630.00;950.00;630.00;1701.00;0.00;0.00;0.00;310.00;310.00;0.00;310.00;0.00
1762063254.6378956;0.00;1200.00;0.00;480.00;97.00;0.00;388.00;291.00;720.00;723.35;677.34;0.00;0.00;0.00;0.00;0.00;963.35;0.00;0.00;0.00;0.00;0.00;0.00;320.00;630.00;620.00;1767.34;1273.33;2406.68;1590.00;3434.35;2964.67;950.00;630.00;320.00;630.00;950.00;630.00;1701.00;0.00;0.00;0.00;310.00;310.00;0.00;310.00;0.00
1762063254.6383336;0.00;1200.00;0.00;480.00;97.00;0.00;388.00;291.00;720.00;723.35;677.34;0.00;0.00;0.00;0.00;0.00;963.35;0.00;0.00;0.00;0.00;0.00;0.00;320.00;630.00;620.00;1767.34;1273.33;2406.68;1590.00;3434.35;2964.67;950.00;630.00;320.00;630.00;950.00;630.00;1701.00;0.00;0.00;0.00;310.00;310.00;0.00;310.00;0.00
1762063254.831475;0.00;1200.00;0.00;480.00;97.00;0.00;388.00;291.00;720.00;963.35;677.34;0.00;0.00;0.00;0.00;0.00;963.35;0.00;0.00;0.00;0.00;0.00;0.00;320.00;630.00;620.00;1927.34;1433.33;2566.68;1750.00;3514.35;3114.67;950.00;630.00;320.00;630.00;950.00;630.00;1701.00;0.00;0.00;0.00;310.00;310.00;0.00;310.00;0.00
1762063254.8319108;0.00;1200.00;0.00;480.00;97.00;0.00;388.00;291.00;720.00;963.35;677.34;0.00;0.00;0.00;0.00;0.00;963.35;0.00;0.00;0.00;0.00;0.00;0.00;320.00;630.00;620.00;1927.34;1433.33;2566.68;1750.00;3514.35;3114.67;950.00;630.00;320.00;630.00;950.00;630.00;1701.00;0.00;0.00;0.00;310.00;310.00;0.00;310.00;0.00
1762063257.3885345;0.00;1200.00;0.00;480.00;0.00;0.00;388.00;291.00;240.00;1108.02;677.34;0.00;0.00;0.00;0.00;0.00;963.35;0.00;0.00;0.00;0.00;0.00;0.00;320.00;630.00;620.00;1767.34;1273.33;2716.68;1334.67;3594.35;3264.67;950.00;630.00;320.00;0.00;950.00;860.00;1701.00;0.00;0.00;0.00;310.00;310.00;0.00;310.00;0.00
1762063257.3889854;0.00;1200.00;0.00;480.00;0.00;0.00;388.00;291.00;240.00;1108.02;677.34;0.00;0.00;0.00;0.00;0.00;963.35;0.00;0.00;0.00;0.00;0.00;0.00;320.00;630.00;620.00;1767.34;1273.33;2716.68;1334.67;3594.35;3264.67;950.00;630.00;320.00;0.00;950.00;860.00;1701.00;0.00;0.00;0.00;310.00;310.00;0.00;310.00;0.00
1762063257.4295502;0.00;1200.00;0.00;480.00;0.00;0.00;388.00;291.00;240.00;1252.69;677.34;0.00;0.00;0.00;0.00;0.00;963.35;0.00;0.00;0.00;0.00;0.00;0.00;320.00;630.00;620.00;1927.34;1433.33;2876.68;1399.34;3674.35;3414.67;950.00;630.00;320.00;0.00;950.00;1090.00;1701.00;0.00;0.00;0.00;310.00;310.00;0.00;310.00;0.00
1762063257.4299827;0.00;1200.00;0.00;480.00;0.00;0.00;388.00;291.00;240.00;1252.69;677.34;0.00;0.00;0.00;0.00;0.00;963.35;0.00;0.00;0.00;0.00;0.00;0.00;320.00;630.00;620.00;1927.34;1433.33;2876.68;1399.34;3674.35;3414.67;950.00;630.00;320.00;0.00;950.00;1090.00;1701.00;0.00;0.00;0.00;310.00;310.00;0.00;310.00;0.00
1762063257.4695408;0.00;1200.00;0.00;720.00;0.00;0.00;388.00;291.00;240.00;1252.69;677.34;0.00;0.00;0.00;0.00;0.00;963.35;0.00;0.00;0.00;0.00;0.00;0.00;320.00;630.00;620.00;1927.34;1433.33;2876.68;1399.34;3674.35;3414.67;950.00;630.00;320.00;0.00;950.00;1090.00;1701.00;0.00;0.00;0.00;310.00;310.00;0.00;310.00;0.00
1762063257.4700015;0.00;1200.00;0.00;720.00;0.00;0.00;388.00;291.00;240.00;1252.69;677.34;0.00;0.00;0.00;0.00;0.00;963.35;0.00;0.00;0.00;0.00;0.00;0.00;320.00;630.00;620.00;1927.34;1433.33;2876.68;1399.34;3674.35;3414.67;950.00;630.00;320.00;0.00;950.00;1090.00;1701.00;0.00;0.00;0.00;310.00;310.00;0.00;310.00;0.00
1762063270.447646;0.00;0.00;0.00;480.00;0.00;0.00;388.00;291.00;384.67;1252.69;677.34;0.00;0.00;0.00;0.00;0.00;963.35;0.00;0.00;0.00;0.00;0.00;0.00;160.00;470.00;470.00;1927.34;1433.33;2876.68;1079.34;3039.02;2999.34;480.00;160.00;160.00;0.00;320.00;460.00;1701.00;0.00;0.00;0.00;310.00;0.00;0.00;0.00;0.00
1762063270.448119;0.00;0.00;0.00;480.00;0.00;0.00;388.00;291.00;384.67;1252.69;677.34;0.00;0.00;0.00;0.00;0.00;963.35;0.00;0.00;0.00;0.00;0.00;0.00;160.00;470.00;470.00;1927.34;1433.33;2876.68;1079.34;3039.02;2999.34;480.00;160.00;160.00;0.00;320.00;460.00;1701.00;0.00;0.00;0.00;310.00;0.00;0.00;0.00;0.00
1762063270.4939666;0.00;0.00;0.00;480.00;0.00;0.00;388.00;291.00;529.34;1252.69;677.34;0.00;0.00;0.00;0.00;0.00;963.35;0.00;0.00;0.00;0.00;0.00;0.00;160.00;470.00;470.00;1927.34;1433.33;2876.68;1079.34;3333.69;3079.34;480.00;160.00;160.00;0.00;320.00;460.00;1701.00;0.00;0.00;0.00;310.00;0.00;0.00;0.00;0.00
1762063270.4943972;0.00;0.00;0.00;480.00;0.00;0.00;388.00;291.00;529.34;1252.69;677.34;0.00;0.00;0.00;0.00;0.00;963.35;0.00;0.00;0.00;0.00;0.00;0.00;160.00;470.00;470.00;1927.34;1433.33;2876.68;1079.34;3333.69;3079.34;480.00;160.00;160.00;0.00;320.00;460.00;1701.00;0.00;0.00;0.00;310.00;0.00;0.00;0.00;0.00
1762063270.5495324;0.00;0.00;0.00;480.00;0.00;0.00;388.00;291.00;674.01;1252.69;677.34;0.00;0.00;0.00;0.00;0.00;963.35;0.00;0.00;0.00;0.00;0.00;0.00;160.00;470.00;470.00;1927.34;1433.33;3106.68;1159.34;3398.36;3239.34;480.00;160.00;160.00;0.00;630.00;684.67;1701.00;0.00;0.00;0.00;310.00;0.00;0.00;0.00;0.00
1762063270.5499642;0.00;0.00;0.00;480.00;0.00;0.00;388.00;291.00;674.01;1252.69;677.34;0.00;0.00;0.00;0.00;0.00;963.35;0.00;0.00;0.00;0.00;0.00;0.00;160.00;470.00;470.00;1927.34;1433.33;3106.68;1159.34;3398.36;3239.34;480.00;160.00;160.00;0.00;630.00;684.67;1701.00;0.00;0.00;0.00;310.00;0.00;0.00;0.00;0.00
1762063270.5967631;0.00;0.00;0.00;480.00;0.00;0.00;388.00;291.00;818.68;1252.69;677.34;0.00;0.00;0.00;0.00;0.00;963.35;0.00;0.00;0.00;0.00;0.00;0.00;160.00;470.00;470.00;2397.34;1593.33;3171.35;1224.01;3478.36;3319.34;480.00;160.00;160.00;0.00;630.00;684.67;1701.00;0.00;0.00;0.00;534.67;0.00;0.00;0.00;0.00
1762063270.597229;0.00;0.00;0.00;480.00;0.00;0.00;388.00;291.00;818.68;1252.69;677.34;0.00;0.00;0.00;0.00;0.00;963.35;0.00;0.00;0.00;0.00;0.00;0.00;160.00;470.00;470.00;2397.34;1593.33;3171.35;1224.01;3478.36;3319.34;480.00;160.00;160.00;0.00;630.00;684.67;1701.00;0.00;0.00;0.00;534.67;0.00;0.00;0.00;0.00
1762063270.6539516;0.00;0.00;0.00;480.00;0.00;0.00;388.00;291.00;1058.68;1252.69;677.34;0.00;0.00;0.00;0.00;0.00;963.35;0.00;0.00;0.00;0.00;0.00;0.00;160.00;470.00;470.00;2397.34;1593.33;3171.35;1224.01;3718.36;3559.34;480.00;160.00;160.00;0.00;940.00;1004.67;1701.00;0.00;0.00;0.00;534.67;0.00;0.00;0.00;0.00
1762063270.6544008;0.00;0.00;0.00;480.00;0.00;0.00;388.00;291.00;1058.68;1252.69;677.34;0.00;0.00;0.00;0.00;0.00;963.35;0.00;0.00;0.00;0.00;0.00;0.00;160.00;470.00;470.00;2397.34;1593.33;3171.35;1224.01;3718.36;3559.34;480.00;160.00;160.00;0.00;940.00;1004.67;1701.00;0.00;0.00;0.00;534.67;0.00;0.00;0.00;0.00
1762063270.7008848;0.00;0.00;0.00;480.00;0.00;0.00;388.00;291.00;1298.68;1252.69;677.34;0.00;0.00;0.00;0.00;0.00;963.35;0.00;0.00;0.00;0.00;0.00;0.00;160.00;470.00;470.00;2397.34;1593.33;3171.35;1304.01;3878.36;3719.34;800.00;480.00;160.00;230.00;1250.00;1004.67;1701.00;0.00;0.00;0.00;534.67;0.00;0.00;0.00;0.00
1762063270.7013273;0.00;0.00;0.00;480.00;0.00;0.00;388.00;291.00;1298.68;1252.69;677.34;0.00;0.00;0.00;0.00;0.00;963.35;0.00;0.00;0.00;0.00;0.00;0.00;160.00;470.00;470.00;2397.34;1593.33;3171.35;1304.01;3878.36;3719.34;800.00;480.00;160.00;230.00;1250.00;1004.67;1701.00;0.00;0.00;0.00;534.67;0.00;0.00;0.00;0.00
1762063272.5582666;0.00;144.67;0.00;480.00;0.00;0.00;388.00;194.00;1298.68;1252.69;677.34;0.00;0.00;0.00;0.00;0.00;674.01;0.00;0.00;0.00;0.00;0.00;0.00;160.00;470.00;470.00;2397.34;1593.33;2432.01;1464.01;4038.36;3799.34;800.00;480.00;160.00;230.00;1250.00;1004.67;1701.00;0.00;0.00;0.00;534.67;0.00;0.00;0.00;0.00
1762063272.558721;0.00;144.67;0.00;480.00;0.00;0.00;388.00;194.00;1298.68;1252.69;677.34;0.00;0.00;0.00;0.00;0.00;674.01;0.00;0.00;0.00;0.00;0.00;0.00;160.00;470.00;470.00;2397.34;1593.33;2432.01;1464.01;4038.36;3799.34;800.00;480.00;160.00;230.00;1250.00;1004.67;1701.00;0.00;0.00;0.00;534.67;0.00;0.00;0.00;0.00
1762063272.599359;0.00;384.67;0.00;480.00;0.00;0.00;388.00;194.00;1298.68;1252.69;677.34;0.00;0.00;0.00;0.00;0.00;674.01;0.00;0.00;0.00;0.00;0.00;0.00;160.00;470.00;470.00;2397.34;1593.33;2432.01;1624.01;4198.36;3879.34;800.00;480.00;160.00;230.00;1250.00;1004.67;1701.00;0.00;0.00;0.00;534.67;0.00;0.00;0.00;0.00
1762063272.5998096;0.00;384.67;0.00;480.00;0.00;0.00;388.00;194.00;1298.68;1252.69;677.34;0.00;0.00;0.00;0.00;0.00;674.01;0.00;0.00;0.00;0.00;0.00;0.00;160.00;470.00;470.00;2397.34;1593.33;2432.01;1624.01;4198.36;3879.34;800.00;480.00;160.00;230.00;1250.00;1004.67;1701.00;0.00;0.00;0.00;534.67;0.00;0.00;0.00;0.00
1762063272.6614192;0.00;384.67;0.00;480.00;0.00;0.00;388.00;194.00;1298.68;1252.69;677.34;0.00;0.00;0.00;0.00;0.00;674.01;0.00;0.00;0.00;240.00;0.00;0.00;160.00;470.00;470.00;2397.34;1593.33;2742.01;1854.01;4198.36;3879.34;800.00;480.00;160.00;230.00;1250.00;1004.67;1701.00;0.00;0.00;0.00;534.67;0.00;0.00;0.00;0.00
1762063272.661846;0.00;384.67;0.00;480.00;0.00;0.00;388.00;194.00;1298.68;1252.69;677.34;0.00;0.00;0.00;0.00;0.00;674.01;0.00;0.00;0.00;240.00;0.00;0.00;160.00;470.00;470.00;2397.34;1593.33;2742.01;1854.01;4198.36;3879.34;800.00;480.00;160.00;230.00;1250.00;1004.67;1701.00;0.00;0.00;0.00;534.67;0.00;0.00;0.00;0.00
1762063286.451879;0.00;384.67;0.00;480.00;0.00;0.00;388.00;0.00;1058.68;963.35;677.34;0.00;0.00;0.00;0.00;0.00;674.01;0.00;144.67;0.00;0.00;0.00;0.00;160.00;470.00;470.00;2237.34;1433.33;1962.01;1414.67;3343.69;2949.34;944.67;480.00;160.00;230.00;1480.00;544.67;1251.67;0.00;0.00;0.00;534.67;0.00;0.00;0.00;0.00
1762063286.452322;0.00;384.67;0.00;480.00;0.00;0.00;388.00;0.00;1058.68;963.35;677.34;0.00;0.00;0.00;0.00;0.00;674.01;0.00;144.67;0.00;0.00;0.00;0.00;160.00;470.00;470.00;2237.34;1433.33;1962.01;1414.67;3343.69;2949.34;944.67;480.00;160.00;230.00;1480.00;544.67;1251.67;0.00;0.00;0.00;534.67;0.00;0.00;0.00;0.00
1762063286.5044243;0.00;384.67;0.00;480.00;0.00;0.00;388.00;0.00;1058.68;963.35;677.34;0.00;0.00;0.00;0.00;0.00;674.01;0.00;289.34;0.00;0.00;0.00;0.00;160.00;470.00;470.00;2237.34;1433.33;1962.01;1414.67;3493.69;3029.34;1089.34;480.00;160.00;230.00;1480.00;544.67;1251.67;0.00;0.00;0.00;534.67;0.00;0.00;0.00;0.00
1762063286.5048878;0.00;384.67;0.00;480.00;0.00;0.00;388.00;0.00;1058.68;963.35;677.34;0.00;0.00;0.00;0.00;0.00;674.01;0.00;289.34;0.00;0.00;0.00;0.00;160.00;470.00;470.00;2237.34;1433.33;1962.01;1414.67;3493.69;3029.34;1089.34;480.00;160.00;230.00;1480.00;544.67;1251.67;0.00;0.00;0.00;534.67;0.00;0.00;0.00;0.00
1762063286.5466843;0.00;384.67;0.00;480.00;0.00;0.00;388.00;0.00;1058.68;963.35;677.34;0.00;0.00;0.00;0.00;0.00;674.01;0.00;434.01;0.00;0.00;0.00;0.00;160.00;470.00;470.00;2237.34;1433.33;1962.01;1414.67;3643.69;3419.34;1234.01;480.00;160.00;230.00;1800.00;544.67;1251.67;0.00;0.00;0.00;534.67;0.00;0.00;0.00;0.00
1762063286.547123;0.00;384.67;0.00;480.00;0.00;0.00;388.00;0.00;1058.68;963.35;677.34;0.00;0.00;0.00;0.00;0.00;674.01;0.00;434.01;0.00;0.00;0.00;0.00;160.00;470.00;470.00;2237.34;1433.33;1962.01;1414.67;3643.69;3419.34;1234.01;480.00;160.00;230.00;1800.00;544.67;1251.67;0.00;0.00;0.00;534.67;0.00;0.00;0.00;0.00
1762063286.590366;0.00;384.67;0.00;480.00;0.00;0.00;388.00;0.00;1058.68;963.35;677.34;0.00;0.00;0.00;0.00;0.00;674.01;0.00;578.68;0.00;0.00;0.00;0.00;160.00;470.00;470.00;2237.34;1433.33;1962.01;1724.67;3883.69;3564.01;1378.68;480.00;160.00;230.00;1800.00;544.67;1251.67;0.00;0.00;0.00;534.67;0.00;0.00;0.00;0.00
1762063286.5907936;0.00;384.67;0.00;480.00;0.00;0.00;388.00;0.00;1058.68;963.35;677.34;0.00;0.00;0.00;0.00;0.00;674.01;0.00;578.68;0.00;0.00;0.00;0.00;160.00;470.00;470.00;2237.34;1433.33;1962.01;1724.67;3883.69;3564.01;1378.68;480.00;160.00;230.00;1800.00;544.67;1251.67;0.00;0.00;0.00;534.67;0.00;0.00;0.00;0.00
1762063286.6355448;0.00;384.67;0.00;480.00;0.00;0.00;388.00;0.00;1058.68;963.35;677.34;0.00;0.00;0.00;0.00;0.00;674.01;0.00;723.35;0.00;0.00;0.00;0.00;160.00;470.00;470.00;2237.34;1433.33;1962.01;1884.67;4043.69;3724.01;1523.35;480.00;160.00;230.00;2254.67;544.67;1571.67;0.00;0.00;0.00;534.67;0.00;0.00;0.00;0.00
1762063286.635973;0.00;384.67;0.00;480.00;0.00;0.00;388.00;0.00;1058.68;963.35;677.34;0.00;0.00;0.00;0.00;0.00;674.01;0.00;723.35;0.00;0.00;0.00;0.00;160.00;470.00;470.00;2237.34;1433.33;1962.01;1884.67;4043.69;3724.01;1523.35;480.00;160.00;230.00;2254.67;544.67;1571.67;0.00;0.00;0.00;534.67;0.00;0.00;0.00;0.00
1762063286.6823938;0.00;384.67;0.00;480.00;0.00;0.00;388.00;0.00;1058.68;963.35;677.34;0.00;0.00;0.00;0.00;0.00;674.01;0.00;963.35;0.00;0.00;0.00;0.00;160.00;470.00;470.00;2237.34;1433.33;1962.01;1884.67;4043.69;3954.01;1753.35;480.00;160.00;230.00;2254.67;774.67;1571.67;0.00;0.00;0.00;534.67;0.00;0.00;0.00;0.00
1762063286.682833;0.00;384.67;0.00;480.00;0.00;0.00;388.00;0.00;1058.68;963.35;677.34;0.00;0.00;0.00;0.00;0.00;674.01;0.00;963.35;0.00;0.00;0.00;0.00;160.00;470.00;470.00;2237.34;1433.33;1962.01;1884.67;4043.69;3954.01;1753.35;480.00;160.00;230.00;2254.67;774.67;1571.67;0.00;0.00;0.00;534.67;0.00;0.00;0.00;0.00
1762063287.7801173;0.00;384.67;0.00;480.00;0.00;0.00;388.00;144.67;1058.68;818.68;677.34;0.00;0.00;0.00;0.00;0.00;384.67;0.00;963.35;0.00;0.00;0.00;0.00;160.00;470.00;470.00;2077.34;1273.33;1372.67;2029.34;3899.02;3654.01;1753.35;480.00;160.00;230.00;2254.67;774.67;1571.67;0.00;0.00;0.00;534.67;0.00;0.00;0.00;0.00
1762063287.7805827;0.00;384.67;0.00;480.00;0.00;0.00;388.00;144.67;1058.68;818.68;677.34;0.00;0.00;0.00;0.00;0.00;384.67;0.00;963.35;0.00;0.00;0.00;0.00;160.00;470.00;470.00;2077.34;1273.33;1372.67;2029.34;3899.02;3654.01;1753.35;480.00;160.00;230.00;2254.67;774.67;1571.67;0.00;0.00;0.00;534.67;0.00;0.00;0.00;0.00
1762063287.8248246;0.00;384.67;0.00;480.00;0.00;0.00;388.00;144.67;1058.68;818.68;677.34;0.00;0.00;0.00;0.00;240.00;384.67;0.00;963.35;0.00;0.00;0.00;0.00;160.00;470.00;470.00;2227.34;1353.33;1522.67;2029.34;3899.02;3654.01;1753.35;480.00;160.00;230.00;2254.67;774.67;1571.67;0.00;0.00;0.00;534.67;0.00;0.00;0.00;0.00
1762063287.82527;0.00;384.67;0.00;480.00;0.00;0.00;388.00;144.67;1058.68;818.68;677.34;0.00;0.00;0.00;0.00;240.00;384.67;0.00;963.35;0.00;0.00;0.00;0.00;160.00;470.00;470.00;2227.34;1353.33;1522.67;2029.34;3899.02;3654.01;1753.35;480.00;160.00;230.00;2254.67;774.67;1571.67;0.00;0.00;0.00;534.67;0.00;0.00;0.00;0.00
1762063287.8700478;0.00;384.67;0.00;480.00;0.00;0.00;388.00;144.67;1058.68;818.68;677.34;0.00;0.00;0.00;0.00;480.00;384.67;0.00;963.35;0.00;0.00;0.00;0.00;160.00;470.00;470.00;2377.34;1433.33;1672.67;2029.34;3899.02;3654.01;1753.35;480.00;160.00;230.00;2254.67;774.67;1571.67;0.00;0.00;0.00;534.67;0.00;0.00;0.00;0.00
1762063287.8704915;0.00;384.67;0.00;480.00;0.00;0.00;388.00;144.67;1058.68;818.68;677.34;0.00;0.00;0.00;0.00;480.00;384.67;0.00;963.35;0.00;0.00;0.00;0.00;160.00;470.00;470.00;2377.34;1433.33;1672.67;2029.34;3899.02;3654.01;1753.35;480.00;160.00;230.00;2254.67;774.67;1571.67;0.00;0.00;0.00;534.67;0.00;0.00;0.00;0.00
1762063292.6067145;0.00;144.67;0.00;480.00;0.00;0.00;388.00;384.67;1058.68;578.68;677.34;0.00;0.00;0.00;0.00;480.00;384.67;0.00;963.35;0.00;0.00;0.00;0.00;160.00;470.00;470.00;2217.34;1273.33;1512.67;1949.34;3659.02;3424.01;1753.35;480.00;160.00;230.00;2254.67;774.67;1571.67;0.00;0.00;0.00;534.67;0.00;0.00;0.00;0.00
1762063292.6071634;0.00;144.67;0.00;480.00;0.00;0.00;388.00;384.67;1058.68;578.68;677.34;0.00;0.00;0.00;0.00;480.00;384.67;0.00;963.35;0.00;0.00;0.00;0.00;160.00;470.00;470.00;2217.34;1273.33;1512.67;1949.34;3659.02;3424.01;1753.35;480.00;160.00;230.00;2254.67;774.67;1571.67;0.00;0.00;0.00;534.67;0.00;0.00;0.00;0.00
1762063292.649011;0.00;144.67;0.00;480.00;0.00;240.00;388.00;384.67;1058.68;578.68;677.34;0.00;0.00;0.00;0.00;480.00;384.67;0.00;963.35;0.00;0.00;0.00;0.00;240.00;620.00;620.00;2217.34;1273.33;1512.67;1949.34;3809.02;3504.01;1833.35;560.00;240.00;230.00;2254.67;1084.67;1571.67;0.00;0.00;0.00;534.67;0.00;0.00;0.00;0.00
1762063292.6494682;0.00;144.67;0.00;480.00;0.00;240.00;388.00;384.67;1058.68;578.68;677.34;0.00;0.00;0.00;0.00;480.00;384.67;0.00;963.35;0.00;0.00;0.00;0.00;240.00;620.00;620.00;2217.34;1273.33;1512.67;1949.34;3809.02;3504.01;1833.35;560.00;240.00;230.00;2254.67;1084.67;1571.67;0.00;0.00;0.00;534.67;0.00;0.00;0.00;0.00
1762063297.6135786;0.00;144.67;0.00;480.00;0.00;240.00;388.00;384.67;1298.68;289.34;677.34;0.00;0.00;0.00;0.00;480.00;384.67;0.00;963.35;0.00;0.00;0.00;0.00;240.00;850.00;850.00;2217.34;1273.33;1512.67;1949.34;3609.68;3354.01;1833.35;560.00;240.00;230.00;2254.67;1084.67;1571.67;0.00;0.00;0.00;534.67;0.00;0.00;0.00;0.00
1762063297.6140132;0.00;144.67;0.00;480.00;0.00;240.00;388.00;384.67;1298.68;289.34;677.34;0.00;0.00;0.00;0.00;480.00;384.67;0.00;963.35;0.00;0.00;0.00;0.00;240.00;850.00;850.00;2217.34;1273.33;1512.67;1949.34;3609.68;3354.01;1833.35;560.00;240.00;230.00;2254.67;1084.67;1571.67;0.00;0.00;0.00;534.67;0.00;0.00;0.00;0.00
1762063297.6540067;0.00;144.67;0.00;480.00;0.00;240.00;388.00;624.67;1298.68;289.34;677.34;0.00;0.00;0.00;0.00;480.00;384.67;0.00;963.35;0.00;0.00;0.00;0.00;240.00;850.00;850.00;2297.34;1353.33;1592.67;2029.34;3769.68;3514.01;1833.35;560.00;240.00;230.00;2254.67;1084.67;1571.67;0.00;0.00;0.00;534.67;0.00;0.00;0.00;0.00
1762063297.6544309;0.00;144.67;0.00;480.00;0.00;240.00;388.00;624.67;1298.68;289.34;677.34;0.00;0.00;0.00;0.00;480.00;384.67;0.00;963.35;0.00;0.00;0.00;0.00;240.00;850.00;850.00;2297.34;1353.33;1592.67;2029.34;3769.68;3514.01;1833.35;560.00;240.00;230.00;2254.67;1084.67;1571.67;0.00;0.00;0.00;534.67;0.00;0.00;0.00;0.00
1762063302.4965687;0.00;144.67;0.00;480.00;0.00;240.00;388.00;624.67;1298.68;289.34;677.34;0.00;0.00;0.00;0.00;480.00;384.67;0.00;963.35;0.00;0.00;0.00;0.00;240.00;850.00;850.00;2297.34;1353.33;1592.67;2029.34;3769.68;3514.01;1833.35;560.00;240.00;230.00;2254.67;1084.67;1571.67;0.00;0.00;0.00;534.67;0.00;0.00;0.00;0.00
1762063302.497008;0.00;144.67;0.00;480.00;0.00;240.00;388.00;624.67;1298.68;289.34;677.34;0.00;0.00;0.00;0.00;480.00;384.67;0.00;963.35;0.00;0.00;0.00;0.00;240.00;850.00;850.00;2297.34;1353.33;1592.67;2029.34;3769.68;3514.01;1833.35;560.00;240.00;230.00;2254.67;1084.67;1571.67;0.00;0.00;0.00;534.67;0.00;0.00;0.00;0.00
1762063302.5579715;0.00;144.67;0.00;480.00;0.00;240.00;388.00;624.67;1298.68;289.34;677.34;0.00;0.00;0.00;0.00;480.00;384.67;0.00;963.35;0.00;0.00;0.00;0.00;240.00;850.00;850.00;2297.34;1353.33;1592.67;2029.34;3769.68;3514.01;1833.35;560.00;240.00;230.00;2254.67;1084.67;1571.67;0.00;0.00;0.00;534.67;0.00;0.00;0.00;0.00
1762063302.5583851;0.00;144.67;0.00;480.00;0.00;240.00;388.00;624.67;1298.68;289.34;677.34;0.00;0.00;0.00;0.00;480.00;384.67;0.00;963.35;0.00;0.00;0.00;0.00;240.00;850.00;850.00;2297.34;1353.33;1592.67;2029.34;3769.68;3514.01;1833.35;560.00;240.00;230.00;2254.67;1084.67;1571.67;0.00;0.00;0.00;534.67;0.00;0.00;0.00;0.00
1762063302.7782354;0.00;144.67;0.00;480.00;0.00;240.00;388.00;624.67;1298.68;289.34;677.34;0.00;0.00;0.00;0.00;480.00;384.67;0.00;963.35;0.00;0.00;0.00;0.00;240.00;850.00;850.00;2297.34;1353.33;1592.67;2029.34;3769.68;3514.01;1833.35;560.00;240.00;230.00;2254.67;1084.67;1571.67;0.00;0.00;0.00;534.67;0.00;0.00;0.00;0.00
1762063302.7786884;0.00;144.67;0.00;480.00;0.00;240.00;388.00;624.67;1298.68;289.34;677.34;0.00;0.00;0.00;0.00;480.00;384.67;0.00;963.35;0.00;0.00;0.00;0.00;240.00;850.00;850.00;2297.34;1353.33;1592.67;2029.34;3769.68;3514.01;1833.35;560.00;240.00;230.00;2254.67;1084.67;1571.67;0.00;0.00;0.00;534.67;0.00;0.00;0.00;0.00
1762063302.8382013;0.00;144.67;0.00;480.00;0.00;240.00;388.00;624.67;1298.68;289.34;677.34;0.00;0.00;0.00;0.00;480.00;384.67;0.00;963.35;0.00;0.00;0.00;0.00;240.00;850.00;850.00;2297.34;1353.33;1592.67;2029.34;3769.68;3514.01;1833.35;560.00;240.00;230.00;2254.67;1084.67;1571.67;0.00;0.00;0.00;534.67;0.00;0.00;0.00;0.00
1762063302.8386428;0.00;144.67;0.00;480.00;0.00;240.00;388.00;624.67;1298.68;289.34;677.34;0.00;0.00;0.00;0.00;480.00;384.67;0.00;963.35;0.00;0.00;0.00;0.00;240.00;850.00;850.00;2297.34;1353.33;1592.67;2029.34;3769.68;3514.01;1833.35;560.00;240.00;230.00;2254.67;1084.67;1571.67;0.00;0.00;0.00;534.67;0.00;0.00;0.00;0.00
1762063302.8979893;0.00;144.67;0.00;480.00;0.00;240.00;388.00;624.67;1298.68;289.34;677.34;0.00;0.00;0.00;0.00;480.00;384.67;0.00;963.35;0.00;0.00;0.00;0.00;240.00;850.00;850.00;2297.34;1353.33;1592.67;2029.34;3769.68;3514.01;1833.35;560.00;240.00;230.00;2254.67;1084.67;1571.67;0.00;0.00;0.00;534.67;0.00;0.00;0.00;0.00
1762063302.8984394;0.00;144.67;0.00;480.00;0.00;240.00;388.00;624.67;1298.68;289.34;677.34;0.00;0.00;0.00;0.00;480.00;384.67;0.00;963.35;0.00;0.00;0.00;0.00;240.00;850.00;850.00;2297.34;1353.33;1592.67;2029.34;3769.68;3514.01;1833.35;560.00;240.00;230.00;2254.67;1084.67;1571.67;0.00;0.00;0.00;534.67;0.00;0.00;0.00;0.00
1762063302.9522758;0.00;144.67;0.00;480.00;0.00;240.00;388.00;624.67;1298.68;289.34;677.34;0.00;0.00;0.00;0.00;480.00;384.67;0.00;963.35;0.00;0.00;0.00;0.00;240.00;850.00;850.00;2297.34;1353.33;1592.67;2029.34;3769.68;3514.01;1833.35;560.00;240.00;230.00;2254.67;1084.67;1571.67;0.00;0.00;0.00;534.67;0.00;0.00;0.00;0.00
1762063302.952783;0.00;144.67;0.00;480.00;0.00;240.00;388.00;624.67;1298.68;289.34;677.34;0.00;0.00;0.00;0.00;480.00;384.67;0.00;963.35;0.00;0.00;0.00;0.00;240.00;850.00;850.00;2297.34;1353.33;1592.67;2029.34;3769.68;3514.01;1833.35;560.00;240.00;230.00;2254.67;1084.67;1571.67;0.00;0.00;0.00;534.67;0.00;0.00;0.00;0.00
1762063303.0378387;0.00;144.67;0.00;0.00;0.00;240.00;388.00;624.67;1298.68;289.34;580.34;0.00;0.00;0.00;0.00;480.00;240.00;144.67;963.35;0.00;0.00;0.00;0.00;80.00;690.00;834.67;2130.34;1401.00;1495.67;1799.34;3449.68;3194.01;1353.35;400.00;80.00;230.00;2254.67;1084.67;1341.67;0.00;0.00;0.00;534.67;0.00;0.00;0.00;0.00
1762063303.0382767;0.00;144.67;0.00;0.00;0.00;240.00;388.00;624.67;1298.68;289.34;580.34;0.00;0.00;0.00;0.00;480.00;240.00;144.67;963.35;0.00;0.00;0.00;0.00;80.00;690.00;834.67;2130.34;1401.00;1495.67;1799.34;3449.68;3194.01;1353.35;400.00;80.00;230.00;2254.67;1084.67;1341.67;0.00;0.00;0.00;534.67;0.00;0.00;0.00;0.00
1762063303.0834913;0.00;289.34;0.00;0.00;0.00;240.00;388.00;624.67;1298.68;289.34;580.34;0.00;0.00;0.00;0.00;480.00;240.00;144.67;963.35;0.00;0.00;0.00;0.00;80.00;690.00;834.67;2130.34;1401.00;1495.67;2109.34;3594.35;3194.01;1353.35;400.00;80.00;230.00;2254.67;1084.67;1341.67;0.00;0.00;0.00;534.67;0.00;0.00;0.00;0.00
1762063303.083926;0.00;289.34;0.00;0.00;0.00;240.00;388.00;624.67;1298.68;289.34;580.34;0.00;0.00;0.00;0.00;480.00;240.00;144.67;963.35;0.00;0.00;0.00;0.00;80.00;690.00;834.67;2130.34;1401.00;1495.67;2109.34;3594.35;3194.01;1353.35;400.00;80.00;230.00;2254.67;1084.67;1341.67;0.00;0.00;0.00;534.67;0.00;0.00;0.00;0.00
1762063303.1354387;0.00;289.34;0.00;0.00;0.00;240.00;532.67;624.67;1298.68;289.34;580.34;0.00;0.00;0.00;0.00;480.00;240.00;144.67;963.35;0.00;0.00;0.00;0.00;80.00;690.00;834.67;2130.34;1401.00;1805.67;2269.34;3659.02;3344.01;1353.35;400.00;80.00;230.00;2254.67;1084.67;1566.34;0.00;0.00;0.00;534.67;0.00;0.00;0.00;0.00
1762063303.1358657;0.00;289.34;0.00;0.00;0.00;240.00;532.67;624.67;1298.68;289.34;580.34;0.00;0.00;0.00;0.00;480.00;240.00;144.67;963.35;0.00;0.00;0.00;0.00;80.00;690.00;834.67;2130.34;1401.00;1805.67;2269.34;3659.02;3344.01;1353.35;400.00;80.00;230.00;2254.67;1084.67;1566.34;0.00;0.00;0.00;534.67;0.00;0.00;0.00;0.00
1762063303.1786509;0.00;289.34;0.00;0.00;0.00;240.00;772.67;624.67;1298.68;289.34;580.34;0.00;0.00;0.00;0.00;480.00;240.00;144.67;963.35;0.00;0.00;0.00;0.00;80.00;690.00;834.67;2130.34;1401.00;1805.67;2269.34;3809.02;3494.01;1353.35;400.00;80.00;230.00;2254.67;1084.67;1566.34;0.00;0.00;0.00;534.67;0.00;0.00;0.00;0.00
1762063303.1790702;0.00;289.34;0.00;0.00;0.00;240.00;772.67;624.67;1298.68;289.34;580.34;0.00;0.00;0.00;0.00;480.00;240.00;144.67;963.35;0.00;0.00;0.00;0.00;80.00;690.00;834.67;2130.34;1401.00;1805.67;2269.34;3809.02;3494.01;1353.35;400.00;80.00;230.00;2254.67;1084.67;1566.34;0.00;0.00;0.00;534.67;0.00;0.00;0.00;0.00
1762063308.025719;0.00;144.67;0.00;0.00;0.00;240.00;772.67;624.67;1298.68;289.34;338.67;0.00;0.00;0.00;0.00;480.00;240.00;289.34;963.35;0.00;0.00;0.00;0.00;80.00;690.00;979.34;1818.67;1224.00;1558.67;1949.34;3649.02;3414.01;1353.35;400.00;80.00;230.00;2254.67;1084.67;1566.34;0.00;0.00;0.00;224.67;0.00;0.00;0.00;0.00
1762063308.0262089;0.00;144.67;0.00;0.00;0.00;240.00;772.67;624.67;1298.68;289.34;338.67;0.00;0.00;0.00;0.00;480.00;240.00;289.34;963.35;0.00;0.00;0.00;0.00;80.00;690.00;979.34;1818.67;1224.00;1558.67;1949.34;3649.02;3414.01;1353.35;400.00;80.00;230.00;2254.67;1084.67;1566.34;0.00;0.00;0.00;224.67;0.00;0.00;0.00;0.00
1762063308.2201357;0.00;144.67;0.00;0.00;0.00;240.00;772.67;624.67;1298.68;289.34;338.67;0.00;0.00;0.00;0.00;480.00;240.00;434.01;963.35;0.00;0.00;0.00;0.00;80.00;690.00;1124.01;2058.67;1464.00;1868.67;1949.34;3649.02;3414.01;1353.35;400.00;80.00;230.00;2254.67;1084.67;1566.34;0.00;0.00;0.00;224.67;0.00;0.00;0.00;0.00
1762063308.2205765;0.00;144.67;0.00;0.00;0.00;240.00;772.67;624.67;1298.68;289.34;338.67;0.00;0.00;0.00;0.00;480.00;240.00;434.01;963.35;0.00;0.00;0.00;0.00;80.00;690.00;1124.01;2058.67;1464.00;1868.67;1949.34;3649.02;3414.01;1353.35;400.00;80.00;230.00;2254.67;1084.67;1566.34;0.00;0.00;0.00;224.67;0.00;0.00;0.00;0.00
1762063308.2604349;0.00;144.67;0.00;0.00;0.00;480.00;772.67;624.67;1298.68;289.34;338.67;0.00;0.00;0.00;0.00;480.00;240.00;434.01;963.35;0.00;0.00;0.00;0.00;80.00;690.00;1124.01;2058.67;1464.00;1868.67;2099.34;3809.02;3494.01;1353.35;400.00;80.00;230.00;2254.67;1084.67;1566.34;0.00;0.00;0.00;224.67;0.00;0.00;0.00;0.00
1762063308.26087;0.00;144.67;0.00;0.00;0.00;480.00;772.67;624.67;1298.68;289.34;338.67;0.00;0.00;0.00;0.00;480.00;240.00;434.01;963.35;0.00;0.00;0.00;0.00;80.00;690.00;1124.01;2058.67;1464.00;1868.67;2099.34;3809.02;3494.01;1353.35;400.00;80.00;230.00;2254.67;1084.67;1566.34;0.00;0.00;0.00;224.67;0.00;0.00;0.00;0.00
1762063318.062973;0.00;144.67;0.00;0.00;0.00;480.00;0.00;624.67;1298.68;289.34;241.67;0.00;0.00;0.00;0.00;480.00;240.00;531.01;963.35;0.00;0.00;0.00;0.00;80.00;690.00;1221.01;2106.34;1511.67;1676.34;1939.34;2913.35;2979.34;1353.35;400.00;80.00;230.00;2254.67;1084.67;544.67;0.00;0.00;0.00;224.67;0.00;0.00;0.00;0.00
1762063318.063703;0.00;144.67;0.00;0.00;0.00;480.00;0.00;624.67;1298.68;289.34;241.67;0.00;0.00;0.00;0.00;480.00;240.00;531.01;963.35;0.00;0.00;0.00;0.00;80.00;690.00;1221.01;2106.34;1511.67;1676.34;1939.34;2913.35;2979.34;1353.35;400.00;80.00;230.00;2254.67;1084.67;544.67;0.00;0.00;0.00;224.67;0.00;0.00;0.00;0.00
1762063323.0495553;0.00;144.67;0.00;0.00;0.00;480.00;0.00;624.67;1298.68;289.34;97.00;0.00;0.00;0.00;0.00;480.00;240.00;628.01;963.35;0.00;0.00;0.00;0.00;80.00;380.00;1008.01;1796.34;1751.67;2136.34;1939.34;2913.35;2979.34;1353.35;400.00;80.00;230.00;2254.67;1084.67;544.67;0.00;0.00;0.00;224.67;0.00;0.00;0.00;0.00
1762063323.0499747;0.00;144.67;0.00;0.00;0.00;480.00;0.00;624.67;1298.68;289.34;97.00;0.00;0.00;0.00;0.00;480.00;240.00;628.01;963.35;0.00;0.00;0.00;0.00;80.00;380.00;1008.01;1796.34;1751.67;2136.34;1939.34;2913.35;2979.34;1353.35;400.00;80.00;230.00;2254.67;1084.67;544.67;0.00;0.00;0.00;224.67;0.00;0.00;0.00;0.00
1762063325.500852;0.00;144.67;0.00;0.00;0.00;480.00;0.00;624.67;1298.68;289.34;97.00;0.00;0.00;0.00;0.00;480.00;384.67;628.01;963.35;0.00;0.00;0.00;0.00;80.00;380.00;1008.01;1796.34;1751.67;2281.01;2179.34;3073.35;3139.34;1353.35;400.00;80.00;230.00;2254.67;1084.67;774.67;0.00;0.00;0.00;224.67;0.00;0.00;0.00;0.00
1762063325.501579;0.00;144.67;0.00;0.00;0.00;480.00;0.00;624.67;1298.68;289.34;97.00;0.00;0.00;0.00;0.00;480.00;384.67;628.01;963.35;0.00;0.00;0.00;0.00;80.00;380.00;1008.01;1796.34;1751.67;2281.01;2179.34;3073.35;3139.34;1353.35;400.00;80.00;230.00;2254.67;1084.67;774.67;0.00;0.00;0.00;224.67;0.00;0.00;0.00;0.00
1762063325.5785172;0.00;144.67;0.00;0.00;0.00;480.00;0.00;624.67;1298.68;289.34;97.00;0.00;0.00;0.00;0.00;480.00;529.34;628.01;963.35;0.00;0.00;0.00;0.00;80.00;380.00;1008.01;1796.34;1751.67;2425.68;2419.34;3073.35;3139.34;1353.35;400.00;80.00;230.00;2254.67;1084.67;924.67;0.00;0.00;0.00;224.67;0.00;0.00;0.00;0.00
1762063325.5792458;0.00;144.67;0.00;0.00;0.00;480.00;0.00;624.67;1298.68;289.34;97.00;0.00;0.00;0.00;0.00;480.00;529.34;628.01;963.35;0.00;0.00;0.00;0.00;80.00;380.00;1008.01;1796.34;1751.67;2425.68;2419.34;3073.35;3139.34;1353.35;400.00;80.00;230.00;2254.67;1084.67;924.67;0.00;0.00;0.00;224.67;0.00;0.00;0.00;0.00
1762063325.6583226;0.00;144.67;0.00;0.00;0.00;480.00;0.00;624.67;1298.68;289.34;97.00;0.00;0.00;0.00;0.00;480.00;674.01;628.01;963.35;0.00;0.00;0.00;0.00;80.00;380.00;1008.01;1946.34;1831.67;2490.35;2484.01;3073.35;3139.34;1353.35;400.00;80.00;230.00;2254.67;1084.67;924.67;0.00;0.00;0.00;224.67;0.00;0.00;0.00;0.00
1762063325.659062;0.00;144.67;0.00;0.00;0.00;480.00;0.00;624.67;1298.68;289.34;97.00;0.00;0.00;0.00;0.00;480.00;674.01;628.01;963.35;0.00;0.00;0.00;0.00;80.00;380.00;1008.01;1946.34;1831.67;2490.35;2484.01;3073.35;3139.34;1353.35;400.00;80.00;230.00;2254.67;1084.67;924.67;0.00;0.00;0.00;224.67;0.00;0.00;0.00;0.00
1762063325.7347574;0.00;144.67;0.00;0.00;0.00;480.00;0.00;624.67;1298.68;289.34;97.00;0.00;0.00;0.00;0.00;480.00;818.68;628.01;963.35;0.00;0.00;0.00;0.00;80.00;380.00;1008.01;1946.34;1831.67;2635.02;2628.68;3073.35;3139.34;1353.35;400.00;80.00;230.00;2254.67;1084.67;1234.67;0.00;0.00;0.00;224.67;0.00;0.00;0.00;0.00
1762063325.7354949;0.00;144.67;0.00;0.00;0.00;480.00;0.00;624.67;1298.68;289.34;97.00;0.00;0.00;0.00;0.00;480.00;818.68;628.01;963.35;0.00;0.00;0.00;0.00;80.00;380.00;1008.01;1946.34;1831.67;2635.02;2628.68;3073.35;3139.34;1353.35;400.00;80.00;230.00;2254.67;1084.67;1234.67;0.00;0.00;0.00;224.67;0.00;0.00;0.00;0.00
1762063325.8151348;0.00;144.67;0.00;0.00;0.00;480.00;0.00;624.67;1298.68;289.34;97.00;0.00;0.00;0.00;0.00;480.00;963.35;628.01;963.35;0.00;0.00;0.00;0.00;390.00;690.00;1318.01;2106.34;1991.67;2715.02;2708.68;3073.35;3139.34;1353.35;400.00;80.00;230.00;2254.67;1084.67;1464.67;0.00;0.00;0.00;449.34;0.00;0.00;0.00;310.00
1762063325.8158603;0.00;144.67;0.00;0.00;0.00;480.00;0.00;624.67;1298.68;289.34;97.00;0.00;0.00;0.00;0.00;480.00;963.35;628.01;963.35;0.00;0.00;0.00;0.00;390.00;690.00;1318.01;2106.34;1991.67;2715.02;2708.68;3073.35;3139.34;1353.35;400.00;80.00;230.00;2254.67;1084.67;1464.67;0.00;0.00;0.00;449.34;0.00;0.00;0.00;310.00
1762063326.154706;0.00;144.67;0.00;0.00;0.00;480.00;0.00;624.67;1298.68;289.34;97.00;0.00;0.00;0.00;0.00;480.00;1203.35;628.01;963.35;0.00;0.00;0.00;0.00;550.00;850.00;1478.01;2266.34;2151.67;2795.02;2788.68;3073.35;3139.34;1503.35;560.00;240.00;230.00;2254.67;1084.67;1694.67;0.00;320.00;0.00;449.34;0.00;310.00;0.00;310.00
1762063326.1554592;0.00;144.67;0.00;0.00;0.00;480.00;0.00;624.67;1298.68;289.34;97.00;0.00;0.00;0.00;0.00;480.00;1203.35;628.01;963.35;0.00;0.00;0.00;0.00;550.00;850.00;1478.01;2266.34;2151.67;2795.02;2788.68;3073.35;3139.34;1503.35;560.00;240.00;230.00;2254.67;1084.67;1694.67;0.00;320.00;0.00;449.34;0.00;310.00;0.00;310.00
1762063328.0884318;0.00;144.67;0.00;0.00;0.00;480.00;0.00;624.67;1154.01;434.01;97.00;0.00;0.00;0.00;0.00;480.00;1203.35;628.01;963.35;0.00;0.00;0.00;0.00;550.00;850.00;1478.01;2266.34;2151.67;2795.02;2708.68;3238.68;3074.67;1503.35;560.00;240.00;230.00;2254.67;1084.67;1909.34;0.00;320.00;0.00;449.34;0.00;310.00;0.00;310.00
1762063328.0891788;0.00;144.67;0.00;0.00;0.00;480.00;0.00;624.67;1154.01;434.01;97.00;0.00;0.00;0.00;0.00;480.00;1203.35;628.01;963.35;0.00;0.00;0.00;0.00;550.00;850.00;1478.01;2266.34;2151.67;2795.02;2708.68;3238.68;3074.67;1503.35;560.00;240.00;230.00;2254.67;1084.67;1909.34;0.00;320.00;0.00;449.34;0.00;310.00;0.00;310.00
1762063338.1066246;0.00;0.00;0.00;0.00;0.00;0.00;0.00;624.67;769.34;531.01;97.00;0.00;0.00;0.00;0.00;0.00;963.35;628.01;963.35;0.00;0.00;0.00;0.00;470.00;470.00;1098.01;1806.34;1521.67;2035.02;2088.68;2559.34;2594.67;1423.35;480.00;160.00;230.00;1944.67;550.00;1909.34;0.00;320.00;0.00;449.34;0.00;310.00;0.00;310.00
1762063338.1073754;0.00;0.00;0.00;0.00;0.00;0.00;0.00;624.67;769.34;531.01;97.00;0.00;0.00;0.00;0.00;0.00;963.35;628.01;963.35;0.00;0.00;0.00;0.00;470.00;470.00;1098.01;1806.34;1521.67;2035.02;2088.68;2559.34;2594.67;1423.35;480.00;160.00;230.00;1944.67;550.00;1909.34;0.00;320.00;0.00;449.34;0.00;310.00;0.00;310.00
1762063338.175383;0.00;0.00;0.00;0.00;0.00;0.00;0.00;624.67;769.34;675.68;97.00;0.00;0.00;0.00;0.00;0.00;963.35;628.01;963.35;0.00;0.00;0.00;0.00;470.00;470.00;1098.01;1806.34;1521.67;2035.02;2168.68;2719.34;2754.67;1423.35;480.00;160.00;230.00;1944.67;550.00;1909.34;0.00;320.00;0.00;449.34;0.00;310.00;0.00;310.00
1762063338.176098;0.00;0.00;0.00;0.00;0.00;0.00;0.00;624.67;769.34;675.68;97.00;0.00;0.00;0.00;0.00;0.00;963.35;628.01;963.35;0.00;0.00;0.00;0.00;470.00;470.00;1098.01;1806.34;1521.67;2035.02;2168.68;2719.34;2754.67;1423.35;480.00;160.00;230.00;1944.67;550.00;1909.34;0.00;320.00;0.00;449.34;0.00;310.00;0.00;310.00
1762063343.1144373;0.00;0.00;0.00;0.00;0.00;0.00;0.00;624.67;529.34;820.35;97.00;0.00;0.00;0.00;0.00;0.00;963.35;628.01;963.35;0.00;0.00;0.00;0.00;470.00;470.00;1098.01;1806.34;1521.67;2345.02;2153.35;2639.34;2674.67;1103.35;160.00;160.00;0.00;1634.67;550.00;1909.34;0.00;320.00;0.00;449.34;0.00;310.00;0.00;310.00
1762063343.1151733;0.00;0.00;0.00;0.00;0.00;0.00;0.00;624.67;529.34;820.35;97.00;0.00;0.00;0.00;0.00;0.00;963.35;628.01;963.35;0.00;0.00;0.00;0.00;470.00;470.00;1098.01;1806.34;1521.67;2345.02;2153.35;2639.34;2674.67;1103.35;160.00;160.00;0.00;1634.67;550.00;1909.34;0.00;320.00;0.00;449.34;0.00;310.00;0.00;310.00
1762063348.1155899;0.00;0.00;0.00;0.00;0.00;0.00;0.00;624.67;529.34;675.68;97.00;0.00;0.00;0.00;0.00;0.00;963.35;628.01;963.35;0.00;144.67;0.00;0.00;470.00;470.00;1098.01;1806.34;1521.67;2885.02;2153.35;2344.67;2204.67;1103.35;160.00;160.00;0.00;1314.67;550.00;1909.34;0.00;320.00;0.00;449.34;0.00;310.00;0.00;310.00
1762063348.1160254;0.00;0.00;0.00;0.00;0.00;0.00;0.00;624.67;529.34;675.68;97.00;0.00;0.00;0.00;0.00;0.00;963.35;628.01;963.35;0.00;144.67;0.00;0.00;470.00;470.00;1098.01;1806.34;1521.67;2885.02;2153.35;2344.67;2204.67;1103.35;160.00;160.00;0.00;1314.67;550.00;1909.34;0.00;320.00;0.00;449.34;0.00;310.00;0.00;310.00
1762063350.5077045;0.00;0.00;0.00;0.00;0.00;0.00;0.00;624.67;529.34;675.68;0.00;0.00;0.00;0.00;0.00;0.00;963.35;0.00;963.35;97.00;144.67;0.00;0.00;470.00;470.00;470.00;1020.00;640.00;1653.35;1993.35;2344.67;2204.67;1103.35;160.00;160.00;0.00;1314.67;550.00;1909.34;0.00;320.00;0.00;449.34;0.00;310.00;0.00;310.00
1762063350.5081556;0.00;0.00;0.00;0.00;0.00;0.00;0.00;624.67;529.34;675.68;0.00;0.00;0.00;0.00;0.00;0.00;963.35;0.00;963.35;97.00;144.67;0.00;0.00;470.00;470.00;470.00;1020.00;640.00;1653.35;1993.35;2344.67;2204.67;1103.35;160.00;160.00;0.00;1314.67;550.00;1909.34;0.00;320.00;0.00;449.34;0.00;310.00;0.00;310.00
1762063350.5537817;0.00;0.00;0.00;0.00;0.00;0.00;0.00;624.67;529.34;675.68;0.00;0.00;0.00;0.00;0.00;0.00;963.35;0.00;963.35;194.00;144.67;0.00;0.00;470.00;470.00;470.00;1020.00;640.00;1653.35;1993.35;2344.67;2204.67;1103.35;160.00;160.00;0.00;1314.67;550.00;1909.34;0.00;320.00;0.00;449.34;0.00;310.00;0.00;310.00
1762063350.5542107;0.00;0.00;0.00;0.00;0.00;0.00;0.00;624.67;529.34;675.68;0.00;0.00;0.00;0.00;0.00;0.00;963.35;0.00;963.35;194.00;144.67;0.00;0.00;470.00;470.00;470.00;1020.00;640.00;1653.35;1993.35;2344.67;2204.67;1103.35;160.00;160.00;0.00;1314.67;550.00;1909.34;0.00;320.00;0.00;449.34;0.00;310.00;0.00;310.00
1762063350.6121564;0.00;0.00;0.00;0.00;0.00;0.00;0.00;624.67;529.34;675.68;0.00;0.00;0.00;0.00;0.00;0.00;963.35;0.00;963.35;291.00;144.67;0.00;0.00;470.00;470.00;470.00;1164.67;784.67;1798.02;1993.35;2344.67;2204.67;1103.35;160.00;160.00;0.00;1314.67;550.00;1909.34;0.00;320.00;0.00;449.34;0.00;310.00;0.00;310.00
1762063350.6125937;0.00;0.00;0.00;0.00;0.00;0.00;0.00;624.67;529.34;675.68;0.00;0.00;0.00;0.00;0.00;0.00;963.35;0.00;963.35;291.00;144.67;0.00;0.00;470.00;470.00;470.00;1164.67;784.67;1798.02;1993.35;2344.67;2204.67;1103.35;160.00;160.00;0.00;1314.67;550.00;1909.34;0.00;320.00;0.00;449.34;0.00;310.00;0.00;310.00
1762063350.6581268;0.00;0.00;0.00;0.00;0.00;0.00;0.00;624.67;529.34;675.68;0.00;0.00;0.00;0.00;0.00;0.00;963.35;0.00;963.35;388.00;144.67;0.00;0.00;470.00;470.00;470.00;1309.34;929.34;2038.02;1993.35;2344.67;2204.67;1103.35;160.00;160.00;0.00;1314.67;550.00;1909.34;0.00;320.00;0.00;449.34;0.00;310.00;0.00;310.00
1762063350.6585598;0.00;0.00;0.00;0.00;0.00;0.00;0.00;624.67;529.34;675.68;0.00;0.00;0.00;0.00;0.00;0.00;963.35;0.00;963.35;388.00;144.67;0.00;0.00;470.00;470.00;470.00;1309.34;929.34;2038.02;1993.35;2344.67;2204.67;1103.35;160.00;160.00;0.00;1314.67;550.00;1909.34;0.00;320.00;0.00;449.34;0.00;310.00;0.00;310.00
1762063350.8649662;0.00;0.00;0.00;0.00;0.00;0.00;0.00;624.67;529.34;675.68;0.00;0.00;0.00;0.00;0.00;0.00;963.35;0.00;963.35;485.00;144.67;0.00;0.00;470.00;470.00;470.00;1406.34;1026.34;2135.02;2153.35;2344.67;2204.67;1103.35;160.00;160.00;0.00;1314.67;550.00;1909.34;0.00;320.00;0.00;449.34;0.00;310.00;0.00;310.00
1762063350.865429;0.00;0.00;0.00;0.00;0.00;0.00;0.00;624.67;529.34;675.68;0.00;0.00;0.00;0.00;0.00;0.00;963.35;0.00;963.35;485.00;144.67;0.00;0.00;470.00;470.00;470.00;1406.34;1026.34;2135.02;2153.35;2344.67;2204.67;1103.35;160.00;160.00;0.00;1314.67;550.00;1909.34;0.00;320.00;0.00;449.34;0.00;310.00;0.00;310.00
1762063350.9354253;0.00;0.00;0.00;0.00;0.00;0.00;0.00;624.67;529.34;675.68;0.00;0.00;0.00;0.00;0.00;0.00;963.35;0.00;963.35;629.67;144.67;0.00;0.00;470.00;470.00;470.00;1551.01;1171.01;2589.69;2153.35;2344.67;2204.67;1103.35;160.00;160.00;0.00;1314.67;550.00;1909.34;0.00;320.00;0.00;449.34;0.00;310.00;0.00;310.00
1762063350.9358518;0.00;0.00;0.00;0.00;0.00;0.00;0.00;624.67;529.34;675.68;0.00;0.00;0.00;0.00;0.00;0.00;963.35;0.00;963.35;629.67;144.67;0.00;0.00;470.00;470.00;470.00;1551.01;1171.01;2589.69;2153.35;2344.67;2204.67;1103.35;160.00;160.00;0.00;1314.67;550.00;1909.34;0.00;320.00;0.00;449.34;0.00;310.00;0.00;310.00
1762063353.1177418;0.00;0.00;0.00;0.00;0.00;0.00;0.00;624.67;289.34;628.01;0.00;0.00;0.00;0.00;0.00;0.00;963.35;0.00;963.35;629.67;144.67;0.00;0.00;470.00;470.00;470.00;1701.01;1331.01;2749.69;2218.02;1944.67;1804.67;1103.35;160.00;160.00;0.00;1004.67;230.00;1797.00;0.00;320.00;0.00;449.34;0.00;310.00;0.00;310.00
1762063353.118169;0.00;0.00;0.00;0.00;0.00;0.00;0.00;624.67;289.34;628.01;0.00;0.00;0.00;0.00;0.00;0.00;963.35;0.00;963.35;629.67;144.67;0.00;0.00;470.00;470.00;470.00;1701.01;1331.01;2749.69;2218.02;1944.67;1804.67;1103.35;160.00;160.00;0.00;1004.67;230.00;1797.00;0.00;320.00;0.00;449.34;0.00;310.00;0.00;310.00
1762063353.158506;0.00;0.00;0.00;0.00;0.00;0.00;0.00;624.67;289.34;628.01;0.00;0.00;0.00;0.00;0.00;0.00;963.35;0.00;963.35;629.67;289.34;0.00;0.00;470.00;470.00;470.00;1851.01;1491.01;2909.69;2298.02;2024.67;1804.67;1103.35;160.00;160.00;224.67;1004.67;230.00;1797.00;0.00;630.00;0.00;449.34;0.00;310.00;0.00;310.00
1762063353.1589463;0.00;0.00;0.00;0.00;0.00;0.00;0.00;624.67;289.34;628.01;0.00;0.00;0.00;0.00;0.00;0.00;963.35;0.00;963.35;629.67;289.34;0.00;0.00;470.00;470.00;470.00;1851.01;1491.01;2909.69;2298.02;2024.67;1804.67;1103.35;160.00;160.00;224.67;1004.67;230.00;1797.00;0.00;630.00;0.00;449.34;0.00;310.00;0.00;310.00
1762063360.5413783;0.00;0.00;0.00;0.00;144.67;0.00;0.00;624.67;289.34;628.01;0.00;0.00;0.00;0.00;0.00;0.00;963.35;0.00;963.35;629.67;289.34;0.00;0.00;470.00;470.00;470.00;1851.01;1491.01;2909.69;2298.02;2024.67;1804.67;1103.35;160.00;160.00;224.67;1004.67;230.00;1797.00;0.00;630.00;0.00;449.34;0.00;310.00;0.00;310.00
1762063360.5418384;0.00;0.00;0.00;0.00;144.67;0.00;0.00;624.67;289.34;628.01;0.00;0.00;0.00;0.00;0.00;0.00;963.35;0.00;963.35;629.67;289.34;0.00;0.00;470.00;470.00;470.00;1851.01;1491.01;2909.69;2298.02;2024.67;1804.67;1103.35;160.00;160.00;224.67;1004.67;230.00;1797.00;0.00;630.00;0.00;449.34;0.00;310.00;0.00;310.00
1762063360.5978622;0.00;0.00;0.00;0.00;289.34;0.00;0.00;624.67;289.34;628.01;0.00;0.00;0.00;0.00;0.00;0.00;963.35;0.00;963.35;629.67;289.34;0.00;0.00;470.00;470.00;470.00;1851.01;1491.01;2909.69;2298.02;2024.67;1804.67;1103.35;160.00;160.00;224.67;1314.67;230.00;1797.00;0.00;630.00;0.00;449.34;0.00;310.00;0.00;310.00
1762063360.5982893;0.00;0.00;0.00;0.00;289.34;0.00;0.00;624.67;289.34;628.01;0.00;0.00;0.00;0.00;0.00;0.00;963.35;0.00;963.35;629.67;289.34;0.00;0.00;470.00;470.00;470.00;1851.01;1491.01;2909.69;2298.02;2024.67;1804.67;1103.35;160.00;160.00;224.67;1314.67;230.00;1797.00;0.00;630.00;0.00;449.34;0.00;310.00;0.00;310.00
1762063360.6559427;0.00;0.00;0.00;0.00;434.01;0.00;0.00;624.67;289.34;628.01;0.00;0.00;0.00;0.00;0.00;0.00;963.35;0.00;963.35;629.67;289.34;0.00;0.00;470.00;470.00;470.00;1851.01;1491.01;2909.69;2298.02;2024.67;2114.67;1103.35;160.00;160.00;224.67;1634.67;230.00;1797.00;0.00;630.00;0.00;449.34;0.00;310.00;0.00;310.00
1762063360.6563818;0.00;0.00;0.00;0.00;434.01;0.00;0.00;624.67;289.34;628.01;0.00;0.00;0.00;0.00;0.00;0.00;963.35;0.00;963.35;629.67;289.34;0.00;0.00;470.00;470.00;470.00;1851.01;1491.01;2909.69;2298.02;2024.67;2114.67;1103.35;160.00;160.00;224.67;1634.67;230.00;1797.00;0.00;630.00;0.00;449.34;0.00;310.00;0.00;310.00
1762063360.7177784;0.00;0.00;0.00;0.00;578.68;0.00;0.00;624.67;289.34;628.01;0.00;0.00;0.00;0.00;0.00;0.00;963.35;0.00;963.35;629.67;289.34;0.00;0.00;470.00;470.00;470.00;1851.01;1491.01;2909.69;2298.02;2024.67;2424.67;1103.35;160.00;160.00;224.67;1634.67;230.00;1797.00;0.00;630.00;0.00;449.34;0.00;310.00;0.00;310.00
1762063360.718207;0.00;0.00;0.00;0.00;578.68;0.00;0.00;624.67;289.34;628.01;0.00;0.00;0.00;0.00;0.00;0.00;963.35;0.00;963.35;629.67;289.34;0.00;0.00;470.00;470.00;470.00;1851.01;1491.01;2909.69;2298.02;2024.67;2424.67;1103.35;160.00;160.00;224.67;1634.67;230.00;1797.00;0.00;630.00;0.00;449.34;0.00;310.00;0.00;310.00
1762063360.7682772;0.00;0.00;0.00;0.00;818.68;0.00;0.00;624.67;289.34;628.01;0.00;0.00;0.00;0.00;0.00;0.00;963.35;0.00;963.35;629.67;289.34;0.00;0.00;470.00;470.00;470.00;2001.01;1571.01;2989.69;2378.02;2254.67;2664.67;1103.35;160.00;160.00;224.67;1634.67;230.00;1797.00;0.00;630.00;0.00;449.34;0.00;310.00;0.00;310.00
1762063360.768718;0.00;0.00;0.00;0.00;818.68;0.00;0.00;624.67;289.34;628.01;0.00;0.00;0.00;0.00;0.00;0.00;963.35;0.00;963.35;629.67;289.34;0.00;0.00;470.00;470.00;470.00;2001.01;1571.01;2989.69;2378.02;2254.67;2664.67;1103.35;160.00;160.00;224.67;1634.67;230.00;1797.00;0.00;630.00;0.00;449.34;0.00;310.00;0.00;310.00
1762063360.9749124;0.00;0.00;0.00;0.00;1058.68;0.00;0.00;624.67;289.34;628.01;0.00;0.00;0.00;0.00;0.00;0.00;963.35;0.00;963.35;629.67;289.34;0.00;0.00;550.00;620.00;620.00;2001.01;1571.01;2989.69;2378.02;2254.67;2664.67;1183.35;240.00;240.00;224.67;1944.67;230.00;1797.00;0.00;630.00;0.00;449.34;0.00;310.00;0.00;310.00
1762063360.9753764;0.00;0.00;0.00;0.00;1058.68;0.00;0.00;624.67;289.34;628.01;0.00;0.00;0.00;0.00;0.00;0.00;963.35;0.00;963.35;629.67;289.34;0.00;0.00;550.00;620.00;620.00;2001.01;1571.01;2989.69;2378.02;2254.67;2664.67;1183.35;240.00;240.00;224.67;1944.67;230.00;1797.00;0.00;630.00;0.00;449.34;0.00;310.00;0.00;310.00
1762063363.1569557;0.00;0.00;0.00;0.00;1058.68;0.00;0.00;864.67;0.00;628.01;0.00;0.00;0.00;0.00;0.00;0.00;963.35;0.00;963.35;629.67;289.34;0.00;0.00;550.00;620.00;620.00;1531.01;1411.01;2925.02;2313.35;2270.00;2584.67;1183.35;240.00;240.00;224.67;1944.67;230.00;1797.00;0.00;630.00;0.00;224.67;0.00;310.00;0.00;310.00
1762063363.1577024;0.00;0.00;0.00;0.00;1058.68;0.00;0.00;864.67;0.00;628.01;0.00;0.00;0.00;0.00;0.00;0.00;963.35;0.00;963.35;629.67;289.34;0.00;0.00;550.00;620.00;620.00;1531.01;1411.01;2925.02;2313.35;2270.00;2584.67;1183.35;240.00;240.00;224.67;1944.67;230.00;1797.00;0.00;630.00;0.00;224.67;0.00;310.00;0.00;310.00
1762063363.228127;0.00;0.00;0.00;0.00;1058.68;0.00;0.00;1104.67;0.00;628.01;0.00;0.00;0.00;0.00;0.00;0.00;963.35;0.00;963.35;629.67;289.34;0.00;0.00;550.00;620.00;620.00;1531.01;1411.01;2925.02;2393.35;2580.00;2584.67;1183.35;240.00;240.00;454.67;1944.67;230.00;1797.00;0.00;630.00;0.00;224.67;0.00;310.00;0.00;310.00
1762063363.228883;0.00;0.00;0.00;0.00;1058.68;0.00;0.00;1104.67;0.00;628.01;0.00;0.00;0.00;0.00;0.00;0.00;963.35;0.00;963.35;629.67;289.34;0.00;0.00;550.00;620.00;620.00;1531.01;1411.01;2925.02;2393.35;2580.00;2584.67;1183.35;240.00;240.00;454.67;1944.67;230.00;1797.00;0.00;630.00;0.00;224.67;0.00;310.00;0.00;310.00
1762063378.1551661;0.00;0.00;0.00;0.00;1058.68;0.00;0.00;624.67;0.00;628.01;0.00;0.00;0.00;0.00;0.00;0.00;963.35;0.00;963.35;629.67;529.34;0.00;0.00;550.00;620.00;620.00;1531.01;1411.01;2925.02;2233.35;2420.00;2424.67;1183.35;240.00;240.00;454.67;1944.67;230.00;1797.00;0.00;630.00;0.00;224.67;0.00;310.00;0.00;310.00
1762063378.1556296;0.00;0.00;0.00;0.00;1058.68;0.00;0.00;624.67;0.00;628.01;0.00;0.00;0.00;0.00;0.00;0.00;963.35;0.00;963.35;629.67;529.34;0.00;0.00;550.00;620.00;620.00;1531.01;1411.01;2925.02;2233.35;2420.00;2424.67;1183.35;240.00;240.00;454.67;1944.67;230.00;1797.00;0.00;630.00;0.00;224.67;0.00;310.00;0.00;310.00
1762063378.1976757;0.00;0.00;0.00;0.00;1058.68;0.00;0.00;624.67;0.00;628.01;0.00;0.00;0.00;0.00;0.00;0.00;963.35;0.00;963.35;629.67;769.34;0.00;0.00;550.00;620.00;620.00;1761.01;1651.01;3165.02;2233.35;2420.00;2424.67;1183.35;240.00;240.00;454.67;1944.67;230.00;1797.00;0.00;630.00;0.00;224.67;0.00;310.00;0.00;310.00
1762063378.1981146;0.00;0.00;0.00;0.00;1058.68;0.00;0.00;624.67;0.00;628.01;0.00;0.00;0.00;0.00;0.00;0.00;963.35;0.00;963.35;629.67;769.34;0.00;0.00;550.00;620.00;620.00;1761.01;1651.01;3165.02;2233.35;2420.00;2424.67;1183.35;240.00;240.00;454.67;1944.67;230.00;1797.00;0.00;630.00;0.00;224.67;0.00;310.00;0.00;310.00
1762063387.53967;0.00;0.00;0.00;0.00;1058.68;0.00;0.00;0.00;0.00;0.00;0.00;0.00;0.00;0.00;0.00;0.00;963.35;0.00;963.35;629.67;0.00;97.00;0.00;550.00;620.00;620.00;1151.01;1011.01;1675.02;1559.34;1090.00;2024.67;1280.35;337.00;240.00;0.00;1944.67;230.00;1470.00;0.00;320.00;0.00;224.67;0.00;310.00;0.00;310.00
1762063387.5400965;0.00;0.00;0.00;0.00;1058.68;0.00;0.00;0.00;0.00;0.00;0.00;0.00;0.00;0.00;0.00;0.00;963.35;0.00;963.35;629.67;0.00;97.00;0.00;550.00;620.00;620.00;1151.01;1011.01;1675.02;1559.34;1090.00;2024.67;1280.35;337.00;240.00;0.00;1944.67;230.00;1470.00;0.00;320.00;0.00;224.67;0.00;310.00;0.00;310.00
1762063387.6013625;0.00;0.00;0.00;0.00;1058.68;0.00;0.00;0.00;0.00;0.00;0.00;0.00;0.00;0.00;0.00;0.00;963.35;0.00;963.35;629.67;0.00;194.00;0.00;582.33;652.33;652.33;1183.34;1043.34;1755.02;1559.34;1250.00;2184.67;1345.02;401.67;272.33;0.00;2169.34;230.00;1470.00;0.00;320.00;0.00;224.67;0.00;310.00;0.00;310.00
1762063387.6017828;0.00;0.00;0.00;0.00;1058.68;0.00;0.00;0.00;0.00;0.00;0.00;0.00;0.00;0.00;0.00;0.00;963.35;0.00;963.35;629.67;0.00;194.00;0.00;582.33;652.33;652.33;1183.34;1043.34;1755.02;1559.34;1250.00;2184.67;1345.02;401.67;272.33;0.00;2169.34;230.00;1470.00;0.00;320.00;0.00;224.67;0.00;310.00;0.00;310.00
1762063387.649221;0.00;0.00;0.00;0.00;1058.68;0.00;0.00;0.00;0.00;0.00;0.00;0.00;0.00;0.00;0.00;0.00;963.35;0.00;963.35;629.67;0.00;291.00;0.00;614.66;732.33;732.33;1183.34;1043.34;1755.02;1559.34;1410.00;2249.34;1409.69;466.34;304.66;0.00;2169.34;230.00;1470.00;0.00;320.00;112.33;224.67;0.00;310.00;0.00;310.00
1762063387.649671;0.00;0.00;0.00;0.00;1058.68;0.00;0.00;0.00;0.00;0.00;0.00;0.00;0.00;0.00;0.00;0.00;963.35;0.00;963.35;629.67;0.00;291.00;0.00;614.66;732.33;732.33;1183.34;1043.34;1755.02;1559.34;1410.00;2249.34;1409.69;466.34;304.66;0.00;2169.34;230.00;1470.00;0.00;320.00;112.33;224.67;0.00;310.00;0.00;310.00
1762063387.6974788;0.00;0.00;0.00;0.00;1058.68;0.00;0.00;0.00;0.00;0.00;0.00;0.00;0.00;0.00;0.00;0.00;963.35;0.00;963.35;629.67;0.00;388.00;0.00;614.66;732.33;732.33;1183.34;1043.34;1755.02;1559.34;1592.33;2346.34;1506.69;563.34;304.66;0.00;2169.34;230.00;1470.00;0.00;320.00;112.33;224.67;0.00;310.00;0.00;310.00
1762063387.6979275;0.00;0.00;0.00;0.00;1058.68;0.00;0.00;0.00;0.00;0.00;0.00;0.00;0.00;0.00;0.00;0.00;963.35;0.00;963.35;629.67;0.00;388.00;0.00;614.66;732.33;732.33;1183.34;1043.34;1755.02;1559.34;1592.33;2346.34;1506.69;563.34;304.66;0.00;2169.34;230.00;1470.00;0.00;320.00;112.33;224.67;0.00;310.00;0.00;310.00
1762063387.9129078;0.00;0.00;0.00;0.00;1058.68;0.00;0.00;0.00;0.00;0.00;0.00;0.00;0.00;0.00;0.00;0.00;963.35;0.00;963.35;629.67;0.00;532.67;0.00;614.66;732.33;732.33;1183.34;1043.34;1755.02;1559.34;1902.33;2491.01;1651.36;708.01;304.66;0.00;2169.34;230.00;1780.00;0.00;320.00;112.33;224.67;0.00;310.00;0.00;310.00
1762063387.913358;0.00;0.00;0.00;0.00;1058.68;0.00;0.00;0.00;0.00;0.00;0.00;0.00;0.00;0.00;0.00;0.00;963.35;0.00;963.35;629.67;0.00;532.67;0.00;614.66;732.33;732.33;1183.34;1043.34;1755.02;1559.34;1902.33;2491.01;1651.36;708.01;304.66;0.00;2169.34;230.00;1780.00;0.00;320.00;112.33;224.67;0.00;310.00;0.00;310.00
1762063387.9695654;0.00;0.00;0.00;0.00;1058.68;0.00;0.00;0.00;0.00;0.00;0.00;0.00;0.00;0.00;0.00;0.00;963.35;0.00;963.35;629.67;0.00;677.34;0.00;614.66;732.33;732.33;1183.34;1043.34;1755.02;1559.34;2202.33;2635.68;1796.03;852.68;304.66;0.00;2169.34;230.00;1780.00;0.00;320.00;112.33;224.67;0.00;310.00;0.00;310.00
1762063387.9700053;0.00;0.00;0.00;0.00;1058.68;0.00;0.00;0.00;0.00;0.00;0.00;0.00;0.00;0.00;0.00;0.00;963.35;0.00;963.35;629.67;0.00;677.34;0.00;614.66;732.33;732.33;1183.34;1043.34;1755.02;1559.34;2202.33;2635.68;1796.03;852.68;304.66;0.00;2169.34;230.00;1780.00;0.00;320.00;112.33;224.67;0.00;310.00;0.00;310.00
1762063388.2261894;0.00;0.00;0.00;97.00;914.01;0.00;0.00;0.00;0.00;0.00;0.00;0.00;0.00;0.00;0.00;0.00;529.34;0.00;0.00;629.67;0.00;677.34;0.00;614.66;732.33;732.33;1033.34;963.34;1401.01;640.00;1342.33;1471.01;842.68;852.68;304.66;0.00;1164.67;0.00;920.00;0.00;320.00;112.33;224.67;0.00;310.00;0.00;310.00
1762063388.2269378;0.00;0.00;0.00;97.00;914.01;0.00;0.00;0.00;0.00;0.00;0.00;0.00;0.00;0.00;0.00;0.00;529.34;0.00;0.00;629.67;0.00;677.34;0.00;614.66;732.33;732.33;1033.34;963.34;1401.01;640.00;1342.33;1471.01;842.68;852.68;304.66;0.00;1164.67;0.00;920.00;0.00;320.00;112.33;224.67;0.00;310.00;0.00;310.00
1762063388.2770288;0.00;97.00;0.00;97.00;914.01;0.00;0.00;0.00;0.00;0.00;0.00;0.00;0.00;0.00;0.00;0.00;529.34;0.00;0.00;629.67;0.00;677.34;0.00;614.66;732.33;732.33;1033.34;963.34;1401.01;640.00;1439.33;1471.01;842.68;852.68;304.66;0.00;1164.67;0.00;920.00;0.00;320.00;112.33;224.67;0.00;310.00;0.00;310.00
1762063388.2774682;0.00;97.00;0.00;97.00;914.01;0.00;0.00;0.00;0.00;0.00;0.00;0.00;0.00;0.00;0.00;0.00;529.34;0.00;0.00;629.67;0.00;677.34;0.00;614.66;732.33;732.33;1033.34;963.34;1401.01;640.00;1439.33;1471.01;842.68;852.68;304.66;0.00;1164.67;0.00;920.00;0.00;320.00;112.33;224.67;0.00;310.00;0.00;310.00
1762063388.3199198;0.00;194.00;0.00;97.00;914.01;0.00;0.00;0.00;0.00;0.00;0.00;0.00;0.00;0.00;0.00;0.00;529.34;0.00;0.00;629.67;0.00;677.34;0.00;614.66;732.33;732.33;1033.34;963.34;1401.01;640.00;1846.33;1471.01;842.68;852.68;304.66;0.00;1164.67;0.00;920.00;0.00;320.00;112.33;224.67;0.00;310.00;0.00;310.00
1762063388.3203712;0.00;194.00;0.00;97.00;914.01;0.00;0.00;0.00;0.00;0.00;0.00;0.00;0.00;0.00;0.00;0.00;529.34;0.00;0.00;629.67;0.00;677.34;0.00;614.66;732.33;732.33;1033.34;963.34;1401.01;640.00;1846.33;1471.01;842.68;852.68;304.66;0.00;1164.67;0.00;920.00;0.00;320.00;112.33;224.67;0.00;310.00;0.00;310.00
1762063388.3622227;0.00;291.00;0.00;97.00;914.01;0.00;0.00;0.00;0.00;0.00;0.00;0.00;0.00;0.00;0.00;0.00;529.34;0.00;0.00;629.67;0.00;677.34;0.00;614.66;732.33;732.33;1033.34;963.34;1401.01;640.00;1943.33;1471.01;842.68;852.68;304.66;0.00;1164.67;0.00;1230.00;0.00;320.00;112.33;224.67;0.00;310.00;0.00;310.00
1762063388.362678;0.00;291.00;0.00;97.00;914.01;0.00;0.00;0.00;0.00;0.00;0.00;0.00;0.00;0.00;0.00;0.00;529.34;0.00;0.00;629.67;0.00;677.34;0.00;614.66;732.33;732.33;1033.34;963.34;1401.01;640.00;1943.33;1471.01;842.68;852.68;304.66;0.00;1164.67;0.00;1230.00;0.00;320.00;112.33;224.67;0.00;310.00;0.00;310.00
1762063388.4039516;0.00;291.00;0.00;97.00;914.01;97.00;0.00;0.00;0.00;0.00;0.00;0.00;0.00;0.00;0.00;0.00;529.34;0.00;0.00;629.67;0.00;677.34;0.00;614.66;732.33;732.33;1033.34;963.34;1401.01;880.00;2040.33;1471.01;842.68;852.68;304.66;0.00;1164.67;0.00;1614.67;0.00;320.00;112.33;224.67;0.00;310.00;0.00;310.00
1762063388.4044023;0.00;291.00;0.00;97.00;914.01;97.00;0.00;0.00;0.00;0.00;0.00;0.00;0.00;0.00;0.00;0.00;529.34;0.00;0.00;629.67;0.00;677.34;0.00;614.66;732.33;732.33;1033.34;963.34;1401.01;880.00;2040.33;1471.01;842.68;852.68;304.66;0.00;1164.67;0.00;1614.67;0.00;320.00;112.33;224.67;0.00;310.00;0.00;310.00
1762063388.4459372;0.00;291.00;0.00;97.00;914.01;194.00;0.00;0.00;0.00;0.00;0.00;0.00;0.00;0.00;0.00;0.00;529.34;0.00;0.00;629.67;0.00;677.34;0.00;614.66;732.33;732.33;1033.34;963.34;1401.01;880.00;2527.33;1631.01;842.68;852.68;304.66;0.00;1164.67;0.00;1999.34;0.00;320.00;112.33;224.67;0.00;310.00;0.00;310.00
1762063388.4464078;0.00;291.00;0.00;97.00;914.01;194.00;0.00;0.00;0.00;0.00;0.00;0.00;0.00;0.00;0.00;0.00;529.34;0.00;0.00;629.67;0.00;677.34;0.00;614.66;732.33;732.33;1033.34;963.34;1401.01;880.00;2527.33;1631.01;842.68;852.68;304.66;0.00;1164.67;0.00;1999.34;0.00;320.00;112.33;224.67;0.00;310.00;0.00;310.00
1762063388.489569;0.00;291.00;0.00;97.00;914.01;291.00;0.00;0.00;0.00;0.00;0.00;0.00;0.00;0.00;0.00;0.00;529.34;0.00;0.00;629.67;0.00;677.34;0.00;614.66;732.33;732.33;1033.34;963.34;1401.01;880.00;2527.33;1775.68;842.68;852.68;304.66;0.00;1394.67;0.00;1999.34;0.00;320.00;112.33;224.67;0.00;310.00;0.00;310.00
1762063388.4900253;0.00;291.00;0.00;97.00;914.01;291.00;0.00;0.00;0.00;0.00;0.00;0.00;0.00;0.00;0.00;0.00;529.34;0.00;0.00;629.67;0.00;677.34;0.00;614.66;732.33;732.33;1033.34;963.34;1401.01;880.00;2527.33;1775.68;842.68;852.68;304.66;0.00;1394.67;0.00;1999.34;0.00;320.00;112.33;224.67;0.00;310.00;0.00;310.00
1762063388.6848478;0.00;291.00;0.00;97.00;914.01;435.67;0.00;0.00;0.00;0.00;0.00;0.00;0.00;0.00;0.00;0.00;529.34;0.00;0.00;629.67;0.00;677.34;0.00;614.66;732.33;732.33;1033.34;963.34;1401.01;1040.00;2592.00;1855.68;842.68;852.68;304.66;0.00;1624.67;0.00;2224.01;0.00;320.00;112.33;224.67;0.00;310.00;0.00;310.00
1762063388.6853342;0.00;291.00;0.00;97.00;914.01;435.67;0.00;0.00;0.00;0.00;0.00;0.00;0.00;0.00;0.00;0.00;529.34;0.00;0.00;629.67;0.00;677.34;0.00;614.66;732.33;732.33;1033.34;963.34;1401.01;1040.00;2592.00;1855.68;842.68;852.68;304.66;0.00;1624.67;0.00;2224.01;0.00;320.00;112.33;224.67;0.00;310.00;0.00;310.00
1762063388.7559953;0.00;291.00;0.00;97.00;914.01;580.34;0.00;0.00;0.00;0.00;0.00;0.00;0.00;0.00;0.00;0.00;529.34;0.00;0.00;629.67;0.00;677.34;0.00;764.66;882.33;882.33;1033.34;963.34;1401.01;1040.00;2592.00;2000.35;1002.68;1012.68;464.66;0.00;2174.67;0.00;2224.01;0.00;320.00;112.33;224.67;0.00;310.00;0.00;310.00
1762063388.7567284;0.00;291.00;0.00;97.00;914.01;580.34;0.00;0.00;0.00;0.00;0.00;0.00;0.00;0.00;0.00;0.00;529.34;0.00;0.00;629.67;0.00;677.34;0.00;764.66;882.33;882.33;1033.34;963.34;1401.01;1040.00;2592.00;2000.35;1002.68;1012.68;464.66;0.00;2174.67;0.00;2224.01;0.00;320.00;112.33;224.67;0.00;310.00;0.00;310.00
1762063388.8267345;0.00;291.00;0.00;97.00;914.01;725.01;0.00;0.00;0.00;0.00;0.00;0.00;0.00;0.00;0.00;0.00;529.34;0.00;0.00;629.67;0.00;677.34;0.00;764.66;882.33;882.33;1033.34;963.34;1401.01;1040.00;2742.00;2305.02;1002.68;1012.68;464.66;0.00;2404.67;310.00;2224.01;0.00;320.00;112.33;224.67;0.00;310.00;0.00;310.00
1762063388.8274512;0.00;291.00;0.00;97.00;914.01;725.01;0.00;0.00;0.00;0.00;0.00;0.00;0.00;0.00;0.00;0.00;529.34;0.00;0.00;629.67;0.00;677.34;0.00;764.66;882.33;882.33;1033.34;963.34;1401.01;1040.00;2742.00;2305.02;1002.68;1012.68;464.66;0.00;2404.67;310.00;2224.01;0.00;320.00;112.33;224.67;0.00;310.00;0.00;310.00
1762063393.2200966;0.00;435.67;0.00;97.00;914.01;725.01;0.00;0.00;0.00;0.00;0.00;0.00;0.00;0.00;0.00;0.00;384.67;0.00;0.00;629.67;0.00;677.34;0.00;454.66;572.33;572.33;873.34;803.34;1321.01;1024.67;2956.67;2305.02;1002.68;1012.68;464.66;224.67;2404.67;540.00;1994.01;0.00;320.00;112.33;0.00;0.00;310.00;0.00;0.00
1762063393.2205505;0.00;435.67;0.00;97.00;914.01;725.01;0.00;0.00;0.00;0.00;0.00;0.00;0.00;0.00;0.00;0.00;384.67;0.00;0.00;629.67;0.00;677.34;0.00;454.66;572.33;572.33;873.34;803.34;1321.01;1024.67;2956.67;2305.02;1002.68;1012.68;464.66;224.67;2404.67;540.00;1994.01;0.00;320.00;112.33;0.00;0.00;310.00;0.00;0.00
1762063398.2260733;0.00;435.67;0.00;241.67;674.01;725.01;0.00;0.00;0.00;0.00;0.00;0.00;0.00;0.00;0.00;0.00;384.67;0.00;0.00;629.67;0.00;677.34;0.00;454.66;572.33;572.33;723.34;723.34;1241.01;944.67;2876.67;2465.02;1312.68;1322.68;464.66;224.67;2404.67;540.00;1994.01;0.00;320.00;112.33;0.00;0.00;310.00;0.00;0.00
1762063398.226513;0.00;435.67;0.00;241.67;674.01;725.01;0.00;0.00;0.00;0.00;0.00;0.00;0.00;0.00;0.00;0.00;384.67;0.00;0.00;629.67;0.00;677.34;0.00;454.66;572.33;572.33;723.34;723.34;1241.01;944.67;2876.67;2465.02;1312.68;1322.68;464.66;224.67;2404.67;540.00;1994.01;0.00;320.00;112.33;0.00;0.00;310.00;0.00;0.00
1762063404.541653;0.00;435.67;0.00;241.67;674.01;0.00;97.00;0.00;0.00;0.00;0.00;0.00;0.00;0.00;0.00;0.00;384.67;0.00;0.00;629.67;0.00;677.34;0.00;304.66;422.33;422.33;723.34;723.34;1241.01;624.67;2485.00;1631.01;1152.68;1162.68;304.66;224.67;1164.67;230.00;1224.67;0.00;320.00;112.33;0.00;0.00;310.00;0.00;0.00
1762063404.5421069;0.00;435.67;0.00;241.67;674.01;0.00;97.00;0.00;0.00;0.00;0.00;0.00;0.00;0.00;0.00;0.00;384.67;0.00;0.00;629.67;0.00;677.34;0.00;304.66;422.33;422.33;723.34;723.34;1241.01;624.67;2485.00;1631.01;1152.68;1162.68;304.66;224.67;1164.67;230.00;1224.67;0.00;320.00;112.33;0.00;0.00;310.00;0.00;0.00
1762063404.5906415;0.00;435.67;0.00;241.67;674.01;0.00;194.00;0.00;0.00;0.00;0.00;0.00;0.00;0.00;0.00;0.00;384.67;0.00;0.00;629.67;0.00;677.34;0.00;304.66;422.33;422.33;723.34;723.34;1241.01;704.67;2742.00;1791.01;1152.68;1162.68;304.66;224.67;1164.67;230.00;1449.34;0.00;320.00;112.33;0.00;0.00;310.00;0.00;0.00
1762063404.5910904;0.00;435.67;0.00;241.67;674.01;0.00;194.00;0.00;0.00;0.00;0.00;0.00;0.00;0.00;0.00;0.00;384.67;0.00;0.00;629.67;0.00;677.34;0.00;304.66;422.33;422.33;723.34;723.34;1241.01;704.67;2742.00;1791.01;1152.68;1162.68;304.66;224.67;1164.67;230.00;1449.34;0.00;320.00;112.33;0.00;0.00;310.00;0.00;0.00
1762063404.6505642;0.00;435.67;0.00;241.67;674.01;0.00;291.00;0.00;0.00;0.00;0.00;0.00;0.00;0.00;0.00;0.00;384.67;0.00;0.00;629.67;0.00;677.34;0.00;304.66;422.33;422.33;723.34;723.34;1241.01;704.67;2742.00;1935.68;1152.68;1162.68;304.66;224.67;1394.67;230.00;1449.34;0.00;320.00;112.33;0.00;0.00;310.00;0.00;0.00
1762063404.651002;0.00;435.67;0.00;241.67;674.01;0.00;291.00;0.00;0.00;0.00;0.00;0.00;0.00;0.00;0.00;0.00;384.67;0.00;0.00;629.67;0.00;677.34;0.00;304.66;422.33;422.33;723.34;723.34;1241.01;704.67;2742.00;1935.68;1152.68;1162.68;304.66;224.67;1394.67;230.00;1449.34;0.00;320.00;112.33;0.00;0.00;310.00;0.00;0.00
1762063404.713165;0.00;435.67;0.00;241.67;674.01;0.00;435.67;0.00;0.00;0.00;0.00;0.00;0.00;0.00;0.00;0.00;384.67;0.00;0.00;629.67;0.00;677.34;0.00;464.66;572.33;572.33;723.34;723.34;1241.01;704.67;2742.00;2080.35;1312.68;1322.68;464.66;224.67;1944.67;230.00;1449.34;0.00;320.00;422.33;0.00;0.00;310.00;0.00;0.00
1762063404.7136035;0.00;435.67;0.00;241.67;674.01;0.00;435.67;0.00;0.00;0.00;0.00;0.00;0.00;0.00;0.00;0.00;384.67;0.00;0.00;629.67;0.00;677.34;0.00;464.66;572.33;572.33;723.34;723.34;1241.01;704.67;2742.00;2080.35;1312.68;1322.68;464.66;224.67;1944.67;230.00;1449.34;0.00;320.00;422.33;0.00;0.00;310.00;0.00;0.00
1762063404.9245155;0.00;435.67;0.00;241.67;674.01;0.00;580.34;0.00;0.00;0.00;0.00;0.00;0.00;0.00;0.00;0.00;384.67;0.00;0.00;629.67;0.00;677.34;0.00;464.66;572.33;572.33;723.34;723.34;1241.01;704.67;2892.00;2385.02;1632.68;1322.68;464.66;224.67;2174.67;540.00;1449.34;0.00;320.00;422.33;0.00;0.00;310.00;0.00;0.00
1762063404.9249752;0.00;435.67;0.00;241.67;674.01;0.00;580.34;0.00;0.00;0.00;0.00;0.00;0.00;0.00;0.00;0.00;384.67;0.00;0.00;629.67;0.00;677.34;0.00;464.66;572.33;572.33;723.34;723.34;1241.01;704.67;2892.00;2385.02;1632.68;1322.68;464.66;224.67;2174.67;540.00;1449.34;0.00;320.00;422.33;0.00;0.00;310.00;0.00;0.00
1762063404.9765024;0.00;435.67;0.00;241.67;674.01;0.00;725.01;0.00;0.00;0.00;0.00;0.00;0.00;0.00;0.00;0.00;384.67;0.00;0.00;629.67;0.00;677.34;0.00;464.66;572.33;572.33;723.34;723.34;1241.01;769.34;2956.67;2465.02;1632.68;1322.68;464.66;224.67;2404.67;540.00;1449.34;0.00;320.00;422.33;0.00;0.00;310.00;0.00;0.00
1762063404.9769242;0.00;435.67;0.00;241.67;674.01;0.00;725.01;0.00;0.00;0.00;0.00;0.00;0.00;0.00;0.00;0.00;384.67;0.00;0.00;629.67;0.00;677.34;0.00;464.66;572.33;572.33;723.34;723.34;1241.01;769.34;2956.67;2465.02;1632.68;1322.68;464.66;224.67;2404.67;540.00;1449.34;0.00;320.00;422.33;0.00;0.00;310.00;0.00;0.00
1762063408.2613366;0.00;435.67;0.00;386.34;434.01;0.00;725.01;0.00;0.00;0.00;0.00;0.00;0.00;0.00;0.00;0.00;384.67;0.00;0.00;629.67;0.00;677.34;0.00;464.66;572.33;572.33;723.34;723.34;1241.01;769.34;2956.67;2465.02;1632.68;1322.68;464.66;224.67;2309.34;540.00;1449.34;0.00;320.00;422.33;0.00;0.00;310.00;0.00;0.00
1762063408.2620654;0.00;435.67;0.00;386.34;434.01;0.00;725.01;0.00;0.00;0.00;0.00;0.00;0.00;0.00;0.00;0.00;384.67;0.00;0.00;629.67;0.00;677.34;0.00;464.66;572.33;572.33;723.34;723.34;1241.01;769.34;2956.67;2465.02;1632.68;1322.68;464.66;224.67;2309.34;540.00;1449.34;0.00;320.00;422.33;0.00;0.00;310.00;0.00;0.00
1762063418.2497766;0.00;580.34;0.00;386.34;434.01;0.00;725.01;0.00;0.00;0.00;0.00;0.00;0.00;0.00;0.00;0.00;240.00;0.00;0.00;629.67;0.00;677.34;0.00;464.66;572.33;572.33;723.34;723.34;1096.34;839.34;3101.34;2465.02;1632.68;1322.68;464.66;224.67;2309.34;540.00;1299.34;0.00;320.00;422.33;0.00;0.00;310.00;0.00;0.00
1762063418.2502122;0.00;580.34;0.00;386.34;434.01;0.00;725.01;0.00;0.00;0.00;0.00;0.00;0.00;0.00;0.00;0.00;240.00;0.00;0.00;629.67;0.00;677.34;0.00;464.66;572.33;572.33;723.34;723.34;1096.34;839.34;3101.34;2465.02;1632.68;1322.68;464.66;224.67;2309.34;540.00;1299.34;0.00;320.00;422.33;0.00;0.00;310.00;0.00;0.00
1762063424.576205;0.00;580.34;0.00;386.34;434.01;0.00;725.01;0.00;0.00;0.00;0.00;0.00;144.67;0.00;0.00;0.00;240.00;0.00;0.00;629.67;0.00;677.34;0.00;464.66;572.33;572.33;723.34;1178.01;1621.01;1159.34;3101.34;2465.02;1632.68;1322.68;464.66;224.67;2309.34;540.00;1299.34;0.00;320.00;422.33;0.00;0.00;310.00;0.00;0.00
1762063424.576958;0.00;580.34;0.00;386.34;434.01;0.00;725.01;0.00;0.00;0.00;0.00;0.00;144.67;0.00;0.00;0.00;240.00;0.00;0.00;629.67;0.00;677.34;0.00;464.66;572.33;572.33;723.34;1178.01;1621.01;1159.34;3101.34;2465.02;1632.68;1322.68;464.66;224.67;2309.34;540.00;1299.34;0.00;320.00;422.33;0.00;0.00;310.00;0.00;0.00
1762063424.6576748;0.00;580.34;0.00;386.34;434.01;0.00;725.01;0.00;0.00;0.00;0.00;0.00;289.34;0.00;0.00;0.00;240.00;0.00;0.00;629.67;0.00;677.34;0.00;464.66;572.33;572.33;723.34;1322.68;2145.68;1159.34;3101.34;2465.02;1632.68;1322.68;464.66;224.67;2309.34;540.00;1299.34;0.00;320.00;422.33;0.00;0.00;310.00;0.00;0.00
1762063424.6584003;0.00;580.34;0.00;386.34;434.01;0.00;725.01;0.00;0.00;0.00;0.00;0.00;289.34;0.00;0.00;0.00;240.00;0.00;0.00;629.67;0.00;677.34;0.00;464.66;572.33;572.33;723.34;1322.68;2145.68;1159.34;3101.34;2465.02;1632.68;1322.68;464.66;224.67;2309.34;540.00;1299.34;0.00;320.00;422.33;0.00;0.00;310.00;0.00;0.00
1762063424.7392557;0.00;580.34;0.00;386.34;434.01;0.00;725.01;0.00;0.00;0.00;0.00;0.00;529.34;0.00;0.00;0.00;240.00;0.00;0.00;629.67;0.00;677.34;0.00;464.66;572.33;572.33;723.34;1562.68;2445.68;1159.34;3101.34;2465.02;1632.68;1322.68;464.66;224.67;2309.34;540.00;1299.34;0.00;320.00;422.33;0.00;0.00;310.00;0.00;0.00
1762063424.7400095;0.00;580.34;0.00;386.34;434.01;0.00;725.01;0.00;0.00;0.00;0.00;0.00;529.34;0.00;0.00;0.00;240.00;0.00;0.00;629.67;0.00;677.34;0.00;464.66;572.33;572.33;723.34;1562.68;2445.68;1159.34;3101.34;2465.02;1632.68;1322.68;464.66;224.67;2309.34;540.00;1299.34;0.00;320.00;422.33;0.00;0.00;310.00;0.00;0.00
1762063424.801273;0.00;580.34;0.00;386.34;434.01;0.00;725.01;0.00;0.00;0.00;0.00;0.00;769.34;0.00;0.00;0.00;240.00;0.00;0.00;629.67;0.00;677.34;0.00;464.66;572.33;572.33;873.34;1962.68;2595.68;1159.34;3101.34;2465.02;1632.68;1322.68;464.66;224.67;2309.34;540.00;1299.34;0.00;320.00;422.33;0.00;0.00;310.00;0.00;0.00
1762063424.8017108;0.00;580.34;0.00;386.34;434.01;0.00;725.01;0.00;0.00;0.00;0.00;0.00;769.34;0.00;0.00;0.00;240.00;0.00;0.00;629.67;0.00;677.34;0.00;464.66;572.33;572.33;873.34;1962.68;2595.68;1159.34;3101.34;2465.02;1632.68;1322.68;464.66;224.67;2309.34;540.00;1299.34;0.00;320.00;422.33;0.00;0.00;310.00;0.00;0.00
1762063424.8633244;0.00;580.34;0.00;386.34;434.01;0.00;725.01;0.00;0.00;0.00;0.00;0.00;1009.34;0.00;0.00;0.00;240.00;0.00;0.00;629.67;0.00;677.34;0.00;464.66;572.33;572.33;1023.34;2042.68;2745.68;1159.34;3101.34;2465.02;1632.68;1322.68;464.66;224.67;2309.34;540.00;1299.34;0.00;320.00;422.33;0.00;0.00;310.00;0.00;0.00
1762063424.8637676;0.00;580.34;0.00;386.34;434.01;0.00;725.01;0.00;0.00;0.00;0.00;0.00;1009.34;0.00;0.00;0.00;240.00;0.00;0.00;629.67;0.00;677.34;0.00;464.66;572.33;572.33;1023.34;2042.68;2745.68;1159.34;3101.34;2465.02;1632.68;1322.68;464.66;224.67;2309.34;540.00;1299.34;0.00;320.00;422.33;0.00;0.00;310.00;0.00;0.00
1762063425.0728402;0.00;580.34;0.00;386.34;434.01;0.00;725.01;0.00;0.00;0.00;0.00;0.00;1249.34;0.00;0.00;0.00;240.00;0.00;0.00;629.67;0.00;677.34;0.00;464.66;572.33;572.33;1173.34;2122.68;2895.68;1159.34;3101.34;2465.02;1632.68;1322.68;464.66;224.67;2309.34;540.00;1299.34;0.00;320.00;422.33;0.00;0.00;310.00;0.00;0.00
1762063425.073311;0.00;580.34;0.00;386.34;434.01;0.00;725.01;0.00;0.00;0.00;0.00;0.00;1249.34;0.00;0.00;0.00;240.00;0.00;0.00;629.67;0.00;677.34;0.00;464.66;572.33;572.33;1173.34;2122.68;2895.68;1159.34;3101.34;2465.02;1632.68;1322.68;464.66;224.67;2309.34;540.00;1299.34;0.00;320.00;422.33;0.00;0.00;310.00;0.00;0.00
1762063428.2647097;0.00;580.34;0.00;144.67;674.01;0.00;725.01;0.00;0.00;0.00;0.00;0.00;1249.34;0.00;0.00;0.00;240.00;0.00;0.00;629.67;0.00;677.34;0.00;464.66;572.33;572.33;1173.34;2122.68;2895.68;1159.34;2951.34;2065.02;1322.68;1012.68;464.66;224.67;2309.34;540.00;1299.34;0.00;320.00;422.33;0.00;0.00;310.00;0.00;0.00
1762063428.2651591;0.00;580.34;0.00;144.67;674.01;0.00;725.01;0.00;0.00;0.00;0.00;0.00;1249.34;0.00;0.00;0.00;240.00;0.00;0.00;629.67;0.00;677.34;0.00;464.66;572.33;572.33;1173.34;2122.68;2895.68;1159.34;2951.34;2065.02;1322.68;1012.68;464.66;224.67;2309.34;540.00;1299.34;0.00;320.00;422.33;0.00;0.00;310.00;0.00;0.00
1762063428.3083622;0.00;580.34;0.00;144.67;914.01;0.00;725.01;0.00;0.00;0.00;0.00;0.00;1249.34;0.00;0.00;0.00;240.00;0.00;0.00;629.67;0.00;677.34;0.00;464.66;572.33;572.33;1173.34;2122.68;2895.68;1159.34;2951.34;2375.02;1322.68;1012.68;464.66;224.67;2309.34;540.00;1299.34;0.00;320.00;422.33;0.00;0.00;310.00;0.00;0.00
1762063428.3088114;0.00;580.34;0.00;144.67;914.01;0.00;725.01;0.00;0.00;0.00;0.00;0.00;1249.34;0.00;0.00;0.00;240.00;0.00;0.00;629.67;0.00;677.34;0.00;464.66;572.33;572.33;1173.34;2122.68;2895.68;1159.34;2951.34;2375.02;1322.68;1012.68;464.66;224.67;2309.34;540.00;1299.34;0.00;320.00;422.33;0.00;0.00;310.00;0.00;0.00
1762063438.2974122;0.00;580.34;0.00;0.00;1154.01;0.00;725.01;0.00;0.00;0.00;0.00;0.00;1249.34;0.00;0.00;0.00;240.00;0.00;0.00;629.67;0.00;677.34;0.00;384.66;422.33;422.33;1173.34;2122.68;2895.68;1159.34;2951.34;2375.02;1242.68;932.68;384.66;224.67;2404.67;540.00;1299.34;0.00;320.00;422.33;0.00;0.00;310.00;0.00;0.00
1762063438.297854;0.00;580.34;0.00;0.00;1154.01;0.00;725.01;0.00;0.00;0.00;0.00;0.00;1249.34;0.00;0.00;0.00;240.00;0.00;0.00;629.67;0.00;677.34;0.00;384.66;422.33;422.33;1173.34;2122.68;2895.68;1159.34;2951.34;2375.02;1242.68;932.68;384.66;224.67;2404.67;540.00;1299.34;0.00;320.00;422.33;0.00;0.00;310.00;0.00;0.00
1762063448.5881972;0.00;0.00;0.00;0.00;1154.01;0.00;725.01;0.00;0.00;0.00;0.00;0.00;1249.34;0.00;0.00;0.00;144.67;0.00;0.00;629.67;0.00;677.34;0.00;224.66;262.33;262.33;1013.34;1962.68;3030.35;864.67;1991.00;2375.02;1092.68;772.68;224.66;0.00;2404.67;310.00;759.34;0.00;0.00;422.33;0.00;0.00;0.00;0.00;0.00
1762063448.5889404;0.00;0.00;0.00;0.00;1154.01;0.00;725.01;0.00;0.00;0.00;0.00;0.00;1249.34;0.00;0.00;0.00;144.67;0.00;0.00;629.67;0.00;677.34;0.00;224.66;262.33;262.33;1013.34;1962.68;3030.35;864.67;1991.00;2375.02;1092.68;772.68;224.66;0.00;2404.67;310.00;759.34;0.00;0.00;422.33;0.00;0.00;0.00;0.00;0.00
1762063448.6685255;0.00;0.00;0.00;0.00;1154.01;0.00;725.01;0.00;0.00;0.00;0.00;0.00;1249.34;0.00;0.00;0.00;289.34;0.00;0.00;629.67;0.00;677.34;0.00;224.66;262.33;262.33;1013.34;1962.68;3175.02;1104.67;1991.00;2375.02;1092.68;772.68;224.66;0.00;2404.67;310.00;989.34;0.00;0.00;422.33;0.00;0.00;0.00;0.00;0.00
1762063448.6692517;0.00;0.00;0.00;0.00;1154.01;0.00;725.01;0.00;0.00;0.00;0.00;0.00;1249.34;0.00;0.00;0.00;289.34;0.00;0.00;629.67;0.00;677.34;0.00;224.66;262.33;262.33;1013.34;1962.68;3175.02;1104.67;1991.00;2375.02;1092.68;772.68;224.66;0.00;2404.67;310.00;989.34;0.00;0.00;422.33;0.00;0.00;0.00;0.00;0.00
1762063448.749583;0.00;0.00;0.00;0.00;1154.01;0.00;725.01;0.00;0.00;0.00;0.00;0.00;1249.34;0.00;0.00;0.00;434.01;0.00;0.00;629.67;0.00;677.34;0.00;224.66;262.33;262.33;1013.34;1962.68;3319.69;1344.67;1991.00;2375.02;1092.68;772.68;224.66;0.00;2404.67;310.00;1219.34;0.00;0.00;422.33;0.00;0.00;0.00;0.00;0.00
1762063448.7503395;0.00;0.00;0.00;0.00;1154.01;0.00;725.01;0.00;0.00;0.00;0.00;0.00;1249.34;0.00;0.00;0.00;434.01;0.00;0.00;629.67;0.00;677.34;0.00;224.66;262.33;262.33;1013.34;1962.68;3319.69;1344.67;1991.00;2375.02;1092.68;772.68;224.66;0.00;2404.67;310.00;1219.34;0.00;0.00;422.33;0.00;0.00;0.00;0.00;0.00
1762063448.8353481;0.00;0.00;0.00;0.00;1154.01;0.00;725.01;0.00;0.00;0.00;0.00;0.00;1249.34;0.00;0.00;0.00;578.68;0.00;0.00;629.67;0.00;677.34;0.00;224.66;262.33;262.33;1013.34;1962.68;3464.36;1504.67;1991.00;2375.02;1092.68;772.68;224.66;230.00;2404.67;310.00;1529.34;0.00;0.00;422.33;0.00;0.00;0.00;0.00;0.00
1762063448.8362887;0.00;0.00;0.00;0.00;1154.01;0.00;725.01;0.00;0.00;0.00;0.00;0.00;1249.34;0.00;0.00;0.00;578.68;0.00;0.00;629.67;0.00;677.34;0.00;224.66;262.33;262.33;1013.34;1962.68;3464.36;1504.67;1991.00;2375.02;1092.68;772.68;224.66;230.00;2404.67;310.00;1529.34;0.00;0.00;422.33;0.00;0.00;0.00;0.00;0.00
1762063448.9201593;0.00;0.00;0.00;0.00;1154.01;0.00;725.01;0.00;0.00;0.00;0.00;0.00;1249.34;0.00;0.00;0.00;818.68;0.00;0.00;629.67;0.00;677.34;0.00;224.66;492.33;492.33;1093.34;2042.68;3624.36;1664.67;1991.00;2375.02;1092.68;772.68;224.66;230.00;2404.67;310.00;1839.34;0.00;0.00;422.33;0.00;0.00;0.00;0.00;0.00
1762063448.9209123;0.00;0.00;0.00;0.00;1154.01;0.00;725.01;0.00;0.00;0.00;0.00;0.00;1249.34;0.00;0.00;0.00;818.68;0.00;0.00;629.67;0.00;677.34;0.00;224.66;492.33;492.33;1093.34;2042.68;3624.36;1664.67;1991.00;2375.02;1092.68;772.68;224.66;230.00;2404.67;310.00;1839.34;0.00;0.00;422.33;0.00;0.00;0.00;0.00;0.00
1762063449.318828;0.00;0.00;0.00;0.00;1154.01;0.00;725.01;0.00;0.00;0.00;0.00;0.00;1249.34;0.00;0.00;0.00;1058.68;0.00;0.00;629.67;0.00;677.34;0.00;224.66;492.33;492.33;1413.34;2362.68;3854.36;1814.67;1991.00;2375.02;1092.68;772.68;224.66;460.00;2404.67;310.00;1839.34;320.00;0.00;422.33;310.00;0.00;0.00;0.00;0.00
1762063449.3195782;0.00;0.00;0.00;0.00;1154.01;0.00;725.01;0.00;0.00;0.00;0.00;0.00;1249.34;0.00;0.00;0.00;1058.68;0.00;0.00;629.67;0.00;677.34;0.00;224.66;492.33;492.33;1413.34;2362.68;3854.36;1814.67;1991.00;2375.02;1092.68;772.68;224.66;460.00;2404.67;310.00;1839.34;320.00;0.00;422.33;310.00;0.00;0.00;0.00;0.00
1762063453.3136034;0.00;144.67;0.00;0.00;1154.01;0.00;628.01;0.00;0.00;0.00;0.00;0.00;1249.34;0.00;0.00;0.00;1058.68;0.00;0.00;485.00;0.00;677.34;0.00;224.66;492.33;492.33;1268.67;2218.01;3399.69;1734.67;1958.67;2455.02;1092.68;772.68;224.66;460.00;2404.67;310.00;1839.34;320.00;0.00;422.33;310.00;0.00;0.00;0.00;0.00
1762063453.3140593;0.00;144.67;0.00;0.00;1154.01;0.00;628.01;0.00;0.00;0.00;0.00;0.00;1249.34;0.00;0.00;0.00;1058.68;0.00;0.00;485.00;0.00;677.34;0.00;224.66;492.33;492.33;1268.67;2218.01;3399.69;1734.67;1958.67;2455.02;1092.68;772.68;224.66;460.00;2404.67;310.00;1839.34;320.00;0.00;422.33;310.00;0.00;0.00;0.00;0.00
1762063453.3569252;0.00;144.67;0.00;0.00;1154.01;0.00;628.01;0.00;0.00;0.00;0.00;0.00;1489.34;0.00;0.00;0.00;1058.68;0.00;0.00;485.00;0.00;677.34;0.00;224.66;492.33;492.33;1268.67;2458.01;3639.69;1974.67;2198.67;2755.02;1092.68;772.68;224.66;460.00;2404.67;540.00;1839.34;320.00;0.00;422.33;310.00;0.00;0.00;0.00;0.00
1762063453.3573823;0.00;144.67;0.00;0.00;1154.01;0.00;628.01;0.00;0.00;0.00;0.00;0.00;1489.34;0.00;0.00;0.00;1058.68;0.00;0.00;485.00;0.00;677.34;0.00;224.66;492.33;492.33;1268.67;2458.01;3639.69;1974.67;2198.67;2755.02;1092.68;772.68;224.66;460.00;2404.67;540.00;1839.34;320.00;0.00;422.33;310.00;0.00;0.00;0.00;0.00
1762063468.3377194;0.00;144.67;0.00;0.00;674.01;97.00;483.34;0.00;0.00;0.00;0.00;0.00;1249.34;0.00;0.00;0.00;1058.68;0.00;0.00;0.00;0.00;677.34;0.00;64.66;342.33;342.33;882.33;1831.67;2918.02;1574.67;2215.67;2160.35;932.68;612.68;64.66;460.00;1854.67;310.00;1839.34;320.00;0.00;112.33;310.00;0.00;0.00;0.00;0.00
1762063468.3381684;0.00;144.67;0.00;0.00;674.01;97.00;483.34;0.00;0.00;0.00;0.00;0.00;1249.34;0.00;0.00;0.00;1058.68;0.00;0.00;0.00;0.00;677.34;0.00;64.66;342.33;342.33;882.33;1831.67;2918.02;1574.67;2215.67;2160.35;932.68;612.68;64.66;460.00;1854.67;310.00;1839.34;320.00;0.00;112.33;310.00;0.00;0.00;0.00;0.00
1762063468.3813457;0.00;144.67;0.00;0.00;674.01;97.00;580.34;0.00;0.00;0.00;0.00;0.00;1249.34;0.00;0.00;0.00;1058.68;0.00;0.00;0.00;0.00;677.34;0.00;64.66;342.33;342.33;882.33;1831.67;2918.02;1574.67;2478.00;2225.02;932.68;612.68;64.66;460.00;2164.67;310.00;1839.34;320.00;0.00;112.33;310.00;0.00;0.00;0.00;0.00
1762063468.3817968;0.00;144.67;0.00;0.00;674.01;97.00;580.34;0.00;0.00;0.00;0.00;0.00;1249.34;0.00;0.00;0.00;1058.68;0.00;0.00;0.00;0.00;677.34;0.00;64.66;342.33;342.33;882.33;1831.67;2918.02;1574.67;2478.00;2225.02;932.68;612.68;64.66;460.00;2164.67;310.00;1839.34;320.00;0.00;112.33;310.00;0.00;0.00;0.00;0.00
1762063468.424691;0.00;144.67;0.00;0.00;674.01;97.00;725.01;0.00;0.00;0.00;0.00;0.00;1249.34;0.00;0.00;0.00;1058.68;0.00;0.00;0.00;0.00;677.34;0.00;64.66;342.33;342.33;882.33;1831.67;2918.02;1574.67;2778.00;2449.69;932.68;612.68;64.66;460.00;2389.34;620.00;1839.34;320.00;0.00;112.33;310.00;0.00;0.00;0.00;0.00
1762063468.4251332;0.00;144.67;0.00;0.00;674.01;97.00;725.01;0.00;0.00;0.00;0.00;0.00;1249.34;0.00;0.00;0.00;1058.68;0.00;0.00;0.00;0.00;677.34;0.00;64.66;342.33;342.33;882.33;1831.67;2918.02;1574.67;2778.00;2449.69;932.68;612.68;64.66;460.00;2389.34;620.00;1839.34;320.00;0.00;112.33;310.00;0.00;0.00;0.00;0.00
1762063473.3742878;0.00;144.67;0.00;0.00;434.01;97.00;869.68;0.00;0.00;0.00;0.00;0.00;1249.34;0.00;0.00;0.00;1058.68;0.00;0.00;0.00;0.00;677.34;0.00;64.66;342.33;342.33;882.33;1831.67;2918.02;1574.67;2928.00;2514.36;932.68;612.68;64.66;460.00;2389.34;620.00;1839.34;320.00;0.00;112.33;310.00;0.00;0.00;0.00;0.00
1762063473.3750577;0.00;144.67;0.00;0.00;434.01;97.00;869.68;0.00;0.00;0.00;0.00;0.00;1249.34;0.00;0.00;0.00;1058.68;0.00;0.00;0.00;0.00;677.34;0.00;64.66;342.33;342.33;882.33;1831.67;2918.02;1574.67;2928.00;2514.36;932.68;612.68;64.66;460.00;2389.34;620.00;1839.34;320.00;0.00;112.33;310.00;0.00;0.00;0.00;0.00
1762063473.579246;0.00;144.67;0.00;0.00;434.01;97.00;869.68;0.00;0.00;0.00;0.00;0.00;1249.34;0.00;0.00;0.00;1058.68;144.67;0.00;0.00;0.00;677.34;0.00;64.66;342.33;487.00;882.33;1831.67;2918.02;1574.67;2928.00;2514.36;932.68;612.68;64.66;460.00;2389.34;620.00;1839.34;320.00;0.00;112.33;310.00;0.00;0.00;0.00;0.00
1762063473.5796974;0.00;144.67;0.00;0.00;434.01;97.00;869.68;0.00;0.00;0.00;0.00;0.00;1249.34;0.00;0.00;0.00;1058.68;144.67;0.00;0.00;0.00;677.34;0.00;64.66;342.33;487.00;882.33;1831.67;2918.02;1574.67;2928.00;2514.36;932.68;612.68;64.66;460.00;2389.34;620.00;1839.34;320.00;0.00;112.33;310.00;0.00;0.00;0.00;0.00
1762063473.7871966;0.00;144.67;0.00;0.00;434.01;97.00;869.68;0.00;0.00;0.00;0.00;0.00;1249.34;0.00;0.00;0.00;1058.68;289.34;0.00;0.00;0.00;677.34;0.00;64.66;342.33;631.67;882.33;1831.67;2918.02;1574.67;2928.00;2514.36;932.68;612.68;64.66;460.00;2389.34;620.00;1839.34;320.00;0.00;112.33;310.00;0.00;0.00;0.00;0.00
1762063473.787652;0.00;144.67;0.00;0.00;434.01;97.00;869.68;0.00;0.00;0.00;0.00;0.00;1249.34;0.00;0.00;0.00;1058.68;289.34;0.00;0.00;0.00;677.34;0.00;64.66;342.33;631.67;882.33;1831.67;2918.02;1574.67;2928.00;2514.36;932.68;612.68;64.66;460.00;2389.34;620.00;1839.34;320.00;0.00;112.33;310.00;0.00;0.00;0.00;0.00
1762063473.847421;0.00;144.67;0.00;0.00;434.01;97.00;869.68;0.00;0.00;0.00;0.00;0.00;1249.34;0.00;0.00;0.00;1058.68;434.01;0.00;0.00;0.00;677.34;0.00;64.66;342.33;776.34;1042.33;1991.67;3078.02;1574.67;2928.00;2514.36;932.68;612.68;64.66;460.00;2389.34;620.00;1839.34;320.00;0.00;112.33;310.00;0.00;0.00;0.00;0.00
1762063473.8478599;0.00;144.67;0.00;0.00;434.01;97.00;869.68;0.00;0.00;0.00;0.00;0.00;1249.34;0.00;0.00;0.00;1058.68;434.01;0.00;0.00;0.00;677.34;0.00;64.66;342.33;776.34;1042.33;1991.67;3078.02;1574.67;2928.00;2514.36;932.68;612.68;64.66;460.00;2389.34;620.00;1839.34;320.00;0.00;112.33;310.00;0.00;0.00;0.00;0.00
1762063473.9096885;0.00;144.67;0.00;0.00;434.01;97.00;869.68;0.00;0.00;0.00;0.00;0.00;1249.34;0.00;0.00;0.00;1058.68;578.68;0.00;0.00;0.00;677.34;0.00;64.66;342.33;921.01;1282.33;2231.67;3318.02;1574.67;2928.00;2514.36;932.68;612.68;64.66;460.00;2389.34;620.00;1839.34;320.00;0.00;112.33;310.00;0.00;0.00;0.00;0.00
1762063473.9101343;0.00;144.67;0.00;0.00;434.01;97.00;869.68;0.00;0.00;0.00;0.00;0.00;1249.34;0.00;0.00;0.00;1058.68;578.68;0.00;0.00;0.00;677.34;0.00;64.66;342.33;921.01;1282.33;2231.67;3318.02;1574.67;2928.00;2514.36;932.68;612.68;64.66;460.00;2389.34;620.00;1839.34;320.00;0.00;112.33;310.00;0.00;0.00;0.00;0.00
1762063473.9746199;0.00;144.67;0.00;0.00;434.01;97.00;869.68;0.00;0.00;0.00;0.00;0.00;1249.34;0.00;0.00;0.00;1058.68;818.68;0.00;0.00;0.00;677.34;0.00;64.66;342.33;1161.01;1522.33;2471.67;3558.02;1724.67;2928.00;2514.36;932.68;612.68;64.66;460.00;2389.34;620.00;1839.34;320.00;0.00;112.33;310.00;0.00;0.00;0.00;0.00
1762063473.9750714;0.00;144.67;0.00;0.00;434.01;97.00;869.68;0.00;0.00;0.00;0.00;0.00;1249.34;0.00;0.00;0.00;1058.68;818.68;0.00;0.00;0.00;677.34;0.00;64.66;342.33;1161.01;1522.33;2471.67;3558.02;1724.67;2928.00;2514.36;932.68;612.68;64.66;460.00;2389.34;620.00;1839.34;320.00;0.00;112.33;310.00;0.00;0.00;0.00;0.00
1762063474.036825;0.00;144.67;0.00;0.00;434.01;97.00;869.68;0.00;0.00;0.00;0.00;0.00;1249.34;0.00;0.00;0.00;1058.68;1058.68;0.00;0.00;0.00;677.34;0.00;64.66;342.33;1401.01;1762.33;2711.67;3798.02;1874.67;2928.00;2514.36;932.68;612.68;64.66;460.00;2389.34;620.00;1839.34;320.00;0.00;112.33;310.00;0.00;0.00;0.00;0.00
1762063474.0372665;0.00;144.67;0.00;0.00;434.01;97.00;869.68;0.00;0.00;0.00;0.00;0.00;1249.34;0.00;0.00;0.00;1058.68;1058.68;0.00;0.00;0.00;677.34;0.00;64.66;342.33;1401.01;1762.33;2711.67;3798.02;1874.67;2928.00;2514.36;932.68;612.68;64.66;460.00;2389.34;620.00;1839.34;320.00;0.00;112.33;310.00;0.00;0.00;0.00;0.00
1762063478.377744;0.00;289.34;0.00;0.00;434.01;97.00;483.34;0.00;0.00;0.00;0.00;0.00;1249.34;0.00;0.00;0.00;1058.68;1058.68;0.00;0.00;0.00;677.34;0.00;64.66;342.33;1401.01;1762.33;2711.67;3798.02;1874.67;2295.67;2225.02;932.68;612.68;64.66;460.00;1854.67;310.00;1839.34;320.00;0.00;112.33;310.00;0.00;0.00;0.00;0.00
1762063478.3781958;0.00;289.34;0.00;0.00;434.01;97.00;483.34;0.00;0.00;0.00;0.00;0.00;1249.34;0.00;0.00;0.00;1058.68;1058.68;0.00;0.00;0.00;677.34;0.00;64.66;342.33;1401.01;1762.33;2711.67;3798.02;1874.67;2295.67;2225.02;932.68;612.68;64.66;460.00;1854.67;310.00;1839.34;320.00;0.00;112.33;310.00;0.00;0.00;0.00;0.00
1762063478.439293;0.00;529.34;0.00;0.00;434.01;97.00;483.34;0.00;0.00;0.00;0.00;0.00;1249.34;0.00;0.00;0.00;1058.68;1058.68;0.00;0.00;0.00;677.34;0.00;64.66;342.33;1401.01;1762.33;2711.67;3798.02;1874.67;2295.67;2535.02;932.68;612.68;64.66;460.00;2164.67;310.00;1839.34;320.00;0.00;112.33;310.00;0.00;0.00;0.00;0.00
1762063478.4397738;0.00;529.34;0.00;0.00;434.01;97.00;483.34;0.00;0.00;0.00;0.00;0.00;1249.34;0.00;0.00;0.00;1058.68;1058.68;0.00;0.00;0.00;677.34;0.00;64.66;342.33;1401.01;1762.33;2711.67;3798.02;1874.67;2295.67;2535.02;932.68;612.68;64.66;460.00;2164.67;310.00;1839.34;320.00;0.00;112.33;310.00;0.00;0.00;0.00;0.00
1762063478.488618;0.00;769.34;0.00;0.00;434.01;97.00;483.34;0.00;0.00;0.00;0.00;0.00;1249.34;0.00;0.00;0.00;1058.68;1058.68;0.00;0.00;0.00;677.34;0.00;64.66;342.33;1401.01;1762.33;2711.67;3798.02;1874.67;2295.67;2845.02;932.68;612.68;64.66;460.00;2474.67;310.00;1839.34;320.00;0.00;112.33;310.00;0.00;0.00;0.00;0.00
1762063478.4890668;0.00;769.34;0.00;0.00;434.01;97.00;483.34;0.00;0.00;0.00;0.00;0.00;1249.34;0.00;0.00;0.00;1058.68;1058.68;0.00;0.00;0.00;677.34;0.00;64.66;342.33;1401.01;1762.33;2711.67;3798.02;1874.67;2295.67;2845.02;932.68;612.68;64.66;460.00;2474.67;310.00;1839.34;320.00;0.00;112.33;310.00;0.00;0.00;0.00;0.00
1762063488.3940485;0.00;144.67;0.00;0.00;0.00;97.00;483.34;0.00;0.00;0.00;0.00;97.00;864.67;0.00;0.00;0.00;1058.68;1058.68;0.00;0.00;0.00;677.34;0.00;64.66;342.33;1401.01;1709.33;2584.00;3220.35;2114.67;2455.67;1850.35;932.68;612.68;64.66;460.00;914.67;310.00;1839.34;320.00;0.00;112.33;310.00;0.00;0.00;0.00;0.00
1762063488.394492;0.00;144.67;0.00;0.00;0.00;97.00;483.34;0.00;0.00;0.00;0.00;97.00;864.67;0.00;0.00;0.00;1058.68;1058.68;0.00;0.00;0.00;677.34;0.00;64.66;342.33;1401.01;1709.33;2584.00;3220.35;2114.67;2455.67;1850.35;932.68;612.68;64.66;460.00;914.67;310.00;1839.34;320.00;0.00;112.33;310.00;0.00;0.00;0.00;0.00
1762063488.5929291;0.00;144.67;0.00;0.00;0.00;97.00;483.34;0.00;0.00;0.00;0.00;241.67;864.67;0.00;0.00;0.00;1058.68;1058.68;0.00;0.00;0.00;677.34;0.00;64.66;342.33;1401.01;2004.00;2648.67;3285.02;2274.67;2615.67;2010.35;932.68;612.68;64.66;460.00;914.67;310.00;1839.34;320.00;0.00;112.33;310.00;0.00;0.00;0.00;0.00
1762063488.5933833;0.00;144.67;0.00;0.00;0.00;97.00;483.34;0.00;0.00;0.00;0.00;241.67;864.67;0.00;0.00;0.00;1058.68;1058.68;0.00;0.00;0.00;677.34;0.00;64.66;342.33;1401.01;2004.00;2648.67;3285.02;2274.67;2615.67;2010.35;932.68;612.68;64.66;460.00;914.67;310.00;1839.34;320.00;0.00;112.33;310.00;0.00;0.00;0.00;0.00
1762063492.6074195;0.00;144.67;0.00;0.00;0.00;97.00;483.34;0.00;0.00;0.00;0.00;338.67;864.67;0.00;0.00;0.00;1058.68;1058.68;0.00;0.00;0.00;0.00;0.00;0.00;230.00;1288.68;2116.34;2761.01;3349.69;2584.67;1503.34;1399.34;320.00;0.00;0.00;460.00;690.00;310.00;1529.34;320.00;0.00;0.00;310.00;0.00;0.00;0.00;0.00
1762063492.6081598;0.00;144.67;0.00;0.00;0.00;97.00;483.34;0.00;0.00;0.00;0.00;338.67;864.67;0.00;0.00;0.00;1058.68;1058.68;0.00;0.00;0.00;0.00;0.00;0.00;230.00;1288.68;2116.34;2761.01;3349.69;2584.67;1503.34;1399.34;320.00;0.00;0.00;460.00;690.00;310.00;1529.34;320.00;0.00;0.00;310.00;0.00;0.00;0.00;0.00
1762063492.6847837;0.00;144.67;0.00;0.00;0.00;97.00;483.34;0.00;0.00;0.00;0.00;435.67;864.67;0.00;0.00;0.00;1058.68;1058.68;0.00;0.00;0.00;0.00;0.00;0.00;230.00;1288.68;2411.01;2825.68;3499.69;2584.67;1503.34;1399.34;320.00;0.00;0.00;460.00;690.00;310.00;1529.34;320.00;0.00;0.00;310.00;0.00;0.00;0.00;0.00
1762063492.6855285;0.00;144.67;0.00;0.00;0.00;97.00;483.34;0.00;0.00;0.00;0.00;435.67;864.67;0.00;0.00;0.00;1058.68;1058.68;0.00;0.00;0.00;0.00;0.00;0.00;230.00;1288.68;2411.01;2825.68;3499.69;2584.67;1503.34;1399.34;320.00;0.00;0.00;460.00;690.00;310.00;1529.34;320.00;0.00;0.00;310.00;0.00;0.00;0.00;0.00
1762063492.769376;0.00;144.67;0.00;0.00;0.00;97.00;483.34;0.00;0.00;0.00;0.00;532.67;864.67;0.00;0.00;0.00;1058.68;1058.68;0.00;0.00;0.00;0.00;0.00;0.00;230.00;1288.68;2508.01;3065.68;3739.69;2824.67;1503.34;1399.34;320.00;0.00;0.00;460.00;690.00;310.00;1529.34;320.00;0.00;0.00;310.00;0.00;0.00;0.00;0.00
1762063492.7701538;0.00;144.67;0.00;0.00;0.00;97.00;483.34;0.00;0.00;0.00;0.00;532.67;864.67;0.00;0.00;0.00;1058.68;1058.68;0.00;0.00;0.00;0.00;0.00;0.00;230.00;1288.68;2508.01;3065.68;3739.69;2824.67;1503.34;1399.34;320.00;0.00;0.00;460.00;690.00;310.00;1529.34;320.00;0.00;0.00;310.00;0.00;0.00;0.00;0.00
1762063492.8548946;0.00;144.67;0.00;0.00;0.00;97.00;483.34;0.00;0.00;0.00;0.00;725.00;864.67;0.00;0.00;0.00;1058.68;1058.68;0.00;0.00;0.00;0.00;0.00;0.00;230.00;1401.01;2898.01;3225.68;3899.69;2984.67;1503.34;1399.34;320.00;0.00;0.00;780.00;690.00;310.00;1839.34;320.00;0.00;0.00;310.00;112.33;0.00;0.00;0.00
1762063492.8556619;0.00;144.67;0.00;0.00;0.00;97.00;483.34;0.00;0.00;0.00;0.00;725.00;864.67;0.00;0.00;0.00;1058.68;1058.68;0.00;0.00;0.00;0.00;0.00;0.00;230.00;1401.01;2898.01;3225.68;3899.69;2984.67;1503.34;1399.34;320.00;0.00;0.00;780.00;690.00;310.00;1839.34;320.00;0.00;0.00;310.00;112.33;0.00;0.00;0.00
1762063492.9447646;0.00;144.67;0.00;0.00;0.00;97.00;483.34;0.00;0.00;0.00;0.00;822.00;864.67;0.00;0.00;0.00;1058.68;1058.68;0.00;0.00;0.00;0.00;0.00;160.00;294.67;1465.68;3080.34;3225.68;3899.69;2984.67;1503.34;1399.34;480.00;160.00;160.00;780.00;690.00;310.00;1839.34;320.00;0.00;0.00;310.00;112.33;0.00;0.00;0.00
1762063492.9455495;0.00;144.67;0.00;0.00;0.00;97.00;483.34;0.00;0.00;0.00;0.00;822.00;864.67;0.00;0.00;0.00;1058.68;1058.68;0.00;0.00;0.00;0.00;0.00;160.00;294.67;1465.68;3080.34;3225.68;3899.69;2984.67;1503.34;1399.34;480.00;160.00;160.00;780.00;690.00;310.00;1839.34;320.00;0.00;0.00;310.00;112.33;0.00;0.00;0.00
1762063493.0255547;0.00;144.67;0.00;0.00;0.00;97.00;483.34;0.00;0.00;0.00;0.00;966.67;864.67;0.00;0.00;0.00;1058.68;1058.68;0.00;0.00;0.00;0.00;0.00;160.00;519.34;1690.35;3620.34;3545.68;3899.69;2984.67;1503.34;1399.34;480.00;160.00;160.00;780.00;690.00;310.00;1839.34;320.00;310.00;0.00;630.00;112.33;0.00;0.00;0.00
1762063493.0263166;0.00;144.67;0.00;0.00;0.00;97.00;483.34;0.00;0.00;0.00;0.00;966.67;864.67;0.00;0.00;0.00;1058.68;1058.68;0.00;0.00;0.00;0.00;0.00;160.00;519.34;1690.35;3620.34;3545.68;3899.69;2984.67;1503.34;1399.34;480.00;160.00;160.00;780.00;690.00;310.00;1839.34;320.00;310.00;0.00;630.00;112.33;0.00;0.00;0.00
