No.,timestamp,time_seconds,users,cpu_utilization,bandwidth_utilization,cache_utilization,mobile_cpu_utilization,mobile_cache_utilization,latency,latency_diff,wait_time,decision_time_ms,success,fail_reason,sfc_id,recovery_time,sfc_recovered,cpu_saved,cache_saved,shared_vnfs,running_sfcs,running_players,running_sessions,trascode_bw,crashing,acceptance_rate,cpu_per_flow,cache_per_flow,energy_consumption
0,1759174250.1374557,0,1,0.0234,0.0195,0.0249,6.0,0.0,8.48,None,None,10.863,True,None,sfc_cache_p1_1,0,None,0,0,1,2,0,0,0,False,100.0,15.5,16.5,2067.1475003869373
0,1759174250.1380508,0.0,1,0.0234,0.0195,0.0249,6.0,0.0,6.67,None,None,9.204,True,None,sfc_unique_p1_1,0,None,0,0,1,2,0,0,0,False,100.0,15.5,16.5,2067.1475003869373
0,1759174250.1651263,0.0,2,0.0438,0.0362,0.0249,12.0,0.0,7.65,None,None,9.444,True,None,sfc_cache_p2_1,0,None,4,33.0,4,4,0,0,0,False,100.0,14.5,8.25,2115.0321157715525
0,1759174250.1655445,0.0,2,0.0438,0.0362,0.0249,12.0,0.0,6.18,None,None,9.134,True,None,sfc_unique_p2_1,0,None,4,33.0,4,4,0,0,0,False,100.0,14.5,8.25,2115.0321157715525
0,1759174250.1845632,0.0,3,0.0643,0.0557,0.0249,18.0,0.0,8.53,None,None,6.992,True,None,sfc_cache_p3_1,0,None,8,66.0,7,6,0,0,0,False,100.0,14.166666666666666,5.5,2120.2557653613994
0,1759174250.1848042,0.0,3,0.0643,0.0557,0.0249,18.0,0.0,7.01,None,None,5.3,True,None,sfc_unique_p3_1,0,None,8,66.0,7,6,0,0,0,False,100.0,14.166666666666666,5.5,2120.2557653613994
0,1759174250.207282,0.1,4,0.0877,0.0714,0.0499,24.0,0.0,8.88,None,None,9.367,True,None,sfc_cache_p4_1,0,None,8,66.0,9,8,0,0,0,False,100.0,14.5,8.25,2144.0523912707013
0,1759174250.2074962,0.1,4,0.0877,0.0714,0.0499,24.0,0.0,7.53,None,None,9.025,True,None,sfc_unique_p4_1,0,None,8,66.0,9,8,0,0,0,False,100.0,14.5,8.25,2144.0523912707013
0,1759174273.1222599,23.0,6,0.1111,0.0805,0.0748,30.0,0.0,7.16,None,None,8.532,True,None,sfc_cache_p1_2,0,None,8,66.0,10,10,0,0,0,False,100.0,14.7,9.9,2156.629778672032
0,1759174273.122519,23.0,6,0.1111,0.0805,0.0748,30.0,0.0,6.71,None,None,5.353,True,None,sfc_unique_p1_2,0,None,8,66.0,10,10,0,0,0,False,100.0,14.7,9.9,2156.629778672032
0,1759174273.1459706,23.0,7,0.1315,0.0861,0.0748,36.0,0.0,7.87,None,None,9.452,True,None,sfc_cache_p2_2,0,None,12,99.0,13,12,0,0,0,False,100.0,14.5,8.25,2200.822628076149
0,1759174273.146217,23.0,7,0.1315,0.0861,0.0748,36.0,0.0,6.43,None,None,6.408,True,None,sfc_unique_p2_2,0,None,12,99.0,13,12,0,0,0,False,100.0,14.5,8.25,2200.822628076149
0,1759174273.1604133,23.0,8,0.152,0.0917,0.0748,42.0,0.0,7.02,None,None,5.44,True,None,sfc_cache_p3_2,0,None,16,132.0,16,14,0,0,0,False,100.0,14.357142857142858,7.071428571428571,2210.378424392509
0,1759174273.1606624,23.0,8,0.152,0.0917,0.0748,42.0,0.0,5.75,None,None,5.368,True,None,sfc_unique_p3_2,0,None,16,132.0,16,14,0,0,0,False,100.0,14.357142857142858,7.071428571428571,2210.378424392509
0,1759174273.1767502,23.0,9,0.1724,0.099,0.0748,48.0,0.0,8.4,None,None,5.518,True,None,sfc_cache_p4_2,0,None,20,165.0,19,16,0,0,0,False,100.0,14.25,6.1875,2222.5669401021514
0,1759174273.1769874,23.0,9,0.1724,0.099,0.0748,48.0,0.0,7.22,None,None,5.412,True,None,sfc_unique_p4_2,0,None,20,165.0,19,16,0,0,0,False,100.0,14.25,6.1875,2222.5669401021514
0,1759174299.1376257,49.0,11,0.1958,0.1073,0.0998,54.0,0.0,6.87,None,None,9.916,True,None,sfc_cache_p1_3,0,None,20,165.0,20,18,0,0,0,False,100.0,14.38888888888889,7.333333333333333,2239.6540783160503
0,1759174299.1380959,49.0,11,0.1958,0.1073,0.0998,54.0,0.0,5.77,None,None,9.165,True,None,sfc_unique_p1_3,0,None,20,165.0,20,18,0,0,0,False,100.0,14.38888888888889,7.333333333333333,2239.6540783160503
0,1759174299.1582005,49.0,12,0.2162,0.1201,0.0998,60.0,0.0,6.7,None,None,5.615,True,None,sfc_cache_p2_3,0,None,24,198.0,23,20,0,0,0,False,100.0,14.3,6.6,2255.923142702368
0,1759174299.1584423,49.0,12,0.2162,0.1201,0.0998,60.0,0.0,8.99,None,None,5.361,True,None,sfc_unique_p2_3,0,None,24,198.0,23,20,0,0,0,False,100.0,14.3,6.6,2255.923142702368
0,1759174299.1813424,49.0,13,0.2366,0.1284,0.0998,66.0,0.0,8.2,None,None,9.48,True,None,sfc_cache_p3_3,0,None,28,231.0,26,22,0,0,0,False,100.0,14.227272727272727,6.0,2277.398146571738
0,1759174299.181581,49.0,13,0.2366,0.1284,0.0998,66.0,0.0,5.36,None,None,6.36,True,None,sfc_unique_p3_3,0,None,28,231.0,26,22,0,0,0,False,100.0,14.227272727272727,6.0,2277.398146571738
0,1759174299.207493,49.1,14,0.2601,0.1382,0.1247,72.0,0.0,8.51,None,None,9.499,True,None,sfc_cache_p4_3,0,None,28,231.0,28,24,0,0,0,False,100.0,14.333333333333334,6.875,2293.578304442037
0,1759174299.2079337,49.1,14,0.2601,0.1382,0.1247,72.0,0.0,5.74,None,None,9.097,True,None,sfc_unique_p4_3,0,None,28,231.0,28,24,0,0,0,False,100.0,14.333333333333334,6.875,2293.578304442037
0,1759174319.1516256,69.0,16,0.2835,0.1478,0.1497,78.0,0.0,8.06,None,None,9.731,True,None,sfc_cache_p1_4,0,None,28,231.0,29,26,0,0,0,False,100.0,14.423076923076923,7.615384615384615,2327.2619447453953
0,1759174319.1521094,69.0,16,0.2835,0.1478,0.1497,78.0,0.0,6.44,None,None,9.074,True,None,sfc_unique_p1_4,0,None,28,231.0,29,26,0,0,0,False,100.0,14.423076923076923,7.615384615384615,2327.2619447453953
0,1759174319.1776395,69.0,17,0.3039,0.1574,0.1497,84.0,0.0,8.35,None,None,9.294,True,None,sfc_cache_p2_4,0,None,32,264.0,32,28,0,0,0,False,100.0,14.357142857142858,7.071428571428571,2359.697326265284
0,1759174319.1780639,69.0,17,0.3039,0.1574,0.1497,84.0,0.0,6.26,None,None,9.062,True,None,sfc_unique_p2_4,0,None,32,264.0,32,28,0,0,0,False,100.0,14.357142857142858,7.071428571428571,2359.697326265284
0,1759174319.203259,69.1,18,0.3243,0.167,0.1497,90.0,0.0,8.07,None,None,9.204,True,None,sfc_cache_p3_4,0,None,36,297.0,35,30,0,0,0,False,100.0,14.3,6.6,2369.0998955270084
0,1759174319.2037165,69.1,18,0.3243,0.167,0.1497,90.0,0.0,6.45,None,None,9.043,True,None,sfc_unique_p3_4,0,None,36,297.0,35,30,0,0,0,False,100.0,14.3,6.6,2369.0998955270084
0,1759174319.2299113,69.1,19,0.3447,0.1766,0.1497,96.0,0.0,8.34,None,None,9.231,True,None,sfc_cache_p4_4,0,None,40,330.0,38,32,0,0,0,False,100.0,14.25,6.1875,2387.560273177527
0,1759174319.230467,69.1,19,0.3447,0.1766,0.1497,96.0,0.0,6.58,None,None,9.003,True,None,sfc_unique_p4_4,0,None,40,330.0,38,32,0,0,0,False,100.0,14.25,6.1875,2387.560273177527
0,1759174323.2178056,73.1,19,0.3039,0.1388,0.1497,84.0,0.0,10.37,None,None,9.94,True,None,sfc_cache_p4_1,0,None,32,264.0,32,28,0,0,0,False,100.0,14.357142857142858,7.071428571428571,2354.2132680699583
0,1759174323.2184305,73.1,19,0.3039,0.1388,0.1497,84.0,0.0,7.16,None,None,9.758,True,None,sfc_unique_p4_1,0,None,32,264.0,32,28,0,0,0,False,100.0,14.357142857142858,7.071428571428571,2354.2132680699583
0,1759174323.2384403,73.1,19,0.3273,0.1531,0.1746,90.0,0.0,9.08,None,None,7.126,True,None,sfc_cache_p3_1,0,None,32,264.0,34,30,0,0,0,False,100.0,14.433333333333334,7.7,2382.5068758706084
0,1759174323.238756,73.1,19,0.3273,0.1531,0.1746,90.0,0.0,7.71,None,None,6.87,True,None,sfc_unique_p3_1,0,None,32,264.0,34,30,0,0,0,False,100.0,14.433333333333334,7.7,2382.5068758706084
0,1759174323.2647457,73.1,19,0.3508,0.1693,0.1996,96.0,0.0,9.33,None,None,10.388,True,None,sfc_cache_p1_1,0,None,32,264.0,36,32,0,0,0,False,100.0,14.5,8.25,2395.556326420059
0,1759174323.2650473,73.1,19,0.3508,0.1693,0.1996,96.0,0.0,7.63,None,None,7.087,True,None,sfc_unique_p1_1,0,None,32,264.0,36,32,0,0,0,False,100.0,14.5,8.25,2395.556326420059
0,1759174328.2207017,78.1,19,0.3538,0.1694,0.2245,96.0,0.0,8.17,None,None,9.99,True,None,sfc_cache_p1_2,0,None,28,231.0,35,32,0,0,0,False,100.0,14.625,9.28125,2400.5106678532734
0,1759174328.2212715,78.1,19,0.3538,0.1694,0.2245,96.0,0.0,6.92,None,None,9.388,True,None,sfc_unique_p1_2,0,None,28,231.0,35,32,0,0,0,False,100.0,14.625,9.28125,2400.5106678532734
0,1759174333.1608148,83.0,21,0.3772,0.1841,0.2495,102.0,0.0,7.52,None,None,9.643,True,None,sfc_cache_p1_5,0,None,28,231.0,36,34,0,0,0,False,100.0,14.676470588235293,9.705882352941176,2412.1454767063924
0,1759174333.1613016,83.0,21,0.3772,0.1841,0.2495,102.0,0.0,7.15,None,None,9.165,True,None,sfc_unique_p1_5,0,None,28,231.0,36,34,0,0,0,False,100.0,14.676470588235293,9.705882352941176,2412.1454767063924
0,1759174333.192197,83.1,22,0.3976,0.197,0.2495,108.0,0.0,7.64,None,None,9.337,True,None,sfc_cache_p2_5,0,None,32,264.0,39,36,0,0,0,False,100.0,14.61111111111111,9.166666666666666,2438.9308543569105
0,1759174333.1926646,83.1,22,0.3976,0.197,0.2495,108.0,0.0,6.91,None,None,9.058,True,None,sfc_unique_p2_5,0,None,32,264.0,39,36,0,0,0,False,100.0,14.61111111111111,9.166666666666666,2438.9308543569105
0,1759174333.2210338,83.1,23,0.4181,0.2214,0.2495,114.0,0.0,7.52,None,None,9.316,True,None,sfc_cache_p3_5,0,None,36,297.0,42,38,0,0,0,False,100.0,14.552631578947368,8.68421052631579,2477.8159721133406
0,1759174333.2214918,83.1,23,0.4181,0.2214,0.2495,114.0,0.0,13.34,None,None,9.077,True,None,sfc_unique_p3_5,0,None,36,297.0,42,38,0,0,0,False,100.0,14.552631578947368,8.68421052631579,2477.8159721133406
0,1759174333.2557354,83.1,24,0.4415,0.2364,0.2744,120.0,0.0,10.25,None,None,11.426,True,None,sfc_cache_p4_5,0,None,36,297.0,44,40,0,0,0,False,100.0,14.6,9.075,2494.048416781349
0,1759174333.2562866,83.1,24,0.4415,0.2364,0.2744,120.0,0.0,7.85,None,None,11.459,True,None,sfc_unique_p4_5,0,None,36,297.0,44,40,0,0,0,False,100.0,14.6,9.075,2494.048416781349
0,1759174338.2960792,88.2,24,0.4415,0.2391,0.2744,120.0,0.0,8.7,None,None,12.428,True,None,sfc_cache_p2_2,0,None,36,297.0,44,40,0,0,0,False,100.0,14.6,9.075,2494.048416781349
0,1759174338.296675,88.2,24,0.4415,0.2391,0.2744,120.0,0.0,6.75,None,None,11.756,True,None,sfc_unique_p2_2,0,None,36,297.0,44,40,0,0,0,False,100.0,14.6,9.075,2494.048416781349
0,1759174348.3007374,98.2,24,0.4445,0.2417,0.2994,120.0,0.0,9.51,None,None,12.289,True,None,sfc_cache_p2_3,0,None,32,264.0,43,40,0,0,0,False,100.0,14.7,9.9,2492.8021816784235
0,1759174348.3010888,98.2,24,0.4445,0.2417,0.2994,120.0,0.0,7.96,None,None,10.053,True,None,sfc_unique_p2_3,0,None,32,264.0,43,40,0,0,0,False,100.0,14.7,9.9,2492.8021816784235
0,1759174352.164122,102.0,26,0.4679,0.2519,0.3243,126.0,0.0,11.65,None,None,5.696,True,None,sfc_cache_p1_6,0,None,32,264.0,43,42,0,0,0,False,100.0,14.738095238095237,10.214285714285714,2497.0878959641377
0,1759174352.1643915,102.0,26,0.4679,0.2519,0.3243,126.0,0.0,7.7,None,None,5.169,True,None,sfc_unique_p1_6,0,None,32,264.0,43,42,0,0,0,False,100.0,14.738095238095237,10.214285714285714,2497.0878959641377
0,1759174352.1897306,102.1,27,0.4914,0.2823,0.3493,132.0,0.0,9.91,None,None,9.481,True,None,sfc_cache_p2_6,0,None,32,264.0,45,44,0,0,0,False,100.0,14.772727272727273,10.5,2538.5978959641375
0,1759174352.1899855,102.1,27,0.4914,0.2823,0.3493,132.0,0.0,9.71,None,None,6.509,True,None,sfc_unique_p2_6,0,None,32,264.0,45,44,0,0,0,False,100.0,14.772727272727273,10.5,2538.5978959641375
0,1759174352.2214215,102.1,28,0.5148,0.3072,0.3742,138.0,0.0,12.04,None,None,9.643,True,None,sfc_cache_p3_6,0,None,32,264.0,47,46,0,0,0,False,100.0,14.804347826086957,10.76086956521739,2555.330687171586
0,1759174352.2216868,102.1,28,0.5148,0.3072,0.3742,138.0,0.0,11.36,None,None,6.828,True,None,sfc_unique_p3_6,0,None,32,264.0,47,46,0,0,0,False,100.0,14.804347826086957,10.76086956521739,2555.330687171586
0,1759174352.2508144,102.1,29,0.5352,0.3259,0.3742,156.0,0.0,10.61,None,None,9.299,True,None,sfc_cache_p4_6,0,None,36,297.0,50,48,0,0,0,False,100.0,14.75,10.3125,2564.9735443144427
0,1759174352.2512605,102.1,29,0.5352,0.3259,0.3742,156.0,0.0,14.59,None,None,9.344,True,None,sfc_unique_p4_6,0,None,36,297.0,50,48,0,0,0,False,100.0,14.75,10.3125,2564.9735443144427
0,1759174353.307959,103.2,29,0.5383,0.3269,0.3992,168.0,0.0,8.72,None,None,12.031,True,None,sfc_cache_p3_3,0,None,32,264.0,49,48,0,0,0,False,100.0,14.833333333333334,11.0,2574.3420631195813
0,1759174353.3085265,103.2,29,0.5383,0.3269,0.3992,168.0,0.0,15.86,None,None,11.585,True,None,sfc_unique_p3_3,0,None,32,264.0,49,48,0,0,0,False,100.0,14.833333333333334,11.0,2574.3420631195813
0,1759174372.1892672,122.1,31,0.4679,0.2796,0.3243,150.0,0.0,6.53,None,None,9.711,True,None,sfc_cache_p1_7,0,None,32,264.0,43,42,0,0,0,False,100.0,14.738095238095237,10.214285714285714,2496.359165735276
0,1759174372.1897702,122.1,31,0.4679,0.2796,0.3243,150.0,0.0,5.21,None,None,9.15,True,None,sfc_unique_p1_7,0,None,32,264.0,43,42,0,0,0,False,100.0,14.738095238095237,10.214285714285714,2496.359165735276
0,1759174372.220742,122.1,32,0.4884,0.2999,0.3243,156.0,0.0,7.86,None,None,9.306,True,None,sfc_cache_p2_7,0,None,36,297.0,46,44,0,0,0,False,100.0,14.681818181818182,9.75,2517.6054898337125
0,1759174372.2211845,122.1,32,0.4884,0.2999,0.3243,156.0,0.0,7.59,None,None,9.231,True,None,sfc_unique_p2_7,0,None,36,297.0,46,44,0,0,0,False,100.0,14.681818181818182,9.75,2517.6054898337125
0,1759174372.2515674,122.1,33,0.5118,0.3179,0.3493,162.0,0.0,7.95,None,None,9.201,True,None,sfc_cache_p3_7,0,None,36,297.0,48,46,0,0,0,False,100.0,14.717391304347826,10.043478260869565,2536.172662098068
0,1759174372.2520013,122.1,33,0.5118,0.3179,0.3493,162.0,0.0,6.71,None,None,9.156,True,None,sfc_unique_p3_7,0,None,36,297.0,48,46,0,0,0,False,100.0,14.717391304347826,10.043478260869565,2536.172662098068
0,1759174372.280664,122.1,34,0.5322,0.3397,0.3493,168.0,0.0,9.72,None,None,9.136,True,None,sfc_cache_p4_7,0,None,40,330.0,51,48,0,0,0,False,100.0,14.666666666666666,9.625,2551.470603593192
0,1759174372.2811232,122.1,34,0.5322,0.3397,0.3493,168.0,0.0,8.09,None,None,9.37,True,None,sfc_unique_p4_7,0,None,40,330.0,51,48,0,0,0,False,100.0,14.666666666666666,9.625,2551.470603593192
0,1759174383.3322177,133.2,34,0.5088,0.3276,0.3243,150.0,0.0,10.62,None,None,12.125,True,None,sfc_cache_p3_3,0,None,40,330.0,49,46,0,0,0,False,100.0,14.630434782608695,9.326086956521738,2577.7502042742017
0,1759174383.3327887,133.2,34,0.5088,0.3276,0.3243,150.0,0.0,8.45,None,None,11.622,True,None,sfc_unique_p3_3,0,None,40,330.0,49,46,0,0,0,False,100.0,14.630434782608695,9.326086956521738,2577.7502042742017
0,1759174383.3675468,133.2,34,0.5322,0.3413,0.3493,156.0,0.0,11.01,None,None,12.102,True,None,sfc_cache_p2_3,0,None,40,330.0,51,48,0,0,0,False,100.0,14.666666666666666,9.625,2597.8322349196123
0,1759174383.368087,133.2,34,0.5322,0.3413,0.3493,156.0,0.0,9.01,None,None,11.606,True,None,sfc_unique_p2_3,0,None,40,330.0,51,48,0,0,0,False,100.0,14.666666666666666,9.625,2597.8322349196123
0,1759174393.1843154,143.0,36,0.5556,0.3555,0.3742,174.0,0.0,10.35,None,None,5.768,True,None,sfc_cache_p1_8,0,None,40,330.0,52,50,0,0,0,False,100.0,14.7,9.9,2602.117949205327
0,1759174393.1845841,143.0,36,0.5556,0.3555,0.3742,174.0,0.0,17.06,None,None,5.311,True,None,sfc_unique_p1_8,0,None,40,330.0,52,50,0,0,0,False,100.0,14.7,9.9,2602.117949205327
0,1759174393.221637,143.1,37,0.5791,0.3706,0.3992,192.0,0.0,10.37,None,None,9.441,True,None,sfc_cache_p2_8,0,None,40,330.0,54,52,0,0,0,False,100.0,14.73076923076923,10.153846153846153,2604.439571245259
0,1759174393.2220917,143.1,37,0.5791,0.3706,0.3992,192.0,0.0,15.64,None,None,9.257,True,None,sfc_unique_p2_8,0,None,40,330.0,54,52,0,0,0,False,100.0,14.73076923076923,10.153846153846153,2604.439571245259
0,1759174393.2485025,143.1,38,0.6025,0.3921,0.4241,210.0,0.0,9.7,None,None,8.157,True,None,sfc_cache_p3_8,0,None,40,330.0,56,54,0,0,0,False,100.0,14.75925925925926,10.38888888888889,2627.2252855309725
0,1759174393.2487762,143.1,38,0.6025,0.3921,0.4241,210.0,0.0,16.38,None,None,5.364,True,None,sfc_unique_p3_8,0,None,40,330.0,56,54,0,0,0,False,100.0,14.75925925925926,10.38888888888889,2627.2252855309725
0,1759174393.2763033,143.1,39,0.6259,0.4169,0.449,228.0,0.0,8.54,None,None,9.402,True,None,sfc_cache_p4_8,0,None,40,330.0,58,56,0,0,0,False,100.0,14.785714285714286,10.607142857142858,2631.2252855309725
0,1759174393.2765625,143.1,39,0.6259,0.4169,0.449,228.0,0.0,14.41,None,None,5.614,True,None,sfc_unique_p4_8,0,None,40,330.0,58,56,0,0,0,False,100.0,14.785714285714286,10.607142857142858,2631.2252855309725
0,1759174393.340935,143.2,39,0.6086,0.4014,0.474,234.0,0.0,8.61,None,None,13.765,True,None,sfc_cache_p1_7,0,None,32,264.0,54,54,0,0,0,False,100.0,14.907407407407407,11.61111111111111,2613.497716269249
0,1759174393.3412411,143.2,39,0.6086,0.4014,0.474,234.0,0.0,14.98,None,None,7.869,True,None,sfc_unique_p1_7,0,None,32,264.0,54,54,0,0,0,False,100.0,14.907407407407407,11.61111111111111,2613.497716269249
0,1759174393.3725526,143.2,39,0.632,0.4163,0.4989,252.0,0.0,10.15,None,None,11.747,True,None,sfc_cache_p2_5,0,None,32,264.0,56,56,0,0,0,False,100.0,14.928571428571429,11.785714285714286,2618.9148343624233
0,1759174393.3728755,143.2,39,0.632,0.4163,0.4989,252.0,0.0,15.63,None,None,7.031,True,None,sfc_unique_p2_5,0,None,32,264.0,56,56,0,0,0,False,100.0,14.928571428571429,11.785714285714286,2618.9148343624233
0,1759174398.3528085,148.2,39,0.5209,0.371,0.4241,222.0,0.0,8.05,None,None,12.553,True,None,sfc_cache_p2_7,0,None,24,198.0,45,46,0,0,0,False,100.0,14.978260869565217,12.195652173913043,2535.882022104259
0,1759174398.3534164,148.2,39,0.5209,0.371,0.4241,222.0,0.0,6.73,None,None,11.871,True,None,sfc_unique_p2_7,0,None,24,198.0,45,46,0,0,0,False,100.0,14.978260869565217,12.195652173913043,2535.882022104259
0,1759174398.3908942,148.3,39,0.5443,0.3867,0.449,228.0,0.0,8.4,None,None,12.126,True,None,sfc_cache_p3_3,0,None,24,198.0,47,48,0,0,0,False,100.0,15.0,12.375,2563.1959054040576
0,1759174398.3914413,148.3,39,0.5443,0.3867,0.449,228.0,0.0,7.17,None,None,11.827,True,None,sfc_unique_p3_3,0,None,24,198.0,47,48,0,0,0,False,100.0,15.0,12.375,2563.1959054040576
0,1759174403.352951,153.2,39,0.4301,0.3137,0.3493,198.0,0.0,7.95,None,None,12.27,True,None,sfc_cache_p4_5,0,None,20,165.0,37,38,0,0,0,False,100.0,14.973684210526315,12.157894736842104,2478.3224329037803
0,1759174403.3535337,153.2,39,0.4301,0.3137,0.3493,198.0,0.0,7.94,None,None,11.877,True,None,sfc_unique_p4_5,0,None,20,165.0,37,38,0,0,0,False,100.0,14.973684210526315,12.157894736842104,2478.3224329037803
0,1759174403.3899775,153.3,39,0.4536,0.3274,0.3742,204.0,0.0,7.08,None,None,11.985,True,None,sfc_cache_p3_5,0,None,20,165.0,39,40,0,0,0,False,100.0,15.0,12.375,2513.4984892418083
0,1759174403.3905168,153.3,39,0.4536,0.3274,0.3742,204.0,0.0,6.31,None,None,11.89,True,None,sfc_unique_p3_5,0,None,20,165.0,39,40,0,0,0,False,100.0,15.0,12.375,2513.4984892418083
0,1759174408.3574739,158.2,39,0.4536,0.3305,0.3742,204.0,0.0,8.1,None,None,12.314,True,None,sfc_cache_p3_7,0,None,20,165.0,39,40,0,0,0,False,100.0,15.0,12.375,2520.2230674804714
0,1759174408.3581028,158.2,39,0.4536,0.3305,0.3742,204.0,0.0,6.96,None,None,11.819,True,None,sfc_unique_p3_7,0,None,20,165.0,39,40,0,0,0,False,100.0,15.0,12.375,2520.2230674804714
0,1759174409.2035081,159.1,41,0.477,0.3428,0.3992,210.0,0.0,9.47,None,None,5.937,True,None,sfc_cache_p1_9,0,None,20,165.0,40,42,0,0,0,False,100.0,15.023809523809524,12.571428571428571,2534.6577525137477
0,1759174409.2037878,159.1,41,0.477,0.3428,0.3992,210.0,0.0,6.67,None,None,5.636,True,None,sfc_unique_p1_9,0,None,20,165.0,40,42,0,0,0,False,100.0,15.023809523809524,12.571428571428571,2534.6577525137477
0,1759174409.3062937,159.2,42,0.4974,0.3551,0.3992,216.0,0.0,8.6,None,None,7.304,True,None,sfc_cache_p2_9,0,None,24,198.0,43,44,0,0,0,False,100.0,14.954545454545455,12.0,2549.680581797141
0,1759174409.3068204,159.2,42,0.4974,0.3551,0.3992,216.0,0.0,6.69,None,None,9.395,True,None,sfc_unique_p2_9,0,None,24,198.0,43,44,0,0,0,False,100.0,14.954545454545455,12.0,2549.680581797141
0,1759174409.3320699,159.2,43,0.5178,0.3647,0.3992,222.0,0.0,9.48,None,None,6.523,True,None,sfc_cache_p3_9,0,None,28,231.0,46,46,0,0,0,False,100.0,14.891304347826088,11.478260869565217,2549.823361552596
0,1759174409.332379,159.2,43,0.5178,0.3647,0.3992,222.0,0.0,6.78,None,None,6.377,True,None,sfc_unique_p3_9,0,None,28,231.0,46,46,0,0,0,False,100.0,14.891304347826088,11.478260869565217,2549.823361552596
0,1759174409.3540878,159.2,44,0.5383,0.3751,0.3992,228.0,0.0,9.49,None,None,6.606,True,None,sfc_cache_p4_9,0,None,32,264.0,49,48,0,0,0,False,100.0,14.833333333333334,11.0,2559.2259308143202
0,1759174409.354392,159.2,44,0.5383,0.3751,0.3992,228.0,0.0,7.15,None,None,6.1,True,None,sfc_unique_p4_9,0,None,32,264.0,49,48,0,0,0,False,100.0,14.833333333333334,11.0,2559.2259308143202
0,1759174420.2198503,170.1,46,0.5617,0.3848,0.4241,234.0,0.0,7.72,None,None,10.045,True,None,sfc_cache_p1_10,0,None,32,264.0,50,50,0,0,0,False,100.0,14.86,11.22,2570.9501221159767
0,1759174420.2203524,170.1,46,0.5617,0.3848,0.4241,234.0,0.0,6.46,None,None,9.343,True,None,sfc_unique_p1_10,0,None,32,264.0,50,50,0,0,0,False,100.0,14.86,11.22,2570.9501221159767
0,1759174420.2514696,170.1,47,0.5821,0.3946,0.4241,240.0,0.0,8.32,None,None,9.735,True,None,sfc_cache_p2_10,0,None,36,297.0,53,52,0,0,0,False,100.0,14.807692307692308,10.788461538461538,2585.384807149253
0,1759174420.2517445,170.1,47,0.5821,0.3946,0.4241,240.0,0.0,6.8,None,None,6.097,True,None,sfc_unique_p2_10,0,None,36,297.0,53,52,0,0,0,False,100.0,14.807692307692308,10.788461538461538,2585.384807149253
0,1759174420.2900348,170.2,48,0.6025,0.4016,0.4241,246.0,0.0,8.57,None,None,9.903,True,None,sfc_cache_p3_10,0,None,40,330.0,56,54,0,0,0,False,100.0,14.75925925925926,10.38888888888889,2600.8537748013196
0,1759174420.2905147,170.2,48,0.6025,0.4016,0.4241,246.0,0.0,7.19,None,None,9.536,True,None,sfc_unique_p3_10,0,None,40,330.0,56,54,0,0,0,False,100.0,14.75925925925926,10.38888888888889,2600.8537748013196
0,1759174420.3233895,170.2,49,0.6229,0.4084,0.4241,264.0,0.0,6.65,None,None,9.63,True,None,sfc_cache_p4_10,0,None,44,363.0,59,56,0,0,0,False,100.0,14.714285714285714,10.017857142857142,2606.0774243911665
0,1759174420.3238356,170.2,49,0.6229,0.4084,0.4241,264.0,0.0,10.98,None,None,9.533,True,None,sfc_unique_p4_10,0,None,44,363.0,59,56,0,0,0,False,100.0,14.714285714285714,10.017857142857142,2606.0774243911665
0,1759174423.3687854,173.2,49,0.5791,0.3756,0.3992,252.0,0.0,11.42,None,None,12.044,True,None,sfc_cache_p3_6,0,None,40,330.0,54,52,0,0,0,False,100.0,14.73076923076923,10.153846153846153,2568.1178880978177
0,1759174423.3691542,173.2,49,0.5791,0.3756,0.3992,252.0,0.0,9.73,None,None,7.028,True,None,sfc_unique_p3_6,0,None,40,330.0,54,52,0,0,0,False,100.0,14.73076923076923,10.153846153846153,2568.1178880978177
0,1759174423.3956058,173.3,49,0.5995,0.3971,0.3992,258.0,0.0,12.54,None,None,7.46,True,None,sfc_cache_p1_6,0,None,44,363.0,57,54,0,0,0,False,100.0,14.685185185185185,9.777777777777779,2589.857038165922
0,1759174423.3959327,173.3,49,0.5995,0.3971,0.3992,258.0,0.0,13.33,None,None,6.897,True,None,sfc_unique_p1_6,0,None,44,363.0,57,54,0,0,0,False,100.0,14.685185185185185,9.777777777777779,2589.857038165922
0,1759174423.420545,173.3,49,0.6229,0.408,0.4241,276.0,0.0,9.53,None,None,7.005,True,None,sfc_cache_p3_5,0,None,44,363.0,59,56,0,0,0,False,100.0,14.714285714285714,10.017857142857142,2601.581229467578
0,1759174423.4208531,173.3,49,0.6229,0.408,0.4241,276.0,0.0,14.29,None,None,7.03,True,None,sfc_unique_p3_5,0,None,44,363.0,59,56,0,0,0,False,100.0,14.714285714285714,10.017857142857142,2601.581229467578
0,1759174428.3698065,178.2,49,0.6229,0.4096,0.4241,276.0,0.0,12.16,None,None,7.431,True,None,sfc_cache_p1_5,0,None,44,363.0,59,56,0,0,0,False,100.0,14.714285714285714,10.017857142857142,2608.5944627132053
0,1759174428.3701599,178.2,49,0.6229,0.4096,0.4241,276.0,0.0,10.34,None,None,7.017,True,None,sfc_unique_p1_5,0,None,44,363.0,59,56,0,0,0,False,100.0,14.714285714285714,10.017857142857142,2608.5944627132053
0,1759174438.38483,188.2,49,0.6055,0.4007,0.449,270.0,0.0,14.89,None,None,12.111,True,None,sfc_cache_p3_4,0,None,36,297.0,55,54,0,0,0,False,100.0,14.833333333333334,11.0,2608.5944627132053
0,1759174438.3852055,188.2,49,0.6055,0.4007,0.449,270.0,0.0,11.9,None,None,7.027,True,None,sfc_unique_p3_4,0,None,36,297.0,55,54,0,0,0,False,100.0,14.833333333333334,11.0,2608.5944627132053
0,1759174438.4134746,188.3,49,0.6259,0.4156,0.449,276.0,0.0,14.75,None,None,7.417,True,None,sfc_cache_p1_4,0,None,40,330.0,58,56,0,0,0,False,100.0,14.785714285714286,10.607142857142858,2622.5067827874977
0,1759174438.4138362,188.3,49,0.6259,0.4156,0.449,276.0,0.0,13.24,None,None,7.035,True,None,sfc_unique_p1_4,0,None,40,330.0,58,56,0,0,0,False,100.0,14.785714285714286,10.607142857142858,2622.5067827874977
0,1759174439.2308366,189.1,51,0.6494,0.4251,0.474,294.0,0.0,8.1,None,None,10.556,True,None,sfc_cache_p1_11,0,None,40,330.0,59,58,0,0,0,False,100.0,14.810344827586206,10.810344827586206,2631.909352049222
0,1759174439.2313623,189.1,51,0.6494,0.4251,0.474,294.0,0.0,14.59,None,None,9.852,True,None,sfc_unique_p1_11,0,None,40,330.0,59,58,0,0,0,False,100.0,14.810344827586206,10.810344827586206,2631.909352049222
0,1759174439.2708795,189.1,52,0.6698,0.4345,0.474,312.0,0.0,7.23,None,None,10.087,True,None,sfc_cache_p2_11,0,None,44,363.0,62,60,0,0,0,False,100.0,14.766666666666667,10.45,2631.909352049222
0,1759174439.2713778,189.1,52,0.6698,0.4345,0.474,312.0,0.0,12.38,None,None,9.496,True,None,sfc_unique_p2_11,0,None,44,363.0,62,60,0,0,0,False,100.0,14.766666666666667,10.45,2631.909352049222
0,1759174439.3053858,189.2,53,0.6902,0.4439,0.474,330.0,0.0,7.21,None,None,9.502,True,None,sfc_cache_p3_11,0,None,48,396.0,65,62,0,0,0,False,100.0,14.725806451612904,10.112903225806452,2631.909352049222
0,1759174439.305842,189.2,53,0.6902,0.4439,0.474,330.0,0.0,12.33,None,None,9.432,True,None,sfc_unique_p3_11,0,None,48,396.0,65,62,0,0,0,False,100.0,14.725806451612904,10.112903225806452,2631.909352049222
0,1759174439.3414443,189.2,54,0.7136,0.4621,0.4989,348.0,0.0,10.69,None,None,9.585,True,None,sfc_cache_p4_11,0,None,48,396.0,67,64,0,0,0,False,100.0,14.75,10.3125,2636.1950663349357
0,1759174439.341892,189.2,54,0.7136,0.4621,0.4989,348.0,0.0,14.04,None,None,9.45,True,None,sfc_unique_p4_11,0,None,48,396.0,67,64,0,0,0,False,100.0,14.75,10.3125,2636.1950663349357
0,1759174452.2407079,202.1,56,0.5556,0.3729,0.3742,282.0,0.0,7.6,None,None,9.998,True,None,sfc_cache_p1_12,0,None,40,330.0,52,50,0,0,0,False,100.0,14.7,9.9,2509.0022943182203
0,1759174452.241227,202.1,56,0.5556,0.3729,0.3742,282.0,0.0,6.47,None,None,9.563,True,None,sfc_unique_p1_12,0,None,40,330.0,52,50,0,0,0,False,100.0,14.7,9.9,2509.0022943182203
0,1759174452.2761927,202.1,57,0.5761,0.3839,0.3742,288.0,0.0,8.13,None,None,9.699,True,None,sfc_cache_p2_12,0,None,44,363.0,55,52,0,0,0,False,100.0,14.653846153846153,9.51923076923077,2523.5607991936263
0,1759174452.276682,202.1,57,0.5761,0.3839,0.3742,288.0,0.0,7.49,None,None,9.436,True,None,sfc_unique_p2_12,0,None,44,363.0,55,52,0,0,0,False,100.0,14.653846153846153,9.51923076923077,2523.5607991936263
0,1759174452.3097782,202.2,58,0.5965,0.3948,0.3742,294.0,0.0,8.87,None,None,9.626,True,None,sfc_cache_p3_12,0,None,48,396.0,58,54,0,0,0,False,100.0,14.61111111111111,9.166666666666666,2542.021176844145
0,1759174452.3102672,202.2,58,0.5965,0.3948,0.3742,294.0,0.0,7.07,None,None,9.425,True,None,sfc_unique_p3_12,0,None,48,396.0,58,54,0,0,0,False,100.0,14.61111111111111,9.166666666666666,2542.021176844145
0,1759174452.3413138,202.2,59,0.6169,0.4038,0.3742,300.0,0.0,7.7,None,None,9.548,True,None,sfc_cache_p4_12,0,None,52,429.0,61,56,0,0,0,False,100.0,14.571428571428571,8.839285714285714,2563.9605051215017
0,1759174452.3415847,202.2,59,0.6169,0.4038,0.3742,300.0,0.0,6.65,None,None,5.611,True,None,sfc_unique_p4_12,0,None,52,429.0,61,56,0,0,0,False,100.0,14.571428571428571,8.839285714285714,2563.9605051215017
0,1759174468.262957,218.1,61,0.6403,0.409,0.3992,306.0,0.0,8.38,None,None,10.262,True,None,sfc_cache_p1_13,0,None,52,429.0,62,58,0,0,0,False,100.0,14.60344827586207,9.10344827586207,2590.0787530707353
0,1759174468.2632425,218.1,61,0.6403,0.409,0.3992,306.0,0.0,7.02,None,None,6.488,True,None,sfc_unique_p1_13,0,None,52,429.0,62,58,0,0,0,False,100.0,14.60344827586207,9.10344827586207,2590.0787530707353
0,1759174468.2941198,218.2,62,0.6607,0.4157,0.3992,324.0,0.0,9.4,None,None,9.578,True,None,sfc_cache_p2_13,0,None,56,462.0,65,60,0,0,0,False,100.0,14.566666666666666,8.8,2599.2793412149854
0,1759174468.2943797,218.2,62,0.6607,0.4157,0.3992,324.0,0.0,16.55,None,None,7.291,True,None,sfc_unique_p2_13,0,None,56,462.0,65,60,0,0,0,False,100.0,14.566666666666666,8.8,2599.2793412149854
0,1759174468.3272054,218.2,63,0.6811,0.4225,0.3992,342.0,0.0,9.39,None,None,9.664,True,None,sfc_cache_p3_13,0,None,60,495.0,68,62,0,0,0,False,100.0,14.53225806451613,8.516129032258064,2599.2793412149854
0,1759174468.3274696,218.2,63,0.6811,0.4225,0.3992,342.0,0.0,16.53,None,None,6.55,True,None,sfc_unique_p3_13,0,None,60,495.0,68,62,0,0,0,False,100.0,14.53225806451613,8.516129032258064,2599.2793412149854
0,1759174468.357597,218.2,64,0.7015,0.4293,0.3992,360.0,0.0,9.39,None,None,9.595,True,None,sfc_cache_p4_13,0,None,64,528.0,71,64,0,0,0,False,100.0,14.5,8.25,2599.2793412149854
0,1759174468.3578346,218.2,64,0.7015,0.4293,0.3992,360.0,0.0,16.53,None,None,7.7,True,None,sfc_unique_p4_13,0,None,64,528.0,71,64,0,0,0,False,100.0,14.5,8.25,2599.2793412149854
0,1759174468.416597,218.3,64,0.6811,0.4059,0.3992,354.0,0.0,7.71,None,None,12.175,True,None,sfc_cache_p2_7,0,None,60,495.0,67,62,0,0,0,False,100.0,14.53225806451613,8.516129032258064,2584.304879057425
0,1759174468.4169283,218.3,64,0.6811,0.4059,0.3992,354.0,0.0,13.43,None,None,6.991,True,None,sfc_unique_p2_7,0,None,60,495.0,67,62,0,0,0,False,100.0,14.53225806451613,8.516129032258064,2584.304879057425
0,1759174468.4474964,218.3,64,0.7015,0.4149,0.3992,372.0,0.0,7.7,None,None,10.875,True,None,sfc_cache_p1_7,0,None,64,528.0,70,64,0,0,0,False,100.0,14.5,8.25,2584.304879057425
0,1759174468.4478076,218.3,64,0.7015,0.4149,0.3992,372.0,0.0,13.41,None,None,6.954,True,None,sfc_unique_p1_7,0,None,64,528.0,70,64,0,0,0,False,100.0,14.5,8.25,2584.304879057425
0,1759174486.2587292,236.1,66,0.6343,0.3333,0.3493,342.0,0.0,6.5,None,None,6.042,True,None,sfc_cache_p1_14,0,None,60,495.0,63,58,0,0,0,False,100.0,14.46551724137931,7.9655172413793105,2524.650363720786
0,1759174486.259015,236.1,66,0.6343,0.3333,0.3493,342.0,0.0,4.62,None,None,5.52,True,None,sfc_unique_p1_14,0,None,60,495.0,63,58,0,0,0,False,100.0,14.46551724137931,7.9655172413793105,2524.650363720786
0,1759174486.2840872,236.1,67,0.6547,0.3447,0.3493,348.0,0.0,6.18,None,None,8.351,True,None,sfc_cache_p2_14,0,None,64,528.0,66,60,0,0,0,False,100.0,14.433333333333334,7.7,2537.685110663984
0,1759174486.2843585,236.1,67,0.6547,0.3447,0.3493,348.0,0.0,6.79,None,None,5.52,True,None,sfc_unique_p2_14,0,None,64,528.0,66,60,0,0,0,False,100.0,14.433333333333334,7.7,2537.685110663984
0,1759174486.3124762,236.2,68,0.6751,0.3538,0.3493,354.0,0.0,7.62,None,None,9.767,True,None,sfc_cache_p3_14,0,None,68,561.0,69,62,0,0,0,False,100.0,14.403225806451612,7.451612903225806,2542.7172264355363
0,1759174486.312736,236.2,68,0.6751,0.3538,0.3493,354.0,0.0,4.98,None,None,5.534,True,None,sfc_unique_p3_14,0,None,68,561.0,69,62,0,0,0,False,100.0,14.403225806451612,7.451612903225806,2542.7172264355363
0,1759174486.3446274,236.2,69,0.6955,0.3631,0.3493,372.0,0.0,8.73,None,None,9.645,True,None,sfc_cache_p4_14,0,None,72,594.0,72,64,0,0,0,False,100.0,14.375,7.21875,2542.7172264355363
0,1759174486.3448818,236.2,69,0.6955,0.3631,0.3493,372.0,0.0,15.88,None,None,5.647,True,None,sfc_unique_p4_14,0,None,72,594.0,72,64,0,0,0,False,100.0,14.375,7.21875,2542.7172264355363
0,1759174488.4439306,238.3,69,0.5262,0.2689,0.2994,264.0,0.0,7.78,None,None,12.435,True,None,sfc_cache_p4_12,0,None,48,396.0,52,48,0,0,0,False,100.0,14.5,8.25,2481.0793220863643
0,1759174488.4445326,238.3,69,0.5262,0.2689,0.2994,264.0,0.0,6.48,None,None,12.01,True,None,sfc_unique_p4_12,0,None,48,396.0,52,48,0,0,0,False,100.0,14.5,8.25,2481.0793220863643
0,1759174488.4830313,238.3,69,0.5496,0.2772,0.3243,270.0,0.0,9.66,None,None,12.351,True,None,sfc_cache_p3_11,0,None,48,396.0,54,50,0,0,0,False,100.0,14.54,8.58,2494.4189753908063
0,1759174488.4835856,238.3,69,0.5496,0.2772,0.3243,270.0,0.0,7.17,None,None,11.924,True,None,sfc_unique_p3_11,0,None,48,396.0,54,50,0,0,0,False,100.0,14.54,8.58,2494.4189753908063
0,1759174488.5225224,238.4,69,0.573,0.2862,0.3493,276.0,0.0,10.17,None,None,12.37,True,None,sfc_cache_p2_11,0,None,48,396.0,56,52,0,0,0,False,100.0,14.576923076923077,8.884615384615385,2498.257390496827
0,1759174488.5230794,238.4,69,0.573,0.2862,0.3493,276.0,0.0,8.74,None,None,11.863,True,None,sfc_unique_p2_11,0,None,48,396.0,56,52,0,0,0,False,100.0,14.576923076923077,8.884615384615385,2498.257390496827
0,1759174488.5653346,238.4,69,0.5965,0.297,0.3742,282.0,0.0,9.96,None,None,12.193,True,None,sfc_cache_p4_10,0,None,48,396.0,58,54,0,0,0,False,100.0,14.61111111111111,9.166666666666666,2534.6522984058192
0,1759174488.5659008,238.4,69,0.5965,0.297,0.3742,282.0,0.0,7.09,None,None,11.982,True,None,sfc_unique_p4_10,0,None,48,396.0,58,54,0,0,0,False,100.0,14.61111111111111,9.166666666666666,2534.6522984058192
0,1759174488.6068125,238.5,69,0.6199,0.308,0.3992,288.0,0.0,9.11,None,None,11.61,True,None,sfc_cache_p2_10,0,None,48,396.0,60,56,0,0,0,False,100.0,14.642857142857142,9.428571428571429,2547.6870453490174
0,1759174488.607339,238.5,69,0.6199,0.308,0.3992,288.0,0.0,7.17,None,None,9.628,True,None,sfc_unique_p2_10,0,None,48,396.0,60,56,0,0,0,False,100.0,14.642857142857142,9.428571428571429,2547.6870453490174
0,1759174493.432862,243.3,69,0.6229,0.3105,0.4241,288.0,0.0,10.58,None,None,7.51,True,None,sfc_cache_p1_12,0,None,44,363.0,59,56,0,0,0,False,100.0,14.714285714285714,10.017857142857142,2551.8659650208947
0,1759174493.4332283,243.3,69,0.6229,0.3105,0.4241,288.0,0.0,8.35,None,None,7.192,True,None,sfc_unique_p1_12,0,None,44,363.0,59,56,0,0,0,False,100.0,14.714285714285714,10.017857142857142,2551.8659650208947
0,1759174498.4560792,248.3,69,0.6055,0.3009,0.449,282.0,0.0,7.74,None,None,12.964,True,None,sfc_cache_p2_12,0,None,36,297.0,55,54,0,0,0,False,100.0,14.833333333333334,11.0,2551.8659650208947
0,1759174498.4566941,248.3,69,0.6055,0.3009,0.449,282.0,0.0,6.7,None,None,11.973,True,None,sfc_unique_p2_12,0,None,36,297.0,55,54,0,0,0,False,100.0,14.833333333333334,11.0,2551.8659650208947
0,1759174498.5004158,248.4,69,0.6259,0.3126,0.449,288.0,0.0,8.72,None,None,12.035,True,None,sfc_cache_p1_10,0,None,40,330.0,58,56,0,0,0,False,100.0,14.785714285714286,10.607142857142858,2551.8659650208947
0,1759174498.5009732,248.4,69,0.6259,0.3126,0.449,288.0,0.0,7.99,None,None,12.101,True,None,sfc_unique_p1_10,0,None,40,330.0,58,56,0,0,0,False,100.0,14.785714285714286,10.607142857142858,2551.8659650208947
0,1759174503.2717674,253.1,71,0.6494,0.3274,0.474,306.0,0.0,10.39,None,None,6.009,True,None,sfc_cache_p1_15,0,None,40,330.0,59,58,0,0,0,False,100.0,14.810344827586206,10.810344827586206,2565.554248568333
0,1759174503.2720575,253.1,71,0.6494,0.3274,0.474,306.0,0.0,14.58,None,None,5.547,True,None,sfc_unique_p1_15,0,None,40,330.0,59,58,0,0,0,False,100.0,14.810344827586206,10.810344827586206,2565.554248568333
0,1759174503.2988737,253.2,72,0.6698,0.3449,0.474,324.0,0.0,10.23,None,None,7.056,True,None,sfc_cache_p2_15,0,None,44,363.0,62,60,0,0,0,False,100.0,14.766666666666667,10.45,2565.554248568333
0,1759174503.2991464,253.2,72,0.6698,0.3449,0.474,324.0,0.0,14.28,None,None,5.562,True,None,sfc_unique_p2_15,0,None,44,363.0,62,60,0,0,0,False,100.0,14.766666666666667,10.45,2565.554248568333
0,1759174503.3272514,253.2,73,0.6902,0.3597,0.474,342.0,0.0,8.03,None,None,9.681,True,None,sfc_cache_p3_15,0,None,48,396.0,65,62,0,0,0,False,100.0,14.725806451612904,10.112903225806452,2574.9568178300574
0,1759174503.3275206,253.2,73,0.6902,0.3597,0.474,342.0,0.0,9.86,None,None,5.435,True,None,sfc_unique_p3_15,0,None,48,396.0,65,62,0,0,0,False,100.0,14.725806451612904,10.112903225806452,2574.9568178300574
0,1759174503.3593767,253.2,74,0.7106,0.3771,0.474,360.0,0.0,9.6,None,None,9.554,True,None,sfc_cache_p4_15,0,None,52,429.0,68,64,0,0,0,False,100.0,14.6875,9.796875,2574.9568178300574
0,1759174503.3596313,253.2,74,0.7106,0.3771,0.474,360.0,0.0,13.02,None,None,5.43,True,None,sfc_unique_p4_15,0,None,52,429.0,68,64,0,0,0,False,100.0,14.6875,9.796875,2574.9568178300574
0,1759174503.4571037,253.3,74,0.6842,0.3722,0.4241,354.0,0.0,7.55,None,None,12.666,True,None,sfc_cache_p3_12,0,None,56,462.0,67,62,0,0,0,False,100.0,14.596774193548388,9.048387096774194,2572.0246091936233
0,1759174503.4574192,253.3,74,0.6842,0.3722,0.4241,354.0,0.0,6.46,None,None,6.975,True,None,sfc_unique_p3_12,0,None,56,462.0,67,62,0,0,0,False,100.0,14.596774193548388,9.048387096774194,2572.0246091936233
0,1759174503.4908378,253.4,74,0.7076,0.3789,0.449,372.0,0.0,8.18,None,None,11.799,True,None,sfc_cache_p3_10,0,None,56,462.0,69,64,0,0,0,False,100.0,14.625,9.28125,2572.0246091936233
0,1759174503.4911575,253.4,74,0.7076,0.3789,0.449,372.0,0.0,14.11,None,None,7.078,True,None,sfc_unique_p3_10,0,None,56,462.0,69,64,0,0,0,False,100.0,14.625,9.28125,2572.0246091936233
0,1759174508.4567447,258.3,74,0.7106,0.3908,0.474,384.0,0.0,16.15,None,None,7.314,True,None,sfc_cache_p4_9,0,None,52,429.0,68,64,0,0,0,False,100.0,14.6875,9.796875,2563.773564463705
0,1759174508.4571018,258.3,74,0.7106,0.3908,0.474,384.0,0.0,25.36,None,None,7.142,True,None,sfc_unique_p4_9,0,None,52,429.0,68,64,0,0,0,False,100.0,14.6875,9.796875,2563.773564463705
0,1759174513.4705617,263.3,74,0.7106,0.4047,0.474,396.0,0.0,11.1,None,None,12.243,True,None,sfc_cache_p4_12,0,None,52,429.0,68,64,0,0,0,False,100.0,14.6875,9.796875,2568.0592787494197
0,1759174513.4709365,263.3,74,0.7106,0.4047,0.474,396.0,0.0,16.4,None,None,7.064,True,None,sfc_unique_p4_12,0,None,52,429.0,68,64,0,0,0,False,100.0,14.6875,9.796875,2568.0592787494197
0,1759174518.4815707,268.3,74,0.7136,0.4009,0.4989,396.0,0.0,15.27,None,None,12.465,True,None,sfc_cache_p2_9,0,None,48,396.0,67,64,0,0,0,False,100.0,14.75,10.3125,2571.5382293762573
0,1759174518.4822125,268.3,74,0.7136,0.4009,0.4989,396.0,0.0,12.63,None,None,11.714,True,None,sfc_unique_p2_9,0,None,48,396.0,67,64,0,0,0,False,100.0,14.75,10.3125,2571.5382293762573
0,1759174522.2977412,272.2,76,0.7371,0.4077,0.5239,414.0,0.0,5.66,None,None,10.192,True,None,sfc_cache_p1_16,0,None,48,396.0,68,66,0,0,0,False,100.0,14.772727272727273,10.5,2571.5382293762573
0,1759174522.2980504,272.2,76,0.7371,0.4077,0.5239,414.0,0.0,9.51,None,None,6.227,True,None,sfc_unique_p1_16,0,None,48,396.0,68,66,0,0,0,False,100.0,14.772727272727273,10.5,2571.5382293762573
0,1759174522.3317885,272.2,77,0.7575,0.4144,0.5239,432.0,0.0,5.81,None,None,9.65,True,None,sfc_cache_p2_16,0,None,52,429.0,71,68,0,0,0,False,100.0,14.735294117647058,10.191176470588236,2571.5382293762573
0,1759174522.3320677,272.2,77,0.7575,0.4144,0.5239,432.0,0.0,9.82,None,None,5.55,True,None,sfc_unique_p2_16,0,None,52,429.0,71,68,0,0,0,False,100.0,14.735294117647058,10.191176470588236,2571.5382293762573
0,1759174522.3667,272.2,78,0.7779,0.4266,0.5239,450.0,0.0,7.53,None,None,8.967,True,None,sfc_cache_p3_16,0,None,56,462.0,74,70,0,0,0,False,100.0,14.7,9.9,2594.0382293762573
0,1759174522.3669703,272.2,78,0.7779,0.4266,0.5239,450.0,0.0,14.71,None,None,5.567,True,None,sfc_unique_p3_16,0,None,56,462.0,74,70,0,0,0,False,100.0,14.7,9.9,2594.0382293762573
0,1759174522.398041,272.3,79,0.7983,0.4361,0.5239,468.0,0.0,7.09,None,None,9.324,True,None,sfc_cache_p4_16,0,None,60,495.0,77,72,0,0,0,False,100.0,14.666666666666666,9.625,2594.0382293762573
0,1759174522.3983102,272.3,79,0.7983,0.4361,0.5239,468.0,0.0,13.68,None,None,5.529,True,None,sfc_unique_p4_16,0,None,60,495.0,77,72,0,0,0,False,100.0,14.666666666666666,9.625,2594.0382293762573
0,1759174523.4933112,273.4,79,0.7983,0.4321,0.5239,480.0,0.0,14.43,None,None,12.529,True,None,sfc_cache_p1_9,0,None,60,495.0,77,72,0,0,0,False,100.0,14.666666666666666,9.625,2584.9804209874633
0,1759174523.49392,273.4,79,0.7983,0.4321,0.5239,480.0,0.0,27.64,None,None,11.883,True,None,sfc_unique_p1_9,0,None,60,495.0,77,72,0,0,0,False,100.0,14.666666666666666,9.625,2584.9804209874633
0,1759174528.497202,278.4,79,0.6169,0.3068,0.3742,360.0,0.0,11.98,None,None,12.658,True,None,sfc_cache_p2_10,0,None,52,429.0,61,56,0,0,0,False,100.0,14.571428571428571,8.839285714285714,2473.532734870763
0,1759174528.4978259,278.4,79,0.6169,0.3068,0.3742,360.0,0.0,8.72,None,None,11.992,True,None,sfc_unique_p2_10,0,None,52,429.0,61,56,0,0,0,False,100.0,14.571428571428571,8.839285714285714,2473.532734870763
0,1759174546.3164845,296.2,81,0.5466,0.2813,0.2994,330.0,0.0,8.49,None,None,10.165,True,None,sfc_cache_p1_17,0,None,52,429.0,55,50,0,0,0,False,100.0,14.46,7.92,2459.416112056957
0,1759174546.3169956,296.2,81,0.5466,0.2813,0.2994,330.0,0.0,6.28,None,None,9.599,True,None,sfc_unique_p1_17,0,None,52,429.0,55,50,0,0,0,False,100.0,14.46,7.92,2459.416112056957
0,1759174546.3535402,296.2,82,0.567,0.2959,0.2994,336.0,0.0,7.15,None,None,9.756,True,None,sfc_cache_p2_17,0,None,56,462.0,58,52,0,0,0,False,100.0,14.423076923076923,7.615384615384615,2468.6027704689677
0,1759174546.3540456,296.2,82,0.567,0.2959,0.2994,336.0,0.0,6.3,None,None,9.642,True,None,sfc_unique_p2_17,0,None,56,462.0,58,52,0,0,0,False,100.0,14.423076923076923,7.615384615384615,2468.6027704689677
0,1759174546.3911438,296.3,83,0.5874,0.3069,0.2994,342.0,0.0,7.15,None,None,9.788,True,None,sfc_cache_p3_17,0,None,60,495.0,61,54,0,0,0,False,100.0,14.38888888888889,7.333333333333333,2475.720863643399
0,1759174546.3916278,296.3,83,0.5874,0.3069,0.2994,342.0,0.0,6.44,None,None,9.462,True,None,sfc_unique_p3_17,0,None,60,495.0,61,54,0,0,0,False,100.0,14.38888888888889,7.333333333333333,2475.720863643399
0,1759174546.4252625,296.3,84,0.6078,0.3187,0.2994,348.0,0.0,7.18,None,None,9.669,True,None,sfc_cache_p4_17,0,None,64,528.0,64,56,0,0,0,False,100.0,14.357142857142858,7.071428571428571,2475.720863643399
0,1759174546.4257154,296.3,84,0.6078,0.3187,0.2994,348.0,0.0,6.98,None,None,9.42,True,None,sfc_unique_p4_17,0,None,64,528.0,64,56,0,0,0,False,100.0,14.357142857142858,7.071428571428571,2475.720863643399
0,1759174569.3163283,319.2,86,0.4468,0.2183,0.1497,270.0,0.0,8.45,None,None,10.114,True,None,sfc_cache_p1_18,0,None,60,495.0,50,42,0,0,0,False,100.0,14.071428571428571,4.714285714285714,2373.500619099211
0,1759174569.316621,319.2,86,0.4468,0.2183,0.1497,270.0,0.0,6.45,None,None,8.861,True,None,sfc_unique_p1_18,0,None,60,495.0,50,42,0,0,0,False,100.0,14.071428571428571,4.714285714285714,2373.500619099211
0,1759174569.348174,319.2,87,0.4672,0.2254,0.1497,276.0,0.0,8.66,None,None,9.678,True,None,sfc_cache_p2_18,0,None,64,528.0,53,44,0,0,0,False,100.0,14.045454545454545,4.5,2373.653846153846
0,1759174569.3484442,319.2,87,0.4672,0.2254,0.1497,276.0,0.0,5.99,None,None,8.754,True,None,sfc_unique_p2_18,0,None,64,528.0,53,44,0,0,0,False,100.0,14.045454545454545,4.5,2373.653846153846
0,1759174569.3746157,319.2,88,0.4876,0.2379,0.1497,282.0,0.0,8.76,None,None,8.61,True,None,sfc_cache_p3_18,0,None,68,561.0,56,46,0,0,0,False,100.0,14.021739130434783,4.304347826086956,2409.7291440953413
0,1759174569.3748715,319.2,88,0.4876,0.2379,0.1497,282.0,0.0,6.9,None,None,5.494,True,None,sfc_unique_p3_18,0,None,68,561.0,56,46,0,0,0,False,100.0,14.021739130434783,4.304347826086956,2409.7291440953413
0,1759174569.3951805,319.3,89,0.508,0.2484,0.1497,288.0,0.0,7.24,None,None,5.592,True,None,sfc_cache_p4_18,0,None,72,594.0,59,48,0,0,0,False,100.0,14.0,4.125,2427.402491874323
0,1759174569.3954244,319.3,89,0.508,0.2484,0.1497,288.0,0.0,6.91,None,None,5.439,True,None,sfc_unique_p4_18,0,None,72,594.0,59,48,0,0,0,False,100.0,14.0,4.125,2427.402491874323
0,1759174573.5307274,323.4,89,0.4906,0.2324,0.1746,258.0,0.0,8.76,None,None,12.497,True,None,sfc_cache_p2_15,0,None,64,528.0,55,46,0,0,0,False,100.0,14.108695652173912,5.021739130434782,2421.134112366507
0,1759174573.53111,323.4,89,0.4906,0.2324,0.1746,258.0,0.0,7.87,None,None,7.232,True,None,sfc_unique_p2_15,0,None,64,528.0,55,46,0,0,0,False,100.0,14.108695652173912,5.021739130434782,2421.134112366507
0,1759174573.562666,323.4,89,0.511,0.2434,0.1746,264.0,0.0,8.41,None,None,11.822,True,None,sfc_cache_p1_15,0,None,68,561.0,57,48,0,0,0,False,100.0,14.083333333333334,4.8125,2431.389877727906
0,1759174573.5629902,323.4,89,0.511,0.2434,0.1746,264.0,0.0,7.52,None,None,7.031,True,None,sfc_unique_p1_15,0,None,68,561.0,57,48,0,0,0,False,100.0,14.083333333333334,4.8125,2431.389877727906
0,1759174578.5340466,328.4,89,0.5141,0.2406,0.1996,264.0,0.0,9.45,None,None,12.305,True,None,sfc_cache_p3_14,0,None,64,528.0,56,48,0,0,0,False,100.0,14.166666666666666,5.5,2437.707785172574
0,1759174578.534395,328.4,89,0.5141,0.2406,0.1996,264.0,0.0,6.14,None,None,7.611,True,None,sfc_unique_p3_14,0,None,64,528.0,56,48,0,0,0,False,100.0,14.166666666666666,5.5,2437.707785172574
0,1759174590.3294628,340.2,91,0.5375,0.2497,0.2245,270.0,0.0,8.31,None,None,9.882,True,None,sfc_cache_p1_19,0,None,64,528.0,57,50,0,0,0,False,100.0,14.22,5.94,2460.4225352112676
0,1759174590.329969,340.2,91,0.5375,0.2497,0.2245,270.0,0.0,6.02,None,None,9.248,True,None,sfc_unique_p1_19,0,None,64,528.0,57,50,0,0,0,False,100.0,14.22,5.94,2460.4225352112676
0,1759174590.368956,340.2,92,0.5579,0.2607,0.2245,276.0,0.0,6.79,None,None,9.497,True,None,sfc_cache_p2_19,0,None,68,561.0,60,52,0,0,0,False,100.0,14.192307692307692,5.711538461538462,2469.825104472992
0,1759174590.369435,340.2,92,0.5579,0.2607,0.2245,276.0,0.0,5.39,None,None,9.385,True,None,sfc_unique_p2_19,0,None,68,561.0,60,52,0,0,0,False,100.0,14.192307692307692,5.711538461538462,2469.825104472992
0,1759174590.4037418,340.3,93,0.5783,0.2698,0.2245,282.0,0.0,8.63,None,None,9.57,True,None,sfc_cache_p3_19,0,None,72,594.0,63,54,0,0,0,False,100.0,14.166666666666666,5.5,2486.192539854512
0,1759174590.4042337,340.3,93,0.5783,0.2698,0.2245,282.0,0.0,6.41,None,None,9.247,True,None,sfc_unique_p3_19,0,None,72,594.0,63,54,0,0,0,False,100.0,14.166666666666666,5.5,2486.192539854512
0,1759174590.4376636,340.3,94,0.5987,0.2762,0.2245,288.0,0.0,7.81,None,None,9.399,True,None,sfc_cache_p4_19,0,None,76,627.0,66,56,0,0,0,False,100.0,14.142857142857142,5.303571428571429,2501.286178610122
0,1759174590.4381394,340.3,94,0.5987,0.2762,0.2245,288.0,0.0,6.44,None,None,9.315,True,None,sfc_unique_p4_19,0,None,76,627.0,66,56,0,0,0,False,100.0,14.142857142857142,5.303571428571429,2501.286178610122
0,1759174593.5589986,343.4,94,0.5141,0.2451,0.1996,240.0,0.0,11.92,None,None,12.604,True,None,sfc_cache_p2_13,0,None,64,528.0,57,48,0,0,0,False,100.0,14.166666666666666,5.5,2420.374555022442
0,1759174593.559632,343.4,94,0.5141,0.2451,0.1996,240.0,0.0,8.85,None,None,13.669,True,None,sfc_unique_p2_13,0,None,64,528.0,57,48,0,0,0,False,100.0,14.166666666666666,5.5,2420.374555022442
0,1759174598.566199,348.4,94,0.5171,0.2365,0.2245,228.0,0.0,9.43,None,None,12.455,True,None,sfc_cache_p3_15,0,None,60,495.0,56,48,0,0,0,False,100.0,14.25,6.1875,2460.617551462622
0,1759174598.566808,348.4,94,0.5171,0.2365,0.2245,228.0,0.0,5.7,None,None,11.9,True,None,sfc_unique_p3_15,0,None,60,495.0,56,48,0,0,0,False,100.0,14.25,6.1875,2460.617551462622
0,1759174604.3255084,354.2,96,0.4528,0.2165,0.1996,186.0,0.0,7.1,None,None,5.92,True,None,sfc_cache_p1_20,0,None,52,429.0,48,42,0,0,0,False,100.0,14.261904761904763,6.285714285714286,2426.2544497755766
0,1759174604.3257964,354.2,96,0.4528,0.2165,0.1996,186.0,0.0,6.06,None,None,5.515,True,None,sfc_unique_p1_20,0,None,52,429.0,48,42,0,0,0,False,100.0,14.261904761904763,6.285714285714286,2426.2544497755766
0,1759174604.3467047,354.2,97,0.4763,0.2296,0.2245,192.0,0.0,8.19,None,None,5.64,True,None,sfc_cache_p2_20,0,None,52,429.0,50,44,0,0,0,False,100.0,14.318181818181818,6.75,2474.448021204148
0,1759174604.3469756,354.2,97,0.4763,0.2296,0.2245,192.0,0.0,9.05,None,None,5.483,True,None,sfc_unique_p2_20,0,None,52,429.0,50,44,0,0,0,False,100.0,14.318181818181818,6.75,2474.448021204148
0,1759174604.3738408,354.2,98,0.4997,0.255,0.2495,198.0,0.0,10.59,None,None,6.022,True,None,sfc_cache_p3_20,0,None,52,429.0,52,46,0,0,0,False,100.0,14.369565217391305,7.173913043478261,2520.6775003869375
0,1759174604.3741412,354.2,98,0.4997,0.255,0.2495,198.0,0.0,10.77,None,None,5.512,True,None,sfc_unique_p3_20,0,None,52,429.0,52,46,0,0,0,False,100.0,14.369565217391305,7.173913043478261,2520.6775003869375
0,1759174604.397776,354.3,99,0.5201,0.2654,0.2495,204.0,0.0,8.1,None,None,5.618,True,None,sfc_cache_p4_20,0,None,56,462.0,55,48,0,0,0,False,100.0,14.333333333333334,6.875,2538.19464324408
0,1759174604.3980412,354.3,99,0.5201,0.2654,0.2495,204.0,0.0,8.87,None,None,5.438,True,None,sfc_unique_p4_20,0,None,56,462.0,55,48,0,0,0,False,100.0,14.333333333333334,6.875,2538.19464324408
0,1759174608.720956,358.6,99,0.5231,0.2766,0.2744,192.0,0.0,12.53,None,None,10.002,True,None,sfc_cache_p1_16,0,None,52,429.0,54,48,0,0,0,False,100.0,14.416666666666666,7.5625,2556.3554124748493
0,1759174608.7214599,358.6,99,0.5231,0.2766,0.2744,192.0,0.0,10.56,None,None,9.508,True,None,sfc_unique_p1_16,0,None,52,429.0,54,48,0,0,0,False,100.0,14.416666666666666,7.5625,2556.3554124748493
0,1759174618.5684063,368.4,99,0.4354,0.2334,0.2245,144.0,0.0,11.53,None,None,8.963,True,None,sfc_cache_p4_16,0,None,44,363.0,46,40,0,0,0,False,100.0,14.4,7.425,2483.0768952174585
0,1759174618.5687788,368.4,99,0.4354,0.2334,0.2245,144.0,0.0,10.49,None,None,7.221,True,None,sfc_unique_p4_16,0,None,44,363.0,46,40,0,0,0,False,100.0,14.4,7.425,2483.0768952174585
0,1759174620.3509917,370.2,101,0.4589,0.2508,0.2495,150.0,0.0,9.03,None,None,9.819,True,None,sfc_cache_p1_21,0,None,44,363.0,47,42,0,0,0,False,100.0,14.452380952380953,7.857142857142857,2510.702649744622
0,1759174620.3512943,370.2,101,0.4589,0.2508,0.2495,150.0,0.0,7.38,None,None,5.687,True,None,sfc_unique_p1_21,0,None,44,363.0,47,42,0,0,0,False,100.0,14.452380952380953,7.857142857142857,2510.702649744622
0,1759174620.374196,370.2,102,0.4823,0.2695,0.2744,156.0,0.0,7.58,None,None,5.569,True,None,sfc_cache_p2_21,0,None,44,363.0,49,44,0,0,0,False,100.0,14.5,8.25,2541.4594985296394
0,1759174620.3745027,370.2,102,0.4823,0.2695,0.2744,156.0,0.0,6.37,None,None,5.524,True,None,sfc_unique_p2_21,0,None,44,363.0,49,44,0,0,0,False,100.0,14.5,8.25,2541.4594985296394
0,1759174620.4098327,370.3,103,0.5027,0.2941,0.2744,162.0,0.0,10.35,None,None,9.499,True,None,sfc_cache_p3_21,0,None,48,396.0,52,46,0,0,0,False,100.0,14.456521739130435,7.891304347826087,2571.192629623897
0,1759174620.4101264,370.3,103,0.5027,0.2941,0.2744,162.0,0.0,7.77,None,None,8.149,True,None,sfc_unique_p3_21,0,None,48,396.0,52,46,0,0,0,False,100.0,14.456521739130435,7.891304347826087,2571.192629623897
0,1759174620.443736,370.3,104,0.5262,0.3082,0.2994,168.0,0.0,8.16,None,None,9.411,True,None,sfc_cache_p4_21,0,None,48,396.0,54,48,0,0,0,False,100.0,14.5,8.25,2585.7341092710108
0,1759174620.4440181,370.3,104,0.5262,0.3082,0.2994,168.0,0.0,7.68,None,None,6.719,True,None,sfc_unique_p4_21,0,None,48,396.0,54,48,0,0,0,False,100.0,14.5,8.25,2585.7341092710108
0,1759174623.5896213,373.5,104,0.5027,0.2983,0.2744,138.0,0.0,11.89,None,None,12.625,True,None,sfc_cache_p3_16,0,None,48,396.0,52,46,0,0,0,False,100.0,14.456521739130435,7.891304347826087,2581.074109271011
0,1759174623.590245,373.5,104,0.5027,0.2983,0.2744,138.0,0.0,8.74,None,None,11.734,True,None,sfc_unique_p3_16,0,None,48,396.0,52,46,0,0,0,False,100.0,14.456521739130435,7.891304347826087,2581.074109271011
0,1759174623.6372564,373.5,104,0.5231,0.3113,0.2744,144.0,0.0,11.75,None,None,12.288,True,None,sfc_cache_p2_16,0,None,52,429.0,55,48,0,0,0,False,100.0,14.416666666666666,7.5625,2598.882885002322
0,1759174623.6378424,373.5,104,0.5231,0.3113,0.2744,144.0,0.0,10.48,None,None,13.597,True,None,sfc_unique_p2_16,0,None,52,429.0,55,48,0,0,0,False,100.0,14.416666666666666,7.5625,2598.882885002322
0,1759174643.3710854,393.2,106,0.4589,0.2655,0.2495,126.0,0.0,7.04,None,None,9.83,True,None,sfc_cache_p1_22,0,None,44,363.0,46,42,0,0,0,False,100.0,14.452380952380953,7.857142857142857,2566.1623216656862
0,1759174643.3716,393.2,106,0.4589,0.2655,0.2495,126.0,0.0,8.33,None,None,9.195,True,None,sfc_unique_p1_22,0,None,44,363.0,46,42,0,0,0,False,100.0,14.452380952380953,7.857142857142857,2566.1623216656862
0,1759174643.4069614,393.3,107,0.4793,0.2814,0.2495,132.0,0.0,8.47,None,None,9.414,True,None,sfc_cache_p2_22,0,None,48,396.0,49,44,0,0,0,False,100.0,14.409090909090908,7.5,2591.282699316205
0,1759174643.4074173,393.3,107,0.4793,0.2814,0.2495,132.0,0.0,8.06,None,None,9.194,True,None,sfc_unique_p2_22,0,None,48,396.0,49,44,0,0,0,False,100.0,14.409090909090908,7.5,2591.282699316205
0,1759174643.442378,393.3,108,0.4997,0.2903,0.2495,138.0,0.0,8.08,None,None,9.491,True,None,sfc_cache_p3_22,0,None,52,429.0,52,46,0,0,0,False,100.0,14.369565217391305,7.173913043478261,2591.282699316205
0,1759174643.4428644,393.3,108,0.4997,0.2903,0.2495,138.0,0.0,6.49,None,None,9.263,True,None,sfc_unique_p3_22,0,None,52,429.0,52,46,0,0,0,False,100.0,14.369565217391305,7.173913043478261,2591.282699316205
0,1759174643.4835827,393.3,109,0.5231,0.32,0.2744,144.0,0.0,10.46,None,None,9.439,True,None,sfc_cache_p4_22,0,None,52,429.0,54,48,0,0,0,False,100.0,14.416666666666666,7.5625,2628.6755564590617
0,1759174643.4840553,393.3,109,0.5231,0.32,0.2744,144.0,0.0,9.88,None,None,9.292,True,None,sfc_unique_p4_22,0,None,52,429.0,54,48,0,0,0,False,100.0,14.416666666666666,7.5625,2628.6755564590617
0,1759174665.3630786,415.2,111,0.4619,0.2767,0.2744,126.0,0.0,7.12,None,None,5.953,True,None,sfc_cache_p1_23,0,None,40,330.0,45,42,0,0,0,False,100.0,14.547619047619047,8.642857142857142,2590.2202089896296
0,1759174665.363367,415.2,111,0.4619,0.2767,0.2744,126.0,0.0,5.98,None,None,5.418,True,None,sfc_unique_p1_23,0,None,40,330.0,45,42,0,0,0,False,100.0,14.547619047619047,8.642857142857142,2590.2202089896296
0,1759174665.3864648,415.2,112,0.4823,0.2898,0.2744,132.0,0.0,7.76,None,None,5.577,True,None,sfc_cache_p2_23,0,None,44,363.0,48,44,0,0,0,False,100.0,14.5,8.25,2616.864304330908
0,1759174665.3867354,415.2,112,0.4823,0.2898,0.2744,132.0,0.0,7.31,None,None,5.539,True,None,sfc_unique_p2_23,0,None,44,363.0,48,44,0,0,0,False,100.0,14.5,8.25,2616.864304330908
0,1759174665.4238837,415.3,113,0.5027,0.3112,0.2744,138.0,0.0,8.44,None,None,9.699,True,None,sfc_cache_p3_23,0,None,48,396.0,51,46,0,0,0,False,100.0,14.456521739130435,7.891304347826087,2645.0738150243023
0,1759174665.424167,415.3,113,0.5027,0.3112,0.2744,138.0,0.0,11.43,None,None,6.779,True,None,sfc_unique_p3_23,0,None,48,396.0,51,46,0,0,0,False,100.0,14.456521739130435,7.891304347826087,2645.0738150243023
0,1759174665.457555,415.3,114,0.5231,0.3243,0.2744,144.0,0.0,9.18,None,None,9.802,True,None,sfc_cache_p4_23,0,None,52,429.0,54,48,0,0,0,False,100.0,14.416666666666666,7.5625,2648.120943951713
0,1759174665.4578207,415.3,114,0.5231,0.3243,0.2744,144.0,0.0,7.4,None,None,5.552,True,None,sfc_unique_p4_23,0,None,52,429.0,54,48,0,0,0,False,100.0,14.416666666666666,7.5625,2648.120943951713
0,1759174668.6118815,418.5,114,0.5262,0.314,0.2994,144.0,0.0,8.74,None,None,7.302,True,None,sfc_cache_p2_21,0,None,48,396.0,53,48,0,0,0,False,100.0,14.5,8.25,2631.982188341126
0,1759174668.6122477,418.5,114,0.5262,0.314,0.2994,144.0,0.0,7.04,None,None,6.801,True,None,sfc_unique_p2_21,0,None,48,396.0,53,48,0,0,0,False,100.0,14.5,8.25,2631.982188341126
0,1759174677.3941052,427.3,116,0.5496,0.3235,0.3243,162.0,0.0,7.94,None,None,10.032,True,None,sfc_cache_p1_24,0,None,48,396.0,54,50,0,0,0,False,100.0,14.54,8.58,2645.5636772747275
0,1759174677.3946311,427.3,116,0.5496,0.3235,0.3243,162.0,0.0,14.11,None,None,9.556,True,None,sfc_unique_p1_24,0,None,48,396.0,54,50,0,0,0,False,100.0,14.54,8.58,2645.5636772747275
0,1759174677.4203825,427.3,117,0.57,0.333,0.3243,180.0,0.0,7.77,None,None,5.573,True,None,sfc_cache_p2_24,0,None,52,429.0,57,52,0,0,0,False,100.0,14.5,8.25,2654.9662465364518
0,1759174677.420648,427.3,117,0.57,0.333,0.3243,180.0,0.0,13.76,None,None,5.478,True,None,sfc_unique_p2_24,0,None,52,429.0,57,52,0,0,0,False,100.0,14.5,8.25,2654.9662465364518
0,1759174677.444079,427.3,118,0.5904,0.3397,0.3243,198.0,0.0,8.84,None,None,5.654,True,None,sfc_cache_p3_24,0,None,56,462.0,60,54,0,0,0,False,100.0,14.462962962962964,7.944444444444445,2657.553694299956
0,1759174677.4443676,427.3,118,0.5904,0.3397,0.3243,198.0,0.0,15.88,None,None,5.491,True,None,sfc_unique_p3_24,0,None,56,462.0,60,54,0,0,0,False,100.0,14.462962962962964,7.944444444444445,2657.553694299956
0,1759174677.4696712,427.3,119,0.6108,0.3492,0.3243,216.0,0.0,8.05,None,None,5.558,True,None,sfc_cache_p4_24,0,None,60,495.0,63,56,0,0,0,False,100.0,14.428571428571429,7.660714285714286,2666.9562635616803
0,1759174677.4699574,427.3,119,0.6108,0.3492,0.3243,216.0,0.0,14.33,None,None,5.53,True,None,sfc_unique_p4_24,0,None,60,495.0,63,56,0,0,0,False,100.0,14.428571428571429,7.660714285714286,2666.9562635616803
0,1759174678.6291087,428.5,119,0.57,0.3315,0.3243,204.0,0.0,9.47,None,None,7.511,True,None,sfc_cache_p4_20,0,None,52,429.0,57,52,0,0,0,False,100.0,14.5,8.25,2652.5627803547463
0,1759174678.6294596,428.5,119,0.57,0.3315,0.3243,204.0,0.0,8.63,None,None,6.949,True,None,sfc_unique_p4_20,0,None,52,429.0,57,52,0,0,0,False,100.0,14.5,8.25,2652.5627803547463
0,1759174678.6559515,428.5,119,0.5904,0.3463,0.3243,222.0,0.0,9.5,None,None,7.039,True,None,sfc_cache_p1_20,0,None,56,462.0,60,54,0,0,0,False,100.0,14.462962962962964,7.944444444444445,2652.5627803547463
0,1759174678.6562703,428.5,119,0.5904,0.3463,0.3243,222.0,0.0,16.43,None,None,6.982,True,None,sfc_unique_p1_20,0,None,56,462.0,60,54,0,0,0,False,100.0,14.462962962962964,7.944444444444445,2652.5627803547463
0,1759174678.684177,428.5,119,0.6138,0.3583,0.3493,240.0,0.0,10.59,None,None,7.077,True,None,sfc_cache_p3_18,0,None,56,462.0,62,56,0,0,0,False,100.0,14.5,8.25,2663.5080674620053
0,1759174678.6844893,428.5,119,0.6138,0.3583,0.3493,240.0,0.0,18.64,None,None,6.997,True,None,sfc_unique_p3_18,0,None,56,462.0,62,56,0,0,0,False,100.0,14.5,8.25,2663.5080674620053
0,1759174683.658536,433.5,119,0.5761,0.3462,0.3742,228.0,0.0,10.36,None,None,12.568,True,None,sfc_cache_p4_19,0,None,44,363.0,55,52,0,0,0,False,100.0,14.653846153846153,9.51923076923077,2645.2496709289608
0,1759174683.6591809,433.5,119,0.5761,0.3462,0.3742,228.0,0.0,8.74,None,None,11.924,True,None,sfc_unique_p4_19,0,None,44,363.0,55,52,0,0,0,False,100.0,14.653846153846153,9.51923076923077,2645.2496709289608
0,1759174683.7046175,433.6,119,0.5965,0.3539,0.3742,234.0,0.0,8.88,None,None,12.151,True,None,sfc_cache_p3_19,0,None,48,396.0,58,54,0,0,0,False,100.0,14.61111111111111,9.166666666666666,2645.2496709289608
0,1759174683.7052016,433.6,119,0.5965,0.3539,0.3742,234.0,0.0,7.46,None,None,11.838,True,None,sfc_unique_p3_19,0,None,48,396.0,58,54,0,0,0,False,100.0,14.61111111111111,9.166666666666666,2645.2496709289608
0,1759174683.7571049,433.6,119,0.6169,0.3633,0.3742,252.0,0.0,10.99,None,None,12.191,True,None,sfc_cache_p1_18,0,None,52,429.0,60,56,0,0,0,False,100.0,14.571428571428571,8.839285714285714,2645.2496709289608
0,1759174683.7575505,433.6,119,0.6169,0.3633,0.3742,252.0,0.0,19.76,None,None,10.277,True,None,sfc_unique_p1_18,0,None,52,429.0,60,56,0,0,0,False,100.0,14.571428571428571,8.839285714285714,2645.2496709289608
0,1759174688.6648238,438.5,119,0.6199,0.3656,0.3992,264.0,0.0,10.84,None,None,12.351,True,None,sfc_cache_p2_19,0,None,48,396.0,59,56,0,0,0,False,100.0,14.642857142857142,9.428571428571429,2645.2496709289608
0,1759174688.6651871,438.5,119,0.6199,0.3656,0.3992,264.0,0.0,18.52,None,None,11.639,True,None,sfc_unique_p2_19,0,None,48,396.0,59,56,0,0,0,False,100.0,14.642857142857142,9.428571428571429,2645.2496709289608
0,1759174692.387733,442.3,121,0.6229,0.3654,0.4241,276.0,0.0,6.32,None,None,7.435,True,None,sfc_cache_p1_25,0,None,44,363.0,57,56,0,0,0,False,100.0,14.714285714285714,10.017857142857142,2636.7386045305707
0,1759174692.3880587,442.3,121,0.6229,0.3654,0.4241,276.0,0.0,10.75,None,None,5.67,True,None,sfc_unique_p1_25,0,None,44,363.0,57,56,0,0,0,False,100.0,14.714285714285714,10.017857142857142,2636.7386045305707
0,1759174692.4133737,442.3,122,0.6433,0.3723,0.4241,294.0,0.0,7.24,None,None,5.745,True,None,sfc_cache_p2_25,0,None,48,396.0,60,58,0,0,0,False,100.0,14.672413793103448,9.672413793103448,2636.7386045305707
0,1759174692.4136531,442.3,122,0.6433,0.3723,0.4241,294.0,0.0,12.58,None,None,5.512,True,None,sfc_unique_p2_25,0,None,48,396.0,60,58,0,0,0,False,100.0,14.672413793103448,9.672413793103448,2636.7386045305707
0,1759174692.4399974,442.3,123,0.6637,0.3791,0.4241,312.0,0.0,5.66,None,None,5.747,True,None,sfc_cache_p3_25,0,None,52,429.0,63,60,0,0,0,False,100.0,14.633333333333333,9.35,2645.2496709289608
0,1759174692.4402995,442.3,123,0.6637,0.3791,0.4241,312.0,0.0,9.51,None,None,5.664,True,None,sfc_unique_p3_25,0,None,52,429.0,63,60,0,0,0,False,100.0,14.633333333333333,9.35,2645.2496709289608
0,1759174692.481683,442.3,124,0.6842,0.3859,0.4241,330.0,0.0,8.96,None,None,9.871,True,None,sfc_cache_p4_25,0,None,56,462.0,66,62,0,0,0,False,100.0,14.596774193548388,9.048387096774194,2645.2496709289608
0,1759174692.4821804,442.3,124,0.6842,0.3859,0.4241,330.0,0.0,16.1,None,None,9.467,True,None,sfc_unique_p4_25,0,None,56,462.0,66,62,0,0,0,False,100.0,14.596774193548388,9.048387096774194,2645.2496709289608
0,1759174698.669487,448.5,124,0.5965,0.3435,0.3742,282.0,0.0,10.07,None,None,7.537,True,None,sfc_cache_p4_20,0,None,48,396.0,58,54,0,0,0,False,100.0,14.61111111111111,9.166666666666666,2598.246923676214
0,1759174698.6698563,448.5,124,0.5965,0.3435,0.3742,282.0,0.0,7.9,None,None,7.035,True,None,sfc_unique_p4_20,0,None,48,396.0,58,54,0,0,0,False,100.0,14.61111111111111,9.166666666666666,2598.246923676214
0,1759174698.700886,448.6,124,0.6199,0.3636,0.3992,288.0,0.0,9.51,None,None,6.957,True,None,sfc_cache_p2_20,0,None,48,396.0,60,56,0,0,0,False,100.0,14.642857142857142,9.428571428571429,2611.5904463507227
0,1759174698.70123,448.6,124,0.6199,0.3636,0.3992,288.0,0.0,7.16,None,None,6.747,True,None,sfc_unique_p2_20,0,None,48,396.0,60,56,0,0,0,False,100.0,14.642857142857142,9.428571428571429,2611.5904463507227
0,1759174708.6950195,458.6,124,0.5995,0.3383,0.3992,282.0,0.0,11.96,None,None,12.0,True,None,sfc_cache_p1_22,0,None,44,363.0,57,54,0,0,0,False,100.0,14.685185185185185,9.777777777777779,2568.3425892078653
0,1759174708.6953743,458.6,124,0.5995,0.3383,0.3992,282.0,0.0,10.88,None,None,10.391,True,None,sfc_unique_p1_22,0,None,44,363.0,57,54,0,0,0,False,100.0,14.685185185185185,9.777777777777779,2568.3425892078653
0,1759174708.7360382,458.6,124,0.6199,0.3526,0.3992,288.0,0.0,9.31,None,None,11.911,True,None,sfc_cache_p3_20,0,None,48,396.0,60,56,0,0,0,False,100.0,14.642857142857142,9.428571428571429,2587.0432547395167
0,1759174708.736372,458.6,124,0.6199,0.3526,0.3992,288.0,0.0,10.22,None,None,6.905,True,None,sfc_unique_p3_20,0,None,48,396.0,60,56,0,0,0,False,100.0,14.642857142857142,9.428571428571429,2587.0432547395167
0,1759174717.4138775,467.3,126,0.5526,0.3032,0.3493,258.0,0.0,10.6,None,None,9.976,True,None,sfc_cache_p1_26,0,None,44,363.0,53,50,0,0,0,False,100.0,14.62,9.24,2557.5851731731955
0,1759174717.4143906,467.3,126,0.5526,0.3032,0.3493,258.0,0.0,9.11,None,None,9.387,True,None,sfc_unique_p1_26,0,None,44,363.0,53,50,0,0,0,False,100.0,14.62,9.24,2557.5851731731955
0,1759174717.4608283,467.3,127,0.5761,0.3198,0.3742,264.0,0.0,8.87,None,None,9.766,True,None,sfc_cache_p2_26,0,None,44,363.0,55,52,0,0,0,False,100.0,14.653846153846153,9.51923076923077,2582.2624677096446
0,1759174717.4613419,467.3,127,0.5761,0.3198,0.3742,264.0,0.0,8.45,None,None,9.45,True,None,sfc_unique_p2_26,0,None,44,363.0,55,52,0,0,0,False,100.0,14.653846153846153,9.51923076923077,2582.2624677096446
0,1759174717.5002778,467.4,128,0.5965,0.3397,0.3742,270.0,0.0,9.73,None,None,9.416,True,None,sfc_cache_p3_26,0,None,48,396.0,57,54,0,0,0,False,100.0,14.61111111111111,9.166666666666666,2598.330036971369
0,1759174717.500742,467.4,128,0.5965,0.3397,0.3742,270.0,0.0,8.27,None,None,9.31,True,None,sfc_unique_p3_26,0,None,48,396.0,57,54,0,0,0,False,100.0,14.61111111111111,9.166666666666666,2598.330036971369
0,1759174717.5403564,467.4,129,0.6199,0.3575,0.3992,276.0,0.0,11.02,None,None,9.548,True,None,sfc_cache_p4_26,0,None,48,396.0,59,56,0,0,0,False,100.0,14.642857142857142,9.428571428571429,2602.508956643246
0,1759174717.540843,467.4,129,0.6199,0.3575,0.3992,276.0,0.0,7.87,None,None,9.38,True,None,sfc_unique_p4_26,0,None,48,396.0,59,56,0,0,0,False,100.0,14.642857142857142,9.428571428571429,2602.508956643246
0,1759174718.7134428,468.6,129,0.6025,0.3503,0.4241,246.0,0.0,7.76,None,None,12.337,True,None,sfc_cache_p4_24,0,None,40,330.0,55,54,0,0,0,False,100.0,14.75925925925926,10.38888888888889,2602.508956643246
0,1759174718.7140644,468.6,129,0.6025,0.3503,0.4241,246.0,0.0,6.36,None,None,11.844,True,None,sfc_unique_p4_24,0,None,40,330.0,55,54,0,0,0,False,100.0,14.75925925925926,10.38888888888889,2602.508956643246
0,1759174718.762005,468.6,129,0.6259,0.3591,0.449,264.0,0.0,8.84,None,None,12.063,True,None,sfc_cache_p1_24,0,None,40,330.0,57,56,0,0,0,False,100.0,14.785714285714286,10.607142857142858,2602.508956643246
0,1759174718.7625759,468.6,129,0.6259,0.3591,0.449,264.0,0.0,16.58,None,None,11.931,True,None,sfc_unique_p1_24,0,None,40,330.0,57,56,0,0,0,False,100.0,14.785714285714286,10.607142857142858,2602.508956643246
0,1759174728.7107935,478.6,129,0.5322,0.3047,0.3493,228.0,0.0,12.13,None,None,11.872,True,None,sfc_cache_p4_22,0,None,40,330.0,50,48,0,0,0,False,100.0,14.666666666666666,9.625,2533.362748625912
0,1759174728.7111537,478.6,129,0.5322,0.3047,0.3493,228.0,0.0,9.98,None,None,6.665,True,None,sfc_unique_p4_22,0,None,40,330.0,50,48,0,0,0,False,100.0,14.666666666666666,9.625,2533.362748625912
0,1759174738.431496,488.3,131,0.5556,0.3163,0.3742,234.0,0.0,6.63,None,None,10.091,True,None,sfc_cache_p1_27,0,None,40,330.0,51,50,0,0,0,False,100.0,14.7,9.9,2553.8042437505055
0,1759174738.432016,488.3,131,0.5556,0.3163,0.3742,234.0,0.0,6.92,None,None,9.473,True,None,sfc_unique_p1_27,0,None,40,330.0,51,50,0,0,0,False,100.0,14.7,9.9,2553.8042437505055
0,1759174738.4750557,488.3,132,0.5761,0.324,0.3742,240.0,0.0,6.0,None,None,9.702,True,None,sfc_cache_p2_27,0,None,44,363.0,54,52,0,0,0,False,100.0,14.653846153846153,9.51923076923077,2575.7435720278622
0,1759174738.4755545,488.3,132,0.5761,0.324,0.3742,240.0,0.0,5.11,None,None,9.353,True,None,sfc_unique_p2_27,0,None,44,363.0,54,52,0,0,0,False,100.0,14.653846153846153,9.51923076923077,2575.7435720278622
0,1759174738.521454,488.4,133,0.5965,0.3384,0.3742,246.0,0.0,7.6,None,None,9.605,True,None,sfc_cache_p3_27,0,None,48,396.0,57,54,0,0,0,False,100.0,14.61111111111111,9.166666666666666,2588.7783189710594
0,1759174738.5219479,488.4,133,0.5965,0.3384,0.3742,246.0,0.0,7.24,None,None,9.498,True,None,sfc_unique_p3_27,0,None,48,396.0,57,54,0,0,0,False,100.0,14.61111111111111,9.166666666666666,2588.7783189710594
0,1759174738.6643505,488.5,134,0.6169,0.3504,0.3742,264.0,0.0,7.84,None,None,7.509,True,None,sfc_cache_p4_27,0,None,52,429.0,60,56,0,0,0,False,100.0,14.571428571428571,8.839285714285714,2598.1808882327837
0,1759174738.664724,488.5,134,0.6169,0.3504,0.3742,264.0,0.0,15.34,None,None,7.203,True,None,sfc_unique_p4_27,0,None,52,429.0,60,56,0,0,0,False,100.0,14.571428571428571,8.839285714285714,2598.1808882327837
0,1759174738.7237928,488.6,134,0.5934,0.3395,0.3493,258.0,0.0,9.39,None,None,11.165,True,None,sfc_cache_p4_24,0,None,52,429.0,58,54,0,0,0,False,100.0,14.537037037037036,8.555555555555555,2588.1271039888584
0,1759174738.7243338,488.6,134,0.5934,0.3395,0.3493,258.0,0.0,6.67,None,None,8.481,True,None,sfc_unique_p4_24,0,None,52,429.0,58,54,0,0,0,False,100.0,14.537037037037036,8.555555555555555,2588.1271039888584
0,1759174738.7606146,488.6,134,0.6138,0.3569,0.3493,264.0,0.0,10.83,None,None,6.934,True,None,sfc_cache_p3_22,0,None,56,462.0,61,56,0,0,0,False,100.0,14.5,8.25,2606.8189589648687
0,1759174738.7609384,488.6,134,0.6138,0.3569,0.3493,264.0,0.0,10.54,None,None,6.649,True,None,sfc_unique_p3_22,0,None,56,462.0,61,56,0,0,0,False,100.0,14.5,8.25,2606.8189589648687
0,1759174743.7233963,493.6,134,0.4997,0.2845,0.2495,210.0,0.0,9.3,None,None,7.585,True,None,sfc_cache_p3_24,0,None,52,429.0,51,46,0,0,0,False,100.0,14.369565217391305,7.173913043478261,2517.297213105094
0,1759174743.7237532,493.6,134,0.4997,0.2845,0.2495,210.0,0.0,7.37,None,None,6.704,True,None,sfc_unique_p3_24,0,None,52,429.0,51,46,0,0,0,False,100.0,14.369565217391305,7.173913043478261,2517.297213105094
0,1759174743.7506948,493.6,134,0.5201,0.2889,0.2495,216.0,0.0,8.6,None,None,6.93,True,None,sfc_cache_p1_24,0,None,56,462.0,54,48,0,0,0,False,100.0,14.333333333333334,6.875,2534.970560884076
0,1759174743.751041,493.6,134,0.5201,0.2889,0.2495,216.0,0.0,6.07,None,None,6.842,True,None,sfc_unique_p1_24,0,None,56,462.0,54,48,0,0,0,False,100.0,14.333333333333334,6.875,2534.970560884076
0,1759174758.4359865,508.3,136,0.4559,0.2351,0.2245,198.0,0.0,9.61,None,None,10.036,True,None,sfc_cache_p1_28,0,None,48,396.0,47,42,0,0,0,False,100.0,14.357142857142858,7.071428571428571,2461.5222680065035
0,1759174758.4362822,508.3,136,0.4559,0.2351,0.2245,198.0,0.0,6.83,None,None,5.524,True,None,sfc_unique_p1_28,0,None,48,396.0,47,42,0,0,0,False,100.0,14.357142857142858,7.071428571428571,2461.5222680065035
0,1759174758.4819636,508.3,137,0.4763,0.2422,0.2245,204.0,0.0,8.05,None,None,9.682,True,None,sfc_cache_p2_28,0,None,52,429.0,50,44,0,0,0,False,100.0,14.318181818181818,6.75,2481.42089051076
0,1759174758.4824903,508.3,137,0.4763,0.2422,0.2245,204.0,0.0,6.29,None,None,9.631,True,None,sfc_unique_p2_28,0,None,52,429.0,50,44,0,0,0,False,100.0,14.318181818181818,6.75,2481.42089051076
0,1759174758.5253038,508.4,138,0.4967,0.2493,0.2245,210.0,0.0,7.42,None,None,9.883,True,None,sfc_cache_p3_28,0,None,56,462.0,53,46,0,0,0,False,100.0,14.282608695652174,6.456521739130435,2490.4786988995543
0,1759174758.5257843,508.4,138,0.4967,0.2493,0.2245,210.0,0.0,5.89,None,None,9.606,True,None,sfc_unique_p3_28,0,None,56,462.0,53,46,0,0,0,False,100.0,14.282608695652174,6.456521739130435,2490.4786988995543
0,1759174758.5688357,508.4,139,0.5171,0.2564,0.2245,216.0,0.0,7.52,None,None,9.714,True,None,sfc_cache_p4_28,0,None,60,495.0,56,48,0,0,0,False,100.0,14.25,6.1875,2498.2793489537253
0,1759174758.5693073,508.4,139,0.5171,0.2564,0.2245,216.0,0.0,6.29,None,None,9.371,True,None,sfc_unique_p4_28,0,None,60,495.0,56,48,0,0,0,False,100.0,14.25,6.1875,2498.2793489537253
0,1759174758.752169,508.6,139,0.5201,0.2582,0.2495,216.0,0.0,10.33,None,None,12.655,True,None,sfc_cache_p4_24,0,None,56,462.0,55,48,0,0,0,False,100.0,14.333333333333334,6.875,2514.995027641235
0,1759174758.7527778,508.6,139,0.5201,0.2582,0.2495,216.0,0.0,9.44,None,None,12.052,True,None,sfc_unique_p4_24,0,None,56,462.0,55,48,0,0,0,False,100.0,14.333333333333334,6.875,2514.995027641235
0,1759174763.7687993,513.6,139,0.4619,0.2206,0.2744,198.0,0.0,9.98,None,None,12.719,True,None,sfc_cache_p1_24,0,None,40,330.0,45,42,0,0,0,False,100.0,14.547619047619047,8.642857142857142,2487.582994118557
0,1759174763.7694285,513.6,139,0.4619,0.2206,0.2744,198.0,0.0,6.88,None,None,11.974,True,None,sfc_unique_p1_24,0,None,40,330.0,45,42,0,0,0,False,100.0,14.547619047619047,8.642857142857142,2487.582994118557
0,1759174763.8219194,513.7,139,0.4853,0.2302,0.2994,204.0,0.0,10.31,None,None,12.27,True,None,sfc_cache_p4_23,0,None,40,330.0,46,44,0,0,0,False,100.0,14.590909090909092,9.0,2491.7619137904344
0,1759174763.8223674,513.7,139,0.4853,0.2302,0.2994,204.0,0.0,6.82,None,None,17.226,True,None,sfc_unique_p4_23,0,None,40,330.0,46,44,0,0,0,False,100.0,14.590909090909092,9.0,2491.7619137904344
0,1759174763.8602817,513.7,139,0.5057,0.2386,0.2994,210.0,0.0,9.66,None,None,9.6,True,None,sfc_cache_p3_23,0,None,44,363.0,49,46,0,0,0,False,100.0,14.543478260869565,8.608695652173912,2500.812757313109
0,1759174763.8607428,513.7,139,0.5057,0.2386,0.2994,210.0,0.0,7.64,None,None,9.391,True,None,sfc_unique_p3_23,0,None,44,363.0,49,46,0,0,0,False,100.0,14.543478260869565,8.608695652173912,2500.812757313109
0,1759174763.900324,513.8,139,0.5262,0.2555,0.2994,216.0,0.0,11.27,None,None,9.593,True,None,sfc_cache_p1_23,0,None,48,396.0,52,48,0,0,0,False,100.0,14.5,8.25,2507.990825723572
0,1759174763.900776,513.8,139,0.5262,0.2555,0.2994,216.0,0.0,8.63,None,None,9.517,True,None,sfc_unique_p1_23,0,None,48,396.0,52,48,0,0,0,False,100.0,14.5,8.25,2507.990825723572
0,1759174768.7692745,518.6,139,0.4997,0.2442,0.2495,210.0,0.0,8.2,None,None,12.268,True,None,sfc_cache_p4_24,0,None,52,429.0,51,46,0,0,0,False,100.0,14.369565217391305,7.173913043478261,2490.6413442191606
0,1759174768.7696364,518.6,139,0.4997,0.2442,0.2495,210.0,0.0,8.76,None,None,7.083,True,None,sfc_unique_p4_24,0,None,52,429.0,51,46,0,0,0,False,100.0,14.369565217391305,7.173913043478261,2490.6413442191606
0,1759174768.8070166,518.7,139,0.5231,0.2547,0.2744,216.0,0.0,10.67,None,None,8.429,True,None,sfc_cache_p2_23,0,None,52,429.0,53,48,0,0,0,False,100.0,14.416666666666666,7.5625,2504.856635969664
0,1759174768.8073647,518.7,139,0.5231,0.2547,0.2744,216.0,0.0,7.88,None,None,6.991,True,None,sfc_unique_p2_23,0,None,52,429.0,53,48,0,0,0,False,100.0,14.416666666666666,7.5625,2504.856635969664
0,1759174773.45228,523.3,141,0.5466,0.2694,0.2994,222.0,0.0,7.29,None,None,9.79,True,None,sfc_cache_p1_29,0,None,52,429.0,54,50,0,0,0,False,100.0,14.46,7.92,2509.0355556415416
0,1759174773.4525833,523.3,141,0.5466,0.2694,0.2994,222.0,0.0,6.83,None,None,5.525,True,None,sfc_unique_p1_29,0,None,52,429.0,54,50,0,0,0,False,100.0,14.46,7.92,2509.0355556415416
0,1759174773.4918437,523.4,142,0.567,0.2964,0.2994,228.0,0.0,10.04,None,None,6.785,True,None,sfc_cache_p2_29,0,None,56,462.0,57,52,0,0,0,False,100.0,14.423076923076923,7.615384615384615,2552.045555641542
0,1759174773.4921474,523.4,142,0.567,0.2964,0.2994,228.0,0.0,10.06,None,None,5.42,True,None,sfc_unique_p2_29,0,None,56,462.0,57,52,0,0,0,False,100.0,14.423076923076923,7.615384615384615,2552.045555641542
0,1759174773.5325704,523.4,143,0.5874,0.3304,0.2994,234.0,0.0,10.04,None,None,7.416,True,None,sfc_cache_p3_29,0,None,60,495.0,60,54,0,0,0,False,100.0,14.38888888888889,7.333333333333333,2588.720555641542
0,1759174773.532936,523.4,143,0.5874,0.3304,0.2994,234.0,0.0,10.28,None,None,6.078,True,None,sfc_unique_p3_29,0,None,60,495.0,60,54,0,0,0,False,100.0,14.38888888888889,7.333333333333333,2588.720555641542
0,1759174773.5622613,523.4,144,0.6108,0.348,0.3243,252.0,0.0,8.37,None,None,6.024,True,None,sfc_cache_p4_29,0,None,60,495.0,61,56,0,0,0,False,100.0,14.428571428571429,7.660714285714286,2608.24333221421
0,1759174773.562626,523.4,144,0.6108,0.348,0.3243,252.0,0.0,16.43,None,None,5.637,True,None,sfc_unique_p4_29,0,None,60,495.0,61,56,0,0,0,False,100.0,14.428571428571429,7.660714285714286,2608.24333221421
0,1759174773.7846644,523.6,144,0.5496,0.3268,0.3243,210.0,0.0,11.86,None,None,8.701,True,None,sfc_cache_p4_25,0,None,48,396.0,52,50,0,0,0,False,100.0,14.54,8.58,2589.4381936907616
0,1759174773.7850978,523.6,144,0.5496,0.3268,0.3243,210.0,0.0,8.51,None,None,8.027,True,None,sfc_unique_p4_25,0,None,48,396.0,52,50,0,0,0,False,100.0,14.54,8.58,2589.4381936907616
0,1759174773.8292985,523.7,144,0.573,0.3339,0.3493,216.0,0.0,11.96,None,None,8.799,True,None,sfc_cache_p3_25,0,None,48,396.0,54,52,0,0,0,False,100.0,14.576923076923077,8.884615384615385,2614.3201779037313
0,1759174773.8296678,523.7,144,0.573,0.3339,0.3493,216.0,0.0,8.4,None,None,10.533,True,None,sfc_unique_p3_25,0,None,48,396.0,54,52,0,0,0,False,100.0,14.576923076923077,8.884615384615385,2614.3201779037313
0,1759174773.8538885,523.7,144,0.5965,0.3493,0.3742,234.0,0.0,9.13,None,None,5.785,True,None,sfc_cache_p3_24,0,None,48,396.0,56,54,0,0,0,False,100.0,14.61111111111111,9.166666666666666,2619.7372959969057
0,1759174773.8541892,523.7,144,0.5965,0.3493,0.3742,234.0,0.0,16.29,None,None,5.599,True,None,sfc_unique_p3_24,0,None,48,396.0,56,54,0,0,0,False,100.0,14.61111111111111,9.166666666666666,2619.7372959969057
0,1759174773.894885,523.8,144,0.6169,0.3587,0.3742,252.0,0.0,8.0,None,None,9.613,True,None,sfc_cache_p1_24,0,None,52,429.0,59,56,0,0,0,False,100.0,14.571428571428571,8.839285714285714,2629.13986525863
0,1759174773.8951523,523.8,144,0.6169,0.3587,0.3742,252.0,0.0,14.28,None,None,9.052,True,None,sfc_unique_p1_24,0,None,52,429.0,59,56,0,0,0,False,100.0,14.571428571428571,8.839285714285714,2629.13986525863
0,1759174778.7937803,528.7,144,0.5995,0.3512,0.3992,246.0,0.0,10.27,None,None,7.609,True,None,sfc_cache_p4_23,0,None,44,363.0,55,54,0,0,0,False,100.0,14.685185185185185,9.777777777777779,2632.308879343137
0,1759174778.794153,528.7,144,0.5995,0.3512,0.3992,246.0,0.0,6.78,None,None,6.768,True,None,sfc_unique_p4_23,0,None,44,363.0,55,54,0,0,0,False,100.0,14.685185185185185,9.777777777777779,2632.308879343137
0,1759174778.8439052,528.7,144,0.6229,0.3593,0.4241,264.0,0.0,7.91,None,None,11.826,True,None,sfc_cache_p3_23,0,None,44,363.0,57,56,0,0,0,False,100.0,14.714285714285714,10.017857142857142,2642.059691910851
0,1759174778.844172,528.7,144,0.6229,0.3593,0.4241,264.0,0.0,14.55,None,None,5.474,True,None,sfc_unique_p3_23,0,None,44,363.0,57,56,0,0,0,False,100.0,14.714285714285714,10.017857142857142,2642.059691910851
0,1759174783.8021054,533.7,144,0.6229,0.3613,0.4241,264.0,0.0,12.36,None,None,7.372,True,None,sfc_cache_p1_25,0,None,44,363.0,57,56,0,0,0,False,100.0,14.714285714285714,10.017857142857142,2642.059691910851
0,1759174783.80248,533.7,144,0.6229,0.3613,0.4241,264.0,0.0,20.37,None,None,7.022,True,None,sfc_unique_p1_25,0,None,44,363.0,57,56,0,0,0,False,100.0,14.714285714285714,10.017857142857142,2642.059691910851
0,1759174788.824944,538.7,144,0.5292,0.3156,0.3243,216.0,0.0,10.6,None,None,12.578,True,None,sfc_cache_p2_25,0,None,44,363.0,51,48,0,0,0,False,100.0,14.583333333333334,8.9375,2580.417144317599
0,1759174788.8255627,538.7,144,0.5292,0.3156,0.3243,216.0,0.0,8.62,None,None,11.611,True,None,sfc_unique_p2_25,0,None,44,363.0,51,48,0,0,0,False,100.0,14.583333333333334,8.9375,2580.417144317599
0,1759174789.469389,539.3,146,0.5526,0.324,0.3493,222.0,0.0,5.95,None,None,10.125,True,None,sfc_cache_p1_30,0,None,44,363.0,52,50,0,0,0,False,100.0,14.62,9.24,2587.932234860859
0,1759174789.4699123,539.3,146,0.5526,0.324,0.3493,222.0,0.0,4.96,None,None,9.509,True,None,sfc_unique_p1_30,0,None,44,363.0,52,50,0,0,0,False,100.0,14.62,9.24,2587.932234860859
0,1759174789.5147839,539.4,147,0.5761,0.3399,0.3742,228.0,0.0,8.76,None,None,9.764,True,None,sfc_cache_p2_30,0,None,44,363.0,53,52,0,0,0,False,100.0,14.653846153846153,9.51923076923077,2627.7016204048923
0,1759174789.5152855,539.4,147,0.5761,0.3399,0.3742,228.0,0.0,6.35,None,None,9.445,True,None,sfc_unique_p2_30,0,None,44,363.0,53,52,0,0,0,False,100.0,14.653846153846153,9.51923076923077,2627.7016204048923
0,1759174789.5647075,539.4,148,0.5995,0.354,0.3992,246.0,0.0,8.41,None,None,9.985,True,None,sfc_cache_p3_30,0,None,44,363.0,55,54,0,0,0,False,100.0,14.685185185185185,9.777777777777779,2629.13986525863
0,1759174789.5652218,539.4,148,0.5995,0.354,0.3992,246.0,0.0,14.66,None,None,9.613,True,None,sfc_unique_p3_30,0,None,44,363.0,55,54,0,0,0,False,100.0,14.685185185185185,9.777777777777779,2629.13986525863
0,1759174789.6117625,539.5,149,0.6199,0.3655,0.3992,264.0,0.0,7.56,None,None,9.735,True,None,sfc_cache_p4_30,0,None,48,396.0,58,56,0,0,0,False,100.0,14.642857142857142,9.428571428571429,2629.13986525863
0,1759174789.6122622,539.5,149,0.6199,0.3655,0.3992,264.0,0.0,12.97,None,None,9.499,True,None,sfc_unique_p4_30,0,None,48,396.0,58,56,0,0,0,False,100.0,14.642857142857142,9.428571428571429,2629.13986525863
0,1759174793.837236,543.7,149,0.5821,0.3276,0.4241,252.0,0.0,8.61,None,None,12.357,True,None,sfc_cache_p2_29,0,None,36,297.0,51,52,0,0,0,False,100.0,14.807692307692308,10.788461538461538,2578.1515236706405
0,1759174793.8377407,543.7,149,0.5821,0.3276,0.4241,252.0,0.0,7.46,None,None,8.074,True,None,sfc_unique_p2_29,0,None,36,297.0,51,52,0,0,0,False,100.0,14.807692307692308,10.788461538461538,2578.1515236706405
0,1759174793.8835206,543.7,149,0.6055,0.3346,0.449,258.0,0.0,9.55,None,None,9.704,True,None,sfc_cache_p1_29,0,None,36,297.0,53,54,0,0,0,False,100.0,14.833333333333334,11.0,2582.4372379563547
0,1759174793.8840146,543.7,149,0.6055,0.3346,0.449,258.0,0.0,6.04,None,None,9.54,True,None,sfc_unique_p1_29,0,None,36,297.0,53,54,0,0,0,False,100.0,14.833333333333334,11.0,2582.4372379563547
0,1759174793.9119678,543.8,149,0.629,0.3494,0.474,276.0,0.0,9.96,None,None,5.588,True,None,sfc_cache_p3_28,0,None,36,297.0,55,56,0,0,0,False,100.0,14.857142857142858,11.196428571428571,2595.923540386319
0,1759174793.9122224,543.8,149,0.629,0.3494,0.474,276.0,0.0,13.71,None,None,5.546,True,None,sfc_unique_p3_28,0,None,36,297.0,55,56,0,0,0,False,100.0,14.857142857142858,11.196428571428571,2595.923540386319
0,1759174798.8550684,548.7,149,0.6055,0.3316,0.449,258.0,0.0,9.03,None,None,12.682,True,None,sfc_cache_p4_29,0,None,36,297.0,53,54,0,0,0,False,100.0,14.833333333333334,11.0,2572.4238252592477
0,1759174798.8555765,548.7,149,0.6055,0.3316,0.449,258.0,0.0,6.33,None,None,16.676,True,None,sfc_unique_p4_29,0,None,36,297.0,53,54,0,0,0,False,100.0,14.833333333333334,11.0,2572.4238252592477
0,1759174799.0406628,548.9,149,0.629,0.3404,0.474,276.0,0.0,9.83,None,None,9.942,True,None,sfc_cache_p3_25,0,None,36,297.0,54,56,0,0,0,False,100.0,14.857142857142858,11.196428571428571,2585.256591084971
0,1759174799.0411782,548.9,149,0.629,0.3404,0.474,276.0,0.0,17.71,None,None,9.435,True,None,sfc_unique_p3_25,0,None,36,297.0,54,56,0,0,0,False,100.0,14.857142857142858,11.196428571428571,2585.256591084971
0,1759174805.4811175,555.3,151,0.6524,0.3513,0.4989,294.0,0.0,7.88,None,None,10.18,True,None,sfc_cache_p1_31,0,None,36,297.0,55,58,0,0,0,False,100.0,14.879310344827585,11.379310344827585,2604.4099729144095
0,1759174805.4816446,555.3,151,0.6524,0.3513,0.4989,294.0,0.0,15.69,None,None,9.6,True,None,sfc_unique_p1_31,0,None,36,297.0,55,58,0,0,0,False,100.0,14.879310344827585,11.379310344827585,2604.4099729144095
0,1759174805.5304375,555.4,152,0.6728,0.3596,0.4989,312.0,0.0,7.88,None,None,9.667,True,None,sfc_cache_p2_31,0,None,40,330.0,58,60,0,0,0,False,100.0,14.833333333333334,11.0,2617.2322914409533
0,1759174805.5309398,555.4,152,0.6728,0.3596,0.4989,312.0,0.0,14.25,None,None,9.502,True,None,sfc_unique_p2_31,0,None,40,330.0,58,60,0,0,0,False,100.0,14.833333333333334,11.0,2617.2322914409533
0,1759174805.5633698,555.4,153,0.6932,0.3678,0.4989,330.0,0.0,7.07,None,None,5.73,True,None,sfc_cache_p3_31,0,None,44,363.0,61,62,0,0,0,False,100.0,14.790322580645162,10.64516129032258,2617.2322914409533
0,1759174805.5636573,555.4,153,0.6932,0.3678,0.4989,330.0,0.0,12.83,None,None,5.591,True,None,sfc_unique_p3_31,0,None,44,363.0,61,62,0,0,0,False,100.0,14.790322580645162,10.64516129032258,2617.2322914409533
0,1759174805.5963545,555.5,154,0.7136,0.376,0.4989,348.0,0.0,7.67,None,None,5.71,True,None,sfc_cache_p4_31,0,None,48,396.0,64,64,0,0,0,False,100.0,14.75,10.3125,2617.2322914409533
0,1759174805.5966272,555.5,154,0.7136,0.376,0.4989,348.0,0.0,14.02,None,None,5.663,True,None,sfc_unique_p4_31,0,None,48,396.0,64,64,0,0,0,False,100.0,14.75,10.3125,2617.2322914409533
0,1759174808.8674562,558.7,154,0.6199,0.3276,0.3992,288.0,0.0,10.2,None,None,12.457,True,None,sfc_cache_p4_25,0,None,48,396.0,57,56,0,0,0,False,100.0,14.642857142857142,9.428571428571429,2607.8382347933757
0,1759174808.8677564,558.7,154,0.6199,0.3276,0.3992,288.0,0.0,9.32,None,None,8.471,True,None,sfc_unique_p4_25,0,None,48,396.0,57,56,0,0,0,False,100.0,14.642857142857142,9.428571428571429,2607.8382347933757
0,1759174818.867628,568.7,154,0.5262,0.2875,0.2994,228.0,0.0,9.66,None,None,7.499,True,None,sfc_cache_p3_28,0,None,48,396.0,51,48,0,0,0,False,100.0,14.5,8.25,2523.101351957901
0,1759174818.8680964,568.7,154,0.5262,0.2875,0.2994,228.0,0.0,6.86,None,None,9.548,True,None,sfc_unique_p3_28,0,None,48,396.0,51,48,0,0,0,False,100.0,14.5,8.25,2523.101351957901
0,1759174823.4803996,573.3,156,0.5496,0.2939,0.3243,234.0,0.0,9.63,None,None,7.026,True,None,sfc_cache_p1_32,0,None,48,396.0,52,50,0,0,0,False,100.0,14.54,8.58,2572.057395913945
0,1759174823.4807036,573.3,156,0.5496,0.2939,0.3243,234.0,0.0,6.77,None,None,5.555,True,None,sfc_unique_p1_32,0,None,48,396.0,52,50,0,0,0,False,100.0,14.54,8.58,2572.057395913945
0,1759174823.509836,573.4,157,0.573,0.3029,0.3493,240.0,0.0,8.04,None,None,6.073,True,None,sfc_cache_p2_32,0,None,48,396.0,54,52,0,0,0,False,100.0,14.576923076923077,8.884615384615385,2576.2363155858225
0,1759174823.5101433,573.4,157,0.573,0.3029,0.3493,240.0,0.0,5.8,None,None,5.556,True,None,sfc_unique_p2_32,0,None,48,396.0,54,52,0,0,0,False,100.0,14.576923076923077,8.884615384615385,2576.2363155858225
0,1759174823.537997,573.4,158,0.5934,0.3112,0.3493,246.0,0.0,9.16,None,None,5.828,True,None,sfc_cache_p3_32,0,None,52,429.0,57,54,0,0,0,False,100.0,14.537037037037036,8.555555555555555,2576.2363155858225
0,1759174823.5383062,573.4,158,0.5934,0.3112,0.3493,246.0,0.0,6.47,None,None,5.514,True,None,sfc_unique_p3_32,0,None,52,429.0,57,54,0,0,0,False,100.0,14.537037037037036,8.555555555555555,2576.2363155858225
0,1759174823.5670605,573.4,159,0.6138,0.3207,0.3493,264.0,0.0,9.24,None,None,5.98,True,None,sfc_cache_p4_32,0,None,56,462.0,60,56,0,0,0,False,100.0,14.5,8.25,2576.2363155858225
0,1759174823.5673754,573.4,159,0.6138,0.3207,0.3493,264.0,0.0,15.47,None,None,5.585,True,None,sfc_unique_p4_32,0,None,56,462.0,60,56,0,0,0,False,100.0,14.5,8.25,2576.2363155858225
0,1759174823.8890429,573.8,159,0.5934,0.2935,0.3493,258.0,0.0,7.78,None,None,18.075,True,None,sfc_cache_p4_29,0,None,52,429.0,57,54,0,0,0,False,100.0,14.537037037037036,8.555555555555555,2548.4749342207083
0,1759174823.889533,573.8,159,0.5934,0.2935,0.3493,258.0,0.0,8.62,None,None,9.375,True,None,sfc_unique_p4_29,0,None,52,429.0,57,54,0,0,0,False,100.0,14.537037037037036,8.555555555555555,2548.4749342207083
0,1759174823.9325197,573.8,159,0.6169,0.3152,0.3742,264.0,0.0,9.64,None,None,9.495,True,None,sfc_cache_p3_29,0,None,52,429.0,59,56,0,0,0,False,100.0,14.571428571428571,8.839285714285714,2564.9491642160647
0,1759174823.9329777,573.8,159,0.6169,0.3152,0.3742,264.0,0.0,6.99,None,None,9.351,True,None,sfc_unique_p3_29,0,None,52,429.0,59,56,0,0,0,False,100.0,14.571428571428571,8.839285714285714,2564.9491642160647
0,1759174833.8845358,583.7,159,0.4415,0.1977,0.2744,204.0,0.0,9.53,None,None,9.288,True,None,sfc_cache_p2_30,0,None,36,297.0,43,40,0,0,0,False,100.0,14.6,9.075,2403.2096927720168
0,1759174833.8848345,583.7,159,0.4415,0.1977,0.2744,204.0,0.0,8.0,None,None,5.563,True,None,sfc_unique_p2_30,0,None,36,297.0,43,40,0,0,0,False,100.0,14.6,9.075,2403.2096927720168
0,1759174838.908008,588.8,159,0.4181,0.1877,0.2495,186.0,0.0,8.93,None,None,10.726,True,None,sfc_cache_p3_30,0,None,36,297.0,41,38,0,0,0,False,100.0,14.552631578947368,8.68421052631579,2416.483179848321
0,1759174838.9085124,588.8,159,0.4181,0.1877,0.2495,186.0,0.0,7.67,None,None,9.497,True,None,sfc_unique_p3_30,0,None,36,297.0,41,38,0,0,0,False,100.0,14.552631578947368,8.68421052631579,2416.483179848321
0,1759174838.9364936,588.8,159,0.4385,0.2,0.2495,192.0,0.0,9.16,None,None,5.733,True,None,sfc_cache_p1_30,0,None,40,330.0,44,40,0,0,0,False,100.0,14.5,8.25,2444.1298289738434
0,1759174838.9367535,588.8,159,0.4385,0.2,0.2495,192.0,0.0,7.68,None,None,5.53,True,None,sfc_unique_p1_30,0,None,40,330.0,44,40,0,0,0,False,100.0,14.5,8.25,2444.1298289738434
0,1759174843.9149125,593.8,159,0.412,0.1877,0.1996,186.0,0.0,8.86,None,None,9.941,True,None,sfc_cache_p2_29,0,None,44,363.0,43,38,0,0,0,False,100.0,14.342105263157896,6.947368421052632,2417.276400711964
0,1759174843.9152143,593.8,159,0.412,0.1877,0.1996,186.0,0.0,6.03,None,None,8.408,True,None,sfc_unique_p2_29,0,None,44,363.0,43,38,0,0,0,False,100.0,14.342105263157896,6.947368421052632,2417.276400711964
0,1759174843.9507885,593.8,159,0.4324,0.1941,0.1996,192.0,0.0,7.99,None,None,9.48,True,None,sfc_cache_p1_29,0,None,48,396.0,46,40,0,0,0,False,100.0,14.3,6.6,2427.1769579012534
0,1759174843.95107,593.8,159,0.4324,0.1941,0.1996,192.0,0.0,6.31,None,None,5.384,True,None,sfc_unique_p1_29,0,None,48,396.0,46,40,0,0,0,False,100.0,14.3,6.6,2427.1769579012534
0,1759174845.5008976,595.4,161,0.4559,0.2088,0.2245,198.0,0.0,10.7,None,None,9.884,True,None,sfc_cache_p1_33,0,None,48,396.0,47,42,0,0,0,False,100.0,14.357142857142858,7.071428571428571,2453.236004488469
0,1759174845.5014305,595.4,161,0.4559,0.2088,0.2245,198.0,0.0,7.56,None,None,9.366,True,None,sfc_unique_p1_33,0,None,48,396.0,47,42,0,0,0,False,100.0,14.357142857142858,7.071428571428571,2453.236004488469
0,1759174845.5441332,595.4,162,0.4763,0.2261,0.2245,204.0,0.0,10.39,None,None,9.466,True,None,sfc_cache_p2_33,0,None,52,429.0,50,44,0,0,0,False,100.0,14.318181818181818,6.75,2465.0689250889955
0,1759174845.5446105,595.4,162,0.4763,0.2261,0.2245,204.0,0.0,7.65,None,None,9.322,True,None,sfc_unique_p2_33,0,None,52,429.0,50,44,0,0,0,False,100.0,14.318181818181818,6.75,2465.0689250889955
0,1759174845.5953498,595.5,163,0.4967,0.2407,0.2245,210.0,0.0,8.41,None,None,9.604,True,None,sfc_cache_p3_33,0,None,56,462.0,53,46,0,0,0,False,100.0,14.282608695652174,6.456521739130435,2465.0689250889955
0,1759174845.5958486,595.5,163,0.4967,0.2407,0.2245,210.0,0.0,7.18,None,None,9.222,True,None,sfc_unique_p3_33,0,None,56,462.0,53,46,0,0,0,False,100.0,14.282608695652174,6.456521739130435,2465.0689250889955
0,1759174845.6390712,595.5,164,0.5201,0.2572,0.2495,216.0,0.0,11.32,None,None,9.528,True,None,sfc_cache_p4_33,0,None,56,462.0,55,48,0,0,0,False,100.0,14.333333333333334,6.875,2465.0689250889955
0,1759174845.639561,595.5,164,0.5201,0.2572,0.2495,216.0,0.0,7.88,None,None,9.224,True,None,sfc_unique_p4_33,0,None,56,462.0,55,48,0,0,0,False,100.0,14.333333333333334,6.875,2465.0689250889955
0,1759174848.9239957,598.8,164,0.5231,0.2609,0.2744,216.0,0.0,8.57,None,None,10.023,True,None,sfc_cache_p3_28,0,None,52,429.0,54,48,0,0,0,False,100.0,14.416666666666666,7.5625,2478.650414022597
0,1759174848.924296,598.8,164,0.5231,0.2609,0.2744,216.0,0.0,7.91,None,None,6.181,True,None,sfc_unique_p3_28,0,None,52,429.0,54,48,0,0,0,False,100.0,14.416666666666666,7.5625,2478.650414022597
0,1759174863.942528,613.8,164,0.5231,0.2609,0.2744,216.0,0.0,8.45,None,None,9.886,True,None,sfc_cache_p3_28,0,None,52,429.0,54,48,0,0,0,False,100.0,14.416666666666666,7.5625,2478.650414022597
0,1759174863.942831,613.8,164,0.5231,0.2609,0.2744,216.0,0.0,7.41,None,None,5.536,True,None,sfc_unique_p3_28,0,None,52,429.0,54,48,0,0,0,False,100.0,14.416666666666666,7.5625,2478.650414022597
0,1759174866.5165355,616.4,166,0.5466,0.272,0.2994,222.0,0.0,7.58,None,None,6.546,True,None,sfc_cache_p1_34,0,None,52,429.0,55,50,0,0,0,False,100.0,14.46,7.92,2488.0529832843213
0,1759174866.5170639,616.4,166,0.5466,0.272,0.2994,222.0,0.0,6.37,None,None,9.683,True,None,sfc_unique_p1_34,0,None,52,429.0,55,50,0,0,0,False,100.0,14.46,7.92,2488.0529832843213
0,1759174866.5639625,616.4,167,0.57,0.285,0.3243,228.0,0.0,6.91,None,None,9.943,True,None,sfc_cache_p2_34,0,None,52,429.0,57,52,0,0,0,False,100.0,14.5,8.25,2504.9218890264665
0,1759174866.5644958,616.4,167,0.57,0.285,0.3243,228.0,0.0,5.26,None,None,9.443,True,None,sfc_unique_p2_34,0,None,52,429.0,57,52,0,0,0,False,100.0,14.5,8.25,2504.9218890264665
0,1759174866.6154065,616.5,168,0.5904,0.298,0.3243,234.0,0.0,7.29,None,None,9.731,True,None,sfc_cache_p3_34,0,None,56,462.0,60,54,0,0,0,False,100.0,14.462962962962964,7.944444444444445,2504.9218890264665
0,1759174866.615907,616.5,168,0.5904,0.298,0.3243,234.0,0.0,6.0,None,None,9.468,True,None,sfc_unique_p3_34,0,None,56,462.0,60,54,0,0,0,False,100.0,14.462962962962964,7.944444444444445,2504.9218890264665
0,1759174866.6653817,616.5,169,0.6108,0.3116,0.3243,252.0,0.0,7.34,None,None,9.807,True,None,sfc_cache_p4_34,0,None,60,495.0,63,56,0,0,0,False,100.0,14.428571428571429,7.660714285714286,2504.9218890264665
0,1759174866.6658945,616.5,169,0.6108,0.3116,0.3243,252.0,0.0,12.8,None,None,9.514,True,None,sfc_unique_p4_34,0,None,60,495.0,63,56,0,0,0,False,100.0,14.428571428571429,7.660714285714286,2504.9218890264665
0,1759174868.9604044,618.8,169,0.5496,0.2919,0.3243,222.0,0.0,11.13,None,None,11.748,True,None,sfc_cache_p1_31,0,None,48,396.0,55,50,0,0,0,False,100.0,14.54,8.58,2472.4148738585354
0,1759174868.9607031,618.8,169,0.5496,0.2919,0.3243,222.0,0.0,8.6,None,None,5.656,True,None,sfc_unique_p1_31,0,None,48,396.0,55,50,0,0,0,False,100.0,14.54,8.58,2472.4148738585354
0,1759174868.9946234,618.9,169,0.573,0.3042,0.3493,228.0,0.0,9.15,None,None,8.649,True,None,sfc_cache_p4_29,0,None,48,396.0,56,52,0,0,0,False,100.0,14.576923076923077,8.884615384615385,2493.1968735489863
0,1759174868.994928,618.9,169,0.573,0.3042,0.3493,228.0,0.0,7.02,None,None,5.452,True,None,sfc_unique_p4_29,0,None,48,396.0,56,52,0,0,0,False,100.0,14.576923076923077,8.884615384615385,2493.1968735489863
0,1759174869.029304,618.9,169,0.5965,0.3151,0.3742,246.0,0.0,8.98,None,None,6.784,True,None,sfc_cache_p2_29,0,None,48,396.0,58,54,0,0,0,False,100.0,14.61111111111111,9.166666666666666,2493.6948614765515
0,1759174869.0295763,618.9,169,0.5965,0.3151,0.3742,246.0,0.0,17.05,None,None,5.613,True,None,sfc_unique_p2_29,0,None,48,396.0,58,54,0,0,0,False,100.0,14.61111111111111,9.166666666666666,2493.6948614765515
0,1759174869.0617151,618.9,169,0.6169,0.3266,0.3742,264.0,0.0,9.64,None,None,6.246,True,None,sfc_cache_p1_29,0,None,52,429.0,61,56,0,0,0,False,100.0,14.571428571428571,8.839285714285714,2498.9185110663984
0,1759174869.0619907,618.9,169,0.6169,0.3266,0.3742,264.0,0.0,16.25,None,None,5.512,True,None,sfc_unique_p1_29,0,None,52,429.0,61,56,0,0,0,False,100.0,14.571428571428571,8.839285714285714,2498.9185110663984
0,1759174874.118737,624.0,169,0.6199,0.3267,0.3992,264.0,0.0,10.09,None,None,10.12,True,None,sfc_cache_p1_30,0,None,48,396.0,60,56,0,0,0,False,100.0,14.642857142857142,9.428571428571429,2498.9185110663984
0,1759174874.1192718,624.0,169,0.6199,0.3267,0.3992,264.0,0.0,9.16,None,None,9.557,True,None,sfc_unique_p1_30,0,None,48,396.0,60,56,0,0,0,False,100.0,14.642857142857142,9.428571428571429,2498.9185110663984
0,1759174883.9806018,633.8,169,0.5322,0.2908,0.3493,240.0,0.0,9.03,None,None,9.839,True,None,sfc_cache_p3_29,0,None,40,330.0,51,48,0,0,0,False,100.0,14.666666666666666,9.625,2469.1820151679303
0,1759174883.9811277,633.8,169,0.5322,0.2908,0.3493,240.0,0.0,7.7,None,None,9.512,True,None,sfc_unique_p3_29,0,None,40,330.0,51,48,0,0,0,False,100.0,14.666666666666666,9.625,2469.1820151679303
0,1759174891.5089262,641.4,171,0.4649,0.2445,0.2994,198.0,0.0,6.48,None,None,5.988,True,None,sfc_cache_p1_35,0,None,36,297.0,45,42,0,0,0,False,100.0,14.642857142857142,9.428571428571429,2450.3269617706237
0,1759174891.5092218,641.4,171,0.4649,0.2445,0.2994,198.0,0.0,5.01,None,None,5.432,True,None,sfc_unique_p1_35,0,None,36,297.0,45,42,0,0,0,False,100.0,14.642857142857142,9.428571428571429,2450.3269617706237
0,1759174891.5507686,641.4,172,0.4853,0.2543,0.2994,204.0,0.0,5.8,None,None,9.945,True,None,sfc_cache_p2_35,0,None,40,330.0,48,44,0,0,0,False,100.0,14.590909090909092,9.0,2450.3269617706237
0,1759174891.55108,641.4,172,0.4853,0.2543,0.2994,204.0,0.0,4.91,None,None,5.526,True,None,sfc_unique_p2_35,0,None,40,330.0,48,44,0,0,0,False,100.0,14.590909090909092,9.0,2450.3269617706237
0,1759174891.5878866,641.5,173,0.5057,0.2613,0.2994,210.0,0.0,7.84,None,None,7.4,True,None,sfc_cache_p3_35,0,None,44,363.0,51,46,0,0,0,False,100.0,14.543478260869565,8.608695652173912,2450.3269617706237
0,1759174891.5881765,641.5,173,0.5057,0.2613,0.2994,210.0,0.0,5.38,None,None,5.363,True,None,sfc_unique_p3_35,0,None,44,363.0,51,46,0,0,0,False,100.0,14.543478260869565,8.608695652173912,2450.3269617706237
0,1759174891.624776,641.5,174,0.5262,0.2745,0.2994,216.0,0.0,7.47,None,None,5.657,True,None,sfc_cache_p4_35,0,None,48,396.0,54,48,0,0,0,False,100.0,14.5,8.25,2456.640612908219
0,1759174891.625058,641.5,174,0.5262,0.2745,0.2994,216.0,0.0,7.22,None,None,5.464,True,None,sfc_unique_p4_35,0,None,48,396.0,54,48,0,0,0,False,100.0,14.5,8.25,2456.640612908219
0,1759174893.9890337,643.9,174,0.4823,0.2454,0.2744,192.0,0.0,11.18,None,None,5.927,True,None,sfc_cache_p4_30,0,None,44,363.0,49,44,0,0,0,False,100.0,14.5,8.25,2418.5222875715835
0,1759174893.9893205,643.9,174,0.4823,0.2454,0.2744,192.0,0.0,7.8,None,None,5.42,True,None,sfc_unique_p4_30,0,None,44,363.0,49,44,0,0,0,False,100.0,14.5,8.25,2418.5222875715835
0,1759174894.0327256,643.9,174,0.5027,0.2532,0.2744,198.0,0.0,9.26,None,None,9.642,True,None,sfc_cache_p3_30,0,None,48,396.0,52,46,0,0,0,False,100.0,14.456521739130435,7.891304347826087,2429.4675746788425
0,1759174894.0332043,643.9,174,0.5027,0.2532,0.2744,198.0,0.0,9.07,None,None,9.367,True,None,sfc_unique_p3_30,0,None,48,396.0,52,46,0,0,0,False,100.0,14.456521739130435,7.891304347826087,2429.4675746788425
0,1759174894.075445,643.9,174,0.5231,0.2621,0.2744,204.0,0.0,8.85,None,None,9.551,True,None,sfc_cache_p2_30,0,None,52,429.0,55,48,0,0,0,False,100.0,14.416666666666666,7.5625,2475.0905432595573
0,1759174894.075905,643.9,174,0.5231,0.2621,0.2744,204.0,0.0,8.25,None,None,9.443,True,None,sfc_unique_p2_30,0,None,52,429.0,55,48,0,0,0,False,100.0,14.416666666666666,7.5625,2475.0905432595573
0,1759174904.0045211,653.9,174,0.5262,0.2621,0.2994,204.0,0.0,9.62,None,None,10.093,True,None,sfc_cache_p2_32,0,None,48,396.0,54,48,0,0,0,False,100.0,14.5,8.25,2477.412165299489
0,1759174904.0048108,653.9,174,0.5262,0.2621,0.2994,204.0,0.0,7.53,None,None,5.563,True,None,sfc_unique_p2_32,0,None,48,396.0,54,48,0,0,0,False,100.0,14.5,8.25,2477.412165299489
0,1759174904.5331914,654.4,176,0.5496,0.2774,0.3243,210.0,0.0,8.31,None,None,9.882,True,None,sfc_cache_p1_36,0,None,48,396.0,55,50,0,0,0,False,100.0,14.54,8.58,2491.533431357375
0,1759174904.5334945,654.4,176,0.5496,0.2774,0.3243,210.0,0.0,6.18,None,None,5.464,True,None,sfc_unique_p1_36,0,None,48,396.0,55,50,0,0,0,False,100.0,14.54,8.58,2491.533431357375
0,1759174904.5684836,654.4,177,0.573,0.2924,0.3493,216.0,0.0,8.15,None,None,5.977,True,None,sfc_cache_p2_36,0,None,48,396.0,57,52,0,0,0,False,100.0,14.576923076923077,8.884615384615385,2493.4661817056185
0,1759174904.5687711,654.4,177,0.573,0.2924,0.3493,216.0,0.0,7.09,None,None,5.418,True,None,sfc_unique_p2_36,0,None,48,396.0,57,52,0,0,0,False,100.0,14.576923076923077,8.884615384615385,2493.4661817056185
0,1759174904.6041808,654.5,178,0.5934,0.3065,0.3493,234.0,0.0,7.42,None,None,5.836,True,None,sfc_cache_p3_36,0,None,52,429.0,60,54,0,0,0,False,100.0,14.537037037037036,8.555555555555555,2493.4661817056185
0,1759174904.6044705,654.5,178,0.5934,0.3065,0.3493,234.0,0.0,13.62,None,None,5.623,True,None,sfc_unique_p3_36,0,None,52,429.0,60,54,0,0,0,False,100.0,14.537037037037036,8.555555555555555,2493.4661817056185
0,1759174904.6399422,654.5,179,0.6138,0.3415,0.3493,252.0,0.0,9.92,None,None,5.828,True,None,sfc_cache_p4_36,0,None,56,462.0,63,56,0,0,0,False,100.0,14.5,8.25,2493.4661817056185
0,1759174904.6402354,654.5,179,0.6138,0.3415,0.3493,252.0,0.0,14.53,None,None,5.741,True,None,sfc_unique_p4_36,0,None,56,462.0,63,56,0,0,0,False,100.0,14.5,8.25,2493.4661817056185
0,1759174914.0170588,663.9,179,0.5262,0.3058,0.2994,228.0,0.0,10.15,None,None,10.074,True,None,sfc_cache_p3_32,0,None,48,396.0,54,48,0,0,0,False,100.0,14.5,8.25,2445.1137594799566
0,1759174914.0173569,663.9,179,0.5262,0.3058,0.2994,228.0,0.0,7.61,None,None,5.574,True,None,sfc_unique_p3_32,0,None,48,396.0,54,48,0,0,0,False,100.0,14.5,8.25,2445.1137594799566
0,1759174917.5428782,667.4,181,0.5496,0.3148,0.3243,234.0,0.0,7.33,None,None,10.152,True,None,sfc_cache_p1_37,0,None,48,396.0,55,50,0,0,0,False,100.0,14.54,8.58,2451.0675592013617
0,1759174917.5431778,667.4,181,0.5496,0.3148,0.3243,234.0,0.0,6.1,None,None,5.7,True,None,sfc_unique_p1_37,0,None,48,396.0,55,50,0,0,0,False,100.0,14.54,8.58,2451.0675592013617
0,1759174917.5801404,667.4,182,0.57,0.3192,0.3243,240.0,0.0,7.44,None,None,6.622,True,None,sfc_cache_p2_37,0,None,52,429.0,58,52,0,0,0,False,100.0,14.5,8.25,2488.2425321157716
0,1759174917.5804274,667.4,182,0.57,0.3192,0.3243,240.0,0.0,5.45,None,None,5.585,True,None,sfc_unique_p2_37,0,None,52,429.0,58,52,0,0,0,False,100.0,14.5,8.25,2488.2425321157716
0,1759174917.615424,667.5,183,0.5904,0.3261,0.3243,246.0,0.0,8.04,None,None,5.767,True,None,sfc_cache_p3_37,0,None,56,462.0,61,54,0,0,0,False,100.0,14.462962962962964,7.944444444444445,2488.2425321157716
0,1759174917.615707,667.5,183,0.5904,0.3261,0.3243,246.0,0.0,7.19,None,None,5.518,True,None,sfc_unique_p3_37,0,None,56,462.0,61,54,0,0,0,False,100.0,14.462962962962964,7.944444444444445,2488.2425321157716
0,1759174917.6497054,667.5,184,0.6138,0.335,0.3493,264.0,0.0,8.94,None,None,5.757,True,None,sfc_cache_p4_37,0,None,56,462.0,63,56,0,0,0,False,100.0,14.5,8.25,2488.2425321157716
0,1759174917.6499877,667.5,184,0.6138,0.335,0.3493,264.0,0.0,14.42,None,None,5.667,True,None,sfc_unique_p4_37,0,None,56,462.0,63,56,0,0,0,False,100.0,14.5,8.25,2488.2425321157716
0,1759174924.0246632,673.9,184,0.5262,0.2925,0.2994,204.0,0.0,8.31,None,None,10.144,True,None,sfc_cache_p1_32,0,None,48,396.0,54,48,0,0,0,False,100.0,14.5,8.25,2483.0188825259247
0,1759174924.0249643,673.9,184,0.5262,0.2925,0.2994,204.0,0.0,6.77,None,None,5.659,True,None,sfc_unique_p1_32,0,None,48,396.0,54,48,0,0,0,False,100.0,14.5,8.25,2483.0188825259247
0,1759174929.0308616,678.9,184,0.5292,0.297,0.3243,204.0,0.0,8.15,None,None,9.054,True,None,sfc_cache_p1_35,0,None,44,363.0,53,48,0,0,0,False,100.0,14.583333333333334,8.9375,2493.274647887324
0,1759174929.0311637,678.9,184,0.5292,0.297,0.3243,204.0,0.0,8.15,None,None,5.448,True,None,sfc_unique_p1_35,0,None,44,363.0,53,48,0,0,0,False,100.0,14.583333333333334,8.9375,2493.274647887324
0,1759174938.5602515,688.4,186,0.5526,0.3087,0.3493,210.0,0.0,9.33,None,None,9.879,True,None,sfc_cache_p1_38,0,None,44,363.0,54,50,0,0,0,False,100.0,14.62,9.24,2508.6039312799876
0,1759174938.5607715,688.4,186,0.5526,0.3087,0.3493,210.0,0.0,8.62,None,None,9.398,True,None,sfc_unique_p1_38,0,None,44,363.0,54,50,0,0,0,False,100.0,14.62,9.24,2508.6039312799876
0,1759174938.6128826,688.5,187,0.573,0.3203,0.3493,216.0,0.0,7.76,None,None,9.51,True,None,sfc_cache_p2_38,0,None,48,396.0,57,52,0,0,0,False,100.0,14.576923076923077,8.884615384615385,2527.064308930506
0,1759174938.6133907,688.5,187,0.573,0.3203,0.3493,216.0,0.0,8.5,None,None,9.29,True,None,sfc_unique_p2_38,0,None,48,396.0,57,52,0,0,0,False,100.0,14.576923076923077,8.884615384615385,2527.064308930506
0,1759174938.8269634,688.7,188,0.5934,0.3402,0.3493,234.0,0.0,7.96,None,None,9.574,True,None,sfc_cache_p3_38,0,None,52,429.0,59,54,0,0,0,False,100.0,14.537037037037036,8.555555555555555,2546.587085503174
0,1759174938.8276198,688.7,188,0.5934,0.3402,0.3493,234.0,0.0,17.39,None,None,12.465,True,None,sfc_unique_p3_38,0,None,52,429.0,59,54,0,0,0,False,100.0,14.537037037037036,8.555555555555555,2546.587085503174
0,1759174938.8943372,688.8,189,0.6138,0.3532,0.3493,252.0,0.0,8.01,None,None,12.226,True,None,sfc_cache_p4_38,0,None,56,462.0,62,56,0,0,0,False,100.0,14.5,8.25,2569.087085503174
0,1759174938.8949904,688.8,189,0.6138,0.3532,0.3493,252.0,0.0,14.36,None,None,11.566,True,None,sfc_unique_p4_38,0,None,56,462.0,62,56,0,0,0,False,100.0,14.5,8.25,2569.087085503174
0,1759174939.0634382,688.9,189,0.5292,0.2892,0.3243,216.0,0.0,8.36,None,None,9.794,True,None,sfc_cache_p2_35,0,None,44,363.0,51,48,0,0,0,False,100.0,14.583333333333334,8.9375,2504.0630954087615
0,1759174939.0639336,688.9,189,0.5292,0.2892,0.3243,216.0,0.0,6.59,None,None,9.324,True,None,sfc_unique_p2_35,0,None,44,363.0,51,48,0,0,0,False,100.0,14.583333333333334,8.9375,2504.0630954087615
0,1759174939.1109304,689.0,189,0.5526,0.3009,0.3493,222.0,0.0,12.0,None,None,9.696,True,None,sfc_cache_p4_34,0,None,44,363.0,53,50,0,0,0,False,100.0,14.62,9.24,2504.2058751642176
0,1759174939.111409,689.0,189,0.5526,0.3009,0.3493,222.0,0.0,7.56,None,None,10.907,True,None,sfc_unique_p4_34,0,None,44,363.0,53,50,0,0,0,False,100.0,14.62,9.24,2504.2058751642176
0,1759174939.1551862,689.0,189,0.5761,0.3144,0.3742,228.0,0.0,12.68,None,None,9.37,True,None,sfc_cache_p4_33,0,None,44,363.0,54,52,0,0,0,False,100.0,14.653846153846153,9.51923076923077,2523.615796229068
0,1759174939.1556487,689.0,189,0.5761,0.3144,0.3742,228.0,0.0,11.61,None,None,9.29,True,None,sfc_unique_p4_33,0,None,44,363.0,54,52,0,0,0,False,100.0,14.653846153846153,9.51923076923077,2523.615796229068
0,1759174939.2020361,689.1,189,0.5995,0.3345,0.3992,246.0,0.0,11.43,None,None,9.492,True,None,sfc_cache_p3_33,0,None,44,363.0,56,54,0,0,0,False,100.0,14.685185185185185,9.777777777777779,2550.4015105147823
0,1759174939.2025564,689.1,189,0.5995,0.3345,0.3992,246.0,0.0,19.07,None,None,9.225,True,None,sfc_unique_p3_33,0,None,44,363.0,56,54,0,0,0,False,100.0,14.685185185185185,9.777777777777779,2550.4015105147823
0,1759174939.2474453,689.1,189,0.6229,0.3517,0.4241,264.0,0.0,12.65,None,None,9.509,True,None,sfc_cache_p2_33,0,None,44,363.0,58,56,0,0,0,False,100.0,14.714285714285714,10.017857142857142,2564.089794062221
0,1759174939.2479758,689.1,189,0.6229,0.3517,0.4241,264.0,0.0,20.32,None,None,9.348,True,None,sfc_unique_p2_33,0,None,44,363.0,58,56,0,0,0,False,100.0,14.714285714285714,10.017857142857142,2564.089794062221
0,1759174944.0751073,693.9,189,0.5118,0.3006,0.3493,222.0,0.0,11.59,None,None,10.077,True,None,sfc_cache_p2_34,0,None,36,297.0,47,46,0,0,0,False,100.0,14.717391304347826,10.043478260869565,2469.4608666516037
0,1759174944.0756276,693.9,189,0.5118,0.3006,0.3493,222.0,0.0,7.5,None,None,9.332,True,None,sfc_unique_p2_34,0,None,36,297.0,47,46,0,0,0,False,100.0,14.717391304347826,10.043478260869565,2469.4608666516037
0,1759174944.1031325,694.0,189,0.5352,0.31,0.3742,228.0,0.0,10.82,None,None,5.546,True,None,sfc_cache_p1_33,0,None,36,297.0,49,48,0,0,0,False,100.0,14.75,10.3125,2516.307716984369
0,1759174944.1034048,694.0,189,0.5352,0.31,0.3742,228.0,0.0,8.93,None,None,5.401,True,None,sfc_unique_p1_33,0,None,36,297.0,49,48,0,0,0,False,100.0,14.75,10.3125,2516.307716984369
0,1759174954.0800073,703.9,189,0.5383,0.3154,0.3992,228.0,0.0,8.85,None,None,9.953,True,None,sfc_cache_p3_35,0,None,32,264.0,48,48,0,0,0,False,100.0,14.833333333333334,11.0,2500.7149294901733
0,1759174954.0803087,703.9,189,0.5383,0.3154,0.3992,228.0,0.0,7.65,None,None,5.456,True,None,sfc_unique_p3_35,0,None,32,264.0,48,48,0,0,0,False,100.0,14.833333333333334,11.0,2500.7149294901733
0,1759174959.0826864,708.9,189,0.5118,0.3081,0.3493,222.0,0.0,9.23,None,None,7.217,True,None,sfc_cache_p4_35,0,None,36,297.0,47,46,0,0,0,False,100.0,14.717391304347826,10.043478260869565,2489.3018355418676
0,1759174959.0830014,708.9,189,0.5118,0.3081,0.3493,222.0,0.0,7.93,None,None,5.624,True,None,sfc_unique_p4_35,0,None,36,297.0,47,46,0,0,0,False,100.0,14.717391304347826,10.043478260869565,2489.3018355418676
0,1759174959.1125717,709.0,189,0.5322,0.3205,0.3493,228.0,0.0,10.46,None,None,5.897,True,None,sfc_cache_p1_34,0,None,40,330.0,50,48,0,0,0,False,100.0,14.666666666666666,9.625,2489.3018355418676
0,1759174959.112877,709.0,189,0.5322,0.3205,0.3493,228.0,0.0,8.54,None,None,5.467,True,None,sfc_unique_p1_34,0,None,40,330.0,50,48,0,0,0,False,100.0,14.666666666666666,9.625,2489.3018355418676
0,1759174962.5735486,712.4,191,0.4619,0.2688,0.2744,186.0,0.0,7.63,None,None,10.11,True,None,sfc_cache_p1_39,0,None,40,330.0,45,42,0,0,0,False,100.0,14.547619047619047,8.642857142857142,2455.9737903476257
0,1759174962.5740833,712.4,191,0.4619,0.2688,0.2744,186.0,0.0,4.89,None,None,9.402,True,None,sfc_unique_p1_39,0,None,40,330.0,45,42,0,0,0,False,100.0,14.547619047619047,8.642857142857142,2455.9737903476257
0,1759174962.6240022,712.5,192,0.4853,0.2845,0.2994,192.0,0.0,6.33,None,None,9.79,True,None,sfc_cache_p2_39,0,None,40,330.0,47,44,0,0,0,False,100.0,14.590909090909092,9.0,2475.513335309706
0,1759174962.6245008,712.5,192,0.4853,0.2845,0.2994,192.0,0.0,6.47,None,None,9.568,True,None,sfc_unique_p2_39,0,None,40,330.0,47,44,0,0,0,False,100.0,14.590909090909092,9.0,2475.513335309706
0,1759174962.6774185,712.5,193,0.5057,0.2896,0.2994,198.0,0.0,7.11,None,None,9.856,True,None,sfc_cache_p3_39,0,None,44,363.0,50,46,0,0,0,False,100.0,14.543478260869565,8.608695652173912,2517.5880915393914
0,1759174962.6779392,712.5,193,0.5057,0.2896,0.2994,198.0,0.0,5.54,None,None,9.379,True,None,sfc_unique_p3_39,0,None,44,363.0,50,46,0,0,0,False,100.0,14.543478260869565,8.608695652173912,2517.5880915393914
0,1759174962.7226348,712.6,194,0.5262,0.3001,0.2994,204.0,0.0,5.89,None,None,7.563,True,None,sfc_cache_p4_39,0,None,48,396.0,52,48,0,0,0,False,100.0,14.5,8.25,2517.5880915393914
0,1759174962.7229502,712.6,194,0.5262,0.3001,0.2994,204.0,0.0,6.08,None,None,5.546,True,None,sfc_unique_p4_39,0,None,48,396.0,52,48,0,0,0,False,100.0,14.5,8.25,2517.5880915393914
0,1759174964.093503,714.0,194,0.5292,0.3066,0.3243,204.0,0.0,9.03,None,None,9.816,True,None,sfc_cache_p2_37,0,None,44,363.0,51,48,0,0,0,False,100.0,14.583333333333334,8.9375,2508.742711567251
0,1759174964.0937994,714.0,194,0.5292,0.3066,0.3243,204.0,0.0,7.19,None,None,5.454,True,None,sfc_unique_p2_37,0,None,44,363.0,51,48,0,0,0,False,100.0,14.583333333333334,8.9375,2508.742711567251
0,1759174969.0984938,719.0,194,0.5292,0.3095,0.3243,192.0,0.0,10.08,None,None,9.787,True,None,sfc_cache_p4_37,0,None,44,363.0,51,48,0,0,0,False,100.0,14.583333333333334,8.9375,2516.0558209930364
0,1759174969.0987935,719.0,194,0.5292,0.3095,0.3243,192.0,0.0,7.4,None,None,5.498,True,None,sfc_unique_p4_37,0,None,44,363.0,51,48,0,0,0,False,100.0,14.583333333333334,8.9375,2516.0558209930364
0,1759174982.5886693,732.5,196,0.5526,0.3195,0.3493,198.0,0.0,7.03,None,None,10.199,True,None,sfc_cache_p1_40,0,None,44,363.0,52,50,0,0,0,False,100.0,14.62,9.24,2526.9821481869694
0,1759174982.5892,732.5,196,0.5526,0.3195,0.3493,198.0,0.0,6.73,None,None,9.535,True,None,sfc_unique_p1_40,0,None,44,363.0,52,50,0,0,0,False,100.0,14.62,9.24,2526.9821481869694
0,1759174982.6371112,732.5,197,0.573,0.3332,0.3493,204.0,0.0,6.86,None,None,9.801,True,None,sfc_cache_p2_40,0,None,48,396.0,55,52,0,0,0,False,100.0,14.576923076923077,8.884615384615385,2526.9821481869694
0,1759174982.637612,732.5,197,0.573,0.3332,0.3493,204.0,0.0,7.37,None,None,9.437,True,None,sfc_unique_p2_40,0,None,48,396.0,55,52,0,0,0,False,100.0,14.576923076923077,8.884615384615385,2526.9821481869694
0,1759174982.6868804,732.5,198,0.5934,0.3447,0.3493,222.0,0.0,7.02,None,None,9.733,True,None,sfc_cache_p3_40,0,None,52,429.0,58,54,0,0,0,False,100.0,14.537037037037036,8.555555555555555,2526.9821481869694
0,1759174982.6873474,732.5,198,0.5934,0.3447,0.3493,222.0,0.0,12.74,None,None,9.514,True,None,sfc_unique_p3_40,0,None,52,429.0,58,54,0,0,0,False,100.0,14.537037037037036,8.555555555555555,2526.9821481869694
0,1759174982.737002,732.6,199,0.6138,0.3614,0.3493,240.0,0.0,7.72,None,None,9.736,True,None,sfc_cache_p4_40,0,None,56,462.0,61,56,0,0,0,False,100.0,14.5,8.25,2526.9821481869694
0,1759174982.737493,732.6,199,0.6138,0.3614,0.3493,240.0,0.0,13.59,None,None,9.528,True,None,sfc_unique_p4_40,0,None,56,462.0,61,56,0,0,0,False,100.0,14.5,8.25,2526.9821481869694
0,1759174994.1994634,744.1,199,0.5292,0.3113,0.3243,216.0,0.0,13.39,None,None,5.852,True,None,sfc_cache_p2_38,0,None,44,363.0,51,48,0,0,0,False,100.0,14.583333333333334,8.9375,2521.605271542487
0,1759174994.1997662,744.1,199,0.5292,0.3113,0.3243,216.0,0.0,9.47,None,None,5.362,True,None,sfc_unique_p2_38,0,None,44,363.0,51,48,0,0,0,False,100.0,14.583333333333334,8.9375,2521.605271542487
0,1759175008.5956266,758.5,201,0.4619,0.2741,0.2744,198.0,0.0,7.97,None,None,10.045,True,None,sfc_cache_p1_41,0,None,40,330.0,44,42,0,0,0,False,100.0,14.547619047619047,8.642857142857142,2456.7128400303372
0,1759175008.5961578,758.5,201,0.4619,0.2741,0.2744,198.0,0.0,7.08,None,None,9.443,True,None,sfc_unique_p1_41,0,None,40,330.0,44,42,0,0,0,False,100.0,14.547619047619047,8.642857142857142,2456.7128400303372
0,1759175008.6307325,758.5,202,0.4823,0.2839,0.2744,204.0,0.0,8.5,None,None,6.049,True,None,sfc_cache_p2_41,0,None,44,363.0,47,44,0,0,0,False,100.0,14.5,8.25,2470.994298008978
0,1759175008.6310365,758.5,202,0.4823,0.2839,0.2744,204.0,0.0,8.43,None,None,5.61,True,None,sfc_unique_p2_41,0,None,44,363.0,47,44,0,0,0,False,100.0,14.5,8.25,2470.994298008978
0,1759175008.6615086,758.5,203,0.5057,0.2937,0.2994,210.0,0.0,7.77,None,None,5.798,True,None,sfc_cache_p3_41,0,None,44,363.0,49,46,0,0,0,False,100.0,14.543478260869565,8.608695652173912,2492.899575829749
0,1759175008.6617916,758.5,203,0.5057,0.2937,0.2994,210.0,0.0,6.8,None,None,5.53,True,None,sfc_unique_p3_41,0,None,44,363.0,49,46,0,0,0,False,100.0,14.543478260869565,8.608695652173912,2492.899575829749
0,1759175008.6947055,758.6,204,0.5262,0.2988,0.2994,216.0,0.0,8.5,None,None,5.755,True,None,sfc_cache_p4_41,0,None,48,396.0,52,48,0,0,0,False,100.0,14.5,8.25,2495.1422627203233
0,1759175008.695005,758.6,204,0.5262,0.2988,0.2994,216.0,0.0,7.84,None,None,5.47,True,None,sfc_unique_p4_41,0,None,48,396.0,52,48,0,0,0,False,100.0,14.5,8.25,2495.1422627203233
0,1759175009.1461344,759.0,204,0.4823,0.2733,0.2744,192.0,0.0,12.77,None,None,9.901,True,None,sfc_cache_p4_38,0,None,44,363.0,47,44,0,0,0,False,100.0,14.5,8.25,2472.6422627203233
0,1759175009.1466684,759.0,204,0.4823,0.2733,0.2744,192.0,0.0,10.41,None,None,9.431,True,None,sfc_unique_p4_38,0,None,44,363.0,47,44,0,0,0,False,100.0,14.5,8.25,2472.6422627203233
0,1759175009.192586,759.1,204,0.5027,0.2803,0.2744,198.0,0.0,9.83,None,None,9.634,True,None,sfc_cache_p4_37,0,None,48,396.0,50,46,0,0,0,False,100.0,14.456521739130435,7.891304347826087,2472.6422627203233
0,1759175009.1930609,759.1,204,0.5027,0.2803,0.2744,198.0,0.0,8.21,None,None,9.4,True,None,sfc_unique_p4_37,0,None,48,396.0,50,46,0,0,0,False,100.0,14.456521739130435,7.891304347826087,2472.6422627203233
0,1759175009.2404215,759.1,204,0.5262,0.3042,0.2994,204.0,0.0,10.81,None,None,9.814,True,None,sfc_cache_p2_36,0,None,48,396.0,52,48,0,0,0,False,100.0,14.5,8.25,2504.431548434609
0,1759175009.24091,759.1,204,0.5262,0.3042,0.2994,204.0,0.0,11.63,None,None,9.379,True,None,sfc_unique_p2_36,0,None,48,396.0,52,48,0,0,0,False,100.0,14.5,8.25,2504.431548434609
0,1759175014.1422384,764.0,204,0.5292,0.2975,0.3243,192.0,0.0,12.97,None,None,5.919,True,None,sfc_cache_p3_38,0,None,44,363.0,51,48,0,0,0,False,100.0,14.583333333333334,8.9375,2499.4502515090544
0,1759175014.142543,764.0,204,0.5292,0.2975,0.3243,192.0,0.0,9.73,None,None,5.377,True,None,sfc_unique_p3_38,0,None,44,363.0,51,48,0,0,0,False,100.0,14.583333333333334,8.9375,2499.4502515090544
0,1759175024.1768625,774.0,204,0.4884,0.2822,0.3243,180.0,0.0,8.02,None,None,10.044,True,None,sfc_cache_p1_39,0,None,36,297.0,45,44,0,0,0,False,100.0,14.681818181818182,9.75,2501.307549141
0,1759175024.1773884,774.0,204,0.4884,0.2822,0.3243,180.0,0.0,6.48,None,None,9.434,True,None,sfc_unique_p1_39,0,None,36,297.0,45,44,0,0,0,False,100.0,14.681818181818182,9.75,2501.307549141
0,1759175024.2254932,774.1,204,0.5088,0.2931,0.3243,186.0,0.0,9.2,None,None,9.698,True,None,sfc_cache_p3_37,0,None,40,330.0,48,46,0,0,0,False,100.0,14.630434782608695,9.326086956521738,2501.307549141
0,1759175024.2259758,774.1,204,0.5088,0.2931,0.3243,186.0,0.0,7.33,None,None,9.487,True,None,sfc_unique_p3_37,0,None,40,330.0,48,46,0,0,0,False,100.0,14.630434782608695,9.326086956521738,2501.307549141
0,1759175024.2742124,774.1,204,0.5292,0.306,0.3243,192.0,0.0,8.63,None,None,11.06,True,None,sfc_cache_p1_37,0,None,44,363.0,51,48,0,0,0,False,100.0,14.583333333333334,8.9375,2509.632549141
0,1759175024.2747133,774.1,204,0.5292,0.306,0.3243,192.0,0.0,8.88,None,None,9.433,True,None,sfc_unique_p1_37,0,None,44,363.0,51,48,0,0,0,False,100.0,14.583333333333334,8.9375,2509.632549141
0,1759175032.6044106,782.5,206,0.4649,0.23,0.2994,150.0,0.0,9.46,None,None,9.703,True,None,sfc_cache_p1_42,0,None,36,297.0,43,42,0,0,0,False,100.0,14.642857142857142,9.428571428571429,2479.44118484476
0,1759175032.6047163,782.5,206,0.4649,0.23,0.2994,150.0,0.0,9.68,None,None,7.809,True,None,sfc_unique_p1_42,0,None,36,297.0,43,42,0,0,0,False,100.0,14.642857142857142,9.428571428571429,2479.44118484476
0,1759175032.6528153,782.5,207,0.4853,0.2471,0.2994,156.0,0.0,8.22,None,None,9.743,True,None,sfc_cache_p2_42,0,None,40,330.0,46,44,0,0,0,False,100.0,14.590909090909092,9.0,2479.44118484476
0,1759175032.6533499,782.5,207,0.4853,0.2471,0.2994,156.0,0.0,7.69,None,None,9.432,True,None,sfc_unique_p2_42,0,None,40,330.0,46,44,0,0,0,False,100.0,14.590909090909092,9.0,2479.44118484476
0,1759175032.706533,782.6,208,0.5057,0.2596,0.2994,162.0,0.0,8.34,None,None,9.84,True,None,sfc_cache_p3_42,0,None,44,363.0,48,46,0,0,0,False,100.0,14.543478260869565,8.608695652173912,2483.009041987617
0,1759175032.7070746,782.6,208,0.5057,0.2596,0.2994,162.0,0.0,6.83,None,None,9.295,True,None,sfc_unique_p3_42,0,None,44,363.0,48,46,0,0,0,False,100.0,14.543478260869565,8.608695652173912,2483.009041987617
0,1759175032.7616925,782.6,209,0.5262,0.2776,0.2994,168.0,0.0,7.4,None,None,9.657,True,None,sfc_cache_p4_42,0,None,48,396.0,51,48,0,0,0,False,100.0,14.5,8.25,2491.3340419876167
0,1759175032.762223,782.6,209,0.5262,0.2776,0.2994,168.0,0.0,7.8,None,None,9.337,True,None,sfc_unique_p4_42,0,None,48,396.0,51,48,0,0,0,False,100.0,14.5,8.25,2491.3340419876167
0,1759175034.1865835,784.0,209,0.5292,0.2738,0.3243,156.0,0.0,10.6,None,None,10.081,True,None,sfc_cache_p3_40,0,None,44,363.0,50,48,0,0,0,False,100.0,14.583333333333334,8.9375,2517.452289936851
0,1759175034.1871169,784.0,209,0.5292,0.2738,0.3243,156.0,0.0,7.78,None,None,9.425,True,None,sfc_unique_p3_40,0,None,44,363.0,50,48,0,0,0,False,100.0,14.583333333333334,8.9375,2517.452289936851
0,1759175039.1940622,789.1,209,0.5292,0.2731,0.3243,156.0,0.0,11.17,None,None,9.833,True,None,sfc_cache_p2_38,0,None,44,363.0,50,48,0,0,0,False,100.0,14.583333333333334,8.9375,2517.452289936851
0,1759175039.1945784,789.1,209,0.5292,0.2731,0.3243,156.0,0.0,9.21,None,None,9.308,True,None,sfc_unique_p2_38,0,None,44,363.0,50,48,0,0,0,False,100.0,14.583333333333334,8.9375,2517.452289936851
0,1759175053.6083326,803.5,211,0.4649,0.2479,0.2994,138.0,0.0,7.2,None,None,9.769,True,None,sfc_cache_p1_43,0,None,36,297.0,42,42,0,0,0,False,100.0,14.642857142857142,9.428571428571429,2493.658322284785
0,1759175053.6086323,803.5,211,0.4649,0.2479,0.2994,138.0,0.0,7.6,None,None,5.517,True,None,sfc_unique_p1_43,0,None,36,297.0,42,42,0,0,0,False,100.0,14.642857142857142,9.428571428571429,2493.658322284785
0,1759175053.6636028,803.5,212,0.4853,0.2645,0.2994,144.0,0.0,8.44,None,None,9.683,True,None,sfc_cache_p2_43,0,None,40,330.0,45,44,0,0,0,False,100.0,14.590909090909092,9.0,2512.118699935303
0,1759175053.6639173,803.5,212,0.4853,0.2645,0.2994,144.0,0.0,8.17,None,None,8.709,True,None,sfc_unique_p2_43,0,None,40,330.0,45,44,0,0,0,False,100.0,14.590909090909092,9.0,2512.118699935303
0,1759175053.8029842,803.7,213,0.5057,0.2906,0.2994,150.0,0.0,7.06,None,None,8.343,True,None,sfc_cache_p3_43,0,None,44,363.0,48,46,0,0,0,False,100.0,14.543478260869565,8.608695652173912,2562.453699935303
0,1759175053.8032985,803.7,213,0.5057,0.2906,0.2994,150.0,0.0,8.17,None,None,5.803,True,None,sfc_unique_p3_43,0,None,44,363.0,48,46,0,0,0,False,100.0,14.543478260869565,8.608695652173912,2562.453699935303
0,1759175053.8514843,803.7,214,0.5262,0.3057,0.2994,156.0,0.0,8.63,None,None,9.09,True,None,sfc_cache_p4_43,0,None,48,396.0,51,48,0,0,0,False,100.0,14.5,8.25,2587.4365570781606
0,1759175053.8520489,803.7,214,0.5262,0.3057,0.2994,156.0,0.0,8.5,None,None,8.706,True,None,sfc_unique_p4_43,0,None,48,396.0,51,48,0,0,0,False,100.0,14.5,8.25,2587.4365570781606
0,1759175054.211388,804.1,214,0.5057,0.2947,0.2994,150.0,0.0,8.65,None,None,10.001,True,None,sfc_cache_p3_40,0,None,44,363.0,48,46,0,0,0,False,100.0,14.543478260869565,8.608695652173912,2578.378748689366
0,1759175054.2119012,804.1,214,0.5057,0.2947,0.2994,150.0,0.0,7.55,None,None,9.391,True,None,sfc_unique_p3_40,0,None,44,363.0,48,46,0,0,0,False,100.0,14.543478260869565,8.608695652173912,2578.378748689366
0,1759175054.260903,804.1,214,0.5292,0.3063,0.3243,156.0,0.0,8.54,None,None,9.681,True,None,sfc_cache_p2_40,0,None,44,363.0,50,48,0,0,0,False,100.0,14.583333333333334,8.9375,2591.9602376229677
0,1759175054.2613733,804.1,214,0.5292,0.3063,0.3243,156.0,0.0,8.15,None,None,9.432,True,None,sfc_unique_p2_40,0,None,44,363.0,50,48,0,0,0,False,100.0,14.583333333333334,8.9375,2591.9602376229677
0,1759175064.2217178,814.1,214,0.5322,0.3043,0.3493,156.0,0.0,9.16,None,None,10.115,True,None,sfc_cache_p2_39,0,None,40,330.0,49,48,0,0,0,False,100.0,14.666666666666666,9.625,2591.9602376229677
0,1759175064.2222433,814.1,214,0.5322,0.3043,0.3493,156.0,0.0,7.56,None,None,9.54,True,None,sfc_unique_p2_39,0,None,40,330.0,49,48,0,0,0,False,100.0,14.666666666666666,9.625,2591.9602376229677
0,1759175072.6159167,822.5,216,0.5556,0.3111,0.3742,174.0,0.0,7.95,None,None,6.069,True,None,sfc_cache_p1_44,0,None,40,330.0,50,50,0,0,0,False,100.0,14.7,9.9,2592.802986423463
0,1759175072.6162243,822.5,216,0.5556,0.3111,0.3742,174.0,0.0,14.29,None,None,5.572,True,None,sfc_unique_p1_44,0,None,40,330.0,50,50,0,0,0,False,100.0,14.7,9.9,2592.802986423463
0,1759175072.6614425,822.5,217,0.5761,0.3179,0.3742,192.0,0.0,7.87,None,None,9.356,True,None,sfc_cache_p2_44,0,None,44,363.0,53,52,0,0,0,False,100.0,14.653846153846153,9.51923076923077,2592.802986423463
0,1759175072.6617663,822.5,217,0.5761,0.3179,0.3742,192.0,0.0,14.13,None,None,5.633,True,None,sfc_unique_p2_44,0,None,44,363.0,53,52,0,0,0,False,100.0,14.653846153846153,9.51923076923077,2592.802986423463
0,1759175072.7140982,822.6,218,0.5965,0.3247,0.3742,210.0,0.0,7.24,None,None,9.88,True,None,sfc_cache_p3_44,0,None,48,396.0,56,54,0,0,0,False,100.0,14.61111111111111,9.166666666666666,2592.802986423463
0,1759175072.7143893,822.6,218,0.5965,0.3247,0.3742,210.0,0.0,12.87,None,None,9.054,True,None,sfc_unique_p3_44,0,None,48,396.0,56,54,0,0,0,False,100.0,14.61111111111111,9.166666666666666,2592.802986423463
0,1759175072.7519076,822.6,219,0.6169,0.3314,0.3742,228.0,0.0,10.31,None,None,5.962,True,None,sfc_cache_p4_44,0,None,52,429.0,59,56,0,0,0,False,100.0,14.571428571428571,8.839285714285714,2592.802986423463
0,1759175072.752205,822.6,219,0.6169,0.3314,0.3742,228.0,0.0,19.0,None,None,5.554,True,None,sfc_unique_p4_44,0,None,52,429.0,59,56,0,0,0,False,100.0,14.571428571428571,8.839285714285714,2592.802986423463
0,1759175079.2155728,829.1,219,0.5231,0.2849,0.2744,204.0,0.0,9.88,None,None,6.009,True,None,sfc_cache_p3_40,0,None,52,429.0,53,48,0,0,0,False,100.0,14.416666666666666,7.5625,2521.4316816718765
0,1759175079.215912,829.1,219,0.5231,0.2849,0.2744,204.0,0.0,7.04,None,None,5.51,True,None,sfc_unique_p3_40,0,None,52,429.0,53,48,0,0,0,False,100.0,14.416666666666666,7.5625,2521.4316816718765
0,1759175084.2329726,834.1,219,0.415,0.2199,0.2245,174.0,0.0,9.53,None,None,8.061,True,None,sfc_cache_p3_43,0,None,40,330.0,42,38,0,0,0,False,100.0,14.447368421052632,7.815789473684211,2397.8742331344984
0,1759175084.2332702,834.1,219,0.415,0.2199,0.2245,174.0,0.0,6.71,None,None,5.529,True,None,sfc_unique_p3_43,0,None,40,330.0,42,38,0,0,0,False,100.0,14.447368421052632,7.815789473684211,2397.8742331344984
0,1759175084.2650957,834.1,219,0.4354,0.236,0.2245,180.0,0.0,8.41,None,None,5.664,True,None,sfc_cache_p1_43,0,None,44,363.0,45,40,0,0,0,False,100.0,14.4,7.425,2428.5649156913782
0,1759175084.2653737,834.1,219,0.4354,0.236,0.2245,180.0,0.0,6.96,None,None,5.501,True,None,sfc_unique_p1_43,0,None,44,363.0,45,40,0,0,0,False,100.0,14.4,7.425,2428.5649156913782
0,1759175086.6285589,836.5,221,0.4589,0.2522,0.2495,186.0,0.0,8.6,None,None,9.248,True,None,sfc_cache_p1_45,0,None,44,363.0,46,42,0,0,0,False,100.0,14.452380952380953,7.857142857142857,2451.138046785636
0,1759175086.6288617,836.5,221,0.4589,0.2522,0.2495,186.0,0.0,6.93,None,None,5.557,True,None,sfc_unique_p1_45,0,None,44,363.0,46,42,0,0,0,False,100.0,14.452380952380953,7.857142857142857,2451.138046785636
0,1759175086.6660683,836.5,222,0.4793,0.2631,0.2495,192.0,0.0,7.76,None,None,5.582,True,None,sfc_cache_p2_45,0,None,48,396.0,49,44,0,0,0,False,100.0,14.409090909090908,7.5,2451.138046785636
0,1759175086.666368,836.5,222,0.4793,0.2631,0.2495,192.0,0.0,6.14,None,None,5.444,True,None,sfc_unique_p2_45,0,None,48,396.0,49,44,0,0,0,False,100.0,14.409090909090908,7.5,2451.138046785636
0,1759175086.7005794,836.6,223,0.4997,0.2821,0.2495,198.0,0.0,9.75,None,None,5.539,True,None,sfc_cache_p3_45,0,None,52,429.0,52,46,0,0,0,False,100.0,14.369565217391305,7.173913043478261,2460.5406160473603
0,1759175086.7008593,836.6,223,0.4997,0.2821,0.2495,198.0,0.0,8.64,None,None,5.509,True,None,sfc_unique_p3_45,0,None,52,429.0,52,46,0,0,0,False,100.0,14.369565217391305,7.173913043478261,2460.5406160473603
0,1759175086.7507071,836.6,224,0.5201,0.2947,0.2495,204.0,0.0,9.59,None,None,9.766,True,None,sfc_cache_p4_45,0,None,56,462.0,54,48,0,0,0,False,100.0,14.333333333333334,6.875,2490.816115196099
0,1759175086.751005,836.6,224,0.5201,0.2947,0.2495,204.0,0.0,6.76,None,None,5.479,True,None,sfc_unique_p4_45,0,None,56,462.0,54,48,0,0,0,False,100.0,14.333333333333334,6.875,2490.816115196099
0,1759175089.245239,839.1,224,0.409,0.228,0.1746,162.0,0.0,8.36,None,None,10.073,True,None,sfc_cache_p4_43,0,None,48,396.0,43,38,0,0,0,False,100.0,14.236842105263158,6.078947368421052,2361.2553931716448
0,1759175089.2455432,839.1,224,0.409,0.228,0.1746,162.0,0.0,7.18,None,None,5.531,True,None,sfc_unique_p4_43,0,None,48,396.0,43,38,0,0,0,False,100.0,14.236842105263158,6.078947368421052,2361.2553931716448
0,1759175089.372676,839.2,224,0.4324,0.2403,0.1996,168.0,0.0,9.62,None,None,5.874,True,None,sfc_cache_p4_42,0,None,48,396.0,45,40,0,0,0,False,100.0,14.3,6.6,2374.8368821052463
0,1759175089.3729937,839.2,224,0.4324,0.2403,0.1996,168.0,0.0,8.25,None,None,5.314,True,None,sfc_unique_p4_42,0,None,48,396.0,45,40,0,0,0,False,100.0,14.3,6.6,2374.8368821052463
0,1759175102.6263194,852.5,226,0.4559,0.2549,0.2245,174.0,0.0,8.48,None,None,5.683,True,None,sfc_cache_p1_46,0,None,48,396.0,46,42,0,0,0,False,100.0,14.357142857142858,7.071428571428571,2407.081116743847
0,1759175102.6266253,852.5,226,0.4559,0.2549,0.2245,174.0,0.0,5.75,None,None,5.343,True,None,sfc_unique_p1_46,0,None,48,396.0,46,42,0,0,0,False,100.0,14.357142857142858,7.071428571428571,2407.081116743847
0,1759175102.6596992,852.5,227,0.4793,0.2783,0.2495,180.0,0.0,8.0,None,None,5.46,True,None,sfc_cache_p2_46,0,None,48,396.0,48,44,0,0,0,False,100.0,14.409090909090908,7.5,2450.481519158334
0,1759175102.66001,852.5,227,0.4793,0.2783,0.2495,180.0,0.0,4.93,None,None,5.365,True,None,sfc_unique_p2_46,0,None,48,396.0,48,44,0,0,0,False,100.0,14.409090909090908,7.5,2450.481519158334
0,1759175102.6907132,852.6,228,0.5027,0.3079,0.2744,186.0,0.0,9.74,None,None,5.404,True,None,sfc_cache_p3_46,0,None,48,396.0,50,46,0,0,0,False,100.0,14.456521739130435,7.891304347826087,2477.794241647113
0,1759175102.6909983,852.6,228,0.5027,0.3079,0.2744,186.0,0.0,8.68,None,None,5.359,True,None,sfc_unique_p3_46,0,None,48,396.0,50,46,0,0,0,False,100.0,14.456521739130435,7.891304347826087,2477.794241647113
0,1759175102.7370045,852.6,229,0.5262,0.3331,0.2994,192.0,0.0,6.19,None,None,9.743,True,None,sfc_cache_p4_46,0,None,48,396.0,52,48,0,0,0,False,100.0,14.5,8.25,2517.9085273613982
0,1759175102.7372916,852.6,229,0.5262,0.3331,0.2994,192.0,0.0,8.72,None,None,5.3,True,None,sfc_unique_p4_46,0,None,48,396.0,52,48,0,0,0,False,100.0,14.5,8.25,2517.9085273613982
0,1759175104.2749581,854.1,229,0.5292,0.3353,0.3243,192.0,0.0,7.77,None,None,10.184,True,None,sfc_cache_p3_43,0,None,44,363.0,51,48,0,0,0,False,100.0,14.583333333333334,8.9375,2527.3110966231225
0,1759175104.2754915,854.1,229,0.5292,0.3353,0.3243,192.0,0.0,6.66,None,None,9.591,True,None,sfc_unique_p3_43,0,None,44,363.0,51,48,0,0,0,False,100.0,14.583333333333334,8.9375,2527.3110966231225
0,1759175114.2650673,864.1,229,0.5322,0.3351,0.3493,192.0,0.0,7.95,None,None,5.896,True,None,sfc_cache_p3_42,0,None,40,330.0,50,48,0,0,0,False,100.0,14.666666666666666,9.625,2523.7432394802654
0,1759175114.2653754,864.1,229,0.5322,0.3351,0.3493,192.0,0.0,5.51,None,None,5.541,True,None,sfc_unique_p3_42,0,None,40,330.0,50,48,0,0,0,False,100.0,14.666666666666666,9.625,2523.7432394802654
0,1759175119.6607778,869.5,231,0.5556,0.3496,0.3742,198.0,0.0,8.72,None,None,10.096,True,None,sfc_cache_p1_47,0,None,40,330.0,51,50,0,0,0,False,100.0,14.7,9.9,2562.671810908837
0,1759175119.6613224,869.5,231,0.5556,0.3496,0.3742,198.0,0.0,9.0,None,None,9.499,True,None,sfc_unique_p1_47,0,None,40,330.0,51,50,0,0,0,False,100.0,14.7,9.9,2562.671810908837
0,1759175119.7135606,869.6,232,0.5761,0.3616,0.3742,216.0,0.0,8.72,None,None,9.638,True,None,sfc_cache_p2_47,0,None,44,363.0,54,52,0,0,0,False,100.0,14.653846153846153,9.51923076923077,2567.331810908837
0,1759175119.7140512,869.6,232,0.5761,0.3616,0.3742,216.0,0.0,13.99,None,None,9.428,True,None,sfc_unique_p2_47,0,None,44,363.0,54,52,0,0,0,False,100.0,14.653846153846153,9.51923076923077,2567.331810908837
0,1759175119.7692058,869.6,233,0.5965,0.3791,0.3742,234.0,0.0,8.74,None,None,9.586,True,None,sfc_cache_p3_47,0,None,48,396.0,57,54,0,0,0,False,100.0,14.61111111111111,9.166666666666666,2589.831810908837
0,1759175119.7696893,869.6,233,0.5965,0.3791,0.3742,234.0,0.0,14.54,None,None,9.509,True,None,sfc_unique_p3_47,0,None,48,396.0,57,54,0,0,0,False,100.0,14.61111111111111,9.166666666666666,2589.831810908837
0,1759175119.8247204,869.7,234,0.6169,0.3939,0.3742,252.0,0.0,8.84,None,None,9.579,True,None,sfc_cache_p4_47,0,None,52,429.0,60,56,0,0,0,False,100.0,14.571428571428571,8.839285714285714,2605.171810908837
0,1759175119.8252277,869.7,234,0.6169,0.3939,0.3742,252.0,0.0,14.67,None,None,9.455,True,None,sfc_unique_p4_47,0,None,52,429.0,60,56,0,0,0,False,100.0,14.571428571428571,8.839285714285714,2605.171810908837
0,1759175124.287252,874.1,234,0.5995,0.3853,0.3992,246.0,0.0,12.83,None,None,8.317,True,None,sfc_cache_p2_41,0,None,44,363.0,56,54,0,0,0,False,100.0,14.685185185185185,9.777777777777779,2592.7306253338484
0,1759175124.287579,874.2,234,0.5995,0.3853,0.3992,246.0,0.0,9.36,None,None,5.64,True,None,sfc_unique_p2_41,0,None,44,363.0,56,54,0,0,0,False,100.0,14.685185185185185,9.777777777777779,2592.7306253338484
0,1759175124.322357,874.2,234,0.6229,0.3962,0.4241,264.0,0.0,12.75,None,None,5.628,True,None,sfc_cache_p1_41,0,None,44,363.0,58,56,0,0,0,False,100.0,14.714285714285714,10.017857142857142,2600.5529438603926
0,1759175124.3226492,874.2,234,0.6229,0.3962,0.4241,264.0,0.0,22.12,None,None,5.524,True,None,sfc_unique_p1_41,0,None,44,363.0,58,56,0,0,0,False,100.0,14.714285714285714,10.017857142857142,2600.5529438603926
0,1759175129.293615,879.2,234,0.6025,0.3845,0.4241,258.0,0.0,9.59,None,None,5.919,True,None,sfc_cache_p1_46,0,None,40,330.0,55,54,0,0,0,False,100.0,14.75925925925926,10.38888888888889,2582.985358303668
0,1759175129.2939277,879.2,234,0.6025,0.3845,0.4241,258.0,0.0,8.21,None,None,5.413,True,None,sfc_unique_p1_46,0,None,40,330.0,55,54,0,0,0,False,100.0,14.75925925925926,10.38888888888889,2582.985358303668
0,1759175129.3236399,879.2,234,0.6259,0.402,0.449,276.0,0.0,11.86,None,None,5.459,True,None,sfc_cache_p1_42,0,None,40,330.0,57,56,0,0,0,False,100.0,14.785714285714286,10.607142857142858,2603.8069803436
0,1759175129.323926,879.2,234,0.6259,0.402,0.449,276.0,0.0,21.18,None,None,5.358,True,None,sfc_unique_p1_42,0,None,40,330.0,57,56,0,0,0,False,100.0,14.785714285714286,10.607142857142858,2603.8069803436
0,1759175134.3092687,884.2,234,0.6025,0.3794,0.4241,270.0,0.0,8.64,None,None,7.119,True,None,sfc_cache_p2_46,0,None,40,330.0,54,54,0,0,0,False,100.0,14.75925925925926,10.38888888888889,2573.425460455038
0,1759175134.3095725,884.2,234,0.6025,0.3794,0.4241,270.0,0.0,7.2,None,None,5.385,True,None,sfc_unique_p2_46,0,None,40,330.0,54,54,0,0,0,False,100.0,14.75925925925926,10.38888888888889,2573.425460455038
0,1759175134.4360905,884.3,234,0.6229,0.3938,0.4241,276.0,0.0,10.23,None,None,5.582,True,None,sfc_cache_p3_42,0,None,44,363.0,57,56,0,0,0,False,100.0,14.714285714285714,10.017857142857142,2578.9261569416494
0,1759175134.4364212,884.3,234,0.6229,0.3938,0.4241,276.0,0.0,7.55,None,None,5.875,True,None,sfc_unique_p3_42,0,None,44,363.0,57,56,0,0,0,False,100.0,14.714285714285714,10.017857142857142,2578.9261569416494
0,1759175139.6715767,889.5,236,0.6464,0.4159,0.449,294.0,0.0,10.85,None,None,9.923,True,None,sfc_cache_p1_48,0,None,44,363.0,58,58,0,0,0,False,100.0,14.741379310344827,10.241379310344827,2604.546871227364
0,1759175139.6719053,889.5,236,0.6464,0.4159,0.449,294.0,0.0,19.38,None,None,8.418,True,None,sfc_unique_p1_48,0,None,44,363.0,58,58,0,0,0,False,100.0,14.741379310344827,10.241379310344827,2604.546871227364
0,1759175139.7075162,889.6,237,0.6698,0.4386,0.474,312.0,0.0,10.8,None,None,5.597,True,None,sfc_cache_p2_48,0,None,44,363.0,60,60,0,0,0,False,100.0,14.766666666666667,10.45,2624.1725855130785
0,1759175139.7078228,889.6,237,0.6698,0.4386,0.474,312.0,0.0,18.22,None,None,5.418,True,None,sfc_unique_p2_48,0,None,44,363.0,60,60,0,0,0,False,100.0,14.766666666666667,10.45,2624.1725855130785
0,1759175139.7400112,889.6,238,0.6902,0.4527,0.474,330.0,0.0,10.3,None,None,5.411,True,None,sfc_cache_p3_48,0,None,48,396.0,63,62,0,0,0,False,100.0,14.725806451612904,10.112903225806452,2633.244014084507
0,1759175139.7403069,889.6,238,0.6902,0.4527,0.474,330.0,0.0,17.87,None,None,5.38,True,None,sfc_unique_p3_48,0,None,48,396.0,63,62,0,0,0,False,100.0,14.725806451612904,10.112903225806452,2633.244014084507
0,1759175139.7724218,889.6,239,0.7136,0.4759,0.4989,348.0,0.0,12.93,None,None,5.523,True,None,sfc_cache_p4_48,0,None,48,396.0,64,64,0,0,0,False,100.0,14.75,10.3125,2658.469598359387
0,1759175139.7727163,889.6,239,0.7136,0.4759,0.4989,348.0,0.0,18.46,None,None,5.397,True,None,sfc_unique_p4_48,0,None,48,396.0,64,64,0,0,0,False,100.0,14.75,10.3125,2658.469598359387
0,1759175144.3441913,894.2,239,0.5383,0.3951,0.3992,252.0,0.0,10.11,None,None,10.139,True,None,sfc_cache_p4_44,0,None,32,264.0,44,48,0,0,0,False,100.0,14.833333333333334,11.0,2611.5700472063145
0,1759175144.3447263,894.2,239,0.5383,0.3951,0.3992,252.0,0.0,8.31,None,None,9.34,True,None,sfc_unique_p4_44,0,None,32,264.0,44,48,0,0,0,False,100.0,14.833333333333334,11.0,2611.5700472063145
0,1759175144.3967135,894.3,239,0.5617,0.4053,0.4241,258.0,0.0,10.12,None,None,9.601,True,None,sfc_cache_p2_44,0,None,32,264.0,46,50,0,0,0,False,100.0,14.86,11.22,2623.294238507971
0,1759175144.3971932,894.3,239,0.5617,0.4053,0.4241,258.0,0.0,8.59,None,None,9.455,True,None,sfc_unique_p2_44,0,None,32,264.0,46,50,0,0,0,False,100.0,14.86,11.22,2623.294238507971
0,1759175144.448239,894.3,239,0.5821,0.413,0.4241,264.0,0.0,9.73,None,None,9.544,True,None,sfc_cache_p1_44,0,None,36,297.0,49,52,0,0,0,False,100.0,14.807692307692308,10.788461538461538,2635.4827542176135
0,1759175144.448752,894.3,239,0.5821,0.413,0.4241,264.0,0.0,7.73,None,None,9.394,True,None,sfc_unique_p1_44,0,None,36,297.0,49,52,0,0,0,False,100.0,14.807692307692308,10.788461538461538,2635.4827542176135
0,1759175144.501214,894.4,239,0.6055,0.4247,0.449,270.0,0.0,9.98,None,None,9.526,True,None,sfc_cache_p3_42,0,None,36,297.0,51,54,0,0,0,False,100.0,14.833333333333334,11.0,2639.661673889491
0,1759175144.501686,894.4,239,0.6055,0.4247,0.449,270.0,0.0,6.14,None,None,9.271,True,None,sfc_unique_p3_42,0,None,36,297.0,51,54,0,0,0,False,100.0,14.833333333333334,11.0,2639.661673889491
0,1759175144.553829,894.4,239,0.629,0.4484,0.474,288.0,0.0,11.11,None,None,9.412,True,None,sfc_cache_p2_42,0,None,36,297.0,53,56,0,0,0,False,100.0,14.857142857142858,11.196428571428571,2663.3293196774507
0,1759175144.554317,894.4,239,0.629,0.4484,0.474,288.0,0.0,21.66,None,None,9.278,True,None,sfc_unique_p2_42,0,None,36,297.0,53,56,0,0,0,False,100.0,14.857142857142858,11.196428571428571,2663.3293196774507
0,1759175154.356695,904.2,239,0.6086,0.4389,0.474,282.0,0.0,8.51,None,None,5.971,True,None,sfc_cache_p4_44,0,None,32,264.0,50,54,0,0,0,False,100.0,14.907407407407407,11.61111111111111,2659.5543622405216
0,1759175154.357013,904.2,239,0.6086,0.4389,0.474,282.0,0.0,7.64,None,None,5.578,True,None,sfc_unique_p4_44,0,None,32,264.0,50,54,0,0,0,False,100.0,14.907407407407407,11.61111111111111,2659.5543622405216
0,1759175154.3934393,904.3,239,0.632,0.4565,0.4989,288.0,0.0,8.31,None,None,5.527,True,None,sfc_cache_p1_43,0,None,32,264.0,52,56,0,0,0,False,100.0,14.928571428571429,11.785714285714286,2670.6674910131574
0,1759175154.3937476,904.3,239,0.632,0.4565,0.4989,288.0,0.0,8.01,None,None,5.318,True,None,sfc_unique_p1_43,0,None,32,264.0,52,56,0,0,0,False,100.0,14.928571428571429,11.785714285714286,2670.6674910131574
0,1759175154.668285,904.5,241,0.6554,0.4741,0.5239,306.0,0.0,9.24,None,None,5.718,True,None,sfc_cache_p1_49,0,None,32,264.0,53,58,0,0,0,False,100.0,14.948275862068966,11.948275862068966,2674.9532052988716
0,1759175154.6685958,904.5,241,0.6554,0.4741,0.5239,306.0,0.0,13.5,None,None,5.398,True,None,sfc_unique_p1_49,0,None,32,264.0,53,58,0,0,0,False,100.0,14.948275862068966,11.948275862068966,2674.9532052988716
0,1759175154.7320344,904.6,242,0.6758,0.4917,0.5239,324.0,0.0,10.61,None,None,9.771,True,None,sfc_cache_p2_49,0,None,36,297.0,56,60,0,0,0,False,100.0,14.9,11.55,2680.1768548887185
0,1759175154.7325504,904.6,242,0.6758,0.4917,0.5239,324.0,0.0,16.55,None,None,9.239,True,None,sfc_unique_p2_49,0,None,36,297.0,56,60,0,0,0,False,100.0,14.9,11.55,2680.1768548887185
0,1759175154.907112,904.8,243,0.6963,0.5172,0.5239,342.0,0.0,9.65,None,None,9.492,True,None,sfc_cache_p3_49,0,None,40,330.0,59,62,0,0,0,False,100.0,14.85483870967742,11.17741935483871,2690.5858473047533
0,1759175154.907448,904.8,243,0.6963,0.5172,0.5239,342.0,0.0,16.09,None,None,5.899,True,None,sfc_unique_p3_49,0,None,40,330.0,59,62,0,0,0,False,100.0,14.85483870967742,11.17741935483871,2690.5858473047533
0,1759175154.9645646,904.8,244,0.7167,0.5428,0.5239,360.0,0.0,8.87,None,None,9.771,True,None,sfc_cache_p4_49,0,None,44,363.0,62,64,0,0,0,False,100.0,14.8125,10.828125,2690.5858473047533
0,1759175154.964864,904.8,244,0.7167,0.5428,0.5239,360.0,0.0,14.53,None,None,5.492,True,None,sfc_unique_p4_49,0,None,44,363.0,62,64,0,0,0,False,100.0,14.8125,10.828125,2690.5858473047533
0,1759175159.3755596,909.2,244,0.6229,0.4697,0.4241,312.0,0.0,8.54,None,None,10.063,True,None,sfc_cache_p3_43,0,None,44,363.0,56,56,0,0,0,False,100.0,14.714285714285714,10.017857142857142,2628.779213744003
0,1759175159.3760948,909.2,244,0.6229,0.4697,0.4241,312.0,0.0,8.43,None,None,9.462,True,None,sfc_unique_p3_43,0,None,44,363.0,56,56,0,0,0,False,100.0,14.714285714285714,10.017857142857142,2628.779213744003
0,1759175172.6900983,922.6,246,0.6464,0.4785,0.449,318.0,0.0,7.71,None,None,10.062,True,None,sfc_cache_p1_50,0,None,44,363.0,57,58,0,0,0,False,100.0,14.741379310344827,10.241379310344827,2646.6092710106795
0,1759175172.690651,922.6,246,0.6464,0.4785,0.449,318.0,0.0,6.21,None,None,9.434,True,None,sfc_unique_p1_50,0,None,44,363.0,57,58,0,0,0,False,100.0,14.741379310344827,10.241379310344827,2646.6092710106795
0,1759175172.7476873,922.6,247,0.6668,0.4853,0.449,336.0,0.0,8.43,None,None,9.652,True,None,sfc_cache_p2_50,0,None,48,396.0,60,60,0,0,0,False,100.0,14.7,9.9,2656.011840272404
0,1759175172.7481956,922.6,247,0.6668,0.4853,0.449,336.0,0.0,14.69,None,None,9.491,True,None,sfc_unique_p2_50,0,None,48,396.0,60,60,0,0,0,False,100.0,14.7,9.9,2656.011840272404
0,1759175172.8032765,922.7,248,0.6872,0.4921,0.449,354.0,0.0,7.02,None,None,9.62,True,None,sfc_cache_p3_50,0,None,52,429.0,63,62,0,0,0,False,100.0,14.661290322580646,9.580645161290322,2665.414409534128
0,1759175172.8037772,922.7,248,0.6872,0.4921,0.449,354.0,0.0,11.86,None,None,9.56,True,None,sfc_unique_p3_50,0,None,52,429.0,63,62,0,0,0,False,100.0,14.661290322580646,9.580645161290322,2665.414409534128
0,1759175172.8602679,922.7,249,0.7076,0.4989,0.449,372.0,0.0,7.1,None,None,9.869,True,None,sfc_cache_p4_50,0,None,56,462.0,66,64,0,0,0,False,100.0,14.625,9.28125,2674.8169787958523
0,1759175172.8607814,922.7,249,0.7076,0.4989,0.449,372.0,0.0,12.02,None,None,9.499,True,None,sfc_unique_p4_50,0,None,56,462.0,66,64,0,0,0,False,100.0,14.625,9.28125,2674.8169787958523
