timestamp,2.,2.1,5.,5.1,6.,6.1,8.,8.1,9.,9.1,14.,14.1,18.,18.1,23.,23.1,25.,25.1,28.,28.1,33.,33.1,34.,34.1
1772550160.7855508,None,0.00,None,0.00,None,0.00,None,4.00,None,0.00,None,4.33,None,0.00,None,0.00,None,0.00,None,0.00,None,8.67,None,9.00
1772550160.7873504,None,0.00,None,0.00,None,0.00,None,4.00,None,0.00,None,4.33,None,0.00,None,0.00,None,0.00,None,0.00,None,8.67,None,9.00
1772550160.8544574,None,0.00,None,0.00,None,8.67,None,4.00,None,0.00,None,4.33,None,0.00,None,0.00,None,0.00,None,0.00,None,8.67,None,9.00
1772550160.8551216,None,0.00,None,0.00,None,8.67,None,4.00,None,0.00,None,4.33,None,0.00,None,0.00,None,0.00,None,0.00,None,8.67,None,9.00
1772550160.9093573,None,0.00,None,0.00,None,8.67,None,12.67,None,0.00,None,4.33,None,0.00,None,0.00,None,0.00,None,0.00,None,8.67,None,9.00
1772550160.9101164,None,0.00,None,0.00,None,8.67,None,12.67,None,0.00,None,4.33,None,0.00,None,0.00,None,0.00,None,0.00,None,8.67,None,9.00
1772550160.9466429,None,0.00,None,0.00,None,8.67,None,21.34,None,0.00,None,4.33,None,0.00,None,0.00,None,0.00,None,0.00,None,8.67,None,9.00
1772550160.9476097,None,0.00,None,0.00,None,8.67,None,21.34,None,0.00,None,4.33,None,0.00,None,0.00,None,0.00,None,0.00,None,8.67,None,9.00
1772550160.9812436,None,0.00,None,0.00,None,8.67,None,30.01,None,0.00,None,4.33,None,0.00,None,0.00,None,0.00,None,0.00,None,8.67,None,9.00
1772550160.9822032,None,0.00,None,0.00,None,8.67,None,30.01,None,0.00,None,4.33,None,0.00,None,0.00,None,0.00,None,0.00,None,8.67,None,9.00
1772550161.01677,None,0.00,None,0.00,None,8.67,None,38.68,None,0.00,None,4.33,None,0.00,None,0.00,None,0.00,None,0.00,None,8.67,None,9.00
1772550161.0182867,None,0.00,None,0.00,None,8.67,None,38.68,None,0.00,None,4.33,None,0.00,None,0.00,None,0.00,None,0.00,None,8.67,None,9.00
1772550173.7402182,None,0.00,None,0.00,None,8.67,None,38.68,None,0.00,None,17.33,None,0.00,None,0.00,None,0.00,None,13.00,None,8.67,None,9.00
1772550173.741198,None,0.00,None,0.00,None,8.67,None,38.68,None,0.00,None,17.33,None,0.00,None,0.00,None,0.00,None,13.00,None,8.67,None,9.00
1772550173.8643286,None,0.00,None,0.00,None,8.67,None,38.68,None,0.00,None,26.33,None,0.00,None,0.00,None,0.00,None,21.67,None,8.67,None,9.00
1772550173.865373,None,0.00,None,0.00,None,8.67,None,38.68,None,0.00,None,26.33,None,0.00,None,0.00,None,0.00,None,21.67,None,8.67,None,9.00
1772550173.9,None,0.00,None,0.00,None,8.67,None,38.68,None,0.00,None,35.33,None,0.00,None,0.00,None,0.00,None,30.34,None,8.67,None,9.00
1772550173.9012961,None,0.00,None,0.00,None,8.67,None,38.68,None,0.00,None,35.33,None,0.00,None,0.00,None,0.00,None,30.34,None,8.67,None,9.00
1772550173.9382658,None,0.00,None,0.00,None,8.67,None,38.68,None,0.00,None,44.33,None,0.00,None,0.00,None,0.00,None,39.01,None,8.67,None,9.00
1772550173.939609,None,0.00,None,0.00,None,8.67,None,38.68,None,0.00,None,44.33,None,0.00,None,0.00,None,0.00,None,39.01,None,8.67,None,9.00
1772550173.972606,None,0.00,None,0.00,None,8.67,None,38.68,None,0.00,None,53.33,None,0.00,None,0.00,None,0.00,None,47.68,None,8.67,None,9.00
1772550173.9739344,None,0.00,None,0.00,None,8.67,None,38.68,None,0.00,None,53.33,None,0.00,None,0.00,None,0.00,None,47.68,None,8.67,None,9.00
1772550174.008877,None,0.00,None,0.00,None,8.67,None,47.35,None,0.00,None,53.33,None,0.00,None,0.00,None,0.00,None,47.68,None,8.67,None,9.00
1772550174.0103548,None,0.00,None,0.00,None,8.67,None,47.35,None,0.00,None,53.33,None,0.00,None,0.00,None,0.00,None,47.68,None,8.67,None,9.00
1772550181.0517898,None,0.00,None,0.00,None,8.67,None,47.35,None,0.00,None,53.33,None,0.00,None,0.00,None,0.00,None,47.68,None,8.67,None,9.00
1772550181.0532157,None,0.00,None,0.00,None,8.67,None,47.35,None,0.00,None,53.33,None,0.00,None,0.00,None,0.00,None,47.68,None,8.67,None,9.00
1772550186.0683818,None,0.00,None,0.00,None,8.67,None,40.35,None,0.00,None,53.33,None,0.00,None,0.00,None,0.00,None,47.68,None,8.67,None,9.00
1772550186.069563,None,0.00,None,0.00,None,8.67,None,40.35,None,0.00,None,53.33,None,0.00,None,0.00,None,0.00,None,47.68,None,8.67,None,9.00
1772550186.14881,None,0.00,None,0.00,None,8.67,None,50.69,None,0.00,None,53.33,None,0.00,None,0.00,None,0.00,None,47.68,None,8.67,None,9.00
1772550186.1503022,None,0.00,None,0.00,None,8.67,None,50.69,None,0.00,None,53.33,None,0.00,None,0.00,None,0.00,None,47.68,None,8.67,None,9.00
1772550192.7777166,None,9.00,None,13.00,None,8.67,None,50.69,None,0.00,None,53.33,None,0.00,None,0.00,None,0.00,None,47.68,None,8.67,None,9.00
1772550192.7791522,None,9.00,None,13.00,None,8.67,None,50.69,None,0.00,None,53.33,None,0.00,None,0.00,None,0.00,None,47.68,None,8.67,None,9.00
1772550192.815402,None,18.00,None,21.67,None,8.67,None,50.69,None,0.00,None,53.33,None,0.00,None,0.00,None,0.00,None,47.68,None,8.67,None,9.00
1772550192.81685,None,18.00,None,21.67,None,8.67,None,50.69,None,0.00,None,53.33,None,0.00,None,0.00,None,0.00,None,47.68,None,8.67,None,9.00
1772550192.8548295,None,26.67,None,21.67,None,8.67,None,50.69,None,0.00,None,53.33,None,9.00,None,0.00,None,0.00,None,47.68,None,8.67,None,9.00
1772550192.8564327,None,26.67,None,21.67,None,8.67,None,50.69,None,0.00,None,53.33,None,9.00,None,0.00,None,0.00,None,47.68,None,8.67,None,9.00
1772550192.887001,None,26.67,None,21.67,None,8.67,None,50.69,None,9.00,None,53.33,None,9.00,None,0.00,None,0.00,None,47.68,None,8.67,None,9.00
1772550192.8885598,None,26.67,None,21.67,None,8.67,None,50.69,None,9.00,None,53.33,None,9.00,None,0.00,None,0.00,None,47.68,None,8.67,None,9.00
1772550192.9233115,None,26.67,None,21.67,None,8.67,None,50.69,None,18.00,None,53.33,None,9.00,None,0.00,None,0.00,None,47.68,None,8.67,None,9.00
1772550192.9248888,None,26.67,None,21.67,None,8.67,None,50.69,None,18.00,None,53.33,None,9.00,None,0.00,None,0.00,None,47.68,None,8.67,None,9.00
1772550192.9551992,None,26.67,None,21.67,None,8.67,None,50.69,None,27.00,None,53.33,None,9.00,None,0.00,None,0.00,None,47.68,None,8.67,None,9.00
1772550192.9569333,None,26.67,None,21.67,None,8.67,None,50.69,None,27.00,None,53.33,None,9.00,None,0.00,None,0.00,None,47.68,None,8.67,None,9.00
1772550196.0619233,None,26.67,None,21.67,None,8.67,None,50.69,None,27.00,None,53.33,None,9.00,None,0.00,None,0.00,None,47.68,None,8.67,None,9.00
1772550196.0636873,None,26.67,None,21.67,None,8.67,None,50.69,None,27.00,None,53.33,None,9.00,None,0.00,None,0.00,None,47.68,None,8.67,None,9.00
1772550201.06452,None,26.67,None,21.67,None,8.67,None,40.35,None,27.00,None,53.33,None,9.00,None,0.00,None,0.00,None,47.68,None,8.67,None,9.00
1772550201.0661528,None,26.67,None,21.67,None,8.67,None,40.35,None,27.00,None,53.33,None,9.00,None,0.00,None,0.00,None,47.68,None,8.67,None,9.00
1772550201.094804,None,26.67,None,21.67,None,8.67,None,50.69,None,27.00,None,53.33,None,9.00,None,0.00,None,0.00,None,47.68,None,8.67,None,9.00
1772550201.0964272,None,26.67,None,21.67,None,8.67,None,50.69,None,27.00,None,53.33,None,9.00,None,0.00,None,0.00,None,47.68,None,8.67,None,9.00
1772550216.8144598,None,26.67,None,21.67,None,8.67,None,50.69,None,27.00,None,53.33,None,9.00,None,0.00,None,8.67,None,52.01,None,8.67,None,9.00
1772550216.8190064,None,26.67,None,21.67,None,8.67,None,50.69,None,27.00,None,53.33,None,9.00,None,0.00,None,8.67,None,52.01,None,8.67,None,9.00
1772550216.8813229,None,26.67,None,21.67,None,8.67,None,55.02,None,27.00,None,53.33,None,9.00,None,0.00,None,17.34,None,52.01,None,8.67,None,9.00
1772550216.8828905,None,26.67,None,21.67,None,8.67,None,55.02,None,27.00,None,53.33,None,9.00,None,0.00,None,17.34,None,52.01,None,8.67,None,9.00
1772550216.943155,None,26.67,None,21.67,None,8.67,None,55.02,None,27.00,None,53.33,None,9.00,None,0.00,None,30.34,None,52.01,None,8.67,None,9.00
1772550216.9477055,None,26.67,None,21.67,None,8.67,None,55.02,None,27.00,None,53.33,None,9.00,None,0.00,None,30.34,None,52.01,None,8.67,None,9.00
1772550217.0046837,None,26.67,None,21.67,None,8.67,None,55.02,None,27.00,None,53.33,None,9.00,None,0.00,None,39.01,None,52.01,None,8.67,None,9.00
1772550217.0063398,None,26.67,None,21.67,None,8.67,None,55.02,None,27.00,None,53.33,None,9.00,None,0.00,None,39.01,None,52.01,None,8.67,None,9.00
1772550217.075985,None,26.67,None,21.67,None,8.67,None,55.02,None,27.00,None,53.33,None,9.00,None,0.00,None,47.68,None,52.01,None,8.67,None,9.00
1772550217.079139,None,26.67,None,21.67,None,8.67,None,55.02,None,27.00,None,53.33,None,9.00,None,0.00,None,47.68,None,52.01,None,8.67,None,9.00
1772550217.3303645,None,26.67,None,21.67,None,8.67,None,55.02,None,27.00,None,53.33,None,9.00,None,0.00,None,47.68,None,52.01,None,8.67,None,9.00
1772550217.3362002,None,26.67,None,21.67,None,8.67,None,55.02,None,27.00,None,53.33,None,9.00,None,0.00,None,47.68,None,52.01,None,8.67,None,9.00
1772550221.0774508,None,26.67,None,21.67,None,8.67,None,34.67,None,27.00,None,53.33,None,9.00,None,0.00,None,47.68,None,52.01,None,8.67,None,9.00
1772550221.0793378,None,26.67,None,21.67,None,8.67,None,34.67,None,27.00,None,53.33,None,9.00,None,0.00,None,47.68,None,52.01,None,8.67,None,9.00
1772550221.1085675,None,26.67,None,21.67,None,8.67,None,43.34,None,27.00,None,53.33,None,9.00,None,0.00,None,47.68,None,52.01,None,8.67,None,9.00
1772550221.1104825,None,26.67,None,21.67,None,8.67,None,43.34,None,27.00,None,53.33,None,9.00,None,0.00,None,47.68,None,52.01,None,8.67,None,9.00
1772550221.1430643,None,26.67,None,21.67,None,8.67,None,52.01,None,27.00,None,53.33,None,9.00,None,0.00,None,47.68,None,52.01,None,8.67,None,9.00
1772550221.144791,None,26.67,None,21.67,None,8.67,None,52.01,None,27.00,None,53.33,None,9.00,None,0.00,None,47.68,None,52.01,None,8.67,None,9.00
1772550226.0824075,None,26.67,None,21.67,None,8.67,None,52.01,None,27.00,None,53.00,None,9.00,None,0.00,None,47.68,None,47.67,None,0.00,None,9.00
1772550226.0844507,None,26.67,None,21.67,None,8.67,None,52.01,None,27.00,None,53.00,None,9.00,None,0.00,None,47.68,None,47.67,None,0.00,None,9.00
1772550226.1259568,None,26.67,None,21.67,None,8.67,None,52.01,None,27.00,None,54.67,None,9.00,None,0.00,None,47.68,None,47.67,None,9.00,None,9.00
1772550226.1297076,None,26.67,None,21.67,None,8.67,None,52.01,None,27.00,None,54.67,None,9.00,None,0.00,None,47.68,None,47.67,None,9.00,None,9.00
1772550231.0889177,None,26.67,None,21.67,None,8.67,None,34.67,None,27.00,None,54.67,None,9.00,None,0.00,None,47.68,None,47.67,None,9.00,None,9.00
1772550231.0910728,None,26.67,None,21.67,None,8.67,None,34.67,None,27.00,None,54.67,None,9.00,None,0.00,None,47.68,None,47.67,None,9.00,None,9.00
1772550231.1229854,None,26.67,None,21.67,None,8.67,None,47.34,None,27.00,None,54.67,None,9.00,None,0.00,None,47.68,None,47.67,None,9.00,None,9.00
1772550231.1247835,None,26.67,None,21.67,None,8.67,None,47.34,None,27.00,None,54.67,None,9.00,None,0.00,None,47.68,None,47.67,None,9.00,None,9.00
1772550231.155233,None,26.67,None,21.67,None,8.67,None,47.34,None,27.00,None,54.67,None,9.00,None,0.00,None,47.68,None,51.67,None,9.00,None,9.00
1772550231.1570985,None,26.67,None,21.67,None,8.67,None,47.34,None,27.00,None,54.67,None,9.00,None,0.00,None,47.68,None,51.67,None,9.00,None,9.00
1772550241.0903025,None,26.67,None,21.67,None,8.67,None,47.34,None,27.00,None,54.67,None,9.00,None,0.00,None,52.01,None,51.67,None,9.00,None,9.00
1772550241.0921435,None,26.67,None,21.67,None,8.67,None,47.34,None,27.00,None,54.67,None,9.00,None,0.00,None,52.01,None,51.67,None,9.00,None,9.00
1772550242.7807076,None,26.67,None,21.67,None,12.00,None,47.34,None,27.00,None,54.67,None,9.00,None,0.00,None,52.01,None,51.67,None,13.33,None,9.00
1772550242.7820637,None,26.67,None,21.67,None,12.00,None,47.34,None,27.00,None,54.67,None,9.00,None,0.00,None,52.01,None,51.67,None,13.33,None,9.00
1772550242.805569,None,26.67,None,21.67,None,12.00,None,50.67,None,27.00,None,54.67,None,9.00,None,0.00,None,52.01,None,51.67,None,13.33,None,9.00
1772550242.806966,None,26.67,None,21.67,None,12.00,None,50.67,None,27.00,None,54.67,None,9.00,None,0.00,None,52.01,None,51.67,None,13.33,None,9.00
1772550242.8292468,None,26.67,None,21.67,None,12.00,None,54.00,None,27.00,None,54.67,None,9.00,None,0.00,None,52.01,None,51.67,None,13.33,None,9.00
1772550242.8305707,None,26.67,None,21.67,None,12.00,None,54.00,None,27.00,None,54.67,None,9.00,None,0.00,None,52.01,None,51.67,None,13.33,None,9.00
1772550242.8533635,None,26.67,None,21.67,None,13.67,None,54.00,None,27.00,None,54.67,None,13.33,None,0.00,None,52.01,None,51.67,None,13.33,None,9.00
1772550242.8548353,None,26.67,None,21.67,None,13.67,None,54.00,None,27.00,None,54.67,None,13.33,None,0.00,None,52.01,None,51.67,None,13.33,None,9.00
1772550242.8775494,None,26.67,None,21.67,None,13.67,None,54.00,None,28.67,None,54.67,None,13.33,None,0.00,None,52.01,None,51.67,None,13.33,None,9.00
1772550242.8789778,None,26.67,None,21.67,None,13.67,None,54.00,None,28.67,None,54.67,None,13.33,None,0.00,None,52.01,None,51.67,None,13.33,None,9.00
1772550242.9017608,None,26.67,None,21.67,None,13.67,None,54.00,None,28.67,None,54.67,None,13.33,None,0.00,None,52.01,None,51.67,None,13.33,None,9.00
1772550242.9031975,None,26.67,None,21.67,None,13.67,None,54.00,None,28.67,None,54.67,None,13.33,None,0.00,None,52.01,None,51.67,None,13.33,None,9.00
1772550246.0906463,None,26.34,None,13.00,None,5.00,None,41.00,None,24.00,None,54.67,None,13.33,None,0.00,None,52.01,None,51.67,None,13.33,None,9.00
1772550246.0924766,None,26.34,None,13.00,None,5.00,None,41.00,None,24.00,None,54.67,None,13.33,None,0.00,None,52.01,None,51.67,None,13.33,None,9.00
1772550246.1282814,None,28.01,None,17.33,None,5.00,None,41.00,None,24.00,None,54.67,None,13.33,None,0.00,None,52.01,None,51.67,None,13.33,None,9.00
1772550246.1302626,None,28.01,None,17.33,None,5.00,None,41.00,None,24.00,None,54.67,None,13.33,None,0.00,None,52.01,None,51.67,None,13.33,None,9.00
1772550246.2345371,None,28.01,None,17.33,None,5.00,None,54.00,None,24.00,None,54.67,None,13.33,None,0.00,None,52.01,None,51.67,None,13.33,None,9.00
1772550246.2365708,None,28.01,None,17.33,None,5.00,None,54.00,None,24.00,None,54.67,None,13.33,None,0.00,None,52.01,None,51.67,None,13.33,None,9.00
1772550246.271763,None,28.01,None,17.33,None,5.00,None,54.00,None,24.00,None,54.67,None,13.33,None,0.00,None,52.01,None,51.67,None,13.33,None,9.00
1772550246.273698,None,28.01,None,17.33,None,5.00,None,54.00,None,24.00,None,54.67,None,13.33,None,0.00,None,52.01,None,51.67,None,13.33,None,9.00
1772550256.1032178,None,23.34,None,8.66,None,5.00,None,45.33,None,24.00,None,41.34,None,13.33,None,0.00,None,52.01,None,43.00,None,13.33,None,9.00
1772550256.1052606,None,23.34,None,8.66,None,5.00,None,45.33,None,24.00,None,41.34,None,13.33,None,0.00,None,52.01,None,43.00,None,13.33,None,9.00
1772550256.1393323,None,23.34,None,8.66,None,5.00,None,54.33,None,24.00,None,50.01,None,13.33,None,0.00,None,52.01,None,47.33,None,13.33,None,9.00
1772550256.1429725,None,23.34,None,8.66,None,5.00,None,54.33,None,24.00,None,50.01,None,13.33,None,0.00,None,52.01,None,47.33,None,13.33,None,9.00
1772550256.1779819,None,23.34,None,8.66,None,5.00,None,54.33,None,24.00,None,53.34,None,13.33,None,0.00,None,52.01,None,51.66,None,13.33,None,9.00
1772550256.18024,None,23.34,None,8.66,None,5.00,None,54.33,None,24.00,None,53.34,None,13.33,None,0.00,None,52.01,None,51.66,None,13.33,None,9.00
1772550266.1115232,None,14.67,None,8.66,None,5.00,None,45.33,None,24.00,None,44.67,None,13.00,None,0.00,None,52.01,None,47.33,None,13.33,None,9.00
1772550266.1137838,None,14.67,None,8.66,None,5.00,None,45.33,None,24.00,None,44.67,None,13.00,None,0.00,None,52.01,None,47.33,None,13.33,None,9.00
1772550266.1475592,None,14.67,None,8.66,None,5.00,None,54.33,None,24.00,None,53.34,None,13.00,None,0.00,None,52.01,None,51.66,None,13.33,None,9.00
1772550266.1498542,None,14.67,None,8.66,None,5.00,None,54.33,None,24.00,None,53.34,None,13.00,None,0.00,None,52.01,None,51.66,None,13.33,None,9.00
1772550270.8050761,None,14.67,None,8.66,None,5.00,None,54.33,None,24.00,None,53.34,None,13.00,None,0.00,None,52.01,None,53.33,None,13.33,None,9.00
1772550270.8071094,None,14.67,None,8.66,None,5.00,None,54.33,None,24.00,None,53.34,None,13.00,None,0.00,None,52.01,None,53.33,None,13.33,None,9.00
1772550270.8485842,None,14.67,None,8.66,None,5.00,None,54.33,None,24.00,None,53.34,None,13.00,None,0.00,None,52.01,None,55.00,None,13.33,None,9.00
1772550270.85082,None,14.67,None,8.66,None,5.00,None,54.33,None,24.00,None,53.34,None,13.00,None,0.00,None,52.01,None,55.00,None,13.33,None,9.00
1772550270.889619,None,14.67,None,8.66,None,5.00,None,54.33,None,24.00,None,55.01,None,13.00,None,0.00,None,52.01,None,55.00,None,13.33,None,9.00
1772550270.8919191,None,14.67,None,8.66,None,5.00,None,54.33,None,24.00,None,55.01,None,13.00,None,0.00,None,52.01,None,55.00,None,13.33,None,9.00
1772550270.9314144,None,14.67,None,8.66,None,5.00,None,54.33,None,24.00,None,55.01,None,13.00,None,4.33,None,55.34,None,55.00,None,13.33,None,9.00
1772550270.9340944,None,14.67,None,8.66,None,5.00,None,54.33,None,24.00,None,55.01,None,13.00,None,4.33,None,55.34,None,55.00,None,13.33,None,9.00
1772550271.0089905,None,14.67,None,17.66,None,5.00,None,54.33,None,24.00,None,55.01,None,13.00,None,13.00,None,55.34,None,55.00,None,13.33,None,9.00
1772550271.0116482,None,14.67,None,17.66,None,5.00,None,54.33,None,24.00,None,55.01,None,13.00,None,13.00,None,55.34,None,55.00,None,13.33,None,9.00
1772550271.0476344,None,14.67,None,26.66,None,5.00,None,54.33,None,24.00,None,55.01,None,13.00,None,21.67,None,55.34,None,55.00,None,13.33,None,9.00
1772550271.0503376,None,14.67,None,26.66,None,5.00,None,54.33,None,24.00,None,55.01,None,13.00,None,21.67,None,55.34,None,55.00,None,13.33,None,9.00
1772550271.1157103,None,14.67,None,26.66,None,5.00,None,54.33,None,23.67,None,46.01,None,13.00,None,21.67,None,55.34,None,46.33,None,13.33,None,9.00
1772550271.1181667,None,14.67,None,26.66,None,5.00,None,54.33,None,23.67,None,46.01,None,13.00,None,21.67,None,55.34,None,46.33,None,13.33,None,9.00
1772550271.3204587,None,14.67,None,26.66,None,5.00,None,54.33,None,23.67,None,55.01,None,13.00,None,21.67,None,55.34,None,55.00,None,13.33,None,9.00
1772550271.322943,None,14.67,None,26.66,None,5.00,None,54.33,None,23.67,None,55.01,None,13.00,None,21.67,None,55.34,None,55.00,None,13.33,None,9.00
1772550271.3574007,None,14.67,None,26.66,None,5.00,None,54.33,None,23.67,None,55.01,None,13.00,None,21.67,None,55.34,None,55.00,None,13.33,None,9.00
1772550271.3599176,None,14.67,None,26.66,None,5.00,None,54.33,None,23.67,None,55.01,None,13.00,None,21.67,None,55.34,None,55.00,None,13.33,None,9.00
1772550286.137005,None,16.34,None,22.33,None,5.00,None,10.99,None,23.34,None,1.67,None,13.00,None,21.67,None,51.01,None,7.67,None,4.33,None,9.00
1772550286.1384454,None,16.34,None,22.33,None,5.00,None,10.99,None,23.34,None,1.67,None,13.00,None,21.67,None,51.01,None,7.67,None,4.33,None,9.00
1772550288.822366,None,25.01,None,26.66,None,5.00,None,10.99,None,23.34,None,1.67,None,13.00,None,21.67,None,51.01,None,7.67,None,4.33,None,9.00
1772550288.8241286,None,25.01,None,26.66,None,5.00,None,10.99,None,23.34,None,1.67,None,13.00,None,21.67,None,51.01,None,7.67,None,4.33,None,9.00
1772550288.8636816,None,25.01,None,26.66,None,5.00,None,10.99,None,23.34,None,1.67,None,13.00,None,23.34,None,51.01,None,7.67,None,4.33,None,9.00
1772550288.8657095,None,25.01,None,26.66,None,5.00,None,10.99,None,23.34,None,1.67,None,13.00,None,23.34,None,51.01,None,7.67,None,4.33,None,9.00
1772550288.9119399,None,25.01,None,26.66,None,5.00,None,10.99,None,23.34,None,5.67,None,13.00,None,23.34,None,51.01,None,12.00,None,4.33,None,9.00
1772550288.9138467,None,25.01,None,26.66,None,5.00,None,10.99,None,23.34,None,5.67,None,13.00,None,23.34,None,51.01,None,12.00,None,4.33,None,9.00
1772550288.9571931,None,25.01,None,26.66,None,5.00,None,14.99,None,23.34,None,5.67,None,13.00,None,23.34,None,51.01,None,12.00,None,4.33,None,9.00
1772550288.959074,None,25.01,None,26.66,None,5.00,None,14.99,None,23.34,None,5.67,None,13.00,None,23.34,None,51.01,None,12.00,None,4.33,None,9.00
1772550289.0034645,None,25.01,None,26.66,None,5.00,None,14.99,None,23.34,None,5.67,None,13.00,None,26.67,None,51.01,None,12.00,None,4.33,None,9.00
1772550289.0051265,None,25.01,None,26.66,None,5.00,None,14.99,None,23.34,None,5.67,None,13.00,None,26.67,None,51.01,None,12.00,None,4.33,None,9.00
1772550289.0467355,None,25.01,None,26.66,None,5.00,None,14.99,None,23.34,None,5.67,None,13.00,None,30.00,None,51.01,None,12.00,None,4.33,None,9.00
1772550289.0487208,None,25.01,None,26.66,None,5.00,None,14.99,None,23.34,None,5.67,None,13.00,None,30.00,None,51.01,None,12.00,None,4.33,None,9.00
1772550291.1523304,None,29.34,None,26.66,None,5.00,None,14.99,None,23.34,None,5.67,None,13.00,None,30.00,None,51.01,None,12.00,None,4.33,None,9.00
1772550291.1546717,None,29.34,None,26.66,None,5.00,None,14.99,None,23.34,None,5.67,None,13.00,None,30.00,None,51.01,None,12.00,None,4.33,None,9.00
1772550296.157997,None,19.00,None,26.66,None,3.33,None,19.32,None,19.01,None,5.67,None,0.00,None,30.00,None,51.01,None,12.00,None,13.00,None,9.00
1772550296.160132,None,19.00,None,26.66,None,3.33,None,19.32,None,19.01,None,5.67,None,0.00,None,30.00,None,51.01,None,12.00,None,13.00,None,9.00
1772550296.1968768,None,19.00,None,26.66,None,12.00,None,19.32,None,19.01,None,5.67,None,0.00,None,30.00,None,51.01,None,12.00,None,13.00,None,9.00
1772550296.1989048,None,19.00,None,26.66,None,12.00,None,19.32,None,19.01,None,5.67,None,0.00,None,30.00,None,51.01,None,12.00,None,13.00,None,9.00
1772550296.2343624,None,19.00,None,26.66,None,12.00,None,19.32,None,28.01,None,5.67,None,13.00,None,30.00,None,51.01,None,12.00,None,13.00,None,9.00
1772550296.2364721,None,19.00,None,26.66,None,12.00,None,19.32,None,28.01,None,5.67,None,13.00,None,30.00,None,51.01,None,12.00,None,13.00,None,9.00
1772550296.2709012,None,19.00,None,26.66,None,12.00,None,23.65,None,28.01,None,5.67,None,13.00,None,30.00,None,51.01,None,12.00,None,13.00,None,9.00
1772550296.2730465,None,19.00,None,26.66,None,12.00,None,23.65,None,28.01,None,5.67,None,13.00,None,30.00,None,51.01,None,12.00,None,13.00,None,9.00
1772550296.3073578,None,27.67,None,26.66,None,12.00,None,23.65,None,28.01,None,5.67,None,13.00,None,30.00,None,51.01,None,16.00,None,13.00,None,9.00
1772550296.3094983,None,27.67,None,26.66,None,12.00,None,23.65,None,28.01,None,5.67,None,13.00,None,30.00,None,51.01,None,16.00,None,13.00,None,9.00
1772550301.2858887,None,27.67,None,26.66,None,12.00,None,32.65,None,28.01,None,16.01,None,13.00,None,30.00,None,33.67,None,20.33,None,13.00,None,9.00
1772550301.2872427,None,27.67,None,26.66,None,12.00,None,32.65,None,28.01,None,16.01,None,13.00,None,30.00,None,33.67,None,20.33,None,13.00,None,9.00
1772550301.3111787,None,27.67,None,26.66,None,12.00,None,41.65,None,28.01,None,29.01,None,13.00,None,30.00,None,33.67,None,20.33,None,13.00,None,9.00
1772550301.3126373,None,27.67,None,26.66,None,12.00,None,41.65,None,28.01,None,29.01,None,13.00,None,30.00,None,33.67,None,20.33,None,13.00,None,9.00
1772550304.8316367,None,27.67,None,26.66,None,12.00,None,41.65,None,28.01,None,29.01,None,13.00,None,30.00,None,37.67,None,20.33,None,13.00,None,9.00
1772550304.8331938,None,27.67,None,26.66,None,12.00,None,41.65,None,28.01,None,29.01,None,13.00,None,30.00,None,37.67,None,20.33,None,13.00,None,9.00
1772550304.8963816,None,27.67,None,29.99,None,12.00,None,41.65,None,29.68,None,29.01,None,13.00,None,30.00,None,37.67,None,20.33,None,13.00,None,9.00
1772550304.8982477,None,27.67,None,29.99,None,12.00,None,41.65,None,29.68,None,29.01,None,13.00,None,30.00,None,37.67,None,20.33,None,13.00,None,9.00
1772550304.9298384,None,27.67,None,29.99,None,12.00,None,41.65,None,29.68,None,29.01,None,13.00,None,30.00,None,37.67,None,20.33,None,13.00,None,12.33
1772550304.931434,None,27.67,None,29.99,None,12.00,None,41.65,None,29.68,None,29.01,None,13.00,None,30.00,None,37.67,None,20.33,None,13.00,None,12.33
1772550304.96596,None,29.34,None,29.99,None,12.00,None,50.65,None,29.68,None,37.68,None,13.00,None,30.00,None,42.00,None,20.33,None,13.00,None,12.33
1772550304.9675233,None,29.34,None,29.99,None,12.00,None,50.65,None,29.68,None,37.68,None,13.00,None,30.00,None,42.00,None,20.33,None,13.00,None,12.33
1772550304.9984615,None,29.34,None,29.99,None,12.00,None,50.65,None,29.68,None,46.35,None,13.00,None,30.00,None,42.00,None,20.33,None,13.00,None,12.33
1772550305.0001767,None,29.34,None,29.99,None,12.00,None,50.65,None,29.68,None,46.35,None,13.00,None,30.00,None,42.00,None,20.33,None,13.00,None,12.33
1772550305.033312,None,29.34,None,29.99,None,12.00,None,50.65,None,29.68,None,55.02,None,13.00,None,30.00,None,42.00,None,20.33,None,13.00,None,12.33
1772550305.034969,None,29.34,None,29.99,None,12.00,None,50.65,None,29.68,None,55.02,None,13.00,None,30.00,None,42.00,None,20.33,None,13.00,None,12.33
1772550306.1544473,None,25.01,None,29.99,None,12.00,None,48.66,None,19.34,None,55.02,None,13.00,None,30.00,None,21.33,None,31.66,None,13.00,None,12.33
1772550306.1560848,None,25.01,None,29.99,None,12.00,None,48.66,None,19.34,None,55.02,None,13.00,None,30.00,None,21.33,None,31.66,None,13.00,None,12.33
1772550306.1827562,None,25.01,None,29.99,None,12.00,None,48.66,None,19.34,None,55.02,None,13.00,None,30.00,None,21.33,None,40.33,None,13.00,None,12.33
1772550306.1842391,None,25.01,None,29.99,None,12.00,None,48.66,None,19.34,None,55.02,None,13.00,None,30.00,None,21.33,None,40.33,None,13.00,None,12.33
1772550306.2110915,None,25.01,None,29.99,None,12.00,None,48.66,None,19.34,None,55.02,None,13.00,None,30.00,None,21.33,None,44.66,None,13.00,None,12.33
1772550306.2126734,None,25.01,None,29.99,None,12.00,None,48.66,None,19.34,None,55.02,None,13.00,None,30.00,None,21.33,None,44.66,None,13.00,None,12.33
1772550306.3153126,None,25.01,None,29.99,None,12.00,None,48.66,None,19.34,None,55.02,None,13.00,None,30.00,None,21.33,None,44.66,None,13.00,None,12.33
1772550306.3169725,None,25.01,None,29.99,None,12.00,None,48.66,None,19.34,None,55.02,None,13.00,None,30.00,None,21.33,None,44.66,None,13.00,None,12.33
1772550306.3476374,None,25.01,None,29.99,None,12.00,None,48.66,None,19.34,None,55.02,None,13.00,None,30.00,None,21.33,None,44.66,None,13.00,None,12.33
1772550306.3492827,None,25.01,None,29.99,None,12.00,None,48.66,None,19.34,None,55.02,None,13.00,None,30.00,None,21.33,None,44.66,None,13.00,None,12.33
1772550306.3798018,None,25.01,None,29.99,None,12.00,None,48.66,None,19.34,None,55.02,None,13.00,None,30.00,None,21.33,None,44.66,None,13.00,None,12.33
1772550306.3814292,None,25.01,None,29.99,None,12.00,None,48.66,None,19.34,None,55.02,None,13.00,None,30.00,None,21.33,None,44.66,None,13.00,None,12.33
1772550306.4119432,None,25.01,None,29.99,None,12.00,None,48.66,None,19.34,None,55.02,None,13.00,None,30.00,None,21.33,None,44.66,None,13.00,None,12.33
1772550306.413612,None,25.01,None,29.99,None,12.00,None,48.66,None,19.34,None,55.02,None,13.00,None,30.00,None,21.33,None,44.66,None,13.00,None,12.33
1772550306.444293,None,25.01,None,29.99,None,12.00,None,48.66,None,19.34,None,55.02,None,13.00,None,30.00,None,21.33,None,44.66,None,13.00,None,12.33
1772550306.4459162,None,25.01,None,29.99,None,12.00,None,48.66,None,19.34,None,55.02,None,13.00,None,30.00,None,21.33,None,44.66,None,13.00,None,12.33
1772550311.1556792,None,29.34,None,29.99,None,8.67,None,48.66,None,19.34,None,55.02,None,13.00,None,30.00,None,21.33,None,51.66,None,8.67,None,12.33
1772550311.1573198,None,29.34,None,29.99,None,8.67,None,48.66,None,19.34,None,55.02,None,13.00,None,30.00,None,21.33,None,51.66,None,8.67,None,12.33
1772550311.1869204,None,29.34,None,29.99,None,8.67,None,48.66,None,19.34,None,55.02,None,13.00,None,30.00,None,21.33,None,51.66,None,8.67,None,12.33
1772550311.1885898,None,29.34,None,29.99,None,8.67,None,48.66,None,19.34,None,55.02,None,13.00,None,30.00,None,21.33,None,51.66,None,8.67,None,12.33
1772550319.8980584,None,14.67,None,25.66,None,8.67,None,54.67,None,1.67,None,55.02,None,0.00,None,30.00,None,21.33,None,47.66,None,8.67,None,12.33
1772550319.9002826,None,14.67,None,25.66,None,8.67,None,54.67,None,1.67,None,55.02,None,0.00,None,30.00,None,21.33,None,47.66,None,8.67,None,12.33
1772550319.9422827,None,14.67,None,25.66,None,8.67,None,54.67,None,1.67,None,55.02,None,0.00,None,30.00,None,21.33,None,51.66,None,8.67,None,12.33
1772550319.9445145,None,14.67,None,25.66,None,8.67,None,54.67,None,1.67,None,55.02,None,0.00,None,30.00,None,21.33,None,51.66,None,8.67,None,12.33
1772550319.9892564,None,14.67,None,25.66,None,8.67,None,54.67,None,1.67,None,55.02,None,0.00,None,30.00,None,21.33,None,51.66,None,13.00,None,12.33
1772550319.9916062,None,14.67,None,25.66,None,8.67,None,54.67,None,1.67,None,55.02,None,0.00,None,30.00,None,21.33,None,51.66,None,13.00,None,12.33
1772550320.2516665,None,14.67,None,25.66,None,8.67,None,54.67,None,1.67,None,55.02,None,0.00,None,30.00,None,25.66,None,51.66,None,13.00,None,12.33
1772550320.2540898,None,14.67,None,25.66,None,8.67,None,54.67,None,1.67,None,55.02,None,0.00,None,30.00,None,25.66,None,51.66,None,13.00,None,12.33
1772550320.3009799,None,14.67,None,25.66,None,8.67,None,54.67,None,1.67,None,55.02,None,0.00,None,30.00,None,25.66,None,51.66,None,13.00,None,12.33
1772550320.3032742,None,14.67,None,25.66,None,8.67,None,54.67,None,1.67,None,55.02,None,0.00,None,30.00,None,25.66,None,51.66,None,13.00,None,12.33
1772550320.3737369,None,14.67,None,25.66,None,8.67,None,54.67,None,1.67,None,55.02,None,0.00,None,30.00,None,25.66,None,51.66,None,13.00,None,12.33
1772550320.378916,None,14.67,None,25.66,None,8.67,None,54.67,None,1.67,None,55.02,None,0.00,None,30.00,None,25.66,None,51.66,None,13.00,None,12.33
1772550321.1748803,None,14.67,None,25.66,None,8.67,None,54.67,None,1.67,None,46.35,None,0.00,None,30.00,None,25.66,None,51.66,None,13.00,None,12.33
1772550321.1770682,None,14.67,None,25.66,None,8.67,None,54.67,None,1.67,None,46.35,None,0.00,None,30.00,None,25.66,None,51.66,None,13.00,None,12.33
1772550326.1998897,None,13.00,None,25.66,None,8.67,None,45.67,None,1.67,None,37.68,None,0.00,None,30.00,None,25.66,None,51.66,None,13.00,None,9.00
1772550326.2020717,None,13.00,None,25.66,None,8.67,None,45.67,None,1.67,None,37.68,None,0.00,None,30.00,None,25.66,None,51.66,None,13.00,None,9.00
1772550326.242113,None,13.00,None,25.66,None,8.67,None,45.67,None,1.67,None,37.68,None,0.00,None,30.00,None,25.66,None,51.66,None,13.00,None,9.00
1772550326.2442355,None,13.00,None,25.66,None,8.67,None,45.67,None,1.67,None,37.68,None,0.00,None,30.00,None,25.66,None,51.66,None,13.00,None,9.00
1772550339.879859,None,13.00,None,25.66,None,8.67,None,36.67,None,1.67,None,24.68,None,0.00,None,30.00,None,12.66,None,47.33,None,13.00,None,9.00
1772550339.8816373,None,13.00,None,25.66,None,8.67,None,36.67,None,1.67,None,24.68,None,0.00,None,30.00,None,12.66,None,47.33,None,13.00,None,9.00
1772550339.9516118,None,13.00,None,25.66,None,8.67,None,45.67,None,1.67,None,35.02,None,0.00,None,30.00,None,12.66,None,47.33,None,13.00,None,9.00
1772550339.9545462,None,13.00,None,25.66,None,8.67,None,45.67,None,1.67,None,35.02,None,0.00,None,30.00,None,12.66,None,47.33,None,13.00,None,9.00
1772550340.0185347,None,13.00,None,25.66,None,8.67,None,54.67,None,1.67,None,45.36,None,0.00,None,30.00,None,12.66,None,47.33,None,13.00,None,9.00
1772550340.02224,None,13.00,None,25.66,None,8.67,None,54.67,None,1.67,None,45.36,None,0.00,None,30.00,None,12.66,None,47.33,None,13.00,None,9.00
1772550340.0697618,None,13.00,None,25.66,None,8.67,None,54.67,None,1.67,None,47.03,None,0.00,None,30.00,None,12.66,None,47.33,None,13.00,None,9.00
1772550340.0717335,None,13.00,None,25.66,None,8.67,None,54.67,None,1.67,None,47.03,None,0.00,None,30.00,None,12.66,None,47.33,None,13.00,None,9.00
1772550340.1242943,None,13.00,None,25.66,None,8.67,None,54.67,None,1.67,None,52.03,None,0.00,None,30.00,None,12.66,None,47.33,None,13.00,None,9.00
1772550340.1264596,None,13.00,None,25.66,None,8.67,None,54.67,None,1.67,None,52.03,None,0.00,None,30.00,None,12.66,None,47.33,None,13.00,None,9.00
1772550340.2523453,None,13.00,None,25.66,None,8.67,None,54.67,None,1.67,None,53.70,None,0.00,None,30.00,None,12.66,None,47.33,None,13.00,None,9.00
1772550340.254352,None,13.00,None,25.66,None,8.67,None,54.67,None,1.67,None,53.70,None,0.00,None,30.00,None,12.66,None,47.33,None,13.00,None,9.00
1772550346.191444,None,13.00,None,25.66,None,8.67,None,54.67,None,10.67,None,45.03,None,8.67,None,30.00,None,8.33,None,51.66,None,13.00,None,9.00
1772550346.1934319,None,13.00,None,25.66,None,8.67,None,54.67,None,10.67,None,45.03,None,8.67,None,30.00,None,8.33,None,51.66,None,13.00,None,9.00
1772550351.18182,None,13.00,None,7.66,None,8.67,None,54.67,None,10.67,None,49.36,None,8.67,None,8.33,None,8.33,None,51.66,None,13.00,None,9.00
1772550351.183359,None,13.00,None,7.66,None,8.67,None,54.67,None,10.67,None,49.36,None,8.67,None,8.33,None,8.33,None,51.66,None,13.00,None,9.00
1772550351.2108457,None,13.00,None,7.66,None,8.67,None,54.67,None,10.67,None,49.36,None,8.67,None,8.33,None,8.33,None,54.99,None,13.00,None,9.00
1772550351.2123754,None,13.00,None,7.66,None,8.67,None,54.67,None,10.67,None,49.36,None,8.67,None,8.33,None,8.33,None,54.99,None,13.00,None,9.00
1772550356.1955433,None,13.00,None,7.66,None,8.67,None,54.67,None,10.67,None,53.69,None,8.67,None,3.33,None,8.33,None,54.99,None,13.00,None,9.00
1772550356.1977937,None,13.00,None,7.66,None,8.67,None,54.67,None,10.67,None,53.69,None,8.67,None,3.33,None,8.33,None,54.99,None,13.00,None,9.00
1772550356.2356617,None,13.00,None,7.66,None,8.67,None,54.67,None,10.67,None,53.69,None,8.67,None,3.33,None,21.66,None,54.99,None,13.00,None,9.00
1772550356.237804,None,13.00,None,7.66,None,8.67,None,54.67,None,10.67,None,53.69,None,8.67,None,3.33,None,21.66,None,54.99,None,13.00,None,9.00
1772550361.1966646,None,13.00,None,7.66,None,8.67,None,54.67,None,10.67,None,53.69,None,8.67,None,0.00,None,30.33,None,54.99,None,13.00,None,9.00
1772550361.198809,None,13.00,None,7.66,None,8.67,None,54.67,None,10.67,None,53.69,None,8.67,None,0.00,None,30.33,None,54.99,None,13.00,None,9.00
1772550361.2353175,None,13.00,None,7.66,None,8.67,None,54.67,None,10.67,None,55.36,None,8.67,None,0.00,None,39.33,None,54.99,None,13.00,None,9.00
1772550361.237421,None,13.00,None,7.66,None,8.67,None,54.67,None,10.67,None,55.36,None,8.67,None,0.00,None,39.33,None,54.99,None,13.00,None,9.00
1772550362.8816986,None,13.00,None,7.66,None,8.67,None,54.67,None,19.34,None,55.36,None,8.67,None,0.00,None,43.66,None,54.99,None,13.00,None,9.00
1772550362.8838947,None,13.00,None,7.66,None,8.67,None,54.67,None,19.34,None,55.36,None,8.67,None,0.00,None,43.66,None,54.99,None,13.00,None,9.00
1772550362.9277592,None,13.00,None,7.66,None,8.67,None,54.67,None,19.34,None,55.36,None,8.67,None,0.00,None,43.66,None,54.99,None,13.00,None,9.00
1772550362.9301126,None,13.00,None,7.66,None,8.67,None,54.67,None,19.34,None,55.36,None,8.67,None,0.00,None,43.66,None,54.99,None,13.00,None,9.00
1772550363.107848,None,13.00,None,7.66,None,8.67,None,54.67,None,19.34,None,55.36,None,8.67,None,0.00,None,43.66,None,54.99,None,13.00,None,9.00
1772550363.1100554,None,13.00,None,7.66,None,8.67,None,54.67,None,19.34,None,55.36,None,8.67,None,0.00,None,43.66,None,54.99,None,13.00,None,9.00
1772550363.1568153,None,13.00,None,7.66,None,8.67,None,54.67,None,19.34,None,55.36,None,8.67,None,0.00,None,43.66,None,54.99,None,13.00,None,9.00
1772550363.1589973,None,13.00,None,7.66,None,8.67,None,54.67,None,19.34,None,55.36,None,8.67,None,0.00,None,43.66,None,54.99,None,13.00,None,9.00
1772550363.2088742,None,13.00,None,7.66,None,8.67,None,54.67,None,19.34,None,55.36,None,8.67,None,0.00,None,43.66,None,54.99,None,13.00,None,9.00
1772550363.2110467,None,13.00,None,7.66,None,8.67,None,54.67,None,19.34,None,55.36,None,8.67,None,0.00,None,43.66,None,54.99,None,13.00,None,9.00
1772550363.260908,None,13.00,None,7.66,None,8.67,None,54.67,None,19.34,None,55.36,None,8.67,None,0.00,None,43.66,None,54.99,None,13.00,None,9.00
1772550363.2630942,None,13.00,None,7.66,None,8.67,None,54.67,None,19.34,None,55.36,None,8.67,None,0.00,None,43.66,None,54.99,None,13.00,None,9.00
1772550366.2023814,None,4.33,None,3.33,None,8.67,None,54.67,None,19.34,None,55.36,None,8.67,None,0.00,None,52.66,None,54.99,None,13.00,None,9.00
1772550366.2045228,None,4.33,None,3.33,None,8.67,None,54.67,None,19.34,None,55.36,None,8.67,None,0.00,None,52.66,None,54.99,None,13.00,None,9.00
1772550366.2449205,None,4.33,None,3.33,None,8.67,None,54.67,None,28.01,None,55.36,None,8.67,None,4.33,None,52.66,None,54.99,None,13.00,None,9.00
1772550366.2471027,None,4.33,None,3.33,None,8.67,None,54.67,None,28.01,None,55.36,None,8.67,None,4.33,None,52.66,None,54.99,None,13.00,None,9.00
1772550371.2071736,None,0.00,None,3.33,None,0.00,None,50.34,None,28.01,None,55.36,None,8.67,None,4.33,None,52.66,None,33.32,None,4.33,None,9.00
1772550371.2093222,None,0.00,None,3.33,None,0.00,None,50.34,None,28.01,None,55.36,None,8.67,None,4.33,None,52.66,None,33.32,None,4.33,None,9.00
1772550371.2489786,None,0.00,None,3.33,None,0.00,None,50.34,None,28.01,None,55.36,None,8.67,None,4.33,None,52.66,None,41.99,None,4.33,None,9.00
1772550371.251075,None,0.00,None,3.33,None,0.00,None,50.34,None,28.01,None,55.36,None,8.67,None,4.33,None,52.66,None,41.99,None,4.33,None,9.00
1772550371.2913983,None,0.00,None,3.33,None,0.00,None,50.34,None,28.01,None,55.36,None,8.67,None,4.33,None,52.66,None,50.66,None,4.33,None,9.00
1772550371.29366,None,0.00,None,3.33,None,0.00,None,50.34,None,28.01,None,55.36,None,8.67,None,4.33,None,52.66,None,50.66,None,4.33,None,9.00
1772550376.2061725,None,0.00,None,3.33,None,0.00,None,50.34,None,28.01,None,53.69,None,8.67,None,4.33,None,52.66,None,50.66,None,13.00,None,9.00
1772550376.207528,None,0.00,None,3.33,None,0.00,None,50.34,None,28.01,None,53.69,None,8.67,None,4.33,None,52.66,None,50.66,None,13.00,None,9.00
1772550376.3686135,None,0.00,None,3.33,None,8.67,None,50.34,None,28.01,None,55.36,None,8.67,None,4.33,None,52.66,None,50.66,None,13.00,None,9.00
1772550376.3700752,None,0.00,None,3.33,None,8.67,None,50.34,None,28.01,None,55.36,None,8.67,None,4.33,None,52.66,None,50.66,None,13.00,None,9.00
1772550384.9018233,None,0.00,None,3.33,None,8.67,None,50.34,None,29.68,None,55.36,None,13.00,None,4.33,None,52.66,None,50.66,None,13.00,None,9.00
1772550384.9040813,None,0.00,None,3.33,None,8.67,None,50.34,None,29.68,None,55.36,None,13.00,None,4.33,None,52.66,None,50.66,None,13.00,None,9.00
1772550384.9519231,None,4.33,None,3.33,None,8.67,None,50.34,None,29.68,None,55.36,None,13.00,None,4.33,None,52.66,None,50.66,None,13.00,None,9.00
1772550384.9546685,None,4.33,None,3.33,None,8.67,None,50.34,None,29.68,None,55.36,None,13.00,None,4.33,None,52.66,None,50.66,None,13.00,None,9.00
1772550385.004943,None,13.00,None,3.33,None,8.67,None,50.34,None,29.68,None,55.36,None,13.00,None,8.66,None,52.66,None,50.66,None,13.00,None,9.00
1772550385.007643,None,13.00,None,3.33,None,8.67,None,50.34,None,29.68,None,55.36,None,13.00,None,8.66,None,52.66,None,50.66,None,13.00,None,9.00
1772550385.0576155,None,13.00,None,3.33,None,8.67,None,50.34,None,29.68,None,55.36,None,13.00,None,8.66,None,52.66,None,50.66,None,13.00,None,9.00
1772550385.0598018,None,13.00,None,3.33,None,8.67,None,50.34,None,29.68,None,55.36,None,13.00,None,8.66,None,52.66,None,50.66,None,13.00,None,9.00
1772550385.1092288,None,13.00,None,3.33,None,8.67,None,50.34,None,29.68,None,55.36,None,13.00,None,8.66,None,52.66,None,50.66,None,13.00,None,9.00
1772550385.111635,None,13.00,None,3.33,None,8.67,None,50.34,None,29.68,None,55.36,None,13.00,None,8.66,None,52.66,None,50.66,None,13.00,None,9.00
1772550385.1594276,None,13.00,None,3.33,None,8.67,None,50.34,None,29.68,None,55.36,None,13.00,None,8.66,None,52.66,None,50.66,None,13.00,None,9.00
1772550385.16186,None,13.00,None,3.33,None,8.67,None,50.34,None,29.68,None,55.36,None,13.00,None,8.66,None,52.66,None,50.66,None,13.00,None,9.00
1772550386.216004,None,13.00,None,3.33,None,8.67,None,50.34,None,29.35,None,55.36,None,8.66,None,8.66,None,52.66,None,46.33,None,13.00,None,9.00
1772550386.2181718,None,13.00,None,3.33,None,8.67,None,50.34,None,29.35,None,55.36,None,8.66,None,8.66,None,52.66,None,46.33,None,13.00,None,9.00
1772550406.226484,None,13.00,None,3.33,None,8.67,None,41.34,None,29.35,None,49.36,None,8.66,None,8.66,None,52.66,None,12.66,None,13.00,None,9.00
1772550406.2288756,None,13.00,None,3.33,None,8.67,None,41.34,None,29.35,None,49.36,None,8.66,None,8.66,None,52.66,None,12.66,None,13.00,None,9.00
1772550416.319672,None,13.00,None,12.33,None,8.67,None,41.34,None,27.68,None,49.36,None,8.66,None,17.33,None,52.66,None,12.66,None,13.00,None,9.00
1772550416.321524,None,13.00,None,12.33,None,8.67,None,41.34,None,27.68,None,49.36,None,8.66,None,17.33,None,52.66,None,12.66,None,13.00,None,9.00
1772550419.0363557,None,22.00,None,21.00,None,8.67,None,41.34,None,27.68,None,49.36,None,8.66,None,21.66,None,52.66,None,12.66,None,13.00,None,9.00
1772550419.0384595,None,22.00,None,21.00,None,8.67,None,41.34,None,27.68,None,49.36,None,8.66,None,21.66,None,52.66,None,12.66,None,13.00,None,9.00
1772550419.08832,None,22.00,None,29.67,None,8.67,None,41.34,None,27.68,None,49.36,None,8.66,None,21.66,None,52.66,None,12.66,None,13.00,None,9.00
1772550419.0907052,None,22.00,None,29.67,None,8.67,None,41.34,None,27.68,None,49.36,None,8.66,None,21.66,None,52.66,None,12.66,None,13.00,None,9.00
1772550419.1361027,None,22.00,None,29.67,None,8.67,None,41.34,None,27.68,None,49.36,None,8.66,None,21.66,None,52.66,None,16.99,None,13.00,None,9.00
1772550419.138299,None,22.00,None,29.67,None,8.67,None,41.34,None,27.68,None,49.36,None,8.66,None,21.66,None,52.66,None,16.99,None,13.00,None,9.00
1772550419.182155,None,22.00,None,29.67,None,8.67,None,41.34,None,27.68,None,49.36,None,8.66,None,21.66,None,52.66,None,16.99,None,13.00,None,9.00
1772550419.1845727,None,22.00,None,29.67,None,8.67,None,41.34,None,27.68,None,49.36,None,8.66,None,21.66,None,52.66,None,16.99,None,13.00,None,9.00
1772550419.2285662,None,22.00,None,29.67,None,8.67,None,41.34,None,27.68,None,49.36,None,8.66,None,21.66,None,52.66,None,16.99,None,13.00,None,9.00
1772550419.2305856,None,22.00,None,29.67,None,8.67,None,41.34,None,27.68,None,49.36,None,8.66,None,21.66,None,52.66,None,16.99,None,13.00,None,9.00
1772550419.2762997,None,22.00,None,29.67,None,8.67,None,41.34,None,27.68,None,49.36,None,8.66,None,21.66,None,52.66,None,16.99,None,13.00,None,9.00
1772550419.2787704,None,22.00,None,29.67,None,8.67,None,41.34,None,27.68,None,49.36,None,8.66,None,21.66,None,52.66,None,16.99,None,13.00,None,9.00
1772550421.2360396,None,22.00,None,29.67,None,8.67,None,37.34,None,19.01,None,52.36,None,8.66,None,17.33,None,12.66,None,25.66,None,0.00,None,9.00
1772550421.2379582,None,22.00,None,29.67,None,8.67,None,37.34,None,19.01,None,52.36,None,8.66,None,17.33,None,12.66,None,25.66,None,0.00,None,9.00
1772550421.2801514,None,22.00,None,29.67,None,8.67,None,41.34,None,19.01,None,52.36,None,8.66,None,17.33,None,12.66,None,25.66,None,8.67,None,9.00
1772550421.2821105,None,22.00,None,29.67,None,8.67,None,41.34,None,19.01,None,52.36,None,8.66,None,17.33,None,12.66,None,25.66,None,8.67,None,9.00
1772550436.2460628,None,17.67,None,26.34,None,0.00,None,32.34,None,17.67,None,40.35,None,13.00,None,17.33,None,8.66,None,25.66,None,8.67,None,9.00
1772550436.2478287,None,17.67,None,26.34,None,0.00,None,32.34,None,17.67,None,40.35,None,13.00,None,17.33,None,8.66,None,25.66,None,8.67,None,9.00
1772550436.2898438,None,17.67,None,26.34,None,8.67,None,36.67,None,17.67,None,40.35,None,13.00,None,17.33,None,8.66,None,25.66,None,8.67,None,9.00
1772550436.2915573,None,17.67,None,26.34,None,8.67,None,36.67,None,17.67,None,40.35,None,13.00,None,17.33,None,8.66,None,25.66,None,8.67,None,9.00
1772550443.913468,None,17.67,None,26.34,None,12.00,None,36.67,None,17.67,None,40.35,None,13.00,None,17.33,None,8.66,None,25.66,None,13.00,None,9.00
1772550443.9152,None,17.67,None,26.34,None,12.00,None,36.67,None,17.67,None,40.35,None,13.00,None,17.33,None,8.66,None,25.66,None,13.00,None,9.00
1772550443.963738,None,17.67,None,26.34,None,12.00,None,36.67,None,26.34,None,44.68,None,13.00,None,17.33,None,8.66,None,25.66,None,13.00,None,9.00
1772550443.9656048,None,17.67,None,26.34,None,12.00,None,36.67,None,26.34,None,44.68,None,13.00,None,17.33,None,8.66,None,25.66,None,13.00,None,9.00
1772550444.1300824,None,17.67,None,26.34,None,12.00,None,36.67,None,26.34,None,44.68,None,13.00,None,17.33,None,8.66,None,25.66,None,13.00,None,9.00
1772550444.1321175,None,17.67,None,26.34,None,12.00,None,36.67,None,26.34,None,44.68,None,13.00,None,17.33,None,8.66,None,25.66,None,13.00,None,9.00
1772550444.179581,None,17.67,None,26.34,None,12.00,None,36.67,None,26.34,None,44.68,None,13.00,None,17.33,None,8.66,None,25.66,None,13.00,None,9.00
1772550444.1816747,None,17.67,None,26.34,None,12.00,None,36.67,None,26.34,None,44.68,None,13.00,None,17.33,None,8.66,None,25.66,None,13.00,None,9.00
1772550444.225295,None,17.67,None,26.34,None,13.67,None,45.67,None,26.34,None,53.35,None,13.00,None,17.33,None,8.66,None,25.66,None,13.00,None,9.00
1772550444.2274458,None,17.67,None,26.34,None,13.67,None,45.67,None,26.34,None,53.35,None,13.00,None,17.33,None,8.66,None,25.66,None,13.00,None,9.00
1772550444.2681313,None,17.67,None,26.34,None,13.67,None,53.33,None,26.34,None,53.35,None,13.00,None,17.33,None,8.66,None,25.66,None,13.00,None,9.00
1772550444.2702627,None,17.67,None,26.34,None,13.67,None,53.33,None,26.34,None,53.35,None,13.00,None,17.33,None,8.66,None,25.66,None,13.00,None,9.00
1772550446.2491944,None,17.67,None,26.34,None,13.67,None,53.33,None,26.34,None,48.35,None,13.00,None,17.33,None,8.66,None,29.99,None,13.00,None,9.00
1772550446.25136,None,17.67,None,26.34,None,13.67,None,53.33,None,26.34,None,48.35,None,13.00,None,17.33,None,8.66,None,29.99,None,13.00,None,9.00
1772550446.2895582,None,22.00,None,26.34,None,13.67,None,53.33,None,26.34,None,48.35,None,13.00,None,17.33,None,8.66,None,29.99,None,13.00,None,9.00
1772550446.2916555,None,22.00,None,26.34,None,13.67,None,53.33,None,26.34,None,48.35,None,13.00,None,17.33,None,8.66,None,29.99,None,13.00,None,9.00
1772550451.2845445,None,22.00,None,26.34,None,13.67,None,38.99,None,26.01,None,48.35,None,8.66,None,17.33,None,4.33,None,25.99,None,4.33,None,9.00
1772550451.2867177,None,22.00,None,26.34,None,13.67,None,38.99,None,26.01,None,48.35,None,8.66,None,17.33,None,4.33,None,25.99,None,4.33,None,9.00
1772550456.2599792,None,22.00,None,26.34,None,13.67,None,38.99,None,26.01,None,48.35,None,8.66,None,17.33,None,4.33,None,25.99,None,4.33,None,9.00
1772550456.2618263,None,22.00,None,26.34,None,13.67,None,38.99,None,26.01,None,48.35,None,8.66,None,17.33,None,4.33,None,25.99,None,4.33,None,9.00
1772550466.2661626,None,22.00,None,26.34,None,13.67,None,42.99,None,17.34,None,52.68,None,8.66,None,17.33,None,0.00,None,25.99,None,13.00,None,9.00
1772550466.2682135,None,22.00,None,26.34,None,13.67,None,42.99,None,17.34,None,52.68,None,8.66,None,17.33,None,0.00,None,25.99,None,13.00,None,9.00
1772550469.9400415,None,22.00,None,26.34,None,13.67,None,47.32,None,17.34,None,52.68,None,8.66,None,17.33,None,0.00,None,25.99,None,13.00,None,9.00
1772550469.9417055,None,22.00,None,26.34,None,13.67,None,47.32,None,17.34,None,52.68,None,8.66,None,17.33,None,0.00,None,25.99,None,13.00,None,9.00
1772550469.9927924,None,22.00,None,26.34,None,13.67,None,47.32,None,26.01,None,52.68,None,8.66,None,17.33,None,0.00,None,29.99,None,13.00,None,9.00
1772550469.9947047,None,22.00,None,26.34,None,13.67,None,47.32,None,26.01,None,52.68,None,8.66,None,17.33,None,0.00,None,29.99,None,13.00,None,9.00
1772550470.1231532,None,22.00,None,26.34,None,13.67,None,50.65,None,26.01,None,52.68,None,8.66,None,17.33,None,0.00,None,29.99,None,13.00,None,9.00
1772550470.1248486,None,22.00,None,26.34,None,13.67,None,50.65,None,26.01,None,52.68,None,8.66,None,17.33,None,0.00,None,29.99,None,13.00,None,9.00
1772550470.1750102,None,22.00,None,26.34,None,13.67,None,53.98,None,26.01,None,52.68,None,8.66,None,17.33,None,0.00,None,29.99,None,13.00,None,9.00
1772550470.176787,None,22.00,None,26.34,None,13.67,None,53.98,None,26.01,None,52.68,None,8.66,None,17.33,None,0.00,None,29.99,None,13.00,None,9.00
1772550470.2210975,None,22.00,None,26.34,None,13.67,None,53.98,None,26.01,None,52.68,None,8.66,None,17.33,None,0.00,None,38.66,None,13.00,None,9.00
1772550470.2229388,None,22.00,None,26.34,None,13.67,None,53.98,None,26.01,None,52.68,None,8.66,None,17.33,None,0.00,None,38.66,None,13.00,None,9.00
1772550470.2772453,None,22.00,None,26.34,None,13.67,None,53.98,None,26.01,None,52.68,None,8.66,None,17.33,None,0.00,None,47.33,None,13.00,None,9.00
1772550470.2793853,None,22.00,None,26.34,None,13.67,None,53.98,None,26.01,None,52.68,None,8.66,None,17.33,None,0.00,None,47.33,None,13.00,None,9.00
1772550476.278466,None,26.34,None,21.67,None,5.00,None,31.65,None,26.01,None,17.33,None,13.33,None,8.66,None,0.00,None,25.67,None,13.00,None,9.00
1772550476.2803605,None,26.34,None,21.67,None,5.00,None,31.65,None,26.01,None,17.33,None,13.33,None,8.66,None,0.00,None,25.67,None,13.00,None,9.00
1772550490.9472969,None,28.01,None,21.67,None,5.00,None,31.65,None,26.01,None,17.33,None,13.33,None,8.66,None,0.00,None,25.67,None,13.00,None,9.00
1772550490.9515712,None,28.01,None,21.67,None,5.00,None,31.65,None,26.01,None,17.33,None,13.33,None,8.66,None,0.00,None,25.67,None,13.00,None,9.00
1772550490.996226,None,29.68,None,25.00,None,5.00,None,31.65,None,26.01,None,17.33,None,13.33,None,8.66,None,0.00,None,25.67,None,13.00,None,9.00
1772550490.9983652,None,29.68,None,25.00,None,5.00,None,31.65,None,26.01,None,17.33,None,13.33,None,8.66,None,0.00,None,25.67,None,13.00,None,9.00
1772550491.036194,None,29.68,None,25.00,None,5.00,None,31.65,None,26.01,None,17.33,None,13.33,None,21.66,None,0.00,None,25.67,None,13.00,None,9.00
1772550491.0375242,None,29.68,None,25.00,None,5.00,None,31.65,None,26.01,None,17.33,None,13.33,None,21.66,None,0.00,None,25.67,None,13.00,None,9.00
1772550491.069929,None,29.68,None,28.33,None,5.00,None,31.65,None,26.01,None,17.33,None,13.33,None,21.66,None,0.00,None,25.67,None,13.00,None,9.00
1772550491.071213,None,29.68,None,28.33,None,5.00,None,31.65,None,26.01,None,17.33,None,13.33,None,21.66,None,0.00,None,25.67,None,13.00,None,9.00
1772550491.101932,None,29.68,None,28.33,None,5.00,None,31.65,None,26.01,None,17.33,None,13.33,None,24.99,None,0.00,None,25.67,None,13.00,None,9.00
1772550491.1030953,None,29.68,None,28.33,None,5.00,None,31.65,None,26.01,None,17.33,None,13.33,None,24.99,None,0.00,None,25.67,None,13.00,None,9.00
1772550491.2170098,None,29.68,None,28.33,None,5.00,None,31.65,None,26.01,None,26.33,None,13.33,None,24.99,None,0.00,None,34.34,None,13.00,None,9.00
1772550491.2189374,None,29.68,None,28.33,None,5.00,None,31.65,None,26.01,None,26.33,None,13.33,None,24.99,None,0.00,None,34.34,None,13.00,None,9.00
1772550491.2642777,None,29.68,None,19.66,None,5.00,None,31.65,None,26.01,None,26.33,None,13.33,None,22.33,None,0.00,None,34.34,None,13.00,None,9.00
1772550491.265696,None,29.68,None,19.66,None,5.00,None,31.65,None,26.01,None,26.33,None,13.33,None,22.33,None,0.00,None,34.34,None,13.00,None,9.00
1772550491.2955704,None,29.68,None,19.66,None,5.00,None,31.65,None,26.01,None,26.33,None,13.33,None,22.33,None,0.00,None,34.34,None,13.00,None,9.00
1772550491.2968957,None,29.68,None,19.66,None,5.00,None,31.65,None,26.01,None,26.33,None,13.33,None,22.33,None,0.00,None,34.34,None,13.00,None,9.00
1772550491.3266783,None,29.68,None,28.66,None,5.00,None,31.65,None,26.01,None,26.33,None,13.33,None,29.99,None,4.00,None,34.34,None,13.00,None,9.00
1772550491.3282635,None,29.68,None,28.66,None,5.00,None,31.65,None,26.01,None,26.33,None,13.33,None,29.99,None,4.00,None,34.34,None,13.00,None,9.00
1772550491.3575926,None,29.68,None,28.66,None,5.00,None,31.65,None,26.01,None,39.33,None,13.33,None,29.99,None,4.00,None,47.34,None,13.00,None,9.00
1772550491.3590314,None,29.68,None,28.66,None,5.00,None,31.65,None,26.01,None,39.33,None,13.33,None,29.99,None,4.00,None,47.34,None,13.00,None,9.00
1772550496.3051536,None,29.68,None,28.66,None,9.33,None,31.65,None,26.01,None,39.33,None,13.33,None,25.66,None,4.00,None,43.01,None,13.00,None,9.00
1772550496.3085103,None,29.68,None,28.66,None,9.33,None,31.65,None,26.01,None,39.33,None,13.33,None,25.66,None,4.00,None,43.01,None,13.00,None,9.00
1772550496.3647738,None,29.68,None,28.66,None,9.33,None,31.65,None,26.01,None,39.33,None,13.33,None,25.66,None,4.00,None,43.01,None,13.00,None,9.00
1772550496.3661451,None,29.68,None,28.66,None,9.33,None,31.65,None,26.01,None,39.33,None,13.33,None,25.66,None,4.00,None,43.01,None,13.00,None,9.00
1772550496.398947,None,29.68,None,28.66,None,9.33,None,44.98,None,26.01,None,48.00,None,13.33,None,25.66,None,4.00,None,43.01,None,13.00,None,9.00
1772550496.400675,None,29.68,None,28.66,None,9.33,None,44.98,None,26.01,None,48.00,None,13.33,None,25.66,None,4.00,None,43.01,None,13.00,None,9.00
1772550506.3002834,None,21.01,None,24.33,None,7.66,None,22.65,None,8.67,None,30.66,None,0.00,None,25.66,None,4.00,None,43.01,None,13.00,None,9.00
1772550506.3021235,None,21.01,None,24.33,None,7.66,None,22.65,None,8.67,None,30.66,None,0.00,None,25.66,None,4.00,None,43.01,None,13.00,None,9.00
1772550506.4501455,None,21.01,None,24.33,None,7.66,None,35.98,None,8.67,None,39.33,None,0.00,None,25.66,None,4.00,None,43.01,None,13.00,None,9.00
1772550506.4513383,None,21.01,None,24.33,None,7.66,None,35.98,None,8.67,None,39.33,None,0.00,None,25.66,None,4.00,None,43.01,None,13.00,None,9.00
1772550506.5174856,None,21.01,None,24.33,None,7.66,None,44.98,None,8.67,None,49.67,None,0.00,None,25.66,None,4.00,None,47.34,None,13.00,None,9.00
1772550506.5205317,None,21.01,None,24.33,None,7.66,None,44.98,None,8.67,None,49.67,None,0.00,None,25.66,None,4.00,None,47.34,None,13.00,None,9.00
1772550507.9405794,None,21.01,None,24.33,None,7.66,None,53.65,None,8.67,None,51.34,None,0.00,None,25.66,None,4.00,None,51.67,None,13.00,None,9.00
1772550507.942469,None,21.01,None,24.33,None,7.66,None,53.65,None,8.67,None,51.34,None,0.00,None,25.66,None,4.00,None,51.67,None,13.00,None,9.00
1772550507.986653,None,21.01,None,24.33,None,7.66,None,53.65,None,8.67,None,53.01,None,0.00,None,25.66,None,4.00,None,51.67,None,13.00,None,9.00
1772550507.9887218,None,21.01,None,24.33,None,7.66,None,53.65,None,8.67,None,53.01,None,0.00,None,25.66,None,4.00,None,51.67,None,13.00,None,9.00
1772550508.037196,None,21.01,None,24.33,None,7.66,None,53.65,None,8.67,None,54.68,None,0.00,None,25.66,None,4.00,None,51.67,None,13.00,None,9.00
1772550508.0392454,None,21.01,None,24.33,None,7.66,None,53.65,None,8.67,None,54.68,None,0.00,None,25.66,None,4.00,None,51.67,None,13.00,None,9.00
1772550508.088208,None,21.01,None,24.33,None,7.66,None,53.65,None,8.67,None,54.68,None,0.00,None,25.66,None,4.00,None,51.67,None,13.00,None,9.00
1772550508.0906057,None,21.01,None,24.33,None,7.66,None,53.65,None,8.67,None,54.68,None,0.00,None,25.66,None,4.00,None,51.67,None,13.00,None,9.00
1772550508.1509712,None,21.01,None,24.33,None,7.66,None,53.65,None,8.67,None,54.68,None,0.00,None,25.66,None,4.00,None,51.67,None,13.00,None,9.00
1772550508.1531165,None,21.01,None,24.33,None,7.66,None,53.65,None,8.67,None,54.68,None,0.00,None,25.66,None,4.00,None,51.67,None,13.00,None,9.00
1772550508.208198,None,21.01,None,24.33,None,7.66,None,53.65,None,8.67,None,54.68,None,0.00,None,25.66,None,4.00,None,51.67,None,13.00,None,9.00
1772550508.2106488,None,21.01,None,24.33,None,7.66,None,53.65,None,8.67,None,54.68,None,0.00,None,25.66,None,4.00,None,51.67,None,13.00,None,9.00
1772550511.2928257,None,12.01,None,15.66,None,7.66,None,53.65,None,8.67,None,54.68,None,0.00,None,23.99,None,4.00,None,55.00,None,13.00,None,9.00
1772550511.2951126,None,12.01,None,15.66,None,7.66,None,53.65,None,8.67,None,54.68,None,0.00,None,23.99,None,4.00,None,55.00,None,13.00,None,9.00
1772550516.4178684,None,12.01,None,15.66,None,7.66,None,50.32,None,8.67,None,54.68,None,0.00,None,23.99,None,4.00,None,55.00,None,13.00,None,9.00
1772550516.4201305,None,12.01,None,15.66,None,7.66,None,50.32,None,8.67,None,54.68,None,0.00,None,23.99,None,4.00,None,55.00,None,13.00,None,9.00
1772550516.604567,None,12.01,None,15.66,None,7.66,None,50.32,None,8.67,None,54.68,None,0.00,None,23.99,None,8.33,None,55.00,None,13.00,None,9.00
1772550516.6082637,None,12.01,None,15.66,None,7.66,None,50.32,None,8.67,None,54.68,None,0.00,None,23.99,None,8.33,None,55.00,None,13.00,None,9.00
1772550521.3745089,None,12.01,None,15.66,None,13.00,None,50.32,None,8.67,None,54.68,None,0.00,None,23.99,None,12.66,None,55.00,None,8.67,None,9.00
1772550521.37684,None,12.01,None,15.66,None,13.00,None,50.32,None,8.67,None,54.68,None,0.00,None,23.99,None,12.66,None,55.00,None,8.67,None,9.00
1772550529.0057688,None,12.01,None,15.66,None,13.00,None,50.32,None,8.67,None,54.68,None,0.00,None,28.32,None,21.33,None,55.00,None,8.67,None,9.00
1772550529.009432,None,12.01,None,15.66,None,13.00,None,50.32,None,8.67,None,54.68,None,0.00,None,28.32,None,21.33,None,55.00,None,8.67,None,9.00
1772550529.0635204,None,12.01,None,19.99,None,13.00,None,50.32,None,8.67,None,54.68,None,0.00,None,28.32,None,30.00,None,55.00,None,8.67,None,9.00
1772550529.0657995,None,12.01,None,19.99,None,13.00,None,50.32,None,8.67,None,54.68,None,0.00,None,28.32,None,30.00,None,55.00,None,8.67,None,9.00
1772550529.116627,None,12.01,None,19.99,None,13.00,None,50.32,None,8.67,None,54.68,None,0.00,None,28.32,None,38.67,None,55.00,None,8.67,None,9.00
1772550529.119045,None,12.01,None,19.99,None,13.00,None,50.32,None,8.67,None,54.68,None,0.00,None,28.32,None,38.67,None,55.00,None,8.67,None,9.00
1772550529.166932,None,12.01,None,19.99,None,13.00,None,50.32,None,8.67,None,54.68,None,0.00,None,28.32,None,47.34,None,55.00,None,8.67,None,9.00
1772550529.1693573,None,12.01,None,19.99,None,13.00,None,50.32,None,8.67,None,54.68,None,0.00,None,28.32,None,47.34,None,55.00,None,8.67,None,9.00
1772550529.2180138,None,12.01,None,19.99,None,13.00,None,50.32,None,8.67,None,54.68,None,0.00,None,28.32,None,47.34,None,55.00,None,8.67,None,9.00
1772550529.2206957,None,12.01,None,19.99,None,13.00,None,50.32,None,8.67,None,54.68,None,0.00,None,28.32,None,47.34,None,55.00,None,8.67,None,9.00
1772550529.2732396,None,12.01,None,19.99,None,13.00,None,50.32,None,8.67,None,54.68,None,0.00,None,28.32,None,50.67,None,55.00,None,8.67,None,9.00
1772550529.2756221,None,12.01,None,19.99,None,13.00,None,50.32,None,8.67,None,54.68,None,0.00,None,28.32,None,50.67,None,55.00,None,8.67,None,9.00
1772550531.4759703,None,12.01,None,19.99,None,13.00,None,50.32,None,8.67,None,54.68,None,0.00,None,28.32,None,50.67,None,55.00,None,8.67,None,9.00
1772550531.4778244,None,12.01,None,19.99,None,13.00,None,50.32,None,8.67,None,54.68,None,0.00,None,28.32,None,50.67,None,55.00,None,8.67,None,9.00
1772550540.8844032,None,3.34,None,10.99,None,8.67,None,50.32,None,8.67,None,50.35,None,0.00,None,20.66,None,38.01,None,51.67,None,None,None,9.00
1772550540.8864448,None,3.34,None,10.99,None,8.67,None,50.32,None,8.67,None,50.35,None,0.00,None,20.66,None,38.01,None,51.67,None,None,None,9.00
1772550540.9308753,None,3.34,None,10.99,None,13.00,None,50.32,None,17.34,None,50.35,None,0.00,None,20.66,None,38.01,None,51.67,None,None,None,9.00
1772550540.9330633,None,3.34,None,10.99,None,13.00,None,50.32,None,17.34,None,50.35,None,0.00,None,20.66,None,38.01,None,51.67,None,None,None,9.00
1772550540.9779005,None,3.34,None,10.99,None,13.00,None,50.32,None,26.01,None,50.35,None,0.00,None,20.66,None,38.01,None,51.67,None,None,None,9.00
1772550540.9801657,None,3.34,None,10.99,None,13.00,None,50.32,None,26.01,None,50.35,None,0.00,None,20.66,None,38.01,None,51.67,None,None,None,9.00
1772550541.0245945,None,3.34,None,10.99,None,13.00,None,50.32,None,26.01,None,50.35,None,0.00,None,20.66,None,38.01,None,51.67,None,None,None,9.00
1772550541.0279799,None,3.34,None,10.99,None,13.00,None,50.32,None,26.01,None,50.35,None,0.00,None,20.66,None,38.01,None,51.67,None,None,None,9.00
1772550542.9766119,None,3.34,None,15.32,None,13.00,None,50.32,None,26.01,None,50.35,None,8.67,None,20.66,None,38.01,None,51.67,None,None,None,9.00
1772550542.9789753,None,3.34,None,15.32,None,13.00,None,50.32,None,26.01,None,50.35,None,8.67,None,20.66,None,38.01,None,51.67,None,None,None,9.00
1772550543.031687,None,12.34,None,23.99,None,13.00,None,50.32,None,26.01,None,50.35,None,8.67,None,22.33,None,38.01,None,51.67,None,None,None,9.00
1772550543.034213,None,12.34,None,23.99,None,13.00,None,50.32,None,26.01,None,50.35,None,8.67,None,22.33,None,38.01,None,51.67,None,None,None,9.00
1772550543.0857806,None,21.01,None,23.99,None,13.00,None,50.32,None,26.01,None,50.35,None,8.67,None,22.33,None,42.34,None,51.67,None,None,None,9.00
1772550543.088541,None,21.01,None,23.99,None,13.00,None,50.32,None,26.01,None,50.35,None,8.67,None,22.33,None,42.34,None,51.67,None,None,None,9.00
1772550543.1416624,None,29.68,None,23.99,None,13.00,None,50.32,None,26.01,None,50.35,None,8.67,None,22.33,None,42.34,None,51.67,None,None,None,9.00
1772550543.1438746,None,29.68,None,23.99,None,13.00,None,50.32,None,26.01,None,50.35,None,8.67,None,22.33,None,42.34,None,51.67,None,None,None,9.00
1772550543.2820568,None,29.68,None,23.99,None,13.00,None,50.32,None,26.01,None,50.35,None,8.67,None,22.33,None,42.34,None,51.67,None,None,None,9.00
1772550543.2844837,None,29.68,None,23.99,None,13.00,None,50.32,None,26.01,None,50.35,None,8.67,None,22.33,None,42.34,None,51.67,None,None,None,9.00
1772550543.3344676,None,29.68,None,23.99,None,13.00,None,50.32,None,26.01,None,50.35,None,8.67,None,22.33,None,42.34,None,51.67,None,None,None,9.00
1772550543.3373883,None,29.68,None,23.99,None,13.00,None,50.32,None,26.01,None,50.35,None,8.67,None,22.33,None,42.34,None,51.67,None,None,None,9.00
1772550546.3964617,None,29.68,None,23.99,None,13.00,None,50.32,None,26.01,None,53.01,None,8.67,None,22.33,None,46.34,None,51.67,None,None,None,9.00
1772550546.4001288,None,29.68,None,23.99,None,13.00,None,50.32,None,26.01,None,53.01,None,8.67,None,22.33,None,46.34,None,51.67,None,None,None,9.00
1772550561.382942,None,29.68,None,23.99,None,0.00,None,20.33,None,8.67,None,34.00,None,8.67,None,22.33,None,46.34,None,47.34,None,8.67,None,9.00
1772550561.3846755,None,29.68,None,23.99,None,0.00,None,20.33,None,8.67,None,34.00,None,8.67,None,22.33,None,46.34,None,47.34,None,8.67,None,9.00
1772550563.0000129,None,29.68,None,23.99,None,8.67,None,20.33,None,8.67,None,38.33,None,8.67,None,22.33,None,46.34,None,47.34,None,8.67,None,9.00
1772550563.002017,None,29.68,None,23.99,None,8.67,None,20.33,None,8.67,None,38.33,None,8.67,None,22.33,None,46.34,None,47.34,None,8.67,None,9.00
1772550563.0543814,None,29.68,None,23.99,None,8.67,None,29.00,None,8.67,None,38.33,None,8.67,None,22.33,None,46.34,None,47.34,None,8.67,None,9.00
1772550563.0563505,None,29.68,None,23.99,None,8.67,None,29.00,None,8.67,None,38.33,None,8.67,None,22.33,None,46.34,None,47.34,None,8.67,None,9.00
1772550563.1054852,None,29.68,None,23.99,None,8.67,None,37.67,None,8.67,None,38.33,None,8.67,None,22.33,None,46.34,None,47.34,None,8.67,None,9.00
1772550563.107599,None,29.68,None,23.99,None,8.67,None,37.67,None,8.67,None,38.33,None,8.67,None,22.33,None,46.34,None,47.34,None,8.67,None,9.00
1772550563.1622105,None,29.68,None,23.99,None,8.67,None,46.34,None,8.67,None,38.33,None,8.67,None,22.33,None,46.34,None,47.34,None,8.67,None,9.00
1772550563.164456,None,29.68,None,23.99,None,8.67,None,46.34,None,8.67,None,38.33,None,8.67,None,22.33,None,46.34,None,47.34,None,8.67,None,9.00
1772550563.2942667,None,29.68,None,23.99,None,8.67,None,55.34,None,8.67,None,47.00,None,8.67,None,22.33,None,46.34,None,47.34,None,8.67,None,9.00
1772550563.2967055,None,29.68,None,23.99,None,8.67,None,55.34,None,8.67,None,47.00,None,8.67,None,22.33,None,46.34,None,47.34,None,8.67,None,9.00
1772550563.3541183,None,29.68,None,23.99,None,8.67,None,55.34,None,8.67,None,47.00,None,8.67,None,22.33,None,46.34,None,47.34,None,8.67,None,9.00
1772550563.3565836,None,29.68,None,23.99,None,8.67,None,55.34,None,8.67,None,47.00,None,8.67,None,22.33,None,46.34,None,47.34,None,8.67,None,9.00
1772550581.4035408,None,29.68,None,23.99,None,8.67,None,43.68,None,0.00,None,29.67,None,0.00,None,22.33,None,46.34,None,13.00,None,0.00,None,9.00
1772550581.405787,None,29.68,None,23.99,None,8.67,None,43.68,None,0.00,None,29.67,None,0.00,None,22.33,None,46.34,None,13.00,None,0.00,None,9.00
1772550586.0038486,None,29.68,None,23.99,None,8.67,None,47.68,None,0.00,None,34.00,None,0.00,None,22.33,None,46.34,None,13.00,None,9.00,None,9.00
1772550586.0059905,None,29.68,None,23.99,None,8.67,None,47.68,None,0.00,None,34.00,None,0.00,None,22.33,None,46.34,None,13.00,None,9.00,None,9.00
1772550586.0528543,None,29.68,None,23.99,None,8.67,None,51.01,None,0.00,None,34.00,None,0.00,None,22.33,None,46.34,None,13.00,None,9.00,None,9.00
1772550586.0550084,None,29.68,None,23.99,None,8.67,None,51.01,None,0.00,None,34.00,None,0.00,None,22.33,None,46.34,None,13.00,None,9.00,None,9.00
1772550586.107611,None,29.68,None,23.99,None,8.67,None,51.01,None,0.00,None,46.67,None,0.00,None,22.33,None,46.34,None,13.00,None,9.00,None,9.00
1772550586.1099808,None,29.68,None,23.99,None,8.67,None,51.01,None,0.00,None,46.67,None,0.00,None,22.33,None,46.34,None,13.00,None,9.00,None,9.00
1772550586.1574278,None,29.68,None,23.99,None,8.67,None,52.68,None,0.00,None,55.34,None,0.00,None,22.33,None,46.34,None,13.00,None,9.00,None,9.00
1772550586.159852,None,29.68,None,23.99,None,8.67,None,52.68,None,0.00,None,55.34,None,0.00,None,22.33,None,46.34,None,13.00,None,9.00,None,9.00
1772550586.2073143,None,29.68,None,23.99,None,8.67,None,54.35,None,0.00,None,55.34,None,0.00,None,22.33,None,46.34,None,21.67,None,9.00,None,9.00
1772550586.2096486,None,29.68,None,23.99,None,8.67,None,54.35,None,0.00,None,55.34,None,0.00,None,22.33,None,46.34,None,21.67,None,9.00,None,9.00
1772550586.258272,None,29.68,None,23.99,None,8.67,None,54.35,None,0.00,None,55.34,None,0.00,None,22.33,None,46.34,None,34.67,None,9.00,None,9.00
1772550586.2607644,None,29.68,None,23.99,None,8.67,None,54.35,None,0.00,None,55.34,None,0.00,None,22.33,None,46.34,None,34.67,None,9.00,None,9.00
1772550586.5496778,None,21.01,None,23.99,None,8.67,None,54.35,None,9.00,None,55.34,None,8.67,None,26.66,None,46.34,None,34.67,None,9.00,None,9.00
1772550586.554095,None,21.01,None,23.99,None,8.67,None,54.35,None,9.00,None,55.34,None,8.67,None,26.66,None,46.34,None,34.67,None,9.00,None,9.00
1772550596.4128115,None,21.01,None,23.99,None,8.67,None,54.35,None,9.00,None,55.34,None,8.67,None,22.33,None,42.00,None,43.34,None,9.00,None,9.00
1772550596.414973,None,21.01,None,23.99,None,8.67,None,54.35,None,9.00,None,55.34,None,8.67,None,22.33,None,42.00,None,43.34,None,9.00,None,9.00
1772550599.0188704,None,25.34,None,23.99,None,8.67,None,54.35,None,18.00,None,55.34,None,8.67,None,22.33,None,42.00,None,43.34,None,9.00,None,9.00
1772550599.021339,None,25.34,None,23.99,None,8.67,None,54.35,None,18.00,None,55.34,None,8.67,None,22.33,None,42.00,None,43.34,None,9.00,None,9.00
1772550599.07658,None,28.67,None,23.99,None,8.67,None,54.35,None,26.67,None,55.34,None,8.67,None,26.66,None,42.00,None,43.34,None,9.00,None,9.00
1772550599.079375,None,28.67,None,23.99,None,8.67,None,54.35,None,26.67,None,55.34,None,8.67,None,26.66,None,42.00,None,43.34,None,9.00,None,9.00
1772550599.1286387,None,28.67,None,28.99,None,8.67,None,54.35,None,26.67,None,55.34,None,8.67,None,26.66,None,46.33,None,43.34,None,9.00,None,9.00
1772550599.1312516,None,28.67,None,28.99,None,8.67,None,54.35,None,26.67,None,55.34,None,8.67,None,26.66,None,46.33,None,43.34,None,9.00,None,9.00
1772550599.1815076,None,28.67,None,28.99,None,8.67,None,54.35,None,26.67,None,55.34,None,12.00,None,26.66,None,46.33,None,43.34,None,9.00,None,9.00
1772550599.184508,None,28.67,None,28.99,None,8.67,None,54.35,None,26.67,None,55.34,None,12.00,None,26.66,None,46.33,None,43.34,None,9.00,None,9.00
1772550599.2331681,None,28.67,None,28.99,None,8.67,None,54.35,None,26.67,None,55.34,None,12.00,None,29.99,None,46.33,None,43.34,None,9.00,None,9.00
1772550599.2360938,None,28.67,None,28.99,None,8.67,None,54.35,None,26.67,None,55.34,None,12.00,None,29.99,None,46.33,None,43.34,None,9.00,None,9.00
1772550599.286844,None,28.67,None,28.99,None,8.67,None,54.35,None,26.67,None,55.34,None,12.00,None,29.99,None,48.00,None,47.67,None,9.00,None,9.00
1772550599.2899582,None,28.67,None,28.99,None,8.67,None,54.35,None,26.67,None,55.34,None,12.00,None,29.99,None,48.00,None,47.67,None,9.00,None,9.00
1772550601.5175343,None,28.67,None,28.99,None,8.67,None,36.68,None,26.67,None,51.00,None,12.00,None,29.99,None,36.00,None,47.67,None,9.00,None,9.00
1772550601.520064,None,28.67,None,28.99,None,8.67,None,36.68,None,26.67,None,51.00,None,12.00,None,29.99,None,36.00,None,47.67,None,9.00,None,9.00
1772550601.5674515,None,28.67,None,28.99,None,8.67,None,45.35,None,26.67,None,54.33,None,12.00,None,29.99,None,36.00,None,47.67,None,9.00,None,9.00
1772550601.5699959,None,28.67,None,28.99,None,8.67,None,45.35,None,26.67,None,54.33,None,12.00,None,29.99,None,36.00,None,47.67,None,9.00,None,9.00
1772550601.618114,None,28.67,None,28.99,None,8.67,None,49.68,None,26.67,None,54.33,None,12.00,None,29.99,None,36.00,None,51.00,None,9.00,None,9.00
1772550601.6205611,None,28.67,None,28.99,None,8.67,None,49.68,None,26.67,None,54.33,None,12.00,None,29.99,None,36.00,None,51.00,None,9.00,None,9.00
1772550601.6601985,None,28.67,None,28.99,None,8.67,None,49.68,None,26.67,None,54.33,None,12.00,None,29.99,None,44.67,None,55.33,None,9.00,None,9.00
1772550601.6628468,None,28.67,None,28.99,None,8.67,None,49.68,None,26.67,None,54.33,None,12.00,None,29.99,None,44.67,None,55.33,None,9.00,None,9.00
1772550601.7021606,None,28.67,None,28.99,None,8.67,None,49.68,None,26.67,None,54.33,None,12.00,None,29.99,None,55.01,None,55.33,None,9.00,None,9.00
1772550601.7047467,None,28.67,None,28.99,None,8.67,None,49.68,None,26.67,None,54.33,None,12.00,None,29.99,None,55.01,None,55.33,None,9.00,None,9.00
1772550606.4398806,None,28.67,None,28.99,None,8.67,None,49.68,None,26.67,None,54.33,None,12.00,None,29.99,None,55.01,None,55.33,None,9.00,None,9.00
1772550606.4424925,None,28.67,None,28.99,None,8.67,None,49.68,None,26.67,None,54.33,None,12.00,None,29.99,None,55.01,None,55.33,None,9.00,None,9.00
1772550606.501224,None,28.67,None,28.99,None,8.67,None,49.68,None,26.67,None,54.33,None,12.00,None,29.99,None,55.01,None,55.33,None,9.00,None,9.00
1772550606.5036898,None,28.67,None,28.99,None,8.67,None,49.68,None,26.67,None,54.33,None,12.00,None,29.99,None,55.01,None,55.33,None,9.00,None,9.00
1772550611.4244542,None,28.67,None,28.99,None,8.67,None,48.01,None,26.67,None,45.66,None,12.00,None,29.99,None,55.01,None,55.33,None,9.00,None,9.00
1772550611.4264617,None,28.67,None,28.99,None,8.67,None,48.01,None,26.67,None,45.66,None,12.00,None,29.99,None,55.01,None,55.33,None,9.00,None,9.00
1772550616.5840478,None,28.67,None,28.99,None,8.67,None,46.34,None,26.67,None,42.32,None,12.00,None,29.99,None,51.01,None,42.33,None,9.00,None,9.00
1772550616.5864315,None,28.67,None,28.99,None,8.67,None,46.34,None,26.67,None,42.32,None,12.00,None,29.99,None,51.01,None,42.33,None,9.00,None,9.00
1772550621.4259214,None,28.67,None,28.99,None,8.67,None,51.34,None,26.67,None,42.32,None,12.00,None,29.99,None,51.01,None,29.33,None,9.00,None,9.00
1772550621.4276977,None,28.67,None,28.99,None,8.67,None,51.34,None,26.67,None,42.32,None,12.00,None,29.99,None,51.01,None,29.33,None,9.00,None,9.00
1772550624.064683,None,28.67,None,28.99,None,8.67,None,51.34,None,26.67,None,51.32,None,12.00,None,29.99,None,55.34,None,42.00,None,9.00,None,9.00
1772550624.0662837,None,28.67,None,28.99,None,8.67,None,51.34,None,26.67,None,51.32,None,12.00,None,29.99,None,55.34,None,42.00,None,9.00,None,9.00
1772550624.1630132,None,28.67,None,28.99,None,8.67,None,51.34,None,26.67,None,51.32,None,12.00,None,29.99,None,55.34,None,50.67,None,9.00,None,9.00
1772550624.1654482,None,28.67,None,28.99,None,8.67,None,51.34,None,26.67,None,51.32,None,12.00,None,29.99,None,55.34,None,50.67,None,9.00,None,9.00
1772550624.2640588,None,28.67,None,28.99,None,8.67,None,51.34,None,26.67,None,51.32,None,12.00,None,29.99,None,55.34,None,50.67,None,9.00,None,9.00
1772550624.2666407,None,28.67,None,28.99,None,8.67,None,51.34,None,26.67,None,51.32,None,12.00,None,29.99,None,55.34,None,50.67,None,9.00,None,9.00
1772550624.3288639,None,28.67,None,28.99,None,8.67,None,51.34,None,26.67,None,51.32,None,12.00,None,29.99,None,55.34,None,50.67,None,9.00,None,9.00
1772550624.3315322,None,28.67,None,28.99,None,8.67,None,51.34,None,26.67,None,51.32,None,12.00,None,29.99,None,55.34,None,50.67,None,9.00,None,9.00
1772550624.5119429,None,28.67,None,28.99,None,8.67,None,51.34,None,26.67,None,51.32,None,12.00,None,29.99,None,55.34,None,50.67,None,9.00,None,9.00
1772550624.514675,None,28.67,None,28.99,None,8.67,None,51.34,None,26.67,None,51.32,None,12.00,None,29.99,None,55.34,None,50.67,None,9.00,None,9.00
1772550624.5740786,None,28.67,None,28.99,None,8.67,None,51.34,None,26.67,None,51.32,None,12.00,None,29.99,None,55.34,None,50.67,None,9.00,None,9.00
1772550624.5766423,None,28.67,None,28.99,None,8.67,None,51.34,None,26.67,None,51.32,None,12.00,None,29.99,None,55.34,None,50.67,None,9.00,None,9.00
1772550626.4396422,None,27.00,None,28.99,None,8.67,None,51.34,None,26.67,None,51.32,None,12.00,None,29.99,None,55.34,None,50.67,None,9.00,None,9.00
1772550626.441952,None,27.00,None,28.99,None,8.67,None,51.34,None,26.67,None,51.32,None,12.00,None,29.99,None,55.34,None,50.67,None,9.00,None,9.00
1772550626.4848533,None,27.00,None,28.99,None,8.67,None,51.34,None,28.34,None,51.32,None,12.00,None,29.99,None,55.34,None,50.67,None,9.00,None,9.00
1772550626.4871438,None,27.00,None,28.99,None,8.67,None,51.34,None,28.34,None,51.32,None,12.00,None,29.99,None,55.34,None,50.67,None,9.00,None,9.00
1772550631.4485698,None,16.66,None,22.33,None,8.67,None,51.34,None,26.67,None,42.32,None,12.00,None,13.66,None,55.34,None,42.00,None,9.00,None,9.00
1772550631.450763,None,16.66,None,22.33,None,8.67,None,51.34,None,26.67,None,42.32,None,12.00,None,13.66,None,55.34,None,42.00,None,9.00,None,9.00
1772550631.4981084,None,16.66,None,22.33,None,8.67,None,51.34,None,26.67,None,52.66,None,12.00,None,13.66,None,55.34,None,46.33,None,9.00,None,9.00
1772550631.5003672,None,16.66,None,22.33,None,8.67,None,51.34,None,26.67,None,52.66,None,12.00,None,13.66,None,55.34,None,46.33,None,9.00,None,9.00
1772550631.5460448,None,16.66,None,22.33,None,8.67,None,51.34,None,26.67,None,52.66,None,12.00,None,13.66,None,55.34,None,55.33,None,13.33,None,9.00
1772550631.548168,None,16.66,None,22.33,None,8.67,None,51.34,None,26.67,None,52.66,None,12.00,None,13.66,None,55.34,None,55.33,None,13.33,None,9.00
1772550636.5940313,None,7.66,None,13.66,None,8.67,None,51.34,None,17.67,None,52.66,None,3.33,None,7.66,None,55.34,None,55.33,None,13.33,None,9.00
1772550636.5974236,None,7.66,None,13.66,None,8.67,None,51.34,None,17.67,None,52.66,None,3.33,None,7.66,None,55.34,None,55.33,None,13.33,None,9.00
1772550636.6331532,None,7.66,None,13.66,None,8.67,None,51.34,None,17.67,None,52.66,None,3.33,None,7.66,None,55.34,None,55.33,None,13.33,None,9.00
1772550636.6347146,None,7.66,None,13.66,None,8.67,None,51.34,None,17.67,None,52.66,None,3.33,None,7.66,None,55.34,None,55.33,None,13.33,None,9.00
1772550636.6707642,None,7.66,None,13.66,None,8.67,None,51.34,None,17.67,None,52.66,None,3.33,None,7.66,None,55.34,None,55.33,None,13.33,None,9.00
1772550636.6721528,None,7.66,None,13.66,None,8.67,None,51.34,None,17.67,None,52.66,None,3.33,None,7.66,None,55.34,None,55.33,None,13.33,None,9.00
1772550636.7081413,None,16.66,None,22.33,None,8.67,None,51.34,None,17.67,None,52.66,None,3.33,None,11.99,None,55.34,None,55.33,None,13.33,None,9.00
1772550636.7097301,None,16.66,None,22.33,None,8.67,None,51.34,None,17.67,None,52.66,None,3.33,None,11.99,None,55.34,None,55.33,None,13.33,None,9.00
1772550641.4583588,None,12.33,None,22.33,None,8.67,None,42.67,None,17.34,None,48.33,None,7.66,None,11.99,None,46.67,None,55.33,None,13.33,None,9.00
1772550641.4603775,None,12.33,None,22.33,None,8.67,None,42.67,None,17.34,None,48.33,None,7.66,None,11.99,None,46.67,None,55.33,None,13.33,None,9.00
1772550641.511804,None,12.33,None,22.33,None,8.67,None,51.34,None,17.34,None,50.00,None,7.66,None,11.99,None,46.67,None,55.33,None,13.33,None,9.00
1772550641.5140247,None,12.33,None,22.33,None,8.67,None,51.34,None,17.34,None,50.00,None,7.66,None,11.99,None,46.67,None,55.33,None,13.33,None,9.00
1772550641.5636845,None,12.33,None,22.33,None,8.67,None,51.34,None,17.34,None,50.00,None,7.66,None,11.99,None,50.67,None,55.33,None,13.33,None,9.00
1772550641.5660317,None,12.33,None,22.33,None,8.67,None,51.34,None,17.34,None,50.00,None,7.66,None,11.99,None,50.67,None,55.33,None,13.33,None,9.00
1772550642.3267639,None,12.33,None,22.33,None,8.67,None,54.67,None,17.34,None,54.33,None,7.66,None,11.99,None,50.67,None,55.33,None,13.33,None,9.00
1772550642.329082,None,12.33,None,22.33,None,8.67,None,54.67,None,17.34,None,54.33,None,7.66,None,11.99,None,50.67,None,55.33,None,13.33,None,9.00
1772550642.3886008,None,12.33,None,22.33,None,8.67,None,54.67,None,17.34,None,54.33,None,7.66,None,11.99,None,50.67,None,55.33,None,13.33,None,9.00
1772550642.390949,None,12.33,None,22.33,None,8.67,None,54.67,None,17.34,None,54.33,None,7.66,None,11.99,None,50.67,None,55.33,None,13.33,None,9.00
1772550642.4537053,None,12.33,None,22.33,None,8.67,None,54.67,None,17.34,None,54.33,None,7.66,None,11.99,None,50.67,None,55.33,None,13.33,None,9.00
1772550642.455895,None,12.33,None,22.33,None,8.67,None,54.67,None,17.34,None,54.33,None,7.66,None,11.99,None,50.67,None,55.33,None,13.33,None,9.00
1772550642.5204804,None,12.33,None,22.33,None,8.67,None,54.67,None,17.34,None,54.33,None,7.66,None,11.99,None,50.67,None,55.33,None,13.33,None,9.00
1772550642.522585,None,12.33,None,22.33,None,8.67,None,54.67,None,17.34,None,54.33,None,7.66,None,11.99,None,50.67,None,55.33,None,13.33,None,9.00
1772550642.593111,None,12.33,None,22.33,None,8.67,None,54.67,None,17.34,None,54.33,None,7.66,None,11.99,None,50.67,None,55.33,None,13.33,None,9.00
1772550642.595544,None,12.33,None,22.33,None,8.67,None,54.67,None,17.34,None,54.33,None,7.66,None,11.99,None,50.67,None,55.33,None,13.33,None,9.00
1772550642.776367,None,12.33,None,22.33,None,8.67,None,54.67,None,17.34,None,54.33,None,7.66,None,11.99,None,50.67,None,55.33,None,13.33,None,9.00
1772550642.778708,None,12.33,None,22.33,None,8.67,None,54.67,None,17.34,None,54.33,None,7.66,None,11.99,None,50.67,None,55.33,None,13.33,None,9.00
1772550646.464809,None,10.67,None,18.00,None,8.67,None,46.00,None,17.34,None,43.99,None,7.66,None,7.66,None,27.33,None,42.33,None,13.33,None,9.00
1772550646.4671955,None,10.67,None,18.00,None,8.67,None,46.00,None,17.34,None,43.99,None,7.66,None,7.66,None,27.33,None,42.33,None,13.33,None,9.00
1772550646.5263164,None,10.67,None,18.00,None,8.67,None,55.00,None,17.34,None,54.33,None,7.66,None,7.66,None,27.33,None,46.66,None,13.33,None,9.00
1772550646.5284295,None,10.67,None,18.00,None,8.67,None,55.00,None,17.34,None,54.33,None,7.66,None,7.66,None,27.33,None,46.66,None,13.33,None,9.00
1772550646.5867856,None,10.67,None,18.00,None,8.67,None,55.00,None,17.34,None,54.33,None,7.66,None,7.66,None,27.33,None,46.66,None,13.33,None,9.00
1772550646.588946,None,10.67,None,18.00,None,8.67,None,55.00,None,17.34,None,54.33,None,7.66,None,7.66,None,27.33,None,46.66,None,13.33,None,9.00
1772550646.6389482,None,10.67,None,18.00,None,8.67,None,55.00,None,26.01,None,54.33,None,11.99,None,7.66,None,27.33,None,46.66,None,13.33,None,9.00
1772550646.64117,None,10.67,None,18.00,None,8.67,None,55.00,None,26.01,None,54.33,None,11.99,None,7.66,None,27.33,None,46.66,None,13.33,None,9.00
1772550646.6936443,None,10.67,None,18.00,None,8.67,None,55.00,None,26.01,None,54.33,None,11.99,None,7.66,None,27.33,None,55.33,None,13.33,None,9.00
1772550646.6956644,None,10.67,None,18.00,None,8.67,None,55.00,None,26.01,None,54.33,None,11.99,None,7.66,None,27.33,None,55.33,None,13.33,None,9.00
1772550646.7431736,None,10.67,None,18.00,None,8.67,None,55.00,None,26.01,None,54.33,None,11.99,None,7.66,None,40.66,None,55.33,None,13.33,None,9.00
1772550646.745372,None,10.67,None,18.00,None,8.67,None,55.00,None,26.01,None,54.33,None,11.99,None,7.66,None,40.66,None,55.33,None,13.33,None,9.00
1772550646.9504056,None,10.67,None,18.00,None,8.67,None,55.00,None,26.01,None,54.33,None,11.99,None,7.66,None,40.66,None,55.33,None,13.33,None,9.00
1772550646.9533608,None,10.67,None,18.00,None,8.67,None,55.00,None,26.01,None,54.33,None,11.99,None,7.66,None,40.66,None,55.33,None,13.33,None,9.00
1772550651.4694695,None,19.34,None,18.00,None,8.67,None,55.00,None,26.01,None,54.33,None,8.66,None,7.66,None,31.99,None,51.00,None,13.33,None,9.00
1772550651.4719033,None,19.34,None,18.00,None,8.67,None,55.00,None,26.01,None,54.33,None,8.66,None,7.66,None,31.99,None,51.00,None,13.33,None,9.00
1772550651.531819,None,19.34,None,18.00,None,8.67,None,55.00,None,26.01,None,54.33,None,8.66,None,7.66,None,31.99,None,51.00,None,13.33,None,9.00
1772550651.534236,None,19.34,None,18.00,None,8.67,None,55.00,None,26.01,None,54.33,None,8.66,None,7.66,None,31.99,None,51.00,None,13.33,None,9.00
1772550656.4711342,None,28.01,None,18.00,None,8.67,None,46.00,None,26.01,None,43.99,None,8.66,None,7.66,None,30.32,None,42.34,None,13.33,None,9.00
1772550656.473307,None,28.01,None,18.00,None,8.67,None,46.00,None,26.01,None,43.99,None,8.66,None,7.66,None,30.32,None,42.34,None,13.33,None,9.00
1772550656.5283422,None,28.01,None,18.00,None,8.67,None,46.00,None,26.01,None,43.99,None,8.66,None,7.66,None,30.32,None,42.34,None,13.33,None,9.00
1772550656.5305147,None,28.01,None,18.00,None,8.67,None,46.00,None,26.01,None,43.99,None,8.66,None,7.66,None,30.32,None,42.34,None,13.33,None,9.00
1772550658.228564,None,28.01,None,18.00,None,8.67,None,46.00,None,26.01,None,43.99,None,8.66,None,7.66,None,30.32,None,42.34,None,13.33,None,9.00
1772550658.2320085,None,28.01,None,18.00,None,8.67,None,46.00,None,26.01,None,43.99,None,8.66,None,7.66,None,30.32,None,42.34,None,13.33,None,9.00
1772550658.3035002,None,28.01,None,18.00,None,8.67,None,46.00,None,26.01,None,43.99,None,8.66,None,7.66,None,30.32,None,42.34,None,13.33,None,9.00
1772550658.305459,None,28.01,None,18.00,None,8.67,None,46.00,None,26.01,None,43.99,None,8.66,None,7.66,None,30.32,None,42.34,None,13.33,None,9.00
1772550658.369381,None,28.01,None,18.00,None,8.67,None,46.00,None,26.01,None,43.99,None,8.66,None,7.66,None,30.32,None,42.34,None,13.33,None,9.00
1772550658.3712337,None,28.01,None,18.00,None,8.67,None,46.00,None,26.01,None,43.99,None,8.66,None,7.66,None,30.32,None,42.34,None,13.33,None,9.00
1772550658.4352593,None,28.01,None,18.00,None,8.67,None,46.00,None,26.01,None,43.99,None,8.66,None,7.66,None,30.32,None,42.34,None,13.33,None,9.00
1772550658.4371605,None,28.01,None,18.00,None,8.67,None,46.00,None,26.01,None,43.99,None,8.66,None,7.66,None,30.32,None,42.34,None,13.33,None,9.00
1772550658.5017612,None,28.01,None,18.00,None,8.67,None,46.00,None,26.01,None,43.99,None,8.66,None,7.66,None,30.32,None,42.34,None,13.33,None,9.00
1772550658.503676,None,28.01,None,18.00,None,8.67,None,46.00,None,26.01,None,43.99,None,8.66,None,7.66,None,30.32,None,42.34,None,13.33,None,9.00
1772550658.6603248,None,28.01,None,18.00,None,8.67,None,46.00,None,26.01,None,43.99,None,8.66,None,7.66,None,30.32,None,42.34,None,13.33,None,9.00
1772550658.662439,None,28.01,None,18.00,None,8.67,None,46.00,None,26.01,None,43.99,None,8.66,None,7.66,None,30.32,None,42.34,None,13.33,None,9.00
1772550660.8903577,None,28.01,None,18.00,None,None,None,37.67,None,26.01,None,39.66,None,8.66,None,7.66,None,30.32,None,42.34,None,13.00,None,9.00
1772550660.8924782,None,28.01,None,18.00,None,None,None,37.67,None,26.01,None,39.66,None,8.66,None,7.66,None,30.32,None,42.34,None,13.00,None,9.00
1772550660.9462683,None,28.01,None,18.00,None,None,None,46.67,None,26.01,None,48.33,None,8.66,None,7.66,None,30.32,None,42.34,None,13.00,None,9.00
1772550660.9491358,None,28.01,None,18.00,None,None,None,46.67,None,26.01,None,48.33,None,8.66,None,7.66,None,30.32,None,42.34,None,13.00,None,9.00
1772550661.0004876,None,28.01,None,18.00,None,None,None,50.00,None,26.01,None,52.66,None,8.66,None,7.66,None,30.32,None,42.34,None,13.00,None,9.00
1772550661.0030375,None,28.01,None,18.00,None,None,None,50.00,None,26.01,None,52.66,None,8.66,None,7.66,None,30.32,None,42.34,None,13.00,None,9.00
1772550661.0553,None,28.01,None,18.00,None,None,None,51.67,None,26.01,None,52.66,None,8.66,None,7.66,None,30.32,None,51.34,None,13.00,None,9.00
1772550661.0575368,None,28.01,None,18.00,None,None,None,51.67,None,26.01,None,52.66,None,8.66,None,7.66,None,30.32,None,51.34,None,13.00,None,9.00
1772550671.4807549,None,28.01,None,18.00,None,None,None,48.34,None,26.01,None,48.33,None,8.66,None,7.66,None,12.99,None,42.67,None,13.00,None,9.00
1772550671.4826286,None,28.01,None,18.00,None,None,None,48.34,None,26.01,None,48.33,None,8.66,None,7.66,None,12.99,None,42.67,None,13.00,None,9.00
1772550671.5309637,None,28.01,None,18.00,None,None,None,48.34,None,26.01,None,48.33,None,8.66,None,7.66,None,12.99,None,47.00,None,13.00,None,9.00
1772550671.5336576,None,28.01,None,18.00,None,None,None,48.34,None,26.01,None,48.33,None,8.66,None,7.66,None,12.99,None,47.00,None,13.00,None,9.00
1772550674.1836,None,19.01,None,9.33,None,None,None,48.34,None,17.34,None,52.66,None,4.33,None,3.33,None,12.99,None,38.00,None,8.67,None,9.00
1772550674.18553,None,19.01,None,9.33,None,None,None,48.34,None,17.34,None,52.66,None,4.33,None,3.33,None,12.99,None,38.00,None,8.67,None,9.00
1772550674.24402,None,19.01,None,9.33,None,None,None,48.34,None,17.34,None,54.33,None,4.33,None,3.33,None,12.99,None,38.00,None,8.67,None,9.00
1772550674.245889,None,19.01,None,9.33,None,None,None,48.34,None,17.34,None,54.33,None,4.33,None,3.33,None,12.99,None,38.00,None,8.67,None,9.00
1772550674.3040006,None,19.01,None,9.33,None,None,None,52.67,None,17.34,None,54.33,None,4.33,None,3.33,None,12.99,None,47.00,None,8.67,None,9.00
1772550674.3059733,None,19.01,None,9.33,None,None,None,52.67,None,17.34,None,54.33,None,4.33,None,3.33,None,12.99,None,47.00,None,8.67,None,9.00
1772550674.3578134,None,19.01,None,9.33,None,None,None,52.67,None,17.34,None,54.33,None,4.33,None,3.33,None,12.99,None,47.00,None,8.67,None,9.00
1772550674.3598032,None,19.01,None,9.33,None,None,None,52.67,None,17.34,None,54.33,None,4.33,None,3.33,None,12.99,None,47.00,None,8.67,None,9.00
1772550674.416313,None,19.01,None,9.33,None,None,None,52.67,None,17.34,None,54.33,None,4.33,None,3.33,None,12.99,None,47.00,None,8.67,None,9.00
1772550674.4184103,None,19.01,None,9.33,None,None,None,52.67,None,17.34,None,54.33,None,4.33,None,3.33,None,12.99,None,47.00,None,8.67,None,9.00
1772550674.4780707,None,19.01,None,9.33,None,None,None,52.67,None,17.34,None,54.33,None,4.33,None,3.33,None,12.99,None,47.00,None,8.67,None,9.00
1772550674.4802861,None,19.01,None,9.33,None,None,None,52.67,None,17.34,None,54.33,None,4.33,None,3.33,None,12.99,None,47.00,None,8.67,None,9.00
1772550676.4821277,None,19.01,None,4.33,None,None,None,32.33,None,17.34,None,51.01,None,4.33,None,0.00,None,4.33,None,48.00,None,8.67,None,9.00
1772550676.4838994,None,19.01,None,4.33,None,None,None,32.33,None,17.34,None,51.01,None,4.33,None,0.00,None,4.33,None,48.00,None,8.67,None,9.00
1772550676.649569,None,19.01,None,4.33,None,None,None,32.33,None,26.34,None,51.01,None,13.00,None,0.00,None,4.33,None,48.00,None,8.67,None,9.00
1772550676.6513991,None,19.01,None,4.33,None,None,None,32.33,None,26.34,None,51.01,None,13.00,None,0.00,None,4.33,None,48.00,None,8.67,None,9.00
1772550676.7380905,None,23.34,None,4.33,None,None,None,32.33,None,26.34,None,51.01,None,13.00,None,0.00,None,4.33,None,48.00,None,8.67,None,9.00
1772550676.7397099,None,23.34,None,4.33,None,None,None,32.33,None,26.34,None,51.01,None,13.00,None,0.00,None,4.33,None,48.00,None,8.67,None,9.00
1772550686.500055,None,23.34,None,4.33,None,8.67,None,19.00,None,26.34,None,33.67,None,13.00,None,0.00,None,4.33,None,48.00,None,8.67,None,9.00
1772550686.5016406,None,23.34,None,4.33,None,8.67,None,19.00,None,26.34,None,33.67,None,13.00,None,0.00,None,4.33,None,48.00,None,8.67,None,9.00
1772550696.0799649,None,26.67,None,4.33,None,8.67,None,19.00,None,28.01,None,33.67,None,13.00,None,0.00,None,4.33,None,48.00,None,8.67,None,9.00
1772550696.0811737,None,26.67,None,4.33,None,8.67,None,19.00,None,28.01,None,33.67,None,13.00,None,0.00,None,4.33,None,48.00,None,8.67,None,9.00
1772550696.1307824,None,30.00,None,4.33,None,8.67,None,19.00,None,29.68,None,33.67,None,13.00,None,0.00,None,4.33,None,48.00,None,8.67,None,9.00
1772550696.132167,None,30.00,None,4.33,None,8.67,None,19.00,None,29.68,None,33.67,None,13.00,None,0.00,None,4.33,None,48.00,None,8.67,None,9.00
1772550696.1790075,None,30.00,None,4.33,None,8.67,None,19.00,None,29.68,None,33.67,None,13.00,None,0.00,None,4.33,None,48.00,None,8.67,None,9.00
1772550696.1804707,None,30.00,None,4.33,None,8.67,None,19.00,None,29.68,None,33.67,None,13.00,None,0.00,None,4.33,None,48.00,None,8.67,None,9.00
1772550696.2913747,None,30.00,None,4.33,None,8.67,None,19.00,None,29.68,None,33.67,None,13.00,None,0.00,None,4.33,None,48.00,None,12.00,None,9.00
1772550696.2925725,None,30.00,None,4.33,None,8.67,None,19.00,None,29.68,None,33.67,None,13.00,None,0.00,None,4.33,None,48.00,None,12.00,None,9.00
1772550696.3313286,None,30.00,None,13.33,None,8.67,None,19.00,None,29.68,None,33.67,None,13.00,None,4.33,None,4.33,None,48.00,None,12.00,None,9.00
1772550696.3325863,None,30.00,None,13.33,None,8.67,None,19.00,None,29.68,None,33.67,None,13.00,None,4.33,None,4.33,None,48.00,None,12.00,None,9.00
1772550696.3716702,None,30.00,None,22.33,None,8.67,None,19.00,None,29.68,None,33.67,None,13.00,None,4.33,None,4.33,None,48.00,None,12.00,None,9.00
1772550696.3729308,None,30.00,None,22.33,None,8.67,None,19.00,None,29.68,None,33.67,None,13.00,None,4.33,None,4.33,None,48.00,None,12.00,None,9.00
1772550696.4778986,None,30.00,None,22.33,None,8.67,None,19.00,None,29.68,None,24.67,None,13.00,None,4.33,None,0.00,None,26.66,None,12.00,None,9.00
1772550696.4792895,None,30.00,None,22.33,None,8.67,None,19.00,None,29.68,None,24.67,None,13.00,None,4.33,None,0.00,None,26.66,None,12.00,None,9.00
1772550696.515254,None,30.00,None,22.33,None,8.67,None,19.00,None,29.68,None,24.67,None,13.00,None,13.00,None,0.00,None,26.66,None,12.00,None,13.33
1772550696.516613,None,30.00,None,22.33,None,8.67,None,19.00,None,29.68,None,24.67,None,13.00,None,13.00,None,0.00,None,26.66,None,12.00,None,13.33
1772550696.5531743,None,30.00,None,22.33,None,8.67,None,28.00,None,29.68,None,37.67,None,13.00,None,13.00,None,0.00,None,26.66,None,12.00,None,13.33
1772550696.5545108,None,30.00,None,22.33,None,8.67,None,28.00,None,29.68,None,37.67,None,13.00,None,13.00,None,0.00,None,26.66,None,12.00,None,13.33
1772550701.603741,None,25.66,None,22.33,None,8.67,None,28.00,None,29.68,None,37.67,None,13.00,None,13.00,None,0.00,None,26.66,None,12.00,None,13.33
1772550701.6058204,None,25.66,None,22.33,None,8.67,None,28.00,None,29.68,None,37.67,None,13.00,None,13.00,None,0.00,None,26.66,None,12.00,None,13.33
1772550701.6729553,None,25.66,None,22.33,None,13.00,None,28.00,None,29.68,None,37.67,None,13.00,None,13.00,None,0.00,None,26.66,None,12.00,None,13.33
1772550701.6751518,None,25.66,None,22.33,None,13.00,None,28.00,None,29.68,None,37.67,None,13.00,None,13.00,None,0.00,None,26.66,None,12.00,None,13.33
1772550706.4837494,None,10.99,None,18.00,None,4.33,None,17.33,None,29.68,None,20.67,None,13.00,None,13.00,None,0.00,None,13.33,None,12.00,None,13.33
1772550706.4848437,None,10.99,None,18.00,None,4.33,None,17.33,None,29.68,None,20.67,None,13.00,None,13.00,None,0.00,None,13.33,None,12.00,None,13.33
1772550706.521856,None,10.99,None,18.00,None,4.33,None,17.33,None,29.68,None,20.67,None,13.00,None,13.00,None,0.00,None,13.33,None,12.00,None,13.33
1772550706.5229707,None,10.99,None,18.00,None,4.33,None,17.33,None,29.68,None,20.67,None,13.00,None,13.00,None,0.00,None,13.33,None,12.00,None,13.33
1772550706.5589688,None,19.66,None,18.00,None,4.33,None,17.33,None,29.68,None,20.67,None,13.00,None,13.00,None,0.00,None,13.33,None,12.00,None,13.33
1772550706.5601118,None,19.66,None,18.00,None,4.33,None,17.33,None,29.68,None,20.67,None,13.00,None,13.00,None,0.00,None,13.33,None,12.00,None,13.33
1772550719.0899603,None,19.66,None,18.00,None,4.33,None,17.33,None,29.68,None,33.67,None,13.00,None,13.00,None,0.00,None,26.33,None,12.00,None,13.33
1772550719.0919778,None,19.66,None,18.00,None,4.33,None,17.33,None,29.68,None,33.67,None,13.00,None,13.00,None,0.00,None,26.33,None,12.00,None,13.33
1772550719.1465516,None,19.66,None,18.00,None,4.33,None,17.33,None,29.68,None,42.67,None,13.00,None,13.00,None,0.00,None,35.00,None,12.00,None,13.33
1772550719.1486342,None,19.66,None,18.00,None,4.33,None,17.33,None,29.68,None,42.67,None,13.00,None,13.00,None,0.00,None,35.00,None,12.00,None,13.33
1772550719.3534613,None,19.66,None,18.00,None,4.33,None,17.33,None,29.68,None,51.67,None,13.00,None,13.00,None,0.00,None,43.67,None,12.00,None,13.33
1772550719.3565733,None,19.66,None,18.00,None,4.33,None,17.33,None,29.68,None,51.67,None,13.00,None,13.00,None,0.00,None,43.67,None,12.00,None,13.33
1772550719.4098384,None,19.66,None,18.00,None,4.33,None,26.33,None,29.68,None,51.67,None,13.00,None,13.00,None,0.00,None,52.34,None,12.00,None,13.33
1772550719.4122128,None,19.66,None,18.00,None,4.33,None,26.33,None,29.68,None,51.67,None,13.00,None,13.00,None,0.00,None,52.34,None,12.00,None,13.33
1772550719.4692912,None,19.66,None,18.00,None,13.33,None,39.33,None,29.68,None,51.67,None,13.00,None,13.00,None,0.00,None,52.34,None,12.00,None,13.33
1772550719.4714978,None,19.66,None,18.00,None,13.33,None,39.33,None,29.68,None,51.67,None,13.00,None,13.00,None,0.00,None,52.34,None,12.00,None,13.33
1772550719.5287917,None,19.66,None,18.00,None,13.33,None,48.00,None,29.68,None,51.67,None,13.00,None,13.00,None,0.00,None,52.34,None,12.00,None,13.33
1772550719.5310023,None,19.66,None,18.00,None,13.33,None,48.00,None,29.68,None,51.67,None,13.00,None,13.00,None,0.00,None,52.34,None,12.00,None,13.33
1772550721.578767,None,19.66,None,18.00,None,13.33,None,53.00,None,29.68,None,51.67,None,13.00,None,13.00,None,0.00,None,52.34,None,12.00,None,13.33
1772550721.581057,None,19.66,None,18.00,None,13.33,None,53.00,None,29.68,None,51.67,None,13.00,None,13.00,None,0.00,None,52.34,None,12.00,None,13.33
1772550731.5225642,None,19.66,None,18.00,None,13.33,None,53.00,None,29.68,None,51.67,None,13.00,None,13.00,None,8.67,None,52.34,None,12.00,None,13.33
1772550731.5265434,None,19.66,None,18.00,None,13.33,None,53.00,None,29.68,None,51.67,None,13.00,None,13.00,None,8.67,None,52.34,None,12.00,None,13.33
1772550736.6527383,None,28.66,None,17.67,None,13.33,None,53.00,None,29.68,None,51.67,None,13.00,None,17.33,None,12.67,None,52.34,None,12.00,None,13.33
1772550736.6548193,None,28.66,None,17.67,None,13.33,None,53.00,None,29.68,None,51.67,None,13.00,None,17.33,None,12.67,None,52.34,None,12.00,None,13.33
1772550739.1192923,None,28.66,None,17.67,None,13.33,None,53.00,None,29.68,None,53.34,None,13.00,None,17.33,None,12.67,None,52.34,None,12.00,None,13.33
1772550739.12162,None,28.66,None,17.67,None,13.33,None,53.00,None,29.68,None,53.34,None,13.00,None,17.33,None,12.67,None,52.34,None,12.00,None,13.33
1772550739.1813014,None,28.66,None,17.67,None,13.33,None,53.00,None,29.68,None,55.01,None,13.00,None,17.33,None,12.67,None,52.34,None,12.00,None,13.33
1772550739.1836545,None,28.66,None,17.67,None,13.33,None,53.00,None,29.68,None,55.01,None,13.00,None,17.33,None,12.67,None,52.34,None,12.00,None,13.33
1772550739.238628,None,28.66,None,17.67,None,13.33,None,53.00,None,29.68,None,55.01,None,13.00,None,17.33,None,12.67,None,52.34,None,12.00,None,13.33
1772550739.241098,None,28.66,None,17.67,None,13.33,None,53.00,None,29.68,None,55.01,None,13.00,None,17.33,None,12.67,None,52.34,None,12.00,None,13.33
1772550739.3165376,None,28.66,None,17.67,None,13.33,None,53.00,None,29.68,None,55.01,None,13.00,None,17.33,None,12.67,None,52.34,None,12.00,None,13.33
1772550739.31987,None,28.66,None,17.67,None,13.33,None,53.00,None,29.68,None,55.01,None,13.00,None,17.33,None,12.67,None,52.34,None,12.00,None,13.33
1772550739.382232,None,28.66,None,17.67,None,13.33,None,53.00,None,29.68,None,55.01,None,13.00,None,17.33,None,12.67,None,52.34,None,12.00,None,13.33
1772550739.3845181,None,28.66,None,17.67,None,13.33,None,53.00,None,29.68,None,55.01,None,13.00,None,17.33,None,12.67,None,52.34,None,12.00,None,13.33
1772550739.4382582,None,28.66,None,17.67,None,13.33,None,53.00,None,29.68,None,55.01,None,13.00,None,17.33,None,12.67,None,52.34,None,12.00,None,13.33
1772550739.4405756,None,28.66,None,17.67,None,13.33,None,53.00,None,29.68,None,55.01,None,13.00,None,17.33,None,12.67,None,52.34,None,12.00,None,13.33
1772550741.6487036,None,24.33,None,22.00,None,9.00,None,53.00,None,3.34,None,55.01,None,0.00,None,17.33,None,12.67,None,52.34,None,12.00,None,13.33
1772550741.6506884,None,24.33,None,22.00,None,9.00,None,53.00,None,3.34,None,55.01,None,0.00,None,17.33,None,12.67,None,52.34,None,12.00,None,13.33
1772550760.1049206,None,24.33,None,22.00,None,9.00,None,44.00,None,16.34,None,44.67,None,0.00,None,17.33,None,12.67,None,48.01,None,12.00,None,13.33
1772550760.1064658,None,24.33,None,22.00,None,9.00,None,44.00,None,16.34,None,44.67,None,0.00,None,17.33,None,12.67,None,48.01,None,12.00,None,13.33
1772550760.1649888,None,24.33,None,22.00,None,13.33,None,44.00,None,25.01,None,44.67,None,0.00,None,17.33,None,12.67,None,48.01,None,12.00,None,13.33
1772550760.1668673,None,24.33,None,22.00,None,13.33,None,44.00,None,25.01,None,44.67,None,0.00,None,17.33,None,12.67,None,48.01,None,12.00,None,13.33
1772550760.2357557,None,24.33,None,22.00,None,13.33,None,44.00,None,25.01,None,49.00,None,0.00,None,17.33,None,12.67,None,48.01,None,12.00,None,13.33
1772550760.2379348,None,24.33,None,22.00,None,13.33,None,44.00,None,25.01,None,49.00,None,0.00,None,17.33,None,12.67,None,48.01,None,12.00,None,13.33
1772550760.3033705,None,24.33,None,22.00,None,13.33,None,44.00,None,28.34,None,49.00,None,8.67,None,17.33,None,12.67,None,48.01,None,12.00,None,13.33
1772550760.3059306,None,24.33,None,22.00,None,13.33,None,44.00,None,28.34,None,49.00,None,8.67,None,17.33,None,12.67,None,48.01,None,12.00,None,13.33
1772550760.3692575,None,24.33,None,22.00,None,13.33,None,48.33,None,28.34,None,49.00,None,12.00,None,17.33,None,12.67,None,52.01,None,13.67,None,13.33
1772550760.3720002,None,24.33,None,22.00,None,13.33,None,48.33,None,28.34,None,49.00,None,12.00,None,17.33,None,12.67,None,52.01,None,13.67,None,13.33
1772550760.5732286,None,27.66,None,22.00,None,13.33,None,48.33,None,28.34,None,49.00,None,12.00,None,21.66,None,12.67,None,52.01,None,13.67,None,13.33
1772550760.5756903,None,27.66,None,22.00,None,13.33,None,48.33,None,28.34,None,49.00,None,12.00,None,21.66,None,12.67,None,52.01,None,13.67,None,13.33
1772550766.5522087,None,24.33,None,22.00,None,13.33,None,44.33,None,26.67,None,44.67,None,12.00,None,25.99,None,12.67,None,52.01,None,1.67,None,9.00
1772550766.5546112,None,24.33,None,22.00,None,13.33,None,44.33,None,26.67,None,44.67,None,12.00,None,25.99,None,12.67,None,52.01,None,1.67,None,9.00
1772550766.6082225,None,24.33,None,26.33,None,13.33,None,44.33,None,26.67,None,44.67,None,12.00,None,25.99,None,12.67,None,52.01,None,1.67,None,9.00
1772550766.6102107,None,24.33,None,26.33,None,13.33,None,44.33,None,26.67,None,44.67,None,12.00,None,25.99,None,12.67,None,52.01,None,1.67,None,9.00
1772550766.6881516,None,24.33,None,26.33,None,13.33,None,48.33,None,26.67,None,49.00,None,12.00,None,25.99,None,12.67,None,52.01,None,10.34,None,9.00
1772550766.6910205,None,24.33,None,26.33,None,13.33,None,48.33,None,26.67,None,49.00,None,12.00,None,25.99,None,12.67,None,52.01,None,10.34,None,9.00
1772550771.5704095,None,25.33,None,26.33,None,13.33,None,48.33,None,25.00,None,49.00,None,12.00,None,25.99,None,12.67,None,52.01,None,10.34,None,9.00
1772550771.5726733,None,25.33,None,26.33,None,13.33,None,48.33,None,25.00,None,49.00,None,12.00,None,25.99,None,12.67,None,52.01,None,10.34,None,9.00
1772550771.6465049,None,29.66,None,26.33,None,13.33,None,48.33,None,25.00,None,49.00,None,12.00,None,25.99,None,12.67,None,52.01,None,10.34,None,9.00
1772550771.6488194,None,29.66,None,26.33,None,13.33,None,48.33,None,25.00,None,49.00,None,12.00,None,25.99,None,12.67,None,52.01,None,10.34,None,9.00
1772550776.6740508,None,29.66,None,26.33,None,13.33,None,48.33,None,25.00,None,49.00,None,12.00,None,25.99,None,17.00,None,52.01,None,10.34,None,9.00
1772550776.6762266,None,29.66,None,26.33,None,13.33,None,48.33,None,25.00,None,49.00,None,12.00,None,25.99,None,17.00,None,52.01,None,10.34,None,9.00
1772550780.8943102,None,0.00,None,0.00,None,0.00,None,8.33,None,0.00,None,4.33,None,0.00,None,0.00,None,0.00,None,9.00,None,8.67,None,None
1772550780.8951933,None,0.00,None,0.00,None,0.00,None,8.33,None,0.00,None,4.33,None,0.00,None,0.00,None,0.00,None,9.00,None,8.67,None,None
1772550780.9499965,None,0.00,None,0.00,None,0.00,None,8.33,None,8.67,None,4.33,None,0.00,None,0.00,None,0.00,None,9.00,None,13.00,None,None
1772550780.950986,None,0.00,None,0.00,None,0.00,None,8.33,None,8.67,None,4.33,None,0.00,None,0.00,None,0.00,None,9.00,None,13.00,None,None
1772550781.0008621,None,0.00,None,0.00,None,8.67,None,12.66,None,8.67,None,4.33,None,0.00,None,0.00,None,0.00,None,9.00,None,13.00,None,None
1772550781.0018082,None,0.00,None,0.00,None,8.67,None,12.66,None,8.67,None,4.33,None,0.00,None,0.00,None,0.00,None,9.00,None,13.00,None,None
1772550781.0507293,None,0.00,None,0.00,None,8.67,None,12.66,None,21.67,None,4.33,None,0.00,None,0.00,None,0.00,None,9.00,None,13.00,None,None
1772550781.0516548,None,0.00,None,0.00,None,8.67,None,12.66,None,21.67,None,4.33,None,0.00,None,0.00,None,0.00,None,9.00,None,13.00,None,None
1772550781.101276,None,0.00,None,0.00,None,8.67,None,21.66,None,21.67,None,13.00,None,0.00,None,0.00,None,0.00,None,9.00,None,13.00,None,None
1772550781.102282,None,0.00,None,0.00,None,8.67,None,21.66,None,21.67,None,13.00,None,0.00,None,0.00,None,0.00,None,9.00,None,13.00,None,None
1772550781.2630715,None,0.00,None,0.00,None,8.67,None,21.66,None,21.67,None,13.00,None,13.00,None,0.00,None,0.00,None,9.00,None,13.00,None,None
1772550781.2643752,None,0.00,None,0.00,None,8.67,None,21.66,None,21.67,None,13.00,None,13.00,None,0.00,None,0.00,None,9.00,None,13.00,None,None
1772550781.3138633,None,0.00,None,0.00,None,8.67,None,30.66,None,21.67,None,21.67,None,13.00,None,0.00,None,0.00,None,9.00,None,13.00,None,None
1772550781.3151746,None,0.00,None,0.00,None,8.67,None,30.66,None,21.67,None,21.67,None,13.00,None,0.00,None,0.00,None,9.00,None,13.00,None,None
1772550781.3645985,None,0.00,None,0.00,None,8.67,None,39.66,None,21.67,None,30.34,None,13.00,None,0.00,None,0.00,None,9.00,None,13.00,None,None
1772550781.3659072,None,0.00,None,0.00,None,8.67,None,39.66,None,21.67,None,30.34,None,13.00,None,0.00,None,0.00,None,9.00,None,13.00,None,None
1772550781.4149756,None,0.00,None,0.00,None,8.67,None,48.66,None,21.67,None,39.01,None,13.00,None,0.00,None,0.00,None,9.00,None,13.00,None,None
1772550781.4164045,None,0.00,None,0.00,None,8.67,None,48.66,None,21.67,None,39.01,None,13.00,None,0.00,None,0.00,None,9.00,None,13.00,None,None
1772550781.4673755,None,0.00,None,0.00,None,8.67,None,48.66,None,21.67,None,39.01,None,13.00,None,0.00,None,0.00,None,9.00,None,13.00,None,None
1772550781.4686103,None,0.00,None,0.00,None,8.67,None,48.66,None,21.67,None,39.01,None,13.00,None,0.00,None,0.00,None,9.00,None,13.00,None,None
1772550781.517025,None,10.34,None,4.33,None,8.67,None,48.66,None,21.67,None,39.01,None,13.00,None,0.00,None,0.00,None,9.00,None,13.00,None,None
1772550781.5182738,None,10.34,None,4.33,None,8.67,None,48.66,None,21.67,None,39.01,None,13.00,None,0.00,None,0.00,None,9.00,None,13.00,None,None
1772550781.695822,None,10.34,None,4.33,None,8.67,None,48.66,None,25.00,None,39.01,None,13.00,None,0.00,None,0.00,None,9.00,None,13.00,None,None
1772550781.6971684,None,10.34,None,4.33,None,8.67,None,48.66,None,25.00,None,39.01,None,13.00,None,0.00,None,0.00,None,9.00,None,13.00,None,None
1772550781.7454154,None,10.34,None,4.33,None,8.67,None,48.66,None,25.00,None,52.01,None,13.00,None,0.00,None,0.00,None,22.00,None,13.00,None,None
1772550781.7471063,None,10.34,None,4.33,None,8.67,None,48.66,None,25.00,None,52.01,None,13.00,None,0.00,None,0.00,None,22.00,None,13.00,None,None
1772550781.7962322,None,19.34,None,13.00,None,8.67,None,48.66,None,25.00,None,52.01,None,13.00,None,1.67,None,0.00,None,22.00,None,13.00,None,None
1772550781.797628,None,19.34,None,13.00,None,8.67,None,48.66,None,25.00,None,52.01,None,13.00,None,1.67,None,0.00,None,22.00,None,13.00,None,None
1772550781.8480277,None,19.34,None,22.00,None,8.67,None,48.66,None,25.00,None,52.01,None,13.00,None,12.01,None,0.00,None,22.00,None,13.00,None,None
1772550781.8498359,None,19.34,None,22.00,None,8.67,None,48.66,None,25.00,None,52.01,None,13.00,None,12.01,None,0.00,None,22.00,None,13.00,None,None
1772550781.9014153,None,19.34,None,22.00,None,8.67,None,52.99,None,25.00,None,52.01,None,13.00,None,12.01,None,0.00,None,13.00,None,13.00,None,None
1772550781.9029076,None,19.34,None,22.00,None,8.67,None,52.99,None,25.00,None,52.01,None,13.00,None,12.01,None,0.00,None,13.00,None,13.00,None,None
1772550781.9518087,None,19.34,None,22.00,None,8.67,None,52.99,None,25.00,None,52.01,None,13.00,None,12.01,None,0.00,None,21.67,None,13.00,None,None
1772550781.9533393,None,19.34,None,22.00,None,8.67,None,52.99,None,25.00,None,52.01,None,13.00,None,12.01,None,0.00,None,21.67,None,13.00,None,None
1772550782.1765983,None,23.67,None,22.00,None,8.67,None,52.99,None,25.00,None,52.01,None,13.00,None,12.01,None,0.00,None,21.67,None,13.00,None,None
1772550782.179179,None,23.67,None,22.00,None,8.67,None,52.99,None,25.00,None,52.01,None,13.00,None,12.01,None,0.00,None,21.67,None,13.00,None,None
1772550782.2459302,None,23.67,None,22.00,None,8.67,None,52.99,None,25.00,None,52.01,None,13.00,None,12.01,None,0.00,None,25.67,None,13.00,None,None
1772550782.248566,None,23.67,None,22.00,None,8.67,None,52.99,None,25.00,None,52.01,None,13.00,None,12.01,None,0.00,None,25.67,None,13.00,None,None
1772550782.3184738,None,23.67,None,22.00,None,8.67,None,52.99,None,25.00,None,52.01,None,13.00,None,12.01,None,0.00,None,34.34,None,13.00,None,None
1772550782.3203738,None,23.67,None,22.00,None,8.67,None,52.99,None,25.00,None,52.01,None,13.00,None,12.01,None,0.00,None,34.34,None,13.00,None,None
1772550782.3700926,None,23.67,None,22.00,None,8.67,None,54.66,None,25.00,None,55.34,None,13.00,None,12.01,None,0.00,None,34.34,None,13.00,None,None
1772550782.3718114,None,23.67,None,22.00,None,8.67,None,54.66,None,25.00,None,55.34,None,13.00,None,12.01,None,0.00,None,34.34,None,13.00,None,None
1772550782.4224918,None,23.67,None,22.00,None,13.00,None,54.66,None,28.33,None,55.34,None,13.00,None,12.01,None,0.00,None,34.34,None,13.00,None,None
1772550782.4245975,None,23.67,None,22.00,None,13.00,None,54.66,None,28.33,None,55.34,None,13.00,None,12.01,None,0.00,None,34.34,None,13.00,None,None
1772550782.475698,None,23.67,None,22.00,None,13.00,None,54.66,None,28.33,None,55.34,None,13.00,None,12.01,None,4.00,None,43.01,None,13.00,None,None
1772550782.4774814,None,23.67,None,22.00,None,13.00,None,54.66,None,28.33,None,55.34,None,13.00,None,12.01,None,4.00,None,43.01,None,13.00,None,None
1772550782.6455896,None,23.67,None,22.00,None,13.00,None,54.66,None,28.33,None,55.34,None,13.00,None,12.01,None,8.33,None,43.01,None,13.00,None,None
1772550782.6495368,None,23.67,None,22.00,None,13.00,None,54.66,None,28.33,None,55.34,None,13.00,None,12.01,None,8.33,None,43.01,None,13.00,None,None
1772550782.6999645,None,23.67,None,22.00,None,13.00,None,54.66,None,28.33,None,55.34,None,13.00,None,12.01,None,8.33,None,43.01,None,13.00,None,None
1772550782.702101,None,23.67,None,22.00,None,13.00,None,54.66,None,28.33,None,55.34,None,13.00,None,12.01,None,8.33,None,43.01,None,13.00,None,None
1772550782.7528899,None,23.67,None,22.00,None,13.00,None,54.66,None,28.33,None,55.34,None,13.00,None,12.01,None,12.66,None,51.68,None,13.00,None,None
1772550782.7550778,None,23.67,None,22.00,None,13.00,None,54.66,None,28.33,None,55.34,None,13.00,None,12.01,None,12.66,None,51.68,None,13.00,None,None
1772550782.805921,None,23.67,None,22.00,None,13.00,None,54.66,None,28.33,None,55.34,None,13.00,None,12.01,None,16.99,None,51.68,None,13.00,None,None
1772550782.808113,None,23.67,None,22.00,None,13.00,None,54.66,None,28.33,None,55.34,None,13.00,None,12.01,None,16.99,None,51.68,None,13.00,None,None
1772550782.8606572,None,23.67,None,22.00,None,13.00,None,54.66,None,28.33,None,55.34,None,13.00,None,16.34,None,16.99,None,51.68,None,13.00,None,None
1772550782.8629265,None,23.67,None,22.00,None,13.00,None,54.66,None,28.33,None,55.34,None,13.00,None,16.34,None,16.99,None,51.68,None,13.00,None,None
1772550782.9154332,None,23.67,None,22.00,None,13.00,None,54.66,None,28.33,None,55.34,None,13.00,None,16.34,None,21.32,None,51.68,None,13.00,None,None
1772550782.917865,None,23.67,None,22.00,None,13.00,None,54.66,None,28.33,None,55.34,None,13.00,None,16.34,None,21.32,None,51.68,None,13.00,None,None
1772550783.0954475,None,23.67,None,22.00,None,13.00,None,54.66,None,28.33,None,55.34,None,13.00,None,16.34,None,31.66,None,51.68,None,13.00,None,None
1772550783.0978441,None,23.67,None,22.00,None,13.00,None,54.66,None,28.33,None,55.34,None,13.00,None,16.34,None,31.66,None,51.68,None,13.00,None,None
1772550783.2034612,None,23.67,None,22.00,None,13.00,None,54.66,None,28.33,None,55.34,None,13.00,None,16.34,None,31.66,None,51.68,None,13.00,None,None
1772550783.2056649,None,23.67,None,22.00,None,13.00,None,54.66,None,28.33,None,55.34,None,13.00,None,16.34,None,31.66,None,51.68,None,13.00,None,None
1772550783.2745216,None,23.67,None,22.00,None,13.00,None,54.66,None,28.33,None,55.34,None,13.00,None,16.34,None,31.66,None,51.68,None,13.00,None,None
1772550783.2773256,None,23.67,None,22.00,None,13.00,None,54.66,None,28.33,None,55.34,None,13.00,None,16.34,None,31.66,None,51.68,None,13.00,None,None
1772550783.351845,None,23.67,None,22.00,None,13.00,None,54.66,None,28.33,None,55.34,None,13.00,None,16.34,None,31.66,None,51.68,None,13.00,None,None
1772550783.3545315,None,23.67,None,22.00,None,13.00,None,54.66,None,28.33,None,55.34,None,13.00,None,16.34,None,31.66,None,51.68,None,13.00,None,None
1772550783.4376044,None,23.67,None,22.00,None,13.00,None,54.66,None,28.33,None,55.34,None,13.00,None,16.34,None,31.66,None,51.68,None,13.00,None,None
1772550783.4399374,None,23.67,None,22.00,None,13.00,None,54.66,None,28.33,None,55.34,None,13.00,None,16.34,None,31.66,None,51.68,None,13.00,None,None
1772550783.6460023,None,23.67,None,22.00,None,13.00,None,54.66,None,28.33,None,55.34,None,13.00,None,16.34,None,31.66,None,51.68,None,13.00,None,None
1772550783.6491501,None,23.67,None,22.00,None,13.00,None,54.66,None,28.33,None,55.34,None,13.00,None,16.34,None,31.66,None,51.68,None,13.00,None,None
1772550783.8009682,None,23.67,None,22.00,None,13.00,None,54.66,None,28.33,None,55.34,None,13.00,None,16.34,None,31.66,None,51.68,None,13.00,None,None
1772550783.8031957,None,23.67,None,22.00,None,13.00,None,54.66,None,28.33,None,55.34,None,13.00,None,16.34,None,31.66,None,51.68,None,13.00,None,None
1772550802.1440701,None,0.00,None,9.00,None,0.00,None,4.00,None,0.00,None,4.33,None,0.00,None,10.34,None,0.00,None,0.00,None,8.67,None,9.00
1772550802.145206,None,0.00,None,9.00,None,0.00,None,4.00,None,0.00,None,4.33,None,0.00,None,10.34,None,0.00,None,0.00,None,8.67,None,9.00
1772550802.221268,None,0.00,None,9.00,None,8.67,None,4.00,None,0.00,None,4.33,None,0.00,None,10.34,None,0.00,None,0.00,None,8.67,None,9.00
1772550802.2227101,None,0.00,None,9.00,None,8.67,None,4.00,None,0.00,None,4.33,None,0.00,None,10.34,None,0.00,None,0.00,None,8.67,None,9.00
1772550802.3019977,None,0.00,None,9.00,None,8.67,None,12.67,None,0.00,None,4.33,None,0.00,None,10.34,None,0.00,None,0.00,None,8.67,None,9.00
1772550802.3031974,None,0.00,None,9.00,None,8.67,None,12.67,None,0.00,None,4.33,None,0.00,None,10.34,None,0.00,None,0.00,None,8.67,None,9.00
1772550802.5010452,None,0.00,None,9.00,None,8.67,None,21.34,None,0.00,None,4.33,None,0.00,None,10.34,None,0.00,None,0.00,None,8.67,None,9.00
1772550802.502303,None,0.00,None,9.00,None,8.67,None,21.34,None,0.00,None,4.33,None,0.00,None,10.34,None,0.00,None,0.00,None,8.67,None,9.00
1772550802.5669286,None,0.00,None,9.00,None,8.67,None,30.01,None,0.00,None,4.33,None,0.00,None,10.34,None,0.00,None,0.00,None,8.67,None,9.00
1772550802.5682535,None,0.00,None,9.00,None,8.67,None,30.01,None,0.00,None,4.33,None,0.00,None,10.34,None,0.00,None,0.00,None,8.67,None,9.00
1772550802.629044,None,0.00,None,9.00,None,8.67,None,38.68,None,0.00,None,4.33,None,0.00,None,10.34,None,0.00,None,0.00,None,8.67,None,9.00
1772550802.6306741,None,0.00,None,9.00,None,8.67,None,38.68,None,0.00,None,4.33,None,0.00,None,10.34,None,0.00,None,0.00,None,8.67,None,9.00
1772550818.136731,None,0.00,None,0.00,None,8.67,None,38.68,None,0.00,None,17.33,None,0.00,None,0.00,None,0.00,None,13.00,None,8.67,None,9.00
1772550818.1379142,None,0.00,None,0.00,None,8.67,None,38.68,None,0.00,None,17.33,None,0.00,None,0.00,None,0.00,None,13.00,None,8.67,None,9.00
1772550818.1944559,None,0.00,None,0.00,None,8.67,None,38.68,None,0.00,None,26.33,None,0.00,None,0.00,None,0.00,None,21.67,None,8.67,None,9.00
1772550818.1956065,None,0.00,None,0.00,None,8.67,None,38.68,None,0.00,None,26.33,None,0.00,None,0.00,None,0.00,None,21.67,None,8.67,None,9.00
1772550818.257184,None,0.00,None,0.00,None,8.67,None,38.68,None,0.00,None,35.33,None,0.00,None,0.00,None,0.00,None,30.34,None,8.67,None,9.00
1772550818.2583787,None,0.00,None,0.00,None,8.67,None,38.68,None,0.00,None,35.33,None,0.00,None,0.00,None,0.00,None,30.34,None,8.67,None,9.00
1772550818.3243752,None,0.00,None,0.00,None,8.67,None,38.68,None,0.00,None,44.33,None,0.00,None,0.00,None,0.00,None,39.01,None,8.67,None,9.00
1772550818.3278298,None,0.00,None,0.00,None,8.67,None,38.68,None,0.00,None,44.33,None,0.00,None,0.00,None,0.00,None,39.01,None,8.67,None,9.00
1772550818.5483527,None,0.00,None,0.00,None,8.67,None,38.68,None,0.00,None,53.33,None,0.00,None,0.00,None,0.00,None,47.68,None,8.67,None,9.00
1772550818.549697,None,0.00,None,0.00,None,8.67,None,38.68,None,0.00,None,53.33,None,0.00,None,0.00,None,0.00,None,47.68,None,8.67,None,9.00
1772550818.6413605,None,0.00,None,0.00,None,8.67,None,47.35,None,0.00,None,53.33,None,0.00,None,0.00,None,0.00,None,47.68,None,8.67,None,9.00
1772550818.6427417,None,0.00,None,0.00,None,8.67,None,47.35,None,0.00,None,53.33,None,0.00,None,0.00,None,0.00,None,47.68,None,8.67,None,9.00
1772550822.0109377,None,0.00,None,0.00,None,8.67,None,47.35,None,0.00,None,53.33,None,0.00,None,0.00,None,0.00,None,47.68,None,8.67,None,9.00
1772550822.0139449,None,0.00,None,0.00,None,8.67,None,47.35,None,0.00,None,53.33,None,0.00,None,0.00,None,0.00,None,47.68,None,8.67,None,9.00
1772550831.9640977,None,0.00,None,0.00,None,8.67,None,49.02,None,0.00,None,53.33,None,0.00,None,0.00,None,0.00,None,47.68,None,8.67,None,9.00
1772550831.9654064,None,0.00,None,0.00,None,8.67,None,49.02,None,0.00,None,53.33,None,0.00,None,0.00,None,0.00,None,47.68,None,8.67,None,9.00
1772550833.153271,None,0.00,None,0.00,None,8.67,None,53.35,None,0.00,None,53.33,None,0.00,None,0.00,None,0.00,None,47.68,None,8.67,None,9.00
1772550833.154721,None,0.00,None,0.00,None,8.67,None,53.35,None,0.00,None,53.33,None,0.00,None,0.00,None,0.00,None,47.68,None,8.67,None,9.00
1772550833.211597,None,0.00,None,0.00,None,8.67,None,53.35,None,0.00,None,55.00,None,0.00,None,0.00,None,0.00,None,47.68,None,8.67,None,9.00
1772550833.2130814,None,0.00,None,0.00,None,8.67,None,53.35,None,0.00,None,55.00,None,0.00,None,0.00,None,0.00,None,47.68,None,8.67,None,9.00
1772550833.3856773,None,0.00,None,0.00,None,8.67,None,53.35,None,0.00,None,55.00,None,0.00,None,0.00,None,0.00,None,51.68,None,8.67,None,9.00
1772550833.387302,None,0.00,None,0.00,None,8.67,None,53.35,None,0.00,None,55.00,None,0.00,None,0.00,None,0.00,None,51.68,None,8.67,None,9.00
1772550833.4460213,None,0.00,None,0.00,None,8.67,None,53.35,None,0.00,None,55.00,None,0.00,None,0.00,None,0.00,None,51.68,None,8.67,None,9.00
1772550833.449791,None,0.00,None,0.00,None,8.67,None,53.35,None,0.00,None,55.00,None,0.00,None,0.00,None,0.00,None,51.68,None,8.67,None,9.00
1772550833.5189886,None,0.00,None,0.00,None,8.67,None,53.35,None,0.00,None,55.00,None,0.00,None,0.00,None,0.00,None,51.68,None,8.67,None,9.00
1772550833.520919,None,0.00,None,0.00,None,8.67,None,53.35,None,0.00,None,55.00,None,0.00,None,0.00,None,0.00,None,51.68,None,8.67,None,9.00
1772550833.5799685,None,0.00,None,0.00,None,8.67,None,53.35,None,0.00,None,55.00,None,0.00,None,0.00,None,0.00,None,51.68,None,8.67,None,9.00
1772550833.5819166,None,0.00,None,0.00,None,8.67,None,53.35,None,0.00,None,55.00,None,0.00,None,0.00,None,0.00,None,51.68,None,8.67,None,9.00
1772550854.1783657,None,0.00,None,0.00,None,8.67,None,53.35,None,9.00,None,55.00,None,13.00,None,0.00,None,0.00,None,51.68,None,8.67,None,9.00
1772550854.1803768,None,0.00,None,0.00,None,8.67,None,53.35,None,9.00,None,55.00,None,13.00,None,0.00,None,0.00,None,51.68,None,8.67,None,9.00
1772550854.2360766,None,0.00,None,0.00,None,8.67,None,53.35,None,22.00,None,55.00,None,13.00,None,0.00,None,0.00,None,51.68,None,8.67,None,9.00
1772550854.2380006,None,0.00,None,0.00,None,8.67,None,53.35,None,22.00,None,55.00,None,13.00,None,0.00,None,0.00,None,51.68,None,8.67,None,9.00
1772550854.4165578,None,8.67,None,0.00,None,8.67,None,53.35,None,22.00,None,55.00,None,13.00,None,0.00,None,0.00,None,51.68,None,8.67,None,9.00
1772550854.418545,None,8.67,None,0.00,None,8.67,None,53.35,None,22.00,None,55.00,None,13.00,None,0.00,None,0.00,None,51.68,None,8.67,None,9.00
1772550854.4808562,None,17.34,None,0.00,None,8.67,None,53.35,None,22.00,None,55.00,None,13.00,None,0.00,None,0.00,None,51.68,None,8.67,None,9.00
1772550854.4828935,None,17.34,None,0.00,None,8.67,None,53.35,None,22.00,None,55.00,None,13.00,None,0.00,None,0.00,None,51.68,None,8.67,None,9.00
1772550854.5442698,None,26.01,None,0.00,None,8.67,None,53.35,None,22.00,None,55.00,None,13.00,None,0.00,None,0.00,None,51.68,None,8.67,None,9.00
1772550854.546438,None,26.01,None,0.00,None,8.67,None,53.35,None,22.00,None,55.00,None,13.00,None,0.00,None,0.00,None,51.68,None,8.67,None,9.00
1772550854.605213,None,29.34,None,0.00,None,8.67,None,53.35,None,22.00,None,55.00,None,13.00,None,0.00,None,0.00,None,51.68,None,8.67,None,9.00
1772550854.60741,None,29.34,None,0.00,None,8.67,None,53.35,None,22.00,None,55.00,None,13.00,None,0.00,None,0.00,None,51.68,None,8.67,None,9.00
1772550861.9667137,None,29.34,None,0.00,None,8.67,None,55.02,None,22.00,None,55.00,None,13.00,None,0.00,None,0.00,None,51.68,None,8.67,None,9.00
1772550861.9682782,None,29.34,None,0.00,None,8.67,None,55.02,None,22.00,None,55.00,None,13.00,None,0.00,None,0.00,None,51.68,None,8.67,None,9.00
1772550877.1884604,None,29.34,None,0.00,None,8.67,None,55.02,None,26.33,None,55.00,None,13.00,None,0.00,None,0.00,None,51.68,None,8.67,None,9.00
1772550877.1903462,None,29.34,None,0.00,None,8.67,None,55.02,None,26.33,None,55.00,None,13.00,None,0.00,None,0.00,None,51.68,None,8.67,None,9.00
1772550877.3512504,None,29.34,None,0.00,None,8.67,None,55.02,None,29.66,None,55.00,None,13.00,None,0.00,None,0.00,None,51.68,None,8.67,None,9.00
1772550877.3537734,None,29.34,None,0.00,None,8.67,None,55.02,None,29.66,None,55.00,None,13.00,None,0.00,None,0.00,None,51.68,None,8.67,None,9.00
1772550877.4338245,None,29.34,None,0.00,None,8.67,None,55.02,None,29.66,None,55.00,None,13.00,None,0.00,None,0.00,None,51.68,None,13.00,None,9.00
1772550877.435718,None,29.34,None,0.00,None,8.67,None,55.02,None,29.66,None,55.00,None,13.00,None,0.00,None,0.00,None,51.68,None,13.00,None,9.00
1772550877.4957683,None,29.34,None,9.00,None,8.67,None,55.02,None,29.66,None,55.00,None,13.00,None,0.00,None,0.00,None,51.68,None,13.00,None,10.67
1772550877.497723,None,29.34,None,9.00,None,8.67,None,55.02,None,29.66,None,55.00,None,13.00,None,0.00,None,0.00,None,51.68,None,13.00,None,10.67
1772550877.5572968,None,29.34,None,18.00,None,8.67,None,55.02,None,29.66,None,55.00,None,13.00,None,0.00,None,0.00,None,51.68,None,13.00,None,12.34
1772550877.5593057,None,29.34,None,18.00,None,8.67,None,55.02,None,29.66,None,55.00,None,13.00,None,0.00,None,0.00,None,51.68,None,13.00,None,12.34
1772550877.6218002,None,29.34,None,27.00,None,13.00,None,55.02,None,29.66,None,55.00,None,13.00,None,0.00,None,0.00,None,51.68,None,13.00,None,12.34
1772550877.6238518,None,29.34,None,27.00,None,13.00,None,55.02,None,29.66,None,55.00,None,13.00,None,0.00,None,0.00,None,51.68,None,13.00,None,12.34
1772550882.1033652,None,29.34,None,27.00,None,13.00,None,34.34,None,29.66,None,55.00,None,13.00,None,0.00,None,0.00,None,51.68,None,13.00,None,12.34
1772550882.1056583,None,29.34,None,27.00,None,13.00,None,34.34,None,29.66,None,55.00,None,13.00,None,0.00,None,0.00,None,51.68,None,13.00,None,12.34
1772550882.1601686,None,29.34,None,27.00,None,13.00,None,44.68,None,29.66,None,55.00,None,13.00,None,0.00,None,0.00,None,51.68,None,13.00,None,12.34
1772550882.1630409,None,29.34,None,27.00,None,13.00,None,44.68,None,29.66,None,55.00,None,13.00,None,0.00,None,0.00,None,51.68,None,13.00,None,12.34
1772550882.2287705,None,29.34,None,27.00,None,13.00,None,52.34,None,29.66,None,55.00,None,13.00,None,0.00,None,0.00,None,51.68,None,13.00,None,12.34
1772550882.2317429,None,29.34,None,27.00,None,13.00,None,52.34,None,29.66,None,55.00,None,13.00,None,0.00,None,0.00,None,51.68,None,13.00,None,12.34
1772550897.0275478,None,29.34,None,27.00,None,13.00,None,48.00,None,29.66,None,55.00,None,13.00,None,0.00,None,0.00,None,51.68,None,13.00,None,12.34
1772550897.0299644,None,29.34,None,27.00,None,13.00,None,48.00,None,29.66,None,55.00,None,13.00,None,0.00,None,0.00,None,51.68,None,13.00,None,12.34
1772550897.0841103,None,29.34,None,27.00,None,13.00,None,51.33,None,29.66,None,55.00,None,13.00,None,0.00,None,0.00,None,51.68,None,13.00,None,12.34
1772550897.086766,None,29.34,None,27.00,None,13.00,None,51.33,None,29.66,None,55.00,None,13.00,None,0.00,None,0.00,None,51.68,None,13.00,None,12.34
1772550901.2047217,None,29.34,None,27.00,None,13.00,None,51.33,None,29.66,None,55.00,None,13.00,None,0.00,None,0.00,None,51.68,None,13.00,None,12.34
1772550901.2093658,None,29.34,None,27.00,None,13.00,None,51.33,None,29.66,None,55.00,None,13.00,None,0.00,None,0.00,None,51.68,None,13.00,None,12.34
1772550901.4590638,None,29.34,None,27.00,None,13.00,None,51.33,None,29.66,None,55.00,None,13.00,None,0.00,None,0.00,None,51.68,None,13.00,None,12.34
1772550901.460763,None,29.34,None,27.00,None,13.00,None,51.33,None,29.66,None,55.00,None,13.00,None,0.00,None,0.00,None,51.68,None,13.00,None,12.34
1772550901.505676,None,29.34,None,27.00,None,13.00,None,51.33,None,29.66,None,55.00,None,13.00,None,0.00,None,0.00,None,55.01,None,13.00,None,12.34
1772550901.5074394,None,29.34,None,27.00,None,13.00,None,51.33,None,29.66,None,55.00,None,13.00,None,0.00,None,0.00,None,55.01,None,13.00,None,12.34
1772550901.552715,None,29.34,None,27.00,None,13.00,None,53.00,None,29.66,None,55.00,None,13.00,None,0.00,None,8.67,None,55.01,None,13.00,None,12.34
1772550901.5545838,None,29.34,None,27.00,None,13.00,None,53.00,None,29.66,None,55.00,None,13.00,None,0.00,None,8.67,None,55.01,None,13.00,None,12.34
1772550901.5974243,None,29.34,None,27.00,None,13.00,None,54.67,None,29.66,None,55.00,None,13.00,None,0.00,None,17.34,None,55.01,None,13.00,None,12.34
1772550901.5992265,None,29.34,None,27.00,None,13.00,None,54.67,None,29.66,None,55.00,None,13.00,None,0.00,None,17.34,None,55.01,None,13.00,None,12.34
1772550901.646999,None,29.34,None,27.00,None,13.00,None,54.67,None,29.66,None,55.00,None,13.00,None,0.00,None,30.34,None,55.01,None,13.00,None,12.34
1772550901.6486824,None,29.34,None,27.00,None,13.00,None,54.67,None,29.66,None,55.00,None,13.00,None,0.00,None,30.34,None,55.01,None,13.00,None,12.34
1772550902.0213547,None,29.34,None,27.00,None,13.00,None,50.34,None,29.66,None,44.33,None,13.00,None,0.00,None,30.34,None,50.67,None,13.00,None,12.34
1772550902.023279,None,29.34,None,27.00,None,13.00,None,50.34,None,29.66,None,44.33,None,13.00,None,0.00,None,30.34,None,50.67,None,13.00,None,12.34
1772550902.1599655,None,29.34,None,27.00,None,13.00,None,50.34,None,29.66,None,48.66,None,13.00,None,0.00,None,30.34,None,50.67,None,13.00,None,12.34
1772550902.1624215,None,29.34,None,27.00,None,13.00,None,50.34,None,29.66,None,48.66,None,13.00,None,0.00,None,30.34,None,50.67,None,13.00,None,12.34
1772550902.2181695,None,29.34,None,27.00,None,13.00,None,50.34,None,29.66,None,48.66,None,13.00,None,4.33,None,39.01,None,50.67,None,13.00,None,12.34
1772550902.2206213,None,29.34,None,27.00,None,13.00,None,50.34,None,29.66,None,48.66,None,13.00,None,4.33,None,39.01,None,50.67,None,13.00,None,12.34
1772550907.0365124,None,29.34,None,27.00,None,13.00,None,41.01,None,29.66,None,52.99,None,13.00,None,4.33,None,39.01,None,46.67,None,13.00,None,12.34
1772550907.0386207,None,29.34,None,27.00,None,13.00,None,41.01,None,29.66,None,52.99,None,13.00,None,4.33,None,39.01,None,46.67,None,13.00,None,12.34
1772550907.095348,None,29.34,None,27.00,None,13.00,None,49.68,None,29.66,None,52.99,None,13.00,None,4.33,None,39.01,None,50.67,None,13.00,None,12.34
1772550907.0970275,None,29.34,None,27.00,None,13.00,None,49.68,None,29.66,None,52.99,None,13.00,None,4.33,None,39.01,None,50.67,None,13.00,None,12.34
1772550907.1378849,None,29.34,None,27.00,None,13.00,None,49.68,None,29.66,None,52.99,None,13.00,None,4.33,None,43.01,None,55.00,None,13.00,None,12.34
1772550907.139437,None,29.34,None,27.00,None,13.00,None,49.68,None,29.66,None,52.99,None,13.00,None,4.33,None,43.01,None,55.00,None,13.00,None,12.34
1772550907.266802,None,29.34,None,27.00,None,13.00,None,49.68,None,29.66,None,52.99,None,13.00,None,4.33,None,47.34,None,55.00,None,13.00,None,12.34
1772550907.2690854,None,29.34,None,27.00,None,13.00,None,49.68,None,29.66,None,52.99,None,13.00,None,4.33,None,47.34,None,55.00,None,13.00,None,12.34
1772550912.0561657,None,29.34,None,27.00,None,13.00,None,49.68,None,29.66,None,52.99,None,13.00,None,4.33,None,47.34,None,55.00,None,13.00,None,12.34
1772550912.0580437,None,29.34,None,27.00,None,13.00,None,49.68,None,29.66,None,52.99,None,13.00,None,4.33,None,47.34,None,55.00,None,13.00,None,12.34
1772550912.1025944,None,29.34,None,27.00,None,13.00,None,49.68,None,29.66,None,52.99,None,13.00,None,4.33,None,47.34,None,55.00,None,13.00,None,12.34
1772550912.1050708,None,29.34,None,27.00,None,13.00,None,49.68,None,29.66,None,52.99,None,13.00,None,4.33,None,47.34,None,55.00,None,13.00,None,12.34
1772550917.0602324,None,25.00,None,27.00,None,4.33,None,33.35,None,29.66,None,30.66,None,13.00,None,4.33,None,39.01,None,33.33,None,13.00,None,12.34
1772550917.0616894,None,25.00,None,27.00,None,4.33,None,33.35,None,29.66,None,30.66,None,13.00,None,4.33,None,39.01,None,33.33,None,13.00,None,12.34
1772550917.1168725,None,25.00,None,27.00,None,13.00,None,33.35,None,29.66,None,32.33,None,13.00,None,4.33,None,39.01,None,37.66,None,13.00,None,12.34
1772550917.1188886,None,25.00,None,27.00,None,13.00,None,33.35,None,29.66,None,32.33,None,13.00,None,4.33,None,39.01,None,37.66,None,13.00,None,12.34
1772550917.1762495,None,25.00,None,27.00,None,13.00,None,42.35,None,29.66,None,42.67,None,13.00,None,4.33,None,39.01,None,37.66,None,13.00,None,12.34
1772550917.1781611,None,25.00,None,27.00,None,13.00,None,42.35,None,29.66,None,42.67,None,13.00,None,4.33,None,39.01,None,37.66,None,13.00,None,12.34
1772550922.2280152,None,25.00,None,27.00,None,13.00,None,42.35,None,29.66,None,42.67,None,13.00,None,4.33,None,39.01,None,37.66,None,13.00,None,12.34
1772550922.2330644,None,25.00,None,27.00,None,13.00,None,42.35,None,29.66,None,42.67,None,13.00,None,4.33,None,39.01,None,37.66,None,13.00,None,12.34
1772550924.2157166,None,25.00,None,27.00,None,13.00,None,51.35,None,29.66,None,47.00,None,13.00,None,4.33,None,39.01,None,37.66,None,13.00,None,12.34
1772550924.2180254,None,25.00,None,27.00,None,13.00,None,51.35,None,29.66,None,47.00,None,13.00,None,4.33,None,39.01,None,37.66,None,13.00,None,12.34
1772550924.2817054,None,25.00,None,27.00,None,13.00,None,54.68,None,29.66,None,47.00,None,13.00,None,4.33,None,39.01,None,37.66,None,13.00,None,12.34
1772550924.2845805,None,25.00,None,27.00,None,13.00,None,54.68,None,29.66,None,47.00,None,13.00,None,4.33,None,39.01,None,37.66,None,13.00,None,12.34
1772550924.3504553,None,25.00,None,27.00,None,13.00,None,54.68,None,29.66,None,50.33,None,13.00,None,4.33,None,43.01,None,41.99,None,13.00,None,12.34
1772550924.3530133,None,25.00,None,27.00,None,13.00,None,54.68,None,29.66,None,50.33,None,13.00,None,4.33,None,43.01,None,41.99,None,13.00,None,12.34
1772550924.5426497,None,25.00,None,27.00,None,13.00,None,54.68,None,29.66,None,53.66,None,13.00,None,4.33,None,43.01,None,41.99,None,13.00,None,12.34
1772550924.5452719,None,25.00,None,27.00,None,13.00,None,54.68,None,29.66,None,53.66,None,13.00,None,4.33,None,43.01,None,41.99,None,13.00,None,12.34
1772550924.607968,None,25.00,None,27.00,None,13.00,None,54.68,None,29.66,None,53.66,None,13.00,None,4.33,None,43.01,None,50.99,None,13.00,None,12.34
1772550924.6106484,None,25.00,None,27.00,None,13.00,None,54.68,None,29.66,None,53.66,None,13.00,None,4.33,None,43.01,None,50.99,None,13.00,None,12.34
1772550924.681123,None,25.00,None,27.00,None,13.00,None,54.68,None,29.66,None,53.66,None,13.00,None,4.33,None,43.01,None,54.32,None,13.00,None,12.34
1772550924.6839142,None,25.00,None,27.00,None,13.00,None,54.68,None,29.66,None,53.66,None,13.00,None,4.33,None,43.01,None,54.32,None,13.00,None,12.34
1772550927.085777,None,21.67,None,27.00,None,13.00,None,42.01,None,29.33,None,53.66,None,3.33,None,0.00,None,34.34,None,54.32,None,4.33,None,12.34
1772550927.088111,None,21.67,None,27.00,None,13.00,None,42.01,None,29.33,None,53.66,None,3.33,None,0.00,None,34.34,None,54.32,None,4.33,None,12.34
1772550927.148381,None,21.67,None,27.00,None,13.00,None,42.01,None,29.33,None,53.66,None,8.33,None,0.00,None,34.34,None,54.32,None,13.00,None,12.34
1772550927.150998,None,21.67,None,27.00,None,13.00,None,42.01,None,29.33,None,53.66,None,8.33,None,0.00,None,34.34,None,54.32,None,13.00,None,12.34
1772550927.2161574,None,21.67,None,27.00,None,13.00,None,54.68,None,29.33,None,53.66,None,8.33,None,0.00,None,38.67,None,54.32,None,13.00,None,12.34
1772550927.219519,None,21.67,None,27.00,None,13.00,None,54.68,None,29.33,None,53.66,None,8.33,None,0.00,None,38.67,None,54.32,None,13.00,None,12.34
1772550927.4696105,None,21.67,None,27.00,None,13.00,None,54.68,None,29.33,None,53.66,None,8.33,None,0.00,None,51.67,None,54.32,None,13.00,None,12.34
1772550927.4747365,None,21.67,None,27.00,None,13.00,None,54.68,None,29.33,None,53.66,None,8.33,None,0.00,None,51.67,None,54.32,None,13.00,None,12.34
1772550927.5307152,None,21.67,None,27.00,None,13.00,None,54.68,None,29.33,None,55.33,None,8.33,None,0.00,None,55.00,None,54.32,None,13.00,None,12.34
1772550927.533257,None,21.67,None,27.00,None,13.00,None,54.68,None,29.33,None,55.33,None,8.33,None,0.00,None,55.00,None,54.32,None,13.00,None,12.34
1772550937.09387,None,13.00,None,27.00,None,13.00,None,24.67,None,29.33,None,42.67,None,8.33,None,0.00,None,50.67,None,45.99,None,13.00,None,12.34
1772550937.0963814,None,13.00,None,27.00,None,13.00,None,24.67,None,29.33,None,42.67,None,8.33,None,0.00,None,50.67,None,45.99,None,13.00,None,12.34
1772550946.2317128,None,13.00,None,27.00,None,13.00,None,19.67,None,29.33,None,15.32,None,8.33,None,0.00,None,34.34,None,19.99,None,13.00,None,12.34
1772550946.2357233,None,13.00,None,27.00,None,13.00,None,19.67,None,29.33,None,15.32,None,8.33,None,0.00,None,34.34,None,19.99,None,13.00,None,12.34
1772550946.3075328,None,13.00,None,27.00,None,13.00,None,28.34,None,29.33,None,15.32,None,8.33,None,0.00,None,34.34,None,19.99,None,13.00,None,12.34
1772550946.3096545,None,13.00,None,27.00,None,13.00,None,28.34,None,29.33,None,15.32,None,8.33,None,0.00,None,34.34,None,19.99,None,13.00,None,12.34
1772550946.4595401,None,13.00,None,27.00,None,13.00,None,37.34,None,29.33,None,23.99,None,8.33,None,0.00,None,34.34,None,19.99,None,13.00,None,12.34
1772550946.4616752,None,13.00,None,27.00,None,13.00,None,37.34,None,29.33,None,23.99,None,8.33,None,0.00,None,34.34,None,19.99,None,13.00,None,12.34
1772550946.5303078,None,13.00,None,27.00,None,13.00,None,46.34,None,29.33,None,32.66,None,8.33,None,0.00,None,34.34,None,19.99,None,13.00,None,12.34
1772550946.5325274,None,13.00,None,27.00,None,13.00,None,46.34,None,29.33,None,32.66,None,8.33,None,0.00,None,34.34,None,19.99,None,13.00,None,12.34
1772550946.6022322,None,13.00,None,27.00,None,13.00,None,55.34,None,29.33,None,41.33,None,8.33,None,0.00,None,34.34,None,19.99,None,13.00,None,12.34
1772550946.6042666,None,13.00,None,27.00,None,13.00,None,55.34,None,29.33,None,41.33,None,8.33,None,0.00,None,34.34,None,19.99,None,13.00,None,12.34
1772550946.6828442,None,13.00,None,27.00,None,13.00,None,55.34,None,29.33,None,50.00,None,8.33,None,0.00,None,34.34,None,19.99,None,13.00,None,12.34
1772550946.6868424,None,13.00,None,27.00,None,13.00,None,55.34,None,29.33,None,50.00,None,8.33,None,0.00,None,34.34,None,19.99,None,13.00,None,12.34
1772550947.110804,None,13.33,None,27.00,None,13.00,None,55.34,None,25.00,None,50.00,None,12.66,None,0.00,None,34.34,None,19.99,None,13.00,None,12.34
1772550947.1127117,None,13.33,None,27.00,None,13.00,None,55.34,None,25.00,None,50.00,None,12.66,None,0.00,None,34.34,None,19.99,None,13.00,None,12.34
1772550957.2646878,None,0.00,None,27.00,None,13.00,None,55.34,None,7.66,None,51.00,None,0.00,None,0.00,None,34.34,None,16.66,None,13.00,None,12.34
1772550957.2671816,None,0.00,None,27.00,None,13.00,None,55.34,None,7.66,None,51.00,None,0.00,None,0.00,None,34.34,None,16.66,None,13.00,None,12.34
1772550957.3493638,None,0.00,None,27.00,None,13.00,None,55.34,None,7.66,None,55.00,None,0.00,None,0.00,None,34.34,None,16.66,None,13.00,None,12.34
1772550957.3520105,None,0.00,None,27.00,None,13.00,None,55.34,None,7.66,None,55.00,None,0.00,None,0.00,None,34.34,None,16.66,None,13.00,None,12.34
1772550962.260053,None,13.00,None,27.00,None,13.00,None,55.34,None,7.66,None,55.00,None,9.00,None,0.00,None,34.34,None,16.66,None,13.00,None,12.34
1772550962.26199,None,13.00,None,27.00,None,13.00,None,55.34,None,7.66,None,55.00,None,9.00,None,0.00,None,34.34,None,16.66,None,13.00,None,12.34
1772550962.3362522,None,21.67,None,27.00,None,13.00,None,55.34,None,16.66,None,55.00,None,9.00,None,0.00,None,34.34,None,16.66,None,13.00,None,12.34
1772550962.3386567,None,21.67,None,27.00,None,13.00,None,55.34,None,16.66,None,55.00,None,9.00,None,0.00,None,34.34,None,16.66,None,13.00,None,12.34
1772550962.4163783,None,21.67,None,27.00,None,13.00,None,55.34,None,25.66,None,55.00,None,9.00,None,1.67,None,34.34,None,16.66,None,13.00,None,12.34
1772550962.4184866,None,21.67,None,27.00,None,13.00,None,55.34,None,25.66,None,55.00,None,9.00,None,1.67,None,34.34,None,16.66,None,13.00,None,12.34
1772550962.5870771,None,21.67,None,27.00,None,13.00,None,55.34,None,25.66,None,55.00,None,9.00,None,1.67,None,34.34,None,20.99,None,13.00,None,12.34
1772550962.5891144,None,21.67,None,27.00,None,13.00,None,55.34,None,25.66,None,55.00,None,9.00,None,1.67,None,34.34,None,20.99,None,13.00,None,12.34
1772550962.659663,None,21.67,None,27.00,None,13.00,None,55.34,None,25.66,None,55.00,None,9.00,None,1.67,None,34.34,None,20.99,None,13.00,None,12.34
1772550962.661622,None,21.67,None,27.00,None,13.00,None,55.34,None,25.66,None,55.00,None,9.00,None,1.67,None,34.34,None,20.99,None,13.00,None,12.34
1772550962.734985,None,21.67,None,27.00,None,13.00,None,55.34,None,25.66,None,55.00,None,9.00,None,1.67,None,34.34,None,20.99,None,13.00,None,12.34
1772550962.7371325,None,21.67,None,27.00,None,13.00,None,55.34,None,25.66,None,55.00,None,9.00,None,1.67,None,34.34,None,20.99,None,13.00,None,12.34
1772550977.1142633,None,21.67,None,27.00,None,13.00,None,46.34,None,25.66,None,42.33,None,9.00,None,1.67,None,34.34,None,20.99,None,13.00,None,12.34
1772550977.1162615,None,21.67,None,27.00,None,13.00,None,46.34,None,25.66,None,42.33,None,9.00,None,1.67,None,34.34,None,20.99,None,13.00,None,12.34
1772550977.169046,None,21.67,None,27.00,None,13.00,None,55.01,None,25.66,None,46.33,None,9.00,None,1.67,None,34.34,None,20.99,None,13.00,None,12.34
1772550977.1706896,None,21.67,None,27.00,None,13.00,None,55.01,None,25.66,None,46.33,None,9.00,None,1.67,None,34.34,None,20.99,None,13.00,None,12.34
1772550977.3140824,None,21.67,None,27.00,None,13.00,None,55.01,None,25.66,None,46.33,None,9.00,None,1.67,None,34.34,None,20.99,None,13.00,None,12.34
1772550977.316184,None,21.67,None,27.00,None,13.00,None,55.01,None,25.66,None,46.33,None,9.00,None,1.67,None,34.34,None,20.99,None,13.00,None,12.34
1772550982.1606305,None,21.67,None,27.00,None,13.00,None,51.68,None,25.66,None,50.66,None,9.00,None,1.67,None,34.34,None,20.99,None,13.00,None,12.34
1772550982.163641,None,21.67,None,27.00,None,13.00,None,51.68,None,25.66,None,50.66,None,9.00,None,1.67,None,34.34,None,20.99,None,13.00,None,12.34
1772550990.2530813,None,21.67,None,27.00,None,13.00,None,51.68,None,28.99,None,54.99,None,9.00,None,1.67,None,34.34,None,20.99,None,13.00,None,12.34
1772550990.2555187,None,21.67,None,27.00,None,13.00,None,51.68,None,28.99,None,54.99,None,9.00,None,1.67,None,34.34,None,20.99,None,13.00,None,12.34
1772550990.3210018,None,21.67,None,27.00,None,13.00,None,51.68,None,28.99,None,54.99,None,12.33,None,1.67,None,34.34,None,24.99,None,13.00,None,12.34
1772550990.3234477,None,21.67,None,27.00,None,13.00,None,51.68,None,28.99,None,54.99,None,12.33,None,1.67,None,34.34,None,24.99,None,13.00,None,12.34
1772550990.3887782,None,21.67,None,27.00,None,13.00,None,55.01,None,28.99,None,54.99,None,12.33,None,6.00,None,34.34,None,24.99,None,13.00,None,12.34
1772550990.3913026,None,21.67,None,27.00,None,13.00,None,55.01,None,28.99,None,54.99,None,12.33,None,6.00,None,34.34,None,24.99,None,13.00,None,12.34
1772550990.5768232,None,23.34,None,27.00,None,13.00,None,55.01,None,28.99,None,54.99,None,12.33,None,6.00,None,34.34,None,24.99,None,13.00,None,12.34
1772550990.5793617,None,23.34,None,27.00,None,13.00,None,55.01,None,28.99,None,54.99,None,12.33,None,6.00,None,34.34,None,24.99,None,13.00,None,12.34
1772550990.6460028,None,25.01,None,27.00,None,13.00,None,55.01,None,28.99,None,54.99,None,12.33,None,6.00,None,34.34,None,33.99,None,13.00,None,12.34
1772550990.6486738,None,25.01,None,27.00,None,13.00,None,55.01,None,28.99,None,54.99,None,12.33,None,6.00,None,34.34,None,33.99,None,13.00,None,12.34
1772550990.7187183,None,26.68,None,27.00,None,13.00,None,55.01,None,28.99,None,54.99,None,12.33,None,6.00,None,34.34,None,42.66,None,13.00,None,12.34
1772550990.7214684,None,26.68,None,27.00,None,13.00,None,55.01,None,28.99,None,54.99,None,12.33,None,6.00,None,34.34,None,42.66,None,13.00,None,12.34
1772550992.1270146,None,22.34,None,27.00,None,13.00,None,46.34,None,28.99,None,50.99,None,12.33,None,14.67,None,34.34,None,42.66,None,13.00,None,12.34
1772550992.1287434,None,22.34,None,27.00,None,13.00,None,46.34,None,28.99,None,50.99,None,12.33,None,14.67,None,34.34,None,42.66,None,13.00,None,12.34
1772550992.1733,None,22.34,None,27.00,None,13.00,None,55.01,None,28.99,None,55.32,None,12.33,None,14.67,None,34.34,None,42.66,None,13.00,None,12.34
1772550992.1750014,None,22.34,None,27.00,None,13.00,None,55.01,None,28.99,None,55.32,None,12.33,None,14.67,None,34.34,None,42.66,None,13.00,None,12.34
1772550992.3252282,None,22.34,None,27.00,None,13.00,None,55.01,None,28.99,None,55.32,None,12.33,None,14.67,None,34.34,None,46.99,None,13.00,None,12.34
1772550992.3276136,None,22.34,None,27.00,None,13.00,None,55.01,None,28.99,None,55.32,None,12.33,None,14.67,None,34.34,None,46.99,None,13.00,None,12.34
1772551002.148527,None,22.34,None,27.00,None,13.00,None,55.01,None,24.66,None,50.99,None,12.33,None,14.67,None,34.34,None,37.99,None,13.00,None,12.34
1772551002.1511583,None,22.34,None,27.00,None,13.00,None,55.01,None,24.66,None,50.99,None,12.33,None,14.67,None,34.34,None,37.99,None,13.00,None,12.34
1772551002.2154424,None,22.34,None,27.00,None,13.00,None,55.01,None,24.66,None,54.99,None,12.33,None,14.67,None,34.34,None,51.32,None,13.00,None,12.34
1772551002.2185676,None,22.34,None,27.00,None,13.00,None,55.01,None,24.66,None,54.99,None,12.33,None,14.67,None,34.34,None,51.32,None,13.00,None,12.34
1772551002.2947476,None,22.34,None,27.00,None,13.00,None,55.01,None,28.99,None,54.99,None,12.33,None,14.67,None,34.34,None,54.65,None,13.00,None,12.34
1772551002.2978916,None,22.34,None,27.00,None,13.00,None,55.01,None,28.99,None,54.99,None,12.33,None,14.67,None,34.34,None,54.65,None,13.00,None,12.34
1772551005.272602,None,22.34,None,27.00,None,13.00,None,55.01,None,28.99,None,54.99,None,12.33,None,19.00,None,34.34,None,54.65,None,13.00,None,12.34
1772551005.2754815,None,22.34,None,27.00,None,13.00,None,55.01,None,28.99,None,54.99,None,12.33,None,19.00,None,34.34,None,54.65,None,13.00,None,12.34
1772551005.467081,None,25.67,None,27.00,None,13.00,None,55.01,None,28.99,None,54.99,None,12.33,None,27.67,None,34.34,None,54.65,None,13.00,None,12.34
1772551005.4701068,None,25.67,None,27.00,None,13.00,None,55.01,None,28.99,None,54.99,None,12.33,None,27.67,None,34.34,None,54.65,None,13.00,None,12.34
1772551005.5407848,None,25.67,None,27.00,None,13.00,None,55.01,None,28.99,None,54.99,None,12.33,None,27.67,None,47.34,None,54.65,None,13.00,None,12.34
1772551005.5438075,None,25.67,None,27.00,None,13.00,None,55.01,None,28.99,None,54.99,None,12.33,None,27.67,None,47.34,None,54.65,None,13.00,None,12.34
1772551005.6138752,None,25.67,None,28.67,None,13.00,None,55.01,None,28.99,None,54.99,None,12.33,None,27.67,None,47.34,None,54.65,None,13.00,None,12.34
1772551005.6166334,None,25.67,None,28.67,None,13.00,None,55.01,None,28.99,None,54.99,None,12.33,None,27.67,None,47.34,None,54.65,None,13.00,None,12.34
1772551005.6890805,None,25.67,None,28.67,None,13.00,None,55.01,None,28.99,None,54.99,None,12.33,None,27.67,None,47.34,None,54.65,None,13.00,None,12.34
1772551005.6918976,None,25.67,None,28.67,None,13.00,None,55.01,None,28.99,None,54.99,None,12.33,None,27.67,None,47.34,None,54.65,None,13.00,None,12.34
1772551005.8865533,None,25.67,None,28.67,None,13.00,None,55.01,None,28.99,None,54.99,None,12.33,None,27.67,None,47.34,None,54.65,None,13.00,None,12.34
1772551005.8894224,None,25.67,None,28.67,None,13.00,None,55.01,None,28.99,None,54.99,None,12.33,None,27.67,None,47.34,None,54.65,None,13.00,None,12.34
1772551007.164875,None,25.67,None,1.67,None,8.67,None,55.01,None,21.33,None,54.99,None,12.33,None,27.67,None,47.34,None,51.32,None,8.67,None,9.00
1772551007.1673288,None,25.67,None,1.67,None,8.67,None,55.01,None,21.33,None,54.99,None,12.33,None,27.67,None,47.34,None,51.32,None,8.67,None,9.00
1772551007.2306361,None,25.67,None,1.67,None,8.67,None,55.01,None,21.33,None,54.99,None,12.33,None,27.67,None,51.67,None,51.32,None,8.67,None,9.00
1772551007.2330632,None,25.67,None,1.67,None,8.67,None,55.01,None,21.33,None,54.99,None,12.33,None,27.67,None,51.67,None,51.32,None,8.67,None,9.00
1772551017.1711125,None,25.67,None,1.67,None,8.67,None,55.01,None,12.33,None,54.99,None,12.33,None,26.00,None,51.67,None,51.32,None,8.67,None,9.00
1772551017.173659,None,25.67,None,1.67,None,8.67,None,55.01,None,12.33,None,54.99,None,12.33,None,26.00,None,51.67,None,51.32,None,8.67,None,9.00
1772551022.1733365,None,25.67,None,1.67,None,8.67,None,55.01,None,12.33,None,53.98,None,12.33,None,26.00,None,51.67,None,51.32,None,8.67,None,9.00
1772551022.176123,None,25.67,None,1.67,None,8.67,None,55.01,None,12.33,None,53.98,None,12.33,None,26.00,None,51.67,None,51.32,None,8.67,None,9.00
1772551026.418574,None,25.67,None,14.67,None,8.67,None,55.01,None,12.33,None,53.98,None,12.33,None,26.00,None,51.67,None,51.32,None,8.67,None,9.00
1772551026.4213681,None,25.67,None,14.67,None,8.67,None,55.01,None,12.33,None,53.98,None,12.33,None,26.00,None,51.67,None,51.32,None,8.67,None,9.00
1772551026.5030327,None,30.00,None,23.34,None,8.67,None,55.01,None,12.33,None,53.98,None,12.33,None,26.00,None,51.67,None,51.32,None,8.67,None,9.00
1772551026.5058553,None,30.00,None,23.34,None,8.67,None,55.01,None,12.33,None,53.98,None,12.33,None,26.00,None,51.67,None,51.32,None,8.67,None,9.00
1772551026.601984,None,30.00,None,23.34,None,8.67,None,55.01,None,21.33,None,53.98,None,12.33,None,26.00,None,51.67,None,51.32,None,8.67,None,9.00
1772551026.6050117,None,30.00,None,23.34,None,8.67,None,55.01,None,21.33,None,53.98,None,12.33,None,26.00,None,51.67,None,51.32,None,8.67,None,9.00
1772551026.674516,None,30.00,None,23.34,None,8.67,None,55.01,None,21.33,None,53.98,None,12.33,None,26.00,None,51.67,None,51.32,None,8.67,None,9.00
1772551026.6775162,None,30.00,None,23.34,None,8.67,None,55.01,None,21.33,None,53.98,None,12.33,None,26.00,None,51.67,None,51.32,None,8.67,None,9.00
1772551026.7443786,None,30.00,None,23.34,None,8.67,None,55.01,None,21.33,None,53.98,None,12.33,None,26.00,None,51.67,None,51.32,None,8.67,None,9.00
1772551026.7474115,None,30.00,None,23.34,None,8.67,None,55.01,None,21.33,None,53.98,None,12.33,None,26.00,None,51.67,None,51.32,None,8.67,None,9.00
1772551026.942737,None,30.00,None,23.34,None,8.67,None,55.01,None,21.33,None,53.98,None,12.33,None,26.00,None,55.00,None,51.32,None,8.67,None,9.00
1772551026.9456143,None,30.00,None,23.34,None,8.67,None,55.01,None,21.33,None,53.98,None,12.33,None,26.00,None,55.00,None,51.32,None,8.67,None,9.00
1772551027.1769054,None,30.00,None,23.34,None,0.00,None,55.01,None,21.33,None,45.65,None,12.33,None,26.00,None,55.00,None,37.99,None,8.67,None,9.00
1772551027.1795611,None,30.00,None,23.34,None,0.00,None,55.01,None,21.33,None,45.65,None,12.33,None,26.00,None,55.00,None,37.99,None,8.67,None,9.00
1772551027.2417102,None,30.00,None,23.34,None,8.67,None,55.01,None,21.33,None,49.98,None,12.33,None,26.00,None,55.00,None,37.99,None,8.67,None,9.00
1772551027.2443962,None,30.00,None,23.34,None,8.67,None,55.01,None,21.33,None,49.98,None,12.33,None,26.00,None,55.00,None,37.99,None,8.67,None,9.00
1772551027.3084486,None,30.00,None,23.34,None,8.67,None,55.01,None,21.33,None,53.98,None,12.33,None,26.00,None,55.00,None,46.99,None,8.67,None,9.00
1772551027.311993,None,30.00,None,23.34,None,8.67,None,55.01,None,21.33,None,53.98,None,12.33,None,26.00,None,55.00,None,46.99,None,8.67,None,9.00
1772551032.1831622,None,30.00,None,23.34,None,8.67,None,55.01,None,21.33,None,50.65,None,12.33,None,26.00,None,55.00,None,51.32,None,8.67,None,9.00
1772551032.186046,None,30.00,None,23.34,None,8.67,None,55.01,None,21.33,None,50.65,None,12.33,None,26.00,None,55.00,None,51.32,None,8.67,None,9.00
1772551032.4094226,None,30.00,None,23.34,None,8.67,None,55.01,None,30.00,None,54.98,None,12.33,None,26.00,None,55.00,None,51.32,None,8.67,None,9.00
1772551032.4133177,None,30.00,None,23.34,None,8.67,None,55.01,None,30.00,None,54.98,None,12.33,None,26.00,None,55.00,None,51.32,None,8.67,None,9.00
1772551042.189338,None,17.00,None,23.34,None,8.67,None,51.67,None,30.00,None,54.98,None,3.33,None,26.00,None,24.66,None,47.99,None,8.67,None,9.00
1772551042.1917622,None,17.00,None,23.34,None,8.67,None,51.67,None,30.00,None,54.98,None,3.33,None,26.00,None,24.66,None,47.99,None,8.67,None,9.00
1772551047.197361,None,17.00,None,23.34,None,8.67,None,51.67,None,30.00,None,50.65,None,3.33,None,26.00,None,24.66,None,47.99,None,8.67,None,9.00
1772551047.1999037,None,17.00,None,23.34,None,8.67,None,51.67,None,30.00,None,50.65,None,3.33,None,26.00,None,24.66,None,47.99,None,8.67,None,9.00
1772551050.278326,None,17.00,None,23.34,None,8.67,None,51.67,None,30.00,None,50.65,None,3.33,None,26.00,None,24.66,None,52.32,None,8.67,None,9.00
1772551050.2807086,None,17.00,None,23.34,None,8.67,None,51.67,None,30.00,None,50.65,None,3.33,None,26.00,None,24.66,None,52.32,None,8.67,None,9.00
1772551050.439212,None,21.33,None,23.34,None,8.67,None,51.67,None,30.00,None,53.98,None,3.33,None,26.00,None,24.66,None,52.32,None,8.67,None,9.00
1772551050.4421601,None,21.33,None,23.34,None,8.67,None,51.67,None,30.00,None,53.98,None,3.33,None,26.00,None,24.66,None,52.32,None,8.67,None,9.00
1772551050.5014656,None,21.33,None,23.34,None,8.67,None,51.67,None,30.00,None,53.98,None,3.33,None,26.00,None,37.99,None,52.32,None,8.67,None,9.00
1772551050.504682,None,21.33,None,23.34,None,8.67,None,51.67,None,30.00,None,53.98,None,3.33,None,26.00,None,37.99,None,52.32,None,8.67,None,9.00
1772551050.5784361,None,21.33,None,23.34,None,8.67,None,51.67,None,30.00,None,53.98,None,3.33,None,26.00,None,37.99,None,52.32,None,8.67,None,9.00
1772551050.5800014,None,21.33,None,23.34,None,8.67,None,51.67,None,30.00,None,53.98,None,3.33,None,26.00,None,37.99,None,52.32,None,8.67,None,9.00
1772551050.6454766,None,21.33,None,23.34,None,8.67,None,51.67,None,30.00,None,53.98,None,3.33,None,26.00,None,37.99,None,52.32,None,8.67,None,9.00
1772551050.6474454,None,21.33,None,23.34,None,8.67,None,51.67,None,30.00,None,53.98,None,3.33,None,26.00,None,37.99,None,52.32,None,8.67,None,9.00
1772551050.8014014,None,21.33,None,23.34,None,8.67,None,51.67,None,30.00,None,53.98,None,3.33,None,26.00,None,37.99,None,52.32,None,8.67,None,9.00
1772551050.8034487,None,21.33,None,23.34,None,8.67,None,51.67,None,30.00,None,53.98,None,3.33,None,26.00,None,37.99,None,52.32,None,8.67,None,9.00
1772551052.1871872,None,17.00,None,23.34,None,8.67,None,51.67,None,21.00,None,46.65,None,3.33,None,17.33,None,37.99,None,38.99,None,8.67,None,9.00
1772551052.1889672,None,17.00,None,23.34,None,8.67,None,51.67,None,21.00,None,46.65,None,3.33,None,17.33,None,37.99,None,38.99,None,8.67,None,9.00
1772551052.2376473,None,17.00,None,23.34,None,8.67,None,51.67,None,29.67,None,46.65,None,7.66,None,17.33,None,37.99,None,38.99,None,8.67,None,9.00
1772551052.2393687,None,17.00,None,23.34,None,8.67,None,51.67,None,29.67,None,46.65,None,7.66,None,17.33,None,37.99,None,38.99,None,8.67,None,9.00
1772551052.2960465,None,17.00,None,23.34,None,8.67,None,51.67,None,29.67,None,50.65,None,7.66,None,17.33,None,37.99,None,51.99,None,8.67,None,9.00
1772551052.2984574,None,17.00,None,23.34,None,8.67,None,51.67,None,29.67,None,50.65,None,7.66,None,17.33,None,37.99,None,51.99,None,8.67,None,9.00
1772551052.3636806,None,17.00,None,23.34,None,8.67,None,51.67,None,29.67,None,54.98,None,7.66,None,17.33,None,37.99,None,51.99,None,8.67,None,9.00
1772551052.3662064,None,17.00,None,23.34,None,8.67,None,51.67,None,29.67,None,54.98,None,7.66,None,17.33,None,37.99,None,51.99,None,8.67,None,9.00
1772551052.5292196,None,17.00,None,23.34,None,8.67,None,51.67,None,29.67,None,54.98,None,7.66,None,17.33,None,42.32,None,51.99,None,8.67,None,9.00
1772551052.5315654,None,17.00,None,23.34,None,8.67,None,51.67,None,29.67,None,54.98,None,7.66,None,17.33,None,42.32,None,51.99,None,8.67,None,9.00
1772551057.2042553,None,25.67,None,23.34,None,0.00,None,51.67,None,29.67,None,54.98,None,7.66,None,21.66,None,42.32,None,51.99,None,8.67,None,9.00
1772551057.2068682,None,25.67,None,23.34,None,0.00,None,51.67,None,29.67,None,54.98,None,7.66,None,21.66,None,42.32,None,51.99,None,8.67,None,9.00
1772551057.2960694,None,25.67,None,23.34,None,0.00,None,51.67,None,29.67,None,54.98,None,7.66,None,21.66,None,42.32,None,51.99,None,8.67,None,9.00
1772551057.2998495,None,25.67,None,23.34,None,0.00,None,51.67,None,29.67,None,54.98,None,7.66,None,21.66,None,42.32,None,51.99,None,8.67,None,9.00
1772551062.2165499,None,25.67,None,23.34,None,0.00,None,51.67,None,29.67,None,50.65,None,7.66,None,21.66,None,33.66,None,51.99,None,8.67,None,9.00
1772551062.2188003,None,25.67,None,23.34,None,0.00,None,51.67,None,29.67,None,50.65,None,7.66,None,21.66,None,33.66,None,51.99,None,8.67,None,9.00
1772551062.293788,None,25.67,None,23.34,None,8.67,None,51.67,None,29.67,None,54.98,None,7.66,None,21.66,None,33.66,None,51.99,None,8.67,None,9.00
1772551062.298078,None,25.67,None,23.34,None,8.67,None,51.67,None,29.67,None,54.98,None,7.66,None,21.66,None,33.66,None,51.99,None,8.67,None,9.00
1772551062.4963903,None,25.67,None,23.34,None,8.67,None,51.67,None,29.67,None,54.98,None,7.66,None,21.66,None,37.99,None,51.99,None,8.67,None,9.00
1772551062.4997723,None,25.67,None,23.34,None,8.67,None,51.67,None,29.67,None,54.98,None,7.66,None,21.66,None,37.99,None,51.99,None,8.67,None,9.00
1772551062.6087546,None,25.67,None,23.34,None,8.67,None,51.67,None,29.67,None,54.98,None,7.66,None,21.66,None,37.99,None,51.99,None,8.67,None,9.00
1772551062.6113138,None,25.67,None,23.34,None,8.67,None,51.67,None,29.67,None,54.98,None,7.66,None,21.66,None,37.99,None,51.99,None,8.67,None,9.00
1772551067.213856,None,25.67,None,23.34,None,8.67,None,33.67,None,21.00,None,24.98,None,7.66,None,21.66,None,37.99,None,38.99,None,8.67,None,9.00
1772551067.2161484,None,25.67,None,23.34,None,8.67,None,33.67,None,21.00,None,24.98,None,7.66,None,21.66,None,37.99,None,38.99,None,8.67,None,9.00
1772551071.2916965,None,25.67,None,23.34,None,8.67,None,33.67,None,21.00,None,37.98,None,7.66,None,21.66,None,37.99,None,51.99,None,8.67,None,9.00
1772551071.2934186,None,25.67,None,23.34,None,8.67,None,33.67,None,21.00,None,37.98,None,7.66,None,21.66,None,37.99,None,51.99,None,8.67,None,9.00
1772551071.4402204,None,25.67,None,23.34,None,8.67,None,42.67,None,21.00,None,50.98,None,7.66,None,21.66,None,37.99,None,51.99,None,8.67,None,9.00
1772551071.4419677,None,25.67,None,23.34,None,8.67,None,42.67,None,21.00,None,50.98,None,7.66,None,21.66,None,37.99,None,51.99,None,8.67,None,9.00
1772551071.4938672,None,25.67,None,23.34,None,8.67,None,51.34,None,21.00,None,50.98,None,7.66,None,21.66,None,39.66,None,51.99,None,8.67,None,9.00
1772551071.4957106,None,25.67,None,23.34,None,8.67,None,51.34,None,21.00,None,50.98,None,7.66,None,21.66,None,39.66,None,51.99,None,8.67,None,9.00
1772551071.5656757,None,25.67,None,23.34,None,8.67,None,51.34,None,21.00,None,50.98,None,7.66,None,21.66,None,39.66,None,51.99,None,8.67,None,9.00
1772551071.5675015,None,25.67,None,23.34,None,8.67,None,51.34,None,21.00,None,50.98,None,7.66,None,21.66,None,39.66,None,51.99,None,8.67,None,9.00
1772551071.6337738,None,25.67,None,23.34,None,8.67,None,51.34,None,21.00,None,50.98,None,7.66,None,21.66,None,39.66,None,51.99,None,8.67,None,9.00
1772551071.6356182,None,25.67,None,23.34,None,8.67,None,51.34,None,21.00,None,50.98,None,7.66,None,21.66,None,39.66,None,51.99,None,8.67,None,9.00
1772551071.8246138,None,25.67,None,23.34,None,8.67,None,51.34,None,21.00,None,50.98,None,7.66,None,21.66,None,39.66,None,51.99,None,8.67,None,9.00
1772551071.8263757,None,25.67,None,23.34,None,8.67,None,51.34,None,21.00,None,50.98,None,7.66,None,21.66,None,39.66,None,51.99,None,8.67,None,9.00
1772551072.2029538,None,24.00,None,23.34,None,8.67,None,39.01,None,26.67,None,46.65,None,13.00,None,21.66,None,39.66,None,42.99,None,8.67,None,9.00
1772551072.20463,None,24.00,None,23.34,None,8.67,None,39.01,None,26.67,None,46.65,None,13.00,None,21.66,None,39.66,None,42.99,None,8.67,None,9.00
1772551072.260648,None,24.00,None,23.34,None,12.00,None,39.01,None,26.67,None,50.98,None,13.00,None,21.66,None,39.66,None,42.99,None,8.67,None,9.00
1772551072.2626534,None,24.00,None,23.34,None,12.00,None,39.01,None,26.67,None,50.98,None,13.00,None,21.66,None,39.66,None,42.99,None,8.67,None,9.00
1772551072.3306336,None,24.00,None,23.34,None,12.00,None,47.68,None,26.67,None,50.98,None,13.00,None,21.66,None,39.66,None,42.99,None,8.67,None,9.00
1772551072.3328454,None,24.00,None,23.34,None,12.00,None,47.68,None,26.67,None,50.98,None,13.00,None,21.66,None,39.66,None,42.99,None,8.67,None,9.00
1772551072.4002342,None,24.00,None,23.34,None,12.00,None,47.68,None,26.67,None,50.98,None,13.00,None,21.66,None,39.66,None,42.99,None,8.67,None,9.00
1772551072.4027917,None,24.00,None,23.34,None,12.00,None,47.68,None,26.67,None,50.98,None,13.00,None,21.66,None,39.66,None,42.99,None,8.67,None,9.00
1772551072.5759168,None,24.00,None,23.34,None,12.00,None,51.01,None,26.67,None,50.98,None,13.00,None,21.66,None,39.66,None,42.99,None,8.67,None,9.00
1772551072.5783298,None,24.00,None,23.34,None,12.00,None,51.01,None,26.67,None,50.98,None,13.00,None,21.66,None,39.66,None,42.99,None,8.67,None,9.00
1772551072.6373317,None,24.00,None,23.34,None,12.00,None,51.01,None,26.67,None,54.31,None,13.00,None,21.66,None,39.66,None,42.99,None,8.67,None,9.00
1772551072.6391413,None,24.00,None,23.34,None,12.00,None,51.01,None,26.67,None,54.31,None,13.00,None,21.66,None,39.66,None,42.99,None,8.67,None,9.00
1772551072.6964474,None,24.00,None,23.34,None,12.00,None,51.01,None,26.67,None,54.31,None,13.00,None,21.66,None,39.66,None,42.99,None,8.67,None,9.00
1772551072.6980498,None,24.00,None,23.34,None,12.00,None,51.01,None,26.67,None,54.31,None,13.00,None,21.66,None,39.66,None,42.99,None,8.67,None,9.00
1772551082.2045543,None,19.67,None,14.67,None,12.00,None,47.00,None,26.67,None,54.32,None,13.00,None,21.66,None,35.33,None,38.66,None,8.67,None,9.00
1772551082.206249,None,19.67,None,14.67,None,12.00,None,47.00,None,26.67,None,54.32,None,13.00,None,21.66,None,35.33,None,38.66,None,8.67,None,9.00
1772551087.2818768,None,29.34,None,13.00,None,3.33,None,47.00,None,26.67,None,49.99,None,13.00,None,8.66,None,22.33,None,38.66,None,8.67,None,9.00
1772551087.2833183,None,29.34,None,13.00,None,3.33,None,47.00,None,26.67,None,49.99,None,13.00,None,8.66,None,22.33,None,38.66,None,8.67,None,9.00
1772551087.3316865,None,29.34,None,13.00,None,3.33,None,47.00,None,26.67,None,49.99,None,13.00,None,8.66,None,22.33,None,38.66,None,8.67,None,9.00
1772551087.333268,None,29.34,None,13.00,None,3.33,None,47.00,None,26.67,None,49.99,None,13.00,None,8.66,None,22.33,None,38.66,None,8.67,None,9.00
1772551087.382073,None,29.34,None,13.00,None,3.33,None,47.00,None,26.67,None,49.99,None,13.00,None,8.66,None,22.33,None,38.66,None,8.67,None,9.00
1772551087.383969,None,29.34,None,13.00,None,3.33,None,47.00,None,26.67,None,49.99,None,13.00,None,8.66,None,22.33,None,38.66,None,8.67,None,9.00
1772551091.325067,None,29.34,None,13.00,None,3.33,None,47.00,None,18.00,None,46.66,None,8.67,None,8.66,None,18.33,None,30.00,None,8.67,None,9.00
1772551091.3263974,None,29.34,None,13.00,None,3.33,None,47.00,None,18.00,None,46.66,None,8.67,None,8.66,None,18.33,None,30.00,None,8.67,None,9.00
1772551091.3801913,None,29.34,None,13.00,None,12.00,None,51.33,None,18.00,None,46.66,None,8.67,None,8.66,None,18.33,None,30.00,None,8.67,None,9.00
1772551091.3857968,None,29.34,None,13.00,None,12.00,None,51.33,None,18.00,None,46.66,None,8.67,None,8.66,None,18.33,None,30.00,None,8.67,None,9.00
1772551091.52731,None,29.34,None,13.00,None,12.00,None,51.33,None,18.00,None,48.33,None,8.67,None,8.66,None,18.33,None,30.00,None,8.67,None,9.00
1772551091.528921,None,29.34,None,13.00,None,12.00,None,51.33,None,18.00,None,48.33,None,8.67,None,8.66,None,18.33,None,30.00,None,8.67,None,9.00
1772551091.582426,None,29.34,None,13.00,None,12.00,None,51.33,None,18.00,None,53.33,None,8.67,None,8.66,None,18.33,None,30.00,None,8.67,None,9.00
1772551091.5840123,None,29.34,None,13.00,None,12.00,None,51.33,None,18.00,None,53.33,None,8.67,None,8.66,None,18.33,None,30.00,None,8.67,None,9.00
1772551091.6387172,None,29.34,None,13.00,None,12.00,None,51.33,None,18.00,None,55.00,None,8.67,None,8.66,None,18.33,None,39.00,None,8.67,None,9.00
1772551091.6402607,None,29.34,None,13.00,None,12.00,None,51.33,None,18.00,None,55.00,None,8.67,None,8.66,None,18.33,None,39.00,None,8.67,None,9.00
1772551091.6962886,None,29.34,None,13.00,None,12.00,None,51.33,None,18.00,None,55.00,None,8.67,None,8.66,None,18.33,None,52.33,None,8.67,None,9.00
1772551091.697875,None,29.34,None,13.00,None,12.00,None,51.33,None,18.00,None,55.00,None,8.67,None,8.66,None,18.33,None,52.33,None,8.67,None,9.00
1772551102.2359037,None,26.00,None,13.00,None,8.67,None,48.33,None,18.00,None,50.67,None,8.67,None,4.33,None,18.33,None,52.33,None,8.67,None,9.00
1772551102.2379682,None,26.00,None,13.00,None,8.67,None,48.33,None,18.00,None,50.67,None,8.67,None,4.33,None,18.33,None,52.33,None,8.67,None,9.00
1772551105.4635615,None,26.00,None,13.00,None,8.67,None,48.33,None,18.00,None,55.00,None,8.67,None,4.33,None,18.33,None,52.33,None,8.67,None,9.00
1772551105.4656093,None,26.00,None,13.00,None,8.67,None,48.33,None,18.00,None,55.00,None,8.67,None,4.33,None,18.33,None,52.33,None,8.67,None,9.00
1772551105.5405147,None,26.00,None,13.00,None,8.67,None,48.33,None,18.00,None,55.00,None,8.67,None,4.33,None,22.33,None,52.33,None,8.67,None,9.00
1772551105.5425541,None,26.00,None,13.00,None,8.67,None,48.33,None,18.00,None,55.00,None,8.67,None,4.33,None,22.33,None,52.33,None,8.67,None,9.00
1772551105.612068,None,26.00,None,13.00,None,8.67,None,48.33,None,18.00,None,55.00,None,8.67,None,4.33,None,22.33,None,54.00,None,8.67,None,9.00
1772551105.6141274,None,26.00,None,13.00,None,8.67,None,48.33,None,18.00,None,55.00,None,8.67,None,4.33,None,22.33,None,54.00,None,8.67,None,9.00
1772551105.6855004,None,26.00,None,13.00,None,8.67,None,48.33,None,18.00,None,55.00,None,8.67,None,4.33,None,26.66,None,54.00,None,8.67,None,9.00
1772551105.687595,None,26.00,None,13.00,None,8.67,None,48.33,None,18.00,None,55.00,None,8.67,None,4.33,None,26.66,None,54.00,None,8.67,None,9.00
1772551105.8943682,None,26.00,None,13.00,None,8.67,None,48.33,None,18.00,None,55.00,None,8.67,None,4.33,None,26.66,None,54.00,None,8.67,None,9.00
1772551105.8967283,None,26.00,None,13.00,None,8.67,None,48.33,None,18.00,None,55.00,None,8.67,None,4.33,None,26.66,None,54.00,None,8.67,None,9.00
1772551105.9682937,None,26.00,None,13.00,None,8.67,None,48.33,None,18.00,None,55.00,None,8.67,None,4.33,None,26.66,None,54.00,None,8.67,None,9.00
1772551105.9705324,None,26.00,None,13.00,None,8.67,None,48.33,None,18.00,None,55.00,None,8.67,None,4.33,None,26.66,None,54.00,None,8.67,None,9.00
1772551107.2397609,None,21.67,None,13.00,None,8.67,None,48.33,None,18.00,None,53.34,None,8.67,None,4.33,None,26.66,None,54.00,None,8.67,None,9.00
1772551107.2426422,None,21.67,None,13.00,None,8.67,None,48.33,None,18.00,None,53.34,None,8.67,None,4.33,None,26.66,None,54.00,None,8.67,None,9.00
1772551112.2433457,None,0.00,None,13.00,None,8.67,None,48.33,None,9.00,None,53.34,None,0.00,None,0.00,None,13.33,None,54.00,None,8.67,None,9.00
1772551112.245476,None,0.00,None,13.00,None,8.67,None,48.33,None,9.00,None,53.34,None,0.00,None,0.00,None,13.33,None,54.00,None,8.67,None,9.00
1772551123.4809299,None,0.00,None,13.00,None,8.67,None,48.33,None,9.00,None,55.01,None,0.00,None,0.00,None,13.33,None,54.00,None,8.67,None,9.00
1772551123.4828806,None,0.00,None,13.00,None,8.67,None,48.33,None,9.00,None,55.01,None,0.00,None,0.00,None,13.33,None,54.00,None,8.67,None,9.00
1772551123.5521975,None,0.00,None,13.00,None,8.67,None,48.33,None,9.00,None,55.01,None,0.00,None,0.00,None,17.66,None,54.00,None,8.67,None,9.00
1772551123.5542765,None,0.00,None,13.00,None,8.67,None,48.33,None,9.00,None,55.01,None,0.00,None,0.00,None,17.66,None,54.00,None,8.67,None,9.00
1772551123.6287973,None,0.00,None,13.00,None,8.67,None,48.33,None,9.00,None,55.01,None,0.00,None,4.33,None,17.66,None,54.00,None,8.67,None,9.00
1772551123.630803,None,0.00,None,13.00,None,8.67,None,48.33,None,9.00,None,55.01,None,0.00,None,4.33,None,17.66,None,54.00,None,8.67,None,9.00
1772551123.707174,None,0.00,None,13.00,None,8.67,None,51.66,None,9.00,None,55.01,None,0.00,None,4.33,None,17.66,None,54.00,None,8.67,None,9.00
1772551123.7094147,None,0.00,None,13.00,None,8.67,None,51.66,None,9.00,None,55.01,None,0.00,None,4.33,None,17.66,None,54.00,None,8.67,None,9.00
1772551123.778365,None,0.00,None,13.00,None,8.67,None,51.66,None,9.00,None,55.01,None,0.00,None,4.33,None,26.66,None,54.00,None,8.67,None,9.00
1772551123.7806516,None,0.00,None,13.00,None,8.67,None,51.66,None,9.00,None,55.01,None,0.00,None,4.33,None,26.66,None,54.00,None,8.67,None,9.00
1772551124.0007763,None,0.00,None,13.00,None,8.67,None,51.66,None,9.00,None,55.01,None,0.00,None,4.33,None,35.66,None,54.00,None,8.67,None,9.00
1772551124.0032864,None,0.00,None,13.00,None,8.67,None,51.66,None,9.00,None,55.01,None,0.00,None,4.33,None,35.66,None,54.00,None,8.67,None,9.00
1772551127.2429419,None,0.00,None,13.00,None,8.67,None,42.99,None,0.00,None,41.68,None,0.00,None,4.33,None,30.66,None,45.33,None,8.67,None,9.00
1772551127.2446477,None,0.00,None,13.00,None,8.67,None,42.99,None,0.00,None,41.68,None,0.00,None,4.33,None,30.66,None,45.33,None,8.67,None,9.00
1772551127.30438,None,0.00,None,13.00,None,8.67,None,51.66,None,0.00,None,46.68,None,0.00,None,4.33,None,30.66,None,45.33,None,8.67,None,9.00
1772551127.3058693,None,0.00,None,13.00,None,8.67,None,51.66,None,0.00,None,46.68,None,0.00,None,4.33,None,30.66,None,45.33,None,8.67,None,9.00
1772551127.3573377,None,0.00,None,13.00,None,8.67,None,51.66,None,0.00,None,51.68,None,0.00,None,4.33,None,30.66,None,54.00,None,13.00,None,9.00
1772551127.358859,None,0.00,None,13.00,None,8.67,None,51.66,None,0.00,None,51.68,None,0.00,None,4.33,None,30.66,None,54.00,None,13.00,None,9.00
1772551127.4868557,None,0.00,None,13.00,None,13.00,None,51.66,None,0.00,None,53.35,None,0.00,None,4.33,None,39.66,None,54.00,None,13.00,None,9.00
1772551127.488645,None,0.00,None,13.00,None,13.00,None,51.66,None,0.00,None,53.35,None,0.00,None,4.33,None,39.66,None,54.00,None,13.00,None,9.00
1772551127.5481327,None,0.00,None,17.33,None,13.00,None,51.66,None,0.00,None,55.02,None,0.00,None,4.33,None,48.66,None,54.00,None,13.00,None,9.00
1772551127.549944,None,0.00,None,17.33,None,13.00,None,51.66,None,0.00,None,55.02,None,0.00,None,4.33,None,48.66,None,54.00,None,13.00,None,9.00
1772551127.609774,None,0.00,None,17.33,None,13.00,None,51.66,None,0.00,None,55.02,None,0.00,None,8.66,None,51.99,None,54.00,None,13.00,None,9.00
1772551127.611289,None,0.00,None,17.33,None,13.00,None,51.66,None,0.00,None,55.02,None,0.00,None,8.66,None,51.99,None,54.00,None,13.00,None,9.00
1772551137.2363431,None,0.00,None,17.33,None,13.00,None,51.66,None,0.00,None,53.35,None,0.00,None,8.66,None,55.32,None,49.33,None,13.00,None,9.00
1772551137.2375908,None,0.00,None,17.33,None,13.00,None,51.66,None,0.00,None,53.35,None,0.00,None,8.66,None,55.32,None,49.33,None,13.00,None,9.00
1772551140.378091,None,0.00,None,17.33,None,13.00,None,51.66,None,0.00,None,53.35,None,0.00,None,8.66,None,55.32,None,49.33,None,13.00,None,9.00
1772551140.3797348,None,0.00,None,17.33,None,13.00,None,51.66,None,0.00,None,53.35,None,0.00,None,8.66,None,55.32,None,49.33,None,13.00,None,9.00
1772551140.5303771,None,0.00,None,17.33,None,13.00,None,51.66,None,0.00,None,53.35,None,0.00,None,8.66,None,55.32,None,49.33,None,13.00,None,9.00
1772551140.5320792,None,0.00,None,17.33,None,13.00,None,51.66,None,0.00,None,53.35,None,0.00,None,8.66,None,55.32,None,49.33,None,13.00,None,9.00
1772551140.6019075,None,0.00,None,17.33,None,13.00,None,51.66,None,0.00,None,53.35,None,0.00,None,8.66,None,55.32,None,49.33,None,13.00,None,9.00
1772551140.6040232,None,0.00,None,17.33,None,13.00,None,51.66,None,0.00,None,53.35,None,0.00,None,8.66,None,55.32,None,49.33,None,13.00,None,9.00
1772551140.680449,None,0.00,None,17.33,None,13.00,None,51.66,None,0.00,None,53.35,None,0.00,None,8.66,None,55.32,None,49.33,None,13.00,None,9.00
1772551140.6825025,None,0.00,None,17.33,None,13.00,None,51.66,None,0.00,None,53.35,None,0.00,None,8.66,None,55.32,None,49.33,None,13.00,None,9.00
1772551140.8204792,None,0.00,None,17.33,None,13.00,None,51.66,None,0.00,None,53.35,None,0.00,None,8.66,None,55.32,None,49.33,None,13.00,None,9.00
1772551140.8220232,None,0.00,None,17.33,None,13.00,None,51.66,None,0.00,None,53.35,None,0.00,None,8.66,None,55.32,None,49.33,None,13.00,None,9.00
1772551140.8907616,None,0.00,None,17.33,None,13.00,None,51.66,None,0.00,None,53.35,None,0.00,None,8.66,None,55.32,None,49.33,None,13.00,None,9.00
1772551140.8922763,None,0.00,None,17.33,None,13.00,None,51.66,None,0.00,None,53.35,None,0.00,None,8.66,None,55.32,None,49.33,None,13.00,None,9.00
1772551147.2704072,None,0.00,None,17.33,None,13.00,None,51.66,None,0.00,None,53.35,None,0.00,None,8.66,None,55.32,None,53.66,None,13.00,None,9.00
1772551147.272679,None,0.00,None,17.33,None,13.00,None,51.66,None,0.00,None,53.35,None,0.00,None,8.66,None,55.32,None,53.66,None,13.00,None,9.00
1772551164.393003,None,0.00,None,0.00,None,13.00,None,38.33,None,8.67,None,41.34,None,0.00,None,4.33,None,33.99,None,53.66,None,13.00,None,9.00
1772551164.3943708,None,0.00,None,0.00,None,13.00,None,38.33,None,8.67,None,41.34,None,0.00,None,4.33,None,33.99,None,53.66,None,13.00,None,9.00
1772551164.5594988,None,0.00,None,0.00,None,13.00,None,40.00,None,17.34,None,45.67,None,0.00,None,4.33,None,33.99,None,53.66,None,13.00,None,9.00
1772551164.5613353,None,0.00,None,0.00,None,13.00,None,40.00,None,17.34,None,45.67,None,0.00,None,4.33,None,33.99,None,53.66,None,13.00,None,9.00
1772551164.6229887,None,0.00,None,0.00,None,13.00,None,40.00,None,26.01,None,45.67,None,4.33,None,4.33,None,33.99,None,53.66,None,13.00,None,9.00
1772551164.6243958,None,0.00,None,0.00,None,13.00,None,40.00,None,26.01,None,45.67,None,4.33,None,4.33,None,33.99,None,53.66,None,13.00,None,9.00
1772551164.6833982,None,0.00,None,0.00,None,13.00,None,40.00,None,26.01,None,45.67,None,13.00,None,4.33,None,33.99,None,53.66,None,13.00,None,9.00
1772551164.6848881,None,0.00,None,0.00,None,13.00,None,40.00,None,26.01,None,45.67,None,13.00,None,4.33,None,33.99,None,53.66,None,13.00,None,9.00
1772551164.7483716,None,4.33,None,0.00,None,13.00,None,40.00,None,29.34,None,45.67,None,13.00,None,4.33,None,33.99,None,53.66,None,13.00,None,9.00
1772551164.7499082,None,4.33,None,0.00,None,13.00,None,40.00,None,29.34,None,45.67,None,13.00,None,4.33,None,33.99,None,53.66,None,13.00,None,9.00
1772551164.903788,None,4.33,None,0.00,None,13.00,None,49.00,None,29.34,None,54.34,None,13.00,None,4.33,None,33.99,None,53.66,None,13.00,None,9.00
1772551164.9054365,None,4.33,None,0.00,None,13.00,None,49.00,None,29.34,None,54.34,None,13.00,None,4.33,None,33.99,None,53.66,None,13.00,None,9.00
