No.,timestamp,time_seconds,users,cpu_utilization,gpu_utilization,bandwidth_utilization,cache_utilization,network_cpu_utilization,network_gpu_utilization,network_cache_utilization,mobile_cpu_utilization,mobile_gpu_utilization,mobile_cache_utilization,latency,comp_latency,comm_latency,latency_diff,queue_time,decision_time_ms,success,fail_reason,sfc_id,recovery_time,sfc_recovered,cpu_saved,gpu_saved,cache_saved,shared_vnfs,running_sfcs,running_players,running_sessions,trascode_bw,crashing,acceptance_rate,cpu_per_flow,gpu_per_flow,cache_per_flow,jain_cpu,jain_gpu,jain_cache,jain_bw,server_energy_consumption,mobile_energy_consumption,total_energy_consumption,avg_sfc_reliability,high_risk_sfcs,medium_risk_sfcs,low_risk_sfcs
0,1769379103.813799,0,1,0.0324,0.0,0.0017,0.0249,3.3479,0.0,2.4947,0.0,0.0,0.0,5.03,4.09,0.94,None,0.0010018348693847656,23.0,True,None,sfc_cache_p1_1,0,None,0,0,0,1,2,0,0,0,False,100.0,15.5,0.0,16.5,0.0769,1.0,0.04,0.0245,2057.9925708094725,10.0,2067.9925708094725,0.9997488624052004,0,0,2
0,1769379103.8187973,0.0,1,0.0324,0.0,0.0017,0.0249,3.3479,0.0,2.4947,0.0,0.0,0.0,7.21,5.52,1.69,None,0.0010018348693847656,20.999,True,None,sfc_unique_p1_1,0,None,0,0,0,1,2,0,0,0,False,100.0,15.5,0.0,16.5,0.0769,1.0,0.04,0.0245,2057.9925708094725,10.0,2067.9925708094725,0.9997488624052004,0,0,2
0,1769379103.9247985,0.1,2,0.055,0.0,0.0034,0.0249,5.7961,0.0,2.4947,0.0,0.0,0.0,5.35,4.09,1.26,None,0.10374116897583008,48.002,True,None,sfc_cache_p2_1,0,None,8.33,0,33.0,5,4,0,0,0,False,100.0,13.4175,0.0,8.25,0.0714,1.0,0.0385,0.0245,2076.070654697415,20.0,2096.070654697415,0.9996383369447454,0,0,4
0,1769379103.9277964,0.1,2,0.055,0.0,0.0034,0.0249,5.7961,0.0,2.4947,0.0,0.0,0.0,7.85,5.52,2.33,None,0.10374116897583008,44.999,True,None,sfc_unique_p2_1,0,None,8.33,0,33.0,5,4,0,0,0,False,100.0,13.4175,0.0,8.25,0.0714,1.0,0.0385,0.0245,2076.070654697415,20.0,2096.070654697415,0.9996383369447454,0,0,4
0,1769379104.013278,0.2,3,0.0763,0.0,0.0051,0.0249,8.2444,0.0,2.4947,0.0,0.0,0.0,5.73,4.09,1.63,None,0.21374106407165527,32.004,True,None,sfc_cache_p3_1,0,None,16.66,0,66.0,9,6,0,0,0,False,100.0,12.723333333333334,0.0,5.5,0.0667,1.0,0.037,0.0245,2099.7546819377803,30.0,2129.7546819377803,0.9995278114842904,0,0,6
0,1769379104.0182788,0.2,3,0.0763,0.0,0.0051,0.0249,8.2444,0.0,2.4947,0.0,0.0,0.0,8.6,5.52,3.08,None,0.21374106407165527,25.002,True,None,sfc_unique_p3_1,0,None,16.66,0,66.0,9,6,0,0,0,False,100.0,12.723333333333334,0.0,5.5,0.0667,1.0,0.037,0.0245,2099.7546819377803,30.0,2129.7546819377803,0.9995278114842904,0,0,6
0,1769379104.0998068,0.3,4,0.0971,0.0,0.0067,0.0249,10.6927,0.0,2.4947,0.0,0.0,0.0,4.97,4.09,0.88,None,0.30422401428222656,30.004,True,None,sfc_cache_p4_1,0,None,24.99,0,99.0,13,8,0,0,0,False,100.0,12.37625,0.0,4.125,0.0625,1.0,0.0357,0.0245,2110.0,40.0,2150.0,0.9994172860238352,0,0,8
0,1769379104.1028047,0.3,4,0.0971,0.0,0.0067,0.0249,10.6927,0.0,2.4947,0.0,0.0,0.0,7.09,5.52,1.57,None,0.30422401428222656,34.527,True,None,sfc_unique_p4_1,0,None,24.99,0,99.0,13,8,0,0,0,False,100.0,12.37625,0.0,4.125,0.0625,1.0,0.0357,0.0245,2110.0,40.0,2150.0,0.9994172860238352,0,0,8
0,1769379104.1808028,0.4,5,0.1158,0.0,0.0084,0.0249,13.141,0.0,2.4947,0.0,0.0,0.0,5.73,4.09,1.63,None,0.3867502212524414,28.001,True,None,sfc_cache_p5_1,0,None,33.32,0,132.0,17,10,0,0,0,False,100.0,12.168000000000001,0.0,3.3,0.0588,1.0,0.0345,0.0245,2110.0,50.0,2160.0,0.9993067605633803,0,0,10
0,1769379104.182804,0.4,5,0.1158,0.0,0.0084,0.0249,13.141,0.0,2.4947,0.0,0.0,0.0,8.6,5.52,3.08,None,0.3867502212524414,22.995,True,None,sfc_unique_p5_1,0,None,33.32,0,132.0,17,10,0,0,0,False,100.0,12.168000000000001,0.0,3.3,0.0588,1.0,0.0345,0.0245,2110.0,50.0,2160.0,0.9993067605633803,0,0,10
0,1769379104.2613254,0.4,6,0.1349,0.0,0.0128,0.0249,15.5892,0.0,2.4947,0.0,0.0,0.0,5.03,4.09,0.94,None,0.4657459259033203,30.005,True,None,sfc_cache_p6_1,0,None,41.65,0,165.0,20,12,0,0,0,False,100.0,12.029166666666667,0.0,2.75,0.0708,1.0,0.0333,0.0319,2120.2557653613994,60.0,2180.2557653613994,0.9992585564917338,0,0,12
0,1769379104.2643242,0.5,6,0.1349,0.0,0.0128,0.0249,15.5892,0.0,2.4947,0.0,0.0,0.0,6.75,4.41,2.34,None,0.4657459259033203,31.52,True,None,sfc_unique_p6_1,0,None,41.65,0,165.0,20,12,0,0,0,False,100.0,12.029166666666667,0.0,2.75,0.0708,1.0,0.0333,0.0319,2120.2557653613994,60.0,2180.2557653613994,0.9992585564917338,0,0,12
0,1769379118.8863451,15.1,6,0.1611,0.0,0.0145,0.0499,18.9371,0.0,4.9894,0.0,0.0,0.0,7.79,5.97,1.82,None,0.0010023117065429688,35.002,True,None,sfc_cache_p1_2,0,None,41.65,0,165.0,21,14,0,0,0,False,100.0,12.525,0.0,4.714285714285714,0.1089,1.0,0.0593,0.0407,2151.827193932828,70.0,2221.827193932828,0.9961644769929148,0,0,14
0,1769379118.8903432,15.1,6,0.1611,0.0,0.0145,0.0499,18.9371,0.0,4.9894,0.0,0.0,0.0,11.64,8.05,3.59,None,0.0010023117065429688,41.999,True,None,sfc_unique_p1_2,0,None,41.65,0,165.0,21,14,0,0,0,False,100.0,12.525,0.0,4.714285714285714,0.1089,1.0,0.0593,0.0407,2151.827193932828,70.0,2221.827193932828,0.9961644769929148,0,0,14
0,1769379118.9663422,15.2,7,0.1788,0.0,0.0162,0.0499,21.3854,0.0,4.9894,0.0,0.0,0.0,7.7,5.97,1.73,None,0.10500311851501465,26.998,True,None,sfc_cache_p2_2,0,None,49.98,0,198.0,25,16,0,0,0,False,100.0,12.37625,0.0,4.125,0.1132,1.0,0.0574,0.0478,2165.2557653613994,80.0,2245.2557653613994,0.9915769173688003,0,0,16
0,1769379118.969343,15.2,7,0.1788,0.0,0.0162,0.0499,21.3854,0.0,4.9894,0.0,0.0,0.0,11.46,8.05,3.4,None,0.10500311851501465,31.0,True,None,sfc_unique_p2_2,0,None,49.98,0,198.0,25,16,0,0,0,False,100.0,12.37625,0.0,4.125,0.1132,1.0,0.0574,0.0478,2165.2557653613994,80.0,2245.2557653613994,0.9915769173688003,0,0,16
0,1769379119.0383434,15.2,8,0.187,0.0227,0.0233,0.0499,22.8617,2.2679,4.9894,0.0,0.0,0.0,7.84,5.97,1.87,None,0.1849992275238037,23.0,True,None,sfc_cache_p3_2,0,None,58.31,0,231.0,29,18,0,0,0,False,100.0,11.760555555555555,0.5,3.6666666666666665,0.108,0.0833,0.0557,0.0609,2184.778541934067,90.0,2274.778541934067,0.9829517196086128,1,5,12
0,1769379119.0413435,15.2,8,0.187,0.0227,0.0233,0.0499,22.8617,2.2679,4.9894,0.0,0.0,0.0,10.52,6.37,4.15,None,0.1849992275238037,27.005,True,None,sfc_unique_p3_2,0,None,58.31,0,231.0,29,18,0,0,0,False,100.0,11.760555555555555,0.5,3.6666666666666665,0.108,0.0833,0.0557,0.0609,2184.778541934067,90.0,2274.778541934067,0.9829517196086128,1,5,12
0,1769379119.113347,15.3,9,0.2071,0.0336,0.033,0.0748,25.7419,3.359,7.4841,0.0,0.0,0.0,7.22,4.87,2.35,None,0.2550013065338135,28.001,True,None,sfc_cache_p4_2,0,None,58.31,0,231.0,29,20,0,0,0,False,100.0,11.918000000000001,0.6665,4.95,0.1305,0.0833,0.0828,0.084,2207.622272094103,100.0,2307.622272094103,0.9761430259939807,2,5,13
0,1769379119.1163394,15.3,9,0.2071,0.0336,0.033,0.0748,25.7419,3.359,7.4841,0.0,0.0,0.0,12.81,7.42,5.39,None,0.2550013065338135,29.0,True,None,sfc_unique_p4_2,0,None,58.31,0,231.0,29,20,0,0,0,False,100.0,11.918000000000001,0.6665,4.95,0.1305,0.0833,0.0828,0.084,2207.622272094103,100.0,2307.622272094103,0.9761430259939807,2,5,13
0,1769379119.1828704,15.4,10,0.2257,0.0336,0.0363,0.0748,28.6578,3.359,7.4841,0.0,0.0,0.0,7.69,5.66,2.03,None,0.3299980163574219,26.514,True,None,sfc_cache_p5_2,0,None,62.31,0,264.0,32,22,0,0,0,False,100.0,12.061818181818182,0.605909090909091,4.5,0.1534,0.0833,0.0805,0.0877,2234.9079863798174,110.0,2344.9079863798174,0.9758471432544428,2,5,15
0,1769379119.1858664,15.4,10,0.2257,0.0336,0.0363,0.0748,28.6578,3.359,7.4841,0.0,0.0,0.0,11.11,7.63,3.48,None,0.3299980163574219,22.004,True,None,sfc_unique_p5_2,0,None,62.31,0,264.0,32,22,0,0,0,False,100.0,12.061818181818182,0.605909090909091,4.5,0.1534,0.0833,0.0805,0.0877,2234.9079863798174,110.0,2344.9079863798174,0.9758471432544428,2,5,15
0,1769379119.2543774,15.4,11,0.2481,0.0336,0.0463,0.0998,32.0057,3.359,9.9788,0.0,0.0,0.0,6.98,3.68,3.3,None,0.3995215892791748,23.002,True,None,sfc_cache_p6_2,0,None,62.31,0,264.0,34,24,0,0,0,False,100.0,12.348333333333334,0.5554166666666667,5.5,0.1716,0.0833,0.1021,0.1053,2257.823556724965,120.0,2377.823556724965,0.9764154173382216,2,5,17
0,1769379119.2573743,15.4,11,0.2481,0.0336,0.0463,0.0998,32.0057,3.359,9.9788,0.0,0.0,0.0,11.29,6.54,4.75,None,0.3995215892791748,26.513,True,None,sfc_unique_p6_2,0,None,62.31,0,264.0,34,24,0,0,0,False,100.0,12.348333333333334,0.5554166666666667,5.5,0.1716,0.0833,0.1021,0.1053,2257.823556724965,120.0,2377.823556724965,0.9764154173382216,2,5,17
0,1769379119.8039203,16.0,11,0.2259,0.0818,0.0525,0.0998,29.5212,8.178,10.7949,0.0,0.0,0.0,8.15,4.47,3.68,None,0.0,26.0,True,None,sfc_cache_p5_2,0,None,58.31,0,231.0,31,22,0,0,0,True,100.0,11.485909090909091,1.3636363636363635,6.0,0.1328,0.2058,0.1078,0.1116,2109.3072434607648,120.0,2229.3072434607648,0.9737571285301868,2,6,14
0,1769379119.807921,16.0,11,0.2259,0.0818,0.0525,0.0998,29.5212,8.178,10.7949,0.0,0.0,0.0,7.14,1.8,5.34,None,0.0,25.001,True,None,sfc_unique_p5_2,0,None,58.31,0,231.0,31,22,0,0,0,True,100.0,11.485909090909091,1.3636363636363635,6.0,0.1328,0.2058,0.1078,0.1116,2109.3072434607648,120.0,2229.3072434607648,0.9737571285301868,2,6,14
0,1769379119.8854337,16.1,11,0.2417,0.0954,0.065,0.0998,31.5856,9.5409,10.7949,0.0,0.0,0.0,6.61,3.03,3.58,None,0.07500100135803223,31.0,True,None,sfc_cache_p4_2,0,None,66.64,0,264.0,35,24,0,0,0,True,100.0,11.265,1.4583333333333333,5.5,0.1442,0.225,0.1078,0.1198,2130.340055718929,120.0,2250.340055718929,0.9739229310753719,2,6,16
0,1769379119.888434,16.1,11,0.2417,0.0954,0.065,0.0998,31.5856,9.5409,10.7949,0.0,0.0,0.0,8.85,3.53,5.32,None,0.07500100135803223,25.996,True,None,sfc_unique_p4_2,0,None,66.64,0,264.0,35,24,0,0,0,True,100.0,11.265,1.4583333333333333,5.5,0.1442,0.225,0.1078,0.1198,2130.340055718929,120.0,2250.340055718929,0.9739229310753719,2,6,16
0,1769379137.0147927,33.2,11,0.2572,0.0737,0.0637,0.0998,33.9157,7.3652,11.2178,0.0,0.0,0.0,8.1,5.97,2.12,None,0.0,64.003,True,None,sfc_cache_p3_2,0,None,66.64,0,264.0,35,24,0,0,0,True,100.0,11.64,1.0833333333333333,5.5,0.1608,0.1895,0.1145,0.1191,2059.9829128617857,120.0,2179.9829128617857,0.9403560448926092,1,8,15
0,1769379137.018793,33.2,11,0.2572,0.0737,0.0637,0.0998,33.9157,7.3652,11.2178,0.0,0.0,0.0,13.34,7.99,5.35,None,0.0,30.0,True,None,sfc_unique_p3_2,0,None,66.64,0,264.0,35,24,0,0,0,True,100.0,11.64,1.0833333333333333,5.5,0.1608,0.1895,0.1145,0.1191,2059.9829128617857,120.0,2179.9829128617857,0.9403560448926092,1,8,15
0,1769379140.9543905,37.1,11,0.2585,0.0809,0.0742,0.1247,34.1684,8.0938,12.9239,0.0,0.0,0.0,5.39,3.01,2.38,None,0.0,27.921,True,None,sfc_cache_p1_3,0,None,66.64,0,264.0,36,26,0,0,0,True,100.0,11.744615384615384,1.1923076923076923,6.346153846153846,0.1615,0.1749,0.1038,0.1302,2240.0313202290668,130.0,2370.0313202290668,0.9435962709600548,1,8,17
0,1769379140.9593892,37.1,11,0.2585,0.0809,0.0742,0.1247,34.1684,8.0938,12.9239,0.0,0.0,0.0,7.06,3.53,3.53,None,0.0,22.998,True,None,sfc_unique_p1_3,0,None,66.64,0,264.0,36,26,0,0,0,True,100.0,11.744615384615384,1.1923076923076923,6.346153846153846,0.1615,0.1749,0.1038,0.1302,2240.0313202290668,130.0,2370.0313202290668,0.9435962709600548,1,8,17
0,1769379141.0363903,37.2,12,0.277,0.0809,0.0797,0.1247,37.1896,8.0938,12.9239,0.0,0.0,0.0,6.02,3.65,2.38,None,0.0839991569519043,28.003,True,None,sfc_cache_p2_3,0,None,70.64,0,297.0,39,28,0,0,0,True,100.0,11.870000000000001,1.1071428571428572,5.892857142857143,0.1678,0.1749,0.1009,0.1361,2260.311462621885,140.0,2400.311462621885,0.9475358992607792,1,8,19
0,1769379141.040391,37.2,12,0.277,0.0809,0.0797,0.1247,37.1896,8.0938,12.9239,0.0,0.0,0.0,8.29,4.77,3.53,None,0.0839991569519043,21.005,True,None,sfc_unique_p2_3,0,None,70.64,0,297.0,39,28,0,0,0,True,100.0,11.870000000000001,1.1071428571428572,5.892857142857143,0.1678,0.1749,0.1009,0.1361,2260.311462621885,140.0,2400.311462621885,0.9475358992607792,1,8,19
0,1769379141.1293924,37.3,13,0.2786,0.1123,0.0914,0.1247,38.3836,11.2269,12.9239,0.0,0.0,0.0,6.07,3.65,2.42,None,0.16499686241149902,30.009,True,None,sfc_cache_p3_3,0,None,78.97,0,330.0,43,30,0,0,0,True,100.0,11.434333333333333,1.4333333333333333,5.5,0.164,0.208,0.0982,0.1383,2288.540334313574,150.0,2438.540334313574,0.9497543910616757,3,6,21
0,1769379141.1323984,37.3,13,0.2786,0.1123,0.0914,0.1247,38.3836,11.2269,12.9239,0.0,0.0,0.0,5.91,2.29,3.62,None,0.16499686241149902,31.004,True,None,sfc_unique_p3_3,0,None,78.97,0,330.0,43,30,0,0,0,True,100.0,11.434333333333333,1.4333333333333333,5.5,0.164,0.208,0.0982,0.1383,2288.540334313574,150.0,2438.540334313574,0.9497543910616757,3,6,21
0,1769379141.2433887,37.4,14,0.2938,0.1253,0.1013,0.1497,41.2928,12.5323,15.5087,0.0,0.0,0.0,5.9,3.49,2.41,None,0.25600647926330566,34.005,True,None,sfc_cache_p4_3,0,None,78.97,0,330.0,45,32,0,0,0,True,100.0,11.5321875,1.5,6.1875,0.1676,0.2204,0.0994,0.1374,2319.6865253056803,160.0,2479.6865253056803,0.9504629118955902,3,7,22
0,1769379141.2463887,37.4,14,0.2938,0.1253,0.1013,0.1497,41.2928,12.5323,15.5087,0.0,0.0,0.0,7.52,3.93,3.6,None,0.25600647926330566,30.004,True,None,sfc_unique_p4_3,0,None,78.97,0,330.0,45,32,0,0,0,True,100.0,11.5321875,1.5,6.1875,0.1676,0.2204,0.0994,0.1374,2319.6865253056803,160.0,2479.6865253056803,0.9504629118955902,3,7,22
0,1769379141.3323889,37.5,15,0.303,0.141,0.1099,0.1497,43.6427,14.0988,15.5087,0.0,0.0,0.0,5.31,2.63,2.68,None,0.37200093269348145,29.998,True,None,sfc_cache_p5_3,0,None,82.97,0,363.0,48,34,0,0,0,True,100.0,11.471470588235293,1.588235294117647,5.823529411764706,0.1652,0.228,0.0969,0.1358,2345.1984429654854,170.0,2515.1984429654854,0.9522001583372891,3,7,24
0,1769379141.3353887,37.5,15,0.303,0.141,0.1099,0.1497,43.6427,14.0988,15.5087,0.0,0.0,0.0,8.43,4.3,4.13,None,0.37200093269348145,24.003,True,None,sfc_unique_p5_3,0,None,82.97,0,363.0,48,34,0,0,0,True,100.0,11.471470588235293,1.588235294117647,5.823529411764706,0.1652,0.228,0.0969,0.1358,2345.1984429654854,170.0,2515.1984429654854,0.9522001583372891,3,7,24
0,1769379141.4414623,37.6,16,0.313,0.141,0.1172,0.1497,46.1793,14.0988,15.5087,0.0,0.0,0.0,5.95,3.23,2.72,None,0.45799732208251953,34.524,True,None,sfc_cache_p6_3,0,None,91.3,0,396.0,51,36,0,0,0,True,100.0,11.463888888888889,1.5,5.5,0.1712,0.228,0.0944,0.1405,2358.9331589537223,180.0,2538.9331589537223,0.9547928880821203,3,7,26
0,1769379141.446464,37.6,16,0.313,0.141,0.1172,0.1497,46.1793,14.0988,15.5087,0.0,0.0,0.0,8.53,4.66,3.87,None,0.45799732208251953,30.529,True,None,sfc_unique_p6_3,0,None,91.3,0,396.0,51,36,0,0,0,True,100.0,11.463888888888889,1.5,5.5,0.1712,0.228,0.0944,0.1405,2358.9331589537223,180.0,2538.9331589537223,0.9547928880821203,3,7,26
0,1769379153.5847044,49.8,16,0.2834,0.0935,0.0932,0.1247,43.3853,9.3482,14.0223,0.0,0.0,0.0,9.97,6.54,3.43,None,0.0010063648223876953,25.0,True,None,sfc_cache_p5_2,0,None,74.64,0,330.0,42,30,0,0,0,True,100.0,11.912,1.1,5.5,0.1696,0.2102,0.0956,0.1271,2150.167904763807,180.0,2330.167904763807,0.9897650220713687,1,1,28
0,1769379153.5882142,49.8,16,0.2834,0.0935,0.0932,0.1247,43.3853,9.3482,14.0223,0.0,0.0,0.0,13.11,7.63,5.47,None,0.0010063648223876953,169.512,True,None,sfc_unique_p5_2,0,None,74.64,0,330.0,42,30,0,0,0,True,100.0,11.912,1.1,5.5,0.1696,0.2102,0.0956,0.1271,2150.167904763807,180.0,2330.167904763807,0.9897650220713687,1,1,28
0,1769379153.6542177,49.8,16,0.3028,0.0935,0.0966,0.1247,46.1375,9.3482,14.0223,0.0,0.0,0.0,8.74,5.66,3.08,None,0.22302556037902832,23.998,True,None,sfc_cache_p3_2,0,None,82.97,0,363.0,46,32,0,0,0,True,100.0,11.8759375,1.03125,5.15625,0.1745,0.2102,0.0956,0.1345,2165.0279047638073,180.0,2345.0279047638073,0.9879286667561707,1,1,30
0,1769379153.657216,49.8,16,0.3028,0.0935,0.0966,0.1247,46.1375,9.3482,14.0223,0.0,0.0,0.0,13.21,7.63,5.58,None,0.22302556037902832,24.0,True,None,sfc_unique_p3_2,0,None,82.97,0,363.0,46,32,0,0,0,True,100.0,11.8759375,1.03125,5.15625,0.1745,0.2102,0.0956,0.1345,2165.0279047638073,180.0,2345.0279047638073,0.9879286667561707,1,1,30
0,1769379153.7432172,49.9,16,0.3193,0.0935,0.1055,0.1247,48.8898,9.3482,14.0223,0.0,0.0,0.0,8.28,5.66,2.62,None,0.2920241355895996,29.995,True,None,sfc_cache_p2_2,0,None,91.3,0,396.0,49,34,0,0,0,True,100.0,11.844117647058823,0.9705882352941176,4.852941176470588,0.1766,0.2102,0.0956,0.1541,2170.251554353654,180.0,2350.251554353654,0.9858618550674223,1,6,27
0,1769379153.7482326,49.9,16,0.3193,0.0935,0.1055,0.1247,48.8898,9.3482,14.0223,0.0,0.0,0.0,11.41,6.1,5.31,None,0.2920241355895996,30.01,True,None,sfc_unique_p2_2,0,None,91.3,0,396.0,49,34,0,0,0,True,100.0,11.844117647058823,0.9705882352941176,4.852941176470588,0.1766,0.2102,0.0956,0.1541,2170.251554353654,180.0,2350.251554353654,0.9858618550674223,1,6,27
0,1769379153.8312182,50.0,16,0.3396,0.1029,0.1184,0.1497,52.249,10.2915,16.8267,0.0,0.0,0.0,6.8,3.72,3.08,None,0.38602495193481445,26.996,True,None,sfc_cache_p1_2,0,None,91.3,0,396.0,51,36,0,0,0,True,100.0,11.954722222222223,1.0091666666666665,5.5,0.1874,0.2976,0.1185,0.1739,2197.0214915137412,180.0,2377.0214915137412,0.9833511160546793,1,8,27
0,1769379153.8342152,50.0,16,0.3396,0.1029,0.1184,0.1497,52.249,10.2915,16.8267,0.0,0.0,0.0,8.49,3.57,4.92,None,0.38602495193481445,34.998,True,None,sfc_unique_p1_2,0,None,91.3,0,396.0,51,36,0,0,0,True,100.0,11.954722222222223,1.0091666666666665,5.5,0.1874,0.2976,0.1185,0.1739,2197.0214915137412,180.0,2377.0214915137412,0.9833511160546793,1,8,27
0,1769379155.0617874,51.2,16,0.3527,0.1123,0.1312,0.1746,55.6083,11.2348,19.6312,0.0,0.0,0.0,6.2,3.72,2.47,None,0.0009918212890625,28.0,True,None,sfc_cache_p1_4,0,None,91.3,0,396.0,52,38,0,0,0,True,100.0,12.053684210526317,1.0436842105263158,6.078947368421052,0.1863,0.3072,0.1177,0.1967,2231.4078967128316,190.0,2421.4078967128316,0.9804872603627715,3,8,27
0,1769379155.0647876,51.3,16,0.3527,0.1123,0.1312,0.1746,55.6083,11.2348,19.6312,0.0,0.0,0.0,7.27,3.57,3.71,None,0.0009918212890625,35.0,True,None,sfc_unique_p1_4,0,None,91.3,0,396.0,52,38,0,0,0,True,100.0,12.053684210526317,1.0436842105263158,6.078947368421052,0.1863,0.3072,0.1177,0.1967,2231.4078967128316,190.0,2421.4078967128316,0.9804872603627715,3,8,27
0,1769379155.1427927,51.3,17,0.3565,0.1671,0.148,0.1996,57.0239,16.7134,22.4356,0.0,0.0,0.0,6.41,3.03,3.38,None,0.09899091720581055,24.998,True,None,sfc_cache_p2_4,0,None,91.3,0,396.0,53,40,0,0,0,True,100.0,11.7425,1.475,6.6,0.1847,0.4422,0.1063,0.1999,2276.5009689926646,200.0,2476.5009689926646,0.9797805185692102,3,9,28
0,1769379155.1467946,51.3,17,0.3565,0.1671,0.148,0.1996,57.0239,16.7134,22.4356,0.0,0.0,0.0,8.11,3.21,4.9,None,0.09899091720581055,26.003,True,None,sfc_unique_p2_4,0,None,91.3,0,396.0,53,40,0,0,0,True,100.0,11.7425,1.475,6.6,0.1847,0.4422,0.1063,0.1999,2276.5009689926646,200.0,2476.5009689926646,0.9797805185692102,3,9,28
0,1769379155.2297907,51.4,18,0.3583,0.2059,0.1648,0.1996,58.1165,20.5858,22.4356,0.0,0.0,0.0,5.09,2.79,2.31,None,0.1799912452697754,28.996,True,None,sfc_cache_p3_4,0,None,99.63,0,429.0,57,42,0,0,0,True,100.0,11.397619047619047,1.7302380952380954,6.285714285714286,0.179,0.4905,0.1037,0.2063,2305.0296797185583,210.0,2515.0296797185583,0.979106018161122,3,11,28
0,1769379155.2347898,51.4,18,0.3583,0.2059,0.1648,0.1996,58.1165,20.5858,22.4356,0.0,0.0,0.0,6.29,2.3,3.99,None,0.1799912452697754,23.998,True,None,sfc_unique_p3_4,0,None,99.63,0,429.0,57,42,0,0,0,True,100.0,11.397619047619047,1.7302380952380954,6.285714285714286,0.179,0.4905,0.1037,0.2063,2305.0296797185583,210.0,2515.0296797185583,0.979106018161122,3,11,28
0,1769379155.3147936,51.5,19,0.3631,0.2446,0.1776,0.1996,59.7349,24.4582,22.4356,0.0,0.0,0.0,6.53,2.88,3.65,None,0.2709927558898926,24.001,True,None,sfc_cache_p4_4,0,None,103.63,0,462.0,60,44,0,0,0,True,100.0,11.1825,1.9622727272727274,6.0,0.1738,0.422,0.1012,0.2048,2320.092790692092,220.0,2540.092790692092,0.9783772266186194,3,11,30
0,1769379155.3197887,51.5,19,0.3631,0.2446,0.1776,0.1996,59.7349,24.4582,22.4356,0.0,0.0,0.0,7.08,2.32,4.76,None,0.2709927558898926,25.002,True,None,sfc_unique_p4_4,0,None,103.63,0,462.0,60,44,0,0,0,True,100.0,11.1825,1.9622727272727274,6.0,0.1738,0.422,0.1012,0.2048,2320.092790692092,220.0,2540.092790692092,0.9783772266186194,3,11,30
0,1769379155.419788,51.6,20,0.3706,0.254,0.1904,0.1996,62.0828,25.4015,22.4356,0.0,0.0,0.0,6.93,3.28,3.65,None,0.35599398612976074,23.001,True,None,sfc_cache_p5_4,0,None,111.96,0,495.0,64,46,0,0,0,True,100.0,11.116739130434782,1.9493478260869566,5.739130434782608,0.1701,0.4521,0.0989,0.2146,2336.2288880454425,230.0,2566.2288880454425,0.9781277808634374,3,12,31
0,1769379155.423787,51.6,20,0.3706,0.254,0.1904,0.1996,62.0828,25.4015,22.4356,0.0,0.0,0.0,7.56,3.41,4.15,None,0.35599398612976074,35.0,True,None,sfc_unique_p5_4,0,None,111.96,0,495.0,64,46,0,0,0,True,100.0,11.116739130434782,1.9493478260869566,5.739130434782608,0.1701,0.4521,0.0989,0.2146,2336.2288880454425,230.0,2566.2288880454425,0.9781277808634374,3,12,31
0,1769379155.5477464,51.7,21,0.3878,0.254,0.1998,0.2245,65.1179,25.4015,25.2401,1.0435,0.0,0.0,12.19,7.39,4.81,None,0.4579927921295166,34.998,True,None,sfc_cache_p6_4,0,None,111.96,0,495.0,65,48,0,0,0,True,100.0,11.299375,1.868125,6.1875,0.1939,0.4521,0.1191,0.2212,2343.610356901966,244.4,2588.010356901966,0.9565759725631621,4,13,31
0,1769379155.55275,51.7,21,0.3878,0.254,0.1998,0.2245,65.1179,25.4015,25.2401,1.0435,0.0,0.0,10.91,6.77,4.15,None,0.4579927921295166,42.508,True,None,sfc_unique_p6_4,0,None,111.96,0,495.0,65,48,0,0,0,True,100.0,11.299375,1.868125,6.1875,0.1939,0.4521,0.1191,0.2212,2343.610356901966,244.4,2588.010356901966,0.9565759725631621,4,13,31
0,1769379158.7779474,55.0,21,0.3165,0.193,0.1558,0.1746,55.0537,19.297,20.5736,0.0,0.0,0.0,6.9,4.6,2.31,None,0.0010008811950683594,26.0,True,None,sfc_cache_p6_4,0,None,91.3,0,396.0,52,38,0,0,0,True,100.0,11.386842105263158,1.7105263157894737,6.078947368421052,0.1459,0.5243,0.1043,0.2378,2135.5083349840406,240.0,2375.5083349840406,0.8984646704596307,7,10,21
0,1769379158.7819476,55.0,21,0.3165,0.193,0.1558,0.1746,55.0537,19.297,20.5736,0.0,0.0,0.0,7.25,2.86,4.39,None,0.0010008811950683594,32.999,True,None,sfc_unique_p6_4,0,None,91.3,0,396.0,52,38,0,0,0,True,100.0,11.386842105263158,1.7105263157894737,6.078947368421052,0.1459,0.5243,0.1043,0.2378,2135.5083349840406,240.0,2375.5083349840406,0.8984646704596307,7,10,21
0,1769379158.8629594,55.0,21,0.3337,0.2029,0.1653,0.1996,58.5742,20.2856,23.5126,0.0,0.0,0.0,8.19,3.88,4.31,None,0.0839991569519043,25.981,True,None,sfc_cache_p6_2,0,None,91.3,0,396.0,53,40,0,0,0,True,100.0,11.50925,1.70825,6.6,0.1483,0.5557,0.0966,0.2414,2153.4080409119156,240.0,2393.4080409119156,0.903454679203843,7,10,23
0,1769379158.8659613,55.1,21,0.3337,0.2029,0.1653,0.1996,58.5742,20.2856,23.5126,0.0,0.0,0.0,10.98,3.93,7.06,None,0.0839991569519043,33.006,True,None,sfc_unique_p6_2,0,None,91.3,0,396.0,53,40,0,0,0,True,100.0,11.50925,1.70825,6.6,0.1483,0.5557,0.0966,0.2414,2153.4080409119156,240.0,2393.4080409119156,0.903454679203843,7,10,23
0,1769379158.9598787,55.1,21,0.3477,0.2127,0.177,0.1996,61.0349,21.2742,23.5126,0.0,0.0,0.0,6.92,3.92,3.01,None,0.16853046417236328,37.386,True,None,sfc_cache_p4_4,0,None,99.63,0,429.0,57,42,0,0,0,True,100.0,11.421666666666667,1.706190476190476,6.285714285714286,0.1482,0.4893,0.0966,0.2408,2158.961186248141,240.0,2398.961186248141,0.9047362416228845,8,10,24
0,1769379158.9648852,55.2,21,0.3477,0.2127,0.177,0.1996,61.0349,21.2742,23.5126,0.0,0.0,0.0,7.1,3.57,3.54,None,0.16853046417236328,29.01,True,None,sfc_unique_p4_4,0,None,99.63,0,429.0,57,42,0,0,0,True,100.0,11.421666666666667,1.706190476190476,6.285714285714286,0.1482,0.4893,0.0966,0.2408,2158.961186248141,240.0,2398.961186248141,0.9047362416228845,8,10,24
0,1769379159.0498776,55.2,21,0.3641,0.2127,0.1825,0.1996,63.9193,21.2742,23.5126,0.0,0.0,0.0,6.24,3.65,2.59,None,0.2699253559112549,30.981,True,None,sfc_cache_p5_3,0,None,107.96,0,462.0,61,44,0,0,0,True,100.0,11.417727272727273,1.6286363636363637,6.0,0.1495,0.4893,0.0966,0.239,2164.184835837988,240.0,2404.184835837988,0.9089774459467953,8,10,26
0,1769379159.0548813,55.2,21,0.3641,0.2127,0.1825,0.1996,63.9193,21.2742,23.5126,0.0,0.0,0.0,8.71,4.77,3.95,None,0.2699253559112549,27.998,True,None,sfc_unique_p5_3,0,None,107.96,0,462.0,61,44,0,0,0,True,100.0,11.417727272727273,1.6286363636363637,6.0,0.1495,0.4893,0.0966,0.239,2164.184835837988,240.0,2404.184835837988,0.9089774459467953,8,10,26
0,1769379159.1408737,55.3,21,0.383,0.2345,0.193,0.2245,66.1675,23.4503,26.4517,1.0213,0.0,0.0,8.12,4.08,4.04,None,0.3609309196472168,24.999,True,None,sfc_cache_p3_3,0,None,107.96,0,462.0,62,46,0,0,0,True,100.0,11.43586956521739,1.7171739130434782,6.456521739130435,0.165,0.515,0.1191,0.2371,2183.1695131325246,240.0,2423.1695131325246,0.9117303205332901,8,11,27
0,1769379159.1478736,55.3,21,0.383,0.2345,0.193,0.2245,66.1675,23.4503,26.4517,1.0213,0.0,0.0,7.52,3.5,4.02,None,0.3609309196472168,31.999,True,None,sfc_unique_p3_3,0,None,107.96,0,462.0,62,46,0,0,0,True,100.0,11.43586956521739,1.7171739130434782,6.456521739130435,0.165,0.515,0.1191,0.2371,2183.1695131325246,240.0,2423.1695131325246,0.9117303205332901,8,11,27
0,1769379159.2348723,55.4,21,0.4002,0.2563,0.211,0.2495,68.4157,25.6264,29.3908,2.0426,0.0,0.0,11.15,4.87,6.29,None,0.4549217224121094,24.001,True,None,sfc_cache_p4_2,0,None,107.96,0,462.0,64,48,0,0,0,True,100.0,11.4525,1.7983333333333331,6.875,0.1988,0.5656,0.1416,0.2401,2204.971748982129,244.4,2449.3717489821292,0.8912672047920718,11,10,27
0,1769379159.2368722,55.4,21,0.4002,0.2563,0.211,0.2495,68.4157,25.6264,29.3908,2.0426,0.0,0.0,10.51,5.47,5.04,None,0.4549217224121094,27.99,True,None,sfc_unique_p4_2,0,None,107.96,0,462.0,64,48,0,0,0,True,100.0,11.4525,1.7983333333333331,6.875,0.1988,0.5656,0.1416,0.2401,2204.971748982129,244.4,2449.3717489821292,0.8912672047920718,11,10,27
0,1769379179.1923416,75.4,21,0.3759,0.2175,0.2136,0.2744,61.4195,21.7518,27.4418,1.9394,0.0,0.0,7.92,5.97,1.94,None,0.0010044574737548828,31.002,True,None,sfc_cache_p1_5,0,None,107.96,0,462.0,65,50,0,0,0,False,100.0,11.6144,1.7264,7.26,0.2086,0.5354,0.1472,0.2482,2557.8574632678437,254.4,2812.257463267844,0.953496069005328,8,10,32
0,1769379179.1983411,75.4,21,0.3759,0.2175,0.2136,0.2744,61.4195,21.7518,27.4418,1.9394,0.0,0.0,11.36,8.05,3.3,None,0.0010044574737548828,24.005,True,None,sfc_unique_p1_5,0,None,107.96,0,462.0,65,50,0,0,0,False,100.0,11.6144,1.7264,7.26,0.2086,0.5354,0.1472,0.2482,2557.8574632678437,254.4,2812.257463267844,0.953496069005328,8,10,32
0,1769379179.2843423,75.5,22,0.3844,0.2175,0.2161,0.2744,63.8678,21.7518,27.4418,1.8641,0.0,0.0,7.93,5.97,1.96,None,0.10700249671936035,32.002,True,None,sfc_cache_p2_5,0,None,116.29,0,495.0,69,52,0,0,0,False,100.0,11.603653846153845,1.66,6.980769230769231,0.2081,0.5354,0.1443,0.2553,2571.286034696415,264.4,2835.686034696415,0.9537256048128155,8,10,34
0,1769379179.2904181,75.5,22,0.3844,0.2175,0.2161,0.2744,63.8678,21.7518,27.4418,1.8641,0.0,0.0,11.39,8.05,3.34,None,0.10700249671936035,25.011,True,None,sfc_unique_p2_5,0,None,116.29,0,495.0,69,52,0,0,0,False,100.0,11.603653846153845,1.66,6.980769230769231,0.2081,0.5354,0.1443,0.2553,2571.286034696415,264.4,2835.686034696415,0.9537256048128155,8,10,34
0,1769379179.3894162,75.6,23,0.3881,0.2402,0.2267,0.2744,65.1637,24.0198,27.4418,2.6667,0.0,0.0,9.83,6.03,3.8,None,0.19908881187438965,32.994,True,None,sfc_cache_p3_5,0,None,120.29,0,528.0,71,54,0,0,0,False,100.0,11.507222222222222,1.765185185185185,6.722222222222222,0.2128,0.5521,0.1414,0.2678,2590.951034696415,274.4,2865.351034696415,0.9352941319898498,9,16,29
0,1769379179.392414,75.6,23,0.3881,0.2402,0.2267,0.2744,65.1637,24.0198,27.4418,2.6667,0.0,0.0,9.93,5.6,4.34,None,0.19908881187438965,33.004,True,None,sfc_unique_p3_5,0,None,120.29,0,528.0,71,54,0,0,0,False,100.0,11.507222222222222,1.765185185185185,6.722222222222222,0.2128,0.5521,0.1414,0.2678,2590.951034696415,274.4,2865.351034696415,0.9352941319898498,9,16,29
0,1769379179.4984136,75.7,24,0.3894,0.2847,0.2387,0.2744,65.5233,28.4724,27.4418,3.4595,0.0,0.0,11.45,7.45,3.99,None,0.30107641220092773,33.938,True,None,sfc_cache_p4_5,0,None,124.29,0,561.0,73,56,0,0,0,False,100.0,11.262857142857143,2.017678571428571,6.482142857142857,0.223,0.5559,0.1387,0.2744,2622.5626073645276,288.79999999999995,2911.3626073645273,0.9148653374250669,12,15,29
0,1769379179.5034115,75.7,24,0.3894,0.2847,0.2387,0.2744,65.5233,28.4724,27.4418,3.4595,0.0,0.0,8.16,4.3,3.87,None,0.30107641220092773,30.999,True,None,sfc_unique_p4_5,0,None,124.29,0,561.0,73,56,0,0,0,False,100.0,11.262857142857143,2.017678571428571,6.482142857142857,0.223,0.5559,0.1387,0.2744,2622.5626073645276,288.79999999999995,2911.3626073645273,0.9148653374250669,12,15,29
0,1769379179.611928,75.8,25,0.3956,0.3066,0.252,0.2994,67.2869,30.6572,29.9365,4.1379,0.0,0.0,9.38,4.23,5.15,None,0.4130823612213135,30.503,True,None,sfc_cache_p5_5,0,None,124.29,0,561.0,74,58,0,0,0,False,100.0,11.259482758620688,2.0975862068965516,6.827586206896552,0.2323,0.549,0.1414,0.2725,2648.371953440986,298.79999999999995,2947.171953440986,0.8993358907593041,13,16,29
0,1769379179.6159296,75.8,25,0.3956,0.3066,0.252,0.2994,67.2869,30.6572,29.9365,4.1379,0.0,0.0,9.37,4.87,4.49,None,0.4130823612213135,35.001,True,None,sfc_unique_p5_5,0,None,124.29,0,561.0,74,58,0,0,0,False,100.0,11.259482758620688,2.0975862068965516,6.827586206896552,0.2323,0.549,0.1414,0.2725,2648.371953440986,298.79999999999995,2947.171953440986,0.8993358907593041,13,16,29
0,1769379179.7079325,75.9,26,0.4038,0.325,0.2652,0.3243,69.1952,32.5043,32.4312,4.8,0.0,0.0,8.6,3.98,4.62,None,0.5235910415649414,26.997,True,None,sfc_cache_p6_5,0,None,124.29,0,561.0,75,60,0,0,0,False,100.0,11.278666666666668,2.1498333333333335,7.15,0.2399,0.5466,0.1572,0.2701,2661.399735518064,308.79999999999995,2970.199735518064,0.8854292075931134,14,16,30
0,1769379179.7129343,75.9,26,0.4038,0.325,0.2652,0.3243,69.1952,32.5043,32.4312,4.8,0.0,0.0,6.4,2.67,3.73,None,0.5235910415649414,32.001,True,None,sfc_unique_p6_5,0,None,124.29,0,561.0,75,60,0,0,0,False,100.0,11.278666666666668,2.1498333333333335,7.15,0.2399,0.5466,0.1572,0.2701,2661.399735518064,308.79999999999995,2970.199735518064,0.8854292075931134,14,16,30
0,1769379188.0943818,84.3,26,0.4133,0.3124,0.2652,0.3493,69.9868,31.2443,34.9259,5.6471,0.0,0.0,10.2,5.65,4.55,None,0.0,32.996,True,None,sfc_cache_p1_3,0,None,115.96,0,528.0,73,60,0,0,0,False,100.0,11.500833333333333,2.0665,7.7,0.2555,0.5515,0.1556,0.2713,2659.1380887141636,313.2,2972.3380887141634,0.8858221699686887,14,16,30
0,1769379188.1003814,84.3,26,0.4133,0.3124,0.2652,0.3493,69.9868,31.2443,34.9259,5.6471,0.0,0.0,8.95,4.33,4.62,None,0.0,30.168,True,None,sfc_unique_p1_3,0,None,115.96,0,528.0,73,60,0,0,0,False,100.0,11.500833333333333,2.0665,7.7,0.2555,0.5515,0.1556,0.2713,2659.1380887141636,313.2,2972.3380887141634,0.8858221699686887,14,16,30
0,1769379193.1071482,89.3,26,0.4136,0.3046,0.259,0.3493,70.7975,30.4587,36.187,5.6949,0.0,0.0,10.92,5.72,5.2,None,0.0,33.002,True,None,sfc_cache_p3_3,0,None,107.63,0,495.0,69,58,0,0,0,True,100.0,11.632931034482759,2.0113793103448274,7.9655172413793105,0.2671,0.5772,0.1418,0.2755,2589.2112198084214,317.6,2906.8112198084214,0.8819576205639706,14,16,28
0,1769379193.1111495,89.3,26,0.4136,0.3046,0.259,0.3493,70.7975,30.4587,36.187,5.6949,0.0,0.0,9.51,4.91,4.61,None,0.0,32.002,True,None,sfc_unique_p3_3,0,None,107.63,0,495.0,69,58,0,0,0,True,100.0,11.632931034482759,2.0113793103448274,7.9655172413793105,0.2671,0.5772,0.1418,0.2755,2589.2112198084214,317.6,2906.8112198084214,0.8819576205639706,14,16,28
0,1769379193.2156587,89.4,26,0.4326,0.3046,0.2642,0.3742,73.5949,30.4587,38.7718,6.5085,0.0,0.0,13.16,6.22,6.93,None,0.10599780082702637,36.008,True,None,sfc_cache_p4_1,0,None,107.63,0,495.0,71,60,0,0,0,True,100.0,11.761833333333334,1.9443333333333332,8.25,0.2807,0.5772,0.148,0.2822,2589.2112198084214,322.0,2911.2112198084214,0.8691657816236337,15,16,29
0,1769379193.2216575,89.4,26,0.4326,0.3046,0.2642,0.3742,73.5949,30.4587,38.7718,6.5085,0.0,0.0,10.7,4.48,6.23,None,0.10599780082702637,35.504,True,None,sfc_unique_p4_1,0,None,107.63,0,495.0,71,60,0,0,0,True,100.0,11.761833333333334,1.9443333333333332,8.25,0.2807,0.5772,0.148,0.2822,2589.2112198084214,322.0,2911.2112198084214,0.8691657816236337,15,16,29
0,1769379195.5005476,91.7,26,0.4358,0.3507,0.2759,0.3992,74.0425,35.0722,41.3566,7.5808,0.0,0.0,9.45,6.22,3.23,None,0.0010080337524414062,27.002,True,None,sfc_cache_p1_6,0,None,107.63,0,495.0,71,62,0,0,0,True,100.0,11.597419354838712,2.166612903225807,8.516129032258064,0.2947,0.5848,0.1456,0.2901,2618.2686412602093,336.4,2954.6686412602094,0.8729945447426231,15,16,31
0,1769379195.5055451,91.7,26,0.4358,0.3507,0.2759,0.3992,74.0425,35.0722,41.3566,7.5808,0.0,0.0,11.15,4.92,6.24,None,0.0010080337524414062,34.003,True,None,sfc_unique_p1_6,0,None,107.63,0,495.0,71,62,0,0,0,True,100.0,11.597419354838712,2.166612903225807,8.516129032258064,0.2947,0.5848,0.1456,0.2901,2618.2686412602093,336.4,2954.6686412602094,0.8729945447426231,15,16,31
0,1769379195.6265454,91.8,27,0.4495,0.3507,0.284,0.4241,76.4672,35.0722,43.9414,8.6013,0.0,0.0,11.32,8.0,3.32,None,0.2992076873779297,38.998,True,None,sfc_cache_p2_6,0,None,107.63,0,495.0,72,64,0,0,0,True,100.0,11.719375,2.09890625,8.765625,0.3214,0.5848,0.1599,0.2997,2640.2014984030666,350.79999999999995,2991.0014984030668,0.8741758127530471,17,16,31
0,1769379195.6305444,91.8,27,0.4495,0.3507,0.284,0.4241,76.4672,35.0722,43.9414,8.6013,0.0,0.0,15.49,10.05,5.44,None,0.2992076873779297,30.998,True,None,sfc_unique_p2_6,0,None,107.63,0,495.0,72,64,0,0,0,True,100.0,11.719375,2.09890625,8.765625,0.3214,0.5848,0.1599,0.2997,2640.2014984030666,350.79999999999995,2991.0014984030668,0.8741758127530471,17,16,31
0,1769379195.766579,92.0,28,0.4588,0.3507,0.2907,0.4241,78.4444,35.0722,43.9414,9.4987,0.0,0.0,9.55,6.5,3.06,None,0.42220473289489746,41.035,True,None,sfc_cache_p3_6,0,None,111.63,0,528.0,75,66,0,0,0,True,100.0,11.773333333333333,2.0353030303030306,8.5,0.3355,0.5848,0.157,0.3009,2655.0614984030663,365.19999999999993,3020.261498403066,0.8467480828686977,21,16,29
0,1769379195.7705789,92.0,28,0.4588,0.3507,0.2907,0.4241,78.4444,35.0722,43.9414,9.4987,0.0,0.0,14.41,9.16,5.25,None,0.42220473289489746,39.995,True,None,sfc_unique_p3_6,0,None,111.63,0,528.0,75,66,0,0,0,True,100.0,11.773333333333333,2.0353030303030306,8.5,0.3355,0.5848,0.157,0.3009,2655.0614984030663,365.19999999999993,3020.261498403066,0.8467480828686977,21,16,29
0,1769379195.8935814,92.1,29,0.4575,0.3969,0.3016,0.4241,78.4444,39.6856,43.9414,10.3418,0.0,0.0,11.73,7.11,4.62,None,0.5622398853302002,28.002,True,None,sfc_cache_p4_6,0,None,115.63,0,561.0,78,68,0,0,0,True,100.0,11.564264705882351,2.235294117647059,8.25,0.3453,0.6304,0.1542,0.3005,2687.528995694507,379.5999999999999,3067.128995694507,0.8218223874427726,23,16,29
0,1769379195.8975804,92.1,29,0.4575,0.3969,0.3016,0.4241,78.4444,39.6856,43.9414,10.3418,0.0,0.0,12.2,4.16,8.04,None,0.5622398853302002,42.001,True,None,sfc_unique_p4_6,0,None,115.63,0,561.0,78,68,0,0,0,True,100.0,11.564264705882351,2.235294117647059,8.25,0.3453,0.6304,0.1542,0.3005,2687.528995694507,379.5999999999999,3067.128995694507,0.8218223874427726,23,16,29
0,1769379195.9965851,92.2,30,0.4613,0.4204,0.3153,0.4241,79.4146,42.0355,43.9414,11.1353,0.0,0.0,9.78,6.5,3.28,None,0.6882410049438477,27.005,True,None,sfc_cache_p5_6,0,None,119.63,0,594.0,81,70,0,0,0,True,100.0,11.491,2.3,8.014285714285714,0.3685,0.6933,0.1515,0.2979,2718.0891134509375,393.9999999999999,3112.0891134509375,0.7972398156238218,25,16,29
0,1769379196.0015867,92.2,30,0.4613,0.4204,0.3153,0.4241,79.4146,42.0355,43.9414,11.1353,0.0,0.0,14.97,8.63,6.34,None,0.6882410049438477,31.996,True,None,sfc_unique_p5_6,0,None,119.63,0,594.0,81,70,0,0,0,True,100.0,11.491,2.3,8.014285714285714,0.3685,0.6933,0.1515,0.2979,2718.0891134509375,393.9999999999999,3112.0891134509375,0.7972398156238218,25,16,29
0,1769379196.121579,92.3,31,0.4601,0.4665,0.3319,0.4241,79.4146,46.6489,43.9414,11.8834,0.0,0.0,9.7,6.5,3.2,None,0.792233943939209,32.99,True,None,sfc_cache_p6_6,0,None,123.63,0,627.0,83,72,0,0,0,True,100.0,11.301388888888889,2.4815277777777776,7.791666666666667,0.3777,0.7161,0.1488,0.2925,2741.2691134509378,408.39999999999986,3149.6691134509374,0.7741490320377293,27,16,29
0,1769379196.1255786,92.3,31,0.4601,0.4665,0.3319,0.4241,79.4146,46.6489,43.9414,11.8834,0.0,0.0,10.92,4.69,6.24,None,0.792233943939209,29.004,True,None,sfc_unique_p6_6,0,None,123.63,0,627.0,83,72,0,0,0,True,100.0,11.301388888888889,2.4815277777777776,7.791666666666667,0.3777,0.7161,0.1488,0.2925,2741.2691134509378,408.39999999999986,3149.6691134509374,0.7741490320377293,27,16,29
0,1769379198.1316545,94.3,31,0.4384,0.4769,0.3282,0.449,73.7817,47.6933,46.5262,13.0429,0.0,0.0,8.97,3.79,5.17,None,0.0,29.0,True,None,sfc_cache_p5_3,0,None,98.64,0,528.0,73,68,0,0,0,True,100.0,11.363088235294118,2.6863235294117644,8.735294117647058,0.407,0.7336,0.166,0.2977,2746.4062315441124,412.79999999999984,3159.206231544112,0.734359473690772,29,14,25
0,1769379198.1356516,94.3,31,0.4384,0.4769,0.3282,0.449,73.7817,47.6933,46.5262,13.0429,0.0,0.0,16.02,6.54,9.48,None,0.0,40.001,True,None,sfc_unique_p5_3,0,None,98.64,0,528.0,73,68,0,0,0,True,100.0,11.363088235294118,2.6863235294117644,8.735294117647058,0.407,0.7336,0.166,0.2977,2746.4062315441124,412.79999999999984,3159.206231544112,0.734359473690772,29,14,25
0,1769379198.2476501,94.4,31,0.4528,0.4769,0.3345,0.474,76.2065,47.6933,49.111,13.9166,0.0,0.0,12.42,5.83,6.6,None,0.11300063133239746,33.988,True,None,sfc_cache_p3_2,0,None,98.64,0,528.0,75,70,0,0,0,True,100.0,11.481285714285713,2.6095714285714284,8.957142857142857,0.4159,0.7336,0.1649,0.3102,2746.686231544112,417.1999999999999,3163.886231544112,0.7390207853480159,29,16,25
0,1769379198.2526505,94.4,31,0.4528,0.4769,0.3345,0.474,76.2065,47.6933,49.111,13.9166,0.0,0.0,20.51,7.8,12.71,None,0.11300063133239746,28.0,True,None,sfc_unique_p3_2,0,None,98.64,0,528.0,75,70,0,0,0,True,100.0,11.481285714285713,2.6095714285714284,8.957142857142857,0.4159,0.7336,0.1649,0.3102,2746.686231544112,417.1999999999999,3163.886231544112,0.7390207853480159,29,16,25
0,1769379198.3681746,94.6,31,0.4664,0.4769,0.3386,0.474,78.1837,47.6933,49.111,14.8699,0.0,0.0,11.71,4.8,6.91,None,0.23299860954284668,43.007,True,None,sfc_cache_p3_1,0,None,102.64,0,561.0,78,72,0,0,0,True,100.0,11.537361111111112,2.5370833333333334,8.708333333333334,0.4279,0.7336,0.1649,0.3196,2746.686231544112,421.5999999999999,3168.286231544112,0.7459521709813199,29,16,27
0,1769379198.373171,94.6,31,0.4664,0.4769,0.3386,0.474,78.1837,47.6933,49.111,14.8699,0.0,0.0,19.98,6.23,13.75,None,0.23299860954284668,34.997,True,None,sfc_unique_p3_1,0,None,102.64,0,561.0,78,72,0,0,0,True,100.0,11.537361111111112,2.5370833333333334,8.708333333333334,0.4279,0.7336,0.1649,0.3196,2746.686231544112,421.5999999999999,3168.286231544112,0.7459521709813199,29,16,27
0,1769379208.1595354,104.3,31,0.4631,0.4874,0.3408,0.4989,77.1397,48.7376,51.6958,15.7,0.0,0.0,8.96,3.55,5.41,None,0.0,28.986,True,None,sfc_cache_p2_3,0,None,98.64,0,528.0,77,72,0,0,0,True,100.0,11.537361111111112,2.5926388888888887,9.166666666666666,0.4455,0.7388,0.1818,0.324,2756.4370441118263,425.9999999999999,3182.4370441118263,0.7449012527084319,29,18,25
0,1769379208.1635356,104.3,31,0.4631,0.4874,0.3408,0.4989,77.1397,48.7376,51.6958,15.7,0.0,0.0,15.35,6.01,9.34,None,0.0,32.0,True,None,sfc_unique_p2_3,0,None,98.64,0,528.0,77,72,0,0,0,True,100.0,11.537361111111112,2.5926388888888887,9.166666666666666,0.4455,0.7388,0.1818,0.324,2756.4370441118263,425.9999999999999,3182.4370441118263,0.7449012527084319,29,18,25
0,1769379212.444154,108.6,31,0.4671,0.4704,0.351,0.5239,76.7917,47.0391,52.3889,16.3951,0.0,0.0,11.66,7.39,4.27,None,0.0010027885437011719,31.991,True,None,sfc_cache_p1_7,0,None,98.64,0,528.0,78,74,0,0,0,False,100.0,11.644459459459458,2.5225675675675676,9.364864864864865,0.4421,0.6772,0.1731,0.3297,2816.4370441118263,440.39999999999986,3256.837044111826,0.7506921277080626,29,19,26
0,1769379212.4491541,108.6,31,0.4671,0.4704,0.351,0.5239,76.7917,47.0391,52.3889,16.3951,0.0,0.0,12.84,7.07,5.77,None,0.0010027885437011719,32.001,True,None,sfc_unique_p1_7,0,None,98.64,0,528.0,78,74,0,0,0,False,100.0,11.644459459459458,2.5225675675675676,9.364864864864865,0.4421,0.6772,0.1731,0.3297,2816.4370441118263,440.39999999999986,3256.837044111826,0.7506921277080626,29,19,26
0,1769379212.5591562,108.7,32,0.4742,0.4931,0.3661,0.5488,78.16,49.307,54.8836,17.0624,0.0,0.0,11.59,7.18,4.42,None,0.1330127716064453,31.001,True,None,sfc_cache_p2_7,0,None,98.64,0,528.0,78,76,0,0,0,False,100.0,11.627500000000001,2.5746052631578946,9.552631578947368,0.4691,0.76,0.1844,0.3373,2848.3056527266385,454.79999999999984,3303.1056527266383,0.7534671937493286,31,20,25
0,1769379212.5651546,108.8,32,0.4742,0.4931,0.3661,0.5488,78.16,49.307,54.8836,17.0624,0.0,0.0,13.86,8.26,5.6,None,0.1330127716064453,29.004,True,None,sfc_unique_p2_7,0,None,98.64,0,528.0,78,76,0,0,0,False,100.0,11.627500000000001,2.5746052631578946,9.552631578947368,0.4691,0.76,0.1844,0.3373,2848.3056527266385,454.79999999999984,3303.1056527266383,0.7534671937493286,31,20,25
0,1769379212.6781552,108.9,33,0.4729,0.5376,0.3783,0.5488,78.16,53.7597,54.8836,17.5886,0.0,0.0,10.7,6.29,4.41,None,0.25000500679016113,32.001,True,None,sfc_cache_p3_7,0,None,102.64,0,561.0,81,78,0,0,0,False,100.0,11.44897435897436,2.735128205128205,9.307692307692308,0.4764,0.8042,0.1815,0.3408,2879.321362369109,469.1999999999998,3348.521362369109,0.7341248353609817,33,20,25
0,1769379212.6811533,108.9,33,0.4729,0.5376,0.3783,0.5488,78.16,53.7597,54.8836,17.5886,0.0,0.0,9.25,3.84,5.41,None,0.25000500679016113,33.996,True,None,sfc_unique_p3_7,0,None,102.64,0,561.0,81,78,0,0,0,False,100.0,11.44897435897436,2.735128205128205,9.307692307692308,0.4764,0.8042,0.1815,0.3408,2879.321362369109,469.1999999999998,3348.521362369109,0.7341248353609817,33,20,25
0,1769379212.7971506,109.0,34,0.4716,0.5821,0.3941,0.5488,78.16,58.2124,54.8836,18.0881,0.0,0.0,12.66,7.11,5.55,None,0.3640003204345703,30.999,True,None,sfc_cache_p4_7,0,None,106.64,0,594.0,84,80,0,0,0,False,100.0,11.279375,2.887625,9.075,0.4836,0.8435,0.1787,0.3409,2912.6447643192714,483.5999999999998,3396.2447643192713,0.7157531981493256,35,20,25
0,1769379212.8001509,109.0,34,0.4716,0.5821,0.3941,0.5488,78.16,58.2124,54.8836,18.0881,0.0,0.0,11.53,3.84,7.68,None,0.3640003204345703,34.995,True,None,sfc_unique_p4_7,0,None,106.64,0,594.0,84,80,0,0,0,False,100.0,11.279375,2.887625,9.075,0.4836,0.8435,0.1787,0.3409,2912.6447643192714,483.5999999999998,3396.2447643192713,0.7157531981493256,35,20,25
0,1769379212.931153,109.1,35,0.4718,0.6267,0.4098,0.5488,78.16,62.6651,54.8836,18.6783,0.0,0.0,13.55,8.0,5.55,None,0.48299741744995117,37.002,True,None,sfc_cache_p5_7,0,None,110.64,0,627.0,87,82,0,0,0,False,100.0,11.118048780487806,3.0326829268292683,8.853658536585366,0.4927,0.8657,0.1759,0.3382,2936.591134850149,497.9999999999998,3434.5911348501486,0.6982777385418367,37,20,25
0,1769379212.9371507,109.1,35,0.4718,0.6267,0.4098,0.5488,78.16,62.6651,54.8836,18.6783,0.0,0.0,12.42,4.73,7.68,None,0.48299741744995117,39.0,True,None,sfc_unique_p5_7,0,None,110.64,0,627.0,87,82,0,0,0,False,100.0,11.118048780487806,3.0326829268292683,8.853658536585366,0.4927,0.8657,0.1759,0.3382,2936.591134850149,497.9999999999998,3434.5911348501486,0.6982777385418367,37,20,25
0,1769379213.0551538,109.2,36,0.4737,0.6485,0.4311,0.5488,79.1319,64.8498,54.8836,19.0149,0.0,0.0,10.81,6.58,4.23,None,0.6199965476989746,27.995,True,None,sfc_cache_p6_7,0,None,114.64,0,660.0,89,84,0,0,0,False,100.0,11.07154761904762,3.0636904761904766,8.642857142857142,0.5029,0.8597,0.1733,0.3358,2944.9580390955784,512.3999999999997,3457.358039095578,0.6809917653444498,39,20,25
0,1769379213.0591507,109.2,36,0.4737,0.6485,0.4311,0.5488,79.1319,64.8498,54.8836,19.0149,0.0,0.0,14.01,7.72,6.29,None,0.6199965476989746,30.997,True,None,sfc_unique_p6_7,0,None,114.64,0,660.0,89,84,0,0,0,False,100.0,11.07154761904762,3.0636904761904766,8.642857142857142,0.5029,0.8597,0.1733,0.3358,2944.9580390955784,512.3999999999997,3457.358039095578,0.6809917653444498,39,20,25
0,1769379213.3781528,109.6,36,0.4379,0.6401,0.4137,0.5239,70.2395,64.0107,52.3889,20.0349,0.0,0.0,9.76,5.2,4.56,None,0.0,222.0,True,None,sfc_cache_p6_3,0,None,97.98,0,594.0,80,78,0,0,0,False,100.0,10.987179487179487,3.256666666666667,8.884615384615385,0.5386,0.8627,0.1721,0.3275,2944.9580390955784,516.7999999999997,3461.758039095578,0.6310547926831678,41,20,17
0,1769379213.384151,109.6,36,0.4379,0.6401,0.4137,0.5239,70.2395,64.0107,52.3889,20.0349,0.0,0.0,15.25,5.98,9.27,None,0.0,30.0,True,None,sfc_unique_p6_3,0,None,97.98,0,594.0,80,78,0,0,0,False,100.0,10.987179487179487,3.256666666666667,8.884615384615385,0.5386,0.8627,0.1721,0.3275,2944.9580390955784,516.7999999999997,3461.758039095578,0.6310547926831678,41,20,17
0,1769379213.51367,109.7,36,0.4566,0.6401,0.422,0.5488,72.5798,64.0107,54.8836,21.1966,0.0,0.0,13.43,7.18,6.25,None,0.29700183868408203,39.512,True,None,sfc_cache_p6_2,0,None,97.98,0,594.0,80,80,0,0,0,False,100.0,11.1,3.17525,9.075,0.5559,0.8627,0.1726,0.3278,2949.2437533812927,521.1999999999997,3470.4437533812925,0.6151824059237047,43,20,17
0,1769379213.5196683,109.7,36,0.4566,0.6401,0.422,0.5488,72.5798,64.0107,54.8836,21.1966,0.0,0.0,20.08,7.65,12.43,None,0.29700183868408203,48.003,True,None,sfc_unique_p6_2,0,None,97.98,0,594.0,80,80,0,0,0,False,100.0,11.1,3.17525,9.075,0.5559,0.8627,0.1726,0.3278,2949.2437533812927,521.1999999999997,3470.4437533812925,0.6151824059237047,43,20,17
0,1769379213.655669,109.8,36,0.469,0.6401,0.4262,0.5488,74.4881,64.0107,54.8836,21.9776,0.0,0.0,12.28,5.34,6.95,None,0.4365050792694092,43.006,True,None,sfc_cache_p6_1,0,None,101.98,0,627.0,83,82,0,0,0,False,100.0,11.158536585365853,3.097804878048781,8.853658536585366,0.5665,0.8627,0.1726,0.3336,2949.2437533812927,525.5999999999998,3474.8437533812926,0.6001604436791668,45,20,17
0,1769379213.660668,109.8,36,0.469,0.6401,0.4262,0.5488,74.4881,64.0107,54.8836,21.9776,0.0,0.0,20.58,6.76,13.82,None,0.4365050792694092,40.999,True,None,sfc_unique_p6_1,0,None,101.98,0,627.0,83,82,0,0,0,False,100.0,11.158536585365853,3.097804878048781,8.853658536585366,0.5665,0.8627,0.1726,0.3336,2949.2437533812927,525.5999999999998,3474.8437533812926,0.6001604436791668,45,20,17
0,1769379213.7648084,110.0,36,0.4818,0.6401,0.4345,0.5738,76.8284,64.0107,57.3783,22.612,0.0,0.0,12.03,4.66,7.37,None,0.5795083045959473,29.146,True,None,sfc_cache_p2_1,0,None,101.98,0,627.0,84,84,0,0,0,False,100.0,11.261904761904763,3.0240476190476193,9.035714285714286,0.576,0.8627,0.1742,0.3345,2949.2437533812927,529.9999999999998,3479.2437533812927,0.6094028377876426,45,20,19
0,1769379213.7708066,110.0,36,0.4818,0.6401,0.4345,0.5738,76.8284,64.0107,57.3783,22.612,0.0,0.0,20.04,6.01,14.03,None,0.5795083045959473,36.001,True,None,sfc_unique_p2_1,0,None,101.98,0,627.0,84,84,0,0,0,False,100.0,11.261904761904763,3.0240476190476193,9.035714285714286,0.576,0.8627,0.1742,0.3345,2949.2437533812927,529.9999999999998,3479.2437533812927,0.6094028377876426,45,20,19
0,1769379223.270429,119.5,36,0.4779,0.6401,0.4302,0.5738,74.3801,64.0107,57.3783,23.3143,0.0,0.0,21.7,0,21.7,None,0.0,32.514,False,None,sfc_cache_p5_2,0,None,93.65,0,594.0,80,82,0,0,0,False,99.24812030075188,11.260121951219512,3.097804878048781,9.25609756097561,0.5932,0.8627,0.1769,0.3303,2947.691227815752,519.9999999999998,3467.6912278157515,0.603460717817547,44,19,19
0,1769379223.276427,119.5,36,0.4779,0.6401,0.4302,0.5738,74.3801,64.0107,57.3783,23.3143,0.0,0.0,23.09,7.8,15.29,None,0.0,34.005,False,None,sfc_unique_p5_2,0,None,93.65,0,594.0,80,82,0,0,0,False,98.50746268656717,11.260121951219512,3.097804878048781,9.25609756097561,0.5932,0.8627,0.1769,0.3303,2947.691227815752,519.9999999999998,3467.6912278157515,0.603460717817547,44,19,19
0,1769379224.3088481,120.5,36,0.4683,0.6145,0.3957,0.5488,72.5889,61.4501,56.8654,24.0919,0.0,0.0,14.79,4.83,9.96,None,0.0009963512420654297,49.995,True,None,sfc_cache_p4_4,0,None,80.99,0,561.0,72,78,0,0,0,True,98.51851851851852,11.44423076923077,3.0174358974358975,9.307692307692308,0.6267,0.8538,0.1808,0.321,2854.895341871016,524.3999999999997,3379.295341871016,0.5510290071942339,42,18,18
0,1769379224.314858,120.5,36,0.4683,0.6145,0.3957,0.5488,72.5889,61.4501,56.8654,24.0919,0.0,0.0,26.36,8.33,18.03,None,0.0009963512420654297,31.005,True,None,sfc_unique_p4_4,0,None,80.99,0,561.0,72,78,0,0,0,True,98.52941176470588,11.44423076923077,3.0174358974358975,9.307692307692308,0.6267,0.8538,0.1808,0.321,2854.895341871016,524.3999999999997,3379.295341871016,0.5510290071942339,42,18,18
0,1769379224.4408498,120.6,36,0.4795,0.6371,0.4124,0.5488,73.596,63.7137,56.8654,25.1687,0.0,0.0,15.49,7.25,8.24,None,0.13199949264526367,34.992,True,None,sfc_cache_p1_2,0,None,84.99,0,594.0,75,80,0,0,0,True,98.54014598540147,11.38725,3.050375,9.075,0.6445,0.9442,0.1808,0.3338,2876.63449193912,528.7999999999997,3405.4344919391197,0.5594203300514878,43,19,18
0,1769379224.4458492,120.6,36,0.4795,0.6371,0.4124,0.5488,73.596,63.7137,56.8654,25.1687,0.0,0.0,22.5,5.94,16.56,None,0.13199949264526367,36.001,True,None,sfc_unique_p1_2,0,None,84.99,0,594.0,75,80,0,0,0,True,98.55072463768117,11.38725,3.050375,9.075,0.6445,0.9442,0.1808,0.3338,2876.63449193912,528.7999999999997,3405.4344919391197,0.5594203300514878,43,19,18
0,1769379224.5503664,120.7,36,0.4937,0.6371,0.429,0.5488,75.5732,63.7137,56.8654,26.0959,0.0,0.0,13.39,4.83,8.56,None,0.2620120048522949,32.016,True,None,sfc_cache_p6_4,0,None,88.99,0,627.0,78,82,0,0,0,True,98.56115107913669,11.438780487804879,2.9759756097560977,8.853658536585366,0.6649,0.9442,0.1808,0.3424,2884.6946096955503,533.1999999999997,3417.89460969555,0.5451735977004231,45,19,18
0,1769379224.557368,120.7,36,0.4937,0.6371,0.429,0.5488,75.5732,63.7137,56.8654,26.0959,0.0,0.0,24.16,8.28,15.88,None,0.2620120048522949,32.997,True,None,sfc_unique_p6_4,0,None,88.99,0,627.0,78,82,0,0,0,True,98.57142857142858,11.438780487804879,2.9759756097560977,8.853658536585366,0.6649,0.9442,0.1808,0.3424,2884.6946096955503,533.1999999999997,3417.89460969555,0.5451735977004231,45,19,18
0,1769379232.5613673,128.7,36,0.4042,0.5954,0.3494,0.3992,51.886,59.5363,41.3566,26.748,0.0,0.0,8.18,4.83,3.35,None,0.0010089874267578125,32.003,True,None,sfc_cache_p1_8,0,None,68.66,0,495.0,59,62,0,0,0,True,98.58156028368793,10.714677419354837,3.6779032258064515,8.516129032258064,0.6721,0.8658,0.1726,0.2754,2764.078308903983,397.99999999999983,3162.078308903983,0.5047429107618739,37,12,13
0,1769379232.5653732,128.8,36,0.4042,0.5954,0.3494,0.3992,51.886,59.5363,41.3566,26.748,0.0,0.0,7.26,4.47,2.8,None,0.0010089874267578125,43.027,True,None,sfc_unique_p1_8,0,None,68.66,0,495.0,59,62,0,0,0,True,98.59154929577466,10.714677419354837,3.6779032258064515,8.516129032258064,0.6721,0.8658,0.1726,0.2754,2764.078308903983,397.99999999999983,3162.078308903983,0.5047429107618739,37,12,13
0,1769379232.7578924,128.9,37,0.4127,0.5954,0.3531,0.3992,54.2358,59.5363,41.3566,26.4461,0.0,0.0,7.65,4.29,3.35,None,0.13502717018127441,37.998,True,None,sfc_cache_p2_8,0,None,72.66,0,528.0,62,64,0,0,0,True,98.6013986013986,10.80171875,3.56296875,8.25,0.6604,0.8658,0.1694,0.2814,2764.078308903983,407.99999999999983,3172.078308903983,0.5201724126848725,37,12,15
0,1769379232.7648919,129.0,37,0.4127,0.5954,0.3531,0.3992,54.2358,59.5363,41.3566,26.4461,0.0,0.0,7.26,4.47,2.8,None,0.13502717018127441,103.721,True,None,sfc_unique_p2_8,0,None,72.66,0,528.0,62,64,0,0,0,True,98.61111111111111,10.80171875,3.56296875,8.25,0.6604,0.8658,0.1694,0.2814,2764.078308903983,407.99999999999983,3172.078308903983,0.5201724126848725,37,12,15
0,1769379232.882893,129.1,38,0.4241,0.5954,0.3596,0.3992,56.5856,59.5363,41.3566,26.5763,0.0,0.0,8.54,5.72,2.82,None,0.33754515647888184,34.002,True,None,sfc_cache_p3_8,0,None,76.66,0,561.0,65,66,0,0,0,True,98.62068965517241,10.883484848484848,3.455,8.0,0.6576,0.8658,0.1663,0.2879,2764.221088659439,422.3999999999998,3186.6210886594386,0.5195175936572038,38,12,16
0,1769379232.8878925,129.1,38,0.4241,0.5954,0.3596,0.3992,56.5856,59.5363,41.3566,26.5763,0.0,0.0,7.9,4.85,3.05,None,0.33754515647888184,28.998,True,None,sfc_unique_p3_8,0,None,76.66,0,561.0,65,66,0,0,0,True,98.63013698630137,10.883484848484848,3.455,8.0,0.6576,0.8658,0.1663,0.2879,2764.221088659439,422.3999999999998,3186.6210886594386,0.5195175936572038,38,12,16
0,1769379232.9938958,129.2,39,0.4352,0.5954,0.3648,0.3992,58.9354,59.5363,41.3566,26.7005,0.0,0.0,8.97,5.72,3.26,None,0.4605445861816406,33.001,True,None,sfc_cache_p4_8,0,None,80.66,0,594.0,67,68,0,0,0,True,98.63945578231292,10.960441176470589,3.3533823529411766,7.764705882352941,0.652,0.8658,0.1633,0.2922,2764.221088659439,436.7999999999998,3201.0210886594386,0.5188982846414364,39,12,17
0,1769379232.999892,129.2,39,0.4352,0.5954,0.3648,0.3992,58.9354,59.5363,41.3566,26.7005,0.0,0.0,8.09,5.03,3.06,None,0.4605445861816406,26.999,True,None,sfc_unique_p4_8,0,None,80.66,0,594.0,67,68,0,0,0,True,98.64864864864865,10.960441176470589,3.3533823529411766,7.764705882352941,0.652,0.8658,0.1633,0.2922,2764.221088659439,436.7999999999998,3201.0210886594386,0.5188982846414364,39,12,17
0,1769379233.1158926,129.3,40,0.4418,0.618,0.3795,0.4241,60.7627,61.8,43.9414,26.6204,0.0,0.0,9.58,5.2,4.39,None,0.5725433826446533,37.003,True,None,sfc_cache_p5_8,0,None,80.66,0,594.0,68,70,0,0,0,True,98.65771812080537,10.966285714285714,3.3814285714285712,8.014285714285714,0.653,0.8777,0.161,0.2992,2793.925974899959,446.7999999999998,3240.7259748999586,0.517646009075924,40,12,18
0,1769379233.1218982,129.3,40,0.4418,0.618,0.3795,0.4241,60.7627,61.8,43.9414,26.6204,0.0,0.0,9.79,5.09,4.7,None,0.5725433826446533,29.997,True,None,sfc_unique_p5_8,0,None,80.66,0,594.0,68,70,0,0,0,True,98.66666666666667,10.966285714285714,3.3814285714285712,8.014285714285714,0.653,0.8777,0.161,0.2992,2793.925974899959,446.7999999999998,3240.7259748999586,0.517646009075924,40,12,18
0,1769379233.2568939,129.4,41,0.4531,0.618,0.39,0.449,63.1875,61.8,46.5262,26.9283,0.0,0.0,10.5,6.36,4.14,None,0.6945474147796631,39.996,True,None,sfc_cache_p6_8,0,None,80.66,0,594.0,70,72,0,0,0,True,98.67549668874173,11.092222222222224,3.2874999999999996,8.25,0.657,0.8777,0.174,0.3057,2809.63454632853,461.19999999999976,3270.83454632853,0.5025940540801256,42,16,14
0,1769379233.2628953,129.4,41,0.4531,0.618,0.39,0.449,63.1875,61.8,46.5262,26.9283,0.0,0.0,15.68,8.33,7.35,None,0.6945474147796631,40.002,True,None,sfc_unique_p6_8,0,None,80.66,0,594.0,70,72,0,0,0,True,98.68421052631578,11.092222222222224,3.2874999999999996,8.25,0.657,0.8777,0.174,0.3057,2809.63454632853,461.19999999999976,3270.83454632853,0.5025940540801256,42,16,14
0,1769379246.1793978,142.4,41,0.4514,0.5484,0.3708,0.449,64.1945,54.8367,46.5262,25.6697,0.0,0.0,12.97,6.56,6.4,None,0.0,47.008,True,None,sfc_cache_p4_5,0,None,76.66,0,561.0,67,70,0,0,0,True,98.69281045751634,11.404428571428573,3.0004285714285714,8.485714285714286,0.6026,0.8153,0.174,0.3074,2750.959010226888,452.3999999999998,3203.3590102268877,0.5204041647063686,39,17,14
0,1769379246.1854,142.4,41,0.4514,0.5484,0.3708,0.449,64.1945,54.8367,46.5262,25.6697,0.0,0.0,13.56,7.74,5.81,None,0.0,33.001,True,None,sfc_unique_p4_5,0,None,76.66,0,561.0,67,70,0,0,0,True,98.7012987012987,11.404428571428573,3.0004285714285714,8.485714285714286,0.6026,0.8153,0.174,0.3074,2750.959010226888,452.3999999999998,3203.3590102268877,0.5204041647063686,39,17,14
0,1769379246.5183985,142.7,41,0.4666,0.5484,0.377,0.449,66.1717,54.8367,46.5262,26.736,0.0,0.0,9.16,5.34,3.82,None,0.12399935722351074,38.999,True,None,sfc_cache_p5_6,0,None,80.66,0,594.0,70,72,0,0,0,True,98.70967741935483,11.462638888888888,2.9170833333333333,8.25,0.629,0.8153,0.174,0.3029,2761.2147755882875,456.7999999999998,3218.014775588287,0.5059380868595436,41,17,14
0,1769379246.5233984,142.7,41,0.4666,0.5484,0.377,0.449,66.1717,54.8367,46.5262,26.736,0.0,0.0,13.54,6.76,6.78,None,0.12399935722351074,39.003,True,None,sfc_unique_p5_6,0,None,80.66,0,594.0,70,72,0,0,0,True,98.71794871794873,11.462638888888888,2.9170833333333333,8.25,0.629,0.8153,0.174,0.3029,2761.2147755882875,456.7999999999998,3218.014775588287,0.5059380868595436,41,17,14
0,1769379252.4237468,148.6,41,0.4838,0.5599,0.3745,0.474,68.9211,55.9889,50.9508,28.0023,0.0,0.0,14.42,6.29,8.14,None,0.0010004043579101562,40.0,True,None,sfc_cache_p1_4,0,None,72.33,0,561.0,66,72,0,0,0,True,98.72611464968153,11.624583333333334,2.870833333333333,8.708333333333334,0.673,0.8332,0.1795,0.2976,2703.500712131961,461.19999999999976,3164.7007121319607,0.5053276788773844,41,17,14
0,1769379252.4297457,148.6,41,0.4838,0.5599,0.3745,0.474,68.9211,55.9889,50.9508,28.0023,0.0,0.0,24.08,8.0,16.08,None,0.0010004043579101562,41.008,True,None,sfc_unique_p1_4,0,None,72.33,0,561.0,66,72,0,0,0,True,98.73417721518987,11.624583333333334,2.870833333333333,8.708333333333334,0.673,0.8332,0.1795,0.2976,2703.500712131961,461.19999999999976,3164.7007121319607,0.5053276788773844,41,17,14
0,1769379254.6349201,150.8,41,0.4922,0.5707,0.3856,0.4989,70.9723,57.0724,53.6324,28.2629,0.0,0.0,8.24,3.98,4.26,None,0.0009987354278564453,30.0,True,None,sfc_cache_p1_9,0,None,72.33,0,561.0,66,74,0,0,0,True,98.74213836477988,11.675270270270271,2.847297297297297,8.91891891891892,0.6705,0.8256,0.1935,0.3091,2703.500712131961,475.59999999999974,3179.100712131961,0.5183727366993246,41,17,16
0,1769379254.6389234,150.8,41,0.4922,0.5707,0.3856,0.4989,70.9723,57.0724,53.6324,28.2629,0.0,0.0,13.34,5.98,7.36,None,0.0009987354278564453,35.003,True,None,sfc_unique_p1_9,0,None,72.33,0,561.0,66,74,0,0,0,True,98.75,11.675270270270271,2.847297297297297,8.91891891891892,0.6705,0.8256,0.1935,0.3091,2703.500712131961,475.59999999999974,3179.100712131961,0.5183727366993246,41,17,16
0,1769379254.7714376,151.0,42,0.4956,0.5942,0.4063,0.4989,72.0171,59.4209,53.6324,28.5094,0.0,0.0,8.52,3.98,4.54,None,0.11999869346618652,38.001,True,None,sfc_cache_p2_9,0,None,72.33,4,594.0,68,76,0,0,0,True,98.75776397515527,11.609210526315788,2.8864473684210528,8.68421052631579,0.6686,0.8303,0.1901,0.3195,2715.500712131961,489.9999999999997,3205.5007121319604,0.5287927273194869,42,17,17
0,1769379254.7754374,151.0,42,0.4956,0.5942,0.4063,0.4989,72.0171,59.4209,53.6324,28.5094,0.0,0.0,16.12,6.6,9.52,None,0.11999869346618652,38.513,True,None,sfc_unique_p2_9,0,None,72.33,4,594.0,68,76,0,0,0,True,98.76543209876543,11.609210526315788,2.8864473684210528,8.68421052631579,0.6686,0.8303,0.1901,0.3195,2715.500712131961,489.9999999999997,3205.5007121319604,0.5287927273194869,42,17,17
0,1769379254.9239821,151.1,43,0.4939,0.6421,0.4228,0.4989,72.0171,64.2072,53.6324,28.7428,0.0,0.0,9.7,3.98,5.72,None,0.2575209140777588,44.997,True,None,sfc_cache_p3_9,0,None,72.33,8,627.0,71,78,0,0,0,True,98.77300613496932,11.431153846153846,3.0389743589743587,8.461538461538462,0.6733,0.9322,0.1869,0.3252,2749.543298200684,504.3999999999997,3253.943298200684,0.5148661068917306,45,16,17
0,1769379254.9279833,151.1,43,0.4939,0.6421,0.4228,0.4989,72.0171,64.2072,53.6324,28.7428,0.0,0.0,14.28,4.01,10.27,None,0.2575209140777588,38.991,True,None,sfc_unique_p3_9,0,None,72.33,8,627.0,71,78,0,0,0,True,98.78048780487805,11.431153846153846,3.0389743589743587,8.461538461538462,0.6733,0.9322,0.1869,0.3252,2749.543298200684,504.3999999999997,3253.943298200684,0.5148661068917306,45,16,17
0,1769379255.0529902,151.2,44,0.5037,0.6421,0.4379,0.4989,74.0684,64.2072,53.6324,29.1522,0.0,0.0,9.14,4.87,4.28,None,0.40806102752685547,36.982,True,None,sfc_cache_p4_9,0,None,72.33,12,660.0,74,80,0,0,0,True,98.7878787878788,11.482874999999998,2.963,8.25,0.6767,0.9322,0.1838,0.3268,2752.1307459641885,518.7999999999997,3270.930745964188,0.501979788241384,47,16,17
0,1769379255.0589848,151.2,44,0.5037,0.6421,0.4379,0.4989,74.0684,64.2072,53.6324,29.1522,0.0,0.0,14.94,6.54,8.4,None,0.40806102752685547,39.007,True,None,sfc_unique_p4_9,0,None,72.33,12,660.0,74,80,0,0,0,True,98.79518072289156,11.482874999999998,2.963,8.25,0.6767,0.9322,0.1838,0.3268,2752.1307459641885,518.7999999999997,3270.930745964188,0.501979788241384,47,16,17
0,1769379255.2059925,151.4,45,0.5097,0.6421,0.453,0.4989,76.1197,64.2072,53.6324,29.1743,0.0,0.0,7.72,3.44,4.28,None,0.540064811706543,36.992,True,None,sfc_cache_p5_9,0,None,72.33,16,693.0,77,82,0,0,0,True,98.80239520958084,11.532073170731708,2.890731707317073,8.048780487804878,0.6736,0.9322,0.1808,0.3256,2752.1307459641885,533.1999999999997,3285.3307459641883,0.48972207050081035,49,16,17
0,1769379255.2119944,151.4,45,0.5097,0.6421,0.453,0.4989,76.1197,64.2072,53.6324,29.1743,0.0,0.0,13.52,5.12,8.4,None,0.540064811706543,36.0,True,None,sfc_unique_p5_9,0,None,72.33,16,693.0,77,82,0,0,0,True,98.80952380952381,11.532073170731708,2.890731707317073,8.048780487804878,0.6736,0.9322,0.1808,0.3256,2752.1307459641885,533.1999999999997,3285.3307459641883,0.48972207050081035,49,16,17
0,1769379255.3601143,151.5,46,0.5127,0.6656,0.4709,0.4989,77.1644,66.5556,53.6324,29.3742,0.0,0.0,8.24,3.98,4.26,None,0.6940765380859375,36.009,True,None,sfc_cache_p6_9,0,None,72.33,20,726.0,80,84,0,0,0,True,98.81656804733728,11.475714285714286,2.925119047619048,7.857142857142857,0.6744,0.9248,0.1779,0.3231,2752.1307459641885,547.5999999999997,3299.730745964188,0.4780491153460658,51,16,17
0,1769379255.3641214,151.6,46,0.5127,0.6656,0.4709,0.4989,77.1644,66.5556,53.6324,29.3742,0.0,0.0,13.23,4.88,8.34,None,0.6940765380859375,41.995,True,None,sfc_unique_p6_9,0,None,72.33,20,726.0,80,84,0,0,0,True,98.82352941176471,11.475714285714286,2.925119047619048,7.857142857142857,0.6744,0.9248,0.1779,0.3231,2752.1307459641885,547.5999999999997,3299.730745964188,0.4780491153460658,51,16,17
0,1769379258.469654,154.7,46,0.5165,0.6656,0.4673,0.5239,77.2422,66.5556,56.314,29.8844,0.0,0.0,13.3,6.56,6.74,None,0.0,42.001,True,None,sfc_cache_p3_5,0,None,68.33,20,693.0,80,84,0,0,0,True,98.83040935672514,11.523333333333333,2.925119047619048,8.25,0.68,0.9533,0.1784,0.3297,2761.4757459641883,551.9999999999997,3313.475745964188,0.46735872814226265,51,16,17
0,1769379258.4736533,154.7,46,0.5165,0.6656,0.4673,0.5239,77.2422,66.5556,56.314,29.8844,0.0,0.0,20.2,6.77,13.43,None,0.0,43.005,True,None,sfc_unique_p3_5,0,None,68.33,20,693.0,80,84,0,0,0,True,98.83720930232558,11.523333333333333,2.925119047619048,8.25,0.68,0.9533,0.1784,0.3297,2761.4757459641883,551.9999999999997,3313.475745964188,0.46735872814226265,51,16,17
0,1769379273.5016518,169.7,46,0.399,0.4948,0.3326,0.3243,47.0895,49.4834,32.4312,30.8062,0.0,0.0,6.09,4.09,1.99,None,0.0,30.998,True,None,sfc_cache_p5_6,0,None,52.33,20,561.0,60,60,0,0,0,False,98.84393063583815,11.021666666666667,3.2728333333333333,7.15,0.7367,0.6885,0.1533,0.2663,2715.671842931442,392.39999999999986,3108.071842931442,0.4482831568395359,38,9,13
0,1769379273.5066543,169.7,46,0.399,0.4948,0.3326,0.3243,47.0895,49.4834,32.4312,30.8062,0.0,0.0,8.79,5.52,3.27,None,0.0,50.0,True,None,sfc_unique_p5_6,0,None,52.33,20,561.0,60,60,0,0,0,False,98.85057471264368,11.021666666666667,3.2728333333333333,7.15,0.7367,0.6885,0.1533,0.2663,2715.671842931442,392.39999999999986,3108.071842931442,0.4482831568395359,38,9,13
0,1769379274.7128978,170.9,46,0.4131,0.4948,0.3352,0.3493,50.4374,49.4834,34.9259,30.036,0.0,0.0,5.77,3.88,1.89,None,0.0,40.514,True,None,sfc_cache_p1_10,0,None,52.33,20,561.0,61,62,0,0,0,False,98.85714285714286,11.166129032258064,3.1672580645161292,7.451612903225806,0.7176,0.6885,0.1564,0.2707,2748.0584703884915,402.39999999999986,3150.458470388491,0.46603285183883664,38,9,15
0,1769379274.7169003,170.9,46,0.4131,0.4948,0.3352,0.3493,50.4374,49.4834,34.9259,30.036,0.0,0.0,8.22,5.23,2.99,None,0.0,32.001,True,None,sfc_unique_p1_10,0,None,52.33,20,561.0,61,62,0,0,0,False,98.86363636363636,11.166129032258064,3.1672580645161292,7.451612903225806,0.7176,0.6885,0.1564,0.2707,2748.0584703884915,402.39999999999986,3150.458470388491,0.46603285183883664,38,9,15
0,1769379274.8368995,171.0,47,0.4188,0.4948,0.3377,0.3493,52.8857,49.4834,34.9259,28.8346,0.0,0.0,5.77,3.88,1.89,None,0.11652350425720215,33.998,True,None,sfc_cache_p2_10,0,None,60.66,20,594.0,64,64,0,0,0,False,98.87005649717514,11.17140625,3.06828125,7.21875,0.705,0.6885,0.1536,0.2749,2767.9938519083803,412.39999999999986,3180.3938519083804,0.48268816763447964,38,9,17
0,1769379274.8419108,171.0,47,0.4188,0.4948,0.3377,0.3493,52.8857,49.4834,34.9259,28.8346,0.0,0.0,8.47,5.52,2.96,None,0.11652350425720215,28.996,True,None,sfc_unique_p2_10,0,None,60.66,20,594.0,64,64,0,0,0,False,98.87640449438202,11.17140625,3.06828125,7.21875,0.705,0.6885,0.1536,0.2749,2767.9938519083803,412.39999999999986,3180.3938519083804,0.48268816763447964,38,9,17
0,1769379274.9624224,171.1,48,0.4283,0.4948,0.3415,0.3493,55.1536,49.4834,34.9259,28.6847,0.0,0.0,8.56,5.2,3.37,None,0.24351716041564941,28.524,True,None,sfc_cache_p3_10,0,None,64.66,20,627.0,67,66,0,0,0,False,98.88268156424581,11.241969696969697,2.9753030303030306,7.0,0.6985,0.6885,0.1509,0.2799,2770.2260914997746,422.39999999999986,3192.6260914997747,0.4831800816354003,39,9,18
0,1769379274.9664226,171.2,48,0.4283,0.4948,0.3415,0.3493,55.1536,49.4834,34.9259,28.6847,0.0,0.0,8.1,5.23,2.87,None,0.24351716041564941,35.005,True,None,sfc_unique_p3_10,0,None,64.66,20,627.0,67,66,0,0,0,False,98.88888888888889,11.241969696969697,2.9753030303030306,7.0,0.6985,0.6885,0.1509,0.2799,2770.2260914997746,422.39999999999986,3192.6260914997747,0.4831800816354003,39,9,18
0,1769379275.073416,171.3,49,0.4376,0.4948,0.3461,0.3493,57.4215,49.4834,34.9259,28.5438,0.0,0.0,8.56,5.2,3.37,None,0.367037296295166,30.996,True,None,sfc_cache_p4_10,0,None,68.66,20,660.0,70,68,0,0,0,False,98.89502762430939,11.308382352941177,2.8877941176470587,6.794117647058823,0.6891,0.6885,0.1483,0.2837,2772.4583310911694,432.39999999999986,3204.858331091169,0.4836331483415929,40,9,19
0,1769379275.0794187,171.3,49,0.4376,0.4948,0.3461,0.3493,57.4215,49.4834,34.9259,28.5438,0.0,0.0,7.64,4.77,2.87,None,0.367037296295166,29.995,True,None,sfc_unique_p4_10,0,None,68.66,20,660.0,70,68,0,0,0,False,98.9010989010989,11.308382352941177,2.8877941176470587,6.794117647058823,0.6891,0.6885,0.1483,0.2837,2772.4583310911694,432.39999999999986,3204.858331091169,0.4836331483415929,40,9,19
0,1769379275.2036777,171.4,50,0.4451,0.4948,0.3499,0.3493,59.6894,49.4834,34.9259,28.2052,0.0,0.0,8.03,4.66,3.37,None,0.48028993606567383,39.999,True,None,sfc_cache_p5_10,0,None,72.66,20,693.0,73,70,0,0,0,False,98.90710382513662,11.371,2.805285714285714,6.6,0.6873,0.6885,0.1458,0.2869,2794.3976593685256,442.39999999999986,3236.7976593685253,0.48408133666328357,41,9,20
0,1769379275.2086713,171.4,50,0.4451,0.4948,0.3499,0.3493,59.6894,49.4834,34.9259,28.2052,0.0,0.0,8.35,5.52,2.84,None,0.48028993606567383,31.001,True,None,sfc_unique_p5_10,0,None,72.66,20,693.0,73,70,0,0,0,False,98.91304347826086,11.371,2.805285714285714,6.6,0.6873,0.6885,0.1458,0.2869,2794.3976593685256,442.39999999999986,3236.7976593685253,0.48408133666328357,41,9,20
0,1769379275.3188105,171.5,51,0.456,0.4948,0.3536,0.3742,62.3893,49.4834,37.4206,28.0868,0.0,0.0,8.67,5.34,3.33,None,0.6092798709869385,30.005,True,None,sfc_cache_p6_10,0,None,72.66,20,693.0,75,72,0,0,0,False,98.91891891891892,11.485694444444444,2.727361111111111,6.875,0.6821,0.6885,0.1438,0.2896,2803.9534556848857,452.39999999999986,3256.3534556848854,0.48449912626806796,42,9,21
0,1769379275.3228106,171.5,51,0.456,0.4948,0.3536,0.3742,62.3893,49.4834,37.4206,28.0868,0.0,0.0,8.35,5.52,2.84,None,0.6092798709869385,39.002,True,None,sfc_unique_p6_10,0,None,72.66,20,693.0,75,72,0,0,0,False,98.9247311827957,11.485694444444444,2.727361111111111,6.875,0.6821,0.6885,0.1438,0.2896,2803.9534556848857,452.39999999999986,3256.3534556848854,0.48449912626806796,42,9,21
0,1769379278.791578,175.0,51,0.4312,0.473,0.3363,0.3493,58.1775,47.2987,34.9259,27.4107,0.0,0.0,13.26,5.93,7.34,None,0.0,35.001,True,None,sfc_cache_p5_5,0,None,64.33,20,660.0,69,68,0,0,0,False,98.93048128342245,11.499558823529412,2.760294117647059,6.794117647058823,0.6796,0.6432,0.1336,0.282,2757.2322492152985,452.39999999999986,3209.6322492152985,0.47250302944110395,39,6,23
0,1769379278.7967927,175.0,51,0.4312,0.473,0.3363,0.3493,58.1775,47.2987,34.9259,27.4107,0.0,0.0,13.57,8.05,5.51,None,0.0,42.002,True,None,sfc_unique_p5_5,0,None,64.33,20,660.0,69,68,0,0,0,False,98.93617021276596,11.499558823529412,2.760294117647059,6.794117647058823,0.6796,0.6432,0.1336,0.282,2757.2322492152985,452.39999999999986,3209.6322492152985,0.47250302944110395,39,6,23
0,1769379278.9147725,175.1,51,0.4461,0.473,0.3416,0.3493,60.4454,47.2987,34.9259,28.0868,0.0,0.0,13.26,6.56,6.69,None,0.39717769622802734,37.995,True,None,sfc_cache_p4_5,0,None,68.33,20,693.0,72,70,0,0,0,False,98.94179894179894,11.556714285714285,2.681428571428571,6.6,0.6881,0.6432,0.1336,0.2887,2770.943677786727,452.39999999999986,3223.3436777867273,0.4718678050113831,41,7,22
0,1769379278.920774,175.1,51,0.4461,0.473,0.3416,0.3493,60.4454,47.2987,34.9259,28.0868,0.0,0.0,13.69,7.74,5.95,None,0.39717769622802734,27.999,True,None,sfc_unique_p4_5,0,None,68.33,20,693.0,72,70,0,0,0,False,98.94736842105263,11.556714285714285,2.681428571428571,6.6,0.6881,0.6432,0.1336,0.2887,2770.943677786727,452.39999999999986,3223.3436777867273,0.4718678050113831,41,7,22
0,1769379279.0227747,175.2,51,0.4648,0.473,0.3472,0.3742,63.1453,47.2987,37.4206,28.9668,0.0,0.0,14.52,7.25,7.27,None,0.5221681594848633,30.001,True,None,sfc_cache_p2_5,0,None,68.33,20,693.0,73,72,0,0,0,False,98.95287958115183,11.66625,2.6069444444444443,6.875,0.6944,0.6432,0.134,0.2935,2770.943677786727,456.79999999999984,3227.743677786727,0.48591023715720116,41,8,23
0,1769379279.0257773,175.2,51,0.4648,0.473,0.3472,0.3742,63.1453,47.2987,37.4206,28.9668,0.0,0.0,12.13,5.52,6.62,None,0.5221681594848633,33.997,True,None,sfc_unique_p2_5,0,None,68.33,20,693.0,73,72,0,0,0,False,98.95833333333334,11.66625,2.6069444444444443,6.875,0.6944,0.6432,0.134,0.2935,2770.943677786727,456.79999999999984,3227.743677786727,0.48591023715720116,41,8,23
0,1769379284.7841523,181.0,51,0.4892,0.4871,0.3377,0.3992,69.828,48.7133,43.1796,28.7628,0.0,0.0,8.94,5.2,3.74,None,0.0009975433349609375,39.998,True,None,sfc_cache_p2_7,0,None,64.33,20,660.0,71,72,0,0,0,True,98.96373056994818,11.846805555555555,2.4819444444444443,7.333333333333333,0.6824,0.6108,0.126,0.2929,2605.59921404113,456.79999999999984,3062.3992140411297,0.48943930931523405,40,7,25
0,1769379284.7891538,181.0,51,0.4892,0.4871,0.3377,0.3992,69.828,48.7133,43.1796,28.7628,0.0,0.0,13.64,5.98,7.66,None,0.0009975433349609375,43.991,True,None,sfc_unique_p2_7,0,None,64.33,20,660.0,71,72,0,0,0,True,98.96907216494846,11.846805555555555,2.4819444444444443,7.333333333333333,0.6824,0.6108,0.126,0.2929,2605.59921404113,456.79999999999984,3062.3992140411297,0.48943930931523405,40,7,25
0,1769379297.8649595,194.1,51,0.4958,0.498,0.3508,0.4241,71.8924,49.8037,45.8783,28.8,0.0,0.0,8.05,3.55,4.5,None,0.0009882450103759766,34.999,True,None,sfc_cache_p1_11,0,None,64.33,20,660.0,71,74,0,0,0,True,98.97435897435898,11.891486486486487,2.4689189189189187,7.581081081081081,0.6826,0.62,0.1398,0.3017,2626.8288998482803,471.1999999999998,3098.02889984828,0.47620236098796787,42,7,25
0,1769379297.8689585,194.1,51,0.4958,0.498,0.3508,0.4241,71.8924,49.8037,45.8783,28.8,0.0,0.0,13.68,5.12,8.56,None,0.0009882450103759766,37.005,True,None,sfc_unique_p1_11,0,None,64.33,20,660.0,71,74,0,0,0,True,98.9795918367347,11.891486486486487,2.4689189189189187,7.581081081081081,0.6826,0.62,0.1398,0.3017,2626.8288998482803,471.1999999999998,3098.02889984828,0.47620236098796787,42,7,25
0,1769379298.0129569,194.2,52,0.4974,0.5326,0.3688,0.449,72.9438,53.2576,48.577,28.8347,0.0,0.0,8.39,3.26,5.13,None,0.13198614120483398,45.001,True,None,sfc_cache_p2_11,0,None,64.33,20,660.0,71,76,0,0,0,True,98.98477157360406,11.819736842105263,2.570657894736842,7.815789473684211,0.6799,0.7048,0.1533,0.3123,2645.6358412799505,485.5999999999998,3131.2358412799504,0.4631123068354236,44,7,25
0,1769379298.0189545,194.2,52,0.4974,0.5326,0.3688,0.449,72.9438,53.2576,48.577,28.8347,0.0,0.0,13.95,6.11,7.84,None,0.13198614120483398,28.994,True,None,sfc_unique_p2_11,0,None,64.33,20,660.0,71,76,0,0,0,True,98.98989898989899,11.819736842105263,2.570657894736842,7.815789473684211,0.6799,0.7048,0.1533,0.3123,2645.6358412799505,485.5999999999998,3131.2358412799504,0.4631123068354236,44,7,25
0,1769379298.1549578,194.3,53,0.5023,0.5562,0.3846,0.449,73.9953,55.621,48.577,29.2397,0.0,0.0,9.52,4.97,4.55,None,0.2819828987121582,36.008,True,None,sfc_cache_p3_11,0,None,64.33,24,693.0,74,78,0,0,0,True,98.99497487437185,11.751666666666667,2.615897435897436,7.615384615384615,0.684,0.7171,0.1508,0.3148,2666.7707275204707,499.9999999999998,3166.7707275204702,0.45122847246076664,46,7,25
0,1769379298.1589606,194.3,53,0.5023,0.5562,0.3846,0.449,73.9953,55.621,48.577,29.2397,0.0,0.0,14.4,5.74,8.66,None,0.2819828987121582,33.999,True,None,sfc_unique_p3_11,0,None,64.33,24,693.0,74,78,0,0,0,True,99.0,11.751666666666667,2.615897435897436,7.615384615384615,0.684,0.7171,0.1508,0.3148,2666.7707275204707,499.9999999999998,3166.7707275204702,0.45122847246076664,46,7,25
0,1769379298.2879593,194.5,54,0.5059,0.5798,0.4047,0.474,75.514,57.9844,51.2758,29.259,0.0,0.0,9.55,4.23,5.32,None,0.42198753356933594,28.998,True,None,sfc_cache_p4_11,0,None,64.33,24,693.0,76,80,0,0,0,True,99.00497512437812,11.737,2.658875,7.8375,0.6835,0.8078,0.1575,0.3195,2685.577668952141,514.3999999999997,3199.9776689521404,0.43994171395409437,48,7,25
0,1769379298.2919648,194.5,54,0.5059,0.5798,0.4047,0.474,75.514,57.9844,51.2758,29.259,0.0,0.0,13.49,4.55,8.94,None,0.42198753356933594,34.008,True,None,sfc_unique_p4_11,0,None,64.33,24,693.0,76,80,0,0,0,True,99.00990099009901,11.737,2.658875,7.8375,0.6835,0.8078,0.1575,0.3195,2685.577668952141,514.3999999999997,3199.9776689521404,0.43994171395409437,48,7,25
0,1769379298.4139626,194.6,55,0.5058,0.628,0.4205,0.474,75.514,62.8012,51.2758,29.6363,0.0,0.0,8.95,4.97,3.98,None,0.5559866428375244,30.0,True,None,sfc_cache_p5_11,0,None,64.33,28,726.0,79,82,0,0,0,True,99.01477832512316,11.564512195121951,2.8095121951219513,7.646341463414634,0.6895,0.8588,0.155,0.3171,2722.29275562603,528.7999999999997,3251.09275562603,0.4289990939998108,50,8,24
0,1769379298.4179585,194.6,55,0.5058,0.628,0.4205,0.474,75.514,62.8012,51.2758,29.6363,0.0,0.0,11.96,5.08,6.87,None,0.5559866428375244,34.003,True,None,sfc_unique_p5_11,0,None,64.33,28,726.0,79,82,0,0,0,True,99.01960784313727,11.564512195121951,2.8095121951219513,7.646341463414634,0.6895,0.8588,0.155,0.3171,2722.29275562603,528.7999999999997,3251.09275562603,0.4289990939998108,50,8,24
0,1769379298.5399547,194.7,56,0.5151,0.628,0.4336,0.474,77.5784,62.8012,51.2758,30.0,0.0,0.0,9.65,4.97,4.68,None,0.6789989471435547,30.0,True,None,sfc_cache_p6_11,0,None,64.33,32,759.0,82,84,0,0,0,True,99.02439024390245,11.610595238095238,2.7426190476190477,7.464285714285714,0.688,0.8588,0.1525,0.313,2722.29275562603,543.1999999999997,3265.49275562603,0.418581121433865,52,8,24
0,1769379298.5429547,194.7,56,0.5151,0.628,0.4336,0.474,77.5784,62.8012,51.2758,30.0,0.0,0.0,17.23,8.32,8.91,None,0.6789989471435547,35.002,True,None,sfc_unique_p6_11,0,None,64.33,32,759.0,82,84,0,0,0,True,99.02912621359224,11.610595238095238,2.7426190476190477,7.464285714285714,0.688,0.8588,0.1525,0.313,2722.29275562603,543.1999999999997,3265.49275562603,0.418581121433865,52,8,24
0,1769379298.6749582,194.9,56,0.4993,0.5599,0.4047,0.449,75.514,55.9863,48.577,28.6953,0.0,0.0,10.37,6.22,4.15,None,0.0,29.001,True,None,sfc_cache_p6_6,0,None,60.33,32,726.0,80,80,0,0,0,True,99.03381642512076,11.778625,2.56725,7.425,0.6644,0.8078,0.1376,0.3179,2672.3372030799846,538.7999999999997,3211.1372030799844,0.4278058937126616,49,7,24
0,1769379298.6799653,194.9,56,0.4993,0.5599,0.4047,0.449,75.514,55.9863,48.577,28.6953,0.0,0.0,12.66,5.08,7.58,None,0.0,33.003,True,None,sfc_unique_p6_6,0,None,60.33,32,726.0,80,80,0,0,0,True,99.03846153846155,11.778625,2.56725,7.425,0.6644,0.8078,0.1376,0.3179,2672.3372030799846,538.7999999999997,3211.1372030799844,0.4278058937126616,49,7,24
0,1769379298.7959569,195.0,56,0.5136,0.5599,0.4151,0.449,77.5784,55.9863,48.577,29.6,0.0,0.0,9.09,5.34,3.75,None,0.1170051097869873,28.011,True,None,sfc_cache_p4_6,0,None,64.33,32,759.0,83,82,0,0,0,True,99.04306220095694,11.82060975609756,2.504634146341463,7.2439024390243905,0.6799,0.8078,0.1376,0.3268,2680.7041073254136,543.1999999999997,3223.9041073254134,0.4168506942242854,51,7,24
0,1769379298.800957,195.0,56,0.5136,0.5599,0.4151,0.449,77.5784,55.9863,48.577,29.6,0.0,0.0,18.4,10.97,7.43,None,0.1170051097869873,43.0,True,None,sfc_unique_p4_6,0,None,64.33,32,759.0,83,82,0,0,0,True,99.04761904761905,11.82060975609756,2.504634146341463,7.2439024390243905,0.6799,0.8078,0.1376,0.3268,2680.7041073254136,543.1999999999997,3223.9041073254134,0.4168506942242854,51,7,24
0,1769379298.9194746,195.1,56,0.5279,0.5599,0.429,0.449,79.6427,55.9863,48.577,30.5047,0.0,0.0,13.72,6.36,7.36,None,0.2389967441558838,38.509,True,None,sfc_cache_p6_5,0,None,68.33,32,792.0,85,84,0,0,0,True,99.0521327014218,11.860595238095238,2.445,7.071428571428571,0.7087,0.8078,0.1376,0.3342,2688.7642250818435,547.5999999999997,3236.364225081843,0.4069210799707725,53,7,24
0,1769379298.9254756,195.1,56,0.5279,0.5599,0.429,0.449,79.6427,55.9863,48.577,30.5047,0.0,0.0,23.08,8.28,14.79,None,0.2389967441558838,31.004,True,None,sfc_unique_p6_5,0,None,68.33,32,792.0,85,84,0,0,0,True,99.05660377358491,11.860595238095238,2.445,7.071428571428571,0.7087,0.8078,0.1376,0.3342,2688.7642250818435,547.5999999999997,3236.364225081843,0.4069210799707725,53,7,24
0,1769379303.7034152,199.9,56,0.5226,0.5117,0.4195,0.4241,79.1754,51.1694,45.8783,29.7805,0.0,0.0,10.35,6.22,4.12,None,0.0,29.009,True,None,sfc_cache_p3_6,0,None,68.33,32,792.0,84,82,0,0,0,True,99.06103286384976,11.987317073170733,2.2891463414634146,6.841463414634147,0.6958,0.7401,0.136,0.3258,2664.8341059052455,543.1999999999997,3208.0341059052453,0.3928935001360407,53,7,22
0,1769379303.7074153,199.9,56,0.5226,0.5117,0.4195,0.4241,79.1754,51.1694,45.8783,29.7805,0.0,0.0,17.32,8.81,8.51,None,0.0,44.003,True,None,sfc_unique_p3_6,0,None,68.33,32,792.0,84,82,0,0,0,True,99.06542056074767,11.987317073170733,2.2891463414634146,6.841463414634147,0.6958,0.7401,0.136,0.3258,2664.8341059052455,543.1999999999997,3208.0341059052453,0.3928935001360407,53,7,22
0,1769379303.817435,200.0,56,0.5391,0.5117,0.4305,0.449,81.7071,51.1694,48.577,30.6907,0.0,0.0,10.44,5.65,4.79,None,0.1250014305114746,36.512,True,None,sfc_cache_p1_6,0,None,68.33,32,792.0,85,84,0,0,0,True,99.06976744186046,12.07095238095238,2.234642857142857,7.071428571428571,0.7087,0.7401,0.1412,0.327,2664.8341059052455,547.5999999999997,3212.434105905245,0.40706826705034616,53,7,24
0,1769379303.8234348,200.0,56,0.5391,0.5117,0.4305,0.449,81.7071,51.1694,48.577,30.6907,0.0,0.0,14.76,6.54,8.22,None,0.1250014305114746,34.003,True,None,sfc_unique_p1_6,0,None,68.33,32,792.0,85,84,0,0,0,True,99.07407407407408,12.07095238095238,2.234642857142857,7.071428571428571,0.7087,0.7401,0.1412,0.327,2664.8341059052455,547.5999999999997,3212.434105905245,0.40706826705034616,53,7,24
0,1769379313.7455187,209.9,56,0.4695,0.4058,0.3711,0.3742,62.0297,40.5806,37.4206,30.7548,0.0,0.0,11.07,5.72,5.35,None,0.0,38.946,True,None,sfc_cache_p3_7,0,None,52.33,32,660.0,72,70,0,0,0,False,99.07834101382488,11.994714285714286,2.3005714285714283,7.071428571428571,0.6732,0.6265,0.1422,0.3027,2716.4323165809465,469.99999999999983,3186.4323165809465,0.39349432947910107,44,2,24
0,1769379313.7525318,209.9,56,0.4695,0.4058,0.3711,0.3742,62.0297,40.5806,37.4206,30.7548,0.0,0.0,8.82,4.47,4.36,None,0.0,37.008,True,None,sfc_unique_p3_7,0,None,52.33,32,660.0,72,70,0,0,0,False,99.08256880733946,11.994714285714286,2.3005714285714283,7.071428571428571,0.6732,0.6265,0.1422,0.3027,2716.4323165809465,469.99999999999983,3186.4323165809465,0.39349432947910107,44,2,24
0,1769379314.1325161,210.3,56,0.4868,0.4058,0.3784,0.3992,64.7296,40.5806,39.9153,31.4504,0.0,0.0,10.48,5.65,4.83,None,0.12999749183654785,36.003,True,None,sfc_cache_p1_7,0,None,52.33,32,660.0,73,72,0,0,0,False,99.08675799086758,12.092083333333333,2.2366666666666664,7.333333333333333,0.6807,0.6265,0.1426,0.3083,2716.4323165809465,474.3999999999998,3190.832316580946,0.4101382800178001,44,2,26
0,1769379314.1355186,210.3,56,0.4868,0.4058,0.3784,0.3992,64.7296,40.5806,39.9153,31.4504,0.0,0.0,8.94,4.91,4.04,None,0.12999749183654785,23.999,True,None,sfc_unique_p1_7,0,None,52.33,32,660.0,73,72,0,0,0,False,99.0909090909091,12.092083333333333,2.2366666666666664,7.333333333333333,0.6807,0.6265,0.1426,0.3083,2716.4323165809465,474.3999999999998,3190.832316580946,0.4101382800178001,44,2,26
0,1769379318.7573678,214.9,56,0.4717,0.4058,0.3671,0.3992,62.8213,40.5806,39.9153,30.3687,0.0,0.0,11.4,5.72,5.68,None,0.0,31.01,True,None,sfc_cache_p3_8,0,None,48.33,32,627.0,70,70,0,0,0,False,99.09502262443439,12.051857142857145,2.3005714285714283,7.542857142857143,0.6665,0.6265,0.1448,0.3026,2710.1523165809467,469.99999999999983,3180.1523165809467,0.39501459690562873,44,0,26
0,1769379318.7613635,214.9,56,0.4717,0.4058,0.3671,0.3992,62.8213,40.5806,39.9153,30.3687,0.0,0.0,9.59,5.23,4.36,None,0.0,29.004,True,None,sfc_unique_p3_8,0,None,48.33,32,627.0,70,70,0,0,0,False,99.09909909909909,12.051857142857145,2.3005714285714283,7.542857142857143,0.6665,0.6265,0.1448,0.3026,2710.1523165809467,469.99999999999983,3180.1523165809467,0.39501459690562873,44,0,26
0,1769379318.891366,215.1,56,0.4784,0.4285,0.3735,0.3992,64.1172,42.8485,39.9153,30.6206,0.0,0.0,8.92,4.8,4.12,None,0.11118149757385254,40.998,True,None,sfc_cache_p2_6,0,None,52.33,32,660.0,73,72,0,0,0,False,99.10313901345292,11.967083333333335,2.3616666666666664,7.333333333333333,0.6732,0.6267,0.1448,0.3015,2725.387961218,469.99999999999983,3195.387961218,0.4116329849257854,44,0,28
0,1769379318.895364,215.1,56,0.4784,0.4285,0.3735,0.3992,64.1172,42.8485,39.9153,30.6206,0.0,0.0,7.73,4.26,3.47,None,0.11118149757385254,34.0,True,None,sfc_unique_p2_6,0,None,52.33,32,660.0,73,72,0,0,0,False,99.10714285714286,11.967083333333335,2.3616666666666664,7.333333333333333,0.6732,0.6267,0.1448,0.3015,2725.387961218,469.99999999999983,3195.387961218,0.4116329849257854,44,0,28
0,1769379323.98332,220.2,56,0.4754,0.4831,0.3834,0.4241,64.4769,48.3091,42.41,30.2268,0.0,0.0,6.81,3.45,3.37,None,0.0010018348693847656,36.006,True,None,sfc_cache_p1_12,0,None,52.33,32,660.0,74,74,0,0,0,False,99.11111111111111,11.76972972972973,2.590675675675676,7.581081081081081,0.67,0.6397,0.1588,0.3013,2747.6496080219003,479.99999999999983,3227.6496080219003,0.4139635170431722,45,0,29
0,1769379323.9893138,220.2,56,0.4754,0.4831,0.3834,0.4241,64.4769,48.3091,42.41,30.2268,0.0,0.0,5.12,2.25,2.87,None,0.0010018348693847656,41.002,True,None,sfc_unique_p1_12,0,None,52.33,32,660.0,74,74,0,0,0,False,99.11504424778761,11.76972972972973,2.590675675675676,7.581081081081081,0.67,0.6397,0.1588,0.3013,2747.6496080219003,479.99999999999983,3227.6496080219003,0.4139635170431722,45,0,29
0,1769379324.1163156,220.3,57,0.4819,0.4831,0.3955,0.4241,66.7448,48.3091,42.41,29.8592,0.0,0.0,6.04,3.01,3.03,None,0.1430058479309082,30.996,True,None,sfc_cache_p2_12,0,None,52.33,36,693.0,75,76,0,0,0,False,99.11894273127754,11.815263157894737,2.5225,7.381578947368421,0.6801,0.6397,0.1562,0.3036,2761.7068686354733,489.99999999999983,3251.7068686354733,0.4146912243940579,47,1,28
0,1769379324.1205492,220.3,57,0.4819,0.4831,0.3955,0.4241,66.7448,48.3091,42.41,29.8592,0.0,0.0,12.37,8.5,3.87,None,0.1430058479309082,39.998,True,None,sfc_unique_p2_12,0,None,52.33,36,693.0,75,76,0,0,0,False,99.12280701754386,11.815263157894737,2.5225,7.381578947368421,0.6801,0.6397,0.1562,0.3036,2761.7068686354733,489.99999999999983,3251.7068686354733,0.4146912243940579,47,1,28
0,1769379324.2435486,220.4,58,0.4804,0.5276,0.407,0.4241,66.7448,52.7618,42.41,30.053,0.0,0.0,7.49,4.05,3.44,None,0.27224040031433105,28.996,True,None,sfc_cache_p3_12,0,None,52.33,40,726.0,77,78,0,0,0,False,99.12663755458514,11.631923076923076,2.6843589743589744,7.1923076923076925,0.6847,0.6912,0.1537,0.3037,2789.1147776278895,504.3999999999998,3293.514777627889,0.40405042734519153,49,1,28
0,1769379324.2475507,220.4,58,0.4804,0.5276,0.407,0.4241,66.7448,52.7618,42.41,30.053,0.0,0.0,10.23,4.1,6.13,None,0.27224040031433105,34.006,True,None,sfc_unique_p3_12,0,None,52.33,40,726.0,77,78,0,0,0,False,99.1304347826087,11.631923076923076,2.6843589743589744,7.1923076923076925,0.6847,0.6912,0.1537,0.3037,2789.1147776278895,504.3999999999998,3293.514777627889,0.40405042734519153,49,1,28
0,1769379324.3715458,220.6,59,0.4853,0.5495,0.4228,0.4241,67.7167,54.9466,42.41,30.4296,0.0,0.0,8.24,4.87,3.37,None,0.4002375602722168,29.999,True,None,sfc_cache_p4_12,0,None,52.33,44,759.0,79,80,0,0,0,False,99.13419913419914,11.570249999999998,2.725625,7.0125,0.6991,0.6852,0.1513,0.3017,2798.7576347707463,518.7999999999998,3317.557634770746,0.39394392918916826,51,1,28
0,1769379324.3775468,220.6,59,0.4853,0.5495,0.4228,0.4241,67.7167,54.9466,42.41,30.4296,0.0,0.0,14.61,7.54,7.07,None,0.4002375602722168,35.001,True,None,sfc_unique_p4_12,0,None,52.33,44,759.0,79,80,0,0,0,False,99.13793103448276,11.570249999999998,2.725625,7.0125,0.6991,0.6852,0.1513,0.3017,2798.7576347707463,518.7999999999998,3317.557634770746,0.39394392918916826,51,1,28
0,1769379324.517553,220.7,60,0.487,0.5713,0.4373,0.4241,68.6887,57.1313,42.41,30.4119,0.0,0.0,6.04,3.01,3.03,None,0.531233549118042,38.006,True,None,sfc_cache_p5_12,0,None,52.33,48,792.0,82,82,0,0,0,False,99.14163090128756,11.511585365853659,2.7648780487804876,6.841463414634147,0.7073,0.6847,0.149,0.2987,2813.720491913604,533.1999999999998,3346.9204919136037,0.3842950887335409,53,1,28
0,1769379324.521545,220.7,60,0.487,0.5713,0.4373,0.4241,68.6887,57.1313,42.41,30.4119,0.0,0.0,13.21,6.14,7.06,None,0.531233549118042,42.998,True,None,sfc_unique_p5_12,0,None,52.33,48,792.0,82,82,0,0,0,False,99.14529914529915,11.511585365853659,2.7648780487804876,6.841463414634147,0.7073,0.6847,0.149,0.2987,2813.720491913604,533.1999999999998,3346.9204919136037,0.3842950887335409,53,1,28
0,1769379324.6515572,220.8,61,0.4923,0.5822,0.4604,0.4241,70.9566,58.2225,42.41,29.84,0.0,0.0,5.97,1.5,4.47,None,0.6722309589385986,32.001,True,None,sfc_cache_p6_12,0,None,52.33,52,825.0,84,84,0,0,0,False,99.14893617021276,11.50738095238095,2.7505952380952383,6.678571428571429,0.7017,0.692,0.1468,0.2982,2840.5643179467256,543.1999999999998,3383.7643179467254,0.3867369457462886,54,1,29
0,1769379324.656555,220.8,61,0.4923,0.5822,0.4604,0.4241,70.9566,58.2225,42.41,29.84,0.0,0.0,11.48,6.25,5.23,None,0.6722309589385986,35.995,True,None,sfc_unique_p6_12,0,None,52.33,52,825.0,84,84,0,0,0,False,99.15254237288136,11.50738095238095,2.7505952380952383,6.678571428571429,0.7017,0.692,0.1468,0.2982,2840.5643179467256,543.1999999999998,3383.7643179467254,0.3867369457462886,54,1,29
0,1769379324.7930608,221.0,61,0.4976,0.5475,0.4274,0.4241,73.9294,54.7531,43.9414,28.9407,0.0,0.0,9.66,6.03,3.63,None,0.0,39.991,True,None,sfc_cache_p2_11,0,None,48.33,52,792.0,82,82,0,0,0,True,99.15611814345992,11.719024390243902,2.557439024390244,6.841463414634147,0.6766,0.6717,0.1504,0.2847,2748.4521394527683,538.7999999999997,3287.252139452768,0.38568496329344837,52,1,29
0,1769379324.7970603,221.0,61,0.4976,0.5475,0.4274,0.4241,73.9294,54.7531,43.9414,28.9407,0.0,0.0,14.78,8.11,6.67,None,0.0,39.998,True,None,sfc_unique_p2_11,0,None,48.33,52,792.0,82,82,0,0,0,True,99.15966386554622,11.719024390243902,2.557439024390244,6.841463414634147,0.6766,0.6717,0.1504,0.2847,2748.4521394527683,538.7999999999997,3287.252139452768,0.38568496329344837,52,1,29
0,1769379324.9270716,221.1,61,0.5057,0.6041,0.4467,0.449,73.9294,60.411,46.5262,30.2039,0.0,0.0,8.79,4.68,4.1,None,0.13851284980773926,35.001,True,None,sfc_cache_p6_7,0,None,48.33,52,792.0,83,84,0,0,0,True,99.16317991631799,11.551071428571428,2.7545238095238096,7.071428571428571,0.6954,0.6964,0.166,0.2904,2767.1171394527682,543.1999999999998,3310.317139452768,0.3763670940318657,54,2,28
0,1769379324.9310617,221.1,61,0.5057,0.6041,0.4467,0.449,73.9294,60.411,46.5262,30.2039,0.0,0.0,13.9,5.54,8.35,None,0.13851284980773926,43.001,True,None,sfc_unique_p6_7,0,None,48.33,52,792.0,83,84,0,0,0,True,99.16666666666667,11.551071428571428,2.7545238095238096,7.071428571428571,0.6954,0.6964,0.166,0.2904,2767.1171394527682,543.1999999999998,3310.317139452768,0.3763670940318657,54,2,28
0,1769379328.5302143,224.7,61,0.5185,0.6033,0.4357,0.4241,77.2411,60.3256,45.5875,30.3892,0.0,0.0,10.46,6.56,3.89,None,0.0,45.05,True,None,sfc_cache_p4_11,0,None,52.33,52,825.0,84,84,0,0,0,True,99.1701244813278,11.606666666666667,2.651309523809524,6.678571428571429,0.7087,0.6692,0.172,0.2889,2694.307340878241,543.1999999999998,3237.507340878241,0.37620877101530054,54,2,28
0,1769379328.5342126,224.7,61,0.5185,0.6033,0.4357,0.4241,77.2411,60.3256,45.5875,30.3892,0.0,0.0,16.17,8.44,7.73,None,0.0,52.025,True,None,sfc_unique_p4_11,0,None,52.33,52,825.0,84,84,0,0,0,True,99.17355371900827,11.606666666666667,2.651309523809524,6.678571428571429,0.7087,0.6692,0.172,0.2889,2694.307340878241,543.1999999999998,3237.507340878241,0.37620877101530054,54,2,28
0,1769379328.8282168,225.0,61,0.4938,0.5554,0.4171,0.3992,73.9523,55.5393,42.9059,28.8572,0.0,0.0,9.95,4.29,5.66,None,0.0,40.999,True,None,sfc_cache_p4_8,0,None,48.33,52,792.0,79,80,0,0,0,True,99.1769547325103,11.682875,2.5629999999999997,6.6,0.6814,0.6742,0.1734,0.2837,2693.4645920777457,534.3999999999997,3227.8645920777453,0.37007683074060405,52,2,26
0,1769379328.834218,225.0,61,0.4938,0.5554,0.4171,0.3992,73.9523,55.5393,42.9059,28.8572,0.0,0.0,16.42,6.01,10.41,None,0.0,32.987,True,None,sfc_unique_p4_8,0,None,48.33,52,792.0,79,80,0,0,0,True,99.18032786885246,11.682875,2.5629999999999997,6.6,0.6814,0.6742,0.1734,0.2837,2693.4645920777457,534.3999999999997,3227.8645920777453,0.37007683074060405,52,2,26
0,1769379328.9637477,225.1,61,0.5102,0.5554,0.4213,0.4241,76.4679,55.5393,45.5875,29.7619,0.0,0.0,10.13,4.83,5.31,None,0.14699363708496094,40.001,True,None,sfc_cache_p4_7,0,None,48.33,52,792.0,81,82,0,0,0,True,99.18367346938776,11.775975609756099,2.500487804878049,6.841463414634147,0.6941,0.6742,0.172,0.2924,2694.307340878241,538.7999999999997,3233.107340878241,0.3610429111343733,54,2,26
0,1769379328.969762,225.2,61,0.5102,0.5554,0.4213,0.4241,76.4679,55.5393,45.5875,29.7619,0.0,0.0,16.43,5.98,10.45,None,0.14699363708496094,42.515,True,None,sfc_unique_p4_7,0,None,48.33,52,792.0,81,82,0,0,0,True,99.1869918699187,11.775975609756099,2.500487804878049,6.841463414634147,0.6941,0.6742,0.172,0.2924,2694.307340878241,538.7999999999997,3233.107340878241,0.3610429111343733,54,2,26
0,1769379329.108751,225.3,61,0.5138,0.6033,0.4315,0.449,76.9323,60.3256,48.2691,30.2994,0.0,0.0,9.13,4.23,4.9,None,0.2855336666107178,38.997,True,None,sfc_cache_p3_7,0,None,48.33,52,792.0,82,84,0,0,0,True,99.19028340080972,11.654285714285715,2.651309523809524,7.071428571428571,0.7078,0.6867,0.1714,0.3008,2720.9270591881004,543.1999999999998,3264.1270591881002,0.3524366843563632,56,2,26
0,1769379329.1147516,225.3,61,0.5138,0.6033,0.4315,0.449,76.9323,60.3256,48.2691,30.2994,0.0,0.0,11.81,3.06,8.74,None,0.2855336666107178,46.996,True,None,sfc_unique_p3_7,0,None,48.33,52,792.0,82,84,0,0,0,True,99.19354838709677,11.654285714285715,2.651309523809524,7.071428571428571,0.7078,0.6867,0.1714,0.3008,2720.9270591881004,543.1999999999998,3264.1270591881002,0.3524366843563632,56,2,26
0,1769379333.299017,229.5,61,0.5361,0.577,0.4234,0.474,82.54,57.7009,52.9337,30.4819,0.0,0.0,13.02,7.25,5.77,None,0.0,41.998,True,None,sfc_cache_p3_9,0,None,48.33,48,759.0,80,84,0,0,0,True,99.19678714859438,11.912261904761905,2.440952380952381,7.464285714285714,0.7154,0.6471,0.1749,0.3016,2626.0800310825407,543.1999999999998,3169.2800310825405,0.3523789804568819,56,2,26
0,1769379333.302022,229.5,61,0.5361,0.577,0.4234,0.474,82.54,57.7009,52.9337,30.4819,0.0,0.0,18.05,6.87,11.18,None,0.0,46.005,True,None,sfc_unique_p3_9,0,None,48.33,48,759.0,80,84,0,0,0,True,99.2,11.912261904761905,2.440952380952381,7.464285714285714,0.7154,0.6471,0.1749,0.3016,2626.0800310825407,543.1999999999998,3169.2800310825405,0.3523789804568819,56,2,26
0,1769379335.4276927,231.6,61,0.5378,0.6267,0.4392,0.4989,83.0224,62.6734,55.7197,30.8241,0.0,0.0,11.41,7.39,4.03,None,0.0,40.516,True,None,sfc_cache_p1_13,0,None,48.33,48,759.0,80,86,0,0,0,True,99.20318725099602,11.790232558139536,2.5896511627906977,7.674418604651163,0.7204,0.6549,0.1717,0.3051,2645.548689185002,557.5999999999998,3203.148689185002,0.3441539327480758,58,2,26
0,1769379335.4337027,231.6,61,0.5378,0.6267,0.4392,0.4989,83.0224,62.6734,55.7197,30.8241,0.0,0.0,10.17,4.92,5.25,None,0.0,36.007,True,None,sfc_unique_p1_13,0,None,48.33,48,759.0,80,86,0,0,0,True,99.20634920634922,11.790232558139536,2.5896511627906977,7.674418604651163,0.7204,0.6549,0.1717,0.3051,2645.548689185002,557.5999999999998,3203.148689185002,0.3441539327480758,58,2,26
0,1769379335.5786912,231.8,62,0.5356,0.6765,0.4564,0.4989,83.0224,67.646,55.7197,30.9743,0.0,0.0,10.41,6.5,3.91,None,0.4900822639465332,41.011,True,None,sfc_cache_p2_13,0,None,52.33,48,792.0,82,88,0,0,0,True,99.2094861660079,11.628295454545453,2.731590909090909,7.5,0.7238,0.6546,0.1689,0.3049,2645.548689185002,571.9999999999998,3217.5486891850014,0.3363254843999328,60,2,26
0,1769379335.5816941,231.8,62,0.5356,0.6765,0.4564,0.4989,83.0224,67.646,55.7197,30.9743,0.0,0.0,9.21,3.84,5.36,None,0.4900822639465332,35.008,True,None,sfc_unique_p2_13,0,None,52.33,48,792.0,82,88,0,0,0,True,99.21259842519686,11.628295454545453,2.731590909090909,7.5,0.7238,0.6546,0.1689,0.3049,2645.548689185002,571.9999999999998,3217.5486891850014,0.3363254843999328,60,2,26
0,1769379335.7326944,231.9,63,0.5384,0.7018,0.4798,0.5239,84.5504,70.1787,58.5057,30.9429,0.0,0.0,10.01,5.75,4.26,None,0.6360828876495361,39.008,True,None,sfc_cache_p3_13,0,None,52.33,48,792.0,83,90,0,0,0,True,99.2156862745098,11.614333333333333,2.770888888888889,7.7,0.7247,0.7601,0.1803,0.3105,2669.3571800433842,586.3999999999997,3255.757180043384,0.3284294221433779,62,2,26
0,1769379335.7396922,231.9,63,0.5384,0.7018,0.4798,0.5239,84.5504,70.1787,58.5057,30.9429,0.0,0.0,11.69,5.36,6.34,None,0.6360828876495361,44.001,True,None,sfc_unique_p3_13,0,None,52.33,48,792.0,83,90,0,0,0,True,99.21875,11.614333333333333,2.770888888888889,7.7,0.7247,0.7601,0.1803,0.3105,2669.3571800433842,586.3999999999997,3255.757180043384,0.3284294221433779,62,2,26
0,1769379335.9191988,232.1,64,0.5407,0.7271,0.4983,0.5239,84.5504,72.7114,58.5057,31.8453,0.0,0.0,12.06,7.11,4.95,None,0.7960822582244873,49.005,True,None,sfc_cache_p4_13,0,None,56.33,48,825.0,85,92,0,0,0,True,99.22178988326849,11.5575,2.808478260869565,7.532608695652174,0.7279,0.7699,0.1775,0.312,2674.017180043384,604.3999999999997,3278.4171800433837,0.3211784639132032,64,2,26
0,1769379335.9252064,232.1,64,0.5407,0.7271,0.4983,0.5239,84.5504,72.7114,58.5057,31.8453,0.0,0.0,14.35,7.27,7.08,None,0.7960822582244873,53.0,True,None,sfc_unique_p4_13,0,None,56.33,48,825.0,85,92,0,0,0,True,99.2248062015504,11.5575,2.808478260869565,7.532608695652174,0.7279,0.7699,0.1775,0.312,2674.017180043384,604.3999999999997,3278.4171800433837,0.3211784639132032,64,2,26
0,1769379336.0662062,232.3,65,0.5492,0.7271,0.5113,0.5239,86.6815,72.7114,58.5057,32.1358,0.0,0.0,12.2,8.0,4.2,None,0.9826011657714844,36.004,True,None,sfc_cache_p5_13,0,None,60.33,48,858.0,88,94,0,0,0,True,99.22779922779922,11.598829787234042,2.748723404255319,7.372340425531915,0.7335,0.7699,0.1747,0.3104,2685.9570622869537,618.7999999999997,3304.7570622869534,0.3137614434515555,66,2,26
0,1769379336.0722094,232.3,65,0.5492,0.7271,0.5113,0.5239,86.6815,72.7114,58.5057,32.1358,0.0,0.0,16.43,11.33,5.1,None,0.9826011657714844,35.005,True,None,sfc_unique_p5_13,0,None,60.33,48,858.0,88,94,0,0,0,True,99.23076923076923,11.598829787234042,2.748723404255319,7.372340425531915,0.7335,0.7699,0.1747,0.3104,2685.9570622869537,618.7999999999997,3304.7570622869534,0.3137614434515555,66,2,26
0,1769379336.2137284,232.4,66,0.5558,0.7271,0.5283,0.5239,88.2892,72.7114,58.5057,32.6129,0.0,0.0,11.43,6.35,5.07,None,1.1276049613952637,37.003,True,None,sfc_cache_p6_13,0,None,64.33,48,891.0,91,96,0,0,0,True,99.23371647509579,11.6384375,2.6914583333333333,7.21875,0.735,0.7699,0.1721,0.3071,2688.8084908583824,636.7999999999997,3325.608490858382,0.30718802922225436,68,2,26
0,1769379336.218726,232.4,66,0.5558,0.7271,0.5283,0.5239,88.2892,72.7114,58.5057,32.6129,0.0,0.0,16.54,9.78,6.76,None,1.1276049613952637,40.523,True,None,sfc_unique_p6_13,0,None,64.33,48,891.0,91,96,0,0,0,True,99.23664122137404,11.6384375,2.6914583333333333,7.21875,0.735,0.7699,0.1721,0.3071,2688.8084908583824,636.7999999999997,3325.608490858382,0.30718802922225436,68,2,26
0,1769379338.88217,235.1,66,0.4875,0.4916,0.4265,0.3493,68.0251,49.1628,39.0038,31.2263,0.0,0.0,9.42,4.34,5.08,None,0.0,38.005,True,None,sfc_cache_p1_8,0,None,44.33,48,726.0,70,72,0,0,0,True,99.23954372623575,11.79125,2.426388888888889,6.416666666666667,0.7524,0.7748,0.1689,0.2461,2607.6186100349805,472.7999999999998,3080.4186100349802,0.271897605022473,54,2,16
0,1769379338.8881822,235.1,66,0.4875,0.4916,0.4265,0.3493,68.0251,49.1628,39.0038,31.2263,0.0,0.0,12.2,5.58,6.62,None,0.0,49.008,True,None,sfc_unique_p1_8,0,None,44.33,48,726.0,70,72,0,0,0,True,99.24242424242425,11.79125,2.426388888888889,6.416666666666667,0.7524,0.7748,0.1689,0.2461,2607.6186100349805,472.7999999999998,3080.4186100349802,0.271897605022473,54,2,16
0,1769379351.2158368,247.4,66,0.4822,0.4561,0.429,0.3742,65.9099,45.6124,38.7718,31.2419,0.0,0.0,9.79,6.22,3.56,None,0.001007080078125,50.006,True,None,sfc_cache_p1_14,0,None,44.33,48,726.0,71,74,0,0,0,True,99.24528301886792,11.891486486486487,2.360810810810811,6.6891891891891895,0.7186,0.6339,0.1599,0.2507,2738.5638971422395,487.19999999999976,3225.7638971422393,0.29085997135334957,54,3,17
0,1769379351.2228398,247.4,66,0.4822,0.4561,0.429,0.3742,65.9099,45.6124,38.7718,31.2419,0.0,0.0,8.41,5.52,2.89,None,0.001007080078125,38.998,True,None,sfc_unique_p1_14,0,None,44.33,48,726.0,71,74,0,0,0,True,99.24812030075188,11.891486486486487,2.360810810810811,6.6891891891891895,0.7186,0.6339,0.1599,0.2507,2738.5638971422395,487.19999999999976,3225.7638971422393,0.29085997135334957,54,3,17
0,1769379351.3968797,247.6,67,0.4919,0.4561,0.4315,0.3742,68.2597,45.6124,38.7718,31.2568,0.0,0.0,12.08,6.22,5.85,None,0.17200899124145508,44.003,True,None,sfc_cache_p2_14,0,None,48.33,48,759.0,74,76,0,0,0,True,99.25093632958801,11.933815789473684,2.2986842105263157,6.5131578947368425,0.7136,0.6339,0.1573,0.2549,2738.5638971422395,501.59999999999974,3240.1638971422394,0.29634205789051166,55,3,18
0,1769379351.4008775,247.6,67,0.4919,0.4561,0.4315,0.3742,68.2597,45.6124,38.7718,31.2568,0.0,0.0,10.26,5.52,4.74,None,0.17200899124145508,62.045,True,None,sfc_unique_p2_14,0,None,48.33,48,759.0,74,76,0,0,0,True,99.25373134328358,11.933815789473684,2.2986842105263157,6.5131578947368425,0.7136,0.6339,0.1573,0.2549,2738.5638971422395,501.59999999999974,3240.1638971422394,0.29634205789051166,55,3,18
0,1769379351.6209273,247.8,68,0.4981,0.4561,0.4384,0.3742,70.2369,45.6124,38.7718,31.2122,0.0,0.0,10.9,4.8,6.1,None,0.34905147552490234,71.041,True,None,sfc_cache_p3_14,0,None,52.33,48,792.0,76,78,0,0,0,True,99.25650557620817,11.97397435897436,2.23974358974359,6.346153846153846,0.7112,0.6339,0.1547,0.2604,2738.5638971422395,515.9999999999998,3254.5638971422395,0.2887391704161408,57,3,18
0,1769379351.6269207,247.8,68,0.4981,0.4561,0.4384,0.3742,70.2369,45.6124,38.7718,31.2122,0.0,0.0,17.88,5.12,12.77,None,0.34905147552490234,52.003,True,None,sfc_unique_p3_14,0,None,52.33,48,792.0,76,78,0,0,0,True,99.25925925925925,11.97397435897436,2.23974358974359,6.346153846153846,0.7112,0.6339,0.1547,0.2604,2738.5638971422395,515.9999999999998,3254.5638971422395,0.2887391704161408,57,3,18
0,1769379351.7680554,248.0,69,0.5058,0.4561,0.4452,0.3742,72.2141,45.6124,38.7718,31.364,0.0,0.0,8.99,5.34,3.66,None,0.574089765548706,43.0,True,None,sfc_cache_p4_14,0,None,56.33,48,825.0,79,80,0,0,0,True,99.2619926199262,12.012125000000001,2.18375,6.1875,0.7085,0.6339,0.1522,0.2649,2738.5638971422395,530.3999999999997,3268.963897142239,0.28151642731548854,59,3,18
0,1769379351.7740488,248.0,69,0.5058,0.4561,0.4452,0.3742,72.2141,45.6124,38.7718,31.364,0.0,0.0,13.58,5.72,7.86,None,0.574089765548706,36.124,True,None,sfc_unique_p4_14,0,None,56.33,48,825.0,79,80,0,0,0,True,99.26470588235294,12.012125000000001,2.18375,6.1875,0.7085,0.6339,0.1522,0.2649,2738.5638971422395,530.3999999999997,3268.963897142239,0.28151642731548854,59,3,18
0,1769379351.947531,248.1,70,0.5104,0.4788,0.4549,0.3742,73.2211,47.876,38.7718,31.7005,0.0,0.0,10.5,6.22,4.27,None,0.7232260704040527,45.001,True,None,sfc_cache_p5_14,0,None,60.33,48,858.0,82,82,0,0,0,True,99.26739926739927,11.942682926829267,2.236219512195122,6.036585365853658,0.7147,0.621,0.1498,0.2679,2751.598182856525,544.7999999999997,3296.3981828565247,0.274568458809739,61,3,18
0,1769379351.9535298,248.1,70,0.5104,0.4788,0.4549,0.3742,73.2211,47.876,38.7718,31.7005,0.0,0.0,16.96,7.5,9.46,None,0.7232260704040527,46.997,True,None,sfc_unique_p5_14,0,None,60.33,48,858.0,82,82,0,0,0,True,99.27007299270073,11.942682926829267,2.236219512195122,6.036585365853658,0.7147,0.621,0.1498,0.2679,2751.598182856525,544.7999999999997,3296.3981828565247,0.274568458809739,61,3,18
0,1769379352.092531,248.3,71,0.507,0.5249,0.4617,0.3742,73.2211,52.4895,38.7718,31.6459,0.0,0.0,8.46,4.8,3.66,None,0.9007024765014648,33.996,True,None,sfc_cache_p6_14,0,None,64.33,48,891.0,85,84,0,0,0,True,99.27272727272727,11.769404761904761,2.393333333333333,5.892857142857143,0.7162,0.6175,0.1474,0.2698,2767.6382695304146,559.1999999999997,3326.8382695304144,0.26802207871249245,63,3,18
0,1769379352.0985327,248.3,71,0.507,0.5249,0.4617,0.3742,73.2211,52.4895,38.7718,31.6459,0.0,0.0,10.88,3.63,7.25,None,0.9007024765014648,44.003,True,None,sfc_unique_p6_14,0,None,64.33,48,891.0,85,84,0,0,0,True,99.27536231884058,11.769404761904761,2.393333333333333,5.892857142857143,0.7162,0.6175,0.1474,0.2698,2767.6382695304146,559.1999999999997,3326.8382695304144,0.26802207871249245,63,3,18
0,1769379357.0241137,253.2,71,0.4956,0.5014,0.4473,0.3742,71.8784,50.1397,38.7718,30.6679,0.0,0.0,6.77,3.8,2.97,None,0.0,41.022,True,None,sfc_cache_p3_13,0,None,68.66,44,858.0,83,82,0,0,0,True,99.27797833935018,11.784146341463414,2.341951219512195,6.036585365853658,0.6877,0.5272,0.1332,0.2682,2737.066506732704,554.7999999999997,3291.866506732704,0.2649094241362516,61,3,18
0,1769379357.031109,253.2,71,0.4956,0.5014,0.4473,0.3742,71.8784,50.1397,38.7718,30.6679,0.0,0.0,12.53,5.18,7.35,None,0.0,49.998,True,None,sfc_unique_p3_13,0,None,68.66,44,858.0,83,82,0,0,0,True,99.28057553956835,11.784146341463414,2.341951219512195,6.036585365853658,0.6877,0.5272,0.1332,0.2682,2737.066506732704,554.7999999999997,3291.866506732704,0.2649094241362516,61,3,18
0,1769379357.2031183,253.4,71,0.5024,0.5475,0.4565,0.3992,73.1831,54.7531,41.3566,30.826,0.0,0.0,10.37,5.61,4.76,None,0.16036772727966309,52.016,True,None,sfc_cache_p2_12,0,None,68.66,44,858.0,85,84,0,0,0,True,99.2831541218638,11.662261904761905,2.496547619047619,6.285714285714286,0.6876,0.5228,0.1329,0.2666,2745.9799102306147,554.7999999999997,3300.7799102306144,0.27044700738117067,62,3,19
0,1769379357.2081165,253.4,71,0.5024,0.5475,0.4565,0.3992,73.1831,54.7531,41.3566,30.826,0.0,0.0,5.51,2.32,3.19,None,0.16036772727966309,47.0,True,None,sfc_unique_p2_12,0,None,68.66,44,858.0,85,84,0,0,0,True,99.28571428571429,11.662261904761905,2.496547619047619,6.285714285714286,0.6876,0.5228,0.1329,0.2666,2745.9799102306147,554.7999999999997,3300.7799102306144,0.27044700738117067,62,3,19
0,1769379371.2573888,267.4,71,0.4636,0.5249,0.4109,0.2994,60.8746,52.4895,31.0175,32.1392,0.0,0.0,11.15,7.25,3.9,None,0.0009362697601318359,43.995,True,None,sfc_cache_p1_15,0,None,64.66,44,825.0,77,74,0,0,0,True,99.28825622775801,11.314864864864864,2.7167567567567565,5.351351351351352,0.7019,0.5124,0.1309,0.2576,2663.3885095186506,495.9999999999998,3159.3885095186506,0.2400252680916224,58,1,15
0,1769379371.2613883,267.4,71,0.4636,0.5249,0.4109,0.2994,60.8746,52.4895,31.0175,32.1392,0.0,0.0,11.09,7.74,3.34,None,0.0009362697601318359,32.006,True,None,sfc_unique_p1_15,0,None,64.66,44,825.0,77,74,0,0,0,True,99.29078014184397,11.314864864864864,2.7167567567567565,5.351351351351352,0.7019,0.5124,0.1309,0.2576,2663.3885095186506,495.9999999999998,3159.3885095186506,0.2400252680916224,58,1,15
0,1769379371.8038986,268.0,72,0.4704,0.5249,0.4159,0.2994,63.2244,52.4895,31.0175,31.7107,0.0,0.0,10.41,5.83,4.58,None,0.14244532585144043,40.014,True,None,sfc_cache_p2_15,0,None,68.66,44,858.0,80,76,0,0,0,True,99.29328621908127,11.37236842105263,2.6452631578947368,5.2105263157894735,0.6889,0.5124,0.1287,0.2643,2665.9570809472216,505.9999999999998,3171.9570809472216,0.24609022387482504,59,2,15
0,1769379371.8088942,268.0,72,0.4704,0.5249,0.4159,0.2994,63.2244,52.4895,31.0175,31.7107,0.0,0.0,11.53,7.63,3.89,None,0.14244532585144043,47.012,True,None,sfc_unique_p2_15,0,None,68.66,44,858.0,80,76,0,0,0,True,99.29577464788733,11.37236842105263,2.6452631578947368,5.2105263157894735,0.6889,0.5124,0.1287,0.2643,2665.9570809472216,505.9999999999998,3171.9570809472216,0.24609022387482504,59,2,15
0,1769379371.9818995,268.2,73,0.4786,0.5249,0.4265,0.2994,65.5742,52.4895,31.0175,31.5117,0.0,0.0,10.94,6.36,4.58,None,0.6934540271759033,54.019,True,None,sfc_cache_p3_15,0,None,72.66,44,891.0,82,78,0,0,0,True,99.29824561403508,11.426923076923076,2.5774358974358975,5.076923076923077,0.6875,0.5124,0.1266,0.2734,2684.4174585977407,515.9999999999998,3200.4174585977407,0.25197535741846905,60,3,15
0,1769379371.9889007,268.2,73,0.4786,0.5249,0.4265,0.2994,65.5742,52.4895,31.0175,31.5117,0.0,0.0,9.83,5.28,4.54,None,0.6934540271759033,40.008,True,None,sfc_unique_p3_15,0,None,72.66,44,891.0,82,78,0,0,0,True,99.3006993006993,11.426923076923076,2.5774358974358975,5.076923076923077,0.6875,0.5124,0.1266,0.2734,2684.4174585977407,515.9999999999998,3200.4174585977407,0.25197535741846905,60,3,15
0,1769379372.1238968,268.3,74,0.4903,0.5249,0.4368,0.3243,67.999,52.4895,33.6023,31.8582,0.0,0.0,10.69,7.18,3.51,None,0.8694508075714111,41.999,True,None,sfc_cache_p4_15,0,None,72.66,44,891.0,82,80,0,0,0,True,99.30313588850174,11.52875,2.513,5.3625,0.6914,0.5124,0.1393,0.2796,2691.2717443120264,530.3999999999997,3221.671744312026,0.24563067937964336,62,3,15
0,1769379372.128897,268.3,74,0.4903,0.5249,0.4368,0.3243,67.999,52.4895,33.6023,31.8582,0.0,0.0,15.32,8.89,6.43,None,0.8694508075714111,39.0,True,None,sfc_unique_p4_15,0,None,72.66,44,891.0,82,80,0,0,0,True,99.30555555555556,11.52875,2.513,5.3625,0.6914,0.5124,0.1393,0.2796,2691.2717443120264,530.3999999999997,3221.671744312026,0.24563067937964336,62,3,15
0,1769379372.2934043,268.5,75,0.4887,0.571,0.454,0.3243,67.999,57.1029,33.6023,31.9931,0.0,0.0,10.91,6.29,4.63,None,1.0085115432739258,39.508,True,None,sfc_cache_p5_15,0,None,76.66,44,924.0,85,82,0,0,0,True,99.30795847750865,11.361341463414636,2.6671951219512198,5.2317073170731705,0.6954,0.6904,0.1371,0.2876,2729.6014623163646,544.7999999999997,3274.4014623163644,0.23963968719965206,64,3,15
0,1769379372.298406,268.5,75,0.4887,0.571,0.454,0.3243,67.999,57.1029,33.6023,31.9931,0.0,0.0,13.46,5.03,8.43,None,1.0085115432739258,34.999,True,None,sfc_unique_p5_15,0,None,76.66,44,924.0,85,82,0,0,0,True,99.3103448275862,11.361341463414636,2.6671951219512198,5.2317073170731705,0.6954,0.6904,0.1371,0.2876,2729.6014623163646,544.7999999999997,3274.4014623163644,0.23963968719965206,64,3,15
0,1769379372.432923,268.6,76,0.4919,0.5937,0.4713,0.3243,69.006,59.3666,33.6023,32.1214,0.0,0.0,10.8,6.29,4.51,None,1.180016279220581,33.002,True,None,sfc_cache_p6_15,0,None,80.66,44,957.0,88,84,0,0,0,True,99.3127147766323,11.30904761904762,2.7069047619047617,5.107142857142857,0.699,0.6921,0.135,0.2943,2743.6640315780887,559.1999999999997,3302.8640315780885,0.23377154417805013,66,3,15
0,1769379372.4359221,268.6,76,0.4919,0.5937,0.4713,0.3243,69.006,59.3666,33.6023,32.1214,0.0,0.0,13.38,4.93,8.46,None,1.180016279220581,36.511,True,None,sfc_unique_p6_15,0,None,80.66,44,957.0,88,84,0,0,0,True,99.31506849315068,11.30904761904762,2.7069047619047617,5.107142857142857,0.699,0.6921,0.135,0.2943,2743.6640315780887,559.1999999999997,3302.8640315780885,0.23377154417805013,66,3,15
0,1769379374.0054684,270.2,76,0.4953,0.571,0.47,0.3493,70.4237,57.1029,36.187,31.739,0.0,0.0,13.09,5.75,7.34,None,0.0,35.003,True,None,sfc_cache_p3_11,0,None,80.66,40,924.0,86,84,0,0,0,True,99.31740614334471,11.459880952380953,2.603690476190476,5.5,0.7,0.6936,0.1342,0.3066,2755.4056350450437,559.1999999999997,3314.6056350450435,0.23377609782192446,66,3,15
0,1769379374.0114741,270.2,76,0.4953,0.571,0.47,0.3493,70.4237,57.1029,36.187,31.739,0.0,0.0,19.96,5.45,14.51,None,0.0,36.997,True,None,sfc_unique_p3_11,0,None,80.66,40,924.0,86,84,0,0,0,True,99.31972789115646,11.459880952380953,2.603690476190476,5.5,0.7,0.6936,0.1342,0.3066,2755.4056350450437,559.1999999999997,3314.6056350450435,0.23377609782192446,66,3,15
0,1769379378.8951519,275.1,76,0.4997,0.5484,0.4672,0.3493,71.3939,54.8393,36.187,31.739,0.0,0.0,10.8,6.29,4.52,None,0.0010039806365966797,40.007,True,None,sfc_cache_p5_15,0,None,80.66,40,924.0,86,84,0,0,0,True,99.32203389830508,11.563095238095238,2.5004761904761903,5.5,0.7247,0.6053,0.1342,0.3045,2762.3150013295185,559.1999999999997,3321.5150013295183,0.23377609782192446,66,3,15
0,1769379378.9001448,275.1,76,0.4997,0.5484,0.4672,0.3493,71.3939,54.8393,36.187,31.739,0.0,0.0,15.06,6.66,8.4,None,0.0010039806365966797,37.246,True,None,sfc_unique_p5_15,0,None,80.66,40,924.0,86,84,0,0,0,True,99.32432432432432,11.563095238095238,2.5004761904761903,5.5,0.7247,0.6053,0.1342,0.3045,2762.3150013295185,559.1999999999997,3321.5150013295183,0.23377609782192446,66,3,15
0,1769379379.062148,275.2,76,0.4908,0.5258,0.45,0.3742,70.8344,52.5757,38.7718,30.6679,0.0,0.0,12.82,6.03,6.79,None,0.0,36.0,True,None,sfc_cache_p4_11,0,None,76.66,36,858.0,83,82,0,0,0,True,99.32659932659934,11.670365853658536,2.455731707317073,6.036585365853658,0.7098,0.6045,0.135,0.3083,2754.8035727580905,554.7999999999997,3309.60357275809,0.2165811326764579,65,3,14
0,1769379379.066151,275.3,76,0.4908,0.5258,0.45,0.3742,70.8344,52.5757,38.7718,30.6679,0.0,0.0,20.98,6.26,14.72,None,0.0,43.004,True,None,sfc_unique_p4_11,0,None,76.66,36,858.0,83,82,0,0,0,True,99.32885906040269,11.670365853658536,2.455731707317073,6.036585365853658,0.7098,0.6045,0.135,0.3083,2754.8035727580905,554.7999999999997,3309.60357275809,0.2165811326764579,65,3,14
0,1769379379.204149,275.4,76,0.5067,0.5258,0.4583,0.3992,73.2592,52.5757,41.3566,31.5512,0.0,0.0,12.84,4.83,8.01,None,0.14600372314453125,31.993,True,None,sfc_cache_p2_9,0,None,76.66,36,858.0,85,84,0,0,0,True,99.33110367892976,11.761547619047619,2.397261904761905,6.285714285714286,0.719,0.6045,0.1402,0.3167,2754.8035727580905,559.1999999999997,3314.0035727580903,0.23497340098181954,65,3,16
0,1769379379.210146,275.4,76,0.5067,0.5258,0.4583,0.3992,73.2592,52.5757,41.3566,31.5512,0.0,0.0,21.53,5.98,15.55,None,0.14600372314453125,36.005,True,None,sfc_unique_p2_9,0,None,76.66,36,858.0,85,84,0,0,0,True,99.33333333333333,11.761547619047619,2.397261904761905,6.285714285714286,0.719,0.6045,0.1402,0.3167,2754.8035727580905,559.1999999999997,3314.0035727580903,0.23497340098181954,65,3,16
0,1769379383.3692296,279.6,76,0.5143,0.5258,0.4625,0.4241,75.684,52.5757,43.9414,31.5025,0.0,0.0,7.28,4.66,2.62,None,0.0010013580322265625,37.992,True,None,sfc_cache_p1_16,0,None,76.66,36,858.0,86,86,0,0,0,True,99.33554817275747,11.848488372093023,2.3415116279069768,6.523255813953488,0.7184,0.6045,0.1432,0.3251,2770.272540410157,573.5999999999997,3343.872540410157,0.22949787808998753,67,3,16
0,1769379383.3752294,279.6,76,0.5143,0.5258,0.4625,0.4241,75.684,52.5757,43.9414,31.5025,0.0,0.0,11.08,6.01,5.07,None,0.0010013580322265625,41.002,True,None,sfc_unique_p1_16,0,None,76.66,36,858.0,86,86,0,0,0,True,99.33774834437085,11.848488372093023,2.3415116279069768,6.523255813953488,0.7184,0.6045,0.1432,0.3251,2770.272540410157,573.5999999999997,3343.872540410157,0.22949787808998753,67,3,16
0,1769379383.5162513,279.7,77,0.5198,0.5258,0.4667,0.4241,77.6612,52.5757,43.9414,31.4565,0.0,0.0,7.31,4.66,2.64,None,0.16000008583068848,30.998,True,None,sfc_cache_p2_16,0,None,80.66,36,891.0,89,88,0,0,0,True,99.33993399339934,11.886022727272728,2.288295454545455,6.375,0.7158,0.6045,0.141,0.3318,2770.272540410157,587.9999999999997,3358.2725404101566,0.22427323183080425,69,3,16
0,1769379383.5202546,279.7,77,0.5198,0.5258,0.4667,0.4241,77.6612,52.5757,43.9414,31.4565,0.0,0.0,11.13,6.01,5.12,None,0.16000008583068848,38.0,True,None,sfc_unique_p2_16,0,None,80.66,36,891.0,89,88,0,0,0,True,99.3421052631579,11.886022727272728,2.288295454545455,6.375,0.7158,0.6045,0.141,0.3318,2770.272540410157,587.9999999999997,3358.2725404101566,0.22427323183080425,69,3,16
0,1769379383.6717672,279.9,78,0.5282,0.5258,0.4708,0.4241,79.6384,52.5757,43.9414,31.7582,0.0,0.0,9.84,6.08,3.75,None,0.30402183532714844,38.996,True,None,sfc_cache_p3_16,0,None,84.66,36,924.0,92,90,0,0,0,True,99.34426229508196,11.921888888888889,2.2374444444444443,6.233333333333333,0.7147,0.6045,0.1389,0.3367,2770.272540410157,602.3999999999996,3372.6725404101567,0.21928079240007187,71,3,16
0,1769379383.6757667,279.9,78,0.5282,0.5258,0.4708,0.4241,79.6384,52.5757,43.9414,31.7582,0.0,0.0,14.78,7.43,7.34,None,0.30402183532714844,45.516,True,None,sfc_unique_p3_16,0,None,84.66,36,924.0,92,90,0,0,0,True,99.34640522875817,11.921888888888889,2.2374444444444443,6.233333333333333,0.7147,0.6045,0.1389,0.3367,2770.272540410157,602.3999999999996,3372.6725404101567,0.21928079240007187,71,3,16
0,1769379383.8337696,280.0,79,0.5299,0.5719,0.4797,0.449,80.0859,57.1891,46.5262,32.0502,0.0,0.0,8.87,5.65,3.22,None,0.45853710174560547,40.006,True,None,sfc_cache_p4_16,0,None,84.66,36,924.0,94,92,0,0,0,True,99.3485342019544,11.807608695652174,2.3808695652173912,6.456521739130435,0.7181,0.6076,0.1451,0.3388,2785.50818504721,616.7999999999996,3402.30818504721,0.2145043651895828,73,3,16
0,1769379383.8397667,280.0,79,0.5299,0.5719,0.4797,0.449,80.0859,57.1891,46.5262,32.0502,0.0,0.0,9.83,4.92,4.91,None,0.45853710174560547,40.002,True,None,sfc_unique_p4_16,0,None,84.66,36,924.0,94,92,0,0,0,True,99.35064935064936,11.807608695652174,2.3808695652173912,6.456521739130435,0.7181,0.6076,0.1451,0.3388,2785.50818504721,616.7999999999996,3402.30818504721,0.2145043651895828,73,3,16
0,1769379384.031279,280.2,80,0.5264,0.618,0.4887,0.449,80.0859,61.8026,46.5262,31.9924,0.0,0.0,6.58,3.8,2.78,None,0.6245362758636475,59.515,True,None,sfc_cache_p5_16,0,None,88.66,36,957.0,95,94,0,0,0,True,99.35275080906149,11.655638297872342,2.518191489361702,6.319148936170213,0.7193,0.6214,0.143,0.34,2811.2990842888134,631.1999999999996,3442.499084288813,0.20993684457899378,75,3,16
0,1769379384.0372767,280.2,80,0.5264,0.618,0.4887,0.449,80.0859,61.8026,46.5262,31.9924,0.0,0.0,8.36,3.31,5.05,None,0.6245362758636475,37.005,True,None,sfc_unique_p5_16,0,None,88.66,36,957.0,95,94,0,0,0,True,99.35483870967742,11.655638297872342,2.518191489361702,6.319148936170213,0.7193,0.6214,0.143,0.34,2811.2990842888134,631.1999999999996,3442.499084288813,0.20993684457899378,75,3,16
0,1769379384.212279,280.4,81,0.5289,0.6407,0.5032,0.449,81.093,64.0662,46.5262,32.1023,0.0,0.0,8.42,4.33,4.09,None,0.8220489025115967,47.994,True,None,sfc_cache_p6_16,0,None,92.66,36,990.0,97,96,0,0,0,True,99.35691318327974,11.60375,2.5560416666666668,6.1875,0.7259,0.6221,0.141,0.3385,2820.4412271459564,645.5999999999996,3466.041227145956,0.2055600951891394,77,3,16
0,1769379384.2172754,280.4,81,0.5289,0.6407,0.5032,0.449,81.093,64.0662,46.5262,32.1023,0.0,0.0,15.51,6.37,9.14,None,0.8220489025115967,37.997,True,None,sfc_unique_p6_16,0,None,92.66,36,990.0,97,96,0,0,0,True,99.35897435897436,11.60375,2.5560416666666668,6.1875,0.7259,0.6221,0.141,0.3385,2820.4412271459564,645.5999999999996,3466.041227145956,0.2055600951891394,77,3,16
0,1769379384.7743163,281.0,81,0.4707,0.6638,0.4215,0.3992,68.8816,66.3768,42.9059,29.7867,0.0,0.0,11.23,7.25,3.98,None,0.0,38.006,True,None,sfc_cache_p5_15,0,None,92.66,16,825.0,81,82,0,0,0,True,99.36102236421725,11.186463414634146,2.988414634146342,6.439024390243903,0.7129,0.5985,0.151,0.3079,2696.665369006967,564.7999999999997,3261.4653690069667,0.19237361908884276,67,3,12
0,1769379384.7803082,281.0,81,0.4707,0.6638,0.4215,0.3992,68.8816,66.3768,42.9059,29.7867,0.0,0.0,13.44,5.81,7.62,None,0.0,48.511,True,None,sfc_unique_p5_15,0,None,92.66,16,825.0,81,82,0,0,0,True,99.36305732484077,11.186463414634146,2.988414634146342,6.439024390243903,0.7129,0.5985,0.151,0.3079,2696.665369006967,564.7999999999997,3261.4653690069667,0.19237361908884276,67,3,12
0,1769379384.9138124,281.1,81,0.4845,0.6638,0.4366,0.3992,70.9329,66.3768,42.9059,30.6446,0.0,0.0,14.17,7.45,6.72,None,0.5360336303710938,33.996,True,None,sfc_cache_p6_11,0,None,96.66,16,858.0,84,84,0,0,0,True,99.36507936507937,11.24154761904762,2.917261904761905,6.285714285714286,0.7503,0.5985,0.151,0.3167,2713.8208446809676,569.1999999999997,3283.0208446809675,0.1877932948248227,69,3,12
0,1769379384.917812,281.1,81,0.4845,0.6638,0.4366,0.3992,70.9329,66.3768,42.9059,30.6446,0.0,0.0,24.65,9.43,15.22,None,0.5360336303710938,34.51,True,None,sfc_unique_p6_11,0,None,96.66,16,858.0,84,84,0,0,0,True,99.36708860759494,11.24154761904762,2.917261904761905,6.285714285714286,0.7503,0.5985,0.151,0.3167,2713.8208446809676,569.1999999999997,3283.0208446809675,0.1877932948248227,69,3,12
0,1769379385.0678155,281.3,81,0.4955,0.6873,0.4519,0.3992,71.9777,68.7253,42.9059,31.6846,0.0,0.0,13.37,6.56,6.81,None,0.6815297603607178,45.002,True,None,sfc_cache_p1_11,0,None,100.66,16,891.0,87,86,0,0,0,True,99.36908517350159,11.193255813953487,2.9502325581395348,6.1395348837209305,0.7664,0.6912,0.151,0.3232,2739.7389144209487,573.5999999999997,3313.3389144209486,0.18342552215374733,71,3,12
0,1769379385.0748205,281.3,81,0.4955,0.6873,0.4519,0.3992,71.9777,68.7253,42.9059,31.6846,0.0,0.0,19.79,5.05,14.74,None,0.6815297603607178,33.998,True,None,sfc_unique_p1_11,0,None,100.66,16,891.0,87,86,0,0,0,True,99.37106918238993,11.193255813953487,2.9502325581395348,6.1395348837209305,0.7664,0.6912,0.151,0.3232,2739.7389144209487,573.5999999999997,3313.3389144209486,0.18342552215374733,71,3,12
0,1769379397.5515354,293.7,81,0.3667,0.6212,0.3016,0.2994,48.3119,62.1234,35.0257,26.4378,0.0,0.0,8.53,3.92,4.61,None,0.0,30.0,True,None,sfc_cache_p1_11,0,None,60.0,8,561.0,53,58,0,0,0,True,99.37304075235109,10.694655172413793,3.6329310344827586,6.827586206896552,0.6976,0.6491,0.1404,0.3028,2399.510003479915,464.7999999999998,2864.310003479915,0.13622140512820208,50,2,6
0,1769379397.5545344,293.7,81,0.3667,0.6212,0.3016,0.2994,48.3119,62.1234,35.0257,26.4378,0.0,0.0,12.25,5.52,6.74,None,0.0,29.926,True,None,sfc_unique_p1_11,0,None,60.0,8,561.0,53,58,0,0,0,True,99.375,10.694655172413793,3.6329310344827586,6.827586206896552,0.6976,0.6491,0.1404,0.3028,2399.510003479915,464.7999999999998,2864.310003479915,0.13622140512820208,50,2,6
0,1769379397.6805341,293.9,81,0.3827,0.6212,0.3042,0.2994,50.9654,62.1234,35.0257,27.1044,0.0,0.0,7.63,5.2,2.43,None,0.11651921272277832,29.999,True,None,sfc_cache_p6_16,0,None,64.0,8,594.0,56,60,0,0,0,True,99.37694704049844,10.788166666666665,3.5118333333333336,6.6,0.7102,0.6491,0.1404,0.2991,2421.2473506397973,464.7999999999998,2886.047350639797,0.14832995909064642,51,2,7
0,1769379397.6875508,293.9,81,0.3827,0.6212,0.3042,0.2994,50.9654,62.1234,35.0257,27.1044,0.0,0.0,7.22,5.23,2.0,None,0.11651921272277832,41.992,True,None,sfc_unique_p6_16,0,None,64.0,8,594.0,56,60,0,0,0,True,99.37888198757764,10.788166666666665,3.5118333333333336,6.6,0.7102,0.6491,0.1404,0.2991,2421.2473506397973,464.7999999999998,2886.047350639797,0.14832995909064642,51,2,7
0,1769379397.8315413,294.0,81,0.404,0.6212,0.3104,0.3243,54.1242,62.1234,37.9445,28.1623,0.0,0.0,14.37,6.22,8.14,None,0.25052452087402344,37.043,True,None,sfc_cache_p3_11,0,None,64.0,8,594.0,58,62,0,0,0,True,99.38080495356037,10.94016129032258,3.3985483870967745,6.919354838709677,0.7221,0.6491,0.146,0.3035,2434.9820666280348,469.19999999999976,2904.1820666280346,0.15965259721029823,52,2,8
0,1769379397.8365355,294.0,81,0.404,0.6212,0.3104,0.3243,54.1242,62.1234,37.9445,28.1623,0.0,0.0,12.33,5.52,6.81,None,0.25052452087402344,41.005,True,None,sfc_unique_p3_11,0,None,64.0,8,594.0,58,62,0,0,0,True,99.38271604938271,10.94016129032258,3.3985483870967745,6.919354838709677,0.7221,0.6491,0.146,0.3035,2434.9820666280348,469.19999999999976,2904.1820666280346,0.15965259721029823,52,2,8
0,1769379397.9775388,294.2,81,0.417,0.6212,0.316,0.3243,56.7777,62.1234,37.9445,28.4378,0.0,0.0,10.73,5.83,4.9,None,0.4015216827392578,33.998,True,None,sfc_cache_p4_15,0,None,68.0,8,627.0,60,64,0,0,0,True,99.38461538461539,11.02015625,3.29234375,6.703125,0.7244,0.6491,0.146,0.3044,2434.9820666280348,469.19999999999976,2904.1820666280346,0.17026589396178238,53,2,9
0,1769379397.9815373,294.2,81,0.417,0.6212,0.316,0.3243,56.7777,62.1234,37.9445,28.4378,0.0,0.0,10.3,5.52,4.78,None,0.4015216827392578,41.005,True,None,sfc_unique_p4_15,0,None,68.0,8,627.0,60,64,0,0,0,True,99.38650306748467,11.02015625,3.29234375,6.703125,0.7244,0.6491,0.146,0.3044,2434.9820666280348,469.19999999999976,2904.1820666280346,0.17026589396178238,53,2,9
0,1769379398.2038078,294.4,81,0.4369,0.6212,0.3186,0.3493,59.9366,62.1234,40.8633,29.308,0.0,0.0,8.79,6.08,2.7,None,0.5455436706542969,62.75,True,None,sfc_cache_p6_13,0,None,68.0,8,627.0,62,66,0,0,0,True,99.38837920489296,11.155909090909091,3.192575757575758,7.0,0.7334,0.6491,0.145,0.3015,2434.9820666280348,473.59999999999974,2908.5820666280347,0.18023744092946412,54,2,10
0,1769379398.2088091,294.4,81,0.4369,0.6212,0.3186,0.3493,59.9366,62.1234,40.8633,29.308,0.0,0.0,7.46,5.23,2.23,None,0.5455436706542969,48.996,True,None,sfc_unique_p6_13,0,None,68.0,8,627.0,62,66,0,0,0,True,99.39024390243902,11.155909090909091,3.192575757575758,7.0,0.7334,0.6491,0.145,0.3015,2434.9820666280348,473.59999999999974,2908.5820666280347,0.18023744092946412,54,2,10
0,1769379398.358811,294.5,81,0.4587,0.6212,0.3267,0.3742,62.6747,62.1234,43.7821,30.7824,0.0,0.0,10.83,6.22,4.61,None,0.7747986316680908,43.998,True,None,sfc_cache_p2_11,0,None,68.0,8,627.0,64,68,0,0,0,True,99.3920972644377,11.283676470588235,3.0986764705882353,7.279411764705882,0.7614,0.6491,0.145,0.3106,2452.412780913749,477.9999999999998,2930.412780913749,0.17493433277193413,56,2,10
0,1769379398.3618095,294.5,81,0.4587,0.6212,0.3267,0.3742,62.6747,62.1234,43.7821,30.7824,0.0,0.0,16.47,8.34,8.13,None,0.7747986316680908,44.002,True,None,sfc_unique_p2_11,0,None,68.0,8,627.0,64,68,0,0,0,True,99.39393939393939,11.283676470588235,3.0986764705882353,7.279411764705882,0.7614,0.6491,0.145,0.3106,2452.412780913749,477.9999999999998,2930.412780913749,0.17493433277193413,56,2,10
0,1769379398.5135412,294.7,81,0.4755,0.6212,0.3336,0.3992,65.4128,62.1234,46.7009,31.6169,0.0,0.0,9.47,4.23,5.24,None,0.9278039932250977,38.014,True,None,sfc_cache_p6_12,0,None,68.0,8,627.0,66,70,0,0,0,True,99.39577039274926,11.404142857142858,3.0101428571428572,7.542857142857143,0.7699,0.6491,0.151,0.3118,2456.5917005856263,482.39999999999975,2938.991700585626,0.169929225689618,58,2,10
0,1769379398.519542,294.7,81,0.4755,0.6212,0.3336,0.3992,65.4128,62.1234,46.7009,31.6169,0.0,0.0,15.7,6.01,9.69,None,0.9278039932250977,52.997,True,None,sfc_unique_p6_12,0,None,68.0,8,627.0,66,70,0,0,0,True,99.3975903614458,11.404142857142858,3.0101428571428572,7.542857142857143,0.7699,0.6491,0.151,0.3118,2456.5917005856263,482.39999999999975,2938.991700585626,0.169929225689618,58,2,10
0,1769379398.6775453,294.9,81,0.4879,0.6212,0.3404,0.3992,67.6455,62.1234,46.7009,32.2144,0.0,0.0,10.41,4.23,6.18,None,1.0885322093963623,43.995,True,None,sfc_cache_p4_12,0,None,72.0,8,660.0,69,72,0,0,0,True,99.3993993993994,11.462361111111111,2.926527777777778,7.333333333333333,0.7896,0.6491,0.151,0.3097,2475.0520782361446,486.7999999999997,2961.8520782361443,0.16520538568002024,60,2,10
0,1769379398.6825488,294.9,81,0.4879,0.6212,0.3404,0.3992,67.6455,62.1234,46.7009,32.2144,0.0,0.0,16.69,5.12,11.58,None,1.0885322093963623,47.0,True,None,sfc_unique_p4_12,0,None,72.0,8,660.0,69,72,0,0,0,True,99.40119760479041,11.462361111111111,2.926527777777778,7.333333333333333,0.7896,0.6491,0.151,0.3097,2475.0520782361446,486.7999999999997,2961.8520782361443,0.16520538568002024,60,2,10
0,1769379399.4683425,295.7,81,0.4914,0.5969,0.3493,0.4241,67.6262,59.6895,47.6757,32.5725,0.0,0.0,12.39,5.65,6.74,None,0.012000799179077148,44.004,True,None,sfc_cache_p1_17,0,None,72.0,8,660.0,70,74,0,0,0,True,99.40298507462687,11.571486486486487,2.8474324324324325,7.581081081081081,0.7741,0.5842,0.1438,0.3057,2554.355204687158,501.1999999999997,3055.555204687158,0.16073609931332278,62,2,10
0,1769379399.4723487,295.7,81,0.4914,0.5969,0.3493,0.4241,67.6262,59.6895,47.6757,32.5725,0.0,0.0,19.31,6.54,12.77,None,0.012000799179077148,47.001,True,None,sfc_unique_p1_17,0,None,72.0,8,660.0,70,74,0,0,0,True,99.40476190476191,11.571486486486487,2.8474324324324325,7.581081081081081,0.7741,0.5842,0.1438,0.3057,2554.355204687158,501.1999999999997,3055.555204687158,0.16073609931332278,62,2,10
0,1769379399.6258554,295.8,82,0.4998,0.5969,0.3581,0.4241,69.7714,59.6895,47.6757,32.6983,0.0,0.0,8.97,4.76,4.21,None,0.1900026798248291,43.508,True,None,sfc_cache_p2_17,0,None,76.0,8,693.0,73,76,0,0,0,True,99.40652818991099,11.622236842105263,2.7725,7.381578947368421,0.7717,0.5842,0.1413,0.2996,2554.355204687158,515.5999999999997,3069.9552046871577,0.15650280727489865,64,2,10
0,1769379399.6308565,295.8,82,0.4998,0.5969,0.3581,0.4241,69.7714,59.6895,47.6757,32.6983,0.0,0.0,13.35,5.65,7.7,None,0.1900026798248291,45.998,True,None,sfc_unique_p2_17,0,None,76.0,8,693.0,73,76,0,0,0,True,99.40828402366864,11.622236842105263,2.7725,7.381578947368421,0.7717,0.5842,0.1413,0.2996,2554.355204687158,515.5999999999997,3069.9552046871577,0.15650280727489865,64,2,10
0,1769379399.7868562,296.0,83,0.5078,0.5969,0.367,0.4241,72.4423,59.6895,47.6757,32.3706,0.0,0.0,10.88,4.14,6.74,None,0.34851861000061035,38.009,True,None,sfc_cache_p3_17,0,None,80.0,8,726.0,75,78,0,0,0,True,99.41002949852508,11.670384615384615,2.7014102564102567,7.1923076923076925,0.7582,0.5842,0.1389,0.2924,2554.355204687158,525.5999999999997,3079.9552046871577,0.15248471355856483,66,2,10
0,1769379399.7928562,296.0,83,0.5078,0.5969,0.367,0.4241,72.4423,59.6895,47.6757,32.3706,0.0,0.0,18.45,5.72,12.73,None,0.34851861000061035,45.004,True,None,sfc_unique_p3_17,0,None,80.0,8,726.0,75,78,0,0,0,True,99.41176470588235,11.670384615384615,2.7014102564102567,7.1923076923076925,0.7582,0.5842,0.1389,0.2924,2554.355204687158,525.5999999999997,3079.9552046871577,0.15248471355856483,66,2,10
0,1769379399.9778585,296.2,84,0.5078,0.5969,0.367,0.4241,72.4423,59.6895,47.6757,32.3706,0.0,0.0,None,None,None,None,0.5105164051055908,28.996,False,None,sfc_cache_p4_17,0,None,80.0,8,726.0,75,78,0,0,0,True,99.12023460410558,11.670384615384615,2.7014102564102567,7.1923076923076925,0.7582,0.5842,0.1389,0.2924,2554.355204687158,525.5999999999997,3079.9552046871577,0.15248471355856483,66,2,10
0,1769379399.9808698,296.2,84,0.5078,0.5969,0.367,0.4241,72.4423,59.6895,47.6757,32.3706,0.0,0.0,None,None,None,None,0.5105164051055908,32.003,False,None,sfc_unique_p4_17,0,None,80.0,8,726.0,75,78,0,0,0,True,98.83040935672514,11.670384615384615,2.7014102564102567,7.1923076923076925,0.7582,0.5842,0.1389,0.2924,2554.355204687158,525.5999999999997,3079.9552046871577,0.15248471355856483,66,2,10
0,1769379400.1573725,296.3,85,0.5078,0.5969,0.367,0.4241,72.4423,59.6895,47.6757,32.3706,0.0,0.0,None,None,None,None,0.6975383758544922,25.004,False,None,sfc_cache_p5_17,0,None,80.0,8,726.0,75,78,0,0,0,True,98.54227405247813,11.670384615384615,2.7014102564102567,7.1923076923076925,0.7582,0.5842,0.1389,0.2924,2554.355204687158,525.5999999999997,3079.9552046871577,0.15248471355856483,66,2,10
0,1769379400.161381,296.3,85,0.5078,0.5969,0.367,0.4241,72.4423,59.6895,47.6757,32.3706,0.0,0.0,None,None,None,None,0.6975383758544922,33.998,False,None,sfc_unique_p5_17,0,None,80.0,8,726.0,75,78,0,0,0,True,98.25581395348837,11.670384615384615,2.7014102564102567,7.1923076923076925,0.7582,0.5842,0.1389,0.2924,2554.355204687158,525.5999999999997,3079.9552046871577,0.15248471355856483,66,2,10
0,1769379400.8414054,297.0,86,0.5078,0.5969,0.367,0.4241,72.4423,59.6895,47.6757,32.3706,0.0,0.0,None,None,None,None,0.8790407180786133,37.003,False,None,sfc_cache_p6_17,0,None,80.0,8,726.0,75,78,0,0,0,True,97.97101449275362,11.670384615384615,2.7014102564102567,7.1923076923076925,0.7582,0.5842,0.1389,0.2924,2554.355204687158,525.5999999999997,3079.9552046871577,0.15248471355856483,66,2,10
0,1769379400.8474038,297.0,86,0.5078,0.5969,0.367,0.4241,72.4423,59.6895,47.6757,32.3706,0.0,0.0,None,None,None,None,0.8790407180786133,37.004,False,None,sfc_unique_p6_17,0,None,80.0,8,726.0,75,78,0,0,0,True,97.6878612716763,11.670384615384615,2.7014102564102567,7.1923076923076925,0.7582,0.5842,0.1389,0.2924,2554.355204687158,525.5999999999997,3079.9552046871577,0.15248471355856483,66,2,10
0,1769379404.4580078,300.6,86,0.5058,0.5399,0.3654,0.4241,71.1914,53.9854,45.8783,32.3706,0.0,0.0,14.43,6.56,7.86,None,0.0,47.002,True,None,sfc_cache_p5_11,0,None,80.0,8,726.0,75,78,0,0,0,True,97.69452449567724,11.832820512820513,2.5389743589743587,7.1923076923076925,0.7475,0.5067,0.1189,0.2898,2595.738111357952,525.5999999999997,3121.3381113579517,0.15249039923451368,66,2,10
0,1769379404.4640071,300.7,86,0.5058,0.5399,0.3654,0.4241,71.1914,53.9854,45.8783,32.3706,0.0,0.0,22.18,7.66,14.52,None,0.0,47.184,True,None,sfc_unique_p5_11,0,None,80.0,8,726.0,75,78,0,0,0,True,97.70114942528735,11.832820512820513,2.5389743589743587,7.1923076923076925,0.7475,0.5067,0.1189,0.2898,2595.738111357952,525.5999999999997,3121.3381113579517,0.15249039923451368,66,2,10
0,1769379418.529804,314.7,86,0.4969,0.499,0.3717,0.449,68.1498,49.9042,44.9047,32.4951,0.0,0.0,8.09,4.83,3.27,None,0.0,38.51,True,None,sfc_cache_p1_18,0,None,80.0,8,726.0,76,80,0,0,0,False,97.70773638968481,11.9245,2.4755,7.425,0.7488,0.4644,0.132,0.3,2785.8738372517773,539.9999999999997,3325.873837251777,0.16040468610863734,67,3,10
0,1769379418.5338085,314.7,86,0.4969,0.499,0.3717,0.449,68.1498,49.9042,44.9047,32.4951,0.0,0.0,11.98,5.98,6.0,None,0.0,40.003,True,None,sfc_unique_p1_18,0,None,80.0,8,726.0,76,80,0,0,0,False,97.71428571428571,11.9245,2.4755,7.425,0.7488,0.4644,0.132,0.3,2785.8738372517773,539.9999999999997,3325.873837251777,0.16040468610863734,67,3,10
0,1769379418.6818025,314.9,87,0.5028,0.499,0.378,0.449,70.0581,49.9042,44.9047,32.4146,0.0,0.0,7.72,4.29,3.43,None,0.15353131294250488,32.989,True,None,sfc_cache_p2_18,0,None,84.0,8,759.0,79,82,0,0,0,False,97.72079772079772,11.962926829268293,2.415121951219512,7.2439024390243905,0.7464,0.4644,0.13,0.3079,2788.806045888211,554.3999999999996,3343.2060458882106,0.15649137443212538,69,3,10
0,1769379418.688801,314.9,87,0.5028,0.499,0.378,0.449,70.0581,49.9042,44.9047,32.4146,0.0,0.0,11.76,5.45,6.32,None,0.15353131294250488,38.004,True,None,sfc_unique_p2_18,0,None,84.0,8,759.0,79,82,0,0,0,False,97.72727272727273,11.962926829268293,2.415121951219512,7.2439024390243905,0.7464,0.4644,0.13,0.3079,2788.806045888211,554.3999999999996,3343.2060458882106,0.15649137443212538,69,3,10
0,1769379418.850801,315.0,88,0.5101,0.499,0.3842,0.449,71.9664,49.9042,44.9047,32.5314,0.0,0.0,7.96,4.83,3.13,None,0.3095235824584961,41.001,True,None,sfc_cache_p3_18,0,None,88.0,8,792.0,82,84,0,0,0,False,97.73371104815864,11.99952380952381,2.3576190476190475,7.071428571428571,0.7435,0.4644,0.128,0.3133,2788.806045888211,568.7999999999996,3357.6060458882107,0.15276441093068543,71,3,10
0,1769379418.8537998,315.0,88,0.5101,0.499,0.3842,0.449,71.9664,49.9042,44.9047,32.5314,0.0,0.0,11.71,5.98,5.73,None,0.3095235824584961,41.007,True,None,sfc_unique_p3_18,0,None,88.0,8,792.0,82,84,0,0,0,False,97.74011299435028,11.99952380952381,2.3576190476190475,7.071428571428571,0.7435,0.4644,0.128,0.3133,2788.806045888211,568.7999999999996,3357.6060458882107,0.15276441093068543,71,3,10
0,1769379419.043804,315.2,89,0.5127,0.5217,0.4014,0.449,72.9027,52.1722,44.9047,32.6428,0.0,0.0,8.95,4.83,4.12,None,0.47452807426452637,38.998,True,None,sfc_cache_p4_18,0,None,92.0,8,825.0,84,86,0,0,0,False,97.74647887323944,11.929767441860465,2.407441860465116,6.906976744186046,0.7429,0.5456,0.1261,0.3209,2808.328822460879,583.1999999999996,3391.5288224608785,0.14921128131376404,73,3,10
0,1769379419.049804,315.2,89,0.5127,0.5217,0.4014,0.449,72.9027,52.1722,44.9047,32.6428,0.0,0.0,14.88,5.93,8.95,None,0.47452807426452637,48.003,True,None,sfc_unique_p4_18,0,None,92.0,8,825.0,84,86,0,0,0,False,97.75280898876404,11.929767441860465,2.407441860465116,6.906976744186046,0.7429,0.5456,0.1261,0.3209,2808.328822460879,583.1999999999996,3391.5288224608785,0.14921128131376404,73,3,10
0,1769379419.2128072,315.4,90,0.517,0.5536,0.4173,0.474,73.8747,55.3649,47.3995,32.9362,0.0,0.0,7.87,4.87,3.01,None,0.6705262660980225,49.994,True,None,sfc_cache_p5_18,0,None,92.0,8,825.0,84,88,0,0,0,False,97.75910364145658,11.866931818181818,2.4967045454545453,7.125,0.7512,0.5608,0.1384,0.3229,2837.8228040426775,597.5999999999996,3435.422804042677,0.14577662069208783,75,3,10
0,1769379419.2188003,315.4,90,0.517,0.5536,0.4173,0.474,73.8747,55.3649,47.3995,32.9362,0.0,0.0,15.15,7.54,7.62,None,0.6705262660980225,41.005,True,None,sfc_unique_p5_18,0,None,92.0,8,825.0,84,88,0,0,0,False,97.76536312849163,11.866931818181818,2.4967045454545453,7.125,0.7512,0.5608,0.1384,0.3229,2837.8228040426775,597.5999999999996,3435.422804042677,0.14577662069208783,75,3,10
0,1769379419.3938015,315.6,91,0.5153,0.5982,0.4276,0.474,73.8747,59.8176,47.3995,33.0342,0.0,0.0,6.77,3.98,2.79,None,0.8375256061553955,42.999,True,None,sfc_cache_p6_18,0,None,92.0,12,858.0,87,90,0,0,0,False,97.7715877437326,11.706888888888887,2.6375555555555557,6.966666666666667,0.7541,0.5614,0.1364,0.3221,2841.6743750069245,611.9999999999995,3453.674375006924,0.14253622706274469,77,3,10
0,1769379419.3988001,315.6,91,0.5153,0.5982,0.4276,0.474,73.8747,59.8176,47.3995,33.0342,0.0,0.0,9.57,3.84,5.73,None,0.8375256061553955,43.991,True,None,sfc_unique_p6_18,0,None,92.0,12,858.0,87,90,0,0,0,False,97.77777777777777,11.706888888888887,2.6375555555555557,6.966666666666667,0.7541,0.5614,0.1364,0.3221,2841.6743750069245,611.9999999999995,3453.674375006924,0.14253622706274469,77,3,10
0,1769379419.6294124,315.8,91,0.4683,0.5755,0.4047,0.474,66.4942,57.5496,47.3995,30.4638,0.0,0.0,13.48,7.25,6.23,None,0.0,58.29,True,None,sfc_cache_p4_14,0,None,80.0,8,726.0,74,82,0,0,0,False,97.78393351800554,11.641707317073172,2.7851219512195122,7.646341463414634,0.72,0.5603,0.1359,0.3396,2832.4737868626744,598.7999999999996,3431.273786862674,0.13205530933429888,71,3,8
0,1769379419.634418,315.8,91,0.4683,0.5755,0.4047,0.474,66.4942,57.5496,47.3995,30.4638,0.0,0.0,17.72,5.7,12.01,None,0.0,49.999,True,None,sfc_unique_p4_14,0,None,80.0,8,726.0,74,82,0,0,0,False,97.79005524861878,11.641707317073172,2.7851219512195122,7.646341463414634,0.72,0.5603,0.1359,0.3396,2832.4737868626744,598.7999999999996,3431.273786862674,0.13205530933429888,71,3,8
0,1769379419.8156867,316.0,91,0.4845,0.5856,0.415,0.4989,68.4025,58.5576,49.8942,31.6582,0.0,0.0,11.17,4.97,6.2,None,0.19561386108398438,38.003,True,None,sfc_cache_p3_14,0,None,80.0,8,726.0,76,84,0,0,0,False,97.7961432506887,11.685952380952381,2.7664285714285715,7.857142857142857,0.7347,0.5658,0.1498,0.335,2851.4251875746386,603.1999999999996,3454.6251875746384,0.12890769479776118,73,3,8
0,1769379419.8236854,316.0,91,0.4845,0.5856,0.415,0.4989,68.4025,58.5576,49.8942,31.6582,0.0,0.0,18.17,6.54,11.63,None,0.19561386108398438,64.276,True,None,sfc_unique_p3_14,0,None,80.0,8,726.0,76,84,0,0,0,False,97.8021978021978,11.685952380952381,2.7664285714285715,7.857142857142857,0.7347,0.5658,0.1498,0.335,2851.4251875746386,603.1999999999996,3454.6251875746384,0.12890769479776118,73,3,8
0,1769379420.0041513,316.2,91,0.4998,0.5856,0.4191,0.5239,70.7428,58.5576,52.3889,32.5064,0.0,0.0,11.03,4.8,6.23,None,0.3901524543762207,49.001,True,None,sfc_cache_p4_12,0,None,80.0,8,726.0,78,86,0,0,0,False,97.80821917808218,11.774651162790697,2.702093023255814,8.05813953488372,0.7414,0.5658,0.1512,0.3443,2851.4251875746386,607.5999999999996,3459.025187574638,0.125902473585641,75,3,8
0,1769379420.008162,316.2,91,0.4998,0.5856,0.4191,0.5239,70.7428,58.5576,52.3889,32.5064,0.0,0.0,18.5,6.23,12.27,None,0.3901524543762207,46.984,True,None,sfc_unique_p4_12,0,None,80.0,8,726.0,78,86,0,0,0,False,97.81420765027322,11.774651162790697,2.702093023255814,8.05813953488372,0.7414,0.5658,0.1512,0.3443,2851.4251875746386,607.5999999999996,3459.025187574638,0.125902473585641,75,3,8
0,1769379420.1961617,316.4,91,0.5147,0.5856,0.426,0.5239,72.6511,58.5576,52.3889,33.5451,0.0,0.0,11.57,5.34,6.24,None,0.5813553333282471,64.999,True,None,sfc_cache_p1_12,0,None,84.0,8,759.0,81,88,0,0,0,False,97.82016348773843,11.813863636363635,2.640681818181818,7.875,0.7526,0.5658,0.1512,0.3508,2851.4251875746386,611.9999999999995,3463.425187574638,0.12303909912559158,77,3,8
0,1769379420.200167,316.4,91,0.5147,0.5856,0.426,0.5239,72.6511,58.5576,52.3889,33.5451,0.0,0.0,18.59,5.65,12.94,None,0.5813553333282471,39.992,True,None,sfc_unique_p1_12,0,None,84.0,8,759.0,81,88,0,0,0,False,97.82608695652173,11.813863636363635,2.640681818181818,7.875,0.7526,0.5658,0.1512,0.3508,2851.4251875746386,611.9999999999995,3463.425187574638,0.12303909912559158,77,3,8
0,1769379420.3716915,316.6,91,0.5301,0.5856,0.4323,0.5488,74.9914,58.5576,54.8836,34.3982,0.0,0.0,13.69,7.45,6.24,None,0.7783608436584473,49.001,True,None,sfc_cache_p3_11,0,None,84.0,8,759.0,83,90,0,0,0,False,97.8319783197832,11.895777777777777,2.582,8.066666666666666,0.7706,0.5658,0.1528,0.3613,2869.7137590032103,616.3999999999996,3486.11375900321,0.12021317060582286,80,2,8
0,1769379420.37669,316.6,91,0.5301,0.5856,0.4323,0.5488,74.9914,58.5576,54.8836,34.3982,0.0,0.0,21.58,9.53,12.05,None,0.7783608436584473,50.998,True,None,sfc_unique_p3_11,0,None,84.0,8,759.0,83,90,0,0,0,False,97.83783783783784,11.895777777777777,2.582,8.066666666666666,0.7706,0.5658,0.1528,0.3613,2869.7137590032103,616.3999999999996,3486.11375900321,0.12021317060582286,80,2,8
0,1769379420.5356922,316.7,91,0.479,0.5617,0.359,0.5239,71.1937,56.1662,56.6732,29.5697,0.0,0.0,12.66,7.18,5.49,None,0.0009989738464355469,34.999,True,None,sfc_cache_p6_15,0,None,64.0,8,594.0,69,78,0,0,0,True,97.84366576819407,11.935384615384615,2.6415384615384614,8.884615384615385,0.7075,0.52,0.143,0.3238,2614.478114366157,595.1999999999997,3209.678114366157,0.08964022530753826,71,0,7
0,1769379420.538691,316.7,91,0.479,0.5617,0.359,0.5239,71.1937,56.1662,56.6732,29.5697,0.0,0.0,18.76,9.53,9.23,None,0.0009989738464355469,52.994,True,None,sfc_unique_p6_15,0,None,64.0,8,594.0,69,78,0,0,0,True,97.84946236559139,11.935384615384615,2.6415384615384614,8.884615384615385,0.7075,0.52,0.143,0.3238,2614.478114366157,595.1999999999997,3209.678114366157,0.08964022530753826,71,0,7
0,1769379420.692208,316.9,91,0.495,0.5617,0.3672,0.5488,73.7254,56.1662,59.3719,30.4276,0.0,0.0,11.36,5.72,5.64,None,0.15399909019470215,46.511,True,None,sfc_cache_p4_14,0,None,64.0,8,594.0,70,80,0,0,0,True,97.85522788203752,12.0245,2.5755,9.075,0.7172,0.52,0.1448,0.3319,2614.478114366157,599.5999999999997,3214.078114366157,0.08739812447557224,73,0,7
0,1769379420.696209,316.9,91,0.495,0.5617,0.3672,0.5488,73.7254,56.1662,59.3719,30.4276,0.0,0.0,18.95,6.8,12.15,None,0.15399909019470215,42.0,True,None,sfc_unique_p4_14,0,None,64.0,8,594.0,70,80,0,0,0,True,97.86096256684492,12.0245,2.5755,9.075,0.7172,0.52,0.1448,0.3319,2614.478114366157,599.5999999999997,3214.078114366157,0.08739812447557224,73,0,7
0,1769379421.2727365,317.5,91,0.5105,0.5617,0.3776,0.5488,75.7898,56.1662,59.3719,31.4664,0.0,0.0,13.29,6.29,7.0,None,0.3155179023742676,37.998,True,None,sfc_cache_p4_15,0,None,68.0,8,627.0,72,82,0,0,0,True,97.86666666666667,12.060487804878049,2.5126829268292683,8.853658536585366,0.7275,0.52,0.1448,0.3376,2614.478114366157,603.9999999999995,3218.4781143661567,0.08526121272838084,75,0,7
0,1769379421.2787328,317.5,91,0.5105,0.5617,0.3776,0.5488,75.7898,56.1662,59.3719,31.4664,0.0,0.0,20.16,6.76,13.41,None,0.3155179023742676,476.529,True,None,sfc_unique_p4_15,0,None,68.0,8,627.0,72,82,0,0,0,True,97.87234042553192,12.060487804878049,2.5126829268292683,8.853658536585366,0.7275,0.52,0.1448,0.3376,2614.478114366157,603.9999999999995,3218.4781143661567,0.08526121272838084,75,0,7
0,1769379421.4227388,317.6,91,0.517,0.6098,0.3997,0.5488,75.7898,60.983,59.3719,32.5172,0.0,0.0,15.06,6.56,8.5,None,0.8990440368652344,39.0,True,None,sfc_cache_p4_11,0,None,72.0,8,660.0,75,84,0,0,0,True,97.87798408488064,11.884404761904761,2.663214285714286,8.642857142857142,0.7439,0.6148,0.1448,0.3466,2649.3251424717164,608.3999999999996,3257.725142471716,0.0832285734105379,77,0,7
0,1769379421.429735,317.6,91,0.517,0.6098,0.3997,0.5488,75.7898,60.983,59.3719,32.5172,0.0,0.0,23.38,4.26,19.11,None,0.8990440368652344,42.002,True,None,sfc_unique_p4_11,0,None,72.0,8,660.0,75,84,0,0,0,True,97.88359788359789,11.884404761904761,2.663214285714286,8.642857142857142,0.7439,0.6148,0.1448,0.3466,2649.3251424717164,608.3999999999996,3257.725142471716,0.0832285734105379,77,0,7
0,1769379421.5907364,317.8,91,0.5323,0.6082,0.3942,0.5488,79.8516,60.8226,61.698,32.7074,0.0,0.0,9.13,5.72,3.41,None,0.0,47.997,True,None,sfc_cache_p4_18,0,None,72.0,8,660.0,76,84,0,0,0,True,97.8891820580475,11.99154761904762,2.5560714285714288,8.642857142857142,0.7628,0.5791,0.1493,0.3435,2578.1692701444777,608.3999999999996,3186.5692701444773,0.0832285734105379,77,0,7
0,1769379421.594744,317.8,91,0.5323,0.6082,0.3942,0.5488,79.8516,60.8226,61.698,32.7074,0.0,0.0,15.81,8.8,7.01,None,0.0,41.0,True,None,sfc_unique_p4_18,0,None,72.0,8,660.0,76,84,0,0,0,True,97.89473684210527,11.99154761904762,2.5560714285714288,8.642857142857142,0.7628,0.5791,0.1493,0.3435,2578.1692701444777,608.3999999999996,3186.5692701444773,0.0832285734105379,77,0,7
0,1769379421.7549117,317.9,91,0.5372,0.6583,0.41,0.5488,79.8516,65.8282,61.698,33.5804,0.0,0.0,11.06,5.75,5.31,None,1.217195987701416,42.001,True,None,sfc_cache_p2_15,0,None,76.0,8,693.0,79,86,0,0,0,True,97.9002624671916,11.821162790697674,2.702093023255814,8.44186046511628,0.7776,0.6388,0.1493,0.346,2599.844270144478,612.7999999999996,3212.6442701444776,0.08129047545631553,79,0,7
0,1769379421.7609124,317.9,91,0.5372,0.6583,0.41,0.5488,79.8516,65.8282,61.698,33.5804,0.0,0.0,13.64,3.63,10.01,None,1.217195987701416,42.001,True,None,sfc_unique_p2_15,0,None,76.0,8,693.0,79,86,0,0,0,True,97.90575916230367,11.821162790697674,2.702093023255814,8.44186046511628,0.7776,0.6388,0.1493,0.346,2599.844270144478,612.7999999999996,3212.6442701444776,0.08129047545631553,79,0,7
0,1769379421.906916,318.1,91,0.5469,0.6828,0.4217,0.5488,80.9443,68.2842,61.698,34.4533,0.0,0.0,14.06,7.18,6.88,None,1.3812227249145508,40.992,True,None,sfc_cache_p1_15,0,None,80.0,8,726.0,82,88,0,0,0,True,97.911227154047,11.760795454545455,2.7392045454545455,8.25,0.7952,0.6994,0.1493,0.3446,2629.2335558587633,617.1999999999996,3246.4335558587627,0.07944296465049018,81,0,7
0,1769379421.9129148,318.1,91,0.5469,0.6828,0.4217,0.5488,80.9443,68.2842,61.698,34.4533,0.0,0.0,19.96,7.29,12.66,None,1.3812227249145508,40.01,True,None,sfc_unique_p1_15,0,None,80.0,8,726.0,82,88,0,0,0,True,97.91666666666666,11.760795454545455,2.7392045454545455,8.25,0.7952,0.6994,0.1493,0.3446,2629.2335558587633,617.1999999999996,3246.4335558587627,0.07944296465049018,81,0,7
0,1769379422.0710065,318.3,91,0.5546,0.7083,0.4388,0.5488,81.9969,70.8337,61.698,35.1209,0.0,0.0,9.84,4.29,5.55,None,1.5342257022857666,41.002,True,None,sfc_cache_p4_13,0,None,84.0,8,759.0,85,90,0,0,0,True,97.92207792207792,11.699444444444445,2.7783333333333333,8.066666666666666,0.8067,0.7975,0.1493,0.3443,2648.7563324314315,621.5999999999996,3270.356332431431,0.07767662782458706,83,0,7
0,1769379422.0740075,318.3,91,0.5546,0.7083,0.4388,0.5488,81.9969,70.8337,61.698,35.1209,0.0,0.0,16.23,4.31,11.92,None,1.5342257022857666,52.09,True,None,sfc_unique_p4_13,0,None,84.0,8,759.0,85,90,0,0,0,True,97.92746113989638,11.699444444444445,2.7783333333333333,8.066666666666666,0.8067,0.7975,0.1493,0.3443,2648.7563324314315,621.5999999999996,3270.356332431431,0.07767662782458706,83,0,7
0,1769379424.665942,320.9,91,0.5499,0.633,0.4116,0.4989,83.3616,63.3027,58.3761,34.0977,0.0,0.0,11.08,4.8,6.27,None,0.0010004043579101562,39.0,True,None,sfc_cache_p6_12,0,None,84.0,8,759.0,80,86,0,0,0,True,97.9328165374677,11.93360465116279,2.496627906976744,7.674418604651163,0.8022,0.7795,0.1509,0.3342,2553.6972823240126,617.1999999999996,3170.897282324012,0.0696978901476671,80,0,6
0,1769379424.6699445,320.9,91,0.5499,0.633,0.4116,0.4989,83.3616,63.3027,58.3761,34.0977,0.0,0.0,21.41,7.88,13.54,None,0.0010004043579101562,44.411,True,None,sfc_unique_p6_12,0,None,84.0,8,759.0,80,86,0,0,0,True,97.9381443298969,11.93360465116279,2.496627906976744,7.674418604651163,0.8022,0.7795,0.1509,0.3342,2553.6972823240126,617.1999999999996,3170.897282324012,0.0696978901476671,80,0,6
0,1769379424.8359427,321.0,91,0.5662,0.633,0.4185,0.4989,85.5942,63.3027,58.3761,35.1701,0.0,0.0,11.62,5.34,6.28,None,0.19143986701965332,43.994,True,None,sfc_cache_p2_12,0,None,88.0,8,792.0,83,88,0,0,0,True,97.94344473007712,11.969204545454545,2.4398863636363637,7.5,0.8124,0.7795,0.1509,0.3363,2553.6972823240126,621.5999999999996,3175.297282324012,0.06811235177586768,82,0,6
0,1769379424.8419461,321.0,91,0.5662,0.633,0.4185,0.4989,85.5942,63.3027,58.3761,35.1701,0.0,0.0,19.11,6.08,13.03,None,0.19143986701965332,51.991,True,None,sfc_unique_p2_12,0,None,88.0,8,792.0,83,88,0,0,0,True,97.94871794871794,11.969204545454545,2.4398863636363637,7.5,0.8124,0.7795,0.1509,0.3363,2553.6972823240126,621.5999999999996,3175.297282324012,0.06811235177586768,82,0,6
0,1769379425.0098796,321.2,91,0.5761,0.6586,0.4317,0.4989,86.7314,65.8588,58.3761,36.043,0.0,0.0,13.15,6.56,6.58,None,0.36841320991516113,43.514,True,None,sfc_cache_p4_11,0,None,92.0,8,825.0,86,90,0,0,0,True,97.9539641943734,11.906888888888888,2.4819999999999998,7.333333333333333,0.8319,0.8144,0.1509,0.3457,2579.7729966097268,625.9999999999995,3205.7729966097263,0.06659874395862618,84,0,6
0,1769379425.0148818,321.2,91,0.5761,0.6586,0.4317,0.4989,86.7314,65.8588,58.3761,36.043,0.0,0.0,20.47,6.58,13.89,None,0.36841320991516113,46.993,True,None,sfc_unique_p4_11,0,None,92.0,8,825.0,86,90,0,0,0,True,97.95918367346938,11.906888888888888,2.4819999999999998,7.333333333333333,0.8319,0.8144,0.1509,0.3457,2579.7729966097268,625.9999999999995,3205.7729966097263,0.06659874395862618,84,0,6
0,1769379433.6429296,329.8,91,0.5275,0.6599,0.363,0.3742,73.7311,65.9935,45.6432,35.8739,0.0,0.0,11.25,6.08,5.16,None,0.0009984970092773438,45.993,True,None,sfc_cache_p5_13,0,None,88.0,8,792.0,78,78,0,0,0,True,97.96437659033079,11.516538461538461,2.7526923076923078,6.346153846153846,0.8394,0.8885,0.1597,0.2827,2428.3110227156367,543.9999999999997,2972.311022715636,0.05123966622218518,74,0,4
0,1769379433.645927,329.8,91,0.5275,0.6599,0.363,0.3742,73.7311,65.9935,45.6432,35.8739,0.0,0.0,16.32,6.21,10.1,None,0.0009984970092773438,46.002,True,None,sfc_unique_p5_13,0,None,88.0,8,792.0,78,78,0,0,0,True,97.96954314720813,11.516538461538461,2.7526923076923078,6.346153846153846,0.8394,0.8885,0.1597,0.2827,2428.3110227156367,543.9999999999997,2972.311022715636,0.05123966622218518,74,0,4
0,1769379434.6852138,330.9,91,0.526,0.6599,0.3631,0.3992,74.2581,65.9935,48.686,35.405,0.0,0.0,9.89,4.66,5.22,None,0.0,49.998,True,None,sfc_cache_p5_14,0,None,84.0,8,759.0,77,78,0,0,0,True,97.9746835443038,11.567820512820512,2.7526923076923078,6.769230769230769,0.8215,0.8543,0.1584,0.2788,2416.7032522466693,543.9999999999997,2960.703252246669,0.05123804108675723,74,0,4
0,1769379434.6902113,330.9,91,0.526,0.6599,0.3631,0.3992,74.2581,65.9935,48.686,35.405,0.0,0.0,15.75,4.85,10.9,None,0.0,44.997,True,None,sfc_unique_p5_14,0,None,84.0,8,759.0,77,78,0,0,0,True,97.97979797979798,11.567820512820512,2.7526923076923078,6.769230769230769,0.8215,0.8543,0.1584,0.2788,2416.7032522466693,543.9999999999997,2960.703252246669,0.05123804108675723,74,0,4
0,1769379436.6557739,332.8,91,0.5332,0.6866,0.3748,0.4241,76.5409,68.6584,51.7289,35.2369,0.0,0.0,8.27,4.62,3.65,None,0.0009937286376953125,41.0,True,None,sfc_cache_p1_19,0,None,84.0,8,759.0,78,80,0,0,0,True,97.98488664987406,11.557749999999999,2.79225,7.0125,0.8113,0.8456,0.1552,0.2734,2416.7032522466693,558.3999999999996,2975.103252246669,0.04995440858613217,76,0,4
0,1769379436.6597638,332.8,91,0.5332,0.6866,0.3748,0.4241,76.5409,68.6584,51.7289,35.2369,0.0,0.0,12.74,6.27,6.46,None,0.0009937286376953125,57.007,True,None,sfc_unique_p1_19,0,None,84.0,8,759.0,78,80,0,0,0,True,97.98994974874373,11.557749999999999,2.79225,7.0125,0.8113,0.8456,0.1552,0.2734,2416.7032522466693,558.3999999999996,2975.103252246669,0.04995440858613217,76,0,4
0,1769379436.875762,333.1,92,0.5332,0.6866,0.3748,0.4241,76.5409,68.6584,51.7289,35.2369,0.0,0.0,5.98,3.29,2.69,None,0.17599225044250488,36.997,False,None,sfc_cache_p2_19,0,None,84.0,8,759.0,78,80,0,0,0,True,97.74436090225564,11.557749999999999,2.79225,7.0125,0.8113,0.8456,0.1552,0.2734,2416.7032522466693,558.3999999999996,2975.103252246669,0.04995440858613217,76,0,4
0,1769379436.8817618,333.1,92,0.5332,0.6866,0.3748,0.4241,76.5409,68.6584,51.7289,35.2369,0.0,0.0,None,None,None,None,0.17599225044250488,75.0,False,None,sfc_unique_p2_19,0,None,84.0,8,759.0,78,80,0,0,0,True,97.5,11.557749999999999,2.79225,7.0125,0.8113,0.8456,0.1552,0.2734,2416.7032522466693,558.3999999999996,2975.103252246669,0.04995440858613217,76,0,4
0,1769379437.0766692,333.3,93,0.5332,0.6866,0.3748,0.4241,76.5409,68.6584,51.7289,35.2369,0.0,0.0,8.9,4.9,4.0,None,0.3959991931915283,48.916,False,None,sfc_cache_p3_19,0,None,84.0,8,759.0,78,80,0,0,0,True,97.2568578553616,11.557749999999999,2.79225,7.0125,0.8113,0.8456,0.1552,0.2734,2416.7032522466693,558.3999999999996,2975.103252246669,0.04995440858613217,76,0,4
0,1769379437.0836682,333.3,93,0.5332,0.6866,0.3748,0.4241,76.5409,68.6584,51.7289,35.2369,0.0,0.0,None,None,None,None,0.3959991931915283,31.999,False,None,sfc_unique_p3_19,0,None,84.0,8,759.0,78,80,0,0,0,True,97.01492537313433,11.557749999999999,2.79225,7.0125,0.8113,0.8456,0.1552,0.2734,2416.7032522466693,558.3999999999996,2975.103252246669,0.04995440858613217,76,0,4
0,1769379437.2506685,333.4,94,0.5332,0.6866,0.3748,0.4241,76.5409,68.6584,51.7289,35.2369,0.0,0.0,6.64,3.96,2.69,None,0.598905086517334,38.005,False,None,sfc_cache_p4_19,0,None,84.0,8,759.0,78,80,0,0,0,True,96.7741935483871,11.557749999999999,2.79225,7.0125,0.8113,0.8456,0.1552,0.2734,2416.7032522466693,558.3999999999996,2975.103252246669,0.04995440858613217,76,0,4
0,1769379437.2566686,333.4,94,0.5332,0.6866,0.3748,0.4241,76.5409,68.6584,51.7289,35.2369,0.0,0.0,None,None,None,None,0.598905086517334,27.0,False,None,sfc_unique_p4_19,0,None,84.0,8,759.0,78,80,0,0,0,True,96.53465346534654,11.557749999999999,2.79225,7.0125,0.8113,0.8456,0.1552,0.2734,2416.7032522466693,558.3999999999996,2975.103252246669,0.04995440858613217,76,0,4
0,1769379437.4621875,333.6,95,0.5332,0.6866,0.3748,0.4241,76.5409,68.6584,51.7289,35.2369,0.0,0.0,8.35,4.57,3.77,None,0.7729036808013916,45.521,False,None,sfc_cache_p5_19,0,None,84.0,8,759.0,78,80,0,0,0,True,96.29629629629629,11.557749999999999,2.79225,7.0125,0.8113,0.8456,0.1552,0.2734,2416.7032522466693,558.3999999999996,2975.103252246669,0.04995440858613217,76,0,4
0,1769379437.4661877,333.7,95,0.5332,0.6866,0.3748,0.4241,76.5409,68.6584,51.7289,35.2369,0.0,0.0,None,None,None,None,0.7729036808013916,47.0,False,None,sfc_unique_p5_19,0,None,84.0,8,759.0,78,80,0,0,0,True,96.05911330049261,11.557749999999999,2.79225,7.0125,0.8113,0.8456,0.1552,0.2734,2416.7032522466693,558.3999999999996,2975.103252246669,0.04995440858613217,76,0,4
0,1769379437.6291945,333.8,96,0.5332,0.6866,0.3748,0.4241,76.5409,68.6584,51.7289,35.2369,0.0,0.0,7.75,2.91,4.83,None,0.979421854019165,47.005,False,None,sfc_cache_p6_19,0,None,84.0,8,759.0,78,80,0,0,0,True,95.82309582309583,11.557749999999999,2.79225,7.0125,0.8113,0.8456,0.1552,0.2734,2416.7032522466693,558.3999999999996,2975.103252246669,0.04995440858613217,76,0,4
0,1769379437.6357496,333.8,96,0.5332,0.6866,0.3748,0.4241,76.5409,68.6584,51.7289,35.2369,0.0,0.0,None,None,None,None,0.979421854019165,26.999,False,None,sfc_unique_p6_19,0,None,84.0,8,759.0,78,80,0,0,0,True,95.58823529411765,11.557749999999999,2.79225,7.0125,0.8113,0.8456,0.1552,0.2734,2416.7032522466693,558.3999999999996,2975.103252246669,0.04995440858613217,76,0,4
0,1769379440.2806244,336.5,96,0.5193,0.6323,0.3597,0.3992,73.6864,63.2273,48.686,34.4265,0.0,0.0,9.26,4.57,4.69,None,0.0,34.998,False,None,sfc_cache_p6_14,0,None,80.0,8,726.0,74,76,0,0,0,True,95.35452322738386,11.635394736842105,2.70671052631579,6.947368421052632,0.8015,0.8223,0.1584,0.2653,2379.52827933226,539.5999999999997,2919.12827933226,0.05258585504932428,72,0,4
0,1769379440.2846918,336.5,96,0.5193,0.6323,0.3597,0.3992,73.6864,63.2273,48.686,34.4265,0.0,0.0,None,None,None,None,0.0,31.998,False,None,sfc_unique_p6_14,0,None,80.0,8,726.0,74,76,0,0,0,True,95.1219512195122,11.635394736842105,2.70671052631579,6.947368421052632,0.8015,0.8223,0.1584,0.2653,2379.52827933226,539.5999999999997,2919.12827933226,0.05258585504932428,72,0,4
0,1769379440.437633,336.6,96,0.5336,0.6323,0.3714,0.4241,76.5409,63.2273,51.7289,34.9522,0.0,0.0,8.68,4.29,4.38,None,0.732011079788208,45.996,True,None,sfc_cache_p4_14,0,None,80.0,8,726.0,75,78,0,0,0,True,95.1338199513382,11.734487179487179,2.6373076923076924,7.1923076923076925,0.8165,0.8223,0.158,0.2649,2387.895183577689,543.9999999999997,2931.8951835776884,0.0512374997916493,74,0,4
0,1769379440.4416347,336.6,96,0.5336,0.6323,0.3714,0.4241,76.5409,63.2273,51.7289,34.9522,0.0,0.0,16.36,7.37,8.98,None,0.732011079788208,40.006,True,None,sfc_unique_p4_14,0,None,80.0,8,726.0,75,78,0,0,0,True,95.14563106796116,11.734487179487179,2.6373076923076924,7.1923076923076925,0.8165,0.8223,0.158,0.2649,2387.895183577689,543.9999999999997,2931.8951835776884,0.0512374997916493,74,0,4
0,1769379444.7424467,340.9,96,0.4723,0.4213,0.308,0.3992,58.7888,42.1321,41.3566,34.9914,0.0,0.0,6.8,3.79,3.01,None,0.0010004043579101562,38.0,False,None,sfc_cache_p2_14,0,None,64.0,8,594.0,63,68,0,0,0,True,94.91525423728814,12.068088235294118,2.3730882352941176,7.764705882352941,0.7822,0.7327,0.1552,0.2404,2647.2062964085203,476.39999999999975,3123.60629640852,0.05853631831126123,64,0,4
0,1769379444.7474456,340.9,96,0.4723,0.4213,0.308,0.3992,58.7888,42.1321,41.3566,34.9914,0.0,0.0,None,None,None,None,0.0010004043579101562,37.985,False,None,sfc_unique_p2_14,0,None,64.0,8,594.0,63,68,0,0,0,True,94.68599033816425,12.068088235294118,2.3730882352941176,7.764705882352941,0.7822,0.7327,0.1552,0.2404,2647.2062964085203,476.39999999999975,3123.60629640852,0.05853631831126123,64,0,4
0,1769379450.6690392,346.9,96,0.4658,0.3649,0.2669,0.3742,58.1656,36.4863,40.2243,33.7097,0.0,0.0,5.29,3.88,1.42,None,0.00099945068359375,43.538,True,None,sfc_cache_p4_18,0,None,60.0,4,528.0,57,62,0,0,0,True,94.6987951807229,12.29516129032258,2.17258064516129,7.983870967741935,0.752,0.7037,0.1708,0.2136,2514.1485195790133,428.79999999999984,2942.948519579013,0.08031625838678223,57,0,5
0,1769379450.673039,346.9,96,0.4658,0.3649,0.2669,0.3742,58.1656,36.4863,40.2243,33.7097,0.0,0.0,7.86,5.23,2.64,None,0.00099945068359375,49.997,True,None,sfc_unique_p4_18,0,None,60.0,4,528.0,57,62,0,0,0,True,94.71153846153845,12.29516129032258,2.17258064516129,7.983870967741935,0.752,0.7037,0.1708,0.2136,2514.1485195790133,428.79999999999984,2942.948519579013,0.08031625838678223,57,0,5
0,1769379453.7621837,349.9,96,0.4295,0.3186,0.2264,0.3493,50.1706,31.8608,36.187,33.0154,0.0,0.0,7.96,5.97,1.98,None,0.0010042190551757812,47.001,True,None,sfc_cache_p1_20,0,None,48.0,4,429.0,49,54,0,0,0,True,94.7242206235012,12.277222222222223,2.2598148148148147,8.555555555555555,0.7168,0.5415,0.1706,0.1775,2544.1385869060528,366.79999999999995,2910.9385869060525,0.12872267143056057,47,0,7
0,1769379453.765183,350.0,96,0.4295,0.3186,0.2264,0.3493,50.1706,31.8608,36.187,33.0154,0.0,0.0,9.41,5.52,3.89,None,0.0010042190551757812,40.005,True,None,sfc_unique_p1_20,0,None,48.0,4,429.0,49,54,0,0,0,True,94.73684210526315,12.277222222222223,2.2598148148148147,8.555555555555555,0.7168,0.5415,0.1706,0.1775,2544.1385869060528,366.79999999999995,2910.9385869060525,0.12872267143056057,47,0,7
0,1769379453.982762,350.2,97,0.4353,0.3186,0.2295,0.3493,52.7073,31.8608,36.187,31.5009,0.0,0.0,7.93,5.97,1.96,None,0.1784665584564209,78.99,True,None,sfc_cache_p2_20,0,None,56.33,4,462.0,53,56,0,0,0,True,94.74940334128878,12.243571428571428,2.1791071428571427,8.25,0.6887,0.5415,0.1672,0.1822,2545.7232425321167,376.79999999999995,2922.5232425321165,0.15929678877963935,47,0,9
0,1769379453.986766,350.2,97,0.4353,0.3186,0.2295,0.3493,52.7073,31.8608,36.187,31.5009,0.0,0.0,9.36,5.52,3.85,None,0.1784665584564209,56.016,True,None,sfc_unique_p2_20,0,None,56.33,4,462.0,53,56,0,0,0,True,94.76190476190476,12.243571428571428,2.1791071428571427,8.25,0.6887,0.5415,0.1672,0.1822,2545.7232425321167,376.79999999999995,2922.5232425321165,0.15929678877963935,47,0,9
0,1769379454.1467648,350.3,98,0.4497,0.3186,0.2356,0.3742,56.1761,31.8608,38.7718,30.6571,0.0,0.0,6.48,4.09,2.39,None,0.40105271339416504,39.997,True,None,sfc_cache_p3_20,0,None,56.33,4,462.0,54,58,0,0,0,True,94.77434679334917,12.355862068965518,2.103965517241379,8.53448275862069,0.6551,0.5415,0.1699,0.1879,2549.3449729144104,386.79999999999995,2936.1449729144106,0.1882279595137934,47,0,11
0,1769379454.1497602,350.3,98,0.4497,0.3186,0.2356,0.3742,56.1761,31.8608,38.7718,30.6571,0.0,0.0,9.28,4.94,4.34,None,0.40105271339416504,48.003,True,None,sfc_unique_p3_20,0,None,56.33,4,462.0,54,58,0,0,0,True,94.7867298578199,12.355862068965518,2.103965517241379,8.53448275862069,0.6551,0.5415,0.1699,0.1879,2549.3449729144104,386.79999999999995,2936.1449729144106,0.1882279595137934,47,0,11
0,1769379454.3361065,350.5,99,0.4567,0.3186,0.2407,0.3742,58.7128,31.8608,38.7718,29.6,0.0,0.0,7.72,5.97,1.75,None,0.5650413036346436,47.021,True,None,sfc_cache_p4_20,0,None,64.66,4,495.0,57,60,0,0,0,True,94.79905437352247,12.321833333333334,2.0338333333333334,8.25,0.6282,0.5415,0.1666,0.1939,2556.4821157715533,396.79999999999995,2953.2821157715534,0.21345937921000027,47,4,9
0,1769379454.3421068,350.5,99,0.4567,0.3186,0.2407,0.3742,58.7128,31.8608,38.7718,29.6,0.0,0.0,11.4,7.95,3.45,None,0.5650413036346436,51.997,True,None,sfc_unique_p4_20,0,None,64.66,4,495.0,57,60,0,0,0,True,94.81132075471697,12.321833333333334,2.0338333333333334,8.25,0.6282,0.5415,0.1666,0.1939,2556.4821157715533,396.79999999999995,2953.2821157715534,0.21345937921000027,47,4,9
0,1769379454.52911,350.7,100,0.4618,0.3186,0.246,0.3742,61.2494,31.8608,38.7718,28.3769,0.0,0.0,7.92,5.97,1.94,None,0.7573881149291992,57.003,True,None,sfc_cache_p5_20,0,None,72.99,4,528.0,61,62,0,0,0,True,94.82352941176471,12.290000000000001,1.968225806451613,7.983870967741935,0.6216,0.5415,0.1635,0.1995,2575.057115771553,406.79999999999995,2981.8571157715533,0.23683016659268813,47,6,9
0,1769379454.5351052,350.7,100,0.4618,0.3186,0.246,0.3742,61.2494,31.8608,38.7718,28.3769,0.0,0.0,11.57,7.74,3.83,None,0.7573881149291992,42.997,True,None,sfc_unique_p5_20,0,None,72.99,4,528.0,61,62,0,0,0,True,94.83568075117371,12.290000000000001,1.968225806451613,7.983870967741935,0.6216,0.5415,0.1635,0.1995,2575.057115771553,406.79999999999995,2981.8571157715533,0.23683016659268813,47,6,9
0,1769379454.7036178,350.9,101,0.4734,0.3186,0.2539,0.3992,64.0468,31.8608,41.3566,28.2368,0.0,0.0,11.18,6.5,4.68,None,0.9503827095031738,52.515,True,None,sfc_cache_p6_20,0,None,72.99,4,528.0,63,64,0,0,0,True,94.84777517564403,12.3903125,1.90671875,8.25,0.627,0.5415,0.1782,0.2072,2594.4885443429816,416.79999999999995,3011.2885443429814,0.24350691808345798,51,4,9
0,1769379454.7076244,350.9,101,0.4734,0.3186,0.2539,0.3992,64.0468,31.8608,41.3566,28.2368,0.0,0.0,11.75,7.74,4.01,None,0.9503827095031738,36.001,True,None,sfc_unique_p6_20,0,None,72.99,4,528.0,63,64,0,0,0,True,94.85981308411215,12.3903125,1.90671875,8.25,0.627,0.5415,0.1782,0.2072,2594.4885443429816,416.79999999999995,3011.2885443429814,0.24350691808345798,51,4,9
0,1769379454.8796186,351.1,101,0.4758,0.3186,0.2473,0.4241,64.867,31.8608,43.9414,27.8106,0.0,0.0,12.19,6.36,5.83,None,0.0,34.008,True,None,sfc_cache_p4_15,0,None,68.99,4,495.0,62,64,0,0,0,True,94.87179487179486,12.4528125,1.90671875,8.765625,0.6169,0.5415,0.1741,0.2109,2597.914258628696,412.3999999999999,3010.3142586286963,0.2578997018522849,50,6,8
0,1769379454.8856223,351.1,101,0.4758,0.3186,0.2473,0.4241,64.867,31.8608,43.9414,27.8106,0.0,0.0,12.44,7.63,4.81,None,0.0,41.998,True,None,sfc_unique_p4_15,0,None,68.99,4,495.0,62,64,0,0,0,True,94.88372093023256,12.4528125,1.90671875,8.765625,0.6169,0.5415,0.1741,0.2109,2597.914258628696,412.3999999999999,3010.3142586286963,0.2578997018522849,50,6,8
0,1769379480.8755918,377.1,101,0.4797,0.3075,0.2532,0.449,65.3063,30.7504,44.9047,27.9087,0.0,0.0,8.34,5.72,2.63,None,0.0,56.523,True,None,sfc_cache_p1_21,0,None,68.99,4,495.0,62,66,0,0,0,False,94.89559164733178,12.545151515151515,1.8489393939393939,9.0,0.6178,0.4964,0.1654,0.2172,2666.281162874125,426.7999999999999,3093.081162874125,0.26521060925769147,51,6,9
0,1769379480.8805864,377.1,101,0.4797,0.3075,0.2532,0.449,65.3063,30.7504,44.9047,27.9087,0.0,0.0,6.9,4.33,2.57,None,0.0,43.995,True,None,sfc_unique_p1_21,0,None,68.99,4,495.0,62,66,0,0,0,False,94.9074074074074,12.545151515151515,1.8489393939393939,9.0,0.6178,0.4964,0.1654,0.2172,2666.281162874125,426.7999999999999,3093.081162874125,0.26521060925769147,51,6,9
0,1769379481.0641153,377.3,102,0.4866,0.3075,0.2578,0.449,67.5742,30.7504,44.9047,27.5814,0.0,0.0,8.45,4.29,4.16,None,0.1905214786529541,46.002,True,None,sfc_cache_p2_21,0,None,72.99,4,528.0,65,68,0,0,0,False,94.91916859122402,12.573235294117648,1.7945588235294119,8.735294117647058,0.61,0.4964,0.1626,0.2234,2666.281162874125,436.7999999999999,3103.081162874125,0.27208877902012396,52,6,10
0,1769379481.0670993,377.3,102,0.4866,0.3075,0.2578,0.449,67.5742,30.7504,44.9047,27.5814,0.0,0.0,8.13,4.66,3.47,None,0.1905214786529541,43.527,True,None,sfc_unique_p2_21,0,None,72.99,4,528.0,65,68,0,0,0,False,94.93087557603687,12.573235294117648,1.7945588235294119,8.735294117647058,0.61,0.4964,0.1626,0.2234,2666.281162874125,436.7999999999999,3103.081162874125,0.27208877902012396,52,6,10
0,1769379481.2436185,377.4,103,0.4949,0.3075,0.2637,0.449,69.8421,30.7504,44.9047,27.4768,0.0,0.0,7.77,4.83,2.94,None,0.3770406246185303,36.999,True,None,sfc_cache_p3_21,0,None,76.99,4,561.0,68,70,0,0,0,False,94.94252873563218,12.599714285714287,1.7432857142857143,8.485714285714286,0.6036,0.4964,0.1598,0.2275,2666.281162874125,446.7999999999999,3113.081162874125,0.27857339914561385,53,6,11
0,1769379481.2466142,377.4,103,0.4949,0.3075,0.2637,0.449,69.8421,30.7504,44.9047,27.4768,0.0,0.0,7.16,4.33,2.82,None,0.3770406246185303,62.516,True,None,sfc_unique_p3_21,0,None,76.99,4,561.0,68,70,0,0,0,False,94.95412844036697,12.599714285714287,1.7432857142857143,8.485714285714286,0.6036,0.4964,0.1598,0.2275,2666.281162874125,446.7999999999999,3113.081162874125,0.27857339914561385,53,6,11
0,1769379481.4076529,377.6,104,0.4949,0.352,0.2785,0.449,70.2017,35.2031,44.9047,27.5737,0.0,0.0,8.34,5.72,2.63,None,0.5565531253814697,46.005,True,None,sfc_cache_p4_21,0,None,80.99,4,594.0,70,72,0,0,0,False,94.96567505720824,12.379305555555554,1.9402777777777775,8.25,0.6066,0.5787,0.1571,0.2374,2703.753104305795,461.1999999999999,3164.953104305795,0.28227838405828903,55,6,11
0,1769379481.411648,377.6,104,0.4949,0.352,0.2785,0.449,70.2017,35.2031,44.9047,27.5737,0.0,0.0,6.16,3.27,2.89,None,0.5565531253814697,41.026,True,None,sfc_unique_p4_21,0,None,80.99,4,594.0,70,72,0,0,0,False,94.97716894977168,12.379305555555554,1.9402777777777775,8.25,0.6066,0.5787,0.1571,0.2374,2703.753104305795,461.1999999999999,3164.953104305795,0.28227838405828903,55,6,11
0,1769379481.5904121,377.8,105,0.4932,0.3966,0.2988,0.449,70.5614,39.6558,44.9047,27.4744,0.0,0.0,8.99,4.83,4.16,None,0.7238335609436035,46.002,True,None,sfc_cache_p5_21,0,None,84.99,4,627.0,72,74,0,0,0,False,94.98861047835992,12.17081081081081,2.126621621621622,8.027027027027026,0.6066,0.6754,0.1546,0.2491,2741.2250457374653,471.1999999999999,3212.425045737465,0.28631574589001585,57,6,11
0,1769379481.593414,377.8,105,0.4932,0.3966,0.2988,0.449,70.5614,39.6558,44.9047,27.4744,0.0,0.0,8.76,3.46,5.29,None,0.7238335609436035,50.003,True,None,sfc_unique_p5_21,0,None,84.99,4,627.0,72,74,0,0,0,False,95.0,12.17081081081081,2.126621621621622,8.027027027027026,0.6066,0.6754,0.1546,0.2491,2741.2250457374653,471.1999999999999,3212.425045737465,0.28631574589001585,57,6,11
0,1769379481.7884088,378.0,106,0.4933,0.4411,0.3078,0.449,70.5614,44.1085,44.9047,27.9293,0.0,0.0,9.87,5.72,4.16,None,0.903346061706543,36.987,True,None,sfc_cache_p6_21,0,None,88.99,4,660.0,75,76,0,0,0,False,95.01133786848072,11.973289473684211,2.303157894736842,7.815789473684211,0.6142,0.6421,0.1521,0.252,2745.0766167017123,485.59999999999985,3230.676616701712,0.2787769707524502,59,6,11
0,1769379481.792411,378.0,106,0.4933,0.4411,0.3078,0.449,70.5614,44.1085,44.9047,27.9293,0.0,0.0,12.48,4.73,7.75,None,0.903346061706543,53.995,True,None,sfc_unique_p6_21,0,None,88.99,4,660.0,75,76,0,0,0,False,95.02262443438913,11.973289473684211,2.303157894736842,7.815789473684211,0.6142,0.6421,0.1521,0.252,2745.0766167017123,485.59999999999985,3230.676616701712,0.2787769707524502,59,6,11
0,1769379484.9685407,381.2,106,0.4423,0.3873,0.2618,0.3992,62.101,38.731,39.9153,24.9086,0.0,0.0,12.31,6.56,5.74,None,0.0,33.999,True,None,sfc_cache_p6_15,0,None,76.99,4,561.0,65,66,0,0,0,False,95.03386004514672,11.944090909090908,2.3287878787878786,8.0,0.5859,0.5965,0.1361,0.2523,2700.8883307453602,433.5999999999999,3134.48833074536,0.3054662211798412,51,5,10
0,1769379484.9725392,381.2,106,0.4423,0.3873,0.2618,0.3992,62.101,38.731,39.9153,24.9086,0.0,0.0,11.56,6.37,5.2,None,0.0,34.999,True,None,sfc_unique_p6_15,0,None,76.99,4,561.0,65,66,0,0,0,False,95.04504504504504,11.944090909090908,2.3287878787878786,8.0,0.5859,0.5965,0.1361,0.2523,2700.8883307453602,433.5999999999999,3134.48833074536,0.3054662211798412,51,5,10
0,1769379485.7556026,381.9,106,0.4575,0.3873,0.2712,0.3992,64.3689,38.731,39.9153,25.6093,0.0,0.0,12.27,6.36,5.91,None,0.1470012664794922,655.51,True,None,sfc_cache_p3_15,0,None,80.99,4,594.0,68,68,0,0,0,False,95.0561797752809,11.98985294117647,2.260294117647059,7.764705882352941,0.5909,0.5965,0.1361,0.2638,2700.8883307453602,433.5999999999999,3134.48833074536,0.3104110416382348,52,6,10
0,1769379485.7586038,381.9,106,0.4575,0.3873,0.2712,0.3992,64.3689,38.731,39.9153,25.6093,0.0,0.0,10.81,5.28,5.53,None,0.1470012664794922,57.556,True,None,sfc_unique_p3_15,0,None,80.99,4,594.0,68,68,0,0,0,False,95.06726457399103,11.98985294117647,2.260294117647059,7.764705882352941,0.5909,0.5965,0.1361,0.2638,2700.8883307453602,433.5999999999999,3134.48833074536,0.3104110416382348,52,6,10
0,1769379485.921601,382.1,106,0.4681,0.4175,0.2887,0.4241,65.7728,41.7549,42.41,26.3101,0.0,0.0,11.9,5.75,6.15,None,0.9380593299865723,39.002,True,None,sfc_cache_p2_15,0,None,80.99,4,594.0,69,70,0,0,0,False,95.07829977628636,11.918714285714286,2.367142857142857,8.014285714285714,0.605,0.5942,0.1371,0.274,2723.7050804745036,433.5999999999999,3157.3050804745035,0.31460490521726736,54,6,10
0,1769379485.925602,382.1,106,0.4681,0.4175,0.2887,0.4241,65.7728,41.7549,42.41,26.3101,0.0,0.0,9.15,2.89,6.27,None,0.9380593299865723,47.003,True,None,sfc_unique_p2_15,0,None,80.99,4,594.0,69,70,0,0,0,False,95.08928571428571,11.918714285714286,2.367142857142857,8.014285714285714,0.605,0.5942,0.1371,0.274,2723.7050804745036,433.5999999999999,3157.3050804745035,0.31460490521726736,54,6,10
0,1769379491.584168,387.8,106,0.4783,0.3865,0.2694,0.4241,68.1478,38.6491,43.9414,25.9789,0.0,0.0,7.92,5.2,2.72,None,0.0010499954223632812,53.007,True,None,sfc_cache_p4_21,0,None,76.99,4,561.0,68,68,0,0,0,True,95.10022271714922,12.132058823529412,2.176911764705882,8.25,0.5912,0.5411,0.1444,0.2677,2620.5312347974045,414.79999999999995,3035.3312347974042,0.32649523475401837,51,6,11
0,1769379491.5881667,387.8,106,0.4783,0.3865,0.2694,0.4241,68.1478,38.6491,43.9414,25.9789,0.0,0.0,8.0,4.4,3.6,None,0.0010499954223632812,60.008,True,None,sfc_unique_p4_21,0,None,76.99,4,561.0,68,68,0,0,0,True,95.11111111111111,12.132058823529412,2.176911764705882,8.25,0.5912,0.5411,0.1444,0.2677,2620.5312347974045,414.79999999999995,3035.3312347974042,0.32649523475401837,51,6,11
0,1769379493.82002,390.0,106,0.5021,0.3922,0.2594,0.4241,74.0964,39.2177,47.3618,26.3795,0.0,0.0,7.72,4.83,2.89,None,0.000997781753540039,39.511,True,None,sfc_cache_p5_21,0,None,76.99,4,561.0,69,68,0,0,0,True,95.1219512195122,12.259558823529412,2.0494117647058827,8.25,0.6214,0.5606,0.1555,0.2572,2492.444380039624,419.19999999999993,2911.6443800396237,0.3138552395059273,50,7,11
0,1769379493.8251462,390.0,106,0.5021,0.3922,0.2594,0.4241,74.0964,39.2177,47.3618,26.3795,0.0,0.0,10.68,5.13,5.55,None,0.000997781753540039,40.002,True,None,sfc_unique_p5_21,0,None,76.99,4,561.0,69,68,0,0,0,True,95.13274336283186,12.259558823529412,2.0494117647058827,8.25,0.6214,0.5606,0.1555,0.2572,2492.444380039624,419.19999999999993,2911.6443800396237,0.3138552395059273,50,7,11
0,1769379500.0040863,396.2,106,0.5044,0.4419,0.276,0.449,74.5788,44.1902,50.1477,26.8953,0.0,0.0,10.01,6.22,3.79,None,0.001003265380859375,66.997,True,None,sfc_cache_p1_22,0,None,76.99,4,561.0,69,70,0,0,0,True,95.14348785871964,12.099714285714287,2.2432857142857143,8.485714285714286,0.6291,0.6538,0.1589,0.2643,2530.119380039624,433.5999999999999,2963.719380039624,0.3041993629981367,53,6,11
0,1769379500.0090823,396.2,106,0.5044,0.4419,0.276,0.449,74.5788,44.1902,50.1477,26.8953,0.0,0.0,10.94,5.58,5.37,None,0.001003265380859375,42.004,True,None,sfc_unique_p1_22,0,None,76.99,4,561.0,69,70,0,0,0,True,95.15418502202643,12.099714285714287,2.2432857142857143,8.485714285714286,0.6291,0.6538,0.1589,0.2643,2530.119380039624,433.5999999999999,2963.719380039624,0.3041993629981367,53,6,11
0,1769379500.2200844,396.4,107,0.5048,0.4916,0.2974,0.474,75.0612,49.1628,52.9337,27.1931,0.0,0.0,10.24,6.5,3.74,None,0.24199867248535156,48.0,True,None,sfc_cache_p2_22,0,None,76.99,4,561.0,70,72,0,0,0,True,95.16483516483515,11.948749999999999,2.426388888888889,8.708333333333334,0.6386,0.637,0.1582,0.2748,2534.405094325338,447.9999999999999,2982.405094325338,0.2954625834704283,55,6,11
0,1769379500.2250826,396.4,107,0.5048,0.4916,0.2974,0.474,75.0612,49.1628,52.9337,27.1931,0.0,0.0,9.87,4.08,5.8,None,0.24199867248535156,46.999,True,None,sfc_unique_p2_22,0,None,76.99,4,561.0,70,72,0,0,0,True,95.17543859649122,11.948749999999999,2.426388888888889,8.708333333333334,0.6386,0.637,0.1582,0.2748,2534.405094325338,447.9999999999999,2982.405094325338,0.2954625834704283,55,6,11
0,1769379500.4162793,396.6,108,0.515,0.4916,0.3105,0.474,77.1923,49.1628,52.9337,27.6666,0.0,0.0,12.56,7.39,5.17,None,0.4370105266571045,39.001,True,None,sfc_cache_p3_22,0,None,80.99,4,594.0,73,74,0,0,0,True,95.18599562363238,11.990675675675675,2.360810810810811,8.472972972972974,0.649,0.637,0.1553,0.2777,2543.1936657539095,462.39999999999986,3005.5936657539096,0.2874296432782172,57,6,11
0,1769379500.4207866,396.6,108,0.515,0.4916,0.3105,0.474,77.1923,49.1628,52.9337,27.6666,0.0,0.0,16.77,8.01,8.76,None,0.4370105266571045,38.999,True,None,sfc_unique_p3_22,0,None,80.99,4,594.0,73,74,0,0,0,True,95.19650655021834,11.990675675675675,2.360810810810811,8.472972972972974,0.649,0.637,0.1553,0.2777,2543.1936657539095,462.39999999999986,3005.5936657539096,0.2874296432782172,57,6,11
0,1769379500.6217906,396.8,109,0.5163,0.516,0.3264,0.474,78.2778,51.6026,52.9337,27.7405,0.0,0.0,10.88,5.96,4.91,None,0.6317012310028076,50.0,True,None,sfc_cache_p4_22,0,None,84.99,4,627.0,76,76,0,0,0,True,95.20697167755992,11.916315789473684,2.412763157894737,8.25,0.6495,0.7048,0.1526,0.2771,2564.8686657539097,476.79999999999984,3041.6686657539094,0.2798628626770848,59,6,11
0,1769379500.624793,396.8,109,0.5163,0.516,0.3264,0.474,78.2778,51.6026,52.9337,27.7405,0.0,0.0,13.16,4.92,8.24,None,0.6317012310028076,46.999,True,None,sfc_unique_p4_22,0,None,84.99,4,627.0,76,76,0,0,0,True,95.21739130434783,11.916315789473684,2.412763157894737,8.25,0.6495,0.7048,0.1526,0.2771,2564.8686657539097,476.79999999999984,3041.6686657539094,0.2798628626770848,59,6,11
0,1769379500.8023453,397.0,110,0.5212,0.5404,0.3424,0.474,79.3632,54.0425,52.9337,28.178,0.0,0.0,11.13,7.39,3.74,None,0.8347086906433105,43.013,True,None,sfc_cache_p5_22,0,None,88.99,4,660.0,79,78,0,0,0,True,95.22776572668113,11.845769230769232,2.462051282051282,8.038461538461538,0.6537,0.7411,0.1499,0.274,2582.8736657539093,491.1999999999998,3074.073665753909,0.27233848220457124,61,6,11
0,1769379500.8063447,397.0,110,0.5212,0.5404,0.3424,0.474,79.3632,54.0425,52.9337,28.178,0.0,0.0,12.21,6.31,5.9,None,0.8347086906433105,47.567,True,None,sfc_unique_p5_22,0,None,88.99,4,660.0,79,78,0,0,0,True,95.23809523809523,11.845769230769232,2.462051282051282,8.038461538461538,0.6537,0.7411,0.1499,0.274,2582.8736657539093,491.1999999999998,3074.073665753909,0.27233848220457124,61,6,11
0,1769379500.9853435,397.2,110,0.5193,0.5517,0.3458,0.4989,79.3632,55.1681,55.7197,27.9926,0.0,0.0,9.04,4.08,4.96,None,0.0,43.003,True,None,sfc_cache_p3_16,0,None,84.99,4,627.0,77,78,0,0,0,True,95.24838012958963,11.845769230769232,2.513333333333333,8.461538461538462,0.6516,0.7569,0.1663,0.2704,2588.2907838470837,491.1999999999998,3079.4907838470835,0.2723372512123797,61,6,11
0,1769379500.9893434,397.2,110,0.5193,0.5517,0.3458,0.4989,79.3632,55.1681,55.7197,27.9926,0.0,0.0,14.98,6.54,8.43,None,0.0,45.059,True,None,sfc_unique_p3_16,0,None,84.99,4,627.0,77,78,0,0,0,True,95.25862068965517,11.845769230769232,2.513333333333333,8.461538461538462,0.6516,0.7569,0.1663,0.2704,2588.2907838470837,491.1999999999998,3079.4907838470835,0.2723372512123797,61,6,11
0,1769379501.1858616,397.4,111,0.5149,0.6136,0.3607,0.4989,79.7648,61.3592,55.7197,27.4462,0.0,0.0,10.47,5.3,5.17,None,1.2002639770507812,42.997,True,None,sfc_cache_p6_22,0,None,88.99,4,660.0,80,80,0,0,0,True,95.26881720430107,11.612125,2.7255,8.25,0.6417,0.8,0.1634,0.2684,2612.0930072744154,501.1999999999998,3113.2930072744152,0.2775536057195309,62,6,12
0,1769379501.1898568,397.4,111,0.5149,0.6136,0.3607,0.4989,79.7648,61.3592,55.7197,27.4462,0.0,0.0,8.44,2.98,5.47,None,1.2002639770507812,58.009,True,None,sfc_unique_p6_22,0,None,88.99,4,660.0,80,80,0,0,0,True,95.27896995708154,11.612125,2.7255,8.25,0.6417,0.8,0.1634,0.2684,2612.0930072744154,501.1999999999998,3113.2930072744152,0.2775536057195309,62,6,12
0,1769379506.0120258,402.2,111,0.4992,0.638,0.3671,0.4989,74.9792,63.7991,55.7197,26.9914,0.0,0.0,10.86,5.56,5.3,None,0.0,40.006,True,None,sfc_cache_p6_16,0,None,80.99,4,594.0,73,76,0,0,0,True,95.28907922912205,11.398684210526318,2.983026315789474,8.68421052631579,0.636,0.8263,0.1692,0.2633,2619.1228788113294,472.39999999999986,3091.522878811329,0.29215077731972144,58,6,12
0,1769379506.016024,402.2,111,0.4992,0.638,0.3671,0.4989,74.9792,63.7991,55.7197,26.9914,0.0,0.0,8.37,3.6,4.77,None,0.0,41.001,True,None,sfc_unique_p6_16,0,None,80.99,4,594.0,73,76,0,0,0,True,95.2991452991453,11.398684210526318,2.983026315789474,8.68421052631579,0.636,0.8263,0.1692,0.2633,2619.1228788113294,472.39999999999986,3091.522878811329,0.29215077731972144,58,6,12
0,1769379511.0550275,407.2,111,0.482,0.5029,0.3288,0.4241,68.7487,50.2884,47.3618,27.393,0.0,0.0,13.28,5.34,7.94,None,0.0,45.147,True,None,sfc_cache_p3_20,0,None,76.99,4,561.0,70,68,0,0,0,True,95.3091684434968,11.681029411764705,2.6279411764705882,8.25,0.6541,0.7743,0.1595,0.2539,2549.1147531341894,423.59999999999985,2972.7147531341893,0.2825250007249829,53,6,9
0,1769379511.0600243,407.2,111,0.482,0.5029,0.3288,0.4241,68.7487,50.2884,47.3618,27.393,0.0,0.0,21.43,6.76,14.68,None,0.0,42.993,True,None,sfc_unique_p3_20,0,None,76.99,4,561.0,70,68,0,0,0,True,95.31914893617022,11.681029411764705,2.6279411764705882,8.25,0.6541,0.7743,0.1595,0.2539,2549.1147531341894,423.59999999999985,2972.7147531341893,0.2825250007249829,53,6,9
0,1769379513.9206245,410.1,111,0.4455,0.3531,0.2685,0.3493,59.1697,35.3107,37.5427,26.5643,0.0,0.0,5.79,3.72,2.07,None,0.0,32.004,True,None,sfc_cache_p6_22,0,None,68.99,4,495.0,59,58,0,0,0,True,95.32908704883228,11.99396551724138,2.247586206896552,7.9655172413793105,0.6352,0.5937,0.1525,0.2365,2534.356895991333,364.7999999999999,2899.156895991333,0.3011179924632384,43,7,8
0,1769379513.9246233,410.1,111,0.4455,0.3531,0.2685,0.3493,59.1697,35.3107,37.5427,26.5643,0.0,0.0,9.99,7.63,2.35,None,0.0,40.0,True,None,sfc_unique_p6_22,0,None,68.99,4,495.0,59,58,0,0,0,True,95.33898305084746,11.99396551724138,2.247586206896552,7.9655172413793105,0.6352,0.5937,0.1525,0.2365,2534.356895991333,364.7999999999999,2899.156895991333,0.3011179924632384,43,7,8
0,1769379518.0468562,414.2,111,0.4569,0.3206,0.2528,0.3493,61.2593,32.0602,37.5427,26.1745,0.0,0.0,5.06,3.88,1.18,None,0.0,36.999,True,None,sfc_cache_p1_23,0,None,68.99,4,495.0,60,58,0,0,0,True,95.34883720930233,12.200862068965519,2.0406896551724136,7.9655172413793105,0.6214,0.5233,0.1344,0.235,2536.1228091626685,364.7999999999999,2900.9228091626683,0.3194705284891233,42,6,10
0,1769379518.0518534,414.2,111,0.4569,0.3206,0.2528,0.3493,61.2593,32.0602,37.5427,26.1745,0.0,0.0,7.36,5.23,2.14,None,0.0,47.012,True,None,sfc_unique_p1_23,0,None,68.99,4,495.0,60,58,0,0,0,True,95.35864978902954,12.200862068965519,2.0406896551724136,7.9655172413793105,0.6214,0.5233,0.1344,0.235,2536.1228091626685,364.7999999999999,2900.9228091626683,0.3194705284891233,42,6,10
0,1769379518.2508574,414.4,112,0.4668,0.3206,0.2553,0.3493,63.6972,32.0602,37.5427,26.0982,0.0,0.0,7.79,5.2,2.6,None,0.1640007495880127,60.998,True,None,sfc_cache_p2_23,0,None,72.99,4,528.0,63,60,0,0,0,True,95.36842105263158,12.244166666666668,1.9726666666666666,7.7,0.6184,0.5233,0.1318,0.2334,2542.21010215137,374.7999999999999,2917.0101021513697,0.32546214051532957,43,6,11
0,1769379518.2558527,414.4,112,0.4668,0.3206,0.2553,0.3493,63.6972,32.0602,37.5427,26.0982,0.0,0.0,7.37,5.23,2.14,None,0.1640007495880127,49.002,True,None,sfc_unique_p2_23,0,None,72.99,4,528.0,63,60,0,0,0,True,95.37815126050421,12.244166666666668,1.9726666666666666,7.7,0.6184,0.5233,0.1318,0.2334,2542.21010215137,374.7999999999999,2917.0101021513697,0.32546214051532957,43,6,11
0,1769379518.4213798,414.6,113,0.4782,0.3206,0.2578,0.3493,66.135,32.0602,37.5427,26.2496,0.0,0.0,8.48,6.08,2.4,None,0.3690004348754883,42.999,True,None,sfc_cache_p3_23,0,None,76.99,4,561.0,66,62,0,0,0,True,95.38784067085953,12.284677419354841,1.909032258064516,7.451612903225806,0.6147,0.5233,0.1292,0.2311,2542.21010215137,389.1999999999999,2931.4101021513698,0.33106389423236215,44,6,12
0,1769379518.4263783,414.6,113,0.4782,0.3206,0.2578,0.3493,66.135,32.0602,37.5427,26.2496,0.0,0.0,7.21,5.23,1.98,None,0.3690004348754883,44.988,True,None,sfc_unique_p3_23,0,None,76.99,4,561.0,66,62,0,0,0,True,95.39748953974896,12.284677419354841,1.909032258064516,7.451612903225806,0.6147,0.5233,0.1292,0.2311,2542.21010215137,389.1999999999999,2931.4101021513698,0.33106389423236215,44,6,12
0,1769379518.6063833,414.8,114,0.4875,0.3206,0.2617,0.3493,68.5728,32.0602,37.5427,26.1752,0.0,0.0,7.79,5.2,2.6,None,0.5395255088806152,56.012,True,None,sfc_cache_p4_23,0,None,80.99,4,594.0,68,64,0,0,0,True,95.4070981210856,12.322656250000001,1.849375,7.21875,0.607,0.5233,0.1267,0.228,2542.21010215137,399.1999999999999,2941.4101021513698,0.3363093684634931,45,6,13
0,1769379518.6103826,414.8,114,0.4875,0.3206,0.2617,0.3493,68.5728,32.0602,37.5427,26.1752,0.0,0.0,7.15,4.66,2.48,None,0.5395255088806152,38.003,True,None,sfc_unique_p4_23,0,None,80.99,4,594.0,68,64,0,0,0,True,95.41666666666667,12.322656250000001,1.849375,7.21875,0.607,0.5233,0.1267,0.228,2542.21010215137,399.1999999999999,2941.4101021513698,0.3363093684634931,45,6,13
0,1769379519.5636437,415.7,115,0.5009,0.3206,0.269,0.3742,71.475,32.0602,40.2243,26.3161,0.0,0.0,10.15,5.65,4.5,None,0.724531888961792,36.086,True,None,sfc_cache_p5_23,0,None,80.99,4,594.0,69,66,0,0,0,True,95.42619542619542,12.418939393939395,1.7933333333333332,7.5,0.6026,0.5233,0.1256,0.2254,2542.21010215137,413.59999999999985,2955.81010215137,0.3412285373942535,46,6,14
0,1769379519.567641,415.8,115,0.5009,0.3206,0.269,0.3742,71.475,32.0602,40.2243,26.3161,0.0,0.0,8.68,4.91,3.77,None,0.724531888961792,827.658,True,None,sfc_unique_p5_23,0,None,80.99,4,594.0,69,66,0,0,0,True,95.4356846473029,12.418939393939395,1.7933333333333332,7.5,0.6026,0.5233,0.1256,0.2254,2542.21010215137,413.59999999999985,2955.81010215137,0.3412285373942535,46,6,14
0,1769379519.720643,415.9,116,0.5096,0.3206,0.2863,0.3742,74.4155,32.0602,40.2243,25.7025,0.0,0.0,7.01,3.87,3.14,None,1.6797876358032227,33.0,True,None,sfc_cache_p6_23,0,None,84.99,4,627.0,72,68,0,0,0,True,95.44513457556936,12.450735294117647,1.7405882352941175,7.279411764705882,0.5933,0.5233,0.1233,0.2247,2551.4993878656555,423.59999999999985,2975.0993878656554,0.3446197843057092,47,7,14
0,1769379519.724644,415.9,116,0.5096,0.3206,0.2863,0.3742,74.4155,32.0602,40.2243,25.7025,0.0,0.0,12.76,7.1,5.66,None,1.6797876358032227,42.004,True,None,sfc_unique_p6_23,0,None,84.99,4,627.0,72,68,0,0,0,True,95.45454545454545,12.450735294117647,1.7405882352941175,7.279411764705882,0.5933,0.5233,0.1233,0.2247,2551.4993878656555,423.59999999999985,2975.0993878656554,0.3446197843057092,47,7,14
0,1769379521.132708,417.3,116,0.4855,0.2971,0.2638,0.3992,71.5899,29.7118,42.9059,23.933,0.0,0.0,13.26,6.56,6.69,None,0.0,46.002,True,None,sfc_cache_p1_20,0,None,72.66,0,528.0,65,64,0,0,0,True,95.4639175257732,12.650781250000001,1.71390625,8.25,0.566,0.4743,0.1248,0.2228,2539.7577843987,414.79999999999984,2954.5577843987,0.3493652363442274,45,6,13
0,1769379521.138704,417.3,116,0.4855,0.2971,0.2638,0.3992,71.5899,29.7118,42.9059,23.933,0.0,0.0,13.8,7.85,5.95,None,0.0,57.0,True,None,sfc_unique_p1_20,0,None,72.66,0,528.0,65,64,0,0,0,True,95.47325102880659,12.650781250000001,1.71390625,8.25,0.566,0.4743,0.1248,0.2228,2539.7577843987,414.79999999999984,2954.5577843987,0.3493652363442274,45,6,13
0,1769379521.306704,417.5,116,0.4998,0.308,0.2708,0.4241,74.0278,30.7953,45.5875,24.4874,0.0,0.0,9.39,3.79,5.6,None,0.21299457550048828,33.992,True,None,sfc_cache_p5_18,0,None,72.66,0,528.0,67,66,0,0,0,True,95.48254620123203,12.676515151515153,1.7225757575757576,8.5,0.5738,0.4695,0.1423,0.2283,2543.609355362947,414.79999999999984,2958.409355362947,0.3538981859397535,46,6,14
0,1769379521.3127017,417.5,116,0.4998,0.308,0.2708,0.4241,74.0278,30.7953,45.5875,24.4874,0.0,0.0,8.83,3.87,4.96,None,0.21299457550048828,37.991,True,None,sfc_unique_p5_18,0,None,72.66,0,528.0,67,66,0,0,0,True,95.49180327868852,12.676515151515153,1.7225757575757576,8.5,0.5738,0.4695,0.1423,0.2283,2543.609355362947,414.79999999999984,2958.409355362947,0.3538981859397535,46,6,14
0,1769379521.4722269,417.7,116,0.5016,0.3667,0.2832,0.449,74.0278,36.665,48.2691,25.2473,0.0,0.0,10.18,3.55,6.64,None,0.39599180221557617,41.007,True,None,sfc_cache_p1_17,0,None,72.66,0,528.0,69,68,0,0,0,True,95.50102249488752,12.440882352941177,1.9905882352941178,8.735294117647058,0.5913,0.4754,0.16,0.2372,2564.2621180931746,419.1999999999999,2983.4621180931745,0.3434721132539033,48,6,14
0,1769379521.477228,417.7,116,0.5016,0.3667,0.2832,0.449,74.0278,36.665,48.2691,25.2473,0.0,0.0,14.98,3.49,11.49,None,0.39599180221557617,46.524,True,None,sfc_unique_p1_17,0,None,72.66,0,528.0,69,68,0,0,0,True,95.51020408163265,12.440882352941177,1.9905882352941178,8.735294117647058,0.5913,0.4754,0.16,0.2372,2564.2621180931746,419.1999999999999,2983.4621180931745,0.3434721132539033,48,6,14
0,1769379538.1943307,434.4,116,0.4852,0.2968,0.257,0.4241,69.2656,29.6833,43.9414,24.5974,0.0,0.0,6.97,3.8,3.17,None,0.0,43.0,True,None,sfc_cache_p1_24,0,None,68.66,0,495.0,64,64,0,0,0,True,95.5193482688391,12.65078125,1.77640625,8.765625,0.5733,0.4269,0.1423,0.2146,2603.609355362947,390.3999999999999,2994.009355362947,0.38057175523137243,43,6,15
0,1769379538.1998343,434.4,116,0.4852,0.2968,0.257,0.4241,69.2656,29.6833,43.9414,24.5974,0.0,0.0,7.4,4.44,2.96,None,0.0,55.0,True,None,sfc_unique_p1_24,0,None,68.66,0,495.0,64,64,0,0,0,True,95.52845528455285,12.65078125,1.77640625,8.765625,0.5733,0.4269,0.1423,0.2146,2603.609355362947,390.3999999999999,2994.009355362947,0.38057175523137243,43,6,15
0,1769379538.3996348,434.6,117,0.494,0.2968,0.2622,0.4241,71.6154,29.6833,43.9414,24.5787,0.0,0.0,8.13,4.76,3.37,None,0.19583606719970703,57.513,True,None,sfc_cache_p2_24,0,None,72.66,0,528.0,66,66,0,0,0,True,95.53752535496957,12.67651515151515,1.7225757575757576,8.5,0.5693,0.4269,0.1397,0.221,2603.609355362947,400.3999999999999,3004.009355362947,0.3841646115338553,44,6,16
0,1769379538.4046361,434.6,117,0.494,0.2968,0.2622,0.4241,71.6154,29.6833,43.9414,24.5787,0.0,0.0,7.82,4.98,2.84,None,0.19583606719970703,42.0,True,None,sfc_unique_p2_24,0,None,72.66,0,528.0,66,66,0,0,0,True,95.54655870445345,12.67651515151515,1.7225757575757576,8.5,0.5693,0.4269,0.1397,0.221,2603.609355362947,400.3999999999999,3004.009355362947,0.3841646115338553,44,6,16
0,1769379538.5841618,434.8,118,0.5025,0.2968,0.2674,0.4241,73.9652,29.6833,43.9414,24.5612,0.0,0.0,9.17,4.83,4.34,None,0.3993353843688965,42.522,True,None,sfc_cache_p3_24,0,None,76.66,0,561.0,69,68,0,0,0,True,95.55555555555556,12.700735294117647,1.6719117647058823,8.25,0.5643,0.4269,0.1372,0.2274,2603.609355362947,410.3999999999999,3014.009355362947,0.38754183437323314,45,6,17
0,1769379538.588163,434.8,118,0.5025,0.2968,0.2674,0.4241,73.9652,29.6833,43.9414,24.5612,0.0,0.0,8.1,4.44,3.65,None,0.3993353843688965,44.005,True,None,sfc_unique_p3_24,0,None,76.66,0,561.0,69,68,0,0,0,True,95.56451612903226,12.700735294117647,1.6719117647058823,8.25,0.5643,0.4269,0.1372,0.2274,2603.609355362947,410.3999999999999,3014.009355362947,0.38754183437323314,45,6,17
0,1769379538.8091605,435.0,119,0.5056,0.3203,0.2808,0.4241,74.3379,32.0331,43.9414,25.5647,0.0,0.0,8.13,4.76,3.37,None,0.5838570594787598,46.996,True,None,sfc_cache_p4_24,0,None,80.66,0,594.0,72,70,0,0,0,True,95.57344064386318,12.595,1.7527142857142857,8.014285714285714,0.5727,0.4715,0.1348,0.2363,2615.7978710725897,428.3999999999999,3044.19787107259,0.3764623474258193,47,6,17
0,1769379538.8141687,435.0,119,0.5056,0.3203,0.2808,0.4241,74.3379,32.0331,43.9414,25.5647,0.0,0.0,19.0,4.94,14.06,None,0.5838570594787598,51.006,True,None,sfc_unique_p4_24,0,None,80.66,0,594.0,72,70,0,0,0,True,95.58232931726907,12.595,1.7527142857142857,8.014285714285714,0.5727,0.4715,0.1348,0.2363,2615.7978710725897,428.3999999999999,3044.19787107259,0.3764623474258193,47,6,17
0,1769379538.9821808,435.2,120,0.5038,0.3665,0.2973,0.4241,74.3379,36.6466,43.9414,25.9006,0.0,0.0,8.24,4.76,3.47,None,0.8078603744506836,36.002,True,None,sfc_cache_p5_24,0,None,84.66,0,627.0,74,72,0,0,0,True,95.59118236472945,12.374722222222223,1.9494444444444445,7.791666666666667,0.579,0.5567,0.1325,0.2397,2650.556292282311,442.7999999999999,3093.3562922823107,0.3659974321504291,49,6,17
0,1769379538.9871786,435.2,120,0.5038,0.3665,0.2973,0.4241,74.3379,36.6466,43.9414,25.9006,0.0,0.0,10.66,3.97,6.69,None,0.8078603744506836,41.003,True,None,sfc_unique_p5_24,0,None,84.66,0,627.0,74,72,0,0,0,True,95.6,12.374722222222223,1.9494444444444445,7.791666666666667,0.579,0.5567,0.1325,0.2397,2650.556292282311,442.7999999999999,3093.3562922823107,0.3659974321504291,49,6,17
0,1769379539.1567,435.3,121,0.5037,0.4126,0.3123,0.4241,74.3379,41.26,43.9414,26.4011,0.0,0.0,10.03,5.65,4.38,None,0.9808778762817383,45.005,True,None,sfc_cache_p6_24,0,None,88.66,0,660.0,77,74,0,0,0,True,95.60878243512974,12.166351351351352,2.1355405405405405,7.581081081081081,0.5873,0.61,0.1302,0.24,2680.9628957492664,457.1999999999999,3138.162895749266,0.3560545806399229,52,5,17
0,1769379539.1617374,435.3,121,0.5037,0.4126,0.3123,0.4241,74.3379,41.26,43.9414,26.4011,0.0,0.0,13.96,5.05,8.91,None,0.9808778762817383,43.002,True,None,sfc_unique_p6_24,0,None,88.66,0,660.0,77,74,0,0,0,True,95.61752988047809,12.166351351351352,2.1355405405405405,7.581081081081081,0.5873,0.61,0.1302,0.24,2680.9628957492664,457.1999999999999,3138.162895749266,0.3560545806399229,52,5,17
0,1769379541.1858017,437.4,121,0.4509,0.4483,0.3045,0.3992,65.8696,44.8291,41.3566,24.3133,0.0,0.0,12.79,6.03,6.76,None,0.0,38.001,True,None,sfc_cache_p2_20,0,None,76.33,0,594.0,68,68,0,0,0,True,95.62624254473161,11.852500000000001,2.525,7.764705882352941,0.5736,0.6887,0.1142,0.2358,2700.5782662166894,448.3999999999999,3148.9782662166895,0.3565383698917467,49,4,15
0,1769379541.1898017,437.4,121,0.4509,0.4483,0.3045,0.3992,65.8696,44.8291,41.3566,24.3133,0.0,0.0,10.9,3.8,7.1,None,0.0,41.506,True,None,sfc_unique_p2_20,0,None,76.33,0,594.0,68,68,0,0,0,True,95.63492063492063,11.852500000000001,2.525,7.764705882352941,0.5736,0.6887,0.1142,0.2358,2700.5782662166894,448.3999999999999,3148.9782662166895,0.3565383698917467,49,4,15
0,1769379541.371804,437.6,121,0.4676,0.4587,0.309,0.4241,68.2194,45.8735,43.9414,25.1606,0.0,0.0,8.8,4.68,4.11,None,0.16450238227844238,44.006,True,None,sfc_cache_p5_18,0,None,76.33,0,594.0,70,70,0,0,0,True,95.64356435643563,11.899571428571429,2.51,8.014285714285714,0.585,0.6885,0.1302,0.2416,2704.4298371809364,452.7999999999999,3157.229837180936,0.3606166408388926,50,4,16
0,1769379541.3748014,437.6,121,0.4676,0.4587,0.309,0.4241,68.2194,45.8735,43.9414,25.1606,0.0,0.0,7.82,4.47,3.36,None,0.16450238227844238,56.002,True,None,sfc_unique_p5_18,0,None,76.33,0,594.0,70,70,0,0,0,True,95.65217391304348,11.899571428571429,2.51,8.014285714285714,0.585,0.6885,0.1302,0.2416,2704.4298371809364,452.7999999999999,3157.229837180936,0.3606166408388926,50,4,16
0,1769379541.5558064,437.7,121,0.4794,0.4927,0.322,0.449,69.1895,49.2676,46.5262,26.3977,0.0,0.0,8.51,4.08,4.43,None,0.3545074462890625,48.001,True,None,sfc_cache_p2_18,0,None,76.33,0,594.0,71,72,0,0,0,True,95.66074950690336,11.819027777777778,2.620833333333333,8.25,0.6003,0.6996,0.1464,0.2507,2709.8469552741108,457.1999999999999,3167.0469552741106,0.35058718303925684,52,4,16
0,1769379541.5598044,437.7,121,0.4794,0.4927,0.322,0.449,69.1895,49.2676,46.5262,26.3977,0.0,0.0,13.21,5.13,8.08,None,0.3545074462890625,51.017,True,None,sfc_unique_p2_18,0,None,76.33,0,594.0,71,72,0,0,0,True,95.66929133858267,11.819027777777778,2.620833333333333,8.25,0.6003,0.6996,0.1464,0.2507,2709.8469552741108,457.1999999999999,3167.0469552741106,0.35058718303925684,52,4,16
0,1769379541.7093186,437.9,121,0.4969,0.4927,0.3334,0.474,72.6583,49.2676,49.111,26.3977,0.0,0.0,8.62,4.16,4.46,None,0.5465104579925537,38.005,True,None,sfc_cache_p1_18,0,None,76.33,0,594.0,73,74,0,0,0,True,95.67779960707269,11.918513513513513,2.55,8.472972972972974,0.5941,0.6996,0.1611,0.2529,2714.132669559825,457.1999999999999,3171.332669559825,0.36788368226844526,52,4,18
0,1769379541.7143145,437.9,121,0.4969,0.4927,0.3334,0.474,72.6583,49.2676,49.111,26.3977,0.0,0.0,8.98,4.98,4.0,None,0.5465104579925537,42.0,True,None,sfc_unique_p1_18,0,None,76.33,0,594.0,73,74,0,0,0,True,95.68627450980392,11.918513513513513,2.55,8.472972972972974,0.5941,0.6996,0.1611,0.2529,2714.132669559825,457.1999999999999,3171.332669559825,0.36788368226844526,52,4,18
0,1769379566.2707596,462.5,121,0.4405,0.3117,0.2604,0.2994,58.9302,31.1687,29.9365,25.2048,0.0,0.0,6.57,4.09,2.48,None,0.0,38.0,True,None,sfc_cache_p1_22,0,None,76.33,0,594.0,63,60,0,0,0,False,95.69471624266144,12.166333333333334,2.0615,6.6,0.5811,0.5633,0.1013,0.2136,2641.5792923736317,360.79999999999995,3002.379292373632,0.4049272048090988,41,4,15
0,1769379566.275758,462.5,121,0.4405,0.3117,0.2604,0.2994,58.9302,31.1687,29.9365,25.2048,0.0,0.0,9.75,5.52,4.24,None,0.0,38.002,True,None,sfc_unique_p1_22,0,None,76.33,0,594.0,63,60,0,0,0,False,95.703125,12.166333333333334,2.0615,6.6,0.5811,0.5633,0.1013,0.2136,2641.5792923736317,360.79999999999995,3002.379292373632,0.4049272048090988,41,4,15
0,1769379572.2819276,468.5,121,0.4524,0.3117,0.263,0.3243,62.2781,31.1687,32.4312,24.3716,0.0,0.0,5.75,3.88,1.87,None,0.001009225845336914,40.006,True,None,sfc_cache_p1_25,0,None,76.33,0,594.0,64,62,0,0,0,False,95.71150097465888,12.273870967741935,1.9949999999999999,6.919354838709677,0.5567,0.5633,0.1011,0.2123,2641.5792923736317,370.79999999999995,3012.379292373632,0.4240717123318547,41,4,17
0,1769379572.2859268,468.5,121,0.4524,0.3117,0.263,0.3243,62.2781,31.1687,32.4312,24.3716,0.0,0.0,8.19,5.23,2.96,None,0.001009225845336914,36.998,True,None,sfc_unique_p1_25,0,None,76.33,0,594.0,64,62,0,0,0,False,95.71984435797665,12.273870967741935,1.9949999999999999,6.919354838709677,0.5567,0.5633,0.1011,0.2123,2641.5792923736317,370.79999999999995,3012.379292373632,0.4240717123318547,41,4,17
0,1769379572.46093,468.6,122,0.4616,0.3117,0.2681,0.3243,64.546,31.1687,32.4312,24.3597,0.0,0.0,8.56,5.2,3.37,None,0.17551255226135254,46.0,True,None,sfc_cache_p2_25,0,None,80.33,0,627.0,66,64,0,0,0,False,95.72815533980582,12.3121875,1.93265625,6.703125,0.5566,0.5633,0.0993,0.2102,2656.703499152768,380.79999999999995,3037.503499152768,0.4264117979339972,42,4,18
0,1769379572.4659274,468.7,122,0.4616,0.3117,0.2681,0.3243,64.546,31.1687,32.4312,24.3597,0.0,0.0,7.87,4.66,3.21,None,0.17551255226135254,44.993,True,None,sfc_unique_p2_25,0,None,80.33,0,627.0,66,64,0,0,0,False,95.73643410852713,12.3121875,1.93265625,6.703125,0.5566,0.5633,0.0993,0.2102,2656.703499152768,380.79999999999995,3037.503499152768,0.4264117979339972,42,4,18
0,1769379572.6792994,468.9,123,0.4711,0.3117,0.2733,0.3493,67.2459,31.1687,34.9259,24.1612,0.0,0.0,7.74,4.23,3.51,None,0.35651111602783203,59.0,True,None,sfc_cache_p3_25,0,None,80.33,0,627.0,68,66,0,0,0,False,95.74468085106383,12.408787878787878,1.874090909090909,7.0,0.5495,0.5633,0.0995,0.2071,2656.703499152768,390.79999999999995,3047.503499152768,0.4286041411598843,43,4,19
0,1769379572.684303,468.9,123,0.4711,0.3117,0.2733,0.3493,67.2459,31.1687,34.9259,24.1612,0.0,0.0,6.86,3.87,2.99,None,0.35651111602783203,50.008,True,None,sfc_unique_p3_25,0,None,80.33,0,627.0,68,66,0,0,0,False,95.75289575289575,12.408787878787878,1.874090909090909,7.0,0.5495,0.5633,0.0995,0.2071,2656.703499152768,390.79999999999995,3047.503499152768,0.4286041411598843,43,4,19
0,1769379573.7816484,470.0,124,0.4714,0.3562,0.2881,0.3493,68.0731,35.6214,34.9259,23.8171,0.0,0.0,9.57,4.59,4.98,None,0.5738890171051025,43.0,True,None,sfc_cache_p4_25,0,None,84.33,0,660.0,70,68,0,0,0,False,95.76107899807322,12.181029411764706,2.078823529411765,6.794117647058823,0.5407,0.6049,0.0978,0.2046,2690.0269011029304,400.79999999999995,3090.8269011029306,0.43063851249587626,44,4,20
0,1769379573.785651,470.0,124,0.4714,0.3562,0.2881,0.3493,68.0731,35.6214,34.9259,23.8171,0.0,0.0,6.68,2.35,4.33,None,0.5738890171051025,968.065,True,None,sfc_unique_p4_25,0,None,84.33,0,660.0,70,68,0,0,0,False,95.76923076923077,12.181029411764706,2.078823529411765,6.794117647058823,0.5407,0.6049,0.0978,0.2046,2690.0269011029304,400.79999999999995,3090.8269011029306,0.43063851249587626,44,4,20
0,1769379573.9786541,470.2,124,0.4536,0.3372,0.255,0.3243,67.37,33.7177,35.0834,22.6947,0.0,0.0,10.98,4.83,6.15,None,0.0010013580322265625,42.001,True,None,sfc_cache_p2_22,0,None,72.0,0,594.0,62,62,0,0,0,True,95.77735124760078,12.343709677419353,1.9949999999999999,6.919354838709677,0.5233,0.5898,0.1002,0.1805,2445.939348866434,396.4,2842.339348866434,0.38214025403902085,39,3,20
0,1769379573.9836574,470.2,124,0.4536,0.3372,0.255,0.3243,67.37,33.7177,35.0834,22.6947,0.0,0.0,12.53,8.05,4.48,None,0.0010013580322265625,58.007,True,None,sfc_unique_p2_22,0,None,72.0,0,594.0,62,62,0,0,0,True,95.78544061302682,12.343709677419353,1.9949999999999999,6.919354838709677,0.5233,0.5898,0.1002,0.1805,2445.939348866434,396.4,2842.339348866434,0.38214025403902085,39,3,20
0,1769379574.165181,470.4,124,0.4608,0.3617,0.2697,0.3243,68.7719,36.1711,35.0834,23.0696,0.0,0.0,10.07,4.29,5.78,None,0.19301271438598633,52.004,True,None,sfc_cache_p6_22,0,None,76.0,0,627.0,65,64,0,0,0,True,95.79349904397706,12.23921875,2.07328125,6.703125,0.5391,0.6608,0.1002,0.1889,2477.7286345807197,396.4,2874.12863458072,0.38433336765942305,42,2,20
0,1769379574.168198,470.4,124,0.4608,0.3617,0.2697,0.3243,68.7719,36.1711,35.0834,23.0696,0.0,0.0,12.3,6.8,5.5,None,0.19301271438598633,50.53,True,None,sfc_unique_p6_22,0,None,76.0,0,627.0,65,64,0,0,0,True,95.80152671755725,12.23921875,2.07328125,6.703125,0.5391,0.6608,0.1002,0.1889,2477.7286345807197,396.4,2874.12863458072,0.38433336765942305,42,2,20
0,1769379574.3611774,470.5,124,0.4646,0.4099,0.2899,0.3243,69.1609,40.9879,35.0834,23.6059,0.0,0.0,14.24,6.03,8.21,None,0.38152551651000977,48.004,True,None,sfc_cache_p6_20,0,None,80.0,0,660.0,67,66,0,0,0,True,95.80952380952381,12.00969696969697,2.2781818181818183,6.5,0.549,0.7703,0.1002,0.2029,2515.091411153388,396.4,2911.491411153388,0.38563375627627583,44,2,20
0,1769379574.3681798,470.6,124,0.4646,0.4099,0.2899,0.3243,69.1609,40.9879,35.0834,23.6059,0.0,0.0,12.06,3.48,8.57,None,0.38152551651000977,44.998,True,None,sfc_unique_p6_20,0,None,80.0,0,660.0,67,66,0,0,0,True,95.81749049429658,12.00969696969697,2.2781818181818183,6.5,0.549,0.7703,0.1002,0.2029,2515.091411153388,396.4,2911.491411153388,0.38563375627627583,44,2,20
0,1769379574.5401797,470.7,124,0.4688,0.4671,0.2974,0.3493,69.6283,46.7125,37.7821,24.1343,0.0,0.0,15.81,5.96,9.85,None,0.5795278549194336,46.008,True,None,sfc_cache_p4_20,0,None,80.0,0,660.0,69,68,0,0,0,True,95.82542694497154,11.803529411764705,2.52,6.794117647058823,0.5638,0.8175,0.1013,0.2081,2559.889703987315,396.4,2956.289703987315,0.3888916617544875,45,2,21
0,1769379574.5451796,470.7,124,0.4688,0.4671,0.2974,0.3493,69.6283,46.7125,37.7821,24.1343,0.0,0.0,9.75,1.58,8.17,None,0.5795278549194336,42.001,True,None,sfc_unique_p4_20,0,None,80.0,0,660.0,69,68,0,0,0,True,95.83333333333334,11.803529411764705,2.52,6.794117647058823,0.5638,0.8175,0.1013,0.2081,2559.889703987315,396.4,2956.289703987315,0.3888916617544875,45,2,21
0,1769379574.7987578,471.0,125,0.4688,0.4671,0.2974,0.3493,69.6283,46.7125,37.7821,24.1343,0.0,0.0,6.25,1.97,4.28,None,2.437762975692749,65.044,False,None,sfc_cache_p5_25,0,None,80.0,0,660.0,69,68,0,0,0,True,95.65217391304348,11.803529411764705,2.52,6.794117647058823,0.5638,0.8175,0.1013,0.2081,2559.889703987315,396.4,2956.289703987315,0.3888916617544875,45,2,21
0,1769379574.8057518,471.0,125,0.4688,0.4671,0.2974,0.3493,69.6283,46.7125,37.7821,24.1343,0.0,0.0,None,None,None,None,2.437762975692749,44.998,False,None,sfc_unique_p5_25,0,None,80.0,0,660.0,69,68,0,0,0,True,95.47169811320755,11.803529411764705,2.52,6.794117647058823,0.5638,0.8175,0.1013,0.2081,2559.889703987315,396.4,2956.289703987315,0.3888916617544875,45,2,21
0,1769379575.0577545,471.2,126,0.4688,0.4671,0.2974,0.3493,69.6283,46.7125,37.7821,24.1343,0.0,0.0,6.41,1.95,4.46,None,2.696340799331665,61.003,False,None,sfc_cache_p6_25,0,None,80.0,0,660.0,69,68,0,0,0,True,95.29190207156309,11.803529411764705,2.52,6.794117647058823,0.5638,0.8175,0.1013,0.2081,2559.889703987315,396.4,2956.289703987315,0.3888916617544875,45,2,21
0,1769379575.06476,471.3,126,0.4688,0.4671,0.2974,0.3493,69.6283,46.7125,37.7821,24.1343,0.0,0.0,None,None,None,None,2.696340799331665,45.011,False,None,sfc_unique_p6_25,0,None,80.0,0,660.0,69,68,0,0,0,True,95.11278195488721,11.803529411764705,2.52,6.794117647058823,0.5638,0.8175,0.1013,0.2081,2559.889703987315,396.4,2956.289703987315,0.3888916617544875,45,2,21
0,1769379576.3479774,472.5,126,0.4356,0.3862,0.2621,0.3493,66.5125,38.6245,37.7821,20.9485,0.0,0.0,8.49,4.29,4.2,None,0.0,40.004,True,None,sfc_cache_p3_23,0,None,68.0,0,561.0,60,62,0,0,0,True,95.1219512195122,12.117903225806453,2.285322580645161,7.451612903225806,0.5013,0.7035,0.1017,0.1963,2485.3146351125274,383.2,2868.5146351125272,0.41096249559888887,40,2,20
0,1769379576.3519742,472.5,126,0.4356,0.3862,0.2621,0.3493,66.5125,38.6245,37.7821,20.9485,0.0,0.0,7.96,4.47,3.49,None,0.0,40.997,True,None,sfc_unique_p3_23,0,None,68.0,0,561.0,60,62,0,0,0,True,95.13108614232209,12.117903225806453,2.285322580645161,7.451612903225806,0.5013,0.7035,0.1017,0.1963,2485.3146351125274,383.2,2868.5146351125272,0.41096249559888887,40,2,20
0,1769379576.5259752,472.7,126,0.4428,0.4108,0.2728,0.3493,67.9144,41.0779,37.7821,21.3322,0.0,0.0,9.82,4.8,5.01,None,0.1849994659423828,49.012,True,None,sfc_cache_p5_22,0,None,72.0,0,594.0,63,64,0,0,0,True,95.14018691588785,12.020468750000001,2.35453125,7.21875,0.5091,0.772,0.1017,0.204,2507.8146351125274,383.2,2891.0146351125272,0.4121386336040487,42,2,20
0,1769379576.5309732,472.7,126,0.4428,0.4108,0.2728,0.3493,67.9144,41.0779,37.7821,21.3322,0.0,0.0,10.22,4.87,5.34,None,0.1849994659423828,40.977,True,None,sfc_unique_p5_22,0,None,72.0,0,594.0,63,64,0,0,0,True,95.1492537313433,12.020468750000001,2.35453125,7.21875,0.5091,0.772,0.1017,0.204,2507.8146351125274,383.2,2891.0146351125272,0.4121386336040487,42,2,20
0,1769379576.720539,472.9,126,0.4584,0.4108,0.2807,0.3493,70.3678,41.0779,37.7821,22.013,0.0,0.0,11.28,6.22,5.05,None,0.3730030059814453,40.517,True,None,sfc_cache_p3_22,0,None,76.0,0,627.0,66,66,0,0,0,True,95.15828677839852,12.065303030303031,2.283181818181818,7.0,0.5192,0.772,0.1017,0.2088,2507.8146351125274,387.59999999999997,2895.4146351125273,0.4147499149605708,43,2,21
0,1769379576.7247508,472.9,126,0.4584,0.4108,0.2807,0.3493,70.3678,41.0779,37.7821,22.013,0.0,0.0,10.14,4.93,5.21,None,0.3730030059814453,57.049,True,None,sfc_unique_p3_22,0,None,76.0,0,627.0,66,66,0,0,0,True,95.16728624535315,12.065303030303031,2.283181818181818,7.0,0.5192,0.772,0.1017,0.2088,2507.8146351125274,387.59999999999997,2895.4146351125273,0.4147499149605708,43,2,21
0,1769379576.901546,473.1,126,0.4797,0.4108,0.2959,0.3742,72.8994,41.0779,40.4809,23.4037,0.0,0.0,15.33,7.39,7.94,None,0.571563720703125,48.999,True,None,sfc_cache_p4_20,0,None,76.0,0,627.0,68,68,0,0,0,True,95.17625231910947,12.166323529411764,2.2160294117647057,7.279411764705882,0.5553,0.772,0.1036,0.2226,2519.7304671546717,391.99999999999994,2911.7304671546717,0.4020957191076302,45,2,21
0,1769379576.9065413,473.1,126,0.4797,0.4108,0.2959,0.3742,72.8994,41.0779,40.4809,23.4037,0.0,0.0,24.36,9.66,14.7,None,0.571563720703125,40.005,True,None,sfc_unique_p4_20,0,None,76.0,0,627.0,68,68,0,0,0,True,95.18518518518519,12.166323529411764,2.2160294117647057,7.279411764705882,0.5553,0.772,0.1036,0.2226,2519.7304671546717,391.99999999999994,2911.7304671546717,0.4020957191076302,45,2,21
0,1769379586.4126651,482.6,126,0.4833,0.4453,0.3118,0.3992,73.9509,44.5317,43.1796,23.793,0.0,0.0,9.17,3.79,5.38,None,0.0160067081451416,48.007,True,None,sfc_cache_p1_26,0,None,76.0,0,627.0,69,70,0,0,0,True,95.19408502772643,12.080571428571428,2.333714285714286,7.542857142857143,0.5589,0.7909,0.1182,0.2356,2549.760261304184,406.3999999999999,2956.160261304184,0.3905910002950673,47,2,21
0,1769379586.4166644,482.6,126,0.4833,0.4453,0.3118,0.3992,73.9509,44.5317,43.1796,23.793,0.0,0.0,16.01,5.06,10.95,None,0.0160067081451416,49.0,True,None,sfc_unique_p1_26,0,None,76.0,0,627.0,69,70,0,0,0,True,95.20295202952029,12.080571428571428,2.333714285714286,7.542857142857143,0.5589,0.7909,0.1182,0.2356,2549.760261304184,406.3999999999999,2956.160261304184,0.3905910002950673,47,2,21
0,1769379586.6207447,482.8,127,0.4801,0.5044,0.3311,0.4241,73.9509,50.4389,45.8783,23.9978,0.0,0.0,7.86,3.44,4.42,None,0.22651982307434082,43.994,True,None,sfc_cache_p2_26,0,None,76.0,0,627.0,70,72,0,0,0,True,95.21178637200737,11.874583333333334,2.569861111111111,7.791666666666667,0.5639,0.7935,0.1325,0.2452,2591.5912472196774,420.7999999999999,3012.391247219677,0.3797236442384381,49,2,21
0,1769379586.6267438,482.8,127,0.4801,0.5044,0.3311,0.4241,73.9509,50.4389,45.8783,23.9978,0.0,0.0,11.66,3.31,8.35,None,0.22651982307434082,62.075,True,None,sfc_unique_p2_26,0,None,76.0,0,627.0,70,72,0,0,0,True,95.22058823529412,11.874583333333334,2.569861111111111,7.791666666666667,0.5639,0.7935,0.1325,0.2452,2591.5912472196774,420.7999999999999,3012.391247219677,0.3797236442384381,49,2,21
0,1769379586.8267422,483.0,128,0.4851,0.5289,0.3473,0.4241,73.9509,52.8923,45.8783,25.4283,0.0,0.0,9.14,4.87,4.28,None,0.4365971088409424,45.998,True,None,sfc_cache_p3_26,0,None,76.0,4,660.0,73,74,0,0,0,True,95.22935779816514,11.796891891891892,2.622027027027027,7.581081081081081,0.5623,0.8844,0.1302,0.2553,2611.1140237923455,450.7999999999999,3061.9140237923452,0.3694608430428046,51,2,21
0,1769379586.8327422,483.0,128,0.4851,0.5289,0.3473,0.4241,73.9509,52.8923,45.8783,25.4283,0.0,0.0,15.99,8.43,7.57,None,0.4365971088409424,46.0,True,None,sfc_unique_p3_26,0,None,76.0,4,660.0,73,74,0,0,0,True,95.23809523809523,11.796891891891892,2.622027027027027,7.581081081081081,0.5623,0.8844,0.1302,0.2553,2611.1140237923455,450.7999999999999,3061.9140237923452,0.3694608430428046,51,2,21
0,1769379587.0672734,483.3,129,0.4819,0.5771,0.3646,0.4241,73.9509,57.7091,45.8783,25.5703,0.0,0.0,7.18,3.26,3.92,None,0.6446211338043213,41.999,True,None,sfc_cache_p4_26,0,None,76.0,8,693.0,76,76,0,0,0,True,95.24680073126143,11.609210526315788,2.7855263157894736,7.381578947368421,0.5666,0.8685,0.1281,0.26,2611.1140237923455,465.1999999999999,3076.3140237923453,0.3597252036266145,53,2,21
0,1769379587.0722716,483.3,129,0.4819,0.5771,0.3646,0.4241,73.9509,57.7091,45.8783,25.5703,0.0,0.0,11.19,3.49,7.7,None,0.6446211338043213,57.001,True,None,sfc_unique_p4_26,0,None,76.0,8,693.0,76,76,0,0,0,True,95.25547445255475,11.609210526315788,2.7855263157894736,7.381578947368421,0.5666,0.8685,0.1281,0.26,2611.1140237923455,465.1999999999999,3076.3140237923453,0.3597252036266145,53,2,21
0,1769379587.2707908,483.5,130,0.4867,0.6016,0.3811,0.4241,74.9638,60.1625,45.8783,26.0267,0.0,0.0,9.14,4.87,4.28,None,0.8821249008178711,47.005,True,None,sfc_cache_p5_26,0,None,76.0,12,726.0,78,78,0,0,0,True,95.26411657559198,11.542307692307691,2.829487179487179,7.1923076923076925,0.5805,0.896,0.126,0.2659,2637.6741415487754,479.59999999999985,3117.2741415487753,0.349816089899917,55,2,21
0,1769379587.2757895,483.5,130,0.4867,0.6016,0.3811,0.4241,74.9638,60.1625,45.8783,26.0267,0.0,0.0,17.37,9.52,7.84,None,0.8821249008178711,42.998,True,None,sfc_unique_p5_26,0,None,76.0,12,726.0,78,78,0,0,0,True,95.27272727272728,11.542307692307691,2.829487179487179,7.1923076923076925,0.5805,0.896,0.126,0.2659,2637.6741415487754,479.59999999999985,3117.2741415487753,0.349816089899917,55,2,21
0,1769379587.4867918,483.7,131,0.493,0.6016,0.3969,0.4241,77.0281,60.1625,45.8783,26.1434,0.0,0.0,7.2,3.26,3.94,None,1.0866599082946777,47.0,True,None,sfc_cache_p6_26,0,None,76.0,16,759.0,81,80,0,0,0,True,95.28130671506352,11.59125,2.75875,7.0125,0.5888,0.896,0.1239,0.2704,2651.196763178772,493.99999999999983,3145.196763178772,0.3406633351710994,57,2,21
0,1769379587.4927914,483.7,131,0.493,0.6016,0.3969,0.4241,77.0281,60.1625,45.8783,26.1434,0.0,0.0,18.18,9.69,8.49,None,1.0866599082946777,52.006,True,None,sfc_unique_p6_26,0,None,76.0,16,759.0,81,80,0,0,0,True,95.28985507246377,11.59125,2.75875,7.0125,0.5888,0.896,0.1239,0.2704,2651.196763178772,493.99999999999983,3145.196763178772,0.3406633351710994,57,2,21
0,1769379591.392891,487.6,131,0.4843,0.578,0.3783,0.3992,74.0303,57.799,43.1796,26.7951,0.0,0.0,14.25,7.45,6.8,None,0.0,35.001,True,None,sfc_cache_p6_20,0,None,76.0,16,759.0,79,78,0,0,0,True,95.29837251356238,11.602179487179487,2.7183333333333333,6.769230769230769,0.6021,0.7742,0.1231,0.2559,2617.8339866061037,498.39999999999986,3116.233986606104,0.32613559509340195,56,1,21
0,1769379591.396893,487.6,131,0.4843,0.578,0.3783,0.3992,74.0303,57.799,43.1796,26.7951,0.0,0.0,21.2,7.66,13.54,None,0.0,49.0,True,None,sfc_unique_p6_20,0,None,76.0,16,759.0,79,78,0,0,0,True,95.30685920577618,11.602179487179487,2.7183333333333333,6.769230769230769,0.6021,0.7742,0.1231,0.2559,2617.8339866061037,498.39999999999986,3116.233986606104,0.32613559509340195,56,1,21
0,1769379591.6128936,487.8,131,0.491,0.6262,0.392,0.3992,74.0303,62.6159,43.1796,27.8887,0.0,0.0,13.34,6.56,6.78,None,0.17099452018737793,39.005,True,None,sfc_cache_p5_20,0,None,80.0,16,792.0,82,80,0,0,0,True,95.31531531531532,11.428749999999999,2.87125,6.6,0.6195,0.8018,0.1231,0.2595,2660.0522964652587,502.79999999999984,3162.8522964652584,0.31797252552942756,58,1,21
0,1769379591.6168923,487.8,131,0.491,0.6262,0.392,0.3992,74.0303,62.6159,43.1796,27.8887,0.0,0.0,19.37,4.1,15.27,None,0.17099452018737793,80.0,True,None,sfc_unique_p5_20,0,None,80.0,16,792.0,82,80,0,0,0,True,95.32374100719424,11.428749999999999,2.87125,6.6,0.6195,0.8018,0.1231,0.2595,2660.0522964652587,502.79999999999984,3162.8522964652584,0.31797252552942756,58,1,21
0,1769379607.1161816,503.3,131,0.4027,0.3908,0.2695,0.2994,53.1493,39.0825,31.0175,24.5224,0.0,0.0,5.19,3.31,1.88,None,0.0,44.994,True,None,sfc_cache_p5_26,0,None,52.0,12,528.0,56,56,0,0,0,True,95.33213644524237,11.684107142857142,2.673035714285714,7.071428571428571,0.5655,0.7058,0.129,0.2165,2604.10776178177,347.5999999999999,2951.70776178177,0.40669419033888693,34,2,20
0,1769379607.1211789,503.3,131,0.4027,0.3908,0.2695,0.2994,53.1493,39.0825,31.0175,24.5224,0.0,0.0,7.74,4.47,3.27,None,0.0,42.0,True,None,sfc_unique_p5_26,0,None,52.0,12,528.0,56,56,0,0,0,True,95.3405017921147,11.684107142857142,2.673035714285714,7.071428571428571,0.5655,0.7058,0.129,0.2165,2604.10776178177,347.5999999999999,2951.70776178177,0.40669419033888693,34,2,20
0,1769379610.4877584,506.7,131,0.3647,0.3212,0.2156,0.2495,43.862,32.1193,25.8479,25.1166,0.0,0.0,4.94,3.88,1.06,None,0.0,47.0,True,None,sfc_cache_p1_27,0,None,40.0,12,429.0,44,46,0,0,0,True,95.34883720930233,11.695217391304348,2.6743478260869566,7.173913043478261,0.5162,0.5433,0.1084,0.1569,2471.3908673381857,288.8,2760.190867338186,0.41189584544146596,27,0,19
0,1769379610.4907563,506.7,131,0.3647,0.3212,0.2156,0.2495,43.862,32.1193,25.8479,25.1166,0.0,0.0,7.4,4.86,2.53,None,0.0,65.001,True,None,sfc_unique_p1_27,0,None,40.0,12,429.0,44,46,0,0,0,True,95.35714285714286,11.695217391304348,2.6743478260869566,7.173913043478261,0.5162,0.5433,0.1084,0.1569,2471.3908673381857,288.8,2760.190867338186,0.41189584544146596,27,0,19
0,1769379610.6907556,506.9,132,0.3778,0.3212,0.2194,0.2744,47.3307,32.1193,28.4327,23.8351,0.0,0.0,4.86,3.41,1.45,None,0.21899914741516113,49.989,True,None,sfc_cache_p2_27,0,None,40.0,12,429.0,45,48,0,0,0,True,95.36541889483065,11.85375,2.5629166666666667,7.5625,0.4858,0.5433,0.1072,0.1587,2471.3908673381857,298.8,2770.190867338186,0.4363052292376164,27,0,21
0,1769379610.6957543,506.9,132,0.3778,0.3212,0.2194,0.2744,47.3307,32.1193,28.4327,23.8351,0.0,0.0,6.99,4.66,2.32,None,0.21899914741516113,57.997,True,None,sfc_unique_p2_27,0,None,40.0,12,429.0,45,48,0,0,0,True,95.37366548042705,11.85375,2.5629166666666667,7.5625,0.4858,0.5433,0.1072,0.1587,2471.3908673381857,298.8,2770.190867338186,0.4363052292376164,27,0,21
0,1769379610.9022708,507.1,133,0.3749,0.3673,0.2288,0.2744,47.8902,36.7327,28.4327,22.9004,0.0,0.0,4.78,3.31,1.47,None,0.42600107192993164,45.998,True,None,sfc_cache_p3_27,0,None,48.33,12,462.0,49,50,0,0,0,True,95.38188277087033,11.4796,2.8138,7.26,0.4695,0.5249,0.1049,0.1599,2487.430954012075,308.8,2796.230954012075,0.45873753675579915,27,0,23
0,1769379610.9072733,507.1,133,0.3749,0.3673,0.2288,0.2744,47.8902,36.7327,28.4327,22.9004,0.0,0.0,5.23,2.51,2.71,None,0.42600107192993164,39.992,True,None,sfc_unique_p3_27,0,None,48.33,12,462.0,49,50,0,0,0,True,95.39007092198581,11.4796,2.8138,7.26,0.4695,0.5249,0.1049,0.1599,2487.430954012075,308.8,2796.230954012075,0.45873753675579915,27,0,23
0,1769379611.0987868,507.3,134,0.3903,0.3673,0.2348,0.2994,51.359,36.7327,31.0175,22.2461,0.0,0.0,6.42,3.69,2.73,None,0.6365160942077637,42.004,True,None,sfc_cache_p4_27,0,None,48.33,12,462.0,51,52,0,0,0,True,95.39823008849557,11.63423076923077,2.705576923076923,7.615384615384615,0.457,0.5249,0.1152,0.161,2510.070251334471,318.8,2828.870251334471,0.4794708581593128,27,0,25
0,1769379611.101789,507.3,134,0.3903,0.3673,0.2348,0.2994,51.359,36.7327,31.0175,22.2461,0.0,0.0,8.22,4.98,3.24,None,0.6365160942077637,49.003,True,None,sfc_unique_p4_27,0,None,48.33,12,462.0,51,52,0,0,0,True,95.40636042402826,11.63423076923077,2.705576923076923,7.615384615384615,0.457,0.5249,0.1152,0.161,2510.070251334471,318.8,2828.870251334471,0.4794708581593128,27,0,25
0,1769379611.3614244,507.5,135,0.3995,0.3786,0.2429,0.3243,54.3432,37.8632,33.6023,21.2349,0.0,0.0,6.97,4.3,2.67,None,0.8300323486328125,61.638,True,None,sfc_cache_p5_27,0,None,48.33,12,462.0,52,54,0,0,0,True,95.41446208112875,11.697222222222225,2.6855555555555557,7.944444444444445,0.4474,0.5214,0.1316,0.164,2530.524902317291,328.8,2859.324902317291,0.49845232309077503,27,0,27
0,1769379611.3654246,507.6,135,0.3995,0.3786,0.2429,0.3243,54.3432,37.8632,33.6023,21.2349,0.0,0.0,8.75,4.98,3.77,None,0.8300323486328125,59.995,True,None,sfc_unique_p5_27,0,None,48.33,12,462.0,52,54,0,0,0,True,95.4225352112676,11.697222222222225,2.6855555555555557,7.944444444444445,0.4474,0.5214,0.1316,0.164,2530.524902317291,328.8,2859.324902317291,0.49845232309077503,27,0,27
0,1769379611.57594,507.8,136,0.4101,0.3786,0.2474,0.3243,57.3644,37.8632,33.6023,20.4898,0.0,0.0,5.53,3.82,1.7,None,1.0936684608459473,57.013,True,None,sfc_cache_p6_27,0,None,52.33,12,495.0,55,56,0,0,0,True,95.43057996485061,11.761607142857143,2.589642857142857,7.660714285714286,0.4284,0.5214,0.1289,0.1643,2530.524902317291,338.8,2869.324902317291,0.516291632662923,27,0,29
0,1769379611.5809364,507.8,136,0.4101,0.3786,0.2474,0.3243,57.3644,37.8632,33.6023,20.4898,0.0,0.0,6.48,3.94,2.53,None,1.0936684608459473,38.997,True,None,sfc_unique_p6_27,0,None,52.33,12,495.0,55,56,0,0,0,True,95.43859649122807,11.761607142857143,2.589642857142857,7.660714285714286,0.4284,0.5214,0.1289,0.1643,2530.524902317291,338.8,2869.324902317291,0.516291632662923,27,0,29
0,1769379625.5516431,521.7,136,0.4228,0.3786,0.2512,0.3493,60.1618,37.8632,36.187,20.6088,0.0,0.0,9.08,6.36,2.72,None,0.0,44.008,True,None,sfc_cache_p1_28,0,None,52.33,12,495.0,56,58,0,0,0,True,95.44658493870402,11.89051724137931,2.5003448275862072,7.9655172413793105,0.4519,0.5214,0.1258,0.1711,2556.0963308887194,348.8,2904.8963308887196,0.5151853487208268,28,0,30
0,1769379625.557647,521.7,136,0.4228,0.3786,0.2512,0.3493,60.1618,37.8632,36.187,20.6088,0.0,0.0,9.93,7.63,2.29,None,0.0,50.005,True,None,sfc_unique_p1_28,0,None,52.33,12,495.0,56,58,0,0,0,True,95.45454545454545,11.89051724137931,2.5003448275862072,7.9655172413793105,0.4519,0.5214,0.1258,0.1711,2556.0963308887194,348.8,2904.8963308887196,0.5151853487208268,28,0,30
0,1769379625.769156,522.0,137,0.4335,0.3786,0.2549,0.3742,62.9592,37.8632,38.7718,20.5515,0.0,0.0,10.05,6.03,4.02,None,0.19658255577087402,60.51,True,None,sfc_cache_p2_28,0,None,52.33,12,495.0,57,60,0,0,0,True,95.46247818499127,12.010833333333332,2.4170000000000003,8.25,0.4587,0.5214,0.1404,0.1774,2575.524902317291,358.8,2934.324902317291,0.5138732623088467,29,0,31
0,1769379625.774155,522.0,137,0.4335,0.3786,0.2549,0.3742,62.9592,37.8632,38.7718,20.5515,0.0,0.0,11.02,7.63,3.38,None,0.19658255577087402,52.0,True,None,sfc_unique_p2_28,0,None,52.33,12,495.0,57,60,0,0,0,True,95.47038327526133,12.010833333333332,2.4170000000000003,8.25,0.4587,0.5214,0.1404,0.1774,2575.524902317291,358.8,2934.324902317291,0.5138732623088467,29,0,31
0,1769379626.005606,522.2,138,0.4431,0.3786,0.2615,0.3742,65.309,37.8632,38.7718,20.6602,0.0,0.0,9.08,6.56,2.51,None,0.4120359420776367,52.449,True,None,sfc_cache_p3_28,0,None,56.33,12,528.0,60,62,0,0,0,True,95.47826086956522,12.058870967741935,2.3390322580645164,7.983870967741935,0.4644,0.5214,0.1377,0.186,2585.167759460148,368.8,2953.967759460148,0.5122826754650385,30,5,27
0,1769379626.0106013,522.2,138,0.4431,0.3786,0.2615,0.3742,65.309,37.8632,38.7718,20.6602,0.0,0.0,10.53,7.84,2.69,None,0.4120359420776367,46.996,True,None,sfc_unique_p3_28,0,None,56.33,12,528.0,60,62,0,0,0,True,95.48611111111111,12.058870967741935,2.3390322580645164,7.983870967741935,0.4644,0.5214,0.1377,0.186,2585.167759460148,368.8,2953.967759460148,0.5122826754650385,30,5,27
0,1769379626.2059116,522.4,139,0.4507,0.3786,0.2653,0.3742,67.6588,37.8632,38.7718,20.6048,0.0,0.0,8.39,5.83,2.57,None,0.6504852771759033,47.0,True,None,sfc_cache_p4_28,0,None,60.33,12,561.0,63,64,0,0,0,True,95.49393414211438,12.10390625,2.2659375,7.734375,0.4714,0.5214,0.1352,0.1908,2603.4534737458625,378.8,2982.2534737458627,0.5112183476132767,31,5,28
0,1769379626.2109287,522.4,139,0.4507,0.3786,0.2653,0.3742,67.6588,37.8632,38.7718,20.6048,0.0,0.0,10.17,8.05,2.11,None,0.6504852771759033,39.995,True,None,sfc_unique_p4_28,0,None,60.33,12,561.0,63,64,0,0,0,True,95.50173010380622,12.10390625,2.2659375,7.734375,0.4714,0.5214,0.1352,0.1908,2603.4534737458625,378.8,2982.2534737458627,0.5112183476132767,31,5,28
0,1769379626.413913,522.6,140,0.4597,0.3786,0.2691,0.3742,70.0086,37.8632,38.7718,20.7047,0.0,0.0,10.17,6.36,3.81,None,0.8507940769195557,47.006,True,None,sfc_cache_p5_28,0,None,64.33,12,594.0,66,66,0,0,0,True,95.50949913644214,12.146212121212121,2.1972727272727273,7.5,0.4694,0.5214,0.1327,0.1947,2606.5963308887194,388.8,2995.3963308887196,0.5099639790252579,33,6,27
0,1769379626.4189103,522.6,140,0.4597,0.3786,0.2691,0.3742,70.0086,37.8632,38.7718,20.7047,0.0,0.0,11.17,8.05,3.12,None,0.8507940769195557,46.993,True,None,sfc_unique_p5_28,0,None,64.33,12,594.0,66,66,0,0,0,True,95.51724137931035,12.146212121212121,2.1972727272727273,7.5,0.4694,0.5214,0.1327,0.1947,2606.5963308887194,388.8,2995.3963308887196,0.5099639790252579,33,6,27
0,1769379626.6064315,522.8,141,0.4487,0.41,0.2811,0.3742,67.9284,40.9964,37.4206,20.6513,0.0,0.0,8.55,5.83,2.72,None,1.0577905178070068,47.001,True,None,sfc_cache_p6_28,0,None,68.33,12,627.0,69,68,0,0,0,False,95.5249569707401,11.926176470588235,2.3925,7.279411764705882,0.4736,0.6213,0.1258,0.2004,2715.96339007682,398.8,3114.76339007682,0.5063802877370276,35,6,27
0,1769379626.6104295,522.8,141,0.4487,0.41,0.2811,0.3742,67.9284,40.9964,37.4206,20.6513,0.0,0.0,7.06,4.3,2.76,None,1.0577905178070068,52.514,True,None,sfc_unique_p6_28,0,None,68.33,12,627.0,69,68,0,0,0,False,95.53264604810997,11.926176470588235,2.3925,7.279411764705882,0.4736,0.6213,0.1258,0.2004,2715.96339007682,398.8,3114.76339007682,0.5063802877370276,35,6,27
0,1769379627.3956976,523.6,141,0.4395,0.3873,0.2663,0.3992,68.0008,38.7285,39.9153,18.853,0.0,0.0,11.14,4.8,6.33,None,0.0,38.99,True,None,sfc_cache_p4_24,0,None,60.33,12,561.0,66,66,0,0,0,False,95.54030874785592,12.075454545454546,2.3286363636363636,8.0,0.4533,0.5945,0.1316,0.2195,2703.7748743671773,390.8,3094.5748743671775,0.5217414828379008,33,6,27
0,1769379627.3986967,523.6,141,0.4395,0.3873,0.2663,0.3992,68.0008,38.7285,39.9153,18.853,0.0,0.0,10.67,5.52,5.16,None,0.0,53.997,True,None,sfc_unique_p4_24,0,None,60.33,12,561.0,66,66,0,0,0,False,95.54794520547945,12.075454545454546,2.3286363636363636,8.0,0.4533,0.5945,0.1316,0.2195,2703.7748743671773,390.8,3094.5748743671775,0.5217414828379008,33,6,27
0,1769379627.580699,523.8,141,0.4559,0.3873,0.2715,0.3992,70.2687,38.7285,39.9153,19.6675,0.0,0.0,11.62,5.34,6.28,None,0.22352027893066406,52.0,True,None,sfc_cache_p1_24,0,None,64.33,12,594.0,69,68,0,0,0,False,95.55555555555556,12.11735294117647,2.2601470588235295,7.764705882352941,0.462,0.5945,0.1316,0.2241,2703.7748743671773,390.8,3094.5748743671775,0.5210484787707278,34,6,28
0,1769379627.584699,523.8,141,0.4559,0.3873,0.2715,0.3992,70.2687,38.7285,39.9153,19.6675,0.0,0.0,10.7,4.94,5.75,None,0.22352027893066406,41.999,True,None,sfc_unique_p1_24,0,None,64.33,12,594.0,69,68,0,0,0,False,95.56313993174061,12.11735294117647,2.2601470588235295,7.764705882352941,0.462,0.5945,0.1316,0.2241,2703.7748743671773,390.8,3094.5748743671775,0.5210484787707278,34,6,28
0,1769379634.4520674,530.6,141,0.4412,0.359,0.2476,0.3742,70.057,35.8985,40.4809,18.5692,0.0,0.0,10.2,7.45,2.75,None,0.0,48.62,True,None,sfc_cache_p6_28,0,None,56.33,12,528.0,62,62,0,0,0,True,95.57069846678023,12.273870967741935,2.124032258064516,7.983870967741935,0.4422,0.4958,0.1209,0.2137,2467.467932935507,395.2,2862.667932935507,0.48118576586982825,32,3,27
0,1769379634.456068,530.6,141,0.4412,0.359,0.2476,0.3742,70.057,35.8985,40.4809,18.5692,0.0,0.0,10.35,8.05,2.3,None,0.0,45.997,True,None,sfc_unique_p6_28,0,None,56.33,12,528.0,62,62,0,0,0,True,95.578231292517,12.273870967741935,2.124032258064516,7.983870967741935,0.4422,0.4958,0.1209,0.2137,2467.467932935507,395.2,2862.667932935507,0.48118576586982825,32,3,27
0,1769379634.6435955,530.8,141,0.4585,0.359,0.2556,0.3742,72.5104,35.8985,40.4809,19.3994,0.0,0.0,9.17,6.56,2.6,None,0.17861318588256836,39.003,True,None,sfc_cache_p4_28,0,None,60.33,12,561.0,64,64,0,0,0,True,95.58573853989813,12.3121875,2.05765625,7.734375,0.4498,0.4958,0.1209,0.2222,2467.467932935507,395.2,2862.667932935507,0.4811061736646454,33,4,27
0,1769379634.6485946,530.8,141,0.4585,0.359,0.2556,0.3742,72.5104,35.8985,40.4809,19.3994,0.0,0.0,9.51,6.17,3.34,None,0.17861318588256836,67.0,True,None,sfc_unique_p4_28,0,None,60.33,12,561.0,64,64,0,0,0,True,95.59322033898306,12.3121875,2.05765625,7.734375,0.4498,0.4958,0.1209,0.2222,2467.467932935507,395.2,2862.667932935507,0.4811061736646454,33,4,27
0,1769379634.8205924,531.0,141,0.468,0.4072,0.2734,0.3992,72.9777,40.7153,43.1796,20.6307,0.0,0.0,11.33,7.18,4.16,None,0.37414073944091797,42.016,True,None,sfc_cache_p1_28,0,None,60.33,12,561.0,66,66,0,0,0,True,95.60067681895093,12.141060606060606,2.263030303030303,8.0,0.4746,0.5847,0.1374,0.2316,2511.9286472212216,399.59999999999997,2911.5286472212215,0.4662657811975791,35,4,27
0,1769379634.8255918,531.0,141,0.468,0.4072,0.2734,0.3992,72.9777,40.7153,43.1796,20.6307,0.0,0.0,12.83,5.08,7.75,None,0.37414073944091797,50.995,True,None,sfc_unique_p1_28,0,None,60.33,12,561.0,66,66,0,0,0,True,95.6081081081081,12.141060606060606,2.263030303030303,8.0,0.4746,0.5847,0.1374,0.2316,2511.9286472212216,399.59999999999997,2911.5286472212215,0.4662657811975791,35,4,27
0,1769379634.998593,531.2,141,0.4785,0.4426,0.2857,0.4241,73.9906,44.2591,45.8783,21.7203,0.0,0.0,6.33,3.01,3.32,None,0.5511550903320312,41.999,True,None,sfc_cache_p5_27,0,None,60.33,12,561.0,67,68,0,0,0,True,95.61551433389545,12.048676470588235,2.3876470588235295,8.25,0.4886,0.623,0.1552,0.2272,2533.0120708398567,403.99999999999994,2937.0120708398567,0.45253501270281066,37,4,27
0,1769379635.0026028,531.2,141,0.4785,0.4426,0.2857,0.4241,73.9906,44.2591,45.8783,21.7203,0.0,0.0,10.78,4.4,6.38,None,0.5511550903320312,47.007,True,None,sfc_unique_p5_27,0,None,60.33,12,561.0,67,68,0,0,0,True,95.62289562289563,12.048676470588235,2.3876470588235295,8.25,0.4886,0.623,0.1552,0.2272,2533.0120708398567,403.99999999999994,2937.0120708398567,0.45253501270281066,37,4,27
0,1769379643.3044894,539.5,141,0.4768,0.4426,0.288,0.4241,73.6016,44.2591,45.8783,21.949,0.0,0.0,8.73,4.29,4.43,None,0.0,41.0,True,None,sfc_cache_p4_23,0,None,60.33,12,561.0,67,68,0,0,0,True,95.63025210084034,12.048676470588234,2.3876470588235295,8.25,0.4923,0.623,0.1552,0.2375,2533.0120708398567,408.3999999999999,2941.412070839857,0.4378604920623743,38,4,26
0,1769379643.3094943,539.5,141,0.4768,0.4426,0.288,0.4241,73.6016,44.2591,45.8783,21.949,0.0,0.0,13.81,5.45,8.37,None,0.0,936.911,True,None,sfc_unique_p4_23,0,None,60.33,12,561.0,67,68,0,0,0,True,95.63758389261746,12.048676470588234,2.3876470588235295,8.25,0.4923,0.623,0.1552,0.2375,2533.0120708398567,408.3999999999999,2941.412070839857,0.4378604920623743,38,4,26
0,1769379644.7421231,540.9,141,0.477,0.5017,0.3107,0.449,73.6016,50.1663,48.577,22.5407,0.0,0.0,8.23,4.97,3.26,None,0.0010035037994384766,50.999,True,None,sfc_cache_p1_29,0,None,60.33,12,561.0,67,70,0,0,0,True,95.64489112227805,11.837714285714286,2.629,8.485714285714286,0.5029,0.7185,0.1699,0.2498,2557.9519655056993,422.7999999999999,2980.751965505699,0.425339725136273,40,4,26
0,1769379644.7461233,540.9,141,0.477,0.5017,0.3107,0.449,73.6016,50.1663,48.577,22.5407,0.0,0.0,12.41,5.82,6.59,None,0.0010035037994384766,52.999,True,None,sfc_unique_p1_29,0,None,60.33,12,561.0,67,70,0,0,0,True,95.65217391304348,11.837714285714286,2.629,8.485714285714286,0.5029,0.7185,0.1699,0.2498,2557.9519655056993,422.7999999999999,2980.751965505699,0.425339725136273,40,4,26
0,1769379644.9796405,541.2,142,0.4761,0.5498,0.3348,0.474,74.0689,54.9831,51.2758,22.7912,0.0,0.0,10.24,5.96,4.27,None,0.23000168800354004,52.991,True,None,sfc_cache_p2_29,0,None,60.33,12,561.0,69,72,0,0,0,True,95.65943238731218,11.694027777777778,2.801388888888889,8.708333333333334,0.5115,0.8219,0.1832,0.2537,2602.9839495004403,437.1999999999999,3040.18394950044,0.4134967494878523,42,4,26
0,1769379644.9836404,541.2,142,0.4761,0.5498,0.3348,0.474,74.0689,54.9831,51.2758,22.7912,0.0,0.0,10.9,3.73,7.16,None,0.23000168800354004,48.995,True,None,sfc_unique_p2_29,0,None,60.33,12,561.0,69,72,0,0,0,True,95.66666666666667,11.694027777777778,2.801388888888889,8.708333333333334,0.5115,0.8219,0.1832,0.2537,2602.9839495004403,437.1999999999999,3040.18394950044,0.4134967494878523,42,4,26
0,1769379645.1926403,541.4,143,0.473,0.598,0.3506,0.474,74.0689,59.7999,51.2758,23.0252,0.0,0.0,6.73,3.55,3.18,None,0.4675261974334717,53.993,True,None,sfc_cache_p3_29,0,None,60.33,16,594.0,72,74,0,0,0,True,95.6738768718802,11.504054054054054,2.9644594594594595,8.472972972972974,0.5168,0.8475,0.1801,0.2526,2634.243429457103,451.59999999999985,3085.843429457103,0.40230665608908917,44,4,26
0,1769379645.19564,541.4,143,0.473,0.598,0.3506,0.474,74.0689,59.7999,51.2758,23.0252,0.0,0.0,9.15,3.6,5.56,None,0.4675261974334717,58.002,True,None,sfc_unique_p3_29,0,None,60.33,16,594.0,72,74,0,0,0,True,95.68106312292359,11.504054054054054,2.9644594594594595,8.472972972972974,0.5168,0.8475,0.1801,0.2526,2634.243429457103,451.59999999999985,3085.843429457103,0.40230665608908917,44,4,26
0,1769379645.402642,541.6,144,0.4819,0.598,0.3603,0.4989,76.6005,59.7999,53.9745,23.2441,0.0,0.0,8.06,4.8,3.26,None,0.6795170307159424,56.001,True,None,sfc_cache_p4_29,0,None,60.33,16,594.0,73,76,0,0,0,True,95.6882255389718,11.609210526315788,2.8864473684210528,8.68421052631579,0.5409,0.8475,0.177,0.2511,2650.670451458963,465.99999999999983,3116.670451458963,0.3917160772332304,46,4,26
0,1769379645.4076426,541.6,144,0.4819,0.598,0.3603,0.4989,76.6005,59.7999,53.9745,23.2441,0.0,0.0,15.51,9.91,5.6,None,0.6795170307159424,47.005,True,None,sfc_unique_p4_29,0,None,60.33,16,594.0,73,76,0,0,0,True,95.69536423841059,11.609210526315788,2.8864473684210528,8.68421052631579,0.5409,0.8475,0.177,0.2511,2650.670451458963,465.99999999999983,3116.670451458963,0.3917160772332304,46,4,26
0,1769379645.6146436,541.8,145,0.4851,0.6225,0.3857,0.4989,77.6134,62.2533,53.9745,23.596,0.0,0.0,7.37,4.08,3.29,None,0.8935191631317139,47.005,True,None,sfc_cache_p5_29,0,None,60.33,20,627.0,76,78,0,0,0,True,95.70247933884298,11.542307692307693,2.927820512820513,8.461538461538462,0.5533,0.8413,0.1741,0.2576,2662.7305692153923,480.3999999999998,3143.130569215392,0.3816278643074314,48,4,26
0,1769379645.6186395,541.8,145,0.4851,0.6225,0.3857,0.4989,77.6134,62.2533,53.9745,23.596,0.0,0.0,16.63,8.66,7.96,None,0.8935191631317139,43.999,True,None,sfc_unique_p5_29,0,None,60.33,20,627.0,76,78,0,0,0,True,95.7095709570957,11.542307692307693,2.927820512820513,8.461538461538462,0.5533,0.8413,0.1741,0.2576,2662.7305692153923,480.3999999999998,3143.130569215392,0.3816278643074314,48,4,26
0,1769379645.834695,542.0,146,0.4868,0.6462,0.4028,0.4989,78.6649,64.6167,53.9745,23.7857,0.0,0.0,6.63,3.55,3.08,None,1.1025161743164062,51.002,True,None,sfc_cache_p6_29,0,None,60.33,24,660.0,79,80,0,0,0,True,95.71663920922569,11.482875,2.963,8.25,0.5627,0.8378,0.1713,0.2548,2672.37342635825,494.7999999999998,3167.17342635825,0.37203825767347826,51,3,26
0,1769379645.8396947,542.0,146,0.4868,0.6462,0.4028,0.4989,78.6649,64.6167,53.9745,23.7857,0.0,0.0,13.14,6.63,6.51,None,1.1025161743164062,48.515,True,None,sfc_unique_p6_29,0,None,60.33,24,660.0,79,80,0,0,0,True,95.72368421052632,11.482875,2.963,8.25,0.5627,0.8378,0.1713,0.2548,2672.37342635825,494.7999999999998,3167.17342635825,0.37203825767347826,51,3,26
0,1769379652.4780593,548.7,146,0.4504,0.6214,0.344,0.4241,66.2883,62.1427,47.6757,24.8967,0.0,0.0,8.48,6.08,2.4,None,0.0,57.007,True,None,sfc_cache_p2_29,0,None,48.33,24,561.0,66,68,0,0,0,True,95.73070607553366,11.210294117647058,3.226029411764706,8.25,0.6217,0.827,0.1798,0.2581,2574.969816454207,425.99999999999983,3000.969816454207,0.3508299263518956,44,3,21
0,1769379652.4830596,548.7,146,0.4504,0.6214,0.344,0.4241,66.2883,62.1427,47.6757,24.8967,0.0,0.0,12.07,7.43,4.64,None,0.0,59.003,True,None,sfc_unique_p2_29,0,None,48.33,24,561.0,66,68,0,0,0,True,95.73770491803279,11.210294117647058,3.226029411764706,8.25,0.6217,0.827,0.1798,0.2581,2574.969816454207,425.99999999999983,3000.969816454207,0.3508299263518956,44,3,21
0,1769379665.8250713,562.0,146,0.4175,0.5728,0.3334,0.449,56.8441,57.2753,46.5262,25.1434,0.0,0.0,9.78,5.72,4.06,None,0.001001596450805664,44.998,True,None,sfc_cache_p1_30,0,None,36.33,24,462.0,58,64,0,0,0,True,95.74468085106383,11.1296875,3.42765625,9.28125,0.6412,0.7518,0.1967,0.2637,2751.073128634984,410.39999999999986,3161.4731286349843,0.37151582304291664,40,4,20
0,1769379665.8280694,562.0,146,0.4175,0.5728,0.3334,0.449,56.8441,57.2753,46.5262,25.1434,0.0,0.0,7.84,4.47,3.37,None,0.001001596450805664,51.998,True,None,sfc_unique_p1_30,0,None,36.33,24,462.0,58,64,0,0,0,True,95.75163398692811,11.1296875,3.42765625,9.28125,0.6412,0.7518,0.1967,0.2637,2751.073128634984,410.39999999999986,3161.4731286349843,0.37151582304291664,40,4,20
0,1769379666.0240786,562.2,147,0.4309,0.5728,0.3384,0.474,59.6415,57.2753,49.111,25.298,0.0,0.0,11.5,7.25,4.25,None,0.22300314903259277,46.992,True,None,sfc_cache_p2_30,0,None,36.33,24,462.0,59,66,0,0,0,True,95.75856443719412,11.262121212121212,3.3237878787878787,9.5,0.6347,0.7518,0.1908,0.2709,2754.501700063555,424.79999999999984,3179.3017000635546,0.37533174697621197,41,4,21
0,1769379666.0300667,562.2,147,0.4309,0.5728,0.3384,0.474,59.6415,57.2753,49.111,25.298,0.0,0.0,8.04,4.47,3.58,None,0.22300314903259277,58.004,True,None,sfc_unique_p2_30,0,None,36.33,24,462.0,59,66,0,0,0,True,95.76547231270358,11.262121212121212,3.3237878787878787,9.5,0.6347,0.7518,0.1908,0.2709,2754.501700063555,424.79999999999984,3179.3017000635546,0.37533174697621197,41,4,21
0,1769379666.2330985,562.4,148,0.4386,0.5728,0.3435,0.474,61.9913,57.2753,49.111,25.0771,0.0,0.0,9.73,5.83,3.91,None,0.424999475479126,42.508,True,None,sfc_cache_p3_30,0,None,40.33,24,495.0,62,68,0,0,0,True,95.77235772357724,11.327941176470588,3.226029411764706,9.220588235294118,0.6237,0.7518,0.1874,0.278,2759.358842920698,434.79999999999984,3194.1588429206977,0.3782441826533822,43,5,20
0,1769379666.2370965,562.4,148,0.4386,0.5728,0.3435,0.474,61.9913,57.2753,49.111,25.0771,0.0,0.0,10.87,7.63,3.24,None,0.424999475479126,44.999,True,None,sfc_unique_p3_30,0,None,40.33,24,495.0,62,68,0,0,0,True,95.77922077922078,11.327941176470588,3.226029411764706,9.220588235294118,0.6237,0.7518,0.1874,0.278,2759.358842920698,434.79999999999984,3194.1588429206977,0.3782441826533822,43,5,20
0,1769379666.4896193,562.7,149,0.4428,0.5954,0.3541,0.474,63.371,59.5389,49.111,25.0468,0.0,0.0,10.61,6.36,4.25,None,0.6320290565490723,90.525,True,None,sfc_cache_p4_30,0,None,44.33,24,528.0,64,70,0,0,0,True,95.78606158833063,11.266142857142857,3.2577142857142856,8.957142857142857,0.6156,0.781,0.1841,0.2856,2777.3638429206976,444.79999999999984,3222.1638429206973,0.37956859833410755,45,5,20
0,1769379666.4926171,562.7,149,0.4428,0.5954,0.3541,0.474,63.371,59.5389,49.111,25.0468,0.0,0.0,9.98,5.95,4.04,None,0.6320290565490723,52.004,True,None,sfc_unique_p4_30,0,None,44.33,24,528.0,64,70,0,0,0,True,95.79288025889967,11.266142857142857,3.2577142857142856,8.957142857142857,0.6156,0.781,0.1841,0.2856,2777.3638429206976,444.79999999999984,3222.1638429206973,0.37956859833410755,45,5,20
0,1769379666.7151418,562.9,150,0.4531,0.5954,0.3638,0.474,65.3482,59.5389,49.111,25.5581,0.0,0.0,11.25,7.25,4.0,None,0.887549877166748,45.019,True,None,sfc_cache_p5_30,0,None,48.33,24,561.0,66,72,0,0,0,True,95.79967689822294,11.328194444444444,3.167222222222222,8.708333333333334,0.6191,0.781,0.1809,0.2898,2777.3638429206976,459.1999999999998,3236.5638429206974,0.36901187908398486,47,5,20
0,1769379666.7181418,562.9,150,0.4531,0.5954,0.3638,0.474,65.3482,59.5389,49.111,25.5581,0.0,0.0,15.42,7.43,7.99,None,0.887549877166748,61.001,True,None,sfc_unique_p5_30,0,None,48.33,24,561.0,66,72,0,0,0,True,95.80645161290322,11.328194444444444,3.167222222222222,8.708333333333334,0.6191,0.781,0.1809,0.2898,2777.3638429206976,459.1999999999998,3236.5638429206974,0.36901187908398486,47,5,20
0,1769379666.928142,563.1,151,0.4473,0.5266,0.343,0.4241,63.4459,52.6618,43.9414,25.0541,0.0,0.0,11.5,7.25,4.25,None,1.114072322845459,45.995,True,None,sfc_cache_p6_30,0,None,48.33,24,561.0,65,68,0,0,0,True,95.81320450885669,11.47014705882353,2.966176470588235,8.25,0.6226,0.7902,0.1811,0.2815,2735.086706382127,434.7999999999997,3169.8867063821267,0.38686775131667706,44,5,19
0,1769379666.9321413,563.1,151,0.4473,0.5266,0.343,0.4241,63.4459,52.6618,43.9414,25.0541,0.0,0.0,11.11,6.94,4.17,None,1.114072322845459,44.997,True,None,sfc_unique_p6_30,0,None,48.33,24,561.0,65,68,0,0,0,True,95.81993569131832,11.47014705882353,2.966176470588235,8.25,0.6226,0.7902,0.1811,0.2815,2735.086706382127,434.7999999999997,3169.8867063821267,0.38686775131667706,44,5,19
0,1769379677.7741811,574.0,151,0.4491,0.4637,0.329,0.4241,63.5027,46.3739,42.41,24.6624,0.0,0.0,11.21,6.22,4.99,None,0.00099945068359375,45.002,True,None,sfc_cache_p1_28,0,None,48.33,24,561.0,65,68,0,0,0,False,95.82664526484751,11.73,2.706323529411765,8.25,0.6036,0.6772,0.1596,0.2817,2780.4142400456467,434.7999999999997,3215.2142400456464,0.4018469216919614,43,5,20
0,1769379677.7781827,574.0,151,0.4491,0.4637,0.329,0.4241,63.5027,46.3739,42.41,24.6624,0.0,0.0,9.69,5.52,4.17,None,0.00099945068359375,50.998,True,None,sfc_unique_p1_28,0,None,48.33,24,561.0,65,68,0,0,0,False,95.83333333333334,11.73,2.706323529411765,8.25,0.6036,0.6772,0.1596,0.2817,2780.4142400456467,434.7999999999997,3215.2142400456464,0.4018469216919614,43,5,20
0,1769379679.8908803,576.1,151,0.4617,0.4637,0.334,0.449,66.2026,46.3739,44.9047,24.8207,0.0,0.0,10.88,7.18,3.71,None,0.0010044574737548828,53.516,True,None,sfc_cache_p1_31,0,None,48.33,24,561.0,65,70,0,0,0,False,95.84,11.837714285714286,2.629,8.485714285714286,0.6086,0.6772,0.1723,0.2912,2794.2557506477206,449.1999999999997,3243.4557506477204,0.40462841765768187,44,5,21
0,1769379679.8968828,576.1,151,0.4617,0.4637,0.334,0.449,66.2026,46.3739,44.9047,24.8207,0.0,0.0,8.49,5.52,2.97,None,0.0010044574737548828,41.999,True,None,sfc_unique_p1_31,0,None,48.33,24,561.0,65,70,0,0,0,False,95.84664536741214,11.837714285714286,2.629,8.485714285714286,0.6086,0.6772,0.1723,0.2912,2794.2557506477206,449.1999999999997,3243.4557506477204,0.40462841765768187,44,5,21
0,1769379680.1098888,576.3,152,0.474,0.4637,0.3423,0.474,68.5429,46.3739,47.3995,25.3476,0.0,0.0,9.87,5.72,4.15,None,0.20403409004211426,46.927,True,None,sfc_cache_p2_31,0,None,48.33,24,561.0,67,72,0,0,0,False,95.85326953748007,11.939444444444444,2.555972222222222,8.708333333333334,0.6114,0.6772,0.1749,0.3026,2798.4346703195984,463.5999999999997,3262.0346703195983,0.39337494010639473,46,5,21
0,1769379680.1128912,576.3,152,0.474,0.4637,0.3423,0.474,68.5429,46.3739,47.3995,25.3476,0.0,0.0,14.14,7.65,6.49,None,0.20403409004211426,64.01,True,None,sfc_unique_p2_31,0,None,48.33,24,561.0,67,72,0,0,0,False,95.85987261146497,11.939444444444444,2.555972222222222,8.708333333333334,0.6114,0.6772,0.1749,0.3026,2798.4346703195984,463.5999999999997,3262.0346703195983,0.39337494010639473,46,5,21
0,1769379680.3198817,576.5,153,0.4839,0.4637,0.3506,0.474,70.4512,46.3739,47.3995,25.8527,0.0,0.0,9.04,5.22,3.82,None,0.41803669929504395,42.93,True,None,sfc_cache_p3_31,0,None,52.33,24,594.0,69,74,0,0,0,False,95.86645468998411,11.981621621621622,2.486891891891892,8.472972972972974,0.6152,0.6772,0.172,0.31,2804.51151600912,477.99999999999966,3282.5115160091195,0.3827333560608209,48,5,21
0,1769379680.3258884,576.5,153,0.4839,0.4637,0.3506,0.474,70.4512,46.3739,47.3995,25.8527,0.0,0.0,13.39,6.64,6.75,None,0.41803669929504395,54.995,True,None,sfc_unique_p3_31,0,None,52.33,24,594.0,69,74,0,0,0,False,95.87301587301587,11.981621621621622,2.486891891891892,8.472972972972974,0.6152,0.6772,0.172,0.31,2804.51151600912,477.99999999999966,3282.5115160091195,0.3827333560608209,48,5,21
0,1769379680.5621758,576.7,154,0.483,0.5083,0.3602,0.4989,70.8832,50.8265,49.8942,25.9861,0.0,0.0,9.4,5.96,3.43,None,0.6310341358184814,44.001,True,None,sfc_cache_p4_31,0,None,52.33,24,594.0,71,76,0,0,0,False,95.8795562599049,11.84171052631579,2.6539473684210524,8.68421052631579,0.6213,0.6877,0.184,0.3145,2845.1677611724076,492.39999999999964,3337.5677611724072,0.3726501473635267,50,5,21
0,1769379680.5671716,576.8,154,0.483,0.5083,0.3602,0.4989,70.8832,50.8265,49.8942,25.9861,0.0,0.0,9.91,3.63,6.28,None,0.6310341358184814,67.998,True,None,sfc_unique_p4_31,0,None,52.33,24,594.0,71,76,0,0,0,False,95.88607594936708,11.84171052631579,2.6539473684210524,8.68421052631579,0.6213,0.6877,0.184,0.3145,2845.1677611724076,492.39999999999964,3337.5677611724072,0.3726501473635267,50,5,21
0,1769379680.8026986,577.0,155,0.4909,0.5083,0.3713,0.4989,72.7915,50.8265,49.8942,26.2805,0.0,0.0,9.58,4.76,4.82,None,0.8743247985839844,47.518,True,None,sfc_cache_p5_31,0,None,56.33,24,627.0,73,78,0,0,0,False,95.89257503949446,11.88423076923077,2.5858974358974356,8.461538461538462,0.6225,0.6877,0.181,0.3135,2845.1677611724076,506.7999999999996,3351.9677611724073,0.3630850466408881,52,5,21
0,1769379680.8066978,577.0,155,0.4909,0.5083,0.3713,0.4989,72.7915,50.8265,49.8942,26.2805,0.0,0.0,14.49,6.08,8.41,None,0.8743247985839844,51.997,True,None,sfc_unique_p5_31,0,None,56.33,24,627.0,73,78,0,0,0,False,95.89905362776025,11.88423076923077,2.5858974358974356,8.461538461538462,0.6225,0.6877,0.181,0.3135,2845.1677611724076,506.7999999999996,3351.9677611724073,0.3630850466408881,52,5,21
0,1769379682.0988066,578.3,156,0.4986,0.5083,0.381,0.4989,74.6998,50.8265,49.8942,26.56,0.0,0.0,8.15,4.33,3.82,None,1.113354206085205,57.0,True,None,sfc_cache_p6_31,0,None,60.33,24,660.0,76,80,0,0,0,False,95.90551181102363,11.924625,2.5212499999999998,8.25,0.6225,0.6877,0.1782,0.3103,2845.1677611724076,521.1999999999996,3366.367761172407,0.35399820114140346,54,5,21
0,1769379682.1028066,578.3,156,0.4986,0.5083,0.381,0.4989,74.6998,50.8265,49.8942,26.56,0.0,0.0,13.17,6.08,7.08,None,1.113354206085205,54.003,True,None,sfc_unique_p6_31,0,None,60.33,24,660.0,76,80,0,0,0,False,95.9119496855346,11.924625,2.5212499999999998,8.25,0.6225,0.6877,0.1782,0.3103,2845.1677611724076,521.1999999999996,3366.367761172407,0.35399820114140346,54,5,21
0,1769379682.8628347,579.0,156,0.4609,0.4755,0.3614,0.474,68.22,47.5507,47.3995,25.3448,0.0,0.0,11.28,6.22,5.05,None,0.0,47.996,True,None,sfc_cache_p6_28,0,None,52.33,24,594.0,69,74,0,0,0,False,95.91836734693877,11.918513513513513,2.55,8.472972972972974,0.6234,0.6675,0.1627,0.3066,2814.402483351637,516.7999999999996,3331.2024833516366,0.33073158925970175,51,1,22
0,1769379682.8678305,579.1,156,0.4609,0.4755,0.3614,0.474,68.22,47.5507,47.3995,25.3448,0.0,0.0,17.04,7.65,9.39,None,0.0,56.999,True,None,sfc_unique_p6_28,0,None,52.33,24,594.0,69,74,0,0,0,False,95.92476489028213,11.918513513513513,2.55,8.472972972972974,0.6234,0.6675,0.1627,0.3066,2814.402483351637,516.7999999999996,3331.2024833516366,0.33073158925970175,51,1,22
0,1769379683.0743506,579.3,156,0.4787,0.4755,0.3698,0.4989,70.5603,47.5507,49.8942,26.4571,0.0,0.0,11.75,6.56,5.18,None,0.2315218448638916,48.515,True,None,sfc_cache_p2_28,0,None,52.33,24,594.0,71,76,0,0,0,False,95.93114241001565,12.012763157894737,2.482894736842105,8.68421052631579,0.6299,0.6675,0.1623,0.3159,2814.6910547802086,521.1999999999996,3335.891054780208,0.32147595740198515,54,2,20
0,1769379683.0803633,579.3,156,0.4787,0.4755,0.3698,0.4989,70.5603,47.5507,49.8942,26.4571,0.0,0.0,18.12,8.64,9.48,None,0.2315218448638916,54.994,True,None,sfc_unique_p2_28,0,None,52.33,24,594.0,71,76,0,0,0,False,95.9375,12.012763157894737,2.482894736842105,8.68421052631579,0.6299,0.6675,0.1623,0.3159,2814.6910547802086,521.1999999999996,3335.891054780208,0.32147595740198515,54,2,20
0,1769379683.2925806,579.5,156,0.4966,0.4755,0.3773,0.5239,72.9006,47.5507,52.3889,27.5836,0.0,0.0,9.63,4.76,4.86,None,0.457047700881958,46.0,True,None,sfc_cache_p5_27,0,None,52.33,24,594.0,72,78,0,0,0,False,95.94383775351014,12.102179487179487,2.419230769230769,8.884615384615385,0.6424,0.6675,0.1636,0.3085,2814.6910547802086,525.5999999999997,3340.2910547802085,0.3132262214990385,56,2,20
0,1769379683.2955806,579.5,156,0.4966,0.4755,0.3773,0.5239,72.9006,47.5507,52.3889,27.5836,0.0,0.0,13.76,5.22,8.54,None,0.457047700881958,56.989,True,None,sfc_unique_p5_27,0,None,52.33,24,594.0,72,78,0,0,0,False,95.95015576323988,12.102179487179487,2.419230769230769,8.884615384615385,0.6424,0.6675,0.1636,0.3085,2814.6910547802086,525.5999999999997,3340.2910547802085,0.3132262214990385,56,2,20
0,1769379683.5355806,579.7,156,0.5044,0.4982,0.3986,0.5239,74.3045,49.8186,52.3889,27.9175,0.0,0.0,8.63,3.87,4.75,None,0.686272382736206,57.001,True,None,sfc_cache_p4_27,0,None,56.33,24,627.0,74,80,0,0,0,False,95.95645412130638,12.024625,2.47125,8.6625,0.6493,0.7278,0.1636,0.3022,2837.1910547802086,525.5999999999997,3362.7910547802085,0.30522738961637597,58,2,20
0,1769379683.5405812,579.7,156,0.5044,0.4982,0.3986,0.5239,74.3045,49.8186,52.3889,27.9175,0.0,0.0,15.78,5.59,10.19,None,0.686272382736206,59.996,True,None,sfc_unique_p4_27,0,None,56.33,24,627.0,74,80,0,0,0,False,95.96273291925466,12.024625,2.47125,8.6625,0.6493,0.7278,0.1636,0.3022,2837.1910547802086,525.5999999999997,3362.7910547802085,0.30522738961637597,58,2,20
0,1769379687.9070616,584.1,156,0.5058,0.4856,0.3953,0.5488,76.2128,48.5586,54.8836,26.6938,0.0,0.0,12.4,3.52,8.88,None,0.0,52.008,True,None,sfc_cache_p3_26,0,None,56.33,20,594.0,71,80,0,0,0,False,95.96899224806201,12.137125000000001,2.40875,9.075,0.6474,0.6531,0.1787,0.3024,2826.205656322383,509.99999999999966,3336.2056563223828,0.30520689479640695,58,3,19
0,1769379687.9120605,584.1,156,0.5058,0.4856,0.3953,0.5488,76.2128,48.5586,54.8836,26.6938,0.0,0.0,23.06,7.8,15.26,None,0.0,66.997,True,None,sfc_unique_p3_26,0,None,56.33,20,594.0,71,80,0,0,0,False,95.97523219814241,12.137125000000001,2.40875,9.075,0.6474,0.6531,0.1787,0.3024,2826.205656322383,509.99999999999966,3336.2056563223828,0.30520689479640695,58,3,19
0,1769379692.787548,589.0,156,0.5098,0.5258,0.3959,0.5488,77.622,52.5757,56.8654,27.0289,0.0,0.0,11.43,7.25,4.18,None,0.0,54.011,True,None,sfc_cache_p6_30,0,None,56.33,20,594.0,71,80,0,0,0,True,95.98145285935085,12.02875,2.517125,9.075,0.6511,0.8034,0.1844,0.2999,2776.9524799976234,509.99999999999966,3286.952479997623,0.29571270223146345,58,3,19
0,1769379692.7935464,589.0,156,0.5098,0.5258,0.3959,0.5488,77.622,52.5757,56.8654,27.0289,0.0,0.0,13.04,5.03,8.02,None,0.0,57.994,True,None,sfc_unique_p6_30,0,None,56.33,20,594.0,71,80,0,0,0,True,95.98765432098766,12.02875,2.517125,9.075,0.6511,0.8034,0.1844,0.2999,2776.9524799976234,509.99999999999966,3286.952479997623,0.29571270223146345,58,3,19
0,1769379693.0435476,589.2,156,0.5115,0.5258,0.4005,0.5488,77.2494,52.5757,56.8654,27.5372,0.0,0.0,12.68,7.45,5.23,None,0.0010068416595458984,48.002,True,None,sfc_cache_p3_28,0,None,56.33,20,594.0,71,80,0,0,0,True,95.99383667180277,12.028749999999999,2.517125,9.075,0.6591,0.8034,0.1844,0.301,2776.9524799976234,514.3999999999996,3291.352479997623,0.2842166831130929,58,3,19
0,1769379693.0485466,589.2,156,0.5115,0.5258,0.4005,0.5488,77.2494,52.5757,56.8654,27.5372,0.0,0.0,19.44,9.33,10.11,None,0.0010068416595458984,51.993,True,None,sfc_unique_p3_28,0,None,56.33,20,594.0,71,80,0,0,0,True,96.0,12.028749999999999,2.517125,9.075,0.6591,0.8034,0.1844,0.301,2776.9524799976234,514.3999999999996,3291.352479997623,0.2842166831130929,58,3,19
0,1769379703.0675673,599.3,156,0.4775,0.3334,0.2953,0.4241,62.1435,33.3386,43.9414,30.0152,0.0,0.0,10.67,7.39,3.28,None,0.013008594512939453,50.997,True,None,sfc_cache_p1_32,0,None,48.33,12,462.0,55,62,0,0,0,True,96.00614439324117,12.467419354838709,2.059516129032258,9.048387096774194,0.7195,0.774,0.1569,0.2523,2621.3038372450624,406.79999999999984,3028.103837245062,0.27040014474519913,46,2,14
0,1769379703.0725706,599.3,156,0.4775,0.3334,0.2953,0.4241,62.1435,33.3386,43.9414,30.0152,0.0,0.0,8.3,4.84,3.46,None,0.013008594512939453,56.998,True,None,sfc_unique_p1_32,0,None,48.33,12,462.0,55,62,0,0,0,True,96.0122699386503,12.467419354838709,2.059516129032258,9.048387096774194,0.7195,0.774,0.1569,0.2523,2621.3038372450624,406.79999999999984,3028.103837245062,0.27040014474519913,46,2,14
0,1769379703.27457,599.5,157,0.4873,0.3334,0.3052,0.449,64.9409,33.3386,46.5262,29.5683,0.0,0.0,8.02,4.23,3.79,None,0.23400664329528809,43.003,True,None,sfc_cache_p2_32,0,None,48.33,12,462.0,56,64,0,0,0,True,96.01837672281776,12.5621875,1.99515625,9.28125,0.706,0.774,0.1559,0.2571,2621.3038372450624,416.79999999999984,3038.103837245062,0.277520556521425,47,2,15
0,1769379703.2805703,599.5,157,0.4873,0.3334,0.3052,0.449,64.9409,33.3386,46.5262,29.5683,0.0,0.0,8.35,4.66,3.69,None,0.23400664329528809,50.003,True,None,sfc_unique_p2_32,0,None,48.33,12,462.0,56,64,0,0,0,True,96.02446483180428,12.5621875,1.99515625,9.28125,0.706,0.774,0.1559,0.2571,2621.3038372450624,416.79999999999984,3038.103837245062,0.277520556521425,47,2,15
0,1769379703.5132728,599.7,158,0.4943,0.3334,0.3143,0.449,67.2907,33.3386,46.5262,29.1568,0.0,0.0,9.32,4.23,5.09,None,0.4410068988800049,45.521,True,None,sfc_cache_p3_32,0,None,52.33,12,495.0,59,66,0,0,0,True,96.03053435114504,12.590606060606062,1.9346969696969696,9.0,0.6974,0.774,0.1531,0.2603,2630.7064065067866,426.79999999999984,3057.5064065067863,0.28421943106435094,48,2,16
0,1769379703.517272,599.7,158,0.4943,0.3334,0.3143,0.449,67.2907,33.3386,46.5262,29.1568,0.0,0.0,9.14,4.4,4.75,None,0.4410068988800049,71.995,True,None,sfc_unique_p3_32,0,None,52.33,12,495.0,59,66,0,0,0,True,96.03658536585365,12.590606060606062,1.9346969696969696,9.0,0.6974,0.774,0.1531,0.2603,2630.7064065067866,426.79999999999984,3057.5064065067863,0.28421943106435094,48,2,16
0,1769379703.7292724,599.9,159,0.4924,0.3882,0.3256,0.449,67.2907,38.8214,46.5262,29.2229,0.0,0.0,11.84,7.39,4.45,None,0.677711009979248,47.005,True,None,sfc_cache_p4_32,0,None,56.33,12,528.0,61,68,0,0,0,True,96.04261796042618,12.308529411764706,2.1866176470588234,8.735294117647058,0.7007,0.7964,0.1504,0.2652,2671.8714065067866,441.1999999999998,3113.0714065067864,0.2887536692385067,50,2,16
0,1769379703.7332816,599.9,159,0.4924,0.3882,0.3256,0.449,67.2907,38.8214,46.5262,29.2229,0.0,0.0,6.18,2.25,3.93,None,0.677711009979248,46.003,True,None,sfc_unique_p4_32,0,None,56.33,12,528.0,61,68,0,0,0,True,96.04863221884499,12.308529411764706,2.1866176470588234,8.735294117647058,0.7007,0.7964,0.1504,0.2652,2671.8714065067866,441.1999999999998,3113.0714065067864,0.2887536692385067,50,2,16
0,1769379703.994791,600.2,160,0.4921,0.4195,0.3396,0.449,68.2977,41.9545,46.5262,28.849,0.0,0.0,9.11,5.96,3.15,None,0.8936965465545654,55.521,True,None,sfc_cache_p5_32,0,None,60.33,12,561.0,64,70,0,0,0,True,96.0546282245827,12.171142857142858,2.2955714285714284,8.485714285714286,0.6944,0.7806,0.1477,0.2663,2687.1070511438397,451.1999999999998,3138.3070511438395,0.29435127182322207,51,2,17
0,1769379704.0007904,600.2,160,0.4921,0.4195,0.3396,0.449,68.2977,41.9545,46.5262,28.849,0.0,0.0,6.24,2.54,3.69,None,0.8936965465545654,82.991,True,None,sfc_unique_p5_32,0,None,60.33,12,561.0,64,70,0,0,0,True,96.06060606060606,12.171142857142858,2.2955714285714284,8.485714285714286,0.6944,0.7806,0.1477,0.2663,2687.1070511438397,451.1999999999998,3138.3070511438395,0.29435127182322207,51,2,17
0,1769379704.2551322,600.4,161,0.4986,0.4282,0.3493,0.449,70.2749,42.8239,46.5262,28.7084,0.0,0.0,9.7,6.5,3.2,None,1.1612138748168945,58.997,True,None,sfc_cache_p6_32,0,None,64.33,12,594.0,67,72,0,0,0,True,96.06656580937972,12.161805555555555,2.2780555555555555,8.25,0.6883,0.7884,0.1452,0.2667,2694.164395208226,461.1999999999998,3155.3643952082257,0.3000197765809749,52,2,18
0,1769379704.260132,600.4,161,0.4986,0.4282,0.3493,0.449,70.2749,42.8239,46.5262,28.7084,0.0,0.0,7.3,3.56,3.74,None,1.1612138748168945,51.001,True,None,sfc_unique_p6_32,0,None,64.33,12,594.0,67,72,0,0,0,True,96.07250755287009,12.161805555555555,2.2780555555555555,8.25,0.6883,0.7884,0.1452,0.2667,2694.164395208226,461.1999999999998,3155.3643952082257,0.3000197765809749,52,2,18
0,1769379708.0817382,604.3,161,0.4912,0.4517,0.3512,0.4241,68.8203,45.1738,43.9414,28.7084,0.0,0.0,11.79,6.56,5.22,None,0.0,48.003,True,None,sfc_cache_p4_28,0,None,68.33,12,627.0,67,72,0,0,0,True,96.07843137254902,11.98125,2.4030555555555555,7.791666666666667,0.6975,0.8005,0.1442,0.2602,2716.103723485582,461.1999999999998,3177.303723485582,0.30080134587622004,52,1,19
0,1769379708.0857415,604.3,161,0.4912,0.4517,0.3512,0.4241,68.8203,45.1738,43.9414,28.7084,0.0,0.0,9.02,4.16,4.87,None,0.0,58.013,True,None,sfc_unique_p4_28,0,None,68.33,12,627.0,67,72,0,0,0,True,96.08433734939759,11.98125,2.4030555555555555,7.791666666666667,0.6975,0.8005,0.1442,0.2602,2716.103723485582,461.1999999999998,3177.303723485582,0.30080134587622004,52,1,19
0,1769379717.1880422,613.4,161,0.4847,0.4805,0.3639,0.449,67.2135,48.0521,44.9047,28.7784,0.0,0.0,12.12,7.45,4.67,None,0.0,54.997,True,None,sfc_cache_p1_33,0,None,68.33,12,627.0,67,74,0,0,0,False,96.09022556390977,11.837567567567568,2.5768918918918917,8.027027027027026,0.6815,0.7242,0.138,0.2601,2793.777071264564,475.5999999999998,3269.3770712645637,0.3060234776540944,53,1,20
0,1769379717.1931264,613.4,161,0.4847,0.4805,0.3639,0.449,67.2135,48.0521,44.9047,28.7784,0.0,0.0,7.24,2.82,4.42,None,0.0,45.0,True,None,sfc_unique_p1_33,0,None,68.33,12,627.0,67,74,0,0,0,False,96.09609609609609,11.837567567567568,2.5768918918918917,8.027027027027026,0.6815,0.7242,0.138,0.2601,2793.777071264564,475.5999999999998,3269.3770712645637,0.3060234776540944,53,1,20
0,1769379717.4545712,613.6,162,0.4912,0.4805,0.372,0.449,69.1218,48.0521,44.9047,28.8153,0.0,0.0,10.5,6.03,4.47,None,0.22402524948120117,63.0,True,None,sfc_cache_p2_33,0,None,72.33,12,660.0,70,76,0,0,0,False,96.10194902548726,11.881315789473684,2.509078947368421,7.815789473684211,0.6899,0.7242,0.1358,0.2618,2810.279928407421,489.9999999999998,3300.279928407421,0.2977922386261156,55,2,19
0,1769379717.457564,613.6,162,0.4912,0.4805,0.372,0.449,69.1218,48.0521,44.9047,28.8153,0.0,0.0,17.31,9.24,8.06,None,0.22402524948120117,53.0,True,None,sfc_unique_p2_33,0,None,72.33,12,660.0,70,76,0,0,0,False,96.10778443113772,11.881315789473684,2.509078947368421,7.815789473684211,0.6899,0.7242,0.1358,0.2618,2810.279928407421,489.9999999999998,3300.279928407421,0.2977922386261156,55,2,19
0,1769379717.6870725,613.9,163,0.4961,0.5024,0.3859,0.449,70.0937,50.2369,44.9047,29.237,0.0,0.0,10.6,7.45,3.14,None,0.48651981353759766,66.006,True,None,sfc_cache_p3_33,0,None,76.33,12,693.0,72,78,0,0,0,False,96.1136023916293,11.811666666666666,2.5558974358974362,7.615384615384615,0.6936,0.7177,0.1337,0.2639,2819.5142141217066,504.39999999999975,3323.914214121706,0.2898594330065777,57,2,19
0,1769379717.6930745,613.9,163,0.4961,0.5024,0.3859,0.449,70.0937,50.2369,44.9047,29.237,0.0,0.0,13.26,7.33,5.93,None,0.48651981353759766,51.005,True,None,sfc_unique_p3_33,0,None,76.33,12,693.0,72,78,0,0,0,False,96.11940298507463,11.811666666666666,2.5558974358974362,7.615384615384615,0.6936,0.7177,0.1337,0.2639,2819.5142141217066,504.39999999999975,3323.914214121706,0.2898594330065777,57,2,19
0,1769379717.9386046,614.1,164,0.5038,0.5024,0.3928,0.449,72.002,50.2369,44.9047,29.4484,0.0,0.0,11.04,6.56,4.47,None,0.7240333557128906,48.008,True,None,sfc_cache_p4_33,0,None,80.33,12,726.0,74,80,0,0,0,False,96.1251862891207,11.853875,2.492,7.425,0.6946,0.7177,0.1316,0.2608,2829.7970712645633,518.7999999999997,3348.597071264563,0.28244444254909523,59,2,19
0,1769379717.9436028,614.1,164,0.5038,0.5024,0.3928,0.449,72.002,50.2369,44.9047,29.4484,0.0,0.0,17.06,9.16,7.9,None,0.7240333557128906,53.004,True,None,sfc_unique_p4_33,0,None,80.33,12,726.0,74,80,0,0,0,False,96.13095238095238,11.853875,2.492,7.425,0.6946,0.7177,0.1316,0.2608,2829.7970712645633,518.7999999999997,3348.597071264563,0.28244444254909523,59,2,19
0,1769379719.3701653,615.6,165,0.5135,0.5024,0.4173,0.474,75.3499,50.2369,47.3995,28.6981,0.0,0.0,8.36,4.44,3.92,None,0.9715614318847656,45.0,True,None,sfc_cache_p5_33,0,None,80.33,12,726.0,75,82,0,0,0,False,96.13670133729569,11.942804878048781,2.4312195121951223,7.646341463414634,0.6675,0.7177,0.1313,0.2614,2833.3700492627045,528.7999999999997,3362.170049262704,0.2962873702934258,61,3,18
0,1769379719.376175,615.6,165,0.5135,0.5024,0.4173,0.474,75.3499,50.2369,47.3995,28.6981,0.0,0.0,12.68,7.37,5.3,None,0.9715614318847656,56.999,True,None,sfc_unique_p5_33,0,None,80.33,12,726.0,75,82,0,0,0,False,96.14243323442136,11.942804878048781,2.4312195121951223,7.646341463414634,0.6675,0.7177,0.1313,0.2614,2833.3700492627045,528.7999999999997,3362.170049262704,0.2962873702934258,61,3,18
0,1769379719.6864536,615.9,165,0.4879,0.5024,0.4048,0.449,71.1013,50.2369,44.9047,27.3184,0.0,0.0,None,None,None,None,0.001003265380859375,47.0,False,None,sfc_cache_p2_31,0,None,76.33,12,693.0,71,78,0,0,0,False,96.0,11.811666666666666,2.5558974358974362,7.615384615384615,0.6563,0.7177,0.1282,0.2647,2833.3700492627045,509.9999999999998,3343.370049262704,0.311513092982702,57,3,18
0,1769379719.6914527,615.9,165,0.4879,0.5024,0.4048,0.449,71.1013,50.2369,44.9047,27.3184,0.0,0.0,None,None,None,None,0.001003265380859375,46.005,False,None,sfc_unique_p2_31,0,None,76.33,12,693.0,71,78,0,0,0,False,95.85798816568047,11.811666666666666,2.5558974358974362,7.615384615384615,0.6563,0.7177,0.1282,0.2647,2833.3700492627045,509.9999999999998,3343.370049262704,0.311513092982702,57,3,18
0,1769379719.9224758,616.1,165,0.5026,0.5024,0.4117,0.474,73.4416,50.2369,47.3995,28.1053,0.0,0.0,9.77,5.01,4.76,None,0.2922849655151367,75.008,True,None,sfc_cache_p2_29,0,None,76.33,12,693.0,73,80,0,0,0,False,95.86410635155096,11.903875,2.492,7.8375,0.6673,0.7177,0.1334,0.2731,2833.3700492627045,514.3999999999997,3347.770049262704,0.3037093389404416,59,3,18
0,1769379719.9284747,616.1,165,0.5026,0.5024,0.4117,0.474,73.4416,50.2369,47.3995,28.1053,0.0,0.0,14.96,5.98,8.98,None,0.2922849655151367,49.023,True,None,sfc_unique_p2_29,0,None,76.33,12,693.0,73,80,0,0,0,False,95.87020648967551,11.903875,2.492,7.8375,0.6673,0.7177,0.1334,0.2731,2833.3700492627045,514.3999999999997,3347.770049262704,0.3037093389404416,59,3,18
0,1769379720.2014863,616.4,166,0.5026,0.5024,0.4117,0.474,73.4416,50.2369,47.3995,28.1053,0.0,0.0,None,None,None,None,2.958439588546753,49.002,False,None,sfc_cache_p6_33,0,None,76.33,12,693.0,73,80,0,0,0,False,95.72901325478645,11.903875,2.492,7.8375,0.6673,0.7177,0.1334,0.2731,2833.3700492627045,514.3999999999997,3347.770049262704,0.3037093389404416,59,3,18
0,1769379720.2064714,616.4,166,0.5026,0.5024,0.4117,0.474,73.4416,50.2369,47.3995,28.1053,0.0,0.0,None,None,None,None,2.958439588546753,38.004,False,None,sfc_unique_p6_33,0,None,76.33,12,693.0,73,80,0,0,0,False,95.58823529411765,11.903875,2.492,7.8375,0.6673,0.7177,0.1334,0.2731,2833.3700492627045,514.3999999999997,3347.770049262704,0.3037093389404416,59,3,18
0,1769379724.654468,620.8,166,0.5005,0.5024,0.4116,0.449,73.0096,50.2369,44.9047,28.1053,0.0,0.0,9.11,4.48,4.63,None,0.0010004043579101562,49.0,True,None,sfc_cache_p4_29,0,None,80.33,12,726.0,74,80,0,0,0,False,95.59471365638767,11.853874999999999,2.492,7.425,0.6625,0.7177,0.1316,0.2804,2821.7369535081334,514.3999999999997,3336.136953508133,0.3043848362054182,59,3,18
0,1769379724.6614683,620.8,166,0.5005,0.5024,0.4116,0.449,73.0096,50.2369,44.9047,28.1053,0.0,0.0,15.04,5.63,9.41,None,0.0010004043579101562,61.967,True,None,sfc_unique_p4_29,0,None,80.33,12,726.0,74,80,0,0,0,False,95.60117302052787,11.853874999999999,2.492,7.425,0.6625,0.7177,0.1316,0.2804,2821.7369535081334,514.3999999999997,3336.136953508133,0.3043848362054182,59,3,18
0,1769379729.727982,625.9,166,0.506,0.5024,0.4074,0.474,73.4416,50.2369,47.3995,28.4727,0.0,0.0,10.8,5.9,4.9,None,0.001003265380859375,62.016,True,None,sfc_cache_p3_29,0,None,80.33,8,693.0,73,80,0,0,0,False,95.60761346998537,11.903875,2.492,7.8375,0.6646,0.7628,0.1334,0.2895,2837.693074851579,514.3999999999997,3352.0930748515784,0.3043799233162536,59,3,18
0,1769379729.7329807,625.9,166,0.506,0.5024,0.4074,0.474,73.4416,50.2369,47.3995,28.4727,0.0,0.0,13.8,4.73,9.07,None,0.001003265380859375,51.998,True,None,sfc_unique_p3_29,0,None,80.33,8,693.0,73,80,0,0,0,False,95.6140350877193,11.903875,2.492,7.8375,0.6646,0.7628,0.1334,0.2895,2837.693074851579,514.3999999999997,3352.0930748515784,0.3043799233162536,59,3,18
0,1769379739.775869,636.0,166,0.4572,0.3906,0.3435,0.3493,59.3298,39.0636,34.9259,30.0912,0.0,0.0,5.92,3.88,2.04,None,0.0010044574737548828,52.533,True,None,sfc_cache_p4_31,0,None,68.0,8,627.0,63,66,0,0,0,False,95.62043795620438,11.99969696969697,2.348787878787879,7.0,0.7092,0.6488,0.1219,0.275,2697.6625068280537,441.1999999999999,3138.8625068280535,0.263393498999668,52,2,12
0,1769379739.7798684,636.0,166,0.4572,0.3906,0.3435,0.3493,59.3298,39.0636,34.9259,30.0912,0.0,0.0,9.12,5.23,3.89,None,0.0010044574737548828,47.998,True,None,sfc_unique_p4_31,0,None,68.0,8,627.0,63,66,0,0,0,False,95.6268221574344,11.99969696969697,2.348787878787879,7.0,0.7092,0.6488,0.1219,0.275,2697.6625068280537,441.1999999999999,3138.8625068280535,0.263393498999668,52,2,12
0,1769379740.0613992,636.2,166,0.4622,0.3906,0.3435,0.3493,59.3298,39.0636,34.9259,30.8076,0.0,0.0,None,None,None,None,0.2385249137878418,50.001,False,None,sfc_cache_p1_31,0,None,68.0,8,627.0,63,66,0,0,0,False,95.48762736535662,11.99969696969697,2.348787878787879,7.0,0.7249,0.6488,0.1241,0.275,2697.6625068280537,431.1999999999999,3128.8625068280535,0.263393498999668,52,2,12
0,1769379740.066931,636.3,166,0.4622,0.3906,0.3435,0.3493,59.3298,39.0636,34.9259,30.8076,0.0,0.0,None,None,None,None,0.2385249137878418,38.523,False,None,sfc_unique_p1_31,0,None,68.0,8,627.0,63,66,0,0,0,False,95.34883720930233,11.99969696969697,2.348787878787879,7.0,0.7249,0.6488,0.1241,0.275,2697.6625068280537,431.1999999999999,3128.8625068280535,0.263393498999668,52,2,12
0,1769379740.2709239,636.5,166,0.4717,0.3906,0.3565,0.3742,62.0297,39.0636,37.4206,30.3646,0.0,0.0,8.62,4.8,3.82,None,0.056549072265625,43.998,True,None,sfc_cache_p1_34,0,None,68.0,8,627.0,63,68,0,0,0,False,95.355587808418,12.10264705882353,2.2797058823529412,7.279411764705882,0.7089,0.6488,0.1276,0.2875,2701.841426499931,441.1999999999999,3143.041426499931,0.2688764158926297,54,3,11
0,1769379740.2759244,636.5,166,0.4717,0.3906,0.3565,0.3742,62.0297,39.0636,37.4206,30.3646,0.0,0.0,9.56,6.21,3.35,None,0.056549072265625,47.005,True,None,sfc_unique_p1_34,0,None,68.0,8,627.0,63,68,0,0,0,False,95.3623188405797,12.10264705882353,2.2797058823529412,7.279411764705882,0.7089,0.6488,0.1276,0.2875,2701.841426499931,441.1999999999999,3143.041426499931,0.2688764158926297,54,3,11
0,1769379740.4769251,636.7,167,0.4843,0.3906,0.3677,0.3992,64.7296,39.0636,39.9153,30.4012,0.0,0.0,10.93,7.18,3.75,None,0.2615344524383545,51.0,True,None,sfc_cache_p2_34,0,None,68.0,8,627.0,64,70,0,0,0,False,95.36903039073806,12.199714285714286,2.214571428571429,7.542857142857143,0.7061,0.6488,0.1406,0.2975,2706.127140785645,455.59999999999985,3161.727140785645,0.27486406760426646,55,4,11
0,1769379740.4809227,636.7,167,0.4843,0.3906,0.3677,0.3992,64.7296,39.0636,39.9153,30.4012,0.0,0.0,8.99,5.28,3.71,None,0.2615344524383545,46.998,True,None,sfc_unique_p2_34,0,None,68.0,8,627.0,64,70,0,0,0,False,95.37572254335261,12.199714285714286,2.214571428571429,7.542857142857143,0.7061,0.6488,0.1406,0.2975,2706.127140785645,455.59999999999985,3161.727140785645,0.27486406760426646,55,4,11
0,1769379740.71544,636.9,168,0.4876,0.4209,0.3844,0.3992,65.7015,42.0875,39.9153,30.4362,0.0,0.0,10.54,7.18,3.36,None,0.4675333499908447,60.999,True,None,sfc_cache_p3_34,0,None,72.0,8,660.0,67,72,0,0,0,False,95.38239538239537,12.069166666666668,2.3197222222222225,7.333333333333333,0.7136,0.6953,0.1383,0.3062,2736.6462684584067,469.99999999999983,3206.6462684584067,0.27673469853765914,57,4,11
0,1769379740.7204387,636.9,168,0.4876,0.4209,0.3844,0.3992,65.7015,42.0875,39.9153,30.4362,0.0,0.0,8.09,4.7,3.39,None,0.4675333499908447,64.002,True,None,sfc_unique_p3_34,0,None,72.0,8,660.0,67,72,0,0,0,False,95.38904899135446,12.069166666666668,2.3197222222222225,7.333333333333333,0.7136,0.6953,0.1383,0.3062,2736.6462684584067,469.99999999999983,3206.6462684584067,0.27673469853765914,57,4,11
0,1769379740.9559991,637.1,169,0.498,0.4209,0.3927,0.4241,68.4014,42.0875,42.41,30.2536,0.0,0.0,8.67,4.83,3.85,None,0.7080488204956055,55.001,True,None,sfc_cache_p4_34,0,None,72.0,8,660.0,69,74,0,0,0,False,95.39568345323741,12.161891891891893,2.257027027027027,7.581081081081081,0.7074,0.6953,0.1371,0.3116,2742.3783532749985,479.99999999999983,3222.3783532749985,0.28274492926501515,58,4,12
0,1769379740.9610107,637.1,169,0.498,0.4209,0.3927,0.4241,68.4014,42.0875,42.41,30.2536,0.0,0.0,8.84,5.52,3.32,None,0.7080488204956055,71.548,True,None,sfc_unique_p4_34,0,None,72.0,8,660.0,69,74,0,0,0,False,95.40229885057471,12.161891891891893,2.257027027027027,7.581081081081081,0.7074,0.6953,0.1371,0.3116,2742.3783532749985,479.99999999999983,3222.3783532749985,0.28274492926501515,58,4,12
0,1769379741.2075613,637.4,170,0.4994,0.4511,0.4058,0.4241,69.3734,45.1114,42.41,30.0811,0.0,0.0,9.18,5.34,3.85,None,0.9496088027954102,45.007,True,None,sfc_cache_p5_34,0,None,76.0,8,693.0,72,76,0,0,0,False,95.40889526542324,12.03921052631579,2.355526315789474,7.381578947368421,0.7227,0.7225,0.1349,0.3168,2774.0702575204273,489.99999999999983,3264.0702575204273,0.28616014175472043,60,4,12
0,1769379741.2125726,637.4,170,0.4994,0.4511,0.4058,0.4241,69.3734,45.1114,42.41,30.0811,0.0,0.0,7.66,4.28,3.37,None,0.9496088027954102,63.003,True,None,sfc_unique_p5_34,0,None,76.0,8,693.0,72,76,0,0,0,False,95.41547277936962,12.03921052631579,2.355526315789474,7.381578947368421,0.7227,0.7225,0.1349,0.3168,2774.0702575204273,489.99999999999983,3264.0702575204273,0.28616014175472043,60,4,12
0,1769379741.4797182,637.7,171,0.4998,0.4956,0.4181,0.449,69.8054,49.5641,44.9047,30.2754,0.0,0.0,11.31,6.5,4.81,None,1.2021739482879639,57.999,True,None,sfc_cache_p6_34,0,None,76.0,8,693.0,74,78,0,0,0,False,95.42203147353362,11.901410256410255,2.5216666666666665,7.615384615384615,0.7239,0.8043,0.1337,0.3179,2814.4102575204274,504.3999999999998,3318.810257520427,0.27876599191951495,62,4,12
0,1769379741.4837265,637.7,171,0.4998,0.4956,0.4181,0.449,69.8054,49.5641,44.9047,30.2754,0.0,0.0,12.73,4.85,7.89,None,1.2021739482879639,61.155,True,None,sfc_unique_p6_34,0,None,76.0,8,693.0,74,78,0,0,0,False,95.42857142857143,11.901410256410255,2.5216666666666665,7.615384615384615,0.7239,0.8043,0.1337,0.3179,2814.4102575204274,504.3999999999998,3318.810257520427,0.27876599191951495,62,4,12
0,1769379742.8324535,639.0,171,0.49,0.5135,0.3909,0.4241,68.8572,51.3538,43.9414,30.0736,0.0,0.0,13.85,4.83,9.02,None,0.0,49.0,True,None,sfc_cache_p6_30,0,None,76.0,8,693.0,73,76,0,0,0,True,95.43509272467902,11.806710526315788,2.588026315789474,7.381578947368421,0.7304,0.742,0.1363,0.3223,2731.8142283166717,504.3999999999998,3236.2142283166713,0.2543771704933301,60,4,12
0,1769379742.8364506,639.0,171,0.49,0.5135,0.3909,0.4241,68.8572,51.3538,43.9414,30.0736,0.0,0.0,21.41,3.84,17.57,None,0.0,43.998,True,None,sfc_unique_p6_30,0,None,76.0,8,693.0,73,76,0,0,0,True,95.44159544159544,11.806710526315788,2.588026315789474,7.381578947368421,0.7304,0.742,0.1363,0.3223,2731.8142283166717,504.3999999999998,3236.2142283166713,0.2543771704933301,60,4,12
0,1769379743.0582285,639.2,171,0.5003,0.537,0.4083,0.449,71.3189,53.7036,46.5262,29.8744,0.0,0.0,5.65,4.09,1.56,None,0.2010023593902588,60.525,True,None,sfc_cache_p5_33,0,None,76.0,8,693.0,75,78,0,0,0,True,95.44807965860598,11.78602564102564,2.637051282051282,7.615384615384615,0.7219,0.8327,0.138,0.3216,2751.33700488934,504.3999999999998,3255.7370048893395,0.2711711560393947,61,4,13
0,1769379743.0622284,639.2,171,0.5003,0.537,0.4083,0.449,71.3189,53.7036,46.5262,29.8744,0.0,0.0,9.57,5.0,4.57,None,0.2010023593902588,62.007,True,None,sfc_unique_p5_33,0,None,76.0,8,693.0,75,78,0,0,0,True,95.45454545454545,11.78602564102564,2.637051282051282,7.615384615384615,0.7219,0.8327,0.138,0.3216,2751.33700488934,504.3999999999998,3255.7370048893395,0.2711711560393947,61,4,13
0,1769379744.790286,641.0,171,0.4889,0.5135,0.3788,0.449,70.3488,51.3538,46.5262,28.6958,0.0,0.0,9.31,4.66,4.65,None,0.0,44.997,True,None,sfc_cache_p5_31,0,None,76.0,4,660.0,72,76,0,0,0,True,95.46099290780143,11.859342105263158,2.588026315789474,7.815789473684211,0.6865,0.8324,0.138,0.3138,2734.281648005839,499.9999999999998,3234.281648005839,0.27839752164656817,59,4,13
0,1769379744.795284,641.0,171,0.4889,0.5135,0.3788,0.449,70.3488,51.3538,46.5262,28.6958,0.0,0.0,15.36,5.58,9.78,None,0.0,49.0,True,None,sfc_unique_p5_31,0,None,76.0,4,660.0,72,76,0,0,0,True,95.46742209631728,11.859342105263158,2.588026315789474,7.815789473684211,0.6865,0.8324,0.138,0.3138,2734.281648005839,499.9999999999998,3234.281648005839,0.27839752164656817,59,4,13
0,1769379744.9972887,641.2,171,0.5074,0.5135,0.3876,0.474,72.7736,51.3538,49.111,29.8744,0.0,0.0,10.32,5.65,4.67,None,0.21500039100646973,49.006,True,None,sfc_cache_p5_29,0,None,76.0,4,660.0,73,78,0,0,0,True,95.47383309759547,11.952692307692306,2.5216666666666665,8.038461538461538,0.7068,0.8324,0.14,0.3222,2756.920945328235,504.3999999999998,3261.3209453282348,0.2712510119718684,61,4,13
0,1769379745.002283,641.2,171,0.5074,0.5135,0.3876,0.474,72.7736,51.3538,49.111,29.8744,0.0,0.0,14.97,6.54,8.43,None,0.21500039100646973,58.002,True,None,sfc_unique_p5_29,0,None,76.0,4,660.0,73,78,0,0,0,True,95.48022598870057,11.952692307692306,2.5216666666666665,8.038461538461538,0.7068,0.8324,0.14,0.3222,2756.920945328235,504.3999999999998,3261.3209453282348,0.2712510119718684,61,4,13
0,1769379753.3790681,649.6,171,0.4628,0.49,0.347,0.4241,62.2542,49.0039,43.9414,29.1068,0.0,0.0,12.32,6.22,6.1,None,0.0010018348693847656,62.001,True,None,sfc_cache_p1_35,0,None,64.0,4,561.0,63,68,0,0,0,True,95.48660084626233,11.73985294117647,2.7601470588235295,8.25,0.721,0.8193,0.1508,0.3485,2707.4780456223075,441.1999999999999,3148.6780456223073,0.2845254444346681,52,4,12
0,1769379753.3830667,649.6,171,0.4628,0.49,0.347,0.4241,62.2542,49.0039,43.9414,29.1068,0.0,0.0,10.46,5.52,4.94,None,0.0010018348693847656,54.021,True,None,sfc_unique_p1_35,0,None,64.0,4,561.0,63,68,0,0,0,True,95.49295774647887,11.73985294117647,2.7601470588235295,8.25,0.721,0.8193,0.1508,0.3485,2707.4780456223075,441.1999999999999,3148.6780456223073,0.2845254444346681,52,4,12
0,1769379753.602577,649.8,172,0.4733,0.49,0.3495,0.4241,64.6041,49.0039,43.9414,29.1706,0.0,0.0,9.88,6.22,3.66,None,0.2560234069824219,54.001,True,None,sfc_cache_p2_35,0,None,68.0,4,594.0,66,70,0,0,0,True,95.49929676511954,11.790142857142856,2.681285714285714,8.014285714285714,0.7159,0.8193,0.1481,0.3547,2707.4780456223075,455.59999999999985,3163.0780456223074,0.2906582668020453,53,4,13
0,1769379753.606575,649.8,172,0.4733,0.49,0.3495,0.4241,64.6041,49.0039,43.9414,29.1706,0.0,0.0,8.49,5.52,2.97,None,0.2560234069824219,50.0,True,None,sfc_unique_p2_35,0,None,68.0,4,594.0,66,70,0,0,0,True,95.50561797752809,11.790142857142856,2.681285714285714,8.014285714285714,0.7159,0.8193,0.1481,0.3547,2707.4780456223075,455.59999999999985,3163.0780456223074,0.2906582668020453,53,4,13
0,1769379755.3169188,651.5,173,0.4836,0.49,0.3534,0.4241,66.9539,49.0039,43.9414,29.2317,0.0,0.0,12.08,6.22,5.85,None,0.4785327911376953,58.993,True,None,sfc_cache_p3_35,0,None,72.0,4,627.0,68,72,0,0,0,True,95.51192145862552,11.837638888888888,2.6068055555555554,7.791666666666667,0.711,0.8193,0.1456,0.3592,2716.8806148840313,469.99999999999983,3186.8806148840313,0.29644245830471294,54,4,14
0,1769379755.3199172,651.5,173,0.4836,0.49,0.3534,0.4241,66.9539,49.0039,43.9414,29.2317,0.0,0.0,9.56,4.51,5.05,None,0.4785327911376953,57.516,True,None,sfc_unique_p3_35,0,None,72.0,4,627.0,68,72,0,0,0,True,95.51820728291317,11.837638888888888,2.6068055555555554,7.791666666666667,0.711,0.8193,0.1456,0.3592,2716.8806148840313,469.99999999999983,3186.8806148840313,0.29644245830471294,54,4,14
0,1769379755.5509145,651.7,173,0.4941,0.4439,0.3479,0.449,69.3786,44.3905,46.5262,29.0229,0.0,0.0,10.8,6.56,4.23,None,0.0,46.003,True,None,sfc_cache_p1_33,0,None,68.0,4,594.0,67,72,0,0,0,True,95.52447552447553,12.13861111111111,2.361388888888889,8.25,0.7051,0.7715,0.1457,0.3587,2691.5068337356024,465.59999999999985,3157.1068337356023,0.2963315675620295,54,4,14
0,1769379755.5549166,651.7,173,0.4941,0.4439,0.3479,0.449,69.3786,44.3905,46.5262,29.0229,0.0,0.0,8.5,4.41,4.09,None,0.0,51.002,True,None,sfc_unique_p1_33,0,None,68.0,4,594.0,67,72,0,0,0,True,95.53072625698324,12.13861111111111,2.361388888888889,8.25,0.7051,0.7715,0.1457,0.3587,2691.5068337356024,465.59999999999985,3157.1068337356023,0.2963315675620295,54,4,14
0,1769379755.7549179,651.9,174,0.4992,0.4665,0.3576,0.449,70.3857,46.6541,46.5262,29.4579,0.0,0.0,10.46,6.22,4.23,None,2.4248733520507812,47.992,True,None,sfc_cache_p4_35,0,None,72.0,4,627.0,69,74,0,0,0,True,95.53695955369595,12.058243243243243,2.41472972972973,8.027027027027026,0.7076,0.7946,0.1432,0.3619,2706.3686972242263,479.99999999999983,3186.3686972242263,0.28831344423098204,56,4,14
0,1769379755.7589157,651.9,174,0.4992,0.4665,0.3576,0.449,70.3857,46.6541,46.5262,29.4579,0.0,0.0,14.78,5.74,9.04,None,2.4248733520507812,48.998,True,None,sfc_unique_p4_35,0,None,72.0,4,627.0,69,74,0,0,0,True,95.54317548746518,12.058243243243243,2.41472972972973,8.027027027027026,0.7076,0.7946,0.1432,0.3619,2706.3686972242263,479.99999999999983,3186.3686972242263,0.28831344423098204,56,4,14
0,1769379755.9919207,652.2,175,0.5023,0.49,0.3672,0.449,71.3558,49.0039,46.5262,29.6718,0.0,0.0,11.19,5.34,5.85,None,2.6298725605010986,42.993,True,None,sfc_cache_p5_35,0,None,76.0,4,660.0,72,76,0,0,0,True,95.54937413073714,11.977763157894737,2.4696052631578946,7.815789473684211,0.7079,0.8073,0.1408,0.3619,2728.308025501583,494.3999999999998,3222.7080255015826,0.2807172464879745,58,4,14
0,1769379755.99692,652.2,175,0.5023,0.49,0.3672,0.449,71.3558,49.0039,46.5262,29.6718,0.0,0.0,17.21,4.97,12.24,None,2.6298725605010986,53.008,True,None,sfc_unique_p5_35,0,None,76.0,4,660.0,72,76,0,0,0,True,95.55555555555556,11.977763157894737,2.4696052631578946,7.815789473684211,0.7079,0.8073,0.1408,0.3619,2728.308025501583,494.3999999999998,3222.7080255015826,0.2807172464879745,58,4,14
0,1769379756.2556756,652.4,176,0.5005,0.5362,0.3866,0.449,71.3558,53.6174,46.5262,29.8744,0.0,0.0,8.9,5.34,3.56,None,2.869870901107788,52.76,True,None,sfc_cache_p6_35,0,None,80.0,4,693.0,74,78,0,0,0,True,95.5617198335645,11.790256410256411,2.632820512820513,7.615384615384615,0.7123,0.8112,0.1385,0.3588,2742.4439951657214,508.7999999999998,3251.243995165721,0.2732944034461423,61,3,14
0,1769379756.2596781,652.4,176,0.5005,0.5362,0.3866,0.449,71.3558,53.6174,46.5262,29.8744,0.0,0.0,13.35,4.66,8.69,None,2.869870901107788,56.001,True,None,sfc_unique_p6_35,0,None,80.0,4,693.0,74,78,0,0,0,True,95.56786703601108,11.790256410256411,2.632820512820513,7.615384615384615,0.7123,0.8112,0.1385,0.3588,2742.4439951657214,508.7999999999998,3251.243995165721,0.2732944034461423,61,3,14
0,1769379774.5063753,670.7,176,0.4687,0.3965,0.3152,0.3742,63.5762,39.6507,37.4206,28.1164,0.0,0.0,9.32,6.36,2.96,None,0.0,68.509,True,None,sfc_cache_p1_36,0,None,76.0,0,627.0,64,68,0,0,0,False,95.57399723374827,12.068382352941178,2.313970588235294,7.279411764705882,0.7121,0.615,0.1211,0.3206,2735.444872324217,432.39999999999986,3167.8448723242172,0.33854460396059,51,3,14
0,1769379774.5113754,670.7,176,0.4687,0.3965,0.3152,0.3742,63.5762,39.6507,37.4206,28.1164,0.0,0.0,10.78,7.84,2.95,None,0.0,73.0,True,None,sfc_unique_p1_36,0,None,76.0,0,627.0,64,68,0,0,0,False,95.58011049723757,12.068382352941178,2.313970588235294,7.279411764705882,0.7121,0.615,0.1211,0.3206,2735.444872324217,432.39999999999986,3167.8448723242172,0.33854460396059,51,3,14
0,1769379774.7684612,671.0,177,0.4773,0.3965,0.3205,0.3742,65.8441,39.6507,37.4206,27.9953,0.0,0.0,10.17,6.36,3.81,None,0.27397918701171875,65.006,True,None,sfc_cache_p2_36,0,None,80.0,0,660.0,67,70,0,0,0,False,95.58620689655173,12.109285714285715,2.2478571428571428,7.071428571428571,0.7065,0.615,0.1191,0.3284,2750.3048723242173,442.39999999999986,3192.704872324217,0.34113741754385984,53,3,14
0,1769379774.7744527,671.0,177,0.4773,0.3965,0.3205,0.3742,65.8441,39.6507,37.4206,27.9953,0.0,0.0,11.58,7.94,3.63,None,0.27397918701171875,85.081,True,None,sfc_unique_p2_36,0,None,80.0,0,660.0,67,70,0,0,0,False,95.59228650137742,12.109285714285715,2.2478571428571428,7.071428571428571,0.7065,0.615,0.1191,0.3284,2750.3048723242173,442.39999999999986,3192.704872324217,0.34113741754385984,53,3,14
0,1769379775.0510387,671.2,178,0.4896,0.3965,0.327,0.3992,68.544,39.6507,39.9153,28.0817,0.0,0.0,9.48,5.72,3.76,None,0.5400574207305908,69.997,True,None,sfc_cache_p3_36,0,None,80.0,0,660.0,68,72,0,0,0,False,95.59834938101788,12.203472222222224,2.185416666666667,7.333333333333333,0.6933,0.615,0.119,0.3344,2750.3048723242173,456.79999999999984,3207.104872324217,0.3440202508986868,54,4,14
0,1769379775.056027,671.2,178,0.4896,0.3965,0.327,0.3992,68.544,39.6507,39.9153,28.0817,0.0,0.0,11.12,8.05,3.07,None,0.5400574207305908,58.996,True,None,sfc_unique_p3_36,0,None,80.0,0,660.0,68,72,0,0,0,False,95.6043956043956,12.203472222222224,2.185416666666667,7.333333333333333,0.6933,0.615,0.119,0.3344,2750.3048723242173,456.79999999999984,3207.104872324217,0.3440202508986868,54,4,14
0,1769379775.2901568,671.5,179,0.4994,0.3965,0.3345,0.3992,70.8119,39.6507,39.9153,28.1645,0.0,0.0,10.18,5.72,4.46,None,0.8206310272216797,55.998,True,None,sfc_cache_p4_36,0,None,84.0,0,693.0,71,74,0,0,0,False,95.61042524005488,12.238513513513515,2.1263513513513512,7.135135135135135,0.6886,0.615,0.1171,0.3384,2750.3048723242173,471.1999999999998,3221.504872324217,0.3482123956466817,55,4,15
0,1769379775.2931566,671.5,179,0.4994,0.3965,0.3345,0.3992,70.8119,39.6507,39.9153,28.1645,0.0,0.0,8.23,4.47,3.76,None,0.8206310272216797,49.118,True,None,sfc_unique_p4_36,0,None,84.0,0,693.0,71,74,0,0,0,False,95.61643835616438,12.238513513513515,2.1263513513513512,7.135135135135135,0.6886,0.615,0.1171,0.3384,2750.3048723242173,471.1999999999998,3221.504872324217,0.3482123956466817,55,4,15
0,1769379775.5416949,671.7,180,0.5043,0.4184,0.3469,0.3992,71.7839,41.8355,39.9153,28.6113,0.0,0.0,9.33,5.72,3.61,None,1.0557739734649658,46.539,True,None,sfc_cache_p5_36,0,None,88.0,0,726.0,74,76,0,0,0,False,95.62243502051983,12.157631578947369,2.1844736842105266,6.947368421052632,0.7104,0.6442,0.1152,0.3427,2771.4483492377594,485.5999999999998,3257.0483492377593,0.33838725377237105,57,4,15
0,1769379775.5476902,671.7,180,0.5043,0.4184,0.3469,0.3992,71.7839,41.8355,39.9153,28.6113,0.0,0.0,15.78,9.48,6.3,None,1.0557739734649658,52.001,True,None,sfc_unique_p5_36,0,None,88.0,0,726.0,74,76,0,0,0,False,95.62841530054644,12.157631578947369,2.1844736842105266,6.947368421052632,0.7104,0.6442,0.1152,0.3427,2771.4483492377594,485.5999999999998,3257.0483492377593,0.33838725377237105,57,4,15
0,1769379775.7977426,672.0,181,0.5072,0.441,0.3635,0.3992,72.7202,44.1034,39.9153,28.8451,0.0,0.0,9.22,4.83,4.39,None,1.3123116493225098,56.004,True,None,sfc_cache_p6_36,0,None,92.0,0,759.0,76,78,0,0,0,False,95.63437926330151,12.076666666666666,2.243846153846154,6.769230769230769,0.7218,0.6505,0.1133,0.3438,2790.077634952045,499.9999999999998,3290.0776349520447,0.3296227543888838,59,4,15
0,1769379775.8027446,672.0,181,0.5072,0.441,0.3635,0.3992,72.7202,44.1034,39.9153,28.8451,0.0,0.0,14.9,5.89,9.01,None,1.3123116493225098,53.521,True,None,sfc_unique_p6_36,0,None,92.0,0,759.0,76,78,0,0,0,False,95.64032697547684,12.076666666666666,2.243846153846154,6.769230769230769,0.7218,0.6505,0.1133,0.3438,2790.077634952045,499.9999999999998,3290.0776349520447,0.3296227543888838,59,4,15
0,1769379776.055459,672.2,181,0.5072,0.441,0.3593,0.3992,72.7202,44.1034,39.9153,28.8451,0.0,0.0,10.88,6.08,4.8,None,0.0,55.19,True,None,sfc_cache_p3_31,0,None,92.0,0,759.0,76,78,0,0,0,False,95.64625850340136,12.076666666666666,2.243846153846154,6.769230769230769,0.7199,0.6505,0.1133,0.3439,2790.077634952045,499.9999999999998,3290.0776349520447,0.3296226537672165,59,4,15
0,1769379776.0604608,672.2,181,0.5072,0.441,0.3593,0.3992,72.7202,44.1034,39.9153,28.8451,0.0,0.0,16.84,7.43,9.41,None,0.0,54.003,True,None,sfc_unique_p3_31,0,None,92.0,0,759.0,76,78,0,0,0,False,95.65217391304348,12.076666666666666,2.243846153846154,6.769230769230769,0.7199,0.6505,0.1133,0.3439,2790.077634952045,499.9999999999998,3290.0776349520447,0.3296226537672165,59,4,15
0,1769379777.8106978,674.0,181,0.5078,0.4044,0.329,0.3742,76.798,40.44,40.4809,27.0176,0.0,0.0,9.63,5.83,3.8,None,0.0010004043579101562,50.01,True,None,sfc_cache_p6_36,0,None,88.0,0,726.0,72,74,0,0,0,True,95.65807327001356,12.30608108108108,2.0047297297297297,6.6891891891891895,0.6889,0.6148,0.1015,0.3368,2573.3940635234735,491.1999999999998,3064.5940635234733,0.33485331344725117,56,3,15
0,1769379777.8156955,674.0,181,0.5078,0.4044,0.329,0.3742,76.798,40.44,40.4809,27.0176,0.0,0.0,13.55,5.45,8.11,None,0.0010004043579101562,48.002,True,None,sfc_unique_p6_36,0,None,88.0,0,726.0,72,74,0,0,0,True,95.6639566395664,12.30608108108108,2.0047297297297297,6.6891891891891895,0.6889,0.6148,0.1015,0.3368,2573.3940635234735,491.1999999999998,3064.5940635234733,0.33485331344725117,56,3,15
0,1769379778.0146956,674.2,181,0.5228,0.4153,0.3442,0.3992,78.8623,41.5304,43.1796,28.0128,0.0,0.0,9.04,4.97,4.07,None,0.2010035514831543,51.0,True,None,sfc_cache_p2_34,0,None,88.0,0,726.0,73,76,0,0,0,True,95.66982408660351,12.3375,2.004605263157895,6.947368421052632,0.7028,0.6202,0.1173,0.3409,2583.1448760911876,495.5999999999998,3078.7448760911875,0.3260299518693664,58,3,15
0,1769379778.0196948,674.2,181,0.5228,0.4153,0.3442,0.3992,78.8623,41.5304,43.1796,28.0128,0.0,0.0,14.64,7.08,7.56,None,0.2010035514831543,57.992,True,None,sfc_unique_p2_34,0,None,88.0,0,726.0,73,76,0,0,0,True,95.67567567567568,12.3375,2.004605263157895,6.947368421052632,0.7028,0.6202,0.1173,0.3409,2583.1448760911876,495.5999999999998,3078.7448760911875,0.3260299518693664,58,3,15
0,1769379778.2676942,674.5,181,0.5398,0.4153,0.3588,0.3992,80.9267,41.5304,43.1796,29.2027,0.0,0.0,10.0,6.22,3.77,None,0.4049992561340332,51.999,True,None,sfc_cache_p6_34,0,None,92.0,0,759.0,76,78,0,0,0,True,95.68151147098516,12.367307692307694,1.9532051282051281,6.769230769230769,0.7336,0.6202,0.1173,0.3423,2591.2049938476175,499.9999999999998,3091.2049938476175,0.3176648711415916,60,3,15
0,1769379778.2727036,674.5,181,0.5398,0.4153,0.3588,0.3992,80.9267,41.5304,43.1796,29.2027,0.0,0.0,15.79,9.44,6.35,None,0.4049992561340332,70.998,True,None,sfc_unique_p6_34,0,None,92.0,0,759.0,76,78,0,0,0,True,95.68733153638814,12.367307692307694,1.9532051282051281,6.769230769230769,0.7336,0.6202,0.1173,0.3423,2591.2049938476175,499.9999999999998,3091.2049938476175,0.3176648711415916,60,3,15
0,1769379781.0994258,677.3,181,0.542,0.4153,0.3595,0.4241,81.394,41.5304,45.8783,29.2027,0.0,0.0,9.86,4.23,5.63,None,0.0010018348693847656,73.52,True,None,sfc_cache_p2_33,0,None,88.0,0,726.0,75,78,0,0,0,True,95.69313593539704,12.418589743589745,1.9532051282051281,7.1923076923076925,0.7225,0.6202,0.1189,0.3376,2575.702850990475,499.9999999999998,3075.702850990475,0.3178293266615641,60,2,16
0,1769379781.103405,677.3,181,0.542,0.4153,0.3595,0.4241,81.394,41.5304,45.8783,29.2027,0.0,0.0,15.5,5.12,10.38,None,0.0010018348693847656,50.996,True,None,sfc_unique_p2_33,0,None,88.0,0,726.0,75,78,0,0,0,True,95.6989247311828,12.418589743589745,1.9532051282051281,7.1923076923076925,0.7225,0.6202,0.1189,0.3376,2575.702850990475,499.9999999999998,3075.702850990475,0.3178293266615641,60,2,16
0,1769379792.6223755,688.8,181,0.5111,0.3435,0.3155,0.3992,72.5151,34.3501,43.1796,28.7377,0.0,0.0,10.5,4.83,5.67,None,0.0010013580322265625,52.001,True,None,sfc_cache_p1_37,0,None,72.0,0,594.0,64,68,0,0,0,True,95.70469798657719,12.588088235294117,1.8530882352941178,7.764705882352941,0.7518,0.5588,0.1288,0.3154,2538.8270175281627,432.3999999999998,2971.2270175281624,0.3246636121176905,52,1,15
0,1769379792.6263733,688.8,181,0.5111,0.3435,0.3155,0.3992,72.5151,34.3501,43.1796,28.7377,0.0,0.0,9.08,4.47,4.62,None,0.0010013580322265625,48.002,True,None,sfc_unique_p1_37,0,None,72.0,0,594.0,64,68,0,0,0,True,95.71045576407506,12.588088235294117,1.8530882352941178,7.764705882352941,0.7518,0.5588,0.1288,0.3154,2538.8270175281627,432.3999999999998,2971.2270175281624,0.3246636121176905,52,1,15
0,1769379792.8393743,689.0,182,0.5195,0.3435,0.3197,0.3992,74.5794,34.3501,43.1796,28.992,0.0,0.0,8.83,4.83,4.0,None,0.22204017639160156,53.003,True,None,sfc_cache_p2_37,0,None,76.0,0,627.0,67,70,0,0,0,True,95.71619812583668,12.614142857142857,1.8001428571428573,7.542857142857143,0.7462,0.5588,0.1266,0.3246,2538.8270175281627,446.7999999999998,2985.6270175281625,0.3153770066437697,54,1,15
0,1769379792.845374,689.0,182,0.5195,0.3435,0.3197,0.3992,74.5794,34.3501,43.1796,28.992,0.0,0.0,13.82,5.98,7.84,None,0.22204017639160156,54.0,True,None,sfc_unique_p2_37,0,None,76.0,0,627.0,67,70,0,0,0,True,95.72192513368985,12.614142857142857,1.8001428571428573,7.542857142857143,0.7462,0.5588,0.1266,0.3246,2538.8270175281627,446.7999999999998,2985.6270175281625,0.3153770066437697,54,1,15
0,1769379793.093884,689.3,183,0.5228,0.368,0.3327,0.4241,76.0596,36.8035,45.8783,29.0229,0.0,0.0,8.75,4.66,4.09,None,0.44204044342041016,51.002,True,None,sfc_cache_p3_37,0,None,76.0,0,627.0,68,72,0,0,0,True,95.72763684913218,12.569305555555555,1.8751388888888887,7.791666666666667,0.7415,0.6491,0.1301,0.3333,2558.349794100831,461.19999999999976,3019.5497941008307,0.30626449832460456,56,1,15
0,1769379793.0968838,689.3,183,0.5228,0.368,0.3327,0.4241,76.0596,36.8035,45.8783,29.0229,0.0,0.0,12.94,4.73,8.21,None,0.44204044342041016,62.513,True,None,sfc_unique_p3_37,0,None,76.0,0,627.0,68,72,0,0,0,True,95.73333333333333,12.569305555555555,1.8751388888888887,7.791666666666667,0.7415,0.6491,0.1301,0.3333,2558.349794100831,461.19999999999976,3019.5497941008307,0.30626449832460456,56,1,15
0,1769379793.3464463,689.5,184,0.5258,0.3917,0.3487,0.4241,77.1111,39.1669,45.8783,29.2533,0.0,0.0,9.96,5.2,4.76,None,0.6925504207611084,57.621,True,None,sfc_cache_p4_37,0,None,80.0,0,660.0,70,74,0,0,0,True,95.73901464713715,12.477297297297296,1.9416216216216218,7.581081081081081,0.7372,0.6482,0.1279,0.3384,2563.0097941008307,475.59999999999974,3038.6097941008306,0.29735247117784463,58,1,15
0,1769379793.351444,689.5,184,0.5258,0.3917,0.3487,0.4241,77.1111,39.1669,45.8783,29.2533,0.0,0.0,16.51,6.64,9.86,None,0.6925504207611084,61.994,True,None,sfc_unique_p4_37,0,None,80.0,0,660.0,70,74,0,0,0,True,95.74468085106383,12.477297297297296,1.9416216216216218,7.581081081081081,0.7372,0.6482,0.1279,0.3384,2563.0097941008307,475.59999999999974,3038.6097941008306,0.29735247117784463,58,1,15
0,1769379795.059397,691.2,185,0.5237,0.4398,0.3577,0.4241,77.1111,43.9838,45.8783,29.4714,0.0,0.0,9.28,5.2,4.09,None,0.9471094608306885,63.521,True,None,sfc_cache_p5_37,0,None,84.0,0,693.0,73,76,0,0,0,True,95.75033200531209,12.27171052631579,2.1230263157894735,7.381578947368421,0.7411,0.7101,0.1257,0.3387,2586.939913277429,489.9999999999997,3076.9399132774283,0.28951837728685625,60,1,15
0,1769379795.0643919,691.3,185,0.5237,0.4398,0.3577,0.4241,77.1111,43.9838,45.8783,29.4714,0.0,0.0,11.7,4.03,7.68,None,0.9471094608306885,51.001,True,None,sfc_unique_p5_37,0,None,84.0,0,693.0,73,76,0,0,0,True,95.75596816976127,12.27171052631579,2.1230263157894735,7.381578947368421,0.7411,0.7101,0.1257,0.3387,2586.939913277429,489.9999999999997,3076.9399132774283,0.28951837728685625,60,1,15
0,1769379795.2843912,691.5,186,0.5332,0.4398,0.3681,0.4241,79.1754,43.9838,45.8783,29.8744,0.0,0.0,10.17,6.08,4.09,None,2.6580562591552734,56.073,True,None,sfc_cache_p6_37,0,None,88.0,0,726.0,75,78,0,0,0,True,95.76158940397352,12.30320512820513,2.0685897435897433,7.1923076923076925,0.741,0.7101,0.1237,0.3367,2595.225627563143,504.3999999999997,3099.6256275631426,0.2816841328092904,62,1,15
0,1769379795.288393,691.5,186,0.5332,0.4398,0.3681,0.4241,79.1754,43.9838,45.8783,29.8744,0.0,0.0,17.21,9.22,7.99,None,2.6580562591552734,54.996,True,None,sfc_unique_p6_37,0,None,88.0,0,726.0,75,78,0,0,0,True,95.76719576719577,12.30320512820513,2.0685897435897433,7.1923076923076925,0.741,0.7101,0.1237,0.3367,2595.225627563143,504.3999999999997,3099.6256275631426,0.2816841328092904,62,1,15
0,1769379801.1640606,697.4,186,0.5154,0.4066,0.3752,0.449,73.2623,40.6587,44.9047,30.2273,0.0,0.0,10.78,6.5,4.29,None,0.0010046958923339844,65.024,True,None,sfc_cache_p1_36,0,None,84.0,0,693.0,73,78,0,0,0,False,95.77278731836195,12.35448717948718,2.0685897435897433,7.615384615384615,0.7425,0.651,0.1341,0.3361,2757.5849132774288,508.79999999999967,3266.3849132774285,0.2701124954789936,62,1,15
0,1769379801.1680584,697.4,186,0.5154,0.4066,0.3752,0.449,73.2623,40.6587,44.9047,30.2273,0.0,0.0,17.61,8.58,9.03,None,0.0010046958923339844,51.003,True,None,sfc_unique_p1_36,0,None,84.0,0,693.0,73,78,0,0,0,False,95.77836411609498,12.35448717948718,2.0685897435897433,7.615384615384615,0.7425,0.651,0.1341,0.3361,2757.5849132774288,508.79999999999967,3266.3849132774285,0.2701124954789936,62,1,15
0,1769379806.2095072,702.4,186,0.4901,0.4066,0.3632,0.449,66.5299,40.6587,44.9047,30.4697,0.0,0.0,9.14,4.66,4.48,None,0.0,58.997,True,None,sfc_cache_p1_32,0,None,72.0,0,594.0,64,72,0,0,0,False,95.78392621870883,12.259027777777778,2.240972222222222,8.25,0.7668,0.651,0.1408,0.3277,2740.7264548344633,465.59999999999974,3206.326454834463,0.2648911466262077,58,1,13
0,1769379806.2145731,702.4,186,0.4901,0.4066,0.3632,0.449,66.5299,40.6587,44.9047,30.4697,0.0,0.0,8.72,4.84,3.88,None,0.0,59.014,True,None,sfc_unique_p1_32,0,None,72.0,0,594.0,64,72,0,0,0,False,95.78947368421052,12.259027777777778,2.240972222222222,8.25,0.7668,0.651,0.1408,0.3277,2740.7264548344633,465.59999999999974,3206.326454834463,0.2648911466262077,58,1,13
0,1769379816.7375758,712.9,186,0.4918,0.4066,0.3608,0.449,66.8895,40.6587,44.9047,30.3056,0.0,0.0,10.57,5.65,4.92,None,0.0010123252868652344,52.078,True,None,sfc_cache_p1_38,0,None,72.0,0,594.0,65,72,0,0,0,False,95.79500657030223,12.259027777777778,2.240972222222222,8.25,0.7634,0.651,0.1408,0.3157,2740.7264548344633,465.59999999999974,3206.326454834463,0.2787486654040775,57,1,14
0,1769379816.7415755,712.9,186,0.4918,0.4066,0.3608,0.449,66.8895,40.6587,44.9047,30.3056,0.0,0.0,8.95,4.84,4.11,None,0.0010123252868652344,63.0,True,None,sfc_unique_p1_38,0,None,72.0,0,594.0,65,72,0,0,0,False,95.8005249343832,12.259027777777778,2.240972222222222,8.25,0.7634,0.651,0.1408,0.3157,2740.7264548344633,465.59999999999974,3206.326454834463,0.2787486654040775,57,1,14
0,1769379817.0097194,713.2,187,0.4999,0.4066,0.3651,0.449,69.1574,40.6587,44.9047,30.1292,0.0,0.0,10.49,4.33,6.15,None,0.24607038497924805,64.103,True,None,sfc_cache_p2_38,0,None,76.0,0,627.0,67,74,0,0,0,False,95.80602883355176,12.292567567567568,2.180405405405405,8.027027027027026,0.7593,0.651,0.1385,0.3129,2757.5849132774288,475.59999999999974,3233.1849132774287,0.28471029189552177,58,1,15
0,1769379817.0167189,713.2,187,0.4999,0.4066,0.3651,0.449,69.1574,40.6587,44.9047,30.1292,0.0,0.0,10.61,5.23,5.39,None,0.24607038497924805,48.013,True,None,sfc_unique_p2_38,0,None,76.0,0,627.0,67,74,0,0,0,False,95.81151832460732,12.292567567567568,2.180405405405405,8.027027027027026,0.7593,0.651,0.1385,0.3129,2757.5849132774288,475.59999999999974,3233.1849132774287,0.28471029189552177,58,1,15
0,1769379817.2967181,713.5,188,0.5082,0.4066,0.371,0.474,71.8573,40.6587,47.3995,29.76,0.0,0.0,8.96,4.66,4.3,None,0.5232138633728027,59.999,True,None,sfc_cache_p3_38,0,None,76.0,0,627.0,69,76,0,0,0,False,95.81699346405229,12.376973684210526,2.1230263157894735,8.25,0.7472,0.651,0.1379,0.3086,2757.5849132774288,485.59999999999974,3243.1849132774287,0.29034407672617035,59,1,16
0,1769379817.3017156,713.5,188,0.5082,0.4066,0.371,0.474,71.8573,40.6587,47.3995,29.76,0.0,0.0,8.38,4.77,3.61,None,0.5232138633728027,58.999,True,None,sfc_unique_p3_38,0,None,76.0,0,627.0,69,76,0,0,0,False,95.822454308094,12.376973684210526,2.1230263157894735,8.25,0.7472,0.651,0.1379,0.3086,2757.5849132774288,485.59999999999974,3243.1849132774287,0.29034407672617035,59,1,16
0,1769379817.512719,713.7,189,0.5141,0.4066,0.3799,0.474,73.7656,40.6587,47.3995,29.7631,0.0,0.0,9.11,4.23,4.88,None,0.8082115650177002,47.004,True,None,sfc_cache_p4_38,0,None,80.0,0,660.0,72,78,0,0,0,False,95.82790091264668,12.40576923076923,2.0685897435897433,8.038461538461538,0.7403,0.651,0.1357,0.3007,2757.5849132774288,499.9999999999997,3257.5849132774283,0.28288998871689924,61,1,16
0,1769379817.5177188,713.7,189,0.5141,0.4066,0.3799,0.474,73.7656,40.6587,47.3995,29.7631,0.0,0.0,14.59,5.55,9.04,None,0.8082115650177002,50.004,True,None,sfc_unique_p4_38,0,None,80.0,0,660.0,72,78,0,0,0,False,95.83333333333334,12.40576923076923,2.0685897435897433,8.038461538461538,0.7403,0.651,0.1357,0.3007,2757.5849132774288,499.9999999999997,3257.5849132774283,0.28288998871689924,61,1,16
0,1769379817.7557325,713.9,190,0.5122,0.4595,0.4032,0.474,74.2332,45.9505,47.3995,29.3621,0.0,0.0,13.45,5.43,8.01,None,1.0242133140563965,54.001,True,None,sfc_cache_p5_38,0,None,84.0,0,693.0,73,80,0,0,0,False,95.83875162548765,12.170625,2.279375,7.8375,0.7299,0.6645,0.1336,0.2994,2782.964999951318,509.9999999999997,3292.9649999513176,0.2877841992306376,62,3,15
0,1769379817.759718,713.9,190,0.5122,0.4595,0.4032,0.474,74.2332,45.9505,47.3995,29.3621,0.0,0.0,7.34,1.61,5.73,None,1.0242133140563965,57.0,True,None,sfc_unique_p5_38,0,None,84.0,0,693.0,73,80,0,0,0,False,95.84415584415584,12.170625,2.279375,7.8375,0.7299,0.6645,0.1336,0.2994,2782.964999951318,509.9999999999997,3292.9649999513176,0.2877841992306376,62,3,15
0,1769379818.0699258,714.3,191,0.5122,0.4595,0.4032,0.474,74.2332,45.9505,47.3995,29.3621,0.0,0.0,None,None,None,None,1.26419997215271,52.212,False,None,sfc_cache_p6_38,0,None,84.0,0,693.0,73,80,0,0,0,False,95.71984435797665,12.170625,2.279375,7.8375,0.7299,0.6645,0.1336,0.2994,2782.964999951318,509.9999999999997,3292.9649999513176,0.2877841992306376,62,3,15
0,1769379818.0769289,714.3,191,0.5122,0.4595,0.4032,0.474,74.2332,45.9505,47.3995,29.3621,0.0,0.0,None,None,None,None,1.26419997215271,56.996,False,None,sfc_unique_p6_38,0,None,84.0,0,693.0,73,80,0,0,0,False,95.59585492227978,12.170625,2.279375,7.8375,0.7299,0.6645,0.1336,0.2994,2782.964999951318,509.9999999999997,3292.9649999513176,0.2877841992306376,62,3,15
0,1769379826.2794642,722.5,191,0.4849,0.368,0.3395,0.4241,64.0449,36.7957,42.41,30.6295,0.0,0.0,9.93,4.66,5.26,None,0.0011780261993408203,49.001,True,None,sfc_cache_p6_36,0,None,68.0,0,561.0,60,68,0,0,0,False,95.60155239327295,12.35264705882353,2.1473529411764707,8.25,0.7753,0.6231,0.1456,0.2845,2739.2635845357477,441.1999999999998,3180.4635845357475,0.26785921952625924,54,1,13
0,1769379826.2834642,722.5,191,0.4849,0.368,0.3395,0.4241,64.0449,36.7957,42.41,30.6295,0.0,0.0,9.85,5.3,4.54,None,0.0011780261993408203,56.019,True,None,sfc_unique_p6_36,0,None,68.0,0,561.0,60,68,0,0,0,False,95.60723514211887,12.35264705882353,2.1473529411764707,8.25,0.7753,0.6231,0.1456,0.2845,2739.2635845357477,441.1999999999998,3180.4635845357475,0.26785921952625924,54,1,13
0,1769379829.4442315,725.6,191,0.4201,0.3026,0.2508,0.3493,58.8065,30.2611,37.7821,24.3237,0.0,0.0,4.7,3.31,1.39,None,0.0,47.003,True,None,sfc_cache_p4_37,0,None,56.0,0,462.0,49,56,0,0,0,True,95.61290322580646,12.517678571428572,1.9823214285714286,8.25,0.6575,0.4719,0.103,0.2272,2428.9187596209663,423.5999999999999,2852.518759620966,0.27982654917613464,42,0,14
0,1769379829.4492283,725.6,191,0.4201,0.3026,0.2508,0.3493,58.8065,30.2611,37.7821,24.3237,0.0,0.0,7.09,4.47,2.62,None,0.0,56.997,True,None,sfc_unique_p4_37,0,None,56.0,0,462.0,49,56,0,0,0,True,95.61855670103093,12.517678571428572,1.9823214285714286,8.25,0.6575,0.4719,0.103,0.2272,2428.9187596209663,423.5999999999999,2852.518759620966,0.27982654917613464,42,0,14
0,1769379829.666763,725.9,191,0.4387,0.3026,0.2561,0.3742,62.4282,30.2611,40.4809,24.3237,0.0,0.0,6.15,4.09,2.06,None,0.23099756240844727,45.527,True,None,sfc_cache_p1_36,0,None,56.0,0,462.0,50,58,0,0,0,True,95.62419562419564,12.62051724137931,1.9139655172413794,8.53448275862069,0.637,0.4719,0.1032,0.2303,2428.9187596209663,423.5999999999999,2852.518759620966,0.30458746216668414,42,0,16
0,1769379829.6707637,725.9,191,0.4387,0.3026,0.2561,0.3742,62.4282,30.2611,40.4809,24.3237,0.0,0.0,8.84,4.94,3.9,None,0.23099756240844727,52.985,True,None,sfc_unique_p1_36,0,None,56.0,0,462.0,50,58,0,0,0,True,95.62982005141389,12.62051724137931,1.9139655172413794,8.53448275862069,0.637,0.4719,0.1032,0.2303,2428.9187596209663,423.5999999999999,2852.518759620966,0.30458746216668414,42,0,16
0,1769379829.8992908,726.1,191,0.4556,0.3026,0.2586,0.3992,65.3488,30.2611,43.1796,24.8708,0.0,0.0,9.64,6.36,3.28,None,0.4545278549194336,52.996,True,None,sfc_cache_p5_36,0,None,56.0,0,462.0,51,60,0,0,0,True,95.63543003851092,12.7165,1.8501666666666667,8.8,0.6568,0.4719,0.1197,0.2348,2451.5609024781093,423.5999999999999,2875.160902478109,0.3101594770027719,43,1,16
0,1769379829.9042873,726.1,191,0.4556,0.3026,0.2586,0.3992,65.3488,30.2611,43.1796,24.8708,0.0,0.0,10.32,7.63,2.68,None,0.4545278549194336,56.005,True,None,sfc_unique_p5_36,0,None,56.0,0,462.0,51,60,0,0,0,True,95.64102564102565,12.7165,1.8501666666666667,8.8,0.6568,0.4719,0.1197,0.2348,2451.5609024781093,423.5999999999999,2875.160902478109,0.3101594770027719,43,1,16
0,1769379830.140812,726.3,191,0.4717,0.3026,0.2611,0.3992,67.8022,30.2611,43.1796,25.6037,0.0,0.0,9.44,6.36,3.08,None,0.6880557537078857,54.006,True,None,sfc_cache_p2_36,0,None,60.0,0,495.0,54,62,0,0,0,True,95.64660691421255,12.741774193548387,1.790483870967742,8.516129032258064,0.6577,0.4719,0.1197,0.2383,2454.986616763824,423.5999999999999,2878.5866167638237,0.3151463765216962,44,2,16
0,1769379830.1458058,726.3,191,0.4717,0.3026,0.2611,0.3992,67.8022,30.2611,43.1796,25.6037,0.0,0.0,10.16,7.63,2.52,None,0.6880557537078857,66.512,True,None,sfc_unique_p2_36,0,None,60.0,0,495.0,54,62,0,0,0,True,95.65217391304348,12.741774193548387,1.790483870967742,8.516129032258064,0.6577,0.4719,0.1197,0.2383,2454.986616763824,423.5999999999999,2878.5866167638237,0.3151463765216962,44,2,16
0,1769379830.3968115,726.6,191,0.4921,0.3026,0.2683,0.4241,70.7229,30.2611,45.8783,26.5391,0.0,0.0,11.16,6.5,4.66,None,0.9315812587738037,61.002,True,None,sfc_cache_p5_33,0,None,60.0,0,495.0,56,64,0,0,0,True,95.65772669220945,12.82796875,1.73453125,8.765625,0.6656,0.4719,0.1363,0.2433,2459.272331049538,423.5999999999999,2882.872331049538,0.32085178791787566,45,2,17
0,1769379830.4028087,726.6,191,0.4921,0.3026,0.2683,0.4241,70.7229,30.2611,45.8783,26.5391,0.0,0.0,9.39,4.84,4.55,None,0.9315812587738037,63.995,True,None,sfc_unique_p5_33,0,None,60.0,0,495.0,56,64,0,0,0,True,95.66326530612244,12.82796875,1.73453125,8.765625,0.6656,0.4719,0.1363,0.2433,2459.272331049538,423.5999999999999,2882.872331049538,0.32085178791787566,45,2,17
0,1769379830.7106657,726.9,191,0.5145,0.3026,0.278,0.449,73.6436,30.2611,48.577,27.7037,0.0,0.0,11.84,7.25,4.59,None,1.1895725727081299,77.445,True,None,sfc_cache_p1_34,0,None,60.0,0,495.0,57,66,0,0,0,True,95.6687898089172,12.908939393939393,1.6819696969696971,9.0,0.6747,0.4719,0.1347,0.2487,2462.368085620347,427.9999999999999,2890.368085620347,0.3248230541629082,47,2,17
0,1769379830.7156644,726.9,191,0.5145,0.3026,0.278,0.449,73.6436,30.2611,48.577,27.7037,0.0,0.0,11.51,7.03,4.47,None,1.1895725727081299,69.007,True,None,sfc_unique_p1_34,0,None,60.0,0,495.0,57,66,0,0,0,True,95.67430025445293,12.908939393939393,1.6819696969696971,9.0,0.6747,0.4719,0.1347,0.2487,2462.368085620347,427.9999999999999,2890.368085620347,0.3248230541629082,47,2,17
0,1769379831.0238783,727.2,191,0.5258,0.3271,0.289,0.474,75.1238,32.7145,51.2758,28.6462,0.0,0.0,9.18,4.76,4.42,None,1.5034356117248535,64.286,True,None,sfc_cache_p3_33,0,None,60.0,0,495.0,59,68,0,0,0,True,95.67979669631512,12.85279411764706,1.7648529411764706,9.220588235294118,0.696,0.4684,0.1361,0.2547,2477.2740359376353,432.39999999999986,2909.6740359376354,0.315209102234918,49,2,17
0,1769379831.0278769,727.2,191,0.5258,0.3271,0.289,0.474,75.1238,32.7145,51.2758,28.6462,0.0,0.0,13.58,6.74,6.83,None,1.5034356117248535,79.998,True,None,sfc_unique_p3_33,0,None,60.0,0,495.0,59,68,0,0,0,True,95.68527918781726,12.85279411764706,1.7648529411764706,9.220588235294118,0.696,0.4684,0.1361,0.2547,2477.2740359376353,432.39999999999986,2909.6740359376354,0.315209102234918,49,2,17
0,1769379831.8969767,728.1,191,0.5027,0.3038,0.2617,0.449,75.9619,30.3824,52.9035,25.6037,0.0,0.0,12.02,5.14,6.88,None,0.0,63.998,True,None,sfc_cache_p3_34,0,None,52.0,0,429.0,54,62,0,0,0,True,95.69074778200253,13.010645161290322,1.6506451612903226,9.580645161290322,0.6299,0.429,0.1247,0.2527,2237.6563866076485,423.5999999999999,2661.2563866076484,0.30228351031483913,45,0,17
0,1769379831.901972,728.1,191,0.5027,0.3038,0.2617,0.449,75.9619,30.3824,52.9035,25.6037,0.0,0.0,10.66,4.39,6.27,None,0.0,48.995,True,None,sfc_unique_p3_34,0,None,52.0,0,429.0,54,62,0,0,0,True,95.69620253164557,13.010645161290322,1.6506451612903226,9.580645161290322,0.6299,0.429,0.1247,0.2527,2237.6563866076485,423.5999999999999,2661.2563866076484,0.30228351031483913,45,0,17
0,1769379832.1115048,728.3,191,0.5161,0.3414,0.2804,0.474,77.107,34.1438,55.8425,26.9489,0.0,0.0,8.47,4.68,3.79,None,0.24599623680114746,58.01,True,None,sfc_cache_p2_36,0,None,52.0,0,429.0,56,64,0,0,0,True,95.70164348925411,12.89046875,1.79703125,9.796875,0.6486,0.5491,0.1429,0.2661,2261.880446132493,427.9999999999999,2689.880446132493,0.2928308605836227,47,0,17
0,1769379832.1154952,728.3,191,0.5161,0.3414,0.2804,0.474,77.107,34.1438,55.8425,26.9489,0.0,0.0,13.42,6.3,7.12,None,0.24599623680114746,54.998,True,None,sfc_unique_p2_36,0,None,52.0,0,429.0,56,64,0,0,0,True,95.70707070707071,12.89046875,1.79703125,9.796875,0.6486,0.5491,0.1429,0.2661,2261.880446132493,427.9999999999999,2689.880446132493,0.2928308605836227,47,0,17
0,1769379832.350178,728.5,191,0.5309,0.3414,0.2961,0.474,79.3552,34.1438,55.8425,27.8827,0.0,0.0,7.2,3.26,3.94,None,0.46051692962646484,54.003,True,None,sfc_cache_p5_36,0,None,52.0,4,462.0,59,66,0,0,0,True,95.7124842370744,12.908939393939393,1.7425757575757577,9.5,0.6818,0.5491,0.1429,0.2764,2280.812588989636,432.39999999999986,2713.212588989636,0.28395719814169473,49,0,17
0,1769379832.3561816,728.5,191,0.5309,0.3414,0.2961,0.474,79.3552,34.1438,55.8425,27.8827,0.0,0.0,15.03,6.92,8.11,None,0.46051692962646484,62.684,True,None,sfc_unique_p5_36,0,None,52.0,4,462.0,59,66,0,0,0,True,95.71788413098237,12.908939393939393,1.7425757575757577,9.5,0.6818,0.5491,0.1429,0.2764,2280.812588989636,432.39999999999986,2713.212588989636,0.28395719814169473,49,0,17
0,1769379834.182764,730.4,191,0.5394,0.3929,0.3227,0.4989,80.4583,39.2887,58.7816,28.4934,0.0,0.0,7.21,2.67,4.54,None,0.7042069435119629,62.507,True,None,sfc_cache_p6_35,0,None,52.0,4,462.0,61,68,0,0,0,True,95.72327044025157,12.730294117647059,1.9461764705882354,9.705882352941176,0.6915,0.6818,0.1612,0.2699,2315.0943038071578,432.39999999999986,2747.494303807158,0.2751669696081209,51,0,17
0,1769379834.1867635,730.4,191,0.5394,0.3929,0.3227,0.4989,80.4583,39.2887,58.7816,28.4934,0.0,0.0,15.38,5.08,10.29,None,0.7042069435119629,58.003,True,None,sfc_unique_p6_35,0,None,52.0,4,462.0,61,68,0,0,0,True,95.7286432160804,12.730294117647059,1.9461764705882354,9.705882352941176,0.6915,0.6818,0.1612,0.2699,2315.0943038071578,432.39999999999986,2747.494303807158,0.2751669696081209,51,0,17
0,1769379834.8516493,731.0,191,0.5481,0.3929,0.3383,0.5239,83.2154,39.2887,61.7207,28.5435,0.0,0.0,10.8,5.14,5.66,None,0.0,53.996,True,None,sfc_cache_p1_39,0,None,52.0,4,462.0,61,70,0,0,0,True,95.73400250941029,12.80942857142857,1.8905714285714286,9.9,0.7178,0.6818,0.1578,0.285,2335.306325809017,446.79999999999984,2782.1063258090167,0.26691418305572306,53,0,17
0,1769379834.8566585,731.0,191,0.5481,0.3929,0.3383,0.5239,83.2154,39.2887,61.7207,28.5435,0.0,0.0,20.31,10.16,10.14,None,0.0,59.004,True,None,sfc_unique_p1_39,0,None,52.0,4,462.0,61,70,0,0,0,True,95.73934837092732,12.80942857142857,1.8905714285714286,9.9,0.7178,0.6818,0.1578,0.285,2335.306325809017,446.79999999999984,2782.1063258090167,0.26691418305572306,53,0,17
0,1769379835.1017597,731.3,192,0.5585,0.3929,0.3546,0.5488,85.9726,39.2887,64.6598,28.7943,0.0,0.0,10.94,5.24,5.7,None,0.2555241584777832,60.121,True,None,sfc_cache_p2_39,0,None,52.0,4,462.0,62,72,0,0,0,True,95.74468085106383,12.884166666666667,1.8380555555555556,10.083333333333334,0.7266,0.6818,0.1562,0.2962,2355.161919239448,461.1999999999998,2816.3619192394476,0.25867230431828453,55,0,17
0,1769379835.1047685,731.3,192,0.5585,0.3929,0.3546,0.5488,85.9726,39.2887,64.6598,28.7943,0.0,0.0,21.39,11.18,10.21,None,0.2555241584777832,57.009,True,None,sfc_unique_p2_39,0,None,52.0,4,462.0,62,72,0,0,0,True,95.75,12.884166666666667,1.8380555555555556,10.083333333333334,0.7266,0.6818,0.1562,0.2962,2355.161919239448,461.1999999999998,2816.3619192394476,0.25867230431828453,55,0,17
0,1769379835.3532677,731.5,193,0.5683,0.3929,0.3697,0.5488,88.2208,39.2887,64.6598,29.2341,0.0,0.0,12.74,7.39,5.35,None,0.5027101039886475,68.509,True,None,sfc_cache_p3_39,0,None,56.0,4,495.0,65,74,0,0,0,True,95.75530586766541,12.90081081081081,1.7883783783783784,9.81081081081081,0.7382,0.6818,0.1534,0.3041,2364.0060469122095,475.5999999999998,2839.6060469122094,0.2513002176874907,57,0,17
0,1769379835.3572662,731.5,193,0.5683,0.3929,0.3697,0.5488,88.2208,39.2887,64.6598,29.2341,0.0,0.0,21.12,11.59,9.53,None,0.5027101039886475,56.997,True,None,sfc_unique_p3_39,0,None,56.0,4,495.0,65,74,0,0,0,True,95.76059850374065,12.90081081081081,1.7883783783783784,9.81081081081081,0.7382,0.6818,0.1534,0.3041,2364.0060469122095,475.5999999999998,2839.6060469122094,0.2513002176874907,57,0,17
0,1769379835.6492686,731.8,194,0.5706,0.4196,0.3834,0.5488,89.3239,41.9606,64.6598,29.4541,0.0,0.0,12.16,6.5,5.66,None,0.7561469078063965,58.002,True,None,sfc_cache_p4_39,0,None,60.0,4,528.0,68,76,0,0,0,True,95.76587795765879,12.79815789473684,1.8597368421052631,9.552631578947368,0.7437,0.6676,0.1508,0.3083,2371.4374754836376,489.9999999999998,2861.437475483637,0.24467968874390403,59,0,17
0,1769379835.654266,731.8,194,0.5706,0.4196,0.3834,0.5488,89.3239,41.9606,64.6598,29.4541,0.0,0.0,15.98,5.86,10.12,None,0.7561469078063965,61.002,True,None,sfc_unique_p4_39,0,None,60.0,4,528.0,68,76,0,0,0,True,95.77114427860697,12.79815789473684,1.8597368421052631,9.552631578947368,0.7437,0.6676,0.1508,0.3083,2371.4374754836376,489.9999999999998,2861.437475483637,0.24467968874390403,59,0,17
0,1769379835.9073014,732.1,195,0.5779,0.4196,0.395,0.5488,91.5721,41.9606,64.6598,29.6625,0.0,0.0,11.25,5.67,5.58,None,1.0551526546478271,65.0,True,None,sfc_cache_p5_39,0,None,64.0,4,561.0,71,78,0,0,0,True,95.77639751552796,12.816153846153847,1.8120512820512822,9.307692307692308,0.7394,0.6676,0.1482,0.3097,2374.2889040550667,504.39999999999975,2878.6889040550664,0.23823805279768406,61,1,16
0,1769379835.9102988,732.1,195,0.5779,0.4196,0.395,0.5488,91.5721,41.9606,64.6598,29.6625,0.0,0.0,19.12,9.16,9.96,None,1.0551526546478271,55.031,True,None,sfc_unique_p5_39,0,None,64.0,4,561.0,71,78,0,0,0,True,95.7816377171216,12.816153846153847,1.8120512820512822,9.307692307692308,0.7394,0.6676,0.1482,0.3097,2374.2889040550667,504.39999999999975,2878.6889040550664,0.23823805279768406,61,1,16
0,1769379836.17435,732.4,196,0.573,0.4721,0.4171,0.5488,91.5721,47.2064,64.6598,29.6687,0.0,0.0,10.76,5.96,4.79,None,1.3091790676116943,56.002,True,None,sfc_cache_p6_39,0,None,68.0,4,594.0,73,80,0,0,0,True,95.78686493184635,12.612375,1.987625,9.075,0.7407,0.718,0.1458,0.3114,2407.9698357993784,518.7999999999997,2926.769835799378,0.23227571781354364,63,1,16
0,1769379836.1773522,732.4,196,0.573,0.4721,0.4171,0.5488,91.5721,47.2064,64.6598,29.6687,0.0,0.0,12.24,3.49,8.75,None,1.3091790676116943,61.004,True,None,sfc_unique_p6_39,0,None,68.0,4,594.0,73,80,0,0,0,True,95.79207920792079,12.612375,1.987625,9.075,0.7407,0.718,0.1458,0.3114,2407.9698357993784,518.7999999999997,2926.769835799378,0.23227571781354364,63,1,16
0,1769379836.4778607,732.7,196,0.5511,0.4721,0.4119,0.4989,87.8823,47.2064,58.7816,28.8683,0.0,0.0,9.25,4.23,5.02,None,0.0,65.519,True,None,sfc_cache_p5_33,0,None,72.0,4,627.0,72,78,0,0,0,True,95.7972805933251,12.487051282051283,2.0385897435897435,8.461538461538462,0.7345,0.718,0.1447,0.3076,2401.689835799378,518.7999999999997,2920.489835799378,0.22565189954705006,62,0,16
0,1769379836.4838634,732.7,196,0.5511,0.4721,0.4119,0.4989,87.8823,47.2064,58.7816,28.8683,0.0,0.0,14.75,5.58,9.18,None,0.0,57.998,True,None,sfc_unique_p5_33,0,None,72.0,4,627.0,72,78,0,0,0,True,95.80246913580247,12.487051282051283,2.0385897435897435,8.461538461538462,0.7345,0.718,0.1447,0.3076,2401.689835799378,518.7999999999997,2920.489835799378,0.22565189954705006,62,0,16
0,1769379836.7528658,732.9,196,0.5707,0.4721,0.4214,0.5239,90.6395,47.2064,61.7207,30.0103,0.0,0.0,11.45,7.39,4.07,None,0.28549909591674805,72.004,True,None,sfc_cache_p4_33,0,None,72.0,4,627.0,74,80,0,0,0,True,95.80764488286067,12.562375,1.987625,8.6625,0.7507,0.718,0.1458,0.313,2415.684121513664,523.1999999999997,2938.884121513664,0.21997356596993894,64,0,16
0,1769379836.756863,732.9,196,0.5707,0.4721,0.4214,0.5239,90.6395,47.2064,61.7207,30.0103,0.0,0.0,16.29,8.34,7.95,None,0.28549909591674805,56.002,True,None,sfc_unique_p4_33,0,None,72.0,4,627.0,74,80,0,0,0,True,95.8128078817734,12.562375,1.987625,8.6625,0.7507,0.718,0.1458,0.313,2415.684121513664,523.1999999999997,2938.884121513664,0.21997356596993894,64,0,16
0,1769379840.9965165,737.2,196,0.5456,0.5057,0.3776,0.5239,89.2555,50.5712,64.3633,27.9175,0.0,0.0,7.88,3.09,4.79,None,0.0,60.999,True,None,sfc_cache_p6_35,0,None,64.0,4,561.0,69,76,0,0,0,True,95.8179581795818,12.455921052631581,2.1493421052631576,9.118421052631579,0.7178,0.7124,0.1508,0.3036,2321.2285023741647,514.3999999999997,2835.6285023741643,0.22090367677471798,60,1,15
0,1769379841.0015159,737.2,196,0.5456,0.5057,0.3776,0.5239,89.2555,50.5712,64.3633,27.9175,0.0,0.0,12.89,3.69,9.2,None,0.0,51.01,True,None,sfc_unique_p6_35,0,None,64.0,4,561.0,69,76,0,0,0,True,95.82309582309583,12.455921052631581,2.1493421052631576,9.118421052631579,0.7178,0.7124,0.1508,0.3036,2321.2285023741647,514.3999999999997,2835.6285023741643,0.22090367677471798,60,1,15
0,1769379841.2320385,737.4,196,0.554,0.5336,0.3996,0.5239,90.4059,53.3575,64.3633,28.6856,0.0,0.0,11.94,5.96,5.97,None,0.22798943519592285,48.519,True,None,sfc_cache_p2_39,0,None,68.0,4,594.0,72,78,0,0,0,True,95.8282208588957,12.367307692307692,2.2096153846153848,8.884615384615385,0.7392,0.7514,0.1508,0.3046,2341.4771358402377,518.7999999999997,2860.2771358402374,0.2148890365953089,62,1,15
0,1769379841.236042,737.4,196,0.554,0.5336,0.3996,0.5239,90.4059,53.3575,64.3633,28.6856,0.0,0.0,19.17,7.39,11.78,None,0.22798943519592285,55.995,True,None,sfc_unique_p2_39,0,None,68.0,4,594.0,72,78,0,0,0,True,95.83333333333334,12.367307692307692,2.2096153846153848,8.884615384615385,0.7392,0.7514,0.1508,0.3046,2341.4771358402377,518.7999999999997,2860.2771358402374,0.2148890365953089,62,1,15
0,1769379841.4665916,737.7,196,0.5695,0.5336,0.4163,0.5239,92.7503,53.3575,64.3633,29.6304,0.0,0.0,13.55,5.72,7.83,None,0.4625227451324463,71.517,True,None,sfc_cache_p6_34,0,None,72.0,4,627.0,75,80,0,0,0,True,95.83843329253367,12.395624999999999,2.154375,8.6625,0.7486,0.7514,0.1508,0.3108,2345.3569003273774,523.1999999999997,2868.556900327377,0.2091756730547832,64,1,15
0,1769379841.4715874,737.7,196,0.5695,0.5336,0.4163,0.5239,92.7503,53.3575,64.3633,29.6304,0.0,0.0,24.08,9.66,14.42,None,0.4625227451324463,56.517,True,None,sfc_unique_p6_34,0,None,72.0,4,627.0,75,80,0,0,0,True,95.84352078239608,12.395624999999999,2.154375,8.6625,0.7486,0.7514,0.1508,0.3108,2345.3569003273774,523.1999999999997,2868.556900327377,0.2091756730547832,64,1,15
0,1769379841.716592,737.9,196,0.5622,0.5728,0.4277,0.5239,90.6274,57.28,64.3633,29.9676,0.0,0.0,8.5,3.98,4.52,None,0.000997781753540039,57.005,True,None,sfc_cache_p1_33,0,None,72.0,4,627.0,76,80,0,0,0,True,95.84859584859585,12.23725,2.3127500000000003,8.6625,0.7594,0.8292,0.1672,0.3185,2379.63414146652,527.5999999999998,2907.2341414665198,0.19663052535360143,65,1,14
0,1769379841.7205884,737.9,196,0.5622,0.5728,0.4277,0.5239,90.6274,57.28,64.3633,29.9676,0.0,0.0,14.29,6.62,7.68,None,0.000997781753540039,51.002,True,None,sfc_unique_p1_33,0,None,72.0,4,627.0,76,80,0,0,0,True,95.85365853658536,12.23725,2.3127500000000003,8.6625,0.7594,0.8292,0.1672,0.3185,2379.63414146652,527.5999999999998,2907.2341414665198,0.19663052535360143,65,1,14
0,1769379842.014114,738.2,196,0.5617,0.5596,0.4146,0.4989,92.8793,55.9609,64.0404,29.36,0.0,0.0,9.79,4.68,5.1,None,0.0009992122650146484,57.519,True,None,sfc_cache_p2_36,0,None,72.0,4,627.0,74,78,0,0,0,True,95.85870889159561,12.307435897435898,2.2182051282051285,8.461538461538462,0.7394,0.8496,0.1714,0.3149,2302.098391543991,527.5999999999998,2829.698391543991,0.20159365057216944,63,1,14
0,1769379842.0181081,738.2,196,0.5617,0.5596,0.4146,0.4989,92.8793,55.9609,64.0404,29.36,0.0,0.0,17.94,7.51,10.43,None,0.0009992122650146484,65.001,True,None,sfc_unique_p2_36,0,None,72.0,4,627.0,74,78,0,0,0,True,95.86374695863748,12.307435897435898,2.2182051282051285,8.461538461538462,0.7394,0.8496,0.1714,0.3149,2302.098391543991,527.5999999999998,2829.698391543991,0.20159365057216944,63,1,14
0,1769379842.2722573,738.5,196,0.5748,0.5877,0.4318,0.5239,94.6813,58.7651,67.2424,30.3048,0.0,0.0,15.57,4.83,10.74,None,0.2335195541381836,68.16,True,None,sfc_cache_p5_34,0,None,72.0,4,627.0,75,80,0,0,0,True,95.86877278250304,12.278875,2.271125,8.6625,0.7528,0.8525,0.1732,0.3151,2307.418391543991,531.9999999999998,2839.4183915439908,0.19654901161619717,65,1,14
0,1769379842.2772574,738.5,196,0.5748,0.5877,0.4318,0.5239,94.6813,58.7651,67.2424,30.3048,0.0,0.0,25.17,4.88,20.29,None,0.2335195541381836,55.998,True,None,sfc_unique_p5_34,0,None,72.0,4,627.0,75,80,0,0,0,True,95.87378640776699,12.278875,2.271125,8.6625,0.7528,0.8525,0.1732,0.3151,2307.418391543991,531.9999999999998,2839.4183915439908,0.19654901161619717,65,1,14
0,1769379851.895612,748.1,196,0.5073,0.4334,0.3792,0.449,72.211,43.3447,48.2691,29.7237,0.0,0.0,9.47,6.36,3.11,None,0.002000093460083008,59.995,True,None,sfc_cache_p1_40,0,None,68.0,4,594.0,67,72,0,0,0,True,95.87878787878788,12.2775,2.2225,8.25,0.777,0.6841,0.1638,0.2806,2636.801115580518,474.39999999999975,3111.2011155805176,0.23226086203536125,56,1,15
0,1769379851.9016151,748.1,196,0.5073,0.4334,0.3792,0.449,72.211,43.3447,48.2691,29.7237,0.0,0.0,14.39,8.33,6.06,None,0.002000093460083008,50.009,True,None,sfc_unique_p1_40,0,None,68.0,4,594.0,67,72,0,0,0,True,95.88377723970945,12.2775,2.2225,8.25,0.777,0.6841,0.1638,0.2806,2636.801115580518,474.39999999999975,3111.2011155805176,0.23226086203536125,56,1,15
0,1769379852.1566093,748.3,197,0.5135,0.4334,0.3833,0.449,74.2623,43.3447,48.2691,29.7282,0.0,0.0,7.87,5.83,2.04,None,0.2510089874267578,46.007,True,None,sfc_cache_p2_40,0,None,72.0,4,627.0,70,74,0,0,0,True,95.88875453446191,12.31054054054054,2.1624324324324324,8.027027027027026,0.7675,0.6841,0.1609,0.2813,2639.6525441519466,488.7999999999997,3128.4525441519463,0.22598354143981095,58,1,15
0,1769379852.1616113,748.3,197,0.5135,0.4334,0.3833,0.449,74.2623,43.3447,48.2691,29.7282,0.0,0.0,11.73,7.8,3.93,None,0.2510089874267578,57.0,True,None,sfc_unique_p2_40,0,None,72.0,4,627.0,70,74,0,0,0,True,95.89371980676329,12.31054054054054,2.1624324324324324,8.027027027027026,0.7675,0.6841,0.1609,0.2813,2639.6525441519466,488.7999999999997,3128.4525441519463,0.22598354143981095,58,1,15
0,1769379852.3806157,748.6,198,0.5196,0.4334,0.3903,0.449,76.3135,43.3447,48.2691,29.7325,0.0,0.0,8.93,5.83,3.11,None,0.5109989643096924,48.992,True,None,sfc_cache_p3_40,0,None,76.0,4,660.0,72,76,0,0,0,True,95.89867310012062,12.341842105263158,2.105526315789474,7.815789473684211,0.7632,0.6841,0.1582,0.2814,2647.8668298662324,503.1999999999997,3151.066829866232,0.21998923771771067,60,1,15
0,1769379852.3846169,748.6,198,0.5196,0.4334,0.3903,0.449,76.3135,43.3447,48.2691,29.7325,0.0,0.0,14.59,8.0,6.59,None,0.5109989643096924,47.003,True,None,sfc_unique_p3_40,0,None,76.0,4,660.0,72,76,0,0,0,True,95.90361445783132,12.341842105263158,2.105526315789474,7.815789473684211,0.7632,0.6841,0.1582,0.2814,2647.8668298662324,503.1999999999997,3151.066829866232,0.21998923771771067,60,1,15
0,1769379852.625121,748.8,199,0.5229,0.4569,0.4014,0.474,77.8227,45.6932,50.9508,29.7364,0.0,0.0,10.29,6.03,4.26,None,0.7320079803466797,59.008,True,None,sfc_cache_p4_40,0,None,76.0,4,660.0,74,78,0,0,0,True,95.90854392298436,12.311666666666666,2.1626923076923075,8.038461538461538,0.7641,0.7514,0.1704,0.2803,2680.6846870090894,517.5999999999997,3198.284687009089,0.2142818213659745,62,1,15
0,1769379852.63012,748.8,199,0.5229,0.4569,0.4014,0.474,77.8227,45.6932,50.9508,29.7364,0.0,0.0,13.98,6.13,7.85,None,0.7320079803466797,55.004,True,None,sfc_unique_p4_40,0,None,76.0,4,660.0,74,78,0,0,0,True,95.91346153846155,12.311666666666666,2.1626923076923075,8.038461538461538,0.7641,0.7514,0.1704,0.2803,2680.6846870090894,517.5999999999997,3198.284687009089,0.2142818213659745,62,1,15
0,1769379852.8811202,749.1,200,0.5299,0.4687,0.418,0.474,79.8739,46.866,50.9508,29.6785,0.0,0.0,10.05,5.72,4.32,None,0.9775123596191406,48.0,True,None,sfc_cache_p5_40,0,None,80.0,4,693.0,76,80,0,0,0,True,95.91836734693877,12.28725,2.16275,7.8375,0.7595,0.7713,0.1676,0.2784,2696.78472183342,531.9999999999997,3228.7847218334196,0.2088792345485433,64,1,15
0,1769379852.88612,749.1,200,0.5299,0.4687,0.418,0.474,79.8739,46.866,50.9508,29.6785,0.0,0.0,17.53,7.8,9.73,None,0.9775123596191406,54.001,True,None,sfc_unique_p5_40,0,None,80.0,4,693.0,76,80,0,0,0,True,95.92326139088729,12.28725,2.16275,7.8375,0.7595,0.7713,0.1676,0.2784,2696.78472183342,531.9999999999997,3228.7847218334196,0.2088792345485433,64,1,15
0,1769379853.1791508,749.4,201,0.5299,0.4687,0.418,0.474,79.8739,46.866,50.9508,29.6785,0.0,0.0,None,None,None,None,1.2365102767944336,41.005,False,None,sfc_cache_p6_40,0,None,80.0,4,693.0,76,80,0,0,0,True,95.80838323353294,12.28725,2.16275,7.8375,0.7595,0.7713,0.1676,0.2784,2696.78472183342,531.9999999999997,3228.7847218334196,0.2088792345485433,64,1,15
0,1769379853.1831622,749.4,201,0.5299,0.4687,0.418,0.474,79.8739,46.866,50.9508,29.6785,0.0,0.0,None,None,None,None,1.2365102767944336,44.0,False,None,sfc_unique_p6_40,0,None,80.0,4,693.0,76,80,0,0,0,True,95.69377990430623,12.28725,2.16275,7.8375,0.7595,0.7713,0.1676,0.2784,2696.78472183342,531.9999999999997,3228.7847218334196,0.2088792345485433,64,1,15
0,1769379858.781392,755.0,201,0.4965,0.4253,0.3819,0.449,71.5156,42.5321,48.2691,29.2897,0.0,0.0,10.73,4.76,5.96,None,0.0009908676147460938,70.006,True,None,sfc_cache_p2_35,0,None,68.0,4,594.0,66,72,0,0,0,True,95.6989247311828,12.319166666666668,2.1808333333333336,8.25,0.7516,0.6879,0.1654,0.2804,2631.002103043759,493.1999999999997,3124.2021030437586,0.17949161647699977,59,0,13
0,1769379858.7863913,755.0,201,0.4965,0.4253,0.3819,0.449,71.5156,42.5321,48.2691,29.2897,0.0,0.0,16.95,6.54,10.41,None,0.0009908676147460938,2007.768,True,None,sfc_unique_p2_35,0,None,68.0,4,594.0,66,72,0,0,0,True,95.70405727923628,12.319166666666668,2.1808333333333336,8.25,0.7516,0.6879,0.1654,0.2804,2631.002103043759,493.1999999999997,3124.2021030437586,0.17949161647699977,59,0,13
0,1769379859.0613904,755.2,201,0.4786,0.4175,0.3291,0.3992,67.9865,41.7476,44.5758,28.3726,0.0,0.0,12.26,6.56,5.7,None,0.0,77.998,True,None,sfc_cache_p1_39,0,None,64.0,4,561.0,62,66,0,0,0,True,95.70917759237187,12.221969696969698,2.2477272727272726,8.0,0.7462,0.7346,0.1809,0.2476,2527.6766418148472,445.5999999999998,2973.276641814847,0.20972265714284177,53,2,11
0,1769379859.066387,755.3,201,0.4786,0.4175,0.3291,0.3992,67.9865,41.7476,44.5758,28.3726,0.0,0.0,13.76,7.99,5.77,None,0.0,52.996,True,None,sfc_unique_p1_39,0,None,64.0,4,561.0,62,66,0,0,0,True,95.71428571428572,12.221969696969698,2.2477272727272726,8.0,0.7462,0.7346,0.1809,0.2476,2527.6766418148472,445.5999999999998,2973.276641814847,0.20972265714284177,53,2,11
0,1769379859.3617873,755.5,201,0.4952,0.4175,0.3337,0.4241,71.0016,41.7476,47.3618,28.8626,0.0,0.0,10.17,4.83,5.34,None,2.508767604827881,78.996,True,None,sfc_cache_p1_35,0,None,64.0,4,561.0,63,68,0,0,0,True,95.71938168846611,12.318382352941178,2.1816176470588236,8.25,0.7502,0.7346,0.1808,0.2533,2527.6766418148472,445.5999999999998,2973.276641814847,0.21822978661950665,54,2,12
0,1769379859.372785,755.6,201,0.4952,0.4175,0.3337,0.4241,71.0016,41.7476,47.3618,28.8626,0.0,0.0,9.27,4.86,4.42,None,2.508767604827881,93.998,True,None,sfc_unique_p1_35,0,None,64.0,4,561.0,63,68,0,0,0,True,95.72446555819477,12.318382352941178,2.1816176470588236,8.25,0.7502,0.7346,0.1808,0.2533,2527.6766418148472,445.5999999999998,2973.276641814847,0.21822978661950665,54,2,12
0,1769379869.0470424,765.2,201,0.4877,0.3873,0.3388,0.449,68.6715,38.7327,46.5262,28.7256,0.0,0.0,9.65,5.34,4.31,None,0.0,55.933,True,None,sfc_cache_p1_41,0,None,64.0,4,561.0,64,70,0,0,0,True,95.72953736654804,12.409285714285716,2.119285714285714,8.485714285714286,0.7351,0.6011,0.1654,0.2594,2681.855007520511,455.5999999999998,3137.455007520511,0.22625739778065626,55,2,13
0,1769379869.0520384,765.2,201,0.4877,0.3873,0.3388,0.449,68.6715,38.7327,46.5262,28.7256,0.0,0.0,9.21,5.52,3.69,None,0.0,57.998,True,None,sfc_unique_p1_41,0,None,64.0,4,561.0,64,70,0,0,0,True,95.73459715639811,12.409285714285716,2.119285714285714,8.485714285714286,0.7351,0.6011,0.1654,0.2594,2681.855007520511,455.5999999999998,3137.455007520511,0.22625739778065626,55,2,13
0,1769379869.310243,765.5,202,0.4959,0.3873,0.3438,0.449,71.0213,38.7327,46.5262,28.5962,0.0,0.0,9.84,5.34,4.5,None,0.25138187408447266,59.518,True,None,sfc_cache_p2_41,0,None,68.0,4,594.0,67,72,0,0,0,True,95.7396449704142,12.439583333333335,2.060416666666667,8.25,0.7307,0.6011,0.1626,0.2647,2694.5554408899584,465.5999999999998,3160.1554408899583,0.23383831302720776,56,2,14
0,1769379869.3152392,765.5,202,0.4959,0.3873,0.3438,0.449,71.0213,38.7327,46.5262,28.5962,0.0,0.0,9.36,5.52,3.85,None,0.25138187408447266,80.688,True,None,sfc_unique_p2_41,0,None,68.0,4,594.0,67,72,0,0,0,True,95.74468085106383,12.439583333333335,2.060416666666667,8.25,0.7307,0.6011,0.1626,0.2647,2694.5554408899584,465.5999999999998,3160.1554408899583,0.23383831302720776,56,2,14
0,1769379869.5715735,765.8,203,0.5021,0.3873,0.3534,0.449,72.9985,38.7327,46.5262,28.6379,0.0,0.0,9.11,4.8,4.31,None,0.5155808925628662,50.996,True,None,sfc_cache_p3_41,0,None,72.0,4,627.0,69,74,0,0,0,True,95.74970484061393,12.468243243243244,2.0047297297297297,8.027027027027026,0.7261,0.6011,0.1598,0.2714,2694.5554408899584,479.9999999999998,3174.555440889958,0.22750689227003587,58,2,14
0,1769379869.576579,765.8,203,0.5021,0.3873,0.3534,0.449,72.9985,38.7327,46.5262,28.6379,0.0,0.0,13.56,5.72,7.84,None,0.5155808925628662,69.999,True,None,sfc_unique_p3_41,0,None,72.0,4,627.0,69,74,0,0,0,True,95.75471698113208,12.468243243243244,2.0047297297297297,8.027027027027026,0.7261,0.6011,0.1598,0.2714,2694.5554408899584,479.9999999999998,3174.555440889958,0.22750689227003587,58,2,14
0,1769379869.8487031,766.0,204,0.5116,0.3873,0.3645,0.449,74.9757,38.7327,46.5262,29.0494,0.0,0.0,10.68,6.22,4.46,None,0.776923418045044,63.998,True,None,sfc_cache_p4_41,0,None,76.0,4,660.0,71,76,0,0,0,True,95.75971731448763,12.495394736842105,1.9519736842105262,7.815789473684211,0.7261,0.6011,0.1571,0.2758,2703.4112681612787,494.39999999999975,3197.8112681612783,0.22151208438366973,60,2,14
0,1769379869.8527114,766.0,204,0.5116,0.3873,0.3645,0.449,74.9757,38.7327,46.5262,29.0494,0.0,0.0,15.54,7.08,8.47,None,0.776923418045044,65.002,True,None,sfc_unique_p4_41,0,None,76.0,4,660.0,71,76,0,0,0,True,95.76470588235294,12.495394736842105,1.9519736842105262,7.815789473684211,0.7261,0.6011,0.1571,0.2758,2703.4112681612787,494.39999999999975,3197.8112681612783,0.22151208438366973,60,2,14
0,1769379870.0992107,766.3,205,0.5098,0.4335,0.385,0.449,74.9757,43.3461,46.5262,29.2587,0.0,0.0,9.32,5.34,3.98,None,1.0510458946228027,73.018,True,None,sfc_cache_p5_41,0,None,80.0,4,693.0,73,78,0,0,0,True,95.76968272620446,12.294615384615385,2.1284615384615386,7.615384615384615,0.7301,0.6964,0.1546,0.2835,2736.934044733947,508.7999999999997,3245.7340447339466,0.21583228734819102,62,2,14
0,1769379870.1022074,766.3,205,0.5098,0.4335,0.385,0.449,74.9757,43.3461,46.5262,29.2587,0.0,0.0,11.63,4.08,7.55,None,1.0510458946228027,50.996,True,None,sfc_unique_p5_41,0,None,80.0,4,693.0,73,78,0,0,0,True,95.77464788732394,12.294615384615385,2.1284615384615386,7.615384615384615,0.7301,0.6964,0.1546,0.2835,2736.934044733947,508.7999999999997,3245.7340447339466,0.21583228734819102,62,2,14
0,1769379870.4093087,766.6,206,0.5109,0.457,0.3961,0.449,75.9458,45.6959,46.5262,29.2771,0.0,0.0,9.48,4.8,4.68,None,1.300548791885376,57.008,True,None,sfc_cache_p6_41,0,None,84.0,4,726.0,76,80,0,0,0,True,95.77960140679953,12.212250000000001,2.1877500000000003,7.425,0.7323,0.6866,0.1521,0.2838,2744.3654733053754,523.1999999999997,3267.5654733053752,0.21043107812184575,64,2,14
0,1769379870.4143078,766.6,206,0.5109,0.457,0.3961,0.449,75.9458,45.6959,46.5262,29.2771,0.0,0.0,13.6,5.33,8.27,None,1.300548791885376,85.103,True,None,sfc_unique_p6_41,0,None,84.0,4,726.0,76,80,0,0,0,True,95.78454332552693,12.212250000000001,2.1877500000000003,7.425,0.7323,0.6866,0.1521,0.2838,2744.3654733053754,523.1999999999997,3267.5654733053752,0.21043107812184575,64,2,14
0,1769379871.8900232,768.1,206,0.516,0.4335,0.394,0.474,77.4004,43.3461,49.111,29.0985,0.0,0.0,10.31,4.23,6.08,None,0.0,58.005,True,None,sfc_cache_p5_35,0,None,80.0,4,693.0,75,80,0,0,0,True,95.78947368421052,12.37475,2.07525,7.8375,0.7232,0.6964,0.1529,0.2953,2740.0333265788627,523.1999999999997,3263.2333265788625,0.21043223372957312,64,2,14
0,1769379871.8940184,768.1,206,0.516,0.4335,0.394,0.474,77.4004,43.3461,49.111,29.0985,0.0,0.0,16.4,5.45,10.95,None,0.0,61.007,True,None,sfc_unique_p5_35,0,None,80.0,4,693.0,75,80,0,0,0,True,95.7943925233645,12.37475,2.07525,7.8375,0.7232,0.6964,0.1529,0.2953,2740.0333265788627,523.1999999999997,3263.2333265788625,0.21043223372957312,64,2,14
0,1769379876.9554644,773.1,206,0.5035,0.4796,0.4045,0.474,75.0506,47.9596,49.111,29.0689,0.0,0.0,10.58,4.23,6.35,None,0.0,66.007,True,None,sfc_cache_p3_35,0,None,80.0,4,693.0,76,80,0,0,0,True,95.79929988331388,12.153875,2.296125,7.8375,0.7287,0.725,0.1529,0.3035,2767.431949083119,523.1999999999997,3290.631949083119,0.1979524734449985,65,2,13
0,1769379876.9594586,773.1,206,0.5035,0.4796,0.4045,0.474,75.0506,47.9596,49.111,29.0689,0.0,0.0,15.33,3.49,11.83,None,0.0,65.001,True,None,sfc_unique_p3_35,0,None,80.0,4,693.0,76,80,0,0,0,True,95.8041958041958,12.153875,2.296125,7.8375,0.7287,0.725,0.1529,0.3035,2767.431949083119,523.1999999999997,3290.631949083119,0.1979524734449985,65,2,13
0,1769379878.750695,774.9,206,0.5042,0.4732,0.3866,0.474,76.8557,47.3184,50.9508,28.3404,0.0,0.0,12.85,5.01,7.84,None,0.00099945068359375,70.517,True,None,sfc_cache_p3_37,0,None,76.0,4,660.0,74,78,0,0,0,True,95.80908032596042,12.234743589743589,2.2396153846153846,8.038461538461538,0.6931,0.6975,0.158,0.2971,2680.8847197703158,518.7999999999997,3199.6847197703155,0.20302649266510836,63,2,13
0,1769379878.7546947,774.9,206,0.5042,0.4732,0.3866,0.474,76.8557,47.3184,50.9508,28.3404,0.0,0.0,21.29,6.11,15.18,None,0.00099945068359375,49.001,True,None,sfc_unique_p3_37,0,None,76.0,4,660.0,74,78,0,0,0,True,95.81395348837209,12.234743589743589,2.2396153846153846,8.038461538461538,0.6931,0.6975,0.158,0.2971,2680.8847197703158,518.7999999999997,3199.6847197703155,0.20302649266510836,63,2,13
0,1769379879.0146928,775.2,206,0.5206,0.4732,0.3963,0.4989,79.3713,47.3184,53.6324,29.2451,0.0,0.0,13.58,7.25,6.33,None,0.24951934814453125,62.999,True,None,sfc_cache_p3_39,0,None,76.0,4,660.0,75,80,0,0,0,True,95.81881533101046,12.316374999999999,2.183625,8.25,0.7042,0.6975,0.1584,0.2974,2687.4475769131727,523.1999999999997,3210.6475769131725,0.19794597645304984,65,2,13
0,1769379879.0186963,775.2,206,0.5206,0.4732,0.3963,0.4989,79.3713,47.3184,53.6324,29.2451,0.0,0.0,20.72,8.01,12.71,None,0.24951934814453125,57.997,True,None,sfc_unique_p3_39,0,None,76.0,4,660.0,75,80,0,0,0,True,95.82366589327145,12.316374999999999,2.183625,8.25,0.7042,0.6975,0.1584,0.2974,2687.4475769131727,523.1999999999997,3210.6475769131725,0.19794597645304984,65,2,13
0,1769379881.9369068,778.1,206,0.5074,0.4787,0.4028,0.4989,75.1625,47.8734,51.6958,29.568,0.0,0.0,10.62,5.96,4.66,None,0.0,55.002,True,None,sfc_cache_p6_36,0,None,76.0,4,660.0,75,80,0,0,0,True,95.82850521436849,12.208000000000002,2.2920000000000003,8.25,0.7147,0.725,0.1529,0.303,2777.7432075298448,527.5999999999997,3305.343207529844,0.18543680964904286,66,2,12
0,1769379881.9409063,778.1,206,0.5074,0.4787,0.4028,0.4989,75.1625,47.8734,51.6958,29.568,0.0,0.0,13.26,6.03,7.23,None,0.0,55.997,True,None,sfc_unique_p6_36,0,None,76.0,4,660.0,75,80,0,0,0,True,95.83333333333334,12.208000000000002,2.2920000000000003,8.25,0.7147,0.725,0.1529,0.303,2777.7432075298448,527.5999999999997,3305.343207529844,0.18543680964904286,66,2,12
0,1769379894.2278328,790.4,206,0.5151,0.4787,0.407,0.5239,77.5873,47.8734,54.2806,29.5765,0.0,0.0,7.59,4.66,2.93,None,0.001001119613647461,56.991,True,None,sfc_cache_p1_42,0,None,76.0,4,660.0,76,82,0,0,0,True,95.83815028901735,12.28829268292683,2.23609756097561,8.451219512195122,0.7084,0.725,0.1524,0.3079,2777.7432075298448,541.9999999999997,3319.7432075298443,0.1809075239748886,68,2,12
0,1769379894.2318325,790.4,206,0.5151,0.4787,0.407,0.5239,77.5873,47.8734,54.2806,29.5765,0.0,0.0,11.67,6.01,5.66,None,0.001001119613647461,67.997,True,None,sfc_unique_p1_42,0,None,76.0,4,660.0,76,82,0,0,0,True,95.84295612009238,12.28829268292683,2.23609756097561,8.451219512195122,0.7084,0.725,0.1524,0.3079,2777.7432075298448,541.9999999999997,3319.7432075298443,0.1809075239748886,68,2,12
0,1769379894.4894354,790.7,207,0.5206,0.4787,0.4139,0.5239,79.5645,47.8734,54.2806,29.5845,0.0,0.0,7.75,4.66,3.09,None,0.2760009765625,53.522,True,None,sfc_cache_p2_42,0,None,80.0,4,693.0,79,84,0,0,0,True,95.8477508650519,12.317142857142855,2.182857142857143,8.25,0.7072,0.725,0.15,0.3101,2782.0753542563575,556.3999999999996,3338.475354256357,0.17659712970245822,70,2,12
0,1769379894.4934328,790.7,207,0.5206,0.4787,0.4139,0.5239,79.5645,47.8734,54.2806,29.5845,0.0,0.0,11.77,5.12,6.65,None,0.2760009765625,71.997,True,None,sfc_unique_p2_42,0,None,80.0,4,693.0,79,84,0,0,0,True,95.85253456221197,12.317142857142855,2.182857142857143,8.25,0.7072,0.725,0.15,0.3101,2782.0753542563575,556.3999999999996,3338.475354256357,0.17659712970245822,70,2,12
0,1769379894.7409484,790.9,208,0.5292,0.4787,0.4207,0.5239,81.5417,47.8734,54.2806,29.9245,0.0,0.0,9.01,6.08,2.93,None,0.5396020412445068,54.002,True,None,sfc_cache_p3_42,0,None,84.0,4,726.0,82,86,0,0,0,True,95.8573072497123,12.344651162790699,2.132093023255814,8.05813953488372,0.7072,0.725,0.1477,0.3102,2782.0753542563575,570.7999999999996,3352.8753542563572,0.17248721888455953,72,2,12
0,1769379894.7449515,790.9,208,0.5292,0.4787,0.4207,0.5239,81.5417,47.8734,54.2806,29.9245,0.0,0.0,12.88,6.54,6.34,None,0.5396020412445068,52.001,True,None,sfc_unique_p3_42,0,None,84.0,4,726.0,82,86,0,0,0,True,95.86206896551724,12.344651162790699,2.132093023255814,8.05813953488372,0.7072,0.725,0.1477,0.3102,2782.0753542563575,570.7999999999996,3352.8753542563572,0.17248721888455953,72,2,12
0,1769379894.9909494,791.2,209,0.5256,0.5249,0.4358,0.5239,81.5417,52.4869,54.2806,29.9226,0.0,0.0,8.6,4.48,4.12,None,0.790128231048584,49.997,True,None,sfc_cache_p4_42,0,None,88.0,4,759.0,84,88,0,0,0,True,95.86681974741677,12.170113636363636,2.2844318181818184,7.875,0.7089,0.7334,0.1455,0.3109,2806.2573694242883,585.1999999999996,3391.457369424288,0.16856216282095102,74,2,12
0,1769379894.9959517,791.2,209,0.5256,0.5249,0.4358,0.5239,81.5417,52.4869,54.2806,29.9226,0.0,0.0,11.7,3.31,8.39,None,0.790128231048584,61.919,True,None,sfc_unique_p4_42,0,None,88.0,4,759.0,84,88,0,0,0,True,95.87155963302753,12.170113636363636,2.2844318181818184,7.875,0.7089,0.7334,0.1455,0.3109,2806.2573694242883,585.1999999999996,3391.457369424288,0.16856216282095102,74,2,12
0,1769379895.2334664,791.4,210,0.5308,0.5249,0.444,0.5239,83.5189,52.4869,54.2806,29.9209,0.0,0.0,7.61,4.48,3.13,None,1.041126012802124,61.52,True,None,sfc_cache_p5_42,0,None,92.0,4,792.0,86,90,0,0,0,True,95.87628865979381,12.199666666666667,2.2336666666666667,7.7,0.7039,0.7334,0.1433,0.309,2806.2573694242883,599.5999999999996,3405.8573694242878,0.16481110521544737,76,2,12
0,1769379895.2374663,791.4,210,0.5308,0.5249,0.444,0.5239,83.5189,52.4869,54.2806,29.9209,0.0,0.0,11.72,5.69,6.03,None,1.041126012802124,58.994,True,None,sfc_unique_p5_42,0,None,92.0,4,792.0,86,90,0,0,0,True,95.88100686498856,12.199666666666667,2.2336666666666667,7.7,0.7039,0.7334,0.1433,0.309,2806.2573694242883,599.5999999999996,3405.8573694242878,0.16481110521544737,76,2,12
0,1769379895.489217,791.7,211,0.5273,0.5814,0.4706,0.5488,84.0034,58.1447,56.8654,29.5602,0.0,0.0,6.99,2.87,4.12,None,1.28263521194458,61.0,True,None,sfc_cache_p6_42,0,None,92.0,4,792.0,87,92,0,0,0,True,95.88571428571429,12.035869565217391,2.4206521739130435,7.891304347826087,0.6987,0.8144,0.1551,0.309,2825.7801459969564,609.5999999999996,3435.380145996956,0.16122244566471333,78,2,12
0,1769379895.4962196,791.7,211,0.5273,0.5814,0.4706,0.5488,84.0034,58.1447,56.8654,29.5602,0.0,0.0,12.17,2.51,9.65,None,1.28263521194458,57.999,True,None,sfc_unique_p6_42,0,None,92.0,4,792.0,87,92,0,0,0,True,95.8904109589041,12.035869565217391,2.4206521739130435,7.891304347826087,0.6987,0.8144,0.1551,0.309,2825.7801459969564,609.5999999999996,3435.380145996956,0.16122244566471333,78,2,12
0,1769379896.9509974,793.1,211,0.5112,0.5562,0.4403,0.5239,84.465,55.6245,58.8935,27.737,0.0,0.0,14.04,6.36,7.68,None,0.0,67.522,True,None,sfc_cache_p1_39,0,None,80.0,4,693.0,77,84,0,0,0,True,95.89509692132269,12.162380952380953,2.337619047619048,8.25,0.6623,0.8767,0.1477,0.3171,2595.645259756436,586.3999999999996,3182.045259756436,0.15410112727697672,71,1,12
0,1769379896.9559994,793.1,211,0.5112,0.5562,0.4403,0.5239,84.465,55.6245,58.8935,27.737,0.0,0.0,24.92,8.47,16.45,None,0.0,55.001,True,None,sfc_unique_p1_39,0,None,80.0,4,693.0,77,84,0,0,0,True,95.8997722095672,12.162380952380953,2.337619047619048,8.25,0.6623,0.8767,0.1477,0.3171,2595.645259756436,586.3999999999996,3182.045259756436,0.15410112727697672,71,1,12
0,1769379897.188998,793.4,211,0.5191,0.6176,0.461,0.5488,84.465,61.7631,61.698,28.8378,0.0,0.0,9.59,4.97,4.62,None,0.2500326633453369,49.003,True,None,sfc_cache_p4_40,0,None,80.0,4,693.0,78,86,0,0,0,True,95.90443686006826,11.988023255813953,2.5352325581395347,8.44186046511628,0.6804,0.9133,0.1625,0.3186,2628.310259756436,590.7999999999996,3219.110259756436,0.15051581120899007,73,1,12
0,1769379897.1949987,793.4,211,0.5191,0.6176,0.461,0.5488,84.465,61.7631,61.698,28.8378,0.0,0.0,12.1,5.44,6.67,None,0.2500326633453369,56.996,True,None,sfc_unique_p4_40,0,None,80.0,4,693.0,78,86,0,0,0,True,95.9090909090909,11.988023255813953,2.5352325581395347,8.44186046511628,0.6804,0.9133,0.1625,0.3186,2628.310259756436,590.7999999999996,3219.110259756436,0.15051581120899007,73,1,12
0,1769379897.4665258,793.7,211,0.5318,0.6431,0.482,0.5738,86.0032,64.3126,64.5024,29.8006,0.0,0.0,9.13,4.43,4.7,None,0.49202919006347656,51.015,True,None,sfc_cache_p3_40,0,None,80.0,4,693.0,79,88,0,0,0,True,95.91373439273553,11.965568181818183,2.579886363636364,8.625,0.6993,0.9107,0.1638,0.3178,2641.0303775128664,595.1999999999996,3236.2303775128657,0.14709499731787667,75,1,12
0,1769379897.4735243,793.7,211,0.5318,0.6431,0.482,0.5738,86.0032,64.3126,64.5024,29.8006,0.0,0.0,15.6,8.05,7.54,None,0.49202919006347656,81.524,True,None,sfc_unique_p3_40,0,None,80.0,4,693.0,79,88,0,0,0,True,95.91836734693877,11.965568181818183,2.579886363636364,8.625,0.6993,0.9107,0.1638,0.3178,2641.0303775128664,595.1999999999996,3236.2303775128657,0.14709499731787667,75,1,12
0,1769379899.698756,795.9,211,0.5293,0.7149,0.5112,0.5738,86.0032,71.4881,64.5024,29.6248,0.0,0.0,7.46,1.4,6.06,None,0.7715580463409424,2033.239,True,None,sfc_cache_p3_36,0,None,80.0,8,726.0,81,90,0,0,0,True,95.92298980747452,11.71822222222222,2.8040000000000003,8.433333333333334,0.7027,0.9236,0.1638,0.3212,2662.642487180718,595.1999999999996,3257.8424871807174,0.15390314158019433,77,1,12
0,1769379899.7027586,795.9,211,0.5293,0.7149,0.5112,0.5738,86.0032,71.4881,64.5024,29.6248,0.0,0.0,7.32,1.65,5.67,None,0.7715580463409424,59.0,True,None,sfc_unique_p3_36,0,None,80.0,8,726.0,81,90,0,0,0,True,95.92760180995475,11.71822222222222,2.8040000000000003,8.433333333333334,0.7027,0.9236,0.1638,0.3212,2662.642487180718,595.1999999999996,3257.8424871807174,0.15390314158019433,77,1,12
0,1769379899.9537833,796.1,211,0.4917,0.6643,0.4894,0.4989,73.7254,66.4295,53.9745,29.3882,0.0,0.0,9.21,5.34,3.88,None,0.0010001659393310547,50.511,True,None,sfc_cache_p2_40,0,None,76.0,8,693.0,72,82,0,0,0,True,95.9322033898305,11.503780487804878,2.971829268292683,8.048780487804878,0.7154,0.8425,0.1603,0.3209,2722.642487180718,541.9999999999997,3264.6424871807176,0.15676568543335548,70,1,11
0,1769379899.9567819,796.1,211,0.4917,0.6643,0.4894,0.4989,73.7254,66.4295,53.9745,29.3882,0.0,0.0,13.78,5.9,7.88,None,0.0010001659393310547,56.002,True,None,sfc_unique_p2_40,0,None,76.0,8,693.0,72,82,0,0,0,True,95.93679458239278,11.503780487804878,2.971829268292683,8.048780487804878,0.7154,0.8425,0.1603,0.3209,2722.642487180718,541.9999999999997,3264.6424871807176,0.15676568543335548,70,1,11
0,1769379915.355237,811.5,211,0.4401,0.4298,0.3606,0.3742,55.4605,42.9833,40.4809,31.1607,0.0,0.0,5.59,3.51,2.08,None,0.0010035037994384766,77.99,True,None,sfc_cache_p1_43,0,None,60.0,0,495.0,50,60,0,0,0,True,95.94137542277339,11.872000000000002,2.628,8.25,0.7281,0.7015,0.1485,0.2896,2514.903602464109,401.1999999999999,2916.103602464109,0.13274650649738376,52,0,8
0,1769379915.3612335,811.5,211,0.4401,0.4298,0.3606,0.3742,55.4605,42.9833,40.4809,31.1607,0.0,0.0,8.09,5.23,2.87,None,0.0010035037994384766,57.51,True,None,sfc_unique_p1_43,0,None,60.0,0,495.0,50,60,0,0,0,True,95.94594594594594,11.872000000000002,2.628,8.25,0.7281,0.7015,0.1485,0.2896,2514.903602464109,401.1999999999999,2916.103602464109,0.13274650649738376,52,0,8
0,1769379915.6112633,811.8,212,0.4506,0.4298,0.3658,0.3992,58.3812,42.9833,43.1796,30.6898,0.0,0.0,7.71,4.23,3.48,None,0.30303430557250977,65.997,True,None,sfc_cache_p2_43,0,None,60.0,0,495.0,52,62,0,0,0,True,95.95050618672666,11.989032258064517,2.543225806451613,8.516129032258064,0.7109,0.7015,0.1519,0.2937,2514.903602464109,411.1999999999999,2926.103602464109,0.14456404782891594,53,0,9
0,1769379915.6152627,811.8,212,0.4506,0.4298,0.3658,0.3992,58.3812,42.9833,43.1796,30.6898,0.0,0.0,6.8,3.87,2.93,None,0.30303430557250977,56.998,True,None,sfc_unique_p2_43,0,None,60.0,0,495.0,52,62,0,0,0,True,95.95505617977528,11.989032258064517,2.543225806451613,8.516129032258064,0.7109,0.7015,0.1519,0.2937,2514.903602464109,411.1999999999999,2926.103602464109,0.14456404782891594,53,0,9
0,1769379915.8758209,812.1,213,0.4583,0.4298,0.371,0.3992,60.8346,42.9833,43.1796,30.2545,0.0,0.0,8.43,4.23,4.2,None,0.5570626258850098,61.02,True,None,sfc_cache_p3_43,0,None,64.0,0,528.0,54,64,0,0,0,True,95.95959595959596,12.03625,2.46375,8.25,0.698,0.7015,0.1491,0.2974,2514.903602464109,421.1999999999999,2936.103602464109,0.15563839062197174,54,0,10
0,1769379915.8798304,812.1,213,0.4583,0.4298,0.371,0.3992,60.8346,42.9833,43.1796,30.2545,0.0,0.0,8.46,4.98,3.48,None,0.5570626258850098,63.987,True,None,sfc_unique_p3_43,0,None,64.0,0,528.0,54,64,0,0,0,True,95.96412556053812,12.03625,2.46375,8.25,0.698,0.7015,0.1491,0.2974,2514.903602464109,421.1999999999999,2936.103602464109,0.15563839062197174,54,0,10
0,1769379916.1588187,812.3,214,0.4604,0.4544,0.3781,0.3992,62.2366,45.4367,43.1796,29.8511,0.0,0.0,8.83,4.29,4.54,None,0.8206346035003662,68.002,True,None,sfc_cache_p4_43,0,None,68.0,0,561.0,57,66,0,0,0,True,95.96864501679731,11.944242424242425,2.5254545454545454,8.0,0.6889,0.6819,0.1464,0.3008,2514.903602464109,431.1999999999999,2946.103602464109,0.1660348580750196,55,0,11
0,1769379916.1648176,812.4,214,0.4604,0.4544,0.3781,0.3992,62.2366,45.4367,43.1796,29.8511,0.0,0.0,7.74,4.26,3.48,None,0.8206346035003662,69.996,True,None,sfc_unique_p4_43,0,None,68.0,0,561.0,57,66,0,0,0,True,95.9731543624161,11.944242424242425,2.5254545454545454,8.0,0.6889,0.6819,0.1464,0.3008,2514.903602464109,431.1999999999999,2946.103602464109,0.1660348580750196,55,0,11
0,1769379916.4647675,812.7,215,0.4449,0.5116,0.3801,0.3992,60.1722,51.1613,43.1796,29.0383,0.0,0.0,8.15,4.48,3.67,None,1.1076183319091797,76.952,True,None,sfc_cache_p5_43,0,None,68.0,0,561.0,59,66,0,0,0,True,95.97765363128492,11.626060606060605,2.8436363636363637,8.0,0.6859,0.6945,0.1464,0.2875,2527.6628881783945,426.7999999999999,2954.462888178394,0.18055149157482228,54,2,10
0,1769379916.4687674,812.7,215,0.4449,0.5116,0.3801,0.3992,60.1722,51.1613,43.1796,29.0383,0.0,0.0,5.39,1.64,3.76,None,1.1076183319091797,56.0,True,None,sfc_unique_p5_43,0,None,68.0,0,561.0,59,66,0,0,0,True,95.98214285714286,11.626060606060605,2.8436363636363637,8.0,0.6859,0.6945,0.1464,0.2875,2527.6628881783945,426.7999999999999,2954.462888178394,0.18055149157482228,54,2,10
0,1769379916.742771,812.9,216,0.4487,0.5443,0.3957,0.3992,61.2237,54.4325,43.1796,29.1008,0.0,0.0,10.26,5.72,4.54,None,1.4095675945281982,75.989,True,None,sfc_cache_p6_43,0,None,72.0,0,594.0,62,68,0,0,0,True,95.9866220735786,11.50470588235294,2.936470588235294,7.764705882352941,0.6899,0.7033,0.1438,0.287,2543.886924705248,441.1999999999999,2985.086924705248,0.18879512663084322,56,2,10
0,1769379916.747949,812.9,216,0.4487,0.5443,0.3957,0.3992,61.2237,54.4325,43.1796,29.1008,0.0,0.0,9.14,4.0,5.14,None,1.4095675945281982,54.003,True,None,sfc_unique_p6_43,0,None,72.0,0,594.0,62,68,0,0,0,True,95.99109131403118,11.50470588235294,2.936470588235294,7.764705882352941,0.6899,0.7033,0.1438,0.287,2543.886924705248,441.1999999999999,2985.086924705248,0.18879512663084322,56,2,10
0,1769379920.1004817,816.3,216,0.4329,0.5032,0.3896,0.3992,56.9549,50.3175,39.9153,28.9294,0.0,0.0,10.08,6.22,3.86,None,0.0010013580322265625,68.0,True,None,sfc_cache_p2_40,0,None,72.0,0,594.0,63,68,0,0,0,False,95.99555061179088,11.50470588235294,2.936470588235294,7.764705882352941,0.7073,0.6447,0.1544,0.2854,2727.746924705248,441.1999999999999,3168.946924705248,0.2031628223478624,55,2,11
0,1769379920.1064804,816.3,216,0.4329,0.5032,0.3896,0.3992,56.9549,50.3175,39.9153,28.9294,0.0,0.0,11.48,8.05,3.42,None,0.0010013580322265625,69.661,True,None,sfc_unique_p2_40,0,None,72.0,0,594.0,63,68,0,0,0,False,96.0,11.50470588235294,2.936470588235294,7.764705882352941,0.7073,0.6447,0.1544,0.2854,2727.746924705248,441.1999999999999,3168.946924705248,0.2031628223478624,55,2,11
0,1769379932.6724517,828.9,216,0.4546,0.4752,0.3729,0.4241,61.8089,47.521,43.9414,28.7554,0.0,0.0,11.56,7.45,4.11,None,0.0009984970092773438,62.001,True,None,sfc_cache_p5_41,0,None,68.0,0,561.0,62,68,0,0,0,True,96.00443951165371,11.823382352941177,2.676617647058823,8.25,0.7098,0.5983,0.1598,0.2803,2645.36414813258,441.1999999999999,3086.5641481325797,0.21722946940668594,54,2,12
0,1769379932.6759667,828.9,216,0.4546,0.4752,0.3729,0.4241,61.8089,47.521,43.9414,28.7554,0.0,0.0,11.49,8.05,3.43,None,0.0009984970092773438,59.017,True,None,sfc_unique_p5_41,0,None,68.0,0,561.0,62,68,0,0,0,True,96.0088691796009,11.823382352941177,2.676617647058823,8.25,0.7098,0.5983,0.1598,0.2803,2645.36414813258,441.1999999999999,3086.5641481325797,0.21722946940668594,54,2,12
0,1769379935.4013968,831.6,216,0.4257,0.4204,0.3261,0.3992,54.8714,42.0381,41.3566,28.4941,0.0,0.0,4.88,3.41,1.47,None,0.0,51.98,True,None,sfc_cache_p1_44,0,None,56.0,0,462.0,54,60,0,0,0,True,96.01328903654485,11.883166666666666,2.6835,8.8,0.7489,0.6243,0.1705,0.2589,2629.021746027643,392.4,3021.421746027643,0.21370137555957494,48,1,11
0,1769379935.404397,831.6,216,0.4257,0.4204,0.3261,0.3992,54.8714,42.0381,41.3566,28.4941,0.0,0.0,6.84,4.47,2.37,None,0.0,59.923,True,None,sfc_unique_p1_44,0,None,56.0,0,462.0,54,60,0,0,0,True,96.01769911504425,11.883166666666666,2.6835,8.8,0.7489,0.6243,0.1705,0.2589,2629.021746027643,392.4,3021.421746027643,0.21370137555957494,48,1,11
0,1769379935.6583986,831.8,217,0.4312,0.4204,0.3281,0.3992,57.408,42.0381,41.3566,27.3982,0.0,0.0,4.71,3.31,1.4,None,0.2460317611694336,50.058,True,None,sfc_cache_p2_44,0,None,64.33,0,495.0,57,62,0,0,0,True,96.02209944751381,11.865483870967742,2.5969354838709675,8.516129032258064,0.7292,0.6243,0.1673,0.2627,2651.930351506671,402.4,3054.330351506671,0.23904351378368333,48,1,13
0,1769379935.6633961,831.8,217,0.4312,0.4204,0.3281,0.3992,57.408,42.0381,41.3566,27.3982,0.0,0.0,7.12,5.23,1.89,None,0.2460317611694336,67.996,True,None,sfc_unique_p2_44,0,None,64.33,0,495.0,57,62,0,0,0,True,96.02649006622516,11.865483870967742,2.5969354838709675,8.516129032258064,0.7292,0.6243,0.1673,0.2627,2651.930351506671,402.4,3054.330351506671,0.23904351378368333,48,1,13
0,1769379935.9299097,832.1,218,0.4421,0.4204,0.3319,0.3992,59.7579,42.0381,41.3566,27.502,0.0,0.0,8.52,5.72,2.8,None,0.5060324668884277,75.999,True,None,sfc_cache_p3_44,0,None,68.33,0,528.0,60,64,0,0,0,True,96.03087100330761,11.9165625,2.51578125,8.25,0.7371,0.6243,0.1642,0.2678,2670.1210340635507,416.79999999999995,3086.921034063551,0.24718485750218486,49,1,14
0,1769379935.9339082,832.1,218,0.4421,0.4204,0.3319,0.3992,59.7579,42.0381,41.3566,27.502,0.0,0.0,6.84,4.47,2.37,None,0.5060324668884277,58.005,True,None,sfc_unique_p3_44,0,None,68.33,0,528.0,60,64,0,0,0,True,96.0352422907489,11.9165625,2.51578125,8.25,0.7371,0.6243,0.1642,0.2678,2670.1210340635507,416.79999999999995,3086.921034063551,0.24718485750218486,49,1,14
0,1769379936.1999092,832.4,219,0.4519,0.4204,0.3344,0.4241,62.5552,42.0381,43.9414,27.2012,0.0,0.0,7.06,4.66,2.4,None,0.774543046951294,59.997,True,None,sfc_cache_p4_44,0,None,68.33,0,528.0,62,66,0,0,0,True,96.03960396039604,12.025151515151515,2.4395454545454545,8.5,0.7256,0.6243,0.1627,0.2718,2676.887401498932,426.79999999999995,3103.6874014989316,0.25482581926332687,50,1,15
0,1769379936.2029085,832.4,219,0.4519,0.4204,0.3344,0.4241,62.5552,42.0381,43.9414,27.2012,0.0,0.0,7.21,5.23,1.98,None,0.774543046951294,55.997,True,None,sfc_unique_p4_44,0,None,68.33,0,528.0,62,66,0,0,0,True,96.04395604395604,12.025151515151515,2.4395454545454545,8.5,0.7256,0.6243,0.1627,0.2718,2676.887401498932,426.79999999999995,3103.6874014989316,0.25482581926332687,50,1,15
0,1769379936.4439065,832.6,220,0.4624,0.4204,0.3369,0.4241,64.9051,42.0381,43.9414,27.3033,0.0,0.0,8.54,6.08,2.46,None,1.0435433387756348,59.003,True,None,sfc_cache_p5_44,0,None,72.33,0,561.0,65,68,0,0,0,True,96.0482985729967,12.068529411764706,2.3677941176470587,8.25,0.7164,0.6243,0.1598,0.275,2676.887401498932,441.19999999999993,3118.0874014989317,0.26201573491357066,51,1,16
0,1769379936.4479048,832.6,220,0.4624,0.4204,0.3369,0.4241,64.9051,42.0381,43.9414,27.3033,0.0,0.0,7.26,5.23,2.03,None,1.0435433387756348,55.989,True,None,sfc_unique_p5_44,0,None,72.33,0,561.0,65,68,0,0,0,True,96.05263157894737,12.068529411764706,2.3677941176470587,8.25,0.7164,0.6243,0.1598,0.275,2676.887401498932,441.19999999999993,3118.0874014989317,0.26201573491357066,51,1,16
0,1769379936.7075691,832.9,221,0.4726,0.4204,0.3415,0.4241,67.2549,42.0381,43.9414,27.4011,0.0,0.0,9.21,5.72,3.5,None,1.2895395755767822,59.0,True,None,sfc_cache_p6_44,0,None,76.33,0,594.0,68,70,0,0,0,True,96.05695509309967,12.109428571428571,2.300142857142857,8.014285714285714,0.7173,0.6243,0.157,0.2773,2695.3477791494506,455.5999999999999,3150.9477791494505,0.26878780446436323,52,1,17
0,1769379936.7115693,832.9,221,0.4726,0.4204,0.3415,0.4241,67.2549,42.0381,43.9414,27.4011,0.0,0.0,7.6,4.66,2.94,None,1.2895395755767822,61.664,True,None,sfc_unique_p6_44,0,None,76.33,0,594.0,68,70,0,0,0,True,96.06126914660832,12.109428571428571,2.300142857142857,8.014285714285714,0.7173,0.6243,0.157,0.2773,2695.3477791494506,455.5999999999999,3150.9477791494505,0.26878780446436323,52,1,17
0,1769379940.1716166,836.4,221,0.463,0.4204,0.3348,0.449,65.7253,42.0381,46.5262,26.7358,0.0,0.0,15.38,7.39,7.99,None,0.0009999275207519531,64.051,True,None,sfc_cache_p3_41,0,None,68.33,0,528.0,64,68,0,0,0,True,96.06557377049181,12.12735294117647,2.3677941176470587,8.735294117647058,0.7092,0.6243,0.1583,0.2751,2708.499316063241,455.5999999999999,3164.099316063241,0.275617628207658,51,3,14
0,1769379940.1756103,836.4,221,0.463,0.4204,0.3348,0.449,65.7253,42.0381,46.5262,26.7358,0.0,0.0,13.81,7.74,6.07,None,0.0009999275207519531,57.998,True,None,sfc_unique_p3_41,0,None,68.33,0,528.0,64,68,0,0,0,True,96.06986899563319,12.12735294117647,2.3677941176470587,8.735294117647058,0.7092,0.6243,0.1583,0.2751,2708.499316063241,455.5999999999999,3164.099316063241,0.275617628207658,51,3,14
0,1769379940.4221592,836.6,221,0.4749,0.443,0.3456,0.449,67.1049,44.3017,46.5262,27.6062,0.0,0.0,15.23,7.39,7.85,None,0.28806591033935547,76.009,True,None,sfc_cache_p1_41,0,None,72.33,0,561.0,67,70,0,0,0,True,96.07415485278081,12.042714285714286,2.424,8.485714285714286,0.7177,0.6322,0.1583,0.2719,2722.499316063241,459.9999999999999,3182.499316063241,0.2801980396661727,53,3,14
0,1769379940.4251776,836.6,221,0.4749,0.443,0.3456,0.449,67.1049,44.3017,46.5262,27.6062,0.0,0.0,11.82,5.87,5.95,None,0.28806591033935547,51.004,True,None,sfc_unique_p1_41,0,None,72.33,0,561.0,67,70,0,0,0,True,96.07843137254902,12.042714285714286,2.424,8.485714285714286,0.7177,0.6322,0.1583,0.2719,2722.499316063241,459.9999999999999,3182.499316063241,0.2801980396661727,53,3,14
0,1769379950.6500719,846.8,221,0.4974,0.4009,0.3229,0.4241,71.5539,40.0916,45.5875,28.1186,0.0,0.0,10.94,6.08,4.85,None,0.0,52.509,True,None,sfc_cache_p6_42,0,None,76.33,0,594.0,69,70,0,0,0,True,96.08269858541894,12.295142857142856,2.1144285714285713,8.014285714285714,0.7384,0.59,0.1469,0.2651,2640.4451975930338,464.39999999999986,3104.845197593034,0.29446271206750174,52,3,15
0,1769379950.6540823,846.8,221,0.4974,0.4009,0.3229,0.4241,71.5539,40.0916,45.5875,28.1186,0.0,0.0,8.96,4.66,4.3,None,0.0,71.998,True,None,sfc_unique_p6_42,0,None,76.33,0,594.0,69,70,0,0,0,True,96.08695652173913,12.295142857142856,2.1144285714285713,8.014285714285714,0.7384,0.59,0.1469,0.2651,2640.4451975930338,464.39999999999986,3104.845197593034,0.29446271206750174,52,3,15
0,1769379953.5152566,849.7,221,0.4988,0.3864,0.328,0.449,71.7676,38.6439,46.5262,28.0034,0.0,0.0,8.16,4.76,3.4,None,0.0,57.003,True,None,sfc_cache_p1_45,0,None,76.33,0,594.0,70,72,0,0,0,True,96.09120521172639,12.384166666666665,2.0556944444444443,8.25,0.7132,0.5364,0.1451,0.2664,2700.4451975930338,474.39999999999986,3174.845197593034,0.3001458198003792,53,3,16
0,1769379953.5202587,849.7,221,0.4988,0.3864,0.328,0.449,71.7676,38.6439,46.5262,28.0034,0.0,0.0,6.74,3.87,2.87,None,0.0,61.999,True,None,sfc_unique_p1_45,0,None,76.33,0,594.0,70,72,0,0,0,True,96.09544468546638,12.384166666666665,2.0556944444444443,8.25,0.7132,0.5364,0.1451,0.2664,2700.4451975930338,474.39999999999986,3174.845197593034,0.3001458198003792,53,3,16
0,1769379953.762773,849.9,222,0.5051,0.3864,0.3349,0.449,73.7448,38.6439,46.5262,28.0659,0.0,0.0,8.43,4.23,4.2,None,0.2609992027282715,62.519,True,None,sfc_cache_p2_45,0,None,80.33,0,627.0,72,74,0,0,0,True,96.0996749729144,12.414324324324324,2.000135135135135,8.027027027027026,0.7093,0.5364,0.1426,0.2676,2701.287946393529,488.79999999999984,3190.087946393529,0.29202745896517573,55,3,16
0,1769379953.767773,850.0,222,0.5051,0.3864,0.3349,0.449,73.7448,38.6439,46.5262,28.0659,0.0,0.0,13.44,5.69,7.75,None,0.2609992027282715,47.997,True,None,sfc_unique_p2_45,0,None,80.33,0,627.0,72,74,0,0,0,True,96.1038961038961,12.414324324324324,2.000135135135135,8.027027027027026,0.7093,0.5364,0.1426,0.2676,2701.287946393529,488.79999999999984,3190.087946393529,0.29202745896517573,55,3,16
0,1769379954.0357726,850.2,223,0.5133,0.3864,0.3451,0.474,76.1696,38.6439,49.111,28.1244,0.0,0.0,8.77,4.3,4.47,None,0.5095160007476807,73.007,True,None,sfc_cache_p3_45,0,None,80.33,0,627.0,73,76,0,0,0,True,96.1081081081081,12.495526315789474,1.9474999999999998,8.25,0.7041,0.5364,0.1424,0.2681,2701.287946393529,503.1999999999998,3204.487946393529,0.28433299125184436,57,3,16
0,1769379954.0397718,850.2,223,0.5133,0.3864,0.3451,0.474,76.1696,38.6439,49.111,28.1244,0.0,0.0,14.55,6.16,8.4,None,0.5095160007476807,65.0,True,None,sfc_unique_p3_45,0,None,80.33,0,627.0,73,76,0,0,0,True,96.11231101511879,12.495526315789474,1.9474999999999998,8.25,0.7041,0.5364,0.1424,0.2681,2701.287946393529,503.1999999999998,3204.487946393529,0.28433299125184436,57,3,16
0,1769379954.2782826,850.5,224,0.5178,0.4099,0.3587,0.474,77.1397,40.9937,49.111,28.5405,0.0,0.0,8.98,5.65,3.33,None,0.7805149555206299,52.005,True,None,sfc_cache_p4_45,0,None,84.33,0,660.0,75,78,0,0,0,True,96.11650485436894,12.405897435897435,2.012948717948718,8.038461538461538,0.7061,0.553,0.1401,0.2654,2722.7288998063136,517.5999999999998,3240.3288998063135,0.27703306179911275,59,3,16
0,1769379954.2812836,850.5,224,0.5178,0.4099,0.3587,0.474,77.1397,40.9937,49.111,28.5405,0.0,0.0,13.1,6.11,6.99,None,0.7805149555206299,54.515,True,None,sfc_unique_p4_45,0,None,84.33,0,660.0,75,78,0,0,0,True,96.12068965517241,12.405897435897435,2.012948717948718,8.038461538461538,0.7061,0.553,0.1401,0.2654,2722.7288998063136,517.5999999999998,3240.3288998063135,0.27703306179911275,59,3,16
0,1769379956.7112002,852.9,224,0.5305,0.4253,0.3533,0.474,80.0295,42.5294,50.9508,28.9112,0.0,0.0,16.16,7.25,8.91,None,0.0,62.542,True,None,sfc_cache_p2_39,0,None,84.33,0,660.0,74,78,0,0,0,True,96.1248654467169,12.405897435897435,2.012948717948718,8.038461538461538,0.697,0.5884,0.1448,0.2663,2655.146042408296,517.5999999999998,3172.746042408296,0.27690661129254196,59,3,16
0,1769379956.7152028,852.9,224,0.5305,0.4253,0.3533,0.474,80.0295,42.5294,50.9508,28.9112,0.0,0.0,24.56,6.65,17.9,None,0.0,2225.376,True,None,sfc_unique_p2_39,0,None,84.33,0,660.0,74,78,0,0,0,True,96.12903225806451,12.405897435897435,2.012948717948718,8.038461538461538,0.697,0.5884,0.1448,0.2663,2655.146042408296,517.5999999999998,3172.746042408296,0.27690661129254196,59,3,16
0,1769379957.034936,853.2,224,0.4573,0.2826,0.237,0.3742,66.9871,28.2626,40.2243,24.4974,0.0,0.0,12.73,6.03,6.7,None,0.0009989738464355469,60.505,True,None,sfc_cache_p2_41,0,None,68.33,0,528.0,60,62,0,0,0,True,96.13319011815253,12.714999999999998,1.6829032258064516,7.983870967741935,0.6522,0.5709,0.1355,0.2056,2531.743866274571,432.39999999999986,2964.1438662745704,0.33359607389863516,42,2,18
0,1769379957.039952,853.2,224,0.4573,0.2826,0.237,0.3742,66.9871,28.2626,40.2243,24.4974,0.0,0.0,13.47,8.05,5.42,None,0.0009989738464355469,51.516,True,None,sfc_unique_p2_41,0,None,68.33,0,528.0,60,62,0,0,0,True,96.13733905579399,12.714999999999998,1.6829032258064516,7.983870967741935,0.6522,0.5709,0.1355,0.2056,2531.743866274571,432.39999999999986,2964.1438662745704,0.33359607389863516,42,2,18
0,1769379957.3309324,853.5,224,0.4787,0.2826,0.2437,0.3992,69.8893,28.2626,42.9059,25.5635,0.0,0.0,14.76,7.25,7.51,None,0.25804734230041504,76.998,True,None,sfc_cache_p6_39,0,None,68.33,0,528.0,62,64,0,0,0,True,96.14147909967846,12.802031249999999,1.6303125,8.25,0.6552,0.5709,0.1363,0.216,2538.023866274571,436.7999999999999,2974.8238662745707,0.33717026164571007,45,3,16
0,1769379957.334934,853.5,224,0.4787,0.2826,0.2437,0.3992,69.8893,28.2626,42.9059,25.5635,0.0,0.0,14.03,7.85,6.18,None,0.25804734230041504,56.998,True,None,sfc_unique_p6_39,0,None,68.33,0,528.0,62,64,0,0,0,True,96.1456102783726,12.802031249999999,1.6303125,8.25,0.6552,0.5709,0.1363,0.216,2538.023866274571,436.7999999999999,2974.8238662745707,0.33717026164571007,45,3,16
0,1769379957.5809329,853.8,224,0.495,0.2826,0.2558,0.4241,72.7914,28.2626,45.5875,26.0777,0.0,0.0,12.28,4.83,7.45,None,0.571434736251831,63.0,True,None,sfc_cache_p3_39,0,None,68.33,0,528.0,64,66,0,0,0,True,96.14973262032086,12.883787878787878,1.580909090909091,8.5,0.6587,0.5709,0.1384,0.2346,2538.023866274571,436.7999999999999,2974.8238662745707,0.3412188041235873,46,4,16
0,1769379957.583932,853.8,224,0.495,0.2826,0.2558,0.4241,72.7914,28.2626,45.5875,26.0777,0.0,0.0,12.34,6.1,6.24,None,0.571434736251831,54.999,True,None,sfc_unique_p3_39,0,None,68.33,0,528.0,64,66,0,0,0,True,96.15384615384616,12.883787878787878,1.580909090909091,8.5,0.6587,0.5709,0.1384,0.2346,2538.023866274571,436.7999999999999,2974.8238662745707,0.3412188041235873,46,4,16
0,1769379957.861451,854.0,224,0.5108,0.2826,0.2679,0.4241,75.2293,28.2626,45.5875,26.7784,0.0,0.0,12.09,4.83,7.26,None,0.8387289047241211,100.52,True,None,sfc_cache_p1_39,0,None,72.33,0,561.0,67,68,0,0,0,True,96.15795090715048,12.901911764705881,1.5344117647058824,8.25,0.6641,0.5709,0.1384,0.251,2538.023866274571,436.7999999999999,2974.8238662745707,0.3451781336255405,47,5,16
0,1769379957.865449,854.1,224,0.5108,0.2826,0.2679,0.4241,75.2293,28.2626,45.5875,26.7784,0.0,0.0,11.37,5.28,6.09,None,0.8387289047241211,65.979,True,None,sfc_unique_p1_39,0,None,72.33,0,561.0,67,68,0,0,0,True,96.16204690831557,12.901911764705881,1.5344117647058824,8.25,0.6641,0.5709,0.1384,0.251,2538.023866274571,436.7999999999999,2974.8238662745707,0.3451781336255405,47,5,16
0,1769379958.1314929,854.3,225,0.5208,0.2826,0.2748,0.4241,77.7832,28.2626,45.5875,26.776,0.0,0.0,7.8,4.32,3.48,None,4.606192350387573,62.998,True,None,sfc_cache_p5_45,0,None,76.33,0,594.0,70,70,0,0,0,True,96.1661341853035,12.918999999999999,1.4905714285714287,8.014285714285714,0.6579,0.5709,0.1359,0.2426,2538.023866274571,451.1999999999999,2989.223866274571,0.3353086426854028,49,5,16
0,1769379958.1354952,854.3,225,0.5208,0.2826,0.2748,0.4241,77.7832,28.2626,45.5875,26.776,0.0,0.0,13.43,7.11,6.32,None,4.606192350387573,60.527,True,None,sfc_unique_p5_45,0,None,76.33,0,594.0,70,70,0,0,0,True,96.17021276595744,12.918999999999999,1.4905714285714287,8.014285714285714,0.6579,0.5709,0.1359,0.2426,2538.023866274571,451.1999999999999,2989.223866274571,0.3353086426854028,49,5,16
0,1769379958.4738863,854.7,226,0.5208,0.2826,0.2748,0.4241,77.7832,28.2626,45.5875,26.776,0.0,0.0,6.31,4.09,2.22,None,4.878231048583984,79.0,False,None,sfc_cache_p6_45,0,None,76.33,0,594.0,70,70,0,0,0,True,96.06801275239107,12.918999999999999,1.4905714285714287,8.014285714285714,0.6579,0.5709,0.1359,0.2426,2538.023866274571,451.1999999999999,2989.223866274571,0.3353086426854028,49,5,16
0,1769379958.4788907,854.7,226,0.5208,0.2826,0.2748,0.4241,77.7832,28.2626,45.5875,26.776,0.0,0.0,None,None,None,None,4.878231048583984,52.002,False,None,sfc_unique_p6_45,0,None,76.33,0,594.0,70,70,0,0,0,True,95.96602972399151,12.918999999999999,1.4905714285714287,8.014285714285714,0.6579,0.5709,0.1359,0.2426,2538.023866274571,451.1999999999999,2989.223866274571,0.3353086426854028,49,5,16
0,1769379962.103155,858.3,226,0.4937,0.2447,0.2456,0.3992,74.8415,24.4704,42.9059,24.4687,0.0,0.0,9.07,3.98,5.09,None,0.0,67.998,True,None,sfc_cache_p6_42,0,None,72.33,0,561.0,65,66,0,0,0,True,95.97030752916224,13.03530303030303,1.3687878787878789,8.0,0.6154,0.5531,0.1529,0.2331,2500.430602847857,437.9999999999999,2938.430602847857,0.35619217080405974,45,5,16
0,1769379962.1071515,858.3,226,0.4937,0.2447,0.2456,0.3992,74.8415,24.4704,42.9059,24.4687,0.0,0.0,8.96,4.47,4.49,None,0.0,51.999,True,None,sfc_unique_p6_42,0,None,72.33,0,561.0,65,66,0,0,0,True,95.97457627118644,13.03530303030303,1.3687878787878789,8.0,0.6154,0.5531,0.1529,0.2331,2500.430602847857,437.9999999999999,2938.430602847857,0.35619217080405974,45,5,16
0,1769379962.3886602,858.6,226,0.5044,0.2781,0.2663,0.4241,76.3124,27.8103,45.5875,25.1495,0.0,0.0,11.36,4.75,6.61,None,0.2680034637451172,69.51,True,None,sfc_cache_p4_39,0,None,72.33,0,561.0,66,68,0,0,0,True,95.97883597883597,12.926470588235293,1.5098529411764705,8.25,0.6217,0.5093,0.1521,0.248,2513.4156028478565,437.9999999999999,2951.4156028478565,0.35819255919750775,47,6,15
0,1769379962.3946612,858.6,226,0.5044,0.2781,0.2663,0.4241,76.3124,27.8103,45.5875,25.1495,0.0,0.0,10.91,3.49,7.42,None,0.2680034637451172,77.998,True,None,sfc_unique_p4_39,0,None,72.33,0,561.0,66,68,0,0,0,True,95.9830866807611,12.926470588235293,1.5098529411764705,8.25,0.6217,0.5093,0.1521,0.248,2513.4156028478565,437.9999999999999,2951.4156028478565,0.35819255919750775,47,6,15
0,1769379962.709658,858.9,226,0.512,0.326,0.2828,0.449,76.7767,32.5966,48.2691,26.2082,0.0,0.0,13.95,7.18,6.78,None,0.5685148239135742,77.0,True,None,sfc_cache_p2_39,0,None,72.33,0,561.0,67,70,0,0,0,True,95.98732840549103,12.74757142857143,1.719142857142857,8.485714285714286,0.6466,0.5845,0.1531,0.2585,2557.041317133571,442.39999999999986,2999.441317133571,0.34730748449519483,49,6,15
0,1769379962.7146568,858.9,226,0.512,0.326,0.2828,0.449,76.7767,32.5966,48.2691,26.2082,0.0,0.0,17.94,5.58,12.37,None,0.5685148239135742,66.996,True,None,sfc_unique_p2_39,0,None,72.33,0,561.0,67,70,0,0,0,True,95.9915611814346,12.74757142857143,1.719142857142857,8.485714285714286,0.6466,0.5845,0.1531,0.2585,2557.041317133571,442.39999999999986,2999.441317133571,0.34730748449519483,49,6,15
0,1769379973.588141,869.8,226,0.475,0.2447,0.2082,0.3493,66.9859,24.4704,37.5427,25.482,0.0,0.0,9.64,5.72,3.92,None,0.0010006427764892578,52.998,True,None,sfc_cache_p1_46,0,None,68.33,0,528.0,60,60,0,0,0,True,95.99578503688093,12.8555,1.5056666666666667,7.7,0.6392,0.5531,0.1318,0.1837,2461.644888562143,383.59999999999985,2845.244888562143,0.36197697385122746,39,2,19
0,1769379973.591143,869.8,226,0.475,0.2447,0.2082,0.3493,66.9859,24.4704,37.5427,25.482,0.0,0.0,7.73,4.47,3.27,None,0.0010006427764892578,67.0,True,None,sfc_unique_p1_46,0,None,68.33,0,528.0,60,60,0,0,0,True,96.0,12.8555,1.5056666666666667,7.7,0.6392,0.5531,0.1318,0.1837,2461.644888562143,383.59999999999985,2845.244888562143,0.36197697385122746,39,2,19
0,1769379973.8592238,870.0,227,0.4752,0.2926,0.2201,0.3493,67.3725,29.2567,37.5427,25.6384,0.0,0.0,11.1,5.72,5.38,None,0.2630019187927246,49.026,True,None,sfc_cache_p2_46,0,None,72.33,0,561.0,62,62,0,0,0,True,96.00420609884333,12.591290322580646,1.7420967741935485,7.451612903225806,0.6425,0.5733,0.1292,0.1925,2495.3258203064547,397.99999999999983,2893.3258203064547,0.36636247584503295,40,2,20
0,1769379973.8632238,870.0,227,0.4752,0.2926,0.2201,0.3493,67.3725,29.2567,37.5427,25.6384,0.0,0.0,7.3,2.51,4.78,None,0.2630019187927246,64.006,True,None,sfc_unique_p2_46,0,None,72.33,0,561.0,62,62,0,0,0,True,96.00840336134453,12.591290322580646,1.7420967741935485,7.451612903225806,0.6425,0.5733,0.1292,0.1925,2495.3258203064547,397.99999999999983,2893.3258203064547,0.36636247584503295,40,2,20
0,1769379974.120218,870.3,228,0.4843,0.2926,0.2251,0.3493,69.8103,29.2567,37.5427,25.5876,0.0,0.0,8.91,4.83,4.08,None,0.5350828170776367,59.994,True,None,sfc_cache_p3_46,0,None,76.33,0,594.0,64,64,0,0,0,True,96.01259181532005,12.619687500000001,1.68765625,7.21875,0.6435,0.5733,0.1267,0.2003,2512.4658203064546,407.99999999999983,2920.4658203064546,0.36965658016351083,41,2,21
0,1769379974.125221,870.3,228,0.4843,0.2926,0.2251,0.3493,69.8103,29.2567,37.5427,25.5876,0.0,0.0,10.96,7.63,3.32,None,0.5350828170776367,55.002,True,None,sfc_unique_p3_46,0,None,76.33,0,594.0,64,64,0,0,0,True,96.0167714884696,12.619687500000001,1.68765625,7.21875,0.6435,0.5733,0.1267,0.2003,2512.4658203064546,407.99999999999983,2920.4658203064546,0.36965658016351083,41,2,21
0,1769379974.3787334,870.6,229,0.4827,0.3404,0.2412,0.3493,70.1969,34.043,37.5427,25.5398,0.0,0.0,8.75,4.83,3.92,None,0.7970898151397705,65.996,True,None,sfc_cache_p4_46,0,None,80.33,0,627.0,67,66,0,0,0,True,96.02094240837697,12.378636363636364,1.9042424242424243,7.0,0.643,0.5914,0.1243,0.214,2551.0522720941035,417.99999999999983,2969.0522720941035,0.3722893497621652,44,2,20
0,1769379974.383732,870.6,229,0.4827,0.3404,0.2412,0.3493,70.1969,34.043,37.5427,25.5398,0.0,0.0,7.06,3.14,3.92,None,0.7970898151397705,52.999,True,None,sfc_unique_p4_46,0,None,80.33,0,627.0,67,66,0,0,0,True,96.02510460251045,12.378636363636364,1.9042424242424243,7.0,0.643,0.5914,0.1243,0.214,2551.0522720941035,417.99999999999983,2969.0522720941035,0.3722893497621652,44,2,20
0,1769379974.6392543,870.8,230,0.4812,0.3516,0.2516,0.3742,69.4525,35.1636,38.7718,25.6824,0.0,0.0,11.26,7.25,4.01,None,1.0555932521820068,58.517,True,None,sfc_cache_p5_46,0,None,80.33,0,627.0,68,68,0,0,0,True,96.02925809822361,12.338088235294117,1.9805882352941178,7.279411764705882,0.6233,0.6218,0.1338,0.2233,2630.5750486667716,432.3999999999998,3062.9750486667713,0.37333959923184223,46,2,20
0,1769379974.6432521,870.8,230,0.4812,0.3516,0.2516,0.3742,69.4525,35.1636,38.7718,25.6824,0.0,0.0,10.0,6.15,3.85,None,1.0555932521820068,71.0,True,None,sfc_unique_p5_46,0,None,80.33,0,627.0,68,68,0,0,0,True,96.03340292275574,12.338088235294117,1.9805882352941178,7.279411764705882,0.6233,0.6218,0.1338,0.2233,2630.5750486667716,432.3999999999998,3062.9750486667713,0.37333959923184223,46,2,20
0,1769379974.8893065,871.1,231,0.483,0.3743,0.2622,0.3742,70.8322,37.4272,38.7718,25.4525,0.0,0.0,9.7,5.83,3.87,None,1.315114974975586,52.509,True,None,sfc_cache_p6_46,0,None,84.33,0,660.0,71,70,0,0,0,True,96.03753910323253,12.247428571428571,2.0478571428571426,7.071428571428571,0.6131,0.5927,0.1314,0.2312,2635.2350486667715,442.3999999999998,3077.635048666771,0.37447077523765365,48,4,18
0,1769379974.895307,871.1,231,0.483,0.3743,0.2622,0.3742,70.8322,37.4272,38.7718,25.4525,0.0,0.0,9.7,5.96,3.74,None,1.315114974975586,58.091,True,None,sfc_unique_p6_46,0,None,84.33,0,660.0,71,70,0,0,0,True,96.04166666666667,12.247428571428571,2.0478571428571426,7.071428571428571,0.6131,0.5927,0.1314,0.2312,2635.2350486667715,442.3999999999998,3077.635048666771,0.37447077523765365,48,4,18
0,1769379982.111112,878.3,231,0.4486,0.3315,0.224,0.3243,68.8803,33.1464,36.4579,22.569,0.0,0.0,14.24,6.56,7.67,None,0.0,51.002,True,None,sfc_cache_p1_41,0,None,76.33,0,594.0,63,62,0,0,0,True,96.04578563995838,12.381612903225808,1.8872580645161292,6.919354838709677,0.5461,0.4958,0.1036,0.1944,2371.426557808389,429.1999999999998,2800.626557808389,0.3518036249018615,40,4,18
0,1769379982.1161165,878.3,231,0.4486,0.3315,0.224,0.3243,68.8803,33.1464,36.4579,22.569,0.0,0.0,14.19,6.82,7.37,None,0.0,55.001,True,None,sfc_unique_p1_41,0,None,76.33,0,594.0,63,62,0,0,0,True,96.04989604989605,12.381612903225808,1.8872580645161292,6.919354838709677,0.5461,0.4958,0.1036,0.1944,2371.426557808389,429.1999999999998,2800.626557808389,0.3518036249018615,40,4,18
0,1769379982.358109,878.5,231,0.4554,0.4023,0.246,0.3493,68.8803,40.2283,39.2623,23.5771,0.0,0.0,8.67,4.68,3.98,None,0.24960064888000488,61.007,True,None,sfc_cache_p6_46,0,None,76.33,0,594.0,65,64,0,0,0,True,96.0539979231568,12.088437500000001,2.21890625,7.21875,0.5648,0.6478,0.1213,0.2102,2424.052267850386,433.5999999999998,2857.652267850386,0.3543021201309817,42,4,18
0,1769379982.3621092,878.5,231,0.4554,0.4023,0.246,0.3493,68.8803,40.2283,39.2623,23.5771,0.0,0.0,6.07,1.59,4.48,None,0.24960064888000488,55.999,True,None,sfc_unique_p6_46,0,None,76.33,0,594.0,65,64,0,0,0,True,96.05809128630706,12.088437500000001,2.21890625,7.21875,0.5648,0.6478,0.1213,0.2102,2424.052267850386,433.5999999999998,2857.652267850386,0.3543021201309817,42,4,18
0,1769379982.6131065,878.8,231,0.4677,0.4117,0.2595,0.3493,71.0255,41.1716,39.2623,24.0908,0.0,0.0,9.08,3.79,5.29,None,0.4965817928314209,64.006,True,None,sfc_cache_p5_46,0,None,76.33,4,627.0,67,66,0,0,0,True,96.06217616580311,12.080757575757575,2.202121212121212,7.0,0.5722,0.6626,0.1213,0.2197,2431.377267850386,433.5999999999998,2864.977267850386,0.3583995053339615,43,4,19
0,1769379982.6171067,878.8,231,0.4677,0.4117,0.2595,0.3493,71.0255,41.1716,39.2623,24.0908,0.0,0.0,10.2,4.21,5.98,None,0.4965817928314209,60.998,True,None,sfc_unique_p5_46,0,None,76.33,4,627.0,67,66,0,0,0,True,96.06625258799171,12.080757575757575,2.202121212121212,7.0,0.5722,0.6626,0.1213,0.2197,2431.377267850386,433.5999999999998,2864.977267850386,0.3583995053339615,43,4,19
0,1769379982.8631191,879.0,231,0.4802,0.4363,0.2809,0.3493,72.1182,43.6277,39.2623,25.3291,0.0,0.0,9.78,4.68,5.1,None,0.7505786418914795,62.001,True,None,sfc_cache_p3_46,0,None,76.33,8,660.0,69,68,0,0,0,True,96.07032057911064,11.995,2.2648529411764704,6.794117647058823,0.6115,0.6403,0.1213,0.234,2439.7441720958154,437.9999999999998,2877.744172095815,0.3474548412547205,45,4,19
0,1769379982.8691218,879.1,231,0.4802,0.4363,0.2809,0.3493,72.1182,43.6277,39.2623,25.3291,0.0,0.0,20.13,9.25,10.88,None,0.7505786418914795,57.003,True,None,sfc_unique_p3_46,0,None,76.33,8,660.0,69,68,0,0,0,True,96.07438016528926,11.995,2.2648529411764704,6.794117647058823,0.6115,0.6403,0.1213,0.234,2439.7441720958154,437.9999999999998,2877.744172095815,0.3474548412547205,45,4,19
0,1769379983.2075813,879.4,231,0.4802,0.4476,0.2859,0.3742,70.9854,44.7608,42.0668,26.3954,0.0,0.0,9.84,4.97,4.87,None,0.0,75.361,True,None,sfc_cache_p1_43,0,None,72.33,8,627.0,68,68,0,0,0,True,96.07843137254902,11.995000000000001,2.3236764705882353,7.279411764705882,0.6383,0.6472,0.1391,0.2477,2449.494984663529,442.3999999999998,2891.8949846635287,0.31808603422565235,47,4,17
0,1769379983.2125807,879.4,231,0.4802,0.4476,0.2859,0.3742,70.9854,44.7608,42.0668,26.3954,0.0,0.0,16.45,7.43,9.02,None,0.0,64.509,True,None,sfc_unique_p1_43,0,None,72.33,8,627.0,68,68,0,0,0,True,96.08247422680412,11.995000000000001,2.3236764705882353,7.279411764705882,0.6383,0.6472,0.1391,0.2477,2449.494984663529,442.3999999999998,2891.8949846635287,0.31808603422565235,47,4,17
0,1769379983.473095,879.7,231,0.4892,0.4722,0.297,0.3742,72.0781,47.2168,42.0668,27.267,0.0,0.0,14.24,6.56,7.68,None,1.3470568656921387,68.004,True,None,sfc_cache_p3_41,0,None,76.33,8,660.0,71,70,0,0,0,True,96.086508753862,11.914142857142858,2.3811428571428572,7.071428571428571,0.6657,0.6295,0.1391,0.258,2463.7978418063863,446.7999999999998,2910.597841806386,0.3087980895110715,49,4,17
0,1769379983.4770942,879.7,231,0.4892,0.4722,0.297,0.3742,72.0781,47.2168,42.0668,27.267,0.0,0.0,23.07,6.61,16.46,None,1.3470568656921387,57.0,True,None,sfc_unique_p3_41,0,None,76.33,8,660.0,71,70,0,0,0,True,96.09053497942386,11.914142857142858,2.3811428571428572,7.071428571428571,0.6657,0.6295,0.1391,0.258,2463.7978418063863,446.7999999999998,2910.597841806386,0.3087980895110715,49,4,17
0,1769379993.2205184,889.4,231,0.4193,0.4108,0.242,0.2994,57.7511,41.0782,33.6534,24.2671,0.0,0.0,5.45,2.82,2.63,None,0.0,54.998,True,None,sfc_cache_p6_42,0,None,60.33,8,528.0,56,56,0,0,0,True,96.09455292908531,11.690357142857142,2.5894642857142856,7.071428571428571,0.5924,0.6252,0.1129,0.2006,2365.8232504118655,364.7999999999999,2730.6232504118652,0.352518018879853,37,1,18
0,1769379993.2255173,889.4,231,0.4193,0.4108,0.242,0.2994,57.7511,41.0782,33.6534,24.2671,0.0,0.0,8.92,4.83,4.09,None,0.0,67.527,True,None,sfc_unique_p6_42,0,None,60.33,8,528.0,56,56,0,0,0,True,96.09856262833677,11.690357142857142,2.5894642857142856,7.071428571428571,0.5924,0.6252,0.1129,0.2006,2365.8232504118655,364.7999999999999,2730.6232504118652,0.352518018879853,37,1,18
0,1769379993.4725187,889.7,231,0.441,0.4108,0.2445,0.3243,60.7862,41.0782,36.4579,25.295,0.0,0.0,10.72,5.34,5.38,None,0.26212167739868164,61.003,True,None,sfc_cache_p5_42,0,None,60.33,8,528.0,57,58,0,0,0,True,96.1025641025641,11.821724137931033,2.5001724137931034,7.396551724137931,0.5984,0.6252,0.1196,0.2071,2365.8232504118655,364.7999999999999,2730.6232504118652,0.3575758536573647,38,1,19
0,1769379993.477518,889.7,231,0.441,0.4108,0.2445,0.3243,60.7862,41.0782,36.4579,25.295,0.0,0.0,9.88,5.52,4.36,None,0.26212167739868164,60.024,True,None,sfc_unique_p5_42,0,None,60.33,8,528.0,57,58,0,0,0,True,96.10655737704919,11.821724137931033,2.5001724137931034,7.396551724137931,0.5984,0.6252,0.1196,0.2071,2365.8232504118655,364.7999999999999,2730.6232504118652,0.3575758536573647,38,1,19
0,1769379996.6929164,892.9,231,0.4497,0.4363,0.2542,0.3493,62.7287,43.6277,39.2623,25.4627,0.0,0.0,11.25,7.45,3.8,None,0.0010039806365966797,65.002,True,None,sfc_cache_p1_47,0,None,60.33,8,528.0,57,60,0,0,0,True,96.11054247697032,11.794333333333334,2.5668333333333333,7.7,0.6029,0.6684,0.1354,0.2157,2382.2974804072223,379.1999999999999,2761.497480407222,0.36226176322425785,39,1,20
0,1769379996.696914,892.9,231,0.4497,0.4363,0.2542,0.3493,62.7287,43.6277,39.2623,25.4627,0.0,0.0,7.96,3.62,4.34,None,0.0010039806365966797,57.999,True,None,sfc_unique_p1_47,0,None,60.33,8,528.0,57,60,0,0,0,True,96.11451942740287,11.794333333333334,2.5668333333333333,7.7,0.6029,0.6684,0.1354,0.2157,2382.2974804072223,379.1999999999999,2761.497480407222,0.36226176322425785,39,1,20
0,1769379999.2795308,895.5,232,0.4613,0.4363,0.258,0.3493,65.2782,43.6277,39.2623,25.6221,0.0,0.0,11.5,7.45,4.05,None,0.2650034427642822,2341.528,True,None,sfc_cache_p2_47,0,None,64.33,8,561.0,60,62,0,0,0,True,96.11848825331971,11.84935483870968,2.484032258064516,7.451612903225806,0.6261,0.6684,0.1328,0.2231,2404.440337550079,393.59999999999985,2798.040337550079,0.36638235150734627,40,1,21
0,1769379999.2855234,895.5,232,0.4613,0.4363,0.258,0.3493,65.2782,43.6277,39.2623,25.6221,0.0,0.0,11.43,8.05,3.38,None,0.2650034427642822,90.581,True,None,sfc_unique_p2_47,0,None,64.33,8,561.0,60,62,0,0,0,True,96.12244897959184,11.84935483870968,2.484032258064516,7.451612903225806,0.6261,0.6684,0.1328,0.2231,2404.440337550079,393.59999999999985,2798.040337550079,0.36638235150734627,40,1,21
0,1769379999.5585294,895.7,233,0.4709,0.4363,0.2618,0.3493,67.8277,43.6277,39.2623,25.571,0.0,0.0,10.73,6.56,4.17,None,2.8646085262298584,62.002,True,None,sfc_cache_p3_47,0,None,68.33,8,594.0,63,64,0,0,0,True,96.1264016309888,11.900937500000001,2.40640625,7.21875,0.6286,0.6684,0.1302,0.2293,2422.440337550079,403.59999999999985,2826.040337550079,0.36998290302274167,41,1,22
0,1769379999.56304,895.7,233,0.4709,0.4363,0.2618,0.3493,67.8277,43.6277,39.2623,25.571,0.0,0.0,11.53,8.05,3.48,None,2.8646085262298584,56.002,True,None,sfc_unique_p3_47,0,None,68.33,8,594.0,63,64,0,0,0,True,96.13034623217924,11.900937500000001,2.40640625,7.21875,0.6286,0.6684,0.1302,0.2293,2422.440337550079,403.59999999999985,2826.040337550079,0.36998290302274167,41,1,22
0,1769379999.810037,896.0,234,0.482,0.4363,0.268,0.3493,69.9729,43.6277,39.2623,26.1292,0.0,0.0,11.45,7.45,3.99,None,3.1311216354370117,59.003,True,None,sfc_cache_p4_47,0,None,72.33,8,627.0,66,66,0,0,0,True,96.13428280773142,11.949393939393941,2.3334848484848485,7.0,0.6263,0.6684,0.1278,0.237,2423.0117661215077,417.99999999999983,2841.0117661215077,0.35855711808265855,43,3,20
0,1769379999.8140347,896.0,234,0.482,0.4363,0.268,0.3493,69.9729,43.6277,39.2623,26.1292,0.0,0.0,16.94,9.53,7.41,None,3.1311216354370117,52.001,True,None,sfc_unique_p4_47,0,None,72.33,8,627.0,66,66,0,0,0,True,96.13821138211382,11.949393939393941,2.3334848484848485,7.0,0.6263,0.6684,0.1278,0.237,2423.0117661215077,417.99999999999983,2841.0117661215077,0.35855711808265855,43,3,20
0,1769380000.0760317,896.3,235,0.484,0.4608,0.2853,0.3493,71.0656,46.0837,39.2623,26.2673,0.0,0.0,9.98,6.03,3.95,None,3.38211989402771,64.983,True,None,sfc_cache_p5_47,0,None,76.33,8,660.0,68,68,0,0,0,True,96.14213197969544,11.8675,2.392352941176471,6.794117647058823,0.6481,0.7462,0.1254,0.2495,2453.053670366937,432.3999999999998,2885.4536703669364,0.34751821225487245,45,3,20
0,1769380000.0800352,896.3,235,0.484,0.4608,0.2853,0.3493,71.0656,46.0837,39.2623,26.2673,0.0,0.0,15.03,6.53,8.5,None,3.38211989402771,51.994,True,None,sfc_unique_p5_47,0,None,76.33,8,660.0,68,68,0,0,0,True,96.14604462474645,11.8675,2.392352941176471,6.794117647058823,0.6481,0.7462,0.1254,0.2495,2453.053670366937,432.3999999999998,2885.4536703669364,0.34751821225487245,45,3,20
0,1769380000.3805563,896.6,236,0.491,0.4608,0.2929,0.3493,73.2108,46.0837,39.2623,26.3954,0.0,0.0,10.02,6.03,3.99,None,3.6501195430755615,77.009,True,None,sfc_cache_p6_47,0,None,80.33,8,693.0,70,70,0,0,0,True,96.1499493414387,11.914142857142858,2.3240000000000003,6.6,0.6628,0.7462,0.1231,0.2524,2471.27081322408,446.7999999999998,2918.0708132240798,0.3373889838390502,47,3,20
0,1769380000.385557,896.6,236,0.491,0.4608,0.2929,0.3493,73.2108,46.0837,39.2623,26.3954,0.0,0.0,16.55,8.63,7.92,None,3.6501195430755615,68.997,True,None,sfc_unique_p6_47,0,None,80.33,8,693.0,70,70,0,0,0,True,96.15384615384616,11.914142857142858,2.3240000000000003,6.6,0.6628,0.7462,0.1231,0.2524,2471.27081322408,446.7999999999998,2918.0708132240798,0.3373889838390502,47,3,20
0,1769380001.9913855,898.2,236,0.4878,0.4442,0.2771,0.3493,75.0588,44.4248,40.8633,25.3476,0.0,0.0,8.55,4.29,4.26,None,0.0,67.004,True,None,sfc_cache_p6_46,0,None,80.33,4,660.0,68,68,0,0,0,True,96.15773508594539,12.043970588235295,2.2158823529411764,6.794117647058823,0.6409,0.708,0.1278,0.2447,2392.171481710218,442.3999999999998,2834.5714817102175,0.33539418746597044,45,3,20
0,1769380001.9953854,898.2,236,0.4878,0.4442,0.2771,0.3493,75.0588,44.4248,40.8633,25.3476,0.0,0.0,13.85,3.6,10.25,None,0.0,63.071,True,None,sfc_unique_p6_46,0,None,80.33,4,660.0,68,68,0,0,0,True,96.16161616161617,12.043970588235295,2.2158823529411764,6.794117647058823,0.6409,0.708,0.1278,0.2447,2392.171481710218,442.3999999999998,2834.5714817102175,0.33539418746597044,45,3,20
0,1769380002.2633822,898.4,236,0.5004,0.4708,0.2873,0.3493,76.1543,47.0782,40.8633,26.5861,0.0,0.0,10.46,6.56,3.9,None,0.281069278717041,68.01,True,None,sfc_cache_p5_47,0,None,84.33,4,693.0,71,70,0,0,0,True,96.16548940464178,11.957,2.281142857142857,6.6,0.6634,0.6607,0.1278,0.2472,2404.2629102816463,446.7999999999998,2851.062910281646,0.3256113641198989,47,4,19
0,1769380002.2663822,898.5,236,0.5004,0.4708,0.2873,0.3493,76.1543,47.0782,40.8633,26.5861,0.0,0.0,14.5,6.77,7.73,None,0.281069278717041,58.994,True,None,sfc_unique_p5_47,0,None,84.33,4,693.0,71,70,0,0,0,True,96.16935483870968,11.957,2.281142857142857,6.6,0.6634,0.6607,0.1278,0.2472,2404.2629102816463,446.7999999999998,2851.062910281646,0.3256113641198989,47,4,19
0,1769380013.850978,910.0,236,0.4346,0.3708,0.251,0.2994,58.2629,37.0774,31.0175,25.6766,0.0,0.0,7.89,5.77,2.11,None,0.0010023117065429688,60.144,True,None,sfc_cache_p1_48,0,None,72.33,4,594.0,61,60,0,0,0,True,96.17321248741189,11.861,2.366833333333333,6.6,0.6797,0.6064,0.1441,0.2174,2622.318551823204,379.19999999999993,3001.518551823204,0.37769362278549384,37,6,17
0,1769380013.8559763,910.0,236,0.4346,0.3708,0.251,0.2994,58.2629,37.0774,31.0175,25.6766,0.0,0.0,9.61,7.63,1.98,None,0.0010023117065429688,67.002,True,None,sfc_unique_p1_48,0,None,72.33,4,594.0,61,60,0,0,0,True,96.17706237424547,11.861,2.366833333333333,6.6,0.6797,0.6064,0.1441,0.2174,2622.318551823204,379.19999999999993,3001.518551823204,0.37769362278549384,37,6,17
0,1769380014.1269965,910.3,237,0.446,0.3708,0.2536,0.2994,60.6127,37.0774,31.0175,25.8321,0.0,0.0,11.06,7.25,3.81,None,0.3041388988494873,61.998,True,None,sfc_cache_p2_48,0,None,76.33,4,627.0,64,62,0,0,0,True,96.18090452261306,11.913870967741937,2.290483870967742,6.387096774193548,0.6832,0.6064,0.1414,0.2233,2640.318551823204,393.5999999999999,3033.918551823204,0.38059445872403697,39,5,18
0,1769380014.131997,910.3,237,0.446,0.3708,0.2536,0.2994,60.6127,37.0774,31.0175,25.8321,0.0,0.0,10.74,7.63,3.11,None,0.3041388988494873,58.508,True,None,sfc_unique_p2_48,0,None,76.33,4,627.0,64,62,0,0,0,True,96.18473895582329,11.913870967741937,2.290483870967742,6.387096774193548,0.6832,0.6064,0.1414,0.2233,2640.318551823204,393.5999999999999,3033.918551823204,0.38059445872403697,39,5,18
0,1769380014.4035108,910.6,238,0.4537,0.3708,0.2561,0.2994,62.9625,37.0774,31.0175,25.571,0.0,0.0,7.87,5.83,2.04,None,0.5781621932983398,64.0,True,None,sfc_cache_p3_48,0,None,80.33,4,660.0,67,64,0,0,0,True,96.18856569709128,11.963437500000001,2.21890625,6.1875,0.6644,0.6064,0.1388,0.2282,2640.8899803946324,403.5999999999999,3044.4899803946323,0.383053694066811,41,7,16
0,1769380014.4077046,910.6,238,0.4537,0.3708,0.2561,0.2994,62.9625,37.0774,31.0175,25.571,0.0,0.0,9.31,7.63,1.68,None,0.5781621932983398,57.513,True,None,sfc_unique_p3_48,0,None,80.33,4,660.0,67,64,0,0,0,True,96.19238476953907,11.963437500000001,2.21890625,6.1875,0.6644,0.6064,0.1388,0.2282,2640.8899803946324,403.5999999999999,3044.4899803946323,0.383053694066811,41,7,16
0,1769380014.6826942,910.9,239,0.4616,0.3795,0.2695,0.3243,65.3873,37.9468,33.6023,25.3297,0.0,0.0,10.66,5.75,4.91,None,0.852863073348999,60.998,True,None,sfc_cache_p4_48,0,None,80.33,4,660.0,67,66,0,0,0,True,96.1961961961962,12.020151515151516,2.202121212121212,6.5,0.6591,0.6186,0.1541,0.2402,2652.335694680346,413.5999999999999,3065.935694680346,0.3857739694985062,42,8,16
0,1769380014.6866941,910.9,239,0.4616,0.3795,0.2695,0.3243,65.3873,37.9468,33.6023,25.3297,0.0,0.0,7.12,3.41,3.7,None,0.852863073348999,68.997,True,None,sfc_unique_p4_48,0,None,80.33,4,660.0,67,66,0,0,0,True,96.2,12.020151515151516,2.202121212121212,6.5,0.6591,0.6186,0.1541,0.2402,2652.335694680346,413.5999999999999,3065.935694680346,0.3857739694985062,42,8,16
0,1769380015.0296075,911.2,240,0.4721,0.3795,0.2791,0.3243,67.7371,37.9468,33.6023,25.4779,0.0,0.0,11.31,7.18,4.13,None,1.145857334136963,82.177,True,None,sfc_cache_p5_48,0,None,84.33,4,693.0,69,68,0,0,0,True,96.2037962037962,12.063676470588236,2.1373529411764705,6.3088235294117645,0.6552,0.6186,0.1513,0.2483,2652.335694680346,427.9999999999999,3080.335694680346,0.3890949120433469,43,8,17
0,1769380015.0356011,911.2,240,0.4721,0.3795,0.2791,0.3243,67.7371,37.9468,33.6023,25.4779,0.0,0.0,8.45,5.03,3.42,None,1.145857334136963,88.006,True,None,sfc_unique_p5_48,0,None,84.33,4,693.0,69,68,0,0,0,True,96.20758483033931,12.063676470588236,2.1373529411764705,6.3088235294117645,0.6552,0.6186,0.1513,0.2483,2652.335694680346,427.9999999999999,3080.335694680346,0.3890949120433469,43,8,17
0,1769380015.3256123,911.5,241,0.4705,0.4343,0.2923,0.3243,67.7371,43.4297,33.6023,25.6197,0.0,0.0,12.08,7.18,4.91,None,1.4837727546691895,76.998,True,None,sfc_cache_p6_48,0,None,88.33,4,726.0,72,70,0,0,0,True,96.21136590229312,11.804714285714287,2.3762857142857143,6.128571428571429,0.6595,0.6956,0.1487,0.255,2687.1984712530143,442.39999999999986,3129.5984712530144,0.3891473432638439,45,8,17
0,1769380015.328606,911.5,241,0.4705,0.4343,0.2923,0.3243,67.7371,43.4297,33.6023,25.6197,0.0,0.0,5.98,2.41,3.58,None,1.4837727546691895,62.017,True,None,sfc_unique_p6_48,0,None,88.33,4,726.0,72,70,0,0,0,True,96.21513944223108,11.804714285714287,2.3762857142857143,6.128571428571429,0.6595,0.6956,0.1487,0.255,2687.1984712530143,442.39999999999986,3129.5984712530144,0.3891473432638439,45,8,17
0,1769380019.9956002,916.2,241,0.4933,0.3937,0.2861,0.3243,72.3259,39.3683,34.861,26.1956,0.0,0.0,10.47,5.2,5.27,None,0.0010006427764892578,72.0,True,None,sfc_cache_p5_43,0,None,88.33,4,726.0,72,70,0,0,0,True,96.21890547263682,12.104714285714286,2.0762857142857145,6.128571428571429,0.6722,0.7685,0.1541,0.2688,2600.188720440447,446.79999999999984,3046.9887204404467,0.37546412912435456,46,7,17
0,1769380019.9995966,916.2,241,0.4933,0.3937,0.2861,0.3243,72.3259,39.3683,34.861,26.1956,0.0,0.0,16.59,6.54,10.04,None,0.0010006427764892578,77.006,True,None,sfc_unique_p5_43,0,None,88.33,4,726.0,72,70,0,0,0,True,96.22266401590457,12.104714285714286,2.0762857142857145,6.128571428571429,0.6722,0.7685,0.1541,0.2688,2600.188720440447,446.79999999999984,3046.9887204404467,0.37546412912435456,46,7,17
0,1769380036.895801,933.1,241,0.4498,0.3142,0.2403,0.2495,60.8365,31.4195,25.8479,25.2717,0.0,0.0,5.86,4.09,1.77,None,0.0010044574737548828,63.001,True,None,sfc_cache_p1_49,0,None,80.33,4,660.0,62,60,0,0,0,True,96.22641509433963,12.088833333333334,2.005666666666667,5.5,0.6448,0.577,0.1442,0.2628,2576.9774257492227,383.5999999999999,2960.5774257492226,0.4056059771225598,38,6,16
0,1769380036.9017963,933.1,241,0.4498,0.3142,0.2403,0.2495,60.8365,31.4195,25.8479,25.2717,0.0,0.0,8.98,5.52,3.47,None,0.0010044574737548828,60.0,True,None,sfc_unique_p1_49,0,None,80.33,4,660.0,62,60,0,0,0,True,96.23015873015873,12.088833333333334,2.005666666666667,5.5,0.6448,0.577,0.1442,0.2628,2576.9774257492227,383.5999999999999,2960.5774257492226,0.4056059771225598,38,6,16
0,1769380037.1527946,933.3,242,0.4595,0.3142,0.2428,0.2495,63.1863,31.4195,25.8479,25.2289,0.0,0.0,11.43,5.34,6.1,None,0.26051950454711914,49.996,True,None,sfc_cache_p2_49,0,None,84.33,4,693.0,65,62,0,0,0,True,96.23389494549059,12.134354838709678,1.9409677419354838,5.32258064516129,0.6366,0.577,0.1414,0.2697,2576.9774257492227,393.5999999999999,2970.5774257492226,0.4086332095652879,39,6,17
0,1769380037.1577933,933.3,242,0.4595,0.3142,0.2428,0.2495,63.1863,31.4195,25.8479,25.2289,0.0,0.0,10.46,5.52,4.94,None,0.26051950454711914,55.002,True,None,sfc_unique_p2_49,0,None,84.33,4,693.0,65,62,0,0,0,True,96.23762376237623,12.134354838709678,1.9409677419354838,5.32258064516129,0.6366,0.577,0.1414,0.2697,2576.9774257492227,393.5999999999999,2970.5774257492226,0.4086332095652879,39,6,17
0,1769380037.4347966,933.6,243,0.4706,0.3142,0.2481,0.2495,65.5361,31.4195,25.8479,25.3954,0.0,0.0,9.88,6.22,3.66,None,0.5175178050994873,59.995,True,None,sfc_cache_p3_49,0,None,88.33,4,726.0,67,64,0,0,0,True,96.24134520276954,12.17703125,1.8803125,5.15625,0.638,0.577,0.1388,0.2756,2586.0352341380167,407.9999999999999,2994.0352341380167,0.4114490272959915,40,6,18
0,1769380037.4387968,933.6,243,0.4706,0.3142,0.2481,0.2495,65.5361,31.4195,25.8479,25.3954,0.0,0.0,8.45,4.84,3.61,None,0.5175178050994873,65.997,True,None,sfc_unique_p3_49,0,None,88.33,4,726.0,67,64,0,0,0,True,96.24505928853755,12.17703125,1.8803125,5.15625,0.638,0.577,0.1388,0.2756,2586.0352341380167,407.9999999999999,2994.0352341380167,0.4114490272959915,40,6,18
0,1769380037.6813056,933.9,244,0.4796,0.3142,0.2534,0.2495,67.886,31.4195,25.8479,25.3511,0.0,0.0,8.9,5.34,3.56,None,0.7955214977264404,63.995,True,None,sfc_cache_p4_49,0,None,92.33,4,759.0,70,66,0,0,0,True,96.24876604146101,12.217121212121214,1.8233333333333335,5.0,0.6345,0.577,0.1363,0.2794,2595.093042526811,417.9999999999999,3013.093042526811,0.4140910912605893,41,6,19
0,1769380037.6863074,933.9,244,0.4796,0.3142,0.2534,0.2495,67.886,31.4195,25.8479,25.3511,0.0,0.0,8.38,4.84,3.54,None,0.7955214977264404,56.511,True,None,sfc_unique_p4_49,0,None,92.33,4,759.0,70,66,0,0,0,True,96.25246548323472,12.217121212121214,1.8233333333333335,5.0,0.6345,0.577,0.1363,0.2794,2595.093042526811,417.9999999999999,3013.093042526811,0.4140910912605893,41,6,19
0,1769380037.943835,934.1,245,0.489,0.3142,0.2599,0.2744,70.6833,31.4195,28.4327,25.1163,0.0,0.0,8.53,4.23,4.3,None,1.0470292568206787,50.509,True,None,sfc_cache_p5_49,0,None,92.33,4,759.0,72,68,0,0,0,True,96.25615763546797,12.313676470588236,1.7697058823529412,5.338235294117647,0.6253,0.577,0.1378,0.2814,2602.7509128255265,427.9999999999999,3030.7509128255265,0.41657977478478264,42,6,20
0,1769380037.9468417,934.1,245,0.489,0.3142,0.2599,0.2744,70.6833,31.4195,28.4327,25.1163,0.0,0.0,8.38,4.77,3.61,None,1.0470292568206787,50.029,True,None,sfc_unique_p5_49,0,None,92.33,4,759.0,72,68,0,0,0,True,96.25984251968504,12.313676470588236,1.7697058823529412,5.338235294117647,0.6253,0.577,0.1378,0.2814,2602.7509128255265,427.9999999999999,3030.7509128255265,0.41657977478478264,42,6,20
0,1769380038.233131,934.4,246,0.4906,0.3455,0.2718,0.2744,71.6904,34.5526,28.4327,25.0833,0.0,0.0,9.68,4.76,4.92,None,1.302546501159668,51.002,True,None,sfc_cache_p6_49,0,None,96.33,4,792.0,75,70,0,0,0,True,96.26352015732547,12.176142857142858,1.8905714285714286,5.185714285714286,0.6256,0.6093,0.1353,0.2807,2634.3083342773143,437.9999999999999,3072.3083342773143,0.41891330261301923,43,6,21
0,1769380038.2382667,934.4,246,0.4906,0.3455,0.2718,0.2744,71.6904,34.5526,28.4327,25.0833,0.0,0.0,6.34,2.23,4.11,None,1.302546501159668,94.29,True,None,sfc_unique_p6_49,0,None,96.33,4,792.0,75,70,0,0,0,True,96.2671905697446,12.176142857142858,1.8905714285714286,5.185714285714286,0.6256,0.6093,0.1353,0.2807,2634.3083342773143,437.9999999999999,3072.3083342773143,0.41891330261301923,43,6,21
0,1769380050.099986,946.3,246,0.4911,0.3455,0.2738,0.2994,72.138,34.5526,31.0175,24.8988,0.0,0.0,9.17,4.23,4.94,None,0.0,62.987,True,None,sfc_cache_p1_45,0,None,92.33,4,759.0,74,70,0,0,0,True,96.27085377821393,12.233285714285715,1.8905714285714286,5.6571428571428575,0.6215,0.6093,0.1313,0.289,2634.3083342773143,437.9999999999999,3072.3083342773143,0.418909686570443,43,6,21
0,1769380050.102987,946.3,246,0.4911,0.3455,0.2738,0.2994,72.138,34.5526,31.0175,24.8988,0.0,0.0,9.16,4.33,4.83,None,0.0,62.999,True,None,sfc_unique_p1_45,0,None,92.33,4,759.0,74,70,0,0,0,True,96.27450980392157,12.233285714285715,1.8905714285714286,5.6571428571428575,0.6215,0.6093,0.1313,0.289,2634.3083342773143,437.9999999999999,3072.3083342773143,0.418909686570443,43,6,21
0,1769380055.1798031,951.4,246,0.4197,0.3455,0.2421,0.2495,55.3525,34.5526,25.8479,24.5789,0.0,0.0,5.89,3.42,2.48,None,0.0010001659393310547,83.516,True,None,sfc_cache_p3_45,0,None,68.0,4,594.0,57,56,0,0,0,True,96.27815866797258,11.851071428571428,2.3632142857142857,5.892857142857143,0.6404,0.6093,0.1364,0.2629,2572.7075758807814,356.0,2928.7075758807814,0.4167007689810164,35,6,15
0,1769380055.1837995,951.4,246,0.4197,0.3455,0.2421,0.2495,55.3525,34.5526,25.8479,24.5789,0.0,0.0,8.04,3.87,4.16,None,0.0010001659393310547,59.002,True,None,sfc_unique_p3_45,0,None,68.0,4,594.0,57,56,0,0,0,True,96.28180039138942,11.851071428571428,2.3632142857142857,5.892857142857143,0.6404,0.6093,0.1364,0.2629,2572.7075758807814,356.0,2928.7075758807814,0.4167007689810164,35,6,15
0,1769380055.454319,951.6,246,0.4368,0.3455,0.245,0.2495,58.3737,34.5526,25.8479,24.5789,0.0,0.0,6.13,3.65,2.48,None,0.29251575469970703,59.992,True,None,sfc_cache_p2_45,0,None,72.0,4,627.0,60,58,0,0,0,True,96.28543499511241,11.907931034482758,2.2817241379310347,5.689655172413793,0.6368,0.6093,0.1364,0.2656,2599.170584702945,356.0,2955.170584702945,0.43675563105395104,35,6,17
0,1769380055.4573202,951.6,246,0.4368,0.3455,0.245,0.2495,58.3737,34.5526,25.8479,24.5789,0.0,0.0,9.4,5.23,4.17,None,0.29251575469970703,59.523,True,None,sfc_unique_p2_45,0,None,72.0,4,627.0,60,58,0,0,0,True,96.2890625,11.907931034482758,2.2817241379310347,5.689655172413793,0.6368,0.6093,0.1364,0.2656,2599.170584702945,356.0,2955.170584702945,0.43675563105395104,35,6,17
0,1769380058.9940503,955.2,246,0.4098,0.322,0.2202,0.2245,51.585,32.2028,23.2631,25.3443,0.0,0.0,5.68,4.09,1.59,None,0.0009899139404296875,63.008,True,None,sfc_cache_p1_50,0,None,64.0,4,561.0,52,52,0,0,0,True,96.29268292682926,11.820384615384615,2.371923076923077,5.711538461538462,0.6474,0.5793,0.1399,0.2481,2524.855463204725,321.6,2846.4554632047248,0.4295959447171842,32,6,14
0,1769380058.9985733,955.2,246,0.4098,0.322,0.2202,0.2245,51.585,32.2028,23.2631,25.3443,0.0,0.0,7.98,5.52,2.47,None,0.0009899139404296875,57.993,True,None,sfc_unique_p1_50,0,None,64.0,4,561.0,52,52,0,0,0,True,96.29629629629629,11.820384615384615,2.371923076923077,5.711538461538462,0.6474,0.5793,0.1399,0.2481,2524.855463204725,321.6,2846.4554632047248,0.4295959447171842,32,6,14
0,1769380059.2674162,955.5,247,0.4162,0.322,0.2255,0.2245,54.1217,32.2028,23.2631,24.102,0.0,0.0,5.72,4.09,1.63,None,0.28751659393310547,62.943,True,None,sfc_cache_p2_50,0,None,72.33,4,594.0,55,54,0,0,0,True,96.29990262901656,11.802407407407408,2.284074074074074,5.5,0.6273,0.5793,0.1371,0.2548,2543.315840855243,331.6,2874.915840855243,0.4506600605556033,32,6,16
0,1769380059.2716403,955.5,247,0.4162,0.322,0.2255,0.2245,54.1217,32.2028,23.2631,24.102,0.0,0.0,8.03,4.84,3.19,None,0.28751659393310547,70.32,True,None,sfc_unique_p2_50,0,None,72.33,4,594.0,55,54,0,0,0,True,96.3035019455253,11.802407407407408,2.284074074074074,5.5,0.6273,0.5793,0.1371,0.2548,2543.315840855243,331.6,2874.915840855243,0.4506600605556033,32,6,16
0,1769380059.585034,955.8,248,0.4295,0.322,0.2314,0.2495,57.5904,32.2028,25.8479,23.1925,0.0,0.0,6.49,3.68,2.81,None,0.5605838298797607,93.056,True,None,sfc_cache_p3_50,0,None,72.33,4,594.0,57,56,0,0,0,True,96.30709426627794,11.934464285714284,2.2025,5.892857142857143,0.6072,0.5793,0.1499,0.26,2573.9577693492843,341.6,2915.557769349284,0.47020111290505245,32,6,18
0,1769380059.5900319,955.8,248,0.4295,0.322,0.2314,0.2495,57.5904,32.2028,25.8479,23.1925,0.0,0.0,9.03,4.77,4.26,None,0.5605838298797607,54.99,True,None,sfc_unique_p3_50,0,None,72.33,4,594.0,57,56,0,0,0,True,96.31067961165049,11.934464285714284,2.2025,5.892857142857143,0.6072,0.5793,0.1499,0.26,2573.9577693492843,341.6,2915.557769349284,0.47020111290505245,32,6,18
0,1769380062.6876662,958.9,249,0.4353,0.322,0.2373,0.2495,60.1271,32.2028,25.8479,22.1477,0.0,0.0,5.98,3.68,2.29,None,0.8779773712158203,64.005,True,None,sfc_cache_p4_50,0,None,80.66,4,627.0,61,58,0,0,0,True,96.31425800193986,11.913793103448276,2.126551724137931,5.689655172413793,0.5854,0.5793,0.147,0.2635,2579.668959567517,351.6,2931.268959567517,0.4883931027970067,32,6,20
0,1769380062.6926644,958.9,249,0.4353,0.322,0.2373,0.2495,60.1271,32.2028,25.8479,22.1477,0.0,0.0,7.99,4.77,3.23,None,0.8779773712158203,59.005,True,None,sfc_unique_p4_50,0,None,80.66,4,627.0,61,58,0,0,0,True,96.31782945736434,11.913793103448276,2.126551724137931,5.689655172413793,0.5854,0.5793,0.147,0.2635,2579.668959567517,351.6,2931.268959567517,0.4883931027970067,32,6,20
0,1769380063.0291948,959.2,249,0.3991,0.2672,0.214,0.2495,55.987,26.7199,25.8479,19.0036,0.0,0.0,6.38,4.09,2.29,None,0.001007080078125,52.0,True,None,sfc_cache_p6_48,0,None,68.66,4,528.0,53,52,0,0,0,True,96.32139399806388,12.134615384615385,1.968076923076923,6.346153846153846,0.5317,0.5548,0.1391,0.2558,2526.474345817941,324.0,2850.474345817941,0.5314665751789506,25,3,24
0,1769380063.0322018,959.2,249,0.3991,0.2672,0.214,0.2495,55.987,26.7199,25.8479,19.0036,0.0,0.0,11.95,8.05,3.89,None,0.001007080078125,76.994,True,None,sfc_unique_p6_48,0,None,68.66,4,528.0,53,52,0,0,0,True,96.32495164410058,12.134615384615385,1.968076923076923,6.346153846153846,0.5317,0.5548,0.1391,0.2558,2526.474345817941,324.0,2850.474345817941,0.5314665751789506,25,3,24
0,1769380063.2811952,959.5,249,0.4154,0.2672,0.22,0.2744,59.4557,26.7199,28.4327,18.6643,0.0,0.0,6.63,3.65,2.98,None,0.29152989387512207,61.01,True,None,sfc_cache_p2_48,0,None,68.66,4,528.0,55,54,0,0,0,True,96.32850241545894,12.25925925925926,1.8951851851851853,6.722222222222222,0.5227,0.5548,0.1442,0.2629,2537.621614042674,324.0,2861.621614042674,0.5487409936498325,25,3,26
0,1769380063.2851944,959.5,249,0.4154,0.2672,0.22,0.2744,59.4557,26.7199,28.4327,18.6643,0.0,0.0,9.66,4.86,4.8,None,0.29152989387512207,59.004,True,None,sfc_unique_p2_48,0,None,68.66,4,528.0,55,54,0,0,0,True,96.33204633204633,12.25925925925926,1.8951851851851853,6.722222222222222,0.5227,0.5548,0.1442,0.2629,2537.621614042674,324.0,2861.621614042674,0.5487409936498325,25,3,26
0,1769380063.5077803,959.7,249,0.4311,0.2829,0.2341,0.2994,62.2531,28.2865,31.0175,18.6643,0.0,0.0,8.53,3.89,4.64,None,0.5645334720611572,47.993,True,None,sfc_cache_p2_47,0,None,68.66,4,528.0,55,56,0,0,0,True,96.33558341369334,12.267857142857142,1.934642857142857,7.071428571428571,0.5141,0.6465,0.1367,0.2759,2560.8282366046774,324.0,2884.8282366046774,0.5607630647607548,27,6,23
0,1769380063.5107794,959.7,249,0.4311,0.2829,0.2341,0.2994,62.2531,28.2865,31.0175,18.6643,0.0,0.0,12.82,6.1,6.71,None,0.5645334720611572,53.504,True,None,sfc_unique_p2_47,0,None,68.66,4,528.0,55,56,0,0,0,True,96.33911368015414,12.267857142857142,1.934642857142857,7.071428571428571,0.5141,0.6465,0.1367,0.2759,2560.8282366046774,324.0,2884.8282366046774,0.5607630647607548,27,6,23
0,1769380063.7758255,960.0,250,0.432,0.3142,0.2475,0.2994,63.2602,31.4195,31.0175,18.6872,0.0,0.0,9.8,4.66,5.14,None,4.79772686958313,67.039,True,None,sfc_cache_p5_50,0,None,72.66,4,561.0,58,58,0,0,0,True,96.34263715110684,12.10344827586207,2.074827586206897,6.827586206896552,0.5158,0.6906,0.134,0.2778,2588.632409333357,334.0,2922.632409333357,0.5581410245735278,28,6,24
0,1769380063.7788248,960.0,250,0.432,0.3142,0.2475,0.2994,63.2602,31.4195,31.0175,18.6872,0.0,0.0,6.71,2.29,4.42,None,4.79772686958313,61.998,True,None,sfc_unique_p5_50,0,None,72.66,4,561.0,58,58,0,0,0,True,96.34615384615385,12.10344827586207,2.074827586206897,6.827586206896552,0.5158,0.6906,0.134,0.2778,2588.632409333357,334.0,2922.632409333357,0.5581410245735278,28,6,24
0,1769380064.1088283,960.3,251,0.4422,0.3229,0.2566,0.3243,65.685,32.289,33.6023,18.8628,0.0,0.0,9.71,4.76,4.95,None,5.067770004272461,92.003,True,None,sfc_cache_p6_50,0,None,72.66,4,561.0,59,60,0,0,0,True,96.34966378482228,12.161166666666666,2.061166666666667,7.15,0.5174,0.701,0.1375,0.2774,2607.2216370070914,344.0,2951.2216370070914,0.5561492211410484,29,6,25
0,1769380064.1158276,960.3,251,0.4422,0.3229,0.2566,0.3243,65.685,32.289,33.6023,18.8628,0.0,0.0,6.56,2.64,3.92,None,5.067770004272461,66.992,True,None,sfc_unique_p6_50,0,None,72.66,4,561.0,59,60,0,0,0,True,96.3531669865643,12.161166666666666,2.061166666666667,7.15,0.5174,0.701,0.1375,0.2774,2607.2216370070914,344.0,2951.2216370070914,0.5561492211410484,29,6,25
