No.,timestamp,time_seconds,users,cpu_utilization,gpu_utilization,bandwidth_utilization,cache_utilization,network_cpu_utilization,network_gpu_utilization,network_cache_utilization,mobile_cpu_utilization,mobile_gpu_utilization,mobile_cache_utilization,latency,comp_latency,comm_latency,latency_diff,queue_time,decision_time_ms,success,fail_reason,sfc_id,recovery_time,sfc_recovered,cpu_saved,gpu_saved,cache_saved,shared_vnfs,running_sfcs,running_players,running_sessions,trascode_bw,crashing,acceptance_rate,cpu_per_flow,gpu_per_flow,cache_per_flow,jain_cpu,jain_gpu,jain_cache,jain_bw,server_energy_consumption,mobile_energy_consumption,total_energy_consumption,avg_sfc_reliability,high_risk_sfcs,medium_risk_sfcs,low_risk_sfcs
0,1771614424.955721,0,1,0.0264,0.0,0.0042,0.0249,2.6783,0.0,2.4947,0.0,0.0,0.0,4.35,3.05,1.3,None,0.00016951560974121094,11.942,True,None,sfc_cache_p1_1,0,None,0.0,0.0,0.0,1,2,1,1,0,False,100.0,15.5,0.0,16.5,0.0769,1.0,0.04,0.0597,2064.3940566475776,2054.3940566475776,10.0,0.9963131094257854,0,0,2
0,1771614424.956492,0.0,1,0.0264,0.0,0.0042,0.0249,2.6783,0.0,2.4947,0.0,0.0,0.0,5.85,4.12,1.73,None,0.00016951560974121094,9.87,True,None,sfc_unique_p1_1,0,None,0.0,0.0,0.0,1,2,1,1,0,False,100.0,15.5,0.0,16.5,0.0769,1.0,0.04,0.0597,2064.3940566475776,2054.3940566475776,10.0,0.9963131094257854,0,0,2
0,1771614424.9793723,0.0,2,0.0449,0.0,0.0084,0.0249,4.6369,0.0,2.4947,0.0,0.0,0.0,4.35,3.05,1.3,None,0.025882244110107422,9.917,True,None,sfc_cache_p2_1,0,None,8.33,0.0,33.0,5,4,2,1,0,False,100.0,13.4175,0.0,8.25,0.0714,1.0,0.0385,0.0597,2084.920290976629,2064.920290976629,20.0,0.9943482123510292,0,0,4
0,1771614424.9799752,0.0,2,0.0449,0.0,0.0084,0.0249,4.6369,0.0,2.4947,0.0,0.0,0.0,5.85,4.12,1.73,None,0.025882244110107422,9.713,True,None,sfc_unique_p2_1,0,None,8.33,0.0,33.0,5,4,2,1,0,False,100.0,13.4175,0.0,8.25,0.0714,1.0,0.0385,0.0597,2084.920290976629,2064.920290976629,20.0,0.9943482123510292,0,0,4
0,1771614425.0027666,0.0,3,0.0629,0.0,0.0127,0.0249,6.5955,0.0,2.4947,0.0,0.0,0.0,4.35,3.05,1.3,None,0.04930877685546875,9.97,True,None,sfc_cache_p3_1,0,None,16.66,0.0,66.0,9,6,3,1,0,False,100.0,12.723333333333334,0.0,5.5,0.0667,1.0,0.037,0.0597,2113.8037455502244,2083.8037455502244,30.0,0.992383315276273,0,0,6
0,1771614425.0040584,0.0,3,0.0629,0.0,0.0127,0.0249,6.5955,0.0,2.4947,0.0,0.0,0.0,5.85,4.12,1.73,None,0.04930877685546875,9.568,True,None,sfc_unique_p3_1,0,None,16.66,0.0,66.0,9,6,3,1,0,False,100.0,12.723333333333334,0.0,5.5,0.0667,1.0,0.037,0.0597,2113.8037455502244,2083.8037455502244,30.0,0.992383315276273,0,0,6
0,1771614425.0271447,0.1,4,0.0733,0.0175,0.0197,0.0249,7.8051,1.7478,2.4947,0.0,0.0,0.0,4.35,3.05,1.3,None,0.07339072227478027,10.058,True,None,sfc_cache_p4_1,0,None,24.99,0.0,99.0,13,8,4,1,0,False,100.0,11.2925,1.08375,4.125,0.0625,0.0833,0.0357,0.0597,2144.8980034050455,2104.8980034050455,40.0,0.9892321963154266,0,0,8
0,1771614425.0278351,0.1,4,0.0733,0.0175,0.0197,0.0249,7.8051,1.7478,2.4947,0.0,0.0,0.0,4.86,3.13,1.73,None,0.07339072227478027,9.748,True,None,sfc_unique_p4_1,0,None,24.99,0.0,99.0,13,8,4,1,0,False,100.0,11.2925,1.08375,4.125,0.0625,0.0833,0.0357,0.0597,2144.8980034050455,2104.8980034050455,40.0,0.9892321963154266,0,0,8
0,1771614450.9845126,26.0,6,0.0965,0.0175,0.0235,0.0499,10.4834,1.7478,4.9894,0.0,0.0,0.0,3.1,2.13,0.97,None,0.00021409988403320312,10.749,True,None,sfc_cache_p1_2,0,None,24.99,0.0,99.0,13,10,4,2,0,False,100.0,12.134,0.867,6.6,0.0588,0.0833,0.0345,0.0748,2169.3932827735644,2119.3932827735644,50.0,0.9853079362356347,0,0,10
0,1771614450.9852948,26.0,6,0.0965,0.0175,0.0235,0.0499,10.4834,1.7478,4.9894,0.0,0.0,0.0,5.52,4.12,1.4,None,0.00021409988403320312,10.536,True,None,sfc_unique_p1_2,0,None,24.99,0.0,99.0,13,10,4,2,0,False,100.0,12.134,0.867,6.6,0.0588,0.0833,0.0345,0.0748,2169.3932827735644,2119.3932827735644,50.0,0.9853079362356347,0,0,10
0,1771614451.0099273,26.1,7,0.1042,0.0383,0.0311,0.0499,11.5487,3.8323,4.9894,0.0,0.0,0.0,3.53,2.56,0.97,None,0.025488615036010742,10.223,True,None,sfc_cache_p2_2,0,None,33.32,0.0,132.0,17,12,4,2,0,False,100.0,11.139166666666666,1.5841666666666667,5.5,0.0556,0.0833,0.0333,0.0834,2190.5958829902493,2130.5958829902493,60.0,0.9810897036720038,0,0,12
0,1771614451.010712,26.1,7,0.1042,0.0383,0.0311,0.0499,11.5487,3.8323,4.9894,0.0,0.0,0.0,3.61,2.21,1.4,None,0.025488615036010742,10.037,True,None,sfc_unique_p2_2,0,None,33.32,0.0,132.0,17,12,4,2,0,False,100.0,11.139166666666666,1.5841666666666667,5.5,0.0556,0.0833,0.0333,0.0834,2190.5958829902493,2130.5958829902493,60.0,0.9810897036720038,0,0,12
0,1771614451.035086,26.1,8,0.1096,0.0632,0.0396,0.0499,12.442,6.3179,4.9894,0.0,0.0,0.0,3.1,2.13,0.97,None,0.050864458084106445,9.715,True,None,sfc_cache_p3_2,0,None,41.65,0.0,165.0,21,14,4,2,0,False,100.0,10.286428571428571,2.2385714285714284,4.714285714285714,0.0526,0.0833,0.0323,0.0862,2221.118093174431,2151.118093174431,70.0,0.9769720694704105,0,0,14
0,1771614451.0358193,26.1,8,0.1096,0.0632,0.0396,0.0499,12.442,6.3179,4.9894,0.0,0.0,0.0,3.61,2.21,1.4,None,0.050864458084106445,9.715,True,None,sfc_unique_p3_2,0,None,41.65,0.0,165.0,21,14,4,2,0,False,100.0,10.286428571428571,2.2385714285714284,4.714285714285714,0.0526,0.0833,0.0323,0.0862,2221.118093174431,2151.118093174431,70.0,0.9769720694704105,0,0,14
0,1771614451.0602164,26.1,9,0.1165,0.0934,0.0471,0.0499,13.4788,9.3418,4.9894,0.0,0.0,0.0,3.01,1.85,1.16,None,0.07375192642211914,9.897,True,None,sfc_cache_p4_2,0,None,45.65,0.0,198.0,23,16,4,2,0,False,100.0,9.750625,2.89625,4.125,0.05,0.0833,0.0312,0.091,2260.0,2180.0,80.0,0.9723039407984468,0,0,16
0,1771614451.061052,26.1,9,0.1165,0.0934,0.0471,0.0499,13.4788,9.3418,4.9894,0.0,0.0,0.0,4.59,3.19,1.4,None,0.07375192642211914,10.068,True,None,sfc_unique_p4_2,0,None,45.65,0.0,198.0,23,16,4,2,0,False,100.0,9.750625,2.89625,4.125,0.05,0.0833,0.0312,0.091,2260.0,2180.0,80.0,0.9723039407984468,0,0,16
0,1771614484.0145736,59.1,11,0.1205,0.1391,0.0609,0.0748,14.1985,13.9119,7.4841,0.0,0.0,0.0,3.22,1.42,1.81,None,0.0001380443572998047,10.762,True,None,sfc_cache_p1_3,0,None,45.65,0.0,198.0,23,18,4,3,0,False,100.0,9.13,3.833888888888889,5.5,0.05,0.0833,0.0545,0.1172,2271.8572976319456,2181.8572976319456,90.0,0.9686832701620192,0,0,18
0,1771614484.0153916,59.1,11,0.1205,0.1391,0.0609,0.0748,14.1985,13.9119,7.4841,0.0,0.0,0.0,2.34,0.3,2.05,None,0.0001380443572998047,9.912,True,None,sfc_unique_p1_3,0,None,45.65,0.0,198.0,23,18,4,3,0,False,100.0,9.13,3.833888888888889,5.5,0.05,0.0833,0.0545,0.1172,2271.8572976319456,2181.8572976319456,90.0,0.9686832701620192,0,0,18
0,1771614484.040702,59.1,12,0.1407,0.1391,0.0685,0.0998,16.8768,13.9119,9.9788,0.0,0.0,0.0,4.28,2.36,1.92,None,0.027554988861083984,9.875,True,None,sfc_cache_p2_3,0,None,45.65,0.0,198.0,24,20,4,3,0,False,100.0,9.767,3.4505000000000003,6.6,0.0654,0.0833,0.0784,0.1366,2296.251354279523,2196.251354279523,100.0,0.9713518287068545,0,0,20
0,1771614484.0415237,59.1,12,0.1407,0.1391,0.0685,0.0998,16.8768,13.9119,9.9788,0.0,0.0,0.0,5.54,3.19,2.36,None,0.027554988861083984,9.828,True,None,sfc_unique_p2_3,0,None,45.65,0.0,198.0,24,20,4,3,0,False,100.0,9.767,3.4505000000000003,6.6,0.0654,0.0833,0.0784,0.1366,2296.251354279523,2196.251354279523,100.0,0.9713518287068545,0,0,20
0,1771614484.0672228,59.1,13,0.158,0.1391,0.0765,0.0998,19.2095,13.9119,9.9788,0.0,0.0,0.0,4.29,2.36,1.92,None,0.05370616912841797,9.938,True,None,sfc_cache_p3_3,0,None,49.65,0.0,231.0,27,22,4,3,0,False,100.0,10.106363636363637,3.136818181818182,6.0,0.0766,0.0833,0.0762,0.1483,2318.7881132951557,2208.7881132951557,110.0,0.9730047995115435,0,0,22
0,1771614484.0680876,59.1,13,0.158,0.1391,0.0765,0.0998,19.2095,13.9119,9.9788,0.0,0.0,0.0,5.54,3.19,2.36,None,0.05370616912841797,9.732,True,None,sfc_unique_p3_3,0,None,49.65,0.0,231.0,27,22,4,3,0,False,100.0,10.106363636363637,3.136818181818182,6.0,0.0766,0.0833,0.0762,0.1483,2318.7881132951557,2208.7881132951557,110.0,0.9730047995115435,0,0,22
0,1771614484.0942686,59.1,14,0.171,0.1391,0.0851,0.0998,21.1681,13.9119,9.9788,0.0,0.0,0.0,4.3,2.37,1.92,None,0.08033061027526855,9.874,True,None,sfc_cache_p4_3,0,None,57.98,0.0,264.0,31,24,4,3,0,False,100.0,10.20875,2.8754166666666667,5.5,0.083,0.0833,0.0741,0.1536,2342.720012381984,2222.720012381984,120.0,0.9741168158840202,0,0,24
0,1771614484.0951927,59.1,14,0.171,0.1391,0.0851,0.0998,21.1681,13.9119,9.9788,0.0,0.0,0.0,5.54,3.19,2.36,None,0.08033061027526855,9.699,True,None,sfc_unique_p4_3,0,None,57.98,0.0,264.0,31,24,4,3,0,False,100.0,10.20875,2.8754166666666667,5.5,0.083,0.0833,0.0741,0.1536,2342.720012381984,2222.720012381984,120.0,0.9741168158840202,0,0,24
0,1771614503.0361643,78.1,16,0.2207,0.1908,0.0907,0.1497,27.6772,19.0848,14.9682,0.0,0.0,0.0,4.87,2.36,2.51,None,0.00013184547424316406,6.275,True,None,sfc_cache_p1_4,0,None,66.31,0.0,297.0,34,26,4,5,0,False,100.0,12.321153846153846,3.641153846153846,7.615384615384615,0.1232,0.1809,0.0695,0.174,2455.7727039158026,2325.7727039158026,130.0,0.9811168315971432,0,0,26
0,1771614503.036797,78.1,16,0.2207,0.1908,0.0907,0.1497,27.6772,19.0848,14.9682,0.0,0.0,0.0,5.5,3.18,2.32,None,0.00013184547424316406,5.581,True,None,sfc_unique_p1_4,0,None,66.31,0.0,297.0,34,26,4,5,0,False,100.0,12.321153846153846,3.641153846153846,7.615384615384615,0.1232,0.1809,0.0695,0.174,2455.7727039158026,2325.7727039158026,130.0,0.9811168315971432,0,0,26
0,1771614503.0535061,78.1,17,0.2314,0.1989,0.1029,0.1746,29.6358,19.8911,17.463,0.0,0.0,0.0,3.36,0.97,2.39,None,0.018540143966674805,5.61,True,None,sfc_cache_p2_4,0,None,70.64,0.0,297.0,36,28,4,5,0,False,100.0,12.250714285714285,3.5239285714285713,8.25,0.127,0.1925,0.094,0.1874,2483.6594087602543,2343.6594087602543,140.0,0.9795073232503969,0,0,28
0,1771614503.0541203,78.1,17,0.2314,0.1989,0.1029,0.1746,29.6358,19.8911,17.463,0.0,0.0,0.0,5.32,2.5,2.82,None,0.018540143966674805,5.572,True,None,sfc_unique_p2_4,0,None,70.64,0.0,297.0,36,28,4,5,0,False,100.0,12.250714285714285,3.5239285714285713,8.25,0.127,0.1925,0.094,0.1874,2483.6594087602543,2343.6594087602543,140.0,0.9795073232503969,0,0,28
0,1771614503.0788496,78.1,18,0.2442,0.1989,0.1141,0.1996,31.94,19.8911,19.9577,0.0,0.0,0.0,4.07,1.67,2.39,None,0.0358281135559082,7.417,True,None,sfc_cache_p3_4,0,None,74.97,0.0,297.0,39,30,4,5,0,False,100.0,12.323,3.289,8.8,0.127,0.1925,0.0995,0.1922,2515.949766290048,2365.949766290048,150.0,0.9778362014915083,0,0,30
0,1771614503.0800872,78.1,18,0.2442,0.1989,0.1141,0.1996,31.94,19.8911,19.9577,0.0,0.0,0.0,5.31,2.49,2.82,None,0.0358281135559082,9.807,True,None,sfc_unique_p3_4,0,None,74.97,0.0,297.0,39,30,4,5,0,False,100.0,12.323,3.289,8.8,0.127,0.1925,0.0995,0.1922,2515.949766290048,2365.949766290048,150.0,0.9778362014915083,0,0,30
0,1771614503.1097212,78.2,19,0.256,0.1989,0.1264,0.1996,33.8987,19.8911,19.9577,0.0,0.0,0.0,3.36,0.97,2.39,None,0.062315940856933594,9.912,True,None,sfc_cache_p4_4,0,None,79.3,4.0,330.0,42,32,4,5,0,False,100.0,12.26125,3.0834375,8.25,0.1237,0.1925,0.097,0.1913,2531.8030397771245,2371.8030397771245,160.0,0.9767905940065348,0,0,32
0,1771614503.1109245,78.2,19,0.256,0.1989,0.1264,0.1996,33.8987,19.8911,19.9577,0.0,0.0,0.0,6.44,3.19,3.25,None,0.062315940856933594,9.817,True,None,sfc_unique_p4_4,0,None,79.3,4.0,330.0,42,32,4,5,0,False,100.0,12.26125,3.0834375,8.25,0.1237,0.1925,0.097,0.1913,2531.8030397771245,2371.8030397771245,160.0,0.9767905940065348,0,0,32
0,1771614523.0710506,98.1,21,0.2663,0.2198,0.1399,0.2245,35.6836,21.9756,22.4524,0.0,0.0,0.0,2.18,1.3,0.88,None,0.0001163482666015625,10.798,True,None,sfc_cache_p1_5,0,None,79.3,4.0,330.0,43,34,4,6,0,False,100.0,12.147647058823528,3.2061764705882356,8.735294117647058,0.1264,0.2079,0.0949,0.1911,2571.385026466491,2401.385026466491,170.0,0.9728089175272757,1,0,33
0,1771614523.0723472,98.1,21,0.2663,0.2198,0.1399,0.2245,35.6836,21.9756,22.4524,0.0,0.0,0.0,4.09,2.23,1.85,None,0.0001163482666015625,10.188,True,None,sfc_unique_p1_5,0,None,79.3,4.0,330.0,43,34,4,6,0,False,100.0,12.147647058823528,3.2061764705882356,8.735294117647058,0.1264,0.2079,0.0949,0.1911,2571.385026466491,2401.385026466491,170.0,0.9728089175272757,1,0,33
0,1771614523.1038458,98.1,22,0.2688,0.256,0.1497,0.2245,36.4612,25.6043,22.4524,0.0,0.0,0.0,1.8,0.92,0.88,None,0.0344691276550293,10.166,True,None,sfc_cache_p2_5,0,None,83.3,4.0,363.0,46,36,4,6,0,False,100.0,11.722777777777777,3.5280555555555555,8.25,0.1231,0.2452,0.0926,0.1905,2611.810657173812,2431.810657173812,180.0,0.9705732080376287,1,0,35
0,1771614523.1051636,98.1,22,0.2688,0.256,0.1497,0.2245,36.4612,25.6043,22.4524,0.0,0.0,0.0,2.31,0.99,1.32,None,0.0344691276550293,10.019,True,None,sfc_unique_p2_5,0,None,83.3,4.0,363.0,46,36,4,6,0,False,100.0,11.722777777777777,3.5280555555555555,8.25,0.1231,0.2452,0.0926,0.1905,2611.810657173812,2431.810657173812,180.0,0.9705732080376287,1,0,35
0,1771614523.2637422,98.3,23,0.2721,0.2742,0.1593,0.2245,37.6422,27.4186,22.4524,0.0,0.0,0.0,2.56,1.67,0.88,None,0.06725692749023438,10.092,True,None,sfc_cache_p3_5,0,None,91.63,4.0,396.0,50,38,4,6,0,False,100.0,11.465526315789473,3.5792105263157894,7.815789473684211,0.12,0.2567,0.0905,0.1872,2643.8447076303974,2453.8447076303974,190.0,0.9687262224711276,1,0,37
0,1771614523.2651398,98.3,23,0.2721,0.2742,0.1593,0.2245,37.6422,27.4186,22.4524,0.0,0.0,0.0,3.11,1.79,1.32,None,0.06725692749023438,10.697,True,None,sfc_unique_p3_5,0,None,91.63,4.0,396.0,50,38,4,6,0,False,100.0,11.465526315789473,3.5792105263157894,7.815789473684211,0.12,0.2567,0.0905,0.1872,2643.8447076303974,2453.8447076303974,190.0,0.9687262224711276,1,0,37
0,1771614523.297208,98.3,24,0.2829,0.2742,0.1732,0.2245,39.6008,27.4186,22.4524,0.0,0.0,0.0,2.18,1.3,0.88,None,0.22727036476135254,10.347,True,None,sfc_cache_p4_5,0,None,95.63,8.33,429.0,54,40,4,6,0,False,100.0,11.459,3.4002499999999998,7.425,0.1199,0.2567,0.0884,0.1718,2659.78985048754,2459.78985048754,200.0,0.9655155106785053,1,1,38
0,1771614523.2985678,98.3,24,0.2829,0.2742,0.1732,0.2245,39.6008,27.4186,22.4524,0.0,0.0,0.0,5.24,3.01,2.24,None,0.22727036476135254,10.099,True,None,sfc_unique_p4_5,0,None,95.63,8.33,429.0,54,40,4,6,0,False,100.0,11.459,3.4002499999999998,7.425,0.1199,0.2567,0.0884,0.1718,2659.78985048754,2459.78985048754,200.0,0.9655155106785053,1,1,38
0,1771614545.1051173,120.1,26,0.2555,0.2776,0.1613,0.2245,34.7911,27.7553,22.4524,0.0,0.0,0.0,2.85,1.64,1.21,None,0.00012040138244628906,10.998,True,None,sfc_cache_p1_6,0,None,70.64,8.33,330.0,45,34,4,6,0,False,100.0,11.843823529411765,4.049411764705883,8.735294117647058,0.1404,0.3002,0.0949,0.1528,2641.491125831915,2471.491125831915,170.0,0.9744873755238938,0,0,34
0,1771614545.1065228,120.2,26,0.2555,0.2776,0.1613,0.2245,34.7911,27.7553,22.4524,0.0,0.0,0.0,4.83,3.19,1.64,None,0.00012040138244628906,10.055,True,None,sfc_unique_p1_6,0,None,70.64,8.33,330.0,45,34,4,6,0,False,100.0,11.843823529411765,4.049411764705883,8.735294117647058,0.1404,0.3002,0.0949,0.1528,2641.491125831915,2471.491125831915,170.0,0.9744873755238938,0,0,34
0,1771614545.1396465,120.2,27,0.2636,0.2876,0.1711,0.2245,36.3178,28.7632,22.4524,0.0,0.0,0.0,2.85,1.64,1.21,None,0.03479957580566406,10.105,True,None,sfc_cache_p2_6,0,None,78.97,8.33,363.0,49,36,4,6,0,False,100.0,11.676666666666668,3.9633333333333334,8.25,0.1359,0.2946,0.0926,0.1606,2658.472707630398,2478.472707630398,180.0,0.9729858071266259,0,0,36
0,1771614545.1410937,120.2,27,0.2636,0.2876,0.1711,0.2245,36.3178,28.7632,22.4524,0.0,0.0,0.0,3.85,2.21,1.64,None,0.03479957580566406,10.144,True,None,sfc_unique_p2_6,0,None,78.97,8.33,363.0,49,36,4,6,0,False,100.0,11.676666666666668,3.9633333333333334,8.25,0.1359,0.2946,0.0926,0.1606,2658.472707630398,2478.472707630398,180.0,0.9729858071266259,0,0,36
0,1771614545.1739383,120.2,28,0.2725,0.291,0.1789,0.2245,38.1321,29.0999,22.4524,0.0,0.0,0.0,2.85,1.64,1.21,None,0.06938362121582031,9.951,True,None,sfc_cache_p3_6,0,None,87.3,8.33,396.0,53,38,4,6,0,False,100.0,11.614736842105264,3.7986842105263157,7.815789473684211,0.1303,0.2927,0.0905,0.1669,2668.472707630398,2478.472707630398,190.0,0.9712364662346545,0,0,38
0,1771614545.1753232,120.2,28,0.2725,0.291,0.1789,0.2245,38.1321,29.0999,22.4524,0.0,0.0,0.0,4.83,3.19,1.64,None,0.06938362121582031,9.918,True,None,sfc_unique_p3_6,0,None,87.3,8.33,396.0,53,38,4,6,0,False,100.0,11.614736842105264,3.7986842105263157,7.815789473684211,0.1303,0.2927,0.0905,0.1669,2668.472707630398,2478.472707630398,190.0,0.9712364662346545,0,0,38
0,1771614545.2076013,120.3,29,0.2832,0.291,0.1857,0.2245,40.0907,29.0999,22.4524,0.0,0.0,0.0,3.34,2.13,1.21,None,0.10360050201416016,9.904,True,None,sfc_cache_p4_6,0,None,95.63,8.33,429.0,57,40,4,6,0,False,100.0,11.60075,3.6087499999999997,7.425,0.1237,0.2927,0.0884,0.1718,2678.472707630398,2478.472707630398,200.0,0.9692776769683414,0,0,40
0,1771614545.2090602,120.3,29,0.2832,0.291,0.1857,0.2245,40.0907,29.0999,22.4524,0.0,0.0,0.0,4.83,3.19,1.64,None,0.10360050201416016,9.829,True,None,sfc_unique_p4_6,0,None,95.63,8.33,429.0,57,40,4,6,0,False,100.0,11.60075,3.6087499999999997,7.425,0.1237,0.2927,0.0884,0.1718,2678.472707630398,2478.472707630398,200.0,0.9692776769683414,0,0,40
0,1771614568.1388648,143.2,31,0.3341,0.3367,0.2003,0.2744,47.8388,33.668,27.4418,0.0,0.0,0.0,4.21,2.32,1.89,None,0.00012946128845214844,10.506,True,None,sfc_cache_p1_7,0,None,95.63,8.33,429.0,59,42,4,7,0,False,100.0,13.18357142857143,3.9764285714285714,8.642857142857142,0.1297,0.3011,0.1276,0.1626,2728.374285714286,2518.374285714286,210.0,0.9657613816543948,1,0,41
0,1771614568.140666,143.2,31,0.3341,0.3367,0.2003,0.2744,47.8388,33.668,27.4418,0.0,0.0,0.0,3.58,1.79,1.78,None,0.00012946128845214844,9.999,True,None,sfc_unique_p1_7,0,None,95.63,8.33,429.0,59,42,4,7,0,False,100.0,13.18357142857143,3.9764285714285714,8.642857142857142,0.1297,0.3011,0.1276,0.1626,2728.374285714286,2518.374285714286,210.0,0.9657613816543948,1,0,41
0,1771614568.177211,143.2,32,0.3329,0.3824,0.2282,0.2744,48.2129,38.2381,27.4418,0.0,0.0,0.0,3.66,1.77,1.89,None,0.03493213653564453,10.135,True,None,sfc_cache_p2_7,0,None,99.63,8.33,462.0,61,44,4,7,0,False,100.0,12.682727272727272,4.3109090909090915,8.25,0.1257,0.3715,0.1248,0.1714,2753.9925069724204,2533.9925069724204,220.0,0.9606361974030286,2,1,41
0,1771614568.178915,143.2,32,0.3329,0.3824,0.2282,0.2744,48.2129,38.2381,27.4418,0.0,0.0,0.0,5.87,1.14,4.73,None,0.03493213653564453,9.995,True,None,sfc_unique_p2_7,0,None,99.63,8.33,462.0,61,44,4,7,0,False,100.0,12.682727272727272,4.3109090909090915,8.25,0.1257,0.3715,0.1248,0.1714,2753.9925069724204,2533.9925069724204,220.0,0.9606361974030286,2,1,41
0,1771614568.2160277,143.3,33,0.3415,0.3945,0.2422,0.2994,50.3728,39.4476,29.9365,0.0,0.0,0.0,5.34,1.64,3.7,None,0.07314133644104004,10.267,True,None,sfc_cache_p3_7,0,None,99.63,8.33,462.0,62,46,4,7,0,False,100.0,12.67478260869565,4.253913043478261,8.608695652173912,0.1248,0.3686,0.1362,0.1682,2765.849804604366,2535.849804604366,230.0,0.9557037510515961,3,2,41
0,1771614568.217806,143.3,33,0.3415,0.3945,0.2422,0.2994,50.3728,39.4476,29.9365,0.0,0.0,0.0,5.39,3.99,1.4,None,0.07314133644104004,9.8,True,None,sfc_unique_p3_7,0,None,99.63,8.33,462.0,62,46,4,7,0,False,100.0,12.67478260869565,4.253913043478261,8.608695652173912,0.1248,0.3686,0.1362,0.1682,2765.849804604366,2535.849804604366,230.0,0.9557037510515961,3,2,41
0,1771614568.2557242,143.3,34,0.348,0.4213,0.2651,0.3243,51.8994,42.1349,32.4312,0.0,0.0,0.0,5.32,2.43,2.89,None,0.11208987236022949,10.4,True,None,sfc_cache_p4_7,0,None,99.63,8.33,462.0,64,48,4,7,0,False,100.0,12.514791666666667,4.354375,8.9375,0.131,0.4213,0.1304,0.169,2812.2553145873408,2572.2553145873408,240.0,0.9534966752688887,3,4,41
0,1771614568.2576256,143.3,34,0.348,0.4213,0.2651,0.3243,51.8994,42.1349,32.4312,0.0,0.0,0.0,7.24,5.46,1.78,None,0.11208987236022949,10.075,True,None,sfc_unique_p4_7,0,None,99.63,8.33,462.0,64,48,4,7,0,False,100.0,12.514791666666667,4.354375,8.9375,0.131,0.4213,0.1304,0.169,2812.2553145873408,2572.2553145873408,240.0,0.9534966752688887,3,4,41
0,1771614593.1811419,168.2,36,0.3397,0.377,0.179,0.3243,45.7065,37.7039,32.4312,0.0,0.0,0.0,4.98,3.05,1.92,None,0.0018630027770996094,10.442,True,None,sfc_cache_p1_8,0,None,62.31,12.66,297.0,48,34,4,9,0,False,100.0,15.55970588235294,5.500882352941177,12.617647058823529,0.2777,0.5489,0.1855,0.1631,2804.6005538896657,2634.6005538896657,170.0,0.9816637441012591,0,0,34
0,1771614593.1831198,168.2,36,0.3397,0.377,0.179,0.3243,45.7065,37.7039,32.4312,0.0,0.0,0.0,5.65,2.91,2.74,None,0.0018630027770996094,10.088,True,None,sfc_unique_p1_8,0,None,62.31,12.66,297.0,48,34,4,9,0,False,100.0,15.55970588235294,5.500882352941177,12.617647058823529,0.2777,0.5489,0.1855,0.1631,2804.6005538896657,2634.6005538896657,170.0,0.9816637441012591,0,0,34
0,1771614593.2235532,168.3,37,0.3473,0.377,0.1862,0.3243,47.6651,37.7039,32.4312,0.0,0.0,0.0,4.95,2.83,2.11,None,0.04494976997375488,9.887,True,None,sfc_cache_p2_8,0,None,70.64,12.66,330.0,51,36,4,9,0,False,100.0,15.325000000000001,5.195277777777778,11.916666666666666,0.2651,0.5489,0.1811,0.1629,2817.679024714615,2637.679024714615,180.0,0.9801066035833181,0,0,36
0,1771614593.225376,168.3,37,0.3473,0.377,0.1862,0.3243,47.6651,37.7039,32.4312,0.0,0.0,0.0,6.24,3.88,2.36,None,0.04494976997375488,9.874,True,None,sfc_unique_p2_8,0,None,70.64,12.66,330.0,51,36,4,9,0,False,100.0,15.325000000000001,5.195277777777778,11.916666666666666,0.2651,0.5489,0.1811,0.1629,2817.679024714615,2637.679024714615,180.0,0.9801066035833181,0,0,36
0,1771614593.2659473,168.3,38,0.3559,0.377,0.1938,0.3243,49.6237,37.7039,32.4312,0.0,0.0,0.0,4.86,2.94,1.92,None,0.08716440200805664,10.103,True,None,sfc_cache_p3_8,0,None,78.97,12.66,363.0,54,38,4,9,0,False,100.0,15.115,4.921842105263158,11.289473684210526,0.2517,0.5489,0.1769,0.1636,2827.679024714615,2637.679024714615,190.0,0.9781170455509349,0,0,38
0,1771614593.2679,168.3,38,0.3559,0.377,0.1938,0.3243,49.6237,37.7039,32.4312,0.0,0.0,0.0,5.31,2.96,2.36,None,0.08716440200805664,9.869,True,None,sfc_unique_p3_8,0,None,78.97,12.66,363.0,54,38,4,9,0,False,100.0,15.115,4.921842105263158,11.289473684210526,0.2517,0.5489,0.1769,0.1636,2827.679024714615,2637.679024714615,190.0,0.9781170455509349,0,0,38
0,1771614593.4737864,168.5,39,0.3549,0.4127,0.2028,0.3243,50.0557,41.266,32.4312,0.0,0.0,0.0,4.05,2.13,1.92,None,0.12969374656677246,10.333,True,None,sfc_cache_p4_8,0,None,87.3,12.66,396.0,58,40,4,9,0,False,100.0,14.48425,5.1175,10.725,0.2427,0.5748,0.1729,0.1665,2866.8816249313,2666.8816249313,200.0,0.9766306049117089,0,0,40
0,1771614593.4757571,168.5,39,0.3549,0.4127,0.2028,0.3243,50.0557,41.266,32.4312,0.0,0.0,0.0,4.56,2.21,2.36,None,0.12969374656677246,9.956,True,None,sfc_unique_p4_8,0,None,87.3,12.66,396.0,58,40,4,9,0,False,100.0,14.48425,5.1175,10.725,0.2427,0.5748,0.1729,0.1665,2866.8816249313,2666.8816249313,200.0,0.9766306049117089,0,0,40
0,1771614615.2068222,190.3,41,0.362,0.4584,0.2082,0.3493,51.8407,45.8361,34.9259,0.0,0.0,0.0,2.46,1.64,0.82,None,0.0001475811004638672,10.744,True,None,sfc_cache_p1_9,0,None,87.3,12.66,396.0,59,42,4,10,0,False,100.0,14.286428571428571,5.413571428571428,11.0,0.2369,0.5663,0.1698,0.1709,2908.6461026704196,2698.6461026704196,210.0,0.9756218013889992,0,0,42
0,1771614615.2088945,190.3,41,0.362,0.4584,0.2082,0.3493,51.8407,45.8361,34.9259,0.0,0.0,0.0,1.55,0.3,1.25,None,0.0001475811004638672,10.15,True,None,sfc_unique_p1_9,0,None,87.3,12.66,396.0,59,42,4,10,0,False,100.0,14.286428571428571,5.413571428571428,11.0,0.2369,0.5663,0.1698,0.1709,2908.6461026704196,2698.6461026704196,210.0,0.9756218013889992,0,0,42
0,1771614615.251574,190.3,42,0.3671,0.4684,0.2204,0.3493,53.3673,46.8441,34.9259,0.0,0.0,0.0,2.46,1.64,0.82,None,0.0450441837310791,10.306,True,None,sfc_cache_p2_9,0,None,95.63,12.66,429.0,62,44,4,10,0,False,100.0,14.038636363636364,5.281136363636364,10.5,0.2287,0.56,0.1661,0.1683,2926.168158079799,2706.168158079799,220.0,0.9734900801975965,0,1,43
0,1771614615.2537048,190.3,42,0.3671,0.4684,0.2204,0.3493,53.3673,46.8441,34.9259,0.0,0.0,0.0,4.93,2.67,2.26,None,0.0450441837310791,10.538,True,None,sfc_unique_p2_9,0,None,95.63,12.66,429.0,62,44,4,10,0,False,100.0,14.038636363636364,5.281136363636364,10.5,0.2287,0.56,0.1661,0.1683,2926.168158079799,2706.168158079799,220.0,0.9734900801975965,0,1,43
0,1771614615.2969,190.3,43,0.3684,0.4866,0.2364,0.3493,54.5484,48.6584,34.9259,0.0,0.0,0.0,3.88,3.05,0.82,None,0.0898900032043457,10.529,True,None,sfc_cache_p3_9,0,None,103.96,12.66,462.0,66,46,4,10,0,False,100.0,13.725434782608696,5.247173913043478,10.043478260869565,0.2242,0.6203,0.1626,0.1759,2957.7315221950766,2727.7315221950766,230.0,0.9699832221241114,1,1,44
0,1771614615.2989378,190.3,43,0.3684,0.4866,0.2364,0.3493,54.5484,48.6584,34.9259,0.0,0.0,0.0,7.33,4.3,3.03,None,0.0898900032043457,10.004,True,None,sfc_unique_p3_9,0,None,103.96,12.66,462.0,66,46,4,10,0,False,100.0,13.725434782608696,5.247173913043478,10.043478260869565,0.2242,0.6203,0.1626,0.1759,2957.7315221950766,2727.7315221950766,230.0,0.9699832221241114,1,1,44
0,1771614615.34219,190.4,44,0.3752,0.502,0.2488,0.3742,56.5649,50.2026,37.4206,0.0,0.0,0.0,3.55,2.34,1.21,None,0.13511180877685547,10.512,True,None,sfc_cache_p4_9,0,None,103.96,12.66,462.0,68,48,4,10,0,False,100.0,13.639791666666667,5.188125,10.3125,0.2171,0.6094,0.1604,0.17,2969.4058760102753,2729.4058760102753,240.0,0.9679401735244499,1,1,46
0,1771614615.3443224,190.4,44,0.3752,0.502,0.2488,0.3742,56.5649,50.2026,37.4206,0.0,0.0,0.0,4.92,2.66,2.26,None,0.13511180877685547,10.293,True,None,sfc_unique_p4_9,0,None,103.96,12.66,462.0,68,48,4,10,0,False,100.0,13.639791666666667,5.188125,10.3125,0.2171,0.6094,0.1604,0.17,2969.4058760102753,2729.4058760102753,240.0,0.9679401735244499,1,1,46
0,1771614641.2429163,216.3,46,0.3436,0.4207,0.008,0.3493,46.9748,42.0663,34.9259,0.0,0.0,0.0,3.68,1.89,1.79,None,0.00012874603271484375,10.827,True,None,sfc_cache_p1_10,0,None,74.64,4.33,330.0,49,34,4,8,0,False,100.0,15.991470588235295,6.13735294117647,13.588235294117647,0.2933,0.5759,0.1729,0.1817,2829.1235094840695,2659.1235094840695,170.0,0.9799013110425624,0,0,34
0,1771614641.2448158,216.3,46,0.3436,0.4207,0.008,0.3493,46.9748,42.0663,34.9259,0.0,0.0,0.0,5.65,3.42,2.22,None,0.00012874603271484375,10.081,True,None,sfc_unique_p1_10,0,None,74.64,4.33,330.0,49,34,4,8,0,False,100.0,15.991470588235295,6.13735294117647,13.588235294117647,0.2933,0.5759,0.1729,0.1817,2829.1235094840695,2659.1235094840695,170.0,0.9799013110425624,0,0,34
0,1771614641.2858884,216.3,47,0.3562,0.4207,0.014,0.3742,49.279,42.0663,37.4206,0.0,0.0,0.0,4.39,2.6,1.79,None,0.04491448402404785,10.107,True,None,sfc_cache_p2_10,0,None,78.97,4.33,330.0,52,36,4,8,0,False,100.0,15.84388888888889,5.796388888888888,13.75,0.2815,0.5759,0.1767,0.1923,2851.111437049462,2671.111437049462,180.0,0.9783343015052639,0,0,36
0,1771614641.287872,216.3,47,0.3562,0.4207,0.014,0.3742,49.279,42.0663,37.4206,0.0,0.0,0.0,5.65,3.42,2.22,None,0.04491448402404785,10.049,True,None,sfc_unique_p2_10,0,None,78.97,4.33,330.0,52,36,4,8,0,False,100.0,15.84388888888889,5.796388888888888,13.75,0.2815,0.5759,0.1767,0.1923,2851.111437049462,2671.111437049462,180.0,0.9783343015052639,0,0,36
0,1771614641.3297029,216.4,48,0.3578,0.4388,0.0213,0.3742,50.4601,43.8807,37.4206,0.0,0.0,0.0,3.97,2.38,1.6,None,0.0879523754119873,10.237,True,None,sfc_cache_p3_10,0,None,87.3,4.33,363.0,55,38,4,8,0,False,100.0,15.369736842105262,5.7281578947368414,13.026315789473685,0.2699,0.5758,0.1726,0.1982,2874.411545391824,2684.411545391824,190.0,0.9769445266250019,0,0,38
0,1771614641.331631,216.4,48,0.3578,0.4388,0.0213,0.3742,50.4601,43.8807,37.4206,0.0,0.0,0.0,4.94,2.72,2.22,None,0.0879523754119873,9.994,True,None,sfc_unique_p3_10,0,None,87.3,4.33,363.0,55,38,4,8,0,False,100.0,15.369736842105262,5.7281578947368414,13.026315789473685,0.2699,0.5758,0.1726,0.1982,2874.411545391824,2684.411545391824,190.0,0.9769445266250019,0,0,38
0,1771614641.5477397,216.6,49,0.3661,0.4388,0.026,0.3742,52.4187,43.8807,37.4206,0.0,0.0,0.0,4.39,2.6,1.79,None,0.13171696662902832,10.575,True,None,sfc_cache_p4_10,0,None,95.63,4.33,396.0,59,40,4,8,0,False,100.0,15.168000000000001,5.44175,12.375,0.2558,0.5758,0.1687,0.2023,2884.411545391824,2684.411545391824,200.0,0.9758568943698348,0,0,40
0,1771614641.5496848,216.6,49,0.3661,0.4388,0.026,0.3742,52.4187,43.8807,37.4206,0.0,0.0,0.0,5.23,3.2,2.03,None,0.13171696662902832,9.973,True,None,sfc_unique_p4_10,0,None,95.63,4.33,396.0,59,40,4,8,0,False,100.0,15.168000000000001,5.44175,12.375,0.2558,0.5758,0.1687,0.2023,2884.411545391824,2684.411545391824,200.0,0.9758568943698348,0,0,40
0,1771614659.278533,234.3,51,0.2989,0.4361,0.0036,0.3493,41.1854,43.6125,34.9259,0.0,0.0,0.0,3.8,3.05,0.75,None,0.00013136863708496094,10.794,True,None,sfc_cache_p1_11,0,None,70.64,4.33,297.0,45,34,4,8,0,False,100.0,14.020588235294117,6.3629411764705885,13.588235294117647,0.3066,0.6202,0.1797,0.1981,2825.4444734215404,2655.4444734215404,170.0,0.9805517673932835,0,0,34
0,1771614659.280294,234.3,51,0.2989,0.4361,0.0036,0.3493,41.1854,43.6125,34.9259,0.0,0.0,0.0,5.44,3.88,1.56,None,0.00013136863708496094,10.103,True,None,sfc_unique_p1_11,0,None,70.64,4.33,297.0,45,34,4,8,0,False,100.0,14.020588235294117,6.3629411764705885,13.588235294117647,0.3066,0.6202,0.1797,0.1981,2825.4444734215404,2655.4444734215404,170.0,0.9805517673932835,0,0,34
0,1771614659.322074,234.4,52,0.3071,0.4361,0.0053,0.3493,43.144,43.6125,34.9259,0.0,0.0,0.0,3.8,3.05,0.75,None,0.04449748992919922,10.501,True,None,sfc_cache_p2_11,0,None,78.97,4.33,330.0,49,36,4,8,0,False,100.0,13.87138888888889,6.009444444444444,12.833333333333334,0.2901,0.6202,0.1755,0.2044,2843.529290013399,2663.529290013399,180.0,0.9796044001230124,0,0,36
0,1771614659.323861,234.4,52,0.3071,0.4361,0.0053,0.3493,43.144,43.6125,34.9259,0.0,0.0,0.0,5.3,4.12,1.18,None,0.04449748992919922,10.065,True,None,sfc_unique_p2_11,0,None,78.97,4.33,330.0,49,36,4,8,0,False,100.0,13.87138888888889,6.009444444444444,12.833333333333334,0.2901,0.6202,0.1755,0.2044,2843.529290013399,2663.529290013399,180.0,0.9796044001230124,0,0,36
0,1771614659.3650954,234.4,53,0.3162,0.4361,0.007,0.3493,45.1026,43.6125,34.9259,0.0,0.0,0.0,3.8,3.05,0.75,None,0.08815479278564453,10.116,True,None,sfc_cache_p3_11,0,None,87.3,4.33,363.0,53,38,4,8,0,False,100.0,13.737894736842104,5.693157894736842,12.157894736842104,0.2718,0.6202,0.1714,0.2093,2853.529290013399,2663.529290013399,190.0,0.978549925303303,0,0,38
0,1771614659.3668728,234.4,53,0.3162,0.4361,0.007,0.3493,45.1026,43.6125,34.9259,0.0,0.0,0.0,5.3,4.12,1.18,None,0.08815479278564453,9.972,True,None,sfc_unique_p3_11,0,None,87.3,4.33,363.0,53,38,4,8,0,False,100.0,13.737894736842104,5.693157894736842,12.157894736842104,0.2718,0.6202,0.1714,0.2093,2853.529290013399,2663.529290013399,190.0,0.978549925303303,0,0,38
0,1771614659.4075673,234.5,54,0.3208,0.4462,0.0116,0.3493,46.6292,44.6205,34.9259,0.0,0.0,0.0,3.31,2.56,0.75,None,0.1310596466064453,9.994,True,None,sfc_cache_p4_11,0,None,95.63,4.33,396.0,57,40,4,8,0,False,100.0,13.492750000000001,5.5335,11.55,0.2554,0.6119,0.1675,0.2126,2863.529290013399,2663.529290013399,200.0,0.9764030036346185,0,0,40
0,1771614659.409327,234.5,54,0.3208,0.4462,0.0116,0.3493,46.6292,44.6205,34.9259,0.0,0.0,0.0,4.31,3.13,1.18,None,0.1310596466064453,9.845,True,None,sfc_unique_p4_11,0,None,95.63,4.33,396.0,57,40,4,8,0,False,100.0,13.492750000000001,5.5335,11.55,0.2554,0.6119,0.1675,0.2126,2863.529290013399,2663.529290013399,200.0,0.9764030036346185,0,0,40
0,1771614671.3071032,246.4,56,0.3296,0.4724,0.0286,0.3742,48.6164,47.2412,37.4206,0.0,0.0,0.0,3.45,1.3,2.15,None,0.00014638900756835938,7.106,True,None,sfc_cache_p1_12,0,None,95.63,4.33,396.0,58,42,4,9,0,False,100.0,13.397857142857143,5.57952380952381,11.785714285714286,0.2444,0.6008,0.1656,0.2092,2881.943405475402,2671.943405475402,210.0,0.9736374745280866,0,1,41
0,1771614671.3083932,246.4,56,0.3296,0.4724,0.0286,0.3742,48.6164,47.2412,37.4206,0.0,0.0,0.0,4.96,2.22,2.74,None,0.00014638900756835938,5.855,True,None,sfc_unique_p1_12,0,None,95.63,4.33,396.0,58,42,4,9,0,False,100.0,13.397857142857143,5.57952380952381,11.785714285714286,0.2444,0.6008,0.1656,0.2092,2881.943405475402,2671.943405475402,210.0,0.9736374745280866,0,1,41
0,1771614671.349886,246.4,57,0.3414,0.4811,0.0454,0.3992,50.9206,48.1141,39.9153,0.0,0.0,0.0,4.61,2.22,2.39,None,0.031488656997680664,10.251,True,None,sfc_cache_p2_12,0,None,95.63,4.33,396.0,59,44,4,9,0,False,100.0,13.395,5.424318181818181,12.0,0.2425,0.5976,0.1746,0.2173,2912.531446989966,2692.531446989966,220.0,0.9695495761542019,1,2,41
0,1771614671.3518553,246.4,57,0.3414,0.4811,0.0454,0.3992,50.9206,48.1141,39.9153,0.0,0.0,0.0,9.56,5.5,4.06,None,0.031488656997680664,10.154,True,None,sfc_unique_p2_12,0,None,95.63,4.33,396.0,59,44,4,9,0,False,100.0,13.395,5.424318181818181,12.0,0.2425,0.5976,0.1746,0.2173,2912.531446989966,2692.531446989966,220.0,0.9695495761542019,1,2,41
0,1771614671.394964,246.4,58,0.3437,0.506,0.0598,0.3992,51.8139,50.5997,39.9153,0.0,0.0,0.0,4.61,2.22,2.39,None,0.07548952102661133,10.488,True,None,sfc_cache_p3_12,0,None,99.63,8.66,429.0,62,46,4,9,0,False,100.0,13.037391304347826,5.456521739130435,11.478260869565217,0.2353,0.5969,0.1709,0.2128,2933.3854943510555,2703.3854943510555,230.0,0.9675002422899712,1,3,42
0,1771614671.3969486,246.4,58,0.3437,0.506,0.0598,0.3992,51.8139,50.5997,39.9153,0.0,0.0,0.0,3.75,1.74,2.01,None,0.07548952102661133,10.023,True,None,sfc_unique_p3_12,0,None,99.63,8.66,429.0,62,46,4,9,0,False,100.0,13.037391304347826,5.456521739130435,11.478260869565217,0.2353,0.5969,0.1709,0.2128,2933.3854943510555,2703.3854943510555,230.0,0.9675002422899712,1,3,42
0,1771614671.4398756,246.5,59,0.345,0.5342,0.0759,0.3992,52.9371,53.422,39.9153,0.0,0.0,0.0,5.61,2.22,3.39,None,0.12062740325927734,10.066,True,None,sfc_cache_p4_12,0,None,103.63,8.66,462.0,65,48,4,9,0,False,100.0,12.765,5.520833333333333,11.0,0.231,0.6004,0.1673,0.2047,2960.941161894779,2720.941161894779,240.0,0.9637873413706785,3,2,43
0,1771614671.441868,246.5,59,0.345,0.5342,0.0759,0.3992,52.9371,53.422,39.9153,0.0,0.0,0.0,5.23,2.49,2.74,None,0.12062740325927734,10.03,True,None,sfc_unique_p4_12,0,None,103.63,8.66,462.0,65,48,4,9,0,False,100.0,12.765,5.520833333333333,11.0,0.231,0.6004,0.1673,0.2047,2960.941161894779,2720.941161894779,240.0,0.9637873413706785,3,2,43
0,1771614698.3442194,273.4,61,0.3739,0.4032,0.0143,0.3742,55.154,40.3185,37.4206,0.0,0.0,0.0,4.56,2.47,2.1,None,0.0001380443572998047,6.576,True,None,sfc_cache_p1_13,0,None,99.63,12.99,396.0,62,42,4,9,0,False,100.0,15.199523809523809,4.761904761904762,11.785714285714286,0.2317,0.4896,0.1911,0.1597,2879.3303303431467,2669.3303303431467,210.0,0.9754594504089941,0,1,41
0,1771614698.3453166,273.4,61,0.3739,0.4032,0.0143,0.3742,55.154,40.3185,37.4206,0.0,0.0,0.0,3.43,1.79,1.64,None,0.0001380443572998047,5.856,True,None,sfc_unique_p1_13,0,None,99.63,12.99,396.0,62,42,4,9,0,False,100.0,15.199523809523809,4.761904761904762,11.785714285714286,0.2317,0.4896,0.1911,0.1597,2879.3303303431467,2669.3303303431467,210.0,0.9754594504089941,0,1,41
0,1771614698.37103,273.4,62,0.3801,0.422,0.0302,0.3742,56.6806,42.1994,37.4206,0.0,0.0,0.0,3.26,1.62,1.63,None,0.027805805206298828,6.041,True,None,sfc_cache_p2_13,0,None,103.63,12.99,429.0,64,44,4,9,0,False,100.0,14.91022727272727,4.7575,11.25,0.2251,0.4846,0.187,0.1636,2892.534901771718,2672.534901771718,220.0,0.9702716558886351,0,3,41
0,1771614698.3720992,273.4,62,0.3801,0.422,0.0302,0.3742,56.6806,42.1994,37.4206,0.0,0.0,0.0,4.91,2.73,2.18,None,0.027805805206298828,5.83,True,None,sfc_unique_p2_13,0,None,103.63,12.99,429.0,64,44,4,9,0,False,100.0,14.91022727272727,4.7575,11.25,0.2251,0.4846,0.187,0.1636,2892.534901771718,2672.534901771718,220.0,0.9702716558886351,0,3,41
0,1771614698.397872,273.4,63,0.3844,0.4462,0.0492,0.3992,57.9481,44.6185,39.9153,0.0,0.0,0.0,5.06,3.24,1.82,None,0.05454373359680176,5.96,True,None,sfc_cache_p3_13,0,None,103.63,17.32,429.0,67,46,4,9,0,False,100.0,14.580869565217393,4.811521739130435,11.478260869565217,0.2199,0.5059,0.1807,0.1639,2914.67104168814,2684.67104168814,230.0,0.9661740940615888,3,1,42
0,1771614698.3989239,273.4,63,0.3844,0.4462,0.0492,0.3992,57.9481,44.6185,39.9153,0.0,0.0,0.0,3.73,1.66,2.07,None,0.05454373359680176,5.863,True,None,sfc_unique_p3_13,0,None,103.63,17.32,429.0,67,46,4,9,0,False,100.0,14.580869565217393,4.811521739130435,11.478260869565217,0.2199,0.5059,0.1807,0.1639,2914.67104168814,2684.67104168814,230.0,0.9661740940615888,3,1,42
0,1771614698.4250896,273.5,64,0.3885,0.4529,0.0689,0.3992,59.619,45.2898,39.9153,0.0,0.0,0.0,3.63,1.99,1.63,None,0.08134317398071289,5.981,True,None,sfc_cache_p4_13,0,None,107.63,21.65,462.0,71,48,4,9,0,False,100.0,14.376249999999999,4.680416666666667,11.0,0.2124,0.503,0.1769,0.1701,2924.67104168814,2684.67104168814,240.0,0.9616992982704842,4,2,42
0,1771614698.4261847,273.5,64,0.3885,0.4529,0.0689,0.3992,59.619,45.2898,39.9153,0.0,0.0,0.0,6.0,3.44,2.56,None,0.08134317398071289,5.791,True,None,sfc_unique_p4_13,0,None,107.63,21.65,462.0,71,48,4,9,0,False,100.0,14.376249999999999,4.680416666666667,11.0,0.2124,0.503,0.1769,0.1701,2924.67104168814,2684.67104168814,240.0,0.9616992982704842,4,2,42
0,1771614721.3877094,296.4,66,0.3705,0.4112,0.0302,0.3493,54.0611,41.1249,34.9259,0.0,0.0,0.0,4.37,3.05,1.31,None,0.00014400482177734375,9.478,True,None,sfc_cache_p1_14,0,None,82.64,21.65,363.0,65,42,4,8,0,False,100.0,14.898333333333333,4.857142857142857,11.0,0.2283,0.5813,0.1527,0.1437,2895.677291423495,2685.677291423495,210.0,0.9805197660075473,0,0,42
0,1771614721.388867,296.4,66,0.3705,0.4112,0.0302,0.3493,54.0611,41.1249,34.9259,0.0,0.0,0.0,4.87,3.13,1.74,None,0.00014400482177734375,6.728,True,None,sfc_unique_p1_14,0,None,82.64,21.65,363.0,65,42,4,8,0,False,100.0,14.898333333333333,4.857142857142857,11.0,0.2283,0.5813,0.1527,0.1437,2895.677291423495,2685.677291423495,210.0,0.9805197660075473,0,0,42
0,1771614721.4144797,296.5,67,0.3797,0.4112,0.0364,0.3493,56.0197,41.1249,34.9259,0.0,0.0,0.0,4.37,3.05,1.31,None,0.035770416259765625,5.818,True,None,sfc_cache_p2_14,0,None,90.97,21.65,396.0,69,44,4,8,0,False,100.0,14.736363636363636,4.636363636363637,10.5,0.2198,0.5813,0.1494,0.1533,2905.677291423495,2685.677291423495,220.0,0.9792775095052655,0,0,44
0,1771614721.4155402,296.5,67,0.3797,0.4112,0.0364,0.3493,56.0197,41.1249,34.9259,0.0,0.0,0.0,6.01,3.88,2.13,None,0.035770416259765625,5.793,True,None,sfc_unique_p2_14,0,None,90.97,21.65,396.0,69,44,4,8,0,False,100.0,14.736363636363636,4.636363636363637,10.5,0.2198,0.5813,0.1494,0.1533,2905.677291423495,2685.677291423495,220.0,0.9792775095052655,0,0,44
0,1771614721.5420394,296.6,68,0.3874,0.4112,0.0423,0.3493,57.9783,41.1249,34.9259,0.0,0.0,0.0,4.25,2.94,1.31,None,0.062400102615356445,5.796,True,None,sfc_cache_p3_14,0,None,99.3,21.65,429.0,72,46,4,8,0,False,100.0,14.588478260869566,4.434782608695652,10.043478260869565,0.2114,0.5813,0.1462,0.1579,2915.677291423495,2685.677291423495,230.0,0.9770517166018946,0,0,46
0,1771614721.5431976,296.6,68,0.3874,0.4112,0.0423,0.3493,57.9783,41.1249,34.9259,0.0,0.0,0.0,4.7,2.96,1.74,None,0.062400102615356445,6.306,True,None,sfc_unique_p3_14,0,None,99.3,21.65,429.0,72,46,4,8,0,False,100.0,14.588478260869566,4.434782608695652,10.043478260869565,0.2114,0.5813,0.1462,0.1579,2915.677291423495,2685.677291423495,230.0,0.9770517166018946,0,0,46
0,1771614721.5703866,296.6,69,0.3915,0.4348,0.0633,0.3742,59.6492,43.4755,37.4206,0.0,0.0,0.0,2.95,1.64,1.31,None,0.19006133079528809,6.338,True,None,sfc_cache_p4_14,0,None,99.3,21.65,429.0,74,48,4,8,0,False,100.0,14.383541666666666,4.492916666666667,10.3125,0.2045,0.57,0.1631,0.1614,2925.677291423495,2685.677291423495,240.0,0.9735026450037183,0,1,47
0,1771614721.5716317,296.6,69,0.3915,0.4348,0.0633,0.3742,59.6492,43.4755,37.4206,0.0,0.0,0.0,7.56,3.89,3.67,None,0.19006133079528809,6.165,True,None,sfc_unique_p4_14,0,None,99.3,21.65,429.0,74,48,4,8,0,False,100.0,14.383541666666666,4.492916666666667,10.3125,0.2045,0.57,0.1631,0.1614,2925.677291423495,2685.677291423495,240.0,0.9735026450037183,0,1,47
0,1771614737.4382625,312.5,71,0.4136,0.5221,0.0897,0.4241,64.1419,52.2105,42.41,0.0,0.0,0.0,6.56,3.07,3.49,None,0.00013756752014160156,11.017,True,None,sfc_cache_p1_15,0,None,99.3,21.65,429.0,76,50,4,9,0,False,100.0,14.848199999999999,5.1798,11.22,0.2162,0.673,0.179,0.1838,2991.6327373968484,2741.6327373968484,250.0,0.9728579885126005,1,1,48
0,1771614737.4407244,312.5,71,0.4136,0.5221,0.0897,0.4241,64.1419,52.2105,42.41,0.0,0.0,0.0,9.59,5.69,3.89,None,0.00013756752014160156,10.293,True,None,sfc_unique_p1_15,0,None,99.3,21.65,429.0,76,50,4,9,0,False,100.0,14.848199999999999,5.1798,11.22,0.2162,0.673,0.179,0.1838,2991.6327373968484,2741.6327373968484,250.0,0.9728579885126005,1,1,48
0,1771614737.4983993,312.5,72,0.4207,0.5429,0.1142,0.449,65.9268,54.2949,44.9047,0.0,0.0,0.0,6.61,2.91,3.7,None,0.051680803298950195,13.45,True,None,sfc_cache_p2_15,0,None,99.3,21.65,429.0,78,52,4,9,0,False,100.0,14.674423076923079,5.179423076923077,11.423076923076923,0.2147,0.678,0.1913,0.1825,3021.686606457366,2761.686606457366,260.0,0.968352511526488,2,2,48
0,1771614737.5015545,312.5,72,0.4207,0.5429,0.1142,0.449,65.9268,54.2949,44.9047,0.0,0.0,0.0,7.05,4.43,2.62,None,0.051680803298950195,13.458,True,None,sfc_unique_p2_15,0,None,99.3,21.65,429.0,78,52,4,9,0,False,100.0,14.674423076923079,5.179423076923077,11.423076923076923,0.2147,0.678,0.1913,0.1825,3021.686606457366,2761.686606457366,260.0,0.968352511526488,2,2,48
0,1771614737.5646398,312.6,73,0.4273,0.5463,0.1437,0.449,68.1153,54.6316,44.9047,0.0,0.0,0.0,7.55,3.07,4.49,None,0.11319446563720703,13.56,True,None,sfc_cache_p3_15,0,None,103.3,21.65,462.0,81,54,4,9,0,False,100.0,14.6,5.018518518518518,11.0,0.2183,0.6822,0.1875,0.1864,3044.217425628357,2774.217425628357,270.0,0.9645160184418936,3,3,48
0,1771614737.567718,312.6,73,0.4273,0.5463,0.1437,0.449,68.1153,54.6316,44.9047,0.0,0.0,0.0,12.26,7.16,5.1,None,0.11319446563720703,13.247,True,None,sfc_unique_p3_15,0,None,103.3,21.65,462.0,81,54,4,9,0,False,100.0,14.6,5.018518518518518,11.0,0.2183,0.6822,0.1875,0.1864,3044.217425628357,2774.217425628357,270.0,0.9645160184418936,3,3,48
0,1771614737.631087,312.7,74,0.4291,0.5725,0.1658,0.449,69.3248,57.2523,44.9047,0.0,0.0,0.0,7.72,3.4,4.32,None,0.17934966087341309,13.335,True,None,sfc_cache_p4_15,0,None,107.3,21.65,495.0,83,56,4,9,0,False,100.0,14.328571428571427,5.071428571428571,10.607142857142858,0.2166,0.705,0.1839,0.1952,3077.70893970531,2797.70893970531,280.0,0.9600602633967646,4,3,49
0,1771614737.6342072,312.7,74,0.4291,0.5725,0.1658,0.449,69.3248,57.2523,44.9047,0.0,0.0,0.0,5.63,2.44,3.19,None,0.17934966087341309,13.199,True,None,sfc_unique_p4_15,0,None,107.3,21.65,495.0,83,56,4,9,0,False,100.0,14.328571428571427,5.071428571428571,10.607142857142858,0.2166,0.705,0.1839,0.1952,3077.70893970531,2797.70893970531,280.0,0.9600602633967646,4,3,49
0,1771614759.4853253,334.5,76,0.43,0.5477,0.1076,0.449,65.983,54.7667,44.9047,0.0,0.0,0.0,3.01,2.13,0.88,None,0.00014472007751464844,10.835,True,None,sfc_cache_p1_16,0,None,102.97,21.65,495.0,79,50,4,9,0,False,100.0,15.2744,5.433400000000001,11.88,0.2653,0.7218,0.1952,0.1994,3081.7962702495633,2831.7962702495633,250.0,0.9768031279524763,0,0,50
0,1771614759.4877448,334.5,76,0.43,0.5477,0.1076,0.449,65.983,54.7667,44.9047,0.0,0.0,0.0,2.54,1.22,1.32,None,0.00014472007751464844,10.38,True,None,sfc_unique_p1_16,0,None,102.97,21.65,495.0,79,50,4,9,0,False,100.0,15.2744,5.433400000000001,11.88,0.2653,0.7218,0.1952,0.1994,3081.7962702495633,2831.7962702495633,250.0,0.9768031279524763,0,0,50
0,1771614759.5387309,334.6,77,0.4281,0.59,0.1263,0.474,66.8469,59.0001,47.3995,0.0,0.0,0.0,5.0,3.19,1.81,None,0.05430483818054199,10.263,True,None,sfc_cache_p2_16,0,None,102.97,21.65,495.0,81,52,4,9,0,False,100.0,14.87923076923077,5.628269230769231,12.057692307692308,0.2571,0.6984,0.2088,0.2027,3091.7962702495633,2831.7962702495633,260.0,0.9719797567626489,0,2,50
0,1771614759.5411208,334.6,77,0.4281,0.59,0.1263,0.474,66.8469,59.0001,47.3995,0.0,0.0,0.0,3.53,1.29,2.24,None,0.05430483818054199,10.157,True,None,sfc_unique_p2_16,0,None,102.97,21.65,495.0,81,52,4,9,0,False,100.0,14.87923076923077,5.628269230769231,12.057692307692308,0.2571,0.6984,0.2088,0.2027,3091.7962702495633,2831.7962702495633,260.0,0.9719797567626489,0,2,50
0,1771614759.5923343,334.6,78,0.4346,0.59,0.1356,0.474,68.8056,59.0001,47.3995,0.0,0.0,0.0,5.0,3.19,1.81,None,0.10768890380859375,10.318,True,None,sfc_cache_p3_16,0,None,111.3,21.65,528.0,85,54,4,9,0,False,100.0,14.747962962962962,5.419814814814815,11.61111111111111,0.2498,0.6984,0.2047,0.2021,3101.7962702495633,2831.7962702495633,270.0,0.9690044871561755,0,3,51
0,1771614759.5948768,334.6,78,0.4346,0.59,0.1356,0.474,68.8056,59.0001,47.3995,0.0,0.0,0.0,5.35,3.41,1.94,None,0.10768890380859375,10.304,True,None,sfc_unique_p3_16,0,None,111.3,21.65,528.0,85,54,4,9,0,False,100.0,14.747962962962962,5.419814814814815,11.61111111111111,0.2498,0.6984,0.2047,0.2021,3101.7962702495633,2831.7962702495633,270.0,0.9690044871561755,0,3,51
0,1771614759.6469142,334.7,79,0.437,0.6081,0.1531,0.474,70.3607,60.8144,47.3995,0.0,0.0,0.0,5.61,3.19,2.43,None,0.16145801544189453,10.568,True,None,sfc_cache_p4_16,0,None,115.3,21.65,561.0,87,56,4,9,0,False,100.0,14.54267857142857,5.386964285714286,11.196428571428571,0.2424,0.7745,0.2007,0.1974,3127.4144915076977,2847.4144915076977,280.0,0.9640631564054327,1,4,51
0,1771614759.6494694,334.7,79,0.437,0.6081,0.1531,0.474,70.3607,60.8144,47.3995,0.0,0.0,0.0,6.37,2.66,3.71,None,0.16145801544189453,10.201,True,None,sfc_unique_p4_16,0,None,115.3,21.65,561.0,87,56,4,9,0,False,100.0,14.54267857142857,5.386964285714286,11.196428571428571,0.2424,0.7745,0.2007,0.1974,3127.4144915076977,2847.4144915076977,280.0,0.9640631564054327,1,4,51
0,1771614776.5233598,351.6,81,0.4547,0.7264,0.1666,0.5488,74.4499,72.6419,54.8836,0.0,0.0,0.0,4.57,2.0,2.56,None,0.00014257431030273438,10.877,True,None,sfc_cache_p1_17,0,None,123.3,21.65,627.0,91,58,4,11,0,False,100.0,14.857241379310345,6.212758620689654,12.517241379310345,0.2391,0.853,0.2149,0.1986,3210.763903053898,2920.763903053898,290.0,0.9712231728112448,1,0,57
0,1771614776.5262368,351.6,81,0.4547,0.7264,0.1666,0.5488,74.4499,72.6419,54.8836,0.0,0.0,0.0,6.98,5.19,1.8,None,0.00014257431030273438,10.518,True,None,sfc_unique_p1_17,0,None,123.3,21.65,627.0,91,58,4,11,0,False,100.0,14.857241379310345,6.212758620689654,12.517241379310345,0.2391,0.853,0.2149,0.1986,3210.763903053898,2920.763903053898,290.0,0.9712231728112448,1,0,57
0,1771614776.5841198,351.6,82,0.4603,0.7365,0.1844,0.5488,76.3506,73.6498,54.8836,0.0,0.0,0.0,6.89,3.18,3.71,None,0.05205559730529785,10.767,True,None,sfc_cache_p2_17,0,None,127.3,21.65,660.0,93,60,4,11,0,False,100.0,14.728666666666667,6.0889999999999995,12.1,0.2391,0.8612,0.211,0.2073,3232.709788948273,2932.709788948273,300.0,0.9629971629425286,3,0,57
0,1771614776.587005,351.6,82,0.4603,0.7365,0.1844,0.5488,76.3506,73.6498,54.8836,0.0,0.0,0.0,9.76,5.93,3.83,None,0.05205559730529785,10.587,True,None,sfc_unique_p2_17,0,None,127.3,21.65,660.0,93,60,4,11,0,False,100.0,14.728666666666667,6.0889999999999995,12.1,0.2391,0.8612,0.211,0.2073,3232.709788948273,2932.709788948273,300.0,0.9629971629425286,3,0,57
0,1771614776.6451976,351.7,83,0.4598,0.7755,0.2252,0.5488,77.0124,77.5486,54.8836,0.0,0.0,0.0,11.46,3.26,8.2,None,0.1128695011138916,10.716,True,None,sfc_cache_p3_17,0,None,131.3,21.65,693.0,96,62,4,11,0,False,100.0,14.377096774193548,6.204516129032259,11.709677419354838,0.2353,0.8818,0.2071,0.224,3273.013541045371,2963.013541045371,310.0,0.9585220892811781,4,1,57
0,1771614776.6481555,351.7,83,0.4598,0.7755,0.2252,0.5488,77.0124,77.5486,54.8836,0.0,0.0,0.0,8.33,3.51,4.82,None,0.1128695011138916,10.742,True,None,sfc_unique_p3_17,0,None,131.3,21.65,693.0,96,62,4,11,0,False,100.0,14.377096774193548,6.204516129032259,11.709677419354838,0.2353,0.8818,0.2071,0.224,3273.013541045371,2963.013541045371,310.0,0.9585220892811781,4,1,57
0,1771614776.7069216,351.8,84,0.4587,0.8111,0.2702,0.5488,77.8185,81.1108,54.8836,0.0,0.0,0.0,7.97,2.62,5.35,None,0.1740550994873047,10.544,True,None,sfc_cache_p4_17,0,None,135.3,21.65,726.0,99,64,4,11,0,False,100.0,14.07359375,6.28671875,11.34375,0.2311,0.893,0.2034,0.2362,3302.7073964857054,2982.7073964857054,320.0,0.95669425856727,5,1,58
0,1771614776.7098987,351.8,84,0.4587,0.8111,0.2702,0.5488,77.8185,81.1108,54.8836,0.0,0.0,0.0,10.51,3.74,6.78,None,0.1740550994873047,10.623,True,None,sfc_unique_p4_17,0,None,135.3,21.65,726.0,99,64,4,11,0,False,100.0,14.07359375,6.28671875,11.34375,0.2311,0.893,0.2034,0.2362,3302.7073964857054,2982.7073964857054,320.0,0.95669425856727,5,1,58
0,1771614798.5504096,373.6,86,0.417,0.8198,0.1981,0.449,63.7634,81.9837,44.9047,0.0,0.0,0.0,5.57,2.94,2.63,None,0.00011515617370605469,6.43,True,None,sfc_cache_p1_18,0,None,93.65,17.32,561.0,81,50,4,13,0,False,100.0,14.7606,8.1336,11.88,0.2971,0.9718,0.2121,0.2123,3262.791961218336,3012.791961218336,250.0,0.9767281330307515,0,0,50
0,1771614798.5519605,373.6,86,0.417,0.8198,0.1981,0.449,63.7634,81.9837,44.9047,0.0,0.0,0.0,6.8,4.12,2.68,None,0.00011515617370605469,5.743,True,None,sfc_unique_p1_18,0,None,93.65,17.32,561.0,81,50,4,13,0,False,100.0,14.7606,8.1336,11.88,0.2971,0.9718,0.2121,0.2123,3262.791961218336,3012.791961218336,250.0,0.9767281330307515,0,0,50
0,1771614798.5876515,373.6,87,0.4262,0.8198,0.2045,0.449,66.0962,81.9837,44.9047,0.0,0.0,0.0,5.19,2.94,2.25,None,0.03639721870422363,6.16,True,None,sfc_cache_p2_18,0,None,97.65,17.32,594.0,84,52,4,13,0,False,100.0,14.712115384615384,7.820769230769231,11.423076923076923,0.2906,0.9718,0.2079,0.2159,3282.82415437729,3022.82415437729,260.0,0.9760291863094056,0,0,52
0,1771614798.5892293,373.6,87,0.4262,0.8198,0.2045,0.449,66.0962,81.9837,44.9047,0.0,0.0,0.0,6.8,4.12,2.68,None,0.03639721870422363,5.754,True,None,sfc_unique_p2_18,0,None,97.65,17.32,594.0,84,52,4,13,0,False,100.0,14.712115384615384,7.820769230769231,11.423076923076923,0.2906,0.9718,0.2079,0.2159,3282.82415437729,3022.82415437729,260.0,0.9760291863094056,0,0,52
0,1771614798.623831,373.7,88,0.4313,0.8198,0.2112,0.449,68.0548,81.9837,44.9047,0.0,0.0,0.0,5.31,3.05,2.25,None,0.07367587089538574,5.94,True,None,sfc_cache_p3_18,0,None,105.98,17.32,627.0,88,54,4,13,0,False,100.0,14.587037037037037,7.5311111111111115,11.0,0.283,0.9718,0.2038,0.2194,3295.6073148787605,3025.6073148787605,270.0,0.9753572974750098,0,0,54
0,1771614798.6253686,373.7,88,0.4313,0.8198,0.2112,0.449,68.0548,81.9837,44.9047,0.0,0.0,0.0,6.56,3.88,2.68,None,0.07367587089538574,5.761,True,None,sfc_unique_p3_18,0,None,105.98,17.32,627.0,88,54,4,13,0,False,100.0,14.587037037037037,7.5311111111111115,11.0,0.283,0.9718,0.2038,0.2194,3295.6073148787605,3025.6073148787605,270.0,0.9753572974750098,0,0,54
0,1771614798.6609635,373.7,89,0.4363,0.8198,0.234,0.449,70.0134,81.9837,44.9047,0.0,0.0,0.0,4.38,2.13,2.25,None,0.10979366302490234,5.843,True,None,sfc_cache_p4_18,0,None,114.31,17.32,660.0,91,56,4,13,0,False,100.0,14.470892857142857,7.262142857142857,10.607142857142858,0.2759,0.9718,0.1999,0.2247,3312.853561589796,3032.853561589796,280.0,0.9739657727251849,0,0,56
0,1771614798.664226,373.7,89,0.4363,0.8198,0.234,0.449,70.0134,81.9837,44.9047,0.0,0.0,0.0,9.15,3.64,5.51,None,0.10979366302490234,6.982,True,None,sfc_unique_p4_18,0,None,114.31,17.32,660.0,91,56,4,13,0,False,100.0,14.470892857142857,7.262142857142857,10.607142857142858,0.2759,0.9718,0.1999,0.2247,3312.853561589796,3032.853561589796,280.0,0.9739657727251849,0,0,56
0,1771614821.7892742,396.8,91,0.3988,0.7224,0.1267,0.3992,61.632,72.2407,39.9153,0.0,0.0,0.0,4.17,2.83,1.34,None,0.00010657310485839844,10.467,True,None,sfc_cache_p1_19,0,None,106.31,12.99,594.0,83,50,4,12,0,False,100.0,14.2672,7.167000000000001,10.56,0.2947,0.9552,0.1853,0.2352,3230.4642323837907,2980.4642323837907,250.0,0.9763405068266823,0,0,50
0,1771614821.791844,396.8,91,0.3988,0.7224,0.1267,0.3992,61.632,72.2407,39.9153,0.0,0.0,0.0,4.45,2.67,1.77,None,0.00010657310485839844,10.374,True,None,sfc_unique_p1_19,0,None,106.31,12.99,594.0,83,50,4,12,0,False,100.0,14.2672,7.167000000000001,10.56,0.2947,0.9552,0.1853,0.2352,3230.4642323837907,2980.4642323837907,250.0,0.9763405068266823,0,0,50
0,1771614821.8481019,396.9,92,0.4072,0.7311,0.1362,0.3992,63.5907,73.1136,39.9153,0.0,0.0,0.0,3.68,2.34,1.34,None,0.2465827465057373,10.424,True,None,sfc_cache_p2_19,0,None,110.31,12.99,627.0,86,52,4,12,0,False,100.0,14.154423076923077,6.974615384615385,10.153846153846153,0.2866,0.9521,0.1816,0.2409,3244.65429584146,2984.65429584146,260.0,0.9746652195530285,0,0,52
0,1771614821.85069,396.9,92,0.4072,0.7311,0.1362,0.3992,63.5907,73.1136,39.9153,0.0,0.0,0.0,5.2,3.42,1.77,None,0.2465827465057373,10.261,True,None,sfc_unique_p2_19,0,None,110.31,12.99,627.0,86,52,4,12,0,False,100.0,14.154423076923077,6.974615384615385,10.153846153846153,0.2866,0.9521,0.1816,0.2409,3244.65429584146,2984.65429584146,260.0,0.9746652195530285,0,0,52
0,1771614821.9083984,397.0,93,0.4132,0.7378,0.1458,0.3992,65.6357,73.7849,39.9153,0.0,0.0,0.0,3.94,2.6,1.34,None,0.305523157119751,10.412,True,None,sfc_cache_p3_19,0,None,114.31,12.99,660.0,89,54,4,12,0,False,100.0,14.06851851851852,6.777962962962963,9.777777777777779,0.2774,0.956,0.178,0.2447,3261.1483370115575,2991.1483370115575,270.0,0.9730371709180969,0,0,54
0,1771614821.9110296,397.0,93,0.4132,0.7378,0.1458,0.3992,65.6357,73.7849,39.9153,0.0,0.0,0.0,4.44,2.67,1.77,None,0.305523157119751,10.54,True,None,sfc_unique_p3_19,0,None,114.31,12.99,660.0,89,54,4,12,0,False,100.0,14.06851851851852,6.777962962962963,9.777777777777779,0.2774,0.956,0.178,0.2447,3261.1483370115575,2991.1483370115575,270.0,0.9730371709180969,0,0,54
0,1771614821.9664242,397.0,94,0.4146,0.7627,0.1581,0.3992,66.529,76.2705,39.9153,0.0,0.0,0.0,3.94,2.6,1.34,None,0.3658931255340576,10.408,True,None,sfc_cache_p4_19,0,None,122.64,12.99,693.0,93,56,4,12,0,False,100.0,13.750714285714285,6.7560714285714285,9.428571428571429,0.2692,0.9649,0.1746,0.247,3292.9121506626952,3012.9121506626952,280.0,0.9714593930932873,0,0,56
0,1771614821.9679399,397.0,94,0.4146,0.7627,0.1581,0.3992,66.529,76.2705,39.9153,0.0,0.0,0.0,3.74,1.97,1.77,None,0.3658931255340576,8.909,True,None,sfc_unique_p4_19,0,None,122.64,12.99,693.0,93,56,4,12,0,False,100.0,13.750714285714285,6.7560714285714285,9.428571428571429,0.2692,0.9649,0.1746,0.247,3292.9121506626952,3012.9121506626952,280.0,0.9714593930932873,0,0,56
0,1771614842.659259,417.7,96,0.3787,0.6673,0.0302,0.3742,58.5209,66.7292,37.4206,0.0,0.0,0.0,2.46,1.3,1.16,None,0.00017380714416503906,13.96,True,None,sfc_cache_p1_20,0,None,110.31,4.33,627.0,81,50,4,12,0,False,100.0,13.547,6.6202,9.9,0.2727,0.933,0.154,0.2193,3154.382698165969,2904.382698165969,250.0,0.9735423249302932,0,0,50
0,1771614842.6623278,417.7,96,0.3787,0.6673,0.0302,0.3742,58.5209,66.7292,37.4206,0.0,0.0,0.0,4.5,2.72,1.78,None,0.00017380714416503906,13.36,True,None,sfc_unique_p1_20,0,None,110.31,4.33,627.0,81,50,4,12,0,False,100.0,13.547,6.6202,9.9,0.2727,0.933,0.154,0.2193,3154.382698165969,2904.382698165969,250.0,0.9735423249302932,0,0,50
0,1771614842.7344375,417.8,97,0.3863,0.6827,0.0443,0.3992,60.5374,68.2734,39.9153,0.0,0.0,0.0,5.88,3.91,1.97,None,0.07656621932983398,13.442,True,None,sfc_cache_p2_20,0,None,110.31,4.33,627.0,83,52,4,12,0,False,100.0,13.474807692307694,6.512884615384616,10.153846153846153,0.2666,0.9383,0.1684,0.2313,3196.832102282979,2936.832102282979,260.0,0.9705162929439992,0,1,51
0,1771614842.7377374,417.8,97,0.3863,0.6827,0.0443,0.3992,60.5374,68.2734,39.9153,0.0,0.0,0.0,4.65,2.44,2.21,None,0.07656621932983398,13.448,True,None,sfc_unique_p2_20,0,None,110.31,4.33,627.0,83,52,4,12,0,False,100.0,13.474807692307694,6.512884615384616,10.153846153846153,0.2666,0.9383,0.1684,0.2313,3196.832102282979,2936.832102282979,260.0,0.9705162929439992,0,1,51
0,1771614842.8121223,417.9,98,0.3952,0.6928,0.058,0.4241,62.7837,69.2813,42.41,0.0,0.0,0.0,4.78,2.0,2.78,None,0.15223407745361328,13.856,True,None,sfc_cache_p3_20,0,None,110.31,4.33,627.0,85,54,4,12,0,False,100.0,13.457222222222223,6.36425925925926,10.38888888888889,0.2601,0.9396,0.1766,0.242,3215.0246421374904,2945.0246421374904,270.0,0.9687868728514698,0,1,53
0,1771614842.8152952,417.9,98,0.3952,0.6928,0.058,0.4241,62.7837,69.2813,42.41,0.0,0.0,0.0,5.06,2.66,2.4,None,0.15223407745361328,13.424,True,None,sfc_unique_p3_20,0,None,110.31,4.33,627.0,85,54,4,12,0,False,100.0,13.457222222222223,6.36425925925926,10.38888888888889,0.2601,0.9396,0.1766,0.242,3215.0246421374904,2945.0246421374904,270.0,0.9687868728514698,0,1,53
0,1771614842.8904314,417.9,99,0.3931,0.7351,0.0693,0.4241,63.3021,73.5148,42.41,0.0,0.0,0.0,3.86,1.89,1.97,None,0.22959303855895996,20.678,True,None,sfc_cache_p4_20,0,None,110.31,8.33,660.0,88,56,4,12,0,False,100.0,13.08375,6.511964285714286,10.017857142857142,0.253,0.9293,0.1732,0.2502,3225.0246421374904,2945.0246421374904,280.0,0.966560741082049,0,2,54
0,1771614842.892948,417.9,99,0.3931,0.7351,0.0693,0.4241,63.3021,73.5148,42.41,0.0,0.0,0.0,3.0,1.21,1.78,None,0.22959303855895996,10.04,True,None,sfc_unique_p4_20,0,None,110.31,8.33,660.0,88,56,4,12,0,False,100.0,13.08375,6.511964285714286,10.017857142857142,0.253,0.9293,0.1732,0.2502,3225.0246421374904,2945.0246421374904,280.0,0.966560741082049,0,2,54
0,1771614860.673625,435.7,101,0.3627,0.5893,0.0034,0.4241,53.1064,58.9336,42.41,0.0,0.0,0.0,4.37,3.05,1.31,None,0.0001385211944580078,6.519,True,None,sfc_cache_p1_21,0,None,94.31,8.33,495.0,70,42,4,9,0,False,100.0,14.635238095238094,6.96047619047619,13.357142857142858,0.2986,0.8592,0.2209,0.1952,3056.172803257724,2846.172803257724,210.0,0.9810849618283781,0,0,42
0,1771614860.6748948,435.7,101,0.3627,0.5893,0.0034,0.4241,53.1064,58.9336,42.41,0.0,0.0,0.0,5.86,4.12,1.74,None,0.0001385211944580078,6.582,True,None,sfc_unique_p1_21,0,None,94.31,8.33,495.0,70,42,4,9,0,False,100.0,14.635238095238094,6.96047619047619,13.357142857142858,0.2986,0.8592,0.2209,0.1952,3056.172803257724,2846.172803257724,210.0,0.9810849618283781,0,0,42
0,1771614860.714658,435.8,102,0.3706,0.5893,0.0072,0.4241,55.065,58.9336,42.41,0.0,0.0,0.0,4.25,2.94,1.31,None,0.04110288619995117,7.718,True,None,sfc_cache_p2_21,0,None,102.64,8.33,528.0,74,44,4,9,0,False,100.0,14.485227272727274,6.644090909090909,12.75,0.2826,0.8592,0.2161,0.2068,3066.172803257724,2846.172803257724,220.0,0.9795828912984174,0,0,44
0,1771614860.715998,435.8,102,0.3706,0.5893,0.0072,0.4241,55.065,58.9336,42.41,0.0,0.0,0.0,5.86,4.12,1.74,None,0.04110288619995117,7.786,True,None,sfc_unique_p2_21,0,None,102.64,8.33,528.0,74,44,4,9,0,False,100.0,14.485227272727274,6.644090909090909,12.75,0.2826,0.8592,0.2161,0.2068,3066.172803257724,2846.172803257724,220.0,0.9795828912984174,0,0,44
0,1771614860.749488,435.8,103,0.3716,0.625,0.0161,0.449,56.2167,62.4957,44.9047,0.0,0.0,0.0,4.41,2.72,1.69,None,0.08214449882507324,6.277,True,None,sfc_cache_p3_21,0,None,102.64,8.33,528.0,76,46,4,9,0,False,100.0,14.145217391304346,6.739347826086957,12.91304347826087,0.2708,0.8491,0.2125,0.2201,3083.6224240594574,2853.6224240594574,230.0,0.9771181337608514,0,0,46
0,1771614860.75083,435.8,103,0.3716,0.625,0.0161,0.449,56.2167,62.4957,44.9047,0.0,0.0,0.0,3.71,1.97,1.74,None,0.08214449882507324,6.211,True,None,sfc_unique_p3_21,0,None,102.64,8.33,528.0,76,46,4,9,0,False,100.0,14.145217391304346,6.739347826086957,12.91304347826087,0.2708,0.8491,0.2125,0.2201,3083.6224240594574,2853.6224240594574,230.0,0.9771181337608514,0,0,46
0,1771614860.7849488,435.8,104,0.3755,0.6424,0.0295,0.449,57.4262,64.2435,44.9047,0.0,0.0,0.0,3.91,2.6,1.31,None,0.11704111099243164,6.464,True,None,sfc_cache_p4_21,0,None,110.97,8.33,561.0,80,48,4,9,0,False,100.0,13.847499999999998,6.639166666666667,12.375,0.2615,0.837,0.2081,0.2315,3095.5809444123443,2855.5809444123443,240.0,0.9749472759856758,0,1,47
0,1771614860.7862628,435.8,104,0.3755,0.6424,0.0295,0.449,57.4262,64.2435,44.9047,0.0,0.0,0.0,5.42,2.67,2.75,None,0.11704111099243164,6.329,True,None,sfc_unique_p4_21,0,None,110.97,8.33,561.0,80,48,4,9,0,False,100.0,13.847499999999998,6.639166666666667,12.375,0.2615,0.837,0.2081,0.2315,3095.5809444123443,2855.5809444123443,240.0,0.9749472759856758,0,1,47
0,1771614870.7231205,445.8,106,0.3955,0.6754,0.0474,0.474,61.1137,67.5355,47.3995,0.0,0.0,0.0,6.0,4.11,1.89,None,0.00019240379333496094,10.645,True,None,sfc_cache_p1_22,0,None,119.3,8.33,594.0,83,50,4,11,0,False,100.0,14.1472,6.7002,12.54,0.2547,0.8233,0.2052,0.2509,3116.9323729837724,2866.9323729837724,250.0,0.9706798924526686,2,0,48
0,1771614870.7256553,445.8,106,0.3955,0.6754,0.0474,0.474,61.1137,67.5355,47.3995,0.0,0.0,0.0,4.72,2.4,2.32,None,0.00019240379333496094,10.606,True,None,sfc_unique_p1_22,0,None,119.3,8.33,594.0,83,50,4,11,0,False,100.0,14.1472,6.7002,12.54,0.2547,0.8233,0.2052,0.2509,3116.9323729837724,2866.9323729837724,250.0,0.9706798924526686,2,0,48
0,1771614870.7864215,445.8,107,0.4025,0.6754,0.063,0.474,63.0723,67.5355,47.3995,0.0,0.0,0.0,6.27,4.0,2.27,None,0.0622098445892334,10.906,True,None,sfc_cache_p2_22,0,None,127.63,8.33,627.0,87,52,4,11,0,False,100.0,14.03903846153846,6.4425,12.057692307692308,0.2458,0.8233,0.2011,0.2616,3133.1038015552012,2873.1038015552012,260.0,0.9641285675720008,4,0,48
0,1771614870.7890234,445.8,107,0.4025,0.6754,0.063,0.474,63.0723,67.5355,47.3995,0.0,0.0,0.0,7.36,5.58,1.78,None,0.0622098445892334,10.563,True,None,sfc_unique_p2_22,0,None,127.63,8.33,627.0,87,52,4,11,0,False,100.0,14.03903846153846,6.4425,12.057692307692308,0.2458,0.8233,0.2011,0.2616,3133.1038015552012,2873.1038015552012,260.0,0.9641285675720008,4,0,48
0,1771614871.0366008,446.1,108,0.4062,0.6821,0.0776,0.474,64.7432,68.2068,47.3995,0.0,0.0,0.0,5.83,2.86,2.97,None,0.1255943775177002,10.398,True,None,sfc_cache_p3_22,0,None,135.96,8.33,660.0,91,54,4,11,0,False,100.0,13.877222222222223,6.265555555555555,11.61111111111111,0.2377,0.8253,0.1971,0.2596,3149.5978427252985,2879.5978427252985,270.0,0.9614532127870417,5,0,49
0,1771614871.039211,446.1,108,0.4062,0.6821,0.0776,0.474,64.7432,68.2068,47.3995,0.0,0.0,0.0,5.03,2.63,2.4,None,0.1255943775177002,10.369,True,None,sfc_unique_p3_22,0,None,135.96,8.33,660.0,91,54,4,11,0,False,100.0,13.877222222222223,6.265555555555555,11.61111111111111,0.2377,0.8253,0.1971,0.2596,3149.5978427252985,2879.5978427252985,270.0,0.9614532127870417,5,0,49
0,1771614871.0778792,446.1,109,0.4116,0.6921,0.1114,0.474,66.2698,69.2148,47.3995,0.0,0.0,0.0,8.25,3.45,4.8,None,0.3758072853088379,6.135,True,None,sfc_cache_p4_22,0,None,144.29,8.33,693.0,95,56,4,11,0,False,100.0,13.697142857142856,6.1310714285714285,11.196428571428571,0.2313,0.8567,0.1933,0.2569,3170.33406088458,2890.33406088458,280.0,0.9548534749162335,7,0,49
0,1771614871.079264,446.1,109,0.4116,0.6921,0.1114,0.474,66.2698,69.2148,47.3995,0.0,0.0,0.0,9.29,4.05,5.23,None,0.3758072853088379,5.969,True,None,sfc_unique_p4_22,0,None,144.29,8.33,693.0,95,56,4,11,0,False,100.0,13.697142857142856,6.1310714285714285,11.196428571428571,0.2313,0.8567,0.1933,0.2569,3170.33406088458,2890.33406088458,280.0,0.9548534749162335,7,0,49
0,1771614890.7503908,465.8,111,0.4041,0.5927,0.0388,0.3742,62.007,59.2702,37.4206,0.0,0.0,0.0,4.38,2.13,2.25,None,0.00013709068298339844,10.658,True,None,sfc_cache_p1_23,0,None,148.62,8.33,660.0,95,50,4,11,0,False,100.0,14.354000000000001,5.880199999999999,9.9,0.2654,0.8243,0.174,0.2231,3117.8981583477166,2867.8981583477166,250.0,0.9783274658931933,0,0,50
0,1771614890.7528408,465.8,111,0.4041,0.5927,0.0388,0.3742,62.007,59.2702,37.4206,0.0,0.0,0.0,4.63,1.75,2.87,None,0.00013709068298339844,10.123,True,None,sfc_unique_p1_23,0,None,148.62,8.33,660.0,95,50,4,11,0,False,100.0,14.354000000000001,5.880199999999999,9.9,0.2654,0.8243,0.174,0.2231,3117.8981583477166,2867.8981583477166,250.0,0.9783274658931933,0,0,50
0,1771614890.8120332,465.9,112,0.4046,0.6108,0.0483,0.3742,63.188,61.0846,37.4206,0.0,0.0,0.0,4.38,2.13,2.25,None,0.05853700637817383,11.812,True,None,sfc_cache_p2_23,0,None,156.95,8.33,693.0,99,52,4,11,0,False,100.0,14.064807692307692,5.827115384615384,9.51923076923077,0.2562,0.8159,0.1705,0.225,3127.8981583477166,2867.8981583477166,260.0,0.9762539421225189,0,0,52
0,1771614890.8145428,465.9,112,0.4046,0.6108,0.0483,0.3742,63.188,61.0846,37.4206,0.0,0.0,0.0,4.72,2.03,2.68,None,0.05853700637817383,9.98,True,None,sfc_unique_p2_23,0,None,156.95,8.33,693.0,99,52,4,11,0,False,100.0,14.064807692307692,5.827115384615384,9.51923076923077,0.2562,0.8159,0.1705,0.225,3127.8981583477166,2867.8981583477166,260.0,0.9762539421225189,0,0,52
0,1771614890.8723605,465.9,113,0.4068,0.6371,0.0706,0.3742,64.3976,63.7053,37.4206,0.0,0.0,0.0,4.68,1.89,2.79,None,0.12023472785949707,10.27,True,None,sfc_cache_p3_23,0,None,160.95,8.33,726.0,101,54,4,11,0,False,100.0,13.803148148148148,5.852037037037037,9.166666666666666,0.2473,0.7997,0.1671,0.2333,3137.8981583477166,2867.8981583477166,270.0,0.9706803401172083,1,1,52
0,1771614890.8748329,465.9,113,0.4068,0.6371,0.0706,0.3742,64.3976,63.7053,37.4206,0.0,0.0,0.0,7.43,3.83,3.6,None,0.12023472785949707,10.01,True,None,sfc_unique_p3_23,0,None,160.95,8.33,726.0,101,54,4,11,0,False,100.0,13.803148148148148,5.852037037037037,9.166666666666666,0.2473,0.7997,0.1671,0.2333,3137.8981583477166,2867.8981583477166,270.0,0.9706803401172083,1,1,52
0,1771614890.9332674,466.0,114,0.4144,0.6371,0.0804,0.3742,66.7303,63.7053,37.4206,0.0,0.0,0.0,6.12,3.33,2.79,None,0.18059206008911133,10.177,True,None,sfc_cache_p4_23,0,None,164.95,8.33,759.0,104,56,4,11,0,False,100.0,13.792321428571428,5.643035714285714,8.839285714285714,0.2392,0.7997,0.1639,0.2363,3147.8981583477166,2867.8981583477166,280.0,0.9681604532246358,1,2,53
0,1771614890.935781,466.0,114,0.4144,0.6371,0.0804,0.3742,66.7303,63.7053,37.4206,0.0,0.0,0.0,6.09,3.41,2.68,None,0.18059206008911133,10.141,True,None,sfc_unique_p4_23,0,None,164.95,8.33,759.0,104,56,4,11,0,False,100.0,13.792321428571428,5.643035714285714,8.839285714285714,0.2392,0.7997,0.1639,0.2363,3147.8981583477166,2867.8981583477166,280.0,0.9681604532246358,1,2,53
0,1771614907.7967281,482.8,116,0.4013,0.5477,0.0107,0.4241,61.8066,54.7667,42.41,0.0,0.0,0.0,2.18,1.3,0.88,None,0.000156402587890625,14.072,True,None,sfc_cache_p1_24,0,None,161.28,8.33,693.0,96,50,4,10,0,False,100.0,14.3076,5.433400000000001,11.22,0.1999,0.6436,0.1752,0.126,3010.8332219769472,2760.8332219769472,250.0,0.9754460347810181,0,0,50
0,1771614907.7998514,482.8,116,0.4013,0.5477,0.0107,0.4241,61.8066,54.7667,42.41,0.0,0.0,0.0,4.21,2.46,1.74,None,0.000156402587890625,13.478,True,None,sfc_unique_p1_24,0,None,161.28,8.33,693.0,96,50,4,10,0,False,100.0,14.3076,5.433400000000001,11.22,0.1999,0.6436,0.1752,0.126,3010.8332219769472,2760.8332219769472,250.0,0.9754460347810181,0,0,50
0,1771614907.8763833,482.9,117,0.412,0.551,0.0392,0.449,64.3406,55.1033,44.9047,0.0,0.0,0.0,5.5,2.27,3.23,None,0.07531476020812988,13.081,True,None,sfc_cache_p2_24,0,None,161.28,8.33,693.0,98,52,4,10,0,False,100.0,14.321346153846154,5.256538461538461,11.423076923076923,0.2024,0.6417,0.1828,0.1819,3031.7875137210713,2771.7875137210713,260.0,0.9694763509761872,2,0,50
0,1771614907.8795023,482.9,117,0.412,0.551,0.0392,0.449,64.3406,55.1033,44.9047,0.0,0.0,0.0,15.58,8.86,6.72,None,0.07531476020812988,13.283,True,None,sfc_unique_p2_24,0,None,161.28,8.33,693.0,98,52,4,10,0,False,100.0,14.321346153846154,5.256538461538461,11.423076923076923,0.2024,0.6417,0.1828,0.1819,3031.7875137210713,2771.7875137210713,260.0,0.9694763509761872,2,0,50
0,1771614907.9550347,483.0,118,0.4197,0.551,0.059,0.449,66.6733,55.1033,44.9047,0.0,0.0,0.0,6.5,3.53,2.97,None,0.1549227237701416,19.138,True,None,sfc_cache_p3_24,0,None,165.28,8.33,726.0,100,54,4,10,0,False,100.0,14.290925925925926,5.061851851851851,11.0,0.213,0.6417,0.1792,0.2132,3055.268813312379,2785.268813312379,270.0,0.9638730677670098,4,0,50
0,1771614907.9574847,483.0,118,0.4197,0.551,0.059,0.449,66.6733,55.1033,44.9047,0.0,0.0,0.0,11.68,7.1,4.58,None,0.1549227237701416,9.837,True,None,sfc_unique_p3_24,0,None,165.28,8.33,726.0,100,54,4,10,0,False,100.0,14.290925925925926,5.061851851851851,11.0,0.213,0.6417,0.1792,0.2132,3055.268813312379,2785.268813312379,270.0,0.9638730677670098,4,0,50
0,1771614908.0167253,483.1,119,0.4235,0.5752,0.0891,0.449,67.9692,57.5224,44.9047,0.0,0.0,0.0,6.02,2.41,3.61,None,0.232224702835083,10.18,True,None,sfc_cache_p4_24,0,None,169.28,8.33,759.0,102,56,4,10,0,False,100.0,14.048392857142858,5.095357142857142,10.607142857142858,0.2095,0.656,0.1757,0.2266,3085.702571554137,2805.702571554137,280.0,0.9602680921916072,4,2,50
0,1771614908.0192194,483.1,119,0.4235,0.5752,0.0891,0.449,67.9692,57.5224,44.9047,0.0,0.0,0.0,5.8,1.76,4.04,None,0.232224702835083,10.044,True,None,sfc_unique_p4_24,0,None,169.28,8.33,759.0,102,56,4,10,0,False,100.0,14.048392857142858,5.095357142857142,10.607142857142858,0.2095,0.656,0.1757,0.2266,3085.702571554137,2805.702571554137,280.0,0.9602680921916072,4,2,50
0,1771614928.8240418,503.9,121,0.4185,0.5934,0.0483,0.4241,63.9941,59.3368,42.41,0.0,0.0,0.0,2.85,2.13,0.72,None,0.00017690658569335938,10.96,True,None,sfc_cache_p1_25,0,None,144.28999999999996,8.33,660.0,94,50,4,11,0,False,100.0,14.814,5.886799999999999,11.22,0.256,0.6801,0.1553,0.2146,3089.2181482742617,2839.2181482742617,250.0,0.9775520532328218,0,0,50
0,1771614928.826674,503.9,121,0.4185,0.5934,0.0483,0.4241,63.9941,59.3368,42.41,0.0,0.0,0.0,4.34,3.19,1.15,None,0.00017690658569335938,10.107,True,None,sfc_unique_p1_25,0,None,144.28999999999996,8.33,660.0,94,50,4,11,0,False,100.0,14.814,5.886799999999999,11.22,0.256,0.6801,0.1553,0.2146,3089.2181482742617,2839.2181482742617,250.0,0.9775520532328218,0,0,50
0,1771614928.8878481,503.9,122,0.4268,0.5934,0.0544,0.4241,65.9527,59.3368,42.41,0.0,0.0,0.0,3.11,2.01,1.1,None,0.06568574905395508,10.252,True,None,sfc_cache_p2_25,0,None,152.62,8.33,693.0,98,52,4,11,0,False,100.0,14.680192307692307,5.660384615384615,10.788461538461538,0.2492,0.6801,0.1522,0.2232,3099.2181482742617,2839.2181482742617,260.0,0.975626477997296,0,0,52
0,1771614928.890508,503.9,122,0.4268,0.5934,0.0544,0.4241,65.9527,59.3368,42.41,0.0,0.0,0.0,4.34,3.19,1.15,None,0.06568574905395508,10.229,True,None,sfc_unique_p2_25,0,None,152.62,8.33,693.0,98,52,4,11,0,False,100.0,14.680192307692307,5.660384615384615,10.788461538461538,0.2492,0.6801,0.1522,0.2232,3099.2181482742617,2839.2181482742617,260.0,0.975626477997296,0,0,52
0,1771614928.95193,504.0,123,0.4349,0.5934,0.0615,0.4241,67.9114,59.3368,42.41,0.0,0.0,0.0,2.85,2.13,0.72,None,0.12952089309692383,10.211,True,None,sfc_cache_p3_25,0,None,160.95,8.33,726.0,102,54,4,11,0,False,100.0,14.556296296296296,5.45074074074074,10.38888888888889,0.2416,0.6801,0.1492,0.2288,3109.2181482742617,2839.2181482742617,270.0,0.9736361688261355,0,0,54
0,1771614928.954455,504.0,123,0.4349,0.5934,0.0615,0.4241,67.9114,59.3368,42.41,0.0,0.0,0.0,4.49,2.96,1.53,None,0.12952089309692383,9.996,True,None,sfc_unique_p3_25,0,None,160.95,8.33,726.0,102,54,4,11,0,False,100.0,14.556296296296296,5.45074074074074,10.38888888888889,0.2416,0.6801,0.1492,0.2288,3109.2181482742617,2839.2181482742617,270.0,0.9736361688261355,0,0,54
0,1771614929.0160353,504.1,124,0.4379,0.6115,0.0802,0.4241,69.0924,61.1511,42.41,0.0,0.0,0.0,2.85,2.13,0.72,None,0.19344067573547363,10.401,True,None,sfc_cache_p4_25,0,None,169.28,8.33,759.0,105,56,4,11,0,False,100.0,14.280535714285715,5.416785714285714,10.017857142857142,0.2344,0.7254,0.1464,0.2387,3133.439406408752,2853.439406408752,280.0,0.9705613211796792,1,0,55
0,1771614929.0187461,504.1,124,0.4379,0.6115,0.0802,0.4241,69.0924,61.1511,42.41,0.0,0.0,0.0,7.3,2.96,4.34,None,0.19344067573547363,10.204,True,None,sfc_unique_p4_25,0,None,169.28,8.33,759.0,105,56,4,11,0,False,100.0,14.280535714285715,5.416785714285714,10.017857142857142,0.2344,0.7254,0.1464,0.2387,3133.439406408752,2853.439406408752,280.0,0.9705613211796792,1,0,55
0,1771614949.8642585,524.9,126,0.406,0.6472,0.0108,0.3742,61.8627,64.7153,37.4206,0.0,0.0,0.0,2.61,1.64,0.97,None,0.00015234947204589844,10.601,True,None,sfc_cache_p1_26,0,None,156.95,12.66,693.0,96,50,4,12,0,False,100.0,14.320599999999999,6.4204,9.9,0.2639,0.8104,0.1511,0.1859,3141.6966101310013,2891.6966101310013,250.0,0.9764137465173335,0,0,50
0,1771614949.866859,524.9,126,0.406,0.6472,0.0108,0.3742,61.8627,64.7153,37.4206,0.0,0.0,0.0,3.53,1.75,1.78,None,0.00015234947204589844,10.395,True,None,sfc_unique_p1_26,0,None,156.95,12.66,693.0,96,50,4,12,0,False,100.0,14.320599999999999,6.4204,9.9,0.2639,0.8104,0.1511,0.1859,3141.6966101310013,2891.6966101310013,250.0,0.9764137465173335,0,0,50
0,1771614949.92819,525.0,127,0.412,0.6505,0.0196,0.3742,63.677,65.0519,37.4206,0.0,0.0,0.0,2.61,1.64,0.97,None,0.06490325927734375,10.447,True,None,sfc_cache_p2_26,0,None,165.28,12.66,726.0,100,52,4,12,0,False,100.0,14.173653846153845,6.205576923076923,9.51923076923077,0.2563,0.809,0.1481,0.1863,3157.274074919734,2897.274074919734,260.0,0.9748154783290404,0,0,52
0,1771614949.9308195,525.0,127,0.412,0.6505,0.0196,0.3742,63.677,65.0519,37.4206,0.0,0.0,0.0,4.52,2.74,1.78,None,0.06490325927734375,10.359,True,None,sfc_unique_p2_26,0,None,165.28,12.66,726.0,100,52,4,12,0,False,100.0,14.173653846153845,6.205576923076923,9.51923076923077,0.2563,0.809,0.1481,0.1863,3157.274074919734,2897.274074919734,260.0,0.9748154783290404,0,0,52
0,1771614949.9924822,525.0,128,0.4198,0.6606,0.0315,0.3992,65.5493,66.0599,39.9153,0.0,0.0,0.0,2.65,1.3,1.35,None,0.1288130283355713,10.269,True,None,sfc_cache_p3_26,0,None,169.61,12.66,726.0,103,54,4,12,0,False,100.0,14.05,6.068333333333333,9.777777777777779,0.2483,0.8076,0.1468,0.1848,3167.274074919734,2897.274074919734,270.0,0.9733214658511105,0,0,54
0,1771614949.995146,525.0,128,0.4198,0.6606,0.0315,0.3992,65.5493,66.0599,39.9153,0.0,0.0,0.0,3.53,1.75,1.78,None,0.1288130283355713,10.455,True,None,sfc_unique_p3_26,0,None,169.61,12.66,726.0,103,54,4,12,0,False,100.0,14.05,6.068333333333333,9.777777777777779,0.2483,0.8076,0.1468,0.1848,3167.274074919734,2897.274074919734,270.0,0.9733214658511105,0,0,54
0,1771614950.245975,525.3,129,0.4264,0.6606,0.0405,0.3992,67.5079,66.0599,39.9153,0.0,0.0,0.0,3.14,1.79,1.35,None,0.19314026832580566,11.117,True,None,sfc_cache_p4_26,0,None,177.94,12.66,759.0,107,56,4,12,0,False,100.0,13.953035714285715,5.851607142857143,9.428571428571429,0.2391,0.8076,0.144,0.1803,3177.274074919734,2897.274074919734,280.0,0.9718093629613377,0,0,56
0,1771614950.2487552,525.3,129,0.4264,0.6606,0.0405,0.3992,67.5079,66.0599,39.9153,0.0,0.0,0.0,4.28,2.5,1.78,None,0.19314026832580566,10.271,True,None,sfc_unique_p4_26,0,None,177.94,12.66,759.0,107,56,4,12,0,False,100.0,13.953035714285715,5.851607142857143,9.428571428571429,0.2391,0.8076,0.144,0.1803,3177.274074919734,2897.274074919734,280.0,0.9718093629613377,0,0,56
0,1771614964.8983202,539.9,131,0.3962,0.5363,0.0136,0.2744,60.1642,53.6297,27.4418,0.0,0.0,0.0,1.74,0.59,1.15,None,0.0004684925079345703,10.725,True,None,sfc_cache_p1_27,0,None,181.94,8.66,726.0,105,50,4,12,0,False,100.0,13.9274,5.3206,7.26,0.2578,0.7842,0.1088,0.1973,3068.9580321696576,2818.9580321696576,250.0,0.977160859072421,0,0,50
0,1771614964.9008732,539.9,131,0.3962,0.5363,0.0136,0.2744,60.1642,53.6297,27.4418,0.0,0.0,0.0,2.99,1.79,1.2,None,0.0004684925079345703,10.491,True,None,sfc_unique_p1_27,0,None,181.94,8.66,726.0,105,50,4,12,0,False,100.0,13.9274,5.3206,7.26,0.2578,0.7842,0.1088,0.1973,3068.9580321696576,2818.9580321696576,250.0,0.977160859072421,0,0,50
0,1771614964.9369738,540.0,132,0.3902,0.5874,0.031,0.2744,60.3084,58.736,27.4418,0.0,0.0,0.0,1.36,0.59,0.76,None,0.06291651725769043,6.06,True,None,sfc_cache_p2_27,0,None,181.94,12.66,759.0,108,52,4,12,0,False,100.0,13.423846153846153,5.603076923076923,6.980769230769231,0.2506,0.8006,0.1066,0.2139,3120.847522960557,2860.847522960557,260.0,0.9738674711818551,0,1,51
0,1771614964.9382107,540.0,132,0.3902,0.5874,0.031,0.2744,60.3084,58.736,27.4418,0.0,0.0,0.0,2.42,0.3,2.12,None,0.06291651725769043,5.931,True,None,sfc_unique_p2_27,0,None,181.94,12.66,759.0,108,52,4,12,0,False,100.0,13.423846153846153,5.603076923076923,6.980769230769231,0.2506,0.8006,0.1066,0.2139,3120.847522960557,2860.847522960557,260.0,0.9738674711818551,0,1,51
0,1771614965.0698764,540.1,133,0.3871,0.6297,0.0418,0.2744,60.4527,62.9695,27.4418,0.0,0.0,0.0,1.36,0.59,0.76,None,0.0990605354309082,6.066,True,None,sfc_cache_p3_27,0,None,181.94,20.99,792.0,112,54,4,12,0,False,100.0,12.957592592592594,5.7844444444444445,6.722222222222222,0.2438,0.7907,0.1045,0.2166,3130.847522960557,2860.847522960557,270.0,0.9720166665503028,0,1,53
0,1771614965.0712445,540.1,133,0.3871,0.6297,0.0418,0.2744,60.4527,62.9695,27.4418,0.0,0.0,0.0,1.48,0.29,1.2,None,0.0990605354309082,6.515,True,None,sfc_unique_p3_27,0,None,181.94,20.99,792.0,112,54,4,12,0,False,100.0,12.957592592592594,5.7844444444444445,6.722222222222222,0.2438,0.7907,0.1045,0.2166,3130.847522960557,2860.847522960557,270.0,0.9720166665503028,0,1,53
0,1771614965.1059983,540.2,134,0.3947,0.6398,0.0587,0.2994,62.699,63.9774,29.9365,0.0,0.0,0.0,3.33,2.03,1.3,None,0.23208832740783691,5.888,True,None,sfc_cache_p4_27,0,None,181.94,20.99,792.0,114,56,4,12,0,False,100.0,12.959107142857144,5.667142857142857,7.071428571428571,0.2363,0.7853,0.1197,0.239,3143.5880943891284,2863.5880943891284,280.0,0.9648119217554266,2,1,53
0,1771614965.1073623,540.2,134,0.3947,0.6398,0.0587,0.2994,62.699,63.9774,29.9365,0.0,0.0,0.0,5.52,3.41,2.12,None,0.23208832740783691,5.876,True,None,sfc_unique_p4_27,0,None,181.94,20.99,792.0,114,56,4,12,0,False,100.0,12.959107142857144,5.667142857142857,7.071428571428571,0.2363,0.7853,0.1197,0.239,3143.5880943891284,2863.5880943891284,280.0,0.9648119217554266,2,1,53
0,1771614983.919951,559.0,136,0.3752,0.6566,0.0267,0.2744,56.7662,65.6567,27.4418,0.0,0.0,0.0,2.91,1.64,1.27,None,0.00016045570373535156,10.658,True,None,sfc_cache_p1_28,0,None,165.27999999999997,20.99,726.0,106,50,4,12,0,False,100.0,13.140799999999999,6.5138,7.26,0.2771,0.7933,0.1264,0.22,3114.3826879098724,2864.3826879098724,250.0,0.9784123806673776,0,0,50
0,1771614983.9226635,559.0,136,0.3752,0.6566,0.0267,0.2744,56.7662,65.6567,27.4418,0.0,0.0,0.0,2.0,0.3,1.7,None,0.00016045570373535156,10.569,True,None,sfc_unique_p1_28,0,None,165.27999999999997,20.99,726.0,106,50,4,12,0,False,100.0,13.140799999999999,6.5138,7.26,0.2771,0.7933,0.1264,0.22,3114.3826879098724,2864.3826879098724,250.0,0.9784123806673776,0,0,50
0,1771614984.1682825,559.2,137,0.3838,0.6566,0.033,0.2744,59.0989,65.6567,27.4418,0.0,0.0,0.0,3.28,2.01,1.27,None,0.06410074234008789,10.849,True,None,sfc_cache_p2_28,0,None,169.28,20.99,759.0,109,52,4,12,0,False,100.0,13.154615384615385,6.263269230769231,6.980769230769231,0.2666,0.7933,0.1239,0.2343,3124.3826879098724,2864.3826879098724,260.0,0.9763688616182102,0,0,52
0,1771614984.1709468,559.2,137,0.3838,0.6566,0.033,0.2744,59.0989,65.6567,27.4418,0.0,0.0,0.0,4.9,3.19,1.7,None,0.06410074234008789,10.048,True,None,sfc_unique_p2_28,0,None,169.28,20.99,759.0,109,52,4,12,0,False,100.0,13.154615384615385,6.263269230769231,6.980769230769231,0.2666,0.7933,0.1239,0.2343,3124.3826879098724,2864.3826879098724,260.0,0.9763688616182102,0,0,52
0,1771614984.2348447,559.3,138,0.3897,0.6566,0.0399,0.2744,61.0575,65.6567,27.4418,0.0,0.0,0.0,3.4,2.13,1.27,None,0.3122577667236328,11.149,True,None,sfc_cache_p3_28,0,None,177.61,20.99,792.0,113,54,4,12,0,False,100.0,13.087222222222223,6.031296296296296,6.722222222222222,0.2556,0.7933,0.1214,0.2453,3134.3826879098724,2864.3826879098724,270.0,0.9744028159423134,0,0,54
0,1771614984.2377806,559.3,138,0.3897,0.6566,0.0399,0.2744,61.0575,65.6567,27.4418,0.0,0.0,0.0,4.66,2.96,1.7,None,0.3122577667236328,10.874,True,None,sfc_unique_p3_28,0,None,177.61,20.99,792.0,113,54,4,12,0,False,100.0,13.087222222222223,6.031296296296296,6.722222222222222,0.2556,0.7933,0.1214,0.2453,3134.3826879098724,2864.3826879098724,270.0,0.9744028159423134,0,0,54
0,1771614984.2998238,559.3,139,0.3953,0.6566,0.049,0.2744,63.0161,65.6567,27.4418,0.0,0.0,0.0,3.28,2.01,1.27,None,0.37923145294189453,10.538,True,None,sfc_cache_p4_28,0,None,185.94,20.99,825.0,116,56,4,12,0,False,100.0,13.024642857142856,5.815892857142857,6.482142857142857,0.2478,0.7933,0.1191,0.2563,3151.904743319252,2871.904743319252,280.0,0.9726115268166261,0,0,56
0,1771614984.302759,559.3,139,0.3953,0.6566,0.049,0.2744,63.0161,65.6567,27.4418,0.0,0.0,0.0,5.95,3.43,2.51,None,0.37923145294189453,10.538,True,None,sfc_unique_p4_28,0,None,185.94,20.99,825.0,116,56,4,12,0,False,100.0,13.024642857142856,5.815892857142857,6.482142857142857,0.2478,0.7933,0.1191,0.2563,3151.904743319252,2871.904743319252,280.0,0.9726115268166261,0,0,56
0,1771615001.9569044,577.0,141,0.3818,0.5907,0.0117,0.2744,58.3792,59.0707,27.4418,0.0,0.0,0.0,4.1,2.33,1.77,None,0.0001544952392578125,10.507,True,None,sfc_cache_p1_29,0,None,169.28,25.32,660.0,104,50,4,11,0,False,100.0,13.5142,5.860399999999999,7.26,0.2436,0.6685,0.1264,0.2138,3035.7547573980505,2785.7547573980505,250.0,0.9736422903176729,1,0,49
0,1771615001.959449,577.0,141,0.3818,0.5907,0.0117,0.2744,58.3792,59.0707,27.4418,0.0,0.0,0.0,5.4,3.66,1.73,None,0.0001544952392578125,9.864,True,None,sfc_unique_p1_29,0,None,169.28,25.32,660.0,104,50,4,11,0,False,100.0,13.5142,5.860399999999999,7.26,0.2436,0.6685,0.1264,0.2138,3035.7547573980505,2785.7547573980505,250.0,0.9736422903176729,1,0,49
0,1771615001.999784,577.0,142,0.3896,0.5974,0.0283,0.2744,60.4242,59.742,27.4418,0.0,0.0,0.0,3.97,2.59,1.38,None,0.06483983993530273,6.126,True,None,sfc_cache_p2_29,0,None,173.28,25.32,693.0,107,52,4,11,0,False,100.0,13.449615384615385,5.699038461538462,6.980769230769231,0.2376,0.6659,0.1239,0.2251,3056.895757243276,2796.895757243276,260.0,0.9703414621018422,2,0,50
0,1771615002.001141,577.0,142,0.3896,0.5974,0.0283,0.2744,60.4242,59.742,27.4418,0.0,0.0,0.0,5.91,3.17,2.74,None,0.06483983993530273,5.813,True,None,sfc_unique_p2_29,0,None,173.28,25.32,693.0,107,52,4,11,0,False,100.0,13.449615384615385,5.699038461538462,6.980769230769231,0.2376,0.6659,0.1239,0.2251,3056.895757243276,2796.895757243276,260.0,0.9703414621018422,2,0,50
0,1771615002.0383363,577.1,143,0.3967,0.6061,0.0451,0.2744,62.3828,60.6149,27.4418,0.0,0.0,0.0,5.19,2.51,2.69,None,0.10534787178039551,6.067,True,None,sfc_cache_p3_29,0,None,177.28,25.32,726.0,109,54,4,11,0,False,100.0,13.371296296296295,5.568148148148148,6.722222222222222,0.2352,0.6772,0.1214,0.2348,3091.068663020338,2821.068663020338,270.0,0.965209247057596,4,0,50
0,1771615002.0397966,577.1,143,0.3967,0.6061,0.0451,0.2744,62.3828,60.6149,27.4418,0.0,0.0,0.0,9.07,5.48,3.59,None,0.10534787178039551,5.909,True,None,sfc_unique_p3_29,0,None,177.28,25.32,726.0,109,54,4,11,0,False,100.0,13.371296296296295,5.568148148148148,6.722222222222222,0.2352,0.6772,0.1214,0.2348,3091.068663020338,2821.068663020338,270.0,0.965209247057596,4,0,50
0,1771615002.0775814,577.1,144,0.4019,0.6162,0.0643,0.2744,64.2836,61.6228,27.4418,0.0,0.0,0.0,5.11,2.61,2.5,None,0.14401769638061523,6.136,True,None,sfc_cache_p4_29,0,None,181.28,25.32,759.0,112,56,4,11,0,False,100.0,13.286607142857141,5.458571428571429,6.482142857142857,0.2299,0.6735,0.1191,0.2414,3108.380663020338,2828.380663020338,280.0,0.9582268199222623,6,0,50
0,1771615002.0790129,577.1,144,0.4019,0.6162,0.0643,0.2744,64.2836,61.6228,27.4418,0.0,0.0,0.0,7.74,5.62,2.12,None,0.14401769638061523,5.825,True,None,sfc_unique_p4_29,0,None,181.28,25.32,759.0,112,56,4,11,0,False,100.0,13.286607142857141,5.458571428571429,6.482142857142857,0.2299,0.6735,0.1191,0.2414,3108.380663020338,2828.380663020338,280.0,0.9582268199222623,6,0,50
0,1771615024.9747136,600.0,146,0.3848,0.5698,0.0093,0.1497,58.8423,56.9822,14.9682,0.0,0.0,0.0,2.7,1.64,1.07,None,0.0001354217529296875,6.203,True,None,sfc_cache_p1_30,0,None,168.95,29.65,594.0,109,50,4,9,0,False,100.0,13.621400000000001,5.653200000000001,3.96,0.2574,0.6951,0.0337,0.178,3062.9247433971423,2812.9247433971423,250.0,0.9772787331162255,0,0,50
0,1771615024.976114,600.0,146,0.3848,0.5698,0.0093,0.1497,58.8423,56.9822,14.9682,0.0,0.0,0.0,2.72,1.22,1.5,None,0.0001354217529296875,5.854,True,None,sfc_unique_p1_30,0,None,168.95,29.65,594.0,109,50,4,9,0,False,100.0,13.621400000000001,5.653200000000001,3.96,0.2574,0.6951,0.0337,0.178,3062.9247433971423,2812.9247433971423,250.0,0.9772787331162255,0,0,50
0,1771615025.0132403,600.1,147,0.3882,0.5974,0.0196,0.1497,59.994,59.7379,14.9682,0.0,0.0,0.0,2.7,1.64,1.07,None,0.039389610290527344,5.961,True,None,sfc_cache_p2_30,0,None,172.95,29.65,627.0,111,52,4,9,0,False,100.0,13.353846153846153,5.698653846153846,3.8076923076923075,0.2488,0.687,0.0331,0.1977,3072.9247433971423,2812.9247433971423,260.0,0.9752303218359688,0,0,52
0,1771615025.0146186,600.1,147,0.3882,0.5974,0.0196,0.1497,59.994,59.7379,14.9682,0.0,0.0,0.0,3.81,1.93,1.88,None,0.039389610290527344,5.88,True,None,sfc_unique_p2_30,0,None,172.95,29.65,627.0,111,52,4,9,0,False,100.0,13.353846153846153,5.698653846153846,3.8076923076923075,0.2488,0.687,0.0331,0.1977,3072.9247433971423,2812.9247433971423,260.0,0.9752303218359688,0,0,52
0,1771615025.051441,600.1,148,0.3871,0.6364,0.0362,0.1497,60.6558,63.6367,14.9682,0.0,0.0,0.0,4.3,2.7,1.6,None,0.07790827751159668,5.897,True,None,sfc_cache_p3_30,0,None,176.95,29.65,660.0,114,54,4,9,0,False,100.0,13.00111111111111,5.845740740740741,3.6666666666666665,0.2413,0.7056,0.0324,0.2137,3097.928743397142,2827.928743397142,270.0,0.9698665106662931,1,1,52
0,1771615025.0528343,600.1,148,0.3871,0.6364,0.0362,0.1497,60.6558,63.6367,14.9682,0.0,0.0,0.0,4.35,2.24,2.12,None,0.07790827751159668,5.779,True,None,sfc_unique_p3_30,0,None,176.95,29.65,660.0,114,54,4,9,0,False,100.0,13.00111111111111,5.845740740740741,3.6666666666666665,0.2413,0.7056,0.0324,0.2137,3097.928743397142,2827.928743397142,270.0,0.9698665106662931,1,1,52
0,1771615025.0899572,600.1,149,0.3977,0.6364,0.0578,0.1746,62.96,63.6367,17.463,0.0,0.0,0.0,5.84,2.85,2.99,None,0.11604785919189453,5.869,True,None,sfc_cache_p4_30,0,None,181.28,29.65,660.0,117,56,4,9,0,False,100.0,13.013035714285715,5.636964285714286,4.125,0.2377,0.7056,0.0373,0.2221,3119.8707387538984,2839.8707387538984,280.0,0.9645050190978888,3,1,52
0,1771615025.09139,600.1,149,0.3977,0.6364,0.0578,0.1746,62.96,63.6367,17.463,0.0,0.0,0.0,8.03,5.15,2.88,None,0.11604785919189453,5.804,True,None,sfc_unique_p4_30,0,None,181.28,29.65,660.0,117,56,4,9,0,False,100.0,13.013035714285715,5.636964285714286,4.125,0.2377,0.7056,0.0373,0.2221,3119.8707387538984,2839.8707387538984,280.0,0.9645050190978888,3,1,52
0,1771615041.030451,616.1,151,0.3705,0.6397,0.0092,0.1746,56.6547,63.9714,17.463,0.0,0.0,0.0,2.53,1.3,1.23,None,0.00014710426330566406,10.701,True,None,sfc_cache_p1_31,0,None,173.28,29.65,594.0,111,50,4,10,0,False,100.0,13.115,6.3466,4.62,0.2112,0.8267,0.0455,0.158,3075.0788564740683,2825.0788564740683,250.0,0.975946207765645,0,0,50
0,1771615041.0331047,616.1,151,0.3705,0.6397,0.0092,0.1746,56.6547,63.9714,17.463,0.0,0.0,0.0,5.29,3.19,2.09,None,0.00014710426330566406,10.253,True,None,sfc_unique_p1_31,0,None,173.28,29.65,594.0,111,50,4,10,0,False,100.0,13.115,6.3466,4.62,0.2112,0.8267,0.0455,0.158,3075.0788564740683,2825.0788564740683,250.0,0.975946207765645,0,0,50
0,1771615041.096143,616.1,152,0.3746,0.6639,0.0288,0.1996,58.2963,66.3905,19.9577,0.0,0.0,0.0,4.96,3.19,1.77,None,0.056522369384765625,10.314,True,None,sfc_cache_p2_31,0,None,173.28,29.65,594.0,113,52,4,10,0,False,100.0,12.975961538461538,6.333269230769231,5.076923076923077,0.2042,0.8235,0.0581,0.175,3087.7668564740684,2827.7668564740684,260.0,0.9673372225915895,2,0,50
0,1771615041.098838,616.1,152,0.3746,0.6639,0.0288,0.1996,58.2963,66.3905,19.9577,0.0,0.0,0.0,4.62,2.72,1.9,None,0.056522369384765625,10.214,True,None,sfc_unique_p2_31,0,None,173.28,29.65,594.0,113,52,4,10,0,False,100.0,12.975961538461538,6.333269230769231,5.076923076923077,0.2042,0.8235,0.0581,0.175,3087.7668564740684,2827.7668564740684,260.0,0.9673372225915895,2,0,50
0,1771615041.338393,616.4,153,0.3811,0.6787,0.0506,0.2245,60.3413,67.8682,22.4524,0.0,0.0,0.0,5.22,2.25,2.97,None,0.12238407135009766,10.756,True,None,sfc_cache_p3_31,0,None,173.28,29.65,594.0,115,54,4,10,0,False,100.0,12.933703703703703,6.234444444444445,5.5,0.2014,0.822,0.0734,0.2083,3119.965277771081,2849.965277771081,270.0,0.9624796355836387,3,1,50
0,1771615041.341048,616.4,153,0.3811,0.6787,0.0506,0.2245,60.3413,67.8682,22.4524,0.0,0.0,0.0,7.16,2.68,4.48,None,0.12238407135009766,10.042,True,None,sfc_unique_p3_31,0,None,173.28,29.65,594.0,115,54,4,10,0,False,100.0,12.933703703703703,6.234444444444445,5.5,0.2014,0.822,0.0734,0.2083,3119.965277771081,2849.965277771081,270.0,0.9624796355836387,3,1,50
0,1771615041.4058425,616.5,154,0.3887,0.6888,0.0687,0.2495,62.5876,68.8761,24.9471,0.0,0.0,0.0,3.65,1.99,1.66,None,0.36452698707580566,10.528,True,None,sfc_cache_p4_31,0,None,173.28,29.65,594.0,116,56,4,10,0,False,100.0,12.936071428571427,6.101071428571429,5.892857142857143,0.1982,0.8223,0.0754,0.2127,3141.1174214020984,2861.1174214020984,280.0,0.960077113012524,3,2,51
0,1771615041.4085667,616.5,154,0.3887,0.6888,0.0687,0.2495,62.5876,68.8761,24.9471,0.0,0.0,0.0,5.94,2.73,3.21,None,0.36452698707580566,10.316,True,None,sfc_unique_p4_31,0,None,173.28,29.65,594.0,116,56,4,10,0,False,100.0,12.936071428571427,6.101071428571429,5.892857142857143,0.1982,0.8223,0.0754,0.2127,3141.1174214020984,2861.1174214020984,280.0,0.960077113012524,3,2,51
0,1771615067.0646217,642.1,156,0.3157,0.5725,0.0069,0.1746,46.5748,57.2483,17.463,0.0,0.0,0.0,4.95,2.56,2.39,None,0.00012803077697753906,7.133,True,None,sfc_cache_p1_32,0,None,123.63,25.32,363.0,90,42,4,9,0,False,100.0,12.835238095238097,6.761428571428572,5.5,0.2512,0.7027,0.0511,0.1465,2975.0215952239387,2765.0215952239387,210.0,0.980079593657187,0,0,42
0,1771615067.0659006,642.1,156,0.3157,0.5725,0.0069,0.1746,46.5748,57.2483,17.463,0.0,0.0,0.0,6.94,4.12,2.82,None,0.00012803077697753906,5.816,True,None,sfc_unique_p1_32,0,None,123.63,25.32,363.0,90,42,4,9,0,False,100.0,12.835238095238097,6.761428571428572,5.5,0.2512,0.7027,0.0511,0.1465,2975.0215952239387,2765.0215952239387,210.0,0.980079593657187,0,0,42
0,1771615067.1036491,642.1,157,0.3243,0.5725,0.0128,0.1746,48.5334,57.2483,17.463,0.0,0.0,0.0,5.45,3.05,2.39,None,0.04450798034667969,5.919,True,None,sfc_cache_p2_32,0,None,131.96,25.32,396.0,94,44,4,9,0,False,100.0,12.767045454545455,6.454090909090909,5.25,0.2433,0.7027,0.05,0.1618,2991.1590352487024,2771.1590352487024,220.0,0.9794017252861917,0,0,44
0,1771615067.1049228,642.1,157,0.3243,0.5725,0.0128,0.1746,48.5334,57.2483,17.463,0.0,0.0,0.0,6.94,4.12,2.82,None,0.04450798034667969,5.813,True,None,sfc_unique_p2_32,0,None,131.96,25.32,396.0,94,44,4,9,0,False,100.0,12.767045454545455,6.454090909090909,5.25,0.2433,0.7027,0.05,0.1618,2991.1590352487024,2771.1590352487024,220.0,0.9794017252861917,0,0,44
0,1771615067.143018,642.2,158,0.3314,0.5725,0.0187,0.1746,50.492,57.2483,17.463,0.0,0.0,0.0,5.45,3.05,2.39,None,0.08352875709533691,5.966,True,None,sfc_cache_p3_32,0,None,140.29,25.32,429.0,98,46,4,9,0,False,100.0,12.704782608695652,6.173478260869565,5.021739130434782,0.2339,0.7027,0.049,0.1743,3001.1590352487024,2771.1590352487024,230.0,0.9786121373095186,0,0,46
0,1771615067.1442237,642.2,158,0.3314,0.5725,0.0187,0.1746,50.492,57.2483,17.463,0.0,0.0,0.0,6.94,4.12,2.82,None,0.08352875709533691,5.686,True,None,sfc_unique_p3_32,0,None,140.29,25.32,429.0,98,46,4,9,0,False,100.0,12.704782608695652,6.173478260869565,5.021739130434782,0.2339,0.7027,0.049,0.1743,3001.1590352487024,2771.1590352487024,230.0,0.9786121373095186,0,0,46
0,1771615067.181721,642.2,159,0.3382,0.5725,0.0281,0.1746,52.4506,57.2483,17.463,0.0,0.0,0.0,5.45,3.05,2.39,None,0.12282347679138184,5.793,True,None,sfc_cache_p4_32,0,None,148.62,25.32,462.0,102,48,4,9,0,False,100.0,12.647708333333334,5.916250000000001,4.8125,0.2283,0.7027,0.0479,0.189,3021.4642511595525,2781.4642511595525,240.0,0.9776358819743081,0,0,48
0,1771615067.182922,642.2,159,0.3382,0.5725,0.0281,0.1746,52.4506,57.2483,17.463,0.0,0.0,0.0,6.87,3.66,3.21,None,0.12282347679138184,5.779,True,None,sfc_unique_p4_32,0,None,148.62,25.32,462.0,102,48,4,9,0,False,100.0,12.647708333333334,5.916250000000001,4.8125,0.2283,0.7027,0.0479,0.189,3021.4642511595525,2781.4642511595525,240.0,0.9776358819743081,0,0,48
0,1771615087.1026404,662.1,161,0.3113,0.4421,0.014,0.1247,46.2586,44.2113,12.4735,0.0,0.0,0.0,2.93,1.15,1.79,None,0.00013709068298339844,6.225,True,None,sfc_cache_p1_33,0,None,148.62,12.99,396.0,91,42,4,9,0,False,100.0,12.748095238095237,5.221666666666667,3.9285714285714284,0.2336,0.5939,0.0178,0.2024,2875.336283203644,2665.336283203644,210.0,0.9763620202623816,0,1,41
0,1771615087.103816,662.1,161,0.3113,0.4421,0.014,0.1247,46.2586,44.2113,12.4735,0.0,0.0,0.0,4.56,1.8,2.76,None,0.00013709068298339844,5.943,True,None,sfc_unique_p1_33,0,None,148.62,12.99,396.0,91,42,4,9,0,False,100.0,12.748095238095237,5.221666666666667,3.9285714285714284,0.2336,0.5939,0.0178,0.2024,2875.336283203644,2665.336283203644,210.0,0.9763620202623816,0,1,41
0,1771615087.141755,662.2,162,0.3196,0.4596,0.0254,0.1497,48.1878,45.9591,14.9682,0.0,0.0,0.0,3.46,1.67,1.79,None,0.03824949264526367,6.278,True,None,sfc_cache_p2_33,0,None,148.62,12.99,396.0,93,44,4,9,0,False,100.0,12.676136363636363,5.181363636363636,4.5,0.2302,0.6177,0.0216,0.2147,2913.392621231813,2693.392621231813,220.0,0.9751097103706208,0,1,43
0,1771615087.1429527,662.2,162,0.3196,0.4596,0.0254,0.1497,48.1878,45.9591,14.9682,0.0,0.0,0.0,3.97,1.75,2.22,None,0.03824949264526367,6.283,True,None,sfc_unique_p2_33,0,None,148.62,12.99,396.0,93,44,4,9,0,False,100.0,12.676136363636363,5.181363636363636,4.5,0.2302,0.6177,0.0216,0.2147,2913.392621231813,2693.392621231813,220.0,0.9751097103706208,0,1,43
0,1771615087.1806822,662.2,163,0.3219,0.4811,0.0386,0.1497,49.2246,48.1101,14.9682,0.0,0.0,0.0,3.47,1.3,2.17,None,0.07738733291625977,6.387,True,None,sfc_cache_p3_33,0,None,156.95,12.99,429.0,97,46,4,9,0,False,100.0,12.38586956521739,5.1880434782608695,4.304347826086956,0.2244,0.6348,0.0212,0.221,2943.172841012033,2713.172841012033,230.0,0.9738721484397079,0,1,45
0,1771615087.1818836,662.2,163,0.3219,0.4811,0.0386,0.1497,49.2246,48.1101,14.9682,0.0,0.0,0.0,4.02,1.79,2.22,None,0.07738733291625977,5.866,True,None,sfc_unique_p3_33,0,None,156.95,12.99,429.0,97,46,4,9,0,False,100.0,12.38586956521739,5.1880434782608695,4.304347826086956,0.2244,0.6348,0.0212,0.221,2943.172841012033,2713.172841012033,230.0,0.9738721484397079,0,1,45
0,1771615087.3337643,662.4,164,0.3262,0.4992,0.0499,0.1497,50.4056,49.9244,14.9682,0.0,0.0,0.0,3.46,1.67,1.79,None,0.11633038520812988,6.484,True,None,sfc_cache_p4_33,0,None,165.28,12.99,462.0,101,48,4,9,0,False,100.0,12.154583333333333,5.159375,4.125,0.2182,0.6485,0.0207,0.221,2977.8981157373078,2737.8981157373078,240.0,0.9725369112348426,0,1,47
0,1771615087.3350122,662.4,164,0.3262,0.4992,0.0499,0.1497,50.4056,49.9244,14.9682,0.0,0.0,0.0,4.02,1.79,2.22,None,0.11633038520812988,5.949,True,None,sfc_unique_p4_33,0,None,165.28,12.99,462.0,101,48,4,9,0,False,100.0,12.154583333333333,5.159375,4.125,0.2182,0.6485,0.0207,0.221,2977.8981157373078,2737.8981157373078,240.0,0.9725369112348426,0,1,47
0,1771615109.1430795,684.2,166,0.207,0.3904,0.0065,0.0499,28.746,39.0445,4.9894,0.0,0.0,0.0,1.43,0.22,1.21,None,0.00012946128845214844,6.278,True,None,sfc_cache_p1_34,0,None,128.61999999999998,8.66,231.0,80,34,4,8,0,False,100.0,9.785882352941178,5.696470588235294,1.9411764705882353,0.1849,0.6387,0.0067,0.1612,2708.6299105549365,2538.6299105549365,170.0,0.9809318554597178,0,0,34
0,1771615109.143945,684.2,166,0.207,0.3904,0.0065,0.0499,28.746,39.0445,4.9894,0.0,0.0,0.0,3.79,2.15,1.64,None,0.00012946128845214844,5.751,True,None,sfc_unique_p1_34,0,None,128.61999999999998,8.66,231.0,80,34,4,8,0,False,100.0,9.785882352941178,5.696470588235294,1.9411764705882353,0.1849,0.6387,0.0067,0.1612,2708.6299105549365,2538.6299105549365,170.0,0.9809318554597178,0,0,34
0,1771615109.1776552,684.2,167,0.2154,0.412,0.017,0.0748,30.5024,41.1954,7.4841,0.0,0.0,0.0,3.77,2.56,1.21,None,0.035475730895996094,5.878,True,None,sfc_cache_p2_34,0,None,128.62,8.66,231.0,82,36,4,8,0,False,100.0,9.806944444444445,5.676388888888889,2.75,0.1709,0.6455,0.0096,0.1858,2736.1813731768216,2556.1813731768216,180.0,0.9785798323812293,0,0,36
0,1771615109.1785145,684.2,167,0.2154,0.412,0.017,0.0748,30.5024,41.1954,7.4841,0.0,0.0,0.0,5.21,3.19,2.02,None,0.035475730895996094,5.83,True,None,sfc_unique_p2_34,0,None,128.62,8.66,231.0,82,36,4,8,0,False,100.0,9.806944444444445,5.676388888888889,2.75,0.1709,0.6455,0.0096,0.1858,2736.1813731768216,2556.1813731768216,180.0,0.9785798323812293,0,0,36
0,1771615109.212121,684.3,168,0.2196,0.4328,0.0291,0.0748,31.5677,43.2799,7.4841,0.0,0.0,0.0,2.85,1.64,1.21,None,0.0700376033782959,5.851,True,None,sfc_cache_p3_34,0,None,136.95,8.66,264.0,86,38,4,8,0,False,100.0,9.615263157894736,5.649736842105263,2.6052631578947367,0.1605,0.6451,0.0093,0.1986,2763.089282169238,2573.089282169238,190.0,0.9766835883234729,0,0,38
0,1771615109.2129936,684.3,168,0.2196,0.4328,0.0291,0.0748,31.5677,43.2799,7.4841,0.0,0.0,0.0,5.15,3.13,2.02,None,0.0700376033782959,5.823,True,None,sfc_unique_p3_34,0,None,136.95,8.66,264.0,86,38,4,8,0,False,100.0,9.615263157894736,5.649736842105263,2.6052631578947367,0.1605,0.6451,0.0093,0.1986,2763.089282169238,2573.089282169238,190.0,0.9766835883234729,0,0,38
0,1771615109.2468681,684.3,169,0.2289,0.4328,0.036,0.0748,33.5263,43.2799,7.4841,0.0,0.0,0.0,4.26,3.05,1.21,None,0.10448670387268066,5.793,True,None,sfc_cache_p4_34,0,None,145.28,8.66,297.0,90,40,4,8,0,False,100.0,9.70125,5.36725,2.475,0.1501,0.6451,0.0091,0.2014,2780.6113375786167,2580.6113375786167,200.0,0.9752801554642108,0,0,40
0,1771615109.2478464,684.3,169,0.2289,0.4328,0.036,0.0748,33.5263,43.2799,7.4841,0.0,0.0,0.0,5.92,3.9,2.02,None,0.10448670387268066,5.972,True,None,sfc_unique_p4_34,0,None,145.28,8.66,297.0,90,40,4,8,0,False,100.0,9.70125,5.36725,2.475,0.1501,0.6451,0.0091,0.2014,2780.6113375786167,2580.6113375786167,200.0,0.9752801554642108,0,0,40
0,1771615129.1866157,704.2,171,0.2425,0.4678,0.0474,0.0998,36.0318,46.7755,9.9788,0.0,0.0,0.0,2.88,1.67,1.21,None,0.00011730194091796875,10.576,True,None,sfc_cache_p1_35,0,None,145.28,8.66,297.0,91,42,4,9,0,False,100.0,9.929761904761905,5.524523809523809,3.142857142857143,0.143,0.6564,0.012,0.2071,2816.1312261407593,2606.1312261407593,210.0,0.9742041454507696,0,0,42
0,1771615129.1876814,704.2,171,0.2425,0.4678,0.0474,0.0998,36.0318,46.7755,9.9788,0.0,0.0,0.0,3.39,1.75,1.64,None,0.00011730194091796875,6.189,True,None,sfc_unique_p1_35,0,None,145.28,8.66,297.0,91,42,4,9,0,False,100.0,9.929761904761905,5.524523809523809,3.142857142857143,0.143,0.6564,0.012,0.2071,2816.1312261407593,2606.1312261407593,210.0,0.9742041454507696,0,0,42
0,1771615129.222655,704.3,172,0.247,0.4852,0.0588,0.0998,37.2413,48.5233,9.9788,0.0,0.0,0.0,2.88,1.67,1.21,None,0.0485379695892334,6.041,True,None,sfc_cache_p2_35,0,None,153.61,8.66,330.0,95,44,4,9,0,False,100.0,9.79659090909091,5.470454545454545,3.0,0.1367,0.6492,0.0117,0.2042,2826.1312261407593,2606.1312261407593,220.0,0.9722396251721658,0,0,44
0,1771615129.223662,704.3,172,0.247,0.4852,0.0588,0.0998,37.2413,48.5233,9.9788,0.0,0.0,0.0,3.39,1.75,1.64,None,0.0485379695892334,5.902,True,None,sfc_unique_p2_35,0,None,153.61,8.66,330.0,95,44,4,9,0,False,100.0,9.79659090909091,5.470454545454545,3.0,0.1367,0.6492,0.0117,0.2042,2826.1312261407593,2606.1312261407593,220.0,0.9722396251721658,0,0,44
0,1771615129.260205,704.3,173,0.2493,0.5135,0.0758,0.0998,37.9904,51.3456,9.9788,0.0,0.0,0.0,2.5,1.3,1.21,None,0.08451533317565918,6.454,True,None,sfc_cache_p3_35,0,None,161.94,8.66,363.0,99,46,4,9,0,False,100.0,9.55913043478261,5.53695652173913,2.869565217391304,0.1314,0.6439,0.0115,0.197,2842.5312261407594,2612.5312261407594,230.0,0.9693105079018849,0,1,45
0,1771615129.2612743,704.3,173,0.2493,0.5135,0.0758,0.0998,37.9904,51.3456,9.9788,0.0,0.0,0.0,3.23,1.05,2.18,None,0.08451533317565918,6.148,True,None,sfc_unique_p3_35,0,None,161.94,8.66,363.0,99,46,4,9,0,False,100.0,9.55913043478261,5.53695652173913,2.869565217391304,0.1314,0.6439,0.0115,0.197,2842.5312261407594,2612.5312261407594,230.0,0.9693105079018849,0,1,45
0,1771615129.2967806,704.3,174,0.2598,0.5222,0.086,0.1247,40.2946,52.2185,12.4735,0.0,0.0,0.0,3.52,1.77,1.74,None,0.12215590476989746,6.253,True,None,sfc_cache_p4_35,0,None,161.94,8.66,363.0,101,48,4,9,0,False,100.0,9.716458333333334,5.3964583333333325,3.4375,0.1432,0.6388,0.0232,0.1944,2873.703797569331,2633.703797569331,240.0,0.965810728559648,0,3,45
0,1771615129.2978024,704.3,174,0.2598,0.5222,0.086,0.1247,40.2946,52.2185,12.4735,0.0,0.0,0.0,5.24,3.99,1.25,None,0.12215590476989746,5.892,True,None,sfc_unique_p4_35,0,None,161.94,8.66,363.0,101,48,4,9,0,False,100.0,9.716458333333334,5.3964583333333325,3.4375,0.1432,0.6388,0.0232,0.1944,2873.703797569331,2633.703797569331,240.0,0.965810728559648,0,3,45
0,1771615142.2172291,717.3,176,0.3209,0.6425,0.0968,0.1497,50.2873,64.2476,14.9682,0.0,0.0,0.0,4.15,2.4,1.74,None,0.00017023086547851562,6.362,True,None,sfc_cache_p1_36,0,None,165.94,8.66,396.0,108,50,4,11,0,False,100.0,11.640999999999998,6.374,3.96,0.1818,0.7467,0.0275,0.1881,3022.4144832405077,2772.4144832405077,250.0,0.9718403410574571,1,1,48
0,1771615142.2185326,717.3,176,0.3209,0.6425,0.0968,0.1497,50.2873,64.2476,14.9682,0.0,0.0,0.0,3.99,2.74,1.25,None,0.00017023086547851562,6.368,True,None,sfc_unique_p1_36,0,None,165.94,8.66,396.0,108,50,4,11,0,False,100.0,11.640999999999998,6.374,3.96,0.1818,0.7467,0.0275,0.1881,3022.4144832405077,2772.4144832405077,250.0,0.9718403410574571,1,1,48
0,1771615142.2578113,717.3,177,0.3289,0.6425,0.1147,0.1497,52.2459,64.2476,14.9682,0.0,0.0,0.0,3.48,2.66,0.82,None,0.0438232421875,6.271,True,None,sfc_cache_p2_36,0,None,174.27,8.66,429.0,111,52,4,11,0,False,100.0,11.62923076923077,6.128846153846154,3.8076923076923075,0.1879,0.7467,0.027,0.2143,3045.053149493994,2785.053149493994,260.0,0.9652055845256148,2,2,48
0,1771615142.2591221,717.3,177,0.3289,0.6425,0.1147,0.1497,52.2459,64.2476,14.9682,0.0,0.0,0.0,11.94,7.96,3.98,None,0.0438232421875,5.906,True,None,sfc_unique_p2_36,0,None,174.27,8.66,429.0,111,52,4,11,0,False,100.0,11.62923076923077,6.128846153846154,3.8076923076923075,0.1879,0.7467,0.027,0.2143,3045.053149493994,2785.053149493994,260.0,0.9652055845256148,2,2,48
0,1771615142.298024,717.3,178,0.3423,0.6425,0.1317,0.1746,54.9242,64.2476,17.463,0.0,0.0,0.0,5.42,4.51,0.9,None,0.08431625366210938,6.136,True,None,sfc_cache_p3_36,0,None,174.27,8.66,429.0,113,54,4,11,0,False,100.0,11.772592592592593,5.901851851851852,4.277777777777778,0.2005,0.7467,0.0367,0.2155,3074.83181574748,2804.83181574748,270.0,0.9583211848212966,5,1,48
0,1771615142.2993295,717.3,178,0.3423,0.6425,0.1317,0.1746,54.9242,64.2476,17.463,0.0,0.0,0.0,10.13,7.63,2.5,None,0.08431625366210938,5.85,True,None,sfc_unique_p3_36,0,None,174.27,8.66,429.0,113,54,4,11,0,False,100.0,11.772592592592593,5.901851851851852,4.277777777777778,0.2005,0.7467,0.0367,0.2155,3074.83181574748,2804.83181574748,270.0,0.9583211848212966,5,1,48
0,1771615142.3384328,717.4,179,0.3441,0.6727,0.1572,0.1746,55.9609,67.2714,17.463,0.0,0.0,0.0,3.74,0.92,2.82,None,0.12452077865600586,6.231,True,None,sfc_cache_p4_36,0,None,178.27,8.66,462.0,115,56,4,11,0,False,100.0,11.566428571428572,5.958928571428571,4.125,0.198,0.7735,0.036,0.2303,3104.3324840818645,2824.3324840818645,280.0,0.9518871813567494,6,2,48
0,1771615142.339772,717.4,179,0.3441,0.6727,0.1572,0.1746,55.9609,67.2714,17.463,0.0,0.0,0.0,9.4,5.74,3.67,None,0.12452077865600586,5.924,True,None,sfc_unique_p4_36,0,None,178.27,8.66,462.0,115,56,4,11,0,False,100.0,11.566428571428572,5.958928571428571,4.125,0.198,0.7735,0.036,0.2303,3104.3324840818645,2824.3324840818645,280.0,0.9518871813567494,6,2,48
0,1771615168.2724104,743.3,181,0.3022,0.504,0.01,0.0499,44.4123,50.4042,4.9894,0.0,0.0,0.0,3.89,1.64,2.25,None,0.0001163482666015625,10.381,True,None,sfc_cache_p1_37,0,None,174.26999999999998,8.66,429.0,102,42,4,8,0,False,100.0,12.239285714285714,5.953095238095238,1.5714285714285714,0.2245,0.7217,0.0027,0.1719,2898.5900787713094,2688.5900787713094,210.0,0.9800127771615638,0,0,42
0,1771615168.2744474,743.3,181,0.3022,0.504,0.01,0.0499,44.4123,50.4042,4.9894,0.0,0.0,0.0,3.97,1.28,2.68,None,0.0001163482666015625,9.923,True,None,sfc_unique_p1_37,0,None,174.26999999999998,8.66,429.0,102,42,4,8,0,False,100.0,12.239285714285714,5.953095238095238,1.5714285714285714,0.2245,0.7217,0.0027,0.1719,2898.5900787713094,2688.5900787713094,210.0,0.9800127771615638,0,0,42
0,1771615168.5413327,743.6,182,0.3057,0.5222,0.0208,0.0499,45.5933,52.2185,4.9894,0.0,0.0,0.0,3.89,1.64,2.25,None,0.06387782096862793,10.336,True,None,sfc_cache_p2_37,0,None,178.27,12.99,462.0,106,44,4,8,0,False,100.0,11.993636363636364,5.887045454545454,1.5,0.2157,0.7087,0.0026,0.1894,2908.5900787713094,2688.5900787713094,220.0,0.9776612023556986,0,0,44
0,1771615168.5435245,743.6,182,0.3057,0.5222,0.0208,0.0499,45.5933,52.2185,4.9894,0.0,0.0,0.0,4.72,2.03,2.68,None,0.06387782096862793,10.891,True,None,sfc_unique_p2_37,0,None,178.27,12.99,462.0,106,44,4,8,0,False,100.0,11.993636363636364,5.887045454545454,1.5,0.2157,0.7087,0.0026,0.1894,2908.5900787713094,2688.5900787713094,220.0,0.9776612023556986,0,0,44
0,1771615168.6100457,743.7,183,0.3179,0.5222,0.0321,0.0748,48.2716,52.2185,7.4841,0.0,0.0,0.0,5.17,2.38,2.79,None,0.33306145668029785,10.848,True,None,sfc_cache_p3_37,0,None,178.27,12.99,462.0,108,46,4,8,0,False,100.0,12.14608695652174,5.631086956521739,2.152173913043478,0.2053,0.7087,0.0097,0.208,2918.5900787713094,2688.5900787713094,230.0,0.9740531352226137,0,1,45
0,1771615168.6122627,743.7,183,0.3179,0.5222,0.0321,0.0748,48.2716,52.2185,7.4841,0.0,0.0,0.0,5.18,2.5,2.68,None,0.33306145668029785,10.561,True,None,sfc_unique_p3_37,0,None,178.27,12.99,462.0,108,46,4,8,0,False,100.0,12.14608695652174,5.631086956521739,2.152173913043478,0.2053,0.7087,0.0097,0.208,2918.5900787713094,2688.5900787713094,230.0,0.9740531352226137,0,1,45
0,1771615168.676271,743.7,184,0.3278,0.5289,0.0558,0.0998,50.6622,52.8898,9.9788,0.0,0.0,0.0,6.24,3.07,3.17,None,0.401792049407959,10.41,True,None,sfc_cache_p4_37,0,None,178.27,12.99,462.0,109,48,4,8,0,False,100.0,12.216458333333334,5.465833333333333,2.75,0.2013,0.7029,0.0211,0.241,2937.4316822382652,2697.4316822382652,240.0,0.9680545741857899,2,1,45
0,1771615168.6784506,743.7,184,0.3278,0.5289,0.0558,0.0998,50.6622,52.8898,9.9788,0.0,0.0,0.0,7.4,3.18,4.22,None,0.401792049407959,10.298,True,None,sfc_unique_p4_37,0,None,178.27,12.99,462.0,109,48,4,8,0,False,100.0,12.216458333333334,5.465833333333333,2.75,0.2013,0.7029,0.0211,0.241,2937.4316822382652,2697.4316822382652,240.0,0.9680545741857899,2,1,45
0,1771615185.3086054,760.4,186,0.3645,0.5638,0.0705,0.1996,56.9122,56.3834,19.9577,0.0,0.0,0.0,3.66,2.59,1.07,None,0.0001304149627685547,10.616,True,None,sfc_cache_p1_38,0,None,182.27,12.99,495.0,111,50,4,10,0,False,100.0,13.1746,5.5938,5.28,0.214,0.7296,0.0463,0.2467,3014.028080194163,2764.028080194163,250.0,0.9751511635763628,0,1,49
0,1771615185.3109477,760.4,186,0.3645,0.5638,0.0705,0.1996,56.9122,56.3834,19.9577,0.0,0.0,0.0,5.72,2.67,3.05,None,0.0001304149627685547,10.249,True,None,sfc_unique_p1_38,0,None,182.27,12.99,495.0,111,50,4,10,0,False,100.0,13.1746,5.5938,5.28,0.214,0.7296,0.0463,0.2467,3014.028080194163,2764.028080194163,250.0,0.9751511635763628,0,1,49
0,1771615185.3766038,760.4,187,0.3713,0.5705,0.0918,0.1996,58.5831,57.0547,19.9577,0.0,0.0,0.0,3.66,2.59,1.07,None,0.06992959976196289,10.194,True,None,sfc_cache_p2_38,0,None,190.6,12.99,528.0,114,52,4,10,0,False,100.0,13.039807692307694,5.442692307692307,5.076923076923077,0.2092,0.7394,0.0454,0.2547,3031.3742427077063,2771.3742427077063,260.0,0.9739634617292304,0,2,50
0,1771615185.378855,760.4,187,0.3713,0.5705,0.0918,0.1996,58.5831,57.0547,19.9577,0.0,0.0,0.0,7.03,2.49,4.54,None,0.06992959976196289,10.301,True,None,sfc_unique_p2_38,0,None,190.6,12.99,528.0,114,52,4,10,0,False,100.0,13.039807692307694,5.442692307692307,5.076923076923077,0.2092,0.7394,0.0454,0.2547,3031.3742427077063,2771.3742427077063,260.0,0.9739634617292304,0,2,50
0,1771615185.4455023,760.5,188,0.3789,0.5739,0.1121,0.1996,60.3974,57.3914,19.9577,0.0,0.0,0.0,4.83,2.22,2.62,None,0.13782382011413574,10.386,True,None,sfc_cache_p3_38,0,None,198.93,12.99,561.0,117,54,4,10,0,False,100.0,12.945740740740742,5.272037037037037,4.888888888888889,0.2084,0.7356,0.0445,0.2496,3053.4908141362775,2783.4908141362775,270.0,0.9694915679254072,1,3,50
0,1771615185.448031,760.5,188,0.3789,0.5739,0.1121,0.1996,60.3974,57.3914,19.9577,0.0,0.0,0.0,7.86,5.44,2.43,None,0.13782382011413574,10.451,True,None,sfc_unique_p3_38,0,None,198.93,12.99,561.0,117,54,4,10,0,False,100.0,12.945740740740742,5.272037037037037,4.888888888888889,0.2084,0.7356,0.0445,0.2496,3053.4908141362775,2783.4908141362775,270.0,0.9694915679254072,1,3,50
0,1771615185.5171714,760.6,189,0.3846,0.5927,0.1367,0.1996,61.9241,59.2723,19.9577,0.0,0.0,0.0,4.86,1.86,3.0,None,0.20694804191589355,10.625,True,None,sfc_cache_p4_38,0,None,202.93,12.99,594.0,120,56,4,10,0,False,100.0,12.798928571428572,5.250357142857142,4.714285714285714,0.2029,0.7406,0.0436,0.2352,3068.1820384049665,2788.1820384049665,280.0,0.9661752192982493,1,5,50
0,1771615185.519714,760.6,189,0.3846,0.5927,0.1367,0.1996,61.9241,59.2723,19.9577,0.0,0.0,0.0,5.75,2.51,3.24,None,0.20694804191589355,10.787,True,None,sfc_unique_p4_38,0,None,202.93,12.99,594.0,120,56,4,10,0,False,100.0,12.798928571428572,5.250357142857142,4.714285714285714,0.2029,0.7406,0.0436,0.2352,3068.1820384049665,2788.1820384049665,280.0,0.9661752192982493,1,5,50
0,1771615207.3527293,782.4,191,0.3325,0.4999,0.0065,0.1497,48.3304,49.995,14.9682,0.0,0.0,0.0,2.85,2.13,0.72,None,0.0001423358917236328,10.791,True,None,sfc_cache_p1_39,0,None,161.27999999999994,12.99,429.0,98,42,4,9,0,False,100.0,13.319047619047618,5.904761904761905,4.714285714285714,0.266,0.778,0.04,0.2014,2951.8959348750604,2741.8959348750604,210.0,0.9816621883829545,0,0,42
0,1771615207.3550222,782.4,191,0.3325,0.4999,0.0065,0.1497,48.3304,49.995,14.9682,0.0,0.0,0.0,4.34,3.19,1.15,None,0.0001423358917236328,10.602,True,None,sfc_unique_p1_39,0,None,161.27999999999994,12.99,429.0,98,42,4,9,0,False,100.0,13.319047619047618,5.904761904761905,4.714285714285714,0.266,0.778,0.04,0.2014,2951.8959348750604,2741.8959348750604,210.0,0.9816621883829545,0,0,42
0,1771615207.4247496,782.5,192,0.3397,0.4999,0.0091,0.1497,50.289,49.995,14.9682,0.0,0.0,0.0,3.77,3.05,0.72,None,0.07283282279968262,10.701,True,None,sfc_cache_p2_39,0,None,169.61,12.99,462.0,102,44,4,9,0,False,100.0,13.228863636363638,5.636363636363637,4.5,0.2585,0.778,0.0391,0.2063,2973.048078506077,2753.048078506077,220.0,0.9807349369538808,0,0,44
0,1771615207.4270132,782.5,192,0.3397,0.4999,0.0091,0.1497,50.289,49.995,14.9682,0.0,0.0,0.0,5.27,4.12,1.15,None,0.07283282279968262,10.396,True,None,sfc_unique_p2_39,0,None,169.61,12.99,462.0,102,44,4,9,0,False,100.0,13.228863636363638,5.636363636363637,4.5,0.2585,0.778,0.0391,0.2063,2973.048078506077,2753.048078506077,220.0,0.9807349369538808,0,0,44
0,1771615207.4965925,782.5,193,0.3478,0.4999,0.0129,0.1497,52.2476,49.995,14.9682,0.0,0.0,0.0,3.77,3.05,0.72,None,0.14486956596374512,10.862,True,None,sfc_cache_p3_39,0,None,177.94,12.99,495.0,106,46,4,9,0,False,100.0,13.146521739130435,5.391304347826087,4.304347826086956,0.2493,0.778,0.0383,0.2095,2983.048078506077,2753.048078506077,230.0,0.9793113986653984,0,0,46
0,1771615207.4989886,782.5,193,0.3478,0.4999,0.0129,0.1497,52.2476,49.995,14.9682,0.0,0.0,0.0,4.34,3.19,1.15,None,0.14486956596374512,10.437,True,None,sfc_unique_p3_39,0,None,177.94,12.99,495.0,106,46,4,9,0,False,100.0,13.146521739130435,5.391304347826087,4.304347826086956,0.2493,0.778,0.0383,0.2095,2983.048078506077,2753.048078506077,230.0,0.9793113986653984,0,0,46
0,1771615207.568223,782.6,194,0.3557,0.4999,0.0181,0.1497,54.2062,49.995,14.9682,0.0,0.0,0.0,3.77,3.05,0.72,None,0.21687579154968262,10.564,True,None,sfc_cache_p4_39,0,None,186.27,12.99,528.0,110,48,4,9,0,False,100.0,13.071041666666666,5.166666666666667,4.125,0.2414,0.778,0.0375,0.2179,3000.5701339154566,2760.5701339154566,240.0,0.9781831391672653,0,0,48
0,1771615207.570589,782.6,194,0.3557,0.4999,0.0181,0.1497,54.2062,49.995,14.9682,0.0,0.0,0.0,5.43,3.9,1.53,None,0.21687579154968262,10.443,True,None,sfc_unique_p4_39,0,None,186.27,12.99,528.0,110,48,4,9,0,False,100.0,13.071041666666666,5.166666666666667,4.125,0.2414,0.778,0.0375,0.2179,3000.5701339154566,2760.5701339154566,240.0,0.9781831391672653,0,0,48
0,1771615230.3986886,805.4,196,0.3354,0.4643,0.0058,0.1497,48.3891,46.4308,14.9682,0.0,0.0,0.0,2.52,1.64,0.88,None,0.0001556873321533203,10.937,True,None,sfc_cache_p1_40,0,None,169.60999999999999,12.99,462.0,100,42,4,10,0,False,100.0,13.335238095238097,5.483809523809524,4.714285714285714,0.2698,0.7735,0.0302,0.2009,2939.620690176097,2729.620690176097,210.0,0.9818229809937952,0,0,42
0,1771615230.4009297,805.4,196,0.3354,0.4643,0.0058,0.1497,48.3891,46.4308,14.9682,0.0,0.0,0.0,1.61,0.3,1.32,None,0.0001556873321533203,10.515,True,None,sfc_unique_p1_40,0,None,169.60999999999999,12.99,462.0,100,42,4,10,0,False,100.0,13.335238095238097,5.483809523809524,4.714285714285714,0.2698,0.7735,0.0302,0.2009,2939.620690176097,2729.620690176097,210.0,0.9818229809937952,0,0,42
0,1771615230.4693596,805.5,197,0.3464,0.4643,0.0136,0.1497,50.7218,46.4308,14.9682,0.0,0.0,0.0,3.01,2.13,0.88,None,0.07262015342712402,10.562,True,None,sfc_cache_p2_40,0,None,173.61,12.99,495.0,103,44,4,10,0,False,100.0,13.342727272727274,5.234545454545454,4.5,0.2622,0.7735,0.0295,0.2151,2960.4803094300823,2740.4803094300823,220.0,0.9797663588833271,0,0,44
0,1771615230.471619,805.5,197,0.3464,0.4643,0.0136,0.1497,50.7218,46.4308,14.9682,0.0,0.0,0.0,4.67,2.97,1.7,None,0.07262015342712402,10.362,True,None,sfc_unique_p2_40,0,None,173.61,12.99,495.0,103,44,4,10,0,False,100.0,13.342727272727274,5.234545454545454,4.5,0.2622,0.7735,0.0295,0.2151,2960.4803094300823,2740.4803094300823,220.0,0.9797663588833271,0,0,44
0,1771615230.5402732,805.6,198,0.3532,0.4643,0.0192,0.1497,52.6805,46.4308,14.9682,0.0,0.0,0.0,2.9,2.01,0.88,None,0.14328575134277344,10.705,True,None,sfc_cache_p3_40,0,None,181.94,12.99,528.0,107,46,4,10,0,False,100.0,13.255434782608695,5.00695652173913,4.304347826086956,0.2527,0.7735,0.0289,0.2218,2971.87606860049,2741.87606860049,230.0,0.9775958465642135,0,0,46
0,1771615230.542652,805.6,198,0.3532,0.4643,0.0192,0.1497,52.6805,46.4308,14.9682,0.0,0.0,0.0,4.51,3.19,1.32,None,0.14328575134277344,10.417,True,None,sfc_unique_p3_40,0,None,181.94,12.99,528.0,107,46,4,10,0,False,100.0,13.255434782608695,5.00695652173913,4.304347826086956,0.2527,0.7735,0.0289,0.2218,2971.87606860049,2741.87606860049,230.0,0.9775958465642135,0,0,46
0,1771615230.614296,805.7,199,0.3605,0.471,0.0275,0.1497,54.3514,47.1021,14.9682,0.0,0.0,0.0,2.9,2.01,0.88,None,0.21439361572265625,10.839,True,None,sfc_cache_p4_40,0,None,190.27,12.99,561.0,111,48,4,10,0,False,100.0,13.106041666666668,4.867708333333334,4.125,0.243,0.7787,0.0283,0.2269,2989.765868940994,2749.765868940994,240.0,0.9751938440787229,0,0,48
0,1771615230.6165879,805.7,199,0.3605,0.471,0.0275,0.1497,54.3514,47.1021,14.9682,0.0,0.0,0.0,3.52,2.2,1.32,None,0.21439361572265625,10.729,True,None,sfc_unique_p4_40,0,None,190.27,12.99,561.0,111,48,4,10,0,False,100.0,13.106041666666668,4.867708333333334,4.125,0.243,0.7787,0.0283,0.2269,2989.765868940994,2749.765868940994,240.0,0.9751938440787229,0,0,48
0,1771615254.437643,829.5,201,0.3783,0.3433,0.0122,0.1996,54.3808,34.3332,19.9577,0.0,0.0,0.0,3.36,1.67,1.68,None,0.00013875961303710938,10.836,True,None,sfc_cache_p1_41,0,None,177.93999999999997,12.99,495.0,100,42,4,11,0,False,100.0,14.98642857142857,4.055,6.285714285714286,0.253,0.5515,0.0697,0.2354,2849.692221175543,2639.692221175543,210.0,0.9769788560175291,0,0,42
0,1771615254.4397635,829.5,201,0.3783,0.3433,0.0122,0.1996,54.3808,34.3332,19.9577,0.0,0.0,0.0,3.86,1.75,2.11,None,0.00013875961303710938,10.334,True,None,sfc_unique_p1_41,0,None,177.93999999999997,12.99,495.0,100,42,4,11,0,False,100.0,14.98642857142857,4.055,6.285714285714286,0.253,0.5515,0.0697,0.2354,2849.692221175543,2639.692221175543,210.0,0.9769788560175291,0,0,42
0,1771615254.685935,829.7,202,0.3862,0.3433,0.0233,0.1996,56.3394,34.3332,19.9577,0.0,0.0,0.0,3.61,1.93,1.68,None,0.07035994529724121,10.672,True,None,sfc_cache_p2_41,0,None,186.27,12.99,528.0,104,44,4,11,0,False,100.0,14.820454545454545,3.870681818181818,6.0,0.2476,0.5515,0.0682,0.2512,2877.3744945078447,2657.3744945078447,220.0,0.9745897241957396,0,1,43
0,1771615254.6881,829.7,202,0.3862,0.3433,0.0233,0.1996,56.3394,34.3332,19.9577,0.0,0.0,0.0,4.61,2.5,2.11,None,0.07035994529724121,10.35,True,None,sfc_unique_p2_41,0,None,186.27,12.99,528.0,104,44,4,11,0,False,100.0,14.820454545454545,3.870681818181818,6.0,0.2476,0.5515,0.0682,0.2512,2877.3744945078447,2657.3744945078447,220.0,0.9745897241957396,0,1,43
0,1771615254.7561789,829.8,203,0.3899,0.3702,0.0377,0.1996,57.5204,37.0205,19.9577,0.0,0.0,0.0,2.98,1.3,1.68,None,0.31872034072875977,10.49,True,None,sfc_cache_p3_41,0,None,190.27,12.99,561.0,107,46,4,11,0,False,100.0,14.473260869565218,3.992173913043478,5.739130434782608,0.2408,0.59,0.0667,0.2562,2901.816531344248,2671.816531344248,230.0,0.9730227722697159,0,1,45
0,1771615254.758406,829.8,203,0.3899,0.3702,0.0377,0.1996,57.5204,37.0205,19.9577,0.0,0.0,0.0,3.91,1.79,2.11,None,0.31872034072875977,10.291,True,None,sfc_unique_p3_41,0,None,190.27,12.99,561.0,107,46,4,11,0,False,100.0,14.473260869565218,3.992173913043478,5.739130434782608,0.2408,0.59,0.0667,0.2562,2901.816531344248,2671.816531344248,230.0,0.9730227722697159,0,1,45
0,1771615254.8276565,829.9,204,0.3964,0.3736,0.0517,0.1996,59.3347,37.3571,19.9577,0.0,0.0,0.0,2.98,1.3,1.68,None,0.38902926445007324,10.561,True,None,sfc_cache_p4_41,0,None,198.6,12.99,594.0,111,48,4,11,0,False,100.0,14.307708333333332,3.860625,5.5,0.2333,0.5938,0.0653,0.2444,2913.625848787368,2673.625848787368,240.0,0.971522548010949,0,1,47
0,1771615254.8299775,829.9,204,0.3964,0.3736,0.0517,0.1996,59.3347,37.3571,19.9577,0.0,0.0,0.0,5.23,2.49,2.73,None,0.38902926445007324,10.583,True,None,sfc_unique_p4_41,0,None,198.6,12.99,594.0,111,48,4,11,0,False,100.0,14.307708333333332,3.860625,5.5,0.2333,0.5938,0.0653,0.2444,2913.625848787368,2673.625848787368,240.0,0.971522548010949,0,1,47
0,1771615270.4844933,845.5,206,0.407,0.3769,0.0659,0.2245,62.013,37.6938,22.4524,0.0,0.0,0.0,3.44,1.67,1.77,None,0.00013685226440429688,11.238,True,None,sfc_cache_p1_42,0,None,198.6,12.99,594.0,114,50,4,12,0,False,100.0,14.3554,3.7396,5.94,0.2261,0.6053,0.0701,0.2427,2926.965848787368,2676.965848787368,250.0,0.9720665485170535,0,1,49
0,1771615270.4869099,845.5,206,0.407,0.3769,0.0659,0.2245,62.013,37.6938,22.4524,0.0,0.0,0.0,6.13,3.01,3.12,None,0.00013685226440429688,10.855,True,None,sfc_unique_p1_42,0,None,198.6,12.99,594.0,114,50,4,12,0,False,100.0,14.3554,3.7396,5.94,0.2261,0.6053,0.0701,0.2427,2926.965848787368,2676.965848787368,250.0,0.9720665485170535,0,1,49
0,1771615270.7301667,845.8,207,0.4036,0.4361,0.0784,0.2495,62.1573,43.6065,24.9471,0.0,0.0,0.0,2.36,0.59,1.77,None,0.07685422897338867,10.883,True,None,sfc_cache_p2_42,0,None,198.6,12.99,594.0,116,52,4,12,0,False,100.0,13.835384615384616,4.159807692307693,6.346153846153846,0.22,0.6311,0.0846,0.2401,2986.380800033305,2726.380800033305,260.0,0.970150813122651,0,1,51
0,1771615270.732576,845.8,207,0.4036,0.4361,0.0784,0.2495,62.1573,43.6065,24.9471,0.0,0.0,0.0,2.49,0.29,2.2,None,0.07685422897338867,10.179,True,None,sfc_unique_p2_42,0,None,198.6,12.99,594.0,116,52,4,12,0,False,100.0,13.835384615384616,4.159807692307693,6.346153846153846,0.22,0.6311,0.0846,0.2401,2986.380800033305,2726.380800033305,260.0,0.970150813122651,0,1,51
0,1771615270.8019404,845.8,208,0.3976,0.4784,0.1018,0.2495,62.3016,47.8399,24.9471,0.0,0.0,0.0,2.36,0.59,1.77,None,0.32253503799438477,10.293,True,None,sfc_cache_p3_42,0,None,198.6,21.32,627.0,120,54,4,12,0,False,100.0,13.35388888888889,4.394629629629629,6.111111111111111,0.2142,0.6364,0.083,0.238,3010.7808000333052,2740.7808000333052,270.0,0.9672684482821696,0,2,52
0,1771615270.8043833,845.8,208,0.3976,0.4784,0.1018,0.2495,62.3016,47.8399,24.9471,0.0,0.0,0.0,3.48,0.36,3.12,None,0.32253503799438477,10.343,True,None,sfc_unique_p3_42,0,None,198.6,21.32,627.0,120,54,4,12,0,False,100.0,13.35388888888889,4.394629629629629,6.111111111111111,0.2142,0.6364,0.083,0.238,3010.7808000333052,2740.7808000333052,270.0,0.9672684482821696,0,2,52
0,1771615270.876996,845.9,209,0.4004,0.4885,0.1167,0.2495,63.8282,48.8479,24.9471,0.0,0.0,0.0,1.99,0.22,1.77,None,0.3943309783935547,10.833,True,None,sfc_cache_p4_42,0,None,198.6,29.65,660.0,124,56,4,12,0,False,100.0,13.192499999999999,4.326964285714285,5.892857142857143,0.2081,0.6314,0.0814,0.2337,3020.7808000333052,2740.7808000333052,280.0,0.9649473327784379,0,3,53
0,1771615270.8795414,845.9,209,0.4004,0.4885,0.1167,0.2495,63.8282,48.8479,24.9471,0.0,0.0,0.0,5.47,2.73,2.74,None,0.3943309783935547,10.763,True,None,sfc_unique_p4_42,0,None,198.6,29.65,660.0,124,56,4,12,0,False,100.0,13.192499999999999,4.326964285714285,5.892857142857143,0.2081,0.6314,0.0814,0.2337,3020.7808000333052,2740.7808000333052,280.0,0.9649473327784379,0,3,53
0,1771615288.5258832,863.6,211,0.3344,0.5113,0.0118,0.1497,51.5029,51.134,14.9682,0.0,0.0,0.0,3.66,2.03,1.64,None,0.00014543533325195312,10.625,True,None,sfc_cache_p1_43,0,None,194.6,29.65,528.0,127,50,4,12,0,False,100.0,11.9224,5.073,3.96,0.1826,0.6051,0.0508,0.1693,2953.565637741685,2703.565637741685,250.0,0.9728632450482592,1,1,48
0,1771615288.5282755,863.6,211,0.3344,0.5113,0.0118,0.1497,51.5029,51.134,14.9682,0.0,0.0,0.0,2.64,1.49,1.15,None,0.00014543533325195312,10.262,True,None,sfc_unique_p1_43,0,None,194.6,29.65,528.0,127,50,4,12,0,False,100.0,11.9224,5.073,3.96,0.1826,0.6051,0.0508,0.1693,2953.565637741685,2703.565637741685,250.0,0.9728632450482592,1,1,48
0,1771615288.7785323,863.8,212,0.3412,0.5201,0.022,0.1497,53.4615,52.0069,14.9682,0.0,0.0,0.0,3.41,1.78,1.64,None,0.07219934463500977,10.856,True,None,sfc_cache_p2_43,0,None,198.6,29.65,561.0,130,52,4,12,0,False,100.0,11.899807692307691,4.961153846153847,3.8076923076923075,0.1758,0.6005,0.0497,0.1727,2963.565637741685,2703.565637741685,260.0,0.9663044235703347,3,1,48
0,1771615288.7809536,863.8,212,0.3412,0.5201,0.022,0.1497,53.4615,52.0069,14.9682,0.0,0.0,0.0,5.14,3.99,1.15,None,0.07219934463500977,10.259,True,None,sfc_unique_p2_43,0,None,198.6,29.65,561.0,130,52,4,12,0,False,100.0,11.899807692307691,4.961153846153847,3.8076923076923075,0.1758,0.6005,0.0497,0.1727,2963.565637741685,2703.565637741685,260.0,0.9663044235703347,3,1,48
0,1771615288.8502073,863.9,213,0.3537,0.5234,0.0375,0.1746,55.9955,52.3435,17.463,0.0,0.0,0.0,6.53,4.81,1.72,None,0.32486557960510254,10.239,True,None,sfc_cache_p3_43,0,None,198.6,29.65,561.0,131,54,4,12,0,False,100.0,12.002222222222223,4.808333333333333,4.277777777777778,0.1768,0.5993,0.0551,0.1728,2980.619352027399,2710.619352027399,270.0,0.9650326575589367,3,2,49
0,1771615288.8525388,863.9,213,0.3537,0.5234,0.0375,0.1746,55.9955,52.3435,17.463,0.0,0.0,0.0,5.65,2.5,3.15,None,0.32486557960510254,10.382,True,None,sfc_unique_p3_43,0,None,198.6,29.65,561.0,131,54,4,12,0,False,100.0,12.002222222222223,4.808333333333333,4.277777777777778,0.1768,0.5993,0.0551,0.1728,2980.619352027399,2710.619352027399,270.0,0.9650326575589367,3,2,49
0,1771615288.9222658,864.0,214,0.3624,0.5322,0.0609,0.1746,57.9541,53.2164,17.463,0.0,0.0,0.0,3.25,1.53,1.72,None,0.39644765853881836,10.321,True,None,sfc_cache_p4_43,0,None,202.6,29.65,594.0,134,56,4,12,0,False,100.0,11.978392857142856,4.713928571428572,4.125,0.186,0.6088,0.0541,0.1814,3002.0637910466303,2722.0637910466303,280.0,0.960125690734965,5,2,49
0,1771615288.9247065,864.0,214,0.3624,0.5322,0.0609,0.1746,57.9541,53.2164,17.463,0.0,0.0,0.0,11.57,7.51,4.06,None,0.39644765853881836,10.255,True,None,sfc_unique_p4_43,0,None,202.6,29.65,594.0,134,56,4,12,0,False,100.0,11.978392857142856,4.713928571428572,4.125,0.186,0.6088,0.0541,0.1814,3002.0637910466303,2722.0637910466303,280.0,0.960125690734965,5,2,49
0,1771615307.5484312,882.6,216,0.2892,0.4771,0.0064,0.0748,42.1997,47.7069,7.4841,0.0,0.0,0.0,2.35,1.15,1.21,None,0.00013065338134765625,10.386,True,None,sfc_cache_p1_44,0,None,177.93999999999997,29.65,462.0,114,42,4,9,0,False,100.0,11.629523809523809,5.6345238095238095,2.357142857142857,0.1967,0.6213,0.027,0.1208,2849.8420823529536,2639.8420823529536,210.0,0.9799214535721058,0,0,42
0,1771615307.5505328,882.6,216,0.2892,0.4771,0.0064,0.0748,42.1997,47.7069,7.4841,0.0,0.0,0.0,1.94,0.3,1.64,None,0.00013065338134765625,9.985,True,None,sfc_unique_p1_44,0,None,177.93999999999997,29.65,462.0,114,42,4,9,0,False,100.0,11.629523809523809,5.6345238095238095,2.357142857142857,0.1967,0.6213,0.027,0.1208,2849.8420823529536,2639.8420823529536,210.0,0.9799214535721058,0,0,42
0,1771615307.6171389,882.7,217,0.3023,0.4838,0.0152,0.0998,44.5903,48.3782,9.9788,0.0,0.0,0.0,4.26,3.05,1.21,None,0.057826995849609375,9.966,True,None,sfc_cache_p2_44,0,None,177.94,29.65,462.0,116,44,4,9,0,False,100.0,11.729772727272728,5.454090909090909,3.0,0.1868,0.6157,0.0314,0.1435,2859.8420823529536,2639.8420823529536,220.0,0.9778220027157879,0,0,44
0,1771615307.6192367,882.7,217,0.3023,0.4838,0.0152,0.0998,44.5903,48.3782,9.9788,0.0,0.0,0.0,4.93,2.91,2.02,None,0.057826995849609375,10.077,True,None,sfc_unique_p2_44,0,None,177.94,29.65,462.0,116,44,4,9,0,False,100.0,11.729772727272728,5.454090909090909,3.0,0.1868,0.6157,0.0314,0.1435,2859.8420823529536,2639.8420823529536,220.0,0.9778220027157879,0,0,44
0,1771615307.6874697,882.7,218,0.3099,0.4838,0.0245,0.0998,46.5489,48.3782,9.9788,0.0,0.0,0.0,4.53,2.94,1.59,None,0.12655115127563477,10.381,True,None,sfc_cache_p3_44,0,None,186.27,29.65,495.0,119,46,4,9,0,False,100.0,11.712608695652174,5.21695652173913,2.869565217391304,0.1816,0.6157,0.0308,0.1679,2877.364137762333,2647.364137762333,230.0,0.976161676226402,0,0,46
0,1771615307.689673,882.7,218,0.3099,0.4838,0.0245,0.0998,46.5489,48.3782,9.9788,0.0,0.0,0.0,5.89,3.43,2.45,None,0.12655115127563477,10.433,True,None,sfc_unique_p3_44,0,None,186.27,29.65,495.0,119,46,4,9,0,False,100.0,11.712608695652174,5.21695652173913,2.869565217391304,0.1816,0.6157,0.0308,0.1679,2877.364137762333,2647.364137762333,230.0,0.976161676226402,0,0,46
0,1771615307.9300778,883.0,219,0.3181,0.5013,0.0402,0.1247,48.4781,50.126,12.4735,0.0,0.0,0.0,4.92,2.71,2.21,None,0.19702839851379395,10.826,True,None,sfc_cache_p4_44,0,None,186.27,29.65,495.0,121,48,4,9,0,False,100.0,11.689791666666666,5.180208333333334,3.4375,0.175,0.6123,0.0376,0.1856,2893.9232734998345,2653.9232734998345,240.0,0.9712089652606334,1,0,47
0,1771615307.9312816,883.0,219,0.3181,0.5013,0.0402,0.1247,48.4781,50.126,12.4735,0.0,0.0,0.0,5.72,3.16,2.56,None,0.19702839851379395,6.403,True,None,sfc_unique_p4_44,0,None,186.27,29.65,495.0,121,48,4,9,0,False,100.0,11.689791666666666,5.180208333333334,3.4375,0.175,0.6123,0.0376,0.1856,2893.9232734998345,2653.9232734998345,240.0,0.9712089652606334,1,0,47
0,1771615323.5667753,898.6,221,0.2984,0.4851,0.0206,0.0998,43.207,48.5133,9.9788,0.0,0.0,0.0,3.55,2.13,1.42,None,0.001188516616821289,6.203,True,None,sfc_cache_p1_45,0,None,165.27999999999997,29.65,429.0,110,42,4,10,0,False,100.0,11.907142857142858,5.729761904761905,3.142857142857143,0.2085,0.6138,0.0321,0.2257,2872.207138790024,2662.207138790024,210.0,0.9796795776051157,0,0,42
0,1771615323.5679567,898.6,221,0.2984,0.4851,0.0206,0.0998,43.207,48.5133,9.9788,0.0,0.0,0.0,5.97,4.12,1.85,None,0.001188516616821289,5.951,True,None,sfc_unique_p1_45,0,None,165.27999999999997,29.65,429.0,110,42,4,10,0,False,100.0,11.907142857142858,5.729761904761905,3.142857142857143,0.2085,0.6138,0.0321,0.2257,2872.207138790024,2662.207138790024,210.0,0.9796795776051157,0,0,42
0,1771615323.609418,898.7,222,0.3042,0.4918,0.0276,0.0998,44.878,49.1846,9.9788,0.0,0.0,0.0,4.48,3.05,1.42,None,0.04439997673034668,6.105,True,None,sfc_cache_p2_45,0,None,173.61,29.65,462.0,114,44,4,10,0,False,100.0,11.805454545454547,5.545,3.0,0.201,0.6102,0.0314,0.2392,2882.207138790024,2662.207138790024,220.0,0.9785424656052797,0,0,44
0,1771615323.610598,898.7,222,0.3042,0.4918,0.0276,0.0998,44.878,49.1846,9.9788,0.0,0.0,0.0,4.99,3.13,1.85,None,0.04439997673034668,5.798,True,None,sfc_unique_p2_45,0,None,173.61,29.65,462.0,114,44,4,10,0,False,100.0,11.805454545454547,5.545,3.0,0.201,0.6102,0.0314,0.2392,2882.207138790024,2662.207138790024,220.0,0.9785424656052797,0,0,44
0,1771615323.7543414,898.8,223,0.314,0.4918,0.0327,0.0998,46.8366,49.1846,9.9788,0.0,0.0,0.0,4.48,3.05,1.42,None,0.08700847625732422,6.246,True,None,sfc_cache_p3_45,0,None,181.94,29.65,495.0,118,46,4,10,0,False,100.0,11.785,5.303913043478261,2.869565217391304,0.192,0.6102,0.0308,0.2464,2892.207138790024,2662.207138790024,230.0,0.9776673665339802,0,0,46
0,1771615323.755649,898.8,223,0.314,0.4918,0.0327,0.0998,46.8366,49.1846,9.9788,0.0,0.0,0.0,5.97,4.12,1.85,None,0.08700847625732422,6.306,True,None,sfc_unique_p3_45,0,None,181.94,29.65,495.0,118,46,4,10,0,False,100.0,11.785,5.303913043478261,2.869565217391304,0.192,0.6102,0.0308,0.2464,2892.207138790024,2662.207138790024,230.0,0.9776673665339802,0,0,46
0,1771615323.7994435,898.8,224,0.3237,0.4918,0.0404,0.0998,48.7952,49.1846,9.9788,0.0,0.0,0.0,4.48,3.05,1.42,None,0.2320542335510254,6.314,True,None,sfc_cache_p4_45,0,None,190.27,29.65,528.0,122,48,4,10,0,False,100.0,11.76625,5.082916666666667,2.75,0.183,0.6102,0.0301,0.2463,2902.207138790024,2662.207138790024,240.0,0.9763758615138488,0,0,48
0,1771615323.8007026,898.8,224,0.3237,0.4918,0.0404,0.0998,48.7952,49.1846,9.9788,0.0,0.0,0.0,5.9,3.66,2.24,None,0.2320542335510254,6.067,True,None,sfc_unique_p4_45,0,None,190.27,29.65,528.0,122,48,4,10,0,False,100.0,11.76625,5.082916666666667,2.75,0.183,0.6102,0.0301,0.2463,2902.207138790024,2662.207138790024,240.0,0.9763758615138488,0,0,48
0,1771615337.6072652,912.7,226,0.345,0.5019,0.0524,0.1247,52.5681,50.1925,12.4735,0.0,0.0,0.0,4.22,2.81,1.41,None,0.0006809234619140625,10.858,True,None,sfc_cache_p1_46,0,None,190.27,29.65,528.0,122,50,4,11,0,False,100.0,12.169,4.9796,3.3,0.1787,0.6038,0.051,0.2527,2934.4974963198183,2684.4974963198183,250.0,0.9731681370520354,0,1,49
0,1771615337.6095634,912.7,226,0.345,0.5019,0.0524,0.1247,52.5681,50.1925,12.4735,0.0,0.0,0.0,4.55,2.44,2.11,None,0.0006809234619140625,10.438,True,None,sfc_unique_p1_46,0,None,190.27,29.65,528.0,122,50,4,11,0,False,100.0,12.169,4.9796,3.3,0.1787,0.6038,0.051,0.2527,2934.4974963198183,2684.4974963198183,250.0,0.9731681370520354,0,1,49
0,1771615337.682285,912.7,227,0.3535,0.512,0.0699,0.1497,54.8145,51.2005,14.9682,0.0,0.0,0.0,6.06,4.27,1.79,None,0.07646489143371582,10.311,True,None,sfc_cache_p2_46,0,None,190.27,29.65,528.0,124,52,4,11,0,False,100.0,12.20096153846154,4.884230769230769,3.8076923076923075,0.1775,0.5959,0.0563,0.2477,2955.3536987652597,2695.3536987652597,260.0,0.9686800700669627,2,1,49
0,1771615337.6846464,912.7,227,0.3535,0.512,0.0699,0.1497,54.8145,51.2005,14.9682,0.0,0.0,0.0,5.1,2.45,2.65,None,0.07646489143371582,10.386,True,None,sfc_unique_p2_46,0,None,190.27,29.65,528.0,124,52,4,11,0,False,100.0,12.20096153846154,4.884230769230769,3.8076923076923075,0.1775,0.5959,0.0563,0.2477,2955.3536987652597,2695.3536987652597,260.0,0.9686800700669627,2,1,49
0,1771615337.7570271,912.8,228,0.3656,0.512,0.0944,0.1746,57.4928,51.2005,17.463,0.0,0.0,0.0,8.31,4.66,3.65,None,0.15160918235778809,10.488,True,None,sfc_cache_p3_46,0,None,190.27,29.65,528.0,126,54,4,11,0,False,100.0,12.32314814814815,4.703333333333333,4.277777777777778,0.1815,0.5959,0.0651,0.2365,2970.6197415294373,2700.6197415294373,270.0,0.963854176304706,3,2,49
0,1771615337.7594368,912.8,228,0.3656,0.512,0.0944,0.1746,57.4928,51.2005,17.463,0.0,0.0,0.0,8.41,4.58,3.84,None,0.15160918235778809,10.485,True,None,sfc_unique_p3_46,0,None,190.27,29.65,528.0,126,54,4,11,0,False,100.0,12.32314814814815,4.703333333333333,4.277777777777778,0.1815,0.5959,0.0651,0.2365,2970.6197415294373,2700.6197415294373,270.0,0.963854176304706,3,2,49
0,1771615338.008795,913.1,229,0.3717,0.5301,0.1119,0.1746,59.0479,53.0148,17.463,0.0,0.0,0.0,3.66,2.36,1.3,None,0.22637701034545898,10.875,True,None,sfc_cache_p4_46,0,None,194.27,29.65,561.0,129,56,4,11,0,False,100.0,12.204464285714286,4.696071428571429,4.125,0.177,0.6085,0.0639,0.2387,2993.9637415294374,2713.9637415294374,280.0,0.9618168238339883,3,3,50
0,1771615338.0112083,913.1,229,0.3717,0.5301,0.1119,0.1746,59.0479,53.0148,17.463,0.0,0.0,0.0,8.73,5.2,3.52,None,0.22637701034545898,10.331,True,None,sfc_unique_p4_46,0,None,194.27,29.65,561.0,129,56,4,11,0,False,100.0,12.204464285714286,4.696071428571429,4.125,0.177,0.6085,0.0639,0.2387,2993.9637415294374,2713.9637415294374,280.0,0.9618168238339883,3,3,50
0,1771615361.610404,936.7,231,0.3421,0.5087,0.0375,0.0998,52.1344,50.8658,9.9788,0.0,0.0,0.0,2.4,1.64,0.76,None,0.00011992454528808594,6.265,True,None,sfc_cache_p1_47,0,None,177.27999999999997,29.65,528.0,120,50,4,12,0,False,100.0,12.068599999999998,5.0464,2.64,0.2255,0.6528,0.0197,0.2316,2996.4143207894117,2746.4143207894117,250.0,0.9786909804480728,0,0,50
0,1771615361.611721,936.7,231,0.3421,0.5087,0.0375,0.0998,52.1344,50.8658,9.9788,0.0,0.0,0.0,3.4,2.21,1.2,None,0.00011992454528808594,6.423,True,None,sfc_unique_p1_47,0,None,177.27999999999997,29.65,528.0,120,50,4,12,0,False,100.0,12.068599999999998,5.0464,2.64,0.2255,0.6528,0.0197,0.2316,2996.4143207894117,2746.4143207894117,250.0,0.9786909804480728,0,0,50
0,1771615361.658098,936.7,232,0.3421,0.5328,0.0487,0.0998,53.0563,53.285,9.9788,0.0,0.0,0.0,2.4,1.64,0.76,None,0.061583518981933594,6.452,True,None,sfc_cache_p2_47,0,None,181.28,33.98,561.0,124,52,4,12,0,False,100.0,11.809615384615386,5.083076923076923,2.5384615384615383,0.218,0.6439,0.0193,0.2365,3006.4143207894117,2746.4143207894117,260.0,0.9772053860772961,0,0,52
0,1771615361.6594465,936.7,232,0.3421,0.5328,0.0487,0.0998,53.0563,53.285,9.9788,0.0,0.0,0.0,2.58,1.0,1.58,None,0.061583518981933594,6.46,True,None,sfc_unique_p2_47,0,None,181.28,33.98,561.0,124,52,4,12,0,False,100.0,11.809615384615386,5.083076923076923,2.5384615384615383,0.218,0.6439,0.0193,0.2365,3006.4143207894117,2746.4143207894117,260.0,0.9772053860772961,0,0,52
0,1771615361.7060814,936.8,233,0.3535,0.5328,0.0538,0.0998,55.389,53.285,9.9788,0.0,0.0,0.0,2.89,2.13,0.76,None,0.10928845405578613,6.189,True,None,sfc_cache_p3_47,0,None,185.28,33.98,594.0,127,54,4,12,0,False,100.0,11.872222222222222,4.894814814814815,2.4444444444444446,0.2104,0.6439,0.0189,0.2405,3016.4143207894117,2746.4143207894117,270.0,0.9752735795569237,0,0,54
0,1771615361.7074313,936.8,233,0.3535,0.5328,0.0538,0.0998,55.389,53.285,9.9788,0.0,0.0,0.0,4.39,3.19,1.2,None,0.10928845405578613,6.574,True,None,sfc_unique_p3_47,0,None,185.28,33.98,594.0,127,54,4,12,0,False,100.0,11.872222222222222,4.894814814814815,2.4444444444444446,0.2104,0.6439,0.0189,0.2405,3016.4143207894117,2746.4143207894117,270.0,0.9752735795569237,0,0,54
0,1771615361.7551014,936.8,234,0.3598,0.5328,0.0591,0.0998,57.3476,53.285,9.9788,0.0,0.0,0.0,3.82,3.05,0.76,None,0.15725970268249512,6.373,True,None,sfc_cache_p4_47,0,None,193.61,33.98,627.0,130,56,4,12,0,False,100.0,11.853035714285713,4.72,2.357142857142857,0.2022,0.6439,0.0185,0.2393,3026.4143207894117,2746.4143207894117,280.0,0.9740181960034787,0,0,56
0,1771615361.756542,936.8,234,0.3598,0.5328,0.0591,0.0998,57.3476,53.285,9.9788,0.0,0.0,0.0,5.47,3.9,1.58,None,0.15725970268249512,6.619,True,None,sfc_unique_p4_47,0,None,193.61,33.98,627.0,130,56,4,12,0,False,100.0,11.853035714285713,4.72,2.357142857142857,0.2022,0.6439,0.0185,0.2393,3026.4143207894117,2746.4143207894117,280.0,0.9740181960034787,0,0,56
0,1771615377.6501825,952.7,236,0.3416,0.3655,0.0085,0.0748,49.108,36.5548,7.4841,0.0,0.0,0.0,4.19,2.6,1.59,None,0.00014495849609375,10.758,True,None,sfc_cache_p1_48,0,None,181.28,17.32,495.0,102,42,4,11,0,False,100.0,13.533333333333333,4.317380952380954,2.357142857142857,0.2563,0.541,0.0202,0.2199,2847.1228601336034,2637.1228601336034,210.0,0.9778500068301748,0,0,42
0,1771615377.6522012,952.7,236,0.3416,0.3655,0.0085,0.0748,49.108,36.5548,7.4841,0.0,0.0,0.0,5.68,3.66,2.02,None,0.00014495849609375,10.322,True,None,sfc_unique_p1_48,0,None,181.28,17.32,495.0,102,42,4,11,0,False,100.0,13.533333333333333,4.317380952380954,2.357142857142857,0.2563,0.541,0.0202,0.2199,2847.1228601336034,2637.1228601336034,210.0,0.9778500068301748,0,0,42
0,1771615377.7237973,952.8,237,0.3468,0.3723,0.0181,0.0748,50.7789,37.2261,7.4841,0.0,0.0,0.0,4.19,2.6,1.59,None,0.07695627212524414,10.357,True,None,sfc_cache_p2_48,0,None,189.61,17.32,528.0,106,44,4,11,0,False,100.0,13.357727272727272,4.196818181818181,2.25,0.2498,0.5522,0.0198,0.2201,2876.8947220744794,2656.8947220744794,220.0,0.9769193517087089,0,0,44
0,1771615377.7257907,952.8,237,0.3468,0.3723,0.0181,0.0748,50.7789,37.2261,7.4841,0.0,0.0,0.0,4.69,2.67,2.02,None,0.07695627212524414,10.394,True,None,sfc_unique_p2_48,0,None,189.61,17.32,528.0,106,44,4,11,0,False,100.0,13.357727272727272,4.196818181818181,2.25,0.2498,0.5522,0.0198,0.2201,2876.8947220744794,2656.8947220744794,220.0,0.9769193517087089,0,0,44
0,1771615377.9748178,953.0,238,0.3502,0.3931,0.0296,0.0748,51.8441,39.3106,7.4841,0.0,0.0,0.0,3.81,2.22,1.59,None,0.15052080154418945,10.638,True,None,sfc_cache_p3_48,0,None,197.94,17.32,561.0,110,46,4,11,0,False,100.0,13.045000000000002,4.239130434782608,2.152173913043478,0.2424,0.5807,0.0194,0.2151,2902.270670070146,2672.270670070146,230.0,0.9755578035519489,0,0,46
0,1771615377.9768252,953.0,238,0.3502,0.3931,0.0296,0.0748,51.8441,39.3106,7.4841,0.0,0.0,0.0,4.69,2.67,2.02,None,0.15052080154418945,10.095,True,None,sfc_unique_p3_48,0,None,197.94,17.32,561.0,110,46,4,11,0,False,100.0,13.045000000000002,4.239130434782608,2.152173913043478,0.2424,0.5807,0.0194,0.2151,2902.270670070146,2672.270670070146,230.0,0.9755578035519489,0,0,46
0,1771615378.047704,953.1,239,0.3532,0.4106,0.04,0.0748,53.0537,41.0584,7.4841,0.0,0.0,0.0,4.19,2.6,1.59,None,0.4016108512878418,10.144,True,None,sfc_cache_p4_48,0,None,206.27,17.32,594.0,114,48,4,11,0,False,100.0,12.793125000000002,4.243125,2.0625,0.2345,0.5971,0.019,0.2072,2924.511190113483,2684.511190113483,240.0,0.9742843944701928,0,0,48
0,1771615378.0496798,953.1,239,0.3532,0.4106,0.04,0.0748,53.0537,41.0584,7.4841,0.0,0.0,0.0,4.69,2.67,2.02,None,0.4016108512878418,10.219,True,None,sfc_unique_p4_48,0,None,206.27,17.32,594.0,114,48,4,11,0,False,100.0,12.793125000000002,4.243125,2.0625,0.2345,0.5971,0.019,0.2072,2924.511190113483,2684.511190113483,240.0,0.9742843944701928,0,0,48
0,1771615400.6614432,975.7,241,0.2926,0.3253,0.0102,0.0249,42.0519,32.527,2.4947,0.0,0.0,0.0,1.42,0.22,1.21,None,0.00010800361633300781,6.728,True,None,sfc_cache_p1_49,0,None,202.27,17.32,495.0,107,42,4,10,0,False,100.0,11.588809523809525,3.8416666666666663,0.7857142857142857,0.1942,0.4731,0.0,0.1569,2744.848274745755,2534.848274745755,210.0,0.9753617040265241,0,0,42
0,1771615400.6624427,975.7,241,0.2926,0.3253,0.0102,0.0249,42.0519,32.527,2.4947,0.0,0.0,0.0,4.14,2.5,1.64,None,0.00010800361633300781,5.915,True,None,sfc_unique_p1_49,0,None,202.27,17.32,495.0,107,42,4,10,0,False,100.0,11.588809523809525,3.8416666666666663,0.7857142857142857,0.1942,0.4731,0.0,0.1569,2744.848274745755,2534.848274745755,210.0,0.9753617040265241,0,0,42
0,1771615400.7046506,975.7,242,0.294,0.3643,0.0224,0.0499,43.0593,36.4258,4.9894,0.0,0.0,0.0,2.5,1.3,1.21,None,0.04539227485656738,6.215,True,None,sfc_cache_p2_49,0,None,202.27,17.32,495.0,109,44,4,10,0,False,100.0,11.327045454545454,4.106590909090909,1.5,0.1854,0.4671,0.0003,0.1708,2780.453908548572,2560.453908548572,220.0,0.9729033249259298,0,0,44
0,1771615400.7056615,975.7,242,0.294,0.3643,0.0224,0.0499,43.0593,36.4258,4.9894,0.0,0.0,0.0,2.68,1.04,1.64,None,0.04539227485656738,6.063,True,None,sfc_unique_p2_49,0,None,202.27,17.32,495.0,109,44,4,10,0,False,100.0,11.327045454545454,4.106590909090909,1.5,0.1854,0.4671,0.0003,0.1708,2780.453908548572,2560.453908548572,220.0,0.9729033249259298,0,0,44
0,1771615400.8592877,975.9,243,0.2937,0.3925,0.0423,0.0499,43.8084,39.2481,4.9894,0.0,0.0,0.0,1.43,0.22,1.21,None,0.08861780166625977,6.694,True,None,sfc_cache_p3_49,0,None,202.27,25.65,528.0,113,46,4,10,0,False,100.0,11.02304347826087,4.232391304347826,1.434782608695652,0.1861,0.4703,0.0003,0.1833,2811.75733712,2581.75733712,230.0,0.9690140722663027,1,1,44
0,1771615400.8604243,975.9,243,0.2937,0.3925,0.0423,0.0499,43.8084,39.2481,4.9894,0.0,0.0,0.0,3.73,1.56,2.18,None,0.08861780166625977,6.738,True,None,sfc_unique_p3_49,0,None,202.27,25.65,528.0,113,46,4,10,0,False,100.0,11.02304347826087,4.232391304347826,1.434782608695652,0.1861,0.4703,0.0003,0.1833,2811.75733712,2581.75733712,230.0,0.9690140722663027,1,1,44
0,1771615400.905744,976.0,244,0.2996,0.4026,0.0599,0.0499,45.335,40.256,4.9894,0.0,0.0,0.0,1.42,0.22,1.21,None,0.24340367317199707,6.831,True,None,sfc_cache_p4_49,0,None,202.27,33.98,561.0,117,48,4,10,0,False,100.0,10.931875,4.160208333333333,1.375,0.1887,0.4656,0.0003,0.1844,2835.213908548572,2595.213908548572,240.0,0.9659426498684168,2,1,45
0,1771615400.9068353,976.0,244,0.2996,0.4026,0.0599,0.0499,45.335,40.256,4.9894,0.0,0.0,0.0,6.2,3.94,2.26,None,0.24340367317199707,6.469,True,None,sfc_unique_p4_49,0,None,202.27,33.98,561.0,117,48,4,10,0,False,100.0,10.931875,4.160208333333333,1.375,0.1887,0.4656,0.0003,0.1844,2835.213908548572,2595.213908548572,240.0,0.9659426498684168,2,1,45
