timestamp,2.,2.1,5.,5.1,6.,6.1,8.,8.1,9.,9.1,14.,14.1,18.,18.1,23.,23.1,25.,25.1,28.,28.1,33.,33.1,34.,34.1
1769383096.787161,None,0.00,None,9.00,None,0.00,None,0.00,None,0.00,None,0.00,None,0.00,None,0.00,None,4.00,None,0.00,None,0.00,None,0.00
1769383096.7911577,None,0.00,None,9.00,None,0.00,None,0.00,None,0.00,None,0.00,None,0.00,None,0.00,None,4.00,None,0.00,None,0.00,None,0.00
1769383096.890326,None,0.00,None,18.00,None,0.00,None,0.00,None,0.00,None,0.00,None,0.00,None,0.00,None,4.00,None,4.00,None,0.00,None,0.00
1769383096.893489,None,0.00,None,18.00,None,0.00,None,0.00,None,0.00,None,0.00,None,0.00,None,0.00,None,4.00,None,4.00,None,0.00,None,0.00
1769383097.0062006,None,9.00,None,30.00,None,0.00,None,0.00,None,0.00,None,4.00,None,0.00,None,0.00,None,4.00,None,4.00,None,0.00,None,0.00
1769383097.0102046,None,9.00,None,30.00,None,0.00,None,0.00,None,0.00,None,4.00,None,0.00,None,0.00,None,4.00,None,4.00,None,0.00,None,0.00
1769383097.1277757,None,30.00,None,30.00,None,0.00,None,4.00,None,0.00,None,4.00,None,0.00,None,0.00,None,4.00,None,4.00,None,0.00,None,0.00
1769383097.1300466,None,30.00,None,30.00,None,0.00,None,4.00,None,0.00,None,4.00,None,0.00,None,0.00,None,4.00,None,4.00,None,0.00,None,0.00
1769383097.2308917,None,30.00,None,30.00,None,0.00,None,4.00,None,0.00,None,4.00,None,0.00,None,9.00,None,4.00,None,4.00,None,0.00,None,0.00
1769383097.234897,None,30.00,None,30.00,None,0.00,None,4.00,None,0.00,None,4.00,None,0.00,None,9.00,None,4.00,None,4.00,None,0.00,None,0.00
1769383097.3218777,None,30.00,None,30.00,None,0.00,None,4.00,None,0.00,None,4.00,None,0.00,None,9.00,None,4.00,None,4.00,None,0.00,None,0.00
1769383097.3258767,None,30.00,None,30.00,None,0.00,None,4.00,None,0.00,None,4.00,None,0.00,None,9.00,None,4.00,None,4.00,None,0.00,None,0.00
1769383109.8269725,None,30.00,None,30.00,None,0.00,None,4.00,None,0.00,None,4.00,None,0.00,None,9.00,None,13.00,None,4.00,None,0.00,None,0.00
1769383109.830976,None,30.00,None,30.00,None,0.00,None,4.00,None,0.00,None,4.00,None,0.00,None,9.00,None,13.00,None,4.00,None,0.00,None,0.00
1769383109.9209685,None,30.00,None,30.00,None,0.00,None,4.00,None,0.00,None,4.00,None,0.00,None,9.00,None,40.00,None,4.00,None,0.00,None,0.00
1769383109.923965,None,30.00,None,30.00,None,0.00,None,4.00,None,0.00,None,4.00,None,0.00,None,9.00,None,40.00,None,4.00,None,0.00,None,0.00
1769383110.0249717,None,30.00,None,30.00,None,0.00,None,4.00,None,0.00,None,4.00,None,0.00,None,9.00,None,40.00,None,4.00,None,0.00,None,0.00
1769383110.0279675,None,30.00,None,30.00,None,0.00,None,4.00,None,0.00,None,4.00,None,0.00,None,9.00,None,40.00,None,4.00,None,0.00,None,0.00
1769383110.1259794,None,30.00,None,30.00,None,0.00,None,4.00,None,0.00,None,4.00,None,0.00,None,9.00,None,49.00,None,4.00,None,0.00,None,0.00
1769383110.1305003,None,30.00,None,30.00,None,0.00,None,4.00,None,0.00,None,4.00,None,0.00,None,9.00,None,49.00,None,4.00,None,0.00,None,0.00
1769383110.2344902,None,30.00,None,30.00,None,0.00,None,4.00,None,0.00,None,4.00,None,0.00,None,9.00,None,49.00,None,13.00,None,0.00,None,0.00
1769383110.237492,None,30.00,None,30.00,None,0.00,None,4.00,None,0.00,None,4.00,None,0.00,None,9.00,None,49.00,None,13.00,None,0.00,None,0.00
1769383110.3304932,None,30.00,None,30.00,None,0.00,None,4.00,None,0.00,None,4.00,None,0.00,None,9.00,None,49.00,None,22.00,None,0.00,None,0.00
1769383110.3334918,None,30.00,None,30.00,None,0.00,None,4.00,None,0.00,None,4.00,None,0.00,None,9.00,None,49.00,None,22.00,None,0.00,None,0.00
1769383129.9308248,None,30.00,None,30.00,None,0.00,None,4.00,None,0.00,None,4.00,None,9.33,None,26.67,None,49.00,None,22.00,None,0.00,None,0.00
1769383129.9348335,None,30.00,None,30.00,None,0.00,None,4.00,None,0.00,None,4.00,None,9.33,None,26.67,None,49.00,None,22.00,None,0.00,None,0.00
1769383130.017345,None,30.00,None,30.00,None,0.00,None,4.00,None,22.00,None,4.00,None,11.00,None,30.00,None,49.00,None,22.00,None,0.00,None,0.00
1769383130.0284042,None,30.00,None,30.00,None,0.00,None,4.00,None,22.00,None,4.00,None,11.00,None,30.00,None,49.00,None,22.00,None,0.00,None,0.00
1769383130.1525729,None,30.00,None,30.00,None,0.00,None,4.00,None,22.00,None,4.00,None,11.00,None,30.00,None,49.00,None,22.00,None,0.00,None,9.00
1769383130.1565726,None,30.00,None,30.00,None,0.00,None,4.00,None,22.00,None,4.00,None,11.00,None,30.00,None,49.00,None,22.00,None,0.00,None,9.00
1769383130.242587,None,30.00,None,30.00,None,0.00,None,4.00,None,22.00,None,4.00,None,11.00,None,30.00,None,49.00,None,22.00,None,0.00,None,9.00
1769383130.2456653,None,30.00,None,30.00,None,0.00,None,4.00,None,22.00,None,4.00,None,11.00,None,30.00,None,49.00,None,22.00,None,0.00,None,9.00
1769383130.4376693,None,30.00,None,30.00,None,0.00,None,4.00,None,22.00,None,4.00,None,11.00,None,30.00,None,49.00,None,22.00,None,0.00,None,9.00
1769383130.4406753,None,30.00,None,30.00,None,0.00,None,4.00,None,22.00,None,4.00,None,11.00,None,30.00,None,49.00,None,22.00,None,0.00,None,9.00
1769383130.533668,None,30.00,None,30.00,None,0.00,None,4.00,None,22.00,None,4.00,None,12.67,None,30.00,None,49.00,None,22.00,None,0.00,None,9.00
1769383130.5376658,None,30.00,None,30.00,None,0.00,None,4.00,None,22.00,None,4.00,None,12.67,None,30.00,None,49.00,None,22.00,None,0.00,None,9.00
1769383131.38833,None,30.00,None,30.00,None,0.00,None,4.00,None,22.00,None,4.00,None,None,None,24.33,None,49.00,None,31.00,None,0.00,None,9.00
1769383131.3933294,None,30.00,None,30.00,None,0.00,None,4.00,None,22.00,None,4.00,None,None,None,24.33,None,49.00,None,31.00,None,0.00,None,9.00
1769383131.4763286,None,30.00,None,30.00,None,0.00,None,4.00,None,22.00,None,4.00,None,None,None,24.33,None,49.00,None,31.00,None,0.00,None,9.00
1769383131.4793313,None,30.00,None,30.00,None,0.00,None,4.00,None,22.00,None,4.00,None,None,None,24.33,None,49.00,None,31.00,None,0.00,None,9.00
1769383142.0490243,None,30.00,None,30.00,None,0.00,None,4.00,None,22.00,None,4.00,None,None,None,24.33,None,49.00,None,31.00,None,0.00,None,9.00
1769383142.0540237,None,30.00,None,30.00,None,0.00,None,4.00,None,22.00,None,4.00,None,None,None,24.33,None,49.00,None,31.00,None,0.00,None,9.00
1769383142.1490314,None,30.00,None,30.00,None,0.00,None,13.00,None,22.00,None,4.00,None,None,None,24.33,None,49.00,None,31.00,None,12.00,None,9.00
1769383142.1520245,None,30.00,None,30.00,None,0.00,None,13.00,None,22.00,None,4.00,None,None,None,24.33,None,49.00,None,31.00,None,12.00,None,9.00
1769383142.233032,None,30.00,None,30.00,None,0.00,None,22.00,None,22.00,None,4.00,None,None,None,24.33,None,49.00,None,31.00,None,12.00,None,9.00
1769383142.2360218,None,30.00,None,30.00,None,0.00,None,22.00,None,22.00,None,4.00,None,None,None,24.33,None,49.00,None,31.00,None,12.00,None,9.00
1769383142.3201256,None,30.00,None,30.00,None,0.00,None,31.00,None,22.00,None,4.00,None,None,None,24.33,None,49.00,None,31.00,None,12.00,None,9.00
1769383142.323124,None,30.00,None,30.00,None,0.00,None,31.00,None,22.00,None,4.00,None,None,None,24.33,None,49.00,None,31.00,None,12.00,None,9.00
1769383142.4088724,None,30.00,None,30.00,None,0.00,None,31.00,None,22.00,None,4.00,None,None,None,24.33,None,49.00,None,31.00,None,12.00,None,9.00
1769383142.4128728,None,30.00,None,30.00,None,0.00,None,31.00,None,22.00,None,4.00,None,None,None,24.33,None,49.00,None,31.00,None,12.00,None,9.00
1769383142.5020452,None,30.00,None,30.00,None,0.00,None,52.00,None,22.00,None,4.00,None,None,None,24.33,None,49.00,None,31.00,None,12.00,None,9.00
1769383142.5050442,None,30.00,None,30.00,None,0.00,None,52.00,None,22.00,None,4.00,None,None,None,24.33,None,49.00,None,31.00,None,12.00,None,9.00
1769383161.1838343,None,30.00,None,30.00,None,0.00,None,52.00,None,22.00,None,4.00,None,1.67,None,24.33,None,49.00,None,40.00,None,12.00,None,9.00
1769383161.187842,None,30.00,None,30.00,None,0.00,None,52.00,None,22.00,None,4.00,None,1.67,None,24.33,None,49.00,None,40.00,None,12.00,None,9.00
1769383161.2798314,None,30.00,None,30.00,None,0.00,None,52.00,None,22.00,None,4.00,None,1.67,None,24.33,None,49.00,None,40.00,None,12.00,None,9.00
1769383161.282832,None,30.00,None,30.00,None,0.00,None,52.00,None,22.00,None,4.00,None,1.67,None,24.33,None,49.00,None,40.00,None,12.00,None,9.00
1769383161.3828325,None,30.00,None,30.00,None,0.00,None,52.00,None,22.00,None,4.00,None,1.67,None,24.33,None,49.00,None,49.00,None,12.00,None,9.00
1769383161.3858347,None,30.00,None,30.00,None,0.00,None,52.00,None,22.00,None,4.00,None,1.67,None,24.33,None,49.00,None,49.00,None,12.00,None,9.00
1769383161.480833,None,30.00,None,30.00,None,0.00,None,52.00,None,22.00,None,4.00,None,1.67,None,24.33,None,49.00,None,49.00,None,12.00,None,9.00
1769383161.4838326,None,30.00,None,30.00,None,0.00,None,52.00,None,22.00,None,4.00,None,1.67,None,24.33,None,49.00,None,49.00,None,12.00,None,9.00
1769383161.5748353,None,30.00,None,30.00,None,0.00,None,52.00,None,22.00,None,4.00,None,1.67,None,24.33,None,49.00,None,49.00,None,12.00,None,9.00
1769383161.5798473,None,30.00,None,30.00,None,0.00,None,52.00,None,22.00,None,4.00,None,1.67,None,24.33,None,49.00,None,49.00,None,12.00,None,9.00
1769383161.7354474,None,30.00,None,30.00,None,0.00,None,52.00,None,22.00,None,21.67,None,1.67,None,24.33,None,49.00,None,52.33,None,12.00,None,9.00
1769383161.740443,None,30.00,None,30.00,None,0.00,None,52.00,None,22.00,None,21.67,None,1.67,None,24.33,None,49.00,None,52.33,None,12.00,None,9.00
1769383169.778644,None,30.00,None,30.00,None,0.00,None,52.00,None,22.00,None,21.67,None,1.67,None,24.33,None,49.00,None,52.33,None,12.00,None,9.00
1769383169.7846465,None,30.00,None,30.00,None,0.00,None,52.00,None,22.00,None,21.67,None,1.67,None,24.33,None,49.00,None,52.33,None,12.00,None,9.00
1769383174.764011,None,30.00,None,30.00,None,0.00,None,52.00,None,0.00,None,21.67,None,0.00,None,21.00,None,49.00,None,52.33,None,12.00,None,9.00
1769383174.7680147,None,30.00,None,30.00,None,0.00,None,52.00,None,0.00,None,21.67,None,0.00,None,21.00,None,49.00,None,52.33,None,12.00,None,9.00
1769383176.385396,None,30.00,None,30.00,None,0.00,None,43.00,None,0.00,None,21.67,None,0.00,None,21.00,None,49.00,None,52.33,None,None,None,9.00
1769383176.3903947,None,30.00,None,30.00,None,0.00,None,43.00,None,0.00,None,21.67,None,0.00,None,21.00,None,49.00,None,52.33,None,None,None,9.00
1769383179.306532,None,30.00,None,30.00,None,0.00,None,43.00,None,0.00,None,21.67,None,0.00,None,21.00,None,49.00,None,52.33,None,None,None,9.00
1769383179.3105285,None,30.00,None,30.00,None,0.00,None,43.00,None,0.00,None,21.67,None,0.00,None,21.00,None,49.00,None,52.33,None,None,None,9.00
1769383179.3910358,None,30.00,None,30.00,None,0.00,None,43.00,None,9.00,None,21.67,None,12.00,None,27.00,None,49.00,None,52.33,None,None,None,9.00
1769383179.394034,None,30.00,None,30.00,None,0.00,None,43.00,None,9.00,None,21.67,None,12.00,None,27.00,None,49.00,None,52.33,None,None,None,9.00
1769383179.4940357,None,30.00,None,30.00,None,0.00,None,43.00,None,18.00,None,21.67,None,12.00,None,27.00,None,49.00,None,52.33,None,None,None,9.00
1769383179.4990423,None,30.00,None,30.00,None,0.00,None,43.00,None,18.00,None,21.67,None,12.00,None,27.00,None,49.00,None,52.33,None,None,None,9.00
1769383179.624831,None,30.00,None,30.00,None,0.00,None,43.00,None,27.00,None,21.67,None,12.00,None,27.00,None,49.00,None,52.33,None,None,None,9.00
1769383179.6298306,None,30.00,None,30.00,None,0.00,None,43.00,None,27.00,None,21.67,None,12.00,None,27.00,None,49.00,None,52.33,None,None,None,9.00
1769383179.8599544,None,30.00,None,30.00,None,0.00,None,43.00,None,27.00,None,30.67,None,12.00,None,27.00,None,49.00,None,52.33,None,None,None,9.00
1769383179.862952,None,30.00,None,30.00,None,0.00,None,43.00,None,27.00,None,30.67,None,12.00,None,27.00,None,49.00,None,52.33,None,None,None,9.00
1769383179.9509556,None,30.00,None,30.00,None,0.00,None,51.67,None,27.00,None,39.67,None,12.00,None,28.67,None,53.33,None,52.33,None,None,None,12.33
1769383179.9569547,None,30.00,None,30.00,None,0.00,None,51.67,None,27.00,None,39.67,None,12.00,None,28.67,None,53.33,None,52.33,None,None,None,12.33
1769383180.0798087,None,0.00,None,9.00,None,0.00,None,51.67,None,27.00,None,35.67,None,12.00,None,28.67,None,13.33,None,52.33,None,None,None,12.33
1769383180.0838077,None,0.00,None,9.00,None,0.00,None,51.67,None,27.00,None,35.67,None,12.00,None,28.67,None,13.33,None,52.33,None,None,None,12.33
1769383180.186386,None,0.00,None,9.00,None,0.00,None,51.67,None,27.00,None,39.67,None,12.00,None,28.67,None,13.33,None,52.33,None,None,None,12.33
1769383180.1903858,None,0.00,None,9.00,None,0.00,None,51.67,None,27.00,None,39.67,None,12.00,None,28.67,None,13.33,None,52.33,None,None,None,12.33
1769383180.2913933,None,0.00,None,9.00,None,0.00,None,51.67,None,27.00,None,39.67,None,12.00,None,28.67,None,17.33,None,52.33,None,None,None,12.33
1769383180.2973883,None,0.00,None,9.00,None,0.00,None,51.67,None,27.00,None,39.67,None,12.00,None,28.67,None,17.33,None,52.33,None,None,None,12.33
1769383180.3853922,None,0.00,None,9.00,None,0.00,None,51.67,None,27.00,None,39.67,None,12.00,None,28.67,None,17.33,None,52.33,None,None,None,12.33
1769383180.3883886,None,0.00,None,9.00,None,0.00,None,51.67,None,27.00,None,39.67,None,12.00,None,28.67,None,17.33,None,52.33,None,None,None,12.33
1769383180.474389,None,0.00,None,18.00,None,0.00,None,51.67,None,27.00,None,39.67,None,12.00,None,28.67,None,17.33,None,52.33,None,None,None,12.33
1769383180.479399,None,0.00,None,18.00,None,0.00,None,51.67,None,27.00,None,39.67,None,12.00,None,28.67,None,17.33,None,52.33,None,None,None,12.33
1769383182.4797165,None,0.00,None,None,None,0.00,None,51.67,None,18.00,None,39.67,None,12.00,None,28.67,None,17.33,None,52.33,None,None,None,12.33
1769383182.4827251,None,0.00,None,None,None,0.00,None,51.67,None,18.00,None,39.67,None,12.00,None,28.67,None,17.33,None,52.33,None,None,None,12.33
1769383182.5747461,None,0.00,None,None,None,0.00,None,51.67,None,18.00,None,39.67,None,12.00,None,28.67,None,17.33,None,52.33,None,None,None,12.33
1769383182.5787556,None,0.00,None,None,None,0.00,None,51.67,None,18.00,None,39.67,None,12.00,None,28.67,None,17.33,None,52.33,None,None,None,12.33
1769383182.6727486,None,21.00,None,None,None,0.00,None,51.67,None,18.00,None,39.67,None,12.00,None,28.67,None,17.33,None,52.33,None,None,None,12.33
1769383182.6767468,None,21.00,None,None,None,0.00,None,51.67,None,18.00,None,39.67,None,12.00,None,28.67,None,17.33,None,52.33,None,None,None,12.33
1769383182.77075,None,30.00,None,None,None,0.00,None,51.67,None,18.00,None,39.67,None,12.00,None,28.67,None,17.33,None,52.33,None,None,None,12.33
1769383182.7747498,None,30.00,None,None,None,0.00,None,51.67,None,18.00,None,39.67,None,12.00,None,28.67,None,17.33,None,52.33,None,None,None,12.33
1769383182.8800933,None,30.00,None,None,None,0.00,None,51.67,None,27.00,None,39.67,None,12.00,None,28.67,None,17.33,None,52.33,None,None,None,12.33
1769383182.8851054,None,30.00,None,None,None,0.00,None,51.67,None,27.00,None,39.67,None,12.00,None,28.67,None,17.33,None,52.33,None,None,None,12.33
1769383185.0875158,None,30.00,None,None,None,0.00,None,51.67,None,27.00,None,39.67,None,12.00,None,28.67,None,17.33,None,52.33,None,None,None,12.33
1769383185.0935268,None,30.00,None,None,None,0.00,None,51.67,None,27.00,None,39.67,None,12.00,None,28.67,None,17.33,None,52.33,None,None,None,12.33
1769383190.0979826,None,30.00,None,None,None,0.00,None,51.67,None,18.00,None,39.67,None,12.00,None,28.67,None,17.33,None,52.33,None,None,None,12.33
1769383190.1029844,None,30.00,None,None,None,0.00,None,51.67,None,18.00,None,39.67,None,12.00,None,28.67,None,17.33,None,52.33,None,None,None,12.33
1769383197.4086714,None,30.00,None,None,None,0.00,None,55.00,None,18.00,None,48.34,None,12.00,None,28.67,None,26.33,None,52.33,None,0.00,None,12.33
1769383197.4137466,None,30.00,None,None,None,0.00,None,55.00,None,18.00,None,48.34,None,12.00,None,28.67,None,26.33,None,52.33,None,0.00,None,12.33
1769383197.5186841,None,30.00,None,None,None,0.00,None,55.00,None,18.00,None,48.34,None,12.00,None,28.67,None,26.33,None,52.33,None,0.00,None,12.33
1769383197.5226774,None,30.00,None,None,None,0.00,None,55.00,None,18.00,None,48.34,None,12.00,None,28.67,None,26.33,None,52.33,None,0.00,None,12.33
1769383197.6196733,None,30.00,None,None,None,0.00,None,55.00,None,18.00,None,48.34,None,12.00,None,28.67,None,26.33,None,52.33,None,0.00,None,12.33
1769383197.623679,None,30.00,None,None,None,0.00,None,55.00,None,18.00,None,48.34,None,12.00,None,28.67,None,26.33,None,52.33,None,0.00,None,12.33
1769383197.7388551,None,30.00,None,None,None,9.00,None,55.00,None,18.00,None,48.34,None,12.00,None,28.67,None,26.33,None,52.33,None,0.00,None,12.33
1769383197.742858,None,30.00,None,None,None,9.00,None,55.00,None,18.00,None,48.34,None,12.00,None,28.67,None,26.33,None,52.33,None,0.00,None,12.33
1769383197.8438551,None,30.00,None,None,None,9.00,None,55.00,None,18.00,None,48.34,None,12.00,None,28.67,None,26.33,None,52.33,None,0.00,None,12.33
1769383197.849861,None,30.00,None,None,None,9.00,None,55.00,None,18.00,None,48.34,None,12.00,None,28.67,None,26.33,None,52.33,None,0.00,None,12.33
1769383198.0878549,None,30.00,None,None,None,9.00,None,55.00,None,18.00,None,48.34,None,12.00,None,28.67,None,26.33,None,52.33,None,9.00,None,12.33
1769383198.0928547,None,30.00,None,None,None,9.00,None,55.00,None,18.00,None,48.34,None,12.00,None,28.67,None,26.33,None,52.33,None,9.00,None,12.33
1769383200.175826,None,30.00,None,None,None,9.00,None,51.00,None,18.00,None,48.34,None,12.00,None,28.67,None,17.33,None,52.33,None,9.00,None,12.33
1769383200.1808262,None,30.00,None,None,None,9.00,None,51.00,None,18.00,None,48.34,None,12.00,None,28.67,None,17.33,None,52.33,None,9.00,None,12.33
1769383200.3002675,None,30.00,None,None,None,9.00,None,55.00,None,18.00,None,48.34,None,12.00,None,28.67,None,26.33,None,52.33,None,9.00,None,12.33
1769383200.3032675,None,30.00,None,None,None,9.00,None,55.00,None,18.00,None,48.34,None,12.00,None,28.67,None,26.33,None,52.33,None,9.00,None,12.33
1769383200.4068027,None,30.00,None,None,None,9.00,None,55.00,None,18.00,None,48.34,None,12.00,None,28.67,None,35.33,None,52.33,None,9.00,None,12.33
1769383200.4138052,None,30.00,None,None,None,9.00,None,55.00,None,18.00,None,48.34,None,12.00,None,28.67,None,35.33,None,52.33,None,9.00,None,12.33
1769383202.734344,None,30.00,None,0.00,None,None,None,55.00,None,18.00,None,48.34,None,12.00,None,28.67,None,35.33,None,52.33,None,9.00,None,12.33
1769383202.740336,None,30.00,None,0.00,None,None,None,55.00,None,18.00,None,48.34,None,12.00,None,28.67,None,35.33,None,52.33,None,9.00,None,12.33
1769383212.5303159,None,21.00,None,0.00,None,None,None,55.00,None,18.00,None,48.34,None,12.00,None,19.67,None,31.33,None,52.33,None,9.00,None,12.33
1769383212.5343134,None,21.00,None,0.00,None,None,None,55.00,None,18.00,None,48.34,None,12.00,None,19.67,None,31.33,None,52.33,None,9.00,None,12.33
1769383212.6423173,None,21.00,None,0.00,None,None,None,55.00,None,18.00,None,48.34,None,12.00,None,19.67,None,35.33,None,52.33,None,9.00,None,12.33
1769383212.647319,None,21.00,None,0.00,None,None,None,55.00,None,18.00,None,48.34,None,12.00,None,19.67,None,35.33,None,52.33,None,9.00,None,12.33
1769383212.759483,None,21.00,None,0.00,None,None,None,55.00,None,18.00,None,48.34,None,12.00,None,28.67,None,51.66,None,54.00,None,9.00,None,12.33
1769383212.7623224,None,21.00,None,0.00,None,None,None,55.00,None,18.00,None,48.34,None,12.00,None,28.67,None,51.66,None,54.00,None,9.00,None,12.33
1769383212.8953173,None,21.00,None,9.00,None,None,None,55.00,None,26.67,None,52.67,None,12.00,None,28.67,None,53.33,None,54.00,None,12.33,None,12.33
1769383212.8993201,None,21.00,None,9.00,None,None,None,55.00,None,26.67,None,52.67,None,12.00,None,28.67,None,53.33,None,54.00,None,12.33,None,12.33
1769383213.0093162,None,21.00,None,9.00,None,None,None,55.00,None,26.67,None,52.67,None,12.00,None,28.67,None,55.00,None,54.00,None,12.33,None,12.33
1769383213.014321,None,21.00,None,9.00,None,None,None,55.00,None,26.67,None,52.67,None,12.00,None,28.67,None,55.00,None,54.00,None,12.33,None,12.33
1769383213.1356192,None,21.00,None,18.00,None,None,None,55.00,None,26.67,None,52.67,None,12.00,None,28.67,None,55.00,None,54.00,None,12.33,None,12.33
1769383213.1416183,None,21.00,None,18.00,None,None,None,55.00,None,26.67,None,52.67,None,12.00,None,28.67,None,55.00,None,54.00,None,12.33,None,12.33
1769383215.227322,None,21.00,None,18.00,None,None,None,55.00,None,26.67,None,52.67,None,12.00,None,28.67,None,55.00,None,45.00,None,12.33,None,12.33
1769383215.2303317,None,21.00,None,18.00,None,None,None,55.00,None,26.67,None,52.67,None,12.00,None,28.67,None,55.00,None,45.00,None,12.33,None,12.33
1769383225.2774312,None,21.00,None,18.00,None,0.00,None,55.00,None,26.67,None,52.67,None,12.00,None,28.67,None,55.00,None,45.00,None,12.33,None,12.33
1769383225.281429,None,21.00,None,18.00,None,0.00,None,55.00,None,26.67,None,52.67,None,12.00,None,28.67,None,55.00,None,45.00,None,12.33,None,12.33
1769383229.6037307,None,29.67,None,27.33,None,0.00,None,51.00,None,26.67,None,52.67,None,12.00,None,28.67,None,46.00,None,36.00,None,12.33,None,12.33
1769383229.6097338,None,29.67,None,27.33,None,0.00,None,51.00,None,26.67,None,52.67,None,12.00,None,28.67,None,46.00,None,36.00,None,12.33,None,12.33
1769383229.7207332,None,29.67,None,27.33,None,0.00,None,55.00,None,26.67,None,52.67,None,12.00,None,28.67,None,46.00,None,36.00,None,12.33,None,12.33
1769383229.7267296,None,29.67,None,27.33,None,0.00,None,55.00,None,26.67,None,52.67,None,12.00,None,28.67,None,46.00,None,36.00,None,12.33,None,12.33
1769383229.8630862,None,29.67,None,29.00,None,0.00,None,55.00,None,26.67,None,52.67,None,12.00,None,28.67,None,53.66,None,53.67,None,12.33,None,12.33
1769383229.8690822,None,29.67,None,29.00,None,0.00,None,55.00,None,26.67,None,52.67,None,12.00,None,28.67,None,53.66,None,53.67,None,12.33,None,12.33
1769383229.9956608,None,29.67,None,29.00,None,13.00,None,55.00,None,30.00,None,52.67,None,13.67,None,28.67,None,53.66,None,53.67,None,12.33,None,12.33
1769383229.9996634,None,29.67,None,29.00,None,13.00,None,55.00,None,30.00,None,52.67,None,13.67,None,28.67,None,53.66,None,53.67,None,12.33,None,12.33
1769383230.3208284,None,29.67,None,29.00,None,13.00,None,55.00,None,30.00,None,52.67,None,13.67,None,28.67,None,53.66,None,53.67,None,12.33,None,12.33
1769383230.3258326,None,29.67,None,29.00,None,13.00,None,55.00,None,30.00,None,52.67,None,13.67,None,28.67,None,53.66,None,53.67,None,12.33,None,12.33
1769383230.4508307,None,29.67,None,29.00,None,13.00,None,55.00,None,30.00,None,52.67,None,13.67,None,28.67,None,53.66,None,53.67,None,12.33,None,12.33
1769383230.4558368,None,29.67,None,29.00,None,13.00,None,55.00,None,30.00,None,52.67,None,13.67,None,28.67,None,53.66,None,53.67,None,12.33,None,12.33
1769383232.9858532,None,29.67,None,29.00,None,13.00,None,55.00,None,30.00,None,52.67,None,13.67,None,28.67,None,53.66,None,53.67,None,12.33,None,None
1769383232.988861,None,29.67,None,29.00,None,13.00,None,55.00,None,30.00,None,52.67,None,13.67,None,28.67,None,53.66,None,53.67,None,12.33,None,None
1769383245.659968,None,29.67,None,29.00,None,13.00,None,55.00,None,30.00,None,52.67,None,13.67,None,28.67,None,53.66,None,53.67,None,12.33,None,None
1769383245.6629665,None,29.67,None,29.00,None,13.00,None,55.00,None,30.00,None,52.67,None,13.67,None,28.67,None,53.66,None,53.67,None,12.33,None,None
1769383245.7769654,None,29.67,None,29.00,None,13.00,None,55.00,None,30.00,None,52.67,None,13.67,None,28.67,None,53.66,None,53.67,None,12.33,None,None
1769383245.7829714,None,29.67,None,29.00,None,13.00,None,55.00,None,30.00,None,52.67,None,13.67,None,28.67,None,53.66,None,53.67,None,12.33,None,None
1769383245.9159658,None,29.67,None,29.00,None,13.00,None,55.00,None,30.00,None,52.67,None,13.67,None,28.67,None,53.66,None,53.67,None,12.33,None,None
1769383245.9220374,None,29.67,None,29.00,None,13.00,None,55.00,None,30.00,None,52.67,None,13.67,None,28.67,None,53.66,None,53.67,None,12.33,None,None
1769383246.0540137,None,29.67,None,29.00,None,13.00,None,55.00,None,30.00,None,52.67,None,13.67,None,28.67,None,53.66,None,53.67,None,12.33,None,None
1769383246.0589724,None,29.67,None,29.00,None,13.00,None,55.00,None,30.00,None,52.67,None,13.67,None,28.67,None,53.66,None,53.67,None,12.33,None,None
1769383246.1779609,None,29.67,None,29.00,None,13.00,None,55.00,None,30.00,None,52.67,None,13.67,None,28.67,None,53.66,None,53.67,None,12.33,None,None
1769383246.1829622,None,29.67,None,29.00,None,13.00,None,55.00,None,30.00,None,52.67,None,13.67,None,28.67,None,53.66,None,53.67,None,12.33,None,None
1769383246.289963,None,29.67,None,29.00,None,13.00,None,55.00,None,30.00,None,52.67,None,13.67,None,28.67,None,53.66,None,53.67,None,12.33,None,None
1769383246.2950308,None,29.67,None,29.00,None,13.00,None,55.00,None,30.00,None,52.67,None,13.67,None,28.67,None,53.66,None,53.67,None,12.33,None,None
1769383250.6698377,None,29.67,None,29.00,None,13.00,None,55.00,None,30.00,None,52.67,None,13.67,None,28.67,None,53.66,None,53.67,None,12.33,None,None
1769383250.672846,None,29.67,None,29.00,None,13.00,None,55.00,None,30.00,None,52.67,None,13.67,None,28.67,None,53.66,None,53.67,None,12.33,None,None
1769383258.6287084,None,29.67,None,29.00,None,13.00,None,55.00,None,21.00,None,52.67,None,None,None,10.67,None,53.66,None,44.67,None,12.33,None,3.33
1769383258.631709,None,29.67,None,29.00,None,13.00,None,55.00,None,21.00,None,52.67,None,None,None,10.67,None,53.66,None,44.67,None,12.33,None,3.33
1769383264.7406871,None,29.67,None,29.00,None,13.00,None,55.00,None,30.00,None,52.67,None,None,None,22.67,None,53.66,None,44.67,None,12.33,None,3.33
1769383264.7447011,None,29.67,None,29.00,None,13.00,None,55.00,None,30.00,None,52.67,None,None,None,22.67,None,53.66,None,44.67,None,12.33,None,3.33
1769383265.0985181,None,29.67,None,29.00,None,13.00,None,55.00,None,30.00,None,52.67,None,None,None,22.67,None,53.66,None,44.67,None,12.33,None,3.33
1769383265.1035237,None,29.67,None,29.00,None,13.00,None,55.00,None,30.00,None,52.67,None,None,None,22.67,None,53.66,None,44.67,None,12.33,None,3.33
1769383265.2292864,None,29.67,None,29.00,None,13.00,None,55.00,None,30.00,None,52.67,None,None,None,28.67,None,53.66,None,53.34,None,12.33,None,6.66
1769383265.2332866,None,29.67,None,29.00,None,13.00,None,55.00,None,30.00,None,52.67,None,None,None,28.67,None,53.66,None,53.34,None,12.33,None,6.66
1769383265.3546383,None,29.67,None,29.00,None,13.00,None,55.00,None,30.00,None,52.67,None,None,None,28.67,None,53.66,None,53.34,None,12.33,None,6.66
1769383265.3596437,None,29.67,None,29.00,None,13.00,None,55.00,None,30.00,None,52.67,None,None,None,28.67,None,53.66,None,53.34,None,12.33,None,6.66
1769383265.4746392,None,29.67,None,29.00,None,13.00,None,55.00,None,30.00,None,52.67,None,None,None,28.67,None,53.66,None,53.34,None,12.33,None,6.66
1769383265.4786453,None,29.67,None,29.00,None,13.00,None,55.00,None,30.00,None,52.67,None,None,None,28.67,None,53.66,None,53.34,None,12.33,None,6.66
1769383265.5870082,None,29.67,None,29.00,None,13.00,None,55.00,None,30.00,None,52.67,None,None,None,28.67,None,53.66,None,53.34,None,12.33,None,6.66
1769383265.5930083,None,29.67,None,29.00,None,13.00,None,55.00,None,30.00,None,52.67,None,None,None,28.67,None,53.66,None,53.34,None,12.33,None,6.66
1769383266.9309497,None,29.67,None,29.00,None,None,None,55.00,None,26.67,None,52.67,None,None,None,28.67,None,53.66,None,53.34,None,12.33,None,6.66
1769383266.9359474,None,29.67,None,29.00,None,None,None,55.00,None,26.67,None,52.67,None,None,None,28.67,None,53.66,None,53.34,None,12.33,None,6.66
1769383270.7301373,None,29.67,None,29.00,None,None,None,16.00,None,26.67,None,44.00,None,None,None,28.67,None,53.66,None,50.01,None,12.33,None,6.66
1769383270.7361426,None,29.67,None,29.00,None,None,None,16.00,None,26.67,None,44.00,None,None,None,28.67,None,53.66,None,50.01,None,12.33,None,6.66
1769383279.3085494,None,30.00,None,None,None,None,None,16.00,None,17.67,None,35.00,None,0.00,None,28.67,None,44.66,None,32.01,None,12.33,None,6.66
1769383279.3125484,None,30.00,None,None,None,None,None,16.00,None,17.67,None,35.00,None,0.00,None,28.67,None,44.66,None,32.01,None,12.33,None,6.66
1769383279.455101,None,30.00,None,None,None,None,None,16.00,None,17.67,None,35.00,None,0.00,None,28.67,None,44.66,None,32.01,None,12.33,None,6.66
1769383279.4591167,None,30.00,None,None,None,None,None,16.00,None,17.67,None,35.00,None,0.00,None,28.67,None,44.66,None,32.01,None,12.33,None,6.66
1769383279.5666199,None,30.00,None,None,None,None,None,16.00,None,17.67,None,35.00,None,0.00,None,28.67,None,44.66,None,41.01,None,12.33,None,6.66
1769383279.5706382,None,30.00,None,None,None,None,None,16.00,None,17.67,None,35.00,None,0.00,None,28.67,None,44.66,None,41.01,None,12.33,None,6.66
1769383279.6661496,None,30.00,None,None,None,None,None,43.00,None,17.67,None,35.00,None,0.00,None,28.67,None,44.66,None,41.01,None,12.33,None,6.66
1769383279.6691425,None,30.00,None,None,None,None,None,43.00,None,17.67,None,35.00,None,0.00,None,28.67,None,44.66,None,41.01,None,12.33,None,6.66
1769383279.7791424,None,30.00,None,None,None,None,None,43.00,None,17.67,None,44.00,None,0.00,None,28.67,None,53.99,None,49.68,None,12.33,None,6.66
1769383279.784147,None,30.00,None,None,None,None,None,43.00,None,17.67,None,44.00,None,0.00,None,28.67,None,53.99,None,49.68,None,12.33,None,6.66
1769383279.878144,None,30.00,None,None,None,None,None,51.67,None,26.67,None,48.33,None,0.00,None,28.67,None,53.99,None,54.68,None,12.33,None,6.66
1769383279.8821425,None,30.00,None,None,None,None,None,51.67,None,26.67,None,48.33,None,0.00,None,28.67,None,53.99,None,54.68,None,12.33,None,6.66
1769383280.025503,None,30.00,None,None,None,None,None,51.67,None,26.67,None,48.33,None,0.00,None,28.67,None,53.99,None,54.68,None,12.33,None,6.66
1769383280.0305014,None,30.00,None,None,None,None,None,51.67,None,26.67,None,48.33,None,0.00,None,28.67,None,53.99,None,54.68,None,12.33,None,6.66
1769383280.2015014,None,30.00,None,None,None,None,None,51.67,None,26.67,None,48.33,None,0.00,None,28.67,None,53.99,None,54.68,None,12.33,None,6.66
1769383280.204501,None,30.00,None,None,None,None,None,51.67,None,26.67,None,48.33,None,0.00,None,28.67,None,53.99,None,54.68,None,12.33,None,6.66
1769383280.5469117,None,30.00,None,None,None,None,None,51.67,None,26.67,None,48.33,None,0.00,None,28.67,None,53.99,None,54.68,None,12.33,None,6.66
1769383280.551917,None,30.00,None,None,None,None,None,51.67,None,26.67,None,48.33,None,0.00,None,28.67,None,53.99,None,54.68,None,12.33,None,6.66
1769383280.6824248,None,30.00,None,None,None,None,None,51.67,None,26.67,None,48.33,None,0.00,None,28.67,None,53.99,None,54.68,None,12.33,None,6.66
1769383280.6874218,None,30.00,None,None,None,None,None,51.67,None,26.67,None,48.33,None,0.00,None,28.67,None,53.99,None,54.68,None,12.33,None,6.66
1769383280.8234184,None,30.00,None,None,None,None,None,51.67,None,26.67,None,48.33,None,9.00,None,28.67,None,53.99,None,54.68,None,12.33,None,6.66
1769383280.8264182,None,30.00,None,None,None,None,None,51.67,None,26.67,None,48.33,None,9.00,None,28.67,None,53.99,None,54.68,None,12.33,None,6.66
1769383280.954421,None,30.00,None,None,None,None,None,51.67,None,26.67,None,48.33,None,9.00,None,28.67,None,53.99,None,54.68,None,12.33,None,6.66
1769383280.9584217,None,30.00,None,None,None,None,None,51.67,None,26.67,None,48.33,None,9.00,None,28.67,None,53.99,None,54.68,None,12.33,None,6.66
1769383285.852159,None,30.00,None,None,None,None,None,51.67,None,26.67,None,48.33,None,9.00,None,28.67,None,53.99,None,54.68,None,12.33,None,6.66
1769383285.857159,None,30.00,None,None,None,None,None,51.67,None,26.67,None,48.33,None,9.00,None,28.67,None,53.99,None,54.68,None,12.33,None,6.66
1769383295.6584926,None,30.00,None,None,None,0.00,None,51.67,None,26.67,None,48.33,None,9.00,None,28.67,None,53.99,None,54.68,None,None,None,6.66
1769383295.6644928,None,30.00,None,None,None,0.00,None,51.67,None,26.67,None,48.33,None,9.00,None,28.67,None,53.99,None,54.68,None,None,None,6.66
1769383295.90404,None,30.00,None,None,None,0.00,None,51.67,None,26.67,None,48.33,None,9.00,None,28.67,None,53.99,None,54.68,None,None,None,6.66
1769383295.90704,None,30.00,None,None,None,0.00,None,51.67,None,26.67,None,48.33,None,9.00,None,28.67,None,53.99,None,54.68,None,None,None,6.66
1769383301.878112,None,0.00,None,10.67,None,0.00,None,51.67,None,26.67,None,48.33,None,9.00,None,28.67,None,53.99,None,54.68,None,None,None,6.66
1769383301.8811305,None,0.00,None,10.67,None,0.00,None,51.67,None,26.67,None,48.33,None,9.00,None,28.67,None,53.99,None,54.68,None,None,None,6.66
1769383302.018118,None,0.00,None,19.67,None,0.00,None,51.67,None,26.67,None,48.33,None,9.00,None,28.67,None,53.99,None,54.68,None,None,None,6.66
1769383302.0231194,None,0.00,None,19.67,None,0.00,None,51.67,None,26.67,None,48.33,None,9.00,None,28.67,None,53.99,None,54.68,None,None,None,6.66
1769383302.2213762,None,0.00,None,28.67,None,0.00,None,51.67,None,26.67,None,48.33,None,9.00,None,28.67,None,53.99,None,54.68,None,None,None,6.66
1769383302.2243762,None,0.00,None,28.67,None,0.00,None,51.67,None,26.67,None,48.33,None,9.00,None,28.67,None,53.99,None,54.68,None,None,None,6.66
1769383302.3553765,None,0.00,None,28.67,None,0.00,None,51.67,None,26.67,None,48.33,None,9.00,None,28.67,None,53.99,None,54.68,None,None,None,6.66
1769383302.3593755,None,0.00,None,28.67,None,0.00,None,51.67,None,26.67,None,48.33,None,9.00,None,28.67,None,53.99,None,54.68,None,None,None,6.66
1769383302.477412,None,0.00,None,28.67,None,0.00,None,51.67,None,26.67,None,48.33,None,9.00,None,28.67,None,53.99,None,54.68,None,None,None,6.66
1769383302.4844122,None,0.00,None,28.67,None,0.00,None,51.67,None,26.67,None,48.33,None,9.00,None,28.67,None,53.99,None,54.68,None,None,None,6.66
1769383302.6334124,None,0.00,None,28.67,None,0.00,None,51.67,None,26.67,None,48.33,None,9.00,None,28.67,None,53.99,None,54.68,None,None,None,6.66
1769383302.6364188,None,0.00,None,28.67,None,0.00,None,51.67,None,26.67,None,48.33,None,9.00,None,28.67,None,53.99,None,54.68,None,None,None,6.66
1769383305.8900476,None,0.00,None,28.67,None,0.00,None,39.67,None,26.67,None,30.66,None,9.00,None,27.00,None,40.66,None,54.68,None,None,None,3.33
1769383305.8950436,None,0.00,None,28.67,None,0.00,None,39.67,None,26.67,None,30.66,None,9.00,None,27.00,None,40.66,None,54.68,None,None,None,3.33
1769383311.1984878,None,0.00,None,28.67,None,0.00,None,12.67,None,26.67,None,39.66,None,0.00,None,27.00,None,40.66,None,54.68,None,None,None,3.33
1769383311.202488,None,0.00,None,28.67,None,0.00,None,12.67,None,26.67,None,39.66,None,0.00,None,27.00,None,40.66,None,54.68,None,None,None,3.33
1769383311.3174865,None,0.00,None,28.67,None,0.00,None,12.67,None,26.67,None,39.66,None,0.00,None,27.00,None,40.66,None,54.68,None,None,None,3.33
1769383311.3214855,None,0.00,None,28.67,None,0.00,None,12.67,None,26.67,None,39.66,None,0.00,None,27.00,None,40.66,None,54.68,None,None,None,3.33
1769383311.4224932,None,0.00,None,28.67,None,0.00,None,12.67,None,17.67,None,39.66,None,0.00,None,15.00,None,40.66,None,54.68,None,None,None,None
1769383311.4254866,None,0.00,None,28.67,None,0.00,None,12.67,None,17.67,None,39.66,None,0.00,None,15.00,None,40.66,None,54.68,None,None,None,None
1769383314.3885238,None,0.00,None,None,None,0.00,None,12.67,None,9.00,None,35.33,None,0.00,None,15.00,None,38.99,None,54.68,None,None,None,None
1769383314.3925302,None,0.00,None,None,None,0.00,None,12.67,None,9.00,None,35.33,None,0.00,None,15.00,None,38.99,None,54.68,None,None,None,None
1769383314.4930496,None,0.00,None,None,None,0.00,None,12.67,None,9.00,None,35.33,None,0.00,None,15.00,None,38.99,None,54.68,None,None,None,None
1769383314.4960454,None,0.00,None,None,None,0.00,None,12.67,None,9.00,None,35.33,None,0.00,None,15.00,None,38.99,None,54.68,None,None,None,None
1769383314.6110482,None,0.00,None,None,None,0.00,None,12.67,None,9.00,None,35.33,None,0.00,None,15.00,None,38.99,None,54.68,None,None,None,None
1769383314.6160488,None,0.00,None,None,None,0.00,None,12.67,None,9.00,None,35.33,None,0.00,None,15.00,None,38.99,None,54.68,None,None,None,None
1769383319.4395728,None,0.00,None,None,None,0.00,None,4.00,None,None,None,31.00,None,0.00,None,15.00,None,47.99,None,49.68,None,0.00,None,None
1769383319.4445748,None,0.00,None,None,None,0.00,None,4.00,None,None,None,31.00,None,0.00,None,15.00,None,47.99,None,49.68,None,0.00,None,None
1769383319.5640962,None,0.00,None,None,None,0.00,None,13.00,None,None,None,31.00,None,0.00,None,15.00,None,47.99,None,49.68,None,0.00,None,None
1769383319.5670996,None,0.00,None,None,None,0.00,None,13.00,None,None,None,31.00,None,0.00,None,15.00,None,47.99,None,49.68,None,0.00,None,None
1769383337.9858053,None,0.00,None,9.00,None,None,None,22.00,None,None,None,22.00,None,0.00,None,15.00,None,40.33,None,32.01,None,None,None,3.33
1769383337.9888055,None,0.00,None,9.00,None,None,None,22.00,None,None,None,22.00,None,0.00,None,15.00,None,40.33,None,32.01,None,None,None,3.33
1769383338.128843,None,0.00,None,9.00,None,None,None,49.00,None,None,None,22.00,None,0.00,None,15.00,None,40.33,None,32.01,None,None,None,3.33
1769383338.1329105,None,0.00,None,9.00,None,None,None,49.00,None,None,None,22.00,None,0.00,None,15.00,None,40.33,None,32.01,None,None,None,3.33
1769383338.2508485,None,0.00,None,9.00,None,None,None,54.00,None,None,None,39.67,None,0.00,None,15.00,None,40.33,None,32.01,None,None,None,3.33
1769383338.2538426,None,0.00,None,9.00,None,None,None,54.00,None,None,None,39.67,None,0.00,None,15.00,None,40.33,None,32.01,None,None,None,3.33
1769383338.384842,None,0.00,None,9.00,None,None,None,54.00,None,None,None,48.67,None,0.00,None,15.00,None,40.33,None,32.01,None,None,None,3.33
1769383338.3878393,None,0.00,None,9.00,None,None,None,54.00,None,None,None,48.67,None,0.00,None,15.00,None,40.33,None,32.01,None,None,None,3.33
1769383338.4948404,None,0.00,None,9.00,None,None,None,54.00,None,None,None,52.00,None,0.00,None,15.00,None,40.33,None,49.68,None,None,None,3.33
1769383338.4978545,None,0.00,None,9.00,None,None,None,54.00,None,None,None,52.00,None,0.00,None,15.00,None,40.33,None,49.68,None,None,None,3.33
1769383338.6233993,None,0.00,None,18.00,None,None,None,54.00,None,None,None,53.67,None,8.67,None,15.00,None,40.33,None,54.01,None,None,None,6.66
1769383338.629405,None,0.00,None,18.00,None,None,None,54.00,None,None,None,53.67,None,8.67,None,15.00,None,40.33,None,54.01,None,None,None,6.66
1769383362.1313841,None,0.00,None,18.00,None,0.00,None,45.00,None,0.00,None,44.67,None,8.67,None,6.00,None,31.33,None,39.34,None,0.00,None,6.66
1769383362.134383,None,0.00,None,18.00,None,0.00,None,45.00,None,0.00,None,44.67,None,8.67,None,6.00,None,31.33,None,39.34,None,0.00,None,6.66
1769383362.2539246,None,0.00,None,18.00,None,0.00,None,45.00,None,0.00,None,44.67,None,8.67,None,6.00,None,31.33,None,43.34,None,0.00,None,6.66
1769383362.2569246,None,0.00,None,18.00,None,0.00,None,45.00,None,0.00,None,44.67,None,8.67,None,6.00,None,31.33,None,43.34,None,0.00,None,6.66
1769383362.379926,None,0.00,None,18.00,None,0.00,None,45.00,None,0.00,None,44.67,None,8.67,None,6.00,None,40.33,None,43.34,None,0.00,None,6.66
1769383362.3849304,None,0.00,None,18.00,None,0.00,None,45.00,None,0.00,None,44.67,None,8.67,None,6.00,None,40.33,None,43.34,None,0.00,None,6.66
1769383362.7909257,None,0.00,None,18.00,None,0.00,None,45.00,None,0.00,None,53.67,None,8.67,None,6.00,None,49.66,None,52.01,None,0.00,None,6.66
1769383362.794926,None,0.00,None,18.00,None,0.00,None,45.00,None,0.00,None,53.67,None,8.67,None,6.00,None,49.66,None,52.01,None,0.00,None,6.66
1769383362.95445,None,0.00,None,18.00,None,0.00,None,54.00,None,0.00,None,53.67,None,8.67,None,6.00,None,49.66,None,52.01,None,0.00,None,6.66
1769383362.9575267,None,0.00,None,18.00,None,0.00,None,54.00,None,0.00,None,53.67,None,8.67,None,6.00,None,49.66,None,52.01,None,0.00,None,6.66
1769383363.086508,None,0.00,None,18.00,None,0.00,None,54.00,None,0.00,None,53.67,None,8.67,None,15.00,None,49.66,None,52.01,None,0.00,None,6.66
1769383363.0895233,None,0.00,None,18.00,None,0.00,None,54.00,None,0.00,None,53.67,None,8.67,None,15.00,None,49.66,None,52.01,None,0.00,None,6.66
1769383366.0659392,None,0.00,None,18.00,None,0.00,None,54.00,None,0.00,None,53.67,None,8.67,None,9.00,None,49.66,None,43.34,None,0.00,None,3.33
1769383366.0699396,None,0.00,None,18.00,None,0.00,None,54.00,None,0.00,None,53.67,None,8.67,None,9.00,None,49.66,None,43.34,None,0.00,None,3.33
1769383378.2927814,None,0.00,None,18.00,None,0.00,None,54.00,None,None,None,53.67,None,8.67,None,9.00,None,49.66,None,43.34,None,0.00,None,3.33
1769383378.2977886,None,0.00,None,18.00,None,0.00,None,54.00,None,None,None,53.67,None,8.67,None,9.00,None,49.66,None,43.34,None,0.00,None,3.33
1769383378.4277809,None,0.00,None,18.00,None,0.00,None,54.00,None,None,None,53.67,None,8.67,None,9.00,None,49.66,None,43.34,None,0.00,None,3.33
1769383378.4297812,None,0.00,None,18.00,None,0.00,None,54.00,None,None,None,53.67,None,8.67,None,9.00,None,49.66,None,43.34,None,0.00,None,3.33
1769383378.5467787,None,0.00,None,18.00,None,0.00,None,54.00,None,None,None,53.67,None,8.67,None,26.67,None,49.66,None,52.67,None,0.00,None,3.33
1769383378.549778,None,0.00,None,18.00,None,0.00,None,54.00,None,None,None,53.67,None,8.67,None,26.67,None,49.66,None,52.67,None,0.00,None,3.33
1769383378.7157824,None,0.00,None,18.00,None,9.00,None,54.00,None,None,None,53.67,None,8.67,None,26.67,None,49.66,None,52.67,None,0.00,None,3.33
1769383378.718781,None,0.00,None,18.00,None,9.00,None,54.00,None,None,None,53.67,None,8.67,None,26.67,None,49.66,None,52.67,None,0.00,None,3.33
1769383378.8612895,None,9.00,None,26.67,None,9.00,None,54.00,None,None,None,53.67,None,8.67,None,30.00,None,53.99,None,54.34,None,0.00,None,3.33
1769383378.86529,None,9.00,None,26.67,None,9.00,None,54.00,None,None,None,53.67,None,8.67,None,30.00,None,53.99,None,54.34,None,0.00,None,3.33
1769383378.9873042,None,9.00,None,26.67,None,9.00,None,54.00,None,None,None,53.67,None,8.67,None,30.00,None,53.99,None,54.34,None,0.00,None,3.33
1769383378.9912963,None,9.00,None,26.67,None,9.00,None,54.00,None,None,None,53.67,None,8.67,None,30.00,None,53.99,None,54.34,None,0.00,None,3.33
1769383393.3258462,None,9.00,None,26.67,None,9.00,None,54.00,None,0.00,None,53.67,None,8.67,None,30.00,None,53.99,None,54.34,None,None,None,12.33
1769383393.3298464,None,9.00,None,26.67,None,9.00,None,54.00,None,0.00,None,53.67,None,8.67,None,30.00,None,53.99,None,54.34,None,None,None,12.33
1769383393.4538531,None,9.00,None,26.67,None,12.33,None,54.00,None,17.67,None,55.34,None,8.67,None,30.00,None,53.99,None,54.34,None,None,None,12.33
1769383393.456853,None,9.00,None,26.67,None,12.33,None,54.00,None,17.67,None,55.34,None,8.67,None,30.00,None,53.99,None,54.34,None,None,None,12.33
1769383393.6011777,None,9.00,None,26.67,None,12.33,None,54.00,None,26.67,None,55.34,None,8.67,None,30.00,None,53.99,None,54.34,None,None,None,12.33
1769383393.6041644,None,9.00,None,26.67,None,12.33,None,54.00,None,26.67,None,55.34,None,8.67,None,30.00,None,53.99,None,54.34,None,None,None,12.33
1769383393.7497537,None,9.00,None,26.67,None,12.33,None,54.00,None,26.67,None,55.34,None,8.67,None,30.00,None,53.99,None,54.34,None,None,None,12.33
1769383393.7537694,None,9.00,None,26.67,None,12.33,None,54.00,None,26.67,None,55.34,None,8.67,None,30.00,None,53.99,None,54.34,None,None,None,12.33
1769383393.8847535,None,26.67,None,26.67,None,12.33,None,54.00,None,30.00,None,55.34,None,8.67,None,30.00,None,53.99,None,54.34,None,None,None,12.33
1769383393.8897526,None,26.67,None,26.67,None,12.33,None,54.00,None,30.00,None,55.34,None,8.67,None,30.00,None,53.99,None,54.34,None,None,None,12.33
1769383394.0127518,None,26.67,None,26.67,None,12.33,None,54.00,None,30.00,None,55.34,None,8.67,None,30.00,None,53.99,None,54.34,None,None,None,12.33
1769383394.0177522,None,26.67,None,26.67,None,12.33,None,54.00,None,30.00,None,55.34,None,8.67,None,30.00,None,53.99,None,54.34,None,None,None,12.33
1769383396.4722142,None,26.67,None,26.67,None,12.33,None,54.00,None,30.00,None,46.34,None,8.67,None,30.00,None,44.66,None,45.67,None,None,None,12.33
1769383396.4772139,None,26.67,None,26.67,None,12.33,None,54.00,None,30.00,None,46.34,None,8.67,None,30.00,None,44.66,None,45.67,None,None,None,12.33
1769383406.2697654,None,26.67,None,26.67,None,12.33,None,54.00,None,30.00,None,46.34,None,8.67,None,30.00,None,44.66,None,45.67,None,0.00,None,12.33
1769383406.274762,None,26.67,None,26.67,None,12.33,None,54.00,None,30.00,None,46.34,None,8.67,None,30.00,None,44.66,None,45.67,None,0.00,None,12.33
1769383408.5221102,None,26.67,None,17.67,None,12.33,None,54.00,None,30.00,None,53.67,None,0.00,None,30.00,None,35.66,None,41.34,None,0.00,None,None
1769383408.5271091,None,26.67,None,17.67,None,12.33,None,54.00,None,30.00,None,53.67,None,0.00,None,30.00,None,35.66,None,41.34,None,0.00,None,None
1769383408.6595604,None,26.67,None,17.67,None,12.33,None,54.00,None,30.00,None,53.67,None,0.00,None,30.00,None,35.66,None,41.34,None,9.00,None,None
1769383408.6645668,None,26.67,None,17.67,None,12.33,None,54.00,None,30.00,None,53.67,None,0.00,None,30.00,None,35.66,None,41.34,None,9.00,None,None
1769383416.197816,None,26.67,None,17.67,None,12.33,None,49.00,None,30.00,None,36.00,None,0.00,None,30.00,None,35.66,None,41.34,None,9.00,None,None
1769383416.2028174,None,26.67,None,17.67,None,12.33,None,49.00,None,30.00,None,36.00,None,0.00,None,30.00,None,35.66,None,41.34,None,9.00,None,None
1769383417.4806225,None,26.67,None,26.67,None,12.33,None,49.00,None,30.00,None,36.00,None,0.00,None,30.00,None,35.66,None,41.34,None,9.00,None,None
1769383417.4856217,None,26.67,None,26.67,None,12.33,None,49.00,None,30.00,None,36.00,None,0.00,None,30.00,None,35.66,None,41.34,None,9.00,None,None
1769383417.639642,None,26.67,None,26.67,None,12.33,None,49.00,None,30.00,None,36.00,None,9.00,None,30.00,None,35.66,None,41.34,None,9.00,None,None
1769383417.6446428,None,26.67,None,26.67,None,12.33,None,49.00,None,30.00,None,36.00,None,9.00,None,30.00,None,35.66,None,41.34,None,9.00,None,None
1769383417.7926435,None,26.67,None,26.67,None,12.33,None,49.00,None,30.00,None,36.00,None,9.00,None,30.00,None,35.66,None,41.34,None,9.00,None,None
1769383417.7966464,None,26.67,None,26.67,None,12.33,None,49.00,None,30.00,None,36.00,None,9.00,None,30.00,None,35.66,None,41.34,None,9.00,None,None
1769383417.9372032,None,26.67,None,26.67,None,12.33,None,49.00,None,30.00,None,36.00,None,9.00,None,30.00,None,44.66,None,41.34,None,9.00,None,None
1769383417.943203,None,26.67,None,26.67,None,12.33,None,49.00,None,30.00,None,36.00,None,9.00,None,30.00,None,44.66,None,41.34,None,9.00,None,None
1769383418.0702977,None,26.67,None,26.67,None,12.33,None,49.00,None,30.00,None,36.00,None,9.00,None,30.00,None,53.66,None,41.34,None,9.00,None,None
1769383418.0753107,None,26.67,None,26.67,None,12.33,None,49.00,None,30.00,None,36.00,None,9.00,None,30.00,None,53.66,None,41.34,None,9.00,None,None
1769383418.2245493,None,26.67,None,26.67,None,12.33,None,49.00,None,30.00,None,36.00,None,9.00,None,30.00,None,53.66,None,50.34,None,9.00,None,None
1769383418.2295518,None,26.67,None,26.67,None,12.33,None,49.00,None,30.00,None,36.00,None,9.00,None,30.00,None,53.66,None,50.34,None,9.00,None,None
1769383421.1862423,None,26.67,None,17.67,None,12.33,None,49.00,None,30.00,None,41.67,None,9.00,None,30.00,None,53.66,None,32.67,None,9.00,None,None
1769383421.1912413,None,26.67,None,17.67,None,12.33,None,49.00,None,30.00,None,41.67,None,9.00,None,30.00,None,53.66,None,32.67,None,9.00,None,None
1769383441.5159698,None,26.67,None,17.67,None,12.33,None,49.00,None,30.00,None,50.67,None,9.00,None,30.00,None,53.66,None,50.67,None,9.00,None,9.00
1769383441.5199754,None,26.67,None,17.67,None,12.33,None,49.00,None,30.00,None,50.67,None,9.00,None,30.00,None,53.66,None,50.67,None,9.00,None,9.00
1769383441.667968,None,26.67,None,17.67,None,12.33,None,52.33,None,30.00,None,55.00,None,9.00,None,30.00,None,53.66,None,52.34,None,9.00,None,9.00
1769383441.6729674,None,26.67,None,17.67,None,12.33,None,52.33,None,30.00,None,55.00,None,9.00,None,30.00,None,53.66,None,52.34,None,9.00,None,9.00
1769383441.8009677,None,26.67,None,17.67,None,12.33,None,52.33,None,30.00,None,55.00,None,9.00,None,30.00,None,53.66,None,52.34,None,9.00,None,9.00
1769383441.8059785,None,26.67,None,17.67,None,12.33,None,52.33,None,30.00,None,55.00,None,9.00,None,30.00,None,53.66,None,52.34,None,9.00,None,9.00
1769383441.9539714,None,26.67,None,26.67,None,12.33,None,52.33,None,30.00,None,55.00,None,9.00,None,30.00,None,53.66,None,52.34,None,9.00,None,9.00
1769383441.956977,None,26.67,None,26.67,None,12.33,None,52.33,None,30.00,None,55.00,None,9.00,None,30.00,None,53.66,None,52.34,None,9.00,None,9.00
1769383442.464535,None,26.67,None,26.67,None,12.33,None,52.33,None,30.00,None,55.00,None,9.00,None,30.00,None,53.66,None,52.34,None,9.00,None,9.00
1769383442.468592,None,26.67,None,26.67,None,12.33,None,52.33,None,30.00,None,55.00,None,9.00,None,30.00,None,53.66,None,52.34,None,9.00,None,9.00
1769383442.6670494,None,26.67,None,26.67,None,12.33,None,52.33,None,30.00,None,55.00,None,9.00,None,30.00,None,53.66,None,52.34,None,9.00,None,9.00
1769383442.6710558,None,26.67,None,26.67,None,12.33,None,52.33,None,30.00,None,55.00,None,9.00,None,30.00,None,53.66,None,52.34,None,9.00,None,9.00
1769383444.8204062,None,26.67,None,26.67,None,12.33,None,52.33,None,30.00,None,55.00,None,9.00,None,30.00,None,53.66,None,52.34,None,9.00,None,None
1769383444.8244195,None,26.67,None,26.67,None,12.33,None,52.33,None,30.00,None,55.00,None,9.00,None,30.00,None,53.66,None,52.34,None,9.00,None,None
1769383446.2905056,None,26.67,None,26.67,None,12.33,None,43.33,None,30.00,None,46.00,None,9.00,None,30.00,None,53.66,None,52.34,None,9.00,None,None
1769383446.2965076,None,26.67,None,26.67,None,12.33,None,43.33,None,30.00,None,46.00,None,9.00,None,30.00,None,53.66,None,52.34,None,9.00,None,None
1769383446.4375079,None,26.67,None,26.67,None,12.33,None,43.33,None,30.00,None,55.00,None,9.00,None,30.00,None,53.66,None,52.34,None,9.00,None,None
1769383446.4415095,None,26.67,None,26.67,None,12.33,None,43.33,None,30.00,None,55.00,None,9.00,None,30.00,None,53.66,None,52.34,None,9.00,None,None
1769383451.647538,None,26.67,None,26.67,None,12.33,None,43.33,None,30.00,None,55.00,None,9.00,None,30.00,None,53.66,None,52.34,None,9.00,None,None
1769383451.652542,None,26.67,None,26.67,None,12.33,None,43.33,None,30.00,None,55.00,None,9.00,None,30.00,None,53.66,None,52.34,None,9.00,None,None
1769383451.7870488,None,26.67,None,26.67,None,12.33,None,43.33,None,30.00,None,55.00,None,9.00,None,30.00,None,53.66,None,52.34,None,9.00,None,None
1769383451.7920473,None,26.67,None,26.67,None,12.33,None,43.33,None,30.00,None,55.00,None,9.00,None,30.00,None,53.66,None,52.34,None,9.00,None,None
1769383451.951065,None,26.67,None,26.67,None,12.33,None,43.33,None,30.00,None,55.00,None,9.00,None,30.00,None,53.66,None,52.34,None,9.00,None,None
1769383451.9540641,None,26.67,None,26.67,None,12.33,None,43.33,None,30.00,None,55.00,None,9.00,None,30.00,None,53.66,None,52.34,None,9.00,None,None
1769383452.0780678,None,26.67,None,26.67,None,12.33,None,43.33,None,30.00,None,55.00,None,9.00,None,30.00,None,53.66,None,52.34,None,9.00,None,None
1769383452.0830836,None,26.67,None,26.67,None,12.33,None,43.33,None,30.00,None,55.00,None,9.00,None,30.00,None,53.66,None,52.34,None,9.00,None,None
1769383452.220584,None,26.67,None,26.67,None,12.33,None,43.33,None,30.00,None,55.00,None,9.00,None,30.00,None,53.66,None,52.34,None,9.00,None,None
1769383452.224581,None,26.67,None,26.67,None,12.33,None,43.33,None,30.00,None,55.00,None,9.00,None,30.00,None,53.66,None,52.34,None,9.00,None,None
1769383452.3745837,None,26.67,None,26.67,None,12.33,None,43.33,None,30.00,None,55.00,None,9.00,None,30.00,None,53.66,None,52.34,None,9.00,None,None
1769383452.3795826,None,26.67,None,26.67,None,12.33,None,43.33,None,30.00,None,55.00,None,9.00,None,30.00,None,53.66,None,52.34,None,9.00,None,None
1769383456.309717,None,26.67,None,26.67,None,12.33,None,43.33,None,30.00,None,55.00,None,9.00,None,30.00,None,53.66,None,52.34,None,9.00,None,None
1769383456.315721,None,26.67,None,26.67,None,12.33,None,43.33,None,30.00,None,55.00,None,9.00,None,30.00,None,53.66,None,52.34,None,9.00,None,None
1769383469.5635617,None,26.67,None,26.67,None,12.33,None,3.33,None,30.00,None,37.00,None,None,None,30.00,None,53.66,None,52.34,None,0.00,None,9.00
1769383469.5665646,None,26.67,None,26.67,None,12.33,None,3.33,None,30.00,None,37.00,None,None,None,30.00,None,53.66,None,52.34,None,0.00,None,9.00
1769383478.730261,None,26.67,None,26.67,None,12.33,None,16.33,None,30.00,None,49.00,None,None,None,30.00,None,53.66,None,52.34,None,0.00,None,9.00
1769383478.733261,None,26.67,None,26.67,None,12.33,None,16.33,None,30.00,None,49.00,None,None,None,30.00,None,53.66,None,52.34,None,0.00,None,9.00
1769383478.861261,None,26.67,None,26.67,None,12.33,None,37.33,None,30.00,None,55.00,None,None,None,30.00,None,53.66,None,52.34,None,0.00,None,9.00
1769383478.8663287,None,26.67,None,26.67,None,12.33,None,37.33,None,30.00,None,55.00,None,None,None,30.00,None,53.66,None,52.34,None,0.00,None,9.00
1769383479.4141765,None,26.67,None,26.67,None,12.33,None,55.33,None,30.00,None,55.00,None,None,None,30.00,None,53.66,None,52.34,None,9.00,None,9.00
1769383479.4196556,None,26.67,None,26.67,None,12.33,None,55.33,None,30.00,None,55.00,None,None,None,30.00,None,53.66,None,52.34,None,9.00,None,9.00
1769383479.575851,None,26.67,None,26.67,None,12.33,None,55.33,None,30.00,None,55.00,None,None,None,30.00,None,53.66,None,52.34,None,9.00,None,9.00
1769383479.5798542,None,26.67,None,26.67,None,12.33,None,55.33,None,30.00,None,55.00,None,None,None,30.00,None,53.66,None,52.34,None,9.00,None,9.00
1769383479.7353683,None,26.67,None,26.67,None,12.33,None,55.33,None,30.00,None,55.00,None,None,None,30.00,None,53.66,None,52.34,None,9.00,None,9.00
1769383479.7403672,None,26.67,None,26.67,None,12.33,None,55.33,None,30.00,None,55.00,None,None,None,30.00,None,53.66,None,52.34,None,9.00,None,9.00
1769383479.8868837,None,26.67,None,26.67,None,12.33,None,55.33,None,30.00,None,55.00,None,None,None,30.00,None,53.66,None,52.34,None,9.00,None,9.00
1769383479.8908827,None,26.67,None,26.67,None,12.33,None,55.33,None,30.00,None,55.00,None,None,None,30.00,None,53.66,None,52.34,None,9.00,None,9.00
1769383481.4039195,None,17.67,None,18.00,None,12.33,None,55.33,None,30.00,None,55.00,None,None,None,26.67,None,36.33,None,50.67,None,9.00,None,9.00
1769383481.4069247,None,17.67,None,18.00,None,12.33,None,55.33,None,30.00,None,55.00,None,None,None,26.67,None,36.33,None,50.67,None,9.00,None,9.00
1769383481.541919,None,17.67,None,18.00,None,12.33,None,55.33,None,30.00,None,55.00,None,None,None,26.67,None,49.33,None,50.67,None,9.00,None,9.00
1769383481.544919,None,17.67,None,18.00,None,12.33,None,55.33,None,30.00,None,55.00,None,None,None,26.67,None,49.33,None,50.67,None,9.00,None,9.00
1769383481.686917,None,17.67,None,18.00,None,12.33,None,55.33,None,30.00,None,55.00,None,None,None,26.67,None,49.33,None,50.67,None,9.00,None,9.00
1769383481.689917,None,17.67,None,18.00,None,12.33,None,55.33,None,30.00,None,55.00,None,None,None,26.67,None,49.33,None,50.67,None,9.00,None,9.00
1769383486.41463,None,17.67,None,18.00,None,12.33,None,55.33,None,30.00,None,37.00,None,None,None,17.67,None,31.00,None,42.00,None,9.00,None,9.00
1769383486.4186363,None,17.67,None,18.00,None,12.33,None,55.33,None,30.00,None,37.00,None,None,None,17.67,None,31.00,None,42.00,None,9.00,None,9.00
1769383487.734625,None,0.00,None,None,None,12.33,None,55.33,None,26.67,None,37.00,None,None,None,17.67,None,22.00,None,51.00,None,9.00,None,9.00
1769383487.7386384,None,0.00,None,None,None,12.33,None,55.33,None,26.67,None,37.00,None,None,None,17.67,None,22.00,None,51.00,None,9.00,None,9.00
1769383487.8856614,None,0.00,None,None,None,12.33,None,55.33,None,26.67,None,37.00,None,None,None,17.67,None,22.00,None,51.00,None,9.00,None,9.00
1769383487.8906546,None,0.00,None,None,None,12.33,None,55.33,None,26.67,None,37.00,None,None,None,17.67,None,22.00,None,51.00,None,9.00,None,9.00
1769383488.020187,None,9.00,None,None,None,12.33,None,55.33,None,26.67,None,37.00,None,None,None,17.67,None,22.00,None,51.00,None,9.00,None,9.00
1769383488.0261917,None,9.00,None,None,None,12.33,None,55.33,None,26.67,None,37.00,None,None,None,17.67,None,22.00,None,51.00,None,9.00,None,9.00
1769383488.1551874,None,9.00,None,None,None,12.33,None,55.33,None,26.67,None,37.00,None,None,None,17.67,None,22.00,None,51.00,None,9.00,None,9.00
1769383488.159188,None,9.00,None,None,None,12.33,None,55.33,None,26.67,None,37.00,None,None,None,17.67,None,22.00,None,51.00,None,9.00,None,9.00
1769383488.2801874,None,9.00,None,None,None,12.33,None,55.33,None,26.67,None,46.00,None,None,None,17.67,None,22.00,None,51.00,None,9.00,None,9.00
1769383488.28527,None,9.00,None,None,None,12.33,None,55.33,None,26.67,None,46.00,None,None,None,17.67,None,22.00,None,51.00,None,9.00,None,9.00
1769383495.1019301,None,18.00,None,None,None,12.33,None,55.33,None,26.67,None,46.00,None,0.00,None,17.67,None,22.00,None,51.00,None,9.00,None,None
1769383495.1059291,None,18.00,None,None,None,12.33,None,55.33,None,26.67,None,46.00,None,0.00,None,17.67,None,22.00,None,51.00,None,9.00,None,None
1769383505.5872092,None,18.00,None,None,None,3.33,None,37.33,None,26.67,None,55.00,None,None,None,0.00,None,9.00,None,41.67,None,None,None,None
1769383505.5922077,None,18.00,None,None,None,3.33,None,37.33,None,26.67,None,55.00,None,None,None,0.00,None,9.00,None,41.67,None,None,None,None
1769383507.8375297,None,18.00,None,0.00,None,3.33,None,37.33,None,26.67,None,55.00,None,None,None,0.00,None,13.00,None,41.67,None,None,None,None
1769383507.8415287,None,18.00,None,0.00,None,3.33,None,37.33,None,26.67,None,55.00,None,None,None,0.00,None,13.00,None,41.67,None,None,None,None
1769383507.9555287,None,18.00,None,0.00,None,3.33,None,37.33,None,26.67,None,55.00,None,None,None,27.00,None,13.00,None,41.67,None,None,None,None
1769383507.9585288,None,18.00,None,0.00,None,3.33,None,37.33,None,26.67,None,55.00,None,None,None,27.00,None,13.00,None,41.67,None,None,None,None
1769383508.5186105,None,18.00,None,25.33,None,3.33,None,37.33,None,26.67,None,55.00,None,None,None,28.67,None,13.00,None,41.67,None,None,None,None
1769383508.5236151,None,18.00,None,25.33,None,3.33,None,37.33,None,26.67,None,55.00,None,None,None,28.67,None,13.00,None,41.67,None,None,None,None
1769383508.6781752,None,18.00,None,25.33,None,3.33,None,37.33,None,26.67,None,55.00,None,None,None,28.67,None,13.00,None,41.67,None,None,None,None
1769383508.683172,None,18.00,None,25.33,None,3.33,None,37.33,None,26.67,None,55.00,None,None,None,28.67,None,13.00,None,41.67,None,None,None,None
1769383508.8464897,None,26.67,None,28.66,None,3.33,None,37.33,None,26.67,None,55.00,None,None,None,28.67,None,22.00,None,41.67,None,None,None,None
1769383508.8494911,None,26.67,None,28.66,None,3.33,None,37.33,None,26.67,None,55.00,None,None,None,28.67,None,22.00,None,41.67,None,None,None,None
1769383509.00849,None,28.34,None,28.66,None,3.33,None,37.33,None,26.67,None,55.00,None,None,None,28.67,None,47.33,None,41.67,None,None,None,None
1769383509.01149,None,28.34,None,28.66,None,3.33,None,37.33,None,26.67,None,55.00,None,None,None,28.67,None,47.33,None,41.67,None,None,None,None
1769383511.4521437,None,28.34,None,28.66,None,3.33,None,34.00,None,26.67,None,50.67,None,None,None,28.67,None,47.33,None,40.00,None,None,None,None
1769383511.4571443,None,28.34,None,28.66,None,3.33,None,34.00,None,26.67,None,50.67,None,None,None,28.67,None,47.33,None,40.00,None,None,None,None
1769383516.5178761,None,28.34,None,28.66,None,0.00,None,34.00,None,9.00,None,49.00,None,None,None,28.67,None,47.33,None,40.00,None,None,None,0.00
1769383516.5228765,None,28.34,None,28.66,None,0.00,None,34.00,None,9.00,None,49.00,None,None,None,28.67,None,47.33,None,40.00,None,None,None,0.00
1769383526.5460076,None,28.34,None,28.66,None,0.00,None,34.00,None,0.00,None,40.00,None,0.00,None,28.67,None,47.33,None,40.00,None,0.00,None,0.00
1769383526.5490077,None,28.34,None,28.66,None,0.00,None,34.00,None,0.00,None,40.00,None,0.00,None,28.67,None,47.33,None,40.00,None,0.00,None,0.00
1769383531.5679593,None,28.34,None,28.66,None,0.00,None,34.00,None,0.00,None,40.00,None,9.00,None,28.67,None,47.33,None,40.00,None,None,None,0.00
1769383531.5719619,None,28.34,None,28.66,None,0.00,None,34.00,None,0.00,None,40.00,None,9.00,None,28.67,None,47.33,None,40.00,None,None,None,0.00
1769383534.93622,None,28.34,None,28.66,None,0.00,None,34.00,None,9.00,None,40.00,None,9.00,None,28.67,None,47.33,None,40.00,None,None,None,0.00
1769383534.9412353,None,28.34,None,28.66,None,0.00,None,34.00,None,9.00,None,40.00,None,9.00,None,28.67,None,47.33,None,40.00,None,None,None,0.00
1769383535.081219,None,28.34,None,28.66,None,0.00,None,34.00,None,13.33,None,49.00,None,10.67,None,28.67,None,50.66,None,48.67,None,None,None,0.00
1769383535.0852191,None,28.34,None,28.66,None,0.00,None,34.00,None,13.33,None,49.00,None,10.67,None,28.67,None,50.66,None,48.67,None,None,None,0.00
1769383535.2331765,None,28.34,None,28.66,None,0.00,None,51.67,None,13.33,None,49.00,None,10.67,None,28.67,None,53.99,None,48.67,None,None,None,0.00
1769383535.2371762,None,28.34,None,28.66,None,0.00,None,51.67,None,13.33,None,49.00,None,10.67,None,28.67,None,53.99,None,48.67,None,None,None,0.00
1769383535.4111767,None,28.34,None,28.66,None,0.00,None,51.67,None,13.33,None,49.00,None,10.67,None,28.67,None,53.99,None,48.67,None,None,None,0.00
1769383535.4152517,None,28.34,None,28.66,None,0.00,None,51.67,None,13.33,None,49.00,None,10.67,None,28.67,None,53.99,None,48.67,None,None,None,0.00
1769383535.5511756,None,28.34,None,28.66,None,0.00,None,51.67,None,13.33,None,49.00,None,10.67,None,28.67,None,53.99,None,48.67,None,None,None,0.00
1769383535.5561798,None,28.34,None,28.66,None,0.00,None,51.67,None,13.33,None,49.00,None,10.67,None,28.67,None,53.99,None,48.67,None,None,None,0.00
1769383535.7064605,None,28.34,None,28.66,None,0.00,None,51.67,None,13.33,None,49.00,None,10.67,None,28.67,None,53.99,None,48.67,None,None,None,0.00
1769383535.7119734,None,28.34,None,28.66,None,0.00,None,51.67,None,13.33,None,49.00,None,10.67,None,28.67,None,53.99,None,48.67,None,None,None,0.00
1769383536.623414,None,10.34,None,28.66,None,0.00,None,51.67,None,13.33,None,49.00,None,10.67,None,28.67,None,53.99,None,39.67,None,None,None,0.00
1769383536.6264129,None,10.34,None,28.66,None,0.00,None,51.67,None,13.33,None,49.00,None,10.67,None,28.67,None,53.99,None,39.67,None,None,None,0.00
1769383536.7504103,None,10.34,None,28.66,None,0.00,None,51.67,None,13.33,None,49.00,None,10.67,None,28.67,None,53.99,None,39.67,None,None,None,0.00
1769383536.7524107,None,10.34,None,28.66,None,0.00,None,51.67,None,13.33,None,49.00,None,10.67,None,28.67,None,53.99,None,39.67,None,None,None,0.00
1769383536.8874145,None,19.34,None,28.66,None,0.00,None,51.67,None,13.33,None,49.00,None,10.67,None,28.67,None,53.99,None,39.67,None,None,None,0.00
1769383536.8914149,None,19.34,None,28.66,None,0.00,None,51.67,None,13.33,None,49.00,None,10.67,None,28.67,None,53.99,None,39.67,None,None,None,0.00
1769383537.0194504,None,19.34,None,28.66,None,0.00,None,51.67,None,13.33,None,49.00,None,10.67,None,28.67,None,53.99,None,39.67,None,None,None,0.00
1769383537.0224469,None,19.34,None,28.66,None,0.00,None,51.67,None,13.33,None,49.00,None,10.67,None,28.67,None,53.99,None,39.67,None,None,None,0.00
1769383553.5187423,None,10.34,None,28.66,None,0.00,None,51.67,None,13.33,None,52.33,None,1.67,None,28.67,None,53.99,None,48.34,None,0.00,None,0.00
1769383553.523745,None,10.34,None,28.66,None,0.00,None,51.67,None,13.33,None,52.33,None,1.67,None,28.67,None,53.99,None,48.34,None,0.00,None,0.00
1769383553.677738,None,10.34,None,28.66,None,9.00,None,51.67,None,13.33,None,52.33,None,1.67,None,28.67,None,53.99,None,48.34,None,0.00,None,0.00
1769383553.680738,None,10.34,None,28.66,None,9.00,None,51.67,None,13.33,None,52.33,None,1.67,None,28.67,None,53.99,None,48.34,None,0.00,None,0.00
1769383553.8222544,None,10.34,None,28.66,None,9.00,None,55.00,None,13.33,None,54.00,None,1.67,None,28.67,None,53.99,None,52.67,None,8.67,None,9.00
1769383553.8252544,None,10.34,None,28.66,None,9.00,None,55.00,None,13.33,None,54.00,None,1.67,None,28.67,None,53.99,None,52.67,None,8.67,None,9.00
1769383553.9972575,None,10.34,None,28.66,None,9.00,None,55.00,None,13.33,None,54.00,None,1.67,None,28.67,None,53.99,None,52.67,None,8.67,None,9.00
1769383554.000256,None,10.34,None,28.66,None,9.00,None,55.00,None,13.33,None,54.00,None,1.67,None,28.67,None,53.99,None,52.67,None,8.67,None,9.00
1769383554.1402583,None,10.34,None,28.66,None,12.33,None,55.00,None,22.00,None,54.00,None,10.67,None,28.67,None,53.99,None,54.34,None,8.67,None,9.00
1769383554.1432672,None,10.34,None,28.66,None,12.33,None,55.00,None,22.00,None,54.00,None,10.67,None,28.67,None,53.99,None,54.34,None,8.67,None,9.00
1769383554.3093994,None,28.01,None,28.66,None,12.33,None,55.00,None,22.00,None,54.00,None,10.67,None,28.67,None,53.99,None,54.34,None,12.00,None,9.00
1769383554.315399,None,28.01,None,28.66,None,12.33,None,55.00,None,22.00,None,54.00,None,10.67,None,28.67,None,53.99,None,54.34,None,12.00,None,9.00
1769383556.4197202,None,28.01,None,28.66,None,12.33,None,51.67,None,22.00,None,55.33,None,10.67,None,28.67,None,53.99,None,32.01,None,None,None,0.00
1769383556.4247236,None,28.01,None,28.66,None,12.33,None,51.67,None,22.00,None,55.33,None,10.67,None,28.67,None,53.99,None,32.01,None,None,None,0.00
1769383573.1777112,None,28.01,None,28.66,None,12.33,None,55.00,None,22.00,None,55.33,None,10.67,None,28.67,None,53.99,None,49.68,None,None,None,0.00
1769383573.1837096,None,28.01,None,28.66,None,12.33,None,55.00,None,22.00,None,55.33,None,10.67,None,28.67,None,53.99,None,49.68,None,None,None,0.00
1769383573.3235235,None,28.01,None,28.66,None,12.33,None,55.00,None,22.00,None,55.33,None,10.67,None,28.67,None,53.99,None,49.68,None,None,None,9.00
1769383573.326538,None,28.01,None,28.66,None,12.33,None,55.00,None,22.00,None,55.33,None,10.67,None,28.67,None,53.99,None,49.68,None,None,None,9.00
1769383573.4855163,None,28.01,None,28.66,None,12.33,None,55.00,None,22.00,None,55.33,None,10.67,None,28.67,None,53.99,None,53.01,None,None,None,9.00
1769383573.4895203,None,28.01,None,28.66,None,12.33,None,55.00,None,22.00,None,55.33,None,10.67,None,28.67,None,53.99,None,53.01,None,None,None,9.00
1769383573.6510413,None,28.01,None,28.66,None,12.33,None,55.00,None,22.00,None,55.33,None,10.67,None,28.67,None,53.99,None,53.01,None,None,None,9.00
1769383573.6540372,None,28.01,None,28.66,None,12.33,None,55.00,None,22.00,None,55.33,None,10.67,None,28.67,None,53.99,None,53.01,None,None,None,9.00
1769383573.8120394,None,28.01,None,28.66,None,12.33,None,55.00,None,22.00,None,55.33,None,10.67,None,28.67,None,53.99,None,53.01,None,None,None,9.00
1769383573.8170414,None,28.01,None,28.66,None,12.33,None,55.00,None,22.00,None,55.33,None,10.67,None,28.67,None,53.99,None,53.01,None,None,None,9.00
1769383573.9630346,None,28.01,None,28.66,None,12.33,None,55.00,None,22.00,None,55.33,None,10.67,None,28.67,None,53.99,None,53.01,None,None,None,9.00
1769383573.9660335,None,28.01,None,28.66,None,12.33,None,55.00,None,22.00,None,55.33,None,10.67,None,28.67,None,53.99,None,53.01,None,None,None,9.00
1769383574.0960367,None,19.34,None,None,None,12.33,None,55.00,None,22.00,None,55.33,None,10.67,None,27.00,None,44.99,None,53.01,None,None,None,9.00
1769383574.0990376,None,19.34,None,None,None,12.33,None,55.00,None,22.00,None,55.33,None,10.67,None,27.00,None,44.99,None,53.01,None,None,None,9.00
1769383574.2377293,None,19.34,None,None,None,12.33,None,55.00,None,22.00,None,55.33,None,10.67,None,27.00,None,44.99,None,53.01,None,None,None,9.00
1769383574.241734,None,19.34,None,None,None,12.33,None,55.00,None,22.00,None,55.33,None,10.67,None,27.00,None,44.99,None,53.01,None,None,None,9.00
1769383574.3667333,None,27.00,None,None,None,12.33,None,55.00,None,22.00,None,55.33,None,10.67,None,28.67,None,53.66,None,53.01,None,None,None,9.00
1769383574.371734,None,27.00,None,None,None,12.33,None,55.00,None,22.00,None,55.33,None,10.67,None,28.67,None,53.66,None,53.01,None,None,None,9.00
1769383574.5087283,None,27.00,None,None,None,12.33,None,55.00,None,22.00,None,55.33,None,10.67,None,28.67,None,53.66,None,53.01,None,None,None,9.00
1769383574.5138164,None,27.00,None,None,None,12.33,None,55.00,None,22.00,None,55.33,None,10.67,None,28.67,None,53.66,None,53.01,None,None,None,9.00
1769383576.7187686,None,27.00,None,None,None,12.33,None,55.00,None,22.00,None,55.33,None,10.67,None,28.67,None,53.66,None,53.01,None,3.33,None,9.00
1769383576.722683,None,27.00,None,None,None,12.33,None,55.00,None,22.00,None,55.33,None,10.67,None,28.67,None,53.66,None,53.01,None,3.33,None,9.00
1769383582.9304879,None,27.00,None,None,None,12.33,None,55.00,None,22.00,None,55.33,None,10.67,None,28.67,None,53.66,None,53.01,None,3.33,None,None
1769383582.9354908,None,27.00,None,None,None,12.33,None,55.00,None,22.00,None,55.33,None,10.67,None,28.67,None,53.66,None,53.01,None,3.33,None,None
1769383593.2431765,None,27.00,None,None,None,12.33,None,55.00,None,22.00,None,55.33,None,10.67,None,28.67,None,53.66,None,53.01,None,3.33,None,None
1769383593.2471762,None,27.00,None,None,None,12.33,None,55.00,None,22.00,None,55.33,None,10.67,None,28.67,None,53.66,None,53.01,None,3.33,None,None
1769383593.4054205,None,27.00,None,None,None,12.33,None,55.00,None,22.00,None,55.33,None,10.67,None,28.67,None,53.66,None,53.01,None,3.33,None,None
1769383593.4104211,None,27.00,None,None,None,12.33,None,55.00,None,22.00,None,55.33,None,10.67,None,28.67,None,53.66,None,53.01,None,3.33,None,None
1769383593.5574186,None,27.00,None,None,None,12.33,None,55.00,None,22.00,None,55.33,None,10.67,None,28.67,None,53.66,None,53.01,None,12.33,None,None
1769383593.5624182,None,27.00,None,None,None,12.33,None,55.00,None,22.00,None,55.33,None,10.67,None,28.67,None,53.66,None,53.01,None,12.33,None,None
1769383593.7101257,None,27.00,None,None,None,12.33,None,55.00,None,22.00,None,55.33,None,10.67,None,28.67,None,53.66,None,53.01,None,12.33,None,None
1769383593.7131257,None,27.00,None,None,None,12.33,None,55.00,None,22.00,None,55.33,None,10.67,None,28.67,None,53.66,None,53.01,None,12.33,None,None
1769383593.851135,None,27.00,None,None,None,12.33,None,55.00,None,22.00,None,55.33,None,10.67,None,28.67,None,53.66,None,53.01,None,12.33,None,None
1769383593.8566453,None,27.00,None,None,None,12.33,None,55.00,None,22.00,None,55.33,None,10.67,None,28.67,None,53.66,None,53.01,None,12.33,None,None
1769383594.0231726,None,27.00,None,None,None,12.33,None,55.00,None,22.00,None,55.33,None,10.67,None,28.67,None,53.66,None,53.01,None,12.33,None,None
1769383594.027173,None,27.00,None,None,None,12.33,None,55.00,None,22.00,None,55.33,None,10.67,None,28.67,None,53.66,None,53.01,None,12.33,None,None
1769383596.7899952,None,27.00,None,0.00,None,12.33,None,55.00,None,22.00,None,55.33,None,10.67,None,28.67,None,53.66,None,53.01,None,12.33,None,None
1769383596.7950706,None,27.00,None,0.00,None,12.33,None,55.00,None,22.00,None,55.33,None,10.67,None,28.67,None,53.66,None,53.01,None,12.33,None,None
1769383606.7992575,None,9.33,None,0.00,None,12.33,None,25.00,None,22.00,None,37.33,None,10.67,None,28.67,None,53.66,None,49.01,None,None,None,9.00
1769383606.8022566,None,9.33,None,0.00,None,12.33,None,25.00,None,22.00,None,37.33,None,10.67,None,28.67,None,53.66,None,49.01,None,None,None,9.00
1769383606.9762588,None,9.33,None,0.00,None,12.33,None,25.00,None,22.00,None,37.33,None,10.67,None,28.67,None,53.66,None,53.01,None,None,None,9.00
1769383606.9812596,None,9.33,None,0.00,None,12.33,None,25.00,None,22.00,None,37.33,None,10.67,None,28.67,None,53.66,None,53.01,None,None,None,9.00
1769383622.3945856,None,0.00,None,0.00,None,12.33,None,25.00,None,22.00,None,37.33,None,10.67,None,0.00,None,44.99,None,54.68,None,None,None,9.00
1769383622.3975852,None,0.00,None,0.00,None,12.33,None,25.00,None,22.00,None,37.33,None,10.67,None,0.00,None,44.99,None,54.68,None,None,None,9.00
1769383622.5391133,None,0.00,None,0.00,None,12.33,None,25.00,None,22.00,None,55.00,None,10.67,None,0.00,None,49.99,None,54.68,None,None,None,9.00
1769383622.544111,None,0.00,None,0.00,None,12.33,None,25.00,None,22.00,None,55.00,None,10.67,None,0.00,None,49.99,None,54.68,None,None,None,9.00
1769383622.7146273,None,0.00,None,0.00,None,12.33,None,25.00,None,22.00,None,55.00,None,10.67,None,0.00,None,49.99,None,54.68,None,None,None,9.00
1769383622.7176266,None,0.00,None,0.00,None,12.33,None,25.00,None,22.00,None,55.00,None,10.67,None,0.00,None,49.99,None,54.68,None,None,None,9.00
1769383622.882148,None,0.00,None,0.00,None,12.33,None,25.00,None,22.00,None,55.00,None,10.67,None,0.00,None,49.99,None,54.68,None,None,None,9.00
1769383622.8871498,None,0.00,None,0.00,None,12.33,None,25.00,None,22.00,None,55.00,None,10.67,None,0.00,None,49.99,None,54.68,None,None,None,9.00
1769383623.0451498,None,0.00,None,0.00,None,12.33,None,42.67,None,22.00,None,55.00,None,10.67,None,0.00,None,53.32,None,54.68,None,None,None,9.00
1769383623.048154,None,0.00,None,0.00,None,12.33,None,42.67,None,22.00,None,55.00,None,10.67,None,0.00,None,53.32,None,54.68,None,None,None,9.00
1769383623.2251492,None,0.00,None,0.00,None,12.33,None,54.67,None,22.00,None,55.00,None,10.67,None,0.00,None,53.32,None,54.68,None,None,None,9.00
1769383623.2291484,None,0.00,None,0.00,None,12.33,None,54.67,None,22.00,None,55.00,None,10.67,None,0.00,None,53.32,None,54.68,None,None,None,9.00
1769383627.0439003,None,0.00,None,0.00,None,9.00,None,54.67,None,13.33,None,52.00,None,1.67,None,0.00,None,53.32,None,44.01,None,9.00,None,9.00
1769383627.0468984,None,0.00,None,0.00,None,9.00,None,54.67,None,13.33,None,52.00,None,1.67,None,0.00,None,53.32,None,44.01,None,9.00,None,9.00
1769383627.1959002,None,0.00,None,0.00,None,9.00,None,54.67,None,13.33,None,52.00,None,1.67,None,0.00,None,53.32,None,44.01,None,9.00,None,9.00
1769383627.199899,None,0.00,None,0.00,None,9.00,None,54.67,None,13.33,None,52.00,None,1.67,None,0.00,None,53.32,None,44.01,None,9.00,None,9.00
1769383627.3489013,None,0.00,None,0.00,None,9.00,None,54.67,None,13.33,None,52.00,None,1.67,None,0.00,None,53.32,None,53.01,None,9.00,None,9.00
1769383627.351913,None,0.00,None,0.00,None,9.00,None,54.67,None,13.33,None,52.00,None,1.67,None,0.00,None,53.32,None,53.01,None,9.00,None,9.00
1769383632.0816927,None,0.00,None,0.00,None,9.00,None,54.67,None,13.33,None,52.00,None,1.67,None,27.00,None,53.32,None,53.01,None,9.00,None,9.00
1769383632.0856955,None,0.00,None,0.00,None,9.00,None,54.67,None,13.33,None,52.00,None,1.67,None,27.00,None,53.32,None,53.01,None,9.00,None,9.00
1769383637.6946476,None,0.00,None,0.00,None,9.00,None,46.00,None,13.33,None,52.00,None,1.67,None,27.00,None,49.99,None,53.01,None,9.00,None,9.00
1769383637.6996486,None,0.00,None,0.00,None,9.00,None,46.00,None,13.33,None,52.00,None,1.67,None,27.00,None,49.99,None,53.01,None,9.00,None,9.00
1769383637.8566482,None,0.00,None,0.00,None,9.00,None,55.00,None,13.33,None,52.00,None,1.67,None,27.00,None,49.99,None,53.01,None,9.00,None,9.00
1769383637.8616588,None,0.00,None,0.00,None,9.00,None,55.00,None,13.33,None,52.00,None,1.67,None,27.00,None,49.99,None,53.01,None,9.00,None,9.00
1769383638.016243,None,0.00,None,9.00,None,9.00,None,55.00,None,13.33,None,52.00,None,1.67,None,27.00,None,49.99,None,53.01,None,9.00,None,9.00
1769383638.020252,None,0.00,None,9.00,None,9.00,None,55.00,None,13.33,None,52.00,None,1.67,None,27.00,None,49.99,None,53.01,None,9.00,None,9.00
1769383638.198831,None,0.00,None,18.00,None,9.00,None,55.00,None,13.33,None,52.00,None,1.67,None,27.00,None,49.99,None,53.01,None,9.00,None,9.00
1769383638.2038295,None,0.00,None,18.00,None,9.00,None,55.00,None,13.33,None,52.00,None,1.67,None,27.00,None,49.99,None,53.01,None,9.00,None,9.00
1769383638.3850682,None,0.00,None,27.00,None,9.00,None,55.00,None,13.33,None,52.00,None,1.67,None,27.00,None,49.99,None,53.01,None,9.00,None,9.00
1769383638.3890722,None,0.00,None,27.00,None,9.00,None,55.00,None,13.33,None,52.00,None,1.67,None,27.00,None,49.99,None,53.01,None,9.00,None,9.00
1769383638.5652094,None,9.00,None,27.00,None,9.00,None,55.00,None,13.33,None,52.00,None,1.67,None,27.00,None,49.99,None,53.01,None,9.00,None,9.00
1769383638.569212,None,9.00,None,27.00,None,9.00,None,55.00,None,13.33,None,52.00,None,1.67,None,27.00,None,49.99,None,53.01,None,9.00,None,9.00
1769383638.7632067,None,18.00,None,27.00,None,9.00,None,55.00,None,13.33,None,52.00,None,1.67,None,27.00,None,49.99,None,53.01,None,9.00,None,9.00
1769383638.7682076,None,18.00,None,27.00,None,9.00,None,55.00,None,13.33,None,52.00,None,1.67,None,27.00,None,49.99,None,53.01,None,9.00,None,9.00
1769383642.173737,None,27.00,None,27.00,None,9.00,None,55.00,None,9.00,None,52.33,None,0.00,None,27.00,None,46.66,None,53.01,None,9.00,None,9.00
1769383642.1787412,None,27.00,None,27.00,None,9.00,None,55.00,None,9.00,None,52.33,None,0.00,None,27.00,None,46.66,None,53.01,None,9.00,None,9.00
1769383647.1916335,None,27.00,None,27.00,None,9.00,None,55.00,None,18.00,None,52.33,None,0.00,None,27.00,None,46.66,None,53.01,None,9.00,None,9.00
1769383647.196645,None,27.00,None,27.00,None,9.00,None,55.00,None,18.00,None,52.33,None,0.00,None,27.00,None,46.66,None,53.01,None,9.00,None,9.00
1769383652.4243672,None,18.00,None,27.00,None,9.00,None,55.33,None,9.00,None,51.67,None,0.00,None,0.00,None,46.66,None,53.34,None,9.00,None,None
1769383652.429367,None,18.00,None,27.00,None,9.00,None,55.33,None,9.00,None,51.67,None,0.00,None,0.00,None,46.66,None,53.34,None,9.00,None,None
1769383662.9111617,None,18.00,None,27.00,None,9.00,None,55.33,None,9.00,None,51.67,None,0.00,None,0.00,None,46.66,None,53.34,None,9.00,None,None
1769383662.9151626,None,18.00,None,27.00,None,9.00,None,55.33,None,9.00,None,51.67,None,0.00,None,0.00,None,46.66,None,53.34,None,9.00,None,None
1769383663.1091607,None,18.00,None,27.00,None,9.00,None,55.33,None,9.00,None,51.67,None,0.00,None,17.67,None,54.32,None,55.01,None,9.00,None,None
1769383663.114167,None,18.00,None,27.00,None,9.00,None,55.33,None,9.00,None,51.67,None,0.00,None,17.67,None,54.32,None,55.01,None,9.00,None,None
1769383663.2861798,None,18.00,None,27.00,None,9.00,None,55.33,None,9.00,None,53.34,None,0.00,None,17.67,None,54.32,None,55.01,None,9.00,None,None
1769383663.2891796,None,18.00,None,27.00,None,9.00,None,55.33,None,9.00,None,53.34,None,0.00,None,17.67,None,54.32,None,55.01,None,9.00,None,None
1769383663.427208,None,18.00,None,27.00,None,9.00,None,55.33,None,9.00,None,55.01,None,0.00,None,26.67,None,54.32,None,55.01,None,9.00,None,None
1769383663.433214,None,18.00,None,27.00,None,9.00,None,55.33,None,9.00,None,55.01,None,0.00,None,26.67,None,54.32,None,55.01,None,9.00,None,None
1769383663.6342072,None,18.00,None,27.00,None,9.00,None,55.33,None,9.00,None,55.01,None,0.00,None,26.67,None,54.32,None,55.01,None,9.00,None,None
1769383663.6392097,None,18.00,None,27.00,None,9.00,None,55.33,None,9.00,None,55.01,None,0.00,None,26.67,None,54.32,None,55.01,None,9.00,None,None
1769383663.7962074,None,18.00,None,27.00,None,9.00,None,55.33,None,9.00,None,55.01,None,0.00,None,26.67,None,54.32,None,55.01,None,9.00,None,None
1769383663.8002076,None,18.00,None,27.00,None,9.00,None,55.33,None,9.00,None,55.01,None,0.00,None,26.67,None,54.32,None,55.01,None,9.00,None,None
1769383682.3275042,None,18.00,None,27.00,None,0.00,None,51.33,None,9.00,None,42.68,None,0.00,None,26.67,None,33.32,None,47.67,None,9.00,None,0.00
1769383682.3325093,None,18.00,None,27.00,None,0.00,None,51.33,None,9.00,None,42.68,None,0.00,None,26.67,None,33.32,None,47.67,None,9.00,None,0.00
1769383684.0151017,None,18.00,None,27.00,None,0.00,None,55.33,None,9.00,None,42.68,None,0.00,None,26.67,None,54.32,None,53.67,None,9.00,None,0.00
1769383684.0191028,None,18.00,None,27.00,None,0.00,None,55.33,None,9.00,None,42.68,None,0.00,None,26.67,None,54.32,None,53.67,None,9.00,None,0.00
1769383684.1676233,None,18.00,None,27.00,None,8.67,None,55.33,None,9.00,None,50.34,None,0.00,None,26.67,None,54.32,None,55.34,None,9.00,None,9.00
1769383684.1716266,None,18.00,None,27.00,None,8.67,None,55.33,None,9.00,None,50.34,None,0.00,None,26.67,None,54.32,None,55.34,None,9.00,None,9.00
1769383684.3226206,None,18.00,None,27.00,None,8.67,None,55.33,None,26.67,None,55.34,None,0.00,None,26.67,None,54.32,None,55.34,None,9.00,None,9.00
1769383684.3266318,None,18.00,None,27.00,None,8.67,None,55.33,None,26.67,None,55.34,None,0.00,None,26.67,None,54.32,None,55.34,None,9.00,None,9.00
1769383685.126897,None,18.00,None,27.00,None,8.67,None,55.33,None,26.67,None,55.34,None,0.00,None,26.67,None,54.32,None,55.34,None,9.00,None,9.00
1769383685.1309066,None,18.00,None,27.00,None,8.67,None,55.33,None,26.67,None,55.34,None,0.00,None,26.67,None,54.32,None,55.34,None,9.00,None,9.00
1769383685.3118978,None,27.00,None,27.00,None,8.67,None,55.33,None,26.67,None,55.34,None,0.00,None,26.67,None,54.32,None,55.34,None,9.00,None,9.00
1769383685.3159006,None,27.00,None,27.00,None,8.67,None,55.33,None,26.67,None,55.34,None,0.00,None,26.67,None,54.32,None,55.34,None,9.00,None,9.00
1769383685.4878986,None,27.00,None,27.00,None,8.67,None,55.33,None,26.67,None,55.34,None,8.67,None,30.00,None,54.32,None,55.34,None,9.00,None,9.00
1769383685.4928994,None,27.00,None,27.00,None,8.67,None,55.33,None,26.67,None,55.34,None,8.67,None,30.00,None,54.32,None,55.34,None,9.00,None,9.00
1769383687.364363,None,27.00,None,27.00,None,8.67,None,43.33,None,26.67,None,37.67,None,8.67,None,30.00,None,44.99,None,55.34,None,9.00,None,9.00
1769383687.3693624,None,27.00,None,27.00,None,8.67,None,43.33,None,26.67,None,37.67,None,8.67,None,30.00,None,44.99,None,55.34,None,9.00,None,9.00
1769383687.5088797,None,27.00,None,27.00,None,8.67,None,43.33,None,26.67,None,37.67,None,8.67,None,30.00,None,53.99,None,55.34,None,9.00,None,9.00
1769383687.5128796,None,27.00,None,27.00,None,8.67,None,43.33,None,26.67,None,37.67,None,8.67,None,30.00,None,53.99,None,55.34,None,9.00,None,9.00
1769383687.9814036,None,27.00,None,27.00,None,8.67,None,52.33,None,26.67,None,49.67,None,None,None,26.67,None,53.99,None,55.34,None,9.00,None,9.00
1769383687.9864178,None,27.00,None,27.00,None,8.67,None,52.33,None,26.67,None,49.67,None,None,None,26.67,None,53.99,None,55.34,None,9.00,None,9.00
1769383692.304833,None,27.00,None,27.00,None,8.67,None,48.67,None,26.67,None,32.00,None,None,None,26.67,None,53.99,None,21.34,None,None,None,9.00
1769383692.3101203,None,27.00,None,27.00,None,8.67,None,48.67,None,26.67,None,32.00,None,None,None,26.67,None,53.99,None,21.34,None,None,None,9.00
1769383692.50711,None,27.00,None,27.00,None,8.67,None,31.00,None,26.67,None,32.00,None,None,None,26.67,None,50.66,None,34.34,None,None,None,9.00
1769383692.5121107,None,27.00,None,27.00,None,8.67,None,31.00,None,26.67,None,32.00,None,None,None,26.67,None,50.66,None,34.34,None,None,None,9.00
1769383692.6496615,None,27.00,None,27.00,None,0.00,None,31.00,None,26.67,None,24.34,None,None,None,26.67,None,50.66,None,55.34,None,None,None,None
1769383692.6546614,None,27.00,None,27.00,None,0.00,None,31.00,None,26.67,None,24.34,None,None,None,26.67,None,50.66,None,55.34,None,None,None,None
1769383698.1039977,None,27.00,None,28.67,None,0.00,None,31.00,None,26.67,None,42.01,None,None,None,30.00,None,54.99,None,55.34,None,None,None,None
1769383698.1069963,None,27.00,None,28.67,None,0.00,None,31.00,None,26.67,None,42.01,None,None,None,30.00,None,54.99,None,55.34,None,None,None,None
1769383698.2580028,None,28.67,None,28.67,None,0.00,None,48.67,None,30.00,None,42.01,None,None,None,30.00,None,54.99,None,55.34,None,None,None,None
1769383698.2625117,None,28.67,None,28.67,None,0.00,None,48.67,None,30.00,None,42.01,None,None,None,30.00,None,54.99,None,55.34,None,None,None,None
1769383698.4507859,None,28.67,None,28.67,None,0.00,None,48.67,None,30.00,None,42.01,None,None,None,30.00,None,54.99,None,55.34,None,None,None,None
1769383698.455787,None,28.67,None,28.67,None,0.00,None,48.67,None,30.00,None,42.01,None,None,None,30.00,None,54.99,None,55.34,None,None,None,None
1769383698.6198528,None,28.67,None,28.67,None,9.00,None,48.67,None,30.00,None,42.01,None,None,None,30.00,None,54.99,None,55.34,None,None,None,None
1769383698.6248562,None,28.67,None,28.67,None,9.00,None,48.67,None,30.00,None,42.01,None,None,None,30.00,None,54.99,None,55.34,None,None,None,None
1769383698.7928524,None,28.67,None,28.67,None,9.00,None,48.67,None,30.00,None,51.01,None,None,None,30.00,None,54.99,None,55.34,None,None,None,None
1769383698.7958493,None,28.67,None,28.67,None,9.00,None,48.67,None,30.00,None,51.01,None,None,None,30.00,None,54.99,None,55.34,None,None,None,None
1769383698.956031,None,28.67,None,28.67,None,9.00,None,48.67,None,30.00,None,51.01,None,None,None,30.00,None,54.99,None,55.34,None,None,None,None
1769383698.95903,None,28.67,None,28.67,None,9.00,None,48.67,None,30.00,None,51.01,None,None,None,30.00,None,54.99,None,55.34,None,None,None,None
1769383720.1843562,None,28.67,None,28.67,None,9.00,None,39.67,None,21.00,None,51.01,None,None,None,30.00,None,54.99,None,55.34,None,9.00,None,0.00
1769383720.1883583,None,28.67,None,28.67,None,9.00,None,39.67,None,21.00,None,51.01,None,None,None,30.00,None,54.99,None,55.34,None,9.00,None,0.00
1769383720.34698,None,28.67,None,28.67,None,9.00,None,48.67,None,21.00,None,51.01,None,None,None,30.00,None,54.99,None,55.34,None,9.00,None,0.00
1769383720.3495188,None,28.67,None,28.67,None,9.00,None,48.67,None,21.00,None,51.01,None,None,None,30.00,None,54.99,None,55.34,None,9.00,None,0.00
1769383720.504819,None,28.67,None,28.67,None,9.00,None,48.67,None,21.00,None,51.01,None,None,None,30.00,None,54.99,None,55.34,None,9.00,None,9.00
1769383720.5098164,None,28.67,None,28.67,None,9.00,None,48.67,None,21.00,None,51.01,None,None,None,30.00,None,54.99,None,55.34,None,9.00,None,9.00
1769383720.6688223,None,28.67,None,28.67,None,9.00,None,48.67,None,30.00,None,51.01,None,None,None,30.00,None,54.99,None,55.34,None,9.00,None,9.00
1769383720.6728227,None,28.67,None,28.67,None,9.00,None,48.67,None,30.00,None,51.01,None,None,None,30.00,None,54.99,None,55.34,None,9.00,None,9.00
1769383720.8339026,None,28.67,None,28.67,None,9.00,None,48.67,None,30.00,None,51.01,None,None,None,30.00,None,54.99,None,55.34,None,9.00,None,9.00
1769383720.8378227,None,28.67,None,28.67,None,9.00,None,48.67,None,30.00,None,51.01,None,None,None,30.00,None,54.99,None,55.34,None,9.00,None,9.00
1769383721.7158349,None,28.67,None,28.67,None,9.00,None,48.67,None,30.00,None,51.01,None,None,None,30.00,None,54.99,None,55.34,None,12.33,None,9.00
1769383721.7208335,None,28.67,None,28.67,None,9.00,None,48.67,None,30.00,None,51.01,None,None,None,30.00,None,54.99,None,55.34,None,12.33,None,9.00
1769383728.740377,None,28.67,None,28.67,None,9.00,None,48.67,None,30.00,None,51.01,None,None,None,30.00,None,54.99,None,55.34,None,12.33,None,None
1769383728.7443783,None,28.67,None,28.67,None,9.00,None,48.67,None,30.00,None,51.01,None,None,None,30.00,None,54.99,None,55.34,None,12.33,None,None
1769383728.914374,None,28.67,None,28.67,None,9.00,None,48.67,None,30.00,None,51.01,None,None,None,30.00,None,54.99,None,55.34,None,12.33,None,None
1769383728.9173756,None,28.67,None,28.67,None,9.00,None,48.67,None,30.00,None,51.01,None,None,None,30.00,None,54.99,None,55.34,None,12.33,None,None
1769383731.3130555,None,28.67,None,28.67,None,9.00,None,48.67,None,30.00,None,51.01,None,None,None,30.00,None,54.99,None,55.34,None,12.33,None,None
1769383731.3170679,None,28.67,None,28.67,None,9.00,None,48.67,None,30.00,None,51.01,None,None,None,30.00,None,54.99,None,55.34,None,12.33,None,None
1769383731.4890547,None,28.67,None,28.67,None,9.00,None,48.67,None,30.00,None,51.01,None,None,None,30.00,None,54.99,None,55.34,None,12.33,None,None
1769383731.4940546,None,28.67,None,28.67,None,9.00,None,48.67,None,30.00,None,51.01,None,None,None,30.00,None,54.99,None,55.34,None,12.33,None,None
1769383731.6590595,None,28.67,None,28.67,None,10.67,None,53.00,None,30.00,None,54.34,None,None,None,30.00,None,54.99,None,55.34,None,12.33,None,None
1769383731.6660516,None,28.67,None,28.67,None,10.67,None,53.00,None,30.00,None,54.34,None,None,None,30.00,None,54.99,None,55.34,None,12.33,None,None
1769383731.8582141,None,28.67,None,28.67,None,10.67,None,53.00,None,30.00,None,54.34,None,None,None,30.00,None,54.99,None,55.34,None,12.33,None,None
1769383731.8612108,None,28.67,None,28.67,None,10.67,None,53.00,None,30.00,None,54.34,None,None,None,30.00,None,54.99,None,55.34,None,12.33,None,None
1769383732.051731,None,28.67,None,28.67,None,12.34,None,53.00,None,30.00,None,54.34,None,None,None,30.00,None,54.99,None,55.34,None,12.33,None,None
1769383732.0557349,None,28.67,None,28.67,None,12.34,None,53.00,None,30.00,None,54.34,None,None,None,30.00,None,54.99,None,55.34,None,12.33,None,None
1769383732.2527337,None,28.67,None,28.67,None,12.34,None,53.00,None,30.00,None,54.34,None,None,None,30.00,None,54.99,None,55.34,None,12.33,None,None
1769383732.2587311,None,28.67,None,28.67,None,12.34,None,53.00,None,30.00,None,54.34,None,None,None,30.00,None,54.99,None,55.34,None,12.33,None,None
1769383732.6883001,None,19.67,None,28.67,None,12.34,None,40.00,None,30.00,None,42.34,None,None,None,30.00,None,24.99,None,50.67,None,12.33,None,None
1769383732.6938138,None,19.67,None,28.67,None,12.34,None,40.00,None,30.00,None,42.34,None,None,None,30.00,None,24.99,None,50.67,None,12.33,None,None
1769383732.858812,None,19.67,None,28.67,None,12.34,None,44.00,None,30.00,None,42.34,None,None,None,30.00,None,24.99,None,50.67,None,12.33,None,None
1769383732.864818,None,19.67,None,28.67,None,12.34,None,44.00,None,30.00,None,42.34,None,None,None,30.00,None,24.99,None,50.67,None,12.33,None,None
1769383733.0338101,None,19.67,None,28.67,None,12.34,None,44.00,None,30.00,None,42.34,None,None,None,30.00,None,33.99,None,50.67,None,12.33,None,None
1769383733.0388176,None,19.67,None,28.67,None,12.34,None,44.00,None,30.00,None,42.34,None,None,None,30.00,None,33.99,None,50.67,None,12.33,None,None
1769383733.2218122,None,19.67,None,28.67,None,12.34,None,44.00,None,30.00,None,42.34,None,None,None,30.00,None,33.99,None,50.67,None,12.33,None,None
1769383733.2268176,None,19.67,None,28.67,None,12.34,None,44.00,None,30.00,None,42.34,None,None,None,30.00,None,33.99,None,50.67,None,12.33,None,None
1769383733.3988268,None,19.67,None,28.67,None,12.34,None,44.00,None,30.00,None,42.34,None,None,None,30.00,None,33.99,None,50.67,None,12.33,None,None
1769383733.401814,None,19.67,None,28.67,None,12.34,None,44.00,None,30.00,None,42.34,None,None,None,30.00,None,33.99,None,50.67,None,12.33,None,None
1769383736.1064744,None,9.00,None,None,None,12.34,None,17.33,None,26.67,None,15.67,None,None,None,26.67,None,29.66,None,50.67,None,12.33,None,None
1769383736.1115475,None,9.00,None,None,None,12.34,None,17.33,None,26.67,None,15.67,None,None,None,26.67,None,29.66,None,50.67,None,12.33,None,None
1769383736.2739902,None,9.00,None,None,None,12.34,None,17.33,None,26.67,None,15.67,None,None,None,26.67,None,29.66,None,50.67,None,12.33,None,None
1769383736.2770007,None,9.00,None,None,None,12.34,None,17.33,None,26.67,None,15.67,None,None,None,26.67,None,29.66,None,50.67,None,12.33,None,None
1769383736.4609878,None,9.00,None,None,None,12.34,None,17.33,None,26.67,None,15.67,None,None,None,26.67,None,29.66,None,50.67,None,12.33,None,None
1769383736.463988,None,9.00,None,None,None,12.34,None,17.33,None,26.67,None,15.67,None,None,None,26.67,None,29.66,None,50.67,None,12.33,None,None
1769383736.6724296,None,9.00,None,None,None,12.34,None,17.33,None,26.67,None,15.67,None,None,None,26.67,None,29.66,None,50.67,None,12.33,None,None
1769383736.6764288,None,9.00,None,None,None,12.34,None,17.33,None,26.67,None,15.67,None,None,None,26.67,None,29.66,None,50.67,None,12.33,None,None
1769383737.6996229,None,9.00,None,None,None,12.34,None,17.33,None,26.67,None,15.67,None,None,None,26.67,None,29.66,None,50.67,None,12.33,None,None
1769383737.7046256,None,9.00,None,None,None,12.34,None,17.33,None,26.67,None,15.67,None,None,None,26.67,None,29.66,None,50.67,None,12.33,None,None
1769383737.9216292,None,9.00,None,None,None,12.34,None,17.33,None,9.00,None,10.67,None,0.00,None,26.67,None,29.66,None,50.67,None,12.33,None,None
1769383737.92563,None,9.00,None,None,None,12.34,None,17.33,None,9.00,None,10.67,None,0.00,None,26.67,None,29.66,None,50.67,None,12.33,None,None
1769383738.0964239,None,9.00,None,None,None,12.34,None,17.33,None,9.00,None,10.67,None,0.00,None,26.67,None,38.66,None,50.67,None,12.33,None,None
1769383738.100511,None,9.00,None,None,None,12.34,None,17.33,None,9.00,None,10.67,None,0.00,None,26.67,None,38.66,None,50.67,None,12.33,None,None
1769383738.282426,None,9.00,None,None,None,12.34,None,17.33,None,9.00,None,10.67,None,0.00,None,26.67,None,38.66,None,50.67,None,12.33,None,None
1769383738.2864223,None,9.00,None,None,None,12.34,None,17.33,None,9.00,None,10.67,None,0.00,None,26.67,None,38.66,None,50.67,None,12.33,None,None
1769383738.4884257,None,9.00,None,None,None,12.34,None,17.33,None,9.00,None,10.67,None,0.00,None,26.67,None,38.66,None,50.67,None,12.33,None,None
1769383738.4924228,None,9.00,None,None,None,12.34,None,17.33,None,9.00,None,10.67,None,0.00,None,26.67,None,38.66,None,50.67,None,12.33,None,None
1769383738.6894267,None,9.00,None,None,None,12.34,None,17.33,None,9.00,None,10.67,None,0.00,None,26.67,None,38.66,None,50.67,None,12.33,None,None
1769383738.6944275,None,9.00,None,None,None,12.34,None,17.33,None,9.00,None,10.67,None,0.00,None,26.67,None,38.66,None,50.67,None,12.33,None,None
1769383738.9019418,None,9.00,None,None,None,12.34,None,17.33,None,9.00,None,10.67,None,0.00,None,26.67,None,38.66,None,50.67,None,12.33,None,None
1769383738.906944,None,9.00,None,None,None,12.34,None,17.33,None,9.00,None,10.67,None,0.00,None,26.67,None,38.66,None,50.67,None,12.33,None,None
1769383739.0874581,None,9.00,None,None,None,12.34,None,17.33,None,9.00,None,10.67,None,0.00,None,26.67,None,38.66,None,50.67,None,12.33,None,None
1769383739.091462,None,9.00,None,None,None,12.34,None,17.33,None,9.00,None,10.67,None,0.00,None,26.67,None,38.66,None,50.67,None,12.33,None,None
1769383739.2774615,None,9.00,None,None,None,12.34,None,17.33,None,9.00,None,10.67,None,0.00,None,26.67,None,38.66,None,50.67,None,12.33,None,None
1769383739.2814667,None,9.00,None,None,None,12.34,None,17.33,None,9.00,None,10.67,None,0.00,None,26.67,None,38.66,None,50.67,None,12.33,None,None
1769383739.4906127,None,9.00,None,None,None,12.34,None,17.33,None,9.00,None,10.67,None,0.00,None,26.67,None,38.66,None,50.67,None,12.33,None,None
1769383739.4956157,None,9.00,None,None,None,12.34,None,17.33,None,9.00,None,10.67,None,0.00,None,26.67,None,38.66,None,50.67,None,12.33,None,None
1769383742.4301178,None,9.00,None,None,None,12.34,None,17.33,None,9.00,None,10.67,None,0.00,None,None,None,31.00,None,49.00,None,12.33,None,None
1769383742.4341073,None,9.00,None,None,None,12.34,None,17.33,None,9.00,None,10.67,None,0.00,None,None,None,31.00,None,49.00,None,12.33,None,None
1769383742.5986285,None,9.00,None,None,None,12.34,None,17.33,None,9.00,None,10.67,None,0.00,None,None,None,31.00,None,49.00,None,12.33,None,None
1769383742.603627,None,9.00,None,None,None,12.34,None,17.33,None,9.00,None,10.67,None,0.00,None,None,None,31.00,None,49.00,None,12.33,None,None
1769383742.778635,None,9.00,None,None,None,12.34,None,17.33,None,9.00,None,10.67,None,0.00,None,None,None,31.00,None,49.00,None,12.33,None,None
1769383742.783627,None,9.00,None,None,None,12.34,None,17.33,None,9.00,None,10.67,None,0.00,None,None,None,31.00,None,49.00,None,12.33,None,None
1769383742.9726434,None,9.00,None,None,None,12.34,None,17.33,None,9.00,None,10.67,None,0.00,None,None,None,31.00,None,49.00,None,12.33,None,None
1769383742.9776428,None,9.00,None,None,None,12.34,None,17.33,None,9.00,None,10.67,None,0.00,None,None,None,31.00,None,49.00,None,12.33,None,None
1769383743.377153,None,9.00,None,None,None,None,None,40.00,None,9.00,None,10.67,None,0.00,None,None,None,31.00,None,49.00,None,12.33,None,None
1769383743.3831527,None,9.00,None,None,None,None,None,40.00,None,9.00,None,10.67,None,0.00,None,None,None,31.00,None,49.00,None,12.33,None,None
1769383743.5603874,None,9.00,None,None,None,None,None,40.00,None,9.00,None,10.67,None,9.00,None,None,None,31.00,None,49.00,None,12.33,None,None
1769383743.565389,None,9.00,None,None,None,None,None,40.00,None,9.00,None,10.67,None,9.00,None,None,None,31.00,None,49.00,None,12.33,None,None
1769383744.2728982,None,9.00,None,None,None,None,None,40.00,None,9.00,None,10.67,None,9.00,None,None,None,31.00,None,49.00,None,None,None,None
1769383744.2758968,None,9.00,None,None,None,None,None,40.00,None,9.00,None,10.67,None,9.00,None,None,None,31.00,None,49.00,None,None,None,None
1769383744.4524329,None,9.00,None,None,None,None,None,40.00,None,9.00,None,10.67,None,9.00,None,None,None,31.00,None,49.00,None,None,None,None
1769383744.4564307,None,9.00,None,None,None,None,None,40.00,None,9.00,None,10.67,None,9.00,None,None,None,31.00,None,49.00,None,None,None,None
1769383745.4050558,None,9.00,None,None,None,None,None,40.00,None,9.00,None,10.67,None,9.00,None,None,None,31.00,None,49.00,None,None,None,None
1769383745.408054,None,9.00,None,None,None,None,None,40.00,None,9.00,None,10.67,None,9.00,None,None,None,31.00,None,49.00,None,None,None,None
1769383746.4698524,None,9.00,None,None,None,None,None,40.00,None,9.00,None,10.67,None,9.00,None,None,None,31.00,None,49.00,None,None,None,None
1769383746.4738533,None,9.00,None,None,None,None,None,40.00,None,9.00,None,10.67,None,9.00,None,None,None,31.00,None,49.00,None,None,None,None
1769383746.655854,None,9.00,None,None,None,None,None,40.00,None,9.00,None,10.67,None,9.00,None,None,None,31.00,None,49.00,None,None,None,None
1769383746.6608543,None,9.00,None,None,None,None,None,40.00,None,9.00,None,10.67,None,9.00,None,None,None,31.00,None,49.00,None,None,None,None
1769383746.8318543,None,9.00,None,None,None,None,None,40.00,None,9.00,None,10.67,None,9.00,None,None,None,31.00,None,49.00,None,None,None,None
1769383746.8348582,None,9.00,None,None,None,None,None,40.00,None,9.00,None,10.67,None,9.00,None,None,None,31.00,None,49.00,None,None,None,None
1769383747.0138867,None,9.00,None,None,None,None,None,40.00,None,9.00,None,10.67,None,9.00,None,None,None,31.00,None,49.00,None,None,None,None
1769383747.0168855,None,9.00,None,None,None,None,None,40.00,None,9.00,None,10.67,None,9.00,None,None,None,31.00,None,49.00,None,None,None,None
1769383747.209035,None,9.00,None,None,None,None,None,40.00,None,9.00,None,10.67,None,9.00,None,None,None,31.00,None,49.00,None,None,None,None
1769383747.2120347,None,9.00,None,None,None,None,None,40.00,None,9.00,None,10.67,None,9.00,None,None,None,31.00,None,49.00,None,None,None,None
1769383748.0255628,None,9.00,None,None,None,None,None,40.00,None,9.00,None,10.67,None,9.00,None,None,None,22.00,None,49.00,None,None,None,None
1769383748.0295544,None,9.00,None,None,None,None,None,40.00,None,9.00,None,10.67,None,9.00,None,None,None,22.00,None,49.00,None,None,None,None
1769383748.1899102,None,18.00,None,None,None,None,None,40.00,None,9.00,None,10.67,None,9.00,None,None,None,22.00,None,49.00,None,None,None,None
1769383748.193915,None,18.00,None,None,None,None,None,40.00,None,9.00,None,10.67,None,9.00,None,None,None,22.00,None,49.00,None,None,None,None
1769383748.348909,None,18.00,None,None,None,None,None,49.00,None,9.00,None,10.67,None,9.00,None,None,None,22.00,None,49.00,None,None,None,None
1769383748.3519075,None,18.00,None,None,None,None,None,49.00,None,9.00,None,10.67,None,9.00,None,None,None,22.00,None,49.00,None,None,None,None
1769383748.516912,None,18.00,None,None,None,None,None,49.00,None,9.00,None,10.67,None,9.00,None,None,None,22.00,None,49.00,None,None,None,None
1769383748.521909,None,18.00,None,None,None,None,None,49.00,None,9.00,None,10.67,None,9.00,None,None,None,22.00,None,49.00,None,None,None,None
1769383753.096815,None,18.00,None,None,None,None,None,49.00,None,9.00,None,10.67,None,0.00,None,None,None,22.00,None,49.00,None,None,None,0.00
1769383753.1018143,None,18.00,None,None,None,None,None,49.00,None,9.00,None,10.67,None,0.00,None,None,None,22.00,None,49.00,None,None,None,0.00
1769383753.3035612,None,18.00,None,None,None,None,None,49.00,None,9.00,None,10.67,None,0.00,None,None,None,31.00,None,49.00,None,None,None,0.00
1769383753.30656,None,18.00,None,None,None,None,None,49.00,None,9.00,None,10.67,None,0.00,None,None,None,31.00,None,49.00,None,None,None,0.00
1769383767.531082,None,18.00,None,0.00,None,1.67,None,40.00,None,9.00,None,10.67,None,0.00,None,18.00,None,31.00,None,40.00,None,3.33,None,0.00
1769383767.5340817,None,18.00,None,0.00,None,1.67,None,40.00,None,9.00,None,10.67,None,0.00,None,18.00,None,31.00,None,40.00,None,3.33,None,0.00
1769383767.7257693,None,18.00,None,17.67,None,1.67,None,40.00,None,9.00,None,10.67,None,0.00,None,27.33,None,31.00,None,40.00,None,3.33,None,0.00
1769383767.7287798,None,18.00,None,17.67,None,1.67,None,40.00,None,9.00,None,10.67,None,0.00,None,27.33,None,31.00,None,40.00,None,3.33,None,0.00
1769383767.9197712,None,26.67,None,25.33,None,1.67,None,40.00,None,9.00,None,10.67,None,9.00,None,29.00,None,31.00,None,40.00,None,3.33,None,0.00
1769383767.9237735,None,26.67,None,25.33,None,1.67,None,40.00,None,9.00,None,10.67,None,9.00,None,29.00,None,31.00,None,40.00,None,3.33,None,0.00
1769383768.1252854,None,26.67,None,25.33,None,1.67,None,40.00,None,9.00,None,10.67,None,9.00,None,29.00,None,31.00,None,40.00,None,3.33,None,0.00
1769383768.1292892,None,26.67,None,25.33,None,1.67,None,40.00,None,9.00,None,10.67,None,9.00,None,29.00,None,31.00,None,40.00,None,3.33,None,0.00
1769383768.3276095,None,30.00,None,27.00,None,1.67,None,40.00,None,26.67,None,10.67,None,13.33,None,29.00,None,31.00,None,40.00,None,3.33,None,0.00
1769383768.3316112,None,30.00,None,27.00,None,1.67,None,40.00,None,26.67,None,10.67,None,13.33,None,29.00,None,31.00,None,40.00,None,3.33,None,0.00
1769383768.527878,None,30.00,None,28.67,None,1.67,None,40.00,None,26.67,None,10.67,None,13.33,None,29.00,None,47.33,None,49.00,None,3.33,None,0.00
1769383768.532878,None,30.00,None,28.67,None,1.67,None,40.00,None,26.67,None,10.67,None,13.33,None,29.00,None,47.33,None,49.00,None,3.33,None,0.00
1769383774.5295236,None,21.33,None,29.68,None,1.67,None,40.00,None,26.67,None,7.33,None,None,None,23.33,None,47.33,None,49.00,None,3.33,None,0.00
1769383774.5335243,None,21.33,None,29.68,None,1.67,None,40.00,None,26.67,None,7.33,None,None,None,23.33,None,47.33,None,49.00,None,3.33,None,0.00
1769383783.583423,None,21.33,None,29.68,None,1.67,None,40.00,None,26.67,None,7.33,None,None,None,23.33,None,47.33,None,49.00,None,3.33,None,0.00
1769383783.587427,None,21.33,None,29.68,None,1.67,None,40.00,None,26.67,None,7.33,None,None,None,23.33,None,47.33,None,49.00,None,3.33,None,0.00
1769383788.5829656,None,21.33,None,29.68,None,1.67,None,40.00,None,26.67,None,7.33,None,None,None,23.33,None,47.33,None,31.00,None,3.33,None,0.00
1769383788.5879653,None,21.33,None,29.68,None,1.67,None,40.00,None,26.67,None,7.33,None,None,None,23.33,None,47.33,None,31.00,None,3.33,None,0.00
1769383789.6304278,None,21.33,None,29.68,None,1.67,None,40.00,None,26.67,None,7.33,None,None,None,23.33,None,47.33,None,31.00,None,3.33,None,0.00
1769383789.634433,None,21.33,None,29.68,None,1.67,None,40.00,None,26.67,None,7.33,None,None,None,23.33,None,47.33,None,31.00,None,3.33,None,0.00
1769383790.8511162,None,21.33,None,29.68,None,1.67,None,40.00,None,26.67,None,7.33,None,None,None,23.33,None,47.33,None,31.00,None,12.33,None,0.00
1769383790.8571165,None,21.33,None,29.68,None,1.67,None,40.00,None,26.67,None,7.33,None,None,None,23.33,None,47.33,None,31.00,None,12.33,None,0.00
1769383791.0932164,None,21.33,None,29.68,None,1.67,None,49.00,None,26.67,None,7.33,None,None,None,23.33,None,47.33,None,31.00,None,12.33,None,0.00
1769383791.099217,None,21.33,None,29.68,None,1.67,None,49.00,None,26.67,None,7.33,None,None,None,23.33,None,47.33,None,31.00,None,12.33,None,0.00
1769383791.301217,None,21.33,None,29.68,None,1.67,None,49.00,None,26.67,None,7.33,None,None,None,23.33,None,47.33,None,31.00,None,12.33,None,0.00
1769383791.3062203,None,21.33,None,29.68,None,1.67,None,49.00,None,26.67,None,7.33,None,None,None,23.33,None,47.33,None,31.00,None,12.33,None,0.00
1769383791.5012121,None,21.33,None,29.68,None,1.67,None,49.00,None,26.67,None,7.33,None,None,None,23.33,None,47.33,None,31.00,None,12.33,None,0.00
1769383791.506212,None,21.33,None,29.68,None,1.67,None,49.00,None,26.67,None,7.33,None,None,None,23.33,None,47.33,None,31.00,None,12.33,None,0.00
1769383791.7372158,None,21.33,None,29.68,None,1.67,None,52.33,None,26.67,None,25.00,None,None,None,23.33,None,47.33,None,31.00,None,12.33,None,0.00
1769383791.7412143,None,21.33,None,29.68,None,1.67,None,52.33,None,26.67,None,25.00,None,None,None,23.33,None,47.33,None,31.00,None,12.33,None,0.00
1769383793.629761,None,21.33,None,29.68,None,1.67,None,52.33,None,26.67,None,25.00,None,None,None,23.33,None,38.33,None,31.00,None,12.33,None,0.00
1769383793.632762,None,21.33,None,29.68,None,1.67,None,52.33,None,26.67,None,25.00,None,None,None,23.33,None,38.33,None,31.00,None,12.33,None,0.00
1769383793.8097606,None,21.33,None,29.68,None,1.67,None,52.33,None,26.67,None,25.00,None,None,None,23.33,None,47.33,None,31.00,None,12.33,None,0.00
1769383793.8137586,None,21.33,None,29.68,None,1.67,None,52.33,None,26.67,None,25.00,None,None,None,23.33,None,47.33,None,31.00,None,12.33,None,0.00
1769383794.0322986,None,21.33,None,29.68,None,1.67,None,52.33,None,26.67,None,25.00,None,None,None,23.33,None,47.33,None,40.00,None,12.33,None,0.00
1769383794.0363033,None,21.33,None,29.68,None,1.67,None,52.33,None,26.67,None,25.00,None,None,None,23.33,None,47.33,None,40.00,None,12.33,None,0.00
1769383798.399529,None,21.33,None,29.68,None,None,None,54.00,None,26.67,None,47.00,None,4.33,None,23.33,None,47.33,None,40.00,None,12.33,None,0.00
1769383798.4055302,None,21.33,None,29.68,None,None,None,54.00,None,26.67,None,47.00,None,4.33,None,23.33,None,47.33,None,40.00,None,12.33,None,0.00
1769383800.792275,None,21.33,None,29.68,None,None,None,54.00,None,26.67,None,47.00,None,4.33,None,23.33,None,47.33,None,40.00,None,12.33,None,None
1769383800.795268,None,21.33,None,29.68,None,None,None,54.00,None,26.67,None,47.00,None,4.33,None,23.33,None,47.33,None,40.00,None,12.33,None,None
1769383805.6813033,None,3.33,None,29.68,None,None,None,50.00,None,26.67,None,47.00,None,4.33,None,23.33,None,29.33,None,13.00,None,12.33,None,None
1769383805.6863031,None,3.33,None,29.68,None,None,None,50.00,None,26.67,None,47.00,None,4.33,None,23.33,None,29.33,None,13.00,None,12.33,None,None
1769383805.8788185,None,3.33,None,29.68,None,None,None,54.00,None,26.67,None,47.00,None,4.33,None,23.33,None,29.33,None,13.00,None,12.33,None,None
1769383805.8828325,None,3.33,None,29.68,None,None,None,54.00,None,26.67,None,47.00,None,4.33,None,23.33,None,29.33,None,13.00,None,12.33,None,None
1769383806.06582,None,3.33,None,29.68,None,None,None,54.00,None,26.67,None,47.00,None,4.33,None,23.33,None,29.33,None,13.00,None,12.33,None,None
1769383806.068822,None,3.33,None,29.68,None,None,None,54.00,None,26.67,None,47.00,None,4.33,None,23.33,None,29.33,None,13.00,None,12.33,None,None
1769383806.2348201,None,3.33,None,29.68,None,None,None,54.00,None,26.67,None,47.00,None,4.33,None,23.33,None,29.33,None,22.00,None,12.33,None,None
1769383806.23783,None,3.33,None,29.68,None,None,None,54.00,None,26.67,None,47.00,None,4.33,None,23.33,None,29.33,None,22.00,None,12.33,None,None
1769383806.4338815,None,3.33,None,29.68,None,None,None,54.00,None,26.67,None,47.00,None,4.33,None,23.33,None,29.33,None,43.00,None,12.33,None,None
1769383806.4368837,None,3.33,None,29.68,None,None,None,54.00,None,26.67,None,47.00,None,4.33,None,23.33,None,29.33,None,43.00,None,12.33,None,None
1769383806.6316178,None,3.33,None,29.68,None,None,None,54.00,None,26.67,None,47.00,None,4.33,None,23.33,None,29.33,None,52.00,None,12.33,None,None
1769383806.6366217,None,3.33,None,29.68,None,None,None,54.00,None,26.67,None,47.00,None,4.33,None,23.33,None,29.33,None,52.00,None,12.33,None,None
1769383808.5661492,None,0.00,None,None,None,None,None,54.00,None,0.00,None,47.00,None,0.00,None,18.33,None,13.00,None,43.00,None,3.33,None,None
1769383808.5691495,None,0.00,None,None,None,None,None,54.00,None,0.00,None,47.00,None,0.00,None,18.33,None,13.00,None,43.00,None,3.33,None,None
1769383808.7961771,None,0.00,None,None,None,None,None,54.00,None,0.00,None,47.00,None,0.00,None,18.33,None,13.00,None,43.00,None,3.33,None,None
1769383808.799182,None,0.00,None,None,None,None,None,54.00,None,0.00,None,47.00,None,0.00,None,18.33,None,13.00,None,43.00,None,3.33,None,None
1769383809.0042574,None,0.00,None,None,None,None,None,54.00,None,0.00,None,47.00,None,0.00,None,18.33,None,13.00,None,43.00,None,12.33,None,None
1769383809.009263,None,0.00,None,None,None,None,None,54.00,None,0.00,None,47.00,None,0.00,None,18.33,None,13.00,None,43.00,None,12.33,None,None
1769383809.1847713,None,0.00,None,None,None,None,None,54.00,None,0.00,None,47.00,None,0.00,None,18.33,None,13.00,None,43.00,None,12.33,None,None
1769383809.1877832,None,0.00,None,None,None,None,None,54.00,None,0.00,None,47.00,None,0.00,None,18.33,None,13.00,None,43.00,None,12.33,None,None
1769383809.3572922,None,17.67,None,None,None,None,None,54.00,None,0.00,None,47.00,None,0.00,None,23.33,None,13.00,None,43.00,None,12.33,None,None
1769383809.3612883,None,17.67,None,None,None,None,None,54.00,None,0.00,None,47.00,None,0.00,None,23.33,None,13.00,None,43.00,None,12.33,None,None
1769383824.6191666,None,17.67,None,None,None,0.00,None,54.00,None,0.00,None,47.00,None,0.00,None,23.33,None,13.00,None,52.00,None,12.33,None,0.00
1769383824.6241674,None,17.67,None,None,None,0.00,None,54.00,None,0.00,None,47.00,None,0.00,None,23.33,None,13.00,None,52.00,None,12.33,None,0.00
1769383825.9471376,None,17.67,None,None,None,0.00,None,54.00,None,0.00,None,53.00,None,0.00,None,23.33,None,30.67,None,55.33,None,12.33,None,0.00
1769383825.9711373,None,17.67,None,None,None,0.00,None,54.00,None,0.00,None,53.00,None,0.00,None,23.33,None,30.67,None,55.33,None,12.33,None,0.00
1769383826.1751418,None,17.67,None,None,None,0.00,None,54.00,None,None,None,53.00,None,0.00,None,23.33,None,30.67,None,55.33,None,9.00,None,9.00
1769383826.1801383,None,17.67,None,None,None,0.00,None,54.00,None,None,None,53.00,None,0.00,None,23.33,None,30.67,None,55.33,None,9.00,None,9.00
1769383826.4156055,None,17.67,None,None,None,0.00,None,54.00,None,None,None,53.00,None,0.00,None,23.33,None,39.67,None,55.33,None,9.00,None,9.00
1769383826.4206326,None,17.67,None,None,None,0.00,None,54.00,None,None,None,53.00,None,0.00,None,23.33,None,39.67,None,55.33,None,9.00,None,9.00
1769383826.6160033,None,26.34,None,None,None,0.00,None,54.00,None,None,None,54.67,None,9.00,None,23.33,None,47.33,None,55.33,None,9.00,None,9.00
1769383826.6209931,None,26.34,None,None,None,0.00,None,54.00,None,None,None,54.67,None,9.00,None,23.33,None,47.33,None,55.33,None,9.00,None,9.00
1769383826.8169942,None,26.34,None,None,None,9.00,None,54.00,None,None,None,54.67,None,9.00,None,23.33,None,47.33,None,55.33,None,9.00,None,9.00
1769383826.8209941,None,26.34,None,None,None,9.00,None,54.00,None,None,None,54.67,None,9.00,None,23.33,None,47.33,None,55.33,None,9.00,None,9.00
1769383827.0579765,None,26.34,None,None,None,9.00,None,54.00,None,None,None,54.67,None,9.00,None,23.33,None,47.33,None,55.33,None,9.00,None,9.00
1769383827.063976,None,26.34,None,None,None,9.00,None,54.00,None,None,None,54.67,None,9.00,None,23.33,None,47.33,None,55.33,None,9.00,None,9.00
1769383827.3148053,None,26.34,None,None,None,9.00,None,54.00,None,None,None,54.67,None,9.00,None,23.33,None,47.33,None,55.33,None,9.00,None,9.00
1769383827.318807,None,26.34,None,None,None,9.00,None,54.00,None,None,None,54.67,None,9.00,None,23.33,None,47.33,None,55.33,None,9.00,None,9.00
1769383827.547901,None,17.67,None,None,None,9.00,None,54.00,None,None,None,53.00,None,None,None,23.33,None,39.67,None,55.33,None,9.00,None,9.00
1769383827.5519042,None,17.67,None,None,None,9.00,None,54.00,None,None,None,53.00,None,None,None,23.33,None,39.67,None,55.33,None,9.00,None,9.00
1769383844.6977377,None,17.67,None,8.67,None,9.00,None,54.00,None,None,None,53.00,None,None,None,23.33,None,39.67,None,55.33,None,9.00,None,9.00
1769383844.7017474,None,17.67,None,8.67,None,9.00,None,54.00,None,None,None,53.00,None,None,None,23.33,None,39.67,None,55.33,None,9.00,None,9.00
1769383844.8827376,None,17.67,None,26.34,None,9.00,None,54.00,None,None,None,54.67,None,None,None,23.33,None,47.33,None,55.33,None,9.00,None,9.00
1769383844.8877418,None,17.67,None,26.34,None,9.00,None,54.00,None,None,None,54.67,None,None,None,23.33,None,47.33,None,55.33,None,9.00,None,9.00
1769383845.0791428,None,17.67,None,26.34,None,9.00,None,54.00,None,None,None,54.67,None,None,None,23.33,None,47.33,None,55.33,None,9.00,None,9.00
1769383845.0841432,None,17.67,None,26.34,None,9.00,None,54.00,None,None,None,54.67,None,None,None,23.33,None,47.33,None,55.33,None,9.00,None,9.00
1769383845.3063955,None,26.34,None,26.34,None,9.00,None,54.00,None,None,None,54.67,None,None,None,23.33,None,50.66,None,55.33,None,9.00,None,9.00
1769383845.311393,None,26.34,None,26.34,None,9.00,None,54.00,None,None,None,54.67,None,None,None,23.33,None,50.66,None,55.33,None,9.00,None,9.00
1769383845.4965057,None,26.34,None,26.34,None,12.33,None,54.00,None,None,None,54.67,None,None,None,27.66,None,52.33,None,55.33,None,9.00,None,9.00
1769383845.5039744,None,26.34,None,26.34,None,12.33,None,54.00,None,None,None,54.67,None,None,None,27.66,None,52.33,None,55.33,None,9.00,None,9.00
1769383845.7400718,None,26.34,None,26.34,None,12.33,None,54.00,None,None,None,54.67,None,None,None,27.66,None,52.33,None,55.33,None,9.00,None,9.00
1769383845.7460823,None,26.34,None,26.34,None,12.33,None,54.00,None,None,None,54.67,None,None,None,27.66,None,52.33,None,55.33,None,9.00,None,9.00
1769383845.9730706,None,26.34,None,26.34,None,12.33,None,54.00,None,None,None,52.34,None,None,None,27.66,None,52.33,None,55.33,None,12.33,None,9.00
1769383845.9791212,None,26.34,None,26.34,None,12.33,None,54.00,None,None,None,52.34,None,None,None,27.66,None,52.33,None,55.33,None,12.33,None,9.00
1769383849.7595074,None,26.34,None,17.67,None,12.33,None,54.00,None,0.00,None,52.34,None,0.00,None,13.66,None,52.33,None,55.33,None,12.33,None,0.00
1769383849.763511,None,26.34,None,17.67,None,12.33,None,54.00,None,0.00,None,52.34,None,0.00,None,13.66,None,52.33,None,55.33,None,12.33,None,0.00
1769383849.9635034,None,26.34,None,17.67,None,12.33,None,54.00,None,0.00,None,52.34,None,0.00,None,13.66,None,52.33,None,55.33,None,12.33,None,0.00
1769383849.9665034,None,26.34,None,17.67,None,12.33,None,54.00,None,0.00,None,52.34,None,0.00,None,13.66,None,52.33,None,55.33,None,12.33,None,0.00
1769383850.1595073,None,26.34,None,17.67,None,12.33,None,54.00,None,0.00,None,54.01,None,0.00,None,13.66,None,52.33,None,55.33,None,12.33,None,9.00
1769383850.1635072,None,26.34,None,17.67,None,12.33,None,54.00,None,0.00,None,54.01,None,0.00,None,13.66,None,52.33,None,55.33,None,12.33,None,9.00
1769383850.35151,None,26.34,None,17.67,None,12.33,None,54.00,None,0.00,None,54.01,None,0.00,None,13.66,None,52.33,None,55.33,None,12.33,None,9.00
1769383850.356512,None,26.34,None,17.67,None,12.33,None,54.00,None,0.00,None,54.01,None,0.00,None,13.66,None,52.33,None,55.33,None,12.33,None,9.00
1769383862.9324918,None,26.34,None,17.67,None,12.33,None,16.33,None,0.00,None,32.68,None,0.00,None,13.66,None,52.33,None,55.33,None,12.33,None,9.00
1769383862.9365091,None,26.34,None,17.67,None,12.33,None,16.33,None,0.00,None,32.68,None,0.00,None,13.66,None,52.33,None,55.33,None,12.33,None,9.00
1769383863.166494,None,26.34,None,29.67,None,12.33,None,16.33,None,0.00,None,32.68,None,0.00,None,22.66,None,52.33,None,55.33,None,12.33,None,9.00
1769383863.1700773,None,26.34,None,29.67,None,12.33,None,16.33,None,0.00,None,32.68,None,0.00,None,22.66,None,52.33,None,55.33,None,12.33,None,9.00
1769383864.683554,None,26.34,None,29.67,None,12.33,None,16.33,None,0.00,None,32.68,None,9.00,None,22.66,None,52.33,None,55.33,None,12.33,None,9.00
1769383864.6875663,None,26.34,None,29.67,None,12.33,None,16.33,None,0.00,None,32.68,None,9.00,None,22.66,None,52.33,None,55.33,None,12.33,None,9.00
1769383864.9081373,None,8.67,None,29.67,None,12.33,None,16.33,None,0.00,None,32.68,None,9.00,None,13.33,None,52.33,None,46.33,None,12.33,None,9.00
1769383864.9121473,None,8.67,None,29.67,None,12.33,None,16.33,None,0.00,None,32.68,None,9.00,None,13.33,None,52.33,None,46.33,None,12.33,None,9.00
1769383865.1115768,None,8.67,None,29.67,None,12.33,None,16.33,None,0.00,None,53.68,None,9.00,None,13.33,None,52.33,None,46.33,None,12.33,None,9.00
1769383865.1165764,None,8.67,None,29.67,None,12.33,None,16.33,None,0.00,None,53.68,None,9.00,None,13.33,None,52.33,None,46.33,None,12.33,None,9.00
1769383865.3275785,None,26.67,None,29.67,None,12.33,None,16.33,None,0.00,None,53.68,None,9.00,None,22.33,None,52.33,None,46.33,None,12.33,None,9.00
1769383865.3305902,None,26.67,None,29.67,None,12.33,None,16.33,None,0.00,None,53.68,None,9.00,None,22.33,None,52.33,None,46.33,None,12.33,None,9.00
1769383865.5285773,None,26.67,None,29.67,None,12.33,None,16.33,None,0.00,None,53.68,None,9.00,None,22.33,None,52.33,None,46.33,None,12.33,None,9.00
1769383865.533582,None,26.67,None,29.67,None,12.33,None,16.33,None,0.00,None,53.68,None,9.00,None,22.33,None,52.33,None,46.33,None,12.33,None,9.00
1769383865.7941697,None,26.67,None,29.67,None,12.33,None,16.33,None,0.00,None,53.68,None,9.00,None,22.33,None,52.33,None,46.33,None,12.33,None,9.00
1769383865.800168,None,26.67,None,29.67,None,12.33,None,16.33,None,0.00,None,53.68,None,9.00,None,22.33,None,52.33,None,46.33,None,12.33,None,9.00
1769383869.9337149,None,26.67,None,29.67,None,12.33,None,25.33,None,0.00,None,53.68,None,9.00,None,22.33,None,43.33,None,46.33,None,12.33,None,9.00
1769383869.9387114,None,26.67,None,29.67,None,12.33,None,25.33,None,0.00,None,53.68,None,9.00,None,22.33,None,43.33,None,46.33,None,12.33,None,9.00
1769383874.2369153,None,26.67,None,29.67,None,12.33,None,34.33,None,0.00,None,53.68,None,9.00,None,22.33,None,43.33,None,46.33,None,None,None,9.00
1769383874.2409196,None,26.67,None,29.67,None,12.33,None,34.33,None,0.00,None,53.68,None,9.00,None,22.33,None,43.33,None,46.33,None,None,None,9.00
1769383879.1185462,None,26.67,None,29.67,None,12.33,None,34.33,None,0.00,None,53.68,None,9.00,None,22.33,None,43.33,None,46.33,None,None,None,9.00
1769383879.1255455,None,26.67,None,29.67,None,12.33,None,34.33,None,0.00,None,53.68,None,9.00,None,22.33,None,43.33,None,46.33,None,None,None,9.00
1769383879.3765438,None,26.67,None,29.67,None,12.33,None,34.33,None,0.00,None,53.68,None,9.00,None,22.33,None,43.33,None,46.33,None,None,None,9.00
1769383879.3805423,None,26.67,None,29.67,None,12.33,None,34.33,None,0.00,None,53.68,None,9.00,None,22.33,None,43.33,None,46.33,None,None,None,9.00
1769383879.619597,None,26.67,None,29.67,None,12.33,None,34.33,None,0.00,None,53.68,None,9.00,None,22.33,None,43.33,None,46.33,None,None,None,9.00
1769383879.6235945,None,26.67,None,29.67,None,12.33,None,34.33,None,0.00,None,53.68,None,9.00,None,22.33,None,43.33,None,46.33,None,None,None,9.00
1769383879.881667,None,26.67,None,29.67,None,12.33,None,34.33,None,0.00,None,53.68,None,9.00,None,22.33,None,43.33,None,46.33,None,None,None,9.00
1769383879.8856666,None,26.67,None,29.67,None,12.33,None,34.33,None,0.00,None,53.68,None,9.00,None,22.33,None,43.33,None,46.33,None,None,None,9.00
1769383880.1361785,None,26.67,None,29.67,None,12.33,None,34.33,None,0.00,None,53.68,None,9.00,None,22.33,None,43.33,None,46.33,None,None,None,9.00
1769383880.1411753,None,26.67,None,29.67,None,12.33,None,34.33,None,0.00,None,53.68,None,9.00,None,22.33,None,43.33,None,46.33,None,None,None,9.00
1769383880.3773298,None,26.67,None,29.67,None,12.33,None,34.33,None,0.00,None,53.68,None,9.00,None,22.33,None,43.33,None,46.33,None,None,None,9.00
1769383880.3813322,None,26.67,None,29.67,None,12.33,None,34.33,None,0.00,None,53.68,None,9.00,None,22.33,None,43.33,None,46.33,None,None,None,9.00
1769383881.1785672,None,26.67,None,29.67,None,12.33,None,43.33,None,0.00,None,52.01,None,9.00,None,22.33,None,43.33,None,46.33,None,None,None,None
1769383881.182575,None,26.67,None,29.67,None,12.33,None,43.33,None,0.00,None,52.01,None,9.00,None,22.33,None,43.33,None,46.33,None,None,None,None
1769383887.8752346,None,None,None,29.67,None,3.33,None,43.33,None,0.00,None,52.01,None,9.00,None,13.33,None,40.00,None,46.33,None,None,None,None
1769383887.8812475,None,None,None,29.67,None,3.33,None,43.33,None,0.00,None,52.01,None,9.00,None,13.33,None,40.00,None,46.33,None,None,None,None
1769383888.104797,None,None,None,29.67,None,3.33,None,43.33,None,0.00,None,52.01,None,9.00,None,13.33,None,40.00,None,46.33,None,None,None,None
1769383888.107804,None,None,None,29.67,None,3.33,None,43.33,None,0.00,None,52.01,None,9.00,None,13.33,None,40.00,None,46.33,None,None,None,None
1769383888.3812423,None,None,None,29.67,None,3.33,None,43.33,None,0.00,None,52.01,None,9.00,None,13.33,None,40.00,None,46.33,None,None,None,None
1769383888.3842413,None,None,None,29.67,None,3.33,None,43.33,None,0.00,None,52.01,None,9.00,None,13.33,None,40.00,None,46.33,None,None,None,None
1769383890.1203938,None,None,None,29.67,None,3.33,None,43.33,None,0.00,None,52.01,None,9.00,None,13.33,None,40.00,None,55.33,None,None,None,None
1769383890.123393,None,None,None,29.67,None,3.33,None,43.33,None,0.00,None,52.01,None,9.00,None,13.33,None,40.00,None,55.33,None,None,None,None
1769383895.1524386,None,None,None,29.67,None,3.33,None,43.33,None,0.00,None,52.01,None,9.00,None,13.33,None,49.00,None,55.33,None,3.33,None,None
1769383895.156439,None,None,None,29.67,None,3.33,None,43.33,None,0.00,None,52.01,None,9.00,None,13.33,None,49.00,None,55.33,None,3.33,None,None
1769383905.1063008,None,None,None,29.67,None,3.33,None,34.33,None,0.00,None,40.01,None,9.00,None,22.66,None,48.67,None,55.33,None,3.33,None,0.00
1769383905.1133037,None,None,None,29.67,None,3.33,None,34.33,None,0.00,None,40.01,None,9.00,None,22.66,None,48.67,None,55.33,None,3.33,None,0.00
1769383906.7858703,None,None,None,29.67,None,3.33,None,34.33,None,0.00,None,40.01,None,9.00,None,22.66,None,48.67,None,55.33,None,3.33,None,0.00
1769383906.7928684,None,None,None,29.67,None,3.33,None,34.33,None,0.00,None,40.01,None,9.00,None,22.66,None,48.67,None,55.33,None,3.33,None,0.00
1769383907.0284076,None,None,None,29.67,None,3.33,None,30.33,None,0.00,None,40.01,None,9.00,None,25.99,None,48.34,None,16.33,None,3.33,None,0.00
1769383907.0324202,None,None,None,29.67,None,3.33,None,30.33,None,0.00,None,40.01,None,9.00,None,25.99,None,48.34,None,16.33,None,3.33,None,0.00
1769383907.2694113,None,None,None,29.67,None,3.33,None,34.33,None,0.00,None,40.01,None,9.00,None,25.99,None,48.34,None,16.33,None,3.33,None,0.00
1769383907.2734075,None,None,None,29.67,None,3.33,None,34.33,None,0.00,None,40.01,None,9.00,None,25.99,None,48.34,None,16.33,None,3.33,None,0.00
1769383907.4896066,None,None,None,29.67,None,3.33,None,34.33,None,0.00,None,40.01,None,13.33,None,27.66,None,51.67,None,34.00,None,3.33,None,0.00
1769383907.4936144,None,None,None,29.67,None,3.33,None,34.33,None,0.00,None,40.01,None,13.33,None,27.66,None,51.67,None,34.00,None,3.33,None,0.00
1769383907.7117076,None,None,None,29.67,None,3.33,None,34.33,None,4.33,None,40.01,None,13.33,None,29.33,None,51.67,None,34.00,None,3.33,None,0.00
1769383907.7157135,None,None,None,29.67,None,3.33,None,34.33,None,4.33,None,40.01,None,13.33,None,29.33,None,51.67,None,34.00,None,3.33,None,0.00
1769383912.0255685,None,0.00,None,29.67,None,3.33,None,34.33,None,4.33,None,43.01,None,13.33,None,29.33,None,34.00,None,30.67,None,3.33,None,0.00
1769383912.0295696,None,0.00,None,29.67,None,3.33,None,34.33,None,4.33,None,43.01,None,13.33,None,29.33,None,34.00,None,30.67,None,3.33,None,0.00
1769383917.0345929,None,0.00,None,29.67,None,3.33,None,25.33,None,4.33,None,43.01,None,13.33,None,29.33,None,34.00,None,30.67,None,3.33,None,0.00
1769383917.0375924,None,0.00,None,29.67,None,3.33,None,25.33,None,4.33,None,43.01,None,13.33,None,29.33,None,34.00,None,30.67,None,3.33,None,0.00
1769383924.24568,None,27.00,None,29.67,None,3.33,None,4.00,None,4.33,None,25.34,None,13.33,None,29.33,None,34.00,None,30.67,None,3.33,None,0.00
1769383924.24968,None,27.00,None,29.67,None,3.33,None,4.00,None,4.33,None,25.34,None,13.33,None,29.33,None,34.00,None,30.67,None,3.33,None,0.00
1769383924.5119114,None,27.00,None,29.67,None,3.33,None,4.00,None,4.33,None,25.34,None,13.33,None,29.33,None,43.00,None,30.67,None,3.33,None,0.00
1769383924.5159123,None,27.00,None,29.67,None,3.33,None,4.00,None,4.33,None,25.34,None,13.33,None,29.33,None,43.00,None,30.67,None,3.33,None,0.00
1769383924.7635295,None,27.00,None,29.67,None,3.33,None,4.00,None,4.33,None,25.34,None,13.33,None,29.33,None,52.00,None,30.67,None,3.33,None,0.00
1769383924.7695334,None,27.00,None,29.67,None,3.33,None,4.00,None,4.33,None,25.34,None,13.33,None,29.33,None,52.00,None,30.67,None,3.33,None,0.00
1769383925.0221238,None,27.00,None,29.67,None,3.33,None,4.00,None,4.33,None,25.34,None,13.33,None,29.33,None,52.00,None,30.67,None,3.33,None,0.00
1769383925.025119,None,27.00,None,29.67,None,3.33,None,4.00,None,4.33,None,25.34,None,13.33,None,29.33,None,52.00,None,30.67,None,3.33,None,0.00
1769383925.227121,None,27.00,None,29.67,None,3.33,None,4.00,None,4.33,None,25.34,None,13.33,None,29.33,None,52.00,None,30.67,None,3.33,None,0.00
1769383925.2311187,None,27.00,None,29.67,None,3.33,None,4.00,None,4.33,None,25.34,None,13.33,None,29.33,None,52.00,None,30.67,None,3.33,None,0.00
1769383925.4433331,None,27.00,None,29.67,None,3.33,None,4.00,None,13.33,None,25.34,None,13.33,None,29.33,None,52.00,None,30.67,None,3.33,None,0.00
1769383925.4463322,None,27.00,None,29.67,None,3.33,None,4.00,None,13.33,None,25.34,None,13.33,None,29.33,None,52.00,None,30.67,None,3.33,None,0.00
1769383944.3172438,None,27.00,None,12.00,None,0.00,None,4.00,None,13.33,None,13.00,None,13.33,None,25.00,None,52.00,None,48.34,None,0.00,None,0.00
1769383944.3212528,None,27.00,None,12.00,None,0.00,None,4.00,None,13.33,None,13.00,None,13.33,None,25.00,None,52.00,None,48.34,None,0.00,None,0.00
1769383944.5252426,None,27.00,None,12.00,None,0.00,None,4.00,None,13.33,None,34.00,None,13.33,None,25.00,None,53.67,None,52.67,None,0.00,None,0.00
1769383944.5302417,None,27.00,None,12.00,None,0.00,None,4.00,None,13.33,None,34.00,None,13.33,None,25.00,None,53.67,None,52.67,None,0.00,None,0.00
1769383944.733012,None,27.00,None,12.00,None,0.00,None,13.00,None,13.33,None,50.33,None,13.33,None,25.00,None,55.34,None,52.67,None,0.00,None,0.00
1769383944.7380116,None,27.00,None,12.00,None,0.00,None,13.00,None,13.33,None,50.33,None,13.33,None,25.00,None,55.34,None,52.67,None,0.00,None,0.00
1769383944.9400146,None,27.00,None,12.00,None,0.00,None,13.00,None,13.33,None,50.33,None,13.33,None,25.00,None,55.34,None,52.67,None,0.00,None,0.00
1769383944.946526,None,27.00,None,12.00,None,0.00,None,13.00,None,13.33,None,50.33,None,13.33,None,25.00,None,55.34,None,52.67,None,0.00,None,0.00
1769383945.1739335,None,27.00,None,12.00,None,0.00,None,30.67,None,13.33,None,53.66,None,13.33,None,25.00,None,55.34,None,54.34,None,0.00,None,0.00
1769383945.176931,None,27.00,None,12.00,None,0.00,None,30.67,None,13.33,None,53.66,None,13.33,None,25.00,None,55.34,None,54.34,None,0.00,None,0.00
1769383945.39093,None,27.00,None,12.00,None,0.00,None,51.67,None,13.33,None,53.66,None,13.33,None,25.00,None,55.34,None,54.34,None,0.00,None,0.00
1769383945.396931,None,27.00,None,12.00,None,0.00,None,51.67,None,13.33,None,53.66,None,13.33,None,25.00,None,55.34,None,54.34,None,0.00,None,0.00
1769383947.1038423,None,27.00,None,21.00,None,0.00,None,51.67,None,13.33,None,53.66,None,13.33,None,25.00,None,55.34,None,54.34,None,0.00,None,0.00
1769383947.1068435,None,27.00,None,21.00,None,0.00,None,51.67,None,13.33,None,53.66,None,13.33,None,25.00,None,55.34,None,54.34,None,0.00,None,0.00
1769383957.1764543,None,0.00,None,30.00,None,0.00,None,51.67,None,13.33,None,53.66,None,13.33,None,25.00,None,55.34,None,54.34,None,0.00,None,0.00
1769383957.1794548,None,0.00,None,30.00,None,0.00,None,51.67,None,13.33,None,53.66,None,13.33,None,25.00,None,55.34,None,54.34,None,0.00,None,0.00
1769383957.395452,None,0.00,None,30.00,None,0.00,None,51.67,None,13.33,None,53.66,None,13.33,None,25.00,None,55.34,None,54.34,None,0.00,None,0.00
1769383957.40145,None,0.00,None,30.00,None,0.00,None,51.67,None,13.33,None,53.66,None,13.33,None,25.00,None,55.34,None,54.34,None,0.00,None,0.00
1769383957.6224506,None,9.00,None,30.00,None,0.00,None,51.67,None,13.33,None,53.66,None,13.33,None,25.00,None,55.34,None,54.34,None,0.00,None,0.00
1769383957.6254497,None,9.00,None,30.00,None,0.00,None,51.67,None,13.33,None,53.66,None,13.33,None,25.00,None,55.34,None,54.34,None,0.00,None,0.00
1769383963.4370313,None,9.00,None,30.00,None,0.00,None,51.67,None,13.33,None,53.66,None,13.33,None,25.00,None,55.34,None,54.34,None,0.00,None,0.00
1769383963.4420283,None,9.00,None,30.00,None,0.00,None,51.67,None,13.33,None,53.66,None,13.33,None,25.00,None,55.34,None,54.34,None,0.00,None,0.00
1769383965.1862454,None,9.00,None,30.00,None,8.67,None,55.00,None,13.33,None,53.66,None,13.33,None,25.00,None,55.34,None,54.34,None,9.00,None,0.00
1769383965.1902583,None,9.00,None,30.00,None,8.67,None,55.00,None,13.33,None,53.66,None,13.33,None,25.00,None,55.34,None,54.34,None,9.00,None,0.00
1769383965.4047425,None,18.00,None,30.00,None,8.67,None,55.00,None,13.33,None,53.66,None,13.33,None,25.00,None,55.34,None,54.34,None,9.00,None,0.00
1769383965.4087424,None,18.00,None,30.00,None,8.67,None,55.00,None,13.33,None,53.66,None,13.33,None,25.00,None,55.34,None,54.34,None,9.00,None,0.00
1769383965.6167488,None,18.00,None,30.00,None,8.67,None,55.00,None,13.33,None,53.66,None,13.33,None,25.00,None,55.34,None,54.34,None,9.00,None,0.00
1769383965.6207504,None,18.00,None,30.00,None,8.67,None,55.00,None,13.33,None,53.66,None,13.33,None,25.00,None,55.34,None,54.34,None,9.00,None,0.00
1769383965.8367457,None,26.67,None,30.00,None,8.67,None,55.00,None,22.33,None,55.33,None,13.33,None,28.33,None,55.34,None,54.34,None,9.00,None,0.00
1769383965.8418221,None,26.67,None,30.00,None,8.67,None,55.00,None,22.33,None,55.33,None,13.33,None,28.33,None,55.34,None,54.34,None,9.00,None,0.00
1769383966.0582917,None,26.67,None,30.00,None,12.00,None,55.00,None,22.33,None,55.33,None,13.33,None,28.33,None,55.34,None,54.34,None,9.00,None,8.67
1769383966.063288,None,26.67,None,30.00,None,12.00,None,55.00,None,22.33,None,55.33,None,13.33,None,28.33,None,55.34,None,54.34,None,9.00,None,8.67
1769383967.2965078,None,26.67,None,30.00,None,12.00,None,55.00,None,27.33,None,55.33,None,13.33,None,23.33,None,46.67,None,54.01,None,9.00,None,8.67
1769383967.3008773,None,26.67,None,30.00,None,12.00,None,55.00,None,27.33,None,55.33,None,13.33,None,23.33,None,46.67,None,54.01,None,9.00,None,8.67
1769383967.5958362,None,26.67,None,30.00,None,12.00,None,55.00,None,27.33,None,55.33,None,13.33,None,23.33,None,46.67,None,54.01,None,9.00,None,8.67
1769383967.6000156,None,26.67,None,30.00,None,12.00,None,55.00,None,27.33,None,55.33,None,13.33,None,23.33,None,46.67,None,54.01,None,9.00,None,8.67
1769383977.5384734,None,26.67,None,30.00,None,12.00,None,55.00,None,27.33,None,55.33,None,13.33,None,23.33,None,50.00,None,54.01,None,9.00,None,8.67
1769383977.5414734,None,26.67,None,30.00,None,12.00,None,55.00,None,27.33,None,55.33,None,13.33,None,23.33,None,50.00,None,54.01,None,9.00,None,8.67
1769383977.8789947,None,26.67,None,30.00,None,12.00,None,55.00,None,27.33,None,55.33,None,13.33,None,23.33,None,50.00,None,54.01,None,9.00,None,8.67
1769383977.8849928,None,26.67,None,30.00,None,12.00,None,55.00,None,27.33,None,55.33,None,13.33,None,23.33,None,50.00,None,54.01,None,9.00,None,8.67
1769383978.166014,None,26.67,None,30.00,None,12.00,None,55.00,None,27.33,None,55.33,None,13.33,None,23.33,None,50.00,None,54.01,None,9.00,None,8.67
1769383978.1710138,None,26.67,None,30.00,None,12.00,None,55.00,None,27.33,None,55.33,None,13.33,None,23.33,None,50.00,None,54.01,None,9.00,None,8.67
1769383978.430544,None,26.67,None,30.00,None,12.00,None,55.00,None,27.33,None,55.33,None,13.33,None,27.66,None,55.00,None,54.01,None,9.00,None,8.67
1769383978.4345443,None,26.67,None,30.00,None,12.00,None,55.00,None,27.33,None,55.33,None,13.33,None,27.66,None,55.00,None,54.01,None,9.00,None,8.67
1769383978.6885543,None,26.67,None,30.00,None,12.00,None,55.00,None,27.33,None,55.33,None,13.33,None,27.66,None,55.00,None,54.01,None,9.00,None,8.67
1769383978.693547,None,26.67,None,30.00,None,12.00,None,55.00,None,27.33,None,55.33,None,13.33,None,27.66,None,55.00,None,54.01,None,9.00,None,8.67
1769383978.9475496,None,26.67,None,30.00,None,12.00,None,55.00,None,27.33,None,55.33,None,13.33,None,27.66,None,55.00,None,54.01,None,9.00,None,8.67
1769383978.9515471,None,26.67,None,30.00,None,12.00,None,55.00,None,27.33,None,55.33,None,13.33,None,27.66,None,55.00,None,54.01,None,9.00,None,8.67
1769383982.3173747,None,26.67,None,30.00,None,12.00,None,55.00,None,27.33,None,55.33,None,13.33,None,27.66,None,55.00,None,54.01,None,9.00,None,8.67
1769383982.3213758,None,26.67,None,30.00,None,12.00,None,55.00,None,27.33,None,55.33,None,13.33,None,27.66,None,55.00,None,54.01,None,9.00,None,8.67
1769383992.396668,None,26.67,None,30.00,None,12.00,None,55.00,None,27.33,None,55.33,None,13.33,None,27.66,None,55.00,None,54.01,None,9.00,None,8.67
1769383992.4006667,None,26.67,None,30.00,None,12.00,None,55.00,None,27.33,None,55.33,None,13.33,None,27.66,None,55.00,None,54.01,None,9.00,None,8.67
1769383999.6222696,None,26.67,None,30.00,None,12.00,None,55.00,None,27.33,None,55.33,None,13.33,None,27.66,None,55.00,None,54.01,None,9.00,None,8.67
1769383999.6272721,None,26.67,None,30.00,None,12.00,None,55.00,None,27.33,None,55.33,None,13.33,None,27.66,None,55.00,None,54.01,None,9.00,None,8.67
1769383999.9043126,None,26.67,None,30.00,None,12.00,None,55.00,None,27.33,None,55.33,None,13.33,None,27.66,None,55.00,None,54.01,None,9.00,None,8.67
1769383999.909318,None,26.67,None,30.00,None,12.00,None,55.00,None,27.33,None,55.33,None,13.33,None,27.66,None,55.00,None,54.01,None,9.00,None,8.67
1769384000.179848,None,26.67,None,30.00,None,12.00,None,55.00,None,27.33,None,55.33,None,13.33,None,27.66,None,55.00,None,54.01,None,9.00,None,8.67
1769384000.184851,None,26.67,None,30.00,None,12.00,None,55.00,None,27.33,None,55.33,None,13.33,None,27.66,None,55.00,None,54.01,None,9.00,None,8.67
1769384000.4272852,None,26.67,None,30.00,None,12.00,None,55.00,None,27.33,None,55.33,None,13.33,None,27.66,None,55.00,None,54.01,None,9.00,None,8.67
1769384000.4312856,None,26.67,None,30.00,None,12.00,None,55.00,None,27.33,None,55.33,None,13.33,None,27.66,None,55.00,None,54.01,None,9.00,None,8.67
1769384000.662309,None,26.67,None,30.00,None,12.33,None,51.67,None,27.33,None,55.33,None,13.33,None,27.66,None,55.00,None,54.01,None,None,None,8.67
1769384000.6663103,None,26.67,None,30.00,None,12.33,None,51.67,None,27.33,None,55.33,None,13.33,None,27.66,None,55.00,None,54.01,None,None,None,8.67
1769384000.9626467,None,26.67,None,30.00,None,12.33,None,51.67,None,27.33,None,55.33,None,13.33,None,27.66,None,55.00,None,54.01,None,None,None,8.67
1769384000.9666429,None,26.67,None,30.00,None,12.33,None,51.67,None,27.33,None,55.33,None,13.33,None,27.66,None,55.00,None,54.01,None,None,None,8.67
1769384001.2024238,None,26.67,None,30.00,None,12.33,None,51.67,None,27.33,None,55.33,None,13.33,None,27.66,None,55.00,None,54.01,None,None,None,8.67
1769384001.2064238,None,26.67,None,30.00,None,12.33,None,51.67,None,27.33,None,55.33,None,13.33,None,27.66,None,55.00,None,54.01,None,None,None,8.67
1769384002.3311698,None,26.67,None,30.00,None,9.00,None,51.67,None,27.33,None,55.33,None,13.33,None,27.66,None,55.00,None,54.01,None,None,None,None
1769384002.3361688,None,26.67,None,30.00,None,9.00,None,51.67,None,27.33,None,55.33,None,13.33,None,27.66,None,55.00,None,54.01,None,None,None,None
1769384009.3811917,None,17.67,None,9.00,None,9.00,None,51.67,None,27.33,None,55.33,None,4.33,None,27.66,None,55.00,None,54.01,None,None,None,None
1769384009.3851907,None,17.67,None,9.00,None,9.00,None,51.67,None,27.33,None,55.33,None,4.33,None,27.66,None,55.00,None,54.01,None,None,None,None
1769384021.7190773,None,17.67,None,9.00,None,9.00,None,55.00,None,27.33,None,55.33,None,13.33,None,27.66,None,55.00,None,54.01,None,8.67,None,None
1769384021.725079,None,17.67,None,9.00,None,9.00,None,55.00,None,27.33,None,55.33,None,13.33,None,27.66,None,55.00,None,54.01,None,8.67,None,None
1769384021.9444792,None,17.67,None,9.00,None,9.00,None,55.00,None,27.33,None,55.33,None,13.33,None,27.66,None,55.00,None,54.01,None,8.67,None,None
1769384021.9494784,None,17.67,None,9.00,None,9.00,None,55.00,None,27.33,None,55.33,None,13.33,None,27.66,None,55.00,None,54.01,None,8.67,None,None
1769384022.2332551,None,17.67,None,9.00,None,9.00,None,55.00,None,27.33,None,55.33,None,13.33,None,27.66,None,55.00,None,54.01,None,8.67,None,None
1769384022.2382567,None,17.67,None,9.00,None,9.00,None,55.00,None,27.33,None,55.33,None,13.33,None,27.66,None,55.00,None,54.01,None,8.67,None,None
1769384022.6054997,None,17.67,None,9.00,None,9.00,None,55.00,None,27.33,None,55.33,None,13.33,None,27.66,None,55.00,None,54.01,None,8.67,None,None
1769384022.610506,None,17.67,None,9.00,None,9.00,None,55.00,None,27.33,None,55.33,None,13.33,None,27.66,None,55.00,None,54.01,None,8.67,None,None
1769384022.895207,None,9.00,None,9.00,None,9.00,None,55.00,None,18.33,None,53.66,None,13.33,None,24.33,None,55.00,None,54.01,None,8.67,None,0.00
1769384022.9005508,None,9.00,None,9.00,None,9.00,None,55.00,None,18.33,None,53.66,None,13.33,None,24.33,None,55.00,None,54.01,None,8.67,None,0.00
1769384023.1135426,None,9.00,None,9.00,None,9.00,None,55.00,None,18.33,None,53.66,None,13.33,None,24.33,None,55.00,None,54.01,None,8.67,None,0.00
1769384023.1185422,None,9.00,None,9.00,None,9.00,None,55.00,None,18.33,None,53.66,None,13.33,None,24.33,None,55.00,None,54.01,None,8.67,None,0.00
1769384023.399548,None,9.00,None,9.00,None,9.00,None,55.00,None,18.33,None,53.66,None,13.33,None,24.33,None,55.00,None,54.01,None,8.67,None,0.00
1769384023.4035451,None,9.00,None,9.00,None,9.00,None,55.00,None,18.33,None,53.66,None,13.33,None,24.33,None,55.00,None,54.01,None,8.67,None,0.00
1769384023.6846225,None,9.00,None,9.00,None,9.00,None,55.00,None,18.33,None,53.66,None,13.33,None,24.33,None,55.00,None,54.01,None,8.67,None,0.00
1769384023.6896303,None,9.00,None,9.00,None,9.00,None,55.00,None,18.33,None,53.66,None,13.33,None,24.33,None,55.00,None,54.01,None,8.67,None,0.00
1769384025.9608066,None,9.00,None,9.00,None,9.00,None,53.67,None,18.33,None,47.99,None,0.00,None,13.33,None,43.00,None,54.01,None,None,None,0.00
1769384025.9658089,None,9.00,None,9.00,None,9.00,None,53.67,None,18.33,None,47.99,None,0.00,None,13.33,None,43.00,None,54.01,None,None,None,0.00
1769384037.9301894,None,9.00,None,9.00,None,9.00,None,53.67,None,9.00,None,47.99,None,0.00,None,13.33,None,43.00,None,54.34,None,None,None,0.00
1769384037.9341888,None,9.00,None,9.00,None,9.00,None,53.67,None,9.00,None,47.99,None,0.00,None,13.33,None,43.00,None,54.34,None,None,None,0.00
1769384040.7761207,None,9.00,None,26.67,None,9.00,None,53.67,None,9.00,None,47.99,None,9.33,None,13.33,None,43.00,None,54.34,None,None,None,0.00
1769384040.7811198,None,9.00,None,26.67,None,9.00,None,53.67,None,9.00,None,47.99,None,9.33,None,13.33,None,43.00,None,54.34,None,None,None,0.00
1769384040.9911122,None,22.00,None,30.00,None,9.00,None,53.67,None,9.00,None,47.99,None,11.00,None,22.33,None,43.00,None,54.34,None,None,None,0.00
1769384040.9941113,None,22.00,None,30.00,None,9.00,None,53.67,None,9.00,None,47.99,None,11.00,None,22.33,None,43.00,None,54.34,None,None,None,0.00
1769384041.2461135,None,22.00,None,30.00,None,9.00,None,53.67,None,18.00,None,47.99,None,11.00,None,22.33,None,43.00,None,54.34,None,None,None,0.00
1769384041.2511222,None,22.00,None,30.00,None,9.00,None,53.67,None,18.00,None,47.99,None,11.00,None,22.33,None,43.00,None,54.34,None,None,None,0.00
1769384041.4822752,None,25.33,None,30.00,None,9.00,None,53.67,None,26.67,None,47.99,None,12.67,None,22.33,None,43.00,None,54.34,None,None,None,9.00
1769384041.4872768,None,25.33,None,30.00,None,9.00,None,53.67,None,26.67,None,47.99,None,12.67,None,22.33,None,43.00,None,54.34,None,None,None,9.00
1769384041.707789,None,27.00,None,30.00,None,9.00,None,53.67,None,26.67,None,47.99,None,12.67,None,29.99,None,51.67,None,54.34,None,None,None,9.00
1769384041.7127955,None,27.00,None,30.00,None,9.00,None,53.67,None,26.67,None,47.99,None,12.67,None,29.99,None,51.67,None,54.34,None,None,None,9.00
1769384041.9433298,None,27.00,None,30.00,None,9.00,None,53.67,None,26.67,None,47.99,None,12.67,None,29.99,None,51.67,None,54.34,None,None,None,9.00
1769384041.9463327,None,27.00,None,30.00,None,9.00,None,53.67,None,26.67,None,47.99,None,12.67,None,29.99,None,51.67,None,54.34,None,None,None,9.00
1769384042.965499,None,27.00,None,30.00,None,9.00,None,53.67,None,26.67,None,47.99,None,12.67,None,29.99,None,51.67,None,54.34,None,None,None,9.00
1769384042.9715064,None,27.00,None,30.00,None,9.00,None,53.67,None,26.67,None,47.99,None,12.67,None,29.99,None,51.67,None,54.34,None,None,None,9.00
1769384057.993891,None,27.00,None,21.00,None,9.00,None,53.67,None,17.67,None,47.99,None,12.67,None,20.99,None,42.67,None,54.34,None,0.00,None,9.00
1769384057.99689,None,27.00,None,21.00,None,9.00,None,53.67,None,17.67,None,47.99,None,12.67,None,20.99,None,42.67,None,54.34,None,0.00,None,9.00
1769384063.0225935,None,27.00,None,21.00,None,9.00,None,53.67,None,17.67,None,47.99,None,12.67,None,29.99,None,54.67,None,54.34,None,0.00,None,9.00
1769384063.0266674,None,27.00,None,21.00,None,9.00,None,53.67,None,17.67,None,47.99,None,12.67,None,29.99,None,54.67,None,54.34,None,0.00,None,9.00
1769384070.8234437,None,27.00,None,21.00,None,9.00,None,55.34,None,17.67,None,52.32,None,12.67,None,29.99,None,43.67,None,32.34,None,0.00,None,9.00
1769384070.8254428,None,27.00,None,21.00,None,9.00,None,55.34,None,17.67,None,52.32,None,12.67,None,29.99,None,43.67,None,32.34,None,0.00,None,9.00
1769384071.0574481,None,27.00,None,21.00,None,9.00,None,55.34,None,17.67,None,53.99,None,12.67,None,29.99,None,52.67,None,48.67,None,0.00,None,9.00
1769384071.060445,None,27.00,None,21.00,None,9.00,None,55.34,None,17.67,None,53.99,None,12.67,None,29.99,None,52.67,None,48.67,None,0.00,None,9.00
1769384071.2944512,None,27.00,None,21.00,None,9.00,None,55.34,None,17.67,None,53.99,None,12.67,None,29.99,None,52.67,None,48.67,None,9.00,None,9.00
1769384071.2984612,None,27.00,None,21.00,None,9.00,None,55.34,None,17.67,None,53.99,None,12.67,None,29.99,None,52.67,None,48.67,None,9.00,None,9.00
1769384071.5365093,None,27.00,None,29.67,None,9.00,None,55.34,None,26.67,None,53.99,None,12.67,None,29.99,None,52.67,None,52.00,None,9.00,None,9.00
1769384071.5415058,None,27.00,None,29.67,None,9.00,None,55.34,None,26.67,None,53.99,None,12.67,None,29.99,None,52.67,None,52.00,None,9.00,None,9.00
1769384071.756227,None,27.00,None,29.67,None,9.00,None,55.34,None,26.67,None,53.99,None,12.67,None,29.99,None,52.67,None,52.00,None,9.00,None,9.00
1769384071.7602048,None,27.00,None,29.67,None,9.00,None,55.34,None,26.67,None,53.99,None,12.67,None,29.99,None,52.67,None,52.00,None,9.00,None,9.00
1769384073.72954,None,27.00,None,29.67,None,9.00,None,32.67,None,26.67,None,34.33,None,12.67,None,29.99,None,51.00,None,50.33,None,9.00,None,9.00
1769384073.7345378,None,27.00,None,29.67,None,9.00,None,32.67,None,26.67,None,34.33,None,12.67,None,29.99,None,51.00,None,50.33,None,9.00,None,9.00
