timestamp;(0,34);(14,17);(25,24);(8,13);(8,22);(14,10);(14,11);(28,27);(28,29);(28,30);(2,3);(2,32);(5,4);(9,12);(23,15);(23,19);(23,20);(18,21);(6,7);(2,16);(25,26);(33,1);(33,31);(34,9);(9,18);(18,2);(2,5);(5,23);(23,25);(25,28);(28,14);(14,8);(8,6);(6,33);(33,34);(25,25.1);(8,8.1);(14,14.1);(28,28.1);(2,2.1);(5,5.1);(9,9.1);(23,23.1);(18,18.1);(6,6.1);(33,33.1);(34,34.1)
1762816121.4285097;0.00;97.00;0.00;0.00;0.00;0.00;0.00;0.00;0.00;0.00;0.00;0.00;0.00;0.00;0.00;0.00;0.00;0.00;0.00;0.00;0.00;0.00;0.00;0.00;0.00;0.00;0.00;0.00;0.00;0.00;144.67;0.00;0.00;0.00;0.00;0.00;0.00;0.00;0.00;0.00;0.00;0.00;0.00;0.00;0.00;0.00;0.00
1762816121.4293869;0.00;97.00;0.00;0.00;0.00;0.00;0.00;0.00;0.00;0.00;0.00;0.00;0.00;0.00;0.00;0.00;0.00;0.00;0.00;0.00;0.00;0.00;0.00;0.00;0.00;0.00;0.00;0.00;0.00;0.00;144.67;0.00;0.00;0.00;0.00;0.00;0.00;0.00;0.00;0.00;0.00;0.00;0.00;0.00;0.00;0.00;0.00
1762816121.4522214;0.00;194.00;0.00;0.00;0.00;0.00;0.00;0.00;0.00;0.00;0.00;0.00;0.00;0.00;0.00;0.00;0.00;0.00;0.00;0.00;0.00;0.00;0.00;0.00;0.00;0.00;0.00;0.00;0.00;0.00;241.67;0.00;0.00;0.00;0.00;0.00;0.00;0.00;0.00;0.00;0.00;0.00;0.00;0.00;0.00;0.00;0.00
1762816121.4529204;0.00;194.00;0.00;0.00;0.00;0.00;0.00;0.00;0.00;0.00;0.00;0.00;0.00;0.00;0.00;0.00;0.00;0.00;0.00;0.00;0.00;0.00;0.00;0.00;0.00;0.00;0.00;0.00;0.00;0.00;241.67;0.00;0.00;0.00;0.00;0.00;0.00;0.00;0.00;0.00;0.00;0.00;0.00;0.00;0.00;0.00;0.00
1762816121.4793878;0.00;291.00;0.00;0.00;0.00;0.00;0.00;0.00;0.00;0.00;0.00;0.00;0.00;0.00;0.00;0.00;0.00;0.00;0.00;0.00;0.00;0.00;0.00;0.00;0.00;0.00;0.00;0.00;0.00;0.00;338.67;0.00;0.00;0.00;0.00;0.00;0.00;0.00;0.00;0.00;0.00;0.00;0.00;0.00;0.00;0.00;0.00
1762816121.4800842;0.00;291.00;0.00;0.00;0.00;0.00;0.00;0.00;0.00;0.00;0.00;0.00;0.00;0.00;0.00;0.00;0.00;0.00;0.00;0.00;0.00;0.00;0.00;0.00;0.00;0.00;0.00;0.00;0.00;0.00;338.67;0.00;0.00;0.00;0.00;0.00;0.00;0.00;0.00;0.00;0.00;0.00;0.00;0.00;0.00;0.00;0.00
1762816121.503429;0.00;388.00;0.00;0.00;0.00;0.00;0.00;0.00;0.00;0.00;0.00;0.00;0.00;0.00;0.00;0.00;0.00;0.00;0.00;0.00;0.00;0.00;0.00;0.00;0.00;0.00;0.00;0.00;0.00;0.00;435.67;0.00;0.00;0.00;0.00;0.00;0.00;0.00;0.00;0.00;0.00;0.00;0.00;0.00;0.00;0.00;0.00
1762816121.504109;0.00;388.00;0.00;0.00;0.00;0.00;0.00;0.00;0.00;0.00;0.00;0.00;0.00;0.00;0.00;0.00;0.00;0.00;0.00;0.00;0.00;0.00;0.00;0.00;0.00;0.00;0.00;0.00;0.00;0.00;435.67;0.00;0.00;0.00;0.00;0.00;0.00;0.00;0.00;0.00;0.00;0.00;0.00;0.00;0.00;0.00;0.00
1762816121.529568;0.00;485.00;0.00;0.00;0.00;0.00;0.00;0.00;0.00;0.00;0.00;0.00;0.00;0.00;0.00;0.00;0.00;0.00;0.00;0.00;0.00;0.00;0.00;0.00;0.00;0.00;0.00;0.00;0.00;0.00;532.67;0.00;0.00;0.00;0.00;0.00;0.00;0.00;0.00;0.00;0.00;0.00;0.00;0.00;0.00;0.00;0.00
1762816121.530243;0.00;485.00;0.00;0.00;0.00;0.00;0.00;0.00;0.00;0.00;0.00;0.00;0.00;0.00;0.00;0.00;0.00;0.00;0.00;0.00;0.00;0.00;0.00;0.00;0.00;0.00;0.00;0.00;0.00;0.00;532.67;0.00;0.00;0.00;0.00;0.00;0.00;0.00;0.00;0.00;0.00;0.00;0.00;0.00;0.00;0.00;0.00
1762816121.5459528;0.00;582.00;0.00;0.00;0.00;0.00;0.00;0.00;0.00;0.00;0.00;0.00;0.00;0.00;0.00;0.00;0.00;0.00;0.00;0.00;0.00;0.00;0.00;0.00;0.00;0.00;0.00;0.00;0.00;0.00;789.67;160.00;0.00;0.00;0.00;0.00;0.00;0.00;0.00;0.00;0.00;0.00;0.00;0.00;0.00;0.00;0.00
1762816121.5463428;0.00;582.00;0.00;0.00;0.00;0.00;0.00;0.00;0.00;0.00;0.00;0.00;0.00;0.00;0.00;0.00;0.00;0.00;0.00;0.00;0.00;0.00;0.00;0.00;0.00;0.00;0.00;0.00;0.00;0.00;789.67;160.00;0.00;0.00;0.00;0.00;0.00;0.00;0.00;0.00;0.00;0.00;0.00;0.00;0.00;0.00;0.00
1762816142.4115224;0.00;582.00;0.00;0.00;0.00;0.00;0.00;0.00;0.00;0.00;0.00;0.00;0.00;0.00;0.00;0.00;0.00;0.00;97.00;0.00;0.00;0.00;0.00;0.00;0.00;0.00;0.00;0.00;0.00;0.00;789.67;160.00;97.00;0.00;0.00;0.00;0.00;0.00;0.00;0.00;0.00;0.00;0.00;0.00;0.00;0.00;0.00
1762816142.4122777;0.00;582.00;0.00;0.00;0.00;0.00;0.00;0.00;0.00;0.00;0.00;0.00;0.00;0.00;0.00;0.00;0.00;0.00;97.00;0.00;0.00;0.00;0.00;0.00;0.00;0.00;0.00;0.00;0.00;0.00;789.67;160.00;97.00;0.00;0.00;0.00;0.00;0.00;0.00;0.00;0.00;0.00;0.00;0.00;0.00;0.00;0.00
1762816142.4299443;0.00;582.00;0.00;0.00;0.00;0.00;0.00;0.00;0.00;0.00;0.00;0.00;0.00;0.00;0.00;0.00;0.00;0.00;194.00;0.00;0.00;0.00;0.00;0.00;0.00;0.00;0.00;0.00;0.00;0.00;789.67;160.00;194.00;0.00;0.00;0.00;0.00;0.00;0.00;0.00;0.00;0.00;0.00;0.00;0.00;0.00;0.00
1762816142.4303463;0.00;582.00;0.00;0.00;0.00;0.00;0.00;0.00;0.00;0.00;0.00;0.00;0.00;0.00;0.00;0.00;0.00;0.00;194.00;0.00;0.00;0.00;0.00;0.00;0.00;0.00;0.00;0.00;0.00;0.00;789.67;160.00;194.00;0.00;0.00;0.00;0.00;0.00;0.00;0.00;0.00;0.00;0.00;0.00;0.00;0.00;0.00
1762816142.4533916;0.00;582.00;0.00;0.00;0.00;0.00;0.00;0.00;0.00;0.00;0.00;0.00;0.00;0.00;0.00;0.00;0.00;0.00;291.00;0.00;0.00;0.00;0.00;0.00;0.00;0.00;0.00;0.00;0.00;0.00;789.67;160.00;291.00;0.00;0.00;0.00;0.00;0.00;0.00;0.00;0.00;0.00;0.00;0.00;0.00;0.00;0.00
1762816142.4537754;0.00;582.00;0.00;0.00;0.00;0.00;0.00;0.00;0.00;0.00;0.00;0.00;0.00;0.00;0.00;0.00;0.00;0.00;291.00;0.00;0.00;0.00;0.00;0.00;0.00;0.00;0.00;0.00;0.00;0.00;789.67;160.00;291.00;0.00;0.00;0.00;0.00;0.00;0.00;0.00;0.00;0.00;0.00;0.00;0.00;0.00;0.00
1762816142.4798992;0.00;582.00;0.00;0.00;0.00;0.00;0.00;0.00;0.00;0.00;0.00;0.00;0.00;0.00;0.00;0.00;0.00;0.00;388.00;0.00;0.00;0.00;0.00;0.00;0.00;0.00;0.00;0.00;0.00;0.00;789.67;160.00;388.00;0.00;0.00;0.00;0.00;0.00;0.00;0.00;0.00;0.00;0.00;0.00;0.00;0.00;0.00
1762816142.4805958;0.00;582.00;0.00;0.00;0.00;0.00;0.00;0.00;0.00;0.00;0.00;0.00;0.00;0.00;0.00;0.00;0.00;0.00;388.00;0.00;0.00;0.00;0.00;0.00;0.00;0.00;0.00;0.00;0.00;0.00;789.67;160.00;388.00;0.00;0.00;0.00;0.00;0.00;0.00;0.00;0.00;0.00;0.00;0.00;0.00;0.00;0.00
1762816142.5049798;0.00;582.00;0.00;0.00;0.00;0.00;0.00;0.00;0.00;0.00;0.00;0.00;0.00;0.00;0.00;0.00;0.00;0.00;485.00;0.00;0.00;0.00;0.00;0.00;0.00;0.00;0.00;0.00;0.00;0.00;939.67;320.00;485.00;0.00;0.00;0.00;0.00;0.00;150.00;0.00;0.00;0.00;0.00;0.00;0.00;0.00;0.00
1762816142.505387;0.00;582.00;0.00;0.00;0.00;0.00;0.00;0.00;0.00;0.00;0.00;0.00;0.00;0.00;0.00;0.00;0.00;0.00;485.00;0.00;0.00;0.00;0.00;0.00;0.00;0.00;0.00;0.00;0.00;0.00;939.67;320.00;485.00;0.00;0.00;0.00;0.00;0.00;150.00;0.00;0.00;0.00;0.00;0.00;0.00;0.00;0.00
1762816142.5251222;0.00;582.00;0.00;0.00;0.00;0.00;0.00;0.00;0.00;0.00;0.00;0.00;0.00;0.00;0.00;0.00;0.00;0.00;582.00;0.00;0.00;0.00;0.00;0.00;0.00;0.00;0.00;0.00;0.00;0.00;939.67;320.00;582.00;0.00;0.00;0.00;310.00;0.00;150.00;0.00;0.00;0.00;0.00;0.00;0.00;0.00;0.00
1762816142.5255308;0.00;582.00;0.00;0.00;0.00;0.00;0.00;0.00;0.00;0.00;0.00;0.00;0.00;0.00;0.00;0.00;0.00;0.00;582.00;0.00;0.00;0.00;0.00;0.00;0.00;0.00;0.00;0.00;0.00;0.00;939.67;320.00;582.00;0.00;0.00;0.00;310.00;0.00;150.00;0.00;0.00;0.00;0.00;0.00;0.00;0.00;0.00
1762816169.423775;0.00;582.00;0.00;0.00;0.00;0.00;0.00;0.00;0.00;0.00;0.00;0.00;0.00;0.00;97.00;0.00;0.00;0.00;582.00;0.00;0.00;0.00;0.00;0.00;0.00;0.00;0.00;0.00;97.00;0.00;939.67;320.00;582.00;0.00;0.00;0.00;310.00;0.00;150.00;0.00;0.00;0.00;0.00;0.00;0.00;0.00;0.00
1762816169.4248815;0.00;582.00;0.00;0.00;0.00;0.00;0.00;0.00;0.00;0.00;0.00;0.00;0.00;0.00;97.00;0.00;0.00;0.00;582.00;0.00;0.00;0.00;0.00;0.00;0.00;0.00;0.00;0.00;97.00;0.00;939.67;320.00;582.00;0.00;0.00;0.00;310.00;0.00;150.00;0.00;0.00;0.00;0.00;0.00;0.00;0.00;0.00
1762816169.4506595;0.00;582.00;0.00;0.00;0.00;0.00;0.00;0.00;0.00;0.00;0.00;0.00;0.00;0.00;194.00;0.00;0.00;0.00;582.00;0.00;0.00;0.00;0.00;0.00;0.00;0.00;0.00;0.00;194.00;0.00;939.67;320.00;582.00;0.00;0.00;0.00;310.00;0.00;150.00;0.00;0.00;0.00;0.00;0.00;0.00;0.00;0.00
1762816169.451791;0.00;582.00;0.00;0.00;0.00;0.00;0.00;0.00;0.00;0.00;0.00;0.00;0.00;0.00;194.00;0.00;0.00;0.00;582.00;0.00;0.00;0.00;0.00;0.00;0.00;0.00;0.00;0.00;194.00;0.00;939.67;320.00;582.00;0.00;0.00;0.00;310.00;0.00;150.00;0.00;0.00;0.00;0.00;0.00;0.00;0.00;0.00
1762816169.4771063;0.00;582.00;0.00;0.00;0.00;0.00;0.00;0.00;0.00;0.00;0.00;0.00;0.00;0.00;291.00;0.00;0.00;0.00;582.00;0.00;0.00;0.00;0.00;0.00;0.00;0.00;0.00;0.00;291.00;0.00;939.67;320.00;582.00;0.00;0.00;0.00;310.00;0.00;150.00;0.00;0.00;0.00;0.00;0.00;0.00;0.00;0.00
1762816169.4782622;0.00;582.00;0.00;0.00;0.00;0.00;0.00;0.00;0.00;0.00;0.00;0.00;0.00;0.00;291.00;0.00;0.00;0.00;582.00;0.00;0.00;0.00;0.00;0.00;0.00;0.00;0.00;0.00;291.00;0.00;939.67;320.00;582.00;0.00;0.00;0.00;310.00;0.00;150.00;0.00;0.00;0.00;0.00;0.00;0.00;0.00;0.00
1762816169.508196;0.00;582.00;0.00;0.00;0.00;0.00;0.00;0.00;0.00;0.00;0.00;0.00;0.00;0.00;388.00;0.00;0.00;0.00;582.00;0.00;0.00;0.00;0.00;0.00;0.00;0.00;0.00;0.00;388.00;0.00;939.67;320.00;582.00;0.00;0.00;0.00;310.00;0.00;150.00;0.00;0.00;0.00;0.00;0.00;0.00;0.00;0.00
1762816169.5090191;0.00;582.00;0.00;0.00;0.00;0.00;0.00;0.00;0.00;0.00;0.00;0.00;0.00;0.00;388.00;0.00;0.00;0.00;582.00;0.00;0.00;0.00;0.00;0.00;0.00;0.00;0.00;0.00;388.00;0.00;939.67;320.00;582.00;0.00;0.00;0.00;310.00;0.00;150.00;0.00;0.00;0.00;0.00;0.00;0.00;0.00;0.00
1762816169.5421104;0.00;582.00;0.00;0.00;0.00;0.00;0.00;0.00;0.00;0.00;0.00;0.00;0.00;0.00;485.00;0.00;0.00;0.00;582.00;0.00;0.00;0.00;0.00;0.00;0.00;0.00;0.00;0.00;485.00;0.00;939.67;320.00;582.00;0.00;0.00;0.00;310.00;0.00;150.00;0.00;0.00;0.00;0.00;0.00;0.00;0.00;0.00
1762816169.5428996;0.00;582.00;0.00;0.00;0.00;0.00;0.00;0.00;0.00;0.00;0.00;0.00;0.00;0.00;485.00;0.00;0.00;0.00;582.00;0.00;0.00;0.00;0.00;0.00;0.00;0.00;0.00;0.00;485.00;0.00;939.67;320.00;582.00;0.00;0.00;0.00;310.00;0.00;150.00;0.00;0.00;0.00;0.00;0.00;0.00;0.00;0.00
1762816169.5813158;0.00;582.00;0.00;0.00;0.00;0.00;0.00;0.00;0.00;0.00;0.00;0.00;0.00;0.00;582.00;0.00;0.00;0.00;582.00;0.00;0.00;0.00;0.00;0.00;0.00;0.00;0.00;0.00;892.00;0.00;939.67;320.00;582.00;0.00;0.00;0.00;310.00;0.00;150.00;0.00;0.00;0.00;0.00;0.00;0.00;0.00;0.00
1762816169.5826898;0.00;582.00;0.00;0.00;0.00;0.00;0.00;0.00;0.00;0.00;0.00;0.00;0.00;0.00;582.00;0.00;0.00;0.00;582.00;0.00;0.00;0.00;0.00;0.00;0.00;0.00;0.00;0.00;892.00;0.00;939.67;320.00;582.00;0.00;0.00;0.00;310.00;0.00;150.00;0.00;0.00;0.00;0.00;0.00;0.00;0.00;0.00
1762816180.5626962;0.00;485.00;97.00;0.00;0.00;0.00;0.00;0.00;0.00;0.00;0.00;0.00;0.00;0.00;582.00;0.00;0.00;0.00;582.00;0.00;0.00;0.00;0.00;0.00;0.00;0.00;0.00;0.00;892.00;144.67;842.67;320.00;582.00;0.00;0.00;0.00;310.00;0.00;460.00;0.00;0.00;0.00;0.00;0.00;0.00;0.00;0.00
1762816180.5634806;0.00;485.00;97.00;0.00;0.00;0.00;0.00;0.00;0.00;0.00;0.00;0.00;0.00;0.00;582.00;0.00;0.00;0.00;582.00;0.00;0.00;0.00;0.00;0.00;0.00;0.00;0.00;0.00;892.00;144.67;842.67;320.00;582.00;0.00;0.00;0.00;310.00;0.00;460.00;0.00;0.00;0.00;0.00;0.00;0.00;0.00;0.00
1762816186.440698;0.00;485.00;97.00;0.00;0.00;0.00;0.00;97.00;0.00;0.00;0.00;0.00;0.00;0.00;582.00;0.00;0.00;0.00;582.00;0.00;0.00;0.00;0.00;0.00;0.00;0.00;0.00;0.00;892.00;144.67;842.67;320.00;582.00;0.00;0.00;0.00;310.00;0.00;904.67;0.00;0.00;0.00;0.00;0.00;0.00;0.00;0.00
1762816186.4414697;0.00;485.00;97.00;0.00;0.00;0.00;0.00;97.00;0.00;0.00;0.00;0.00;0.00;0.00;582.00;0.00;0.00;0.00;582.00;0.00;0.00;0.00;0.00;0.00;0.00;0.00;0.00;0.00;892.00;144.67;842.67;320.00;582.00;0.00;0.00;0.00;310.00;0.00;904.67;0.00;0.00;0.00;0.00;0.00;0.00;0.00;0.00
1762816186.4691021;0.00;485.00;97.00;0.00;0.00;0.00;0.00;194.00;0.00;0.00;0.00;0.00;0.00;0.00;582.00;0.00;0.00;0.00;582.00;0.00;0.00;0.00;0.00;0.00;0.00;0.00;0.00;0.00;892.00;144.67;1232.67;480.00;582.00;0.00;0.00;0.00;620.00;0.00;1241.67;0.00;0.00;0.00;0.00;0.00;0.00;0.00;0.00
1762816186.4698455;0.00;485.00;97.00;0.00;0.00;0.00;0.00;194.00;0.00;0.00;0.00;0.00;0.00;0.00;582.00;0.00;0.00;0.00;582.00;0.00;0.00;0.00;0.00;0.00;0.00;0.00;0.00;0.00;892.00;144.67;1232.67;480.00;582.00;0.00;0.00;0.00;620.00;0.00;1241.67;0.00;0.00;0.00;0.00;0.00;0.00;0.00;0.00
1762816186.4986112;0.00;485.00;97.00;0.00;0.00;0.00;0.00;291.00;0.00;0.00;0.00;0.00;0.00;0.00;582.00;0.00;0.00;0.00;582.00;0.00;0.00;0.00;0.00;0.00;0.00;0.00;0.00;0.00;892.00;144.67;1677.34;704.67;582.00;0.00;0.00;0.00;844.67;0.00;1354.00;0.00;0.00;0.00;0.00;0.00;0.00;0.00;0.00
1762816186.4994607;0.00;485.00;97.00;0.00;0.00;0.00;0.00;291.00;0.00;0.00;0.00;0.00;0.00;0.00;582.00;0.00;0.00;0.00;582.00;0.00;0.00;0.00;0.00;0.00;0.00;0.00;0.00;0.00;892.00;144.67;1677.34;704.67;582.00;0.00;0.00;0.00;844.67;0.00;1354.00;0.00;0.00;0.00;0.00;0.00;0.00;0.00;0.00
1762816186.5352037;0.00;485.00;97.00;0.00;0.00;0.00;0.00;388.00;0.00;0.00;0.00;0.00;0.00;0.00;582.00;0.00;0.00;0.00;582.00;0.00;0.00;0.00;0.00;0.00;0.00;0.00;0.00;0.00;892.00;144.67;2122.01;1024.67;582.00;0.00;0.00;0.00;1164.67;0.00;1466.33;0.00;0.00;0.00;0.00;0.00;0.00;0.00;0.00
1762816186.536046;0.00;485.00;97.00;0.00;0.00;0.00;0.00;388.00;0.00;0.00;0.00;0.00;0.00;0.00;582.00;0.00;0.00;0.00;582.00;0.00;0.00;0.00;0.00;0.00;0.00;0.00;0.00;0.00;892.00;144.67;2122.01;1024.67;582.00;0.00;0.00;0.00;1164.67;0.00;1466.33;0.00;0.00;0.00;0.00;0.00;0.00;0.00;0.00
1762816186.5665739;0.00;485.00;97.00;0.00;0.00;0.00;0.00;485.00;0.00;0.00;0.00;0.00;0.00;0.00;582.00;0.00;0.00;0.00;582.00;0.00;0.00;0.00;0.00;0.00;0.00;0.00;0.00;0.00;892.00;144.67;2519.01;1024.67;582.00;0.00;0.00;0.00;1164.67;0.00;1466.33;0.00;0.00;0.00;0.00;0.00;0.00;0.00;0.00
1762816186.567403;0.00;485.00;97.00;0.00;0.00;0.00;0.00;485.00;0.00;0.00;0.00;0.00;0.00;0.00;582.00;0.00;0.00;0.00;582.00;0.00;0.00;0.00;0.00;0.00;0.00;0.00;0.00;0.00;892.00;144.67;2519.01;1024.67;582.00;0.00;0.00;0.00;1164.67;0.00;1466.33;0.00;0.00;0.00;0.00;0.00;0.00;0.00;0.00
1762816186.5916004;0.00;485.00;97.00;0.00;0.00;0.00;0.00;582.00;0.00;0.00;0.00;0.00;0.00;0.00;582.00;0.00;0.00;0.00;582.00;0.00;0.00;0.00;0.00;0.00;0.00;0.00;0.00;0.00;892.00;144.67;2616.01;1324.67;582.00;0.00;0.00;0.00;1164.67;0.00;1466.33;0.00;0.00;0.00;0.00;0.00;0.00;0.00;0.00
1762816186.5920587;0.00;485.00;97.00;0.00;0.00;0.00;0.00;582.00;0.00;0.00;0.00;0.00;0.00;0.00;582.00;0.00;0.00;0.00;582.00;0.00;0.00;0.00;0.00;0.00;0.00;0.00;0.00;0.00;892.00;144.67;2616.01;1324.67;582.00;0.00;0.00;0.00;1164.67;0.00;1466.33;0.00;0.00;0.00;0.00;0.00;0.00;0.00;0.00
1762816200.5779655;0.00;582.00;97.00;0.00;0.00;0.00;0.00;582.00;0.00;0.00;0.00;0.00;0.00;0.00;485.00;0.00;0.00;0.00;582.00;0.00;0.00;0.00;0.00;0.00;0.00;0.00;0.00;0.00;795.00;144.67;2766.01;1794.67;582.00;0.00;0.00;0.00;1484.67;0.00;1466.33;0.00;0.00;0.00;0.00;0.00;0.00;0.00;0.00
1762816200.5787358;0.00;582.00;97.00;0.00;0.00;0.00;0.00;582.00;0.00;0.00;0.00;0.00;0.00;0.00;485.00;0.00;0.00;0.00;582.00;0.00;0.00;0.00;0.00;0.00;0.00;0.00;0.00;0.00;795.00;144.67;2766.01;1794.67;582.00;0.00;0.00;0.00;1484.67;0.00;1466.33;0.00;0.00;0.00;0.00;0.00;0.00;0.00;0.00
1762816204.439975;0.00;582.00;97.00;0.00;97.00;0.00;0.00;582.00;0.00;0.00;0.00;0.00;0.00;0.00;485.00;0.00;0.00;0.00;582.00;0.00;0.00;0.00;0.00;160.00;0.00;0.00;0.00;0.00;795.00;144.67;2766.01;2249.34;742.00;160.00;160.00;0.00;1644.67;230.00;1466.33;0.00;0.00;0.00;0.00;0.00;0.00;0.00;0.00
1762816204.4404428;0.00;582.00;97.00;0.00;97.00;0.00;0.00;582.00;0.00;0.00;0.00;0.00;0.00;0.00;485.00;0.00;0.00;0.00;582.00;0.00;0.00;0.00;0.00;160.00;0.00;0.00;0.00;0.00;795.00;144.67;2766.01;2249.34;742.00;160.00;160.00;0.00;1644.67;230.00;1466.33;0.00;0.00;0.00;0.00;0.00;0.00;0.00;0.00
1762816204.462497;0.00;582.00;97.00;0.00;194.00;0.00;0.00;582.00;0.00;0.00;0.00;0.00;0.00;0.00;485.00;0.00;0.00;0.00;582.00;0.00;0.00;0.00;0.00;224.67;0.00;0.00;0.00;0.00;955.00;224.67;2846.01;2329.34;806.67;224.67;224.67;0.00;1757.00;230.00;1466.33;0.00;0.00;224.67;160.00;0.00;0.00;0.00;0.00
1762816204.462956;0.00;582.00;97.00;0.00;194.00;0.00;0.00;582.00;0.00;0.00;0.00;0.00;0.00;0.00;485.00;0.00;0.00;0.00;582.00;0.00;0.00;0.00;0.00;224.67;0.00;0.00;0.00;0.00;955.00;224.67;2846.01;2329.34;806.67;224.67;224.67;0.00;1757.00;230.00;1466.33;0.00;0.00;224.67;160.00;0.00;0.00;0.00;0.00
1762816204.495552;0.00;582.00;97.00;0.00;291.00;0.00;0.00;582.00;0.00;0.00;0.00;0.00;0.00;0.00;485.00;0.00;0.00;0.00;582.00;0.00;0.00;0.00;0.00;369.34;0.00;0.00;0.00;0.00;955.00;224.67;2846.01;2329.34;951.34;369.34;369.34;0.00;1869.33;230.00;1466.33;0.00;0.00;224.67;160.00;0.00;0.00;0.00;0.00
1762816204.4963384;0.00;582.00;97.00;0.00;291.00;0.00;0.00;582.00;0.00;0.00;0.00;0.00;0.00;0.00;485.00;0.00;0.00;0.00;582.00;0.00;0.00;0.00;0.00;369.34;0.00;0.00;0.00;0.00;955.00;224.67;2846.01;2329.34;951.34;369.34;369.34;0.00;1869.33;230.00;1466.33;0.00;0.00;224.67;160.00;0.00;0.00;0.00;0.00
1762816204.5213308;0.00;582.00;97.00;0.00;435.67;0.00;0.00;582.00;0.00;0.00;0.00;0.00;0.00;0.00;485.00;0.00;0.00;0.00;582.00;0.00;0.00;0.00;0.00;529.34;0.00;0.00;0.00;0.00;955.00;224.67;2996.01;2634.01;1111.34;529.34;529.34;0.00;1869.33;684.67;1466.33;0.00;0.00;224.67;160.00;0.00;320.00;0.00;0.00
1762816204.521769;0.00;582.00;97.00;0.00;435.67;0.00;0.00;582.00;0.00;0.00;0.00;0.00;0.00;0.00;485.00;0.00;0.00;0.00;582.00;0.00;0.00;0.00;0.00;529.34;0.00;0.00;0.00;0.00;955.00;224.67;2996.01;2634.01;1111.34;529.34;529.34;0.00;1869.33;684.67;1466.33;0.00;0.00;224.67;160.00;0.00;320.00;0.00;0.00
1762816204.5553482;0.00;582.00;97.00;0.00;580.34;0.00;0.00;582.00;0.00;0.00;0.00;0.00;0.00;0.00;485.00;0.00;0.00;0.00;582.00;0.00;0.00;0.00;0.00;529.34;0.00;0.00;0.00;0.00;955.00;224.67;3296.01;2778.68;1111.34;529.34;529.34;0.00;1869.33;1129.34;1466.33;0.00;0.00;224.67;160.00;0.00;320.00;0.00;0.00
1762816204.5561137;0.00;582.00;97.00;0.00;580.34;0.00;0.00;582.00;0.00;0.00;0.00;0.00;0.00;0.00;485.00;0.00;0.00;0.00;582.00;0.00;0.00;0.00;0.00;529.34;0.00;0.00;0.00;0.00;955.00;224.67;3296.01;2778.68;1111.34;529.34;529.34;0.00;1869.33;1129.34;1466.33;0.00;0.00;224.67;160.00;0.00;320.00;0.00;0.00
1762816204.5900028;0.00;582.00;97.00;0.00;725.01;0.00;0.00;582.00;0.00;0.00;0.00;0.00;0.00;0.00;485.00;0.00;0.00;0.00;582.00;0.00;0.00;0.00;0.00;594.01;160.00;160.00;160.00;0.00;955.00;224.67;3446.01;2858.68;1176.01;594.01;594.01;0.00;1869.33;1359.34;1466.33;0.00;0.00;449.34;160.00;0.00;320.00;0.00;0.00
1762816204.5904424;0.00;582.00;97.00;0.00;725.01;0.00;0.00;582.00;0.00;0.00;0.00;0.00;0.00;0.00;485.00;0.00;0.00;0.00;582.00;0.00;0.00;0.00;0.00;594.01;160.00;160.00;160.00;0.00;955.00;224.67;3446.01;2858.68;1176.01;594.01;594.01;0.00;1869.33;1359.34;1466.33;0.00;0.00;449.34;160.00;0.00;320.00;0.00;0.00
1762816205.573525;0.00;582.00;97.00;0.00;725.01;144.67;0.00;582.00;0.00;0.00;0.00;0.00;0.00;0.00;485.00;0.00;0.00;0.00;485.00;0.00;0.00;0.00;0.00;744.01;160.00;160.00;160.00;0.00;955.00;224.67;3446.01;3003.35;1239.01;754.01;754.01;0.00;1869.33;1359.34;1466.33;0.00;0.00;449.34;160.00;0.00;320.00;0.00;310.00
1762816205.5739956;0.00;582.00;97.00;0.00;725.01;144.67;0.00;582.00;0.00;0.00;0.00;0.00;0.00;0.00;485.00;0.00;0.00;0.00;485.00;0.00;0.00;0.00;0.00;744.01;160.00;160.00;160.00;0.00;955.00;224.67;3446.01;3003.35;1239.01;754.01;754.01;0.00;1869.33;1359.34;1466.33;0.00;0.00;449.34;160.00;0.00;320.00;0.00;310.00
1762816210.5814922;0.00;629.67;97.00;0.00;725.01;144.67;0.00;582.00;0.00;0.00;0.00;0.00;0.00;0.00;388.00;0.00;0.00;0.00;485.00;0.00;0.00;0.00;0.00;744.01;160.00;160.00;160.00;0.00;858.00;384.67;3413.68;3083.35;1239.01;754.01;754.01;0.00;1869.33;1359.34;1466.33;0.00;0.00;449.34;160.00;0.00;320.00;0.00;310.00
1762816210.5819616;0.00;629.67;97.00;0.00;725.01;144.67;0.00;582.00;0.00;0.00;0.00;0.00;0.00;0.00;388.00;0.00;0.00;0.00;485.00;0.00;0.00;0.00;0.00;744.01;160.00;160.00;160.00;0.00;858.00;384.67;3413.68;3083.35;1239.01;754.01;754.01;0.00;1869.33;1359.34;1466.33;0.00;0.00;449.34;160.00;0.00;320.00;0.00;310.00
1762816210.606578;0.00;629.67;97.00;0.00;725.01;144.67;144.67;582.00;0.00;0.00;0.00;0.00;0.00;0.00;388.00;0.00;0.00;0.00;485.00;0.00;0.00;0.00;0.00;744.01;160.00;160.00;160.00;0.00;858.00;694.67;3558.35;3083.35;1239.01;754.01;754.01;0.00;1869.33;1359.34;1466.33;0.00;0.00;449.34;160.00;0.00;320.00;0.00;310.00
1762816210.6070502;0.00;629.67;97.00;0.00;725.01;144.67;144.67;582.00;0.00;0.00;0.00;0.00;0.00;0.00;388.00;0.00;0.00;0.00;485.00;0.00;0.00;0.00;0.00;744.01;160.00;160.00;160.00;0.00;858.00;694.67;3558.35;3083.35;1239.01;754.01;754.01;0.00;1869.33;1359.34;1466.33;0.00;0.00;449.34;160.00;0.00;320.00;0.00;310.00
1762816215.5825794;0.00;629.67;97.00;0.00;725.01;144.67;144.67;582.00;0.00;0.00;0.00;0.00;0.00;0.00;291.00;0.00;144.67;0.00;291.00;0.00;0.00;0.00;0.00;744.01;160.00;160.00;160.00;0.00;905.67;694.67;3408.35;2923.35;1045.01;754.01;754.01;0.00;1869.33;1359.34;1316.33;0.00;0.00;449.34;160.00;0.00;320.00;0.00;310.00
1762816215.583054;0.00;629.67;97.00;0.00;725.01;144.67;144.67;582.00;0.00;0.00;0.00;0.00;0.00;0.00;291.00;0.00;144.67;0.00;291.00;0.00;0.00;0.00;0.00;744.01;160.00;160.00;160.00;0.00;905.67;694.67;3408.35;2923.35;1045.01;754.01;754.01;0.00;1869.33;1359.34;1316.33;0.00;0.00;449.34;160.00;0.00;320.00;0.00;310.00
1762816215.7074234;0.00;629.67;97.00;0.00;725.01;289.34;144.67;582.00;0.00;0.00;0.00;0.00;0.00;0.00;291.00;0.00;144.67;0.00;291.00;0.00;0.00;0.00;0.00;744.01;160.00;160.00;160.00;0.00;905.67;854.67;3473.02;3003.35;1045.01;754.01;754.01;310.00;1869.33;1359.34;1316.33;0.00;0.00;449.34;160.00;0.00;320.00;0.00;310.00
1762816215.707908;0.00;629.67;97.00;0.00;725.01;289.34;144.67;582.00;0.00;0.00;0.00;0.00;0.00;0.00;291.00;0.00;144.67;0.00;291.00;0.00;0.00;0.00;0.00;744.01;160.00;160.00;160.00;0.00;905.67;854.67;3473.02;3003.35;1045.01;754.01;754.01;310.00;1869.33;1359.34;1316.33;0.00;0.00;449.34;160.00;0.00;320.00;0.00;310.00
1762816215.7383442;0.00;629.67;97.00;0.00;725.01;434.01;144.67;582.00;0.00;0.00;0.00;0.00;0.00;0.00;291.00;0.00;144.67;0.00;291.00;0.00;0.00;0.00;0.00;744.01;160.00;160.00;160.00;0.00;905.67;854.67;3623.02;3308.02;1045.01;754.01;754.01;310.00;1869.33;1359.34;1316.33;0.00;0.00;449.34;160.00;0.00;320.00;0.00;310.00
1762816215.739122;0.00;629.67;97.00;0.00;725.01;434.01;144.67;582.00;0.00;0.00;0.00;0.00;0.00;0.00;291.00;0.00;144.67;0.00;291.00;0.00;0.00;0.00;0.00;744.01;160.00;160.00;160.00;0.00;905.67;854.67;3623.02;3308.02;1045.01;754.01;754.01;310.00;1869.33;1359.34;1316.33;0.00;0.00;449.34;160.00;0.00;320.00;0.00;310.00
1762816220.5906696;0.00;532.67;97.00;0.00;725.01;434.01;289.34;582.00;0.00;0.00;0.00;0.00;0.00;0.00;291.00;0.00;144.67;0.00;291.00;0.00;0.00;0.00;0.00;744.01;160.00;160.00;160.00;160.00;1065.67;1164.67;3510.69;3148.02;1045.01;754.01;754.01;310.00;1869.33;1359.34;1316.33;0.00;0.00;449.34;160.00;0.00;320.00;0.00;310.00
1762816220.591197;0.00;532.67;97.00;0.00;725.01;434.01;289.34;582.00;0.00;0.00;0.00;0.00;0.00;0.00;291.00;0.00;144.67;0.00;291.00;0.00;0.00;0.00;0.00;744.01;160.00;160.00;160.00;160.00;1065.67;1164.67;3510.69;3148.02;1045.01;754.01;754.01;310.00;1869.33;1359.34;1316.33;0.00;0.00;449.34;160.00;0.00;320.00;0.00;310.00
1762816222.4648144;0.00;532.67;97.00;0.00;725.01;434.01;434.01;582.00;0.00;0.00;0.00;0.00;0.00;0.00;291.00;0.00;144.67;0.00;291.00;0.00;0.00;0.00;0.00;744.01;160.00;160.00;160.00;160.00;1065.67;1164.67;3510.69;3362.69;1045.01;754.01;754.01;310.00;1869.33;1359.34;1316.33;0.00;0.00;449.34;160.00;0.00;320.00;0.00;310.00
1762816222.465294;0.00;532.67;97.00;0.00;725.01;434.01;434.01;582.00;0.00;0.00;0.00;0.00;0.00;0.00;291.00;0.00;144.67;0.00;291.00;0.00;0.00;0.00;0.00;744.01;160.00;160.00;160.00;160.00;1065.67;1164.67;3510.69;3362.69;1045.01;754.01;754.01;310.00;1869.33;1359.34;1316.33;0.00;0.00;449.34;160.00;0.00;320.00;0.00;310.00
1762816222.489494;0.00;532.67;97.00;0.00;725.01;434.01;578.68;582.00;0.00;0.00;0.00;0.00;0.00;0.00;291.00;0.00;144.67;0.00;291.00;0.00;0.00;0.00;0.00;744.01;160.00;160.00;160.00;160.00;1065.67;1164.67;3660.69;3427.36;1355.01;754.01;754.01;310.00;1869.33;1359.34;1316.33;0.00;0.00;449.34;160.00;0.00;320.00;0.00;310.00
1762816222.4899707;0.00;532.67;97.00;0.00;725.01;434.01;578.68;582.00;0.00;0.00;0.00;0.00;0.00;0.00;291.00;0.00;144.67;0.00;291.00;0.00;0.00;0.00;0.00;744.01;160.00;160.00;160.00;160.00;1065.67;1164.67;3660.69;3427.36;1355.01;754.01;754.01;310.00;1869.33;1359.34;1316.33;0.00;0.00;449.34;160.00;0.00;320.00;0.00;310.00
1762816222.5249872;0.00;532.67;97.00;0.00;725.01;434.01;818.68;582.00;0.00;0.00;0.00;0.00;0.00;0.00;291.00;0.00;144.67;0.00;291.00;0.00;0.00;0.00;0.00;904.01;320.00;320.00;310.00;160.00;1065.67;1164.67;3810.69;3587.36;1515.01;914.01;914.01;310.00;1869.33;1359.34;1316.33;310.00;0.00;769.34;160.00;0.00;320.00;0.00;310.00
1762816222.5258145;0.00;532.67;97.00;0.00;725.01;434.01;818.68;582.00;0.00;0.00;0.00;0.00;0.00;0.00;291.00;0.00;144.67;0.00;291.00;0.00;0.00;0.00;0.00;904.01;320.00;320.00;310.00;160.00;1065.67;1164.67;3810.69;3587.36;1515.01;914.01;914.01;310.00;1869.33;1359.34;1316.33;310.00;0.00;769.34;160.00;0.00;320.00;0.00;310.00
1762816222.5620341;0.00;532.67;97.00;0.00;725.01;434.01;1058.68;582.00;0.00;0.00;0.00;0.00;0.00;0.00;291.00;0.00;144.67;0.00;291.00;0.00;0.00;0.00;0.00;1064.01;320.00;320.00;310.00;160.00;1065.67;1164.67;3960.69;3747.36;1675.01;1074.01;1074.01;310.00;1869.33;1359.34;1316.33;310.00;0.00;1079.34;160.00;0.00;320.00;0.00;310.00
1762816222.5629036;0.00;532.67;97.00;0.00;725.01;434.01;1058.68;582.00;0.00;0.00;0.00;0.00;0.00;0.00;291.00;0.00;144.67;0.00;291.00;0.00;0.00;0.00;0.00;1064.01;320.00;320.00;310.00;160.00;1065.67;1164.67;3960.69;3747.36;1675.01;1074.01;1074.01;310.00;1869.33;1359.34;1316.33;310.00;0.00;1079.34;160.00;0.00;320.00;0.00;310.00
1762816222.586983;0.00;532.67;97.00;0.00;725.01;434.01;1298.68;582.00;0.00;0.00;0.00;0.00;0.00;0.00;291.00;0.00;144.67;0.00;291.00;0.00;0.00;0.00;0.00;1064.01;320.00;320.00;310.00;320.00;1225.67;1324.67;4270.69;3747.36;1675.01;1074.01;1074.01;310.00;1869.33;1359.34;1316.33;310.00;320.00;1079.34;160.00;0.00;320.00;0.00;310.00
1762816222.5874658;0.00;532.67;97.00;0.00;725.01;434.01;1298.68;582.00;0.00;0.00;0.00;0.00;0.00;0.00;291.00;0.00;144.67;0.00;291.00;0.00;0.00;0.00;0.00;1064.01;320.00;320.00;310.00;320.00;1225.67;1324.67;4270.69;3747.36;1675.01;1074.01;1074.01;310.00;1869.33;1359.34;1316.33;310.00;320.00;1079.34;160.00;0.00;320.00;0.00;310.00
1762816222.6234999;0.00;532.67;97.00;0.00;725.01;434.01;1538.68;582.00;0.00;0.00;0.00;0.00;0.00;0.00;291.00;0.00;144.67;0.00;291.00;0.00;0.00;0.00;0.00;1064.01;320.00;320.00;310.00;320.00;1225.67;1324.67;4270.69;4047.36;1675.01;1074.01;1074.01;310.00;1869.33;1669.34;1316.33;310.00;320.00;1079.34;160.00;0.00;320.00;0.00;310.00
1762816222.6243408;0.00;532.67;97.00;0.00;725.01;434.01;1538.68;582.00;0.00;0.00;0.00;0.00;0.00;0.00;291.00;0.00;144.67;0.00;291.00;0.00;0.00;0.00;0.00;1064.01;320.00;320.00;310.00;320.00;1225.67;1324.67;4270.69;4047.36;1675.01;1074.01;1074.01;310.00;1869.33;1669.34;1316.33;310.00;320.00;1079.34;160.00;0.00;320.00;0.00;310.00
1762816240.620008;0.00;241.67;0.00;144.67;628.01;434.01;1249.34;582.00;0.00;0.00;0.00;0.00;0.00;0.00;291.00;0.00;144.67;0.00;291.00;0.00;0.00;0.00;0.00;999.34;320.00;320.00;310.00;160.00;905.67;790.00;3802.68;4207.36;1610.34;1009.34;1009.34;310.00;1757.00;1669.34;1006.33;310.00;320.00;854.67;0.00;0.00;320.00;0.00;310.00
1762816240.6208003;0.00;241.67;0.00;144.67;628.01;434.01;1249.34;582.00;0.00;0.00;0.00;0.00;0.00;0.00;291.00;0.00;144.67;0.00;291.00;0.00;0.00;0.00;0.00;999.34;320.00;320.00;310.00;160.00;905.67;790.00;3802.68;4207.36;1610.34;1009.34;1009.34;310.00;1757.00;1669.34;1006.33;310.00;320.00;854.67;0.00;0.00;320.00;0.00;310.00
1762816245.6256757;0.00;241.67;0.00;289.34;531.01;434.01;1249.34;582.00;0.00;0.00;0.00;0.00;0.00;0.00;291.00;0.00;144.67;0.00;291.00;0.00;0.00;0.00;0.00;854.67;320.00;320.00;310.00;160.00;905.67;1100.00;4042.68;4352.03;1465.67;864.67;864.67;310.00;1644.67;1669.34;1006.33;310.00;320.00;854.67;0.00;0.00;320.00;0.00;310.00
1762816245.6265066;0.00;241.67;0.00;289.34;531.01;434.01;1249.34;582.00;0.00;0.00;0.00;0.00;0.00;0.00;291.00;0.00;144.67;0.00;291.00;0.00;0.00;0.00;0.00;854.67;320.00;320.00;310.00;160.00;905.67;1100.00;4042.68;4352.03;1465.67;864.67;864.67;310.00;1644.67;1669.34;1006.33;310.00;320.00;854.67;0.00;0.00;320.00;0.00;310.00
1762816248.4624562;0.00;241.67;0.00;289.34;531.01;434.01;1249.34;726.67;0.00;0.00;0.00;0.00;0.00;0.00;291.00;0.00;144.67;0.00;291.00;0.00;0.00;0.00;0.00;854.67;320.00;320.00;310.00;320.00;1065.67;1244.67;4042.68;4352.03;1465.67;864.67;864.67;310.00;1644.67;1669.34;1006.33;310.00;320.00;854.67;0.00;0.00;320.00;0.00;310.00
1762816248.4629338;0.00;241.67;0.00;289.34;531.01;434.01;1249.34;726.67;0.00;0.00;0.00;0.00;0.00;0.00;291.00;0.00;144.67;0.00;291.00;0.00;0.00;0.00;0.00;854.67;320.00;320.00;310.00;320.00;1065.67;1244.67;4042.68;4352.03;1465.67;864.67;864.67;310.00;1644.67;1669.34;1006.33;310.00;320.00;854.67;0.00;0.00;320.00;0.00;310.00
1762816248.4838302;0.00;241.67;0.00;289.34;531.01;434.01;1249.34;871.34;0.00;0.00;0.00;0.00;0.00;0.00;291.00;0.00;144.67;0.00;291.00;0.00;0.00;0.00;0.00;854.67;320.00;320.00;310.00;630.00;1210.34;1389.34;4042.68;4352.03;1465.67;864.67;864.67;310.00;1644.67;1669.34;1006.33;310.00;320.00;854.67;0.00;0.00;320.00;0.00;310.00
1762816248.4842827;0.00;241.67;0.00;289.34;531.01;434.01;1249.34;871.34;0.00;0.00;0.00;0.00;0.00;0.00;291.00;0.00;144.67;0.00;291.00;0.00;0.00;0.00;0.00;854.67;320.00;320.00;310.00;630.00;1210.34;1389.34;4042.68;4352.03;1465.67;864.67;864.67;310.00;1644.67;1669.34;1006.33;310.00;320.00;854.67;0.00;0.00;320.00;0.00;310.00
1762816248.5052154;0.00;241.67;0.00;289.34;531.01;434.01;1249.34;1016.01;0.00;0.00;0.00;0.00;0.00;0.00;291.00;0.00;144.67;0.00;291.00;0.00;0.00;0.00;0.00;854.67;320.00;320.00;310.00;790.00;1600.34;1629.34;4042.68;4352.03;1465.67;864.67;864.67;310.00;1644.67;1669.34;1006.33;310.00;320.00;854.67;0.00;0.00;320.00;0.00;310.00
1762816248.5057006;0.00;241.67;0.00;289.34;531.01;434.01;1249.34;1016.01;0.00;0.00;0.00;0.00;0.00;0.00;291.00;0.00;144.67;0.00;291.00;0.00;0.00;0.00;0.00;854.67;320.00;320.00;310.00;790.00;1600.34;1629.34;4042.68;4352.03;1465.67;864.67;864.67;310.00;1644.67;1669.34;1006.33;310.00;320.00;854.67;0.00;0.00;320.00;0.00;310.00
1762816248.5267267;0.00;241.67;0.00;289.34;531.01;434.01;1249.34;1160.68;0.00;0.00;0.00;0.00;0.00;0.00;291.00;0.00;144.67;0.00;291.00;0.00;0.00;0.00;0.00;854.67;320.00;320.00;310.00;1410.00;1745.01;1774.01;4042.68;4352.03;1465.67;864.67;864.67;310.00;1644.67;1669.34;1006.33;310.00;320.00;854.67;0.00;0.00;320.00;0.00;310.00
1762816248.5272033;0.00;241.67;0.00;289.34;531.01;434.01;1249.34;1160.68;0.00;0.00;0.00;0.00;0.00;0.00;291.00;0.00;144.67;0.00;291.00;0.00;0.00;0.00;0.00;854.67;320.00;320.00;310.00;1410.00;1745.01;1774.01;4042.68;4352.03;1465.67;864.67;864.67;310.00;1644.67;1669.34;1006.33;310.00;320.00;854.67;0.00;0.00;320.00;0.00;310.00
1762816248.547536;0.00;241.67;0.00;289.34;531.01;434.01;1249.34;1400.68;0.00;0.00;0.00;0.00;0.00;0.00;291.00;0.00;144.67;0.00;291.00;0.00;0.00;0.00;0.00;854.67;320.00;320.00;620.00;1570.00;2135.01;2014.01;4042.68;4352.03;1465.67;864.67;864.67;310.00;1644.67;1669.34;1006.33;310.00;320.00;854.67;0.00;0.00;320.00;0.00;310.00
1762816248.5479877;0.00;241.67;0.00;289.34;531.01;434.01;1249.34;1400.68;0.00;0.00;0.00;0.00;0.00;0.00;291.00;0.00;144.67;0.00;291.00;0.00;0.00;0.00;0.00;854.67;320.00;320.00;620.00;1570.00;2135.01;2014.01;4042.68;4352.03;1465.67;864.67;864.67;310.00;1644.67;1669.34;1006.33;310.00;320.00;854.67;0.00;0.00;320.00;0.00;310.00
1762816248.569229;0.00;241.67;0.00;289.34;531.01;434.01;1249.34;1640.68;0.00;0.00;0.00;0.00;0.00;0.00;291.00;0.00;144.67;0.00;291.00;0.00;0.00;0.00;0.00;854.67;320.00;320.00;620.00;1570.00;2135.01;2314.01;4042.68;4352.03;1465.67;864.67;864.67;310.00;1644.67;1669.34;1006.33;310.00;320.00;854.67;0.00;0.00;320.00;0.00;310.00
1762816248.569698;0.00;241.67;0.00;289.34;531.01;434.01;1249.34;1640.68;0.00;0.00;0.00;0.00;0.00;0.00;291.00;0.00;144.67;0.00;291.00;0.00;0.00;0.00;0.00;854.67;320.00;320.00;620.00;1570.00;2135.01;2314.01;4042.68;4352.03;1465.67;864.67;864.67;310.00;1644.67;1669.34;1006.33;310.00;320.00;854.67;0.00;0.00;320.00;0.00;310.00
1762816266.4782538;0.00;241.67;0.00;289.34;531.01;434.01;1249.34;1640.68;0.00;0.00;0.00;0.00;240.00;0.00;291.00;0.00;144.67;0.00;291.00;0.00;0.00;0.00;0.00;854.67;480.00;480.00;780.00;1720.00;2135.01;2314.01;4042.68;4352.03;1465.67;864.67;864.67;310.00;1644.67;1669.34;1006.33;310.00;320.00;854.67;0.00;0.00;320.00;0.00;310.00
1762816266.478738;0.00;241.67;0.00;289.34;531.01;434.01;1249.34;1640.68;0.00;0.00;0.00;0.00;240.00;0.00;291.00;0.00;144.67;0.00;291.00;0.00;0.00;0.00;0.00;854.67;480.00;480.00;780.00;1720.00;2135.01;2314.01;4042.68;4352.03;1465.67;864.67;864.67;310.00;1644.67;1669.34;1006.33;310.00;320.00;854.67;0.00;0.00;320.00;0.00;310.00
1762816266.4993865;0.00;241.67;0.00;289.34;531.01;434.01;1249.34;1640.68;0.00;0.00;0.00;0.00;480.00;0.00;291.00;0.00;144.67;0.00;291.00;0.00;0.00;0.00;0.00;854.67;640.00;640.00;1170.00;1720.00;2135.01;2314.01;4042.68;4352.03;1465.67;864.67;864.67;310.00;1644.67;1669.34;1006.33;310.00;320.00;854.67;0.00;0.00;320.00;0.00;310.00
1762816266.4998572;0.00;241.67;0.00;289.34;531.01;434.01;1249.34;1640.68;0.00;0.00;0.00;0.00;480.00;0.00;291.00;0.00;144.67;0.00;291.00;0.00;0.00;0.00;0.00;854.67;640.00;640.00;1170.00;1720.00;2135.01;2314.01;4042.68;4352.03;1465.67;864.67;864.67;310.00;1644.67;1669.34;1006.33;310.00;320.00;854.67;0.00;0.00;320.00;0.00;310.00
1762816266.523517;0.00;241.67;0.00;289.34;531.01;434.01;1249.34;1640.68;0.00;0.00;0.00;0.00;720.00;0.00;291.00;0.00;144.67;0.00;291.00;0.00;0.00;0.00;0.00;854.67;640.00;640.00;1480.00;1950.00;2135.01;2314.01;4042.68;4352.03;1465.67;864.67;864.67;310.00;1644.67;1669.34;1006.33;310.00;320.00;854.67;0.00;0.00;320.00;0.00;310.00
1762816266.5240047;0.00;241.67;0.00;289.34;531.01;434.01;1249.34;1640.68;0.00;0.00;0.00;0.00;720.00;0.00;291.00;0.00;144.67;0.00;291.00;0.00;0.00;0.00;0.00;854.67;640.00;640.00;1480.00;1950.00;2135.01;2314.01;4042.68;4352.03;1465.67;864.67;864.67;310.00;1644.67;1669.34;1006.33;310.00;320.00;854.67;0.00;0.00;320.00;0.00;310.00
1762816266.5599241;0.00;241.67;0.00;289.34;531.01;434.01;1249.34;1640.68;0.00;0.00;0.00;0.00;960.00;0.00;291.00;0.00;144.67;0.00;291.00;0.00;0.00;0.00;0.00;854.67;800.00;800.00;1870.00;1950.00;2135.01;2314.01;4042.68;4352.03;1465.67;864.67;864.67;310.00;1644.67;1669.34;1006.33;310.00;320.00;854.67;0.00;0.00;320.00;0.00;310.00
1762816266.5607154;0.00;241.67;0.00;289.34;531.01;434.01;1249.34;1640.68;0.00;0.00;0.00;0.00;960.00;0.00;291.00;0.00;144.67;0.00;291.00;0.00;0.00;0.00;0.00;854.67;800.00;800.00;1870.00;1950.00;2135.01;2314.01;4042.68;4352.03;1465.67;864.67;864.67;310.00;1644.67;1669.34;1006.33;310.00;320.00;854.67;0.00;0.00;320.00;0.00;310.00
1762816266.5989134;0.00;241.67;0.00;289.34;531.01;434.01;1249.34;1640.68;0.00;0.00;0.00;0.00;1200.00;0.00;291.00;0.00;144.67;0.00;291.00;0.00;0.00;0.00;0.00;854.67;800.00;800.00;2410.00;2100.00;2285.01;2314.01;4042.68;4352.03;1465.67;864.67;864.67;310.00;1644.67;1669.34;1006.33;310.00;320.00;854.67;0.00;0.00;320.00;0.00;310.00
1762816266.5997384;0.00;241.67;0.00;289.34;531.01;434.01;1249.34;1640.68;0.00;0.00;0.00;0.00;1200.00;0.00;291.00;0.00;144.67;0.00;291.00;0.00;0.00;0.00;0.00;854.67;800.00;800.00;2410.00;2100.00;2285.01;2314.01;4042.68;4352.03;1465.67;864.67;864.67;310.00;1644.67;1669.34;1006.33;310.00;320.00;854.67;0.00;0.00;320.00;0.00;310.00
1762816266.6422787;0.00;241.67;0.00;289.34;531.01;434.01;1249.34;1640.68;0.00;0.00;0.00;0.00;1440.00;0.00;291.00;0.00;144.67;0.00;291.00;0.00;0.00;0.00;0.00;854.67;800.00;800.00;2640.00;2260.00;2445.01;2624.01;4042.68;4352.03;1465.67;864.67;864.67;310.00;1644.67;1669.34;1006.33;310.00;320.00;854.67;0.00;0.00;320.00;0.00;310.00
1762816266.6431196;0.00;241.67;0.00;289.34;531.01;434.01;1249.34;1640.68;0.00;0.00;0.00;0.00;1440.00;0.00;291.00;0.00;144.67;0.00;291.00;0.00;0.00;0.00;0.00;854.67;800.00;800.00;2640.00;2260.00;2445.01;2624.01;4042.68;4352.03;1465.67;864.67;864.67;310.00;1644.67;1669.34;1006.33;310.00;320.00;854.67;0.00;0.00;320.00;0.00;310.00
1762816270.6393566;0.00;241.67;0.00;0.00;771.01;144.67;1249.34;1640.68;0.00;0.00;0.00;0.00;1440.00;0.00;291.00;0.00;144.67;0.00;0.00;0.00;0.00;0.00;0.00;704.67;800.00;800.00;2640.00;2260.00;2445.01;2004.01;3412.68;3518.02;1014.67;704.67;704.67;310.00;1334.67;1669.34;1006.33;310.00;320.00;854.67;0.00;0.00;320.00;0.00;0.00
1762816270.6398358;0.00;241.67;0.00;0.00;771.01;144.67;1249.34;1640.68;0.00;0.00;0.00;0.00;1440.00;0.00;291.00;0.00;144.67;0.00;0.00;0.00;0.00;0.00;0.00;704.67;800.00;800.00;2640.00;2260.00;2445.01;2004.01;3412.68;3518.02;1014.67;704.67;704.67;310.00;1334.67;1669.34;1006.33;310.00;320.00;854.67;0.00;0.00;320.00;0.00;0.00
1762816270.6741347;0.00;241.67;0.00;0.00;1011.01;144.67;1249.34;1640.68;0.00;0.00;0.00;0.00;1440.00;0.00;291.00;0.00;144.67;0.00;0.00;0.00;0.00;0.00;0.00;704.67;800.00;800.00;2640.00;2260.00;2445.01;2004.01;3562.68;3678.02;1014.67;704.67;704.67;310.00;1334.67;1669.34;1006.33;310.00;320.00;854.67;0.00;0.00;320.00;0.00;0.00
1762816270.6749296;0.00;241.67;0.00;0.00;1011.01;144.67;1249.34;1640.68;0.00;0.00;0.00;0.00;1440.00;0.00;291.00;0.00;144.67;0.00;0.00;0.00;0.00;0.00;0.00;704.67;800.00;800.00;2640.00;2260.00;2445.01;2004.01;3562.68;3678.02;1014.67;704.67;704.67;310.00;1334.67;1669.34;1006.33;310.00;320.00;854.67;0.00;0.00;320.00;0.00;0.00
1762816280.665844;0.00;241.67;0.00;0.00;1011.01;0.00;1249.34;1543.68;0.00;0.00;0.00;0.00;1440.00;0.00;291.00;0.00;144.67;0.00;0.00;0.00;144.67;0.00;0.00;704.67;800.00;800.00;2640.00;2260.00;2445.01;2084.01;3101.01;3598.02;1014.67;704.67;704.67;0.00;1334.67;1669.34;1006.33;310.00;320.00;854.67;0.00;0.00;320.00;0.00;0.00
1762816280.6666832;0.00;241.67;0.00;0.00;1011.01;0.00;1249.34;1543.68;0.00;0.00;0.00;0.00;1440.00;0.00;291.00;0.00;144.67;0.00;0.00;0.00;144.67;0.00;0.00;704.67;800.00;800.00;2640.00;2260.00;2445.01;2084.01;3101.01;3598.02;1014.67;704.67;704.67;0.00;1334.67;1669.34;1006.33;310.00;320.00;854.67;0.00;0.00;320.00;0.00;0.00
1762816285.669644;0.00;0.00;0.00;0.00;1011.01;0.00;1249.34;1349.68;0.00;0.00;0.00;0.00;1440.00;0.00;0.00;0.00;0.00;0.00;0.00;0.00;241.67;0.00;0.00;704.67;800.00;800.00;2640.00;2260.00;1699.34;1924.01;2344.67;2428.02;1014.67;704.67;704.67;0.00;694.67;1669.34;894.00;310.00;320.00;854.67;0.00;0.00;320.00;0.00;0.00
1762816285.6704679;0.00;0.00;0.00;0.00;1011.01;0.00;1249.34;1349.68;0.00;0.00;0.00;0.00;1440.00;0.00;0.00;0.00;0.00;0.00;0.00;0.00;241.67;0.00;0.00;704.67;800.00;800.00;2640.00;2260.00;1699.34;1924.01;2344.67;2428.02;1014.67;704.67;704.67;0.00;694.67;1669.34;894.00;310.00;320.00;854.67;0.00;0.00;320.00;0.00;0.00
1762816285.7036178;0.00;0.00;0.00;0.00;1011.01;0.00;1249.34;1349.68;0.00;0.00;0.00;0.00;1440.00;0.00;0.00;0.00;0.00;0.00;0.00;0.00;338.67;0.00;0.00;704.67;800.00;800.00;2640.00;2260.00;1699.34;1924.01;2344.67;2428.02;1014.67;704.67;704.67;0.00;694.67;1669.34;894.00;310.00;320.00;854.67;0.00;0.00;320.00;0.00;0.00
1762816285.7044532;0.00;0.00;0.00;0.00;1011.01;0.00;1249.34;1349.68;0.00;0.00;0.00;0.00;1440.00;0.00;0.00;0.00;0.00;0.00;0.00;0.00;338.67;0.00;0.00;704.67;800.00;800.00;2640.00;2260.00;1699.34;1924.01;2344.67;2428.02;1014.67;704.67;704.67;0.00;694.67;1669.34;894.00;310.00;320.00;854.67;0.00;0.00;320.00;0.00;0.00
1762816290.6806264;0.00;0.00;0.00;0.00;866.34;0.00;1346.34;1058.68;0.00;0.00;0.00;0.00;1440.00;0.00;0.00;0.00;0.00;0.00;0.00;0.00;338.67;0.00;0.00;704.67;800.00;800.00;2640.00;2260.00;1699.34;1924.01;1307.00;1898.68;1014.67;704.67;704.67;0.00;160.00;1224.67;0.00;310.00;320.00;854.67;0.00;0.00;320.00;0.00;0.00
1762816290.681459;0.00;0.00;0.00;0.00;866.34;0.00;1346.34;1058.68;0.00;0.00;0.00;0.00;1440.00;0.00;0.00;0.00;0.00;0.00;0.00;0.00;338.67;0.00;0.00;704.67;800.00;800.00;2640.00;2260.00;1699.34;1924.01;1307.00;1898.68;1014.67;704.67;704.67;0.00;160.00;1224.67;0.00;310.00;320.00;854.67;0.00;0.00;320.00;0.00;0.00
1762816290.7140238;0.00;0.00;0.00;0.00;866.34;0.00;1346.34;1058.68;0.00;0.00;0.00;0.00;1440.00;0.00;0.00;0.00;0.00;0.00;0.00;0.00;435.67;0.00;0.00;704.67;800.00;800.00;2640.00;2260.00;1699.34;2004.01;1307.00;1898.68;1014.67;704.67;704.67;0.00;160.00;1224.67;0.00;310.00;320.00;854.67;0.00;0.00;320.00;0.00;0.00
1762816290.7148235;0.00;0.00;0.00;0.00;866.34;0.00;1346.34;1058.68;0.00;0.00;0.00;0.00;1440.00;0.00;0.00;0.00;0.00;0.00;0.00;0.00;435.67;0.00;0.00;704.67;800.00;800.00;2640.00;2260.00;1699.34;2004.01;1307.00;1898.68;1014.67;704.67;704.67;0.00;160.00;1224.67;0.00;310.00;320.00;854.67;0.00;0.00;320.00;0.00;0.00
1762816290.7477312;0.00;0.00;0.00;0.00;866.34;0.00;1346.34;1058.68;0.00;0.00;0.00;0.00;1440.00;0.00;0.00;0.00;0.00;0.00;0.00;0.00;532.67;0.00;0.00;704.67;800.00;800.00;2640.00;2260.00;1699.34;2004.01;1307.00;1898.68;1014.67;704.67;704.67;0.00;160.00;1224.67;0.00;310.00;320.00;854.67;0.00;0.00;320.00;0.00;0.00
1762816290.748547;0.00;0.00;0.00;0.00;866.34;0.00;1346.34;1058.68;0.00;0.00;0.00;0.00;1440.00;0.00;0.00;0.00;0.00;0.00;0.00;0.00;532.67;0.00;0.00;704.67;800.00;800.00;2640.00;2260.00;1699.34;2004.01;1307.00;1898.68;1014.67;704.67;704.67;0.00;160.00;1224.67;0.00;310.00;320.00;854.67;0.00;0.00;320.00;0.00;0.00
1762816290.7814982;0.00;0.00;0.00;0.00;866.34;0.00;1346.34;1058.68;0.00;0.00;0.00;0.00;1440.00;0.00;0.00;0.00;0.00;0.00;0.00;0.00;629.67;0.00;0.00;704.67;800.00;800.00;2640.00;2260.00;1699.34;2164.01;1307.00;1898.68;1014.67;704.67;704.67;0.00;160.00;1224.67;0.00;310.00;320.00;854.67;0.00;0.00;320.00;0.00;0.00
1762816290.7822723;0.00;0.00;0.00;0.00;866.34;0.00;1346.34;1058.68;0.00;0.00;0.00;0.00;1440.00;0.00;0.00;0.00;0.00;0.00;0.00;0.00;629.67;0.00;0.00;704.67;800.00;800.00;2640.00;2260.00;1699.34;2164.01;1307.00;1898.68;1014.67;704.67;704.67;0.00;160.00;1224.67;0.00;310.00;320.00;854.67;0.00;0.00;320.00;0.00;0.00
1762816291.4908133;0.00;0.00;0.00;0.00;866.34;0.00;1346.34;1058.68;0.00;0.00;0.00;0.00;1440.00;0.00;97.00;0.00;0.00;0.00;0.00;0.00;629.67;0.00;0.00;704.67;800.00;800.00;2640.00;2260.00;1796.34;2404.01;1307.00;1898.68;1014.67;704.67;704.67;0.00;160.00;1224.67;230.00;310.00;320.00;854.67;0.00;0.00;320.00;0.00;0.00
1762816291.491914;0.00;0.00;0.00;0.00;866.34;0.00;1346.34;1058.68;0.00;0.00;0.00;0.00;1440.00;0.00;97.00;0.00;0.00;0.00;0.00;0.00;629.67;0.00;0.00;704.67;800.00;800.00;2640.00;2260.00;1796.34;2404.01;1307.00;1898.68;1014.67;704.67;704.67;0.00;160.00;1224.67;230.00;310.00;320.00;854.67;0.00;0.00;320.00;0.00;0.00
1762816291.5187678;0.00;0.00;0.00;0.00;866.34;0.00;1346.34;1058.68;0.00;0.00;0.00;0.00;1440.00;0.00;241.67;0.00;0.00;0.00;0.00;0.00;629.67;0.00;0.00;704.67;800.00;800.00;2640.00;2260.00;1941.01;2548.68;1307.00;1898.68;1014.67;704.67;704.67;0.00;160.00;1224.67;674.67;310.00;320.00;854.67;0.00;0.00;320.00;0.00;0.00
1762816291.5193818;0.00;0.00;0.00;0.00;866.34;0.00;1346.34;1058.68;0.00;0.00;0.00;0.00;1440.00;0.00;241.67;0.00;0.00;0.00;0.00;0.00;629.67;0.00;0.00;704.67;800.00;800.00;2640.00;2260.00;1941.01;2548.68;1307.00;1898.68;1014.67;704.67;704.67;0.00;160.00;1224.67;674.67;310.00;320.00;854.67;0.00;0.00;320.00;0.00;0.00
1762816291.5541742;0.00;0.00;0.00;0.00;866.34;0.00;1346.34;1058.68;0.00;0.00;0.00;0.00;1440.00;0.00;386.34;0.00;0.00;0.00;0.00;0.00;629.67;0.00;0.00;704.67;800.00;800.00;2640.00;2260.00;2181.01;2548.68;1307.00;1898.68;1014.67;704.67;704.67;540.00;160.00;1224.67;674.67;310.00;320.00;854.67;0.00;0.00;320.00;0.00;0.00
1762816291.5547235;0.00;0.00;0.00;0.00;866.34;0.00;1346.34;1058.68;0.00;0.00;0.00;0.00;1440.00;0.00;386.34;0.00;0.00;0.00;0.00;0.00;629.67;0.00;0.00;704.67;800.00;800.00;2640.00;2260.00;2181.01;2548.68;1307.00;1898.68;1014.67;704.67;704.67;540.00;160.00;1224.67;674.67;310.00;320.00;854.67;0.00;0.00;320.00;0.00;0.00
1762816291.6059215;0.00;0.00;0.00;0.00;866.34;0.00;1346.34;1058.68;0.00;0.00;0.00;0.00;1440.00;0.00;531.01;0.00;0.00;0.00;0.00;0.00;629.67;0.00;0.00;704.67;800.00;800.00;2640.00;2260.00;2421.01;2788.68;1307.00;1898.68;1014.67;704.67;704.67;540.00;160.00;1224.67;1214.67;310.00;320.00;854.67;0.00;0.00;320.00;0.00;0.00
1762816291.6067712;0.00;0.00;0.00;0.00;866.34;0.00;1346.34;1058.68;0.00;0.00;0.00;0.00;1440.00;0.00;531.01;0.00;0.00;0.00;0.00;0.00;629.67;0.00;0.00;704.67;800.00;800.00;2640.00;2260.00;2421.01;2788.68;1307.00;1898.68;1014.67;704.67;704.67;540.00;160.00;1224.67;1214.67;310.00;320.00;854.67;0.00;0.00;320.00;0.00;0.00
1762816291.7914252;0.00;0.00;0.00;0.00;866.34;0.00;1346.34;1058.68;0.00;0.00;0.00;0.00;1440.00;0.00;675.68;0.00;0.00;0.00;0.00;0.00;629.67;0.00;0.00;704.67;800.00;800.00;2870.00;2340.00;2581.01;2948.68;1307.00;1898.68;1014.67;704.67;704.67;860.00;160.00;1224.67;1524.67;310.00;320.00;854.67;0.00;0.00;320.00;0.00;0.00
1762816291.7927063;0.00;0.00;0.00;0.00;866.34;0.00;1346.34;1058.68;0.00;0.00;0.00;0.00;1440.00;0.00;675.68;0.00;0.00;0.00;0.00;0.00;629.67;0.00;0.00;704.67;800.00;800.00;2870.00;2340.00;2581.01;2948.68;1307.00;1898.68;1014.67;704.67;704.67;860.00;160.00;1224.67;1524.67;310.00;320.00;854.67;0.00;0.00;320.00;0.00;0.00
1762816291.8315084;0.00;0.00;0.00;0.00;866.34;0.00;1346.34;1058.68;0.00;0.00;0.00;0.00;1440.00;0.00;820.35;0.00;0.00;0.00;0.00;0.00;629.67;0.00;0.00;704.67;950.00;950.00;3030.00;2404.67;2661.01;2948.68;1307.00;1898.68;1014.67;704.67;704.67;1090.00;160.00;1224.67;1524.67;620.00;320.00;854.67;0.00;0.00;320.00;0.00;0.00
1762816291.8328812;0.00;0.00;0.00;0.00;866.34;0.00;1346.34;1058.68;0.00;0.00;0.00;0.00;1440.00;0.00;820.35;0.00;0.00;0.00;0.00;0.00;629.67;0.00;0.00;704.67;950.00;950.00;3030.00;2404.67;2661.01;2948.68;1307.00;1898.68;1014.67;704.67;704.67;1090.00;160.00;1224.67;1524.67;620.00;320.00;854.67;0.00;0.00;320.00;0.00;0.00
1762816295.6730745;0.00;144.67;0.00;0.00;386.34;0.00;1249.34;1058.68;0.00;0.00;0.00;0.00;1440.00;0.00;820.35;0.00;0.00;0.00;0.00;0.00;629.67;0.00;0.00;704.67;950.00;950.00;3030.00;2404.67;2661.01;2948.68;1124.67;1818.68;1014.67;704.67;704.67;1090.00;160.00;1224.67;1524.67;620.00;320.00;854.67;0.00;0.00;320.00;0.00;0.00
1762816295.6736;0.00;144.67;0.00;0.00;386.34;0.00;1249.34;1058.68;0.00;0.00;0.00;0.00;1440.00;0.00;820.35;0.00;0.00;0.00;0.00;0.00;629.67;0.00;0.00;704.67;950.00;950.00;3030.00;2404.67;2661.01;2948.68;1124.67;1818.68;1014.67;704.67;704.67;1090.00;160.00;1224.67;1524.67;620.00;320.00;854.67;0.00;0.00;320.00;0.00;0.00
1762816295.695054;0.00;144.67;0.00;0.00;386.34;0.00;1394.01;1058.68;0.00;0.00;0.00;0.00;1440.00;0.00;820.35;0.00;0.00;0.00;0.00;0.00;629.67;0.00;0.00;704.67;950.00;950.00;3030.00;2404.67;2661.01;2948.68;1349.34;2048.68;1014.67;704.67;704.67;1090.00;160.00;1224.67;1524.67;620.00;320.00;854.67;0.00;0.00;320.00;0.00;0.00
1762816295.6955423;0.00;144.67;0.00;0.00;386.34;0.00;1394.01;1058.68;0.00;0.00;0.00;0.00;1440.00;0.00;820.35;0.00;0.00;0.00;0.00;0.00;629.67;0.00;0.00;704.67;950.00;950.00;3030.00;2404.67;2661.01;2948.68;1349.34;2048.68;1014.67;704.67;704.67;1090.00;160.00;1224.67;1524.67;620.00;320.00;854.67;0.00;0.00;320.00;0.00;0.00
1762816295.721678;0.00;144.67;0.00;0.00;386.34;0.00;1538.68;1058.68;0.00;0.00;0.00;0.00;1440.00;0.00;820.35;0.00;0.00;0.00;0.00;0.00;629.67;0.00;0.00;704.67;950.00;950.00;3030.00;2404.67;2661.01;2948.68;1349.34;2193.35;1014.67;704.67;704.67;1090.00;160.00;1224.67;1524.67;620.00;320.00;854.67;0.00;0.00;320.00;0.00;0.00
1762816295.7221491;0.00;144.67;0.00;0.00;386.34;0.00;1538.68;1058.68;0.00;0.00;0.00;0.00;1440.00;0.00;820.35;0.00;0.00;0.00;0.00;0.00;629.67;0.00;0.00;704.67;950.00;950.00;3030.00;2404.67;2661.01;2948.68;1349.34;2193.35;1014.67;704.67;704.67;1090.00;160.00;1224.67;1524.67;620.00;320.00;854.67;0.00;0.00;320.00;0.00;0.00
1762816305.6869333;0.00;241.67;0.00;0.00;386.34;0.00;1394.01;1058.68;0.00;0.00;0.00;0.00;1440.00;0.00;820.35;0.00;0.00;0.00;0.00;0.00;0.00;0.00;0.00;704.67;950.00;950.00;3030.00;2404.67;2661.01;2468.68;1429.34;2113.35;1014.67;704.67;704.67;1090.00;160.00;1224.67;1524.67;620.00;320.00;854.67;0.00;0.00;320.00;0.00;0.00
1762816305.6874287;0.00;241.67;0.00;0.00;386.34;0.00;1394.01;1058.68;0.00;0.00;0.00;0.00;1440.00;0.00;820.35;0.00;0.00;0.00;0.00;0.00;0.00;0.00;0.00;704.67;950.00;950.00;3030.00;2404.67;2661.01;2468.68;1429.34;2113.35;1014.67;704.67;704.67;1090.00;160.00;1224.67;1524.67;620.00;320.00;854.67;0.00;0.00;320.00;0.00;0.00
1762816306.510791;0.00;241.67;0.00;0.00;386.34;0.00;1394.01;1058.68;0.00;0.00;0.00;0.00;1440.00;0.00;820.35;0.00;0.00;0.00;0.00;97.00;0.00;0.00;0.00;784.67;982.33;982.33;3094.67;2469.34;2725.68;2468.68;1429.34;2113.35;1094.67;784.67;784.67;1090.00;160.00;1224.67;1524.67;620.00;320.00;854.67;0.00;0.00;320.00;0.00;0.00
1762816306.5116124;0.00;241.67;0.00;0.00;386.34;0.00;1394.01;1058.68;0.00;0.00;0.00;0.00;1440.00;0.00;820.35;0.00;0.00;0.00;0.00;97.00;0.00;0.00;0.00;784.67;982.33;982.33;3094.67;2469.34;2725.68;2468.68;1429.34;2113.35;1094.67;784.67;784.67;1090.00;160.00;1224.67;1524.67;620.00;320.00;854.67;0.00;0.00;320.00;0.00;0.00
1762816306.54879;0.00;241.67;0.00;0.00;386.34;0.00;1394.01;1058.68;0.00;0.00;0.00;0.00;1440.00;0.00;820.35;0.00;0.00;0.00;0.00;241.67;0.00;0.00;0.00;784.67;982.33;982.33;3239.34;2614.01;2870.35;2628.68;1429.34;2113.35;1094.67;784.67;784.67;1090.00;160.00;1224.67;1524.67;620.00;320.00;854.67;0.00;0.00;320.00;0.00;0.00
1762816306.549621;0.00;241.67;0.00;0.00;386.34;0.00;1394.01;1058.68;0.00;0.00;0.00;0.00;1440.00;0.00;820.35;0.00;0.00;0.00;0.00;241.67;0.00;0.00;0.00;784.67;982.33;982.33;3239.34;2614.01;2870.35;2628.68;1429.34;2113.35;1094.67;784.67;784.67;1090.00;160.00;1224.67;1524.67;620.00;320.00;854.67;0.00;0.00;320.00;0.00;0.00
1762816306.5944233;0.00;241.67;0.00;0.00;386.34;0.00;1394.01;1058.68;0.00;0.00;0.00;0.00;1440.00;0.00;820.35;0.00;0.00;0.00;0.00;386.34;0.00;0.00;0.00;944.67;1142.33;1047.00;3319.34;2694.01;2950.35;2708.68;1509.34;2263.35;1254.67;944.67;944.67;1090.00;160.00;1224.67;1524.67;620.00;320.00;854.67;0.00;0.00;320.00;0.00;0.00
1762816306.595304;0.00;241.67;0.00;0.00;386.34;0.00;1394.01;1058.68;0.00;0.00;0.00;0.00;1440.00;0.00;820.35;0.00;0.00;0.00;0.00;386.34;0.00;0.00;0.00;944.67;1142.33;1047.00;3319.34;2694.01;2950.35;2708.68;1509.34;2263.35;1254.67;944.67;944.67;1090.00;160.00;1224.67;1524.67;620.00;320.00;854.67;0.00;0.00;320.00;0.00;0.00
1762816306.6386046;0.00;241.67;0.00;0.00;386.34;0.00;1394.01;1058.68;0.00;0.00;0.00;0.00;1440.00;0.00;820.35;0.00;0.00;0.00;0.00;531.01;0.00;0.00;0.00;1104.67;1302.33;1111.67;3399.34;2774.01;3030.35;2858.68;1509.34;2263.35;1414.67;1104.67;1104.67;1090.00;160.00;1224.67;1524.67;620.00;320.00;1174.67;0.00;0.00;320.00;0.00;0.00
1762816306.6394796;0.00;241.67;0.00;0.00;386.34;0.00;1394.01;1058.68;0.00;0.00;0.00;0.00;1440.00;0.00;820.35;0.00;0.00;0.00;0.00;531.01;0.00;0.00;0.00;1104.67;1302.33;1111.67;3399.34;2774.01;3030.35;2858.68;1509.34;2263.35;1414.67;1104.67;1104.67;1090.00;160.00;1224.67;1524.67;620.00;320.00;1174.67;0.00;0.00;320.00;0.00;0.00
1762816306.6839454;0.00;241.67;0.00;0.00;386.34;0.00;1394.01;1058.68;0.00;0.00;0.00;0.00;1440.00;0.00;820.35;0.00;0.00;0.00;0.00;675.68;0.00;0.00;0.00;1104.67;1302.33;1111.67;3544.01;2918.68;3175.02;3088.68;1589.34;2343.35;1414.67;1104.67;1104.67;1090.00;160.00;1224.67;1524.67;620.00;320.00;1174.67;0.00;0.00;320.00;0.00;0.00
1762816306.6848354;0.00;241.67;0.00;0.00;386.34;0.00;1394.01;1058.68;0.00;0.00;0.00;0.00;1440.00;0.00;820.35;0.00;0.00;0.00;0.00;675.68;0.00;0.00;0.00;1104.67;1302.33;1111.67;3544.01;2918.68;3175.02;3088.68;1589.34;2343.35;1414.67;1104.67;1104.67;1090.00;160.00;1224.67;1524.67;620.00;320.00;1174.67;0.00;0.00;320.00;0.00;0.00
1762816306.7267382;0.00;241.67;0.00;0.00;386.34;0.00;1394.01;1058.68;0.00;0.00;0.00;0.00;1440.00;0.00;820.35;0.00;0.00;0.00;0.00;820.35;0.00;0.00;0.00;1104.67;1302.33;1111.67;3688.68;3063.35;3319.69;3318.68;1669.34;2423.35;1414.67;1104.67;1104.67;1090.00;160.00;1224.67;1524.67;620.00;320.00;1174.67;0.00;0.00;320.00;0.00;0.00
1762816306.7276092;0.00;241.67;0.00;0.00;386.34;0.00;1394.01;1058.68;0.00;0.00;0.00;0.00;1440.00;0.00;820.35;0.00;0.00;0.00;0.00;820.35;0.00;0.00;0.00;1104.67;1302.33;1111.67;3688.68;3063.35;3319.69;3318.68;1669.34;2423.35;1414.67;1104.67;1104.67;1090.00;160.00;1224.67;1524.67;620.00;320.00;1174.67;0.00;0.00;320.00;0.00;0.00
1762816310.7078948;0.00;241.67;0.00;144.67;386.34;0.00;720.00;1058.68;0.00;0.00;0.00;0.00;1440.00;0.00;820.35;0.00;0.00;0.00;0.00;820.35;0.00;0.00;0.00;944.67;1142.33;951.67;3538.68;3063.35;3319.69;3318.68;1144.67;1754.01;944.67;944.67;944.67;1090.00;160.00;1224.67;1524.67;310.00;320.00;854.67;0.00;0.00;320.00;0.00;0.00
1762816310.7087448;0.00;241.67;0.00;144.67;386.34;0.00;720.00;1058.68;0.00;0.00;0.00;0.00;1440.00;0.00;820.35;0.00;0.00;0.00;0.00;820.35;0.00;0.00;0.00;944.67;1142.33;951.67;3538.68;3063.35;3319.69;3318.68;1144.67;1754.01;944.67;944.67;944.67;1090.00;160.00;1224.67;1524.67;310.00;320.00;854.67;0.00;0.00;320.00;0.00;0.00
1762816310.7439258;0.00;241.67;0.00;289.34;386.34;0.00;720.00;1058.68;0.00;0.00;0.00;0.00;1440.00;0.00;820.35;0.00;0.00;0.00;0.00;820.35;0.00;0.00;0.00;944.67;1142.33;951.67;3538.68;3063.35;3319.69;3318.68;1144.67;1754.01;944.67;944.67;944.67;1090.00;160.00;1224.67;1524.67;310.00;320.00;854.67;0.00;0.00;320.00;0.00;0.00
1762816310.7447348;0.00;241.67;0.00;289.34;386.34;0.00;720.00;1058.68;0.00;0.00;0.00;0.00;1440.00;0.00;820.35;0.00;0.00;0.00;0.00;820.35;0.00;0.00;0.00;944.67;1142.33;951.67;3538.68;3063.35;3319.69;3318.68;1144.67;1754.01;944.67;944.67;944.67;1090.00;160.00;1224.67;1524.67;310.00;320.00;854.67;0.00;0.00;320.00;0.00;0.00
1762816310.7800298;0.00;241.67;0.00;289.34;386.34;144.67;720.00;1058.68;0.00;0.00;0.00;0.00;1440.00;0.00;820.35;0.00;0.00;0.00;0.00;820.35;0.00;0.00;0.00;944.67;1142.33;951.67;3538.68;3063.35;3319.69;3318.68;1144.67;1968.68;944.67;944.67;944.67;1090.00;160.00;1224.67;1524.67;310.00;320.00;854.67;0.00;0.00;320.00;0.00;0.00
1762816310.7808318;0.00;241.67;0.00;289.34;386.34;144.67;720.00;1058.68;0.00;0.00;0.00;0.00;1440.00;0.00;820.35;0.00;0.00;0.00;0.00;820.35;0.00;0.00;0.00;944.67;1142.33;951.67;3538.68;3063.35;3319.69;3318.68;1144.67;1968.68;944.67;944.67;944.67;1090.00;160.00;1224.67;1524.67;310.00;320.00;854.67;0.00;0.00;320.00;0.00;0.00
1762816310.8072042;0.00;386.34;0.00;289.34;386.34;144.67;720.00;1058.68;0.00;0.00;0.00;0.00;1440.00;0.00;820.35;0.00;0.00;0.00;0.00;820.35;0.00;0.00;0.00;944.67;1142.33;951.67;3538.68;3063.35;3319.69;3318.68;1304.67;2273.35;944.67;944.67;944.67;1090.00;160.00;1224.67;1524.67;310.00;320.00;854.67;0.00;0.00;320.00;0.00;0.00
1762816310.8076785;0.00;386.34;0.00;289.34;386.34;144.67;720.00;1058.68;0.00;0.00;0.00;0.00;1440.00;0.00;820.35;0.00;0.00;0.00;0.00;820.35;0.00;0.00;0.00;944.67;1142.33;951.67;3538.68;3063.35;3319.69;3318.68;1304.67;2273.35;944.67;944.67;944.67;1090.00;160.00;1224.67;1524.67;310.00;320.00;854.67;0.00;0.00;320.00;0.00;0.00
1762816315.71648;0.00;386.34;0.00;434.01;241.67;144.67;720.00;1058.68;0.00;0.00;0.00;0.00;1440.00;0.00;820.35;0.00;0.00;0.00;0.00;820.35;0.00;0.00;0.00;784.67;1142.33;951.67;3538.68;3063.35;3319.69;3318.68;1154.67;2193.35;784.67;784.67;784.67;1090.00;700.00;770.00;1524.67;310.00;320.00;854.67;0.00;0.00;0.00;0.00;0.00
1762816315.7169995;0.00;386.34;0.00;434.01;241.67;144.67;720.00;1058.68;0.00;0.00;0.00;0.00;1440.00;0.00;820.35;0.00;0.00;0.00;0.00;820.35;0.00;0.00;0.00;784.67;1142.33;951.67;3538.68;3063.35;3319.69;3318.68;1154.67;2193.35;784.67;784.67;784.67;1090.00;700.00;770.00;1524.67;310.00;320.00;854.67;0.00;0.00;0.00;0.00;0.00
1762816320.7196805;0.00;386.34;0.00;578.68;97.00;144.67;720.00;1058.68;0.00;0.00;0.00;0.00;1440.00;0.00;820.35;0.00;0.00;0.00;0.00;820.35;0.00;0.00;0.00;720.00;982.33;791.67;3378.68;3063.35;3319.69;3318.68;1004.67;2328.02;720.00;720.00;720.00;1090.00;930.00;540.00;1524.67;310.00;320.00;630.00;0.00;0.00;0.00;0.00;0.00
1762816320.7201712;0.00;386.34;0.00;578.68;97.00;144.67;720.00;1058.68;0.00;0.00;0.00;0.00;1440.00;0.00;820.35;0.00;0.00;0.00;0.00;820.35;0.00;0.00;0.00;720.00;982.33;791.67;3378.68;3063.35;3319.69;3318.68;1004.67;2328.02;720.00;720.00;720.00;1090.00;930.00;540.00;1524.67;310.00;320.00;630.00;0.00;0.00;0.00;0.00;0.00
1762816325.7309358;0.00;386.34;0.00;578.68;97.00;144.67;720.00;1058.68;0.00;0.00;0.00;240.00;1200.00;0.00;820.35;0.00;0.00;0.00;0.00;820.35;0.00;0.00;0.00;720.00;982.33;791.67;3068.68;3063.35;3319.69;3318.68;1004.67;2328.02;720.00;720.00;720.00;1090.00;930.00;540.00;1524.67;310.00;320.00;630.00;0.00;0.00;0.00;0.00;0.00
1762816325.7318456;0.00;386.34;0.00;578.68;97.00;144.67;720.00;1058.68;0.00;0.00;0.00;240.00;1200.00;0.00;820.35;0.00;0.00;0.00;0.00;820.35;0.00;0.00;0.00;720.00;982.33;791.67;3068.68;3063.35;3319.69;3318.68;1004.67;2328.02;720.00;720.00;720.00;1090.00;930.00;540.00;1524.67;310.00;320.00;630.00;0.00;0.00;0.00;0.00;0.00
1762816330.7339864;0.00;0.00;0.00;289.34;0.00;144.67;720.00;1058.68;0.00;0.00;0.00;337.00;960.00;0.00;820.35;0.00;0.00;0.00;0.00;820.35;0.00;0.00;0.00;560.00;854.66;664.00;2743.35;3223.35;3479.69;3468.68;700.00;984.67;560.00;560.00;560.00;1090.00;0.00;310.00;1524.67;310.00;320.00;630.00;0.00;0.00;0.00;0.00;0.00
1762816330.7348065;0.00;0.00;0.00;289.34;0.00;144.67;720.00;1058.68;0.00;0.00;0.00;337.00;960.00;0.00;820.35;0.00;0.00;0.00;0.00;820.35;0.00;0.00;0.00;560.00;854.66;664.00;2743.35;3223.35;3479.69;3468.68;700.00;984.67;560.00;560.00;560.00;1090.00;0.00;310.00;1524.67;310.00;320.00;630.00;0.00;0.00;0.00;0.00;0.00
1762816331.5273447;0.00;0.00;0.00;289.34;0.00;144.67;720.00;1058.68;0.00;144.67;0.00;337.00;960.00;0.00;820.35;0.00;0.00;0.00;0.00;820.35;0.00;0.00;0.00;560.00;854.66;664.00;2743.35;3223.35;3479.69;3468.68;780.00;1064.67;560.00;560.00;560.00;1090.00;0.00;310.00;1524.67;310.00;320.00;630.00;0.00;0.00;0.00;0.00;0.00
1762816331.5281754;0.00;0.00;0.00;289.34;0.00;144.67;720.00;1058.68;0.00;144.67;0.00;337.00;960.00;0.00;820.35;0.00;0.00;0.00;0.00;820.35;0.00;0.00;0.00;560.00;854.66;664.00;2743.35;3223.35;3479.69;3468.68;780.00;1064.67;560.00;560.00;560.00;1090.00;0.00;310.00;1524.67;310.00;320.00;630.00;0.00;0.00;0.00;0.00;0.00
1762816331.5671945;0.00;0.00;0.00;289.34;0.00;144.67;720.00;1058.68;0.00;289.34;0.00;337.00;960.00;0.00;820.35;0.00;0.00;0.00;0.00;820.35;0.00;0.00;0.00;560.00;854.66;664.00;2743.35;3223.35;3479.69;3468.68;924.67;1209.34;560.00;560.00;560.00;1090.00;0.00;310.00;1524.67;310.00;320.00;630.00;0.00;0.00;0.00;0.00;0.00
1762816331.5679781;0.00;0.00;0.00;289.34;0.00;144.67;720.00;1058.68;0.00;289.34;0.00;337.00;960.00;0.00;820.35;0.00;0.00;0.00;0.00;820.35;0.00;0.00;0.00;560.00;854.66;664.00;2743.35;3223.35;3479.69;3468.68;924.67;1209.34;560.00;560.00;560.00;1090.00;0.00;310.00;1524.67;310.00;320.00;630.00;0.00;0.00;0.00;0.00;0.00
1762816331.605497;0.00;0.00;0.00;289.34;0.00;144.67;720.00;1058.68;0.00;434.01;0.00;337.00;960.00;0.00;820.35;0.00;0.00;0.00;0.00;820.35;0.00;0.00;0.00;560.00;854.66;664.00;2743.35;3223.35;3479.69;3468.68;1074.67;1359.34;560.00;560.00;560.00;1090.00;0.00;310.00;1524.67;310.00;320.00;630.00;0.00;0.00;0.00;0.00;0.00
1762816331.6063066;0.00;0.00;0.00;289.34;0.00;144.67;720.00;1058.68;0.00;434.01;0.00;337.00;960.00;0.00;820.35;0.00;0.00;0.00;0.00;820.35;0.00;0.00;0.00;560.00;854.66;664.00;2743.35;3223.35;3479.69;3468.68;1074.67;1359.34;560.00;560.00;560.00;1090.00;0.00;310.00;1524.67;310.00;320.00;630.00;0.00;0.00;0.00;0.00;0.00
1762816331.644928;0.00;0.00;0.00;289.34;0.00;144.67;720.00;1058.68;0.00;578.68;0.00;337.00;960.00;0.00;820.35;0.00;0.00;0.00;0.00;820.35;0.00;0.00;0.00;560.00;854.66;664.00;2743.35;3223.35;3479.69;3468.68;1219.34;1814.01;560.00;560.00;560.00;1090.00;320.00;310.00;1524.67;310.00;320.00;630.00;0.00;0.00;0.00;0.00;0.00
1762816331.6457038;0.00;0.00;0.00;289.34;0.00;144.67;720.00;1058.68;0.00;578.68;0.00;337.00;960.00;0.00;820.35;0.00;0.00;0.00;0.00;820.35;0.00;0.00;0.00;560.00;854.66;664.00;2743.35;3223.35;3479.69;3468.68;1219.34;1814.01;560.00;560.00;560.00;1090.00;320.00;310.00;1524.67;310.00;320.00;630.00;0.00;0.00;0.00;0.00;0.00
1762816331.8265226;0.00;0.00;0.00;289.34;0.00;144.67;720.00;1058.68;0.00;723.35;0.00;337.00;960.00;0.00;820.35;0.00;0.00;0.00;0.00;820.35;0.00;0.00;0.00;560.00;854.66;664.00;2743.35;3223.35;3479.69;3468.68;1364.01;2054.01;560.00;560.00;560.00;1090.00;860.00;310.00;1524.67;310.00;320.00;630.00;0.00;0.00;0.00;0.00;0.00
1762816331.8273995;0.00;0.00;0.00;289.34;0.00;144.67;720.00;1058.68;0.00;723.35;0.00;337.00;960.00;0.00;820.35;0.00;0.00;0.00;0.00;820.35;0.00;0.00;0.00;560.00;854.66;664.00;2743.35;3223.35;3479.69;3468.68;1364.01;2054.01;560.00;560.00;560.00;1090.00;860.00;310.00;1524.67;310.00;320.00;630.00;0.00;0.00;0.00;0.00;0.00
1762816331.8722436;0.00;0.00;0.00;289.34;0.00;144.67;720.00;1058.68;0.00;868.02;0.00;337.00;960.00;0.00;820.35;0.00;0.00;0.00;0.00;820.35;0.00;0.00;0.00;560.00;854.66;664.00;2743.35;3223.35;3479.69;3548.68;1428.68;2204.01;560.00;560.00;560.00;1090.00;860.00;310.00;1524.67;310.00;320.00;630.00;0.00;0.00;0.00;0.00;0.00
1762816331.8730588;0.00;0.00;0.00;289.34;0.00;144.67;720.00;1058.68;0.00;868.02;0.00;337.00;960.00;0.00;820.35;0.00;0.00;0.00;0.00;820.35;0.00;0.00;0.00;560.00;854.66;664.00;2743.35;3223.35;3479.69;3548.68;1428.68;2204.01;560.00;560.00;560.00;1090.00;860.00;310.00;1524.67;310.00;320.00;630.00;0.00;0.00;0.00;0.00;0.00
1762816335.7372873;0.00;0.00;0.00;289.34;0.00;144.67;720.00;1058.68;0.00;868.02;0.00;337.00;720.00;144.67;675.68;0.00;0.00;0.00;0.00;820.35;0.00;0.00;0.00;720.00;854.66;664.00;2203.35;3073.35;3089.69;3548.68;1428.68;2514.01;720.00;720.00;720.00;550.00;860.00;310.00;1524.67;310.00;320.00;630.00;0.00;0.00;0.00;0.00;0.00
1762816335.7377806;0.00;0.00;0.00;289.34;0.00;144.67;720.00;1058.68;0.00;868.02;0.00;337.00;720.00;144.67;675.68;0.00;0.00;0.00;0.00;820.35;0.00;0.00;0.00;720.00;854.66;664.00;2203.35;3073.35;3089.69;3548.68;1428.68;2514.01;720.00;720.00;720.00;550.00;860.00;310.00;1524.67;310.00;320.00;630.00;0.00;0.00;0.00;0.00;0.00
1762816335.7754033;0.00;0.00;0.00;289.34;0.00;144.67;720.00;1058.68;0.00;868.02;0.00;577.00;720.00;144.67;675.68;0.00;0.00;0.00;0.00;820.35;0.00;0.00;0.00;720.00;1324.66;1134.00;2283.35;3153.35;3169.69;3628.68;1508.68;2664.01;720.00;720.00;720.00;550.00;860.00;540.00;1524.67;310.00;320.00;950.00;0.00;0.00;0.00;0.00;0.00
1762816335.7761996;0.00;0.00;0.00;289.34;0.00;144.67;720.00;1058.68;0.00;868.02;0.00;577.00;720.00;144.67;675.68;0.00;0.00;0.00;0.00;820.35;0.00;0.00;0.00;720.00;1324.66;1134.00;2283.35;3153.35;3169.69;3628.68;1508.68;2664.01;720.00;720.00;720.00;550.00;860.00;540.00;1524.67;310.00;320.00;950.00;0.00;0.00;0.00;0.00;0.00
1762816338.5464983;0.00;0.00;0.00;289.34;0.00;144.67;720.00;1058.68;0.00;868.02;0.00;577.00;720.00;144.67;675.68;0.00;0.00;0.00;0.00;820.35;0.00;0.00;0.00;720.00;1324.66;1134.00;2283.35;3153.35;3169.69;3628.68;1508.68;2664.01;720.00;720.00;720.00;550.00;860.00;540.00;1524.67;310.00;320.00;950.00;0.00;0.00;0.00;0.00;0.00
1762816338.5473511;0.00;0.00;0.00;289.34;0.00;144.67;720.00;1058.68;0.00;868.02;0.00;577.00;720.00;144.67;675.68;0.00;0.00;0.00;0.00;820.35;0.00;0.00;0.00;720.00;1324.66;1134.00;2283.35;3153.35;3169.69;3628.68;1508.68;2664.01;720.00;720.00;720.00;550.00;860.00;540.00;1524.67;310.00;320.00;950.00;0.00;0.00;0.00;0.00;0.00
1762816338.5974312;0.00;0.00;0.00;289.34;0.00;144.67;720.00;1058.68;0.00;868.02;0.00;577.00;720.00;144.67;675.68;0.00;0.00;0.00;0.00;820.35;0.00;0.00;0.00;720.00;1324.66;1134.00;2283.35;3153.35;3169.69;3628.68;1508.68;2664.01;720.00;720.00;720.00;550.00;860.00;540.00;1524.67;310.00;320.00;950.00;0.00;0.00;0.00;0.00;0.00
1762816338.598272;0.00;0.00;0.00;289.34;0.00;144.67;720.00;1058.68;0.00;868.02;0.00;577.00;720.00;144.67;675.68;0.00;0.00;0.00;0.00;820.35;0.00;0.00;0.00;720.00;1324.66;1134.00;2283.35;3153.35;3169.69;3628.68;1508.68;2664.01;720.00;720.00;720.00;550.00;860.00;540.00;1524.67;310.00;320.00;950.00;0.00;0.00;0.00;0.00;0.00
1762816338.6472836;0.00;0.00;0.00;289.34;0.00;144.67;720.00;1058.68;0.00;868.02;0.00;577.00;720.00;144.67;675.68;0.00;0.00;0.00;0.00;820.35;0.00;0.00;0.00;720.00;1324.66;1134.00;2283.35;3153.35;3169.69;3628.68;1508.68;2664.01;720.00;720.00;720.00;550.00;860.00;540.00;1524.67;310.00;320.00;950.00;0.00;0.00;0.00;0.00;0.00
1762816338.6481068;0.00;0.00;0.00;289.34;0.00;144.67;720.00;1058.68;0.00;868.02;0.00;577.00;720.00;144.67;675.68;0.00;0.00;0.00;0.00;820.35;0.00;0.00;0.00;720.00;1324.66;1134.00;2283.35;3153.35;3169.69;3628.68;1508.68;2664.01;720.00;720.00;720.00;550.00;860.00;540.00;1524.67;310.00;320.00;950.00;0.00;0.00;0.00;0.00;0.00
1762816338.688842;0.00;0.00;0.00;289.34;0.00;144.67;720.00;1058.68;0.00;868.02;0.00;577.00;720.00;144.67;675.68;0.00;0.00;0.00;0.00;820.35;0.00;0.00;0.00;720.00;1324.66;1134.00;2283.35;3153.35;3169.69;3628.68;1508.68;2664.01;720.00;720.00;720.00;550.00;860.00;540.00;1524.67;310.00;320.00;950.00;0.00;0.00;0.00;0.00;0.00
1762816338.6893594;0.00;0.00;0.00;289.34;0.00;144.67;720.00;1058.68;0.00;868.02;0.00;577.00;720.00;144.67;675.68;0.00;0.00;0.00;0.00;820.35;0.00;0.00;0.00;720.00;1324.66;1134.00;2283.35;3153.35;3169.69;3628.68;1508.68;2664.01;720.00;720.00;720.00;550.00;860.00;540.00;1524.67;310.00;320.00;950.00;0.00;0.00;0.00;0.00;0.00
1762816338.7299895;0.00;0.00;0.00;289.34;0.00;144.67;720.00;1058.68;0.00;868.02;0.00;577.00;720.00;144.67;675.68;0.00;0.00;0.00;0.00;820.35;0.00;0.00;0.00;720.00;1324.66;1134.00;2283.35;3153.35;3169.69;3628.68;1508.68;2664.01;720.00;720.00;720.00;550.00;860.00;540.00;1524.67;310.00;320.00;950.00;0.00;0.00;0.00;0.00;0.00
1762816338.7308397;0.00;0.00;0.00;289.34;0.00;144.67;720.00;1058.68;0.00;868.02;0.00;577.00;720.00;144.67;675.68;0.00;0.00;0.00;0.00;820.35;0.00;0.00;0.00;720.00;1324.66;1134.00;2283.35;3153.35;3169.69;3628.68;1508.68;2664.01;720.00;720.00;720.00;550.00;860.00;540.00;1524.67;310.00;320.00;950.00;0.00;0.00;0.00;0.00;0.00
1762816338.7825701;0.00;0.00;0.00;289.34;0.00;144.67;720.00;1058.68;0.00;868.02;0.00;577.00;720.00;144.67;675.68;0.00;0.00;0.00;0.00;820.35;0.00;0.00;0.00;720.00;1324.66;1134.00;2283.35;3153.35;3169.69;3628.68;1508.68;2664.01;720.00;720.00;720.00;550.00;860.00;540.00;1524.67;310.00;320.00;950.00;0.00;0.00;0.00;0.00;0.00
1762816338.7834394;0.00;0.00;0.00;289.34;0.00;144.67;720.00;1058.68;0.00;868.02;0.00;577.00;720.00;144.67;675.68;0.00;0.00;0.00;0.00;820.35;0.00;0.00;0.00;720.00;1324.66;1134.00;2283.35;3153.35;3169.69;3628.68;1508.68;2664.01;720.00;720.00;720.00;550.00;860.00;540.00;1524.67;310.00;320.00;950.00;0.00;0.00;0.00;0.00;0.00
1762816340.7539127;0.00;0.00;0.00;289.34;0.00;144.67;720.00;914.01;0.00;868.02;0.00;721.67;240.00;144.67;675.68;0.00;0.00;0.00;0.00;820.35;0.00;0.00;0.00;720.00;1324.66;1134.00;2198.02;2453.35;2865.02;3174.01;1508.68;2664.01;720.00;720.00;720.00;550.00;860.00;540.00;1524.67;310.00;320.00;950.00;0.00;0.00;0.00;0.00;0.00
1762816340.7547755;0.00;0.00;0.00;289.34;0.00;144.67;720.00;914.01;0.00;868.02;0.00;721.67;240.00;144.67;675.68;0.00;0.00;0.00;0.00;820.35;0.00;0.00;0.00;720.00;1324.66;1134.00;2198.02;2453.35;2865.02;3174.01;1508.68;2664.01;720.00;720.00;720.00;550.00;860.00;540.00;1524.67;310.00;320.00;950.00;0.00;0.00;0.00;0.00;0.00
1762816340.7926507;0.00;0.00;0.00;289.34;0.00;144.67;720.00;914.01;0.00;868.02;0.00;866.34;240.00;144.67;675.68;0.00;0.00;0.00;0.00;820.35;0.00;0.00;0.00;720.00;1324.66;1134.00;2342.69;2613.35;3025.02;3174.01;1508.68;2664.01;720.00;720.00;720.00;550.00;860.00;540.00;1524.67;310.00;320.00;950.00;0.00;0.00;0.00;0.00;0.00
1762816340.7934444;0.00;0.00;0.00;289.34;0.00;144.67;720.00;914.01;0.00;868.02;0.00;866.34;240.00;144.67;675.68;0.00;0.00;0.00;0.00;820.35;0.00;0.00;0.00;720.00;1324.66;1134.00;2342.69;2613.35;3025.02;3174.01;1508.68;2664.01;720.00;720.00;720.00;550.00;860.00;540.00;1524.67;310.00;320.00;950.00;0.00;0.00;0.00;0.00;0.00
1762816340.8317566;0.00;0.00;0.00;289.34;0.00;144.67;720.00;914.01;0.00;868.02;0.00;866.34;240.00;144.67;675.68;0.00;0.00;0.00;0.00;820.35;240.00;0.00;0.00;720.00;1324.66;1134.00;2342.69;2613.35;3025.02;3414.01;1508.68;2664.01;720.00;720.00;720.00;550.00;860.00;540.00;1524.67;310.00;320.00;950.00;0.00;0.00;0.00;0.00;0.00
1762816340.832543;0.00;0.00;0.00;289.34;0.00;144.67;720.00;914.01;0.00;868.02;0.00;866.34;240.00;144.67;675.68;0.00;0.00;0.00;0.00;820.35;240.00;0.00;0.00;720.00;1324.66;1134.00;2342.69;2613.35;3025.02;3414.01;1508.68;2664.01;720.00;720.00;720.00;550.00;860.00;540.00;1524.67;310.00;320.00;950.00;0.00;0.00;0.00;0.00;0.00
1762816352.5376477;0.00;0.00;0.00;0.00;0.00;0.00;0.00;914.01;0.00;868.02;0.00;866.34;240.00;289.34;675.68;0.00;0.00;0.00;0.00;820.35;240.00;0.00;0.00;704.67;1324.66;1134.00;2342.69;2453.35;2865.02;3254.01;1048.68;1989.34;704.67;704.67;704.67;550.00;860.00;230.00;1524.67;310.00;0.00;640.00;0.00;0.00;0.00;0.00;0.00
1762816352.5382018;0.00;0.00;0.00;0.00;0.00;0.00;0.00;914.01;0.00;868.02;0.00;866.34;240.00;289.34;675.68;0.00;0.00;0.00;0.00;820.35;240.00;0.00;0.00;704.67;1324.66;1134.00;2342.69;2453.35;2865.02;3254.01;1048.68;1989.34;704.67;704.67;704.67;550.00;860.00;230.00;1524.67;310.00;0.00;640.00;0.00;0.00;0.00;0.00;0.00
1762816352.5658586;0.00;0.00;0.00;0.00;0.00;0.00;0.00;914.01;0.00;868.02;0.00;866.34;240.00;434.01;675.68;0.00;0.00;0.00;0.00;820.35;240.00;0.00;0.00;784.67;1389.33;1198.67;2717.36;2453.35;2865.02;3254.01;1048.68;1989.34;784.67;784.67;784.67;550.00;860.00;230.00;1524.67;310.00;0.00;640.00;0.00;0.00;0.00;0.00;0.00
1762816352.566489;0.00;0.00;0.00;0.00;0.00;0.00;0.00;914.01;0.00;868.02;0.00;866.34;240.00;434.01;675.68;0.00;0.00;0.00;0.00;820.35;240.00;0.00;0.00;784.67;1389.33;1198.67;2717.36;2453.35;2865.02;3254.01;1048.68;1989.34;784.67;784.67;784.67;550.00;860.00;230.00;1524.67;310.00;0.00;640.00;0.00;0.00;0.00;0.00;0.00
1762816352.6046252;0.00;0.00;0.00;0.00;0.00;0.00;0.00;914.01;0.00;868.02;0.00;866.34;240.00;578.68;675.68;0.00;0.00;0.00;0.00;820.35;240.00;0.00;0.00;929.34;1389.33;1198.67;2717.36;2453.35;2865.02;3254.01;1048.68;1989.34;929.34;929.34;929.34;550.00;860.00;230.00;1524.67;310.00;0.00;640.00;0.00;0.00;0.00;0.00;0.00
1762816352.6052196;0.00;0.00;0.00;0.00;0.00;0.00;0.00;914.01;0.00;868.02;0.00;866.34;240.00;578.68;675.68;0.00;0.00;0.00;0.00;820.35;240.00;0.00;0.00;929.34;1389.33;1198.67;2717.36;2453.35;2865.02;3254.01;1048.68;1989.34;929.34;929.34;929.34;550.00;860.00;230.00;1524.67;310.00;0.00;640.00;0.00;0.00;0.00;0.00;0.00
1762816352.7217455;0.00;0.00;0.00;0.00;0.00;0.00;0.00;914.01;0.00;868.02;0.00;866.34;240.00;723.35;675.68;0.00;0.00;0.00;0.00;820.35;240.00;0.00;0.00;1074.01;1389.33;1198.67;2717.36;2453.35;2865.02;3254.01;1048.68;1989.34;1074.01;1074.01;1074.01;550.00;860.00;230.00;1524.67;310.00;0.00;640.00;0.00;0.00;0.00;0.00;0.00
1762816352.722436;0.00;0.00;0.00;0.00;0.00;0.00;0.00;914.01;0.00;868.02;0.00;866.34;240.00;723.35;675.68;0.00;0.00;0.00;0.00;820.35;240.00;0.00;0.00;1074.01;1389.33;1198.67;2717.36;2453.35;2865.02;3254.01;1048.68;1989.34;1074.01;1074.01;1074.01;550.00;860.00;230.00;1524.67;310.00;0.00;640.00;0.00;0.00;0.00;0.00;0.00
1762816352.759191;0.00;0.00;0.00;0.00;0.00;0.00;0.00;914.01;0.00;868.02;0.00;866.34;240.00;868.02;675.68;0.00;0.00;0.00;0.00;820.35;240.00;0.00;0.00;1074.01;1534.00;1343.34;3017.36;2453.35;2865.02;3254.01;1048.68;1989.34;1074.01;1074.01;1074.01;550.00;860.00;230.00;1524.67;310.00;0.00;640.00;0.00;0.00;0.00;0.00;0.00
1762816352.7601974;0.00;0.00;0.00;0.00;0.00;0.00;0.00;914.01;0.00;868.02;0.00;866.34;240.00;868.02;675.68;0.00;0.00;0.00;0.00;820.35;240.00;0.00;0.00;1074.01;1534.00;1343.34;3017.36;2453.35;2865.02;3254.01;1048.68;1989.34;1074.01;1074.01;1074.01;550.00;860.00;230.00;1524.67;310.00;0.00;640.00;0.00;0.00;0.00;0.00;0.00
1762816352.7983303;0.00;0.00;0.00;0.00;0.00;0.00;0.00;914.01;0.00;868.02;0.00;866.34;240.00;1108.02;675.68;0.00;0.00;0.00;0.00;820.35;240.00;0.00;0.00;1074.01;1774.00;1583.34;3327.36;2453.35;2865.02;3254.01;1048.68;1989.34;1074.01;1074.01;1074.01;550.00;860.00;230.00;1524.67;310.00;310.00;960.00;0.00;0.00;0.00;0.00;0.00
1762816352.7992463;0.00;0.00;0.00;0.00;0.00;0.00;0.00;914.01;0.00;868.02;0.00;866.34;240.00;1108.02;675.68;0.00;0.00;0.00;0.00;820.35;240.00;0.00;0.00;1074.01;1774.00;1583.34;3327.36;2453.35;2865.02;3254.01;1048.68;1989.34;1074.01;1074.01;1074.01;550.00;860.00;230.00;1524.67;310.00;310.00;960.00;0.00;0.00;0.00;0.00;0.00
1762816355.77287;0.00;0.00;0.00;0.00;0.00;0.00;0.00;914.01;0.00;868.02;0.00;1011.01;0.00;1108.02;675.68;0.00;0.00;0.00;0.00;820.35;0.00;0.00;0.00;1074.01;1694.00;1503.34;3232.03;2463.35;3025.02;3174.01;1048.68;1989.34;1074.01;1074.01;1074.01;550.00;860.00;230.00;1524.67;310.00;310.00;960.00;0.00;0.00;0.00;0.00;0.00
1762816355.7737172;0.00;0.00;0.00;0.00;0.00;0.00;0.00;914.01;0.00;868.02;0.00;1011.01;0.00;1108.02;675.68;0.00;0.00;0.00;0.00;820.35;0.00;0.00;0.00;1074.01;1694.00;1503.34;3232.03;2463.35;3025.02;3174.01;1048.68;1989.34;1074.01;1074.01;1074.01;550.00;860.00;230.00;1524.67;310.00;310.00;960.00;0.00;0.00;0.00;0.00;0.00
1762816355.8014534;0.00;0.00;240.00;0.00;0.00;0.00;0.00;914.01;0.00;868.02;0.00;1011.01;0.00;1108.02;675.68;0.00;0.00;0.00;0.00;820.35;0.00;0.00;0.00;1074.01;1854.00;1663.34;3392.03;2623.35;3185.02;3254.01;1048.68;1989.34;1074.01;1074.01;1074.01;550.00;860.00;230.00;1524.67;310.00;310.00;960.00;0.00;0.00;0.00;0.00;0.00
1762816355.8019364;0.00;0.00;240.00;0.00;0.00;0.00;0.00;914.01;0.00;868.02;0.00;1011.01;0.00;1108.02;675.68;0.00;0.00;0.00;0.00;820.35;0.00;0.00;0.00;1074.01;1854.00;1663.34;3392.03;2623.35;3185.02;3254.01;1048.68;1989.34;1074.01;1074.01;1074.01;550.00;860.00;230.00;1524.67;310.00;310.00;960.00;0.00;0.00;0.00;0.00;0.00
1762816360.783783;0.00;144.67;240.00;0.00;0.00;0.00;0.00;914.01;0.00;868.02;0.00;914.01;0.00;1108.02;241.67;0.00;0.00;0.00;0.00;820.35;0.00;0.00;0.00;1074.01;1821.67;1631.01;3097.36;2383.35;2480.35;2559.34;1208.68;2139.34;1074.01;1074.01;1074.01;230.00;860.00;230.00;540.00;310.00;310.00;960.00;0.00;0.00;0.00;0.00;0.00
1762816360.7846262;0.00;144.67;240.00;0.00;0.00;0.00;0.00;914.01;0.00;868.02;0.00;914.01;0.00;1108.02;241.67;0.00;0.00;0.00;0.00;820.35;0.00;0.00;0.00;1074.01;1821.67;1631.01;3097.36;2383.35;2480.35;2559.34;1208.68;2139.34;1074.01;1074.01;1074.01;230.00;860.00;230.00;540.00;310.00;310.00;960.00;0.00;0.00;0.00;0.00;0.00
1762816360.823756;0.00;144.67;240.00;0.00;0.00;0.00;0.00;914.01;0.00;868.02;0.00;914.01;0.00;1108.02;241.67;144.67;0.00;0.00;0.00;820.35;0.00;0.00;0.00;1074.01;1821.67;1631.01;3097.36;2383.35;2695.02;2559.34;1208.68;2139.34;1074.01;1074.01;1074.01;230.00;860.00;230.00;540.00;310.00;310.00;960.00;0.00;0.00;0.00;0.00;0.00
1762816360.8246574;0.00;144.67;240.00;0.00;0.00;0.00;0.00;914.01;0.00;868.02;0.00;914.01;0.00;1108.02;241.67;144.67;0.00;0.00;0.00;820.35;0.00;0.00;0.00;1074.01;1821.67;1631.01;3097.36;2383.35;2695.02;2559.34;1208.68;2139.34;1074.01;1074.01;1074.01;230.00;860.00;230.00;540.00;310.00;310.00;960.00;0.00;0.00;0.00;0.00;0.00
1762816360.856361;0.00;289.34;240.00;0.00;0.00;0.00;0.00;914.01;0.00;868.02;0.00;914.01;0.00;1108.02;241.67;144.67;0.00;0.00;0.00;820.35;0.00;0.00;0.00;1074.01;1821.67;1631.01;3097.36;2383.35;2695.02;2559.34;1423.35;2139.34;1074.01;1074.01;1074.01;230.00;860.00;230.00;850.00;310.00;310.00;960.00;0.00;0.00;0.00;0.00;0.00
1762816360.8568933;0.00;289.34;240.00;0.00;0.00;0.00;0.00;914.01;0.00;868.02;0.00;914.01;0.00;1108.02;241.67;144.67;0.00;0.00;0.00;820.35;0.00;0.00;0.00;1074.01;1821.67;1631.01;3097.36;2383.35;2695.02;2559.34;1423.35;2139.34;1074.01;1074.01;1074.01;230.00;860.00;230.00;850.00;310.00;310.00;960.00;0.00;0.00;0.00;0.00;0.00
1762816360.8969426;0.00;289.34;240.00;0.00;0.00;0.00;0.00;914.01;0.00;868.02;0.00;914.01;0.00;1108.02;241.67;144.67;0.00;240.00;0.00;820.35;0.00;0.00;0.00;1234.01;1981.67;1711.01;3177.36;2383.35;2695.02;2559.34;1423.35;2449.34;1234.01;1234.01;1234.01;230.00;860.00;230.00;850.00;310.00;310.00;960.00;0.00;0.00;0.00;0.00;0.00
1762816360.8976696;0.00;289.34;240.00;0.00;0.00;0.00;0.00;914.01;0.00;868.02;0.00;914.01;0.00;1108.02;241.67;144.67;0.00;240.00;0.00;820.35;0.00;0.00;0.00;1234.01;1981.67;1711.01;3177.36;2383.35;2695.02;2559.34;1423.35;2449.34;1234.01;1234.01;1234.01;230.00;860.00;230.00;850.00;310.00;310.00;960.00;0.00;0.00;0.00;0.00;0.00
1762816365.7844748;0.00;434.01;240.00;0.00;0.00;0.00;0.00;384.67;0.00;868.02;0.00;674.01;0.00;1108.02;0.00;144.67;0.00;240.00;0.00;820.35;0.00;0.00;0.00;1234.01;1671.67;1401.01;2627.36;1378.68;1593.35;1694.67;1638.02;2449.34;1234.01;1234.01;1234.01;0.00;860.00;230.00;620.00;0.00;310.00;960.00;0.00;0.00;0.00;0.00;0.00
1762816365.7849805;0.00;434.01;240.00;0.00;0.00;0.00;0.00;384.67;0.00;868.02;0.00;674.01;0.00;1108.02;0.00;144.67;0.00;240.00;0.00;820.35;0.00;0.00;0.00;1234.01;1671.67;1401.01;2627.36;1378.68;1593.35;1694.67;1638.02;2449.34;1234.01;1234.01;1234.01;0.00;860.00;230.00;620.00;0.00;310.00;960.00;0.00;0.00;0.00;0.00;0.00
1762816365.8272893;0.00;578.68;240.00;0.00;0.00;0.00;0.00;384.67;0.00;868.02;0.00;674.01;0.00;1108.02;0.00;144.67;0.00;240.00;0.00;820.35;0.00;0.00;0.00;1234.01;1671.67;1401.01;2627.36;1378.68;1593.35;1694.67;1852.69;2449.34;1234.01;1234.01;1234.01;0.00;860.00;230.00;930.00;0.00;310.00;960.00;0.00;0.00;0.00;0.00;0.00
1762816365.8282228;0.00;578.68;240.00;0.00;0.00;0.00;0.00;384.67;0.00;868.02;0.00;674.01;0.00;1108.02;0.00;144.67;0.00;240.00;0.00;820.35;0.00;0.00;0.00;1234.01;1671.67;1401.01;2627.36;1378.68;1593.35;1694.67;1852.69;2449.34;1234.01;1234.01;1234.01;0.00;860.00;230.00;930.00;0.00;310.00;960.00;0.00;0.00;0.00;0.00;0.00
1762816365.8686745;0.00;578.68;240.00;0.00;0.00;0.00;0.00;384.67;0.00;868.02;0.00;674.01;0.00;1108.02;0.00;144.67;0.00;384.67;0.00;820.35;0.00;0.00;0.00;1234.01;1736.34;1481.01;2707.36;1378.68;1593.35;1694.67;1852.69;2449.34;1234.01;1234.01;1234.01;0.00;860.00;230.00;930.00;0.00;310.00;960.00;0.00;0.00;0.00;0.00;0.00
1762816365.8695428;0.00;578.68;240.00;0.00;0.00;0.00;0.00;384.67;0.00;868.02;0.00;674.01;0.00;1108.02;0.00;144.67;0.00;384.67;0.00;820.35;0.00;0.00;0.00;1234.01;1736.34;1481.01;2707.36;1378.68;1593.35;1694.67;1852.69;2449.34;1234.01;1234.01;1234.01;0.00;860.00;230.00;930.00;0.00;310.00;960.00;0.00;0.00;0.00;0.00;0.00
1762816365.9098926;0.00;578.68;240.00;0.00;0.00;0.00;0.00;384.67;0.00;868.02;0.00;674.01;0.00;1108.02;0.00;144.67;0.00;384.67;0.00;820.35;144.67;0.00;0.00;1234.01;1736.34;1481.01;2707.36;1378.68;2133.35;1694.67;1852.69;2449.34;1234.01;1234.01;1234.01;0.00;860.00;230.00;930.00;0.00;310.00;960.00;0.00;0.00;0.00;0.00;0.00
1762816365.9107368;0.00;578.68;240.00;0.00;0.00;0.00;0.00;384.67;0.00;868.02;0.00;674.01;0.00;1108.02;0.00;144.67;0.00;384.67;0.00;820.35;144.67;0.00;0.00;1234.01;1736.34;1481.01;2707.36;1378.68;2133.35;1694.67;1852.69;2449.34;1234.01;1234.01;1234.01;0.00;860.00;230.00;930.00;0.00;310.00;960.00;0.00;0.00;0.00;0.00;0.00
1762816365.9513488;0.00;578.68;240.00;0.00;0.00;0.00;0.00;384.67;0.00;868.02;0.00;674.01;0.00;1108.02;0.00;144.67;0.00;384.67;0.00;820.35;289.34;0.00;0.00;1234.01;1736.34;1481.01;2707.36;1378.68;2363.35;1854.67;2162.69;2449.34;1234.01;1234.01;1234.01;0.00;860.00;230.00;930.00;0.00;310.00;960.00;0.00;0.00;0.00;0.00;0.00
1762816365.9521716;0.00;578.68;240.00;0.00;0.00;0.00;0.00;384.67;0.00;868.02;0.00;674.01;0.00;1108.02;0.00;144.67;0.00;384.67;0.00;820.35;289.34;0.00;0.00;1234.01;1736.34;1481.01;2707.36;1378.68;2363.35;1854.67;2162.69;2449.34;1234.01;1234.01;1234.01;0.00;860.00;230.00;930.00;0.00;310.00;960.00;0.00;0.00;0.00;0.00;0.00
1762816365.9918096;0.00;578.68;240.00;0.00;0.00;0.00;0.00;384.67;0.00;868.02;0.00;674.01;0.00;1108.02;0.00;144.67;0.00;384.67;0.00;820.35;529.34;0.00;0.00;1234.01;1736.34;1481.01;2707.36;1538.68;2753.35;1854.67;2162.69;2449.34;1234.01;1234.01;1234.01;0.00;860.00;230.00;930.00;0.00;310.00;960.00;0.00;0.00;0.00;0.00;0.00
1762816365.9925916;0.00;578.68;240.00;0.00;0.00;0.00;0.00;384.67;0.00;868.02;0.00;674.01;0.00;1108.02;0.00;144.67;0.00;384.67;0.00;820.35;529.34;0.00;0.00;1234.01;1736.34;1481.01;2707.36;1538.68;2753.35;1854.67;2162.69;2449.34;1234.01;1234.01;1234.01;0.00;860.00;230.00;930.00;0.00;310.00;960.00;0.00;0.00;0.00;0.00;0.00
1762816369.5684304;0.00;578.68;240.00;0.00;0.00;0.00;0.00;240.00;0.00;868.02;0.00;674.01;0.00;1108.02;0.00;144.67;0.00;384.67;0.00;820.35;769.34;0.00;0.00;1234.01;1736.34;1481.01;2707.36;1538.68;2753.35;1710.00;2162.69;2449.34;1234.01;1234.01;1234.01;0.00;860.00;230.00;930.00;0.00;310.00;960.00;0.00;0.00;0.00;0.00;0.00
1762816369.5692878;0.00;578.68;240.00;0.00;0.00;0.00;0.00;240.00;0.00;868.02;0.00;674.01;0.00;1108.02;0.00;144.67;0.00;384.67;0.00;820.35;769.34;0.00;0.00;1234.01;1736.34;1481.01;2707.36;1538.68;2753.35;1710.00;2162.69;2449.34;1234.01;1234.01;1234.01;0.00;860.00;230.00;930.00;0.00;310.00;960.00;0.00;0.00;0.00;0.00;0.00
1762816369.612415;0.00;578.68;240.00;0.00;0.00;0.00;0.00;240.00;0.00;868.02;0.00;674.01;0.00;1108.02;0.00;144.67;0.00;384.67;0.00;820.35;1009.34;0.00;0.00;1234.01;1736.34;1481.01;2707.36;1698.68;2913.35;1710.00;2162.69;2449.34;1234.01;1234.01;1234.01;0.00;860.00;230.00;930.00;0.00;310.00;960.00;0.00;0.00;0.00;0.00;0.00
1762816369.613223;0.00;578.68;240.00;0.00;0.00;0.00;0.00;240.00;0.00;868.02;0.00;674.01;0.00;1108.02;0.00;144.67;0.00;384.67;0.00;820.35;1009.34;0.00;0.00;1234.01;1736.34;1481.01;2707.36;1698.68;2913.35;1710.00;2162.69;2449.34;1234.01;1234.01;1234.01;0.00;860.00;230.00;930.00;0.00;310.00;960.00;0.00;0.00;0.00;0.00;0.00
1762816369.7735877;0.00;578.68;240.00;0.00;0.00;0.00;0.00;240.00;0.00;868.02;0.00;674.01;0.00;1108.02;0.00;144.67;0.00;384.67;0.00;820.35;1249.34;0.00;0.00;1234.01;1736.34;1481.01;2707.36;1698.68;2913.35;2020.00;2322.69;2599.34;1234.01;1234.01;1234.01;0.00;860.00;230.00;930.00;0.00;310.00;960.00;0.00;0.00;0.00;0.00;0.00
1762816369.7741241;0.00;578.68;240.00;0.00;0.00;0.00;0.00;240.00;0.00;868.02;0.00;674.01;0.00;1108.02;0.00;144.67;0.00;384.67;0.00;820.35;1249.34;0.00;0.00;1234.01;1736.34;1481.01;2707.36;1698.68;2913.35;2020.00;2322.69;2599.34;1234.01;1234.01;1234.01;0.00;860.00;230.00;930.00;0.00;310.00;960.00;0.00;0.00;0.00;0.00;0.00
1762816369.8202987;0.00;578.68;240.00;0.00;0.00;0.00;0.00;240.00;0.00;868.02;0.00;674.01;0.00;1108.02;0.00;144.67;0.00;384.67;0.00;820.35;1489.34;0.00;0.00;1234.01;1736.34;1481.01;2707.36;1698.68;2913.35;2180.00;2482.69;2749.34;1234.01;1234.01;1234.01;320.00;860.00;230.00;930.00;0.00;310.00;960.00;0.00;0.00;0.00;0.00;0.00
1762816369.8211508;0.00;578.68;240.00;0.00;0.00;0.00;0.00;240.00;0.00;868.02;0.00;674.01;0.00;1108.02;0.00;144.67;0.00;384.67;0.00;820.35;1489.34;0.00;0.00;1234.01;1736.34;1481.01;2707.36;1698.68;2913.35;2180.00;2482.69;2749.34;1234.01;1234.01;1234.01;320.00;860.00;230.00;930.00;0.00;310.00;960.00;0.00;0.00;0.00;0.00;0.00
1762816369.848559;0.00;578.68;240.00;0.00;0.00;0.00;0.00;240.00;0.00;868.02;0.00;674.01;0.00;1108.02;0.00;144.67;0.00;384.67;0.00;820.35;1729.34;0.00;0.00;1234.01;1736.34;1481.01;3017.36;1858.68;3073.35;2180.00;2482.69;2749.34;1234.01;1234.01;1234.01;320.00;860.00;230.00;930.00;0.00;310.00;960.00;0.00;0.00;0.00;0.00;0.00
1762816369.8490324;0.00;578.68;240.00;0.00;0.00;0.00;0.00;240.00;0.00;868.02;0.00;674.01;0.00;1108.02;0.00;144.67;0.00;384.67;0.00;820.35;1729.34;0.00;0.00;1234.01;1736.34;1481.01;3017.36;1858.68;3073.35;2180.00;2482.69;2749.34;1234.01;1234.01;1234.01;320.00;860.00;230.00;930.00;0.00;310.00;960.00;0.00;0.00;0.00;0.00;0.00
1762816369.8753006;0.00;578.68;240.00;0.00;0.00;0.00;0.00;240.00;0.00;868.02;0.00;674.01;0.00;1108.02;0.00;144.67;0.00;384.67;0.00;820.35;1969.34;0.00;0.00;1234.01;1736.34;1481.01;3017.36;1858.68;3073.35;2490.00;2642.69;2899.34;1234.01;1234.01;1234.01;550.00;860.00;230.00;930.00;0.00;310.00;960.00;0.00;0.00;0.00;0.00;0.00
1762816369.8758547;0.00;578.68;240.00;0.00;0.00;0.00;0.00;240.00;0.00;868.02;0.00;674.01;0.00;1108.02;0.00;144.67;0.00;384.67;0.00;820.35;1969.34;0.00;0.00;1234.01;1736.34;1481.01;3017.36;1858.68;3073.35;2490.00;2642.69;2899.34;1234.01;1234.01;1234.01;550.00;860.00;230.00;930.00;0.00;310.00;960.00;0.00;0.00;0.00;0.00;0.00
1762816370.7892945;0.00;578.68;0.00;0.00;0.00;0.00;0.00;0.00;0.00;578.68;0.00;434.01;0.00;963.35;0.00;289.34;0.00;384.67;0.00;820.35;1440.00;0.00;0.00;1154.01;1041.67;786.34;2402.69;1458.68;1888.02;2030.00;1963.35;2150.00;1154.01;1154.01;1154.01;550.00;540.00;0.00;930.00;0.00;310.00;640.00;0.00;0.00;0.00;0.00;0.00
1762816370.7897823;0.00;578.68;0.00;0.00;0.00;0.00;0.00;0.00;0.00;578.68;0.00;434.01;0.00;963.35;0.00;289.34;0.00;384.67;0.00;820.35;1440.00;0.00;0.00;1154.01;1041.67;786.34;2402.69;1458.68;1888.02;2030.00;1963.35;2150.00;1154.01;1154.01;1154.01;550.00;540.00;0.00;930.00;0.00;310.00;640.00;0.00;0.00;0.00;0.00;0.00
1762816370.814758;0.00;578.68;0.00;0.00;0.00;0.00;0.00;144.67;0.00;578.68;0.00;434.01;0.00;963.35;0.00;289.34;0.00;384.67;0.00;820.35;1440.00;0.00;0.00;1154.01;1041.67;786.34;2402.69;1458.68;1888.02;2030.00;2123.35;2310.00;1154.01;1154.01;1154.01;550.00;540.00;0.00;930.00;0.00;310.00;640.00;0.00;0.00;0.00;0.00;0.00
1762816370.8152688;0.00;578.68;0.00;0.00;0.00;0.00;0.00;144.67;0.00;578.68;0.00;434.01;0.00;963.35;0.00;289.34;0.00;384.67;0.00;820.35;1440.00;0.00;0.00;1154.01;1041.67;786.34;2402.69;1458.68;1888.02;2030.00;2123.35;2310.00;1154.01;1154.01;1154.01;550.00;540.00;0.00;930.00;0.00;310.00;640.00;0.00;0.00;0.00;0.00;0.00
1762816370.8397255;0.00;578.68;0.00;0.00;0.00;0.00;0.00;289.34;0.00;578.68;0.00;434.01;0.00;963.35;0.00;289.34;0.00;384.67;0.00;820.35;1440.00;0.00;0.00;1154.01;1041.67;786.34;2402.69;1458.68;1888.02;2030.00;2513.35;2470.00;1154.01;1154.01;1154.01;550.00;540.00;0.00;930.00;0.00;310.00;640.00;0.00;0.00;0.00;0.00;0.00
1762816370.8402138;0.00;578.68;0.00;0.00;0.00;0.00;0.00;289.34;0.00;578.68;0.00;434.01;0.00;963.35;0.00;289.34;0.00;384.67;0.00;820.35;1440.00;0.00;0.00;1154.01;1041.67;786.34;2402.69;1458.68;1888.02;2030.00;2513.35;2470.00;1154.01;1154.01;1154.01;550.00;540.00;0.00;930.00;0.00;310.00;640.00;0.00;0.00;0.00;0.00;0.00
1762816370.8648715;0.00;578.68;0.00;0.00;0.00;0.00;0.00;289.34;0.00;578.68;0.00;434.01;0.00;963.35;0.00;289.34;0.00;529.34;0.00;820.35;1440.00;0.00;0.00;1154.01;1041.67;931.01;2547.36;1458.68;1888.02;2030.00;2513.35;2470.00;1154.01;1154.01;1154.01;550.00;540.00;0.00;930.00;0.00;310.00;640.00;0.00;0.00;0.00;0.00;0.00
1762816370.865365;0.00;578.68;0.00;0.00;0.00;0.00;0.00;289.34;0.00;578.68;0.00;434.01;0.00;963.35;0.00;289.34;0.00;529.34;0.00;820.35;1440.00;0.00;0.00;1154.01;1041.67;931.01;2547.36;1458.68;1888.02;2030.00;2513.35;2470.00;1154.01;1154.01;1154.01;550.00;540.00;0.00;930.00;0.00;310.00;640.00;0.00;0.00;0.00;0.00;0.00
1762816375.7975783;0.00;578.68;0.00;0.00;0.00;0.00;0.00;289.34;0.00;578.68;0.00;434.01;0.00;818.68;0.00;434.01;0.00;529.34;0.00;820.35;1440.00;0.00;0.00;994.01;1041.67;931.01;2547.36;1458.68;2412.69;2030.00;2513.35;2160.00;994.01;994.01;994.01;550.00;540.00;0.00;930.00;0.00;310.00;640.00;0.00;0.00;0.00;0.00;0.00
1762816375.7980905;0.00;578.68;0.00;0.00;0.00;0.00;0.00;289.34;0.00;578.68;0.00;434.01;0.00;818.68;0.00;434.01;0.00;529.34;0.00;820.35;1440.00;0.00;0.00;994.01;1041.67;931.01;2547.36;1458.68;2412.69;2030.00;2513.35;2160.00;994.01;994.01;994.01;550.00;540.00;0.00;930.00;0.00;310.00;640.00;0.00;0.00;0.00;0.00;0.00
1762816380.8154662;0.00;578.68;0.00;0.00;0.00;0.00;0.00;386.34;0.00;434.01;0.00;0.00;0.00;818.68;0.00;289.34;0.00;0.00;0.00;820.35;1440.00;0.00;0.00;834.01;737.00;546.34;1578.68;1138.68;1878.02;1870.00;2433.35;1770.00;834.01;834.01;834.01;550.00;540.00;0.00;930.00;0.00;310.00;640.00;0.00;0.00;0.00;0.00;0.00
1762816380.8159978;0.00;578.68;0.00;0.00;0.00;0.00;0.00;386.34;0.00;434.01;0.00;0.00;0.00;818.68;0.00;289.34;0.00;0.00;0.00;820.35;1440.00;0.00;0.00;834.01;737.00;546.34;1578.68;1138.68;1878.02;1870.00;2433.35;1770.00;834.01;834.01;834.01;550.00;540.00;0.00;930.00;0.00;310.00;640.00;0.00;0.00;0.00;0.00;0.00
1762816380.8562715;0.00;578.68;0.00;0.00;0.00;0.00;0.00;386.34;0.00;434.01;0.00;0.00;0.00;818.68;0.00;289.34;0.00;97.00;0.00;820.35;1440.00;0.00;0.00;834.01;834.00;546.34;1578.68;1138.68;1878.02;1870.00;2433.35;1770.00;834.01;834.01;834.01;550.00;540.00;0.00;930.00;0.00;310.00;640.00;0.00;0.00;0.00;0.00;0.00
1762816380.8571198;0.00;578.68;0.00;0.00;0.00;0.00;0.00;386.34;0.00;434.01;0.00;0.00;0.00;818.68;0.00;289.34;0.00;97.00;0.00;820.35;1440.00;0.00;0.00;834.01;834.00;546.34;1578.68;1138.68;1878.02;1870.00;2433.35;1770.00;834.01;834.01;834.01;550.00;540.00;0.00;930.00;0.00;310.00;640.00;0.00;0.00;0.00;0.00;0.00
1762816384.5749102;0.00;578.68;144.67;0.00;0.00;0.00;0.00;386.34;0.00;434.01;0.00;0.00;0.00;818.68;0.00;289.34;0.00;97.00;0.00;820.35;1440.00;0.00;0.00;834.01;834.00;546.34;1578.68;1218.68;1958.02;1870.00;2433.35;1770.00;834.01;834.01;834.01;550.00;540.00;0.00;930.00;0.00;310.00;640.00;0.00;0.00;0.00;0.00;0.00
1762816384.5757487;0.00;578.68;144.67;0.00;0.00;0.00;0.00;386.34;0.00;434.01;0.00;0.00;0.00;818.68;0.00;289.34;0.00;97.00;0.00;820.35;1440.00;0.00;0.00;834.01;834.00;546.34;1578.68;1218.68;1958.02;1870.00;2433.35;1770.00;834.01;834.01;834.01;550.00;540.00;0.00;930.00;0.00;310.00;640.00;0.00;0.00;0.00;0.00;0.00
1762816384.6216524;0.00;578.68;289.34;0.00;0.00;0.00;0.00;386.34;0.00;434.01;0.00;0.00;0.00;818.68;0.00;289.34;0.00;97.00;0.00;820.35;1440.00;0.00;0.00;834.01;834.00;546.34;1578.68;1298.68;2348.02;1870.00;2433.35;1770.00;834.01;834.01;834.01;550.00;540.00;0.00;930.00;0.00;310.00;640.00;0.00;0.00;0.00;0.00;0.00
1762816384.6224887;0.00;578.68;289.34;0.00;0.00;0.00;0.00;386.34;0.00;434.01;0.00;0.00;0.00;818.68;0.00;289.34;0.00;97.00;0.00;820.35;1440.00;0.00;0.00;834.01;834.00;546.34;1578.68;1298.68;2348.02;1870.00;2433.35;1770.00;834.01;834.01;834.01;550.00;540.00;0.00;930.00;0.00;310.00;640.00;0.00;0.00;0.00;0.00;0.00
1762816384.8051302;0.00;578.68;434.01;0.00;0.00;0.00;0.00;386.34;0.00;434.01;0.00;0.00;0.00;818.68;0.00;289.34;0.00;97.00;0.00;820.35;1440.00;0.00;0.00;834.01;834.00;546.34;1578.68;1538.68;2588.02;1870.00;2433.35;1770.00;834.01;834.01;834.01;550.00;540.00;0.00;930.00;0.00;310.00;640.00;0.00;0.00;0.00;0.00;0.00
1762816384.8060017;0.00;578.68;434.01;0.00;0.00;0.00;0.00;386.34;0.00;434.01;0.00;0.00;0.00;818.68;0.00;289.34;0.00;97.00;0.00;820.35;1440.00;0.00;0.00;834.01;834.00;546.34;1578.68;1538.68;2588.02;1870.00;2433.35;1770.00;834.01;834.01;834.01;550.00;540.00;0.00;930.00;0.00;310.00;640.00;0.00;0.00;0.00;0.00;0.00
1762816384.8537226;0.00;578.68;578.68;0.00;0.00;0.00;0.00;386.34;0.00;434.01;0.00;0.00;0.00;818.68;0.00;289.34;0.00;97.00;0.00;820.35;1440.00;0.00;0.00;834.01;834.00;546.34;1578.68;1778.68;2828.02;1870.00;2433.35;1770.00;834.01;834.01;834.01;550.00;540.00;0.00;930.00;0.00;310.00;640.00;0.00;0.00;0.00;0.00;0.00
1762816384.8545752;0.00;578.68;578.68;0.00;0.00;0.00;0.00;386.34;0.00;434.01;0.00;0.00;0.00;818.68;0.00;289.34;0.00;97.00;0.00;820.35;1440.00;0.00;0.00;834.01;834.00;546.34;1578.68;1778.68;2828.02;1870.00;2433.35;1770.00;834.01;834.01;834.01;550.00;540.00;0.00;930.00;0.00;310.00;640.00;0.00;0.00;0.00;0.00;0.00
1762816384.9046519;0.00;578.68;723.35;0.00;0.00;0.00;0.00;386.34;0.00;434.01;0.00;0.00;0.00;818.68;0.00;289.34;0.00;97.00;0.00;820.35;1440.00;0.00;0.00;834.01;834.00;546.34;1578.68;1858.68;2908.02;1934.67;2593.35;1920.00;834.01;834.01;834.01;550.00;540.00;0.00;930.00;0.00;310.00;640.00;0.00;0.00;0.00;0.00;0.00
1762816384.905527;0.00;578.68;723.35;0.00;0.00;0.00;0.00;386.34;0.00;434.01;0.00;0.00;0.00;818.68;0.00;289.34;0.00;97.00;0.00;820.35;1440.00;0.00;0.00;834.01;834.00;546.34;1578.68;1858.68;2908.02;1934.67;2593.35;1920.00;834.01;834.01;834.01;550.00;540.00;0.00;930.00;0.00;310.00;640.00;0.00;0.00;0.00;0.00;0.00
1762816384.953641;0.00;578.68;963.35;0.00;0.00;0.00;0.00;386.34;0.00;434.01;0.00;0.00;0.00;818.68;0.00;289.34;0.00;97.00;0.00;820.35;1440.00;0.00;0.00;834.01;834.00;546.34;1578.68;1938.68;2988.02;1934.67;2593.35;1920.00;834.01;834.01;834.01;860.00;540.00;0.00;930.00;0.00;310.00;640.00;0.00;0.00;0.00;0.00;0.00
1762816384.9545252;0.00;578.68;963.35;0.00;0.00;0.00;0.00;386.34;0.00;434.01;0.00;0.00;0.00;818.68;0.00;289.34;0.00;97.00;0.00;820.35;1440.00;0.00;0.00;834.01;834.00;546.34;1578.68;1938.68;2988.02;1934.67;2593.35;1920.00;834.01;834.01;834.01;860.00;540.00;0.00;930.00;0.00;310.00;640.00;0.00;0.00;0.00;0.00;0.00
1762816385.8342085;0.00;578.68;963.35;0.00;0.00;0.00;0.00;386.34;0.00;144.67;0.00;0.00;0.00;434.01;0.00;434.01;0.00;97.00;0.00;820.35;1440.00;0.00;0.00;834.01;449.33;161.67;968.68;2003.35;3068.02;1854.67;2384.01;1530.00;834.01;834.01;834.01;860.00;0.00;0.00;930.00;0.00;0.00;320.00;0.00;0.00;0.00;0.00;0.00
1762816385.8350632;0.00;578.68;963.35;0.00;0.00;0.00;0.00;386.34;0.00;144.67;0.00;0.00;0.00;434.01;0.00;434.01;0.00;97.00;0.00;820.35;1440.00;0.00;0.00;834.01;449.33;161.67;968.68;2003.35;3068.02;1854.67;2384.01;1530.00;834.01;834.01;834.01;860.00;0.00;0.00;930.00;0.00;0.00;320.00;0.00;0.00;0.00;0.00;0.00
1762816385.8690882;0.00;578.68;963.35;0.00;0.00;0.00;0.00;386.34;0.00;144.67;0.00;0.00;0.00;434.01;0.00;578.68;0.00;97.00;0.00;820.35;1440.00;0.00;0.00;834.01;609.33;321.67;1128.68;2148.02;3068.02;1854.67;2384.01;1530.00;834.01;834.01;834.01;860.00;0.00;0.00;930.00;0.00;0.00;640.00;0.00;0.00;0.00;0.00;0.00
1762816385.869954;0.00;578.68;963.35;0.00;0.00;0.00;0.00;386.34;0.00;144.67;0.00;0.00;0.00;434.01;0.00;578.68;0.00;97.00;0.00;820.35;1440.00;0.00;0.00;834.01;609.33;321.67;1128.68;2148.02;3068.02;1854.67;2384.01;1530.00;834.01;834.01;834.01;860.00;0.00;0.00;930.00;0.00;0.00;640.00;0.00;0.00;0.00;0.00;0.00
1762816385.9133253;0.00;578.68;963.35;0.00;0.00;0.00;0.00;386.34;144.67;144.67;0.00;0.00;0.00;434.01;0.00;578.68;0.00;97.00;0.00;820.35;1440.00;0.00;0.00;834.01;609.33;321.67;1128.68;2148.02;3068.02;1854.67;2528.68;1760.00;834.01;834.01;834.01;860.00;0.00;0.00;930.00;0.00;0.00;640.00;0.00;0.00;0.00;0.00;0.00
1762816385.91412;0.00;578.68;963.35;0.00;0.00;0.00;0.00;386.34;144.67;144.67;0.00;0.00;0.00;434.01;0.00;578.68;0.00;97.00;0.00;820.35;1440.00;0.00;0.00;834.01;609.33;321.67;1128.68;2148.02;3068.02;1854.67;2528.68;1760.00;834.01;834.01;834.01;860.00;0.00;0.00;930.00;0.00;0.00;640.00;0.00;0.00;0.00;0.00;0.00
1762816385.9580076;0.00;578.68;963.35;0.00;0.00;0.00;0.00;531.01;144.67;144.67;0.00;0.00;0.00;434.01;0.00;578.68;0.00;97.00;0.00;820.35;1440.00;0.00;0.00;834.01;609.33;321.67;1128.68;2148.02;3068.02;1854.67;2673.35;2060.00;834.01;834.01;834.01;860.00;0.00;0.00;930.00;0.00;0.00;640.00;0.00;0.00;0.00;0.00;0.00
1762816385.9588292;0.00;578.68;963.35;0.00;0.00;0.00;0.00;531.01;144.67;144.67;0.00;0.00;0.00;434.01;0.00;578.68;0.00;97.00;0.00;820.35;1440.00;0.00;0.00;834.01;609.33;321.67;1128.68;2148.02;3068.02;1854.67;2673.35;2060.00;834.01;834.01;834.01;860.00;0.00;0.00;930.00;0.00;0.00;640.00;0.00;0.00;0.00;0.00;0.00
1762816395.8464265;0.00;578.68;963.35;0.00;0.00;0.00;0.00;531.01;144.67;144.67;0.00;0.00;0.00;434.01;0.00;434.01;0.00;241.67;0.00;820.35;1440.00;0.00;0.00;834.01;754.00;321.67;1128.68;2148.02;2543.35;1854.67;2673.35;2060.00;834.01;834.01;834.01;860.00;0.00;0.00;930.00;0.00;0.00;640.00;0.00;0.00;0.00;0.00;0.00
1762816395.8472764;0.00;578.68;963.35;0.00;0.00;0.00;0.00;531.01;144.67;144.67;0.00;0.00;0.00;434.01;0.00;434.01;0.00;241.67;0.00;820.35;1440.00;0.00;0.00;834.01;754.00;321.67;1128.68;2148.02;2543.35;1854.67;2673.35;2060.00;834.01;834.01;834.01;860.00;0.00;0.00;930.00;0.00;0.00;640.00;0.00;0.00;0.00;0.00;0.00
1762816403.5901875;0.00;578.68;963.35;0.00;0.00;0.00;0.00;531.01;384.67;144.67;0.00;0.00;0.00;434.01;0.00;434.01;0.00;241.67;0.00;820.35;1440.00;0.00;0.00;834.01;754.00;321.67;1448.68;2468.02;2853.35;2014.67;2753.35;2140.00;834.01;834.01;834.01;860.00;230.00;0.00;930.00;320.00;0.00;640.00;0.00;0.00;0.00;0.00;0.00
1762816403.5910451;0.00;578.68;963.35;0.00;0.00;0.00;0.00;531.01;384.67;144.67;0.00;0.00;0.00;434.01;0.00;434.01;0.00;241.67;0.00;820.35;1440.00;0.00;0.00;834.01;754.00;321.67;1448.68;2468.02;2853.35;2014.67;2753.35;2140.00;834.01;834.01;834.01;860.00;230.00;0.00;930.00;320.00;0.00;640.00;0.00;0.00;0.00;0.00;0.00
1762816403.642445;0.00;578.68;963.35;0.00;0.00;0.00;0.00;531.01;624.67;144.67;0.00;0.00;0.00;434.01;0.00;434.01;0.00;241.67;0.00;820.35;1440.00;0.00;0.00;834.01;754.00;321.67;1448.68;2618.02;3013.35;2174.67;2833.35;2290.00;834.01;834.01;834.01;1180.00;230.00;230.00;930.00;320.00;0.00;640.00;0.00;0.00;0.00;0.00;0.00
1762816403.6432962;0.00;578.68;963.35;0.00;0.00;0.00;0.00;531.01;624.67;144.67;0.00;0.00;0.00;434.01;0.00;434.01;0.00;241.67;0.00;820.35;1440.00;0.00;0.00;834.01;754.00;321.67;1448.68;2618.02;3013.35;2174.67;2833.35;2290.00;834.01;834.01;834.01;1180.00;230.00;230.00;930.00;320.00;0.00;640.00;0.00;0.00;0.00;0.00;0.00
1762816403.690381;0.00;578.68;963.35;0.00;0.00;0.00;0.00;531.01;864.67;144.67;0.00;0.00;0.00;434.01;0.00;434.01;0.00;241.67;0.00;820.35;1440.00;0.00;0.00;834.01;754.00;321.67;1448.68;2618.02;3013.35;2174.67;3073.35;2530.00;834.01;834.01;834.01;1180.00;770.00;230.00;930.00;320.00;0.00;640.00;0.00;0.00;0.00;0.00;0.00
1762816403.6911967;0.00;578.68;963.35;0.00;0.00;0.00;0.00;531.01;864.67;144.67;0.00;0.00;0.00;434.01;0.00;434.01;0.00;241.67;0.00;820.35;1440.00;0.00;0.00;834.01;754.00;321.67;1448.68;2618.02;3013.35;2174.67;3073.35;2530.00;834.01;834.01;834.01;1180.00;770.00;230.00;930.00;320.00;0.00;640.00;0.00;0.00;0.00;0.00;0.00
1762816403.73155;0.00;578.68;963.35;0.00;0.00;0.00;0.00;531.01;1104.67;144.67;0.00;0.00;0.00;434.01;0.00;434.01;0.00;241.67;0.00;820.35;1440.00;0.00;0.00;834.01;754.00;321.67;1448.68;2618.02;3013.35;2174.67;3313.35;2770.00;1154.01;1154.01;834.01;1180.00;1310.00;230.00;930.00;320.00;0.00;640.00;0.00;0.00;0.00;320.00;0.00
1762816403.7324224;0.00;578.68;963.35;0.00;0.00;0.00;0.00;531.01;1104.67;144.67;0.00;0.00;0.00;434.01;0.00;434.01;0.00;241.67;0.00;820.35;1440.00;0.00;0.00;834.01;754.00;321.67;1448.68;2618.02;3013.35;2174.67;3313.35;2770.00;1154.01;1154.01;834.01;1180.00;1310.00;230.00;930.00;320.00;0.00;640.00;0.00;0.00;0.00;320.00;0.00
1762816403.9251404;0.00;578.68;963.35;0.00;0.00;0.00;0.00;531.01;1344.67;144.67;0.00;0.00;0.00;434.01;0.00;434.01;0.00;241.67;0.00;820.35;1440.00;0.00;0.00;834.01;754.00;321.67;1448.68;2768.02;3173.35;2334.67;3393.35;2920.00;1154.01;1154.01;834.01;1500.00;1310.00;460.00;930.00;320.00;0.00;640.00;310.00;0.00;0.00;320.00;0.00
1762816403.9260297;0.00;578.68;963.35;0.00;0.00;0.00;0.00;531.01;1344.67;144.67;0.00;0.00;0.00;434.01;0.00;434.01;0.00;241.67;0.00;820.35;1440.00;0.00;0.00;834.01;754.00;321.67;1448.68;2768.02;3173.35;2334.67;3393.35;2920.00;1154.01;1154.01;834.01;1500.00;1310.00;460.00;930.00;320.00;0.00;640.00;310.00;0.00;0.00;320.00;0.00
1762816403.974173;0.00;578.68;963.35;0.00;0.00;0.00;0.00;531.01;1584.67;144.67;0.00;0.00;0.00;434.01;0.00;434.01;0.00;241.67;0.00;820.35;1440.00;0.00;0.00;834.01;754.00;321.67;1448.68;2768.02;3173.35;2334.67;3633.35;3230.00;1154.01;1154.01;834.01;1500.00;1620.00;1010.00;930.00;320.00;0.00;640.00;310.00;0.00;0.00;320.00;0.00
1762816403.975012;0.00;578.68;963.35;0.00;0.00;0.00;0.00;531.01;1584.67;144.67;0.00;0.00;0.00;434.01;0.00;434.01;0.00;241.67;0.00;820.35;1440.00;0.00;0.00;834.01;754.00;321.67;1448.68;2768.02;3173.35;2334.67;3633.35;3230.00;1154.01;1154.01;834.01;1500.00;1620.00;1010.00;930.00;320.00;0.00;640.00;310.00;0.00;0.00;320.00;0.00
1762816420.876576;0.00;0.00;963.35;0.00;0.00;0.00;0.00;531.01;1584.67;0.00;0.00;0.00;0.00;434.01;0.00;434.01;0.00;0.00;0.00;820.35;1584.67;0.00;0.00;834.01;512.33;321.67;1448.68;2768.02;3173.35;2574.67;2679.34;2930.00;1154.01;1154.01;834.01;1500.00;1620.00;1010.00;0.00;320.00;0.00;640.00;310.00;0.00;0.00;320.00;0.00
1762816420.8774486;0.00;0.00;963.35;0.00;0.00;0.00;0.00;531.01;1584.67;0.00;0.00;0.00;0.00;434.01;0.00;434.01;0.00;0.00;0.00;820.35;1584.67;0.00;0.00;834.01;512.33;321.67;1448.68;2768.02;3173.35;2574.67;2679.34;2930.00;1154.01;1154.01;834.01;1500.00;1620.00;1010.00;0.00;320.00;0.00;640.00;310.00;0.00;0.00;320.00;0.00
1762816425.8624365;0.00;0.00;963.35;0.00;0.00;0.00;0.00;531.01;1584.67;0.00;0.00;0.00;0.00;434.01;0.00;289.34;97.00;0.00;0.00;0.00;1584.67;0.00;0.00;434.01;160.00;160.00;790.00;2109.34;2397.00;1564.67;2439.34;2620.00;754.01;754.01;434.01;1500.00;1620.00;1010.00;0.00;320.00;0.00;320.00;310.00;0.00;0.00;320.00;0.00
1762816425.8629832;0.00;0.00;963.35;0.00;0.00;0.00;0.00;531.01;1584.67;0.00;0.00;0.00;0.00;434.01;0.00;289.34;97.00;0.00;0.00;0.00;1584.67;0.00;0.00;434.01;160.00;160.00;790.00;2109.34;2397.00;1564.67;2439.34;2620.00;754.01;754.01;434.01;1500.00;1620.00;1010.00;0.00;320.00;0.00;320.00;310.00;0.00;0.00;320.00;0.00
1762816426.6008136;0.00;0.00;963.35;0.00;0.00;0.00;0.00;531.01;1584.67;0.00;0.00;97.00;0.00;434.01;0.00;289.34;97.00;0.00;0.00;0.00;1584.67;0.00;0.00;434.01;224.67;224.67;822.33;2141.67;2477.00;1644.67;2439.34;2620.00;754.01;754.01;434.01;1500.00;1620.00;1010.00;0.00;320.00;0.00;320.00;310.00;0.00;0.00;320.00;0.00
1762816426.6016564;0.00;0.00;963.35;0.00;0.00;0.00;0.00;531.01;1584.67;0.00;0.00;97.00;0.00;434.01;0.00;289.34;97.00;0.00;0.00;0.00;1584.67;0.00;0.00;434.01;224.67;224.67;822.33;2141.67;2477.00;1644.67;2439.34;2620.00;754.01;754.01;434.01;1500.00;1620.00;1010.00;0.00;320.00;0.00;320.00;310.00;0.00;0.00;320.00;0.00
1762816426.650692;0.00;0.00;963.35;0.00;0.00;0.00;0.00;531.01;1584.67;0.00;0.00;241.67;0.00;434.01;0.00;289.34;97.00;0.00;0.00;0.00;1584.67;0.00;0.00;434.01;464.67;464.67;822.33;2141.67;2477.00;1644.67;2439.34;2620.00;754.01;754.01;434.01;1500.00;1620.00;1010.00;0.00;320.00;0.00;320.00;310.00;0.00;0.00;320.00;0.00
1762816426.651523;0.00;0.00;963.35;0.00;0.00;0.00;0.00;531.01;1584.67;0.00;0.00;241.67;0.00;434.01;0.00;289.34;97.00;0.00;0.00;0.00;1584.67;0.00;0.00;434.01;464.67;464.67;822.33;2141.67;2477.00;1644.67;2439.34;2620.00;754.01;754.01;434.01;1500.00;1620.00;1010.00;0.00;320.00;0.00;320.00;310.00;0.00;0.00;320.00;0.00
1762816426.7022495;0.00;0.00;963.35;0.00;0.00;0.00;0.00;531.01;1584.67;0.00;0.00;386.34;0.00;434.01;0.00;289.34;97.00;0.00;0.00;0.00;1584.67;0.00;0.00;594.01;609.34;609.34;822.33;2141.67;2477.00;1644.67;2439.34;2620.00;914.01;914.01;594.01;1500.00;1620.00;1010.00;0.00;320.00;0.00;320.00;310.00;0.00;0.00;320.00;0.00
1762816426.7031114;0.00;0.00;963.35;0.00;0.00;0.00;0.00;531.01;1584.67;0.00;0.00;386.34;0.00;434.01;0.00;289.34;97.00;0.00;0.00;0.00;1584.67;0.00;0.00;594.01;609.34;609.34;822.33;2141.67;2477.00;1644.67;2439.34;2620.00;914.01;914.01;594.01;1500.00;1620.00;1010.00;0.00;320.00;0.00;320.00;310.00;0.00;0.00;320.00;0.00
1762816426.7522547;0.00;0.00;963.35;0.00;0.00;0.00;0.00;531.01;1584.67;0.00;0.00;531.01;0.00;434.01;0.00;289.34;97.00;0.00;0.00;0.00;1584.67;0.00;0.00;594.01;689.34;689.34;887.00;2206.34;2541.67;1709.34;2504.01;2684.67;914.01;914.01;594.01;1500.00;1844.67;1010.00;0.00;320.00;0.00;320.00;310.00;0.00;0.00;320.00;0.00
1762816426.7530806;0.00;0.00;963.35;0.00;0.00;0.00;0.00;531.01;1584.67;0.00;0.00;531.01;0.00;434.01;0.00;289.34;97.00;0.00;0.00;0.00;1584.67;0.00;0.00;594.01;689.34;689.34;887.00;2206.34;2541.67;1709.34;2504.01;2684.67;914.01;914.01;594.01;1500.00;1844.67;1010.00;0.00;320.00;0.00;320.00;310.00;0.00;0.00;320.00;0.00
1762816426.8007817;0.00;0.00;963.35;0.00;0.00;0.00;0.00;531.01;1584.67;0.00;0.00;675.68;0.00;434.01;0.00;289.34;97.00;0.00;0.00;0.00;1584.67;0.00;0.00;754.01;834.01;834.01;887.00;2206.34;2541.67;1709.34;2504.01;2994.67;1074.01;1074.01;754.01;1500.00;1844.67;1010.00;0.00;320.00;0.00;320.00;310.00;0.00;320.00;320.00;0.00
1762816426.8016608;0.00;0.00;963.35;0.00;0.00;0.00;0.00;531.01;1584.67;0.00;0.00;675.68;0.00;434.01;0.00;289.34;97.00;0.00;0.00;0.00;1584.67;0.00;0.00;754.01;834.01;834.01;887.00;2206.34;2541.67;1709.34;2504.01;2994.67;1074.01;1074.01;754.01;1500.00;1844.67;1010.00;0.00;320.00;0.00;320.00;310.00;0.00;320.00;320.00;0.00
1762816426.8546357;0.00;0.00;963.35;0.00;0.00;0.00;0.00;531.01;1584.67;0.00;0.00;820.35;0.00;434.01;0.00;289.34;97.00;0.00;0.00;0.00;1584.67;0.00;0.00;754.01;994.01;994.01;1037.00;2206.34;2541.67;1709.34;2504.01;2994.67;1074.01;1074.01;754.01;1500.00;1844.67;1010.00;0.00;320.00;0.00;630.00;310.00;0.00;320.00;320.00;0.00
1762816426.8555365;0.00;0.00;963.35;0.00;0.00;0.00;0.00;531.01;1584.67;0.00;0.00;820.35;0.00;434.01;0.00;289.34;97.00;0.00;0.00;0.00;1584.67;0.00;0.00;754.01;994.01;994.01;1037.00;2206.34;2541.67;1709.34;2504.01;2994.67;1074.01;1074.01;754.01;1500.00;1844.67;1010.00;0.00;320.00;0.00;630.00;310.00;0.00;320.00;320.00;0.00
1762816430.8943763;0.00;0.00;963.35;0.00;0.00;0.00;0.00;531.01;1440.00;144.67;0.00;820.35;0.00;434.01;0.00;289.34;97.00;0.00;0.00;0.00;1584.67;0.00;0.00;754.01;994.01;994.01;1037.00;2206.34;2541.67;1709.34;2359.34;2764.67;1074.01;1074.01;754.01;1500.00;1844.67;1010.00;230.00;320.00;0.00;630.00;310.00;0.00;320.00;320.00;0.00
1762816430.8952515;0.00;0.00;963.35;0.00;0.00;0.00;0.00;531.01;1440.00;144.67;0.00;820.35;0.00;434.01;0.00;289.34;97.00;0.00;0.00;0.00;1584.67;0.00;0.00;754.01;994.01;994.01;1037.00;2206.34;2541.67;1709.34;2359.34;2764.67;1074.01;1074.01;754.01;1500.00;1844.67;1010.00;230.00;320.00;0.00;630.00;310.00;0.00;320.00;320.00;0.00
1762816439.6126218;0.00;0.00;963.35;0.00;0.00;0.00;144.67;531.01;1440.00;144.67;0.00;820.35;0.00;434.01;0.00;289.34;97.00;0.00;0.00;0.00;1584.67;0.00;0.00;754.01;994.01;994.01;1037.00;2206.34;2541.67;1709.34;2424.01;2844.67;1074.01;1074.01;754.01;1500.00;1844.67;1010.00;230.00;320.00;0.00;630.00;310.00;0.00;320.00;320.00;0.00
1762816439.6135178;0.00;0.00;963.35;0.00;0.00;0.00;144.67;531.01;1440.00;144.67;0.00;820.35;0.00;434.01;0.00;289.34;97.00;0.00;0.00;0.00;1584.67;0.00;0.00;754.01;994.01;994.01;1037.00;2206.34;2541.67;1709.34;2424.01;2844.67;1074.01;1074.01;754.01;1500.00;1844.67;1010.00;230.00;320.00;0.00;630.00;310.00;0.00;320.00;320.00;0.00
1762816439.8010302;0.00;0.00;963.35;0.00;0.00;0.00;384.67;531.01;1440.00;144.67;0.00;820.35;0.00;434.01;0.00;289.34;97.00;0.00;0.00;0.00;1584.67;0.00;0.00;754.01;994.01;994.01;1037.00;2206.34;2541.67;1709.34;2584.01;2924.67;1074.01;1074.01;754.01;1500.00;1844.67;1010.00;230.00;320.00;0.00;630.00;310.00;0.00;320.00;320.00;0.00
1762816439.8019047;0.00;0.00;963.35;0.00;0.00;0.00;384.67;531.01;1440.00;144.67;0.00;820.35;0.00;434.01;0.00;289.34;97.00;0.00;0.00;0.00;1584.67;0.00;0.00;754.01;994.01;994.01;1037.00;2206.34;2541.67;1709.34;2584.01;2924.67;1074.01;1074.01;754.01;1500.00;1844.67;1010.00;230.00;320.00;0.00;630.00;310.00;0.00;320.00;320.00;0.00
1762816439.854693;0.00;0.00;963.35;0.00;0.00;0.00;624.67;531.01;1440.00;144.67;0.00;820.35;0.00;434.01;0.00;289.34;97.00;0.00;0.00;0.00;1584.67;0.00;0.00;754.01;994.01;994.01;1037.00;2206.34;2541.67;1709.34;2744.01;3004.67;1074.01;1074.01;754.01;1500.00;1844.67;1010.00;540.00;320.00;0.00;630.00;310.00;0.00;320.00;320.00;0.00
1762816439.855526;0.00;0.00;963.35;0.00;0.00;0.00;624.67;531.01;1440.00;144.67;0.00;820.35;0.00;434.01;0.00;289.34;97.00;0.00;0.00;0.00;1584.67;0.00;0.00;754.01;994.01;994.01;1037.00;2206.34;2541.67;1709.34;2744.01;3004.67;1074.01;1074.01;754.01;1500.00;1844.67;1010.00;540.00;320.00;0.00;630.00;310.00;0.00;320.00;320.00;0.00
1762816439.9087553;0.00;0.00;963.35;0.00;0.00;0.00;864.67;531.01;1440.00;144.67;0.00;820.35;0.00;434.01;0.00;289.34;97.00;0.00;0.00;0.00;1584.67;0.00;0.00;754.01;994.01;994.01;1037.00;2206.34;2541.67;1869.34;2904.01;3084.67;1074.01;1074.01;754.01;1500.00;1844.67;1010.00;540.00;320.00;0.00;630.00;310.00;0.00;320.00;320.00;0.00
1762816439.9096384;0.00;0.00;963.35;0.00;0.00;0.00;864.67;531.01;1440.00;144.67;0.00;820.35;0.00;434.01;0.00;289.34;97.00;0.00;0.00;0.00;1584.67;0.00;0.00;754.01;994.01;994.01;1037.00;2206.34;2541.67;1869.34;2904.01;3084.67;1074.01;1074.01;754.01;1500.00;1844.67;1010.00;540.00;320.00;0.00;630.00;310.00;0.00;320.00;320.00;0.00
1762816439.964651;0.00;0.00;963.35;0.00;0.00;0.00;1104.67;531.01;1440.00;144.67;0.00;820.35;0.00;434.01;0.00;289.34;97.00;0.00;0.00;0.00;1584.67;0.00;0.00;754.01;994.01;994.01;1037.00;2206.34;2541.67;1869.34;3064.01;3164.67;1074.01;1074.01;754.01;1500.00;1844.67;1010.00;850.00;320.00;0.00;630.00;310.00;0.00;320.00;320.00;0.00
1762816439.9655068;0.00;0.00;963.35;0.00;0.00;0.00;1104.67;531.01;1440.00;144.67;0.00;820.35;0.00;434.01;0.00;289.34;97.00;0.00;0.00;0.00;1584.67;0.00;0.00;754.01;994.01;994.01;1037.00;2206.34;2541.67;1869.34;3064.01;3164.67;1074.01;1074.01;754.01;1500.00;1844.67;1010.00;850.00;320.00;0.00;630.00;310.00;0.00;320.00;320.00;0.00
1762816440.0205536;0.00;0.00;963.35;0.00;0.00;0.00;1344.67;531.01;1440.00;144.67;0.00;820.35;0.00;434.01;0.00;289.34;97.00;0.00;0.00;0.00;1584.67;0.00;0.00;754.01;994.01;994.01;1037.00;2206.34;2541.67;1869.34;3224.01;3244.67;1074.01;1074.01;754.01;1500.00;1844.67;1010.00;1160.00;320.00;0.00;630.00;310.00;0.00;320.00;320.00;0.00
1762816440.0214376;0.00;0.00;963.35;0.00;0.00;0.00;1344.67;531.01;1440.00;144.67;0.00;820.35;0.00;434.01;0.00;289.34;97.00;0.00;0.00;0.00;1584.67;0.00;0.00;754.01;994.01;994.01;1037.00;2206.34;2541.67;1869.34;3224.01;3244.67;1074.01;1074.01;754.01;1500.00;1844.67;1010.00;1160.00;320.00;0.00;630.00;310.00;0.00;320.00;320.00;0.00
1762816440.9067738;0.00;0.00;963.35;0.00;0.00;0.00;1344.67;531.01;1440.00;144.67;0.00;820.35;0.00;434.01;240.00;0.00;97.00;0.00;0.00;0.00;1584.67;0.00;0.00;754.01;834.01;834.01;877.00;1997.00;2701.67;1869.34;3224.01;3244.67;1074.01;1074.01;754.01;1500.00;1844.67;1010.00;1160.00;320.00;0.00;310.00;310.00;0.00;320.00;320.00;0.00
1762816440.907645;0.00;0.00;963.35;0.00;0.00;0.00;1344.67;531.01;1440.00;144.67;0.00;820.35;0.00;434.01;240.00;0.00;97.00;0.00;0.00;0.00;1584.67;0.00;0.00;754.01;834.01;834.01;877.00;1997.00;2701.67;1869.34;3224.01;3244.67;1074.01;1074.01;754.01;1500.00;1844.67;1010.00;1160.00;320.00;0.00;310.00;310.00;0.00;320.00;320.00;0.00
1762816440.9537613;0.00;0.00;963.35;0.00;0.00;0.00;1344.67;531.01;1440.00;144.67;0.00;820.35;0.00;434.01;480.00;0.00;97.00;0.00;0.00;0.00;1584.67;0.00;0.00;754.01;834.01;834.01;877.00;2157.00;3101.67;1869.34;3224.01;3244.67;1074.01;1074.01;754.01;1500.00;1844.67;1010.00;1160.00;320.00;0.00;310.00;310.00;0.00;320.00;320.00;0.00
1762816440.954561;0.00;0.00;963.35;0.00;0.00;0.00;1344.67;531.01;1440.00;144.67;0.00;820.35;0.00;434.01;480.00;0.00;97.00;0.00;0.00;0.00;1584.67;0.00;0.00;754.01;834.01;834.01;877.00;2157.00;3101.67;1869.34;3224.01;3244.67;1074.01;1074.01;754.01;1500.00;1844.67;1010.00;1160.00;320.00;0.00;310.00;310.00;0.00;320.00;320.00;0.00
1762816445.9103675;0.00;0.00;1203.35;0.00;0.00;0.00;1344.67;386.34;1440.00;144.67;0.00;820.35;0.00;289.34;480.00;0.00;97.00;0.00;0.00;0.00;1344.67;0.00;0.00;609.34;834.01;834.01;877.00;2307.00;3181.67;1869.34;3064.01;3084.67;929.34;929.34;609.34;1500.00;1844.67;1010.00;1160.00;320.00;0.00;310.00;310.00;0.00;320.00;320.00;0.00
1762816445.9109313;0.00;0.00;1203.35;0.00;0.00;0.00;1344.67;386.34;1440.00;144.67;0.00;820.35;0.00;289.34;480.00;0.00;97.00;0.00;0.00;0.00;1344.67;0.00;0.00;609.34;834.01;834.01;877.00;2307.00;3181.67;1869.34;3064.01;3084.67;929.34;929.34;609.34;1500.00;1844.67;1010.00;1160.00;320.00;0.00;310.00;310.00;0.00;320.00;320.00;0.00
1762816445.944228;0.00;0.00;1203.35;0.00;0.00;240.00;1344.67;386.34;1440.00;144.67;0.00;820.35;0.00;289.34;480.00;0.00;97.00;0.00;0.00;0.00;1344.67;0.00;0.00;609.34;834.01;834.01;877.00;2307.00;3181.67;1869.34;3064.01;3324.67;929.34;929.34;609.34;1500.00;1844.67;1010.00;1160.00;320.00;0.00;310.00;310.00;0.00;320.00;320.00;0.00
1762816445.9447203;0.00;0.00;1203.35;0.00;0.00;240.00;1344.67;386.34;1440.00;144.67;0.00;820.35;0.00;289.34;480.00;0.00;97.00;0.00;0.00;0.00;1344.67;0.00;0.00;609.34;834.01;834.01;877.00;2307.00;3181.67;1869.34;3064.01;3324.67;929.34;929.34;609.34;1500.00;1844.67;1010.00;1160.00;320.00;0.00;310.00;310.00;0.00;320.00;320.00;0.00
1762816445.991749;0.00;0.00;1203.35;0.00;0.00;240.00;1344.67;386.34;1440.00;144.67;0.00;820.35;0.00;289.34;480.00;0.00;97.00;0.00;0.00;0.00;1584.67;0.00;0.00;609.34;834.01;834.01;877.00;2307.00;3181.67;2109.34;3224.01;3484.67;929.34;929.34;609.34;1500.00;1844.67;1010.00;1160.00;320.00;0.00;310.00;310.00;0.00;320.00;320.00;0.00
1762816445.9926007;0.00;0.00;1203.35;0.00;0.00;240.00;1344.67;386.34;1440.00;144.67;0.00;820.35;0.00;289.34;480.00;0.00;97.00;0.00;0.00;0.00;1584.67;0.00;0.00;609.34;834.01;834.01;877.00;2307.00;3181.67;2109.34;3224.01;3484.67;929.34;929.34;609.34;1500.00;1844.67;1010.00;1160.00;320.00;0.00;310.00;310.00;0.00;320.00;320.00;0.00
1762816450.9313707;0.00;0.00;1203.35;0.00;0.00;480.00;1344.67;241.67;1440.00;144.67;0.00;820.35;0.00;144.67;480.00;0.00;97.00;0.00;0.00;0.00;1584.67;0.00;0.00;464.67;834.01;834.01;877.00;2307.00;3491.67;2269.34;2994.01;3404.67;784.67;784.67;464.67;1500.00;1844.67;1010.00;1160.00;320.00;0.00;310.00;620.00;0.00;320.00;320.00;0.00
1762816450.932257;0.00;0.00;1203.35;0.00;0.00;480.00;1344.67;241.67;1440.00;144.67;0.00;820.35;0.00;144.67;480.00;0.00;97.00;0.00;0.00;0.00;1584.67;0.00;0.00;464.67;834.01;834.01;877.00;2307.00;3491.67;2269.34;2994.01;3404.67;784.67;784.67;464.67;1500.00;1844.67;1010.00;1160.00;320.00;0.00;310.00;620.00;0.00;320.00;320.00;0.00
1762816451.126249;0.00;0.00;1203.35;0.00;0.00;480.00;1344.67;241.67;1440.00;144.67;0.00;820.35;0.00;144.67;480.00;0.00;97.00;0.00;0.00;0.00;1824.67;0.00;0.00;464.67;834.01;834.01;877.00;2547.00;3731.67;2269.34;2994.01;3404.67;784.67;784.67;464.67;1500.00;1844.67;1010.00;1160.00;320.00;0.00;310.00;620.00;0.00;320.00;320.00;0.00
1762816451.1271768;0.00;0.00;1203.35;0.00;0.00;480.00;1344.67;241.67;1440.00;144.67;0.00;820.35;0.00;144.67;480.00;0.00;97.00;0.00;0.00;0.00;1824.67;0.00;0.00;464.67;834.01;834.01;877.00;2547.00;3731.67;2269.34;2994.01;3404.67;784.67;784.67;464.67;1500.00;1844.67;1010.00;1160.00;320.00;0.00;310.00;620.00;0.00;320.00;320.00;0.00
1762816455.943202;0.00;0.00;1443.35;0.00;0.00;480.00;1344.67;241.67;1440.00;144.67;0.00;820.35;0.00;144.67;480.00;0.00;97.00;0.00;0.00;0.00;1584.67;0.00;0.00;464.67;834.01;834.01;877.00;2697.00;3811.67;2269.34;2994.01;3404.67;784.67;784.67;464.67;1500.00;1844.67;1010.00;1160.00;320.00;0.00;310.00;620.00;0.00;320.00;320.00;0.00
1762816455.9441328;0.00;0.00;1443.35;0.00;0.00;480.00;1344.67;241.67;1440.00;144.67;0.00;820.35;0.00;144.67;480.00;0.00;97.00;0.00;0.00;0.00;1584.67;0.00;0.00;464.67;834.01;834.01;877.00;2697.00;3811.67;2269.34;2994.01;3404.67;784.67;784.67;464.67;1500.00;1844.67;1010.00;1160.00;320.00;0.00;310.00;620.00;0.00;320.00;320.00;0.00
1762816457.620763;0.00;0.00;1443.35;0.00;0.00;480.00;1344.67;241.67;1440.00;144.67;0.00;820.35;0.00;144.67;480.00;0.00;97.00;0.00;240.00;0.00;1584.67;0.00;0.00;464.67;834.01;834.01;877.00;2697.00;3811.67;2269.34;2994.01;3634.67;1024.67;784.67;464.67;1500.00;1844.67;1010.00;1160.00;320.00;0.00;310.00;620.00;0.00;320.00;320.00;0.00
1762816457.6216717;0.00;0.00;1443.35;0.00;0.00;480.00;1344.67;241.67;1440.00;144.67;0.00;820.35;0.00;144.67;480.00;0.00;97.00;0.00;240.00;0.00;1584.67;0.00;0.00;464.67;834.01;834.01;877.00;2697.00;3811.67;2269.34;2994.01;3634.67;1024.67;784.67;464.67;1500.00;1844.67;1010.00;1160.00;320.00;0.00;310.00;620.00;0.00;320.00;320.00;0.00
1762816457.678219;0.00;0.00;1443.35;0.00;0.00;480.00;1344.67;241.67;1440.00;144.67;0.00;820.35;0.00;144.67;480.00;0.00;97.00;0.00;480.00;0.00;1584.67;0.00;0.00;544.67;834.01;834.01;877.00;2697.00;3811.67;2269.34;2994.01;3634.67;1184.67;864.67;544.67;1500.00;1844.67;1010.00;1160.00;320.00;0.00;310.00;620.00;0.00;320.00;320.00;0.00
1762816457.6791081;0.00;0.00;1443.35;0.00;0.00;480.00;1344.67;241.67;1440.00;144.67;0.00;820.35;0.00;144.67;480.00;0.00;97.00;0.00;480.00;0.00;1584.67;0.00;0.00;544.67;834.01;834.01;877.00;2697.00;3811.67;2269.34;2994.01;3634.67;1184.67;864.67;544.67;1500.00;1844.67;1010.00;1160.00;320.00;0.00;310.00;620.00;0.00;320.00;320.00;0.00
1762816457.7388012;0.00;0.00;1443.35;0.00;0.00;480.00;1344.67;241.67;1440.00;144.67;0.00;820.35;0.00;144.67;480.00;0.00;97.00;0.00;720.00;0.00;1584.67;0.00;0.00;624.67;834.01;834.01;877.00;2697.00;3811.67;2269.34;3144.01;3794.67;1344.67;944.67;624.67;1500.00;2164.67;1320.00;1160.00;320.00;0.00;310.00;620.00;0.00;320.00;320.00;0.00
1762816457.7397122;0.00;0.00;1443.35;0.00;0.00;480.00;1344.67;241.67;1440.00;144.67;0.00;820.35;0.00;144.67;480.00;0.00;97.00;0.00;720.00;0.00;1584.67;0.00;0.00;624.67;834.01;834.01;877.00;2697.00;3811.67;2269.34;3144.01;3794.67;1344.67;944.67;624.67;1500.00;2164.67;1320.00;1160.00;320.00;0.00;310.00;620.00;0.00;320.00;320.00;0.00
1762816457.7750044;0.00;0.00;1443.35;0.00;0.00;480.00;1344.67;241.67;1440.00;144.67;0.00;820.35;0.00;144.67;480.00;0.00;97.00;0.00;960.00;0.00;1584.67;0.00;0.00;864.67;994.01;994.01;1027.00;2697.00;3811.67;2269.34;3144.01;3794.67;1344.67;1184.67;864.67;1500.00;2164.67;1320.00;1160.00;320.00;0.00;310.00;620.00;0.00;320.00;320.00;0.00
1762816457.7755284;0.00;0.00;1443.35;0.00;0.00;480.00;1344.67;241.67;1440.00;144.67;0.00;820.35;0.00;144.67;480.00;0.00;97.00;0.00;960.00;0.00;1584.67;0.00;0.00;864.67;994.01;994.01;1027.00;2697.00;3811.67;2269.34;3144.01;3794.67;1344.67;1184.67;864.67;1500.00;2164.67;1320.00;1160.00;320.00;0.00;310.00;620.00;0.00;320.00;320.00;0.00
1762816457.8299146;0.00;0.00;1443.35;0.00;0.00;480.00;1344.67;241.67;1440.00;144.67;0.00;820.35;0.00;144.67;480.00;0.00;97.00;0.00;1200.00;0.00;1584.67;0.00;0.00;1104.67;1314.01;994.01;1027.00;2697.00;3811.67;2269.34;3144.01;3794.67;1344.67;1424.67;1104.67;1500.00;2164.67;1320.00;1160.00;320.00;0.00;620.00;620.00;320.00;320.00;320.00;0.00
1762816457.830794;0.00;0.00;1443.35;0.00;0.00;480.00;1344.67;241.67;1440.00;144.67;0.00;820.35;0.00;144.67;480.00;0.00;97.00;0.00;1200.00;0.00;1584.67;0.00;0.00;1104.67;1314.01;994.01;1027.00;2697.00;3811.67;2269.34;3144.01;3794.67;1344.67;1424.67;1104.67;1500.00;2164.67;1320.00;1160.00;320.00;0.00;620.00;620.00;320.00;320.00;320.00;0.00
1762816457.8743503;0.00;0.00;1443.35;0.00;0.00;480.00;1344.67;241.67;1440.00;144.67;0.00;820.35;0.00;144.67;480.00;0.00;97.00;0.00;1440.00;0.00;1584.67;0.00;0.00;1344.67;1394.01;1074.01;1177.00;2697.00;3811.67;2269.34;3144.01;3794.67;1344.67;1664.67;1344.67;1500.00;2164.67;1320.00;1160.00;320.00;0.00;930.00;620.00;320.00;320.00;320.00;0.00
1762816457.875276;0.00;0.00;1443.35;0.00;0.00;480.00;1344.67;241.67;1440.00;144.67;0.00;820.35;0.00;144.67;480.00;0.00;97.00;0.00;1440.00;0.00;1584.67;0.00;0.00;1344.67;1394.01;1074.01;1177.00;2697.00;3811.67;2269.34;3144.01;3794.67;1344.67;1664.67;1344.67;1500.00;2164.67;1320.00;1160.00;320.00;0.00;930.00;620.00;320.00;320.00;320.00;0.00
1762816460.9501126;0.00;0.00;1009.34;0.00;0.00;480.00;1489.34;0.00;1440.00;0.00;0.00;820.35;0.00;144.67;480.00;0.00;97.00;0.00;1440.00;0.00;480.00;0.00;0.00;1344.67;1394.01;1074.01;1177.00;2057.00;3171.67;1104.67;2504.01;2884.67;1344.67;1664.67;1344.67;1270.00;2164.67;1320.00;930.00;320.00;0.00;930.00;620.00;320.00;320.00;320.00;0.00
1762816460.950621;0.00;0.00;1009.34;0.00;0.00;480.00;1489.34;0.00;1440.00;0.00;0.00;820.35;0.00;144.67;480.00;0.00;97.00;0.00;1440.00;0.00;480.00;0.00;0.00;1344.67;1394.01;1074.01;1177.00;2057.00;3171.67;1104.67;2504.01;2884.67;1344.67;1664.67;1344.67;1270.00;2164.67;1320.00;930.00;320.00;0.00;930.00;620.00;320.00;320.00;320.00;0.00
1762816460.9834988;0.00;0.00;1009.34;0.00;0.00;480.00;1489.34;0.00;1440.00;0.00;0.00;820.35;0.00;144.67;480.00;0.00;97.00;0.00;1440.00;0.00;624.67;0.00;0.00;1344.67;1394.01;1074.01;1177.00;2057.00;3171.67;1184.67;2504.01;2884.67;1344.67;1664.67;1344.67;1270.00;2164.67;1320.00;930.00;320.00;0.00;930.00;620.00;320.00;320.00;320.00;0.00
1762816460.984031;0.00;0.00;1009.34;0.00;0.00;480.00;1489.34;0.00;1440.00;0.00;0.00;820.35;0.00;144.67;480.00;0.00;97.00;0.00;1440.00;0.00;624.67;0.00;0.00;1344.67;1394.01;1074.01;1177.00;2057.00;3171.67;1184.67;2504.01;2884.67;1344.67;1664.67;1344.67;1270.00;2164.67;1320.00;930.00;320.00;0.00;930.00;620.00;320.00;320.00;320.00;0.00
1762816461.1673565;0.00;240.00;1009.34;0.00;0.00;480.00;1489.34;0.00;1440.00;0.00;0.00;820.35;0.00;144.67;480.00;0.00;97.00;0.00;1440.00;0.00;624.67;0.00;0.00;1344.67;1394.01;1074.01;1177.00;2057.00;3171.67;1184.67;2664.01;2884.67;1344.67;1664.67;1344.67;1270.00;2164.67;1320.00;930.00;320.00;0.00;930.00;620.00;320.00;320.00;320.00;0.00
1762816461.1682487;0.00;240.00;1009.34;0.00;0.00;480.00;1489.34;0.00;1440.00;0.00;0.00;820.35;0.00;144.67;480.00;0.00;97.00;0.00;1440.00;0.00;624.67;0.00;0.00;1344.67;1394.01;1074.01;1177.00;2057.00;3171.67;1184.67;2664.01;2884.67;1344.67;1664.67;1344.67;1270.00;2164.67;1320.00;930.00;320.00;0.00;930.00;620.00;320.00;320.00;320.00;0.00
1762816461.215906;0.00;240.00;1249.34;0.00;0.00;480.00;1489.34;0.00;1440.00;0.00;0.00;820.35;0.00;144.67;480.00;0.00;97.00;0.00;1440.00;0.00;624.67;0.00;0.00;1344.67;1394.01;1074.01;1177.00;2057.00;3171.67;1424.67;2664.01;2884.67;1344.67;1664.67;1344.67;1270.00;2164.67;1320.00;1160.00;320.00;0.00;930.00;620.00;320.00;320.00;320.00;0.00
1762816461.216752;0.00;240.00;1249.34;0.00;0.00;480.00;1489.34;0.00;1440.00;0.00;0.00;820.35;0.00;144.67;480.00;0.00;97.00;0.00;1440.00;0.00;624.67;0.00;0.00;1344.67;1394.01;1074.01;1177.00;2057.00;3171.67;1424.67;2664.01;2884.67;1344.67;1664.67;1344.67;1270.00;2164.67;1320.00;1160.00;320.00;0.00;930.00;620.00;320.00;320.00;320.00;0.00
1762816461.2655299;0.00;240.00;1489.34;0.00;0.00;480.00;1489.34;0.00;1440.00;0.00;0.00;820.35;0.00;144.67;480.00;0.00;97.00;0.00;1440.00;0.00;624.67;0.00;0.00;1344.67;1394.01;1074.01;1177.00;2057.00;3171.67;1664.67;2664.01;2884.67;1344.67;1664.67;1344.67;1270.00;2164.67;1320.00;1390.00;320.00;0.00;930.00;620.00;320.00;320.00;320.00;0.00
1762816461.2663922;0.00;240.00;1489.34;0.00;0.00;480.00;1489.34;0.00;1440.00;0.00;0.00;820.35;0.00;144.67;480.00;0.00;97.00;0.00;1440.00;0.00;624.67;0.00;0.00;1344.67;1394.01;1074.01;1177.00;2057.00;3171.67;1664.67;2664.01;2884.67;1344.67;1664.67;1344.67;1270.00;2164.67;1320.00;1390.00;320.00;0.00;930.00;620.00;320.00;320.00;320.00;0.00
1762816465.9745765;0.00;240.00;1489.34;0.00;0.00;480.00;1489.34;240.00;1200.00;0.00;0.00;820.35;0.00;144.67;480.00;0.00;97.00;0.00;1440.00;0.00;144.67;0.00;0.00;1344.67;1394.01;1074.01;867.00;2047.00;3171.67;1664.67;2494.01;2494.67;1024.67;1344.67;1344.67;950.00;1624.67;1320.00;1390.00;320.00;0.00;930.00;620.00;320.00;320.00;0.00;0.00
1762816465.9754765;0.00;240.00;1489.34;0.00;0.00;480.00;1489.34;240.00;1200.00;0.00;0.00;820.35;0.00;144.67;480.00;0.00;97.00;0.00;1440.00;0.00;144.67;0.00;0.00;1344.67;1394.01;1074.01;867.00;2047.00;3171.67;1664.67;2494.01;2494.67;1024.67;1344.67;1344.67;950.00;1624.67;1320.00;1390.00;320.00;0.00;930.00;620.00;320.00;320.00;0.00;0.00
1762816466.0262785;0.00;240.00;1729.34;0.00;0.00;480.00;1489.34;240.00;1200.00;0.00;0.00;820.35;0.00;144.67;480.00;0.00;97.00;0.00;1440.00;0.00;144.67;0.00;0.00;1344.67;1394.01;1074.01;867.00;2047.00;3171.67;1904.67;2654.01;2654.67;1024.67;1344.67;1344.67;950.00;1624.67;1320.00;1620.00;320.00;0.00;930.00;620.00;320.00;320.00;0.00;0.00
1762816466.0271938;0.00;240.00;1729.34;0.00;0.00;480.00;1489.34;240.00;1200.00;0.00;0.00;820.35;0.00;144.67;480.00;0.00;97.00;0.00;1440.00;0.00;144.67;0.00;0.00;1344.67;1394.01;1074.01;867.00;2047.00;3171.67;1904.67;2654.01;2654.67;1024.67;1344.67;1344.67;950.00;1624.67;1320.00;1620.00;320.00;0.00;930.00;620.00;320.00;320.00;0.00;0.00
1762816466.0776985;0.00;240.00;1969.34;0.00;0.00;480.00;1489.34;240.00;1200.00;0.00;0.00;820.35;0.00;144.67;480.00;0.00;97.00;0.00;1440.00;0.00;144.67;0.00;0.00;1344.67;1394.01;1074.01;867.00;2047.00;3171.67;2144.67;2814.01;2814.67;1024.67;1344.67;1344.67;950.00;1934.67;1320.00;1850.00;320.00;0.00;930.00;620.00;320.00;320.00;0.00;0.00
1762816466.0785573;0.00;240.00;1969.34;0.00;0.00;480.00;1489.34;240.00;1200.00;0.00;0.00;820.35;0.00;144.67;480.00;0.00;97.00;0.00;1440.00;0.00;144.67;0.00;0.00;1344.67;1394.01;1074.01;867.00;2047.00;3171.67;2144.67;2814.01;2814.67;1024.67;1344.67;1344.67;950.00;1934.67;1320.00;1850.00;320.00;0.00;930.00;620.00;320.00;320.00;0.00;0.00
1762816470.9826422;0.00;384.67;1969.34;0.00;0.00;0.00;1489.34;240.00;1200.00;0.00;0.00;820.35;0.00;0.00;0.00;0.00;0.00;0.00;1440.00;0.00;144.67;0.00;0.00;1200.00;1394.01;1074.01;867.00;1887.00;2124.67;2144.67;2718.68;2574.67;880.00;1200.00;1200.00;950.00;1934.67;1320.00;1850.00;320.00;0.00;930.00;310.00;320.00;320.00;0.00;0.00
1762816470.98353;0.00;384.67;1969.34;0.00;0.00;0.00;1489.34;240.00;1200.00;0.00;0.00;820.35;0.00;0.00;0.00;0.00;0.00;0.00;1440.00;0.00;144.67;0.00;0.00;1200.00;1394.01;1074.01;867.00;1887.00;2124.67;2144.67;2718.68;2574.67;880.00;1200.00;1200.00;950.00;1934.67;1320.00;1850.00;320.00;0.00;930.00;310.00;320.00;320.00;0.00;0.00
1762816475.6155212;0.00;240.00;1969.34;0.00;0.00;0.00;1489.34;240.00;1200.00;0.00;0.00;820.35;0.00;0.00;0.00;0.00;0.00;144.67;1440.00;0.00;144.67;0.00;0.00;1200.00;1618.68;1314.01;1107.00;1887.00;2124.67;1984.67;2654.01;2494.67;880.00;1200.00;1200.00;950.00;1934.67;1320.00;1850.00;320.00;0.00;930.00;310.00;320.00;320.00;0.00;0.00
1762816475.616064;0.00;240.00;1969.34;0.00;0.00;0.00;1489.34;240.00;1200.00;0.00;0.00;820.35;0.00;0.00;0.00;0.00;0.00;144.67;1440.00;0.00;144.67;0.00;0.00;1200.00;1618.68;1314.01;1107.00;1887.00;2124.67;1984.67;2654.01;2494.67;880.00;1200.00;1200.00;950.00;1934.67;1320.00;1850.00;320.00;0.00;930.00;310.00;320.00;320.00;0.00;0.00
1762816475.6503758;0.00;240.00;1969.34;0.00;0.00;0.00;1489.34;240.00;1200.00;0.00;0.00;820.35;0.00;0.00;0.00;0.00;0.00;289.34;1440.00;0.00;144.67;0.00;0.00;1360.00;1683.35;1394.01;1187.00;1887.00;2124.67;1984.67;2654.01;2494.67;1040.00;1360.00;1360.00;950.00;1934.67;1320.00;1850.00;320.00;0.00;930.00;310.00;320.00;320.00;0.00;0.00
1762816475.6508815;0.00;240.00;1969.34;0.00;0.00;0.00;1489.34;240.00;1200.00;0.00;0.00;820.35;0.00;0.00;0.00;0.00;0.00;289.34;1440.00;0.00;144.67;0.00;0.00;1360.00;1683.35;1394.01;1187.00;1887.00;2124.67;1984.67;2654.01;2494.67;1040.00;1360.00;1360.00;950.00;1934.67;1320.00;1850.00;320.00;0.00;930.00;310.00;320.00;320.00;0.00;0.00
1762816475.6822796;0.00;240.00;1969.34;0.00;0.00;0.00;1489.34;240.00;1200.00;0.00;0.00;820.35;0.00;0.00;0.00;0.00;0.00;434.01;1440.00;0.00;144.67;0.00;0.00;1440.00;1763.35;1458.68;1251.67;2047.00;2284.67;1984.67;2654.01;2494.67;1120.00;1440.00;1440.00;950.00;1934.67;1320.00;1850.00;320.00;0.00;930.00;310.00;320.00;320.00;0.00;0.00
1762816475.6827915;0.00;240.00;1969.34;0.00;0.00;0.00;1489.34;240.00;1200.00;0.00;0.00;820.35;0.00;0.00;0.00;0.00;0.00;434.01;1440.00;0.00;144.67;0.00;0.00;1440.00;1763.35;1458.68;1251.67;2047.00;2284.67;1984.67;2654.01;2494.67;1120.00;1440.00;1440.00;950.00;1934.67;1320.00;1850.00;320.00;0.00;930.00;310.00;320.00;320.00;0.00;0.00
1762816475.805906;0.00;240.00;1969.34;0.00;0.00;0.00;1489.34;240.00;1200.00;0.00;0.00;820.35;0.00;0.00;0.00;0.00;0.00;674.01;1440.00;0.00;144.67;0.00;0.00;1440.00;1763.35;1698.68;1491.67;2207.00;2444.67;1984.67;2654.01;2494.67;1120.00;1440.00;1440.00;950.00;1934.67;1320.00;1850.00;320.00;0.00;930.00;310.00;320.00;320.00;0.00;0.00
1762816475.8064404;0.00;240.00;1969.34;0.00;0.00;0.00;1489.34;240.00;1200.00;0.00;0.00;820.35;0.00;0.00;0.00;0.00;0.00;674.01;1440.00;0.00;144.67;0.00;0.00;1440.00;1763.35;1698.68;1491.67;2207.00;2444.67;1984.67;2654.01;2494.67;1120.00;1440.00;1440.00;950.00;1934.67;1320.00;1850.00;320.00;0.00;930.00;310.00;320.00;320.00;0.00;0.00
1762816475.8410215;0.00;240.00;1969.34;0.00;0.00;0.00;1489.34;240.00;1200.00;0.00;0.00;820.35;0.00;0.00;0.00;0.00;0.00;914.01;1440.00;0.00;144.67;0.00;0.00;1600.00;1923.35;1778.68;1571.67;2207.00;2444.67;1984.67;2654.01;2494.67;1280.00;1600.00;1600.00;950.00;1934.67;1320.00;1850.00;320.00;0.00;930.00;310.00;320.00;320.00;0.00;0.00
1762816475.8415258;0.00;240.00;1969.34;0.00;0.00;0.00;1489.34;240.00;1200.00;0.00;0.00;820.35;0.00;0.00;0.00;0.00;0.00;914.01;1440.00;0.00;144.67;0.00;0.00;1600.00;1923.35;1778.68;1571.67;2207.00;2444.67;1984.67;2654.01;2494.67;1280.00;1600.00;1600.00;950.00;1934.67;1320.00;1850.00;320.00;0.00;930.00;310.00;320.00;320.00;0.00;0.00
1762816475.8746486;0.00;240.00;1969.34;0.00;0.00;0.00;1489.34;240.00;1200.00;0.00;0.00;820.35;0.00;0.00;0.00;0.00;0.00;1154.01;1440.00;0.00;144.67;0.00;0.00;1600.00;1923.35;2018.68;1801.67;2207.00;2444.67;1984.67;2654.01;2494.67;1280.00;1600.00;1600.00;950.00;1934.67;1320.00;1850.00;320.00;0.00;930.00;310.00;320.00;320.00;0.00;0.00
1762816475.8751688;0.00;240.00;1969.34;0.00;0.00;0.00;1489.34;240.00;1200.00;0.00;0.00;820.35;0.00;0.00;0.00;0.00;0.00;1154.01;1440.00;0.00;144.67;0.00;0.00;1600.00;1923.35;2018.68;1801.67;2207.00;2444.67;1984.67;2654.01;2494.67;1280.00;1600.00;1600.00;950.00;1934.67;1320.00;1850.00;320.00;0.00;930.00;310.00;320.00;320.00;0.00;0.00
1762816475.9719076;0.00;240.00;1584.67;0.00;0.00;0.00;1489.34;240.00;720.00;240.00;0.00;820.35;0.00;0.00;0.00;0.00;0.00;1154.01;1440.00;0.00;144.67;0.00;0.00;1600.00;1923.35;2018.68;1481.67;1187.00;1494.67;1904.67;2494.01;2264.67;1280.00;1600.00;1600.00;630.00;1704.67;1090.00;1850.00;0.00;0.00;930.00;0.00;320.00;320.00;0.00;0.00
1762816475.9724195;0.00;240.00;1584.67;0.00;0.00;0.00;1489.34;240.00;720.00;240.00;0.00;820.35;0.00;0.00;0.00;0.00;0.00;1154.01;1440.00;0.00;144.67;0.00;0.00;1600.00;1923.35;2018.68;1481.67;1187.00;1494.67;1904.67;2494.01;2264.67;1280.00;1600.00;1600.00;630.00;1704.67;1090.00;1850.00;0.00;0.00;930.00;0.00;320.00;320.00;0.00;0.00
1762816476.0020058;0.00;240.00;1584.67;0.00;0.00;0.00;1489.34;240.00;720.00;480.00;0.00;820.35;0.00;0.00;0.00;0.00;0.00;1154.01;1440.00;0.00;144.67;0.00;0.00;1600.00;1923.35;2018.68;1481.67;1187.00;1494.67;2144.67;2494.01;2264.67;1280.00;1600.00;1600.00;630.00;1704.67;1090.00;1850.00;0.00;0.00;930.00;0.00;320.00;320.00;0.00;0.00
1762816476.0025299;0.00;240.00;1584.67;0.00;0.00;0.00;1489.34;240.00;720.00;480.00;0.00;820.35;0.00;0.00;0.00;0.00;0.00;1154.01;1440.00;0.00;144.67;0.00;0.00;1600.00;1923.35;2018.68;1481.67;1187.00;1494.67;2144.67;2494.01;2264.67;1280.00;1600.00;1600.00;630.00;1704.67;1090.00;1850.00;0.00;0.00;930.00;0.00;320.00;320.00;0.00;0.00
1762816476.0333505;0.00;480.00;1584.67;0.00;0.00;0.00;1489.34;240.00;720.00;480.00;0.00;820.35;0.00;0.00;0.00;0.00;0.00;1154.01;1440.00;0.00;144.67;0.00;0.00;1600.00;1923.35;2018.68;1481.67;1187.00;1494.67;2144.67;2644.01;2664.67;1280.00;1600.00;1600.00;630.00;1704.67;1090.00;2000.00;0.00;0.00;930.00;0.00;320.00;320.00;0.00;0.00
1762816476.0339048;0.00;480.00;1584.67;0.00;0.00;0.00;1489.34;240.00;720.00;480.00;0.00;820.35;0.00;0.00;0.00;0.00;0.00;1154.01;1440.00;0.00;144.67;0.00;0.00;1600.00;1923.35;2018.68;1481.67;1187.00;1494.67;2144.67;2644.01;2664.67;1280.00;1600.00;1600.00;630.00;1704.67;1090.00;2000.00;0.00;0.00;930.00;0.00;320.00;320.00;0.00;0.00
1762816476.064951;0.00;720.00;1584.67;0.00;0.00;0.00;1489.34;240.00;720.00;480.00;0.00;820.35;0.00;0.00;0.00;0.00;0.00;1154.01;1440.00;0.00;144.67;0.00;0.00;1600.00;1923.35;2018.68;1481.67;1187.00;1494.67;2224.67;2874.01;2664.67;1280.00;1600.00;1600.00;860.00;1704.67;1090.00;2000.00;0.00;0.00;930.00;0.00;320.00;320.00;0.00;0.00
1762816476.0655026;0.00;720.00;1584.67;0.00;0.00;0.00;1489.34;240.00;720.00;480.00;0.00;820.35;0.00;0.00;0.00;0.00;0.00;1154.01;1440.00;0.00;144.67;0.00;0.00;1600.00;1923.35;2018.68;1481.67;1187.00;1494.67;2224.67;2874.01;2664.67;1280.00;1600.00;1600.00;860.00;1704.67;1090.00;2000.00;0.00;0.00;930.00;0.00;320.00;320.00;0.00;0.00
1762816494.6412435;0.00;720.00;1584.67;0.00;0.00;240.00;1489.34;240.00;720.00;480.00;0.00;820.35;0.00;0.00;0.00;0.00;0.00;1154.01;1440.00;0.00;144.67;0.00;0.00;1600.00;1923.35;2018.68;1481.67;1187.00;1494.67;2304.67;3104.01;2664.67;1280.00;1600.00;1600.00;860.00;1704.67;1090.00;2000.00;0.00;0.00;930.00;0.00;320.00;320.00;0.00;0.00
1762816494.6421492;0.00;720.00;1584.67;0.00;0.00;240.00;1489.34;240.00;720.00;480.00;0.00;820.35;0.00;0.00;0.00;0.00;0.00;1154.01;1440.00;0.00;144.67;0.00;0.00;1600.00;1923.35;2018.68;1481.67;1187.00;1494.67;2304.67;3104.01;2664.67;1280.00;1600.00;1600.00;860.00;1704.67;1090.00;2000.00;0.00;0.00;930.00;0.00;320.00;320.00;0.00;0.00
1762816494.7028985;0.00;720.00;1584.67;0.00;0.00;480.00;1489.34;240.00;720.00;480.00;0.00;820.35;0.00;0.00;0.00;0.00;0.00;1154.01;1440.00;0.00;144.67;0.00;0.00;1600.00;1923.35;2018.68;1481.67;1187.00;1494.67;2384.67;3184.01;2814.67;1280.00;1600.00;1600.00;860.00;1704.67;1090.00;2000.00;0.00;0.00;930.00;0.00;320.00;320.00;0.00;0.00
1762816494.703805;0.00;720.00;1584.67;0.00;0.00;480.00;1489.34;240.00;720.00;480.00;0.00;820.35;0.00;0.00;0.00;0.00;0.00;1154.01;1440.00;0.00;144.67;0.00;0.00;1600.00;1923.35;2018.68;1481.67;1187.00;1494.67;2384.67;3184.01;2814.67;1280.00;1600.00;1600.00;860.00;1704.67;1090.00;2000.00;0.00;0.00;930.00;0.00;320.00;320.00;0.00;0.00
1762816494.7654061;0.00;720.00;1584.67;0.00;0.00;720.00;1489.34;240.00;720.00;480.00;0.00;820.35;0.00;0.00;0.00;0.00;0.00;1154.01;1440.00;0.00;144.67;0.00;0.00;1600.00;1923.35;2018.68;1481.67;1187.00;1494.67;2464.67;3264.01;2974.67;1590.00;1600.00;1600.00;860.00;1704.67;1090.00;2000.00;0.00;0.00;930.00;0.00;320.00;320.00;0.00;0.00
1762816494.7663298;0.00;720.00;1584.67;0.00;0.00;720.00;1489.34;240.00;720.00;480.00;0.00;820.35;0.00;0.00;0.00;0.00;0.00;1154.01;1440.00;0.00;144.67;0.00;0.00;1600.00;1923.35;2018.68;1481.67;1187.00;1494.67;2464.67;3264.01;2974.67;1590.00;1600.00;1600.00;860.00;1704.67;1090.00;2000.00;0.00;0.00;930.00;0.00;320.00;320.00;0.00;0.00
1762816494.9515474;0.00;720.00;1584.67;0.00;0.00;960.00;1489.34;240.00;720.00;480.00;0.00;820.35;0.00;0.00;0.00;0.00;0.00;1154.01;1440.00;0.00;144.67;0.00;0.00;1600.00;1923.35;2018.68;1481.67;1337.00;1654.67;2704.67;3504.01;2974.67;1590.00;1600.00;1600.00;860.00;1704.67;1090.00;2000.00;0.00;0.00;930.00;0.00;320.00;320.00;0.00;0.00
1762816494.9524763;0.00;720.00;1584.67;0.00;0.00;960.00;1489.34;240.00;720.00;480.00;0.00;820.35;0.00;0.00;0.00;0.00;0.00;1154.01;1440.00;0.00;144.67;0.00;0.00;1600.00;1923.35;2018.68;1481.67;1337.00;1654.67;2704.67;3504.01;2974.67;1590.00;1600.00;1600.00;860.00;1704.67;1090.00;2000.00;0.00;0.00;930.00;0.00;320.00;320.00;0.00;0.00
1762816495.0130422;0.00;720.00;1584.67;0.00;0.00;1200.00;1489.34;240.00;720.00;480.00;0.00;820.35;0.00;0.00;0.00;0.00;0.00;1154.01;1440.00;0.00;144.67;0.00;0.00;1600.00;1923.35;2018.68;1481.67;1337.00;1654.67;2944.67;3744.01;2974.67;1590.00;1600.00;1600.00;1170.00;1704.67;1410.00;2000.00;0.00;0.00;930.00;0.00;320.00;320.00;0.00;0.00
1762816495.01393;0.00;720.00;1584.67;0.00;0.00;1200.00;1489.34;240.00;720.00;480.00;0.00;820.35;0.00;0.00;0.00;0.00;0.00;1154.01;1440.00;0.00;144.67;0.00;0.00;1600.00;1923.35;2018.68;1481.67;1337.00;1654.67;2944.67;3744.01;2974.67;1590.00;1600.00;1600.00;1170.00;1704.67;1410.00;2000.00;0.00;0.00;930.00;0.00;320.00;320.00;0.00;0.00
1762816495.0754502;0.00;720.00;1584.67;0.00;0.00;1440.00;1489.34;240.00;720.00;480.00;0.00;820.35;0.00;0.00;0.00;0.00;0.00;1154.01;1440.00;0.00;144.67;0.00;0.00;1600.00;1923.35;2018.68;1791.67;1497.00;1814.67;3184.67;3984.01;2974.67;1590.00;1600.00;1600.00;1170.00;1704.67;1730.00;2000.00;310.00;0.00;930.00;0.00;320.00;320.00;0.00;0.00
1762816495.0763133;0.00;720.00;1584.67;0.00;0.00;1440.00;1489.34;240.00;720.00;480.00;0.00;820.35;0.00;0.00;0.00;0.00;0.00;1154.01;1440.00;0.00;144.67;0.00;0.00;1600.00;1923.35;2018.68;1791.67;1497.00;1814.67;3184.67;3984.01;2974.67;1590.00;1600.00;1600.00;1170.00;1704.67;1730.00;2000.00;310.00;0.00;930.00;0.00;320.00;320.00;0.00;0.00
1762816496.0053926;0.00;960.00;1104.67;0.00;0.00;1440.00;1489.34;240.00;720.00;480.00;0.00;820.35;0.00;0.00;0.00;0.00;0.00;1154.01;1440.00;0.00;144.67;0.00;0.00;1600.00;1923.35;2018.68;1791.67;1187.00;1884.67;3184.67;4224.01;2974.67;1590.00;1600.00;1600.00;1170.00;1704.67;1730.00;1770.00;310.00;0.00;930.00;0.00;320.00;320.00;0.00;0.00
1762816496.0059152;0.00;960.00;1104.67;0.00;0.00;1440.00;1489.34;240.00;720.00;480.00;0.00;820.35;0.00;0.00;0.00;0.00;0.00;1154.01;1440.00;0.00;144.67;0.00;0.00;1600.00;1923.35;2018.68;1791.67;1187.00;1884.67;3184.67;4224.01;2974.67;1590.00;1600.00;1600.00;1170.00;1704.67;1730.00;1770.00;310.00;0.00;930.00;0.00;320.00;320.00;0.00;0.00
1762816496.0369122;0.00;1200.00;1104.67;0.00;0.00;1440.00;1489.34;240.00;720.00;480.00;0.00;820.35;0.00;0.00;0.00;0.00;0.00;1154.01;1440.00;0.00;144.67;0.00;0.00;1760.00;2083.35;2168.68;1941.67;1187.00;1884.67;3264.67;4304.01;3134.67;1750.00;1760.00;1760.00;1400.00;1704.67;2050.00;1770.00;310.00;0.00;930.00;0.00;320.00;320.00;0.00;0.00
1762816496.037404;0.00;1200.00;1104.67;0.00;0.00;1440.00;1489.34;240.00;720.00;480.00;0.00;820.35;0.00;0.00;0.00;0.00;0.00;1154.01;1440.00;0.00;144.67;0.00;0.00;1760.00;2083.35;2168.68;1941.67;1187.00;1884.67;3264.67;4304.01;3134.67;1750.00;1760.00;1760.00;1400.00;1704.67;2050.00;1770.00;310.00;0.00;930.00;0.00;320.00;320.00;0.00;0.00
1762816501.0275805;0.00;960.00;480.00;0.00;0.00;1440.00;1489.34;0.00;0.00;0.00;0.00;820.35;0.00;0.00;0.00;0.00;0.00;1154.01;1440.00;0.00;289.34;0.00;0.00;1760.00;2083.35;2168.68;1941.67;807.00;1174.67;1904.67;2964.01;2114.67;1750.00;1760.00;1760.00;850.00;544.67;1270.00;1310.00;310.00;0.00;930.00;0.00;320.00;320.00;0.00;0.00
1762816501.0281024;0.00;960.00;480.00;0.00;0.00;1440.00;1489.34;0.00;0.00;0.00;0.00;820.35;0.00;0.00;0.00;0.00;0.00;1154.01;1440.00;0.00;289.34;0.00;0.00;1760.00;2083.35;2168.68;1941.67;807.00;1174.67;1904.67;2964.01;2114.67;1750.00;1760.00;1760.00;850.00;544.67;1270.00;1310.00;310.00;0.00;930.00;0.00;320.00;320.00;0.00;0.00
1762816501.080613;0.00;1200.00;480.00;0.00;0.00;1440.00;1489.34;0.00;0.00;0.00;0.00;820.35;0.00;0.00;0.00;0.00;0.00;1154.01;1440.00;0.00;289.34;0.00;0.00;1760.00;2083.35;2168.68;1941.67;807.00;1174.67;2064.67;3274.01;2114.67;1750.00;1760.00;1760.00;850.00;544.67;1270.00;1310.00;310.00;0.00;930.00;0.00;320.00;320.00;0.00;0.00
1762816501.0814643;0.00;1200.00;480.00;0.00;0.00;1440.00;1489.34;0.00;0.00;0.00;0.00;820.35;0.00;0.00;0.00;0.00;0.00;1154.01;1440.00;0.00;289.34;0.00;0.00;1760.00;2083.35;2168.68;1941.67;807.00;1174.67;2064.67;3274.01;2114.67;1750.00;1760.00;1760.00;850.00;544.67;1270.00;1310.00;310.00;0.00;930.00;0.00;320.00;320.00;0.00;0.00
1762816501.1337738;0.00;1440.00;480.00;0.00;0.00;1440.00;1489.34;0.00;0.00;0.00;0.00;820.35;0.00;0.00;0.00;0.00;0.00;1154.01;1440.00;0.00;289.34;0.00;0.00;1760.00;2083.35;2168.68;1941.67;807.00;1174.67;2064.67;3424.01;2584.67;1750.00;1760.00;1760.00;850.00;544.67;1270.00;1310.00;310.00;0.00;930.00;0.00;320.00;320.00;0.00;0.00
1762816501.134603;0.00;1440.00;480.00;0.00;0.00;1440.00;1489.34;0.00;0.00;0.00;0.00;820.35;0.00;0.00;0.00;0.00;0.00;1154.01;1440.00;0.00;289.34;0.00;0.00;1760.00;2083.35;2168.68;1941.67;807.00;1174.67;2064.67;3424.01;2584.67;1750.00;1760.00;1760.00;850.00;544.67;1270.00;1310.00;310.00;0.00;930.00;0.00;320.00;320.00;0.00;0.00
1762816501.1866834;0.00;1440.00;720.00;0.00;0.00;1440.00;1489.34;0.00;0.00;0.00;0.00;820.35;0.00;0.00;0.00;0.00;0.00;1154.01;1440.00;0.00;289.34;0.00;0.00;1760.00;2083.35;2168.68;1941.67;807.00;1404.67;2064.67;3424.01;2584.67;1750.00;1760.00;1760.00;850.00;544.67;1270.00;1310.00;310.00;0.00;930.00;0.00;320.00;320.00;0.00;0.00
1762816501.187483;0.00;1440.00;720.00;0.00;0.00;1440.00;1489.34;0.00;0.00;0.00;0.00;820.35;0.00;0.00;0.00;0.00;0.00;1154.01;1440.00;0.00;289.34;0.00;0.00;1760.00;2083.35;2168.68;1941.67;807.00;1404.67;2064.67;3424.01;2584.67;1750.00;1760.00;1760.00;850.00;544.67;1270.00;1310.00;310.00;0.00;930.00;0.00;320.00;320.00;0.00;0.00
1762816522.7737443;0.00;0.00;0.00;0.00;97.00;1440.00;1344.67;0.00;0.00;0.00;0.00;820.35;0.00;0.00;0.00;0.00;0.00;1154.01;1440.00;0.00;0.00;0.00;0.00;1600.00;1923.35;2018.68;1791.67;727.00;784.67;1264.67;2339.34;1714.67;1590.00;1600.00;1600.00;310.00;544.67;950.00;930.00;310.00;0.00;930.00;0.00;320.00;320.00;0.00;0.00
1762816522.7742667;0.00;0.00;0.00;0.00;97.00;1440.00;1344.67;0.00;0.00;0.00;0.00;820.35;0.00;0.00;0.00;0.00;0.00;1154.01;1440.00;0.00;0.00;0.00;0.00;1600.00;1923.35;2018.68;1791.67;727.00;784.67;1264.67;2339.34;1714.67;1590.00;1600.00;1600.00;310.00;544.67;950.00;930.00;310.00;0.00;930.00;0.00;320.00;320.00;0.00;0.00
1762816522.815165;0.00;0.00;0.00;0.00;194.00;1440.00;1344.67;0.00;0.00;0.00;0.00;820.35;0.00;0.00;0.00;0.00;0.00;1154.01;1440.00;0.00;0.00;0.00;0.00;1600.00;1923.35;2018.68;1791.67;727.00;784.67;1264.67;2649.34;1859.34;1590.00;1600.00;1600.00;310.00;704.67;950.00;930.00;310.00;0.00;930.00;0.00;320.00;320.00;0.00;0.00
1762816522.8156614;0.00;0.00;0.00;0.00;194.00;1440.00;1344.67;0.00;0.00;0.00;0.00;820.35;0.00;0.00;0.00;0.00;0.00;1154.01;1440.00;0.00;0.00;0.00;0.00;1600.00;1923.35;2018.68;1791.67;727.00;784.67;1264.67;2649.34;1859.34;1590.00;1600.00;1600.00;310.00;704.67;950.00;930.00;310.00;0.00;930.00;0.00;320.00;320.00;0.00;0.00
1762816522.8524408;0.00;0.00;0.00;0.00;291.00;1440.00;1344.67;0.00;0.00;0.00;0.00;820.35;0.00;0.00;0.00;0.00;0.00;1154.01;1440.00;0.00;0.00;0.00;0.00;1600.00;1923.35;2018.68;1791.67;727.00;784.67;1414.67;2889.34;1956.34;1590.00;1600.00;1600.00;310.00;704.67;950.00;930.00;310.00;0.00;930.00;0.00;320.00;320.00;0.00;0.00
1762816522.852944;0.00;0.00;0.00;0.00;291.00;1440.00;1344.67;0.00;0.00;0.00;0.00;820.35;0.00;0.00;0.00;0.00;0.00;1154.01;1440.00;0.00;0.00;0.00;0.00;1600.00;1923.35;2018.68;1791.67;727.00;784.67;1414.67;2889.34;1956.34;1590.00;1600.00;1600.00;310.00;704.67;950.00;930.00;310.00;0.00;930.00;0.00;320.00;320.00;0.00;0.00
1762816522.8880289;0.00;0.00;0.00;0.00;435.67;1440.00;1344.67;0.00;0.00;0.00;0.00;820.35;0.00;0.00;0.00;0.00;0.00;1154.01;1440.00;0.00;0.00;0.00;0.00;1600.00;1923.35;2018.68;1791.67;727.00;784.67;1414.67;3199.34;2196.34;1590.00;1600.00;1600.00;310.00;929.34;950.00;930.00;310.00;0.00;930.00;0.00;320.00;320.00;0.00;0.00
1762816522.8885477;0.00;0.00;0.00;0.00;435.67;1440.00;1344.67;0.00;0.00;0.00;0.00;820.35;0.00;0.00;0.00;0.00;0.00;1154.01;1440.00;0.00;0.00;0.00;0.00;1600.00;1923.35;2018.68;1791.67;727.00;784.67;1414.67;3199.34;2196.34;1590.00;1600.00;1600.00;310.00;929.34;950.00;930.00;310.00;0.00;930.00;0.00;320.00;320.00;0.00;0.00
1762816522.933254;0.00;0.00;0.00;0.00;580.34;1440.00;1344.67;0.00;0.00;0.00;0.00;820.35;0.00;0.00;0.00;0.00;0.00;1154.01;1440.00;0.00;0.00;0.00;0.00;1600.00;1923.35;2018.68;1791.67;727.00;784.67;1414.67;3359.34;2586.34;1590.00;1600.00;1600.00;310.00;1154.01;950.00;930.00;310.00;0.00;930.00;0.00;320.00;320.00;0.00;0.00
1762816522.9337804;0.00;0.00;0.00;0.00;580.34;1440.00;1344.67;0.00;0.00;0.00;0.00;820.35;0.00;0.00;0.00;0.00;0.00;1154.01;1440.00;0.00;0.00;0.00;0.00;1600.00;1923.35;2018.68;1791.67;727.00;784.67;1414.67;3359.34;2586.34;1590.00;1600.00;1600.00;310.00;1154.01;950.00;930.00;310.00;0.00;930.00;0.00;320.00;320.00;0.00;0.00
1762816522.978939;0.00;0.00;0.00;0.00;725.01;1440.00;1344.67;0.00;0.00;0.00;0.00;820.35;0.00;0.00;0.00;0.00;0.00;1154.01;1440.00;0.00;0.00;0.00;0.00;1600.00;1923.35;2018.68;1791.67;727.00;784.67;1574.67;3669.34;2731.01;1590.00;1600.00;1600.00;310.00;1154.01;950.00;930.00;310.00;0.00;930.00;0.00;320.00;320.00;0.00;0.00
1762816522.9795039;0.00;0.00;0.00;0.00;725.01;1440.00;1344.67;0.00;0.00;0.00;0.00;820.35;0.00;0.00;0.00;0.00;0.00;1154.01;1440.00;0.00;0.00;0.00;0.00;1600.00;1923.35;2018.68;1791.67;727.00;784.67;1574.67;3669.34;2731.01;1590.00;1600.00;1600.00;310.00;1154.01;950.00;930.00;310.00;0.00;930.00;0.00;320.00;320.00;0.00;0.00
1762816526.0457325;0.00;0.00;0.00;0.00;725.01;1440.00;960.00;0.00;0.00;0.00;0.00;675.68;0.00;0.00;0.00;0.00;97.00;769.34;1440.00;0.00;0.00;0.00;0.00;1520.00;1763.35;1634.01;1422.33;342.33;497.00;1510.00;3380.00;2506.34;1510.00;1520.00;1520.00;310.00;929.34;950.00;620.00;310.00;0.00;930.00;0.00;320.00;320.00;0.00;0.00
1762816526.046263;0.00;0.00;0.00;0.00;725.01;1440.00;960.00;0.00;0.00;0.00;0.00;675.68;0.00;0.00;0.00;0.00;97.00;769.34;1440.00;0.00;0.00;0.00;0.00;1520.00;1763.35;1634.01;1422.33;342.33;497.00;1510.00;3380.00;2506.34;1510.00;1520.00;1520.00;310.00;929.34;950.00;620.00;310.00;0.00;930.00;0.00;320.00;320.00;0.00;0.00
1762816526.0978694;0.00;0.00;0.00;0.00;725.01;1440.00;960.00;0.00;0.00;0.00;0.00;675.68;0.00;0.00;0.00;0.00;241.67;769.34;1440.00;0.00;0.00;0.00;0.00;1520.00;1763.35;1634.01;1422.33;342.33;641.67;1510.00;3380.00;2506.34;1510.00;1520.00;1520.00;310.00;929.34;950.00;620.00;310.00;0.00;930.00;0.00;320.00;320.00;0.00;0.00
1762816526.0987265;0.00;0.00;0.00;0.00;725.01;1440.00;960.00;0.00;0.00;0.00;0.00;675.68;0.00;0.00;0.00;0.00;241.67;769.34;1440.00;0.00;0.00;0.00;0.00;1520.00;1763.35;1634.01;1422.33;342.33;641.67;1510.00;3380.00;2506.34;1510.00;1520.00;1520.00;310.00;929.34;950.00;620.00;310.00;0.00;930.00;0.00;320.00;320.00;0.00;0.00
1762816526.1501737;0.00;144.67;0.00;0.00;725.01;1440.00;960.00;0.00;0.00;0.00;0.00;675.68;0.00;0.00;0.00;0.00;241.67;769.34;1440.00;0.00;0.00;0.00;0.00;1520.00;1763.35;1634.01;1422.33;342.33;641.67;1670.00;3444.67;2586.34;1510.00;1520.00;1520.00;310.00;929.34;950.00;620.00;310.00;0.00;930.00;0.00;320.00;320.00;0.00;0.00
1762816526.151063;0.00;144.67;0.00;0.00;725.01;1440.00;960.00;0.00;0.00;0.00;0.00;675.68;0.00;0.00;0.00;0.00;241.67;769.34;1440.00;0.00;0.00;0.00;0.00;1520.00;1763.35;1634.01;1422.33;342.33;641.67;1670.00;3444.67;2586.34;1510.00;1520.00;1520.00;310.00;929.34;950.00;620.00;310.00;0.00;930.00;0.00;320.00;320.00;0.00;0.00
1762816526.308762;0.00;289.34;0.00;0.00;725.01;1440.00;960.00;0.00;0.00;0.00;0.00;675.68;0.00;0.00;0.00;0.00;241.67;769.34;1440.00;0.00;0.00;0.00;0.00;1520.00;1763.35;1634.01;1422.33;342.33;641.67;1830.00;3509.34;2666.34;1510.00;1520.00;1520.00;310.00;929.34;950.00;620.00;310.00;0.00;930.00;0.00;320.00;320.00;0.00;0.00
1762816526.3093066;0.00;289.34;0.00;0.00;725.01;1440.00;960.00;0.00;0.00;0.00;0.00;675.68;0.00;0.00;0.00;0.00;241.67;769.34;1440.00;0.00;0.00;0.00;0.00;1520.00;1763.35;1634.01;1422.33;342.33;641.67;1830.00;3509.34;2666.34;1510.00;1520.00;1520.00;310.00;929.34;950.00;620.00;310.00;0.00;930.00;0.00;320.00;320.00;0.00;0.00
1762816526.3626673;0.00;289.34;0.00;0.00;725.01;1440.00;960.00;0.00;0.00;0.00;0.00;675.68;144.67;0.00;0.00;0.00;241.67;769.34;1440.00;0.00;0.00;0.00;0.00;1520.00;1763.35;1634.01;1422.33;487.00;871.67;1830.00;3509.34;2666.34;1510.00;1520.00;1520.00;310.00;929.34;950.00;620.00;310.00;0.00;930.00;0.00;320.00;320.00;0.00;0.00
1762816526.363559;0.00;289.34;0.00;0.00;725.01;1440.00;960.00;0.00;0.00;0.00;0.00;675.68;144.67;0.00;0.00;0.00;241.67;769.34;1440.00;0.00;0.00;0.00;0.00;1520.00;1763.35;1634.01;1422.33;487.00;871.67;1830.00;3509.34;2666.34;1510.00;1520.00;1520.00;310.00;929.34;950.00;620.00;310.00;0.00;930.00;0.00;320.00;320.00;0.00;0.00
1762816531.0694425;0.00;386.34;0.00;0.00;725.01;1440.00;720.00;0.00;0.00;0.00;0.00;0.00;0.00;0.00;0.00;0.00;241.67;769.34;1440.00;0.00;0.00;0.00;0.00;1200.00;1009.34;880.00;1240.00;310.00;561.67;1910.00;3414.01;2308.67;1190.00;1200.00;1200.00;310.00;929.34;950.00;534.67;310.00;0.00;620.00;0.00;320.00;0.00;0.00;0.00
1762816531.0703332;0.00;386.34;0.00;0.00;725.01;1440.00;720.00;0.00;0.00;0.00;0.00;0.00;0.00;0.00;0.00;0.00;241.67;769.34;1440.00;0.00;0.00;0.00;0.00;1200.00;1009.34;880.00;1240.00;310.00;561.67;1910.00;3414.01;2308.67;1190.00;1200.00;1200.00;310.00;929.34;950.00;534.67;310.00;0.00;620.00;0.00;320.00;0.00;0.00;0.00
1762816536.081928;0.00;386.34;0.00;0.00;725.01;1440.00;240.00;0.00;0.00;0.00;0.00;0.00;0.00;0.00;0.00;97.00;241.67;624.67;1440.00;0.00;0.00;0.00;0.00;1200.00;784.67;640.00;1000.00;310.00;744.00;1750.00;3094.01;2148.67;1190.00;1200.00;1200.00;310.00;929.34;950.00;534.67;310.00;0.00;620.00;0.00;320.00;0.00;0.00;0.00
1762816536.0828605;0.00;386.34;0.00;0.00;725.01;1440.00;240.00;0.00;0.00;0.00;0.00;0.00;0.00;0.00;0.00;97.00;241.67;624.67;1440.00;0.00;0.00;0.00;0.00;1200.00;784.67;640.00;1000.00;310.00;744.00;1750.00;3094.01;2148.67;1190.00;1200.00;1200.00;310.00;929.34;950.00;534.67;310.00;0.00;620.00;0.00;320.00;0.00;0.00;0.00
1762816536.1364794;0.00;483.34;0.00;0.00;725.01;1440.00;240.00;0.00;0.00;0.00;0.00;0.00;0.00;0.00;0.00;97.00;241.67;624.67;1440.00;0.00;0.00;0.00;0.00;1200.00;784.67;640.00;1000.00;310.00;744.00;1750.00;3238.68;2148.67;1190.00;1200.00;1200.00;310.00;929.34;950.00;534.67;310.00;0.00;620.00;0.00;320.00;0.00;0.00;0.00
1762816536.1374032;0.00;483.34;0.00;0.00;725.01;1440.00;240.00;0.00;0.00;0.00;0.00;0.00;0.00;0.00;0.00;97.00;241.67;624.67;1440.00;0.00;0.00;0.00;0.00;1200.00;784.67;640.00;1000.00;310.00;744.00;1750.00;3238.68;2148.67;1190.00;1200.00;1200.00;310.00;929.34;950.00;534.67;310.00;0.00;620.00;0.00;320.00;0.00;0.00;0.00
1762816536.1888623;0.00;580.34;0.00;0.00;725.01;1440.00;240.00;0.00;0.00;0.00;0.00;0.00;0.00;0.00;0.00;97.00;241.67;624.67;1440.00;0.00;0.00;0.00;0.00;1200.00;784.67;640.00;1000.00;310.00;744.00;1750.00;3388.68;2405.67;1190.00;1200.00;1200.00;310.00;929.34;950.00;534.67;310.00;0.00;620.00;0.00;320.00;0.00;0.00;0.00
1762816536.1897383;0.00;580.34;0.00;0.00;725.01;1440.00;240.00;0.00;0.00;0.00;0.00;0.00;0.00;0.00;0.00;97.00;241.67;624.67;1440.00;0.00;0.00;0.00;0.00;1200.00;784.67;640.00;1000.00;310.00;744.00;1750.00;3388.68;2405.67;1190.00;1200.00;1200.00;310.00;929.34;950.00;534.67;310.00;0.00;620.00;0.00;320.00;0.00;0.00;0.00
1762816541.0626872;0.00;580.34;0.00;0.00;725.01;1537.00;0.00;0.00;0.00;0.00;0.00;0.00;0.00;0.00;0.00;97.00;241.67;624.67;1440.00;0.00;0.00;0.00;0.00;1200.00;784.67;640.00;1000.00;310.00;744.00;1750.00;3228.68;2508.00;1190.00;1200.00;1200.00;310.00;929.34;950.00;224.67;310.00;0.00;620.00;0.00;320.00;0.00;0.00;0.00
1762816541.0633245;0.00;580.34;0.00;0.00;725.01;1537.00;0.00;0.00;0.00;0.00;0.00;0.00;0.00;0.00;0.00;97.00;241.67;624.67;1440.00;0.00;0.00;0.00;0.00;1200.00;784.67;640.00;1000.00;310.00;744.00;1750.00;3228.68;2508.00;1190.00;1200.00;1200.00;310.00;929.34;950.00;224.67;310.00;0.00;620.00;0.00;320.00;0.00;0.00;0.00
1762816549.6699605;0.00;580.34;0.00;0.00;725.01;1537.00;0.00;0.00;0.00;0.00;0.00;0.00;0.00;144.67;0.00;97.00;241.67;624.67;1440.00;0.00;0.00;0.00;0.00;1200.00;784.67;640.00;1000.00;310.00;744.00;1750.00;3228.68;2508.00;1190.00;1200.00;1200.00;310.00;929.34;950.00;224.67;310.00;0.00;620.00;0.00;320.00;0.00;0.00;0.00
1762816549.6708815;0.00;580.34;0.00;0.00;725.01;1537.00;0.00;0.00;0.00;0.00;0.00;0.00;0.00;144.67;0.00;97.00;241.67;624.67;1440.00;0.00;0.00;0.00;0.00;1200.00;784.67;640.00;1000.00;310.00;744.00;1750.00;3228.68;2508.00;1190.00;1200.00;1200.00;310.00;929.34;950.00;224.67;310.00;0.00;620.00;0.00;320.00;0.00;0.00;0.00
1762816549.709062;0.00;580.34;0.00;0.00;725.01;1537.00;0.00;0.00;0.00;0.00;0.00;0.00;0.00;289.34;0.00;97.00;241.67;624.67;1440.00;0.00;0.00;0.00;0.00;1200.00;784.67;640.00;1000.00;310.00;744.00;1750.00;3228.68;2508.00;1190.00;1200.00;1200.00;310.00;929.34;950.00;224.67;310.00;0.00;620.00;0.00;320.00;0.00;0.00;0.00
1762816549.7095864;0.00;580.34;0.00;0.00;725.01;1537.00;0.00;0.00;0.00;0.00;0.00;0.00;0.00;289.34;0.00;97.00;241.67;624.67;1440.00;0.00;0.00;0.00;0.00;1200.00;784.67;640.00;1000.00;310.00;744.00;1750.00;3228.68;2508.00;1190.00;1200.00;1200.00;310.00;929.34;950.00;224.67;310.00;0.00;620.00;0.00;320.00;0.00;0.00;0.00
1762816549.913519;0.00;580.34;0.00;0.00;725.01;1537.00;0.00;0.00;0.00;0.00;0.00;0.00;0.00;434.01;0.00;97.00;241.67;624.67;1440.00;0.00;0.00;0.00;0.00;1200.00;944.67;800.00;1160.00;310.00;744.00;1750.00;3228.68;2508.00;1190.00;1200.00;1200.00;310.00;929.34;950.00;224.67;310.00;0.00;620.00;0.00;320.00;0.00;0.00;0.00
1762816549.9143877;0.00;580.34;0.00;0.00;725.01;1537.00;0.00;0.00;0.00;0.00;0.00;0.00;0.00;434.01;0.00;97.00;241.67;624.67;1440.00;0.00;0.00;0.00;0.00;1200.00;944.67;800.00;1160.00;310.00;744.00;1750.00;3228.68;2508.00;1190.00;1200.00;1200.00;310.00;929.34;950.00;224.67;310.00;0.00;620.00;0.00;320.00;0.00;0.00;0.00
1762816549.9729633;0.00;580.34;0.00;0.00;725.01;1537.00;0.00;0.00;0.00;0.00;0.00;0.00;0.00;578.68;0.00;97.00;241.67;624.67;1440.00;0.00;0.00;0.00;0.00;1200.00;1104.67;960.00;1320.00;310.00;744.00;1750.00;3228.68;2508.00;1190.00;1200.00;1200.00;310.00;929.34;950.00;224.67;310.00;0.00;620.00;0.00;320.00;0.00;0.00;0.00
1762816549.9738317;0.00;580.34;0.00;0.00;725.01;1537.00;0.00;0.00;0.00;0.00;0.00;0.00;0.00;578.68;0.00;97.00;241.67;624.67;1440.00;0.00;0.00;0.00;0.00;1200.00;1104.67;960.00;1320.00;310.00;744.00;1750.00;3228.68;2508.00;1190.00;1200.00;1200.00;310.00;929.34;950.00;224.67;310.00;0.00;620.00;0.00;320.00;0.00;0.00;0.00
1762816550.0303762;0.00;580.34;0.00;0.00;725.01;1537.00;0.00;0.00;0.00;0.00;0.00;0.00;0.00;723.35;0.00;97.00;241.67;624.67;1440.00;0.00;0.00;0.00;0.00;1264.67;1184.67;1040.00;1470.00;310.00;744.00;1900.00;3388.68;2668.00;1350.00;1360.00;1264.67;310.00;1249.34;950.00;224.67;310.00;0.00;620.00;0.00;320.00;0.00;0.00;0.00
1762816550.0312266;0.00;580.34;0.00;0.00;725.01;1537.00;0.00;0.00;0.00;0.00;0.00;0.00;0.00;723.35;0.00;97.00;241.67;624.67;1440.00;0.00;0.00;0.00;0.00;1264.67;1184.67;1040.00;1470.00;310.00;744.00;1900.00;3388.68;2668.00;1350.00;1360.00;1264.67;310.00;1249.34;950.00;224.67;310.00;0.00;620.00;0.00;320.00;0.00;0.00;0.00
1762816550.0875845;0.00;580.34;0.00;0.00;725.01;1537.00;0.00;0.00;0.00;0.00;0.00;0.00;0.00;868.02;0.00;97.00;241.67;624.67;1440.00;0.00;0.00;0.00;0.00;1264.67;1329.34;1184.67;1614.67;310.00;744.00;1900.00;3388.68;2668.00;1350.00;1360.00;1264.67;310.00;1249.34;950.00;224.67;310.00;0.00;620.00;0.00;320.00;0.00;0.00;0.00
1762816550.088451;0.00;580.34;0.00;0.00;725.01;1537.00;0.00;0.00;0.00;0.00;0.00;0.00;0.00;868.02;0.00;97.00;241.67;624.67;1440.00;0.00;0.00;0.00;0.00;1264.67;1329.34;1184.67;1614.67;310.00;744.00;1900.00;3388.68;2668.00;1350.00;1360.00;1264.67;310.00;1249.34;950.00;224.67;310.00;0.00;620.00;0.00;320.00;0.00;0.00;0.00
1762816551.1097488;0.00;580.34;0.00;0.00;725.01;1537.00;0.00;0.00;0.00;0.00;0.00;0.00;0.00;868.02;0.00;241.67;241.67;480.00;480.00;0.00;0.00;0.00;0.00;464.67;864.67;1024.67;1384.67;310.00;1044.00;1900.00;3238.68;2508.00;870.00;560.00;464.67;310.00;929.34;640.00;224.67;310.00;0.00;0.00;0.00;0.00;0.00;0.00;0.00
1762816551.1110382;0.00;580.34;0.00;0.00;725.01;1537.00;0.00;0.00;0.00;0.00;0.00;0.00;0.00;868.02;0.00;241.67;241.67;480.00;480.00;0.00;0.00;0.00;0.00;464.67;864.67;1024.67;1384.67;310.00;1044.00;1900.00;3238.68;2508.00;870.00;560.00;464.67;310.00;929.34;640.00;224.67;310.00;0.00;0.00;0.00;0.00;0.00;0.00;0.00
1762816551.1687427;0.00;580.34;0.00;0.00;725.01;1681.67;0.00;0.00;0.00;0.00;0.00;0.00;0.00;868.02;0.00;241.67;241.67;480.00;480.00;0.00;0.00;0.00;0.00;464.67;864.67;1024.67;1384.67;310.00;1044.00;1900.00;3318.68;2572.67;870.00;560.00;464.67;310.00;929.34;640.00;224.67;310.00;0.00;0.00;0.00;0.00;0.00;0.00;0.00
1762816551.169655;0.00;580.34;0.00;0.00;725.01;1681.67;0.00;0.00;0.00;0.00;0.00;0.00;0.00;868.02;0.00;241.67;241.67;480.00;480.00;0.00;0.00;0.00;0.00;464.67;864.67;1024.67;1384.67;310.00;1044.00;1900.00;3318.68;2572.67;870.00;560.00;464.67;310.00;929.34;640.00;224.67;310.00;0.00;0.00;0.00;0.00;0.00;0.00;0.00
1762816551.2271287;0.00;580.34;0.00;0.00;725.01;1826.34;0.00;0.00;0.00;0.00;0.00;0.00;0.00;868.02;0.00;241.67;241.67;480.00;480.00;0.00;0.00;0.00;0.00;464.67;864.67;1024.67;1384.67;310.00;1044.00;1900.00;3318.68;2717.34;870.00;560.00;464.67;310.00;1469.34;640.00;224.67;310.00;0.00;0.00;0.00;0.00;0.00;0.00;0.00
1762816551.2280455;0.00;580.34;0.00;0.00;725.01;1826.34;0.00;0.00;0.00;0.00;0.00;0.00;0.00;868.02;0.00;241.67;241.67;480.00;480.00;0.00;0.00;0.00;0.00;464.67;864.67;1024.67;1384.67;310.00;1044.00;1900.00;3318.68;2717.34;870.00;560.00;464.67;310.00;1469.34;640.00;224.67;310.00;0.00;0.00;0.00;0.00;0.00;0.00;0.00
1762816551.283531;0.00;580.34;0.00;0.00;725.01;1971.01;0.00;0.00;0.00;0.00;0.00;0.00;0.00;868.02;0.00;241.67;241.67;480.00;480.00;0.00;0.00;0.00;0.00;624.67;1174.67;1334.67;1694.67;310.00;1044.00;1900.00;3548.68;2932.01;1030.00;720.00;624.67;310.00;1469.34;640.00;454.67;310.00;0.00;320.00;0.00;0.00;0.00;0.00;0.00
1762816551.284442;0.00;580.34;0.00;0.00;725.01;1971.01;0.00;0.00;0.00;0.00;0.00;0.00;0.00;868.02;0.00;241.67;241.67;480.00;480.00;0.00;0.00;0.00;0.00;624.67;1174.67;1334.67;1694.67;310.00;1044.00;1900.00;3548.68;2932.01;1030.00;720.00;624.67;310.00;1469.34;640.00;454.67;310.00;0.00;320.00;0.00;0.00;0.00;0.00;0.00
1762816551.4938033;0.00;580.34;0.00;0.00;725.01;1971.01;0.00;0.00;0.00;0.00;0.00;0.00;0.00;868.02;0.00;241.67;241.67;480.00;480.00;0.00;0.00;0.00;0.00;624.67;1174.67;1334.67;1694.67;310.00;1044.00;1900.00;3548.68;2932.01;1030.00;720.00;624.67;310.00;1469.34;640.00;454.67;310.00;0.00;320.00;0.00;0.00;0.00;0.00;0.00
1762816551.4947166;0.00;580.34;0.00;0.00;725.01;1971.01;0.00;0.00;0.00;0.00;0.00;0.00;0.00;868.02;0.00;241.67;241.67;480.00;480.00;0.00;0.00;0.00;0.00;624.67;1174.67;1334.67;1694.67;310.00;1044.00;1900.00;3548.68;2932.01;1030.00;720.00;624.67;310.00;1469.34;640.00;454.67;310.00;0.00;320.00;0.00;0.00;0.00;0.00;0.00
1762816556.115639;0.00;0.00;0.00;97.00;580.34;1874.01;0.00;0.00;0.00;0.00;0.00;0.00;0.00;868.02;0.00;241.67;241.67;480.00;480.00;0.00;0.00;0.00;0.00;624.67;1174.67;1334.67;1694.67;310.00;1044.00;1420.00;2900.00;1910.35;1030.00;720.00;624.67;310.00;1244.67;640.00;230.00;310.00;0.00;320.00;0.00;0.00;0.00;0.00;0.00
1762816556.1165342;0.00;0.00;0.00;97.00;580.34;1874.01;0.00;0.00;0.00;0.00;0.00;0.00;0.00;868.02;0.00;241.67;241.67;480.00;480.00;0.00;0.00;0.00;0.00;624.67;1174.67;1334.67;1694.67;310.00;1044.00;1420.00;2900.00;1910.35;1030.00;720.00;624.67;310.00;1244.67;640.00;230.00;310.00;0.00;320.00;0.00;0.00;0.00;0.00;0.00
1762816561.1123514;0.00;0.00;0.00;194.00;435.67;1874.01;0.00;0.00;0.00;0.00;0.00;0.00;0.00;868.02;0.00;241.67;241.67;240.00;480.00;0.00;0.00;0.00;0.00;624.67;1174.67;1094.67;1464.67;310.00;1044.00;1260.00;2750.00;1910.35;1030.00;720.00;624.67;310.00;1404.67;640.00;230.00;310.00;0.00;320.00;0.00;0.00;0.00;0.00;0.00
1762816561.1128423;0.00;0.00;0.00;194.00;435.67;1874.01;0.00;0.00;0.00;0.00;0.00;0.00;0.00;868.02;0.00;241.67;241.67;240.00;480.00;0.00;0.00;0.00;0.00;624.67;1174.67;1094.67;1464.67;310.00;1044.00;1260.00;2750.00;1910.35;1030.00;720.00;624.67;310.00;1404.67;640.00;230.00;310.00;0.00;320.00;0.00;0.00;0.00;0.00;0.00
1762816561.1540058;0.00;0.00;0.00;194.00;435.67;1874.01;0.00;0.00;0.00;0.00;0.00;0.00;0.00;1012.69;0.00;241.67;241.67;240.00;480.00;0.00;0.00;0.00;0.00;624.67;1254.67;1174.67;1544.67;390.00;1194.00;1260.00;2750.00;1910.35;1030.00;720.00;624.67;310.00;1404.67;640.00;230.00;310.00;0.00;630.00;0.00;0.00;0.00;0.00;0.00
1762816561.1549048;0.00;0.00;0.00;194.00;435.67;1874.01;0.00;0.00;0.00;0.00;0.00;0.00;0.00;1012.69;0.00;241.67;241.67;240.00;480.00;0.00;0.00;0.00;0.00;624.67;1254.67;1174.67;1544.67;390.00;1194.00;1260.00;2750.00;1910.35;1030.00;720.00;624.67;310.00;1404.67;640.00;230.00;310.00;0.00;630.00;0.00;0.00;0.00;0.00;0.00
1762816569.6775188;0.00;0.00;0.00;194.00;435.67;1874.01;0.00;0.00;0.00;0.00;0.00;144.67;0.00;1012.69;0.00;241.67;241.67;240.00;480.00;0.00;0.00;0.00;0.00;624.67;1254.67;1174.67;1759.34;550.00;1354.00;1260.00;2750.00;1910.35;1030.00;720.00;624.67;310.00;1404.67;640.00;230.00;310.00;0.00;630.00;0.00;0.00;0.00;0.00;0.00
1762816569.6780171;0.00;0.00;0.00;194.00;435.67;1874.01;0.00;0.00;0.00;0.00;0.00;144.67;0.00;1012.69;0.00;241.67;241.67;240.00;480.00;0.00;0.00;0.00;0.00;624.67;1254.67;1174.67;1759.34;550.00;1354.00;1260.00;2750.00;1910.35;1030.00;720.00;624.67;310.00;1404.67;640.00;230.00;310.00;0.00;630.00;0.00;0.00;0.00;0.00;0.00
1762816569.7225032;0.00;0.00;0.00;194.00;435.67;1874.01;0.00;0.00;0.00;0.00;0.00;289.34;0.00;1012.69;0.00;241.67;241.67;240.00;480.00;0.00;0.00;0.00;0.00;624.67;1254.67;1174.67;1974.01;614.67;1514.00;1410.00;2750.00;1910.35;1030.00;720.00;624.67;310.00;1404.67;640.00;230.00;310.00;0.00;630.00;0.00;0.00;0.00;0.00;0.00
1762816569.722988;0.00;0.00;0.00;194.00;435.67;1874.01;0.00;0.00;0.00;0.00;0.00;289.34;0.00;1012.69;0.00;241.67;241.67;240.00;480.00;0.00;0.00;0.00;0.00;624.67;1254.67;1174.67;1974.01;614.67;1514.00;1410.00;2750.00;1910.35;1030.00;720.00;624.67;310.00;1404.67;640.00;230.00;310.00;0.00;630.00;0.00;0.00;0.00;0.00;0.00
1762816569.7803447;0.00;0.00;0.00;194.00;435.67;1874.01;0.00;0.00;0.00;0.00;0.00;434.01;0.00;1012.69;0.00;241.67;241.67;240.00;480.00;0.00;0.00;0.00;0.00;624.67;1254.67;1174.67;2188.68;679.34;1578.67;1570.00;2750.00;1910.35;1030.00;720.00;624.67;310.00;1404.67;640.00;230.00;310.00;0.00;630.00;0.00;0.00;0.00;0.00;0.00
1762816569.7811937;0.00;0.00;0.00;194.00;435.67;1874.01;0.00;0.00;0.00;0.00;0.00;434.01;0.00;1012.69;0.00;241.67;241.67;240.00;480.00;0.00;0.00;0.00;0.00;624.67;1254.67;1174.67;2188.68;679.34;1578.67;1570.00;2750.00;1910.35;1030.00;720.00;624.67;310.00;1404.67;640.00;230.00;310.00;0.00;630.00;0.00;0.00;0.00;0.00;0.00
1762816569.8243117;0.00;0.00;0.00;194.00;435.67;1874.01;0.00;0.00;0.00;0.00;0.00;578.68;0.00;1012.69;0.00;241.67;241.67;240.00;480.00;0.00;0.00;0.00;0.00;624.67;1254.67;1174.67;2488.68;679.34;1578.67;1570.00;2750.00;1910.35;1030.00;720.00;624.67;310.00;1404.67;640.00;230.00;310.00;0.00;630.00;0.00;0.00;0.00;0.00;0.00
1762816569.8249018;0.00;0.00;0.00;194.00;435.67;1874.01;0.00;0.00;0.00;0.00;0.00;578.68;0.00;1012.69;0.00;241.67;241.67;240.00;480.00;0.00;0.00;0.00;0.00;624.67;1254.67;1174.67;2488.68;679.34;1578.67;1570.00;2750.00;1910.35;1030.00;720.00;624.67;310.00;1404.67;640.00;230.00;310.00;0.00;630.00;0.00;0.00;0.00;0.00;0.00
1762816569.862884;0.00;0.00;0.00;194.00;435.67;1874.01;0.00;0.00;0.00;0.00;0.00;723.35;0.00;1012.69;0.00;241.67;241.67;240.00;480.00;0.00;0.00;0.00;0.00;624.67;1254.67;1174.67;2788.68;829.34;1728.67;1570.00;2750.00;1910.35;1030.00;720.00;624.67;310.00;1404.67;640.00;230.00;310.00;0.00;630.00;0.00;0.00;0.00;0.00;0.00
1762816569.8633888;0.00;0.00;0.00;194.00;435.67;1874.01;0.00;0.00;0.00;0.00;0.00;723.35;0.00;1012.69;0.00;241.67;241.67;240.00;480.00;0.00;0.00;0.00;0.00;624.67;1254.67;1174.67;2788.68;829.34;1728.67;1570.00;2750.00;1910.35;1030.00;720.00;624.67;310.00;1404.67;640.00;230.00;310.00;0.00;630.00;0.00;0.00;0.00;0.00;0.00
1762816570.0038023;0.00;0.00;0.00;194.00;435.67;1874.01;0.00;0.00;0.00;0.00;0.00;963.35;0.00;1012.69;0.00;241.67;241.67;240.00;480.00;0.00;0.00;0.00;0.00;624.67;1254.67;1174.67;3028.68;1069.34;1968.67;1730.00;2750.00;1910.35;1030.00;720.00;624.67;540.00;1404.67;640.00;230.00;310.00;320.00;630.00;0.00;0.00;0.00;0.00;0.00
1762816570.0043576;0.00;0.00;0.00;194.00;435.67;1874.01;0.00;0.00;0.00;0.00;0.00;963.35;0.00;1012.69;0.00;241.67;241.67;240.00;480.00;0.00;0.00;0.00;0.00;624.67;1254.67;1174.67;3028.68;1069.34;1968.67;1730.00;2750.00;1910.35;1030.00;720.00;624.67;540.00;1404.67;640.00;230.00;310.00;320.00;630.00;0.00;0.00;0.00;0.00;0.00
1762816571.141526;0.00;0.00;0.00;194.00;435.67;1874.01;0.00;0.00;0.00;0.00;0.00;963.35;0.00;868.02;0.00;481.67;241.67;240.00;480.00;0.00;0.00;0.00;0.00;624.67;1094.67;1014.67;2868.68;1069.34;2208.67;1970.00;2750.00;1910.35;1030.00;720.00;624.67;540.00;1404.67;640.00;230.00;310.00;320.00;630.00;0.00;0.00;0.00;0.00;0.00
1762816571.142406;0.00;0.00;0.00;194.00;435.67;1874.01;0.00;0.00;0.00;0.00;0.00;963.35;0.00;868.02;0.00;481.67;241.67;240.00;480.00;0.00;0.00;0.00;0.00;624.67;1094.67;1014.67;2868.68;1069.34;2208.67;1970.00;2750.00;1910.35;1030.00;720.00;624.67;540.00;1404.67;640.00;230.00;310.00;320.00;630.00;0.00;0.00;0.00;0.00;0.00
1762816576.1368418;0.00;0.00;0.00;194.00;435.67;1440.00;0.00;0.00;0.00;0.00;0.00;963.35;0.00;723.35;0.00;626.34;241.67;240.00;0.00;0.00;0.00;0.00;0.00;224.67;624.67;544.67;2408.68;1069.34;2353.34;2210.00;2440.00;1256.34;630.00;320.00;224.67;540.00;864.67;640.00;310.00;310.00;320.00;310.00;0.00;0.00;0.00;0.00;0.00
1762816576.1374056;0.00;0.00;0.00;194.00;435.67;1440.00;0.00;0.00;0.00;0.00;0.00;963.35;0.00;723.35;0.00;626.34;241.67;240.00;0.00;0.00;0.00;0.00;0.00;224.67;624.67;544.67;2408.68;1069.34;2353.34;2210.00;2440.00;1256.34;630.00;320.00;224.67;540.00;864.67;640.00;310.00;310.00;320.00;310.00;0.00;0.00;0.00;0.00;0.00
1762816581.1530926;0.00;0.00;0.00;194.00;435.67;1440.00;0.00;0.00;0.00;0.00;0.00;963.35;0.00;578.68;0.00;771.01;241.67;240.00;0.00;0.00;0.00;0.00;0.00;224.67;464.67;384.67;2248.68;1069.34;2498.01;2450.00;2600.00;1406.34;630.00;320.00;224.67;540.00;864.67;640.00;860.00;310.00;320.00;310.00;0.00;0.00;0.00;0.00;0.00
1762816581.1539562;0.00;0.00;0.00;194.00;435.67;1440.00;0.00;0.00;0.00;0.00;0.00;963.35;0.00;578.68;0.00;771.01;241.67;240.00;0.00;0.00;0.00;0.00;0.00;224.67;464.67;384.67;2248.68;1069.34;2498.01;2450.00;2600.00;1406.34;630.00;320.00;224.67;540.00;864.67;640.00;860.00;310.00;320.00;310.00;0.00;0.00;0.00;0.00;0.00
1762816591.1390305;0.00;0.00;0.00;194.00;435.67;1440.00;0.00;0.00;0.00;0.00;0.00;963.35;0.00;289.34;0.00;626.34;0.00;0.00;0.00;0.00;0.00;0.00;0.00;0.00;144.67;144.67;1938.68;989.34;1721.01;2300.00;2440.00;1246.34;310.00;0.00;0.00;540.00;544.67;640.00;860.00;310.00;320.00;0.00;0.00;0.00;0.00;0.00;0.00
1762816591.1395352;0.00;0.00;0.00;194.00;435.67;1440.00;0.00;0.00;0.00;0.00;0.00;963.35;0.00;289.34;0.00;626.34;0.00;0.00;0.00;0.00;0.00;0.00;0.00;0.00;144.67;144.67;1938.68;989.34;1721.01;2300.00;2440.00;1246.34;310.00;0.00;0.00;540.00;544.67;640.00;860.00;310.00;320.00;0.00;0.00;0.00;0.00;0.00;0.00
1762816591.6878612;0.00;0.00;0.00;194.00;435.67;1440.00;0.00;0.00;0.00;97.00;0.00;963.35;0.00;289.34;0.00;626.34;0.00;0.00;0.00;0.00;0.00;0.00;0.00;0.00;144.67;144.67;1938.68;989.34;1721.01;2300.00;2440.00;1246.34;310.00;0.00;0.00;540.00;544.67;640.00;1074.67;310.00;320.00;0.00;0.00;0.00;0.00;0.00;0.00
1762816591.6887846;0.00;0.00;0.00;194.00;435.67;1440.00;0.00;0.00;0.00;97.00;0.00;963.35;0.00;289.34;0.00;626.34;0.00;0.00;0.00;0.00;0.00;0.00;0.00;0.00;144.67;144.67;1938.68;989.34;1721.01;2300.00;2440.00;1246.34;310.00;0.00;0.00;540.00;544.67;640.00;1074.67;310.00;320.00;0.00;0.00;0.00;0.00;0.00;0.00
1762816591.7509446;0.00;0.00;0.00;194.00;435.67;1440.00;0.00;0.00;0.00;194.00;0.00;963.35;0.00;289.34;0.00;626.34;0.00;0.00;0.00;0.00;0.00;0.00;0.00;0.00;144.67;144.67;1938.68;989.34;1721.01;2300.00;2680.00;1556.34;310.00;0.00;0.00;540.00;544.67;640.00;1411.67;310.00;320.00;0.00;0.00;0.00;0.00;0.00;0.00
1762816591.7518494;0.00;0.00;0.00;194.00;435.67;1440.00;0.00;0.00;0.00;194.00;0.00;963.35;0.00;289.34;0.00;626.34;0.00;0.00;0.00;0.00;0.00;0.00;0.00;0.00;144.67;144.67;1938.68;989.34;1721.01;2300.00;2680.00;1556.34;310.00;0.00;0.00;540.00;544.67;640.00;1411.67;310.00;320.00;0.00;0.00;0.00;0.00;0.00;0.00
1762816591.8102913;0.00;0.00;0.00;194.00;435.67;1440.00;0.00;0.00;0.00;291.00;0.00;963.35;0.00;289.34;0.00;626.34;0.00;0.00;0.00;0.00;0.00;0.00;0.00;0.00;144.67;144.67;1938.68;989.34;1721.01;2300.00;2824.67;1866.34;310.00;0.00;0.00;540.00;544.67;640.00;1524.00;310.00;320.00;0.00;0.00;0.00;0.00;0.00;0.00
1762816591.8107762;0.00;0.00;0.00;194.00;435.67;1440.00;0.00;0.00;0.00;291.00;0.00;963.35;0.00;289.34;0.00;626.34;0.00;0.00;0.00;0.00;0.00;0.00;0.00;0.00;144.67;144.67;1938.68;989.34;1721.01;2300.00;2824.67;1866.34;310.00;0.00;0.00;540.00;544.67;640.00;1524.00;310.00;320.00;0.00;0.00;0.00;0.00;0.00;0.00
1762816592.0065744;0.00;0.00;0.00;194.00;435.67;1440.00;0.00;0.00;0.00;388.00;0.00;963.35;0.00;289.34;0.00;626.34;0.00;0.00;0.00;0.00;0.00;0.00;0.00;0.00;144.67;144.67;1938.68;989.34;1721.01;2380.00;2889.34;2026.34;310.00;0.00;0.00;540.00;544.67;640.00;1636.33;310.00;320.00;0.00;0.00;0.00;0.00;0.00;0.00
1762816592.0070772;0.00;0.00;0.00;194.00;435.67;1440.00;0.00;0.00;0.00;388.00;0.00;963.35;0.00;289.34;0.00;626.34;0.00;0.00;0.00;0.00;0.00;0.00;0.00;0.00;144.67;144.67;1938.68;989.34;1721.01;2380.00;2889.34;2026.34;310.00;0.00;0.00;540.00;544.67;640.00;1636.33;310.00;320.00;0.00;0.00;0.00;0.00;0.00;0.00
1762816592.0665953;0.00;0.00;0.00;194.00;435.67;1440.00;0.00;0.00;0.00;532.67;0.00;963.35;0.00;289.34;0.00;626.34;0.00;0.00;0.00;0.00;0.00;0.00;0.00;0.00;144.67;144.67;1938.68;989.34;1721.01;2444.67;2969.34;2176.34;310.00;0.00;0.00;540.00;544.67;640.00;1636.33;310.00;320.00;0.00;0.00;0.00;0.00;0.00;0.00
1762816592.0674815;0.00;0.00;0.00;194.00;435.67;1440.00;0.00;0.00;0.00;532.67;0.00;963.35;0.00;289.34;0.00;626.34;0.00;0.00;0.00;0.00;0.00;0.00;0.00;0.00;144.67;144.67;1938.68;989.34;1721.01;2444.67;2969.34;2176.34;310.00;0.00;0.00;540.00;544.67;640.00;1636.33;310.00;320.00;0.00;0.00;0.00;0.00;0.00;0.00
1762816592.1185803;0.00;0.00;0.00;194.00;435.67;1440.00;0.00;0.00;0.00;677.34;0.00;963.35;0.00;289.34;0.00;626.34;0.00;0.00;0.00;0.00;0.00;0.00;0.00;0.00;144.67;144.67;1938.68;989.34;1721.01;2444.67;3114.01;2486.34;310.00;0.00;0.00;540.00;544.67;640.00;1636.33;310.00;320.00;0.00;0.00;0.00;0.00;0.00;0.00
1762816592.1191502;0.00;0.00;0.00;194.00;435.67;1440.00;0.00;0.00;0.00;677.34;0.00;963.35;0.00;289.34;0.00;626.34;0.00;0.00;0.00;0.00;0.00;0.00;0.00;0.00;144.67;144.67;1938.68;989.34;1721.01;2444.67;3114.01;2486.34;310.00;0.00;0.00;540.00;544.67;640.00;1636.33;310.00;320.00;0.00;0.00;0.00;0.00;0.00;0.00
1762816596.171483;0.00;0.00;0.00;0.00;532.67;1440.00;0.00;0.00;0.00;677.34;0.00;963.35;0.00;289.34;0.00;626.34;0.00;0.00;0.00;0.00;0.00;0.00;0.00;0.00;144.67;144.67;1938.68;989.34;1721.01;2444.67;2954.01;2341.67;310.00;0.00;0.00;540.00;384.67;640.00;1636.33;310.00;320.00;0.00;0.00;0.00;0.00;0.00;0.00
1762816596.1720324;0.00;0.00;0.00;0.00;532.67;1440.00;0.00;0.00;0.00;677.34;0.00;963.35;0.00;289.34;0.00;626.34;0.00;0.00;0.00;0.00;0.00;0.00;0.00;0.00;144.67;144.67;1938.68;989.34;1721.01;2444.67;2954.01;2341.67;310.00;0.00;0.00;540.00;384.67;640.00;1636.33;310.00;320.00;0.00;0.00;0.00;0.00;0.00;0.00
1762816596.227498;0.00;0.00;0.00;0.00;677.34;1440.00;0.00;0.00;0.00;677.34;0.00;963.35;0.00;289.34;0.00;626.34;0.00;0.00;0.00;0.00;0.00;0.00;0.00;0.00;144.67;144.67;1938.68;989.34;1721.01;2444.67;2954.01;2651.67;310.00;0.00;0.00;540.00;384.67;640.00;1636.33;310.00;320.00;0.00;0.00;0.00;0.00;0.00;0.00
1762816596.2283843;0.00;0.00;0.00;0.00;677.34;1440.00;0.00;0.00;0.00;677.34;0.00;963.35;0.00;289.34;0.00;626.34;0.00;0.00;0.00;0.00;0.00;0.00;0.00;0.00;144.67;144.67;1938.68;989.34;1721.01;2444.67;2954.01;2651.67;310.00;0.00;0.00;540.00;384.67;640.00;1636.33;310.00;320.00;0.00;0.00;0.00;0.00;0.00;0.00
1762816601.1756303;0.00;0.00;0.00;0.00;677.34;0.00;0.00;0.00;0.00;677.34;0.00;963.35;0.00;289.34;0.00;481.67;97.00;0.00;0.00;0.00;0.00;0.00;0.00;0.00;144.67;144.67;1628.68;679.34;1353.34;1404.67;1844.01;2341.67;0.00;0.00;0.00;230.00;384.67;0.00;1326.33;0.00;320.00;0.00;0.00;0.00;0.00;0.00;0.00
1762816601.1761308;0.00;0.00;0.00;0.00;677.34;0.00;0.00;0.00;0.00;677.34;0.00;963.35;0.00;289.34;0.00;481.67;97.00;0.00;0.00;0.00;0.00;0.00;0.00;0.00;144.67;144.67;1628.68;679.34;1353.34;1404.67;1844.01;2341.67;0.00;0.00;0.00;230.00;384.67;0.00;1326.33;0.00;320.00;0.00;0.00;0.00;0.00;0.00;0.00
1762816606.1836202;0.00;0.00;0.00;0.00;677.34;0.00;0.00;0.00;0.00;677.34;0.00;963.35;0.00;289.34;0.00;337.00;194.00;0.00;0.00;0.00;0.00;0.00;0.00;0.00;144.67;144.67;1628.68;679.34;1305.67;1324.67;1684.01;2191.67;0.00;0.00;0.00;230.00;384.67;0.00;1086.33;0.00;320.00;0.00;0.00;0.00;0.00;0.00;0.00
1762816606.1844835;0.00;0.00;0.00;0.00;677.34;0.00;0.00;0.00;0.00;677.34;0.00;963.35;0.00;289.34;0.00;337.00;194.00;0.00;0.00;0.00;0.00;0.00;0.00;0.00;144.67;144.67;1628.68;679.34;1305.67;1324.67;1684.01;2191.67;0.00;0.00;0.00;230.00;384.67;0.00;1086.33;0.00;320.00;0.00;0.00;0.00;0.00;0.00;0.00
1762816610.697354;0.00;0.00;0.00;0.00;677.34;0.00;0.00;0.00;0.00;774.34;0.00;963.35;0.00;289.34;0.00;337.00;194.00;0.00;0.00;0.00;0.00;0.00;0.00;0.00;144.67;144.67;1628.68;679.34;1305.67;1324.67;2026.34;2271.67;0.00;0.00;0.00;230.00;384.67;0.00;1311.00;0.00;320.00;0.00;0.00;0.00;0.00;0.00;0.00
1762816610.6982083;0.00;0.00;0.00;0.00;677.34;0.00;0.00;0.00;0.00;774.34;0.00;963.35;0.00;289.34;0.00;337.00;194.00;0.00;0.00;0.00;0.00;0.00;0.00;0.00;144.67;144.67;1628.68;679.34;1305.67;1324.67;2026.34;2271.67;0.00;0.00;0.00;230.00;384.67;0.00;1311.00;0.00;320.00;0.00;0.00;0.00;0.00;0.00;0.00
1762816610.8392758;0.00;0.00;0.00;0.00;677.34;0.00;0.00;0.00;0.00;871.34;0.00;963.35;0.00;289.34;0.00;337.00;194.00;0.00;0.00;0.00;0.00;0.00;0.00;0.00;144.67;144.67;1628.68;759.34;1385.67;1357.00;2091.01;2271.67;0.00;0.00;0.00;230.00;384.67;0.00;1311.00;0.00;320.00;0.00;0.00;0.00;0.00;0.00;0.00
1762816610.8397832;0.00;0.00;0.00;0.00;677.34;0.00;0.00;0.00;0.00;871.34;0.00;963.35;0.00;289.34;0.00;337.00;194.00;0.00;0.00;0.00;0.00;0.00;0.00;0.00;144.67;144.67;1628.68;759.34;1385.67;1357.00;2091.01;2271.67;0.00;0.00;0.00;230.00;384.67;0.00;1311.00;0.00;320.00;0.00;0.00;0.00;0.00;0.00;0.00
1762816610.9044838;0.00;0.00;0.00;0.00;677.34;0.00;0.00;0.00;0.00;968.34;0.00;963.35;0.00;289.34;0.00;337.00;194.00;0.00;0.00;0.00;0.00;0.00;0.00;0.00;144.67;144.67;1628.68;759.34;1385.67;1357.00;2188.01;2501.67;0.00;0.00;0.00;230.00;614.67;0.00;1311.00;0.00;320.00;0.00;0.00;0.00;0.00;0.00;0.00
1762816610.905376;0.00;0.00;0.00;0.00;677.34;0.00;0.00;0.00;0.00;968.34;0.00;963.35;0.00;289.34;0.00;337.00;194.00;0.00;0.00;0.00;0.00;0.00;0.00;0.00;144.67;144.67;1628.68;759.34;1385.67;1357.00;2188.01;2501.67;0.00;0.00;0.00;230.00;614.67;0.00;1311.00;0.00;320.00;0.00;0.00;0.00;0.00;0.00;0.00
1762816610.9672463;0.00;0.00;0.00;0.00;677.34;0.00;0.00;0.00;0.00;1113.01;0.00;963.35;0.00;289.34;0.00;337.00;194.00;0.00;0.00;0.00;0.00;0.00;0.00;0.00;144.67;144.67;1628.68;759.34;1385.67;1357.00;2482.68;2566.34;0.00;0.00;0.00;230.00;829.34;0.00;1311.00;0.00;320.00;0.00;0.00;0.00;0.00;0.00;0.00
1762816610.9681816;0.00;0.00;0.00;0.00;677.34;0.00;0.00;0.00;0.00;1113.01;0.00;963.35;0.00;289.34;0.00;337.00;194.00;0.00;0.00;0.00;0.00;0.00;0.00;0.00;144.67;144.67;1628.68;759.34;1385.67;1357.00;2482.68;2566.34;0.00;0.00;0.00;230.00;829.34;0.00;1311.00;0.00;320.00;0.00;0.00;0.00;0.00;0.00;0.00
1762816611.0151067;0.00;0.00;0.00;0.00;677.34;0.00;0.00;0.00;0.00;1257.68;0.00;963.35;0.00;289.34;0.00;337.00;194.00;0.00;0.00;0.00;0.00;0.00;0.00;0.00;144.67;144.67;1628.68;759.34;1385.67;1357.00;2777.35;2966.34;0.00;0.00;0.00;230.00;1379.34;534.67;1311.00;0.00;320.00;0.00;0.00;0.00;0.00;0.00;0.00
1762816611.0155942;0.00;0.00;0.00;0.00;677.34;0.00;0.00;0.00;0.00;1257.68;0.00;963.35;0.00;289.34;0.00;337.00;194.00;0.00;0.00;0.00;0.00;0.00;0.00;0.00;144.67;144.67;1628.68;759.34;1385.67;1357.00;2777.35;2966.34;0.00;0.00;0.00;230.00;1379.34;534.67;1311.00;0.00;320.00;0.00;0.00;0.00;0.00;0.00;0.00
1762816611.0535858;0.00;0.00;0.00;0.00;677.34;0.00;0.00;0.00;0.00;1402.35;0.00;963.35;0.00;289.34;0.00;337.00;194.00;0.00;0.00;0.00;0.00;0.00;0.00;0.00;144.67;144.67;1628.68;919.34;1775.67;1501.67;2777.35;2966.34;0.00;0.00;0.00;454.67;1379.34;534.67;1311.00;0.00;320.00;0.00;0.00;0.00;0.00;0.00;0.00
1762816611.0541162;0.00;0.00;0.00;0.00;677.34;0.00;0.00;0.00;0.00;1402.35;0.00;963.35;0.00;289.34;0.00;337.00;194.00;0.00;0.00;0.00;0.00;0.00;0.00;0.00;144.67;144.67;1628.68;919.34;1775.67;1501.67;2777.35;2966.34;0.00;0.00;0.00;454.67;1379.34;534.67;1311.00;0.00;320.00;0.00;0.00;0.00;0.00;0.00;0.00
1762816611.1990619;0.00;0.00;0.00;0.00;580.34;0.00;0.00;0.00;0.00;1402.35;0.00;963.35;0.00;289.34;0.00;240.00;338.67;0.00;0.00;0.00;0.00;0.00;0.00;0.00;144.67;144.67;1628.68;919.34;1823.34;1351.67;2537.35;2869.34;0.00;0.00;0.00;454.67;1379.34;534.67;1311.00;0.00;320.00;0.00;0.00;0.00;0.00;0.00;0.00
1762816611.199929;0.00;0.00;0.00;0.00;580.34;0.00;0.00;0.00;0.00;1402.35;0.00;963.35;0.00;289.34;0.00;240.00;338.67;0.00;0.00;0.00;0.00;0.00;0.00;0.00;144.67;144.67;1628.68;919.34;1823.34;1351.67;2537.35;2869.34;0.00;0.00;0.00;454.67;1379.34;534.67;1311.00;0.00;320.00;0.00;0.00;0.00;0.00;0.00;0.00
1762816611.2552743;0.00;144.67;0.00;0.00;580.34;0.00;0.00;0.00;0.00;1402.35;0.00;963.35;0.00;289.34;0.00;240.00;338.67;0.00;0.00;0.00;0.00;0.00;0.00;0.00;144.67;144.67;1628.68;919.34;1823.34;1351.67;2682.02;2869.34;0.00;0.00;0.00;454.67;1379.34;534.67;1311.00;0.00;320.00;0.00;0.00;0.00;0.00;0.00;0.00
1762816611.2561615;0.00;144.67;0.00;0.00;580.34;0.00;0.00;0.00;0.00;1402.35;0.00;963.35;0.00;289.34;0.00;240.00;338.67;0.00;0.00;0.00;0.00;0.00;0.00;0.00;144.67;144.67;1628.68;919.34;1823.34;1351.67;2682.02;2869.34;0.00;0.00;0.00;454.67;1379.34;534.67;1311.00;0.00;320.00;0.00;0.00;0.00;0.00;0.00;0.00
1762816616.2072532;0.00;144.67;0.00;0.00;580.34;0.00;0.00;0.00;0.00;1402.35;0.00;963.35;0.00;289.34;0.00;0.00;483.34;0.00;0.00;0.00;0.00;0.00;0.00;0.00;144.67;144.67;1628.68;919.34;1728.01;1271.67;2682.02;2869.34;0.00;0.00;0.00;454.67;1379.34;534.67;1311.00;0.00;320.00;0.00;0.00;0.00;0.00;0.00;0.00
1762816616.2081535;0.00;144.67;0.00;0.00;580.34;0.00;0.00;0.00;0.00;1402.35;0.00;963.35;0.00;289.34;0.00;0.00;483.34;0.00;0.00;0.00;0.00;0.00;0.00;0.00;144.67;144.67;1628.68;919.34;1728.01;1271.67;2682.02;2869.34;0.00;0.00;0.00;454.67;1379.34;534.67;1311.00;0.00;320.00;0.00;0.00;0.00;0.00;0.00;0.00
1762816626.2820933;0.00;144.67;0.00;0.00;338.67;0.00;144.67;0.00;0.00;1402.35;0.00;963.35;0.00;289.34;0.00;0.00;483.34;0.00;0.00;0.00;0.00;0.00;0.00;0.00;144.67;144.67;1628.68;919.34;1728.01;1271.67;2906.69;2799.34;0.00;0.00;0.00;454.67;1379.34;534.67;1311.00;0.00;320.00;0.00;0.00;0.00;0.00;0.00;0.00
1762816626.2826161;0.00;144.67;0.00;0.00;338.67;0.00;144.67;0.00;0.00;1402.35;0.00;963.35;0.00;289.34;0.00;0.00;483.34;0.00;0.00;0.00;0.00;0.00;0.00;0.00;144.67;144.67;1628.68;919.34;1728.01;1271.67;2906.69;2799.34;0.00;0.00;0.00;454.67;1379.34;534.67;1311.00;0.00;320.00;0.00;0.00;0.00;0.00;0.00;0.00
1762816626.3153012;0.00;144.67;0.00;0.00;338.67;0.00;289.34;0.00;0.00;1402.35;0.00;963.35;0.00;289.34;0.00;0.00;483.34;0.00;0.00;0.00;0.00;0.00;0.00;0.00;144.67;144.67;1628.68;919.34;1728.01;1271.67;2906.69;3039.34;0.00;0.00;0.00;454.67;1379.34;534.67;1311.00;0.00;320.00;0.00;0.00;0.00;0.00;0.00;0.00
1762816626.3158264;0.00;144.67;0.00;0.00;338.67;0.00;289.34;0.00;0.00;1402.35;0.00;963.35;0.00;289.34;0.00;0.00;483.34;0.00;0.00;0.00;0.00;0.00;0.00;0.00;144.67;144.67;1628.68;919.34;1728.01;1271.67;2906.69;3039.34;0.00;0.00;0.00;454.67;1379.34;534.67;1311.00;0.00;320.00;0.00;0.00;0.00;0.00;0.00;0.00
1762816633.7326198;0.00;289.34;0.00;0.00;338.67;0.00;289.34;0.00;0.00;1402.35;0.00;963.35;0.00;289.34;0.00;0.00;483.34;0.00;0.00;0.00;0.00;0.00;0.00;0.00;144.67;144.67;1628.68;919.34;1728.01;1271.67;3206.69;3264.01;0.00;0.00;0.00;454.67;1699.34;1074.67;1311.00;0.00;320.00;0.00;0.00;0.00;0.00;0.00;0.00
1762816633.7337847;0.00;289.34;0.00;0.00;338.67;0.00;289.34;0.00;0.00;1402.35;0.00;963.35;0.00;289.34;0.00;0.00;483.34;0.00;0.00;0.00;0.00;0.00;0.00;0.00;144.67;144.67;1628.68;919.34;1728.01;1271.67;3206.69;3264.01;0.00;0.00;0.00;454.67;1699.34;1074.67;1311.00;0.00;320.00;0.00;0.00;0.00;0.00;0.00;0.00
1762816633.8094623;0.00;754.01;0.00;0.00;338.67;0.00;289.34;0.00;0.00;1402.35;0.00;963.35;0.00;289.34;0.00;0.00;483.34;0.00;0.00;0.00;0.00;0.00;0.00;150.00;144.67;144.67;1628.68;919.34;1728.01;1271.67;3206.69;3798.68;160.00;160.00;150.00;454.67;1924.01;1304.67;1311.00;0.00;320.00;0.00;0.00;0.00;0.00;0.00;0.00
1762816633.8103733;0.00;754.01;0.00;0.00;338.67;0.00;289.34;0.00;0.00;1402.35;0.00;963.35;0.00;289.34;0.00;0.00;483.34;0.00;0.00;0.00;0.00;0.00;0.00;150.00;144.67;144.67;1628.68;919.34;1728.01;1271.67;3206.69;3798.68;160.00;160.00;150.00;454.67;1924.01;1304.67;1311.00;0.00;320.00;0.00;0.00;0.00;0.00;0.00;0.00
1762816633.8783925;0.00;898.68;0.00;0.00;338.67;0.00;289.34;0.00;0.00;1402.35;0.00;963.35;0.00;289.34;0.00;0.00;483.34;0.00;0.00;0.00;0.00;0.00;0.00;150.00;144.67;144.67;1628.68;1079.34;1888.01;1416.34;3351.36;3798.68;160.00;160.00;150.00;454.67;1924.01;1304.67;1311.00;0.00;320.00;0.00;0.00;0.00;0.00;0.00;0.00
1762816633.8792787;0.00;898.68;0.00;0.00;338.67;0.00;289.34;0.00;0.00;1402.35;0.00;963.35;0.00;289.34;0.00;0.00;483.34;0.00;0.00;0.00;0.00;0.00;0.00;150.00;144.67;144.67;1628.68;1079.34;1888.01;1416.34;3351.36;3798.68;160.00;160.00;150.00;454.67;1924.01;1304.67;1311.00;0.00;320.00;0.00;0.00;0.00;0.00;0.00;0.00
1762816633.9422758;0.00;1138.68;0.00;0.00;338.67;0.00;289.34;0.00;0.00;1402.35;0.00;963.35;0.00;289.34;0.00;0.00;483.34;0.00;0.00;0.00;0.00;0.00;0.00;310.00;144.67;144.67;1628.68;1079.34;1888.01;1416.34;3501.36;3958.68;320.00;320.00;310.00;454.67;1924.01;1534.67;1311.00;0.00;320.00;0.00;0.00;0.00;320.00;0.00;0.00
1762816633.9431462;0.00;1138.68;0.00;0.00;338.67;0.00;289.34;0.00;0.00;1402.35;0.00;963.35;0.00;289.34;0.00;0.00;483.34;0.00;0.00;0.00;0.00;0.00;0.00;310.00;144.67;144.67;1628.68;1079.34;1888.01;1416.34;3501.36;3958.68;320.00;320.00;310.00;454.67;1924.01;1534.67;1311.00;0.00;320.00;0.00;0.00;0.00;320.00;0.00;0.00
1762816633.9987757;0.00;1378.68;0.00;0.00;338.67;0.00;289.34;0.00;0.00;1402.35;0.00;963.35;0.00;289.34;0.00;0.00;483.34;0.00;0.00;0.00;0.00;0.00;0.00;310.00;144.67;144.67;1628.68;1239.34;2048.01;1576.34;3811.36;3958.68;320.00;320.00;310.00;454.67;1924.01;1764.67;1311.00;0.00;320.00;0.00;0.00;0.00;320.00;0.00;0.00
1762816633.999286;0.00;1378.68;0.00;0.00;338.67;0.00;289.34;0.00;0.00;1402.35;0.00;963.35;0.00;289.34;0.00;0.00;483.34;0.00;0.00;0.00;0.00;0.00;0.00;310.00;144.67;144.67;1628.68;1239.34;2048.01;1576.34;3811.36;3958.68;320.00;320.00;310.00;454.67;1924.01;1764.67;1311.00;0.00;320.00;0.00;0.00;0.00;320.00;0.00;0.00
1762816634.0588284;0.00;1618.68;0.00;0.00;338.67;0.00;289.34;0.00;0.00;1402.35;0.00;963.35;0.00;289.34;0.00;0.00;483.34;0.00;0.00;0.00;0.00;0.00;0.00;470.00;454.67;144.67;1628.68;1239.34;2048.01;1576.34;3961.36;4118.68;480.00;480.00;470.00;454.67;1924.01;2314.67;1311.00;0.00;320.00;0.00;0.00;0.00;320.00;0.00;0.00
1762816634.0593548;0.00;1618.68;0.00;0.00;338.67;0.00;289.34;0.00;0.00;1402.35;0.00;963.35;0.00;289.34;0.00;0.00;483.34;0.00;0.00;0.00;0.00;0.00;0.00;470.00;454.67;144.67;1628.68;1239.34;2048.01;1576.34;3961.36;4118.68;480.00;480.00;470.00;454.67;1924.01;2314.67;1311.00;0.00;320.00;0.00;0.00;0.00;320.00;0.00;0.00
1762816636.3945177;0.00;1618.68;0.00;0.00;194.00;0.00;0.00;144.67;0.00;1208.35;0.00;578.68;0.00;144.67;0.00;0.00;483.34;0.00;0.00;0.00;0.00;0.00;0.00;470.00;310.00;0.00;1029.34;934.67;1743.34;1336.34;3122.02;2928.68;480.00;480.00;470.00;224.67;1699.34;2314.67;861.67;0.00;0.00;0.00;0.00;0.00;320.00;0.00;0.00
1762816636.3954308;0.00;1618.68;0.00;0.00;194.00;0.00;0.00;144.67;0.00;1208.35;0.00;578.68;0.00;144.67;0.00;0.00;483.34;0.00;0.00;0.00;0.00;0.00;0.00;470.00;310.00;0.00;1029.34;934.67;1743.34;1336.34;3122.02;2928.68;480.00;480.00;470.00;224.67;1699.34;2314.67;861.67;0.00;0.00;0.00;0.00;0.00;320.00;0.00;0.00
1762816636.452148;0.00;1618.68;0.00;0.00;194.00;0.00;0.00;144.67;144.67;1208.35;0.00;578.68;0.00;144.67;0.00;0.00;483.34;0.00;0.00;0.00;0.00;0.00;0.00;470.00;310.00;0.00;1029.34;934.67;1743.34;1416.34;3122.02;2928.68;480.00;480.00;470.00;224.67;1699.34;2314.67;1171.67;0.00;0.00;0.00;0.00;0.00;320.00;0.00;0.00
1762816636.4530196;0.00;1618.68;0.00;0.00;194.00;0.00;0.00;144.67;144.67;1208.35;0.00;578.68;0.00;144.67;0.00;0.00;483.34;0.00;0.00;0.00;0.00;0.00;0.00;470.00;310.00;0.00;1029.34;934.67;1743.34;1416.34;3122.02;2928.68;480.00;480.00;470.00;224.67;1699.34;2314.67;1171.67;0.00;0.00;0.00;0.00;0.00;320.00;0.00;0.00
1762816636.5099072;0.00;1618.68;0.00;0.00;194.00;0.00;0.00;144.67;144.67;1208.35;0.00;578.68;0.00;144.67;0.00;0.00;483.34;144.67;0.00;0.00;0.00;0.00;0.00;470.00;454.67;0.00;1029.34;934.67;1743.34;1416.34;3122.02;2928.68;480.00;480.00;470.00;224.67;1699.34;2314.67;1171.67;0.00;0.00;0.00;0.00;0.00;320.00;0.00;0.00
1762816636.510775;0.00;1618.68;0.00;0.00;194.00;0.00;0.00;144.67;144.67;1208.35;0.00;578.68;0.00;144.67;0.00;0.00;483.34;144.67;0.00;0.00;0.00;0.00;0.00;470.00;454.67;0.00;1029.34;934.67;1743.34;1416.34;3122.02;2928.68;480.00;480.00;470.00;224.67;1699.34;2314.67;1171.67;0.00;0.00;0.00;0.00;0.00;320.00;0.00;0.00
1762816636.5684533;0.00;1618.68;0.00;0.00;194.00;0.00;0.00;144.67;144.67;1208.35;0.00;578.68;0.00;144.67;0.00;0.00;483.34;289.34;0.00;0.00;0.00;0.00;0.00;470.00;759.34;160.00;1189.34;934.67;1743.34;1416.34;3122.02;2928.68;480.00;480.00;470.00;224.67;1699.34;2314.67;1171.67;0.00;0.00;0.00;0.00;0.00;320.00;0.00;0.00
1762816636.5693867;0.00;1618.68;0.00;0.00;194.00;0.00;0.00;144.67;144.67;1208.35;0.00;578.68;0.00;144.67;0.00;0.00;483.34;289.34;0.00;0.00;0.00;0.00;0.00;470.00;759.34;160.00;1189.34;934.67;1743.34;1416.34;3122.02;2928.68;480.00;480.00;470.00;224.67;1699.34;2314.67;1171.67;0.00;0.00;0.00;0.00;0.00;320.00;0.00;0.00
1762816636.6297493;0.00;1618.68;0.00;0.00;194.00;144.67;0.00;144.67;144.67;1208.35;0.00;578.68;0.00;144.67;0.00;0.00;483.34;289.34;0.00;0.00;0.00;0.00;0.00;470.00;759.34;160.00;1189.34;934.67;1743.34;1416.34;3122.02;3168.68;480.00;480.00;470.00;224.67;1699.34;2314.67;1171.67;0.00;0.00;0.00;0.00;0.00;320.00;0.00;0.00
1762816636.6306946;0.00;1618.68;0.00;0.00;194.00;144.67;0.00;144.67;144.67;1208.35;0.00;578.68;0.00;144.67;0.00;0.00;483.34;289.34;0.00;0.00;0.00;0.00;0.00;470.00;759.34;160.00;1189.34;934.67;1743.34;1416.34;3122.02;3168.68;480.00;480.00;470.00;224.67;1699.34;2314.67;1171.67;0.00;0.00;0.00;0.00;0.00;320.00;0.00;0.00
1762816636.6904724;0.00;1858.68;0.00;0.00;194.00;144.67;0.00;144.67;144.67;1208.35;0.00;578.68;0.00;144.67;0.00;0.00;483.34;289.34;0.00;0.00;0.00;0.00;0.00;470.00;759.34;160.00;1189.34;934.67;1743.34;1416.34;3202.02;3328.68;480.00;480.00;470.00;224.67;1699.34;2314.67;1171.67;0.00;0.00;0.00;0.00;0.00;320.00;0.00;0.00
1762816636.6913836;0.00;1858.68;0.00;0.00;194.00;144.67;0.00;144.67;144.67;1208.35;0.00;578.68;0.00;144.67;0.00;0.00;483.34;289.34;0.00;0.00;0.00;0.00;0.00;470.00;759.34;160.00;1189.34;934.67;1743.34;1416.34;3202.02;3328.68;480.00;480.00;470.00;224.67;1699.34;2314.67;1171.67;0.00;0.00;0.00;0.00;0.00;320.00;0.00;0.00
1762816636.7581916;0.00;1858.68;0.00;0.00;194.00;144.67;0.00;144.67;144.67;1208.35;0.00;578.68;0.00;144.67;0.00;0.00;483.34;289.34;0.00;0.00;0.00;0.00;0.00;470.00;759.34;160.00;1189.34;934.67;1743.34;1416.34;3202.02;3328.68;480.00;480.00;470.00;224.67;1699.34;2314.67;1171.67;0.00;0.00;0.00;0.00;0.00;320.00;0.00;0.00
1762816636.759088;0.00;1858.68;0.00;0.00;194.00;144.67;0.00;144.67;144.67;1208.35;0.00;578.68;0.00;144.67;0.00;0.00;483.34;289.34;0.00;0.00;0.00;0.00;0.00;470.00;759.34;160.00;1189.34;934.67;1743.34;1416.34;3202.02;3328.68;480.00;480.00;470.00;224.67;1699.34;2314.67;1171.67;0.00;0.00;0.00;0.00;0.00;320.00;0.00;0.00
1762816636.8173776;0.00;1858.68;0.00;240.00;194.00;144.67;0.00;144.67;144.67;1208.35;0.00;578.68;0.00;144.67;0.00;0.00;483.34;289.34;0.00;0.00;0.00;0.00;0.00;470.00;759.34;160.00;1189.34;934.67;1743.34;1496.34;3282.02;3408.68;480.00;480.00;470.00;454.67;1699.34;2314.67;1171.67;0.00;0.00;0.00;0.00;0.00;320.00;0.00;0.00
1762816636.8182132;0.00;1858.68;0.00;240.00;194.00;144.67;0.00;144.67;144.67;1208.35;0.00;578.68;0.00;144.67;0.00;0.00;483.34;289.34;0.00;0.00;0.00;0.00;0.00;470.00;759.34;160.00;1189.34;934.67;1743.34;1496.34;3282.02;3408.68;480.00;480.00;470.00;454.67;1699.34;2314.67;1171.67;0.00;0.00;0.00;0.00;0.00;320.00;0.00;0.00
1762816641.4022708;0.00;1618.68;0.00;0.00;0.00;144.67;0.00;144.67;144.67;1208.35;0.00;578.68;0.00;144.67;0.00;0.00;338.67;289.34;0.00;0.00;0.00;0.00;0.00;470.00;759.34;160.00;1189.34;934.67;1598.67;1256.34;2732.02;2864.01;480.00;480.00;470.00;224.67;1539.34;2314.67;1171.67;0.00;0.00;0.00;0.00;0.00;320.00;0.00;0.00
1762816641.4031675;0.00;1618.68;0.00;0.00;0.00;144.67;0.00;144.67;144.67;1208.35;0.00;578.68;0.00;144.67;0.00;0.00;338.67;289.34;0.00;0.00;0.00;0.00;0.00;470.00;759.34;160.00;1189.34;934.67;1598.67;1256.34;2732.02;2864.01;480.00;480.00;470.00;224.67;1539.34;2314.67;1171.67;0.00;0.00;0.00;0.00;0.00;320.00;0.00;0.00
1762816646.415686;0.00;1618.68;0.00;0.00;0.00;144.67;0.00;241.67;144.67;966.68;0.00;434.01;0.00;144.67;0.00;0.00;338.67;289.34;0.00;0.00;0.00;0.00;0.00;470.00;759.34;160.00;889.34;934.67;1598.67;1256.34;2587.35;2554.01;480.00;480.00;470.00;224.67;1539.34;2314.67;957.00;0.00;0.00;0.00;0.00;0.00;320.00;0.00;0.00
1762816646.4165683;0.00;1618.68;0.00;0.00;0.00;144.67;0.00;241.67;144.67;966.68;0.00;434.01;0.00;144.67;0.00;0.00;338.67;289.34;0.00;0.00;0.00;0.00;0.00;470.00;759.34;160.00;889.34;934.67;1598.67;1256.34;2587.35;2554.01;480.00;480.00;470.00;224.67;1539.34;2314.67;957.00;0.00;0.00;0.00;0.00;0.00;320.00;0.00;0.00
1762816646.474349;0.00;1618.68;0.00;0.00;0.00;144.67;0.00;338.67;144.67;966.68;0.00;434.01;0.00;144.67;0.00;0.00;338.67;289.34;0.00;0.00;0.00;0.00;0.00;470.00;759.34;160.00;889.34;934.67;1598.67;1256.34;2587.35;2554.01;480.00;480.00;470.00;224.67;1539.34;2314.67;957.00;0.00;0.00;0.00;0.00;0.00;320.00;0.00;0.00
1762816646.4752014;0.00;1618.68;0.00;0.00;0.00;144.67;0.00;338.67;144.67;966.68;0.00;434.01;0.00;144.67;0.00;0.00;338.67;289.34;0.00;0.00;0.00;0.00;0.00;470.00;759.34;160.00;889.34;934.67;1598.67;1256.34;2587.35;2554.01;480.00;480.00;470.00;224.67;1539.34;2314.67;957.00;0.00;0.00;0.00;0.00;0.00;320.00;0.00;0.00
1762816646.5358315;0.00;1618.68;0.00;0.00;0.00;144.67;0.00;338.67;144.67;966.68;0.00;434.01;0.00;144.67;0.00;0.00;338.67;434.01;0.00;0.00;0.00;0.00;0.00;630.00;904.01;160.00;889.34;934.67;1598.67;1256.34;2587.35;2554.01;640.00;640.00;630.00;224.67;1539.34;2314.67;957.00;0.00;0.00;0.00;0.00;0.00;320.00;0.00;0.00
1762816646.5366833;0.00;1618.68;0.00;0.00;0.00;144.67;0.00;338.67;144.67;966.68;0.00;434.01;0.00;144.67;0.00;0.00;338.67;434.01;0.00;0.00;0.00;0.00;0.00;630.00;904.01;160.00;889.34;934.67;1598.67;1256.34;2587.35;2554.01;640.00;640.00;630.00;224.67;1539.34;2314.67;957.00;0.00;0.00;0.00;0.00;0.00;320.00;0.00;0.00
1762816651.423844;0.00;1618.68;0.00;0.00;0.00;144.67;0.00;483.34;144.67;869.68;0.00;434.01;0.00;144.67;0.00;0.00;338.67;434.01;0.00;0.00;0.00;0.00;0.00;630.00;904.01;160.00;889.34;934.67;1598.67;1256.34;2442.68;2244.01;640.00;640.00;630.00;224.67;1539.34;2314.67;1154.67;0.00;0.00;0.00;0.00;0.00;320.00;0.00;0.00
1762816651.4247358;0.00;1618.68;0.00;0.00;0.00;144.67;0.00;483.34;144.67;869.68;0.00;434.01;0.00;144.67;0.00;0.00;338.67;434.01;0.00;0.00;0.00;0.00;0.00;630.00;904.01;160.00;889.34;934.67;1598.67;1256.34;2442.68;2244.01;640.00;640.00;630.00;224.67;1539.34;2314.67;1154.67;0.00;0.00;0.00;0.00;0.00;320.00;0.00;0.00
1762816651.7070866;0.00;1618.68;0.00;0.00;0.00;144.67;0.00;483.34;144.67;869.68;144.67;434.01;0.00;144.67;0.00;0.00;338.67;434.01;0.00;0.00;0.00;0.00;0.00;630.00;904.01;160.00;1034.01;1094.67;1748.67;1256.34;2442.68;2244.01;640.00;640.00;630.00;224.67;1539.34;2314.67;1154.67;0.00;0.00;0.00;0.00;0.00;320.00;0.00;0.00
1762816651.7075975;0.00;1618.68;0.00;0.00;0.00;144.67;0.00;483.34;144.67;869.68;144.67;434.01;0.00;144.67;0.00;0.00;338.67;434.01;0.00;0.00;0.00;0.00;0.00;630.00;904.01;160.00;1034.01;1094.67;1748.67;1256.34;2442.68;2244.01;640.00;640.00;630.00;224.67;1539.34;2314.67;1154.67;0.00;0.00;0.00;0.00;0.00;320.00;0.00;0.00
1762816651.7595105;0.00;1618.68;0.00;0.00;0.00;144.67;0.00;483.34;144.67;869.68;289.34;434.01;0.00;144.67;0.00;0.00;338.67;434.01;0.00;0.00;0.00;0.00;0.00;790.00;968.68;224.67;1184.01;1094.67;1748.67;1256.34;2442.68;2244.01;800.00;800.00;790.00;224.67;1539.34;2314.67;1154.67;0.00;0.00;0.00;0.00;0.00;320.00;0.00;0.00
1762816651.7600563;0.00;1618.68;0.00;0.00;0.00;144.67;0.00;483.34;144.67;869.68;289.34;434.01;0.00;144.67;0.00;0.00;338.67;434.01;0.00;0.00;0.00;0.00;0.00;790.00;968.68;224.67;1184.01;1094.67;1748.67;1256.34;2442.68;2244.01;800.00;800.00;790.00;224.67;1539.34;2314.67;1154.67;0.00;0.00;0.00;0.00;0.00;320.00;0.00;0.00
1762816651.8792968;0.00;1618.68;0.00;0.00;0.00;144.67;0.00;483.34;144.67;869.68;434.01;434.01;0.00;144.67;0.00;0.00;338.67;434.01;0.00;0.00;0.00;0.00;0.00;790.00;968.68;224.67;1398.68;1159.34;2123.34;1256.34;2442.68;2244.01;800.00;800.00;790.00;544.67;1539.34;2314.67;1154.67;0.00;0.00;0.00;0.00;0.00;320.00;0.00;0.00
1762816651.8798273;0.00;1618.68;0.00;0.00;0.00;144.67;0.00;483.34;144.67;869.68;434.01;434.01;0.00;144.67;0.00;0.00;338.67;434.01;0.00;0.00;0.00;0.00;0.00;790.00;968.68;224.67;1398.68;1159.34;2123.34;1256.34;2442.68;2244.01;800.00;800.00;790.00;544.67;1539.34;2314.67;1154.67;0.00;0.00;0.00;0.00;0.00;320.00;0.00;0.00
1762816651.9240587;0.00;1618.68;0.00;0.00;0.00;144.67;0.00;483.34;144.67;869.68;578.68;434.01;0.00;144.67;0.00;0.00;338.67;434.01;0.00;0.00;0.00;0.00;0.00;790.00;968.68;224.67;1613.35;1224.01;2508.01;1256.34;2442.68;2244.01;800.00;800.00;790.00;854.67;1539.34;2314.67;1154.67;0.00;0.00;0.00;0.00;0.00;320.00;0.00;0.00
1762816651.9245884;0.00;1618.68;0.00;0.00;0.00;144.67;0.00;483.34;144.67;869.68;578.68;434.01;0.00;144.67;0.00;0.00;338.67;434.01;0.00;0.00;0.00;0.00;0.00;790.00;968.68;224.67;1613.35;1224.01;2508.01;1256.34;2442.68;2244.01;800.00;800.00;790.00;854.67;1539.34;2314.67;1154.67;0.00;0.00;0.00;0.00;0.00;320.00;0.00;0.00
1762816651.9992034;0.00;1618.68;0.00;0.00;0.00;144.67;0.00;483.34;144.67;869.68;723.35;434.01;0.00;144.67;0.00;0.00;338.67;434.01;0.00;0.00;0.00;0.00;0.00;790.00;968.68;224.67;2148.02;1448.68;2508.01;1256.34;2442.68;2244.01;800.00;800.00;790.00;854.67;1539.34;2314.67;1154.67;0.00;310.00;0.00;0.00;0.00;320.00;0.00;0.00
1762816652.00016;0.00;1618.68;0.00;0.00;0.00;144.67;0.00;483.34;144.67;869.68;723.35;434.01;0.00;144.67;0.00;0.00;338.67;434.01;0.00;0.00;0.00;0.00;0.00;790.00;968.68;224.67;2148.02;1448.68;2508.01;1256.34;2442.68;2244.01;800.00;800.00;790.00;854.67;1539.34;2314.67;1154.67;0.00;310.00;0.00;0.00;0.00;320.00;0.00;0.00
1762816652.0676188;0.00;1618.68;0.00;0.00;0.00;144.67;0.00;483.34;144.67;869.68;963.35;434.01;0.00;144.67;0.00;0.00;338.67;434.01;0.00;0.00;0.00;0.00;0.00;790.00;968.68;224.67;2448.02;1448.68;2508.01;1256.34;2442.68;2244.01;800.00;800.00;790.00;854.67;1539.34;2314.67;1154.67;0.00;310.00;0.00;0.00;0.00;320.00;0.00;0.00
1762816652.0685303;0.00;1618.68;0.00;0.00;0.00;144.67;0.00;483.34;144.67;869.68;963.35;434.01;0.00;144.67;0.00;0.00;338.67;434.01;0.00;0.00;0.00;0.00;0.00;790.00;968.68;224.67;2448.02;1448.68;2508.01;1256.34;2442.68;2244.01;800.00;800.00;790.00;854.67;1539.34;2314.67;1154.67;0.00;310.00;0.00;0.00;0.00;320.00;0.00;0.00
1762816656.4217358;0.00;1618.68;0.00;0.00;0.00;144.67;0.00;628.01;144.67;531.01;963.35;434.01;0.00;144.67;0.00;0.00;97.00;434.01;0.00;0.00;0.00;0.00;0.00;790.00;968.68;224.67;2448.02;1368.68;2186.34;1064.01;1741.01;1764.01;800.00;800.00;790.00;854.67;989.34;1780.00;930.00;0.00;310.00;0.00;0.00;0.00;320.00;0.00;0.00
1762816656.4222465;0.00;1618.68;0.00;0.00;0.00;144.67;0.00;628.01;144.67;531.01;963.35;434.01;0.00;144.67;0.00;0.00;97.00;434.01;0.00;0.00;0.00;0.00;0.00;790.00;968.68;224.67;2448.02;1368.68;2186.34;1064.01;1741.01;1764.01;800.00;800.00;790.00;854.67;989.34;1780.00;930.00;0.00;310.00;0.00;0.00;0.00;320.00;0.00;0.00
1762816656.4576955;0.00;1618.68;0.00;0.00;0.00;144.67;0.00;772.68;144.67;531.01;963.35;434.01;0.00;144.67;0.00;0.00;97.00;434.01;0.00;0.00;0.00;0.00;0.00;790.00;968.68;224.67;2448.02;1368.68;2186.34;1064.01;1805.68;1924.01;800.00;800.00;790.00;854.67;989.34;1780.00;1160.00;0.00;310.00;0.00;0.00;0.00;320.00;0.00;0.00
1762816656.4582212;0.00;1618.68;0.00;0.00;0.00;144.67;0.00;772.68;144.67;531.01;963.35;434.01;0.00;144.67;0.00;0.00;97.00;434.01;0.00;0.00;0.00;0.00;0.00;790.00;968.68;224.67;2448.02;1368.68;2186.34;1064.01;1805.68;1924.01;800.00;800.00;790.00;854.67;989.34;1780.00;1160.00;0.00;310.00;0.00;0.00;0.00;320.00;0.00;0.00
1762816656.4939134;0.00;1618.68;0.00;0.00;0.00;144.67;0.00;917.35;144.67;531.01;963.35;434.01;0.00;144.67;0.00;0.00;97.00;434.01;0.00;0.00;0.00;0.00;0.00;790.00;968.68;224.67;2448.02;1368.68;2186.34;1224.01;1805.68;1924.01;800.00;800.00;790.00;854.67;989.34;1780.00;1614.67;0.00;310.00;0.00;0.00;0.00;320.00;0.00;0.00
1762816656.4944568;0.00;1618.68;0.00;0.00;0.00;144.67;0.00;917.35;144.67;531.01;963.35;434.01;0.00;144.67;0.00;0.00;97.00;434.01;0.00;0.00;0.00;0.00;0.00;790.00;968.68;224.67;2448.02;1368.68;2186.34;1224.01;1805.68;1924.01;800.00;800.00;790.00;854.67;989.34;1780.00;1614.67;0.00;310.00;0.00;0.00;0.00;320.00;0.00;0.00
1762816656.6960812;0.00;1763.35;0.00;0.00;0.00;144.67;0.00;917.35;144.67;531.01;963.35;434.01;0.00;144.67;0.00;0.00;97.00;434.01;0.00;0.00;0.00;0.00;0.00;790.00;968.68;224.67;2448.02;1368.68;2186.34;1224.01;1805.68;2068.68;800.00;800.00;790.00;854.67;989.34;1780.00;1614.67;0.00;310.00;0.00;0.00;0.00;320.00;0.00;0.00
1762816656.6969705;0.00;1763.35;0.00;0.00;0.00;144.67;0.00;917.35;144.67;531.01;963.35;434.01;0.00;144.67;0.00;0.00;97.00;434.01;0.00;0.00;0.00;0.00;0.00;790.00;968.68;224.67;2448.02;1368.68;2186.34;1224.01;1805.68;2068.68;800.00;800.00;790.00;854.67;989.34;1780.00;1614.67;0.00;310.00;0.00;0.00;0.00;320.00;0.00;0.00
1762816656.751422;0.00;1908.02;0.00;0.00;0.00;144.67;0.00;917.35;144.67;531.01;963.35;434.01;0.00;144.67;0.00;0.00;97.00;434.01;0.00;0.00;0.00;0.00;0.00;790.00;968.68;224.67;2448.02;1368.68;2186.34;1224.01;1805.68;2213.35;800.00;800.00;790.00;854.67;989.34;1780.00;1614.67;0.00;310.00;0.00;0.00;0.00;320.00;0.00;0.00
1762816656.751948;0.00;1908.02;0.00;0.00;0.00;144.67;0.00;917.35;144.67;531.01;963.35;434.01;0.00;144.67;0.00;0.00;97.00;434.01;0.00;0.00;0.00;0.00;0.00;790.00;968.68;224.67;2448.02;1368.68;2186.34;1224.01;1805.68;2213.35;800.00;800.00;790.00;854.67;989.34;1780.00;1614.67;0.00;310.00;0.00;0.00;0.00;320.00;0.00;0.00
1762816661.4534543;0.00;1474.01;0.00;0.00;0.00;0.00;0.00;917.35;241.67;386.34;963.35;434.01;0.00;0.00;0.00;0.00;0.00;434.01;0.00;0.00;0.00;0.00;0.00;790.00;968.68;224.67;2448.02;1208.68;1699.34;919.34;1591.01;1684.01;800.00;800.00;790.00;630.00;989.34;1780.00;1614.67;0.00;310.00;0.00;0.00;0.00;320.00;0.00;0.00
1762816661.4543316;0.00;1474.01;0.00;0.00;0.00;0.00;0.00;917.35;241.67;386.34;963.35;434.01;0.00;0.00;0.00;0.00;0.00;434.01;0.00;0.00;0.00;0.00;0.00;790.00;968.68;224.67;2448.02;1208.68;1699.34;919.34;1591.01;1684.01;800.00;800.00;790.00;630.00;989.34;1780.00;1614.67;0.00;310.00;0.00;0.00;0.00;320.00;0.00;0.00
1762816673.7575567;0.00;1474.01;0.00;0.00;0.00;0.00;0.00;917.35;241.67;386.34;963.35;434.01;0.00;0.00;0.00;0.00;0.00;434.01;144.67;0.00;0.00;0.00;0.00;790.00;968.68;224.67;2448.02;1208.68;1699.34;919.34;1591.01;1684.01;944.67;800.00;790.00;630.00;989.34;1780.00;1614.67;0.00;310.00;0.00;0.00;0.00;320.00;0.00;0.00
1762816673.758256;0.00;1474.01;0.00;0.00;0.00;0.00;0.00;917.35;241.67;386.34;963.35;434.01;0.00;0.00;0.00;0.00;0.00;434.01;144.67;0.00;0.00;0.00;0.00;790.00;968.68;224.67;2448.02;1208.68;1699.34;919.34;1591.01;1684.01;944.67;800.00;790.00;630.00;989.34;1780.00;1614.67;0.00;310.00;0.00;0.00;0.00;320.00;0.00;0.00
1762816673.819562;0.00;1474.01;0.00;0.00;0.00;0.00;0.00;917.35;241.67;386.34;963.35;434.01;0.00;0.00;0.00;0.00;0.00;434.01;289.34;0.00;0.00;0.00;0.00;790.00;968.68;224.67;2448.02;1208.68;1699.34;919.34;1591.01;1684.01;1089.34;800.00;790.00;630.00;989.34;1780.00;1614.67;0.00;310.00;0.00;0.00;0.00;320.00;0.00;0.00
1762816673.820069;0.00;1474.01;0.00;0.00;0.00;0.00;0.00;917.35;241.67;386.34;963.35;434.01;0.00;0.00;0.00;0.00;0.00;434.01;289.34;0.00;0.00;0.00;0.00;790.00;968.68;224.67;2448.02;1208.68;1699.34;919.34;1591.01;1684.01;1089.34;800.00;790.00;630.00;989.34;1780.00;1614.67;0.00;310.00;0.00;0.00;0.00;320.00;0.00;0.00
1762816673.8709335;0.00;1474.01;0.00;0.00;0.00;0.00;0.00;917.35;241.67;386.34;963.35;434.01;0.00;0.00;0.00;0.00;0.00;434.01;434.01;0.00;0.00;0.00;0.00;790.00;968.68;224.67;2448.02;1208.68;1699.34;919.34;1591.01;1684.01;1234.01;800.00;790.00;630.00;989.34;1780.00;1614.67;0.00;310.00;0.00;0.00;0.00;320.00;0.00;0.00
1762816673.8714352;0.00;1474.01;0.00;0.00;0.00;0.00;0.00;917.35;241.67;386.34;963.35;434.01;0.00;0.00;0.00;0.00;0.00;434.01;434.01;0.00;0.00;0.00;0.00;790.00;968.68;224.67;2448.02;1208.68;1699.34;919.34;1591.01;1684.01;1234.01;800.00;790.00;630.00;989.34;1780.00;1614.67;0.00;310.00;0.00;0.00;0.00;320.00;0.00;0.00
1762816673.9145505;0.00;1474.01;0.00;0.00;0.00;0.00;0.00;917.35;241.67;386.34;963.35;434.01;0.00;0.00;0.00;0.00;0.00;434.01;578.68;0.00;0.00;0.00;0.00;790.00;968.68;224.67;2448.02;1208.68;1699.34;919.34;1751.01;1844.01;1378.68;800.00;790.00;630.00;989.34;1780.00;1614.67;0.00;310.00;0.00;0.00;0.00;320.00;0.00;0.00
1762816673.9150844;0.00;1474.01;0.00;0.00;0.00;0.00;0.00;917.35;241.67;386.34;963.35;434.01;0.00;0.00;0.00;0.00;0.00;434.01;578.68;0.00;0.00;0.00;0.00;790.00;968.68;224.67;2448.02;1208.68;1699.34;919.34;1751.01;1844.01;1378.68;800.00;790.00;630.00;989.34;1780.00;1614.67;0.00;310.00;0.00;0.00;0.00;320.00;0.00;0.00
1762816674.0384943;0.00;1474.01;0.00;0.00;0.00;0.00;0.00;917.35;241.67;386.34;963.35;434.01;0.00;0.00;0.00;0.00;0.00;434.01;723.35;0.00;0.00;0.00;0.00;790.00;968.68;224.67;2448.02;1208.68;1699.34;919.34;2051.01;2308.68;1523.35;800.00;790.00;630.00;1309.34;1780.00;1614.67;0.00;310.00;0.00;0.00;0.00;320.00;0.00;0.00
1762816674.039027;0.00;1474.01;0.00;0.00;0.00;0.00;0.00;917.35;241.67;386.34;963.35;434.01;0.00;0.00;0.00;0.00;0.00;434.01;723.35;0.00;0.00;0.00;0.00;790.00;968.68;224.67;2448.02;1208.68;1699.34;919.34;2051.01;2308.68;1523.35;800.00;790.00;630.00;1309.34;1780.00;1614.67;0.00;310.00;0.00;0.00;0.00;320.00;0.00;0.00
1762816674.107557;0.00;1474.01;0.00;0.00;0.00;0.00;0.00;917.35;241.67;386.34;963.35;434.01;0.00;0.00;0.00;0.00;0.00;434.01;868.02;0.00;0.00;0.00;0.00;790.00;968.68;224.67;2448.02;1208.68;1699.34;919.34;2351.01;2453.35;1668.02;800.00;790.00;630.00;1309.34;1780.00;1614.67;0.00;310.00;0.00;0.00;0.00;320.00;0.00;0.00
1762816674.1084442;0.00;1474.01;0.00;0.00;0.00;0.00;0.00;917.35;241.67;386.34;963.35;434.01;0.00;0.00;0.00;0.00;0.00;434.01;868.02;0.00;0.00;0.00;0.00;790.00;968.68;224.67;2448.02;1208.68;1699.34;919.34;2351.01;2453.35;1668.02;800.00;790.00;630.00;1309.34;1780.00;1614.67;0.00;310.00;0.00;0.00;0.00;320.00;0.00;0.00
1762816681.483263;0.00;1474.01;0.00;0.00;0.00;0.00;0.00;917.35;97.00;531.01;963.35;434.01;0.00;0.00;0.00;0.00;0.00;434.01;868.02;0.00;0.00;0.00;0.00;790.00;968.68;224.67;2448.02;1208.68;1699.34;919.34;2351.01;2453.35;1668.02;800.00;790.00;630.00;1309.34;1780.00;1614.67;0.00;310.00;0.00;0.00;0.00;320.00;0.00;0.00
1762816681.4841428;0.00;1474.01;0.00;0.00;0.00;0.00;0.00;917.35;97.00;531.01;963.35;434.01;0.00;0.00;0.00;0.00;0.00;434.01;868.02;0.00;0.00;0.00;0.00;790.00;968.68;224.67;2448.02;1208.68;1699.34;919.34;2351.01;2453.35;1668.02;800.00;790.00;630.00;1309.34;1780.00;1614.67;0.00;310.00;0.00;0.00;0.00;320.00;0.00;0.00
1762816691.4994814;0.00;1329.34;97.00;0.00;0.00;0.00;0.00;917.35;97.00;386.34;963.35;0.00;0.00;0.00;0.00;0.00;0.00;0.00;868.02;0.00;0.00;0.00;0.00;630.00;374.67;64.67;1558.68;834.01;1229.34;704.67;1971.01;2078.68;1508.02;640.00;630.00;630.00;989.34;1240.00;1614.67;0.00;310.00;0.00;0.00;0.00;320.00;0.00;0.00
1762816691.500425;0.00;1329.34;97.00;0.00;0.00;0.00;0.00;917.35;97.00;386.34;963.35;0.00;0.00;0.00;0.00;0.00;0.00;0.00;868.02;0.00;0.00;0.00;0.00;630.00;374.67;64.67;1558.68;834.01;1229.34;704.67;1971.01;2078.68;1508.02;640.00;630.00;630.00;989.34;1240.00;1614.67;0.00;310.00;0.00;0.00;0.00;320.00;0.00;0.00
1762816691.5624886;0.00;1329.34;97.00;0.00;0.00;0.00;0.00;917.35;97.00;386.34;963.35;0.00;0.00;0.00;0.00;0.00;0.00;0.00;868.02;0.00;97.00;0.00;0.00;630.00;374.67;64.67;1558.68;834.01;1459.34;704.67;1971.01;2078.68;1508.02;640.00;630.00;630.00;989.34;1240.00;1614.67;0.00;310.00;0.00;0.00;0.00;320.00;0.00;0.00
1762816691.563413;0.00;1329.34;97.00;0.00;0.00;0.00;0.00;917.35;97.00;386.34;963.35;0.00;0.00;0.00;0.00;0.00;0.00;0.00;868.02;0.00;97.00;0.00;0.00;630.00;374.67;64.67;1558.68;834.01;1459.34;704.67;1971.01;2078.68;1508.02;640.00;630.00;630.00;989.34;1240.00;1614.67;0.00;310.00;0.00;0.00;0.00;320.00;0.00;0.00
1762816692.7577755;0.00;1329.34;97.00;0.00;0.00;0.00;0.00;917.35;97.00;386.34;963.35;0.00;0.00;0.00;0.00;0.00;0.00;0.00;868.02;144.67;97.00;0.00;0.00;630.00;374.67;64.67;1703.35;834.01;1459.34;704.67;1971.01;2078.68;1508.02;640.00;630.00;630.00;989.34;1240.00;1614.67;0.00;310.00;0.00;0.00;0.00;320.00;0.00;0.00
1762816692.7586775;0.00;1329.34;97.00;0.00;0.00;0.00;0.00;917.35;97.00;386.34;963.35;0.00;0.00;0.00;0.00;0.00;0.00;0.00;868.02;144.67;97.00;0.00;0.00;630.00;374.67;64.67;1703.35;834.01;1459.34;704.67;1971.01;2078.68;1508.02;640.00;630.00;630.00;989.34;1240.00;1614.67;0.00;310.00;0.00;0.00;0.00;320.00;0.00;0.00
1762816692.8275142;0.00;1329.34;97.00;0.00;0.00;0.00;0.00;917.35;97.00;386.34;963.35;0.00;0.00;0.00;0.00;0.00;0.00;0.00;868.02;289.34;97.00;0.00;0.00;630.00;374.67;64.67;1848.02;994.01;1619.34;704.67;1971.01;2078.68;1508.02;640.00;630.00;630.00;989.34;1240.00;1614.67;0.00;310.00;0.00;0.00;0.00;320.00;0.00;0.00
1762816692.8284504;0.00;1329.34;97.00;0.00;0.00;0.00;0.00;917.35;97.00;386.34;963.35;0.00;0.00;0.00;0.00;0.00;0.00;0.00;868.02;289.34;97.00;0.00;0.00;630.00;374.67;64.67;1848.02;994.01;1619.34;704.67;1971.01;2078.68;1508.02;640.00;630.00;630.00;989.34;1240.00;1614.67;0.00;310.00;0.00;0.00;0.00;320.00;0.00;0.00
1762816693.0299013;0.00;1329.34;97.00;0.00;0.00;0.00;0.00;917.35;97.00;386.34;963.35;0.00;0.00;0.00;0.00;0.00;0.00;0.00;868.02;434.01;97.00;0.00;0.00;630.00;374.67;64.67;1992.69;1154.01;2089.34;704.67;1971.01;2078.68;1508.02;640.00;630.00;630.00;989.34;1240.00;1614.67;0.00;310.00;0.00;0.00;0.00;320.00;0.00;0.00
1762816693.030423;0.00;1329.34;97.00;0.00;0.00;0.00;0.00;917.35;97.00;386.34;963.35;0.00;0.00;0.00;0.00;0.00;0.00;0.00;868.02;434.01;97.00;0.00;0.00;630.00;374.67;64.67;1992.69;1154.01;2089.34;704.67;1971.01;2078.68;1508.02;640.00;630.00;630.00;989.34;1240.00;1614.67;0.00;310.00;0.00;0.00;0.00;320.00;0.00;0.00
1762816693.097088;0.00;1329.34;97.00;0.00;0.00;0.00;0.00;917.35;97.00;386.34;963.35;0.00;0.00;0.00;0.00;0.00;0.00;0.00;868.02;578.68;97.00;0.00;0.00;630.00;454.67;144.67;2057.36;1314.01;2249.34;704.67;1971.01;2078.68;1508.02;640.00;630.00;940.00;989.34;1240.00;1614.67;0.00;310.00;0.00;0.00;0.00;320.00;0.00;0.00
1762816693.097938;0.00;1329.34;97.00;0.00;0.00;0.00;0.00;917.35;97.00;386.34;963.35;0.00;0.00;0.00;0.00;0.00;0.00;0.00;868.02;578.68;97.00;0.00;0.00;630.00;454.67;144.67;2057.36;1314.01;2249.34;704.67;1971.01;2078.68;1508.02;640.00;630.00;940.00;989.34;1240.00;1614.67;0.00;310.00;0.00;0.00;0.00;320.00;0.00;0.00
1762816693.1679263;0.00;1329.34;97.00;0.00;0.00;0.00;0.00;917.35;97.00;386.34;963.35;0.00;0.00;0.00;0.00;0.00;0.00;0.00;868.02;723.35;97.00;0.00;0.00;630.00;599.34;289.34;2057.36;1314.01;2249.34;704.67;1971.01;2078.68;1508.02;640.00;630.00;940.00;989.34;1240.00;1614.67;0.00;310.00;0.00;0.00;0.00;320.00;0.00;0.00
1762816693.1688066;0.00;1329.34;97.00;0.00;0.00;0.00;0.00;917.35;97.00;386.34;963.35;0.00;0.00;0.00;0.00;0.00;0.00;0.00;868.02;723.35;97.00;0.00;0.00;630.00;599.34;289.34;2057.36;1314.01;2249.34;704.67;1971.01;2078.68;1508.02;640.00;630.00;940.00;989.34;1240.00;1614.67;0.00;310.00;0.00;0.00;0.00;320.00;0.00;0.00
1762816693.2354534;0.00;1329.34;97.00;0.00;0.00;0.00;0.00;917.35;97.00;386.34;963.35;0.00;0.00;0.00;0.00;0.00;0.00;0.00;868.02;868.02;97.00;0.00;0.00;630.00;744.01;434.01;2057.36;1314.01;2249.34;704.67;1971.01;2078.68;1508.02;640.00;630.00;940.00;989.34;1240.00;1614.67;0.00;310.00;0.00;0.00;0.00;320.00;0.00;0.00
1762816693.236371;0.00;1329.34;97.00;0.00;0.00;0.00;0.00;917.35;97.00;386.34;963.35;0.00;0.00;0.00;0.00;0.00;0.00;0.00;868.02;868.02;97.00;0.00;0.00;630.00;744.01;434.01;2057.36;1314.01;2249.34;704.67;1971.01;2078.68;1508.02;640.00;630.00;940.00;989.34;1240.00;1614.67;0.00;310.00;0.00;0.00;0.00;320.00;0.00;0.00
1762816696.4991434;0.00;1329.34;97.00;0.00;0.00;0.00;0.00;772.68;0.00;434.01;963.35;0.00;0.00;0.00;0.00;0.00;0.00;0.00;868.02;868.02;97.00;0.00;0.00;630.00;744.01;434.01;2057.36;1314.01;2249.34;544.67;1874.01;1848.68;1508.02;640.00;630.00;940.00;759.34;1240.00;1614.67;0.00;310.00;0.00;0.00;0.00;320.00;0.00;0.00
1762816696.499661;0.00;1329.34;97.00;0.00;0.00;0.00;0.00;772.68;0.00;434.01;963.35;0.00;0.00;0.00;0.00;0.00;0.00;0.00;868.02;868.02;97.00;0.00;0.00;630.00;744.01;434.01;2057.36;1314.01;2249.34;544.67;1874.01;1848.68;1508.02;640.00;630.00;940.00;759.34;1240.00;1614.67;0.00;310.00;0.00;0.00;0.00;320.00;0.00;0.00
1762816696.5605378;0.00;1329.34;97.00;0.00;0.00;0.00;0.00;772.68;0.00;434.01;963.35;0.00;0.00;0.00;0.00;0.00;0.00;0.00;868.02;868.02;241.67;0.00;0.00;630.00;744.01;434.01;2057.36;1314.01;2249.34;784.67;2104.01;1848.68;1508.02;640.00;630.00;940.00;759.34;1240.00;1614.67;0.00;310.00;0.00;0.00;0.00;320.00;0.00;0.00
1762816696.5614772;0.00;1329.34;97.00;0.00;0.00;0.00;0.00;772.68;0.00;434.01;963.35;0.00;0.00;0.00;0.00;0.00;0.00;0.00;868.02;868.02;241.67;0.00;0.00;630.00;744.01;434.01;2057.36;1314.01;2249.34;784.67;2104.01;1848.68;1508.02;640.00;630.00;940.00;759.34;1240.00;1614.67;0.00;310.00;0.00;0.00;0.00;320.00;0.00;0.00
1762816696.6240947;0.00;1329.34;97.00;0.00;0.00;0.00;0.00;772.68;0.00;434.01;963.35;0.00;0.00;0.00;0.00;0.00;0.00;0.00;868.02;868.02;386.34;0.00;0.00;630.00;744.01;434.01;2057.36;1314.01;2249.34;944.67;2264.01;2008.68;1508.02;640.00;630.00;1170.00;759.34;1240.00;1614.67;0.00;310.00;0.00;0.00;0.00;320.00;0.00;0.00
1762816696.6249845;0.00;1329.34;97.00;0.00;0.00;0.00;0.00;772.68;0.00;434.01;963.35;0.00;0.00;0.00;0.00;0.00;0.00;0.00;868.02;868.02;386.34;0.00;0.00;630.00;744.01;434.01;2057.36;1314.01;2249.34;944.67;2264.01;2008.68;1508.02;640.00;630.00;1170.00;759.34;1240.00;1614.67;0.00;310.00;0.00;0.00;0.00;320.00;0.00;0.00
1762816711.6594956;0.00;1329.34;97.00;0.00;0.00;0.00;0.00;289.34;0.00;289.34;963.35;0.00;0.00;0.00;0.00;0.00;0.00;0.00;868.02;868.02;241.67;0.00;0.00;630.00;744.01;434.01;2057.36;1314.01;2019.34;704.67;2104.01;1848.68;1508.02;640.00;630.00;940.00;759.34;1240.00;684.67;0.00;310.00;0.00;0.00;0.00;320.00;0.00;0.00
1762816711.660061;0.00;1329.34;97.00;0.00;0.00;0.00;0.00;289.34;0.00;289.34;963.35;0.00;0.00;0.00;0.00;0.00;0.00;0.00;868.02;868.02;241.67;0.00;0.00;630.00;744.01;434.01;2057.36;1314.01;2019.34;704.67;2104.01;1848.68;1508.02;640.00;630.00;940.00;759.34;1240.00;684.67;0.00;310.00;0.00;0.00;0.00;320.00;0.00;0.00
1762816712.7717617;0.00;1329.34;97.00;0.00;0.00;0.00;0.00;289.34;0.00;289.34;963.35;0.00;0.00;97.00;0.00;0.00;0.00;0.00;868.02;868.02;241.67;0.00;0.00;694.67;744.01;434.01;2057.36;1314.01;2019.34;704.67;2104.01;1848.68;1572.69;704.67;694.67;940.00;759.34;1240.00;684.67;0.00;310.00;0.00;0.00;0.00;320.00;0.00;0.00
1762816712.7726748;0.00;1329.34;97.00;0.00;0.00;0.00;0.00;289.34;0.00;289.34;963.35;0.00;0.00;97.00;0.00;0.00;0.00;0.00;868.02;868.02;241.67;0.00;0.00;694.67;744.01;434.01;2057.36;1314.01;2019.34;704.67;2104.01;1848.68;1572.69;704.67;694.67;940.00;759.34;1240.00;684.67;0.00;310.00;0.00;0.00;0.00;320.00;0.00;0.00
1762816712.841107;0.00;1329.34;97.00;0.00;0.00;0.00;0.00;289.34;0.00;289.34;963.35;0.00;0.00;241.67;0.00;0.00;0.00;0.00;868.02;868.02;241.67;0.00;0.00;694.67;888.68;578.68;2512.03;1394.01;2169.34;704.67;2104.01;1848.68;1572.69;704.67;694.67;940.00;759.34;1240.00;684.67;320.00;534.67;0.00;0.00;0.00;320.00;0.00;0.00
1762816712.8420162;0.00;1329.34;97.00;0.00;0.00;0.00;0.00;289.34;0.00;289.34;963.35;0.00;0.00;241.67;0.00;0.00;0.00;0.00;868.02;868.02;241.67;0.00;0.00;694.67;888.68;578.68;2512.03;1394.01;2169.34;704.67;2104.01;1848.68;1572.69;704.67;694.67;940.00;759.34;1240.00;684.67;320.00;534.67;0.00;0.00;0.00;320.00;0.00;0.00
1762816712.8926332;0.00;1329.34;97.00;0.00;0.00;0.00;0.00;289.34;0.00;289.34;963.35;0.00;0.00;386.34;0.00;0.00;0.00;0.00;868.02;868.02;241.67;0.00;0.00;839.34;888.68;578.68;2512.03;1394.01;2169.34;704.67;2264.01;2008.68;1717.36;849.34;839.34;940.00;1214.01;1240.00;684.67;320.00;534.67;0.00;0.00;0.00;320.00;0.00;0.00
1762816712.89314;0.00;1329.34;97.00;0.00;0.00;0.00;0.00;289.34;0.00;289.34;963.35;0.00;0.00;386.34;0.00;0.00;0.00;0.00;868.02;868.02;241.67;0.00;0.00;839.34;888.68;578.68;2512.03;1394.01;2169.34;704.67;2264.01;2008.68;1717.36;849.34;839.34;940.00;1214.01;1240.00;684.67;320.00;534.67;0.00;0.00;0.00;320.00;0.00;0.00
1762816712.946451;0.00;1329.34;97.00;0.00;0.00;0.00;0.00;289.34;0.00;289.34;963.35;0.00;0.00;531.01;0.00;0.00;0.00;0.00;868.02;868.02;241.67;0.00;0.00;999.34;968.68;658.68;2662.03;1394.01;2169.34;704.67;2264.01;2008.68;1867.36;1009.34;999.34;940.00;1214.01;1240.00;684.67;320.00;534.67;224.67;0.00;0.00;320.00;0.00;0.00
1762816712.9470036;0.00;1329.34;97.00;0.00;0.00;0.00;0.00;289.34;0.00;289.34;963.35;0.00;0.00;531.01;0.00;0.00;0.00;0.00;868.02;868.02;241.67;0.00;0.00;999.34;968.68;658.68;2662.03;1394.01;2169.34;704.67;2264.01;2008.68;1867.36;1009.34;999.34;940.00;1214.01;1240.00;684.67;320.00;534.67;224.67;0.00;0.00;320.00;0.00;0.00
1762816712.9881692;0.00;1329.34;97.00;0.00;0.00;0.00;0.00;289.34;0.00;289.34;963.35;0.00;0.00;675.68;0.00;0.00;0.00;0.00;868.02;868.02;241.67;0.00;0.00;1079.34;1193.35;883.35;2662.03;1394.01;2169.34;704.67;2264.01;2008.68;1947.36;1089.34;1079.34;940.00;1444.01;1240.00;684.67;544.67;534.67;534.67;0.00;0.00;320.00;0.00;0.00
1762816712.9887278;0.00;1329.34;97.00;0.00;0.00;0.00;0.00;289.34;0.00;289.34;963.35;0.00;0.00;675.68;0.00;0.00;0.00;0.00;868.02;868.02;241.67;0.00;0.00;1079.34;1193.35;883.35;2662.03;1394.01;2169.34;704.67;2264.01;2008.68;1947.36;1089.34;1079.34;940.00;1444.01;1240.00;684.67;544.67;534.67;534.67;0.00;0.00;320.00;0.00;0.00
1762816713.0467556;0.00;1329.34;97.00;0.00;0.00;0.00;0.00;289.34;0.00;289.34;963.35;0.00;0.00;820.35;0.00;0.00;0.00;0.00;868.02;868.02;241.67;0.00;0.00;1079.34;1338.02;1028.02;3186.70;1394.01;2169.34;704.67;2264.01;2008.68;1947.36;1089.34;1079.34;940.00;1444.01;1240.00;684.67;544.67;759.34;534.67;0.00;0.00;320.00;0.00;0.00
1762816713.0472844;0.00;1329.34;97.00;0.00;0.00;0.00;0.00;289.34;0.00;289.34;963.35;0.00;0.00;820.35;0.00;0.00;0.00;0.00;868.02;868.02;241.67;0.00;0.00;1079.34;1338.02;1028.02;3186.70;1394.01;2169.34;704.67;2264.01;2008.68;1947.36;1089.34;1079.34;940.00;1444.01;1240.00;684.67;544.67;759.34;534.67;0.00;0.00;320.00;0.00;0.00
1762816716.607892;0.00;1089.34;97.00;0.00;0.00;0.00;0.00;289.34;0.00;289.34;818.68;0.00;0.00;820.35;0.00;0.00;0.00;144.67;868.02;868.02;241.67;0.00;0.00;999.34;1108.02;963.35;3036.70;1394.01;2169.34;704.67;2264.01;2008.68;1867.36;1009.34;999.34;940.00;1444.01;690.00;684.67;544.67;759.34;534.67;0.00;0.00;320.00;0.00;0.00
1762816716.6084273;0.00;1089.34;97.00;0.00;0.00;0.00;0.00;289.34;0.00;289.34;818.68;0.00;0.00;820.35;0.00;0.00;0.00;144.67;868.02;868.02;241.67;0.00;0.00;999.34;1108.02;963.35;3036.70;1394.01;2169.34;704.67;2264.01;2008.68;1867.36;1009.34;999.34;940.00;1444.01;690.00;684.67;544.67;759.34;534.67;0.00;0.00;320.00;0.00;0.00
1762816716.667783;0.00;1089.34;97.00;0.00;0.00;0.00;240.00;289.34;0.00;289.34;818.68;0.00;0.00;820.35;0.00;0.00;0.00;144.67;868.02;868.02;241.67;0.00;0.00;999.34;1108.02;963.35;3036.70;1394.01;2169.34;704.67;2504.01;2008.68;1867.36;1009.34;999.34;940.00;1444.01;690.00;684.67;544.67;759.34;534.67;0.00;0.00;320.00;0.00;0.00
1762816716.6682844;0.00;1089.34;97.00;0.00;0.00;0.00;240.00;289.34;0.00;289.34;818.68;0.00;0.00;820.35;0.00;0.00;0.00;144.67;868.02;868.02;241.67;0.00;0.00;999.34;1108.02;963.35;3036.70;1394.01;2169.34;704.67;2504.01;2008.68;1867.36;1009.34;999.34;940.00;1444.01;690.00;684.67;544.67;759.34;534.67;0.00;0.00;320.00;0.00;0.00
1762816726.5570486;0.00;1089.34;97.00;0.00;0.00;0.00;240.00;289.34;0.00;289.34;674.01;0.00;0.00;820.35;0.00;0.00;0.00;289.34;868.02;868.02;241.67;0.00;0.00;999.34;1108.02;1108.02;3036.70;1394.01;2169.34;704.67;2504.01;2008.68;1867.36;1009.34;999.34;940.00;1444.01;690.00;684.67;544.67;759.34;534.67;0.00;0.00;320.00;0.00;0.00
1762816726.5575788;0.00;1089.34;97.00;0.00;0.00;0.00;240.00;289.34;0.00;289.34;674.01;0.00;0.00;820.35;0.00;0.00;0.00;289.34;868.02;868.02;241.67;0.00;0.00;999.34;1108.02;1108.02;3036.70;1394.01;2169.34;704.67;2504.01;2008.68;1867.36;1009.34;999.34;940.00;1444.01;690.00;684.67;544.67;759.34;534.67;0.00;0.00;320.00;0.00;0.00
1762816731.5753803;0.00;1089.34;97.00;0.00;240.00;0.00;0.00;289.34;0.00;289.34;674.01;0.00;0.00;820.35;0.00;0.00;0.00;289.34;868.02;868.02;241.67;0.00;0.00;999.34;1108.02;1108.02;3036.70;1394.01;2169.34;704.67;2424.01;2168.68;1867.36;1009.34;999.34;940.00;1444.01;690.00;684.67;544.67;759.34;534.67;0.00;0.00;320.00;0.00;0.00
1762816731.576301;0.00;1089.34;97.00;0.00;240.00;0.00;0.00;289.34;0.00;289.34;674.01;0.00;0.00;820.35;0.00;0.00;0.00;289.34;868.02;868.02;241.67;0.00;0.00;999.34;1108.02;1108.02;3036.70;1394.01;2169.34;704.67;2424.01;2168.68;1867.36;1009.34;999.34;940.00;1444.01;690.00;684.67;544.67;759.34;534.67;0.00;0.00;320.00;0.00;0.00
1762816736.7629955;0.00;0.00;0.00;0.00;0.00;0.00;0.00;289.34;0.00;289.34;818.68;0.00;0.00;820.35;0.00;0.00;0.00;289.34;868.02;868.02;241.67;0.00;0.00;689.34;1108.02;1108.02;3181.37;1314.01;2089.34;560.00;1659.34;1314.01;1547.36;689.34;689.34;1170.00;1219.34;0.00;684.67;544.67;759.34;534.67;0.00;0.00;0.00;0.00;0.00
1762816736.7635431;0.00;0.00;0.00;0.00;0.00;0.00;0.00;289.34;0.00;289.34;818.68;0.00;0.00;820.35;0.00;0.00;0.00;289.34;868.02;868.02;241.67;0.00;0.00;689.34;1108.02;1108.02;3181.37;1314.01;2089.34;560.00;1659.34;1314.01;1547.36;689.34;689.34;1170.00;1219.34;0.00;684.67;544.67;759.34;534.67;0.00;0.00;0.00;0.00;0.00
1762816736.8059824;0.00;0.00;0.00;0.00;0.00;0.00;0.00;289.34;0.00;289.34;963.35;0.00;0.00;820.35;0.00;0.00;0.00;289.34;868.02;868.02;241.67;0.00;0.00;689.34;1332.69;1332.69;3421.37;1544.01;2319.34;560.00;1659.34;1314.01;1547.36;689.34;689.34;1170.00;1219.34;0.00;684.67;544.67;759.34;534.67;0.00;0.00;0.00;0.00;0.00
1762816736.8065019;0.00;0.00;0.00;0.00;0.00;0.00;0.00;289.34;0.00;289.34;963.35;0.00;0.00;820.35;0.00;0.00;0.00;289.34;868.02;868.02;241.67;0.00;0.00;689.34;1332.69;1332.69;3421.37;1544.01;2319.34;560.00;1659.34;1314.01;1547.36;689.34;689.34;1170.00;1219.34;0.00;684.67;544.67;759.34;534.67;0.00;0.00;0.00;0.00;0.00
1762816736.8551965;0.00;0.00;0.00;0.00;0.00;0.00;0.00;289.34;0.00;289.34;1108.02;0.00;0.00;820.35;0.00;0.00;0.00;289.34;868.02;868.02;241.67;0.00;0.00;689.34;1332.69;1332.69;3566.04;1784.01;2629.34;720.00;1659.34;1314.01;1547.36;689.34;689.34;1170.00;1219.34;0.00;684.67;544.67;759.34;534.67;0.00;0.00;0.00;0.00;0.00
1762816736.8557205;0.00;0.00;0.00;0.00;0.00;0.00;0.00;289.34;0.00;289.34;1108.02;0.00;0.00;820.35;0.00;0.00;0.00;289.34;868.02;868.02;241.67;0.00;0.00;689.34;1332.69;1332.69;3566.04;1784.01;2629.34;720.00;1659.34;1314.01;1547.36;689.34;689.34;1170.00;1219.34;0.00;684.67;544.67;759.34;534.67;0.00;0.00;0.00;0.00;0.00
1762816737.011481;0.00;0.00;0.00;0.00;0.00;0.00;0.00;289.34;0.00;289.34;1252.69;0.00;0.00;820.35;0.00;0.00;0.00;289.34;868.02;868.02;241.67;0.00;0.00;849.34;1397.36;1397.36;3646.04;1864.01;2709.34;870.00;1659.34;1314.01;1707.36;849.34;849.34;1170.00;1529.34;0.00;684.67;544.67;759.34;534.67;0.00;0.00;0.00;0.00;0.00
1762816737.012406;0.00;0.00;0.00;0.00;0.00;0.00;0.00;289.34;0.00;289.34;1252.69;0.00;0.00;820.35;0.00;0.00;0.00;289.34;868.02;868.02;241.67;0.00;0.00;849.34;1397.36;1397.36;3646.04;1864.01;2709.34;870.00;1659.34;1314.01;1707.36;849.34;849.34;1170.00;1529.34;0.00;684.67;544.67;759.34;534.67;0.00;0.00;0.00;0.00;0.00
1762816737.0777175;0.00;0.00;0.00;0.00;0.00;0.00;0.00;289.34;0.00;289.34;1397.36;0.00;0.00;820.35;0.00;0.00;0.00;289.34;868.02;868.02;241.67;0.00;0.00;1009.34;1462.03;1462.03;3726.04;1944.01;2789.34;950.00;1739.34;1704.01;1867.36;1009.34;1009.34;1170.00;1529.34;0.00;684.67;544.67;759.34;534.67;0.00;0.00;0.00;0.00;0.00
1762816737.0782654;0.00;0.00;0.00;0.00;0.00;0.00;0.00;289.34;0.00;289.34;1397.36;0.00;0.00;820.35;0.00;0.00;0.00;289.34;868.02;868.02;241.67;0.00;0.00;1009.34;1462.03;1462.03;3726.04;1944.01;2789.34;950.00;1739.34;1704.01;1867.36;1009.34;1009.34;1170.00;1529.34;0.00;684.67;544.67;759.34;534.67;0.00;0.00;0.00;0.00;0.00
1762816737.1293902;0.00;0.00;0.00;0.00;0.00;0.00;0.00;289.34;0.00;289.34;1637.36;0.00;0.00;820.35;0.00;0.00;0.00;289.34;868.02;868.02;241.67;0.00;0.00;1009.34;1462.03;1462.03;3966.04;2174.01;3089.34;950.00;1739.34;1704.01;1867.36;1009.34;1009.34;1170.00;1529.34;0.00;684.67;544.67;1069.34;534.67;0.00;0.00;0.00;0.00;0.00
1762816737.129931;0.00;0.00;0.00;0.00;0.00;0.00;0.00;289.34;0.00;289.34;1637.36;0.00;0.00;820.35;0.00;0.00;0.00;289.34;868.02;868.02;241.67;0.00;0.00;1009.34;1462.03;1462.03;3966.04;2174.01;3089.34;950.00;1739.34;1704.01;1867.36;1009.34;1009.34;1170.00;1529.34;0.00;684.67;544.67;1069.34;534.67;0.00;0.00;0.00;0.00;0.00
1762816741.607182;0.00;0.00;0.00;0.00;0.00;144.67;0.00;0.00;0.00;289.34;1108.02;0.00;0.00;820.35;0.00;0.00;0.00;289.34;578.68;868.02;241.67;0.00;0.00;1009.34;1462.03;1462.03;2916.70;1884.67;2704.67;790.00;1659.34;1384.01;1578.02;1009.34;1009.34;860.00;1529.34;0.00;0.00;544.67;759.34;534.67;0.00;0.00;0.00;0.00;0.00
1762816741.6081023;0.00;0.00;0.00;0.00;0.00;144.67;0.00;0.00;0.00;289.34;1108.02;0.00;0.00;820.35;0.00;0.00;0.00;289.34;578.68;868.02;241.67;0.00;0.00;1009.34;1462.03;1462.03;2916.70;1884.67;2704.67;790.00;1659.34;1384.01;1578.02;1009.34;1009.34;860.00;1529.34;0.00;0.00;544.67;759.34;534.67;0.00;0.00;0.00;0.00;0.00
1762816741.6744711;0.00;0.00;0.00;0.00;0.00;289.34;0.00;0.00;0.00;289.34;1108.02;0.00;0.00;820.35;0.00;0.00;0.00;289.34;578.68;868.02;241.67;0.00;0.00;1009.34;1462.03;1462.03;2916.70;1884.67;2704.67;790.00;1804.01;1384.01;1578.02;1009.34;1009.34;860.00;1529.34;0.00;0.00;544.67;759.34;534.67;0.00;0.00;0.00;0.00;0.00
1762816741.6750185;0.00;0.00;0.00;0.00;0.00;289.34;0.00;0.00;0.00;289.34;1108.02;0.00;0.00;820.35;0.00;0.00;0.00;289.34;578.68;868.02;241.67;0.00;0.00;1009.34;1462.03;1462.03;2916.70;1884.67;2704.67;790.00;1804.01;1384.01;1578.02;1009.34;1009.34;860.00;1529.34;0.00;0.00;544.67;759.34;534.67;0.00;0.00;0.00;0.00;0.00
1762816741.7201288;0.00;0.00;0.00;0.00;0.00;289.34;0.00;0.00;0.00;289.34;1108.02;0.00;0.00;820.35;0.00;0.00;0.00;434.01;578.68;868.02;241.67;0.00;0.00;1089.34;1542.03;1526.70;2981.37;2044.67;2864.67;950.00;1804.01;1384.01;1658.02;1089.34;1089.34;860.00;1529.34;0.00;0.00;544.67;759.34;534.67;0.00;0.00;0.00;0.00;0.00
1762816741.7206929;0.00;0.00;0.00;0.00;0.00;289.34;0.00;0.00;0.00;289.34;1108.02;0.00;0.00;820.35;0.00;0.00;0.00;434.01;578.68;868.02;241.67;0.00;0.00;1089.34;1542.03;1526.70;2981.37;2044.67;2864.67;950.00;1804.01;1384.01;1658.02;1089.34;1089.34;860.00;1529.34;0.00;0.00;544.67;759.34;534.67;0.00;0.00;0.00;0.00;0.00
1762816741.9169075;0.00;0.00;0.00;0.00;0.00;289.34;0.00;0.00;0.00;289.34;1108.02;0.00;0.00;820.35;0.00;0.00;0.00;578.68;578.68;868.02;241.67;0.00;0.00;1234.01;1686.70;1526.70;2981.37;2044.67;2864.67;950.00;1804.01;1384.01;1802.69;1234.01;1234.01;860.00;1529.34;0.00;0.00;544.67;759.34;534.67;0.00;0.00;0.00;0.00;0.00
1762816741.917811;0.00;0.00;0.00;0.00;0.00;289.34;0.00;0.00;0.00;289.34;1108.02;0.00;0.00;820.35;0.00;0.00;0.00;578.68;578.68;868.02;241.67;0.00;0.00;1234.01;1686.70;1526.70;2981.37;2044.67;2864.67;950.00;1804.01;1384.01;1802.69;1234.01;1234.01;860.00;1529.34;0.00;0.00;544.67;759.34;534.67;0.00;0.00;0.00;0.00;0.00
1762816741.9834247;0.00;0.00;0.00;0.00;0.00;289.34;0.00;0.00;0.00;289.34;1108.02;0.00;0.00;820.35;0.00;0.00;0.00;723.35;578.68;868.02;241.67;0.00;0.00;1378.68;1831.37;1526.70;2981.37;2044.67;2864.67;950.00;1804.01;1384.01;1947.36;1378.68;1378.68;860.00;1529.34;0.00;0.00;544.67;759.34;534.67;0.00;0.00;0.00;0.00;0.00
1762816741.984329;0.00;0.00;0.00;0.00;0.00;289.34;0.00;0.00;0.00;289.34;1108.02;0.00;0.00;820.35;0.00;0.00;0.00;723.35;578.68;868.02;241.67;0.00;0.00;1378.68;1831.37;1526.70;2981.37;2044.67;2864.67;950.00;1804.01;1384.01;1947.36;1378.68;1378.68;860.00;1529.34;0.00;0.00;544.67;759.34;534.67;0.00;0.00;0.00;0.00;0.00
1762816742.0494561;0.00;0.00;0.00;0.00;0.00;289.34;0.00;0.00;0.00;289.34;1108.02;0.00;0.00;820.35;0.00;0.00;0.00;723.35;578.68;868.02;481.67;0.00;0.00;1378.68;1831.37;1526.70;2981.37;2044.67;2864.67;1180.00;1804.01;1384.01;1947.36;1378.68;1378.68;860.00;1529.34;0.00;0.00;544.67;759.34;534.67;0.00;0.00;0.00;0.00;0.00
1762816742.050353;0.00;0.00;0.00;0.00;0.00;289.34;0.00;0.00;0.00;289.34;1108.02;0.00;0.00;820.35;0.00;0.00;0.00;723.35;578.68;868.02;481.67;0.00;0.00;1378.68;1831.37;1526.70;2981.37;2044.67;2864.67;1180.00;1804.01;1384.01;1947.36;1378.68;1378.68;860.00;1529.34;0.00;0.00;544.67;759.34;534.67;0.00;0.00;0.00;0.00;0.00
1762816742.1156313;0.00;0.00;0.00;0.00;0.00;289.34;0.00;0.00;0.00;289.34;1108.02;0.00;0.00;820.35;0.00;0.00;0.00;723.35;578.68;868.02;721.67;0.00;0.00;1378.68;1831.37;1526.70;2981.37;2044.67;2864.67;1340.00;1804.01;1384.01;1947.36;1378.68;1378.68;860.00;1529.34;0.00;310.00;544.67;759.34;534.67;0.00;0.00;0.00;0.00;0.00
1762816742.11658;0.00;0.00;0.00;0.00;0.00;289.34;0.00;0.00;0.00;289.34;1108.02;0.00;0.00;820.35;0.00;0.00;0.00;723.35;578.68;868.02;721.67;0.00;0.00;1378.68;1831.37;1526.70;2981.37;2044.67;2864.67;1340.00;1804.01;1384.01;1947.36;1378.68;1378.68;860.00;1529.34;0.00;310.00;544.67;759.34;534.67;0.00;0.00;0.00;0.00;0.00
1762816746.6145122;0.00;0.00;0.00;0.00;0.00;289.34;0.00;0.00;0.00;0.00;1108.02;0.00;0.00;675.68;0.00;97.00;0.00;723.35;578.68;868.02;0.00;0.00;0.00;1218.68;1751.37;1446.70;2831.37;2044.67;2961.67;950.00;1279.34;1319.34;1797.36;1218.68;1218.68;860.00;1314.67;0.00;0.00;544.67;759.34;310.00;0.00;0.00;0.00;0.00;0.00
1762816746.6154277;0.00;0.00;0.00;0.00;0.00;289.34;0.00;0.00;0.00;0.00;1108.02;0.00;0.00;675.68;0.00;97.00;0.00;723.35;578.68;868.02;0.00;0.00;0.00;1218.68;1751.37;1446.70;2831.37;2044.67;2961.67;950.00;1279.34;1319.34;1797.36;1218.68;1218.68;860.00;1314.67;0.00;0.00;544.67;759.34;310.00;0.00;0.00;0.00;0.00;0.00
1762816754.770766;0.00;0.00;0.00;144.67;0.00;289.34;0.00;0.00;0.00;0.00;1108.02;0.00;0.00;675.68;0.00;97.00;0.00;723.35;578.68;868.02;0.00;0.00;0.00;1218.68;1751.37;1446.70;2831.37;2044.67;2961.67;950.00;1589.34;1559.34;1797.36;1218.68;1218.68;860.00;1314.67;0.00;0.00;544.67;759.34;310.00;0.00;0.00;0.00;0.00;0.00
1762816754.7713113;0.00;0.00;0.00;144.67;0.00;289.34;0.00;0.00;0.00;0.00;1108.02;0.00;0.00;675.68;0.00;97.00;0.00;723.35;578.68;868.02;0.00;0.00;0.00;1218.68;1751.37;1446.70;2831.37;2044.67;2961.67;950.00;1589.34;1559.34;1797.36;1218.68;1218.68;860.00;1314.67;0.00;0.00;544.67;759.34;310.00;0.00;0.00;0.00;0.00;0.00
1762816754.916894;0.00;0.00;0.00;289.34;0.00;289.34;0.00;0.00;0.00;0.00;1108.02;0.00;0.00;675.68;0.00;97.00;0.00;723.35;578.68;868.02;0.00;0.00;0.00;1218.68;1751.37;1446.70;2831.37;2044.67;2961.67;950.00;1829.34;1704.01;1797.36;1218.68;1218.68;860.00;1314.67;0.00;540.00;544.67;759.34;310.00;0.00;0.00;0.00;0.00;0.00
1762816754.9174275;0.00;0.00;0.00;289.34;0.00;289.34;0.00;0.00;0.00;0.00;1108.02;0.00;0.00;675.68;0.00;97.00;0.00;723.35;578.68;868.02;0.00;0.00;0.00;1218.68;1751.37;1446.70;2831.37;2044.67;2961.67;950.00;1829.34;1704.01;1797.36;1218.68;1218.68;860.00;1314.67;0.00;540.00;544.67;759.34;310.00;0.00;0.00;0.00;0.00;0.00
1762816754.987783;0.00;0.00;0.00;434.01;0.00;289.34;0.00;0.00;0.00;0.00;1108.02;0.00;0.00;675.68;0.00;97.00;0.00;723.35;578.68;868.02;0.00;0.00;0.00;1218.68;1751.37;1446.70;2831.37;2044.67;2961.67;1110.00;2044.01;1848.68;1797.36;1218.68;1218.68;860.00;1314.67;0.00;540.00;544.67;759.34;310.00;0.00;0.00;0.00;0.00;0.00
1762816754.9883041;0.00;0.00;0.00;434.01;0.00;289.34;0.00;0.00;0.00;0.00;1108.02;0.00;0.00;675.68;0.00;97.00;0.00;723.35;578.68;868.02;0.00;0.00;0.00;1218.68;1751.37;1446.70;2831.37;2044.67;2961.67;1110.00;2044.01;1848.68;1797.36;1218.68;1218.68;860.00;1314.67;0.00;540.00;544.67;759.34;310.00;0.00;0.00;0.00;0.00;0.00
1762816755.0443854;0.00;0.00;0.00;578.68;0.00;289.34;0.00;0.00;0.00;0.00;1108.02;0.00;0.00;675.68;0.00;97.00;0.00;723.35;578.68;868.02;0.00;0.00;0.00;1218.68;1751.37;1446.70;2831.37;2044.67;2961.67;1110.00;2344.01;1993.35;1797.36;1218.68;1218.68;860.00;1314.67;0.00;540.00;544.67;759.34;310.00;0.00;0.00;0.00;0.00;0.00
1762816755.0453002;0.00;0.00;0.00;578.68;0.00;289.34;0.00;0.00;0.00;0.00;1108.02;0.00;0.00;675.68;0.00;97.00;0.00;723.35;578.68;868.02;0.00;0.00;0.00;1218.68;1751.37;1446.70;2831.37;2044.67;2961.67;1110.00;2344.01;1993.35;1797.36;1218.68;1218.68;860.00;1314.67;0.00;540.00;544.67;759.34;310.00;0.00;0.00;0.00;0.00;0.00
1762816755.0953367;0.00;0.00;0.00;723.35;0.00;289.34;0.00;0.00;0.00;0.00;1108.02;0.00;0.00;675.68;0.00;97.00;0.00;723.35;578.68;868.02;0.00;0.00;0.00;1218.68;1751.37;1446.70;2831.37;2044.67;2961.67;1110.00;2494.01;2288.02;1797.36;1218.68;1218.68;860.00;1314.67;0.00;540.00;544.67;759.34;310.00;0.00;0.00;0.00;0.00;0.00
1762816755.0958188;0.00;0.00;0.00;723.35;0.00;289.34;0.00;0.00;0.00;0.00;1108.02;0.00;0.00;675.68;0.00;97.00;0.00;723.35;578.68;868.02;0.00;0.00;0.00;1218.68;1751.37;1446.70;2831.37;2044.67;2961.67;1110.00;2494.01;2288.02;1797.36;1218.68;1218.68;860.00;1314.67;0.00;540.00;544.67;759.34;310.00;0.00;0.00;0.00;0.00;0.00
1762816755.1423373;0.00;0.00;0.00;963.35;0.00;289.34;0.00;0.00;0.00;0.00;1108.02;0.00;0.00;675.68;0.00;97.00;0.00;723.35;578.68;868.02;0.00;0.00;0.00;1218.68;1751.37;1446.70;2831.37;2044.67;2961.67;1110.00;2644.01;2368.02;1797.36;1218.68;1218.68;860.00;1624.67;230.00;540.00;544.67;759.34;310.00;0.00;0.00;0.00;0.00;0.00
1762816755.1428397;0.00;0.00;0.00;963.35;0.00;289.34;0.00;0.00;0.00;0.00;1108.02;0.00;0.00;675.68;0.00;97.00;0.00;723.35;578.68;868.02;0.00;0.00;0.00;1218.68;1751.37;1446.70;2831.37;2044.67;2961.67;1110.00;2644.01;2368.02;1797.36;1218.68;1218.68;860.00;1624.67;230.00;540.00;544.67;759.34;310.00;0.00;0.00;0.00;0.00;0.00
1762816756.6300936;0.00;0.00;0.00;963.35;0.00;289.34;0.00;0.00;0.00;0.00;1108.02;0.00;0.00;434.01;0.00;241.67;0.00;723.35;578.68;868.02;0.00;0.00;0.00;1009.34;1751.37;1446.70;2831.37;2044.67;3106.34;1270.00;2484.01;2208.02;1588.02;1009.34;1009.34;860.00;1170.00;230.00;540.00;544.67;759.34;310.00;0.00;0.00;0.00;0.00;0.00
1762816756.6310315;0.00;0.00;0.00;963.35;0.00;289.34;0.00;0.00;0.00;0.00;1108.02;0.00;0.00;434.01;0.00;241.67;0.00;723.35;578.68;868.02;0.00;0.00;0.00;1009.34;1751.37;1446.70;2831.37;2044.67;3106.34;1270.00;2484.01;2208.02;1588.02;1009.34;1009.34;860.00;1170.00;230.00;540.00;544.67;759.34;310.00;0.00;0.00;0.00;0.00;0.00
1762816756.697108;0.00;0.00;0.00;963.35;0.00;289.34;0.00;0.00;0.00;0.00;1108.02;0.00;0.00;434.01;0.00;481.67;0.00;723.35;578.68;868.02;0.00;0.00;0.00;1009.34;1751.37;1446.70;2831.37;2044.67;3346.34;1570.00;2484.01;2208.02;1588.02;1009.34;1009.34;860.00;1170.00;230.00;540.00;544.67;759.34;310.00;0.00;0.00;0.00;0.00;0.00
1762816756.6980274;0.00;0.00;0.00;963.35;0.00;289.34;0.00;0.00;0.00;0.00;1108.02;0.00;0.00;434.01;0.00;481.67;0.00;723.35;578.68;868.02;0.00;0.00;0.00;1009.34;1751.37;1446.70;2831.37;2044.67;3346.34;1570.00;2484.01;2208.02;1588.02;1009.34;1009.34;860.00;1170.00;230.00;540.00;544.67;759.34;310.00;0.00;0.00;0.00;0.00;0.00
1762816766.7913983;0.00;0.00;0.00;963.35;0.00;289.34;0.00;0.00;0.00;0.00;963.35;0.00;0.00;434.01;0.00;481.67;0.00;963.35;578.68;868.02;0.00;0.00;0.00;1169.34;1991.37;1446.70;2616.70;1980.00;2971.67;1570.00;2484.01;2208.02;1748.02;1169.34;1169.34;540.00;1170.00;230.00;540.00;544.67;759.34;310.00;0.00;0.00;0.00;0.00;0.00
1762816766.7923136;0.00;0.00;0.00;963.35;0.00;289.34;0.00;0.00;0.00;0.00;963.35;0.00;0.00;434.01;0.00;481.67;0.00;963.35;578.68;868.02;0.00;0.00;0.00;1169.34;1991.37;1446.70;2616.70;1980.00;2971.67;1570.00;2484.01;2208.02;1748.02;1169.34;1169.34;540.00;1170.00;230.00;540.00;544.67;759.34;310.00;0.00;0.00;0.00;0.00;0.00
1762816771.6500955;0.00;0.00;0.00;963.35;0.00;289.34;0.00;0.00;0.00;0.00;963.35;0.00;0.00;289.34;0.00;721.67;0.00;963.35;578.68;868.02;0.00;0.00;0.00;1169.34;1846.70;1302.03;2162.03;1900.00;3061.67;1730.00;2484.01;2208.02;1748.02;1169.34;1169.34;540.00;1170.00;230.00;850.00;224.67;534.67;310.00;0.00;0.00;0.00;0.00;0.00
1762816771.6510189;0.00;0.00;0.00;963.35;0.00;289.34;0.00;0.00;0.00;0.00;963.35;0.00;0.00;289.34;0.00;721.67;0.00;963.35;578.68;868.02;0.00;0.00;0.00;1169.34;1846.70;1302.03;2162.03;1900.00;3061.67;1730.00;2484.01;2208.02;1748.02;1169.34;1169.34;540.00;1170.00;230.00;850.00;224.67;534.67;310.00;0.00;0.00;0.00;0.00;0.00
1762816778.8095567;0.00;0.00;0.00;963.35;0.00;289.34;0.00;0.00;0.00;0.00;963.35;0.00;0.00;289.34;0.00;721.67;0.00;963.35;578.68;868.02;240.00;0.00;0.00;1169.34;1846.70;1302.03;2162.03;1900.00;3061.67;1890.00;2484.01;2208.02;1748.02;1169.34;1169.34;540.00;1170.00;230.00;1160.00;224.67;534.67;310.00;0.00;0.00;0.00;0.00;0.00
1762816778.810646;0.00;0.00;0.00;963.35;0.00;289.34;0.00;0.00;0.00;0.00;963.35;0.00;0.00;289.34;0.00;721.67;0.00;963.35;578.68;868.02;240.00;0.00;0.00;1169.34;1846.70;1302.03;2162.03;1900.00;3061.67;1890.00;2484.01;2208.02;1748.02;1169.34;1169.34;540.00;1170.00;230.00;1160.00;224.67;534.67;310.00;0.00;0.00;0.00;0.00;0.00
1762816778.8868387;0.00;0.00;0.00;963.35;0.00;289.34;0.00;0.00;0.00;0.00;963.35;0.00;0.00;289.34;0.00;721.67;0.00;963.35;578.68;868.02;480.00;0.00;0.00;1169.34;1846.70;1302.03;2162.03;1900.00;3291.67;2050.00;2644.01;2358.02;1748.02;1169.34;1169.34;540.00;1170.00;230.00;1480.00;224.67;534.67;310.00;0.00;0.00;0.00;0.00;0.00
1762816778.8874269;0.00;0.00;0.00;963.35;0.00;289.34;0.00;0.00;0.00;0.00;963.35;0.00;0.00;289.34;0.00;721.67;0.00;963.35;578.68;868.02;480.00;0.00;0.00;1169.34;1846.70;1302.03;2162.03;1900.00;3291.67;2050.00;2644.01;2358.02;1748.02;1169.34;1169.34;540.00;1170.00;230.00;1480.00;224.67;534.67;310.00;0.00;0.00;0.00;0.00;0.00
1762816778.928724;0.00;0.00;0.00;963.35;0.00;289.34;0.00;0.00;0.00;0.00;963.35;0.00;0.00;289.34;0.00;721.67;0.00;963.35;578.68;868.02;720.00;0.00;0.00;1169.34;1846.70;1302.03;2162.03;2050.00;3681.67;2050.00;2644.01;2358.02;1748.02;1169.34;1169.34;860.00;1170.00;230.00;1480.00;224.67;534.67;310.00;0.00;0.00;0.00;0.00;0.00
1762816778.9292395;0.00;0.00;0.00;963.35;0.00;289.34;0.00;0.00;0.00;0.00;963.35;0.00;0.00;289.34;0.00;721.67;0.00;963.35;578.68;868.02;720.00;0.00;0.00;1169.34;1846.70;1302.03;2162.03;2050.00;3681.67;2050.00;2644.01;2358.02;1748.02;1169.34;1169.34;860.00;1170.00;230.00;1480.00;224.67;534.67;310.00;0.00;0.00;0.00;0.00;0.00
1762816778.981808;0.00;0.00;0.00;963.35;0.00;289.34;0.00;0.00;0.00;0.00;963.35;0.00;0.00;289.34;0.00;721.67;0.00;963.35;578.68;868.02;960.00;0.00;0.00;1169.34;1846.70;1302.03;2162.03;2200.00;3841.67;2130.00;2724.01;2508.02;1748.02;1169.34;1169.34;860.00;1170.00;230.00;1480.00;224.67;534.67;310.00;0.00;0.00;0.00;0.00;0.00
1762816778.982342;0.00;0.00;0.00;963.35;0.00;289.34;0.00;0.00;0.00;0.00;963.35;0.00;0.00;289.34;0.00;721.67;0.00;963.35;578.68;868.02;960.00;0.00;0.00;1169.34;1846.70;1302.03;2162.03;2200.00;3841.67;2130.00;2724.01;2508.02;1748.02;1169.34;1169.34;860.00;1170.00;230.00;1480.00;224.67;534.67;310.00;0.00;0.00;0.00;0.00;0.00
1762816779.1971395;0.00;0.00;0.00;963.35;0.00;289.34;0.00;0.00;0.00;0.00;963.35;0.00;0.00;289.34;0.00;721.67;0.00;963.35;578.68;868.02;1200.00;0.00;0.00;1169.34;1846.70;1302.03;2162.03;2350.00;3921.67;2290.00;2884.01;2658.02;1748.02;1169.34;1169.34;1180.00;1170.00;540.00;1480.00;224.67;534.67;310.00;0.00;0.00;0.00;0.00;0.00
1762816779.1980443;0.00;0.00;0.00;963.35;0.00;289.34;0.00;0.00;0.00;0.00;963.35;0.00;0.00;289.34;0.00;721.67;0.00;963.35;578.68;868.02;1200.00;0.00;0.00;1169.34;1846.70;1302.03;2162.03;2350.00;3921.67;2290.00;2884.01;2658.02;1748.02;1169.34;1169.34;1180.00;1170.00;540.00;1480.00;224.67;534.67;310.00;0.00;0.00;0.00;0.00;0.00
1762816779.273042;0.00;0.00;0.00;963.35;0.00;289.34;0.00;0.00;0.00;0.00;963.35;0.00;0.00;289.34;0.00;721.67;0.00;963.35;578.68;868.02;1440.00;0.00;0.00;1169.34;1846.70;1302.03;2162.03;2350.00;4151.67;2450.00;3044.01;2818.02;2058.02;1169.34;1169.34;1180.00;1170.00;540.00;1480.00;224.67;534.67;310.00;0.00;0.00;0.00;0.00;0.00
1762816779.274016;0.00;0.00;0.00;963.35;0.00;289.34;0.00;0.00;0.00;0.00;963.35;0.00;0.00;289.34;0.00;721.67;0.00;963.35;578.68;868.02;1440.00;0.00;0.00;1169.34;1846.70;1302.03;2162.03;2350.00;4151.67;2450.00;3044.01;2818.02;2058.02;1169.34;1169.34;1180.00;1170.00;540.00;1480.00;224.67;534.67;310.00;0.00;0.00;0.00;0.00;0.00
1762816781.6736884;0.00;0.00;0.00;963.35;0.00;289.34;0.00;0.00;0.00;0.00;963.35;0.00;0.00;289.34;0.00;337.00;240.00;963.35;578.68;868.02;1440.00;0.00;0.00;1169.34;1846.70;1302.03;2162.03;2350.00;4007.00;2220.00;3044.01;2818.02;2058.02;1169.34;1169.34;1180.00;1170.00;540.00;1480.00;224.67;534.67;310.00;0.00;0.00;0.00;0.00;0.00
1762816781.6746225;0.00;0.00;0.00;963.35;0.00;289.34;0.00;0.00;0.00;0.00;963.35;0.00;0.00;289.34;0.00;337.00;240.00;963.35;578.68;868.02;1440.00;0.00;0.00;1169.34;1846.70;1302.03;2162.03;2350.00;4007.00;2220.00;3044.01;2818.02;2058.02;1169.34;1169.34;1180.00;1170.00;540.00;1480.00;224.67;534.67;310.00;0.00;0.00;0.00;0.00;0.00
1762816781.7427046;0.00;0.00;0.00;963.35;0.00;289.34;0.00;0.00;0.00;0.00;963.35;0.00;0.00;289.34;0.00;337.00;480.00;963.35;578.68;868.02;1440.00;0.00;0.00;1169.34;1846.70;1302.03;2162.03;2500.00;4407.00;2300.00;3044.01;2818.02;2058.02;1169.34;1169.34;1180.00;1170.00;540.00;1480.00;224.67;534.67;310.00;310.00;0.00;0.00;0.00;0.00
1762816781.7435727;0.00;0.00;0.00;963.35;0.00;289.34;0.00;0.00;0.00;0.00;963.35;0.00;0.00;289.34;0.00;337.00;480.00;963.35;578.68;868.02;1440.00;0.00;0.00;1169.34;1846.70;1302.03;2162.03;2500.00;4407.00;2300.00;3044.01;2818.02;2058.02;1169.34;1169.34;1180.00;1170.00;540.00;1480.00;224.67;534.67;310.00;310.00;0.00;0.00;0.00;0.00
1762816796.6909983;0.00;0.00;0.00;963.35;0.00;289.34;0.00;0.00;0.00;0.00;963.35;0.00;144.67;289.34;0.00;337.00;480.00;0.00;578.68;723.35;1440.00;0.00;0.00;400.00;1092.69;1092.69;1808.02;2180.00;4097.00;2140.00;2894.01;2658.02;1288.68;400.00;400.00;1180.00;1170.00;540.00;1480.00;224.67;534.67;310.00;310.00;0.00;0.00;0.00;0.00
1762816796.6918983;0.00;0.00;0.00;963.35;0.00;289.34;0.00;0.00;0.00;0.00;963.35;0.00;144.67;289.34;0.00;337.00;480.00;0.00;578.68;723.35;1440.00;0.00;0.00;400.00;1092.69;1092.69;1808.02;2180.00;4097.00;2140.00;2894.01;2658.02;1288.68;400.00;400.00;1180.00;1170.00;540.00;1480.00;224.67;534.67;310.00;310.00;0.00;0.00;0.00;0.00
1762816798.810639;0.00;0.00;0.00;963.35;0.00;289.34;0.00;0.00;0.00;0.00;963.35;0.00;144.67;289.34;0.00;337.00;480.00;0.00;818.68;723.35;1440.00;0.00;0.00;400.00;1092.69;1092.69;1808.02;2180.00;4097.00;2140.00;2894.01;2658.02;1528.68;400.00;400.00;1180.00;1170.00;540.00;1480.00;224.67;534.67;310.00;310.00;0.00;0.00;0.00;0.00
1762816798.8113558;0.00;0.00;0.00;963.35;0.00;289.34;0.00;0.00;0.00;0.00;963.35;0.00;144.67;289.34;0.00;337.00;480.00;0.00;818.68;723.35;1440.00;0.00;0.00;400.00;1092.69;1092.69;1808.02;2180.00;4097.00;2140.00;2894.01;2658.02;1528.68;400.00;400.00;1180.00;1170.00;540.00;1480.00;224.67;534.67;310.00;310.00;0.00;0.00;0.00;0.00
1762816798.965719;0.00;0.00;0.00;963.35;0.00;289.34;0.00;0.00;0.00;0.00;963.35;0.00;144.67;289.34;0.00;337.00;480.00;0.00;1058.68;723.35;1440.00;0.00;0.00;400.00;1092.69;1092.69;1808.02;2180.00;4097.00;2140.00;2894.01;2658.02;1768.68;400.00;400.00;1180.00;1170.00;540.00;1480.00;224.67;534.67;310.00;310.00;0.00;0.00;0.00;0.00
1762816798.966254;0.00;0.00;0.00;963.35;0.00;289.34;0.00;0.00;0.00;0.00;963.35;0.00;144.67;289.34;0.00;337.00;480.00;0.00;1058.68;723.35;1440.00;0.00;0.00;400.00;1092.69;1092.69;1808.02;2180.00;4097.00;2140.00;2894.01;2658.02;1768.68;400.00;400.00;1180.00;1170.00;540.00;1480.00;224.67;534.67;310.00;310.00;0.00;0.00;0.00;0.00
1762816799.0185094;0.00;0.00;0.00;963.35;0.00;289.34;0.00;0.00;0.00;0.00;963.35;0.00;144.67;289.34;0.00;337.00;480.00;0.00;1298.68;723.35;1440.00;0.00;0.00;400.00;1092.69;1092.69;1808.02;2180.00;4097.00;2140.00;2894.01;2658.02;2008.68;400.00;400.00;1180.00;1170.00;540.00;1480.00;224.67;534.67;310.00;310.00;0.00;0.00;0.00;0.00
1762816799.0190454;0.00;0.00;0.00;963.35;0.00;289.34;0.00;0.00;0.00;0.00;963.35;0.00;144.67;289.34;0.00;337.00;480.00;0.00;1298.68;723.35;1440.00;0.00;0.00;400.00;1092.69;1092.69;1808.02;2180.00;4097.00;2140.00;2894.01;2658.02;2008.68;400.00;400.00;1180.00;1170.00;540.00;1480.00;224.67;534.67;310.00;310.00;0.00;0.00;0.00;0.00
1762816799.0960293;0.00;0.00;0.00;963.35;0.00;289.34;0.00;0.00;0.00;0.00;963.35;0.00;144.67;289.34;0.00;337.00;480.00;0.00;1538.68;723.35;1440.00;0.00;0.00;400.00;1092.69;1092.69;1808.02;2180.00;4097.00;2140.00;2894.01;2968.02;2248.68;400.00;400.00;1180.00;1170.00;540.00;1480.00;224.67;534.67;310.00;310.00;0.00;0.00;0.00;0.00
1762816799.096938;0.00;0.00;0.00;963.35;0.00;289.34;0.00;0.00;0.00;0.00;963.35;0.00;144.67;289.34;0.00;337.00;480.00;0.00;1538.68;723.35;1440.00;0.00;0.00;400.00;1092.69;1092.69;1808.02;2180.00;4097.00;2140.00;2894.01;2968.02;2248.68;400.00;400.00;1180.00;1170.00;540.00;1480.00;224.67;534.67;310.00;310.00;0.00;0.00;0.00;0.00
1762816799.149478;0.00;0.00;0.00;963.35;0.00;289.34;0.00;0.00;0.00;0.00;963.35;0.00;144.67;289.34;0.00;337.00;480.00;0.00;1778.68;723.35;1440.00;0.00;0.00;480.00;1092.69;1092.69;1808.02;2180.00;4097.00;2140.00;3054.01;3128.02;2408.68;480.00;480.00;1180.00;1170.00;860.00;1480.00;224.67;534.67;310.00;310.00;0.00;0.00;0.00;0.00
1762816799.1500206;0.00;0.00;0.00;963.35;0.00;289.34;0.00;0.00;0.00;0.00;963.35;0.00;144.67;289.34;0.00;337.00;480.00;0.00;1778.68;723.35;1440.00;0.00;0.00;480.00;1092.69;1092.69;1808.02;2180.00;4097.00;2140.00;3054.01;3128.02;2408.68;480.00;480.00;1180.00;1170.00;860.00;1480.00;224.67;534.67;310.00;310.00;0.00;0.00;0.00;0.00
1762816799.208779;0.00;0.00;0.00;963.35;0.00;289.34;0.00;0.00;0.00;0.00;963.35;0.00;144.67;289.34;0.00;337.00;480.00;0.00;1923.35;723.35;1440.00;0.00;0.00;480.00;1402.69;1402.69;2048.02;2420.00;4337.00;2380.00;3294.01;3368.02;2553.35;480.00;480.00;1180.00;1394.67;860.00;1480.00;224.67;534.67;310.00;310.00;0.00;0.00;0.00;0.00
1762816799.2093246;0.00;0.00;0.00;963.35;0.00;289.34;0.00;0.00;0.00;0.00;963.35;0.00;144.67;289.34;0.00;337.00;480.00;0.00;1923.35;723.35;1440.00;0.00;0.00;480.00;1402.69;1402.69;2048.02;2420.00;4337.00;2380.00;3294.01;3368.02;2553.35;480.00;480.00;1180.00;1394.67;860.00;1480.00;224.67;534.67;310.00;310.00;0.00;0.00;0.00;0.00
1762816801.7057106;0.00;0.00;0.00;963.35;0.00;0.00;0.00;0.00;0.00;0.00;963.35;0.00;144.67;289.34;144.67;240.00;480.00;0.00;1344.67;723.35;1440.00;0.00;0.00;480.00;1402.69;1402.69;2048.02;2420.00;4384.67;2380.00;2704.67;3058.68;1974.67;480.00;480.00;1180.00;1074.67;860.00;1480.00;224.67;534.67;310.00;310.00;0.00;0.00;0.00;0.00
1762816801.7066622;0.00;0.00;0.00;963.35;0.00;0.00;0.00;0.00;0.00;0.00;963.35;0.00;144.67;289.34;144.67;240.00;480.00;0.00;1344.67;723.35;1440.00;0.00;0.00;480.00;1402.69;1402.69;2048.02;2420.00;4384.67;2380.00;2704.67;3058.68;1974.67;480.00;480.00;1180.00;1074.67;860.00;1480.00;224.67;534.67;310.00;310.00;0.00;0.00;0.00;0.00
1762816811.8637474;0.00;0.00;0.00;529.34;0.00;0.00;144.67;0.00;0.00;0.00;963.35;0.00;144.67;289.34;144.67;240.00;480.00;0.00;1344.67;723.35;1440.00;0.00;0.00;480.00;1402.69;1402.69;2048.02;2420.00;4384.67;2220.00;1950.00;2769.34;1974.67;480.00;480.00;1180.00;1074.67;860.00;940.00;224.67;534.67;310.00;310.00;0.00;0.00;0.00;0.00
1762816811.8646598;0.00;0.00;0.00;529.34;0.00;0.00;144.67;0.00;0.00;0.00;963.35;0.00;144.67;289.34;144.67;240.00;480.00;0.00;1344.67;723.35;1440.00;0.00;0.00;480.00;1402.69;1402.69;2048.02;2420.00;4384.67;2220.00;1950.00;2769.34;1974.67;480.00;480.00;1180.00;1074.67;860.00;940.00;224.67;534.67;310.00;310.00;0.00;0.00;0.00;0.00
1762816811.932448;0.00;0.00;0.00;529.34;0.00;0.00;289.34;0.00;0.00;0.00;963.35;0.00;144.67;289.34;144.67;240.00;480.00;0.00;1344.67;723.35;1440.00;0.00;0.00;480.00;1402.69;1402.69;2048.02;2420.00;4384.67;2220.00;1950.00;2914.01;1974.67;480.00;480.00;1180.00;1074.67;860.00;940.00;224.67;534.67;310.00;310.00;0.00;0.00;0.00;0.00
1762816811.9333148;0.00;0.00;0.00;529.34;0.00;0.00;289.34;0.00;0.00;0.00;963.35;0.00;144.67;289.34;144.67;240.00;480.00;0.00;1344.67;723.35;1440.00;0.00;0.00;480.00;1402.69;1402.69;2048.02;2420.00;4384.67;2220.00;1950.00;2914.01;1974.67;480.00;480.00;1180.00;1074.67;860.00;940.00;224.67;534.67;310.00;310.00;0.00;0.00;0.00;0.00
1762816812.00144;0.00;0.00;0.00;529.34;0.00;0.00;434.01;0.00;0.00;0.00;963.35;0.00;144.67;289.34;144.67;240.00;480.00;0.00;1344.67;723.35;1440.00;0.00;0.00;480.00;1402.69;1402.69;2048.02;2420.00;4384.67;2220.00;2164.67;2914.01;1974.67;480.00;480.00;1180.00;1074.67;860.00;940.00;224.67;534.67;310.00;310.00;0.00;0.00;0.00;0.00
1762816812.0023448;0.00;0.00;0.00;529.34;0.00;0.00;434.01;0.00;0.00;0.00;963.35;0.00;144.67;289.34;144.67;240.00;480.00;0.00;1344.67;723.35;1440.00;0.00;0.00;480.00;1402.69;1402.69;2048.02;2420.00;4384.67;2220.00;2164.67;2914.01;1974.67;480.00;480.00;1180.00;1074.67;860.00;940.00;224.67;534.67;310.00;310.00;0.00;0.00;0.00;0.00
1762816816.7312727;0.00;0.00;0.00;384.67;0.00;0.00;531.01;0.00;0.00;0.00;963.35;0.00;0.00;289.34;144.67;240.00;480.00;0.00;1344.67;0.00;1440.00;0.00;0.00;480.00;1033.35;1033.35;1694.01;1940.00;3594.67;2220.00;1951.67;2674.01;1974.67;480.00;480.00;870.00;1074.67;860.00;940.00;224.67;534.67;310.00;310.00;0.00;0.00;0.00;0.00
1762816816.7321606;0.00;0.00;0.00;384.67;0.00;0.00;531.01;0.00;0.00;0.00;963.35;0.00;0.00;289.34;144.67;240.00;480.00;0.00;1344.67;0.00;1440.00;0.00;0.00;480.00;1033.35;1033.35;1694.01;1940.00;3594.67;2220.00;1951.67;2674.01;1974.67;480.00;480.00;870.00;1074.67;860.00;940.00;224.67;534.67;310.00;310.00;0.00;0.00;0.00;0.00
1762816817.8297665;0.00;0.00;0.00;384.67;0.00;0.00;531.01;0.00;0.00;0.00;963.35;0.00;0.00;289.34;144.67;240.00;480.00;0.00;1344.67;97.00;1440.00;0.00;0.00;480.00;1033.35;1033.35;1791.01;1940.00;3594.67;2220.00;1951.67;2674.01;1974.67;480.00;480.00;870.00;1074.67;860.00;940.00;224.67;534.67;310.00;310.00;0.00;0.00;0.00;0.00
1762816817.830716;0.00;0.00;0.00;384.67;0.00;0.00;531.01;0.00;0.00;0.00;963.35;0.00;0.00;289.34;144.67;240.00;480.00;0.00;1344.67;97.00;1440.00;0.00;0.00;480.00;1033.35;1033.35;1791.01;1940.00;3594.67;2220.00;1951.67;2674.01;1974.67;480.00;480.00;870.00;1074.67;860.00;940.00;224.67;534.67;310.00;310.00;0.00;0.00;0.00;0.00
1762816817.9069693;0.00;0.00;0.00;384.67;0.00;0.00;531.01;0.00;0.00;0.00;963.35;0.00;0.00;289.34;144.67;240.00;480.00;0.00;1344.67;241.67;1440.00;0.00;0.00;480.00;1113.35;1113.35;1855.68;2100.00;3744.67;2220.00;1951.67;2674.01;1974.67;480.00;480.00;870.00;1074.67;860.00;940.00;224.67;534.67;310.00;310.00;0.00;0.00;0.00;0.00
1762816817.9079068;0.00;0.00;0.00;384.67;0.00;0.00;531.01;0.00;0.00;0.00;963.35;0.00;0.00;289.34;144.67;240.00;480.00;0.00;1344.67;241.67;1440.00;0.00;0.00;480.00;1113.35;1113.35;1855.68;2100.00;3744.67;2220.00;1951.67;2674.01;1974.67;480.00;480.00;870.00;1074.67;860.00;940.00;224.67;534.67;310.00;310.00;0.00;0.00;0.00;0.00
1762816818.1327019;0.00;0.00;0.00;384.67;0.00;0.00;531.01;0.00;0.00;0.00;963.35;0.00;0.00;289.34;144.67;240.00;480.00;0.00;1344.67;386.34;1440.00;0.00;0.00;480.00;1258.02;1258.02;1855.68;2100.00;3744.67;2220.00;1951.67;2674.01;1974.67;480.00;480.00;870.00;1074.67;860.00;940.00;224.67;534.67;310.00;310.00;0.00;0.00;0.00;0.00
1762816818.133643;0.00;0.00;0.00;384.67;0.00;0.00;531.01;0.00;0.00;0.00;963.35;0.00;0.00;289.34;144.67;240.00;480.00;0.00;1344.67;386.34;1440.00;0.00;0.00;480.00;1258.02;1258.02;1855.68;2100.00;3744.67;2220.00;1951.67;2674.01;1974.67;480.00;480.00;870.00;1074.67;860.00;940.00;224.67;534.67;310.00;310.00;0.00;0.00;0.00;0.00
1762816818.2121885;0.00;0.00;0.00;384.67;0.00;0.00;531.01;0.00;0.00;0.00;963.35;0.00;0.00;289.34;144.67;240.00;480.00;0.00;1344.67;531.01;1440.00;0.00;0.00;480.00;1402.69;1402.69;1855.68;2100.00;3744.67;2220.00;1951.67;2674.01;1974.67;480.00;480.00;870.00;1074.67;860.00;940.00;224.67;534.67;310.00;310.00;0.00;0.00;0.00;0.00
1762816818.2132907;0.00;0.00;0.00;384.67;0.00;0.00;531.01;0.00;0.00;0.00;963.35;0.00;0.00;289.34;144.67;240.00;480.00;0.00;1344.67;531.01;1440.00;0.00;0.00;480.00;1402.69;1402.69;1855.68;2100.00;3744.67;2220.00;1951.67;2674.01;1974.67;480.00;480.00;870.00;1074.67;860.00;940.00;224.67;534.67;310.00;310.00;0.00;0.00;0.00;0.00
1762816818.2881339;0.00;0.00;0.00;384.67;0.00;0.00;531.01;0.00;0.00;0.00;963.35;0.00;0.00;289.34;144.67;240.00;480.00;0.00;1344.67;675.68;1440.00;0.00;0.00;480.00;1402.69;1402.69;2000.35;2244.67;3889.34;2460.00;1951.67;2674.01;1974.67;480.00;480.00;870.00;1074.67;860.00;1170.00;224.67;534.67;310.00;310.00;0.00;0.00;0.00;0.00
1762816818.2889986;0.00;0.00;0.00;384.67;0.00;0.00;531.01;0.00;0.00;0.00;963.35;0.00;0.00;289.34;144.67;240.00;480.00;0.00;1344.67;675.68;1440.00;0.00;0.00;480.00;1402.69;1402.69;2000.35;2244.67;3889.34;2460.00;1951.67;2674.01;1974.67;480.00;480.00;870.00;1074.67;860.00;1170.00;224.67;534.67;310.00;310.00;0.00;0.00;0.00;0.00
1762816818.3640583;0.00;0.00;0.00;384.67;0.00;0.00;531.01;0.00;0.00;0.00;963.35;0.00;0.00;289.34;144.67;240.00;480.00;0.00;1344.67;820.35;1440.00;0.00;0.00;480.00;1402.69;1402.69;2240.35;2634.67;3969.34;2540.00;1951.67;2674.01;1974.67;480.00;480.00;870.00;1074.67;860.00;1400.00;224.67;534.67;310.00;310.00;0.00;0.00;0.00;0.00
1762816818.3650024;0.00;0.00;0.00;384.67;0.00;0.00;531.01;0.00;0.00;0.00;963.35;0.00;0.00;289.34;144.67;240.00;480.00;0.00;1344.67;820.35;1440.00;0.00;0.00;480.00;1402.69;1402.69;2240.35;2634.67;3969.34;2540.00;1951.67;2674.01;1974.67;480.00;480.00;870.00;1074.67;860.00;1400.00;224.67;534.67;310.00;310.00;0.00;0.00;0.00;0.00
1762816821.751864;0.00;0.00;0.00;144.67;0.00;0.00;675.68;0.00;0.00;0.00;674.01;0.00;0.00;289.34;144.67;240.00;240.00;0.00;1344.67;820.35;1440.00;0.00;0.00;480.00;1178.02;1178.02;1855.68;2164.67;3189.34;2150.00;2176.34;2674.01;1974.67;480.00;480.00;870.00;764.67;630.00;1720.00;224.67;534.67;310.00;310.00;0.00;0.00;0.00;0.00
1762816821.7528036;0.00;0.00;0.00;144.67;0.00;0.00;675.68;0.00;0.00;0.00;674.01;0.00;0.00;289.34;144.67;240.00;240.00;0.00;1344.67;820.35;1440.00;0.00;0.00;480.00;1178.02;1178.02;1855.68;2164.67;3189.34;2150.00;2176.34;2674.01;1974.67;480.00;480.00;870.00;764.67;630.00;1720.00;224.67;534.67;310.00;310.00;0.00;0.00;0.00;0.00
1762816821.8217711;0.00;0.00;0.00;144.67;0.00;0.00;675.68;0.00;0.00;0.00;674.01;0.00;0.00;289.34;144.67;240.00;240.00;144.67;1344.67;820.35;1440.00;0.00;0.00;480.00;1402.69;1418.02;2095.68;2324.67;3339.34;2150.00;2176.34;2674.01;1974.67;480.00;480.00;870.00;764.67;630.00;1720.00;224.67;534.67;310.00;310.00;0.00;0.00;0.00;0.00
1762816821.8226683;0.00;0.00;0.00;144.67;0.00;0.00;675.68;0.00;0.00;0.00;674.01;0.00;0.00;289.34;144.67;240.00;240.00;144.67;1344.67;820.35;1440.00;0.00;0.00;480.00;1402.69;1418.02;2095.68;2324.67;3339.34;2150.00;2176.34;2674.01;1974.67;480.00;480.00;870.00;764.67;630.00;1720.00;224.67;534.67;310.00;310.00;0.00;0.00;0.00;0.00
1762816822.030146;0.00;0.00;0.00;144.67;0.00;0.00;675.68;0.00;0.00;0.00;674.01;0.00;0.00;289.34;144.67;240.00;240.00;289.34;1344.67;820.35;1440.00;0.00;0.00;624.67;1547.36;1418.02;2095.68;2324.67;3339.34;2150.00;2176.34;3214.01;2119.34;624.67;624.67;870.00;764.67;860.00;1720.00;224.67;534.67;310.00;310.00;0.00;0.00;0.00;0.00
1762816822.0310574;0.00;0.00;0.00;144.67;0.00;0.00;675.68;0.00;0.00;0.00;674.01;0.00;0.00;289.34;144.67;240.00;240.00;289.34;1344.67;820.35;1440.00;0.00;0.00;624.67;1547.36;1418.02;2095.68;2324.67;3339.34;2150.00;2176.34;3214.01;2119.34;624.67;624.67;870.00;764.67;860.00;1720.00;224.67;534.67;310.00;310.00;0.00;0.00;0.00;0.00
1762816822.1183496;0.00;0.00;0.00;144.67;0.00;0.00;675.68;0.00;0.00;0.00;674.01;0.00;0.00;289.34;144.67;240.00;240.00;289.34;1344.67;820.35;1440.00;0.00;0.00;624.67;1547.36;1418.02;2095.68;2324.67;3339.34;2150.00;2176.34;3214.01;2119.34;624.67;624.67;870.00;764.67;860.00;1720.00;224.67;534.67;310.00;310.00;0.00;0.00;0.00;0.00
1762816822.11935;0.00;0.00;0.00;144.67;0.00;0.00;675.68;0.00;0.00;0.00;674.01;0.00;0.00;289.34;144.67;240.00;240.00;289.34;1344.67;820.35;1440.00;0.00;0.00;624.67;1547.36;1418.02;2095.68;2324.67;3339.34;2150.00;2176.34;3214.01;2119.34;624.67;624.67;870.00;764.67;860.00;1720.00;224.67;534.67;310.00;310.00;0.00;0.00;0.00;0.00
1762816826.7637794;0.00;144.67;0.00;144.67;0.00;0.00;675.68;0.00;0.00;0.00;674.01;0.00;0.00;289.34;0.00;240.00;240.00;289.34;1344.67;820.35;1440.00;0.00;0.00;624.67;1547.36;1418.02;2095.68;2324.67;3194.67;1910.00;2021.01;2914.01;2119.34;624.67;624.67;870.00;764.67;860.00;1720.00;224.67;534.67;310.00;310.00;0.00;0.00;0.00;0.00
1762816826.7647567;0.00;144.67;0.00;144.67;0.00;0.00;675.68;0.00;0.00;0.00;674.01;0.00;0.00;289.34;0.00;240.00;240.00;289.34;1344.67;820.35;1440.00;0.00;0.00;624.67;1547.36;1418.02;2095.68;2324.67;3194.67;1910.00;2021.01;2914.01;2119.34;624.67;624.67;870.00;764.67;860.00;1720.00;224.67;534.67;310.00;310.00;0.00;0.00;0.00;0.00
1762816840.852472;0.00;0.00;144.67;144.67;0.00;0.00;675.68;0.00;0.00;0.00;674.01;0.00;0.00;0.00;0.00;0.00;0.00;289.34;1344.67;820.35;1440.00;0.00;0.00;544.67;1178.02;1048.68;1571.01;2174.67;2554.67;1670.00;1876.34;2914.01;2039.34;544.67;544.67;870.00;534.67;860.00;1410.00;0.00;310.00;0.00;0.00;0.00;0.00;0.00;0.00
1762816840.8537962;0.00;0.00;144.67;144.67;0.00;0.00;675.68;0.00;0.00;0.00;674.01;0.00;0.00;0.00;0.00;0.00;0.00;289.34;1344.67;820.35;1440.00;0.00;0.00;544.67;1178.02;1048.68;1571.01;2174.67;2554.67;1670.00;1876.34;2914.01;2039.34;544.67;544.67;870.00;534.67;860.00;1410.00;0.00;310.00;0.00;0.00;0.00;0.00;0.00;0.00
1762816840.929951;0.00;0.00;289.34;144.67;0.00;0.00;675.68;0.00;0.00;0.00;674.01;0.00;0.00;0.00;0.00;0.00;0.00;289.34;1344.67;820.35;1440.00;0.00;0.00;544.67;1178.02;1048.68;1571.01;2174.67;2554.67;1750.00;1876.34;2914.01;2039.34;544.67;544.67;870.00;534.67;860.00;1410.00;0.00;310.00;0.00;0.00;0.00;0.00;0.00;0.00
1762816840.930627;0.00;0.00;289.34;144.67;0.00;0.00;675.68;0.00;0.00;0.00;674.01;0.00;0.00;0.00;0.00;0.00;0.00;289.34;1344.67;820.35;1440.00;0.00;0.00;544.67;1178.02;1048.68;1571.01;2174.67;2554.67;1750.00;1876.34;2914.01;2039.34;544.67;544.67;870.00;534.67;860.00;1410.00;0.00;310.00;0.00;0.00;0.00;0.00;0.00;0.00
1762816841.1021838;0.00;0.00;434.01;144.67;0.00;0.00;675.68;0.00;0.00;0.00;674.01;0.00;0.00;0.00;0.00;0.00;0.00;289.34;1344.67;820.35;1440.00;0.00;0.00;544.67;1178.02;1048.68;1571.01;2174.67;2554.67;1750.00;1876.34;2914.01;2039.34;544.67;544.67;870.00;534.67;860.00;1410.00;0.00;310.00;0.00;0.00;0.00;0.00;0.00;0.00
1762816841.103129;0.00;0.00;434.01;144.67;0.00;0.00;675.68;0.00;0.00;0.00;674.01;0.00;0.00;0.00;0.00;0.00;0.00;289.34;1344.67;820.35;1440.00;0.00;0.00;544.67;1178.02;1048.68;1571.01;2174.67;2554.67;1750.00;1876.34;2914.01;2039.34;544.67;544.67;870.00;534.67;860.00;1410.00;0.00;310.00;0.00;0.00;0.00;0.00;0.00;0.00
1762816841.177778;0.00;0.00;578.68;144.67;0.00;0.00;675.68;0.00;0.00;0.00;674.01;0.00;0.00;0.00;0.00;0.00;0.00;289.34;1344.67;820.35;1440.00;0.00;0.00;544.67;1178.02;1048.68;1571.01;2174.67;2554.67;1750.00;1876.34;2914.01;2039.34;544.67;544.67;870.00;534.67;860.00;1410.00;0.00;310.00;0.00;0.00;0.00;0.00;0.00;0.00
1762816841.1786401;0.00;0.00;578.68;144.67;0.00;0.00;675.68;0.00;0.00;0.00;674.01;0.00;0.00;0.00;0.00;0.00;0.00;289.34;1344.67;820.35;1440.00;0.00;0.00;544.67;1178.02;1048.68;1571.01;2174.67;2554.67;1750.00;1876.34;2914.01;2039.34;544.67;544.67;870.00;534.67;860.00;1410.00;0.00;310.00;0.00;0.00;0.00;0.00;0.00;0.00
1762816841.2518716;0.00;0.00;723.35;144.67;0.00;0.00;675.68;0.00;0.00;0.00;674.01;0.00;0.00;0.00;0.00;0.00;0.00;289.34;1344.67;820.35;1440.00;0.00;0.00;544.67;1178.02;1048.68;1571.01;2174.67;2554.67;1750.00;1876.34;2914.01;2039.34;544.67;544.67;870.00;534.67;860.00;1410.00;0.00;310.00;0.00;0.00;0.00;0.00;0.00;0.00
1762816841.2527323;0.00;0.00;723.35;144.67;0.00;0.00;675.68;0.00;0.00;0.00;674.01;0.00;0.00;0.00;0.00;0.00;0.00;289.34;1344.67;820.35;1440.00;0.00;0.00;544.67;1178.02;1048.68;1571.01;2174.67;2554.67;1750.00;1876.34;2914.01;2039.34;544.67;544.67;870.00;534.67;860.00;1410.00;0.00;310.00;0.00;0.00;0.00;0.00;0.00;0.00
1762816841.3268628;0.00;0.00;868.02;144.67;0.00;0.00;675.68;0.00;0.00;0.00;674.01;0.00;0.00;0.00;0.00;0.00;0.00;289.34;1344.67;820.35;1440.00;0.00;0.00;544.67;1178.02;1048.68;1571.01;2174.67;2779.34;1990.00;1876.34;2914.01;2039.34;544.67;544.67;1190.00;534.67;860.00;1410.00;0.00;310.00;0.00;0.00;0.00;0.00;0.00;0.00
1762816841.3277752;0.00;0.00;868.02;144.67;0.00;0.00;675.68;0.00;0.00;0.00;674.01;0.00;0.00;0.00;0.00;0.00;0.00;289.34;1344.67;820.35;1440.00;0.00;0.00;544.67;1178.02;1048.68;1571.01;2174.67;2779.34;1990.00;1876.34;2914.01;2039.34;544.67;544.67;1190.00;534.67;860.00;1410.00;0.00;310.00;0.00;0.00;0.00;0.00;0.00;0.00
1762816841.786794;0.00;0.00;868.02;144.67;0.00;0.00;675.68;0.00;0.00;0.00;289.34;0.00;0.00;0.00;0.00;0.00;0.00;434.01;1344.67;820.35;1440.00;0.00;0.00;384.67;1338.02;1224.01;1551.01;1864.67;2399.34;1840.00;1876.34;2914.01;1879.34;384.67;384.67;1190.00;224.67;860.00;1410.00;0.00;0.00;0.00;0.00;0.00;0.00;0.00;0.00
1762816841.7877147;0.00;0.00;868.02;144.67;0.00;0.00;675.68;0.00;0.00;0.00;289.34;0.00;0.00;0.00;0.00;0.00;0.00;434.01;1344.67;820.35;1440.00;0.00;0.00;384.67;1338.02;1224.01;1551.01;1864.67;2399.34;1840.00;1876.34;2914.01;1879.34;384.67;384.67;1190.00;224.67;860.00;1410.00;0.00;0.00;0.00;0.00;0.00;0.00;0.00;0.00
1762816842.0202737;0.00;0.00;868.02;144.67;0.00;0.00;675.68;0.00;0.00;0.00;289.34;0.00;0.00;0.00;0.00;0.00;0.00;578.68;1344.67;820.35;1440.00;0.00;0.00;544.67;1402.69;1304.01;1701.01;1864.67;2399.34;1840.00;1876.34;2914.01;2039.34;544.67;544.67;1190.00;534.67;860.00;1410.00;0.00;0.00;224.67;0.00;0.00;0.00;0.00;0.00
1762816842.0211961;0.00;0.00;868.02;144.67;0.00;0.00;675.68;0.00;0.00;0.00;289.34;0.00;0.00;0.00;0.00;0.00;0.00;578.68;1344.67;820.35;1440.00;0.00;0.00;544.67;1402.69;1304.01;1701.01;1864.67;2399.34;1840.00;1876.34;2914.01;2039.34;544.67;544.67;1190.00;534.67;860.00;1410.00;0.00;0.00;224.67;0.00;0.00;0.00;0.00;0.00
1762816851.7701018;0.00;0.00;868.02;0.00;0.00;0.00;820.35;0.00;0.00;0.00;289.34;0.00;0.00;0.00;0.00;0.00;0.00;578.68;1344.67;820.35;1440.00;0.00;0.00;544.67;1402.69;1304.01;1701.01;1864.67;2399.34;1840.00;1871.01;2619.34;2039.34;544.67;544.67;1190.00;534.67;860.00;1720.00;0.00;0.00;224.67;0.00;0.00;0.00;0.00;0.00
1762816851.7706337;0.00;0.00;868.02;0.00;0.00;0.00;820.35;0.00;0.00;0.00;289.34;0.00;0.00;0.00;0.00;0.00;0.00;578.68;1344.67;820.35;1440.00;0.00;0.00;544.67;1402.69;1304.01;1701.01;1864.67;2399.34;1840.00;1871.01;2619.34;2039.34;544.67;544.67;1190.00;534.67;860.00;1720.00;0.00;0.00;224.67;0.00;0.00;0.00;0.00;0.00
1762816855.8469677;0.00;0.00;868.02;0.00;0.00;0.00;820.35;0.00;0.00;0.00;289.34;0.00;0.00;0.00;0.00;0.00;0.00;818.68;1344.67;820.35;1440.00;0.00;0.00;784.67;1642.69;1304.01;1701.01;1864.67;2399.34;1840.00;2021.01;2779.34;2279.34;784.67;784.67;1190.00;764.67;860.00;1720.00;0.00;0.00;224.67;0.00;0.00;0.00;0.00;0.00
1762816855.847886;0.00;0.00;868.02;0.00;0.00;0.00;820.35;0.00;0.00;0.00;289.34;0.00;0.00;0.00;0.00;0.00;0.00;818.68;1344.67;820.35;1440.00;0.00;0.00;784.67;1642.69;1304.01;1701.01;1864.67;2399.34;1840.00;2021.01;2779.34;2279.34;784.67;784.67;1190.00;764.67;860.00;1720.00;0.00;0.00;224.67;0.00;0.00;0.00;0.00;0.00
1762816855.9260232;0.00;0.00;868.02;0.00;0.00;0.00;820.35;0.00;0.00;0.00;289.34;0.00;0.00;0.00;0.00;0.00;0.00;1058.68;1344.67;820.35;1440.00;0.00;0.00;864.67;1722.69;1464.01;1861.01;2024.67;2559.34;1840.00;2021.01;2779.34;2359.34;864.67;864.67;1500.00;994.67;860.00;1720.00;0.00;0.00;224.67;0.00;0.00;0.00;0.00;0.00
1762816855.9269953;0.00;0.00;868.02;0.00;0.00;0.00;820.35;0.00;0.00;0.00;289.34;0.00;0.00;0.00;0.00;0.00;0.00;1058.68;1344.67;820.35;1440.00;0.00;0.00;864.67;1722.69;1464.01;1861.01;2024.67;2559.34;1840.00;2021.01;2779.34;2359.34;864.67;864.67;1500.00;994.67;860.00;1720.00;0.00;0.00;224.67;0.00;0.00;0.00;0.00;0.00
1762816856.0087183;0.00;0.00;868.02;0.00;0.00;0.00;820.35;0.00;0.00;0.00;289.34;0.00;0.00;0.00;0.00;0.00;0.00;1298.68;1344.67;820.35;1440.00;0.00;0.00;944.67;1962.69;1464.01;1861.01;2024.67;2559.34;1840.00;2171.01;2859.34;2439.34;944.67;944.67;1500.00;994.67;860.00;1720.00;0.00;0.00;534.67;0.00;0.00;0.00;0.00;0.00
1762816856.0096452;0.00;0.00;868.02;0.00;0.00;0.00;820.35;0.00;0.00;0.00;289.34;0.00;0.00;0.00;0.00;0.00;0.00;1298.68;1344.67;820.35;1440.00;0.00;0.00;944.67;1962.69;1464.01;1861.01;2024.67;2559.34;1840.00;2171.01;2859.34;2439.34;944.67;944.67;1500.00;994.67;860.00;1720.00;0.00;0.00;534.67;0.00;0.00;0.00;0.00;0.00
1762816856.0884178;0.00;0.00;868.02;0.00;0.00;0.00;820.35;0.00;0.00;0.00;289.34;0.00;0.00;0.00;0.00;0.00;0.00;1538.68;1344.67;820.35;1440.00;0.00;0.00;1024.67;2362.69;1624.01;2011.01;2024.67;2559.34;1840.00;2321.01;2939.34;2519.34;1024.67;1024.67;1500.00;994.67;860.00;1720.00;0.00;0.00;854.67;0.00;0.00;0.00;0.00;0.00
1762816856.089323;0.00;0.00;868.02;0.00;0.00;0.00;820.35;0.00;0.00;0.00;289.34;0.00;0.00;0.00;0.00;0.00;0.00;1538.68;1344.67;820.35;1440.00;0.00;0.00;1024.67;2362.69;1624.01;2011.01;2024.67;2559.34;1840.00;2321.01;2939.34;2519.34;1024.67;1024.67;1500.00;994.67;860.00;1720.00;0.00;0.00;854.67;0.00;0.00;0.00;0.00;0.00
1762816856.3194718;0.00;0.00;868.02;0.00;0.00;0.00;820.35;0.00;0.00;0.00;289.34;0.00;0.00;0.00;0.00;0.00;0.00;1778.68;1344.67;820.35;1440.00;0.00;0.00;1104.67;2442.69;1784.01;2161.01;2024.67;2559.34;1840.00;2321.01;2939.34;2599.34;1104.67;1104.67;1500.00;1224.67;860.00;1720.00;0.00;0.00;854.67;0.00;0.00;0.00;0.00;0.00
1762816856.3204153;0.00;0.00;868.02;0.00;0.00;0.00;820.35;0.00;0.00;0.00;289.34;0.00;0.00;0.00;0.00;0.00;0.00;1778.68;1344.67;820.35;1440.00;0.00;0.00;1104.67;2442.69;1784.01;2161.01;2024.67;2559.34;1840.00;2321.01;2939.34;2599.34;1104.67;1104.67;1500.00;1224.67;860.00;1720.00;0.00;0.00;854.67;0.00;0.00;0.00;0.00;0.00
1762816856.4011424;0.00;0.00;868.02;0.00;0.00;0.00;820.35;0.00;0.00;0.00;289.34;0.00;0.00;0.00;0.00;0.00;0.00;1923.35;1344.67;820.35;1440.00;0.00;0.00;1169.34;2507.36;1864.01;2241.01;2104.67;2639.34;1990.00;2471.01;3399.34;2664.01;1169.34;1169.34;1500.00;1449.34;860.00;1720.00;0.00;160.00;854.67;0.00;0.00;0.00;0.00;0.00
1762816856.4020076;0.00;0.00;868.02;0.00;0.00;0.00;820.35;0.00;0.00;0.00;289.34;0.00;0.00;0.00;0.00;0.00;0.00;1923.35;1344.67;820.35;1440.00;0.00;0.00;1169.34;2507.36;1864.01;2241.01;2104.67;2639.34;1990.00;2471.01;3399.34;2664.01;1169.34;1169.34;1500.00;1449.34;860.00;1720.00;0.00;160.00;854.67;0.00;0.00;0.00;0.00;0.00
1762816856.8144557;0.00;0.00;1108.02;0.00;0.00;0.00;820.35;0.00;0.00;0.00;144.67;0.00;0.00;0.00;0.00;0.00;0.00;1923.35;1344.67;820.35;1200.00;0.00;0.00;1169.34;2507.36;1864.01;2096.34;1864.67;2399.34;1830.00;2471.01;3399.34;2664.01;1169.34;1169.34;1270.00;1449.34;860.00;1410.00;0.00;160.00;854.67;0.00;0.00;0.00;0.00;0.00
1762816856.8153932;0.00;0.00;1108.02;0.00;0.00;0.00;820.35;0.00;0.00;0.00;144.67;0.00;0.00;0.00;0.00;0.00;0.00;1923.35;1344.67;820.35;1200.00;0.00;0.00;1169.34;2507.36;1864.01;2096.34;1864.67;2399.34;1830.00;2471.01;3399.34;2664.01;1169.34;1169.34;1270.00;1449.34;860.00;1410.00;0.00;160.00;854.67;0.00;0.00;0.00;0.00;0.00
1762816856.884855;0.00;0.00;1108.02;0.00;0.00;0.00;820.35;0.00;0.00;0.00;144.67;0.00;0.00;0.00;0.00;0.00;0.00;1923.35;1344.67;820.35;1200.00;0.00;0.00;1169.34;2507.36;1864.01;2096.34;1864.67;2399.34;1830.00;2471.01;3399.34;2664.01;1169.34;1169.34;1270.00;1449.34;860.00;1410.00;0.00;160.00;854.67;0.00;0.00;0.00;0.00;0.00
1762816856.8856466;0.00;0.00;1108.02;0.00;0.00;0.00;820.35;0.00;0.00;0.00;144.67;0.00;0.00;0.00;0.00;0.00;0.00;1923.35;1344.67;820.35;1200.00;0.00;0.00;1169.34;2507.36;1864.01;2096.34;1864.67;2399.34;1830.00;2471.01;3399.34;2664.01;1169.34;1169.34;1270.00;1449.34;860.00;1410.00;0.00;160.00;854.67;0.00;0.00;0.00;0.00;0.00
1762816861.8215911;0.00;0.00;1252.69;0.00;0.00;0.00;820.35;0.00;0.00;0.00;0.00;0.00;0.00;0.00;0.00;0.00;0.00;1344.67;1344.67;820.35;960.00;0.00;0.00;704.67;1784.01;1239.34;1326.34;1624.67;1939.34;1734.67;2231.01;2309.34;1889.34;704.67;704.67;1270.00;1139.34;630.00;1720.00;0.00;160.00;630.00;0.00;0.00;0.00;0.00;0.00
1762816861.8225162;0.00;0.00;1252.69;0.00;0.00;0.00;820.35;0.00;0.00;0.00;0.00;0.00;0.00;0.00;0.00;0.00;0.00;1344.67;1344.67;820.35;960.00;0.00;0.00;704.67;1784.01;1239.34;1326.34;1624.67;1939.34;1734.67;2231.01;2309.34;1889.34;704.67;704.67;1270.00;1139.34;630.00;1720.00;0.00;160.00;630.00;0.00;0.00;0.00;0.00;0.00
1762816866.882425;0.00;144.67;1252.69;0.00;0.00;0.00;675.68;0.00;0.00;0.00;0.00;0.00;0.00;0.00;0.00;0.00;0.00;1344.67;1344.67;820.35;960.00;0.00;0.00;704.67;1784.01;1239.34;1326.34;1624.67;1939.34;1734.67;2151.01;2389.34;1889.34;704.67;704.67;1270.00;1139.34;630.00;1720.00;0.00;160.00;630.00;0.00;0.00;0.00;0.00;0.00
1762816866.8829665;0.00;144.67;1252.69;0.00;0.00;0.00;675.68;0.00;0.00;0.00;0.00;0.00;0.00;0.00;0.00;0.00;0.00;1344.67;1344.67;820.35;960.00;0.00;0.00;704.67;1784.01;1239.34;1326.34;1624.67;1939.34;1734.67;2151.01;2389.34;1889.34;704.67;704.67;1270.00;1139.34;630.00;1720.00;0.00;160.00;630.00;0.00;0.00;0.00;0.00;0.00
1762816871.805894;0.00;144.67;1397.36;0.00;0.00;0.00;675.68;0.00;0.00;0.00;0.00;0.00;0.00;0.00;0.00;0.00;0.00;1344.67;1344.67;820.35;720.00;0.00;0.00;704.67;1784.01;1239.34;1326.34;1634.67;1844.01;1734.67;2151.01;2389.34;1889.34;704.67;704.67;950.00;1139.34;630.00;1720.00;0.00;160.00;630.00;0.00;0.00;0.00;0.00;0.00
1762816871.8064313;0.00;144.67;1397.36;0.00;0.00;0.00;675.68;0.00;0.00;0.00;0.00;0.00;0.00;0.00;0.00;0.00;0.00;1344.67;1344.67;820.35;720.00;0.00;0.00;704.67;1784.01;1239.34;1326.34;1634.67;1844.01;1734.67;2151.01;2389.34;1889.34;704.67;704.67;950.00;1139.34;630.00;1720.00;0.00;160.00;630.00;0.00;0.00;0.00;0.00;0.00
1762816873.8884625;0.00;144.67;1397.36;0.00;0.00;0.00;675.68;0.00;0.00;240.00;0.00;0.00;0.00;0.00;0.00;0.00;0.00;1344.67;1344.67;820.35;720.00;0.00;0.00;704.67;1784.01;1239.34;1326.34;1634.67;1844.01;1814.67;2461.01;2389.34;1889.34;704.67;704.67;1180.00;1139.34;630.00;1720.00;0.00;160.00;630.00;0.00;0.00;0.00;0.00;0.00
1762816873.8897645;0.00;144.67;1397.36;0.00;0.00;0.00;675.68;0.00;0.00;240.00;0.00;0.00;0.00;0.00;0.00;0.00;0.00;1344.67;1344.67;820.35;720.00;0.00;0.00;704.67;1784.01;1239.34;1326.34;1634.67;1844.01;1814.67;2461.01;2389.34;1889.34;704.67;704.67;1180.00;1139.34;630.00;1720.00;0.00;160.00;630.00;0.00;0.00;0.00;0.00;0.00
1762816873.995526;0.00;144.67;1397.36;0.00;0.00;0.00;675.68;0.00;0.00;480.00;0.00;0.00;0.00;0.00;0.00;0.00;0.00;1344.67;1344.67;820.35;720.00;0.00;0.00;704.67;1784.01;1239.34;1326.34;1634.67;1844.01;1814.67;2851.01;2549.34;1889.34;704.67;704.67;1180.00;1139.34;860.00;1720.00;0.00;160.00;630.00;0.00;0.00;0.00;0.00;0.00
1762816873.9964833;0.00;144.67;1397.36;0.00;0.00;0.00;675.68;0.00;0.00;480.00;0.00;0.00;0.00;0.00;0.00;0.00;0.00;1344.67;1344.67;820.35;720.00;0.00;0.00;704.67;1784.01;1239.34;1326.34;1634.67;1844.01;1814.67;2851.01;2549.34;1889.34;704.67;704.67;1180.00;1139.34;860.00;1720.00;0.00;160.00;630.00;0.00;0.00;0.00;0.00;0.00
1762816874.0675578;0.00;144.67;1397.36;0.00;0.00;0.00;675.68;0.00;0.00;720.00;0.00;0.00;0.00;0.00;0.00;0.00;0.00;1344.67;1344.67;820.35;720.00;0.00;0.00;704.67;1784.01;1239.34;1326.34;1634.67;1844.01;1894.67;3011.01;2699.34;1889.34;704.67;704.67;1410.00;1139.34;860.00;1720.00;0.00;160.00;630.00;0.00;0.00;0.00;0.00;0.00
1762816874.0681107;0.00;144.67;1397.36;0.00;0.00;0.00;675.68;0.00;0.00;720.00;0.00;0.00;0.00;0.00;0.00;0.00;0.00;1344.67;1344.67;820.35;720.00;0.00;0.00;704.67;1784.01;1239.34;1326.34;1634.67;1844.01;1894.67;3011.01;2699.34;1889.34;704.67;704.67;1410.00;1139.34;860.00;1720.00;0.00;160.00;630.00;0.00;0.00;0.00;0.00;0.00
1762816874.2109165;0.00;144.67;1397.36;0.00;0.00;0.00;675.68;0.00;0.00;960.00;0.00;0.00;0.00;0.00;0.00;0.00;0.00;1344.67;1344.67;820.35;720.00;0.00;0.00;704.67;1784.01;1239.34;1326.34;1634.67;1844.01;1974.67;3171.01;2849.34;1889.34;704.67;704.67;1640.00;1139.34;860.00;1720.00;0.00;160.00;630.00;0.00;0.00;0.00;0.00;0.00
1762816874.2114513;0.00;144.67;1397.36;0.00;0.00;0.00;675.68;0.00;0.00;960.00;0.00;0.00;0.00;0.00;0.00;0.00;0.00;1344.67;1344.67;820.35;720.00;0.00;0.00;704.67;1784.01;1239.34;1326.34;1634.67;1844.01;1974.67;3171.01;2849.34;1889.34;704.67;704.67;1640.00;1139.34;860.00;1720.00;0.00;160.00;630.00;0.00;0.00;0.00;0.00;0.00
1762816874.2581186;0.00;144.67;1397.36;0.00;0.00;0.00;675.68;0.00;0.00;1200.00;0.00;0.00;0.00;0.00;0.00;0.00;0.00;1344.67;1344.67;820.35;720.00;0.00;0.00;704.67;1784.01;1239.34;1326.34;1634.67;1844.01;2054.67;3331.01;3009.34;1889.34;704.67;704.67;1870.00;1449.34;860.00;1720.00;0.00;160.00;630.00;0.00;0.00;0.00;0.00;0.00
1762816874.258656;0.00;144.67;1397.36;0.00;0.00;0.00;675.68;0.00;0.00;1200.00;0.00;0.00;0.00;0.00;0.00;0.00;0.00;1344.67;1344.67;820.35;720.00;0.00;0.00;704.67;1784.01;1239.34;1326.34;1634.67;1844.01;2054.67;3331.01;3009.34;1889.34;704.67;704.67;1870.00;1449.34;860.00;1720.00;0.00;160.00;630.00;0.00;0.00;0.00;0.00;0.00
1762816874.3086016;0.00;144.67;1397.36;0.00;0.00;0.00;675.68;0.00;0.00;1440.00;0.00;0.00;0.00;0.00;0.00;0.00;0.00;1344.67;1344.67;820.35;720.00;0.00;0.00;864.67;1784.01;1239.34;1326.34;1634.67;1844.01;2134.67;3491.01;3169.34;2049.34;864.67;864.67;2100.00;1449.34;860.00;1720.00;0.00;160.00;630.00;0.00;0.00;0.00;0.00;0.00
1762816874.309186;0.00;144.67;1397.36;0.00;0.00;0.00;675.68;0.00;0.00;1440.00;0.00;0.00;0.00;0.00;0.00;0.00;0.00;1344.67;1344.67;820.35;720.00;0.00;0.00;864.67;1784.01;1239.34;1326.34;1634.67;1844.01;2134.67;3491.01;3169.34;2049.34;864.67;864.67;2100.00;1449.34;860.00;1720.00;0.00;160.00;630.00;0.00;0.00;0.00;0.00;0.00
1762816876.8282247;0.00;144.67;1637.36;0.00;0.00;0.00;675.68;0.00;0.00;1440.00;0.00;0.00;0.00;0.00;0.00;0.00;0.00;1344.67;1344.67;820.35;480.00;0.00;0.00;864.67;1784.01;1239.34;1326.34;1644.67;2074.01;2054.67;3411.01;3019.34;2049.34;864.67;864.67;2100.00;1449.34;860.00;1720.00;0.00;160.00;630.00;0.00;0.00;0.00;0.00;0.00
1762816876.8287728;0.00;144.67;1637.36;0.00;0.00;0.00;675.68;0.00;0.00;1440.00;0.00;0.00;0.00;0.00;0.00;0.00;0.00;1344.67;1344.67;820.35;480.00;0.00;0.00;864.67;1784.01;1239.34;1326.34;1644.67;2074.01;2054.67;3411.01;3019.34;2049.34;864.67;864.67;2100.00;1449.34;860.00;1720.00;0.00;160.00;630.00;0.00;0.00;0.00;0.00;0.00
1762816881.8694873;0.00;144.67;1877.36;0.00;0.00;0.00;675.68;0.00;0.00;1440.00;0.00;0.00;0.00;0.00;0.00;0.00;0.00;1344.67;1344.67;820.35;240.00;0.00;0.00;864.67;1784.01;1239.34;1636.34;1804.67;2384.01;2044.67;3401.01;3019.34;2049.34;864.67;864.67;1780.00;1449.34;550.00;1720.00;0.00;160.00;630.00;0.00;0.00;0.00;0.00;0.00
1762816881.8704631;0.00;144.67;1877.36;0.00;0.00;0.00;675.68;0.00;0.00;1440.00;0.00;0.00;0.00;0.00;0.00;0.00;0.00;1344.67;1344.67;820.35;240.00;0.00;0.00;864.67;1784.01;1239.34;1636.34;1804.67;2384.01;2044.67;3401.01;3019.34;2049.34;864.67;864.67;1780.00;1449.34;550.00;1720.00;0.00;160.00;630.00;0.00;0.00;0.00;0.00;0.00
1762816886.8800235;0.00;144.67;1974.36;0.00;0.00;0.00;531.01;0.00;0.00;1440.00;0.00;0.00;0.00;0.00;0.00;0.00;0.00;1344.67;1344.67;820.35;0.00;0.00;0.00;864.67;1784.01;1239.34;1636.34;1804.67;2154.01;1981.67;3336.34;3169.34;2049.34;864.67;864.67;1780.00;1449.34;550.00;1400.00;0.00;160.00;630.00;0.00;0.00;0.00;0.00;0.00
1762816886.8809566;0.00;144.67;1974.36;0.00;0.00;0.00;531.01;0.00;0.00;1440.00;0.00;0.00;0.00;0.00;0.00;0.00;0.00;1344.67;1344.67;820.35;0.00;0.00;0.00;864.67;1784.01;1239.34;1636.34;1804.67;2154.01;1981.67;3336.34;3169.34;2049.34;864.67;864.67;1780.00;1449.34;550.00;1400.00;0.00;160.00;630.00;0.00;0.00;0.00;0.00;0.00
1762816887.0202067;0.00;144.67;1974.36;0.00;0.00;240.00;531.01;0.00;0.00;1440.00;0.00;0.00;0.00;0.00;0.00;0.00;0.00;1344.67;1344.67;820.35;0.00;0.00;0.00;864.67;1784.01;1239.34;1636.34;1804.67;2384.01;2061.67;3576.34;3169.34;2049.34;864.67;864.67;1780.00;1449.34;550.00;1710.00;0.00;160.00;630.00;0.00;0.00;0.00;0.00;0.00
1762816887.0207298;0.00;144.67;1974.36;0.00;0.00;240.00;531.01;0.00;0.00;1440.00;0.00;0.00;0.00;0.00;0.00;0.00;0.00;1344.67;1344.67;820.35;0.00;0.00;0.00;864.67;1784.01;1239.34;1636.34;1804.67;2384.01;2061.67;3576.34;3169.34;2049.34;864.67;864.67;1780.00;1449.34;550.00;1710.00;0.00;160.00;630.00;0.00;0.00;0.00;0.00;0.00
1762816889.8414304;0.00;144.67;1974.36;0.00;240.00;240.00;531.01;0.00;0.00;1440.00;0.00;0.00;0.00;0.00;0.00;0.00;0.00;1344.67;1344.67;820.35;0.00;0.00;0.00;864.67;1784.01;1239.34;1866.34;1884.67;2464.01;2141.67;3656.34;3249.34;2049.34;864.67;864.67;1780.00;1759.34;550.00;1710.00;0.00;160.00;630.00;0.00;0.00;0.00;0.00;0.00
1762816889.8419974;0.00;144.67;1974.36;0.00;240.00;240.00;531.01;0.00;0.00;1440.00;0.00;0.00;0.00;0.00;0.00;0.00;0.00;1344.67;1344.67;820.35;0.00;0.00;0.00;864.67;1784.01;1239.34;1866.34;1884.67;2464.01;2141.67;3656.34;3249.34;2049.34;864.67;864.67;1780.00;1759.34;550.00;1710.00;0.00;160.00;630.00;0.00;0.00;0.00;0.00;0.00
1762816889.8914566;0.00;144.67;1974.36;0.00;480.00;240.00;531.01;0.00;0.00;1440.00;0.00;0.00;0.00;0.00;0.00;0.00;0.00;1344.67;1344.67;820.35;0.00;0.00;0.00;864.67;1784.01;1239.34;2096.34;1964.67;2544.01;2221.67;3736.34;3329.34;2359.34;1174.67;864.67;1780.00;2079.34;550.00;1710.00;0.00;160.00;630.00;0.00;0.00;0.00;0.00;0.00
1762816889.892053;0.00;144.67;1974.36;0.00;480.00;240.00;531.01;0.00;0.00;1440.00;0.00;0.00;0.00;0.00;0.00;0.00;0.00;1344.67;1344.67;820.35;0.00;0.00;0.00;864.67;1784.01;1239.34;2096.34;1964.67;2544.01;2221.67;3736.34;3329.34;2359.34;1174.67;864.67;1780.00;2079.34;550.00;1710.00;0.00;160.00;630.00;0.00;0.00;0.00;0.00;0.00
1762816889.9693415;0.00;144.67;1974.36;0.00;720.00;240.00;531.01;0.00;0.00;1440.00;0.00;0.00;0.00;0.00;0.00;0.00;0.00;1344.67;1344.67;820.35;0.00;0.00;0.00;1024.67;1944.01;1399.34;2476.34;2044.67;2624.01;2301.67;3816.34;3409.34;2519.34;1334.67;1024.67;1780.00;2079.34;550.00;1710.00;310.00;160.00;630.00;0.00;0.00;0.00;0.00;0.00
1762816889.970297;0.00;144.67;1974.36;0.00;720.00;240.00;531.01;0.00;0.00;1440.00;0.00;0.00;0.00;0.00;0.00;0.00;0.00;1344.67;1344.67;820.35;0.00;0.00;0.00;1024.67;1944.01;1399.34;2476.34;2044.67;2624.01;2301.67;3816.34;3409.34;2519.34;1334.67;1024.67;1780.00;2079.34;550.00;1710.00;310.00;160.00;630.00;0.00;0.00;0.00;0.00;0.00
1762816890.027995;0.00;144.67;1974.36;0.00;960.00;240.00;531.01;0.00;0.00;1440.00;0.00;0.00;0.00;0.00;0.00;0.00;0.00;1344.67;1344.67;820.35;0.00;0.00;0.00;1184.67;2104.01;1559.34;2716.34;2284.67;2864.01;2541.67;4056.34;3649.34;2669.34;1494.67;1184.67;1780.00;2079.34;550.00;1710.00;630.00;160.00;630.00;0.00;0.00;0.00;0.00;0.00
1762816890.028524;0.00;144.67;1974.36;0.00;960.00;240.00;531.01;0.00;0.00;1440.00;0.00;0.00;0.00;0.00;0.00;0.00;0.00;1344.67;1344.67;820.35;0.00;0.00;0.00;1184.67;2104.01;1559.34;2716.34;2284.67;2864.01;2541.67;4056.34;3649.34;2669.34;1494.67;1184.67;1780.00;2079.34;550.00;1710.00;630.00;160.00;630.00;0.00;0.00;0.00;0.00;0.00
1762816890.2528589;0.00;144.67;1974.36;0.00;1200.00;240.00;531.01;0.00;0.00;1440.00;0.00;0.00;0.00;0.00;0.00;0.00;0.00;1344.67;1344.67;820.35;0.00;0.00;0.00;1334.67;2104.01;1559.34;2946.34;2364.67;2944.01;2621.67;4136.34;4049.34;2829.34;1654.67;1344.67;1780.00;2079.34;870.00;1710.00;630.00;160.00;630.00;0.00;0.00;0.00;0.00;310.00
1762816890.253463;0.00;144.67;1974.36;0.00;1200.00;240.00;531.01;0.00;0.00;1440.00;0.00;0.00;0.00;0.00;0.00;0.00;0.00;1344.67;1344.67;820.35;0.00;0.00;0.00;1334.67;2104.01;1559.34;2946.34;2364.67;2944.01;2621.67;4136.34;4049.34;2829.34;1654.67;1344.67;1780.00;2079.34;870.00;1710.00;630.00;160.00;630.00;0.00;0.00;0.00;0.00;310.00
1762816890.3385637;0.00;144.67;1974.36;0.00;1440.00;240.00;531.01;0.00;0.00;1440.00;0.00;0.00;0.00;0.00;0.00;0.00;0.00;1344.67;1344.67;820.35;0.00;0.00;0.00;1334.67;2104.01;1559.34;3176.34;2444.67;3024.01;2701.67;4366.34;4289.34;2829.34;1654.67;1344.67;1780.00;2079.34;1180.00;1710.00;630.00;160.00;630.00;0.00;0.00;0.00;0.00;310.00
1762816890.3395429;0.00;144.67;1974.36;0.00;1440.00;240.00;531.01;0.00;0.00;1440.00;0.00;0.00;0.00;0.00;0.00;0.00;0.00;1344.67;1344.67;820.35;0.00;0.00;0.00;1334.67;2104.01;1559.34;3176.34;2444.67;3024.01;2701.67;4366.34;4289.34;2829.34;1654.67;1344.67;1780.00;2079.34;1180.00;1710.00;630.00;160.00;630.00;0.00;0.00;0.00;0.00;310.00
1762816891.8991237;0.00;144.67;1974.36;0.00;1440.00;480.00;144.67;0.00;0.00;1440.00;0.00;0.00;0.00;0.00;0.00;0.00;0.00;1344.67;1344.67;820.35;0.00;0.00;0.00;1334.67;2104.01;1559.34;3176.34;2444.67;3024.01;2851.67;4349.34;4160.00;2829.34;1654.67;1344.67;1780.00;2079.34;1180.00;1710.00;630.00;160.00;630.00;0.00;0.00;0.00;0.00;310.00
1762816891.9000828;0.00;144.67;1974.36;0.00;1440.00;480.00;144.67;0.00;0.00;1440.00;0.00;0.00;0.00;0.00;0.00;0.00;0.00;1344.67;1344.67;820.35;0.00;0.00;0.00;1334.67;2104.01;1559.34;3176.34;2444.67;3024.01;2851.67;4349.34;4160.00;2829.34;1654.67;1344.67;1780.00;2079.34;1180.00;1710.00;630.00;160.00;630.00;0.00;0.00;0.00;0.00;310.00
1762816891.9977365;0.00;144.67;1974.36;0.00;1440.00;480.00;144.67;0.00;0.00;1440.00;0.00;0.00;0.00;0.00;0.00;0.00;0.00;1344.67;1344.67;820.35;0.00;0.00;0.00;1334.67;2104.01;1559.34;3176.34;2444.67;3024.01;2851.67;4349.34;4160.00;2829.34;1654.67;1344.67;1780.00;2079.34;1180.00;1710.00;630.00;160.00;630.00;0.00;0.00;0.00;0.00;310.00
1762816891.9987626;0.00;144.67;1974.36;0.00;1440.00;480.00;144.67;0.00;0.00;1440.00;0.00;0.00;0.00;0.00;0.00;0.00;0.00;1344.67;1344.67;820.35;0.00;0.00;0.00;1334.67;2104.01;1559.34;3176.34;2444.67;3024.01;2851.67;4349.34;4160.00;2829.34;1654.67;1344.67;1780.00;2079.34;1180.00;1710.00;630.00;160.00;630.00;0.00;0.00;0.00;0.00;310.00
1762816892.1320262;0.00;144.67;1974.36;0.00;1440.00;720.00;144.67;0.00;0.00;1440.00;0.00;0.00;0.00;0.00;0.00;0.00;0.00;1344.67;1344.67;820.35;0.00;0.00;0.00;1334.67;2104.01;1559.34;3176.34;2444.67;3024.01;3001.67;4429.34;4320.00;2829.34;1654.67;1344.67;1780.00;2079.34;1180.00;1710.00;630.00;160.00;630.00;0.00;0.00;0.00;0.00;310.00
1762816892.1325924;0.00;144.67;1974.36;0.00;1440.00;720.00;144.67;0.00;0.00;1440.00;0.00;0.00;0.00;0.00;0.00;0.00;0.00;1344.67;1344.67;820.35;0.00;0.00;0.00;1334.67;2104.01;1559.34;3176.34;2444.67;3024.01;3001.67;4429.34;4320.00;2829.34;1654.67;1344.67;1780.00;2079.34;1180.00;1710.00;630.00;160.00;630.00;0.00;0.00;0.00;0.00;310.00
1762816896.917396;0.00;144.67;1974.36;0.00;1440.00;960.00;144.67;0.00;0.00;1440.00;0.00;0.00;0.00;0.00;0.00;0.00;0.00;1344.67;864.67;820.35;0.00;0.00;0.00;1254.67;2104.01;1559.34;3176.34;2444.67;3024.01;3001.67;4269.34;4160.00;2429.34;1574.67;1264.67;1780.00;2079.34;860.00;1710.00;630.00;160.00;630.00;0.00;0.00;0.00;0.00;310.00
1762816896.9183962;0.00;144.67;1974.36;0.00;1440.00;960.00;144.67;0.00;0.00;1440.00;0.00;0.00;0.00;0.00;0.00;0.00;0.00;1344.67;864.67;820.35;0.00;0.00;0.00;1254.67;2104.01;1559.34;3176.34;2444.67;3024.01;3001.67;4269.34;4160.00;2429.34;1574.67;1264.67;1780.00;2079.34;860.00;1710.00;630.00;160.00;630.00;0.00;0.00;0.00;0.00;310.00
1762816896.9978034;0.00;144.67;1974.36;0.00;1440.00;1200.00;144.67;0.00;0.00;1440.00;0.00;0.00;0.00;0.00;0.00;0.00;0.00;1344.67;864.67;820.35;0.00;0.00;0.00;1254.67;2104.01;1559.34;3176.34;2444.67;3024.01;3151.67;4429.34;4310.00;2429.34;1574.67;1264.67;1780.00;2079.34;860.00;1710.00;630.00;160.00;630.00;0.00;0.00;0.00;0.00;310.00
1762816896.9987912;0.00;144.67;1974.36;0.00;1440.00;1200.00;144.67;0.00;0.00;1440.00;0.00;0.00;0.00;0.00;0.00;0.00;0.00;1344.67;864.67;820.35;0.00;0.00;0.00;1254.67;2104.01;1559.34;3176.34;2444.67;3024.01;3151.67;4429.34;4310.00;2429.34;1574.67;1264.67;1780.00;2079.34;860.00;1710.00;630.00;160.00;630.00;0.00;0.00;0.00;0.00;310.00
1762816901.932253;0.00;144.67;723.35;0.00;1440.00;480.00;0.00;0.00;0.00;1440.00;0.00;0.00;0.00;0.00;0.00;0.00;0.00;1344.67;480.00;820.35;0.00;0.00;0.00;1254.67;1794.01;1249.34;2626.34;1574.67;1479.34;1900.00;3034.67;3140.00;2044.67;1574.67;1264.67;1780.00;1854.67;860.00;460.00;630.00;160.00;630.00;0.00;0.00;0.00;0.00;310.00
1762816901.9334595;0.00;144.67;723.35;0.00;1440.00;480.00;0.00;0.00;0.00;1440.00;0.00;0.00;0.00;0.00;0.00;0.00;0.00;1344.67;480.00;820.35;0.00;0.00;0.00;1254.67;1794.01;1249.34;2626.34;1574.67;1479.34;1900.00;3034.67;3140.00;2044.67;1574.67;1264.67;1780.00;1854.67;860.00;460.00;630.00;160.00;630.00;0.00;0.00;0.00;0.00;310.00
1762816902.0106978;0.00;144.67;723.35;0.00;1440.00;624.67;0.00;0.00;0.00;1440.00;0.00;0.00;0.00;0.00;0.00;0.00;0.00;1344.67;480.00;820.35;0.00;0.00;0.00;1254.67;1794.01;1249.34;2626.34;1574.67;1479.34;1900.00;3179.34;3140.00;2044.67;1574.67;1264.67;1780.00;1854.67;860.00;460.00;630.00;160.00;630.00;0.00;0.00;0.00;0.00;310.00
1762816902.0116613;0.00;144.67;723.35;0.00;1440.00;624.67;0.00;0.00;0.00;1440.00;0.00;0.00;0.00;0.00;0.00;0.00;0.00;1344.67;480.00;820.35;0.00;0.00;0.00;1254.67;1794.01;1249.34;2626.34;1574.67;1479.34;1900.00;3179.34;3140.00;2044.67;1574.67;1264.67;1780.00;1854.67;860.00;460.00;630.00;160.00;630.00;0.00;0.00;0.00;0.00;310.00
1762816902.1451445;0.00;144.67;723.35;0.00;1440.00;769.34;0.00;0.00;0.00;1440.00;0.00;0.00;0.00;0.00;0.00;0.00;0.00;1344.67;480.00;820.35;0.00;0.00;0.00;1254.67;1794.01;1249.34;2626.34;1574.67;1479.34;1900.00;3324.01;3140.00;2044.67;1574.67;1264.67;1780.00;1854.67;860.00;460.00;630.00;160.00;630.00;0.00;0.00;0.00;0.00;310.00
1762816902.1456802;0.00;144.67;723.35;0.00;1440.00;769.34;0.00;0.00;0.00;1440.00;0.00;0.00;0.00;0.00;0.00;0.00;0.00;1344.67;480.00;820.35;0.00;0.00;0.00;1254.67;1794.01;1249.34;2626.34;1574.67;1479.34;1900.00;3324.01;3140.00;2044.67;1574.67;1264.67;1780.00;1854.67;860.00;460.00;630.00;160.00;630.00;0.00;0.00;0.00;0.00;310.00
1762816906.9376633;0.00;144.67;723.35;0.00;1440.00;0.00;0.00;0.00;0.00;1440.00;0.00;0.00;0.00;0.00;0.00;0.00;97.00;1104.67;0.00;820.35;0.00;0.00;0.00;1174.67;1554.01;1249.34;2626.34;1574.67;1576.34;1750.00;2724.67;2600.00;1484.67;1494.67;1184.67;1780.00;1854.67;860.00;460.00;630.00;160.00;320.00;0.00;0.00;0.00;0.00;310.00
1762816906.938592;0.00;144.67;723.35;0.00;1440.00;0.00;0.00;0.00;0.00;1440.00;0.00;0.00;0.00;0.00;0.00;0.00;97.00;1104.67;0.00;820.35;0.00;0.00;0.00;1174.67;1554.01;1249.34;2626.34;1574.67;1576.34;1750.00;2724.67;2600.00;1484.67;1494.67;1184.67;1780.00;1854.67;860.00;460.00;630.00;160.00;320.00;0.00;0.00;0.00;0.00;310.00
1762816911.9510205;0.00;144.67;578.68;0.00;1440.00;0.00;0.00;0.00;0.00;1440.00;0.00;0.00;0.00;0.00;0.00;0.00;194.00;960.00;0.00;820.35;0.00;0.00;0.00;1110.00;1489.34;1169.34;2546.34;1494.67;1593.34;1600.00;2574.67;2140.00;1420.00;1430.00;1120.00;1780.00;1630.00;860.00;460.00;630.00;0.00;320.00;0.00;0.00;0.00;0.00;310.00
1762816911.9519215;0.00;144.67;578.68;0.00;1440.00;0.00;0.00;0.00;0.00;1440.00;0.00;0.00;0.00;0.00;0.00;0.00;194.00;960.00;0.00;820.35;0.00;0.00;0.00;1110.00;1489.34;1169.34;2546.34;1494.67;1593.34;1600.00;2574.67;2140.00;1420.00;1430.00;1120.00;1780.00;1630.00;860.00;460.00;630.00;0.00;320.00;0.00;0.00;0.00;0.00;310.00
1762816912.0272183;0.00;241.67;578.68;0.00;1440.00;0.00;0.00;0.00;0.00;1440.00;0.00;0.00;0.00;0.00;0.00;0.00;194.00;960.00;0.00;820.35;0.00;0.00;0.00;1110.00;1489.34;1169.34;2546.34;1494.67;1593.34;1600.00;2671.67;2140.00;1420.00;1430.00;1120.00;1780.00;1630.00;860.00;460.00;630.00;0.00;320.00;0.00;0.00;0.00;0.00;310.00
1762816912.0281594;0.00;241.67;578.68;0.00;1440.00;0.00;0.00;0.00;0.00;1440.00;0.00;0.00;0.00;0.00;0.00;0.00;194.00;960.00;0.00;820.35;0.00;0.00;0.00;1110.00;1489.34;1169.34;2546.34;1494.67;1593.34;1600.00;2671.67;2140.00;1420.00;1430.00;1120.00;1780.00;1630.00;860.00;460.00;630.00;0.00;320.00;0.00;0.00;0.00;0.00;310.00
1762816915.8794124;0.00;241.67;578.68;0.00;1440.00;0.00;0.00;0.00;0.00;1440.00;97.00;0.00;0.00;0.00;0.00;0.00;194.00;960.00;0.00;820.35;0.00;0.00;0.00;1270.00;1554.01;1234.01;2578.67;1574.67;1673.34;1680.00;2671.67;2140.00;1580.00;1590.00;1280.00;1780.00;1630.00;860.00;460.00;630.00;0.00;320.00;0.00;0.00;0.00;0.00;310.00
1762816915.8803582;0.00;241.67;578.68;0.00;1440.00;0.00;0.00;0.00;0.00;1440.00;97.00;0.00;0.00;0.00;0.00;0.00;194.00;960.00;0.00;820.35;0.00;0.00;0.00;1270.00;1554.01;1234.01;2578.67;1574.67;1673.34;1680.00;2671.67;2140.00;1580.00;1590.00;1280.00;1780.00;1630.00;860.00;460.00;630.00;0.00;320.00;0.00;0.00;0.00;0.00;310.00
1762816916.1080158;0.00;241.67;578.68;0.00;1440.00;0.00;0.00;0.00;0.00;1440.00;241.67;0.00;0.00;0.00;0.00;0.00;194.00;960.00;0.00;820.35;0.00;0.00;0.00;1270.00;1554.01;1234.01;2723.34;1734.67;1823.34;1680.00;2671.67;2140.00;1580.00;1590.00;1280.00;1780.00;1630.00;860.00;460.00;630.00;0.00;320.00;0.00;0.00;0.00;0.00;310.00
1762816916.108943;0.00;241.67;578.68;0.00;1440.00;0.00;0.00;0.00;0.00;1440.00;241.67;0.00;0.00;0.00;0.00;0.00;194.00;960.00;0.00;820.35;0.00;0.00;0.00;1270.00;1554.01;1234.01;2723.34;1734.67;1823.34;1680.00;2671.67;2140.00;1580.00;1590.00;1280.00;1780.00;1630.00;860.00;460.00;630.00;0.00;320.00;0.00;0.00;0.00;0.00;310.00
1762816916.1952612;0.00;241.67;578.68;0.00;1440.00;0.00;0.00;0.00;0.00;1440.00;386.34;0.00;0.00;0.00;0.00;0.00;194.00;960.00;0.00;820.35;0.00;0.00;0.00;1270.00;1554.01;1234.01;2868.01;1894.67;1983.34;1840.00;2671.67;2140.00;1580.00;1590.00;1280.00;1780.00;1630.00;860.00;460.00;630.00;0.00;320.00;0.00;0.00;0.00;0.00;310.00
1762816916.1961946;0.00;241.67;578.68;0.00;1440.00;0.00;0.00;0.00;0.00;1440.00;386.34;0.00;0.00;0.00;0.00;0.00;194.00;960.00;0.00;820.35;0.00;0.00;0.00;1270.00;1554.01;1234.01;2868.01;1894.67;1983.34;1840.00;2671.67;2140.00;1580.00;1590.00;1280.00;1780.00;1630.00;860.00;460.00;630.00;0.00;320.00;0.00;0.00;0.00;0.00;310.00
1762816916.282672;0.00;241.67;578.68;0.00;1440.00;0.00;0.00;0.00;0.00;1440.00;531.01;0.00;0.00;0.00;0.00;0.00;194.00;960.00;0.00;820.35;0.00;0.00;0.00;1270.00;1554.01;1234.01;3012.68;2204.67;2283.34;1840.00;2671.67;2140.00;1580.00;1590.00;1280.00;1780.00;1630.00;860.00;460.00;630.00;0.00;320.00;0.00;0.00;0.00;0.00;310.00
1762816916.2836046;0.00;241.67;578.68;0.00;1440.00;0.00;0.00;0.00;0.00;1440.00;531.01;0.00;0.00;0.00;0.00;0.00;194.00;960.00;0.00;820.35;0.00;0.00;0.00;1270.00;1554.01;1234.01;3012.68;2204.67;2283.34;1840.00;2671.67;2140.00;1580.00;1590.00;1280.00;1780.00;1630.00;860.00;460.00;630.00;0.00;320.00;0.00;0.00;0.00;0.00;310.00
1762816916.363295;0.00;241.67;578.68;0.00;1440.00;0.00;0.00;0.00;0.00;1440.00;675.68;0.00;0.00;0.00;0.00;0.00;194.00;960.00;0.00;820.35;0.00;0.00;0.00;1270.00;1704.01;1384.01;3162.68;2204.67;2283.34;1840.00;2671.67;2140.00;1580.00;1590.00;1280.00;1780.00;1630.00;860.00;460.00;630.00;0.00;320.00;0.00;0.00;0.00;0.00;310.00
1762816916.3641949;0.00;241.67;578.68;0.00;1440.00;0.00;0.00;0.00;0.00;1440.00;675.68;0.00;0.00;0.00;0.00;0.00;194.00;960.00;0.00;820.35;0.00;0.00;0.00;1270.00;1704.01;1384.01;3162.68;2204.67;2283.34;1840.00;2671.67;2140.00;1580.00;1590.00;1280.00;1780.00;1630.00;860.00;460.00;630.00;0.00;320.00;0.00;0.00;0.00;0.00;310.00
1762816916.446454;0.00;241.67;578.68;0.00;1440.00;0.00;0.00;0.00;0.00;1440.00;820.35;0.00;0.00;0.00;0.00;0.00;194.00;960.00;0.00;820.35;0.00;0.00;0.00;1430.00;1768.68;1448.68;3242.68;2284.67;2433.34;1840.00;2671.67;2140.00;1740.00;1750.00;1440.00;1780.00;1630.00;860.00;460.00;630.00;0.00;544.67;0.00;0.00;0.00;0.00;310.00
1762816916.447374;0.00;241.67;578.68;0.00;1440.00;0.00;0.00;0.00;0.00;1440.00;820.35;0.00;0.00;0.00;0.00;0.00;194.00;960.00;0.00;820.35;0.00;0.00;0.00;1430.00;1768.68;1448.68;3242.68;2284.67;2433.34;1840.00;2671.67;2140.00;1740.00;1750.00;1440.00;1780.00;1630.00;860.00;460.00;630.00;0.00;544.67;0.00;0.00;0.00;0.00;310.00
1762816927.06447;0.00;241.67;578.68;144.67;960.00;0.00;0.00;0.00;0.00;1200.00;820.35;0.00;0.00;0.00;0.00;0.00;194.00;960.00;0.00;820.35;0.00;0.00;0.00;1270.00;1608.68;1288.68;2632.68;2124.67;2273.34;1600.00;2351.67;1830.00;1580.00;1590.00;1280.00;1550.00;1320.00;860.00;460.00;320.00;0.00;544.67;0.00;0.00;0.00;0.00;310.00
1762816927.0650632;0.00;241.67;578.68;144.67;960.00;0.00;0.00;0.00;0.00;1200.00;820.35;0.00;0.00;0.00;0.00;0.00;194.00;960.00;0.00;820.35;0.00;0.00;0.00;1270.00;1608.68;1288.68;2632.68;2124.67;2273.34;1600.00;2351.67;1830.00;1580.00;1590.00;1280.00;1550.00;1320.00;860.00;460.00;320.00;0.00;544.67;0.00;0.00;0.00;0.00;310.00
1762816927.1431458;0.00;241.67;578.68;289.34;960.00;0.00;0.00;0.00;0.00;1200.00;820.35;0.00;0.00;0.00;0.00;0.00;194.00;960.00;0.00;820.35;0.00;0.00;0.00;1270.00;1608.68;1288.68;2632.68;2124.67;2273.34;1600.00;2351.67;1830.00;1580.00;1590.00;1280.00;1550.00;1320.00;860.00;460.00;320.00;0.00;544.67;0.00;0.00;0.00;0.00;310.00
1762816927.1440597;0.00;241.67;578.68;289.34;960.00;0.00;0.00;0.00;0.00;1200.00;820.35;0.00;0.00;0.00;0.00;0.00;194.00;960.00;0.00;820.35;0.00;0.00;0.00;1270.00;1608.68;1288.68;2632.68;2124.67;2273.34;1600.00;2351.67;1830.00;1580.00;1590.00;1280.00;1550.00;1320.00;860.00;460.00;320.00;0.00;544.67;0.00;0.00;0.00;0.00;310.00
1762816927.2193851;0.00;241.67;578.68;289.34;960.00;0.00;0.00;0.00;144.67;1200.00;820.35;0.00;0.00;0.00;0.00;0.00;194.00;960.00;0.00;820.35;0.00;0.00;0.00;1270.00;1608.68;1288.68;2632.68;2124.67;2273.34;1600.00;2581.67;1830.00;1580.00;1590.00;1280.00;1550.00;1320.00;860.00;460.00;320.00;0.00;544.67;0.00;0.00;0.00;0.00;310.00
1762816927.2203338;0.00;241.67;578.68;289.34;960.00;0.00;0.00;0.00;144.67;1200.00;820.35;0.00;0.00;0.00;0.00;0.00;194.00;960.00;0.00;820.35;0.00;0.00;0.00;1270.00;1608.68;1288.68;2632.68;2124.67;2273.34;1600.00;2581.67;1830.00;1580.00;1590.00;1280.00;1550.00;1320.00;860.00;460.00;320.00;0.00;544.67;0.00;0.00;0.00;0.00;310.00
1762816931.9879174;0.00;241.67;578.68;434.01;720.00;0.00;0.00;0.00;144.67;1200.00;820.35;0.00;0.00;0.00;0.00;0.00;194.00;960.00;0.00;820.35;0.00;0.00;0.00;1120.00;1608.68;1288.68;2402.68;2044.67;2193.34;1520.00;2501.67;1430.00;1420.00;1430.00;1120.00;1550.00;1320.00;540.00;460.00;320.00;0.00;544.67;0.00;0.00;0.00;0.00;0.00
1762816931.9888766;0.00;241.67;578.68;434.01;720.00;0.00;0.00;0.00;144.67;1200.00;820.35;0.00;0.00;0.00;0.00;0.00;194.00;960.00;0.00;820.35;0.00;0.00;0.00;1120.00;1608.68;1288.68;2402.68;2044.67;2193.34;1520.00;2501.67;1430.00;1420.00;1430.00;1120.00;1550.00;1320.00;540.00;460.00;320.00;0.00;544.67;0.00;0.00;0.00;0.00;0.00
1762816936.9939532;0.00;241.67;578.68;531.01;480.00;0.00;0.00;0.00;144.67;1200.00;820.35;0.00;0.00;0.00;0.00;0.00;194.00;960.00;0.00;0.00;0.00;0.00;0.00;1120.00;1239.34;919.34;1626.34;1270.00;1738.67;1120.00;2271.67;1500.00;1420.00;1430.00;1120.00;1550.00;1320.00;230.00;0.00;320.00;0.00;544.67;0.00;0.00;0.00;0.00;0.00
1762816936.9948602;0.00;241.67;578.68;531.01;480.00;0.00;0.00;0.00;144.67;1200.00;820.35;0.00;0.00;0.00;0.00;0.00;194.00;960.00;0.00;0.00;0.00;0.00;0.00;1120.00;1239.34;919.34;1626.34;1270.00;1738.67;1120.00;2271.67;1500.00;1420.00;1430.00;1120.00;1550.00;1320.00;230.00;0.00;320.00;0.00;544.67;0.00;0.00;0.00;0.00;0.00
1762816938.982481;0.00;241.67;578.68;531.01;480.00;0.00;0.00;0.00;144.67;1200.00;820.35;144.67;0.00;0.00;0.00;0.00;194.00;960.00;0.00;0.00;0.00;0.00;0.00;1120.00;1239.34;919.34;1771.01;1494.67;1738.67;1120.00;2271.67;1500.00;1420.00;1430.00;1120.00;1550.00;1320.00;230.00;0.00;320.00;0.00;544.67;0.00;0.00;0.00;0.00;0.00
1762816938.9837844;0.00;241.67;578.68;531.01;480.00;0.00;0.00;0.00;144.67;1200.00;820.35;144.67;0.00;0.00;0.00;0.00;194.00;960.00;0.00;0.00;0.00;0.00;0.00;1120.00;1239.34;919.34;1771.01;1494.67;1738.67;1120.00;2271.67;1500.00;1420.00;1430.00;1120.00;1550.00;1320.00;230.00;0.00;320.00;0.00;544.67;0.00;0.00;0.00;0.00;0.00
1762816939.0713925;0.00;241.67;578.68;531.01;480.00;0.00;0.00;0.00;144.67;1200.00;820.35;289.34;0.00;0.00;0.00;0.00;194.00;960.00;0.00;0.00;0.00;0.00;0.00;1120.00;1239.34;919.34;1915.68;1644.67;1888.67;1120.00;2271.67;1500.00;1420.00;1430.00;1120.00;1550.00;1320.00;230.00;0.00;320.00;0.00;544.67;0.00;0.00;0.00;0.00;0.00
1762816939.0719502;0.00;241.67;578.68;531.01;480.00;0.00;0.00;0.00;144.67;1200.00;820.35;289.34;0.00;0.00;0.00;0.00;194.00;960.00;0.00;0.00;0.00;0.00;0.00;1120.00;1239.34;919.34;1915.68;1644.67;1888.67;1120.00;2271.67;1500.00;1420.00;1430.00;1120.00;1550.00;1320.00;230.00;0.00;320.00;0.00;544.67;0.00;0.00;0.00;0.00;0.00
1762816939.155963;0.00;241.67;578.68;531.01;480.00;0.00;0.00;0.00;144.67;1200.00;820.35;434.01;0.00;0.00;0.00;0.00;194.00;960.00;0.00;0.00;0.00;0.00;0.00;1120.00;1479.34;1159.34;2140.35;1644.67;1888.67;1120.00;2271.67;1500.00;1420.00;1430.00;1120.00;1550.00;1320.00;230.00;0.00;320.00;0.00;544.67;0.00;0.00;0.00;0.00;0.00
1762816939.156865;0.00;241.67;578.68;531.01;480.00;0.00;0.00;0.00;144.67;1200.00;820.35;434.01;0.00;0.00;0.00;0.00;194.00;960.00;0.00;0.00;0.00;0.00;0.00;1120.00;1479.34;1159.34;2140.35;1644.67;1888.67;1120.00;2271.67;1500.00;1420.00;1430.00;1120.00;1550.00;1320.00;230.00;0.00;320.00;0.00;544.67;0.00;0.00;0.00;0.00;0.00
1762816939.2407281;0.00;241.67;578.68;531.01;480.00;0.00;0.00;0.00;144.67;1200.00;820.35;578.68;0.00;0.00;0.00;0.00;194.00;960.00;0.00;0.00;0.00;0.00;0.00;1120.00;1639.34;1319.34;2445.02;1644.67;1888.67;1120.00;2271.67;1500.00;1420.00;1430.00;1120.00;1550.00;1320.00;230.00;0.00;320.00;0.00;544.67;0.00;0.00;0.00;0.00;0.00
1762816939.241641;0.00;241.67;578.68;531.01;480.00;0.00;0.00;0.00;144.67;1200.00;820.35;578.68;0.00;0.00;0.00;0.00;194.00;960.00;0.00;0.00;0.00;0.00;0.00;1120.00;1639.34;1319.34;2445.02;1644.67;1888.67;1120.00;2271.67;1500.00;1420.00;1430.00;1120.00;1550.00;1320.00;230.00;0.00;320.00;0.00;544.67;0.00;0.00;0.00;0.00;0.00
1762816939.320314;0.00;241.67;578.68;531.01;480.00;0.00;0.00;0.00;144.67;1200.00;820.35;723.35;0.00;0.00;0.00;0.00;194.00;960.00;0.00;0.00;0.00;0.00;0.00;1120.00;1639.34;1319.34;2589.69;1954.67;2048.67;1280.00;2271.67;1500.00;1420.00;1430.00;1120.00;1550.00;1320.00;230.00;0.00;320.00;0.00;544.67;0.00;0.00;0.00;0.00;0.00
1762816939.3212802;0.00;241.67;578.68;531.01;480.00;0.00;0.00;0.00;144.67;1200.00;820.35;723.35;0.00;0.00;0.00;0.00;194.00;960.00;0.00;0.00;0.00;0.00;0.00;1120.00;1639.34;1319.34;2589.69;1954.67;2048.67;1280.00;2271.67;1500.00;1420.00;1430.00;1120.00;1550.00;1320.00;230.00;0.00;320.00;0.00;544.67;0.00;0.00;0.00;0.00;0.00
1762816939.5135415;0.00;241.67;578.68;531.01;480.00;0.00;0.00;0.00;144.67;1200.00;820.35;868.02;0.00;0.00;0.00;0.00;194.00;960.00;0.00;0.00;0.00;0.00;0.00;1120.00;1719.34;1399.34;2654.36;2019.34;2113.34;1440.00;2271.67;1500.00;1420.00;1430.00;1120.00;1550.00;1320.00;230.00;310.00;320.00;0.00;544.67;0.00;0.00;0.00;0.00;0.00
1762816939.5144703;0.00;241.67;578.68;531.01;480.00;0.00;0.00;0.00;144.67;1200.00;820.35;868.02;0.00;0.00;0.00;0.00;194.00;960.00;0.00;0.00;0.00;0.00;0.00;1120.00;1719.34;1399.34;2654.36;2019.34;2113.34;1440.00;2271.67;1500.00;1420.00;1430.00;1120.00;1550.00;1320.00;230.00;310.00;320.00;0.00;544.67;0.00;0.00;0.00;0.00;0.00
1762816942.0097249;0.00;241.67;578.68;531.01;480.00;0.00;0.00;0.00;144.67;1200.00;820.35;868.02;0.00;0.00;0.00;0.00;338.67;720.00;0.00;0.00;0.00;0.00;0.00;1040.00;1319.34;1239.34;2504.36;2019.34;2328.01;1504.67;2121.67;1420.00;1340.00;1350.00;1040.00;1550.00;1320.00;230.00;524.67;320.00;0.00;224.67;0.00;0.00;0.00;0.00;0.00
1762816942.0106292;0.00;241.67;578.68;531.01;480.00;0.00;0.00;0.00;144.67;1200.00;820.35;868.02;0.00;0.00;0.00;0.00;338.67;720.00;0.00;0.00;0.00;0.00;0.00;1040.00;1319.34;1239.34;2504.36;2019.34;2328.01;1504.67;2121.67;1420.00;1340.00;1350.00;1040.00;1550.00;1320.00;230.00;524.67;320.00;0.00;224.67;0.00;0.00;0.00;0.00;0.00
1762816952.0250585;0.00;241.67;578.68;386.34;720.00;0.00;0.00;0.00;144.67;1200.00;820.35;868.02;0.00;0.00;0.00;0.00;338.67;720.00;0.00;0.00;0.00;0.00;0.00;1040.00;1319.34;1239.34;2504.36;2019.34;2328.01;1504.67;2121.67;1420.00;1340.00;1350.00;1040.00;1550.00;1320.00;230.00;524.67;320.00;0.00;224.67;0.00;0.00;0.00;0.00;0.00
1762816952.0260308;0.00;241.67;578.68;386.34;720.00;0.00;0.00;0.00;144.67;1200.00;820.35;868.02;0.00;0.00;0.00;0.00;338.67;720.00;0.00;0.00;0.00;0.00;0.00;1040.00;1319.34;1239.34;2504.36;2019.34;2328.01;1504.67;2121.67;1420.00;1340.00;1350.00;1040.00;1550.00;1320.00;230.00;524.67;320.00;0.00;224.67;0.00;0.00;0.00;0.00;0.00
1762816957.0357447;0.00;241.67;578.68;97.00;864.67;0.00;0.00;0.00;144.67;1200.00;820.35;868.02;0.00;0.00;0.00;0.00;338.67;720.00;0.00;0.00;0.00;0.00;0.00;1040.00;1319.34;1239.34;2504.36;2019.34;2328.01;1504.67;2121.67;1420.00;1340.00;1350.00;1040.00;1550.00;1320.00;230.00;524.67;320.00;0.00;224.67;0.00;0.00;0.00;0.00;0.00
1762816957.0366673;0.00;241.67;578.68;97.00;864.67;0.00;0.00;0.00;144.67;1200.00;820.35;868.02;0.00;0.00;0.00;0.00;338.67;720.00;0.00;0.00;0.00;0.00;0.00;1040.00;1319.34;1239.34;2504.36;2019.34;2328.01;1504.67;2121.67;1420.00;1340.00;1350.00;1040.00;1550.00;1320.00;230.00;524.67;320.00;0.00;224.67;0.00;0.00;0.00;0.00;0.00
1762816957.1142983;0.00;241.67;578.68;97.00;1009.34;0.00;0.00;0.00;144.67;1200.00;820.35;868.02;0.00;0.00;0.00;0.00;338.67;720.00;0.00;0.00;0.00;0.00;0.00;1040.00;1319.34;1239.34;2504.36;2019.34;2328.01;1504.67;2121.67;1420.00;1340.00;1350.00;1040.00;1550.00;1320.00;230.00;524.67;320.00;0.00;224.67;0.00;0.00;0.00;0.00;0.00
1762816957.1152225;0.00;241.67;578.68;97.00;1009.34;0.00;0.00;0.00;144.67;1200.00;820.35;868.02;0.00;0.00;0.00;0.00;338.67;720.00;0.00;0.00;0.00;0.00;0.00;1040.00;1319.34;1239.34;2504.36;2019.34;2328.01;1504.67;2121.67;1420.00;1340.00;1350.00;1040.00;1550.00;1320.00;230.00;524.67;320.00;0.00;224.67;0.00;0.00;0.00;0.00;0.00
1762816961.0456197;0.00;241.67;578.68;97.00;1009.34;0.00;0.00;0.00;144.67;1200.00;820.35;1012.69;0.00;0.00;0.00;0.00;0.00;0.00;0.00;0.00;0.00;0.00;0.00;640.00;1064.01;1064.01;2194.36;1859.34;1759.34;1440.00;1971.67;1260.00;940.00;950.00;640.00;1240.00;630.00;230.00;310.00;320.00;0.00;534.67;0.00;0.00;0.00;0.00;0.00
1762816961.0461676;0.00;241.67;578.68;97.00;1009.34;0.00;0.00;0.00;144.67;1200.00;820.35;1012.69;0.00;0.00;0.00;0.00;0.00;0.00;0.00;0.00;0.00;0.00;0.00;640.00;1064.01;1064.01;2194.36;1859.34;1759.34;1440.00;1971.67;1260.00;940.00;950.00;640.00;1240.00;630.00;230.00;310.00;320.00;0.00;534.67;0.00;0.00;0.00;0.00;0.00
1762816961.106082;0.00;241.67;578.68;97.00;1009.34;0.00;0.00;0.00;144.67;1200.00;820.35;1157.36;0.00;0.00;0.00;0.00;0.00;0.00;0.00;0.00;0.00;0.00;0.00;640.00;1064.01;1064.01;2424.36;1939.34;1909.34;1440.00;1971.67;1260.00;940.00;950.00;640.00;1240.00;630.00;230.00;310.00;320.00;0.00;534.67;0.00;0.00;0.00;0.00;0.00
1762816961.1066318;0.00;241.67;578.68;97.00;1009.34;0.00;0.00;0.00;144.67;1200.00;820.35;1157.36;0.00;0.00;0.00;0.00;0.00;0.00;0.00;0.00;0.00;0.00;0.00;640.00;1064.01;1064.01;2424.36;1939.34;1909.34;1440.00;1971.67;1260.00;940.00;950.00;640.00;1240.00;630.00;230.00;310.00;320.00;0.00;534.67;0.00;0.00;0.00;0.00;0.00
1762816961.1661167;0.00;241.67;578.68;97.00;1009.34;0.00;0.00;0.00;144.67;1200.00;820.35;1302.03;0.00;0.00;0.00;0.00;0.00;0.00;0.00;0.00;0.00;0.00;0.00;950.00;1224.01;1128.68;2504.36;2019.34;1989.34;1520.00;2051.67;1340.00;940.00;950.00;640.00;1240.00;630.00;230.00;310.00;320.00;0.00;854.67;0.00;224.67;0.00;0.00;0.00
1762816961.1666796;0.00;241.67;578.68;97.00;1009.34;0.00;0.00;0.00;144.67;1200.00;820.35;1302.03;0.00;0.00;0.00;0.00;0.00;0.00;0.00;0.00;0.00;0.00;0.00;950.00;1224.01;1128.68;2504.36;2019.34;1989.34;1520.00;2051.67;1340.00;940.00;950.00;640.00;1240.00;630.00;230.00;310.00;320.00;0.00;854.67;0.00;224.67;0.00;0.00;0.00
1762816961.2557843;0.00;241.67;578.68;97.00;1009.34;0.00;0.00;0.00;144.67;1200.00;820.35;1446.70;0.00;0.00;0.00;0.00;0.00;0.00;0.00;0.00;0.00;0.00;0.00;950.00;1224.01;1128.68;2649.03;2164.01;2204.01;1520.00;2051.67;1340.00;940.00;950.00;640.00;1240.00;630.00;230.00;310.00;320.00;0.00;854.67;0.00;224.67;0.00;0.00;0.00
1762816961.2567122;0.00;241.67;578.68;97.00;1009.34;0.00;0.00;0.00;144.67;1200.00;820.35;1446.70;0.00;0.00;0.00;0.00;0.00;0.00;0.00;0.00;0.00;0.00;0.00;950.00;1224.01;1128.68;2649.03;2164.01;2204.01;1520.00;2051.67;1340.00;940.00;950.00;640.00;1240.00;630.00;230.00;310.00;320.00;0.00;854.67;0.00;224.67;0.00;0.00;0.00
1762816961.3437338;0.00;241.67;578.68;97.00;1009.34;0.00;0.00;0.00;144.67;1200.00;820.35;1591.37;0.00;0.00;0.00;0.00;0.00;0.00;0.00;0.00;0.00;0.00;0.00;950.00;1224.01;1128.68;2793.70;2308.68;2418.68;1520.00;2051.67;1340.00;940.00;950.00;640.00;1240.00;630.00;230.00;310.00;320.00;0.00;854.67;0.00;224.67;0.00;0.00;0.00
1762816961.3446467;0.00;241.67;578.68;97.00;1009.34;0.00;0.00;0.00;144.67;1200.00;820.35;1591.37;0.00;0.00;0.00;0.00;0.00;0.00;0.00;0.00;0.00;0.00;0.00;950.00;1224.01;1128.68;2793.70;2308.68;2418.68;1520.00;2051.67;1340.00;940.00;950.00;640.00;1240.00;630.00;230.00;310.00;320.00;0.00;854.67;0.00;224.67;0.00;0.00;0.00
1762816961.4824483;0.00;241.67;578.68;97.00;1009.34;0.00;0.00;0.00;144.67;1200.00;820.35;1736.04;0.00;0.00;0.00;0.00;0.00;0.00;0.00;0.00;0.00;0.00;0.00;950.00;1224.01;1128.68;2938.37;2453.35;2563.35;1680.00;2051.67;1340.00;940.00;950.00;640.00;1240.00;630.00;230.00;620.00;320.00;0.00;854.67;0.00;224.67;0.00;0.00;0.00
1762816961.483045;0.00;241.67;578.68;97.00;1009.34;0.00;0.00;0.00;144.67;1200.00;820.35;1736.04;0.00;0.00;0.00;0.00;0.00;0.00;0.00;0.00;0.00;0.00;0.00;950.00;1224.01;1128.68;2938.37;2453.35;2563.35;1680.00;2051.67;1340.00;940.00;950.00;640.00;1240.00;630.00;230.00;620.00;320.00;0.00;854.67;0.00;224.67;0.00;0.00;0.00
1762816962.015276;0.00;241.67;434.01;0.00;1154.01;0.00;0.00;0.00;0.00;1200.00;820.35;1736.04;0.00;0.00;0.00;0.00;0.00;0.00;0.00;0.00;0.00;0.00;0.00;950.00;1224.01;1128.68;2938.37;2453.35;2563.35;1680.00;1821.67;1030.00;940.00;950.00;640.00;1240.00;630.00;230.00;620.00;320.00;0.00;854.67;0.00;224.67;0.00;0.00;0.00
1762816962.0158064;0.00;241.67;434.01;0.00;1154.01;0.00;0.00;0.00;0.00;1200.00;820.35;1736.04;0.00;0.00;0.00;0.00;0.00;0.00;0.00;0.00;0.00;0.00;0.00;950.00;1224.01;1128.68;2938.37;2453.35;2563.35;1680.00;1821.67;1030.00;940.00;950.00;640.00;1240.00;630.00;230.00;620.00;320.00;0.00;854.67;0.00;224.67;0.00;0.00;0.00
1762816962.064579;0.00;241.67;434.01;0.00;1154.01;0.00;0.00;0.00;0.00;1344.67;820.35;1736.04;0.00;0.00;0.00;0.00;0.00;0.00;0.00;0.00;0.00;0.00;0.00;950.00;1224.01;1128.68;2938.37;2453.35;2563.35;1680.00;1821.67;1030.00;940.00;950.00;640.00;1240.00;630.00;230.00;850.00;320.00;0.00;854.67;0.00;224.67;0.00;0.00;0.00
1762816962.0651274;0.00;241.67;434.01;0.00;1154.01;0.00;0.00;0.00;0.00;1344.67;820.35;1736.04;0.00;0.00;0.00;0.00;0.00;0.00;0.00;0.00;0.00;0.00;0.00;950.00;1224.01;1128.68;2938.37;2453.35;2563.35;1680.00;1821.67;1030.00;940.00;950.00;640.00;1240.00;630.00;230.00;850.00;320.00;0.00;854.67;0.00;224.67;0.00;0.00;0.00
1762816962.144109;0.00;241.67;434.01;0.00;1154.01;0.00;0.00;0.00;0.00;1344.67;820.35;1736.04;0.00;0.00;0.00;0.00;0.00;0.00;0.00;0.00;144.67;0.00;0.00;950.00;1224.01;1128.68;2938.37;2453.35;2563.35;1894.67;2131.67;1030.00;940.00;950.00;640.00;1240.00;630.00;230.00;1000.00;320.00;0.00;854.67;0.00;224.67;0.00;0.00;0.00
1762816962.1449986;0.00;241.67;434.01;0.00;1154.01;0.00;0.00;0.00;0.00;1344.67;820.35;1736.04;0.00;0.00;0.00;0.00;0.00;0.00;0.00;0.00;144.67;0.00;0.00;950.00;1224.01;1128.68;2938.37;2453.35;2563.35;1894.67;2131.67;1030.00;940.00;950.00;640.00;1240.00;630.00;230.00;1000.00;320.00;0.00;854.67;0.00;224.67;0.00;0.00;0.00
1762816967.1142225;0.00;0.00;0.00;0.00;1154.01;0.00;0.00;0.00;0.00;1104.67;820.35;1736.04;0.00;0.00;0.00;0.00;0.00;0.00;0.00;0.00;97.00;0.00;0.00;790.00;1224.01;1128.68;2938.37;2453.35;2338.68;1457.00;1420.00;870.00;780.00;790.00;480.00;690.00;630.00;230.00;850.00;320.00;0.00;854.67;0.00;224.67;0.00;0.00;0.00
1762816967.1147501;0.00;0.00;0.00;0.00;1154.01;0.00;0.00;0.00;0.00;1104.67;820.35;1736.04;0.00;0.00;0.00;0.00;0.00;0.00;0.00;0.00;97.00;0.00;0.00;790.00;1224.01;1128.68;2938.37;2453.35;2338.68;1457.00;1420.00;870.00;780.00;790.00;480.00;690.00;630.00;230.00;850.00;320.00;0.00;854.67;0.00;224.67;0.00;0.00;0.00
1762816972.0722573;0.00;0.00;0.00;0.00;1154.01;0.00;0.00;0.00;0.00;624.67;820.35;1736.04;0.00;0.00;0.00;0.00;0.00;0.00;0.00;0.00;194.00;0.00;0.00;790.00;1224.01;1128.68;2938.37;2453.35;2338.68;1394.00;950.00;720.00;780.00;790.00;480.00;230.00;630.00;230.00;850.00;320.00;0.00;854.67;0.00;224.67;0.00;0.00;0.00
1762816972.0733051;0.00;0.00;0.00;0.00;1154.01;0.00;0.00;0.00;0.00;624.67;820.35;1736.04;0.00;0.00;0.00;0.00;0.00;0.00;0.00;0.00;194.00;0.00;0.00;790.00;1224.01;1128.68;2938.37;2453.35;2338.68;1394.00;950.00;720.00;780.00;790.00;480.00;230.00;630.00;230.00;850.00;320.00;0.00;854.67;0.00;224.67;0.00;0.00;0.00
1762816972.1564753;0.00;0.00;0.00;0.00;1154.01;0.00;0.00;97.00;0.00;624.67;820.35;1736.04;0.00;0.00;0.00;0.00;0.00;0.00;0.00;0.00;194.00;0.00;0.00;790.00;1224.01;1128.68;2938.37;2453.35;2338.68;1394.00;1260.00;720.00;780.00;790.00;480.00;230.00;630.00;230.00;1170.00;320.00;0.00;854.67;0.00;224.67;0.00;0.00;0.00
1762816972.1574342;0.00;0.00;0.00;0.00;1154.01;0.00;0.00;97.00;0.00;624.67;820.35;1736.04;0.00;0.00;0.00;0.00;0.00;0.00;0.00;0.00;194.00;0.00;0.00;790.00;1224.01;1128.68;2938.37;2453.35;2338.68;1394.00;1260.00;720.00;780.00;790.00;480.00;230.00;630.00;230.00;1170.00;320.00;0.00;854.67;0.00;224.67;0.00;0.00;0.00
1762816977.0763125;0.00;0.00;0.00;0.00;1009.34;0.00;97.00;0.00;0.00;0.00;820.35;1736.04;0.00;0.00;0.00;0.00;0.00;0.00;0.00;0.00;0.00;0.00;0.00;790.00;1224.01;1128.68;2938.37;2453.35;2338.68;1120.00;497.00;400.00;780.00;790.00;480.00;0.00;320.00;0.00;620.00;320.00;0.00;854.67;0.00;224.67;0.00;0.00;0.00
1762816977.0772414;0.00;0.00;0.00;0.00;1009.34;0.00;97.00;0.00;0.00;0.00;820.35;1736.04;0.00;0.00;0.00;0.00;0.00;0.00;0.00;0.00;0.00;0.00;0.00;790.00;1224.01;1128.68;2938.37;2453.35;2338.68;1120.00;497.00;400.00;780.00;790.00;480.00;0.00;320.00;0.00;620.00;320.00;0.00;854.67;0.00;224.67;0.00;0.00;0.00
1762816982.0968041;0.00;0.00;0.00;0.00;480.00;0.00;194.00;0.00;0.00;0.00;820.35;1736.04;0.00;0.00;0.00;0.00;0.00;0.00;0.00;0.00;0.00;0.00;0.00;790.00;1224.01;1128.68;2938.37;2453.35;2338.68;1120.00;594.00;400.00;780.00;790.00;480.00;0.00;320.00;0.00;620.00;320.00;0.00;854.67;0.00;224.67;0.00;0.00;0.00
1762816982.0977075;0.00;0.00;0.00;0.00;480.00;0.00;194.00;0.00;0.00;0.00;820.35;1736.04;0.00;0.00;0.00;0.00;0.00;0.00;0.00;0.00;0.00;0.00;0.00;790.00;1224.01;1128.68;2938.37;2453.35;2338.68;1120.00;594.00;400.00;780.00;790.00;480.00;0.00;320.00;0.00;620.00;320.00;0.00;854.67;0.00;224.67;0.00;0.00;0.00
1762816982.3145244;0.00;0.00;0.00;0.00;480.00;0.00;291.00;0.00;0.00;0.00;820.35;1736.04;0.00;0.00;0.00;0.00;0.00;0.00;0.00;0.00;0.00;0.00;0.00;790.00;1224.01;1128.68;2938.37;2453.35;2338.68;1120.00;626.33;464.67;780.00;790.00;480.00;0.00;320.00;0.00;620.00;320.00;0.00;854.67;0.00;224.67;0.00;0.00;0.00
1762816982.315066;0.00;0.00;0.00;0.00;480.00;0.00;291.00;0.00;0.00;0.00;820.35;1736.04;0.00;0.00;0.00;0.00;0.00;0.00;0.00;0.00;0.00;0.00;0.00;790.00;1224.01;1128.68;2938.37;2453.35;2338.68;1120.00;626.33;464.67;780.00;790.00;480.00;0.00;320.00;0.00;620.00;320.00;0.00;854.67;0.00;224.67;0.00;0.00;0.00
1762816982.3653393;0.00;0.00;0.00;0.00;480.00;0.00;388.00;0.00;0.00;0.00;820.35;1736.04;0.00;0.00;0.00;0.00;0.00;0.00;0.00;0.00;0.00;0.00;0.00;790.00;1224.01;1128.68;2938.37;2453.35;2338.68;1120.00;723.33;464.67;780.00;790.00;480.00;0.00;320.00;0.00;620.00;320.00;0.00;854.67;0.00;224.67;0.00;0.00;0.00
1762816982.3658516;0.00;0.00;0.00;0.00;480.00;0.00;388.00;0.00;0.00;0.00;820.35;1736.04;0.00;0.00;0.00;0.00;0.00;0.00;0.00;0.00;0.00;0.00;0.00;790.00;1224.01;1128.68;2938.37;2453.35;2338.68;1120.00;723.33;464.67;780.00;790.00;480.00;0.00;320.00;0.00;620.00;320.00;0.00;854.67;0.00;224.67;0.00;0.00;0.00
1762816982.8918684;0.00;0.00;0.00;0.00;480.00;0.00;388.00;0.00;0.00;0.00;820.35;1736.04;0.00;0.00;0.00;0.00;0.00;0.00;0.00;0.00;0.00;0.00;97.00;790.00;1224.01;1128.68;2938.37;2453.35;2338.68;1120.00;723.33;464.67;877.00;887.00;480.00;0.00;320.00;0.00;620.00;320.00;0.00;854.67;0.00;224.67;0.00;0.00;0.00
1762816982.892396;0.00;0.00;0.00;0.00;480.00;0.00;388.00;0.00;0.00;0.00;820.35;1736.04;0.00;0.00;0.00;0.00;0.00;0.00;0.00;0.00;0.00;0.00;97.00;790.00;1224.01;1128.68;2938.37;2453.35;2338.68;1120.00;723.33;464.67;877.00;887.00;480.00;0.00;320.00;0.00;620.00;320.00;0.00;854.67;0.00;224.67;0.00;0.00;0.00
1762816982.9774482;0.00;0.00;0.00;0.00;480.00;0.00;388.00;0.00;0.00;0.00;820.35;1736.04;0.00;0.00;0.00;0.00;0.00;0.00;0.00;0.00;0.00;0.00;194.00;790.00;1224.01;1128.68;2938.37;2453.35;2338.68;1120.00;723.33;464.67;974.00;984.00;480.00;0.00;320.00;0.00;620.00;320.00;0.00;854.67;0.00;224.67;0.00;0.00;0.00
1762816982.9783611;0.00;0.00;0.00;0.00;480.00;0.00;388.00;0.00;0.00;0.00;820.35;1736.04;0.00;0.00;0.00;0.00;0.00;0.00;0.00;0.00;0.00;0.00;194.00;790.00;1224.01;1128.68;2938.37;2453.35;2338.68;1120.00;723.33;464.67;974.00;984.00;480.00;0.00;320.00;0.00;620.00;320.00;0.00;854.67;0.00;224.67;0.00;0.00;0.00
1762816983.0718694;0.00;0.00;0.00;0.00;480.00;0.00;388.00;0.00;0.00;0.00;820.35;1736.04;0.00;0.00;0.00;0.00;0.00;0.00;0.00;0.00;0.00;0.00;291.00;790.00;1224.01;1128.68;2938.37;2453.35;2338.68;1120.00;723.33;464.67;1071.00;1081.00;480.00;0.00;320.00;0.00;620.00;320.00;0.00;854.67;0.00;224.67;0.00;0.00;0.00
1762816983.0728216;0.00;0.00;0.00;0.00;480.00;0.00;388.00;0.00;0.00;0.00;820.35;1736.04;0.00;0.00;0.00;0.00;0.00;0.00;0.00;0.00;0.00;0.00;291.00;790.00;1224.01;1128.68;2938.37;2453.35;2338.68;1120.00;723.33;464.67;1071.00;1081.00;480.00;0.00;320.00;0.00;620.00;320.00;0.00;854.67;0.00;224.67;0.00;0.00;0.00
1762816983.3313878;0.00;0.00;0.00;0.00;480.00;0.00;388.00;0.00;0.00;0.00;820.35;1736.04;0.00;0.00;0.00;0.00;0.00;0.00;0.00;0.00;0.00;0.00;388.00;790.00;1224.01;1128.68;2938.37;2453.35;2338.68;1120.00;953.33;561.67;1168.00;1178.00;480.00;0.00;320.00;0.00;620.00;320.00;0.00;854.67;0.00;224.67;0.00;0.00;0.00
1762816983.332344;0.00;0.00;0.00;0.00;480.00;0.00;388.00;0.00;0.00;0.00;820.35;1736.04;0.00;0.00;0.00;0.00;0.00;0.00;0.00;0.00;0.00;0.00;388.00;790.00;1224.01;1128.68;2938.37;2453.35;2338.68;1120.00;953.33;561.67;1168.00;1178.00;480.00;0.00;320.00;0.00;620.00;320.00;0.00;854.67;0.00;224.67;0.00;0.00;0.00
1762816983.421772;0.00;0.00;0.00;0.00;480.00;0.00;388.00;0.00;0.00;0.00;820.35;1736.04;0.00;0.00;0.00;0.00;0.00;0.00;0.00;0.00;0.00;0.00;485.00;790.00;1224.01;1128.68;2938.37;2453.35;2338.68;1120.00;1113.33;808.67;1265.00;1275.00;480.00;0.00;320.00;0.00;930.00;320.00;0.00;854.67;0.00;224.67;0.00;0.00;0.00
1762816983.4226682;0.00;0.00;0.00;0.00;480.00;0.00;388.00;0.00;0.00;0.00;820.35;1736.04;0.00;0.00;0.00;0.00;0.00;0.00;0.00;0.00;0.00;0.00;485.00;790.00;1224.01;1128.68;2938.37;2453.35;2338.68;1120.00;1113.33;808.67;1265.00;1275.00;480.00;0.00;320.00;0.00;930.00;320.00;0.00;854.67;0.00;224.67;0.00;0.00;0.00
1762816983.5126095;0.00;0.00;0.00;0.00;480.00;0.00;388.00;0.00;0.00;0.00;820.35;1736.04;0.00;0.00;0.00;0.00;0.00;0.00;0.00;0.00;0.00;0.00;629.67;790.00;1224.01;1128.68;2938.37;2453.35;2338.68;1120.00;1423.33;953.34;1409.67;1419.67;480.00;0.00;320.00;0.00;1240.00;320.00;0.00;854.67;0.00;224.67;0.00;0.00;0.00
1762816983.5135164;0.00;0.00;0.00;0.00;480.00;0.00;388.00;0.00;0.00;0.00;820.35;1736.04;0.00;0.00;0.00;0.00;0.00;0.00;0.00;0.00;0.00;0.00;629.67;790.00;1224.01;1128.68;2938.37;2453.35;2338.68;1120.00;1423.33;953.34;1409.67;1419.67;480.00;0.00;320.00;0.00;1240.00;320.00;0.00;854.67;0.00;224.67;0.00;0.00;0.00
1762816987.115528;0.00;0.00;0.00;0.00;480.00;0.00;194.00;0.00;0.00;0.00;675.68;1736.04;0.00;0.00;0.00;0.00;0.00;97.00;0.00;0.00;0.00;0.00;629.67;870.00;1481.01;1288.68;2953.70;2453.35;2348.68;1270.00;1379.33;1033.34;1489.67;1499.67;560.00;0.00;320.00;230.00;1240.00;320.00;0.00;854.67;0.00;224.67;0.00;0.00;0.00
1762816987.116509;0.00;0.00;0.00;0.00;480.00;0.00;194.00;0.00;0.00;0.00;675.68;1736.04;0.00;0.00;0.00;0.00;0.00;97.00;0.00;0.00;0.00;0.00;629.67;870.00;1481.01;1288.68;2953.70;2453.35;2348.68;1270.00;1379.33;1033.34;1489.67;1499.67;560.00;0.00;320.00;230.00;1240.00;320.00;0.00;854.67;0.00;224.67;0.00;0.00;0.00
1762816987.3476803;0.00;144.67;0.00;0.00;480.00;0.00;194.00;0.00;0.00;0.00;675.68;1736.04;0.00;0.00;0.00;0.00;0.00;97.00;0.00;0.00;0.00;0.00;629.67;870.00;1481.01;1288.68;2953.70;2453.35;2348.68;1270.00;1594.00;1033.34;1489.67;1499.67;560.00;0.00;320.00;230.00;1240.00;320.00;0.00;854.67;0.00;224.67;0.00;0.00;0.00
1762816987.3486557;0.00;144.67;0.00;0.00;480.00;0.00;194.00;0.00;0.00;0.00;675.68;1736.04;0.00;0.00;0.00;0.00;0.00;97.00;0.00;0.00;0.00;0.00;629.67;870.00;1481.01;1288.68;2953.70;2453.35;2348.68;1270.00;1594.00;1033.34;1489.67;1499.67;560.00;0.00;320.00;230.00;1240.00;320.00;0.00;854.67;0.00;224.67;0.00;0.00;0.00
1762816987.4329112;0.00;289.34;0.00;0.00;480.00;0.00;194.00;0.00;0.00;0.00;675.68;1736.04;0.00;0.00;0.00;0.00;0.00;97.00;0.00;0.00;0.00;0.00;629.67;870.00;1481.01;1288.68;2953.70;2453.35;2348.68;1270.00;1808.67;1033.34;1489.67;1499.67;560.00;0.00;320.00;230.00;1240.00;320.00;0.00;854.67;0.00;224.67;0.00;0.00;0.00
1762816987.4338694;0.00;289.34;0.00;0.00;480.00;0.00;194.00;0.00;0.00;0.00;675.68;1736.04;0.00;0.00;0.00;0.00;0.00;97.00;0.00;0.00;0.00;0.00;629.67;870.00;1481.01;1288.68;2953.70;2453.35;2348.68;1270.00;1808.67;1033.34;1489.67;1499.67;560.00;0.00;320.00;230.00;1240.00;320.00;0.00;854.67;0.00;224.67;0.00;0.00;0.00
1762816992.1328425;0.00;289.34;0.00;0.00;480.00;0.00;0.00;0.00;0.00;0.00;531.01;1736.04;0.00;0.00;0.00;0.00;0.00;194.00;0.00;0.00;0.00;0.00;629.67;1014.67;1578.01;1288.68;2809.03;2293.35;2188.68;1110.00;1679.34;1278.67;1634.34;1644.34;704.67;0.00;320.00;230.00;1240.00;320.00;0.00;854.67;0.00;224.67;0.00;0.00;0.00
1762816992.1337595;0.00;289.34;0.00;0.00;480.00;0.00;0.00;0.00;0.00;0.00;531.01;1736.04;0.00;0.00;0.00;0.00;0.00;194.00;0.00;0.00;0.00;0.00;629.67;1014.67;1578.01;1288.68;2809.03;2293.35;2188.68;1110.00;1679.34;1278.67;1634.34;1644.34;704.67;0.00;320.00;230.00;1240.00;320.00;0.00;854.67;0.00;224.67;0.00;0.00;0.00
1762816992.217557;0.00;434.01;0.00;0.00;480.00;0.00;0.00;0.00;0.00;0.00;531.01;1736.04;0.00;0.00;0.00;0.00;0.00;194.00;0.00;0.00;0.00;0.00;629.67;1014.67;1578.01;1288.68;2809.03;2293.35;2188.68;1110.00;1824.01;1278.67;1634.34;1644.34;704.67;0.00;320.00;230.00;1240.00;320.00;0.00;854.67;0.00;224.67;0.00;0.00;0.00
1762816992.218525;0.00;434.01;0.00;0.00;480.00;0.00;0.00;0.00;0.00;0.00;531.01;1736.04;0.00;0.00;0.00;0.00;0.00;194.00;0.00;0.00;0.00;0.00;629.67;1014.67;1578.01;1288.68;2809.03;2293.35;2188.68;1110.00;1824.01;1278.67;1634.34;1644.34;704.67;0.00;320.00;230.00;1240.00;320.00;0.00;854.67;0.00;224.67;0.00;0.00;0.00
1762816992.3080466;0.00;578.68;0.00;0.00;480.00;0.00;0.00;0.00;0.00;0.00;531.01;1736.04;0.00;0.00;0.00;0.00;0.00;194.00;0.00;0.00;0.00;0.00;629.67;1014.67;1578.01;1288.68;2809.03;2293.35;2188.68;1110.00;2038.68;1278.67;1634.34;1644.34;704.67;0.00;320.00;230.00;1240.00;320.00;0.00;854.67;0.00;224.67;0.00;0.00;0.00
1762816992.309023;0.00;578.68;0.00;0.00;480.00;0.00;0.00;0.00;0.00;0.00;531.01;1736.04;0.00;0.00;0.00;0.00;0.00;194.00;0.00;0.00;0.00;0.00;629.67;1014.67;1578.01;1288.68;2809.03;2293.35;2188.68;1110.00;2038.68;1278.67;1634.34;1644.34;704.67;0.00;320.00;230.00;1240.00;320.00;0.00;854.67;0.00;224.67;0.00;0.00;0.00
1762816997.2857146;0.00;578.68;0.00;0.00;480.00;0.00;0.00;0.00;0.00;0.00;386.34;1736.04;0.00;0.00;0.00;0.00;0.00;338.67;0.00;0.00;0.00;0.00;629.67;1014.67;1578.01;1433.35;2809.03;2143.35;2048.68;1110.00;2038.68;1278.67;1634.34;1644.34;704.67;0.00;320.00;230.00;1240.00;320.00;0.00;854.67;0.00;224.67;0.00;0.00;0.00
1762816997.2866554;0.00;578.68;0.00;0.00;480.00;0.00;0.00;0.00;0.00;0.00;386.34;1736.04;0.00;0.00;0.00;0.00;0.00;338.67;0.00;0.00;0.00;0.00;629.67;1014.67;1578.01;1433.35;2809.03;2143.35;2048.68;1110.00;2038.68;1278.67;1634.34;1644.34;704.67;0.00;320.00;230.00;1240.00;320.00;0.00;854.67;0.00;224.67;0.00;0.00;0.00
1762816999.9120975;0.00;578.68;0.00;0.00;480.00;0.00;0.00;0.00;0.00;0.00;386.34;1736.04;0.00;0.00;144.67;0.00;0.00;338.67;0.00;0.00;0.00;0.00;629.67;1014.67;1578.01;1433.35;2809.03;2143.35;2193.35;1110.00;2038.68;1278.67;1634.34;1644.34;704.67;0.00;320.00;230.00;1240.00;320.00;0.00;854.67;0.00;224.67;0.00;0.00;0.00
1762816999.9126332;0.00;578.68;0.00;0.00;480.00;0.00;0.00;0.00;0.00;0.00;386.34;1736.04;0.00;0.00;144.67;0.00;0.00;338.67;0.00;0.00;0.00;0.00;629.67;1014.67;1578.01;1433.35;2809.03;2143.35;2193.35;1110.00;2038.68;1278.67;1634.34;1644.34;704.67;0.00;320.00;230.00;1240.00;320.00;0.00;854.67;0.00;224.67;0.00;0.00;0.00
1762816999.974137;0.00;578.68;0.00;0.00;480.00;0.00;0.00;0.00;0.00;0.00;386.34;1736.04;0.00;0.00;289.34;0.00;0.00;338.67;0.00;0.00;0.00;0.00;629.67;1014.67;1578.01;1433.35;2809.03;2143.35;2338.02;1420.00;2038.68;1278.67;1634.34;1644.34;704.67;0.00;320.00;230.00;1550.00;320.00;0.00;854.67;0.00;224.67;0.00;0.00;0.00
1762816999.974683;0.00;578.68;0.00;0.00;480.00;0.00;0.00;0.00;0.00;0.00;386.34;1736.04;0.00;0.00;289.34;0.00;0.00;338.67;0.00;0.00;0.00;0.00;629.67;1014.67;1578.01;1433.35;2809.03;2143.35;2338.02;1420.00;2038.68;1278.67;1634.34;1644.34;704.67;0.00;320.00;230.00;1550.00;320.00;0.00;854.67;0.00;224.67;0.00;0.00;0.00
1762817000.0371118;0.00;578.68;0.00;0.00;480.00;0.00;0.00;0.00;0.00;0.00;386.34;1736.04;0.00;0.00;434.01;0.00;0.00;338.67;0.00;0.00;0.00;0.00;629.67;1014.67;1578.01;1433.35;2809.03;2143.35;2792.69;1420.00;2038.68;1278.67;1634.34;1644.34;704.67;0.00;320.00;230.00;1550.00;320.00;0.00;854.67;0.00;224.67;0.00;0.00;0.00
1762817000.0376685;0.00;578.68;0.00;0.00;480.00;0.00;0.00;0.00;0.00;0.00;386.34;1736.04;0.00;0.00;434.01;0.00;0.00;338.67;0.00;0.00;0.00;0.00;629.67;1014.67;1578.01;1433.35;2809.03;2143.35;2792.69;1420.00;2038.68;1278.67;1634.34;1644.34;704.67;0.00;320.00;230.00;1550.00;320.00;0.00;854.67;0.00;224.67;0.00;0.00;0.00
1762817000.1029136;0.00;578.68;0.00;0.00;480.00;0.00;0.00;0.00;0.00;0.00;386.34;1736.04;0.00;0.00;578.68;0.00;0.00;338.67;0.00;0.00;0.00;0.00;629.67;1014.67;1578.01;1433.35;2809.03;2143.35;2937.36;1730.00;2198.68;1428.67;1634.34;1644.34;704.67;320.00;320.00;540.00;1550.00;320.00;0.00;854.67;0.00;224.67;0.00;0.00;0.00
1762817000.1034696;0.00;578.68;0.00;0.00;480.00;0.00;0.00;0.00;0.00;0.00;386.34;1736.04;0.00;0.00;578.68;0.00;0.00;338.67;0.00;0.00;0.00;0.00;629.67;1014.67;1578.01;1433.35;2809.03;2143.35;2937.36;1730.00;2198.68;1428.67;1634.34;1644.34;704.67;320.00;320.00;540.00;1550.00;320.00;0.00;854.67;0.00;224.67;0.00;0.00;0.00
1762817000.2406394;0.00;578.68;0.00;0.00;480.00;0.00;0.00;0.00;0.00;0.00;386.34;1736.04;0.00;0.00;818.68;0.00;0.00;338.67;0.00;0.00;0.00;0.00;629.67;1014.67;1578.01;1433.35;2809.03;2143.35;3177.36;1880.00;2198.68;1428.67;1634.34;1644.34;704.67;860.00;320.00;540.00;1550.00;320.00;0.00;854.67;0.00;224.67;0.00;0.00;0.00
1762817000.241197;0.00;578.68;0.00;0.00;480.00;0.00;0.00;0.00;0.00;0.00;386.34;1736.04;0.00;0.00;818.68;0.00;0.00;338.67;0.00;0.00;0.00;0.00;629.67;1014.67;1578.01;1433.35;2809.03;2143.35;3177.36;1880.00;2198.68;1428.67;1634.34;1644.34;704.67;860.00;320.00;540.00;1550.00;320.00;0.00;854.67;0.00;224.67;0.00;0.00;0.00
1762817000.328423;0.00;578.68;0.00;0.00;480.00;0.00;0.00;0.00;0.00;0.00;386.34;1736.04;0.00;0.00;1058.68;0.00;0.00;338.67;0.00;0.00;0.00;0.00;629.67;1014.67;1578.01;1433.35;2809.03;2143.35;3407.36;1880.00;2198.68;1428.67;1634.34;1644.34;704.67;1090.00;320.00;540.00;1550.00;320.00;0.00;854.67;0.00;224.67;0.00;0.00;0.00
1762817000.329334;0.00;578.68;0.00;0.00;480.00;0.00;0.00;0.00;0.00;0.00;386.34;1736.04;0.00;0.00;1058.68;0.00;0.00;338.67;0.00;0.00;0.00;0.00;629.67;1014.67;1578.01;1433.35;2809.03;2143.35;3407.36;1880.00;2198.68;1428.67;1634.34;1644.34;704.67;1090.00;320.00;540.00;1550.00;320.00;0.00;854.67;0.00;224.67;0.00;0.00;0.00
1762817002.1189356;0.00;578.68;0.00;0.00;480.00;0.00;0.00;0.00;0.00;0.00;289.34;1736.04;0.00;0.00;1058.68;0.00;0.00;578.67;0.00;0.00;0.00;0.00;629.67;1094.67;1753.34;1368.68;2776.70;2063.35;3327.36;1800.00;2198.68;1428.67;1714.34;1724.34;784.67;1090.00;320.00;540.00;1550.00;320.00;0.00;854.67;0.00;224.67;0.00;0.00;0.00
1762817002.1194947;0.00;578.68;0.00;0.00;480.00;0.00;0.00;0.00;0.00;0.00;289.34;1736.04;0.00;0.00;1058.68;0.00;0.00;578.67;0.00;0.00;0.00;0.00;629.67;1094.67;1753.34;1368.68;2776.70;2063.35;3327.36;1800.00;2198.68;1428.67;1714.34;1724.34;784.67;1090.00;320.00;540.00;1550.00;320.00;0.00;854.67;0.00;224.67;0.00;0.00;0.00
1762817007.1590648;0.00;578.68;0.00;0.00;0.00;0.00;0.00;0.00;0.00;0.00;144.67;1736.04;0.00;0.00;1058.68;0.00;0.00;723.34;0.00;0.00;0.00;0.00;629.67;934.67;1668.01;1298.68;2546.70;1743.35;3007.36;1480.00;1878.68;1108.67;1254.34;1254.34;624.67;1090.00;0.00;540.00;1550.00;0.00;0.00;1174.67;0.00;224.67;0.00;0.00;0.00
1762817007.1599894;0.00;578.68;0.00;0.00;0.00;0.00;0.00;0.00;0.00;0.00;144.67;1736.04;0.00;0.00;1058.68;0.00;0.00;723.34;0.00;0.00;0.00;0.00;629.67;934.67;1668.01;1298.68;2546.70;1743.35;3007.36;1480.00;1878.68;1108.67;1254.34;1254.34;624.67;1090.00;0.00;540.00;1550.00;0.00;0.00;1174.67;0.00;224.67;0.00;0.00;0.00
1762817019.1389322;0.00;0.00;0.00;0.00;0.00;0.00;0.00;0.00;0.00;144.67;144.67;1736.04;0.00;0.00;1058.68;0.00;0.00;723.34;0.00;0.00;0.00;0.00;629.67;934.67;1668.01;1298.68;2546.70;1743.35;3007.36;1480.00;1090.00;1108.67;1254.34;1254.34;624.67;1090.00;0.00;540.00;1550.00;0.00;0.00;1174.67;0.00;224.67;0.00;0.00;0.00
1762817019.1398451;0.00;0.00;0.00;0.00;0.00;0.00;0.00;0.00;0.00;144.67;144.67;1736.04;0.00;0.00;1058.68;0.00;0.00;723.34;0.00;0.00;0.00;0.00;629.67;934.67;1668.01;1298.68;2546.70;1743.35;3007.36;1480.00;1090.00;1108.67;1254.34;1254.34;624.67;1090.00;0.00;540.00;1550.00;0.00;0.00;1174.67;0.00;224.67;0.00;0.00;0.00
1762817019.2248666;0.00;0.00;0.00;0.00;0.00;0.00;0.00;0.00;0.00;289.34;144.67;1736.04;0.00;0.00;1058.68;0.00;0.00;723.34;0.00;0.00;0.00;0.00;629.67;934.67;1668.01;1298.68;2546.70;1743.35;3007.36;1480.00;1090.00;1108.67;1254.34;1254.34;624.67;1090.00;0.00;540.00;1550.00;0.00;0.00;1174.67;0.00;224.67;0.00;0.00;0.00
1762817019.225799;0.00;0.00;0.00;0.00;0.00;0.00;0.00;0.00;0.00;289.34;144.67;1736.04;0.00;0.00;1058.68;0.00;0.00;723.34;0.00;0.00;0.00;0.00;629.67;934.67;1668.01;1298.68;2546.70;1743.35;3007.36;1480.00;1090.00;1108.67;1254.34;1254.34;624.67;1090.00;0.00;540.00;1550.00;0.00;0.00;1174.67;0.00;224.67;0.00;0.00;0.00
1762817019.3131232;0.00;0.00;0.00;0.00;0.00;0.00;0.00;0.00;0.00;434.01;144.67;1736.04;0.00;0.00;1058.68;0.00;0.00;723.34;0.00;0.00;0.00;0.00;629.67;934.67;1668.01;1298.68;2546.70;1743.35;3007.36;1480.00;1090.00;1108.67;1254.34;1254.34;624.67;1090.00;0.00;540.00;1550.00;0.00;0.00;1174.67;0.00;224.67;0.00;0.00;0.00
1762817019.3140526;0.00;0.00;0.00;0.00;0.00;0.00;0.00;0.00;0.00;434.01;144.67;1736.04;0.00;0.00;1058.68;0.00;0.00;723.34;0.00;0.00;0.00;0.00;629.67;934.67;1668.01;1298.68;2546.70;1743.35;3007.36;1480.00;1090.00;1108.67;1254.34;1254.34;624.67;1090.00;0.00;540.00;1550.00;0.00;0.00;1174.67;0.00;224.67;0.00;0.00;0.00
1762817019.4121277;0.00;0.00;0.00;0.00;0.00;0.00;0.00;0.00;0.00;578.68;144.67;1736.04;0.00;0.00;1058.68;0.00;0.00;723.34;0.00;0.00;0.00;0.00;629.67;934.67;1668.01;1298.68;2546.70;1743.35;3007.36;1480.00;1090.00;1108.67;1254.34;1254.34;624.67;1090.00;0.00;540.00;1550.00;0.00;0.00;1174.67;0.00;224.67;0.00;0.00;0.00
1762817019.4131143;0.00;0.00;0.00;0.00;0.00;0.00;0.00;0.00;0.00;578.68;144.67;1736.04;0.00;0.00;1058.68;0.00;0.00;723.34;0.00;0.00;0.00;0.00;629.67;934.67;1668.01;1298.68;2546.70;1743.35;3007.36;1480.00;1090.00;1108.67;1254.34;1254.34;624.67;1090.00;0.00;540.00;1550.00;0.00;0.00;1174.67;0.00;224.67;0.00;0.00;0.00
1762817019.5037568;0.00;0.00;0.00;0.00;0.00;0.00;0.00;0.00;0.00;818.68;144.67;1736.04;0.00;0.00;1058.68;0.00;0.00;723.34;0.00;0.00;0.00;0.00;629.67;934.67;1668.01;1298.68;2546.70;1743.35;3007.36;1480.00;1400.00;1108.67;1254.34;1254.34;624.67;1090.00;0.00;540.00;1550.00;0.00;0.00;1174.67;0.00;224.67;0.00;0.00;0.00
1762817019.504705;0.00;0.00;0.00;0.00;0.00;0.00;0.00;0.00;0.00;818.68;144.67;1736.04;0.00;0.00;1058.68;0.00;0.00;723.34;0.00;0.00;0.00;0.00;629.67;934.67;1668.01;1298.68;2546.70;1743.35;3007.36;1480.00;1400.00;1108.67;1254.34;1254.34;624.67;1090.00;0.00;540.00;1550.00;0.00;0.00;1174.67;0.00;224.67;0.00;0.00;0.00
1762817019.7463078;0.00;0.00;0.00;0.00;0.00;0.00;0.00;0.00;0.00;1058.68;144.67;1736.04;0.00;0.00;1058.68;0.00;0.00;723.34;0.00;0.00;0.00;0.00;629.67;934.67;1668.01;1298.68;2546.70;1743.35;3007.36;1480.00;1710.00;1108.67;1254.34;1254.34;624.67;1090.00;0.00;540.00;1550.00;0.00;0.00;1174.67;0.00;224.67;0.00;0.00;0.00
1762817019.747216;0.00;0.00;0.00;0.00;0.00;0.00;0.00;0.00;0.00;1058.68;144.67;1736.04;0.00;0.00;1058.68;0.00;0.00;723.34;0.00;0.00;0.00;0.00;629.67;934.67;1668.01;1298.68;2546.70;1743.35;3007.36;1480.00;1710.00;1108.67;1254.34;1254.34;624.67;1090.00;0.00;540.00;1550.00;0.00;0.00;1174.67;0.00;224.67;0.00;0.00;0.00
1762817022.1844459;0.00;0.00;0.00;0.00;0.00;0.00;0.00;0.00;0.00;1058.68;0.00;1736.04;0.00;0.00;1058.68;0.00;0.00;963.34;0.00;0.00;0.00;0.00;629.67;1014.67;1843.34;1234.01;2466.70;1663.35;2857.36;1480.00;1710.00;1108.67;1334.34;1334.34;704.67;1090.00;0.00;540.00;1550.00;0.00;0.00;950.00;0.00;224.67;0.00;0.00;0.00
1762817022.1853967;0.00;0.00;0.00;0.00;0.00;0.00;0.00;0.00;0.00;1058.68;0.00;1736.04;0.00;0.00;1058.68;0.00;0.00;963.34;0.00;0.00;0.00;0.00;629.67;1014.67;1843.34;1234.01;2466.70;1663.35;2857.36;1480.00;1710.00;1108.67;1334.34;1334.34;704.67;1090.00;0.00;540.00;1550.00;0.00;0.00;950.00;0.00;224.67;0.00;0.00;0.00
1762817042.180482;0.00;0.00;0.00;0.00;0.00;0.00;0.00;0.00;0.00;1058.68;0.00;1736.04;0.00;0.00;1058.68;0.00;144.67;626.34;0.00;0.00;0.00;0.00;629.67;694.67;1346.34;1074.01;2306.70;1663.35;3002.03;1480.00;1560.00;1028.67;1014.34;1014.34;384.67;1090.00;0.00;310.00;1550.00;0.00;0.00;950.00;0.00;224.67;0.00;0.00;0.00
1762817042.1810238;0.00;0.00;0.00;0.00;0.00;0.00;0.00;0.00;0.00;1058.68;0.00;1736.04;0.00;0.00;1058.68;0.00;144.67;626.34;0.00;0.00;0.00;0.00;629.67;694.67;1346.34;1074.01;2306.70;1663.35;3002.03;1480.00;1560.00;1028.67;1014.34;1014.34;384.67;1090.00;0.00;310.00;1550.00;0.00;0.00;950.00;0.00;224.67;0.00;0.00;0.00
1762817042.9438272;0.00;0.00;0.00;0.00;0.00;0.00;0.00;0.00;0.00;1203.35;0.00;1736.04;0.00;0.00;1058.68;0.00;0.00;0.00;0.00;0.00;0.00;0.00;629.67;310.00;784.67;689.34;1996.70;1408.02;2602.03;1394.67;1560.00;718.67;629.67;629.67;0.00;1090.00;0.00;310.00;1550.00;224.67;0.00;630.00;0.00;224.67;0.00;0.00;0.00
1762817042.9447677;0.00;0.00;0.00;0.00;0.00;0.00;0.00;0.00;0.00;1203.35;0.00;1736.04;0.00;0.00;1058.68;0.00;0.00;0.00;0.00;0.00;0.00;0.00;629.67;310.00;784.67;689.34;1996.70;1408.02;2602.03;1394.67;1560.00;718.67;629.67;629.67;0.00;1090.00;0.00;310.00;1550.00;224.67;0.00;630.00;0.00;224.67;0.00;0.00;0.00
1762817043.1835327;0.00;0.00;0.00;0.00;0.00;0.00;0.00;0.00;0.00;1348.02;0.00;1736.04;0.00;0.00;1058.68;0.00;0.00;0.00;0.00;0.00;0.00;0.00;629.67;310.00;784.67;689.34;1996.70;1408.02;2602.03;1474.67;1624.67;878.67;629.67;629.67;0.00;1090.00;0.00;310.00;1550.00;224.67;0.00;630.00;0.00;224.67;0.00;0.00;0.00
1762817043.1845014;0.00;0.00;0.00;0.00;0.00;0.00;0.00;0.00;0.00;1348.02;0.00;1736.04;0.00;0.00;1058.68;0.00;0.00;0.00;0.00;0.00;0.00;0.00;629.67;310.00;784.67;689.34;1996.70;1408.02;2602.03;1474.67;1624.67;878.67;629.67;629.67;0.00;1090.00;0.00;310.00;1550.00;224.67;0.00;630.00;0.00;224.67;0.00;0.00;0.00
1762817043.270558;0.00;0.00;0.00;0.00;0.00;0.00;0.00;0.00;0.00;1492.69;0.00;1736.04;0.00;0.00;1058.68;0.00;0.00;0.00;0.00;0.00;0.00;0.00;629.67;310.00;784.67;689.34;1996.70;1408.02;2602.03;1474.67;1769.34;1188.67;629.67;629.67;0.00;1090.00;0.00;310.00;1550.00;224.67;0.00;630.00;0.00;224.67;0.00;0.00;0.00
1762817043.2714608;0.00;0.00;0.00;0.00;0.00;0.00;0.00;0.00;0.00;1492.69;0.00;1736.04;0.00;0.00;1058.68;0.00;0.00;0.00;0.00;0.00;0.00;0.00;629.67;310.00;784.67;689.34;1996.70;1408.02;2602.03;1474.67;1769.34;1188.67;629.67;629.67;0.00;1090.00;0.00;310.00;1550.00;224.67;0.00;630.00;0.00;224.67;0.00;0.00;0.00
1762817043.3576944;0.00;0.00;0.00;0.00;0.00;0.00;0.00;0.00;0.00;1637.36;0.00;1736.04;0.00;0.00;1058.68;0.00;0.00;0.00;0.00;0.00;0.00;0.00;629.67;310.00;784.67;689.34;1996.70;1408.02;2602.03;1474.67;1914.01;1808.67;629.67;629.67;0.00;1090.00;0.00;310.00;1550.00;224.67;0.00;630.00;0.00;224.67;0.00;0.00;0.00
1762817043.3585877;0.00;0.00;0.00;0.00;0.00;0.00;0.00;0.00;0.00;1637.36;0.00;1736.04;0.00;0.00;1058.68;0.00;0.00;0.00;0.00;0.00;0.00;0.00;629.67;310.00;784.67;689.34;1996.70;1408.02;2602.03;1474.67;1914.01;1808.67;629.67;629.67;0.00;1090.00;0.00;310.00;1550.00;224.67;0.00;630.00;0.00;224.67;0.00;0.00;0.00
1762817043.445394;0.00;0.00;0.00;0.00;0.00;0.00;0.00;0.00;0.00;1782.03;0.00;1736.04;0.00;0.00;1058.68;0.00;0.00;0.00;0.00;0.00;0.00;0.00;629.67;310.00;784.67;689.34;1996.70;1408.02;2602.03;1474.67;2058.68;2118.67;629.67;629.67;0.00;1090.00;310.00;310.00;1550.00;224.67;0.00;630.00;0.00;224.67;0.00;0.00;0.00
1762817043.446313;0.00;0.00;0.00;0.00;0.00;0.00;0.00;0.00;0.00;1782.03;0.00;1736.04;0.00;0.00;1058.68;0.00;0.00;0.00;0.00;0.00;0.00;0.00;629.67;310.00;784.67;689.34;1996.70;1408.02;2602.03;1474.67;2058.68;2118.67;629.67;629.67;0.00;1090.00;310.00;310.00;1550.00;224.67;0.00;630.00;0.00;224.67;0.00;0.00;0.00
1762817043.5297637;0.00;0.00;0.00;0.00;0.00;0.00;0.00;0.00;0.00;1926.70;0.00;1736.04;0.00;0.00;1058.68;0.00;0.00;0.00;0.00;0.00;0.00;0.00;629.67;620.00;1094.67;689.34;1996.70;1408.02;2602.03;1929.34;2368.68;2578.67;939.67;939.67;310.00;1090.00;310.00;310.00;1550.00;224.67;0.00;630.00;0.00;224.67;0.00;0.00;0.00
1762817043.5307016;0.00;0.00;0.00;0.00;0.00;0.00;0.00;0.00;0.00;1926.70;0.00;1736.04;0.00;0.00;1058.68;0.00;0.00;0.00;0.00;0.00;0.00;0.00;629.67;620.00;1094.67;689.34;1996.70;1408.02;2602.03;1929.34;2368.68;2578.67;939.67;939.67;310.00;1090.00;310.00;310.00;1550.00;224.67;0.00;630.00;0.00;224.67;0.00;0.00;0.00
1762817047.3733838;0.00;0.00;0.00;0.00;0.00;0.00;0.00;0.00;0.00;1926.70;0.00;1736.04;0.00;0.00;914.01;0.00;240.00;0.00;0.00;0.00;0.00;0.00;629.67;620.00;1094.67;689.34;1996.70;1408.02;2767.36;1619.34;2208.68;2428.67;939.67;939.67;310.00;770.00;310.00;0.00;1550.00;224.67;0.00;630.00;0.00;224.67;0.00;0.00;0.00
1762817047.3743486;0.00;0.00;0.00;0.00;0.00;0.00;0.00;0.00;0.00;1926.70;0.00;1736.04;0.00;0.00;914.01;0.00;240.00;0.00;0.00;0.00;0.00;0.00;629.67;620.00;1094.67;689.34;1996.70;1408.02;2767.36;1619.34;2208.68;2428.67;939.67;939.67;310.00;770.00;310.00;0.00;1550.00;224.67;0.00;630.00;0.00;224.67;0.00;0.00;0.00
1762817064.941822;0.00;0.00;0.00;0.00;0.00;0.00;0.00;0.00;0.00;1926.70;0.00;1736.04;0.00;0.00;914.01;0.00;480.00;0.00;0.00;0.00;0.00;0.00;629.67;620.00;1244.67;839.34;2456.70;1648.02;3087.36;1619.34;2208.68;2428.67;939.67;939.67;310.00;1090.00;310.00;0.00;1550.00;224.67;0.00;630.00;0.00;224.67;0.00;0.00;0.00
1762817064.9423697;0.00;0.00;0.00;0.00;0.00;0.00;0.00;0.00;0.00;1926.70;0.00;1736.04;0.00;0.00;914.01;0.00;480.00;0.00;0.00;0.00;0.00;0.00;629.67;620.00;1244.67;839.34;2456.70;1648.02;3087.36;1619.34;2208.68;2428.67;939.67;939.67;310.00;1090.00;310.00;0.00;1550.00;224.67;0.00;630.00;0.00;224.67;0.00;0.00;0.00
1762817064.993124;0.00;0.00;0.00;0.00;0.00;0.00;0.00;0.00;0.00;1926.70;0.00;1736.04;0.00;0.00;914.01;0.00;720.00;0.00;0.00;0.00;0.00;0.00;629.67;620.00;1404.67;999.34;2616.70;1888.02;3087.36;1619.34;2208.68;2428.67;939.67;939.67;310.00;1090.00;310.00;0.00;1550.00;544.67;0.00;630.00;0.00;224.67;0.00;0.00;0.00
1762817064.9936628;0.00;0.00;0.00;0.00;0.00;0.00;0.00;0.00;0.00;1926.70;0.00;1736.04;0.00;0.00;914.01;0.00;720.00;0.00;0.00;0.00;0.00;0.00;629.67;620.00;1404.67;999.34;2616.70;1888.02;3087.36;1619.34;2208.68;2428.67;939.67;939.67;310.00;1090.00;310.00;0.00;1550.00;544.67;0.00;630.00;0.00;224.67;0.00;0.00;0.00
1762817065.0460598;0.00;0.00;0.00;0.00;0.00;0.00;0.00;0.00;0.00;1926.70;0.00;1736.04;0.00;0.00;914.01;0.00;960.00;0.00;0.00;0.00;0.00;0.00;629.67;620.00;1404.67;999.34;2616.70;1968.02;3247.36;1619.34;2208.68;2428.67;939.67;939.67;310.00;1400.00;310.00;0.00;1550.00;544.67;0.00;630.00;0.00;224.67;0.00;0.00;0.00
1762817065.0466073;0.00;0.00;0.00;0.00;0.00;0.00;0.00;0.00;0.00;1926.70;0.00;1736.04;0.00;0.00;914.01;0.00;960.00;0.00;0.00;0.00;0.00;0.00;629.67;620.00;1404.67;999.34;2616.70;1968.02;3247.36;1619.34;2208.68;2428.67;939.67;939.67;310.00;1400.00;310.00;0.00;1550.00;544.67;0.00;630.00;0.00;224.67;0.00;0.00;0.00
1762817065.1792328;0.00;0.00;0.00;0.00;0.00;0.00;0.00;0.00;0.00;1926.70;0.00;1736.04;0.00;0.00;914.01;0.00;1200.00;0.00;0.00;0.00;0.00;0.00;629.67;620.00;1404.67;999.34;2926.70;2208.02;3567.36;1619.34;2208.68;2428.67;939.67;939.67;310.00;1720.00;310.00;0.00;1550.00;854.67;0.00;630.00;0.00;224.67;0.00;0.00;0.00
1762817065.1798248;0.00;0.00;0.00;0.00;0.00;0.00;0.00;0.00;0.00;1926.70;0.00;1736.04;0.00;0.00;914.01;0.00;1200.00;0.00;0.00;0.00;0.00;0.00;629.67;620.00;1404.67;999.34;2926.70;2208.02;3567.36;1619.34;2208.68;2428.67;939.67;939.67;310.00;1720.00;310.00;0.00;1550.00;854.67;0.00;630.00;0.00;224.67;0.00;0.00;0.00
1762817065.2350304;0.00;0.00;0.00;0.00;0.00;0.00;0.00;0.00;0.00;1926.70;0.00;1736.04;0.00;0.00;914.01;0.00;1440.00;0.00;0.00;0.00;0.00;0.00;629.67;780.00;1564.67;1159.34;3086.70;2448.02;3567.36;1619.34;2208.68;2428.67;1089.67;1089.67;470.00;1720.00;310.00;0.00;1550.00;854.67;0.00;630.00;320.00;224.67;0.00;310.00;0.00
1762817065.235585;0.00;0.00;0.00;0.00;0.00;0.00;0.00;0.00;0.00;1926.70;0.00;1736.04;0.00;0.00;914.01;0.00;1440.00;0.00;0.00;0.00;0.00;0.00;629.67;780.00;1564.67;1159.34;3086.70;2448.02;3567.36;1619.34;2208.68;2428.67;1089.67;1089.67;470.00;1720.00;310.00;0.00;1550.00;854.67;0.00;630.00;320.00;224.67;0.00;310.00;0.00
1762817065.2887049;0.00;0.00;0.00;0.00;0.00;0.00;0.00;0.00;0.00;1926.70;0.00;1736.04;0.00;0.00;914.01;0.00;1680.00;0.00;0.00;0.00;0.00;0.00;629.67;780.00;1724.67;1319.34;3246.70;2838.02;3567.36;1619.34;2208.68;2428.67;1089.67;1089.67;470.00;1720.00;310.00;0.00;1550.00;1174.67;0.00;630.00;320.00;224.67;0.00;310.00;0.00
1762817065.289263;0.00;0.00;0.00;0.00;0.00;0.00;0.00;0.00;0.00;1926.70;0.00;1736.04;0.00;0.00;914.01;0.00;1680.00;0.00;0.00;0.00;0.00;0.00;629.67;780.00;1724.67;1319.34;3246.70;2838.02;3567.36;1619.34;2208.68;2428.67;1089.67;1089.67;470.00;1720.00;310.00;0.00;1550.00;1174.67;0.00;630.00;320.00;224.67;0.00;310.00;0.00
1762817067.2595634;0.00;0.00;0.00;0.00;0.00;0.00;0.00;144.67;0.00;1637.36;0.00;723.35;0.00;0.00;529.34;0.00;1680.00;0.00;0.00;0.00;0.00;0.00;629.67;470.00;1084.67;774.67;2138.68;2008.68;2728.02;1069.34;2128.68;2348.67;1089.67;1089.67;470.00;1180.00;310.00;0.00;1470.00;1174.67;0.00;310.00;320.00;0.00;0.00;310.00;0.00
1762817067.2601466;0.00;0.00;0.00;0.00;0.00;0.00;0.00;144.67;0.00;1637.36;0.00;723.35;0.00;0.00;529.34;0.00;1680.00;0.00;0.00;0.00;0.00;0.00;629.67;470.00;1084.67;774.67;2138.68;2008.68;2728.02;1069.34;2128.68;2348.67;1089.67;1089.67;470.00;1180.00;310.00;0.00;1470.00;1174.67;0.00;310.00;320.00;0.00;0.00;310.00;0.00
1762817067.31045;0.00;0.00;0.00;0.00;0.00;0.00;0.00;289.34;0.00;1637.36;0.00;723.35;0.00;0.00;529.34;0.00;1680.00;0.00;0.00;0.00;0.00;0.00;629.67;470.00;1084.67;774.67;2138.68;2008.68;2728.02;1069.34;2128.68;2348.67;1089.67;1089.67;470.00;1180.00;310.00;0.00;1700.00;1174.67;0.00;310.00;320.00;0.00;0.00;310.00;0.00
1762817067.311025;0.00;0.00;0.00;0.00;0.00;0.00;0.00;289.34;0.00;1637.36;0.00;723.35;0.00;0.00;529.34;0.00;1680.00;0.00;0.00;0.00;0.00;0.00;629.67;470.00;1084.67;774.67;2138.68;2008.68;2728.02;1069.34;2128.68;2348.67;1089.67;1089.67;470.00;1180.00;310.00;0.00;1700.00;1174.67;0.00;310.00;320.00;0.00;0.00;310.00;0.00
1762817067.4472094;0.00;144.67;0.00;0.00;0.00;0.00;0.00;289.34;0.00;1637.36;0.00;723.35;0.00;0.00;529.34;0.00;1680.00;0.00;0.00;0.00;0.00;0.00;629.67;470.00;1084.67;774.67;2138.68;2008.68;2728.02;1069.34;2193.35;2428.67;1089.67;1089.67;470.00;1180.00;310.00;0.00;1700.00;1174.67;0.00;310.00;320.00;0.00;0.00;310.00;0.00
1762817067.4478018;0.00;144.67;0.00;0.00;0.00;0.00;0.00;289.34;0.00;1637.36;0.00;723.35;0.00;0.00;529.34;0.00;1680.00;0.00;0.00;0.00;0.00;0.00;629.67;470.00;1084.67;774.67;2138.68;2008.68;2728.02;1069.34;2193.35;2428.67;1089.67;1089.67;470.00;1180.00;310.00;0.00;1700.00;1174.67;0.00;310.00;320.00;0.00;0.00;310.00;0.00
1762817067.499361;0.00;289.34;0.00;0.00;0.00;0.00;0.00;289.34;0.00;1637.36;0.00;723.35;0.00;0.00;529.34;0.00;1680.00;0.00;0.00;0.00;0.00;0.00;629.67;470.00;1084.67;774.67;2138.68;2008.68;2728.02;1229.34;2258.02;2508.67;1089.67;1089.67;470.00;1180.00;310.00;0.00;1700.00;1174.67;0.00;310.00;320.00;0.00;0.00;310.00;0.00
1762817067.499944;0.00;289.34;0.00;0.00;0.00;0.00;0.00;289.34;0.00;1637.36;0.00;723.35;0.00;0.00;529.34;0.00;1680.00;0.00;0.00;0.00;0.00;0.00;629.67;470.00;1084.67;774.67;2138.68;2008.68;2728.02;1229.34;2258.02;2508.67;1089.67;1089.67;470.00;1180.00;310.00;0.00;1700.00;1174.67;0.00;310.00;320.00;0.00;0.00;310.00;0.00
1762817067.549386;0.00;289.34;0.00;0.00;0.00;0.00;0.00;289.34;0.00;1637.36;0.00;723.35;144.67;0.00;529.34;0.00;1680.00;0.00;0.00;0.00;0.00;0.00;629.67;470.00;1084.67;774.67;2138.68;2008.68;2728.02;1229.34;2258.02;2508.67;1089.67;1089.67;470.00;1180.00;310.00;0.00;1700.00;1174.67;0.00;310.00;320.00;0.00;0.00;310.00;0.00
1762817067.549936;0.00;289.34;0.00;0.00;0.00;0.00;0.00;289.34;0.00;1637.36;0.00;723.35;144.67;0.00;529.34;0.00;1680.00;0.00;0.00;0.00;0.00;0.00;629.67;470.00;1084.67;774.67;2138.68;2008.68;2728.02;1229.34;2258.02;2508.67;1089.67;1089.67;470.00;1180.00;310.00;0.00;1700.00;1174.67;0.00;310.00;320.00;0.00;0.00;310.00;0.00
1762817067.5986578;0.00;289.34;0.00;0.00;0.00;0.00;0.00;289.34;0.00;1637.36;0.00;723.35;144.67;0.00;529.34;0.00;1680.00;240.00;0.00;0.00;0.00;0.00;629.67;470.00;1324.67;774.67;2138.68;2008.68;2728.02;1229.34;2258.02;2508.67;1089.67;1089.67;470.00;1180.00;310.00;0.00;1700.00;1174.67;0.00;310.00;320.00;0.00;0.00;310.00;0.00
1762817067.599227;0.00;289.34;0.00;0.00;0.00;0.00;0.00;289.34;0.00;1637.36;0.00;723.35;144.67;0.00;529.34;0.00;1680.00;240.00;0.00;0.00;0.00;0.00;629.67;470.00;1324.67;774.67;2138.68;2008.68;2728.02;1229.34;2258.02;2508.67;1089.67;1089.67;470.00;1180.00;310.00;0.00;1700.00;1174.67;0.00;310.00;320.00;0.00;0.00;310.00;0.00
1762817067.7327704;0.00;289.34;0.00;0.00;0.00;0.00;0.00;289.34;0.00;1637.36;0.00;723.35;144.67;0.00;529.34;0.00;1680.00;480.00;0.00;0.00;0.00;0.00;629.67;470.00;1724.67;934.67;2298.68;2008.68;2728.02;1229.34;2258.02;2508.67;1089.67;1089.67;470.00;1180.00;310.00;0.00;1700.00;1174.67;0.00;310.00;320.00;0.00;0.00;310.00;0.00
1762817067.733395;0.00;289.34;0.00;0.00;0.00;0.00;0.00;289.34;0.00;1637.36;0.00;723.35;144.67;0.00;529.34;0.00;1680.00;480.00;0.00;0.00;0.00;0.00;629.67;470.00;1724.67;934.67;2298.68;2008.68;2728.02;1229.34;2258.02;2508.67;1089.67;1089.67;470.00;1180.00;310.00;0.00;1700.00;1174.67;0.00;310.00;320.00;0.00;0.00;310.00;0.00
1762817067.7836483;0.00;289.34;0.00;0.00;0.00;0.00;0.00;289.34;0.00;1637.36;0.00;723.35;144.67;0.00;529.34;0.00;1680.00;720.00;0.00;0.00;0.00;0.00;629.67;470.00;1804.67;1094.67;2458.68;2168.68;2878.02;1229.34;2258.02;2508.67;1089.67;1089.67;470.00;1180.00;310.00;0.00;1700.00;1174.67;0.00;310.00;320.00;0.00;0.00;310.00;0.00
1762817067.7842233;0.00;289.34;0.00;0.00;0.00;0.00;0.00;289.34;0.00;1637.36;0.00;723.35;144.67;0.00;529.34;0.00;1680.00;720.00;0.00;0.00;0.00;0.00;629.67;470.00;1804.67;1094.67;2458.68;2168.68;2878.02;1229.34;2258.02;2508.67;1089.67;1089.67;470.00;1180.00;310.00;0.00;1700.00;1174.67;0.00;310.00;320.00;0.00;0.00;310.00;0.00
1762817067.8365855;0.00;289.34;0.00;0.00;0.00;0.00;0.00;289.34;0.00;1637.36;0.00;723.35;144.67;0.00;529.34;0.00;1680.00;960.00;0.00;0.00;0.00;0.00;629.67;470.00;1884.67;1254.67;2618.68;2328.68;3028.02;1229.34;2258.02;2508.67;1089.67;1089.67;470.00;1180.00;310.00;0.00;1700.00;1174.67;0.00;310.00;320.00;0.00;0.00;310.00;0.00
1762817067.8371096;0.00;289.34;0.00;0.00;0.00;0.00;0.00;289.34;0.00;1637.36;0.00;723.35;144.67;0.00;529.34;0.00;1680.00;960.00;0.00;0.00;0.00;0.00;629.67;470.00;1884.67;1254.67;2618.68;2328.68;3028.02;1229.34;2258.02;2508.67;1089.67;1089.67;470.00;1180.00;310.00;0.00;1700.00;1174.67;0.00;310.00;320.00;0.00;0.00;310.00;0.00
1762817072.2689192;0.00;289.34;0.00;0.00;0.00;0.00;0.00;386.34;0.00;1252.69;0.00;0.00;0.00;0.00;289.34;0.00;1680.00;0.00;0.00;0.00;0.00;0.00;629.67;470.00;940.00;630.00;1474.67;1494.67;1774.01;1069.34;1948.02;2508.67;1089.67;1089.67;470.00;950.00;310.00;0.00;1930.00;1174.67;0.00;0.00;320.00;0.00;0.00;310.00;0.00
1762817072.2694473;0.00;289.34;0.00;0.00;0.00;0.00;0.00;386.34;0.00;1252.69;0.00;0.00;0.00;0.00;289.34;0.00;1680.00;0.00;0.00;0.00;0.00;0.00;629.67;470.00;940.00;630.00;1474.67;1494.67;1774.01;1069.34;1948.02;2508.67;1089.67;1089.67;470.00;950.00;310.00;0.00;1930.00;1174.67;0.00;0.00;320.00;0.00;0.00;310.00;0.00
1762817072.397916;0.00;289.34;0.00;0.00;0.00;0.00;0.00;483.34;0.00;1252.69;0.00;0.00;0.00;0.00;289.34;0.00;1680.00;0.00;0.00;0.00;0.00;0.00;629.67;470.00;940.00;630.00;1474.67;1494.67;1774.01;1149.34;2268.02;2508.67;1089.67;1089.67;470.00;950.00;310.00;0.00;2240.00;1174.67;0.00;0.00;320.00;0.00;0.00;310.00;0.00
1762817072.3984797;0.00;289.34;0.00;0.00;0.00;0.00;0.00;483.34;0.00;1252.69;0.00;0.00;0.00;0.00;289.34;0.00;1680.00;0.00;0.00;0.00;0.00;0.00;629.67;470.00;940.00;630.00;1474.67;1494.67;1774.01;1149.34;2268.02;2508.67;1089.67;1089.67;470.00;950.00;310.00;0.00;2240.00;1174.67;0.00;0.00;320.00;0.00;0.00;310.00;0.00
1762817072.4483945;0.00;386.34;0.00;0.00;0.00;0.00;0.00;483.34;0.00;1252.69;0.00;0.00;0.00;0.00;289.34;0.00;1680.00;0.00;0.00;0.00;0.00;0.00;629.67;470.00;940.00;630.00;1474.67;1494.67;1774.01;1149.34;2530.35;2573.34;1089.67;1089.67;470.00;950.00;620.00;0.00;2400.00;1174.67;0.00;0.00;320.00;0.00;0.00;310.00;0.00
1762817072.4489548;0.00;386.34;0.00;0.00;0.00;0.00;0.00;483.34;0.00;1252.69;0.00;0.00;0.00;0.00;289.34;0.00;1680.00;0.00;0.00;0.00;0.00;0.00;629.67;470.00;940.00;630.00;1474.67;1494.67;1774.01;1149.34;2530.35;2573.34;1089.67;1089.67;470.00;950.00;620.00;0.00;2400.00;1174.67;0.00;0.00;320.00;0.00;0.00;310.00;0.00
1762817082.2763505;0.00;386.34;0.00;0.00;0.00;0.00;0.00;628.01;0.00;1108.02;0.00;0.00;0.00;0.00;289.34;0.00;1680.00;0.00;0.00;0.00;0.00;0.00;629.67;470.00;940.00;630.00;1474.67;1494.67;1774.01;1229.34;2530.35;2573.34;1089.67;1089.67;470.00;950.00;620.00;0.00;2400.00;1174.67;0.00;0.00;320.00;0.00;0.00;310.00;0.00
1762817082.2768984;0.00;386.34;0.00;0.00;0.00;0.00;0.00;628.01;0.00;1108.02;0.00;0.00;0.00;0.00;289.34;0.00;1680.00;0.00;0.00;0.00;0.00;0.00;629.67;470.00;940.00;630.00;1474.67;1494.67;1774.01;1229.34;2530.35;2573.34;1089.67;1089.67;470.00;950.00;620.00;0.00;2400.00;1174.67;0.00;0.00;320.00;0.00;0.00;310.00;0.00
1762817083.9456148;0.00;386.34;0.00;0.00;144.67;0.00;0.00;628.01;0.00;1108.02;0.00;0.00;0.00;0.00;289.34;0.00;1680.00;0.00;0.00;0.00;0.00;0.00;629.67;470.00;940.00;630.00;1474.67;1494.67;1774.01;1389.34;2690.35;2638.01;1089.67;1089.67;470.00;1270.00;850.00;0.00;2400.00;1174.67;0.00;0.00;320.00;0.00;0.00;310.00;0.00
1762817083.9461863;0.00;386.34;0.00;0.00;144.67;0.00;0.00;628.01;0.00;1108.02;0.00;0.00;0.00;0.00;289.34;0.00;1680.00;0.00;0.00;0.00;0.00;0.00;629.67;470.00;940.00;630.00;1474.67;1494.67;1774.01;1389.34;2690.35;2638.01;1089.67;1089.67;470.00;1270.00;850.00;0.00;2400.00;1174.67;0.00;0.00;320.00;0.00;0.00;310.00;0.00
1762817084.002823;0.00;386.34;0.00;0.00;289.34;0.00;0.00;628.01;0.00;1108.02;0.00;0.00;0.00;0.00;289.34;0.00;1680.00;0.00;0.00;0.00;0.00;0.00;629.67;470.00;940.00;630.00;1474.67;1494.67;1774.01;1389.34;2690.35;2862.68;1409.67;1089.67;470.00;1270.00;1390.00;0.00;2400.00;1174.67;0.00;0.00;320.00;0.00;320.00;310.00;0.00
1762817084.003385;0.00;386.34;0.00;0.00;289.34;0.00;0.00;628.01;0.00;1108.02;0.00;0.00;0.00;0.00;289.34;0.00;1680.00;0.00;0.00;0.00;0.00;0.00;629.67;470.00;940.00;630.00;1474.67;1494.67;1774.01;1389.34;2690.35;2862.68;1409.67;1089.67;470.00;1270.00;1390.00;0.00;2400.00;1174.67;0.00;0.00;320.00;0.00;320.00;310.00;0.00
1762817084.1751728;0.00;386.34;0.00;0.00;434.01;0.00;0.00;628.01;0.00;1108.02;0.00;0.00;0.00;0.00;289.34;0.00;1680.00;0.00;0.00;0.00;0.00;0.00;629.67;470.00;940.00;630.00;1474.67;1494.67;1774.01;1389.34;2690.35;2862.68;1719.67;1089.67;470.00;1270.00;1844.67;0.00;2400.00;1174.67;0.00;0.00;320.00;0.00;320.00;310.00;0.00
1762817084.1757379;0.00;386.34;0.00;0.00;434.01;0.00;0.00;628.01;0.00;1108.02;0.00;0.00;0.00;0.00;289.34;0.00;1680.00;0.00;0.00;0.00;0.00;0.00;629.67;470.00;940.00;630.00;1474.67;1494.67;1774.01;1389.34;2690.35;2862.68;1719.67;1089.67;470.00;1270.00;1844.67;0.00;2400.00;1174.67;0.00;0.00;320.00;0.00;320.00;310.00;0.00
1762817084.2279217;0.00;386.34;0.00;0.00;578.68;0.00;0.00;628.01;0.00;1108.02;0.00;0.00;0.00;0.00;289.34;0.00;1680.00;0.00;0.00;0.00;0.00;0.00;629.67;710.00;1100.00;790.00;1634.67;1494.67;1774.01;1389.34;2690.35;2862.68;1959.67;1329.67;710.00;1270.00;2069.34;0.00;2400.00;1174.67;0.00;0.00;320.00;0.00;320.00;310.00;0.00
1762817084.2284439;0.00;386.34;0.00;0.00;578.68;0.00;0.00;628.01;0.00;1108.02;0.00;0.00;0.00;0.00;289.34;0.00;1680.00;0.00;0.00;0.00;0.00;0.00;629.67;710.00;1100.00;790.00;1634.67;1494.67;1774.01;1389.34;2690.35;2862.68;1959.67;1329.67;710.00;1270.00;2069.34;0.00;2400.00;1174.67;0.00;0.00;320.00;0.00;320.00;310.00;0.00
1762817084.2837365;0.00;386.34;0.00;0.00;723.35;0.00;0.00;628.01;0.00;1108.02;0.00;0.00;0.00;0.00;289.34;0.00;1680.00;0.00;0.00;0.00;0.00;0.00;629.67;710.00;1100.00;790.00;1634.67;1494.67;1774.01;1549.34;3000.35;3007.35;1959.67;1329.67;710.00;1270.00;2069.34;454.67;2400.00;1174.67;0.00;0.00;320.00;0.00;320.00;310.00;0.00
1762817084.2843037;0.00;386.34;0.00;0.00;723.35;0.00;0.00;628.01;0.00;1108.02;0.00;0.00;0.00;0.00;289.34;0.00;1680.00;0.00;0.00;0.00;0.00;0.00;629.67;710.00;1100.00;790.00;1634.67;1494.67;1774.01;1549.34;3000.35;3007.35;1959.67;1329.67;710.00;1270.00;2069.34;454.67;2400.00;1174.67;0.00;0.00;320.00;0.00;320.00;310.00;0.00
1762817084.349623;0.00;386.34;0.00;0.00;963.35;0.00;0.00;628.01;0.00;1108.02;0.00;0.00;0.00;0.00;289.34;0.00;1680.00;0.00;0.00;0.00;0.00;0.00;629.67;870.00;1100.00;790.00;1634.67;1494.67;1774.01;1549.34;3150.35;3087.35;2119.67;1489.67;870.00;1270.00;2069.34;684.67;2400.00;1174.67;0.00;0.00;320.00;0.00;320.00;310.00;0.00
1762817084.35029;0.00;386.34;0.00;0.00;963.35;0.00;0.00;628.01;0.00;1108.02;0.00;0.00;0.00;0.00;289.34;0.00;1680.00;0.00;0.00;0.00;0.00;0.00;629.67;870.00;1100.00;790.00;1634.67;1494.67;1774.01;1549.34;3150.35;3087.35;2119.67;1489.67;870.00;1270.00;2069.34;684.67;2400.00;1174.67;0.00;0.00;320.00;0.00;320.00;310.00;0.00
1762817087.364439;0.00;386.34;0.00;0.00;963.35;0.00;0.00;628.01;144.67;578.68;0.00;0.00;0.00;0.00;144.67;0.00;1680.00;0.00;0.00;0.00;0.00;0.00;629.67;870.00;1100.00;790.00;1634.67;1494.67;1319.34;1614.01;2551.01;2157.35;2119.67;1489.67;870.00;1270.00;1759.34;684.67;2400.00;1174.67;0.00;0.00;320.00;0.00;320.00;310.00;0.00
1762817087.3649755;0.00;386.34;0.00;0.00;963.35;0.00;0.00;628.01;144.67;578.68;0.00;0.00;0.00;0.00;144.67;0.00;1680.00;0.00;0.00;0.00;0.00;0.00;629.67;870.00;1100.00;790.00;1634.67;1494.67;1319.34;1614.01;2551.01;2157.35;2119.67;1489.67;870.00;1270.00;1759.34;684.67;2400.00;1174.67;0.00;0.00;320.00;0.00;320.00;310.00;0.00
1762817087.4126196;0.00;386.34;0.00;0.00;963.35;0.00;0.00;772.68;144.67;578.68;0.00;0.00;0.00;0.00;144.67;0.00;1680.00;0.00;0.00;0.00;0.00;0.00;629.67;870.00;1100.00;790.00;1634.67;1494.67;1629.34;1678.68;2631.01;2237.35;2119.67;1489.67;870.00;1270.00;1759.34;684.67;2400.00;1174.67;0.00;0.00;320.00;0.00;320.00;310.00;0.00
1762817087.4131293;0.00;386.34;0.00;0.00;963.35;0.00;0.00;772.68;144.67;578.68;0.00;0.00;0.00;0.00;144.67;0.00;1680.00;0.00;0.00;0.00;0.00;0.00;629.67;870.00;1100.00;790.00;1634.67;1494.67;1629.34;1678.68;2631.01;2237.35;2119.67;1489.67;870.00;1270.00;1759.34;684.67;2400.00;1174.67;0.00;0.00;320.00;0.00;320.00;310.00;0.00
1762817087.460894;0.00;386.34;0.00;0.00;963.35;0.00;0.00;917.35;144.67;578.68;0.00;0.00;0.00;0.00;144.67;0.00;1680.00;0.00;0.00;0.00;0.00;0.00;629.67;870.00;1100.00;790.00;1634.67;1494.67;1629.34;1758.68;2845.68;2237.35;2119.67;1489.67;870.00;1500.00;1759.34;684.67;2400.00;1174.67;0.00;0.00;320.00;0.00;320.00;310.00;0.00
1762817087.4613938;0.00;386.34;0.00;0.00;963.35;0.00;0.00;917.35;144.67;578.68;0.00;0.00;0.00;0.00;144.67;0.00;1680.00;0.00;0.00;0.00;0.00;0.00;629.67;870.00;1100.00;790.00;1634.67;1494.67;1629.34;1758.68;2845.68;2237.35;2119.67;1489.67;870.00;1500.00;1759.34;684.67;2400.00;1174.67;0.00;0.00;320.00;0.00;320.00;310.00;0.00
1762817087.5091858;0.00;386.34;0.00;0.00;963.35;0.00;0.00;917.35;144.67;578.68;0.00;0.00;0.00;240.00;144.67;0.00;1680.00;0.00;0.00;0.00;0.00;0.00;629.67;870.00;1100.00;790.00;1634.67;1494.67;1629.34;1758.68;2845.68;2237.35;2119.67;1489.67;870.00;1500.00;1759.34;684.67;2400.00;1174.67;0.00;0.00;320.00;0.00;320.00;310.00;0.00
1762817087.5096939;0.00;386.34;0.00;0.00;963.35;0.00;0.00;917.35;144.67;578.68;0.00;0.00;0.00;240.00;144.67;0.00;1680.00;0.00;0.00;0.00;0.00;0.00;629.67;870.00;1100.00;790.00;1634.67;1494.67;1629.34;1758.68;2845.68;2237.35;2119.67;1489.67;870.00;1500.00;1759.34;684.67;2400.00;1174.67;0.00;0.00;320.00;0.00;320.00;310.00;0.00
1762817094.0346801;0.00;386.34;0.00;0.00;963.35;0.00;0.00;917.35;384.67;578.68;0.00;0.00;0.00;240.00;144.67;0.00;1680.00;0.00;0.00;0.00;0.00;0.00;629.67;870.00;1100.00;790.00;1634.67;1494.67;1859.34;1838.68;3005.68;2387.35;2119.67;1489.67;870.00;1500.00;1759.34;684.67;2400.00;1174.67;0.00;0.00;320.00;0.00;320.00;310.00;0.00
1762817094.035234;0.00;386.34;0.00;0.00;963.35;0.00;0.00;917.35;384.67;578.68;0.00;0.00;0.00;240.00;144.67;0.00;1680.00;0.00;0.00;0.00;0.00;0.00;629.67;870.00;1100.00;790.00;1634.67;1494.67;1859.34;1838.68;3005.68;2387.35;2119.67;1489.67;870.00;1500.00;1759.34;684.67;2400.00;1174.67;0.00;0.00;320.00;0.00;320.00;310.00;0.00
1762817094.0906074;0.00;386.34;0.00;0.00;963.35;0.00;0.00;917.35;624.67;578.68;0.00;0.00;0.00;240.00;144.67;0.00;1680.00;0.00;0.00;0.00;0.00;0.00;629.67;870.00;1100.00;790.00;1634.67;1654.67;2249.34;2078.68;3005.68;2387.35;2119.67;1489.67;870.00;1500.00;1759.34;684.67;2400.00;1174.67;0.00;0.00;320.00;0.00;320.00;310.00;0.00
1762817094.0911527;0.00;386.34;0.00;0.00;963.35;0.00;0.00;917.35;624.67;578.68;0.00;0.00;0.00;240.00;144.67;0.00;1680.00;0.00;0.00;0.00;0.00;0.00;629.67;870.00;1100.00;790.00;1634.67;1654.67;2249.34;2078.68;3005.68;2387.35;2119.67;1489.67;870.00;1500.00;1759.34;684.67;2400.00;1174.67;0.00;0.00;320.00;0.00;320.00;310.00;0.00
1762817094.154821;0.00;386.34;0.00;0.00;963.35;0.00;0.00;917.35;864.67;578.68;0.00;0.00;0.00;240.00;144.67;0.00;1680.00;0.00;0.00;0.00;0.00;0.00;629.67;870.00;1100.00;790.00;1634.67;1654.67;2479.34;2158.68;3165.68;2857.35;2119.67;1489.67;870.00;1500.00;2079.34;994.67;2400.00;1174.67;0.00;0.00;320.00;0.00;320.00;310.00;0.00
1762817094.1554785;0.00;386.34;0.00;0.00;963.35;0.00;0.00;917.35;864.67;578.68;0.00;0.00;0.00;240.00;144.67;0.00;1680.00;0.00;0.00;0.00;0.00;0.00;629.67;870.00;1100.00;790.00;1634.67;1654.67;2479.34;2158.68;3165.68;2857.35;2119.67;1489.67;870.00;1500.00;2079.34;994.67;2400.00;1174.67;0.00;0.00;320.00;0.00;320.00;310.00;0.00
1762817094.2206116;0.00;386.34;0.00;0.00;963.35;0.00;0.00;917.35;1104.67;578.68;0.00;0.00;0.00;240.00;144.67;0.00;1680.00;0.00;0.00;0.00;0.00;0.00;629.67;870.00;1100.00;790.00;1634.67;1964.67;2719.34;2398.68;3165.68;2857.35;2119.67;1489.67;870.00;1500.00;2079.34;994.67;2400.00;1174.67;0.00;0.00;320.00;0.00;320.00;310.00;0.00
1762817094.2211678;0.00;386.34;0.00;0.00;963.35;0.00;0.00;917.35;1104.67;578.68;0.00;0.00;0.00;240.00;144.67;0.00;1680.00;0.00;0.00;0.00;0.00;0.00;629.67;870.00;1100.00;790.00;1634.67;1964.67;2719.34;2398.68;3165.68;2857.35;2119.67;1489.67;870.00;1500.00;2079.34;994.67;2400.00;1174.67;0.00;0.00;320.00;0.00;320.00;310.00;0.00
1762817094.3538911;0.00;386.34;0.00;0.00;963.35;0.00;0.00;917.35;1344.67;578.68;0.00;0.00;0.00;240.00;144.67;0.00;1680.00;0.00;0.00;0.00;0.00;0.00;629.67;870.00;1100.00;790.00;1634.67;2274.67;2959.34;2638.68;3165.68;2857.35;2119.67;1489.67;870.00;1500.00;2079.34;994.67;2400.00;1174.67;0.00;0.00;320.00;0.00;320.00;310.00;0.00
1762817094.3544464;0.00;386.34;0.00;0.00;963.35;0.00;0.00;917.35;1344.67;578.68;0.00;0.00;0.00;240.00;144.67;0.00;1680.00;0.00;0.00;0.00;0.00;0.00;629.67;870.00;1100.00;790.00;1634.67;2274.67;2959.34;2638.68;3165.68;2857.35;2119.67;1489.67;870.00;1500.00;2079.34;994.67;2400.00;1174.67;0.00;0.00;320.00;0.00;320.00;310.00;0.00
1762817094.4095278;0.00;386.34;0.00;0.00;963.35;0.00;0.00;917.35;1584.67;578.68;0.00;0.00;0.00;240.00;144.67;0.00;1680.00;0.00;0.00;0.00;0.00;0.00;629.67;870.00;1100.00;790.00;1634.67;2584.67;3199.34;2878.68;3165.68;2857.35;2119.67;1489.67;870.00;1500.00;2079.34;994.67;2400.00;1174.67;0.00;0.00;640.00;0.00;320.00;310.00;0.00
1762817094.4100945;0.00;386.34;0.00;0.00;963.35;0.00;0.00;917.35;1584.67;578.68;0.00;0.00;0.00;240.00;144.67;0.00;1680.00;0.00;0.00;0.00;0.00;0.00;629.67;870.00;1100.00;790.00;1634.67;2584.67;3199.34;2878.68;3165.68;2857.35;2119.67;1489.67;870.00;1500.00;2079.34;994.67;2400.00;1174.67;0.00;0.00;640.00;0.00;320.00;310.00;0.00
